TradDt,BizDt,Sgmt,Src,FinInstrmTp,FinInstrmId,ISIN,TckrSymb,SctySrs,XpryDt,FininstrmActlXpryDt,StrkPric,OptnTp,FinInstrmNm,OpnPric,HghPric,LwPric,ClsPric,LastPric,PrvsClsgPric,UndrlygPric,SttlmPric,OpnIntrst,ChngInOpnIntrst,TtlTradgVol,TtlTrfVal,TtlNbOfTxsExctd,SsnId,NewBrdLotQty,Rmks,Rsvd1,Rsvd2,Rsvd3,Rsvd4
2026-08-25,2026-08-25,CM,NSE,STK,19078,IN0020200104,SGBJUN28,GB,,,,,2.5%GOLDBONDS2028SR-III,15910.0,15980.0,15900.0,15908.61,15905.0,15963.22,,15908.61,,,198,3153748.4,24,F1,1,,,,,
2026-08-25,2026-08-25,CM,NSE,STK,1342,IN0020200286,SGBN28VIII,GB,,,,,2.5%GOLDBONDS2028SR-VIII,16028.0,16028.0,15880.0,15950.0,15950.01,16028.0,,15950.0,,,88,1403664.27,25,F1,1,,,,,
2026-08-25,2026-08-25,CM,NSE,STK,3742,IN0020210053,SGBMAY29I,GB,,,,,2.5%GOLDBONDS2029SR-I,15991.0,16023.99,15860.0,15976.21,15975.0,15994.91,,15975.48,,,485,7726563.54,101,F1,1,,,,,
2026-08-25,2026-08-25,CM,NSE,STK,3743,IN0020210061,SGBJUN29II,GB,,,,,2.5%GOLDBONDS2029SR-II,15945.25,15993.2,15897.42,15939.64,15925.0,15993.22,,15936.42,,,239,3809455.54,41,F1,1,,,,,
2026-08-25,2026-08-25,CM,NSE,STK,3800,IN0020210087,SGBJU29III,GB,,,,,2.5%GOLDBONDS2029SR-III,15905.65,15999.0,15855.01,15920.35,15925.0,15985.57,,15921.35,,,173,2758385.97,45,F1,1,,,,,
2026-08-25,2026-08-25,CM,NSE,STK,5575,IN0020210145,SGBSEP29VI,GB,,,,,2.5%GOLDBONDS2029SR-VI,16101.0,16200.0,16100.0,16200.0,16200.0,16160.5,,16177.5,,,621,10037137.23,64,F1,1,,,,,
2026-08-25,2026-08-25,CM,NSE,STK,6518,IN0020210178,SGBNV29VII,GB,,,,,2.5%GOLDBONDS2029SR-VII,16000.0,16000.0,15919.01,15993.19,15999.0,16000.0,,15988.8,,,153,2444383.62,37,F1,1,,,,,
2026-08-25,2026-08-25,CM,NSE,STK,5960,IN0020180249,SGBOCT26,GB,,,,,2.50%GOLDBONDS2026SR-II,16005.0,16600.0,16005.0,16010.0,16010.0,16060.03,,16005.0,,,81,1299440.0,10,F1,1,,,,,
2026-08-25,2026-08-25,CM,NSE,STK,6355,IN0020180314,SGBNOV26,GB,,,,,2.50%GOLDBONDS2026SR-III,15850.01,15950.0,15850.0,15950.0,15950.0,15900.0,,15958.0,,,204,3234361.15,13,F1,1,,,,,
2026-08-25,2026-08-25,CM,NSE,STK,10261,IN0020190073,SGBJUN27,GB,,,,,2.50%GOLDBONDS2027SR-I,15905.01,15948.99,15850.09,15860.12,15860.12,15900.0,,15860.12,,,22,349400.64,12,F1,1,,,,,
2026-08-25,2026-08-25,CM,NSE,STK,11154,IN0020190081,SGBJUL27,GB,,,,,2.50%GOLDBONDS2027SR-II,16017.0,16017.0,16017.0,16017.0,16017.0,15892.22,,15863.5,,,70,1121190.0,1,F1,1,,,,,
2026-08-25,2026-08-25,CM,NSE,STK,12904,IN0020190107,SGBAUG27,GB,,,,,2.50%GOLDBONDS2027SR-III,15945.0,16021.65,15910.0,15940.28,15911.0,15945.0,,15940.62,,,26,414508.74,10,F1,1,,,,,
2026-08-25,2026-08-25,CM,NSE,STK,13209,IN0020190115,SGBSEP27,GB,,,,,2.50%GOLDBONDS2027SR-IV,16051.0,16479.98,16051.0,16479.98,16479.98,16175.0,,16479.98,,,31,499510.98,7,F1,1,,,,,
2026-08-25,2026-08-25,CM,NSE,STK,8308,IN0020180462,SGBJAN27,GB,,,,,2.50%GOLDBONDS2027SR-V,15815.25,15973.98,15815.25,15973.98,15973.98,15948.0,,15909.62,,,6,95208.96,4,F1,1,,,,,
2026-08-25,2026-08-25,CM,NSE,STK,13981,IN0020190370,SGBOCT27,GB,,,,,2.50%GOLDBONDS2027SR-V,16005.0,16880.0,16005.0,16880.0,16880.0,16060.0,,16880.0,,,29,465830.0,3,F1,1,,,,,
2026-08-25,2026-08-25,CM,NSE,STK,8766,IN0020180561,SGBFEB27,GB,,,,,2.50%GOLDBONDS2027SR-VI,15899.0,15990.0,15899.0,15990.0,15990.0,15899.0,,15949.8,,,7,111463.49,3,F1,1,,,,,
2026-08-25,2026-08-25,CM,NSE,STK,14252,IN0020190388,SGBOCT27VI,GB,,,,,2.50%GOLDBONDS2027SR-VI,16050.0,16139.99,16050.0,16139.99,16139.99,16130.25,,16139.99,,,5,80339.99,3,F1,1,,,,,
2026-08-25,2026-08-25,CM,NSE,STK,15432,IN0020190461,SGBDC27VII,GB,,,,,2.50%GOLDBONDS2027SR-VII,16045.0,16045.0,15816.0,16025.0,16025.0,16010.0,,16040.0,,,13,207366.51,11,F1,1,,,,,
2026-08-25,2026-08-25,CM,NSE,STK,18862,IN0020200062,SGBAPR28I,GB,,,,,2.50%GOLDBONDS2028SR-I,16059.86,16273.99,16005.0,16053.2,16052.0,16059.86,,16054.9,,,347,5567130.15,52,F1,1,,,,,
2026-08-25,2026-08-25,CM,NSE,STK,18972,IN0020200088,SGBMAY28,GB,,,,,2.50%GOLDBONDS2028SR-II,15950.0,15989.96,15900.01,15974.94,15974.93,15971.54,,15974.94,,,75,1197526.3,21,F1,1,,,,,
2026-08-25,2026-08-25,CM,NSE,STK,22242,IN0020200146,SGBJUL28IV,GB,,,,,2.50%GOLDBONDS2028SR-IV,15940.01,15945.0,15857.0,15944.0,15944.0,15937.31,,15944.0,,,77,1226943.27,33,F1,1,,,,,
2026-08-25,2026-08-25,CM,NSE,STK,17664,IN0020190545,SGBFEB28IX,GB,,,,,2.50%GOLDBONDS2028SR-IX,15921.0,16284.85,15920.0,15920.0,15920.0,15918.57,,15935.0,,,24,383797.82,8,F1,1,,,,,
2026-08-25,2026-08-25,CM,NSE,STK,22385,IN0020200161,SGBAUG28V,GB,,,,,2.50%GOLDBONDS2028SR-V,15955.01,15960.0,15871.01,15919.14,15925.0,15947.59,,15904.64,,,1020,16238796.16,196,F1,1,,,,,
2026-08-25,2026-08-25,CM,NSE,STK,149,IN0020200195,SGBSEP28VI,GB,,,,,2.50%GOLDBONDS2028SR-VI,16062.0,16169.9,16062.0,16140.63,16153.1,16176.07,,16140.63,,,242,3905768.98,45,F1,1,,,,,
2026-08-25,2026-08-25,CM,NSE,STK,834,IN0020200203,SGBOC28VII,GB,,,,,2.50%GOLDBONDS2028SR-VII,16110.0,16110.0,16005.0,16018.4,16010.0,16053.45,,16018.4,,,489,7838929.5,23,F1,1,,,,,
2026-08-25,2026-08-25,CM,NSE,STK,17110,IN0020190537,SGBJ28VIII,GB,,,,,2.50%GOLDBONDS2028SR-VIII,15830.0,16048.93,15830.0,16048.93,16048.93,15830.0,,15954.47,,,3,47927.86,2,F1,1,,,,,
2026-08-25,2026-08-25,CM,NSE,STK,18451,IN0020190552,SGBMAR28X,GB,,,,,2.50%GOLDBONDS2028SR-X,16051.0,16100.0,16051.0,16100.0,16100.0,16200.0,,16100.0,,,17,272916.0,2,F1,1,,,,,
2026-08-25,2026-08-25,CM,NSE,STK,5113,IN0020210111,SGBJUL29IV,GB,,,,,2.50%GOLDBONDS2029SR-IV,15904.28,15980.01,15810.01,15918.17,15903.0,15952.13,,15911.88,,,707,11250855.69,95,F1,1,,,,,
2026-08-25,2026-08-25,CM,NSE,STK,1920,IN0020200377,SGBJAN29IX,GB,,,,,2.50%GOLDBONDS2029SR-IX,15950.6,15980.0,15880.0,15930.0,15930.0,15950.6,,15930.0,,,162,2582796.68,22,F1,1,,,,,
2026-08-25,2026-08-25,CM,NSE,STK,5455,IN0020210129,SGBAUG29V,GB,,,,,2.50%GOLDBONDS2029SR-V,15946.15,16036.99,15832.0,16020.19,16036.99,15994.13,,15999.55,,,173,2759178.75,62,F1,1,,,,,
2026-08-25,2026-08-25,CM,NSE,STK,7098,IN0020210228,SGBD29VIII,GB,,,,,2.50%GOLDBONDS2029SR-VIII,15950.01,16039.7,15880.0,15955.39,16039.7,15950.0,,15943.48,,,238,3792248.89,70,F1,1,,,,,
2026-08-25,2026-08-25,CM,NSE,STK,2003,IN0020200385,SGBJAN29X,GB,,,,,2.50%GOLDBONDS2029SR-X,15940.0,15999.0,15860.01,15933.16,15933.15,15943.33,,15918.95,,,57,908015.38,33,F1,1,,,,,
2026-08-25,2026-08-25,CM,NSE,STK,2200,IN0020200393,SGBFEB29XI,GB,,,,,2.50%GOLDBONDS2029SR-XI,15900.0,15967.0,15860.0,15956.16,15938.0,15937.57,,15956.16,,,195,3103603.99,32,F1,1,,,,,
2026-08-25,2026-08-25,CM,NSE,STK,2810,IN0020200427,SGBMR29XII,GB,,,,,2.50%GOLDBONDS2029SR-XII,16101.35,16237.99,16050.0,16105.0,16105.0,16149.79,,16092.0,,,867,13968107.87,67,F1,1,,,,,
2026-08-25,2026-08-25,CM,NSE,STK,10232,IN0020220045,SGBJUN30,GB,,,,,2.50%GOLDBONDS2030SR-I,16104.91,16104.91,15916.05,16013.43,16014.0,16088.92,,16013.43,,,189,3016785.89,74,F1,1,,,,,
2026-08-25,2026-08-25,CM,NSE,STK,11192,IN0020220078,SGBAUG30,GB,,,,,2.50%GOLDBONDS2030SR-II,16151.25,16160.01,16041.0,16046.02,16044.0,16151.25,,16046.47,,,203,3269598.87,70,F1,1,,,,,
2026-08-25,2026-08-25,CM,NSE,STK,13642,IN0020220110,SGBDE30III,GB,,,,,2.50%GOLDBONDS2030SR-III,16179.99,16179.99,16001.02,16066.45,16074.99,16044.21,,16055.58,,,225,3612870.15,51,F1,1,,,,,
2026-08-25,2026-08-25,CM,NSE,STK,7879,IN0020210236,SGBJAN30IX,GB,,,,,2.50%GOLDBONDS2030SR-IX,15955.02,16099.96,15875.23,15973.13,15992.11,16041.62,,15969.83,,,88,1403742.74,40,F1,1,,,,,
2026-08-25,2026-08-25,CM,NSE,STK,8401,IN0020210319,SGBMAR30X,GB,,,,,2.50%GOLDBONDS2030SR-X,15954.0,16099.99,15930.09,16005.7,16000.0,16047.0,,16005.7,,,364,5831437.31,48,F1,1,,,,,
2026-08-25,2026-08-25,CM,NSE,STK,17202,IN0020230069,SGBJUN31I,GB,,,,,2.50%GOLDBONDS2031SR-I,16175.0,16199.01,16051.02,16123.58,16095.5,16181.33,,16100.61,,,524,8469114.79,117,F1,1,,,,,
2026-08-25,2026-08-25,CM,NSE,STK,19456,IN0020230093,SGBSEP31II,GB,,,,,2.50%GOLDBONDS2031SR-II,16265.01,16292.99,16180.11,16203.54,16209.99,16261.94,,16199.82,,,563,9126220.54,143,F1,1,,,,,
2026-08-25,2026-08-25,CM,NSE,STK,22476,IN0020230168,SGBDE31III,GB,,,,,2.50%GOLDBONDS2031SR-III,16300.0,16339.0,16152.91,16185.3,16176.0,16280.14,,16184.43,,,1226,19913674.18,281,F1,1,,,,,
2026-08-25,2026-08-25,CM,NSE,STK,14598,IN0020220169,SGBMAR31IV,GB,,,,,2.50%GOLDBONDS2031SR-IV,16369.97,16369.97,16170.0,16173.75,16170.0,16170.0,,16170.35,,,53,858065.2,21,F1,1,,,,,
2026-08-25,2026-08-25,CM,NSE,STK,22886,IN0020230184,SGBFEB32IV,GB,,,,,2.50%GOLDBONDS2032SR-IV,16499.0,16836.57,16251.01,16327.42,16305.0,16425.93,,16330.37,,,3030,49528555.98,545,F1,1,,,,,
2026-08-25,2026-08-25,CM,NSE,STK,16921,INE144J01027,20MICRONS,EQ,,,,,20 MICRONS LTD,215.2,215.9,208.0,210.65,213.0,213.26,,210.65,,,149537,31599755.2,3811,F1,1,,,,,
2026-08-25,2026-08-25,CM,NSE,STK,4,INE253B01015,21STCENMGM,EQ,,,,,21ST CENTURY MGMT SERVICE,43.97,44.62,43.15,43.17,43.15,43.97,,43.17,,,4222,183627.05,44,F1,1,,,,,
2026-08-25,2026-08-25,CM,NSE,STK,13061,INE466L01038,360ONE,EQ,,,,,360 ONE WAM LIMITED,1191.2,1210.0,1186.4,1210.0,1210.0,1189.8,,1209.95,,,539607,647517215.8,29688,F1,1,,,,,
2026-08-25,2026-08-25,CM,NSE,STK,30105,INF579M01BB5,GOLD360,EQ,,,,,360ONEAMC - GOLD360,158.2,158.2,156.15,156.45,156.3,157.05,,156.38,,,129924,20447999.05,677,F1,1,,,,,
2026-08-25,2026-08-25,CM,NSE,STK,763602,INF579M01BP5,MSCI360,EQ,,,,,360ONEAMC - MSCI360,10.77,10.77,10.18,10.31,10.3,11.59,,10.31,,,126047,1292075.08,357,F1,1,,,,,
2026-08-25,2026-08-25,CM,NSE,STK,756150,INF579M01BC3,SILVER360,EQ,,,,,360ONEAMC - SILVER360,236.0,239.5,234.56,235.94,236.15,238.22,,235.91,,,88364,20954473.02,843,F1,1,,,,,
2026-08-25,2026-08-25,CM,NSE,STK,762518,INE994E01018,3BBLACKBIO,EQ,,,,,3B BLACKBIO DX LTD.,1261.5,1279.0,1230.1,1262.4,1249.0,1261.6,,1262.36,,,11001,13800688.2,1367,F1,1,,,,,
2026-08-25,2026-08-25,CM,NSE,STK,6240,INE748C01038,3IINFOLTD,BE,,,,,3I INFOTECH LIMITED,25.0,25.0,23.51,23.98,24.0,24.52,,23.98,,,421670,10232718.91,1038,F1,1,,,,,
2026-08-25,2026-08-25,CM,NSE,STK,474,INE470A01017,3MINDIA,EQ,,,,,3M INDIA LIMITED,33800.0,33990.0,33400.0,33695.0,33610.0,33885.0,,33695.55,,,1288,43309365.0,776,F1,1,,,,,
2026-08-25,2026-08-25,CM,NSE,STK,2595,INE105C01023,3PLAND,EQ,,,,,3P LAND HOLDINGS LIMITED,32.2,32.2,31.53,31.99,31.99,31.73,,31.99,,,2281,72325.56,24,F1,1,,,,,
2026-08-25,2026-08-25,CM,NSE,STK,445,INE618L01018,5PAISA,EQ,,,,,5PAISA CAPITAL LIMITED,374.8,383.0,369.2,380.65,381.9,374.8,,380.64,,,30476,11534458.8,1762,F1,1,,,,,
2026-08-25,2026-08-25,CM,NSE,STK,11868,INE111B01023,63MOONS,EQ,,,,,63 MOONS TECHNOLOGIES LTD,799.55,822.0,780.0,782.75,780.15,800.25,,782.77,,,227133,181434131.4,8634,F1,1,,,,,
2026-08-25,2026-08-25,CM,NSE,STK,20052,INE787H07156,740IIFCL33,N1,,,,,7.40% TAX FREETRI SRIII,1151.0,1151.0,1151.0,1151.0,1151.0,1148.09,,1151.0,,,199,229049.0,1,F1,1,,,,,
2026-08-25,2026-08-25,CM,NSE,STK,29312,INE031A07865,751HUDCO28,N5,,,,,7.51 NCD 16FEB28 TR1 SR2,1066.05,1066.05,1066.0,1066.0,1066.0,1066.0,,1065.57,,,51,54366.05,3,F1,1,,,,,
2026-08-25,2026-08-25,CM,NSE,STK,19928,INE031A07AO5,764HUDCO31,N8,,,,,7.64% TAX FREETRI SR2B,1120.0,1120.0,1120.0,1120.0,1120.0,1126.0,,1120.0,,,32,35840.0,1,F1,1,,,,,
2026-08-25,2026-08-25,CM,NSE,STK,19930,INE031A07AT4,769HUDCO31,N9,,,,,7.69% TAX FREETRII SR2B,1135.0,1139.9,1132.25,1139.9,1139.9,1132.01,,1139.9,,,1224,1391111.54,19,F1,1,,,,,
2026-08-25,2026-08-25,CM,NSE,STK,31240,INE031A07840,82HUDCO27,N2,,,,,8.20 NCD05MAR27 FV 1000,1050.1,1050.1,1048.0,1048.28,1049.0,1050.1,,1048.28,,,2114,2217236.48,36,F1,1,,,,,
2026-08-25,2026-08-25,CM,NSE,STK,20022,INE134E07208,830PFCL27,N5,,,,,8.30% TAX FREE NCD,1080.5,1080.5,1079.01,1080.05,1080.05,1080.0,,1080.05,,,2504,2704205.93,10,F1,1,,,,,
2026-08-25,2026-08-25,CM,NSE,STK,186,INE906B07DE1,850NHAI29,N5,,,,,8.50% TAX FREE TR I S IIA,1105.0,1105.0,1105.0,1105.0,1105.0,1103.05,,1105.0,,,118,130390.0,1,F1,1,,,,,
2026-08-25,2026-08-25,CM,NSE,STK,192,INE906B07DF8,875NHAI29,N6,,,,,8.75% TAX FREE TR I S IIB,1083.51,1119.0,1083.51,1109.58,1109.51,1111.3,,1109.58,,,478,530275.66,30,F1,1,,,,,
2026-08-25,2026-08-25,CM,NSE,STK,19968,INE031A07949,876HUDCO28,ND,,,,,8.76% TAX FREETRI SR2B,1136.0,1136.0,1133.9,1134.06,1133.9,1135.51,,1134.02,,,1635,1855583.0,11,F1,1,,,,,
2026-08-25,2026-08-25,CM,NSE,STK,31486,INE848E07559,879NHPC28,N5,,,,,8.79% SEC RED BOND S2B,1098.0,1098.0,1098.0,1098.0,1098.0,1131.99,,1098.0,,,100,109800.0,1,F1,1,,,,,
2026-08-25,2026-08-25,CM,NSE,STK,20058,INE787H07370,891IIFCL34,N4,,,,,8.91% TAX FREE NCD,1260.0,1269.8,1260.0,1269.8,1269.8,1260.0,,1269.8,,,1010,1272698.0,11,F1,1,,,,,
2026-08-25,2026-08-25,CM,NSE,STK,31768,INE733E07JJ9,891NTPC33,N6,,,,,8.91%S-R-NCD SERIES 3B,1278.0,1278.0,1270.0,1270.0,1270.0,1278.0,,1270.0,,,458,583319.0,5,F1,1,,,,,
2026-08-25,2026-08-25,CM,NSE,STK,31487,INE848E07567,892NHPC33,N6,,,,,8.92% SEC RED BOND S3B,1240.72,1240.72,1240.72,1240.72,1240.72,1240.3,,1240.72,,,300,372216.0,1,F1,1,,,,,
2026-08-25,2026-08-25,CM,NSE,STK,20028,INE134E07463,892PFCL33,N8,,,,,8.92% TAX FREE NCD,1279.5,1281.95,1279.0,1281.95,1281.95,1279.4,,1281.98,,,1262,1614965.46,18,F1,1,,,,,
2026-08-25,2026-08-25,CM,NSE,STK,759130,INE08PH01015,ABCOTS,EQ,,,,,A B COTSPIN INDIA LIMITED,212.0,212.0,200.1,204.6,205.9,208.43,,204.72,,,6782,1392727.93,326,F1,1,,,,,
2026-08-25,2026-08-25,CM,NSE,STK,27016,INE00YB01025,ABINFRA,BE,,,,,A B INFRABUILD LIMITED,12.99,12.99,12.3,12.57,12.3,12.94,,12.57,,,2369281,29801171.13,921,F1,1,,,,,
2026-08-25,2026-08-25,CM,NSE,STK,762528,INE850B01026,ABMKNO,EQ,,,,,A B M KNOWLEDGEWARE LTD.,188.0,197.0,183.0,192.24,196.49,188.15,,192.21,,,1014,194503.01,24,F1,1,,,,,
2026-08-25,2026-08-25,CM,NSE,STK,762533,INE366C01021,ACSTECH,EQ,,,,,A C S TECHNOLOGIES LTD.,52.49,52.49,50.5,50.96,51.0,51.39,,50.96,,,283434,14514537.89,1435,F1,1,,,,,
2026-08-25,2026-08-25,CM,NSE,STK,15147,INE0O6N01012,AGUL,SM,,,,,A G UNIVERSAL LIMITED,51.0,51.0,51.0,51.0,51.0,53.65,,51.0,,,4000,204000.0,2,F1,2000,,,,,
2026-08-25,2026-08-25,CM,NSE,STK,762538,INE701G01012,AKCAPIT,EQ,,,,,A K CAPITAL SERVICES LTD.,1780.0,1780.0,1743.8,1752.8,1752.1,1758.5,,1747.75,,,284,498955.0,62,F1,1,,,,,
2026-08-25,2026-08-25,CM,NSE,STK,20906,INE619I01012,A2ZINFRA,EQ,,,,,A2Z INFRA ENGINEERING LTD,16.07,16.38,15.85,15.97,16.06,16.07,,15.97,,,368912,5935926.63,392,F1,1,,,,,
2026-08-25,2026-08-25,CM,NSE,STK,12533,INE0D0U01013,AAATECH,EQ,,,,,AAA TECHNOLOGIES LIMITED,95.0,95.98,91.1,92.04,93.35,95.0,,92.04,,,11730,1090287.99,307,F1,1,,,,,
2026-08-25,2026-08-25,CM,NSE,STK,23729,INE883F01010,AADHARHFC,EQ,,,,,AADHAR HOUSING FINANCE L,466.45,477.85,465.0,475.0,474.15,466.45,,474.99,,,541218,256772071.85,22781,F1,1,,,,,
2026-08-25,2026-08-25,CM,NSE,STK,757579,INE1GYP01013,AAKAAR,SM,,,,,AAKAAR MEDICAL TECHNO LTD,64.9,65.1,63.0,63.0,63.0,62.0,,63.0,,,30400,1947440.0,12,F1,1600,,,,,
2026-08-25,2026-08-25,CM,NSE,STK,235,INE087Z01024,AAKASH,EQ,,,,,AAKASH EXPLORATION SER L,8.85,8.96,8.66,8.8,8.8,8.77,,8.8,,,93840,827094.58,239,F1,1,,,,,
2026-08-25,2026-08-25,CM,NSE,STK,758120,INE124401014,AARADHYA,SM,,,,,AARADHYA DISPOSAL INDUS L,64.6,68.15,64.2,66.25,64.2,69.95,,66.25,,,4800,318120.0,3,F1,1200,,,,,
2026-08-25,2026-08-25,CM,NSE,STK,5245,INE198H01019,AAREYDRUGS,EQ,,,,,AAREY DRUGS & PHARM LTD,78.11,78.83,74.6,76.91,76.0,78.1,,76.91,,,111186,8557917.79,678,F1,1,,,,,
2026-08-25,2026-08-25,CM,NSE,STK,761824,INE750R01016,AARNAV,BE,,,,,AARNAV FASHIONS LIMITED,32.01,34.0,31.56,33.26,34.0,32.63,,33.26,,,12167,395000.66,70,F1,1,,,,,
2026-08-25,2026-08-25,CM,NSE,STK,1030,INE721Z01010,AARON,EQ,,,,,AARON INDUSTRIES LIMITED,139.0,139.38,137.61,138.98,139.0,137.18,,138.98,,,6874,951784.28,195,F1,1,,,,,
2026-08-25,2026-08-25,CM,NSE,STK,17164,INE01C001026,AARTECH,BE,,,,,AARTECH SOLONICS LIMITED,47.4,47.95,46.7,47.1,47.28,47.45,,47.11,,,22746,1075631.51,137,F1,1,,,,,
2026-08-25,2026-08-25,CM,NSE,STK,4481,INE767A01016,AARTIDRUGS,EQ,,,,,AARTI DRUGS LTD.,423.0,426.45,415.8,422.2,420.4,421.05,,422.17,,,119365,50263967.7,3954,F1,1,,,,,
2026-08-25,2026-08-25,CM,NSE,STK,7,INE769A01020,AARTIIND,EQ,,,,,AARTI INDUSTRIES LTD,543.15,551.75,534.2,538.9,538.25,543.15,,538.9,,,1301000,705387301.45,31823,F1,1,,,,,
2026-08-25,2026-08-25,CM,NSE,STK,13868,INE0LRU01027,AARTIPHARM,EQ,,,,,AARTI PHARMALABS LIMITED,844.0,851.2,826.6,834.95,830.0,843.15,,834.95,,,387475,325444135.35,15325,F1,1,,,,,
2026-08-25,2026-08-25,CM,NSE,STK,19263,INE09EO01013,AARTISURF,BE,,,,,AARTI SURFACTANTS LIMITED,539.95,560.0,521.55,548.9,552.5,544.35,,549.51,,,17886,9721819.65,479,F1,1,,,,,
2026-08-25,2026-08-25,CM,NSE,STK,19073,INE754X01016,AARVI,EQ,,,,,AARVI ENCON LIMITED,152.71,153.54,147.55,150.76,151.98,152.71,,150.75,,,31722,4796448.2,620,F1,1,,,,,
2026-08-25,2026-08-25,CM,NSE,STK,763800,INE2FMX01012,AASTHA,EQ,,,,,AASTHA SPINTEX LIMITED,73.02,75.0,73.0,73.05,73.15,73.01,,73.05,,,312284,23011157.8,1834,F1,1,,,,,
2026-08-25,2026-08-25,CM,NSE,STK,5385,INE216P01012,AAVAS,EQ,,,,,AAVAS FINANCIERS LIMITED,1329.8,1334.9,1310.1,1313.2,1312.4,1336.3,,1313.21,,,92050,121403370.2,10420,F1,1,,,,,
2026-08-25,2026-08-25,CM,NSE,STK,7759,INE421A01028,ABAN,BE,,,,,ABAN OFFSHORE LTD.,16.1,16.1,16.06,16.06,16.06,16.38,,16.0,,,6338,101789.48,43,F1,1,,,,,
2026-08-25,2026-08-25,CM,NSE,STK,762523,INE365O01028,ABANSENT,EQ,,,,,ABANS ENTERPRISES LTD.,27.55,27.9,26.8,27.62,27.4,27.55,,27.55,,,1769,48974.56,178,F1,1,,,,,
2026-08-25,2026-08-25,CM,NSE,STK,13288,INE00ZE01026,AFSL,EQ,,,,,ABANS FINANCIAL SRVCS LTD,201.96,202.66,201.0,201.0,201.0,201.01,,201.0,,,6605,1328671.47,91,F1,1,,,,,
2026-08-25,2026-08-25,CM,NSE,STK,13,INE117A01022,ABB,EQ,,,,,ABB INDIA LIMITED,7510.0,7627.0,7435.0,7627.0,7627.0,7504.0,,7628.27,,,178245,1343548948.0,22185,F1,1,,,,,
2026-08-25,2026-08-25,CM,NSE,STK,17903,INE358A01014,ABBOTINDIA,EQ,,,,,ABBOTT INDIA LIMITED,26550.0,26560.0,26180.0,26415.0,26510.0,26420.0,,26415.16,,,10984,289978880.0,3207,F1,1,,,,,
2026-08-25,2026-08-25,CM,NSE,STK,755940,INE860H07IP2,78ABCL33,N1,,,,,ABCL 7.8% SR V,1055.0,1055.0,1055.0,1055.0,1055.0,1010.0,,1055.0,,,80,84400.0,2,F1,1,,,,,
2026-08-25,2026-08-25,CM,NSE,STK,27284,INE0UYG01015,ABHAPOWER,SM,,,,,ABHA POWER N STEEL LTD,24.0,24.0,24.0,24.0,24.0,24.6,,24.0,,,1600,38400.0,1,F1,1600,,,,,
2026-08-25,2026-08-25,CM,NSE,STK,5551,INE251C01025,ABMINTLLTD,BE,,,,,ABM INTERNATIONAL LTD,56.0,60.99,55.46,60.49,60.49,58.37,,60.49,,,1969,110472.84,55,F1,1,,,,,
2026-08-25,2026-08-25,CM,NSE,STK,23786,INE0QRV01016,ABSMARINE,ST,,,,,ABS MARINE SERVICES LTD,271.9,272.8,270.95,272.8,272.8,259.85,,272.8,,,101000,27543625.0,135,F1,500,,,,,
2026-08-25,2026-08-25,CM,NSE,STK,22,INE012A01025,ACC,EQ,,,,,ACC LIMITED,1301.1,1310.0,1291.0,1305.9,1307.6,1300.9,,1305.89,,,73952,95963067.5,6346,F1,1,,,,,
2026-08-25,2026-08-25,CM,NSE,STK,7053,INE793A01012,ACCELYA,EQ,,,,,ACCELYA SOLN INDIA LTD,1137.1,1142.7,1130.0,1134.8,1136.0,1137.1,,1134.69,,,2637,2990370.6,444,F1,1,,,,,
2026-08-25,2026-08-25,CM,NSE,STK,20488,INE0Q5D01013,ACCENTMIC,SM,,,,,ACCENT MICROCELL LIMITED,590.05,595.95,587.25,592.0,592.95,590.05,,592.0,,,28500,16861600.0,49,F1,500,,,,,
2026-08-25,2026-08-25,CM,NSE,STK,757024,INE0T8T01010,ACCPL,ST,,,,,ACCRETION PHARMA LIMITED,193.05,196.0,191.0,192.0,192.0,200.0,,192.0,,,32400,6255900.0,13,F1,1200,,,,,
2026-08-25,2026-08-25,CM,NSE,STK,1472,INE648Z01023,ACCURACY,BE,,,,,ACCURACY SHIPPING LIMITED,4.51,4.51,4.45,4.5,4.5,4.54,,4.5,,,61696,277363.13,171,F1,1,,,,,
2026-08-25,2026-08-25,CM,NSE,STK,11779,INE543V01017,ACEINTEG,EQ,,,,,ACE INTEGRATED SOLU. LTD.,17.81,18.63,16.98,17.21,17.02,17.81,,17.21,,,11753,202429.39,150,F1,1,,,,,
2026-08-25,2026-08-25,CM,NSE,STK,761112,INE1J6M01010,ACETEC,SM,,,,,ACETECH E-COMMERCE LTD,129.0,129.0,129.0,129.0,129.0,127.05,,129.0,,,38400,4953600.0,1,F1,1200,,,,,
2026-08-25,2026-08-25,CM,NSE,STK,27061,INE622W01025,ACMESOLAR,EQ,,,,,ACME SOLAR HOLDINGS LTD,404.0,405.85,389.8,399.3,398.0,409.15,,399.3,,,1881116,748956470.25,41485,F1,1,,,,,
2026-08-25,2026-08-25,CM,NSE,STK,13587,INE731H01025,ACE,EQ,,,,,ACTION CONST EQUIP LTD,1172.6,1179.0,1150.1,1154.8,1155.0,1167.2,,1154.78,,,166212,192572107.7,11746,F1,1,,,,,
2026-08-25,2026-08-25,CM,NSE,STK,5578,INE00FF01025,ACUTAAS,EQ,,,,,ACUTAAS CHEMICALS LIMITED,3189.9,3325.0,3138.0,3313.4,3301.0,3173.0,,3313.31,,,409528,1328436072.4,33836,F1,1,,,,,
2026-08-25,2026-08-25,CM,NSE,STK,10217,INE931S01010,ADANIENSOL,EQ,,,,,ADANI ENERGY SOLUTION LTD,1554.9,1594.5,1532.0,1594.5,1594.5,1555.1,,1594.36,,,2043772,3192505055.9,43009,F1,1,,,,,
2026-08-25,2026-08-25,CM,NSE,STK,25,INE423A01024,ADANIENT,EQ,,,,,ADANI ENTERPRISES LIMITED,2998.0,3110.0,2962.5,3110.0,3110.0,2998.6,,3109.92,,,2025912,6156702115.6,80743,F1,1,,,,,
2026-08-25,2026-08-25,CM,NSE,STK,3563,INE364U01010,ADANIGREEN,EQ,,,,,ADANI GREEN ENERGY LTD,1294.8,1330.0,1294.8,1330.0,1330.0,1308.0,,1329.86,,,2436191,3214902757.0,45190,F1,1,,,,,
2026-08-25,2026-08-25,CM,NSE,STK,15083,INE742F01042,ADANIPORTS,EQ,,,,,ADANI PORT & SEZ LTD,1674.0,1702.7,1671.0,1702.7,1702.7,1672.1,,1702.65,,,1300541,2191154171.2,40873,F1,1,,,,,
2026-08-25,2026-08-25,CM,NSE,STK,17388,INE814H01029,ADANIPOWER,EQ,,,,,ADANI POWER LTD,203.06,206.8,201.43,206.33,206.33,203.7,,206.33,,,14258939,2915934527.05,73076,F1,1,,,,,
2026-08-25,2026-08-25,CM,NSE,STK,6066,INE399L01023,ATGL,EQ,,,,,ADANI TOTAL GAS LIMITED,639.6,644.95,635.45,640.25,644.1,639.6,,640.33,,,483227,308635982.1,14553,F1,1,,,,,
2026-08-25,2026-08-25,CM,NSE,STK,764563,INE757C01021,ADDIND,EQ,,,,,ADDI INDUSTRIES LTD.,93.99,93.99,82.5,86.89,82.5,86.36,,86.11,,,1138,99340.83,30,F1,1,,,,,
2026-08-25,2026-08-25,CM,NSE,STK,22468,INE0RDH01021,ADDICTIVE,SM,,,,,ADDICTIVE LEARNING TECH L,51.3,51.3,46.5,46.6,46.5,48.9,,46.6,,,13000,636000.0,25,F1,500,,,,,
2026-08-25,2026-08-25,CM,NSE,STK,19761,INE982B01027,ADFFOODS,EQ,,,,,ADF FOODS LIMITED,272.6,283.25,268.2,276.7,276.0,272.6,,276.7,,,161203,44607268.45,5774,F1,1,,,,,
2026-08-25,2026-08-25,CM,NSE,STK,763156,INE20PL01012,ADISOFT,SM,,,,,ADISOFT TECHNOLOGIES LTD,195.8,202.4,195.8,199.4,197.75,195.85,,199.4,,,32800,6545000.0,39,F1,800,,,,,
2026-08-25,2026-08-25,CM,NSE,STK,6018,INE404A01024,ABSLAMC,EQ,,,,,ADIT BIRL SUN LIF AMC LTD,992.6,1007.0,992.6,1001.8,1006.8,998.7,,1001.82,,,121089,121087773.7,16297,F1,1,,,,,
2026-08-25,2026-08-25,CM,NSE,STK,21614,INE674K01013,ABCAPITAL,EQ,,,,,ADITYA BIRLA CAPITAL LTD.,412.2,414.5,405.3,410.85,410.85,412.9,,410.83,,,3953527,1615054317.85,24004,F1,1,,,,,
2026-08-25,2026-08-25,CM,NSE,STK,30108,INE647O01011,ABFRL,EQ,,,,,ADITYA BIRLA FASHION & RT,54.34,54.64,53.55,54.48,54.55,53.95,,54.48,,,2967447,160359430.86,12338,F1,1,,,,,
2026-08-25,2026-08-25,CM,NSE,STK,756843,INE14LE01019,ABLBL,EQ,,,,,ADITYA BIRLA LIFES BRAN L,85.15,86.0,84.95,85.44,85.58,85.13,,85.44,,,358997,30609339.7,5289,F1,1,,,,,
2026-08-25,2026-08-25,CM,NSE,STK,15239,INE865C01022,BIRLAMONEY,EQ,,,,,ADITYA BIRLA MONEY LTD,127.95,128.19,125.18,127.3,127.0,126.31,,127.31,,,23814,3017797.78,752,F1,1,,,,,
2026-08-25,2026-08-25,CM,NSE,STK,625,INE055A01016,ABREL,EQ,,,,,ADITYA BIRLA REAL EST LTD,1425.0,1434.4,1401.1,1408.0,1406.1,1429.8,,1407.97,,,118346,167374942.2,10092,F1,1,,,,,
2026-08-25,2026-08-25,CM,NSE,STK,758858,INE819V01029,CPPLUS,EQ,,,,,ADITYA INFOTECH LIMITED,3434.8,3455.0,3330.1,3393.5,3385.1,3419.5,,3393.53,,,219200,739998770.1,32010,F1,1,,,,,
2026-08-25,2026-08-25,CM,NSE,STK,25984,INE679V01027,AVL,EQ,,,,,ADITYA VISION LIMITED,585.0,587.0,573.0,574.9,573.1,588.5,,574.9,,,178965,103456044.4,11122,F1,1,,,,,
2026-08-25,2026-08-25,CM,NSE,STK,23804,INF209KB18D3,BSLGOLDETF,EQ,,,,,ADITYBIRLA SL GOLD ETF-GR,141.35,141.95,140.82,141.41,141.5,141.38,,141.41,,,2482465,351135200.36,3162,F1,1,,,,,
2026-08-25,2026-08-25,CM,NSE,STK,24781,INF209KB19D1,BSLNIFTY,EQ,,,,,ADITYBIRLA SL NIF ETF-GR,29.12,29.12,28.28,28.54,28.45,28.41,,28.54,,,786598,22429562.98,4375,F1,1,,,,,
2026-08-25,2026-08-25,CM,NSE,STK,34,INE045A01017,ADOR,EQ,,,,,ADOR WELDING LTD,1625.0,1625.0,1556.1,1580.4,1565.2,1625.4,,1580.4,,,29717,47017981.4,3450,F1,1,,,,,
2026-08-25,2026-08-25,CM,NSE,STK,4953,INE737B01033,ADROITINFO,EQ,,,,,ADROIT INFOTECH LIMITED,10.79,10.79,10.01,10.1,10.06,10.33,,10.12,,,10061,103521.03,147,F1,1,,,,,
2026-08-25,2026-08-25,CM,NSE,STK,760657,INE0ALI01010,ADVAIT,EQ,,,,,ADVAIT ENRGY TRANSITION L,2085.7,2085.7,2053.0,2061.6,2069.9,2069.1,,2061.79,,,18526,38240931.0,2960,F1,1,,,,,
2026-08-25,2026-08-25,CM,NSE,STK,759402,INE1B0W01010,ADVANCE,EQ,,,,,ADVANCE AGROLIFE LIMITED,117.21,120.5,117.21,119.19,120.0,118.0,,119.24,,,127445,15197613.53,1715,F1,1,,,,,
2026-08-25,2026-08-25,CM,NSE,STK,18039,INE837H01020,ADVENZYMES,EQ,,,,,ADVANCED ENZYME TECH LTD,302.35,304.9,296.1,299.75,299.05,302.35,,299.75,,,215361,64993158.6,3915,F1,1,,,,,
2026-08-25,2026-08-25,CM,NSE,STK,14745,INE199C01026,ADVANIHOTR,EQ,,,,,ADVANI HOT.& RES.(I) LTD,50.43,50.8,50.0,50.34,50.4,50.18,,50.35,,,15503,779993.79,272,F1,1,,,,,
2026-08-25,2026-08-25,CM,NSE,STK,759769,INE28GN01010,ADVENTHTL,EQ,,,,,ADVENT HOTELS INTERNATI L,131.97,145.0,131.1,141.83,142.9,131.0,,141.83,,,1730034,244821979.5,13816,F1,1,,,,,
2026-08-25,2026-08-25,CM,NSE,STK,765015,INE178T01024,ADVIKCA,EQ,,,,,ADVIK CAPITAL LTD.,1.21,1.23,1.16,1.2,1.22,1.19,,1.2,,,261735,314303.13,310,F1,1,,,,,
2026-08-25,2026-08-25,CM,NSE,STK,762227,INE1SJO01012,RAMBHAJO,EQ,,,,,ADVIT JEWELS LIMITED,225.19,242.0,207.0,213.2,211.5,212.89,,213.23,,,9924084,2241195097.81,118182,F1,1,,,,,
2026-08-25,2026-08-25,CM,NSE,STK,40,INE208C01025,AEGISLOG,EQ,,,,,AEGIS LOGISTICS LIMITED,1356.1,1361.2,1311.1,1321.6,1318.8,1341.5,,1321.62,,,571623,763835644.0,34432,F1,1,,,,,
2026-08-25,2026-08-25,CM,NSE,STK,757336,INE0INX01018,AEGISVOPAK,EQ,,,,,AEGIS VOPAK TERMINALS LTD,273.0,273.05,266.1,267.7,267.3,270.3,,267.71,,,352115,94590024.35,6526,F1,1,,,,,
2026-08-25,2026-08-25,CM,NSE,STK,757870,INE423A07401,AEL17725,,,,,,AEL 0% 2027 SR II,1097.0,1097.33,1096.99,1096.99,1096.99,1097.33,,1096.99,,,51,55954.27,6,F1,1,,,,,
2026-08-25,2026-08-25,CM,NSE,STK,761344,INE423A07559,AEL120126,NL,,,,,AEL 0% 2029 SR V,1021.0,1021.0,1021.0,1021.0,1021.0,1020.0,,1021.0,,,1,1021.0,1,F1,1,,,,,
2026-08-25,2026-08-25,CM,NSE,STK,757876,INE423A07468,AEL170725A,NG,,,,,AEL 0% 2030 SR VIII,1040.0,1100.0,1040.0,1053.07,1040.0,1100.0,,1057.98,,,859,898692.92,7,F1,1,,,,,
2026-08-25,2026-08-25,CM,NSE,STK,761342,INE423A07492,848AEL29,NJ,,,,,AEL 8.48% 2029 SR III,1015.0,1015.0,1015.0,1015.0,1015.0,1015.0,,1015.0,,,12,12180.0,1,F1,1,,,,,
2026-08-25,2026-08-25,CM,NSE,STK,761340,INE423A07484,860AEL28,NH,,,,,AEL 8.60% 2028 SR I,1045.8,1045.8,1045.8,1045.8,1045.8,1040.0,,1045.8,,,61,63793.8,3,F1,1,,,,,
2026-08-25,2026-08-25,CM,NSE,STK,761345,INE423A07518,862AEL31,NM,,,,,AEL 8.62% 2031 SR VI,1015.0,1015.0,1015.0,1015.0,1015.0,1012.1,,1015.0,,,1,1015.0,1,F1,1,,,,,
2026-08-25,2026-08-25,CM,NSE,STK,761346,INE423A07526,890AEL31,NN,,,,,AEL 8.90% 2031 SR VII,1059.27,1060.0,1054.0,1059.9,1059.9,1054.0,,1057.95,,,125,132116.69,5,F1,1,,,,,
2026-08-25,2026-08-25,CM,NSE,STK,757869,INE423A07450,895AEL27,N9,,,,,AEL 8.95% 2027 SR I,1009.25,1009.8,1007.0,1007.52,1007.0,1012.0,,1007.52,,,252,254249.5,10,F1,1,,,,,
2026-08-25,2026-08-25,CM,NSE,STK,757872,INE423A07435,915AEL28,NC,,,,,AEL 9.15% 2028 SR IV,1019.0,1019.0,1018.5,1018.5,1018.5,1020.0,,1019.25,,,182,185378.3,19,F1,1,,,,,
2026-08-25,2026-08-25,CM,NSE,STK,757875,INE423A07393,930AEL30,NF,,,,,AEL 9.3% 2030 SR VII,1035.0,1047.0,1035.0,1046.99,1047.0,1047.0,,1046.99,,,198,205530.61,4,F1,1,,,,,
2026-08-25,2026-08-25,CM,NSE,STK,760234,INE947N01017,AEQUS,EQ,,,,,AEQUS LIMITED,257.0,258.38,248.3,255.2,255.5,256.07,,255.19,,,1873451,472983362.65,31870,F1,1,,,,,
2026-08-25,2026-08-25,CM,NSE,STK,12015,INE065D01027,AEROENTER,EQ,,,,,AEROFLEX ENTERPRISES LTD,140.0,142.0,136.08,140.74,141.2,139.23,,140.74,,,675104,94122630.48,5100,F1,1,,,,,
2026-08-25,2026-08-25,CM,NSE,STK,18268,INE024001021,AEROFLEX,EQ,,,,,AEROFLEX INDUSTRIES LTD,503.0,511.0,489.05,495.75,495.15,504.25,,495.75,,,949113,472035485.35,23522,F1,1,,,,,
2026-08-25,2026-08-25,CM,NSE,STK,13689,INE035801013,AERONEU,EQ,,,,,AEROFLEX NEU LIMITED,82.92,87.0,81.2,84.64,87.0,81.16,,84.35,,,4728,393701.89,209,F1,1,,,,,
2026-08-25,2026-08-25,CM,NSE,STK,25065,INE0WL801011,AERON,SM,,,,,AERON COMPOSITE LIMITED,72.85,72.85,72.65,72.65,72.65,71.0,,72.65,,,2000,145500.0,2,F1,1000,,,,,
2026-08-25,2026-08-25,CM,NSE,STK,9810,INE0BWX01014,AETHER,EQ,,,,,AETHER INDUSTRIES LIMITED,1666.8,1673.0,1622.2,1633.9,1634.5,1667.8,,1633.87,,,220552,361612749.7,19560,F1,1,,,,,
2026-08-25,2026-08-25,CM,NSE,STK,25977,INE101I01011,AFCONS,EQ,,,,,AFCONS INFRASTRUCTURE LTD,287.0,290.9,281.45,285.7,285.4,278.65,,285.69,,,3986090,1139294376.6,52923,F1,1,,,,,
2026-08-25,2026-08-25,CM,NSE,STK,11343,INE00WC01027,AFFLE,EQ,,,,,AFFLE 3I LIMITED,1735.1,1735.1,1683.4,1710.8,1710.5,1740.0,,1710.8,,,133100,226746547.7,13274,F1,1,,,,,
2026-08-25,2026-08-25,CM,NSE,STK,25857,INE692Z01013,AFFORDABLE,BE,,,,,AFFORD ROBO & AUTO LTD,169.29,169.29,161.11,162.99,163.0,165.84,,162.99,,,10966,1794886.21,248,F1,1,,,,,
2026-08-25,2026-08-25,CM,NSE,STK,763044,INE916Y07081,1125AFIL29,N0,,,,,AFIL 11.25% 2029,9869.0,9869.0,9869.0,9869.0,9869.0,9862.0,,9869.0,,,11,108559.0,2,F1,1,,,,,
2026-08-25,2026-08-25,CM,NSE,STK,760641,INE916Y07073,1150AFIL29,N0,,,,,AFIL 11.50% 2029,9801.0,9887.68,9801.0,9887.68,9887.68,9801.0,,9887.68,,,10,98701.28,3,F1,1,,,,,
2026-08-25,2026-08-25,CM,NSE,STK,759098,INE916Y07040,12AFIL27A,N0,,,,,AFIL 12% 2027,9849.0,9849.0,9849.0,9849.0,9849.0,10050.0,,9849.0,,,2,19698.0,1,F1,1,,,,,
2026-08-25,2026-08-25,CM,NSE,STK,759283,INE916Y07057,12AFIL28,N0,,,,,AFIL 12% 2028,9948.0,10000.0,9948.0,9948.0,9948.0,10000.0,,9948.0,,,41,409168.0,4,F1,1,,,,,
2026-08-25,2026-08-25,CM,NSE,STK,14263,INE0MLA01012,AGARWALFT,SM,,,,,AGARWAL FLOAT GLASS I LTD,35.0,35.0,35.0,35.0,35.0,36.8,,35.0,,,1500,52500.0,1,F1,1500,,,,,
2026-08-25,2026-08-25,CM,NSE,STK,3389,INE204E01012,AGARIND,EQ,,,,,AGARWAL INDS CORP LTD.,485.8,487.75,465.5,471.8,474.0,485.8,,472.02,,,65961,31239792.35,2734,F1,1,,,,,
2026-08-25,2026-08-25,CM,NSE,STK,27309,INE0P8X01016,AGARWALTUF,SM,,,,,AGARWAL TOUGH GLASS IND L,140.35,141.5,140.35,140.5,140.5,141.5,,140.5,,,12000,1690440.0,10,F1,1200,,,,,
2026-08-25,2026-08-25,CM,NSE,STK,1412,INE415A01038,AGI,EQ,,,,,AGI GREENPAC LIMITED,742.0,757.0,725.3,730.85,735.0,741.65,,730.85,,,203476,150030953.45,9115,F1,1,,,,,
2026-08-25,2026-08-25,CM,NSE,STK,24445,INE976R01033,AGIIL,EQ,,,,,AGI INFRA LIMITED,291.0,291.2,280.8,283.0,283.0,288.3,,283.0,,,396981,113278935.7,6769,F1,1,,,,,
2026-08-25,2026-08-25,CM,NSE,STK,10491,INE0LF301013,AGNI,SM,,,,,AGNI GREEN POWER LTD,15.0,15.0,15.0,15.0,15.0,14.7,,15.0,,,2500,37500.0,1,F1,2500,,,,,
2026-08-25,2026-08-25,CM,NSE,STK,11072,INE449G01018,AGRITECH,EQ,,,,,AGRI-TECH (INDIA) LIMITED,102.51,102.51,101.0,101.16,102.5,102.05,,101.16,,,759,76984.9,38,F1,1,,,,,
2026-08-25,2026-08-25,CM,NSE,STK,9046,INE740V01019,AGROPHOS,EQ,,,,,AGRO PHOS INDIA LIMITED,27.34,27.7,25.7,26.49,26.76,26.18,,26.49,,,34120,921352.33,403,F1,1,,,,,
2026-08-25,2026-08-25,CM,NSE,STK,759202,INE583L01014,AGSTRA,BZ,,,,,AGS TRANSACT TECH LTD,1.97,2.06,1.92,1.93,1.96,1.97,,1.93,,,190766,374304.24,329,F1,1,,,,,
2026-08-25,2026-08-25,CM,NSE,STK,2004,INE00PV01013,AHLADA,EQ,,,,,AHLADA ENGINEERS LIMITED,37.64,38.16,36.8,37.0,36.8,37.64,,37.0,,,13327,495449.95,137,F1,1,,,,,
2026-08-25,2026-08-25,CM,NSE,STK,17833,INE758C01029,AHLUCONT,EQ,,,,,AHLUWALIA CONT IND LTD,649.6,665.0,643.5,651.75,650.0,649.6,,651.83,,,121256,79207602.85,7153,F1,1,,,,,
2026-08-25,2026-08-25,CM,NSE,STK,13086,INE212H01026,AIAENG,EQ,,,,,AIA ENGINEERING LIMITED,4276.9,4318.9,4245.0,4267.4,4265.0,4276.3,,4267.3,,,24623,105038432.8,8042,F1,1,,,,,
2026-08-25,2026-08-25,CM,NSE,STK,23984,INE0RUV01018,AIMTRON,SM,,,,,AIMTRON ELECTRONICS LTD,1702.0,1702.0,1655.0,1669.55,1669.9,1681.45,,1669.55,,,26600,44355530.0,109,F1,200,,,,,
2026-08-25,2026-08-25,CM,NSE,STK,9878,INE805A01014,GOLDTECH,BE,,,,,AION-TECH SOLUTIONS LTD,50.03,52.4,48.56,51.83,52.35,50.18,,51.83,,,30066,1534378.1,154,F1,1,,,,,
2026-08-25,2026-08-25,CM,NSE,STK,9897,INE645W01026,AIRAN,EQ,,,,,AIRAN LIMITED,14.9,15.15,14.9,15.0,15.02,15.17,,15.0,,,31105,466576.68,178,F1,1,,,,,
2026-08-25,2026-08-25,CM,NSE,STK,6068,INE801L01010,AIROLAM,EQ,,,,,AIRO LAM LIMITED,88.99,89.0,88.95,88.95,88.95,88.99,,88.95,,,1515,134807.75,13,F1,1,,,,,
2026-08-25,2026-08-25,CM,NSE,STK,8124,INE031B01049,AJANTPHARM,EQ,,,,,AJANTA PHARMA LIMITED,3580.0,3580.0,3500.7,3554.9,3563.4,3579.9,,3554.97,,,116770,412465569.5,20276,F1,1,,,,,
2026-08-25,2026-08-25,CM,NSE,STK,29624,INE274Y01021,AJAXENGG,EQ,,,,,AJAX ENGINEERING LIMITED,576.8,576.8,565.0,570.6,566.35,576.85,,570.22,,,64413,36547662.75,5949,F1,1,,,,,
2026-08-25,2026-08-25,CM,NSE,STK,17307,INE298G01035,AJMERA,EQ,,,,,AJMERA REALTY & INF I LTD,117.0,119.88,116.7,117.44,117.8,118.6,,117.44,,,184520,21737668.63,2001,F1,1,,,,,
2026-08-25,2026-08-25,CM,NSE,STK,3403,INE820Y01021,AJOONI,EQ,,,,,AJOONI BIOTECH LIMITED,3.75,3.81,3.6,3.62,3.63,3.75,,3.62,,,554802,2042126.21,698,F1,1,,,,,
2026-08-25,2026-08-25,CM,NSE,STK,21121,INE0PCY01014,AKANKSHA,SM,,,,,AKANKSHA POWER N INFRA L,127.4,133.75,127.4,133.75,133.75,127.4,,133.75,,,57000,7590750.0,39,F1,1000,,,,,
2026-08-25,2026-08-25,CM,NSE,STK,13510,INE737W01013,AKASH,EQ,,,,,AKASH INFRA-PROJECTS LTD,25.89,25.89,24.38,24.77,24.53,24.8,,24.77,,,4314,106424.04,65,F1,1,,,,,
2026-08-25,2026-08-25,CM,NSE,STK,2176,INE00Y801016,AKG,EQ,,,,,AKG EXIM LIMITED,8.92,9.25,8.86,8.99,9.0,8.92,,8.99,,,44934,402967.83,80,F1,1,,,,,
2026-08-25,2026-08-25,CM,NSE,STK,14890,INE642Z01026,AKI,EQ,,,,,AKI INDIA LIMITED,4.24,4.28,4.06,4.17,4.2,4.15,,4.19,,,569416,2396405.65,655,F1,1,,,,,
2026-08-25,2026-08-25,CM,NSE,STK,24304,INE0PMR01017,AKIKO,SM,,,,,AKIKO GLOBAL SERVICES L,408.0,411.0,406.0,410.75,410.8,407.35,,410.75,,,10400,4252160.0,13,F1,800,,,,,
2026-08-25,2026-08-25,CM,NSE,STK,24159,INE916Y01027,AFIL,EQ,,,,,AKME FINTRADE (INDIA) LTD,10.23,10.23,9.7,9.8,9.82,10.05,,9.8,,,879536,8669501.49,1332,F1,1,,,,,
2026-08-25,2026-08-25,CM,NSE,STK,8595,INE523B01011,AKSHOPTFBR,BE,,,,,AKSH OPTIFIBRE  LTD,8.0,8.23,7.48,7.48,7.5,7.87,,7.49,,,593284,4650412.72,763,F1,1,,,,,
2026-08-25,2026-08-25,CM,NSE,STK,9558,INE256Z01025,AKSHAR,EQ,,,,,AKSHAR SPINTEX LIMITED,0.41,0.42,0.41,0.41,0.42,0.41,,0.41,,,605009,249339.36,194,F1,1,,,,,
2026-08-25,2026-08-25,CM,NSE,STK,20194,INE542B01011,AKSHARCHEM,BE,,,,,AKSHARCHEM INDIA LIMITED,333.3,334.29,322.2,333.72,334.29,318.38,,334.13,,,19354,6433501.57,366,F1,1,,,,,
2026-08-25,2026-08-25,CM,NSE,STK,24715,INE09XN01023,AKUMS,EQ,,,,,AKUMS DRUGS AND PHARMA L,776.5,783.0,744.0,745.05,744.85,770.35,,745.05,,,245722,185945458.6,14621,F1,1,,,,,
2026-08-25,2026-08-25,CM,NSE,STK,9921,INE914E01040,ALANKIT,EQ,,,,,ALANKIT LIMITED,8.11,8.2,8.01,8.1,8.14,8.11,,8.1,,,83755,678107.44,394,F1,1,,,,,
2026-08-25,2026-08-25,CM,NSE,STK,17256,INE155C01010,ALBERTDAVD,EQ,,,,,ALBERT DAVID LIMITED,895.0,895.0,860.0,867.95,873.05,888.7,,868.05,,,10291,9025609.35,947,F1,1,,,,,
2026-08-25,2026-08-25,CM,NSE,STK,18762,INE448V01019,ALCODIS,SM,,,,,ALCOKRAFT DISTILLERIE LTD,68.0,68.0,68.0,68.0,68.0,65.25,,68.0,,,625,42500.0,1,F1,625,,,,,
2026-08-25,2026-08-25,CM,NSE,STK,79,INE426A01027,ALEMBICLTD,EQ,,,,,ALEMBIC LIMITED,92.37,97.0,91.16,94.66,94.63,91.64,,94.66,,,1990793,189639121.83,15069,F1,1,,,,,
2026-08-25,2026-08-25,CM,NSE,STK,25328,INE901L01018,APLLTD,EQ,,,,,ALEMBIC PHARMA LTD,816.9,820.0,801.05,803.1,802.5,816.9,,803.13,,,37809,30492740.25,3268,F1,1,,,,,
2026-08-25,2026-08-25,CM,NSE,STK,764573,INE782D01027,ALFREDHE,EQ,,,,,ALFRED HERBERT INDIA L,2985.0,3000.0,2985.0,2985.0,2985.0,2985.0,,2985.0,,,24,71925.0,7,F1,1,,,,,
2026-08-25,2026-08-25,CM,NSE,STK,761270,INE598D01035,ALGOQUANT,EQ,,,,,ALGOQUANT FINTECH LIMITED,66.37,67.57,65.9,67.13,67.34,66.04,,67.13,,,1229668,81602599.22,2788,F1,1,,,,,
2026-08-25,2026-08-25,CM,NSE,STK,13656,INE062D01024,ALICON,EQ,,,,,ALICON CASTALLOY LIMITED,727.0,727.25,690.0,697.8,701.0,726.5,,697.79,,,57256,40399008.65,2945,F1,1,,,,,
2026-08-25,2026-08-25,CM,NSE,STK,5265,INE03Q201024,ALIVUS,EQ,,,,,ALIVUS LIFE SCIENCES LTD,1369.0,1370.0,1335.2,1348.4,1354.3,1366.1,,1348.35,,,33422,45100221.6,5744,F1,1,,,,,
2026-08-25,2026-08-25,CM,NSE,STK,16963,INE773I01017,ALKALI,BE,,,,,ALKALI METALS LTD,67.5,67.53,65.54,67.2,67.53,67.5,,67.2,,,792,53074.26,24,F1,1,,,,,
2026-08-25,2026-08-25,CM,NSE,STK,11703,INE540L01014,ALKEM,EQ,,,,,ALKEM LABORATORIES LTD.,5378.0,5378.0,5297.0,5368.0,5368.0,5350.0,,5367.26,,,48065,255687233.0,9247,F1,1,,,,,
2026-08-25,2026-08-25,CM,NSE,STK,4487,INE150B01039,ALKYLAMINE,EQ,,,,,ALKYL AMINES CHEM. LTD,2055.0,2100.5,2022.1,2061.5,2074.0,2083.8,,2061.63,,,101592,209267711.0,13613,F1,1,,,,,
2026-08-25,2026-08-25,CM,NSE,STK,13212,INE0M2X01012,ALLETEC,ST,,,,,ALL E TECHNOLOGIES LTD,120.0,120.9,117.5,118.6,118.45,121.5,,118.6,,,34000,4039880.0,74,F1,400,,,,,
2026-08-25,2026-08-25,CM,NSE,STK,758448,INE0GV601021,ALLTIME,EQ,,,,,ALL TIME PLASTICS LIMITED,201.29,209.84,197.13,204.62,204.0,201.29,,204.61,,,152131,30645670.06,3548,F1,1,,,,,
2026-08-25,2026-08-25,CM,NSE,STK,763784,INE1YPB01014,AGL,EQ,,,,,ALLCARGO GLOBAL LIMITED,13.92,14.5,13.8,14.07,14.1,13.86,,14.07,,,5444136,77112407.25,10015,F1,1,,,,,
2026-08-25,2026-08-25,CM,NSE,STK,13501,INE418H01029,ALLCARGO,EQ,,,,,ALLCARGO LOGISTICS LTD,13.32,13.32,12.0,12.26,12.0,13.33,,12.26,,,47066996,594256393.74,49698,F1,1,,,,,
2026-08-25,2026-08-25,CM,NSE,STK,17778,INE0NN701020,ATL,EQ,,,,,ALLCARGO TERMINALS LTD,27.49,27.99,26.72,27.16,27.24,27.59,,27.16,,,319637,8734691.51,2347,F1,1,,,,,
2026-08-25,2026-08-25,CM,NSE,STK,11798,INE835G01018,ALLDIGI,EQ,,,,,ALLDIGI TECH LIMITED,818.9,818.9,806.1,814.85,812.5,814.85,,814.62,,,3045,2476516.35,319,F1,1,,,,,
2026-08-25,2026-08-25,CM,NSE,STK,24308,INE552Z01027,ABDL,EQ,,,,,ALLIED BLEND N DISTILS L,615.0,643.9,613.4,633.45,633.0,610.35,,633.44,,,1119810,707871846.95,36606,F1,1,,,,,
2026-08-25,2026-08-25,CM,NSE,STK,14813,INE102I01027,ADSL,EQ,,,,,ALLIED DIGITAL SERV. LTD,107.35,108.9,106.0,108.51,108.88,107.56,,108.5,,,63019,6804987.65,1519,F1,1,,,,,
2026-08-25,2026-08-25,CM,NSE,STK,16719,INE326B01035,ALMONDZ,EQ,,,,,ALMONDZ GLOBAL SEC LTD,14.2,15.5,14.2,15.25,15.28,14.2,,15.25,,,701633,10667608.02,1192,F1,1,,,,,
2026-08-25,2026-08-25,CM,NSE,STK,17675,INE270A01029,ALOKINDS,EQ,,,,,ALOK INDUSTRIES LIMITED,11.43,11.64,11.23,11.29,11.33,11.48,,11.29,,,4447573,50574871.76,7996,F1,1,,,,,
2026-08-25,2026-08-25,CM,NSE,STK,14848,INE385I01010,ALPA,EQ,,,,,ALPA LABORATORIES LTD,63.6,63.6,61.5,62.09,62.04,61.66,,62.09,,,4708,292042.65,113,F1,1,,,,,
2026-08-25,2026-08-25,CM,NSE,STK,22688,INE0R4701017,ALPEXSOLAR,SM,,,,,ALPEX SOLAR LIMITED,864.85,865.0,845.15,853.2,865.0,858.45,,853.2,,,35900,30633450.0,247,F1,100,,,,,
2026-08-25,2026-08-25,CM,NSE,STK,14601,INE137C01018,ALPHAGEO,BE,,,,,ALPHAGEO (INDIA) LIMITED,319.0,324.99,310.05,317.14,318.94,319.62,,317.15,,,9487,2995053.1,208,F1,1,,,,,
2026-08-25,2026-08-25,CM,NSE,STK,764186,INE1JCQ01037,ALPINETEX,EQ,,,,,ALPINE TEXWORLD LIMITED,56.94,57.29,55.55,55.84,55.7,57.33,,55.86,,,135275,7574635.39,2022,F1,1,,,,,
2026-08-25,2026-08-25,CM,NSE,STK,764578,INE058F01019,ALUFLUOR,EQ,,,,,ALUFLUORIDE LTD.,457.9,458.6,451.0,452.0,452.0,458.6,,452.06,,,4291,1948808.75,169,F1,1,,,,,
2026-08-25,2026-08-25,CM,NSE,STK,23474,INE0STM01017,ALUWIND,SM,,,,,ALUWIND INFRA-TECH LTD,50.1,50.2,48.15,50.2,50.2,50.15,,50.2,,,27000,1346025.0,10,F1,1500,,,,,
2026-08-25,2026-08-25,CM,NSE,STK,760740,INE121R01077,AMAGI,EQ,,,,,AMAGI MEDIA LABS LIMITED,585.8,590.9,549.9,581.35,580.85,585.8,,581.29,,,255641,148978363.95,9388,F1,1,,,,,
2026-08-25,2026-08-25,CM,NSE,STK,764583,INE841D01013,AMAL,EQ,,,,,AMAL LTD.,761.1,789.7,750.05,754.5,750.05,761.0,,753.86,,,6381,4893406.0,413,F1,1,,,,,
2026-08-25,2026-08-25,CM,NSE,STK,758910,INE084K01015,AMANTA,BE,,,,,AMANTA HEALTHCARE LIMITED,200.0,202.0,194.92,194.92,194.92,205.17,,194.87,,,77385,15129423.83,437,F1,1,,,,,
2026-08-25,2026-08-25,CM,NSE,STK,100,INE885A01032,ARE&M,EQ,,,,,AMARA RAJA ENERGY MOB LTD,922.8,927.95,918.0,920.85,920.85,922.8,,920.85,,,244774,225431663.4,21482,F1,1,,,,,
2026-08-25,2026-08-25,CM,NSE,STK,764588,INE484D01012,AMARJOTHI,EQ,,,,,AMARJOTHI SPINNING MILL L,158.61,165.0,157.0,160.05,160.05,161.37,,160.03,,,1788,287632.23,54,F1,1,,,,,
2026-08-25,2026-08-25,CM,NSE,STK,763256,INE293601014,AMBAAUTO,SM,,,,,AMBA AUTO SALES AND SER L,113.3,115.5,110.0,110.0,110.0,113.15,,110.0,,,13000,1461300.0,12,F1,1000,,,,,
2026-08-25,2026-08-25,CM,NSE,STK,762546,INE432A01017,AMBALALSA,BE,,,,,AMBALAL SARABHAI ENT L,43.89,45.9,43.25,43.79,43.31,43.91,,43.92,,,51920,2302415.54,278,F1,1,,,,,
2026-08-25,2026-08-25,CM,NSE,STK,1185,INE371P01015,AMBER,EQ,,,,,AMBER ENTERPRISES (I) LTD,7307.5,7445.0,7307.5,7432.0,7432.0,7378.0,,7431.23,,,170338,1260065662.5,18962,F1,1,,,,,
2026-08-25,2026-08-25,CM,NSE,STK,11496,INE792B01012,AMBICAAGAR,EQ,,,,,AMBICA AGAR & AROMAINDLTD,24.75,25.6,24.43,25.42,25.42,24.86,,25.07,,,8821,221184.98,63,F1,1,,,,,
2026-08-25,2026-08-25,CM,NSE,STK,15234,INE540G01014,AMBIKCO,EQ,,,,,AMBIKA COTTON MILL LTD.,1666.8,1677.6,1604.5,1629.7,1624.0,1662.2,,1629.25,,,15414,25186708.8,1638,F1,1,,,,,
2026-08-25,2026-08-25,CM,NSE,STK,1270,INE079A01024,AMBUJACEM,EQ,,,,,AMBUJA CEMENTS LTD,408.0,413.1,405.0,413.1,413.1,408.75,,413.04,,,1476314,601837033.15,24624,F1,1,,,,,
2026-08-25,2026-08-25,CM,NSE,STK,14398,INE005I01014,AMDIND,EQ,,,,,AMD INDUSTRIES LIMITED,52.49,54.7,52.49,53.47,53.26,53.56,,53.5,,,5689,304416.85,143,F1,1,,,,,
2026-08-25,2026-08-25,CM,NSE,STK,10898,INE0KT901015,AMEYA,SM,,,,,AMEYA PRECISION ENG LTD,109.15,109.2,107.15,107.15,107.15,104.05,,107.15,,,4000,434650.0,3,F1,1000,,,,,
2026-08-25,2026-08-25,CM,NSE,STK,19867,INE275D01022,AMNPLST,EQ,,,,,AMINES & PLASTICIZERS LTD,187.01,192.0,185.35,187.73,186.35,188.91,,187.73,,,3079,578354.74,142,F1,1,,,,,
2026-08-25,2026-08-25,CM,NSE,STK,761670,INE05TO01019,AEROPLANE,EQ,,,,,AMIR CHAND JAG KUM (E) L,173.06,182.4,173.06,180.39,180.66,175.66,,180.4,,,691459,123463599.3,4680,F1,1,,,,,
2026-08-25,2026-08-25,CM,NSE,STK,2598,INE606A01024,AMJLAND,EQ,,,,,AMJ LAND HOLDINGS LIMITED,38.99,39.25,38.01,38.32,38.6,38.56,,38.32,,,15242,588602.79,184,F1,1,,,,,
2026-08-25,2026-08-25,CM,NSE,STK,17547,INE098F01031,AMRUTANJAN,EQ,,,,,AMRUTAJAN HEALTH LTD,524.9,536.05,520.1,523.2,529.95,522.1,,523.16,,,128011,67619301.15,4083,F1,1,,,,,
2026-08-25,2026-08-25,CM,NSE,STK,759956,INE549H01021,ARSSBL,EQ,,,,,ANAND RATHI SH N STK BR L,526.0,546.05,521.15,537.35,539.0,526.2,,537.39,,,352745,189550101.7,11378,F1,1,,,,,
2026-08-25,2026-08-25,CM,NSE,STK,7145,INE463V01026,ANANDRATHI,EQ,,,,,ANAND RATHI WEALTH LTD,2170.0,2173.0,2151.3,2164.4,2165.0,2167.9,,2164.37,,,138326,298931891.5,14239,F1,1,,,,,
2026-08-25,2026-08-25,CM,NSE,STK,13620,INE242C01024,ANANTRAJ,EQ,,,,,ANANT RAJ LIMITED,614.0,616.4,609.0,613.15,613.35,614.6,,613.12,,,821262,503580874.3,18097,F1,1,,,,,
2026-08-25,2026-08-25,CM,NSE,STK,759363,INE1UA823019,ANANTAM,IV,,,,,ANANTAM HIGHWAYS TRUST,106.49,106.49,104.8,104.99,104.98,105.69,,104.99,,,70745,7429274.25,219,F1,1,,,,,
2026-08-25,2026-08-25,CM,NSE,STK,764446,INE1J5V01013,ANAWIL,SM,,,,,ANAWIL WIRE AND ENGIN LTD,450.0,462.9,436.1,445.1,446.5,447.1,,445.1,,,190800,85169980.0,414,F1,400,,,,,
2026-08-25,2026-08-25,CM,NSE,STK,758427,INE0VG001016,AMCL,SM,,,,,ANB METAL CAST LIMITED,387.0,387.0,354.0,354.6,359.0,362.0,,354.6,,,39600,14093040.0,38,F1,400,,,,,
2026-08-25,2026-08-25,CM,NSE,STK,15420,INE666E01020,ACL,EQ,,,,,ANDHRA CEMENTS LIMITED,44.6,46.0,44.0,44.3,44.65,44.81,,44.36,,,20682,923817.52,213,F1,1,,,,,
2026-08-25,2026-08-25,CM,NSE,STK,166,INE435A01051,ANDHRAPAP,EQ,,,,,ANDHRA PAPER LIMITED,60.99,61.49,59.33,59.66,59.55,60.8,,59.66,,,157602,9502453.26,1462,F1,1,,,,,
2026-08-25,2026-08-25,CM,NSE,STK,136,INE715B01021,ANDHRSUGAR,EQ,,,,,ANDHRA SUGARS LTD,99.86,100.39,97.5,97.74,97.89,99.28,,97.74,,,489160,48199550.29,5052,F1,1,,,,,
2026-08-25,2026-08-25,CM,NSE,STK,5206,INE449C01025,ANDREWYU,EQ,,,,,ANDREW YULE & CO. LTD.,26.11,26.9,26.11,26.76,26.9,26.44,,26.76,,,63676,1697519.86,278,F1,1,,,,,
2026-08-25,2026-08-25,CM,NSE,STK,324,INE732I01021,ANGELONE,EQ,,,,,ANGEL ONE LIMITED,286.8,301.55,284.0,300.9,300.9,286.0,,300.85,,,10825633,3196890850.75,71760,F1,1,,,,,
2026-08-25,2026-08-25,CM,NSE,STK,482,INE635Y01015,AISL,SM,,,,,ANI INTEGRATED SERV LTD.,53.3,57.95,53.3,57.95,57.95,56.0,,57.95,,,1800,98760.0,3,F1,600,,,,,
2026-08-25,2026-08-25,CM,NSE,STK,16657,INE087B01017,ANIKINDS,EQ,,,,,ANIK INDUSTRIES LTD,46.2,48.49,46.0,46.53,47.5,45.96,,46.65,,,42656,2002462.41,324,F1,1,,,,,
2026-08-25,2026-08-25,CM,NSE,STK,20453,INE071F01012,APCL,EQ,,,,,ANJANI PORTLAND CEM LTD,104.6,104.6,101.5,101.64,101.83,101.47,,101.66,,,2080,212381.0,89,F1,1,,,,,
2026-08-25,2026-08-25,CM,NSE,STK,25878,INE106I01010,ANKITMETAL,BZ,,,,,ANKIT MET & POW LTD,1.8,1.8,1.8,1.8,1.8,1.72,,1.8,,,26500,47700.0,72,F1,1,,,,,
2026-08-25,2026-08-25,CM,NSE,STK,758968,INE0Y8W01025,AHCL,EQ,,,,,ANLON HEALTHCARE LIMITED,15.45,15.45,14.97,15.05,15.1,15.43,,15.05,,,1384779,20971086.3,2526,F1,1,,,,,
2026-08-25,2026-08-25,CM,NSE,STK,13657,INE0LR101013,ANLON,SM,,,,,ANLON TECHNOLOGY SOL LTD,665.0,665.0,664.0,664.0,664.0,665.0,,664.0,,,2000,1328800.0,5,F1,400,,,,,
2026-08-25,2026-08-25,CM,NSE,STK,3727,INE02AR01019,ANMOL,EQ,,,,,ANMOL INDIA LIMITED,10.04,10.15,9.86,10.09,10.12,9.93,,10.09,,,61511,613998.28,172,F1,1,,,,,
2026-08-25,2026-08-25,CM,NSE,STK,764471,INE0MGM01017,ANNAPURNA,EQ,,,,,ANNAPURNA SWADISHT LTD,152.0,158.0,146.55,148.65,147.6,148.0,,148.65,,,95753,14404360.15,878,F1,1,,,,,
2026-08-25,2026-08-25,CM,NSE,STK,758740,INE0VTV01012,ANONDITA,SM,,,,,ANONDITA MEDICARE LIMITED,1069.0,1100.0,1057.05,1064.7,1067.0,1062.35,,1064.7,,,52000,56052220.0,211,F1,200,,,,,
2026-08-25,2026-08-25,CM,NSE,STK,765020,INE030C01015,ANSALBU,EQ,,,,,ANSAL BUILDWELL LTD.,74.97,75.0,74.0,74.0,74.0,74.98,,74.0,,,5001,375046.6,15,F1,1,,,,,
2026-08-25,2026-08-25,CM,NSE,STK,19677,INE436A01026,ANSALAPI,BZ,,,,,ANSAL PROP & INFRA LTD,3.35,3.41,3.34,3.36,3.35,3.35,,3.37,,,17477,58751.74,50,F1,1,,,,,
2026-08-25,2026-08-25,CM,NSE,STK,5194,INE414B01021,ANTGRAPHIC,EQ,,,,,ANTARCTICA LTD,0.75,0.75,0.73,0.73,0.73,0.73,,0.73,,,121406,89601.45,156,F1,1,,,,,
2026-08-25,2026-08-25,CM,NSE,STK,13598,INE818A01017,ANTELOPUS,EQ,,,,,ANTELOPUS SELAN ENRGY LTD,793.55,798.4,780.35,786.6,787.0,798.65,,786.59,,,63120,49717977.45,3484,F1,1,,,,,
2026-08-25,2026-08-25,CM,NSE,STK,757885,INE0CZ201020,ANTHEM,EQ,,,,,ANTHEM BIOSCIENCES LTD,888.95,895.0,871.0,874.7,874.8,883.35,,874.72,,,317840,279104085.75,25368,F1,1,,,,,
2026-08-25,2026-08-25,CM,NSE,STK,1797,INE01BK01022,AWHCL,EQ,,,,,ANTONY WASTE HDG CELL LTD,378.0,386.8,377.35,379.55,379.85,381.1,,379.54,,,47069,17877356.3,2608,F1,1,,,,,
2026-08-25,2026-08-25,CM,NSE,STK,28314,INE489G01022,ANUHPHR,EQ,,,,,ANUH PHARMA LIMITED,79.29,79.29,77.01,77.27,77.98,78.83,,77.3,,,20147,1566980.22,505,F1,1,,,,,
2026-08-25,2026-08-25,CM,NSE,STK,2829,INE930P01018,ANURAS,EQ,,,,,ANUPAM RASAYAN INDIA LTD,1265.7,1266.3,1251.3,1264.6,1262.0,1255.5,,1264.59,,,223832,282019107.1,4411,F1,1,,,,,
2026-08-25,2026-08-25,CM,NSE,STK,28983,INE0SI601032,ANYA,SM,,,,,ANYA POLYTECH & FERTI LTD,14.5,15.5,14.15,14.7,15.5,14.7,,14.7,,,50000,732250.0,8,F1,5000,,,,,
2026-08-25,2026-08-25,CM,NSE,STK,758904,INF1J2R01114,AONEGOLD,EQ,,,,,AONEAMC - AONEGOLD,15.25,15.25,14.89,14.99,15.01,15.02,,14.99,,,745441,11172054.86,1716,F1,1,,,,,
2026-08-25,2026-08-25,CM,NSE,STK,30472,INF1J2R01056,AONELIQUID,EQ,,,,,AONEAMC - AONELIQUID,1074.2,1074.2,1074.18,1074.18,1074.18,1073.9,,1074.18,,,20114,21606091.64,126,F1,1,,,,,
2026-08-25,2026-08-25,CM,NSE,STK,757096,INF1J2R01064,AONENIFTY,EQ,,,,,AONEAMC - AONENIFTY,10.23,10.23,9.91,10.02,10.05,9.99,,10.02,,,173078,1731147.07,1016,F1,1,,,,,
2026-08-25,2026-08-25,CM,NSE,STK,760193,INF1J2R01171,AONESILVER,EQ,,,,,AONEAMC - AONESILVER,9.23,9.23,9.02,9.14,9.16,9.25,,9.14,,,391206,3584295.39,1066,F1,1,,,,,
2026-08-25,2026-08-25,CM,NSE,STK,759992,INF1J2R01148,AONETMMQ50,EQ,,,,,AONEAMC - AONETMMQ50,10.18,10.56,10.18,10.44,10.44,10.39,,10.44,,,39259,406661.12,248,F1,1,,,,,
2026-08-25,2026-08-25,CM,NSE,STK,29975,INF1J2R01015,AONETOTAL,EQ,,,,,AONEAMC - AONETOTAL,11.99,12.08,11.75,12.02,12.05,11.99,,12.02,,,109890,1318460.82,1298,F1,1,,,,,
2026-08-25,2026-08-25,CM,NSE,STK,11491,INE372A01015,APARINDS,EQ,,,,,APAR INDUSTRIES LTD.,16705.0,17170.0,16705.0,17001.0,16992.0,16705.0,,17001.07,,,145435,2470987923.0,35239,F1,1,,,,,
2026-08-25,2026-08-25,CM,NSE,STK,154,INE116A01032,APCOTEXIND,EQ,,,,,APCOTEX INDUSTRIES LIMITE,626.0,626.0,613.4,617.25,614.5,618.8,,617.27,,,58055,35848154.9,3412,F1,1,,,,,
2026-08-25,2026-08-25,CM,NSE,STK,27291,INE0T4V01015,APEXECO,ST,,,,,APEX ECOTECH LIMITED,260.0,260.0,250.1,255.0,255.0,251.75,,255.0,,,10400,2647320.0,11,F1,800,,,,,
2026-08-25,2026-08-25,CM,NSE,STK,21623,INE346W01013,APEX,EQ,,,,,APEX FROZEN FOODS LIMITED,397.0,397.75,387.0,389.1,390.0,395.85,,389.13,,,155392,60429602.45,4426,F1,1,,,,,
2026-08-25,2026-08-25,CM,NSE,STK,25780,INE702C01027,APLAPOLLO,EQ,,,,,APL APOLLO TUBES LTD,2145.0,2151.8,2124.0,2139.3,2139.3,2145.0,,2139.31,,,612263,1307944379.4,50265,F1,1,,,,,
2026-08-25,2026-08-25,CM,NSE,STK,757186,INE0TLC07051,930APMD31,N0,,,,,APMD 9.30% 2031 STRPP E,105058.63,105058.63,104904.11,104904.11,104904.11,104500.0,,104904.11,,,50,5246750.7,2,F1,1,,,,,
2026-08-25,2026-08-25,CM,NSE,STK,757170,INE0TLC07101,930APMD32,N0,,,,,APMD 9.30% 2032 STRPP F,105734.11,105734.11,105734.11,105734.11,105734.11,104237.05,,105734.11,,,10,1057341.1,1,F1,1,,,,,
2026-08-25,2026-08-25,CM,NSE,STK,157,INE437A01024,APOLLOHOSP,EQ,,,,,APOLLO HOSPITALS ENTER. L,8663.0,8889.0,8640.0,8889.0,8889.0,8702.0,,8888.94,,,256819,2245094398.5,25838,F1,1,,,,,
2026-08-25,2026-08-25,CM,NSE,STK,1134,INE713T01028,APOLLO,EQ,,,,,APOLLO MICRO SYSTEMS LTD,386.2,390.35,381.5,389.65,388.0,385.15,,389.65,,,5272746,2039916530.75,36332,F1,1,,,,,
2026-08-25,2026-08-25,CM,NSE,STK,14361,INE126J01016,APOLLOPIPE,EQ,,,,,APOLLO PIPES LIMITED,609.25,668.8,605.1,663.75,661.0,609.25,,663.75,,,2312376,1514030753.8,56794,F1,1,,,,,
2026-08-25,2026-08-25,CM,NSE,STK,6302,INE451F01024,APOLSINHOT,EQ,,,,,APOLLO SINDOORI HOTEL LTD,1201.4,1216.3,1189.2,1210.2,1216.3,1201.4,,1210.2,,,868,1044351.6,124,F1,1,,,,,
2026-08-25,2026-08-25,CM,NSE,STK,163,INE438A01022,APOLLOTYRE,EQ,,,,,APOLLO TYRES LTD,447.0,447.15,440.0,441.4,441.0,445.85,,441.4,,,473677,209206887.6,13092,F1,1,,,,,
2026-08-25,2026-08-25,CM,NSE,STK,24638,INE0LQG01010,APRAMEYA,SM,,,,,APRAMEYA ENGINEERING LTD,134.85,135.0,128.0,130.0,130.0,131.75,,130.0,,,8500,1111675.0,15,F1,500,,,,,
2026-08-25,2026-08-25,CM,NSE,STK,760364,INE0M2307321,915APSBC27,N0,,,,,APSBC 9.15% 2027 STRPP B,100500.0,100500.0,100500.0,100500.0,100500.0,100101.0,,100500.0,,,10,1005000.0,1,F1,1,,,,,
2026-08-25,2026-08-25,CM,NSE,STK,760376,INE0M2307404,915APSBC33,N0,,,,,APSBC 9.15% 2033 STRPP H,105479.73,105479.73,105479.73,105479.73,105479.73,100661.01,,105479.73,,,1,105479.73,1,F1,1,,,,,
2026-08-25,2026-08-25,CM,NSE,STK,761435,INE1OOJ01011,APSISAERO,ST,,,,,APSIS AEROCOM LIMITED,524.3,524.5,524.3,524.3,524.3,535.0,,524.3,,,10800,5662680.0,9,F1,1200,,,,,
2026-08-25,2026-08-25,CM,NSE,STK,14074,INE266F01018,APTECHT,BE,,,,,APTECH LIMITED,91.1,92.0,90.1,90.95,91.89,91.84,,90.97,,,58516,5328792.7,547,F1,1,,,,,
2026-08-25,2026-08-25,CM,NSE,STK,5435,INE852O01025,APTUS,EQ,,,,,APTUS VALUE HSG FIN I LTD,254.0,258.7,250.75,254.4,253.4,254.35,,254.39,,,5103135,1299807229.0,30375,F1,1,,,,,
2026-08-25,2026-08-25,CM,NSE,STK,23365,INE416A01051,AQYLON,EQ,,,,,AQYLON NEXUS LIMITED,26.0,26.5,25.2,25.2,25.2,26.52,,25.2,,,2759505,69751960.76,1884,F1,1,,,,,
2026-08-25,2026-08-25,CM,NSE,STK,19253,INE08NJ01024,ARABIAN,SM,,,,,ARABIAN PETROLEUM LIMITED,81.0,82.0,75.05,82.0,82.0,83.0,,82.0,,,10000,804000.0,5,F1,2000,,,,,
2026-08-25,2026-08-25,CM,NSE,STK,12024,INE128X01021,ACI,EQ,,,,,ARCHEAN CHEMICAL IND LTD,517.0,518.0,484.05,499.25,500.75,515.95,,499.24,,,948451,471598539.9,44274,F1,1,,,,,
2026-08-25,2026-08-25,CM,NSE,STK,245,INE0CHO01012,ADL,EQ,,,,,ARCHIDPLY DECOR LIMITED,76.99,76.99,73.65,75.9,75.9,75.06,,75.9,,,757,57407.4,33,F1,1,,,,,
2026-08-25,2026-08-25,CM,NSE,STK,16795,INE877I01016,ARCHIDPLY,EQ,,,,,ARCHIDPLY IND. LTD,116.5,124.78,112.5,114.33,114.5,111.51,,114.36,,,517060,61709289.29,5604,F1,1,,,,,
2026-08-25,2026-08-25,CM,NSE,STK,5688,INE731A01020,ARCHIES,EQ,,,,,ARCHIES LTD,13.74,13.74,13.05,13.4,13.29,13.45,,13.39,,,17275,234140.95,80,F1,1,,,,,
2026-08-25,2026-08-25,CM,NSE,STK,764598,INE372M01010,ARCL,EQ,,,,,ARCL ORGANICS LTD.,229.0,229.0,222.3,225.95,225.95,233.99,,223.03,,,358,80733.62,31,F1,1,,,,,
2026-08-25,2026-08-25,CM,NSE,STK,764480,INE0XNF01022,ARDEE,EQ,,,,,ARDEE INDUSTRIES LIMITED,59.8,61.85,56.0,56.99,57.0,59.43,,56.99,,,12659023,744819444.33,44453,F1,1,,,,,
2026-08-25,2026-08-25,CM,NSE,STK,758700,INE784R01023,ARFIN,EQ,,,,,ARFIN INDIA LIMITED,83.98,84.95,83.61,84.52,84.5,83.95,,84.52,,,871564,73423238.77,2247,F1,1,,,,,
2026-08-25,2026-08-25,CM,NSE,STK,13092,INE0L2Y01011,ARHAM,SM,,,,,ARHAM TECHNOLOGIES LTD,204.9,215.95,204.9,213.7,214.0,202.5,,213.7,,,86000,18318950.0,85,F1,1000,,,,,
2026-08-25,2026-08-25,CM,NSE,STK,15204,INE298I01015,ARIES,EQ,,,,,ARIES AGRO LTD.,462.25,462.25,433.0,446.75,445.1,459.05,,446.69,,,19980,8991337.35,1014,F1,1,,,,,
2026-08-25,2026-08-25,CM,NSE,STK,3813,INE420B01036,ARIHANTCAP,EQ,,,,,ARIHANT CAPITAL MKTS LTD,75.58,81.0,75.58,78.19,78.0,76.21,,78.19,,,611755,48287226.52,4986,F1,1,,,,,
2026-08-25,2026-08-25,CM,NSE,STK,13885,INE413D01011,ARIHANT,EQ,,,,,ARIHANT FOUN & HOU LTD,1018.5,1019.4,962.6,971.9,969.9,999.6,,971.9,,,5562,5454936.1,203,F1,1,,,,,
2026-08-25,2026-08-25,CM,NSE,STK,20159,INE643K01018,ARIHANTSUP,EQ,,,,,ARIHANT SUPERSTRUCT LTD,252.95,253.55,250.0,250.0,250.0,253.5,,250.0,,,654,164481.2,44,F1,1,,,,,
2026-08-25,2026-08-25,CM,NSE,STK,757614,INE0H9P01028,ARIS,EQ,,,,,ARISINFRA SOLUTIONS LTD,146.1,146.1,142.1,144.26,143.9,144.09,,144.25,,,1165184,167433837.56,7368,F1,1,,,,,
2026-08-25,2026-08-25,CM,NSE,STK,25398,INE0QRL01017,ARKADE,EQ,,,,,ARKADE DEVELOPERS LIMITED,130.6,131.79,125.0,126.35,126.9,131.82,,126.35,,,365011,46688980.2,4126,F1,1,,,,,
2026-08-25,2026-08-25,CM,NSE,STK,17263,INE109C01017,ARMANFIN,EQ,,,,,ARMAN FIN SERV LTD,1950.0,1960.4,1872.0,1907.8,1922.0,1954.4,,1908.27,,,68058,130108972.0,6401,F1,1,,,,,
2026-08-25,2026-08-25,CM,NSE,STK,760752,INE0TZX01019,ARMOUR,ST,,,,,ARMOUR SECURITY (INDIA) L,18.8,18.85,18.8,18.85,18.85,18.55,,18.85,,,4000,75300.0,2,F1,2000,,,,,
2026-08-25,2026-08-25,CM,NSE,STK,14557,INE210C01013,AROGRANITE,EQ,,,,,ARO GRANITE IND. LTD.,24.75,25.32,24.36,24.76,24.8,24.81,,24.76,,,2105,51871.23,33,F1,1,,,,,
2026-08-25,2026-08-25,CM,NSE,STK,9264,INE570D01018,ARROWGREEN,BE,,,,,ARROW GREENTECH LIMITED,690.0,719.3,680.25,710.5,703.0,690.75,,709.06,,,19986,14071163.75,517,F1,1,,,,,
2026-08-25,2026-08-25,CM,NSE,STK,29015,INE968D01022,ARSHIYA,BZ,,,,,ARSHIYA LIMITED,0.93,0.94,0.88,0.89,0.91,0.91,,0.89,,,291337,265615.32,88,F1,1,,,,,
2026-08-25,2026-08-25,CM,NSE,STK,6156,INE738V01013,ARTNIRMAN,EQ,,,,,ART NIRMAN LIMITED,40.57,42.0,40.06,40.15,40.15,40.65,,40.15,,,2305,93010.3,20,F1,1,,,,,
2026-08-25,2026-08-25,CM,NSE,STK,761330,INE757T01025,AEPL,EQ,,,,,ARTEMIS ELECTRICALS & P L,14.41,14.83,14.22,14.41,14.4,14.48,,14.4,,,10551,152415.06,111,F1,1,,,,,
2026-08-25,2026-08-25,CM,NSE,STK,16913,INE025R01021,ARTEMISMED,EQ,,,,,ARTEMIS MED SERVICE LTD,327.8,329.95,320.2,323.7,324.7,328.9,,323.72,,,193504,62707099.1,7436,F1,1,,,,,
2026-08-25,2026-08-25,CM,NSE,STK,756896,INE0TTG01017,ARUNAYA,SM,,,,,ARUNAYA ORGANICS LIMITED,14.25,15.45,14.0,14.2,14.4,15.5,,14.2,,,84000,1203800.0,35,F1,2000,,,,,
2026-08-25,2026-08-25,CM,NSE,STK,2814,INE006Z01016,ARVEE,EQ,,,,,ARVEE LABORATORIES I LTD,162.0,184.99,162.0,182.05,181.8,164.43,,182.05,,,34993,6323876.57,458,F1,1,,,,,
2026-08-25,2026-08-25,CM,NSE,STK,9111,INE955V01021,ARVINDFASN,EQ,,,,,ARVIND FASHIONS LIMITED,442.95,443.95,434.95,438.0,436.0,442.95,,438.03,,,75563,33139860.85,6500,F1,1,,,,,
2026-08-25,2026-08-25,CM,NSE,STK,193,INE034A01011,ARVIND,EQ,,,,,ARVIND LIMITED,525.0,540.9,524.9,539.3,540.0,531.75,,539.31,,,1077722,577606798.25,37036,F1,1,,,,,
2026-08-25,2026-08-25,CM,NSE,STK,19579,INE0P4T01013,ARVINDPORT,SM,,,,,ARVIND PORT AND INFRA LTD,30.05,33.0,30.05,31.5,31.5,31.9,,31.5,,,27000,866700.0,13,F1,1500,,,,,
2026-08-25,2026-08-25,CM,NSE,STK,10457,INE034S01021,ARVSMART,EQ,,,,,ARVIND SMARTSPACES LTD,698.55,699.95,681.0,683.75,682.05,694.85,,683.8,,,52859,36297088.7,3209,F1,1,,,,,
2026-08-25,2026-08-25,CM,NSE,STK,764603,INE032E01017,ARYAMAN,EQ,,,,,ARYAMAN FINANCIAL SERV L,605.15,630.0,605.15,625.05,625.05,605.15,,612.91,,,789,488996.2,33,F1,1,,,,,
2026-08-25,2026-08-25,CM,NSE,STK,5378,INE439A01020,ASAHIINDIA,EQ,,,,,ASAHI INDIA GLASS LIMITED,963.0,966.7,945.0,955.9,950.55,962.15,,955.88,,,114291,108866383.9,10070,F1,1,,,,,
2026-08-25,2026-08-25,CM,NSE,STK,25092,INE228I01012,ASAHISONG,BE,,,,,ASAHI SONGWON COLOR LTD,373.0,373.0,365.6,369.7,371.0,376.15,,369.7,,,3462,1275422.35,79,F1,1,,,,,
2026-08-25,2026-08-25,CM,NSE,STK,24711,INE0LAA01017,ASHALOG,SM,,,,,ASHAPURA LOGISTICS LTD,54.3,63.0,54.3,63.0,63.0,63.45,,63.0,,,4000,234750.0,4,F1,1000,,,,,
2026-08-25,2026-08-25,CM,NSE,STK,203,INE348A01023,ASHAPURMIN,EQ,,,,,ASHAPURA MINECHEM LTD,585.0,588.45,568.5,570.5,573.0,585.8,,570.51,,,570382,327080707.4,29950,F1,1,,,,,
2026-08-25,2026-08-25,CM,NSE,STK,24403,INE365D01021,ASHIANA,EQ,,,,,ASHIANA HOUSING LTD,365.0,368.2,362.0,365.25,364.2,366.6,,365.15,,,21656,7908321.85,889,F1,1,,,,,
2026-08-25,2026-08-25,CM,NSE,STK,762551,INE094B01013,ASHIKAG,BE,,,,,ASHIKA GLOBAL SEC LTD,436.4,436.4,423.0,428.75,431.95,436.3,,428.8,,,25976,11162629.75,109,F1,1,,,,,
2026-08-25,2026-08-25,CM,NSE,STK,206,INE440A01010,ASHIMASYN,EQ,,,,,ASHIMA LTD,18.55,19.2,18.14,18.25,18.25,18.35,,18.23,,,128155,2395015.92,450,F1,1,,,,,
2026-08-25,2026-08-25,CM,NSE,STK,212,INE208A01029,ASHOKLEY,EQ,,,,,ASHOK LEYLAND LTD,172.36,174.69,171.58,174.69,174.69,173.29,,174.66,,,8635802,1494470462.59,39641,F1,1,,,,,
2026-08-25,2026-08-25,CM,NSE,STK,20182,INE442H01029,ASHOKA,EQ,,,,,ASHOKA BUILDCON LTD,113.2,114.5,112.53,114.01,114.3,113.22,,114.0,,,507744,57624935.18,4549,F1,1,,,,,
2026-08-25,2026-08-25,CM,NSE,STK,16943,INE760Y01011,ASHOKAMET,EQ,,,,,ASHOKA METCAST LIMITED,14.0,14.3,13.11,13.92,13.95,13.86,,13.92,,,18986,261135.77,79,F1,1,,,,,
2026-08-25,2026-08-25,CM,NSE,STK,7030,INE276G01015,ASIANENE,EQ,,,,,ASIAN ENERGY SERVICES LTD,466.9,470.0,448.6,451.4,451.5,466.9,,451.4,,,242050,110257017.35,7144,F1,1,,,,,
2026-08-25,2026-08-25,CM,NSE,STK,14889,INE022I01019,ASIANTILES,EQ,,,,,ASIAN GRANITO IND. LTD.,46.26,46.69,45.51,46.37,46.5,45.4,,46.37,,,2829146,129966950.38,7825,F1,1,,,,,
2026-08-25,2026-08-25,CM,NSE,STK,19438,INE926K01017,AHLEAST,EQ,,,,,ASIAN HOTELS (EAST) LTD,142.0,142.0,140.22,140.22,140.22,143.22,,140.22,,,32,4490.73,9,F1,1,,,,,
2026-08-25,2026-08-25,CM,NSE,STK,18422,INE363A01022,ASIANHOTNR,EQ,,,,,ASIAN HOTELS (NORTH) LTD,301.95,301.95,294.25,299.35,294.25,301.1,,299.35,,,4731,1411110.4,287,F1,1,,,,,
2026-08-25,2026-08-25,CM,NSE,STK,19370,INE915K01010,AHLWEST,BE,,,,,ASIAN HOTELS (WEST) LTD,535.55,535.6,535.55,535.6,535.6,532.3,,535.6,,,163,87298.8,9,F1,1,,,,,
2026-08-25,2026-08-25,CM,NSE,STK,236,INE021A01026,ASIANPAINT,EQ,,,,,ASIAN PAINTS LIMITED,2631.0,2640.0,2605.2,2639.8,2639.8,2640.8,,2639.8,,,479480,1256534871.4,32656,F1,1,,,,,
2026-08-25,2026-08-25,CM,NSE,STK,762553,INE194D01017,ASTAR,EQ,,,,,ASIAN STAR CO. LTD.,590.0,600.0,570.0,600.0,600.0,599.85,,600.0,,,123,73061.4,17,F1,1,,,,,
2026-08-25,2026-08-25,CM,NSE,STK,765025,INE822B01017,ASIANTNE,EQ,,,,,ASIAN TEA & EXPORTS LTD.,9.9,9.9,9.3,9.59,9.59,9.6,,9.6,,,3298,31904.92,65,F1,1,,,,,
2026-08-25,2026-08-25,CM,NSE,STK,20152,INE491J01022,ASKAUTOLTD,EQ,,,,,ASK AUTOMOTIVE LIMITED,613.0,615.95,598.85,605.2,608.25,615.4,,605.2,,,452810,272546770.25,11612,F1,1,,,,,
2026-08-25,2026-08-25,CM,NSE,STK,17270,INE991I01015,ASPINWALL,EQ,,,,,ASPINWALL & CO LTD,260.0,265.9,259.9,260.61,262.0,259.74,,260.61,,,4020,1052966.13,125,F1,1,,,,,
2026-08-25,2026-08-25,CM,NSE,STK,23396,INE0S7801010,ASPIRE,SM,,,,,ASPIRE & INNOVATIVE ADV L,13.25,13.55,13.25,13.55,13.55,13.9,,13.55,,,118000,1596400.0,24,F1,2000,,,,,
2026-08-25,2026-08-25,CM,NSE,STK,17598,INE073G01016,ASALCBR,EQ,,,,,ASSO ALCOHOLS & BREW LTD,725.35,731.5,720.0,722.55,720.5,725.35,,721.46,,,14075,10200209.0,1744,F1,1,,,,,
2026-08-25,2026-08-25,CM,NSE,STK,17728,INE563J01010,ASTEC,EQ,,,,,ASTEC LIFESCIENCES LTD,590.0,608.9,584.25,597.25,595.1,592.7,,597.27,,,21963,13122275.85,1854,F1,1,,,,,
2026-08-25,2026-08-25,CM,NSE,STK,1508,INE914M01019,ASTERDM,EQ,,,,,ASTER DM QUALITY CARE LTD,752.0,767.0,752.0,765.25,766.05,750.9,,765.44,,,1997998,1521935847.0,52761,F1,1,,,,,
2026-08-25,2026-08-25,CM,NSE,STK,11618,INE386C01029,ASTRAMICRO,EQ,,,,,ASTRA MICROWAVE LTD,1676.5,1726.9,1676.5,1708.0,1705.0,1664.9,,1707.93,,,429429,733356863.1,23603,F1,1,,,,,
2026-08-25,2026-08-25,CM,NSE,STK,14418,INE006I01046,ASTRAL,EQ,,,,,ASTRAL LIMITED,1524.6,1544.7,1519.0,1540.0,1540.0,1532.8,,1539.92,,,565330,865354098.2,34042,F1,1,,,,,
2026-08-25,2026-08-25,CM,NSE,STK,5610,INE203A01020,ASTRAZEN,EQ,,,,,ASTRAZENECA PHARMA IND LT,7264.0,7275.0,7110.0,7146.0,7140.5,7232.0,,7146.16,,,15334,109922627.5,3205,F1,1,,,,,
2026-08-25,2026-08-25,CM,NSE,STK,764445,INE646X01014,ASTRON,BZ,,,,,ASTRON PAPER BORD MIL LTD,3.02,3.05,2.89,2.95,2.94,3.02,,2.93,,,37400,110629.79,152,F1,1,,,,,
2026-08-25,2026-08-25,CM,NSE,STK,15649,INE0ALR01029,ATALREAL,EQ,,,,,ATAL REALTECH LIMITED,33.55,34.85,33.45,34.06,34.8,33.66,,34.06,,,8739787,295988559.83,5764,F1,1,,,,,
2026-08-25,2026-08-25,CM,NSE,STK,15404,INE09KD01013,ATAM,EQ,,,,,ATAM VALVES LIMITED,55.55,56.38,54.9,55.49,55.0,55.5,,55.49,,,9364,517249.82,177,F1,1,,,,,
2026-08-25,2026-08-25,CM,NSE,STK,756405,INE0V0Q01019,ATCENERGY,ST,,,,,ATC ENERGIES SYSTEM LTD,22.4,22.4,22.4,22.4,22.4,22.8,,22.4,,,3600,80640.0,3,F1,1200,,,,,
2026-08-25,2026-08-25,CM,NSE,STK,757645,INE0LEZ01016,ATHERENERG,EQ,,,,,ATHER ENERGY LIMITED,1454.8,1467.7,1430.0,1439.4,1442.9,1453.1,,1439.42,,,1064648,1540258473.7,33930,F1,1,,,,,
2026-08-25,2026-08-25,CM,NSE,STK,760953,IN90NN701011,ATLPP,E1,,,,,ATL RE.0.50 PPD UP,10.18,10.45,9.2,9.74,9.7,9.94,,9.75,,,14532,145284.14,43,F1,1,,,,,
2026-08-25,2026-08-25,CM,NSE,STK,759007,INE0Z4F01028,ATLANTAELE,EQ,,,,,ATLANTA ELECTRICALS LTD,1801.0,1812.0,1712.6,1719.6,1717.1,1819.5,,1719.61,,,120669,210633517.5,12787,F1,1,,,,,
2026-08-25,2026-08-25,CM,NSE,STK,13585,INE285H01022,ATLANTAA,EQ,,,,,ATLANTAA LIMITED,38.7,38.7,37.51,37.79,38.15,38.0,,37.79,,,23305,885899.27,480,F1,1,,,,,
2026-08-25,2026-08-25,CM,NSE,STK,4568,INE446A01025,ATLASCYCLE,EQ,,,,,ATLAS CYCLE (HARYANA) LTD,96.67,99.45,95.81,97.1,96.23,96.68,,97.1,,,817,78995.19,37,F1,1,,,,,
2026-08-25,2026-08-25,CM,NSE,STK,22785,INE05DH01017,ATMASTCO,SM,,,,,ATMASTCO LIMITED,143.35,147.4,143.35,147.15,147.2,141.85,,147.15,,,7600,1109020.0,17,F1,400,,,,,
2026-08-25,2026-08-25,CM,NSE,STK,30023,INE951D01028,ATULAUTO,EQ,,,,,ATUL AUTO LIMITED,488.95,488.95,480.55,485.95,487.0,485.4,,485.94,,,84857,41026426.1,2558,F1,1,,,,,
2026-08-25,2026-08-25,CM,NSE,STK,263,INE100A01010,ATUL,EQ,,,,,ATUL LTD,6425.0,6510.0,6386.5,6492.5,6505.5,6425.0,,6492.11,,,30738,198583794.0,8172,F1,1,,,,,
2026-08-25,2026-08-25,CM,NSE,STK,21238,INE949L01017,AUBANK,EQ,,,,,AU SMALL FINANCE BANK LTD,1114.0,1144.1,1105.1,1128.6,1128.6,1114.0,,1128.6,,,5688015,6454764657.3,76313,F1,1,,,,,
2026-08-25,2026-08-25,CM,NSE,STK,12022,INE132H01018,AURIONPRO,EQ,,,,,AURIONPRO SOLN LTD,709.0,715.05,690.05,711.35,711.3,708.6,,711.3,,,201399,140885568.85,6756,F1,1,,,,,
2026-08-25,2026-08-25,CM,NSE,STK,15869,INE0NUL01018,AUROIMPEX,SM,,,,,AURO IMPEX & CHEMICALS L,25.0,25.0,25.0,25.0,25.0,25.0,,25.0,,,1600,40000.0,1,F1,1600,,,,,
2026-08-25,2026-08-25,CM,NSE,STK,275,INE406A01037,AUROPHARMA,EQ,,,,,AUROBINDO PHARMA LTD,1604.1,1623.8,1598.8,1617.8,1617.8,1608.0,,1617.68,,,589518,951447175.4,23602,F1,1,,,,,
2026-08-25,2026-08-25,CM,NSE,STK,10310,INE898S01029,AURUM,EQ,,,,,AURUM PROPTECH LIMITED,232.0,237.0,230.38,236.46,237.0,232.17,,236.46,,,140550,32920997.28,2051,F1,1,,,,,
2026-08-25,2026-08-25,CM,NSE,STK,31468,INE142K01011,AURUS,EQ,,,,,AURUS GEM CORP LIMITED,4.74,4.74,4.48,4.59,4.6,4.65,,4.59,,,16685,75899.6,185,F1,1,,,,,
2026-08-25,2026-08-25,CM,NSE,STK,4037,INE218C01016,AUSOMENT,EQ,,,,,AUSOM ENTERPRISE LIMITED,149.98,151.0,146.0,147.59,147.0,147.69,,147.59,,,5315,784705.18,102,F1,1,,,,,
2026-08-25,2026-08-25,CM,NSE,STK,764608,INE759F01012,AUSTENG,EQ,,,,,AUSTIN ENGINEERING CO. L,127.0,128.99,122.75,123.17,123.18,126.4,,123.37,,,336,42061.96,20,F1,1,,,,,
2026-08-25,2026-08-25,CM,NSE,STK,21451,INE0P0001010,APS,SM,,,,,AUSTRALIAN PREM SOLAR I L,266.35,273.85,261.0,263.25,261.0,273.55,,263.25,,,17500,4645025.0,62,F1,250,,,,,
2026-08-25,2026-08-25,CM,NSE,STK,23553,INE206F01022,AIIL,EQ,,,,,AUTHUM INVEST & INFRA LTD,554.95,573.3,554.95,566.65,571.75,554.9,,566.6,,,279835,158132883.6,13645,F1,1,,,,,
2026-08-25,2026-08-25,CM,NSE,STK,14106,INE718H01014,AUTOIND,EQ,,,,,AUTOLINE INDUSTRIES LTD,89.1,91.14,87.41,89.47,90.28,89.87,,89.46,,,152853,13582728.41,1405,F1,1,,,,,
2026-08-25,2026-08-25,CM,NSE,STK,764558,INE451C01013,ACGL,EQ,,,,,AUTOMOBILE CORPN OF GOA L,1799.9,1828.8,1789.9,1794.4,1792.0,1793.8,,1801.88,,,102,183116.1,45,F1,1,,,,,
2026-08-25,2026-08-25,CM,NSE,STK,278,INE449A01011,AUTOAXLES,EQ,,,,,AUTOMOTIVE AXLES LIMITED,1743.8,1752.3,1715.2,1731.2,1736.5,1743.8,,1731.34,,,5745,9924433.3,804,F1,1,,,,,
2026-08-25,2026-08-25,CM,NSE,STK,10634,INE900C01027,ASAL,EQ,,,,,AUTOMOTIVE STAMPINGS & AS,493.8,500.4,486.25,489.75,486.25,493.8,,489.75,,,17271,8496015.6,909,F1,1,,,,,
2026-08-25,2026-08-25,CM,NSE,STK,21406,INE349W01017,AVADHSUGAR,EQ,,,,,AVADH SUG & ENERGY LTD,809.0,829.5,788.45,806.15,806.4,832.2,,806.14,,,352766,284668109.55,14349,F1,1,,,,,
2026-08-25,2026-08-25,CM,NSE,STK,15058,INE0LCL01028,AVALON,EQ,,,,,AVALON TECHNOLOGIES LTD,2119.4,2151.7,2077.0,2111.5,2101.1,2119.4,,2111.46,,,200866,424199850.9,22108,F1,1,,,,,
2026-08-25,2026-08-25,CM,NSE,STK,765030,INE758A01072,AVANCE,EQ,,,,,AVANCE TECHNOLOGIES LTD.,0.9,0.9,0.88,0.88,0.89,0.88,,0.89,,,3142695,2790122.08,1053,F1,1,,,,,
2026-08-25,2026-08-25,CM,NSE,STK,24610,INE005B01027,AVANTEL,EQ,,,,,AVANTEL LIMITED,158.0,159.33,157.5,157.78,158.0,158.66,,157.78,,,450556,71248946.07,4861,F1,1,,,,,
2026-08-25,2026-08-25,CM,NSE,STK,7936,INE871C01038,AVANTIFEED,EQ,,,,,AVANTI FEEDS LIMITED,853.45,861.3,841.0,843.9,842.75,853.45,,843.9,,,147810,125217494.85,8200,F1,1,,,,,
2026-08-25,2026-08-25,CM,NSE,STK,20503,INE617I01024,AVATAR,ST,,,,,AVATAR INDUSTRIES LIMITED,241.9,247.95,241.5,242.4,247.95,254.0,,242.4,,,18000,4363700.0,8,F1,2000,,,,,
2026-08-25,2026-08-25,CM,NSE,STK,19913,INE192R01011,DMART,EQ,,,,,AVENUE SUPERMARTS LIMITED,3940.0,3960.0,3897.4,3909.6,3909.6,3940.0,,3909.61,,,215829,845920108.3,21692,F1,1,,,,,
2026-08-25,2026-08-25,CM,NSE,STK,16249,INE483S01020,CCAVENUE,EQ,,,,,AVENUESAI LIMITED,15.03,15.18,14.91,15.06,15.14,15.03,,15.06,,,6372614,95870860.72,9589,F1,1,,,,,
2026-08-25,2026-08-25,CM,NSE,STK,15638,INE680Z01018,AVG,BE,,,,,AVG LOGISTICS LIMITED,187.99,187.99,183.0,186.35,186.35,187.97,,186.88,,,4754,886917.23,47,F1,1,,,,,
2026-08-25,2026-08-25,CM,NSE,STK,25520,INE0TFB01017,AVIANSH,SM,,,,,AVI ANSH TEXTILE LIMITED,104.0,104.0,101.0,101.0,101.0,104.5,,101.0,,,8000,814550.0,7,F1,1000,,,,,
2026-08-25,2026-08-25,CM,NSE,STK,755092,INE0V9I01017,AVIENCE,SM,,,,,AVIENCE BIOMEDICALS LTD,278.95,300.0,275.0,280.2,281.75,268.55,,280.2,,,65400,18659670.0,97,F1,600,,,,,
2026-08-25,2026-08-25,CM,NSE,STK,14069,INE855F01042,ASMS,BE,,,,,AVIO SMART MRKT STACK LTD,7.02,7.02,6.95,6.95,6.96,6.99,,6.95,,,119138,831329.38,256,F1,1,,,,,
2026-08-25,2026-08-25,CM,NSE,STK,13557,INE323B01024,AVONMORE,EQ,,,,,AVONMORE CAP&MGT SERV LTD,13.79,13.8,13.3,13.44,13.45,13.58,,13.44,,,233097,3145100.55,399,F1,1,,,,,
2026-08-25,2026-08-25,CM,NSE,STK,23159,INE0R9401019,AVPINFRA,SM,,,,,AVP INFRACON LIMITED,62.5,64.9,62.0,63.9,62.75,62.5,,63.9,,,29600,1874640.0,27,F1,800,,,,,
2026-08-25,2026-08-25,CM,NSE,STK,8827,INE652Z01025,AVROIND,EQ,,,,,AVRO INDIA LIMITED,9.15,9.6,8.95,9.14,9.25,9.09,,9.3,,,511483,4759264.57,1296,F1,1,,,,,
2026-08-25,2026-08-25,CM,NSE,STK,14008,INE488D01021,AVTNPL,EQ,,,,,AVT NATURAL PRODUCTS LTD,87.6,89.5,86.1,87.17,87.6,87.15,,87.17,,,184728,16180765.53,2871,F1,1,,,,,
2026-08-25,2026-08-25,CM,NSE,STK,23864,INE108V01019,AWFIS,EQ,,,,,AWFIS SPACE SOLUTIONS LTD,279.05,284.0,271.35,272.55,272.45,277.7,,272.48,,,310975,85588503.45,4572,F1,1,,,,,
2026-08-25,2026-08-25,CM,NSE,STK,8110,INE699H01024,AWL,EQ,,,,,AWL AGRI BUSINESS LIMITED,194.0,204.82,192.98,200.64,200.6,193.88,,200.63,,,16360851,3298100238.84,124218,F1,1,,,,,
2026-08-25,2026-08-25,CM,NSE,STK,5900,INE238A01034,AXISBANK,EQ,,,,,AXIS BANK LIMITED,1236.1,1240.5,1229.8,1235.0,1235.0,1236.0,,1235.0,,,3606504,4451063002.1,91231,F1,1,,,,,
2026-08-25,2026-08-25,CM,NSE,STK,1044,INF846K01X63,BNKETFAXIS,EQ,,,,,AXISAMC-BNKETFAXIS,593.7,594.44,590.62,592.0,592.0,593.48,,592.0,,,313,185540.0,15,F1,1,,,,,
2026-08-25,2026-08-25,CM,NSE,STK,5732,INF846K016C7,CONSUMAXIS,EQ,,,,,AXISAMC-CONSUMAXIS,123.69,125.0,123.45,125.0,125.0,123.32,,125.0,,,1774,219804.8,21,F1,1,,,,,
2026-08-25,2026-08-25,CM,NSE,STK,20532,INF846K01W80,GOLDAXIS,EQ,,,,,AXISAMC-GOLDAXIS,134.31,134.51,133.24,133.78,133.88,134.31,,133.78,,,1620658,216749016.27,5316,F1,1,,,,,
2026-08-25,2026-08-25,CM,NSE,STK,3608,INF846K01Z12,HEALTHAXIS,EQ,,,,,AXISAMC-HEALTHAXIS,166.88,190.0,166.78,169.82,172.13,166.57,,169.82,,,2708,454470.33,47,F1,1,,,,,
2026-08-25,2026-08-25,CM,NSE,STK,3010,INF846K01Y96,ITAXIS,EQ,,,,,AXISAMC-ITAXIS,337.89,339.2,334.0,337.8,339.2,335.2,,337.8,,,935,314293.89,56,F1,1,,,,,
2026-08-25,2026-08-25,CM,NSE,STK,21252,INF846K01W98,NIFTYAXIS,EQ,,,,,AXISAMC-NIFTYAXIS,273.06,273.06,267.22,269.11,269.5,267.71,,269.11,,,5016,1344493.44,135,F1,1,,,,,
2026-08-25,2026-08-25,CM,NSE,STK,14742,INF846K010Q0,SENSEXAXIS,EQ,,,,,AXISAMC-SENSEXAXIS,78.52,82.0,78.52,80.86,81.0,80.12,,80.86,,,1911,153677.2,54,F1,1,,,,,
2026-08-25,2026-08-25,CM,NSE,STK,11193,INF846K011K1,SILVERAXIS,EQ,,,,,AXISAMC-SILVERAXIS,238.5,240.03,237.17,237.74,237.88,240.82,,237.74,,,193613,46111935.32,4865,F1,1,,,,,
2026-08-25,2026-08-25,CM,NSE,STK,30155,INF846KA1119,VALUEAXIS,EQ,,,,,AXISAMC-VALUEAXIS,32.94,32.94,32.7,32.83,32.7,32.8,,32.81,,,68537,2247218.57,293,F1,1,,,,,
2026-08-25,2026-08-25,CM,NSE,STK,9436,INE555B01013,AXISCADES,EQ,,,,,AXISCADES TECH LTD,1564.8,1615.0,1557.8,1604.1,1605.0,1556.9,,1604.1,,,130984,209108279.4,11040,F1,1,,,,,
2026-08-25,2026-08-25,CM,NSE,STK,9902,INE02EZ01022,AXITA,EQ,,,,,AXITA COTTON LIMITED,8.05,8.3,7.8,7.98,7.8,7.98,,8.0,,,2172120,17712022.81,2724,F1,1,,,,,
2026-08-25,2026-08-25,CM,NSE,STK,764613,INE767C01012,AXTEL,EQ,,,,,AXTEL INDUSTRIES LTD.,406.3,418.9,406.0,416.4,416.85,406.1,,415.08,,,1452,599773.8,95,F1,1,,,,,
2026-08-25,2026-08-25,CM,NSE,STK,760981,INE501X01029,AYE,EQ,,,,,AYE FINANCE LIMITED,168.86,177.9,164.28,172.84,173.46,167.18,,172.85,,,2001332,347433119.08,23745,F1,1,,,,,
2026-08-25,2026-08-25,CM,NSE,STK,10285,INE193B01039,AYMSYNTEX,EQ,,,,,AYM SYNTEX LIMITED,248.0,260.0,248.0,254.6,256.95,248.55,,254.6,,,21209,5370859.55,748,F1,1,,,,,
2026-08-25,2026-08-25,CM,NSE,STK,20905,INE02IJ01035,AZAD,EQ,,,,,AZAD ENGINEERING LIMITED,2791.0,2916.9,2791.0,2804.5,2810.0,2796.2,,2804.5,,,738435,2101912484.0,48552,F1,1,,,,,
2026-08-25,2026-08-25,CM,NSE,STK,765035,INE566M01017,AZADIND,EQ,,,,,AZAD INDIA MOBILITY LTD.,91.0,92.06,90.56,90.71,90.8,90.67,,90.73,,,25897,2362970.85,316,F1,1,,,,,
2026-08-25,2026-08-25,CM,NSE,STK,12153,INE01EE01011,BBTCL,EQ,,,,,B&B TRIPLEWALL CONT LTD,239.95,240.0,233.2,235.77,235.3,240.93,,235.69,,,5177,1227855.54,307,F1,1,,,,,
2026-08-25,2026-08-25,CM,NSE,STK,11226,INE116D01028,BAGFILMS,EQ,,,,,B.A.G FILMS AND MEDIA LTD,4.46,4.53,4.18,4.38,4.44,4.41,,4.38,,,222152,970457.24,397,F1,1,,,,,
2026-08-25,2026-08-25,CM,NSE,STK,13290,INE350H01032,BLKASHYAP,EQ,,,,,B.L.KASHYAP & SON LTD,52.45,53.25,51.89,52.45,52.68,52.44,,52.45,,,188829,9913265.59,973,F1,1,,,,,
2026-08-25,2026-08-25,CM,NSE,STK,25114,INE01FR01028,STYLEBAAZA,EQ,,,,,BAAZAR STYLE RETAIL LTD,385.6,400.8,377.0,394.5,395.95,396.8,,394.51,,,3325644,1305532477.7,24490,F1,1,,,,,
2026-08-25,2026-08-25,CM,NSE,STK,20141,INE0QW501012,BABAFP,SM,,,,,BABA FOOD PROCESSING,22.25,22.4,22.25,22.4,22.4,22.25,,22.4,,,3200,71440.0,2,F1,1600,,,,,
2026-08-25,2026-08-25,CM,NSE,STK,17735,INE878I01022,BAFNAPH,BE,,,,,BAFNA PHARMACEUTICALS LTD,255.0,267.25,255.0,267.25,267.25,254.55,,269.78,,,10741,2816052.3,117,F1,1,,,,,
2026-08-25,2026-08-25,CM,NSE,STK,763363,INE2OVN25015,BAGMANE,RR,,,,,BAGMANE PRIME OFFICE REIT,106.8,107.5,106.01,106.69,106.67,106.6,,106.7,,,539828,57749145.24,10115,F1,1,,,,,
2026-08-25,2026-08-25,CM,NSE,STK,12989,INE029Q01017,BAHETI,SM,,,,,BAHETI RECYCLING IND LTD,843.0,843.9,827.5,841.85,842.0,829.8,,841.85,,,26250,21942506.25,60,F1,375,,,,,
2026-08-25,2026-08-25,CM,NSE,STK,13794,INE020D01022,BAIDFIN,EQ,,,,,BAID FINSERV LIMITED,9.74,9.88,9.6,9.7,9.74,9.64,,9.67,,,29473,286022.92,150,F1,1,,,,,
2026-08-25,2026-08-25,CM,NSE,STK,16669,INE917I01010,BAJAJ-AUTO,EQ,,,,,BAJAJ AUTO LIMITED,11800.0,11927.0,11722.0,11927.0,11927.0,11800.0,,11926.98,,,159272,1880661414.0,23704,F1,1,,,,,
2026-08-25,2026-08-25,CM,NSE,STK,19531,INE933K01021,BAJAJCON,EQ,,,,,BAJAJ CONSUMER CARE LTD,468.8,481.8,453.7,455.05,456.2,463.2,,455.05,,,939360,434984501.45,31230,F1,1,,,,,
2026-08-25,2026-08-25,CM,NSE,STK,15034,INE193E01025,BAJAJELEC,EQ,,,,,BAJAJ ELECT.LTD,342.3,345.8,332.65,334.35,335.5,344.65,,334.35,,,384533,129150748.1,10173,F1,1,,,,,
2026-08-25,2026-08-25,CM,NSE,STK,317,INE296A01032,BAJFINANCE,EQ,,,,,BAJAJ FINANCE LIMITED,1077.0,1087.4,1066.3,1087.4,1087.4,1077.0,,1087.35,,,2770499,2987676408.8,73198,F1,1,,,,,
2026-08-25,2026-08-25,CM,NSE,STK,16675,INE918I01026,BAJAJFINSV,EQ,,,,,BAJAJ FINSERV LTD.,2004.9,2011.7,1985.0,2004.0,2004.0,2001.7,,2003.97,,,410121,819227406.8,45220,F1,1,,,,,
2026-08-25,2026-08-25,CM,NSE,STK,6863,INE411U01027,BAJAJHCARE,EQ,,,,,BAJAJ HEALTHCARE LIMITED,324.9,324.9,319.05,320.1,320.1,321.55,,320.11,,,40621,13008849.0,1271,F1,1,,,,,
2026-08-25,2026-08-25,CM,NSE,STK,308,INE306A01021,BAJAJHIND,EQ,,,,,BAJAJ HINDUSTHAN SUGAR LT,24.1,24.35,22.2,22.81,22.7,24.23,,22.81,,,113245372,2618029859.09,131829,F1,1,,,,,
2026-08-25,2026-08-25,CM,NSE,STK,305,INE118A01012,BAJAJHLDNG,EQ,,,,,BAJAJ HOLDINGS & INVS LTD,11120.0,11290.0,10811.0,11290.0,11290.0,11120.0,,11290.0,,,64609,722389202.0,13631,F1,1,,,,,
2026-08-25,2026-08-25,CM,NSE,STK,25270,INE377Y01014,BAJAJHFL,EQ,,,,,BAJAJ HOUSING FINANCE LTD,84.0,84.33,83.78,84.02,84.07,84.05,,84.02,,,1822737,153028113.51,16220,F1,1,,,,,
2026-08-25,2026-08-25,CM,NSE,STK,762563,INE704G01024,BAJAJST,EQ,,,,,BAJAJ STEEL INDS. LTD.,350.55,359.1,350.55,356.85,358.3,353.2,,356.97,,,6924,2467672.35,361,F1,1,,,,,
2026-08-25,2026-08-25,CM,NSE,STK,20531,INE0KQN01018,BAJEL,EQ,,,,,BAJEL PROJECTS LIMITED,190.8,190.8,187.2,188.0,188.0,192.09,,188.0,,,66495,12541356.42,1621,F1,1,,,,,
2026-08-25,2026-08-25,CM,NSE,STK,13441,INE083D01012,BALPHARMA,EQ,,,,,BAL PHARMA LTD.,86.99,86.99,85.07,85.22,85.89,85.19,,85.34,,,4675,399135.51,151,F1,1,,,,,
2026-08-25,2026-08-25,CM,NSE,STK,14501,INE050E01027,BALAMINES,EQ,,,,,BALAJI AMINES LIMITED,2241.6,2390.0,2205.3,2343.6,2370.1,2224.5,,2343.78,,,600325,1378379029.7,46151,F1,1,,,,,
2026-08-25,2026-08-25,CM,NSE,STK,30030,INE0PQ601019,BALAJIPHOS,SM,,,,,BALAJI PHOSPHATES LIMITED,89.5,89.5,89.5,89.5,89.5,90.1,,89.5,,,1000,89500.0,1,F1,1000,,,,,
2026-08-25,2026-08-25,CM,NSE,STK,9158,INE794B01026,BALAJITELE,EQ,,,,,BALAJI TELEFILMS LIMITED.,96.37,97.15,94.18,95.09,94.6,95.7,,95.1,,,153988,14684803.76,1391,F1,1,,,,,
2026-08-25,2026-08-25,CM,NSE,STK,11309,INE618N01022,BALAXI,EQ,,,,,BALAXI PHARMA LTD,23.35,23.35,22.31,22.83,22.96,22.81,,22.83,,,10635,241698.74,122,F1,1,,,,,
2026-08-25,2026-08-25,CM,NSE,STK,335,INE787D01026,BALKRISIND,EQ,,,,,BALKRISHNA IND. LTD,2379.4,2379.4,2311.0,2366.3,2373.0,2358.4,,2366.33,,,237695,558095973.7,32118,F1,1,,,,,
2026-08-25,2026-08-25,CM,NSE,STK,10181,INE875R01011,BALKRISHNA,EQ,,,,,BALKRISHNA PAPER MILLS L,17.45,17.8,17.1,17.21,17.55,17.26,,17.22,,,27160,474183.19,66,F1,1,,,,,
2026-08-25,2026-08-25,CM,NSE,STK,338,INE164A01016,BALMLAWRIE,EQ,,,,,BALMER LAWRIE & CO LTD,176.1,176.89,174.81,175.16,175.4,176.08,,175.18,,,68298,11974064.94,1424,F1,1,,,,,
2026-08-25,2026-08-25,CM,NSE,STK,762603,INE525F01025,BLIL,EQ,,,,,BALMER LAWRIE INVSTS. L,72.47,72.47,71.5,71.9,71.94,72.01,,71.87,,,52679,3789663.21,1006,F1,1,,,,,
2026-08-25,2026-08-25,CM,NSE,STK,341,INE119A01028,BALRAMCHIN,EQ,,,,,BALRAMPUR CHINI MILLS LTD,686.55,703.1,663.3,668.1,667.5,695.5,,668.08,,,5009522,3398395946.15,92440,F1,1,,,,,
2026-08-25,2026-08-25,CM,NSE,STK,23607,INE011E01029,BALUFORGE,EQ,,,,,BALU FORGE INDUSTRIES LTD,622.75,626.8,607.0,609.6,608.1,632.2,,609.63,,,2738438,1686093778.2,45207,F1,1,,,,,
2026-08-25,2026-08-25,CM,NSE,STK,347,INE655B01011,BANARBEADS,EQ,,,,,BANARAS BEADS LTD,112.67,114.71,110.15,110.52,110.5,112.67,,110.5,,,2387,266138.7,56,F1,1,,,,,
2026-08-25,2026-08-25,CM,NSE,STK,13880,INE213C01025,BANCOINDIA,EQ,,,,,BANCO PRODUCTS (I) LTD,623.8,625.65,609.9,616.75,614.8,623.8,,616.76,,,164040,101195274.55,10243,F1,1,,,,,
2026-08-25,2026-08-25,CM,NSE,STK,2263,INE545U01014,BANDHANBNK,EQ,,,,,BANDHAN BANK LIMITED,174.4,175.47,172.45,173.5,173.5,173.9,,173.51,,,4336723,753739183.45,35314,F1,1,,,,,
2026-08-25,2026-08-25,CM,NSE,STK,760325,INF194KB1KJ7,GOLDBND,EQ,,,,,BANDHANAMC - GOLDBND,160.67,161.98,159.54,159.81,160.5,160.69,,160.0,,,17409,2790393.48,214,F1,1,,,,,
2026-08-25,2026-08-25,CM,NSE,STK,18783,INF194KA1U07,IDFNIFTYET,EQ,,,,,BANDHANAMC - IDFNIFTYET,266.82,268.6,265.0,268.6,268.6,268.16,,268.6,,,1788,476631.12,43,F1,1,,,,,
2026-08-25,2026-08-25,CM,NSE,STK,760328,INF194KB1KI9,SILVERBND,EQ,,,,,BANDHANAMC - SILVERBND,241.8,242.19,237.78,240.02,239.5,242.79,,240.02,,,20941,5033217.62,145,F1,1,,,,,
2026-08-25,2026-08-25,CM,NSE,STK,15303,INE863I01016,BANG,EQ,,,,,BANG OVERSEAS LTD.,35.0,36.3,32.77,34.71,33.3,34.04,,34.85,,,690961,24297782.26,1734,F1,1,,,,,
2026-08-25,2026-08-25,CM,NSE,STK,4668,INE028A01039,BANKBARODA,EQ,,,,,BANK OF BARODA,241.5,242.9,239.9,241.0,241.0,241.5,,241.04,,,11320890,2730364478.19,74735,F1,1,,,,,
2026-08-25,2026-08-25,CM,NSE,STK,4745,INE084A01016,BANKINDIA,EQ,,,,,BANK OF INDIA,141.43,143.99,140.9,143.99,143.99,142.0,,143.96,,,6580120,940525768.43,33511,F1,1,,,,,
2026-08-25,2026-08-25,CM,NSE,STK,11377,INE457A01014,MAHABANK,EQ,,,,,BANK OF MAHARASHTRA,80.71,82.93,80.51,81.7,81.85,80.7,,81.7,,,19104372,1565961101.14,90957,F1,1,,,,,
2026-08-25,2026-08-25,CM,NSE,STK,822,INE862Y01015,BANKA,EQ,,,,,BANKA BIOLOO LIMITED,81.9,81.9,79.1,79.9,81.8,81.9,,79.9,,,1432,114481.04,54,F1,1,,,,,
2026-08-25,2026-08-25,CM,NSE,STK,12037,INE186H01022,BASML,BE,,,,,BANNARI AM SPIN MILL LTD.,25.01,25.71,25.01,25.2,25.3,24.99,,25.2,,,12525,315851.16,53,F1,1,,,,,
2026-08-25,2026-08-25,CM,NSE,STK,350,INE459A01010,BANARISUG,EQ,,,,,BANNARI AMMAN SUGARS LTD,3965.1,3965.1,3882.2,3899.9,3915.0,3997.9,,3899.89,,,3615,14182341.0,943,F1,1,,,,,
2026-08-25,2026-08-25,CM,NSE,STK,24386,INE0B9K01025,BANSALWIRE,EQ,,,,,BANSAL WIRE INDUSTRIES L,319.2,322.25,315.6,318.15,317.0,321.9,,318.17,,,65662,20947804.3,5908,F1,1,,,,,
2026-08-25,2026-08-25,CM,NSE,STK,14511,INE629D01020,BANSWRAS,EQ,,,,,BANSWARA SYNTEX LIMITED,121.64,123.49,118.5,119.58,120.0,121.59,,119.64,,,19160,2308203.16,268,F1,1,,,,,
2026-08-25,2026-08-25,CM,NSE,STK,15073,INE139I01011,BVCL,EQ,,,,,BARAK VALLEY CEM. LTD.,41.21,44.4,41.21,42.81,42.6,41.63,,42.87,,,244547,10532885.14,652,F1,1,,,,,
2026-08-25,2026-08-25,CM,NSE,STK,29176,INE0QX401014,BARFLEX,SM,,,,,BARFLEX POLYFILMS LIMITED,63.95,63.95,60.1,60.1,60.1,63.0,,60.1,,,4000,248100.0,2,F1,2000,,,,,
2026-08-25,2026-08-25,CM,NSE,STK,24117,INF251K01TL6,BBNPNBETF,EQ,,,,,BARODABNP - BBNPNBETF,58.12,59.72,57.68,59.72,59.72,58.61,,59.72,,,6080,353128.57,19,F1,1,,,,,
2026-08-25,2026-08-25,CM,NSE,STK,20547,INF251K01SU9,BBNPPGOLD,EQ,,,,,BARODABNP - BBNPPGOLD,156.05,156.95,154.1,155.35,154.85,156.05,,155.24,,,5765,896509.6,105,F1,1,,,,,
2026-08-25,2026-08-25,CM,NSE,STK,368,INE373A01013,BASF,EQ,,,,,BASF INDIA LTD,3904.5,3909.0,3841.0,3872.2,3886.0,3878.6,,3872.09,,,16102,62330601.5,3089,F1,1,,,,,
2026-08-25,2026-08-25,CM,NSE,STK,18442,INE0OCC01013,BASILIC,SM,,,,,BASILIC FLY STUDIO LTD,192.0,194.0,185.0,187.25,186.0,193.2,,187.25,,,14700,2771130.0,44,F1,300,,,,,
2026-08-25,2026-08-25,CM,NSE,STK,371,INE176A01028,BATAINDIA,EQ,,,,,BATA INDIA LTD,686.25,689.35,680.8,684.7,686.5,686.25,,684.7,,,111675,76398026.8,6128,F1,1,,,,,
2026-08-25,2026-08-25,CM,NSE,STK,762568,INE177C01022,BATLIBOI,EQ,,,,,BATLIBOI LTD.,87.5,88.5,85.3,86.13,86.4,87.6,,86.13,,,20769,1802862.95,840,F1,1,,,,,
2026-08-25,2026-08-25,CM,NSE,STK,22574,INE0JFJ01011,BAWEJA,ST,,,,,BAWEJA STUDIOS LIMITED,22.65,23.35,22.65,23.35,23.35,23.55,,23.35,,,2400,55440.0,3,F1,800,,,,,
2026-08-25,2026-08-25,CM,NSE,STK,17927,INE462A01022,BAYERCROP,EQ,,,,,BAYER CROPSCIENCE LTD,4049.0,4095.8,4030.5,4089.5,4094.0,4043.6,,4089.28,,,20364,82755364.4,4314,F1,1,,,,,
2026-08-25,2026-08-25,CM,NSE,STK,2513,INE412G01024,BCLIND,EQ,,,,,BCL INDUSTRIES LIMITED,37.98,38.3,37.42,37.71,37.8,37.99,,37.7,,,716112,27014270.99,3733,F1,1,,,,,
2026-08-25,2026-08-25,CM,NSE,STK,761494,INE00SW01015,BCPL,EQ,,,,,BCPL RAILWAY INFRA LTD,70.6,70.6,69.0,69.84,70.1,70.06,,69.93,,,5847,406579.78,163,F1,1,,,,,
2026-08-25,2026-08-25,CM,NSE,STK,23922,INE639X01027,BEACON,SM,,,,,BEACON TRUSTEESHIP LTD,82.5,82.5,81.5,81.6,81.6,82.5,,81.6,,,6000,491300.0,5,F1,1000,,,,,
2026-08-25,2026-08-25,CM,NSE,STK,17933,INE520H01022,BEARDSELL,EQ,,,,,BEARDSELL LIMITED,25.96,27.0,25.73,26.79,26.62,26.23,,26.79,,,24345,642669.3,152,F1,1,,,,,
2026-08-25,2026-08-25,CM,NSE,STK,20196,INE844K01012,BEDMUTHA,EQ,,,,,BEDMUTHA INDUST LTD,109.05,109.05,104.0,108.12,107.75,108.5,,108.12,,,6336,673336.79,75,F1,1,,,,,
2026-08-25,2026-08-25,CM,NSE,STK,762573,INE213D01015,BEEKAY,EQ,,,,,BEEKAY STEEL INDS. LTD.,435.0,438.0,426.2,434.35,435.0,444.05,,436.34,,,1905,823276.0,76,F1,1,,,,,
2026-08-25,2026-08-25,CM,NSE,STK,765291,INE1EEM01017,BLEL,EQ,,,,,BEHARI LAL ENGINEERING L,463.75,474.55,441.3,450.3,451.0,460.15,,450.43,,,2752275,1259934578.35,44695,F1,1,,,,,
2026-08-25,2026-08-25,CM,NSE,STK,757938,INE344T01014,BELLACASA,EQ,,,,,BELLA CASA FASH AND RET L,229.0,230.47,216.0,223.36,222.16,229.19,,223.35,,,18153,4032020.24,754,F1,1,,,,,
2026-08-25,2026-08-25,CM,NSE,STK,757102,INE894V01022,BELRISE,EQ,,,,,BELRISE INDUSTRIES LTD,229.2,231.1,227.2,227.95,228.05,229.2,,227.95,,,1815539,414565357.23,25095,F1,1,,,,,
2026-08-25,2026-08-25,CM,NSE,STK,15067,INE0N7W01012,BLAL,EQ,,,,,BEML LAND ASSETS LIMITED,169.83,169.83,166.91,167.0,166.92,168.24,,167.0,,,27147,4546433.2,351,F1,1,,,,,
2026-08-25,2026-08-25,CM,NSE,STK,395,INE258A01024,BEML,EQ,,,,,BEML LIMITED,1926.0,1977.0,1902.6,1923.0,1922.0,1915.0,,1922.98,,,362954,702459338.3,31562,F1,1,,,,,
2026-08-25,2026-08-25,CM,NSE,STK,764618,INE664D01019,BENARAS,EQ,,,,,BENARES HOTELS LTD.,10300.0,10300.0,10201.0,10201.0,10201.0,10336.0,,10201.0,,,33,337410.0,10,F1,1,,,,,
2026-08-25,2026-08-25,CM,NSE,STK,762578,INE083K01017,BENGALASM,EQ,,,,,BENGAL & ASSAM CO. LTD.,6170.0,6170.0,6150.5,6165.0,6165.0,6184.5,,6161.67,,,32,197135.0,9,F1,1,,,,,
2026-08-25,2026-08-25,CM,NSE,STK,404,INE463A01038,BERGEPAINT,EQ,,,,,BERGER PAINTS (I) LTD,515.5,517.4,508.0,509.85,509.05,515.5,,509.86,,,210006,107413443.6,14695,F1,1,,,,,
2026-08-25,2026-08-25,CM,NSE,STK,2306,INE052T01021,BESTAGRO,EQ,,,,,BEST AGROLIFE LIMITED,17.86,18.16,17.47,17.69,17.76,17.71,,17.69,,,471922,8383794.72,1502,F1,1,,,,,
2026-08-25,2026-08-25,CM,NSE,STK,759842,INE351Y01019,BETA,EQ,,,,,BETA DRUGS LIMITED,2307.0,2319.5,2251.0,2287.2,2297.5,2307.0,,2287.2,,,9982,22678302.4,1726,F1,1,,,,,
2026-08-25,2026-08-25,CM,NSE,STK,5662,INE0HQI01014,BEWLTD,SM,,,,,BEW ENGINEERING LIMITED,51.0,52.7,51.0,51.35,51.4,51.3,,51.35,,,13000,673150.0,24,F1,500,,,,,
2026-08-25,2026-08-25,CM,NSE,STK,21113,INE878K01010,BFINVEST,EQ,,,,,BF INVESTMENT LIMITED,451.0,451.0,446.35,448.95,447.05,448.85,,448.57,,,8250,3697438.2,654,F1,1,,,,,
2026-08-25,2026-08-25,CM,NSE,STK,14567,INE243D01012,BFUTILITIE,EQ,,,,,BF UTILITIES LIMITED,515.0,521.9,515.0,519.9,521.5,515.75,,519.89,,,24380,12645582.15,1005,F1,1,,,,,
2026-08-25,2026-08-25,CM,NSE,STK,764183,INF0QA701CI0,BANK10BETF,EQ,,,,,BFAM - BANK10BETF,20.85,21.54,20.69,20.88,20.92,20.98,,20.87,,,941,19634.29,7,F1,1,,,,,
2026-08-25,2026-08-25,CM,NSE,STK,21986,INF0QA701714,BANKBETF,EQ,,,,,BFAM - BANKBETF,58.38,58.72,58.17,58.36,58.54,58.32,,58.32,,,3236,189121.82,212,F1,1,,,,,
2026-08-25,2026-08-25,CM,NSE,STK,23915,INF0QA701854,LIQUIDBETF,EQ,,,,,BFAM - LIQUIDBETF,1096.17,1096.19,1096.17,1096.18,1096.17,1095.91,,1096.18,,,178990,196205846.74,188,F1,1,,,,,
2026-08-25,2026-08-25,CM,NSE,STK,21959,INF0QA701722,NIFTYBETF,EQ,,,,,BFAM - NIFTYBETF,249.18,250.62,248.17,249.75,250.62,249.18,,249.6,,,858,213543.13,52,F1,1,,,,,
2026-08-25,2026-08-25,CM,NSE,STK,15193,INE661I01014,BGRENERGY,BE,,,,,BGR ENERGY SYSTEMS LTD,232.5,244.75,230.05,244.75,244.75,233.1,,244.75,,,76431,18189748.9,436,F1,1,,,,,
2026-08-25,2026-08-25,CM,NSE,STK,758228,INE0ZRC01017,BHADORA,ST,,,,,BHADORA INDUSTRIES LTD,115.25,120.0,113.8,113.8,113.8,119.75,,113.8,,,22800,2647440.0,18,F1,1200,,,,,
2026-08-25,2026-08-25,CM,NSE,STK,13427,INE354C01027,BHAGERIA,BE,,,,,BHAGERIA INDUSTRIES LTD,227.0,233.0,218.0,222.19,225.0,223.33,,222.17,,,106368,24106798.22,792,F1,1,,,,,
2026-08-25,2026-08-25,CM,NSE,STK,6164,INE414D01027,BHAGCHEM,EQ,,,,,BHAGIRADHA CHEM & INDS L,283.0,289.9,280.0,287.2,289.2,282.9,,287.23,,,41915,11910018.2,1315,F1,1,,,,,
2026-08-25,2026-08-25,CM,NSE,STK,20776,INE458B01036,BHAGYANGR,EQ,,,,,BHAGYANAGAR INDIA LIMITED,392.0,394.3,380.4,383.3,384.0,388.95,,383.29,,,54521,20936170.85,1903,F1,1,,,,,
2026-08-25,2026-08-25,CM,NSE,STK,19556,INE474E01029,BHANDARI,EQ,,,,,BHANDARI HOSIERY EXP LTD,3.1,3.1,3.03,3.04,3.06,3.06,,3.04,,,61811,188777.9,213,F1,1,,,,,
2026-08-25,2026-08-25,CM,NSE,STK,419,INE922A01025,BEPL,EQ,,,,,BHANSALI ENG. POLYMERS LT,126.5,131.5,125.21,129.62,129.4,125.26,,129.62,,,4645166,602523134.58,31346,F1,1,,,,,
2026-08-25,2026-08-25,CM,NSE,STK,13761,INE464A01036,BBL,EQ,,,,,BHARAT BIJLEE LTD,2384.9,2393.6,2329.2,2348.7,2341.1,2384.9,,2348.78,,,21847,51317144.9,3351,F1,1,,,,,
2026-08-25,2026-08-25,CM,NSE,STK,760726,INE05XR01022,BHARATCOAL,EQ,,,,,BHARAT COKING COAL LTD,34.8,34.89,34.14,34.35,34.36,34.97,,34.35,,,4854950,166642465.09,15678,F1,1,,,,,
2026-08-25,2026-08-25,CM,NSE,STK,2144,INE171Z01026,BDL,EQ,,,,,BHARAT DYNAMICS LIMITED,1363.0,1393.7,1352.0,1359.9,1359.9,1368.0,,1359.74,,,2155826,2959947218.3,41950,F1,1,,,,,
2026-08-25,2026-08-25,CM,NSE,STK,383,INE263A01024,BEL,EQ,,,,,BHARAT ELECTRONICS LTD,407.0,413.25,405.95,413.25,413.25,409.0,,413.24,,,9410099,3850949921.45,119641,F1,1,,,,,
2026-08-25,2026-08-25,CM,NSE,STK,422,INE465A01025,BHARATFORG,EQ,,,,,BHARAT FORGE LTD,2040.5,2052.5,2026.0,2052.5,2052.5,2041.0,,2052.42,,,559434,1137774350.1,24420,F1,1,,,,,
2026-08-25,2026-08-25,CM,NSE,STK,9397,INE561C01019,BHARATGEAR,BE,,,,,BHARAT GEARS LTD,102.0,104.52,101.05,104.02,104.5,101.78,,104.05,,,8135,839380.0,147,F1,1,,,,,
2026-08-25,2026-08-25,CM,NSE,STK,764623,INE365Y01019,BPLPHARMA,EQ,,,,,BHARAT PARENTERALS LTD.,1499.9,1499.9,1410.8,1472.4,1488.0,1441.2,,1476.08,,,1334,1954325.5,147,F1,1,,,,,
2026-08-25,2026-08-25,CM,NSE,STK,526,INE029A01011,BPCL,EQ,,,,,BHARAT PETROLEUM CORP  LT,312.05,319.75,311.1,318.1,318.1,311.9,,318.1,,,6592471,2075671864.15,35516,F1,1,,,,,
2026-08-25,2026-08-25,CM,NSE,STK,3834,INE838B01021,BHARATRAS,EQ,,,,,BHARAT RASAYAN LTD,1275.2,1298.8,1269.0,1273.2,1275.0,1283.1,,1273.17,,,9935,12672497.1,1424,F1,1,,,,,
2026-08-25,2026-08-25,CM,NSE,STK,21683,INE727S01012,BRNL,EQ,,,,,BHARAT ROAD NETWORK LTD,17.55,17.55,17.0,17.3,17.34,17.18,,17.28,,,9183,157997.32,157,F1,1,,,,,
2026-08-25,2026-08-25,CM,NSE,STK,30244,INE415D01024,BHARATSE,EQ,,,,,BHARAT SEATS LIMITED,224.45,225.0,220.15,222.27,221.8,226.21,,222.29,,,137370,30537830.32,2961,F1,1,,,,,
2026-08-25,2026-08-25,CM,NSE,STK,16123,INE316L01019,BHARATWIRE,EQ,,,,,BHARAT WIRE ROPES LTD.,185.79,191.0,185.19,189.25,189.2,186.73,,189.24,,,75622,14182556.94,1684,F1,1,,,,,
2026-08-25,2026-08-25,CM,NSE,STK,10604,INE397D01024,BHARTIARTL,EQ,,,,,BHARTI AIRTEL LIMITED,1926.0,1947.0,1923.4,1947.0,1947.0,1935.0,,1947.0,,,3820206,7402776825.7,85541,F1,1,,,,,
2026-08-25,2026-08-25,CM,NSE,STK,23489,INE343G01021,BHARTIHEXA,EQ,,,,,BHARTI HEXACOM LIMITED,1594.8,1611.3,1587.3,1592.9,1595.0,1605.8,,1592.9,,,56186,89866848.1,10352,F1,1,,,,,
2026-08-25,2026-08-25,CM,NSE,STK,7848,INE828A01016,BIL,EQ,,,,,BHARTIYA INTERNATIONAL,846.6,850.0,840.0,845.75,850.0,835.45,,845.75,,,8250,6943075.05,178,F1,1,,,,,
2026-08-25,2026-08-25,CM,NSE,STK,438,INE257A01026,BHEL,EQ,,,,,BHEL,410.8,417.0,408.15,417.0,417.0,411.4,,416.98,,,4652600,1916131004.95,45236,F1,1,,,,,
2026-08-25,2026-08-25,CM,NSE,STK,762621,INE274K01012,BTTL,BE,,,,,BHILWARA TECHNICAL TEXT L,44.5,45.5,44.0,45.43,45.5,44.28,,45.43,,,1112,49141.85,14,F1,1,,,,,
2026-08-25,2026-08-25,CM,NSE,STK,18431,INE412U01025,BIGBLOC,EQ,,,,,BIGBLOC CONSTRUCTION LTD,43.0,43.98,43.0,43.73,43.94,42.88,,43.74,,,21650,942878.3,386,F1,1,,,,,
2026-08-25,2026-08-25,CM,NSE,STK,11966,INE00E101023,BIKAJI,EQ,,,,,BIKAJI FOODS INTERN LTD,602.95,605.0,598.1,599.8,601.9,602.95,,599.86,,,106743,64126210.15,4999,F1,1,,,,,
2026-08-25,2026-08-25,CM,NSE,STK,25527,INE0SQH01013,BIKEWO,ST,,,,,BIKEWO GREEN TECH LIMITED,85.5,85.5,85.5,85.5,85.5,89.95,,85.5,,,10000,855000.0,5,F1,2000,,,,,
2026-08-25,2026-08-25,CM,NSE,STK,13622,INE071A01013,BILVYAPAR,BE,,,,,BIL VYAPAR LIMITED,4.22,4.4,4.22,4.25,4.25,4.22,,4.4,,,8800,37639.01,34,F1,1,,,,,
2026-08-25,2026-08-25,CM,NSE,STK,762586,INE986A01012,BI,BE,,,,,BILCARE LTD.,97.64,97.64,90.63,94.39,94.95,95.39,,95.59,,,59397,5438028.55,237,F1,1,,,,,
2026-08-25,2026-08-25,CM,NSE,STK,759806,INE0HOQ01053,GROWW,EQ,,,,,BILLIONBRAINS GARAGE VN L,196.4,205.21,196.11,203.01,203.2,196.47,,203.01,,,53203469,10785776119.52,219946,F1,1,,,,,
2026-08-25,2026-08-25,CM,NSE,STK,762588,INE469A01019,BIMETAL,EQ,,,,,BIMETAL BEARINGS LTD.,619.75,625.0,604.0,623.05,625.0,619.75,,623.05,,,464,285836.05,36,F1,1,,,,,
2026-08-25,2026-08-25,CM,NSE,STK,763598,INE1BKA01015,BMLL,SM,,,,,BIO MEDICA LABORATORIES L,155.0,155.0,153.0,153.5,153.5,156.0,,153.5,,,6000,923100.0,6,F1,1000,,,,,
2026-08-25,2026-08-25,CM,NSE,STK,11373,INE376G01013,BIOCON,EQ,,,,,BIOCON LIMITED.,410.9,417.2,407.0,417.2,417.2,409.4,,417.16,,,3087232,1273821674.85,29222,F1,1,,,,,
2026-08-25,2026-08-25,CM,NSE,STK,4136,INE829A01014,BIOFILCHEM,EQ,,,,,BIOFIL CHEM & PHARMA LTD,32.34,33.98,31.46,32.06,32.48,32.34,,32.15,,,424640,13976737.96,986,F1,1,,,,,
2026-08-25,2026-08-25,CM,NSE,STK,760942,INE0XW001014,BIOPOL,SM,,,,,BIOPOL CHEMICALS LIMITED,95.9,97.85,92.0,96.55,96.7,99.35,,96.55,,,400800,38345520.0,225,F1,1200,,,,,
2026-08-25,2026-08-25,CM,NSE,STK,6815,INE800A01015,BIRLACABLE,BE,,,,,BIRLA CABLE LIMITED,271.0,271.0,262.0,266.11,268.9,271.0,,266.29,,,64742,17305515.7,1073,F1,1,,,,,
2026-08-25,2026-08-25,CM,NSE,STK,480,INE340A01012,BIRLACORPN,EQ,,,,,BIRLA CORPORATION LTD,889.05,890.95,878.0,880.1,878.6,889.4,,879.68,,,27511,24251924.0,3035,F1,1,,,,,
2026-08-25,2026-08-25,CM,NSE,STK,762593,INE372E01025,BIRLAPREC,EQ,,,,,BIRLA PRECISION TECH L,45.07,45.99,43.32,44.07,44.28,45.53,,44.06,,,587954,26353250.14,1825,F1,1,,,,,
2026-08-25,2026-08-25,CM,NSE,STK,1455,INE557A01011,BIRLANU,EQ,,,,,BIRLANU LIMITED,1503.2,1542.5,1502.5,1529.2,1521.9,1502.9,,1529.41,,,9311,14201736.2,1116,F1,1,,,,,
2026-08-25,2026-08-25,CM,NSE,STK,24404,INF209KC1134,ABGSEC,EQ,,,,,BIRLASLAMC - ABGSEC,114.87,114.87,114.1,114.48,114.1,115.1,,114.48,,,141,16180.5,4,F1,1,,,,,
2026-08-25,2026-08-25,CM,NSE,STK,760247,INF209KC1670,ABSL10BANK,EQ,,,,,BIRLASLAMC - ABSL10BANK,169.52,170.8,169.0,169.79,170.8,169.01,,169.79,,,409,69305.49,21,F1,1,,,,,
2026-08-25,2026-08-25,CM,NSE,STK,13987,INF209KB17D5,ABSLBANETF,EQ,,,,,BIRLASLAMC - ABSLBANETF,58.92,59.18,58.63,58.92,59.12,58.63,,58.92,,,203155,11951044.46,238,F1,1,,,,,
2026-08-25,2026-08-25,CM,NSE,STK,14518,INF209KB18T9,ABSLLIQUID,EQ,,,,,BIRLASLAMC - ABSLLIQUID,1000.0,1000.01,999.99,1000.0,1000.0,1000.0,,1000.0,,,1977,1977001.47,35,F1,1,,,,,
2026-08-25,2026-08-25,CM,NSE,STK,761066,INF209KC1662,ABSLMSCIN,EQ,,,,,BIRLASLAMC - ABSLMSCIN,29.84,29.84,29.65,29.8,29.8,29.7,,29.78,,,4,119.09,3,F1,1,,,,,
2026-08-25,2026-08-25,CM,NSE,STK,7339,INF209KB16D7,ABSLNN50ET,EQ,,,,,BIRLASLAMC - ABSLNN50ET,77.99,78.69,77.72,78.69,78.69,77.88,,78.69,,,12099,941558.25,140,F1,1,,,,,
2026-08-25,2026-08-25,CM,NSE,STK,5957,INF209KB10E8,BSLSENETFG,EQ,,,,,BIRLASLAMC - BSLSENETFG,77.79,78.95,77.61,78.14,78.25,77.79,,78.14,,,1445,112753.12,64,F1,1,,,,,
2026-08-25,2026-08-25,CM,NSE,STK,6297,INF209KB10C2,HEALTHY,EQ,,,,,BIRLASLAMC - HEALTHY,16.94,17.18,16.78,16.99,16.99,16.86,,16.99,,,323335,5459749.72,1165,F1,1,,,,,
2026-08-25,2026-08-25,CM,NSE,STK,10693,INF209KB14K7,MOMENTUM,EQ,,,,,BIRLASLAMC - MOMENTUM,32.07,32.34,31.29,31.94,31.88,31.29,,31.84,,,58111,1830526.18,201,F1,1,,,,,
2026-08-25,2026-08-25,CM,NSE,STK,10690,INF209KB15K4,NIFTYQLITY,EQ,,,,,BIRLASLAMC - NIFTYQLITY,21.61,21.86,21.46,21.69,21.8,21.61,,21.69,,,44349,953744.8,179,F1,1,,,,,
2026-08-25,2026-08-25,CM,NSE,STK,8003,INF209KB19F6,SILVER,EQ,,,,,BIRLASLAMC - SILVER,239.54,241.3,238.3,239.02,239.33,242.05,,239.02,,,1067741,255744499.86,8299,F1,1,,,,,
2026-08-25,2026-08-25,CM,NSE,STK,6462,INF209KB11D8,TECH,EQ,,,,,BIRLASLAMC - TECH,33.54,33.66,33.25,33.54,33.5,33.2,,33.54,,,9456,315626.49,154,F1,1,,,,,
2026-08-25,2026-08-25,CM,NSE,STK,23806,INF209KB19Z4,ABSLPSE,EQ,,,,,BIRLASLAMC-ABSLPSE,10.16,10.29,10.12,10.15,10.18,10.16,,10.15,,,106143,1077035.21,334,F1,1,,,,,
2026-08-25,2026-08-25,CM,NSE,STK,6994,INE836A01035,BSOFT,EQ,,,,,BIRLASOFT LIMITED,299.15,302.45,289.1,291.0,290.6,299.0,,291.02,,,1232832,360724848.3,37011,F1,1,,,,,
2026-08-25,2026-08-25,CM,NSE,STK,3435,INE676A01027,BBOX,EQ,,,,,BLACK BOX LIMITED,756.0,762.85,744.0,746.9,748.5,759.85,,746.91,,,227896,171285580.15,11818,F1,1,,,,,
2026-08-25,2026-08-25,CM,NSE,STK,762601,INE761G01016,BLACKROSE,BE,,,,,BLACK ROSE INDS. LTD.,116.5,117.97,113.1,114.68,115.4,113.91,,114.67,,,19102,2205000.73,211,F1,1,,,,,
2026-08-25,2026-08-25,CM,NSE,STK,27144,INE0UIZ01018,BLACKBUCK,EQ,,,,,BLACKBUCK LIMITED,601.0,605.95,596.2,601.25,603.0,604.4,,601.21,,,355284,213327495.45,23927,F1,1,,,,,
2026-08-25,2026-08-25,CM,NSE,STK,8132,INE791A01024,BLBLIMITED,EQ,,,,,BLB LIMITED,15.71,16.3,15.71,16.03,16.01,16.07,,16.03,,,383957,6156465.04,242,F1,1,,,,,
2026-08-25,2026-08-25,CM,NSE,STK,19269,INE416D01022,BLISSGVS,BE,,,,,BLISS GVS PHARMA LTD,563.0,569.5,546.8,561.5,563.0,564.9,,561.44,,,220471,123002713.9,1739,F1,1,,,,,
2026-08-25,2026-08-25,CM,NSE,STK,22566,INE0NLT01010,BLSE,EQ,,,,,BLS E-SERVICES LIMITED,315.0,318.0,310.75,312.1,311.95,315.0,,312.12,,,241258,75757669.65,4439,F1,1,,,,,
2026-08-25,2026-08-25,CM,NSE,STK,17279,INE153T01027,BLS,EQ,,,,,BLS INTL SERVS LTD,243.99,246.96,234.51,243.32,242.7,241.51,,243.29,,,8461840,2042702746.09,83425,F1,1,,,,,
2026-08-25,2026-08-25,CM,NSE,STK,4681,INE657B01025,BLUECHIP,EQ,,,,,BLUE CHIP INDIA LIMITED,2.02,2.02,2.02,2.02,2.02,1.99,,2.08,,,9084,18349.68,14,F1,1,,,,,
2026-08-25,2026-08-25,CM,NSE,STK,765040,INE373T01047,BLUECLOUDS,EQ,,,,,BLUE CLOUD SOFTECH SOLU L,23.99,23.99,22.1,22.28,22.26,22.98,,22.3,,,2393447,54572391.8,4662,F1,1,,,,,
2026-08-25,2026-08-25,CM,NSE,STK,8552,INE472B01011,BLUECOAST,BE,,,,,BLUE COAST HOTELS LIMITED,22.98,22.98,22.4,22.4,22.4,23.05,,22.95,,,1149,26080.81,20,F1,1,,,,,
2026-08-25,2026-08-25,CM,NSE,STK,495,INE233B01017,BLUEDART,EQ,,,,,BLUE DART EXPRESS LTD,5053.5,5079.0,4980.0,4994.5,4999.0,5053.5,,4994.55,,,7372,36893681.0,1818,F1,1,,,,,
2026-08-25,2026-08-25,CM,NSE,STK,19686,INE0KBH01020,BLUEJET,EQ,,,,,BLUE JET HEALTHCARE LTD,590.0,595.15,583.5,589.15,592.0,588.8,,589.13,,,314126,185058025.6,11726,F1,1,,,,,
2026-08-25,2026-08-25,CM,NSE,STK,23410,INE0SAK01011,BLUEPEBBLE,SM,,,,,BLUE PEBBLE LIMITED,66.0,66.0,65.5,65.5,65.5,65.9,,65.5,,,3200,210800.0,8,F1,400,,,,,
2026-08-25,2026-08-25,CM,NSE,STK,8311,INE472A01039,BLUESTARCO,EQ,,,,,BLUE STAR LIMITED,1504.0,1516.0,1493.7,1515.0,1515.0,1504.0,,1514.99,,,337829,509506108.4,16755,F1,1,,,,,
2026-08-25,2026-08-25,CM,NSE,STK,758185,INE0X3M01010,BLUEWATER,ST,,,,,BLUE WATER LOGISTICS LTD,457.35,457.35,420.05,434.9,444.5,437.0,,434.9,,,13000,5637600.0,13,F1,1000,,,,,
2026-08-25,2026-08-25,CM,NSE,STK,759291,INE304W01038,BLUESTONE,EQ,,,,,BLUESTONE JEWEL LFSTL LTD,817.0,825.9,805.15,810.65,816.45,821.6,,810.7,,,407155,331041563.75,13908,F1,1,,,,,
2026-08-25,2026-08-25,CM,NSE,STK,757520,INE0U4101014,BLUSPRING,EQ,,,,,BLUSPRING ENTERPRISES LTD,133.67,134.79,122.51,126.83,127.4,133.01,,126.83,,,817693,103625602.96,11118,F1,1,,,,,
2026-08-25,2026-08-25,CM,NSE,STK,759256,INE965W01036,BMWVENTLTD,EQ,,,,,BMW VENTURES LIMITED,57.05,58.4,56.75,56.97,56.9,57.04,,56.97,,,78445,4497181.76,1469,F1,1,,,,,
2026-08-25,2026-08-25,CM,NSE,STK,762608,INE00HZ01011,BNAGROCHEM,EQ,,,,,BN AGROCHEM LTD.,235.05,239.9,227.1,229.8,234.0,238.9,,229.89,,,15584,3704380.6,73,F1,1,,,,,
2026-08-25,2026-08-25,CM,NSE,STK,25021,INE338D01028,BODALCHEM,BE,,,,,BODAL CHEMICALS LTD,87.05,87.05,83.01,87.05,87.05,82.91,,87.05,,,1395471,121299171.51,2885,F1,1,,,,,
2026-08-25,2026-08-25,CM,NSE,STK,14150,INE0EEJ01023,BTML,EQ,,,,,BODHI TREE MULTIMEDIA LTD,7.83,9.06,7.75,8.96,8.93,7.84,,8.96,,,2508920,22024516.9,2074,F1,1,,,,,
2026-08-25,2026-08-25,CM,NSE,STK,11640,INE802W01023,BOHRAIND,EQ,,,,,BOHRA INDUSTRIES LIMITED,14.92,14.92,13.6,13.73,13.6,14.56,,13.73,,,35661,501787.74,146,F1,1,,,,,
2026-08-25,2026-08-25,CM,NSE,STK,380,INE050A01025,BBTC,EQ,,,,,BOMBAY BURMAH TRADING COR,1424.0,1430.0,1419.2,1422.4,1423.8,1422.2,,1422.54,,,15971,22722315.7,1704,F1,1,,,,,
2026-08-25,2026-08-25,CM,NSE,STK,513,INE032A01023,BOMDYEING,EQ,,,,,BOMBAY DYEING & MFG. CO L,110.7,111.66,109.21,110.26,109.88,110.55,,110.27,,,416247,45916138.14,3896,F1,1,,,,,
2026-08-25,2026-08-25,CM,NSE,STK,6052,INE0I3Y01014,BMETRICS,SM,,,,,BOMBAY METRICS S C LTD,34.0,34.0,34.0,34.0,34.0,34.0,,34.0,,,800,27200.0,1,F1,800,,,,,
2026-08-25,2026-08-25,CM,NSE,STK,809,INE032Z01020,BSHSL,EQ,,,,,BOMBAY SUPER HYBRID SEEDS,88.7,89.19,86.0,88.6,88.6,87.84,,88.6,,,3089,271821.78,74,F1,1,,,,,
2026-08-25,2026-08-25,CM,NSE,STK,29650,INE031A07881,719HUDCO28,N7,,,,,BOND 7.19% PA TAX FREE S2,1053.0,1053.0,1053.0,1053.0,1053.0,1051.27,,1053.0,,,100,105300.0,1,F1,1,,,,,
2026-08-25,2026-08-25,CM,NSE,STK,31128,INE053F07538,810IRFC27,N2,,,,,BOND 8.10% PA TAX FREE S2,1079.1,1079.1,1078.11,1078.99,1078.11,1079.0,,1078.99,,,909,980803.94,6,F1,1,,,,,
2026-08-25,2026-08-25,CM,NSE,STK,31040,INE906B07CB9,830NHAI27,N2,,,,,BOND 8.30% PA TAX FREE S2,1083.55,1085.0,1083.01,1083.2,1083.2,1083.52,,1083.2,,,3854,4175859.58,42,F1,1,,,,,
2026-08-25,2026-08-25,CM,NSE,STK,30984,INE020B07HP8,846REC28,N6,,,,,BOND 8.46% TAX FREE S2A,1117.5,1117.5,1117.5,1117.5,1117.5,1122.0,,1117.5,,,100,111750.0,1,F1,1,,,,,
2026-08-25,2026-08-25,CM,NSE,STK,1991,INE053F07728,863IRFC29,NC,,,,,BOND 8.63% PA TF TII-SIIA,1110.0,1110.0,1110.0,1110.0,1110.0,1108.0,,1110.0,,,12,13320.0,1,F1,1,,,,,
2026-08-25,2026-08-25,CM,NSE,STK,603,INE053F07686,865IRFC29,,,,,,BOND 8.65% PA TF TI-SIIB,1102.0,1112.95,1102.0,1109.0,1109.0,1112.95,,1109.0,,,371,410432.0,4,F1,1,,,,,
2026-08-25,2026-08-25,CM,NSE,STK,30990,INE020B07HS2,871REC28,N9,,,,,BOND 8.71% TAX FREE S2B,1118.1,1121.0,1118.1,1118.11,1118.11,1118.05,,1118.11,,,540,604069.5,13,F1,1,,,,,
2026-08-25,2026-08-25,CM,NSE,STK,1999,INE053F07744,888IRFC29,NE,,,,,BOND 8.88% PA TF TII-SIIB,1121.55,1124.0,1121.55,1121.55,1121.55,1121.55,,1121.55,,,246,276098.3,6,F1,1,,,,,
2026-08-25,2026-08-25,CM,NSE,STK,31970,INE557F07132,901NHB34,N6,,,,,BOND 9.01%PA TF TR-I S 3B,6363.0,6363.0,6320.01,6338.58,6320.01,6349.0,,6338.58,,,223,1415929.04,25,F1,1,,,,,
2026-08-25,2026-08-25,CM,NSE,STK,2947,INE020B07IG5,888REC29,NF,,,,,BOND8.88% PA TF TR II S2B,1140.0,1141.0,1137.01,1140.0,1140.0,1140.0,,1140.0,,,1697,1934570.1,9,F1,1,,,,,
2026-08-25,2026-08-25,CM,NSE,STK,761056,INE0B9A01018,BONLON,EQ,,,,,BONLON INDUSTRIES LIMITED,40.05,40.96,38.99,40.06,40.35,39.73,,39.82,,,91480,3661728.59,378,F1,1,,,,,
2026-08-25,2026-08-25,CM,NSE,STK,757919,INE16SF01016,BORANA,EQ,,,,,BORANA WEAVES LIMITED,305.6,312.5,303.35,306.95,306.35,305.75,,306.9,,,19751,6075226.3,483,F1,1,,,,,
2026-08-25,2026-08-25,CM,NSE,STK,19401,INE02PY01013,BOROLTD,EQ,,,,,BOROSIL LIMITED,253.0,289.0,253.0,261.45,256.4,254.04,,261.49,,,18593567,5076211446.06,185035,F1,1,,,,,
2026-08-25,2026-08-25,CM,NSE,STK,3149,INE666D01022,BORORENEW,EQ,,,,,BOROSIL RENEWABLES LTD,538.0,546.05,526.3,529.05,530.8,536.55,,529.05,,,416936,221997234.65,15237,F1,1,,,,,
2026-08-25,2026-08-25,CM,NSE,STK,24014,INE02L001032,BOROSCI,EQ,,,,,BOROSIL SCIENTIFIC LTD,126.29,129.75,124.25,125.47,125.6,126.29,,125.46,,,109338,13890895.54,2795,F1,1,,,,,
2026-08-25,2026-08-25,CM,NSE,STK,4491,INE782A01015,BOSCH-HCIL,EQ,,,,,BOSCH HOME COMFRT IND LTD,1686.0,1689.4,1644.0,1664.8,1665.0,1681.8,,1664.82,,,33644,55974568.2,4139,F1,1,,,,,
2026-08-25,2026-08-25,CM,NSE,STK,2181,INE323A01026,BOSCHLTD,EQ,,,,,BOSCH LIMITED,48110.0,48680.0,47790.0,48680.0,48680.0,48100.0,,48680.0,,,27786,1334341085.0,8441,F1,1,,,,,
2026-08-25,2026-08-25,CM,NSE,STK,25119,INE0QNI01012,BOSS,SM,,,,,BOSS PACKAGING SOLU LTD,56.0,56.45,56.0,56.3,56.3,55.0,,56.3,,,16000,900600.0,6,F1,2000,,,,,
2026-08-25,2026-08-25,CM,NSE,STK,530,INE110A01019,BPL,EQ,,,,,BPL LTD,49.99,51.69,49.01,50.22,50.35,49.1,,50.22,,,84711,4243114.17,990,F1,1,,,,,
2026-08-25,2026-08-25,CM,NSE,STK,24905,INE0R4Z01018,BRACEPORT,SM,,,,,BRACE PORT LOGISTICS LTD,60.15,61.2,59.0,60.75,61.2,61.15,,60.75,,,17600,1059920.0,11,F1,1600,,,,,
2026-08-25,2026-08-25,CM,NSE,STK,764628,INE320I01017,BRAHMINFRA,EQ,,,,,BRAHMAPUTRA INFRA L,159.0,159.0,152.97,156.14,157.9,154.24,,156.03,,,19977,3106412.66,455,F1,1,,,,,
2026-08-25,2026-08-25,CM,NSE,STK,24814,INE02RE01045,FIRSTCRY,EQ,,,,,BRAINBEES SOLUTIONS LTD,194.77,196.98,191.62,192.04,192.0,193.77,,192.04,,,834106,161276309.37,19929,F1,1,,,,,
2026-08-25,2026-08-25,CM,NSE,STK,7780,INE977Y01011,BCONCEPTS,EQ,,,,,BRAND CONCEPTS LIMITED,162.94,162.94,155.0,159.63,159.95,160.3,,159.62,,,20773,3295747.1,983,F1,1,,,,,
2026-08-25,2026-08-25,CM,NSE,STK,760972,INE0XUD01014,BRANDMAN,SM,,,,,BRANDMAN RETAIL LIMITED,160.0,164.0,158.65,160.55,158.65,164.4,,160.55,,,10400,1675240.0,13,F1,800,,,,,
2026-08-25,2026-08-25,CM,NSE,STK,15184,INE791I01019,BRIGADE,EQ,,,,,BRIGADE ENTER. LTD,659.4,671.0,643.3,660.9,658.1,654.1,,660.98,,,804919,533262342.3,39095,F1,1,,,,,
2026-08-25,2026-08-25,CM,NSE,STK,757794,INE03NU01014,BRIGHOTEL,EQ,,,,,BRIGADE HOTEL VENTURE LTD,61.1,62.92,58.75,59.35,59.04,59.23,,59.33,,,989297,60277658.44,10578,F1,1,,,,,
2026-08-25,2026-08-25,CM,NSE,STK,764633,INE630D01010,BRIGHTBR,EQ,,,,,BRIGHT BROTHERS LTD.,260.0,260.0,253.0,253.0,253.0,259.52,,259.08,,,3019,764819.81,30,F1,1,,,,,
2026-08-25,2026-08-25,CM,NSE,STK,8833,INE425B01027,BCG,EQ,,,,,BRIGHTCOM GROUP LIMITED,9.07,9.15,9.05,9.09,9.11,9.05,,9.09,,,3569325,32437426.7,3828,F1,1,,,,,
2026-08-25,2026-08-25,CM,NSE,STK,547,INE216A01030,BRITANNIA,EQ,,,,,BRITANNIA INDUSTRIES LTD,5310.5,5382.5,5286.0,5382.5,5382.5,5311.0,,5382.02,,,361146,1926500509.0,26406,F1,1,,,,,
2026-08-25,2026-08-25,CM,NSE,STK,2203,INE0FDU25010,BIRET,RR,,,,,BROOKFIELD INDIA RET,344.55,344.97,342.26,342.69,342.6,344.62,,342.69,,,139998,48041253.83,8146,F1,1,,,,,
2026-08-25,2026-08-25,CM,NSE,STK,25140,INE650L01011,BROOKS,BE,,,,,BROOKS LAB LIMITED,61.65,62.0,60.56,61.83,62.0,61.68,,61.83,,,11626,715106.55,55,F1,1,,,,,
2026-08-25,2026-08-25,CM,NSE,STK,19585,INE118H01025,BSE,EQ,,,,,BSE LIMITED,3315.0,3324.0,3285.3,3303.0,3303.0,3312.7,,3303.0,,,2216219,7314269514.0,92636,F1,1,,,,,
2026-08-25,2026-08-25,CM,NSE,STK,559,INE594B01012,BSL,EQ,,,,,BSL LTD,126.0,128.45,121.0,122.04,122.0,124.13,,122.04,,,8189,1018273.69,149,F1,1,,,,,
2026-08-25,2026-08-25,CM,NSE,STK,2716,INE295F01017,BUTTERFLY,EQ,,,,,BTRFLY GANDHI APPL LTD,648.2,648.45,631.55,632.7,632.5,642.8,,632.79,,,12024,7664137.75,941,F1,1,,,,,
2026-08-25,2026-08-25,CM,NSE,STK,24704,INE0SZ301012,BULKCORP,ST,,,,,BULKCORP INTERNATIONAL L,67.0,67.0,67.0,67.0,67.0,64.1,,67.0,,,8400,562800.0,1,F1,1200,,,,,
2026-08-25,2026-08-25,CM,NSE,STK,15194,INE817H01022,BURNPUR,EQ,,,,,BURNPUR CEMENT LIMITED,12.5,13.6,12.15,12.15,12.15,13.49,,12.15,,,381146,4830673.55,1457,F1,1,,,,,
2026-08-25,2026-08-25,CM,NSE,STK,764643,INE084D01010,CGVAK,EQ,,,,,C G V A K SOFTWARE & EX L,152.69,152.69,147.52,148.8,149.8,151.16,,148.38,,,2656,395891.2,59,F1,1,,,,,
2026-08-25,2026-08-25,CM,NSE,STK,760854,INE0SMX01019,CKKRETAIL,SM,,,,,C K K RETAIL MART LIMITED,167.0,167.0,167.0,167.0,167.0,167.0,,167.0,,,2400,400800.0,3,F1,800,,,,,
2026-08-25,2026-08-25,CM,NSE,STK,18372,INE0QBU01012,CPS,SM,,,,,C P S SHAPERS LIMITED,1085.0,1120.0,1085.0,1102.0,1102.0,1091.65,,1102.0,,,7950,8829855.0,12,F1,150,,,,,
2026-08-25,2026-08-25,CM,NSE,STK,7227,INE0BV301023,MAPMYINDIA,EQ,,,,,C.E. INFO SYSTEMS LIMITED,966.9,971.9,955.0,964.3,966.0,961.7,,964.32,,,138012,132733039.9,13732,F1,1,,,,,
2026-08-25,2026-08-25,CM,NSE,STK,27274,INE0U7V01015,C2C,SM,,,,,C2C ADVANCED SYSTEMS LTD,233.0,239.0,231.1,234.2,234.0,231.05,,234.2,,,60000,14092417.5,266,F1,150,,,,,
2026-08-25,2026-08-25,CM,NSE,STK,764255,INE11XY01018,CMLL,EQ,,,,,CALIBER MINING AND LOG L,532.0,535.45,514.0,517.25,517.0,534.15,,517.27,,,245604,128397469.9,5508,F1,1,,,,,
2026-08-25,2026-08-25,CM,NSE,STK,8341,INE526B01014,CALSOFT,EQ,,,,,CALIFORNIA SOFTWARE CO LT,30.67,30.67,30.67,30.67,30.67,29.21,,30.64,,,105597,3238659.99,224,F1,1,,,,,
2026-08-25,2026-08-25,CM,NSE,STK,14218,INE627H01017,CTE,EQ,,,,,CAMBRIDGE TECH ENTER LTD,53.5,53.99,49.4,49.4,49.4,52.0,,49.34,,,84448,4416383.31,547,F1,1,,,,,
2026-08-25,2026-08-25,CM,NSE,STK,6216,INE052I01032,CAMLINFINE,EQ,,,,,CAMLIN FINE SCIENCES LTD,107.85,107.85,105.11,106.45,106.9,107.15,,106.45,,,412578,43844747.84,4601,F1,1,,,,,
2026-08-25,2026-08-25,CM,NSE,STK,9362,INE278Y01022,CAMPUS,EQ,,,,,CAMPUS ACTIVEWEAR LIMITED,228.55,228.65,224.9,226.08,226.0,228.55,,226.06,,,351888,79708603.66,6762,F1,1,,,,,
2026-08-25,2026-08-25,CM,NSE,STK,583,INE477A01020,CANFINHOME,EQ,,,,,CAN FIN HOMES LTD,812.0,816.8,802.8,805.4,806.0,810.1,,805.38,,,173234,139620334.6,8639,F1,1,,,,,
2026-08-25,2026-08-25,CM,NSE,STK,10794,INE476A01022,CANBK,EQ,,,,,CANARA BANK,127.23,128.81,126.25,128.81,128.81,127.3,,128.8,,,14786516,1887334954.09,59579,F1,1,,,,,
2026-08-25,2026-08-25,CM,NSE,STK,759477,INE01TY01017,CANHLIFE,EQ,,,,,CANARA HSBC LIFE INS CO L,154.8,155.38,152.0,152.2,152.0,154.7,,152.2,,,265914,40731565.54,8873,F1,1,,,,,
2026-08-25,2026-08-25,CM,NSE,STK,759311,INE218I01013,CRAMC,EQ,,,,,CANARA ROBECO AMC LIMITED,259.0,261.7,255.0,256.55,256.0,259.6,,256.58,,,356727,92034594.0,8872,F1,1,,,,,
2026-08-25,2026-08-25,CM,NSE,STK,19368,INE0QG301017,CANARYS,SM,,,,,CANARYS AUTOMATIONS LTD,23.65,23.65,22.95,23.25,23.25,22.8,,23.25,,,68000,1584000.0,14,F1,4000,,,,,
2026-08-25,2026-08-25,CM,NSE,STK,20160,INE068L01024,CANTABIL,EQ,,,,,CANTABIL RETAIL LTD,243.6,246.6,242.81,245.14,246.1,243.44,,245.11,,,52496,12849818.22,1396,F1,1,,,,,
2026-08-25,2026-08-25,CM,NSE,STK,21749,INE264T01014,CAPACITE,EQ,,,,,CAPACITE INFRAPROJECT LTD,219.0,231.7,218.33,223.38,221.9,220.9,,223.38,,,935636,210785780.58,16761,F1,1,,,,,
2026-08-25,2026-08-25,CM,NSE,STK,759867,INE0ILV01024,CAPILLARY,EQ,,,,,CAPILLARY TECHNO INDIA L,504.3,512.0,497.15,510.4,510.8,501.95,,510.41,,,123921,62573172.3,3866,F1,1,,,,,
2026-08-25,2026-08-25,CM,NSE,STK,756015,INE345H01024,CIFL,EQ,,,,,CAPITAL INDIA FINANCE LTD,20.41,20.9,20.41,20.87,20.9,20.41,,20.87,,,12964,268153.08,116,F1,1,,,,,
2026-08-25,2026-08-25,CM,NSE,STK,29157,INE0Z8Z23013,CAPINVIT,IV,,,,,CAPITAL INFRA TRUST,76.94,77.17,76.47,76.91,76.81,76.56,,76.92,,,415398,31889264.51,1659,F1,1,,,,,
2026-08-25,2026-08-25,CM,NSE,STK,22675,INE646H01017,CAPITALSFB,EQ,,,,,CAPITAL SMALL FIN BANK L,287.5,289.6,285.25,288.05,289.5,285.5,,288.05,,,11608,3334726.95,458,F1,1,,,,,
2026-08-25,2026-08-25,CM,NSE,STK,19451,INE707C01018,CAPTRUST,BE,,,,,CAPITAL TRUST LIMITED,20.0,20.59,19.32,20.11,19.7,20.08,,20.12,,,22267,448461.29,157,F1,1,,,,,
2026-08-25,2026-08-25,CM,NSE,STK,3906,INE475E01026,CAPLIPOINT,EQ,,,,,CAPLIN POINT LAB LTD.,2506.9,2516.8,2459.8,2471.8,2472.5,2496.1,,2471.81,,,50538,125591298.0,7817,F1,1,,,,,
2026-08-25,2026-08-25,CM,NSE,STK,20329,INE180C01042,CGCL,EQ,,,,,CAPRI GLOBAL CAPITAL LTD,235.49,247.89,233.65,239.67,240.0,234.32,,239.67,,,11815103,2858973952.51,96263,F1,1,,,,,
2026-08-25,2026-08-25,CM,NSE,STK,764203,INE536P01021,CPL,EQ,,,,,CAPTAIN POLYPLAST LIMITED,65.3,67.67,64.5,67.21,67.3,64.99,,67.15,,,145250,9631731.91,1155,F1,1,,,,,
2026-08-25,2026-08-25,CM,NSE,STK,595,INE120A01034,CARBORUNIV,EQ,,,,,CARBORUNDUM UNIVERSAL LTD,1118.1,1129.3,1100.7,1106.7,1107.9,1122.2,,1106.68,,,210305,234898196.9,9395,F1,1,,,,,
2026-08-25,2026-08-25,CM,NSE,STK,29113,INE752H01013,CARERATING,EQ,,,,,CARE RATINGS LIMITED,1614.0,1623.0,1590.2,1618.6,1621.0,1626.0,,1618.6,,,74984,120699995.3,9034,F1,1,,,,,
2026-08-25,2026-08-25,CM,NSE,STK,758941,INE0P6P01016,CPEDU,EQ,,,,,CAREER POINT EDUTECH LTD,191.17,191.99,175.1,178.04,180.95,191.17,,178.06,,,17102,3097180.38,441,F1,1,,,,,
2026-08-25,2026-08-25,CM,NSE,STK,28879,INE0V7W01012,CARRARO,EQ,,,,,CARRARO INDIA LIMITED,534.45,537.3,526.45,532.15,532.0,534.45,,532.08,,,40266,21371058.8,3095,F1,1,,,,,
2026-08-25,2026-08-25,CM,NSE,STK,5407,INE290S01011,CARTRADE,EQ,,,,,CARTRADE TECH LIMITED,3138.6,3175.0,3020.0,3144.8,3140.0,3138.6,,3144.8,,,418313,1306253217.6,41886,F1,1,,,,,
2026-08-25,2026-08-25,CM,NSE,STK,1879,INE482D01024,CARYSIL,EQ,,,,,CARYSIL LIMITED,1155.0,1160.1,1135.2,1145.2,1142.8,1149.4,,1145.29,,,47079,54035098.9,4350,F1,1,,,,,
2026-08-25,2026-08-25,CM,NSE,STK,758156,INE0WL201014,CUDML,ST,,,,,CASH UR DRIVE MARKETING L,102.55,106.5,102.55,104.1,104.1,103.0,,104.1,,,30000,3162500.0,20,F1,1000,,,,,
2026-08-25,2026-08-25,CM,NSE,STK,1250,INE172A01027,CASTROLIND,EQ,,,,,CASTROL INDIA LIMITED,187.04,188.0,186.25,186.88,186.6,186.87,,186.88,,,1139927,213222859.08,16390,F1,1,,,,,
2026-08-25,2026-08-25,CM,NSE,STK,11452,INE421D01022,CCL,EQ,,,,,CCL PRODUCTS (I) LTD,1085.0,1104.7,1078.5,1099.0,1100.0,1081.8,,1099.0,,,167716,184065784.3,17582,F1,1,,,,,
2026-08-25,2026-08-25,CM,NSE,STK,15254,INE482A01020,CEATLTD,EQ,,,,,CEAT LIMITED,3565.1,3565.8,3506.0,3532.9,3531.0,3565.9,,3532.96,,,35657,125899216.8,6416,F1,1,,,,,
2026-08-25,2026-08-25,CM,NSE,STK,757690,INE11J101017,CEDAAR,ST,,,,,CEDAAR TEXTILE LIMITED,14.5,14.95,14.5,14.95,14.95,14.45,,14.95,,,4000,59200.0,4,F1,1000,,,,,
2026-08-25,2026-08-25,CM,NSE,STK,24742,INE0AG901020,CEIGALL,EQ,,,,,CEIGALL INDIA LIMITED,333.0,338.7,321.55,324.35,325.0,322.15,,324.35,,,1219258,401106112.35,18833,F1,1,,,,,
2026-08-25,2026-08-25,CM,NSE,STK,761037,INE016Q01014,CEINSYS,EQ,,,,,CEINSYS TECH LIMITED,723.95,736.95,714.1,722.4,726.0,720.9,,722.45,,,48920,35352412.65,2719,F1,1,,,,,
2026-08-25,2026-08-25,CM,NSE,STK,13162,INE185H01016,CELEBRITY,EQ,,,,,CELEBRITY FASHIONS LTD,6.9,6.94,6.67,6.89,6.94,6.76,,6.89,,,7121,48390.79,90,F1,1,,,,,
2026-08-25,2026-08-25,CM,NSE,STK,18806,INE0OMO01025,CELLECOR,SM,,,,,CELLECOR GADGETS LIMITED,33.1,34.0,32.45,33.05,34.0,32.75,,33.05,,,1875000,62002350.0,69,F1,3000,,,,,
2026-08-25,2026-08-25,CM,NSE,STK,19795,INE0LMW01024,CELLO,EQ,,,,,CELLO WORLD LIMITED,356.6,358.5,353.0,354.5,354.0,358.7,,354.51,,,145044,51625433.25,8741,F1,1,,,,,
2026-08-25,2026-08-25,CM,NSE,STK,5622,INE686A01026,CEMPRO,EQ,,,,,CEMINDIA PROJECTS LIMITED,1265.9,1296.0,1257.1,1279.9,1281.9,1261.4,,1279.85,,,96056,122912994.4,7616,F1,1,,,,,
2026-08-25,2026-08-25,CM,NSE,STK,14894,INE483A01010,CENTRALBK,EQ,,,,,CENTRAL BANK OF INDIA,31.09,31.57,30.65,30.73,30.72,31.21,,30.73,,,13909555,430118298.39,25017,F1,1,,,,,
2026-08-25,2026-08-25,CM,NSE,STK,21174,INE736A01011,CDSL,EQ,,,,,CENTRAL DEPO SER (I) LTD,1382.2,1400.2,1375.2,1394.8,1394.8,1385.1,,1394.8,,,997537,1386737555.9,31217,F1,1,,,,,
2026-08-25,2026-08-25,CM,NSE,STK,761581,INE05HV01027,CMPDI,EQ,,,,,CENTRAL MINE P N D INST L,236.0,238.25,232.1,233.32,233.8,237.86,,233.3,,,861505,201970732.96,18436,F1,1,,,,,
2026-08-25,2026-08-25,CM,NSE,STK,2454,INE660C01027,CENTRUM,EQ,,,,,CENTRUM CAPITAL LIMITED,23.16,23.54,23.16,23.26,23.21,23.29,,23.26,,,157335,3672340.92,532,F1,1,,,,,
2026-08-25,2026-08-25,CM,NSE,STK,14982,INE320B01020,CENTUM,EQ,,,,,CENTUM ELECTRONICS LTD,3359.5,3384.9,3255.1,3274.8,3279.8,3359.5,,3274.69,,,36018,118767106.4,5745,F1,1,,,,,
2026-08-25,2026-08-25,CM,NSE,STK,619,INE485A01015,CENTENKA,EQ,,,,,CENTURY ENKA LTD,552.85,557.75,549.5,552.0,551.6,552.85,,551.98,,,30350,16785044.95,1288,F1,1,,,,,
2026-08-25,2026-08-25,CM,NSE,STK,11511,INE281A01026,CENTEXT,EQ,,,,,CENTURY EXTRUSIONS LTD,22.8,22.89,21.96,22.18,22.4,22.34,,22.18,,,200011,4459786.78,756,F1,1,,,,,
2026-08-25,2026-08-25,CM,NSE,STK,13305,INE348B01021,CENTURYPLY,EQ,,,,,CENTURY PLYBOARDS (I) LTD,744.95,760.9,737.0,757.55,757.0,744.95,,757.55,,,59173,44183371.35,7128,F1,1,,,,,
2026-08-25,2026-08-25,CM,NSE,STK,15039,INE739E01017,CERA,EQ,,,,,CERA SANITARYWARE LTD,5799.5,5925.0,5752.0,5819.0,5806.0,5793.0,,5818.88,,,10261,59885234.0,3808,F1,1,,,,,
2026-08-25,2026-08-25,CM,NSE,STK,29016,INE345B01019,CEREBRAINT,BZ,,,,,CEREBRA INT TECH LTD,2.71,2.92,2.68,2.71,2.71,2.82,,2.74,,,109508,297138.99,128,F1,1,,,,,
2026-08-25,2026-08-25,CM,NSE,STK,628,INE486A01021,CESC,EQ,,,,,CESC LTD,155.5,155.5,152.86,154.0,153.5,155.27,,153.99,,,1286177,197797026.36,14465,F1,1,,,,,
2026-08-25,2026-08-25,CM,NSE,STK,760,INE067A01029,CGPOWER,EQ,,,,,CG POWER AND IND SOL LTD,873.1,882.5,867.0,878.5,878.5,877.5,,878.52,,,1629938,1423792389.0,33746,F1,1,,,,,
2026-08-25,2026-08-25,CM,NSE,STK,8546,INE427F01016,CHALET,EQ,,,,,CHALET HOTELS LIMITED,871.35,905.0,860.55,894.05,895.5,869.55,,893.92,,,1031889,921459250.6,44765,F1,1,,,,,
2026-08-25,2026-08-25,CM,NSE,STK,3482,INE419D01026,CLSEL,EQ,,,,,CHAMAN LAL SETIA EXP LTD,318.0,324.8,308.0,319.05,322.0,312.75,,319.05,,,600906,191193557.15,15304,F1,1,,,,,
2026-08-25,2026-08-25,CM,NSE,STK,13731,INE06PV01010,CMNL,SM,,,,,CHAMAN METALLICS LIMITED,106.0,110.5,106.0,110.5,110.5,110.5,,110.5,,,3750,409012.5,5,F1,750,,,,,
2026-08-25,2026-08-25,CM,NSE,STK,637,INE085A01013,CHAMBLFERT,EQ,,,,,CHAMBAL FERTILIZERS LTD,434.8,446.9,425.1,427.6,427.95,430.95,,427.58,,,2511636,1093879095.5,58332,F1,1,,,,,
2026-08-25,2026-08-25,CM,NSE,STK,29633,INE0B2N01016,CHANDAN,SM,,,,,CHANDAN HEALTHCARE LTD,227.5,231.75,219.55,220.15,219.55,226.35,,220.15,,,64000,14218160.0,76,F1,800,,,,,
2026-08-25,2026-08-25,CM,NSE,STK,18654,INE0PT101017,CHAVDA,SM,,,,,CHAVDA INFRA LIMITED,139.1,139.1,138.0,138.0,138.0,137.05,,138.0,,,13000,1797250.0,13,F1,1000,,,,,
2026-08-25,2026-08-25,CM,NSE,STK,757991,INE0TGX01019,CHEMBONDCH,BE,,,,,CHEMBOND CHEMICAL LIMITED,277.99,278.25,263.55,267.41,266.5,273.91,,267.56,,,24279,6555601.45,154,F1,1,,,,,
2026-08-25,2026-08-25,CM,NSE,STK,14618,INE995D01025,CHEMBOND,EQ,,,,,CHEMBOND MATERIALTECH LTD,178.45,178.45,170.0,170.5,173.45,173.42,,170.61,,,3324,567037.0,105,F1,1,,,,,
2026-08-25,2026-08-25,CM,NSE,STK,276,INE03YM01018,CHEMCON,BE,,,,,CHEMCON SPECIAL CHEM LTD,194.0,200.0,194.0,198.82,197.0,192.93,,198.51,,,38109,7476296.27,526,F1,1,,,,,
2026-08-25,2026-08-25,CM,NSE,STK,765045,INE298W01016,CHEMCRUX,EQ,,,,,CHEMCRUX ENTERPRISES LTD.,85.72,86.28,84.0,84.84,85.0,85.72,,84.91,,,2592,221603.49,73,F1,1,,,,,
2026-08-25,2026-08-25,CM,NSE,STK,2799,INE783X01023,CHEMFAB,EQ,,,,,CHEMFAB ALKALIS LIMITED,380.0,380.0,362.05,364.85,362.3,368.45,,365.0,,,2155,789030.3,134,F1,1,,,,,
2026-08-25,2026-08-25,CM,NSE,STK,5449,INE488A01050,CHEMPLASTS,EQ,,,,,CHEMPLAST SANMAR LIMITED,178.33,179.48,177.1,177.82,178.33,179.22,,177.82,,,79493,14149559.71,1737,F1,1,,,,,
2026-08-25,2026-08-25,CM,NSE,STK,2049,INE178A01016,CHENNPETRO,EQ,,,,,CHENNAI PETROLEUM CORP LT,1420.0,1420.0,1389.6,1401.2,1401.9,1412.1,,1401.18,,,581107,815023369.3,20716,F1,1,,,,,
2026-08-25,2026-08-25,CM,NSE,STK,24625,INE0U1T01012,CHETANA,SM,,,,,CHETANA EDUCATION LIMITED,43.55,43.55,43.35,43.35,43.35,43.35,,43.35,,,4800,208400.0,2,F1,1600,,,,,
2026-08-25,2026-08-25,CM,NSE,STK,9879,INE974B01016,CHEVIOT,EQ,,,,,CHEVIOT COMPANY LIMITED,1162.3,1163.7,1150.1,1155.4,1154.0,1166.3,,1155.4,,,479,554155.2,132,F1,1,,,,,
2026-08-25,2026-08-25,CM,NSE,STK,8866,INE102B01014,CHOICEIN,EQ,,,,,CHOICE INTERNATIONAL LTD,797.95,801.75,786.6,788.75,787.0,797.65,,788.76,,,358035,284036543.3,6337,F1,1,,,,,
2026-08-25,2026-08-25,CM,NSE,STK,759610,INF2KCX01012,CHOICEGOLD,EQ,,,,,CHOICEAMC - CHOICEGOLD,159.96,160.12,158.2,159.38,159.63,159.96,,159.38,,,15946,2542401.98,232,F1,1,,,,,
2026-08-25,2026-08-25,CM,NSE,STK,21740,INE149A01033,CHOLAHLDNG,EQ,,,,,CHOLAMANDALAM FIN HOL LTD,1542.1,1555.2,1530.2,1548.6,1541.1,1548.4,,1548.6,,,68030,105124633.0,8278,F1,1,,,,,
2026-08-25,2026-08-25,CM,NSE,STK,685,INE121A01024,CHOLAFIN,EQ,,,,,CHOLAMANDALAM IN & FIN CO,1837.3,1873.0,1821.1,1873.0,1873.0,1846.7,,1872.93,,,428763,790433721.4,25356,F1,1,,,,,
2026-08-25,2026-08-25,CM,NSE,STK,14937,INE536H01010,CIEINDIA,EQ,,,,,CIE AUTOMOTIVE INDIA LTD,403.0,403.0,392.55,395.95,396.0,399.35,,395.97,,,382862,151271400.7,21468,F1,1,,,,,
2026-08-25,2026-08-25,CM,NSE,STK,27161,INE704H01022,CINELINE,EQ,,,,,CINELINE INDIA LIMITED,88.0,91.46,88.0,90.35,90.3,89.41,,90.35,,,43766,3957500.76,485,F1,1,,,,,
2026-08-25,2026-08-25,CM,NSE,STK,8024,INE039B01026,CINEVISTA,EQ,,,,,CINEVISTA LIMITED,14.95,14.95,13.98,14.37,14.4,14.27,,14.39,,,9766,140311.99,67,F1,1,,,,,
2026-08-25,2026-08-25,CM,NSE,STK,694,INE059A01026,CIPLA,EQ,,,,,CIPLA LTD,1435.9,1435.9,1411.1,1422.0,1422.0,1437.9,,1421.99,,,799235,1133406114.5,40414,F1,1,,,,,
2026-08-25,2026-08-25,CM,NSE,STK,763149,INE2Q7823014,CITIUSINVT,IV,,,,,CITIUS TRANSNET INV TRUST,115.0,115.0,114.0,114.13,114.1,114.33,,114.13,,,181755,20804926.67,822,F1,1,,,,,
2026-08-25,2026-08-25,CM,NSE,STK,5701,INE491A01021,CUB,EQ,,,,,CITY UNION BANK LTD,213.89,224.0,212.48,221.6,222.0,212.2,,221.59,,,4102236,898287865.52,52198,F1,1,,,,,
2026-08-25,2026-08-25,CM,NSE,STK,20233,INE201M01029,CLEDUCATE,BE,,,,,CL EDUCATE LIMITED,62.96,64.99,62.6,63.63,64.99,62.94,,63.63,,,12290,786304.19,158,F1,1,,,,,
2026-08-25,2026-08-25,CM,NSE,STK,758736,INE0UQ601012,CLASSICEIL,SM,,,,,CLASSIC ELECTRODE (IND) L,50.45,51.3,49.05,50.45,50.9,47.85,,50.45,,,20800,1051600.0,13,F1,1600,,,,,
2026-08-25,2026-08-25,CM,NSE,STK,754695,INE1QGM01024,CLAYCRAFT,SM,,,,,CLAY CRAFT INDIA LIMITED,160.1,161.3,159.05,159.15,159.15,158.7,,159.15,,,5400,865320.0,9,F1,600,,,,,
2026-08-25,2026-08-25,CM,NSE,STK,13846,INE376C01038,CLCIND,BE,,,,,CLC INDUSTRIES LIMITED,48.0,49.0,48.0,48.02,48.02,48.09,,48.02,,,3025,147944.18,29,F1,1,,,,,
2026-08-25,2026-08-25,CM,NSE,STK,760183,INE647U01026,CLEANMAX,EQ,,,,,CLEAN MAX ENVIRO EN SOL L,1262.8,1262.8,1225.0,1233.7,1225.5,1256.4,,1233.71,,,110558,137707141.1,15191,F1,1,,,,,
2026-08-25,2026-08-25,CM,NSE,STK,5049,INE227W01023,CLEAN,EQ,,,,,CLEAN SCIENCE & TECH LTD,830.95,832.0,816.05,821.9,822.0,828.25,,821.67,,,184542,151767443.2,10189,F1,1,,,,,
2026-08-25,2026-08-25,CM,NSE,STK,760143,INE1EF801010,CSSL,SM,,,,,CLEAR SECURED SERVICES L,93.0,96.0,93.0,94.45,94.05,91.6,,94.45,,,25000,2341100.0,20,F1,1000,,,,,
2026-08-25,2026-08-25,CM,NSE,STK,30893,INE00WV01027,CMRGREEN,EQ,,,,,CMR GREEN TECHNOLOGIES L,223.28,223.28,215.1,217.92,218.0,221.39,,218.04,,,597043,130505002.25,9805,F1,1,,,,,
2026-08-25,2026-08-25,CM,NSE,STK,7603,INE925R01014,CMSINFO,EQ,,,,,CMS INFO SYSTEMS LIMITED,248.0,248.6,243.25,244.85,244.25,248.8,,244.85,,,470186,115141503.05,13634,F1,1,,,,,
2026-08-25,2026-08-25,CM,NSE,STK,20374,INE522F01014,COALINDIA,EQ,,,,,COAL INDIA LTD,408.0,408.0,401.1,404.0,404.0,406.9,,404.0,,,8450049,3399649634.9,65681,F1,1,,,,,
2026-08-25,2026-08-25,CM,NSE,STK,6006,INE377E01024,COASTCORP,EQ,,,,,COASTAL CORPORATION LTD,41.33,41.46,40.21,40.45,40.25,41.33,,40.46,,,81139,3299567.33,736,F1,1,,,,,
2026-08-25,2026-08-25,CM,NSE,STK,21508,INE704P01025,COCHINSHIP,EQ,,,,,COCHIN SHIPYARD LIMITED,1515.0,1524.4,1503.0,1518.5,1518.5,1514.0,,1518.28,,,973455,1475160240.5,33282,F1,1,,,,,
2026-08-25,2026-08-25,CM,NSE,STK,11169,INE335K01011,COFFEEDAY,BE,,,,,COFFEE DAY ENTERPRISE LTD,29.0,30.5,28.6,30.18,30.31,29.06,,30.18,,,477334,14318581.38,1270,F1,1,,,,,
2026-08-25,2026-08-25,CM,NSE,STK,11543,INE591G01025,COFORGE,EQ,,,,,COFORGE LIMITED,1885.3,1899.9,1870.0,1892.8,1892.8,1873.0,,1892.79,,,1288356,2427818646.2,39414,F1,1,,,,,
2026-08-25,2026-08-25,CM,NSE,STK,17945,INE03QK01018,COHANCE,EQ,,,,,COHANCE LIFESCIENCES LTD,449.75,450.0,441.0,445.4,445.0,448.75,,445.4,,,635089,282150596.7,15720,F1,1,,,,,
2026-08-25,2026-08-25,CM,NSE,STK,15141,INE259A01022,COLPAL,EQ,,,,,COLGATE PALMOLIVE LTD.,1878.0,1878.5,1861.4,1876.8,1876.8,1879.0,,1876.8,,,193846,362517087.9,19889,F1,1,,,,,
2026-08-25,2026-08-25,CM,NSE,STK,762628,INE819A01049,COMFINTE,EQ,,,,,COMFORT INTECH LTD.,6.09,6.21,6.05,6.08,6.09,6.24,,6.06,,,129643,790680.69,353,F1,1,,,,,
2026-08-25,2026-08-25,CM,NSE,STK,21578,INE073V01015,COMSYN,EQ,,,,,COMMERCIAL SYN BAGS LTD,290.9,291.9,285.01,287.68,288.2,289.17,,287.72,,,25700,7392250.53,706,F1,1,,,,,
2026-08-25,2026-08-25,CM,NSE,STK,764648,INE823B01015,COMPEAU,EQ,,,,,COMPETENT AUTOMOB CO. L,360.0,360.0,349.1,351.5,351.5,360.0,,351.79,,,763,270991.3,42,F1,1,,,,,
2026-08-25,2026-08-25,CM,NSE,STK,19670,INE070C01037,COMPINFO,BZ,,,,,COMPUAGE INFOCOM LTD,1.06,1.14,1.06,1.11,1.14,1.11,,1.11,,,7053,7737.76,34,F1,1,,,,,
2026-08-25,2026-08-25,CM,NSE,STK,31138,INE453B01029,COMPUSOFT,EQ,,,,,COMPUCOM SOFTWARE LTD,13.29,13.29,13.08,13.19,13.2,13.04,,13.19,,,12178,160416.08,139,F1,1,,,,,
2026-08-25,2026-08-25,CM,NSE,STK,342,INE596I01020,CAMS,EQ,,,,,COMPUTER AGE MNGT SER LTD,752.0,752.75,742.3,749.95,749.95,752.0,,749.82,,,811311,605627730.05,40579,F1,1,,,,,
2026-08-25,2026-08-25,CM,NSE,STK,18060,INE338H01029,CONCORDBIO,EQ,,,,,CONCORD BIOTECH LIMITED,1557.0,1560.0,1523.2,1548.0,1553.1,1539.4,,1548.05,,,53615,82403360.0,6719,F1,1,,,,,
2026-08-25,2026-08-25,CM,NSE,STK,28764,INE037Z01029,CEWATER,EQ,,,,,CONCORD ENVIRO SYSTEMS L,253.5,271.4,251.95,265.45,265.95,253.15,,265.37,,,219284,57425543.7,4915,F1,1,,,,,
2026-08-25,2026-08-25,CM,NSE,STK,764638,INE700F01024,CFEL,EQ,,,,,CONFIDENCE FUTURIST ENE L,31.0,31.6,30.01,30.06,30.1,30.12,,30.57,,,6212,191369.26,60,F1,1,,,,,
2026-08-25,2026-08-25,CM,NSE,STK,10238,INE552D01024,CONFIPET,EQ,,,,,CONFIDENCE PETRO IND LTD.,73.45,78.42,71.6,77.85,77.99,72.14,,77.84,,,8227545,625246126.28,39176,F1,1,,,,,
2026-08-25,2026-08-25,CM,NSE,STK,758453,INE0EAS01014,CONNPLEX,SM,,,,,CONNPLEX CINEMAS LIMITED,231.95,234.45,225.0,228.0,228.0,224.5,,228.0,,,26400,6073600.0,33,F1,800,,,,,
2026-08-25,2026-08-25,CM,NSE,STK,14992,INE429I01024,CCCL,EQ,,,,,CONS. CONST. CONSORT LTD,15.25,15.25,14.96,15.04,15.08,15.11,,15.04,,,199696,3005206.03,443,F1,1,,,,,
2026-08-25,2026-08-25,CM,NSE,STK,11732,INE025A01027,CONSOFINVT,BE,,,,,CONSO. FIN. & HOLD. LTD.,272.0,275.45,272.0,274.75,275.3,270.25,,274.75,,,979,266759.95,23,F1,1,,,,,
2026-08-25,2026-08-25,CM,NSE,STK,4749,INE111A01025,CONCOR,EQ,,,,,CONTAINER CORP OF IND LTD,518.4,518.4,511.3,516.0,516.0,516.4,,515.93,,,559738,287811324.45,11666,F1,1,,,,,
2026-08-25,2026-08-25,CM,NSE,STK,2531,INE340Z01019,CONTI,SM,,,,,CONTINENTAL SEED CHEM LTD,11.45,11.45,11.2,11.2,11.2,11.4,,11.2,,,199980,2256441.0,3,F1,3333,,,,,
2026-08-25,2026-08-25,CM,NSE,STK,17477,INE663B01015,CONTROLPR,EQ,,,,,CONTROL PRINT LIMITED,600.0,608.55,593.05,605.2,605.0,599.8,,605.25,,,20484,12357560.5,3631,F1,1,,,,,
2026-08-25,2026-08-25,CM,NSE,STK,8567,INE0HS001028,COOLCAPS,ST,,,,,COOL CAPS INDUSTRIES LTD,20.95,21.35,19.7,20.85,20.85,20.7,,20.85,,,60000,1212125.0,35,F1,1250,,,,,
2026-08-25,2026-08-25,CM,NSE,STK,4007,INE558D01021,CORALFINAC,EQ,,,,,CORAL INDIA FIN & HOUS LT,34.4,34.71,33.14,34.12,33.57,33.47,,33.98,,,118953,4057875.28,573,F1,1,,,,,
2026-08-25,2026-08-25,CM,NSE,STK,15275,INE792I01017,CORDSCABLE,BE,,,,,CORDS CABLE INDUS LTD.,259.8,259.8,244.0,247.52,247.5,253.39,,247.98,,,58557,14843649.06,632,F1,1,,,,,
2026-08-25,2026-08-25,CM,NSE,STK,739,INE169A01031,COROMANDEL,EQ,,,,,COROMANDEL INTERNTL. LTD,1926.6,1931.9,1896.3,1913.6,1914.8,1926.6,,1913.91,,,470177,898437887.3,31351,F1,1,,,,,
2026-08-25,2026-08-25,CM,NSE,STK,760254,INE02ZQ01018,CORONA,EQ,,,,,CORONA REMEDIES LIMITED,2149.2,2150.1,2093.0,2097.3,2097.4,2149.0,,2097.32,,,14193,29916094.3,3144,F1,1,,,,,
2026-08-25,2026-08-25,CM,NSE,STK,742,INE757A01017,COSMOFIRST,EQ,,,,,COSMO FIRST LIMITED,905.0,935.0,905.0,930.65,932.0,907.95,,930.64,,,78279,72259496.4,5364,F1,1,,,,,
2026-08-25,2026-08-25,CM,NSE,STK,6385,INE652F01027,CCHHL,EQ,,,,,COUNTRY CLUB HOSP HOL LTD,12.95,13.0,12.5,12.55,12.83,12.95,,12.55,,,19241,243834.29,103,F1,1,,,,,
2026-08-25,2026-08-25,CM,NSE,STK,16989,INE695B01025,COUNCODOS,BE,,,,,COUNTRY CONDO S LIMITED,6.75,6.95,6.46,6.86,6.81,6.77,,6.85,,,161765,1090667.92,638,F1,1,,,,,
2026-08-25,2026-08-25,CM,NSE,STK,20086,INE521J01018,CPCAP,EQ,,,,,CP CAPITAL LIMITED,120.58,122.9,116.5,120.72,120.67,119.35,,120.73,,,20388,2450834.66,273,F1,1,,,,,
2026-08-25,2026-08-25,CM,NSE,STK,2328,INF457M01133,CPSEETF,EQ,,,,,CPSE ETF,94.07,94.69,93.42,93.78,93.97,94.07,,93.78,,,513537,48119156.65,6298,F1,1,,,,,
2026-08-25,2026-08-25,CM,NSE,STK,2854,INE00LO01017,CRAFTSMAN,EQ,,,,,CRAFTSMAN AUTOMATION LTD,10594.0,10594.0,10350.0,10375.0,10350.0,10598.5,,10374.88,,,20205,210885816.0,8533,F1,1,,,,,
2026-08-25,2026-08-25,CM,NSE,STK,764653,INE145E01017,CRAVATEX,EQ,,,,,CRAVATEX LTD.,340.0,345.0,339.0,345.0,345.0,337.1,,342.0,,,46,15760.0,9,F1,1,,,,,
2026-08-25,2026-08-25,CM,NSE,STK,9384,INE230B01021,CREATIVEYE,EQ,,,,,CREATIVE EYE LIMITED,6.11,6.5,6.11,6.15,6.39,6.2,,6.15,,,6831,42398.97,49,F1,1,,,,,
2026-08-25,2026-08-25,CM,NSE,STK,23468,INE0R7401011,CGRAPHICS,SM,,,,,CREATIVE GRAPHICS S IND L,164.4,164.4,155.0,155.75,156.55,157.5,,155.75,,,34400,5529400.0,42,F1,800,,,,,
2026-08-25,2026-08-25,CM,NSE,STK,11155,INE985W01018,CNL,EQ,,,,,CREATIVE NEWTECH LIMITED,1210.5,1250.0,1168.5,1186.9,1200.0,1202.2,,1187.07,,,24639,29518054.65,2318,F1,1,,,,,
2026-08-25,2026-08-25,CM,NSE,STK,765306,INE1KPX01025,CREDENT,ST,,,,,CREDENT CONNECT N CARE L,346.1,359.8,338.45,338.45,338.45,356.25,,338.45,,,412800,141404850.0,345,F1,600,,,,,
2026-08-25,2026-08-25,CM,NSE,STK,4421,INE741K01010,CREDITACC,EQ,,,,,CREDITACCESS GRAMEEN LTD,1440.0,1444.8,1404.0,1415.5,1413.3,1442.3,,1415.43,,,344584,488015991.1,31818,F1,1,,,,,
2026-08-25,2026-08-25,CM,NSE,STK,20878,INE220Q01020,MUFTI,EQ,,,,,CREDO BRANDS MARKETING L,77.69,77.9,75.0,76.34,76.99,76.4,,76.4,,,110384,8444412.27,1376,F1,1,,,,,
2026-08-25,2026-08-25,CM,NSE,STK,765050,INE716D01033,CRSL,EQ,,,,,CRESSANDA RAILWAY SOLUT L,2.76,2.76,2.76,2.76,2.76,3.06,,2.76,,,328890,907736.4,662,F1,1,,,,,
2026-08-25,2026-08-25,CM,NSE,STK,13900,INE559D01011,CREST,EQ,,,,,CREST VENTURES LIMITED,371.0,371.0,356.2,358.7,362.65,364.25,,358.7,,,2714,978472.6,115,F1,1,,,,,
2026-08-25,2026-08-25,CM,NSE,STK,757,INE007A01025,CRISIL,EQ,,,,,CRISIL LTD,4462.1,4520.0,4437.0,4480.0,4519.7,4478.2,,4479.76,,,18922,84457404.3,4936,F1,1,,,,,
2026-08-25,2026-08-25,CM,NSE,STK,757850,INE0S4R01014,CRIZAC,EQ,,,,,CRIZAC LIMITED,174.9,180.0,172.5,177.08,178.5,173.41,,177.12,,,200787,35235583.48,3394,F1,1,,,,,
2026-08-25,2026-08-25,CM,NSE,STK,17094,INE299U01018,CROMPTON,EQ,,,,,CROMPT GREA CON ELEC LTD,244.35,246.15,241.25,243.0,243.0,246.0,,243.02,,,3723358,904133090.6,26998,F1,1,,,,,
2026-08-25,2026-08-25,CM,NSE,STK,18263,INE00NH01017,CLSL,ST,,,,,CROP LIFE SCIENCE LIMITED,83.0,87.9,83.0,87.9,87.9,84.0,,87.9,,,18000,1548500.0,9,F1,2000,,,,,
2026-08-25,2026-08-25,CM,NSE,STK,8083,INE491V01019,CROWN,EQ,,,,,CROWN LIFTERS LIMITED,105.4,106.0,102.3,104.31,105.59,105.2,,104.31,,,12021,1259948.91,160,F1,1,,,,,
2026-08-25,2026-08-25,CM,NSE,STK,14966,INE679A01013,CSBBANK,EQ,,,,,CSB BANK LIMITED,332.0,342.85,329.15,339.35,339.9,331.9,,339.35,,,855147,287673306.3,19755,F1,1,,,,,
2026-08-25,2026-08-25,CM,NSE,STK,10350,INE718F01018,CSLFINANCE,EQ,,,,,CSL FINANCE LIMITED,225.27,236.77,225.1,229.48,230.0,225.02,,229.48,,,79562,18410849.49,1164,F1,1,,,,,
2026-08-25,2026-08-25,CM,NSE,STK,763753,INE0ZK601013,CSM,EQ,,,,,CSM TECHNOLOGIES LIMITED,98.0,98.5,97.25,97.56,97.3,98.59,,97.57,,,58968,5763610.01,1119,F1,1,,,,,
2026-08-25,2026-08-25,CM,NSE,STK,15078,INE0NR623014,CUBEINVIT,IV,,,,,CUBE HIGHWAYS TRUST,156.48,157.5,156.1,156.42,156.26,156.48,,156.42,,,435013,68091562.71,2247,F1,1,,,,,
2026-08-25,2026-08-25,CM,NSE,STK,4064,INE144D01012,CUBEXTUB,EQ,,,,,CUBEX TUBINGS LTD,79.24,82.0,77.01,79.07,78.0,79.24,,79.04,,,40691,3194271.57,1158,F1,1,,,,,
2026-08-25,2026-08-25,CM,NSE,STK,1901,INE298A01020,CUMMINSIND,EQ,,,,,CUMMINS INDIA LTD,5220.0,5239.5,5150.0,5239.5,5239.5,5190.0,,5239.34,,,562078,2920554309.0,32457,F1,1,,,,,
2026-08-25,2026-08-25,CM,NSE,STK,18520,INE509F01029,CUPID,EQ,,,,,CUPID LIMITED,287.45,287.75,281.0,281.76,282.45,286.41,,281.73,,,11345561,3210805958.93,93187,F1,1,,,,,
2026-08-25,2026-08-25,CM,NSE,STK,30189,INE117B01020,CURAA,EQ,,,,,CURA TECHNOLOGIES LIMITED,73.6,74.9,72.3,72.3,72.3,73.55,,72.3,,,449,33012.95,17,F1,1,,,,,
2026-08-25,2026-08-25,CM,NSE,STK,759825,INE1BZN01016,CURIS,SM,,,,,CURIS LIFESCIENCES LTD,130.0,130.0,124.1,126.0,126.0,126.4,,126.0,,,21000,2688100.0,19,F1,1000,,,,,
2026-08-25,2026-08-25,CM,NSE,STK,11842,INE278G01037,CYBERMEDIA,EQ,,,,,CYBER MEDIA (INDIA) LTD.,18.4,19.3,17.53,18.67,18.01,17.54,,18.73,,,116868,2196308.39,621,F1,1,,,,,
2026-08-25,2026-08-25,CM,NSE,STK,11447,INE075Z01011,CMRSL,SM,,,,,CYBER MEDIA RES & SER LTD,68.8,68.8,68.75,68.8,68.8,65.55,,68.8,,,8000,550360.0,9,F1,800,,,,,
2026-08-25,2026-08-25,CM,NSE,STK,6054,INE214A01019,CYBERTECH,BE,,,,,CYBERTECH SYSTEMS & SOFTW,133.32,135.75,131.5,134.88,135.0,134.67,,134.94,,,4415,591630.77,115,F1,1,,,,,
2026-08-25,2026-08-25,CM,NSE,STK,17187,INE055S01018,CYIENTDLM,EQ,,,,,CYIENT DLM LIMITED,733.0,778.0,732.95,769.35,771.3,735.85,,769.35,,,973603,743474714.65,38987,F1,1,,,,,
2026-08-25,2026-08-25,CM,NSE,STK,5748,INE136B01020,CYIENT,EQ,,,,,CYIENT LIMITED,909.0,989.0,898.65,979.05,975.05,909.05,,979.08,,,4712618,4545935278.6,142229,F1,1,,,,,
2026-08-25,2026-08-25,CM,NSE,STK,16902,INE864X01013,DPWIRES,BE,,,,,D P WIRES LIMITED,158.35,158.35,152.25,154.04,154.85,158.35,,153.73,,,3949,612320.68,164,F1,1,,,,,
2026-08-25,2026-08-25,CM,NSE,STK,17851,INE250K01012,DLINKINDIA,EQ,,,,,D-LINK INDIA LTD,452.0,452.0,442.45,448.75,450.0,448.5,,448.79,,,61634,27503461.9,2327,F1,1,,,,,
2026-08-25,2026-08-25,CM,NSE,STK,936,INE266Y01019,DPABHUSHAN,EQ,,,,,D. P. ABHUSHAN LIMITED,1544.9,1550.0,1450.0,1459.5,1455.2,1533.3,,1459.43,,,40300,59240749.6,3566,F1,1,,,,,
2026-08-25,2026-08-25,CM,NSE,STK,17881,INE950I01011,DBCORP,EQ,,,,,D.B.CORP LTD,208.33,208.33,204.0,205.43,205.01,206.8,,205.43,,,71454,14694509.16,2020,F1,1,,,,,
2026-08-25,2026-08-25,CM,NSE,STK,772,INE016A01026,DABUR,EQ,,,,,DABUR INDIA LTD,397.9,398.1,392.15,395.05,395.05,398.45,,395.04,,,3323557,1309866384.3,27574,F1,1,,,,,
2026-08-25,2026-08-25,CM,NSE,STK,762633,INE928C01010,DAICHI,EQ,,,,,DAI-ICHI KARKARIA LTD.,326.1,340.0,326.1,339.15,339.0,337.35,,339.16,,,8135,2746153.3,79,F1,1,,,,,
2026-08-25,2026-08-25,CM,NSE,STK,8075,INE00R701025,DALBHARAT,EQ,,,,,DALMIA BHARAT LIMITED,1854.8,1854.8,1780.1,1824.0,1824.0,1853.0,,1824.0,,,513247,932022687.4,28276,F1,1,,,,,
2026-08-25,2026-08-25,CM,NSE,STK,781,INE495A01022,DALMIASUG,EQ,,,,,DALMIA BHARAT SUG IN LTD,478.75,492.95,454.3,470.25,468.7,480.75,,470.21,,,514173,242994600.35,14824,F1,1,,,,,
2026-08-25,2026-08-25,CM,NSE,STK,28662,INE284H01025,DAMCAPITAL,EQ,,,,,DAM CAPITAL ADVISORS LTD,145.3,155.24,145.2,149.38,149.6,145.96,,149.38,,,1042896,158255600.35,11832,F1,1,,,,,
2026-08-25,2026-08-25,CM,NSE,STK,17569,INE497D01022,DAMODARIND,BE,,,,,DAMODAR INDUSTRIES LTD,28.0,28.0,27.15,27.87,27.85,27.8,,27.87,,,3603,100486.05,18,F1,1,,,,,
2026-08-25,2026-08-25,CM,NSE,STK,1110,INE688Y01022,DANGEE,EQ,,,,,DANGEE DUMS LIMITED,2.94,2.99,2.82,2.83,2.84,2.85,,2.83,,,53556,152891.32,126,F1,1,,,,,
2026-08-25,2026-08-25,CM,NSE,STK,25927,INE0YU901016,DANISH,SM,,,,,DANISH POWER LIMITED,789.8,823.8,789.8,805.6,807.0,780.25,,805.6,,,24450,19870297.5,141,F1,150,,,,,
2026-08-25,2026-08-25,CM,NSE,STK,757107,INE04Q901010,DCCL,SM,,,,,DAR CREDIT & CAPITAL LTD,46.1,46.1,46.1,46.1,46.1,47.9,,46.1,,,2000,92200.0,1,F1,2000,,,,,
2026-08-25,2026-08-25,CM,NSE,STK,7358,INE0IX101010,DATAPATTNS,EQ,,,,,DATA PATTERNS INDIA LTD,4730.0,4768.7,4500.1,4542.3,4548.0,4736.2,,4542.16,,,1198526,5495731942.4,102708,F1,1,,,,,
2026-08-25,2026-08-25,CM,NSE,STK,11423,INE365B01017,DATAMATICS,EQ,,,,,DATAMATICS GLOBAL SER LTD,815.9,817.75,796.8,799.2,798.1,812.15,,799.19,,,46031,36897928.45,2947,F1,1,,,,,
2026-08-25,2026-08-25,CM,NSE,STK,21794,INE179G01029,DAVANGERE,EQ,,,,,DAVANGERE SUGAR COMPANY L,2.91,2.94,2.86,2.88,2.9,2.87,,2.88,,,9209404,26679548.72,5115,F1,1,,,,,
2026-08-25,2026-08-25,CM,NSE,STK,31111,INE921B01025,DBSTOCKBRO,BE,,,,,DB (INT) STOCK BROKERS,29.03,29.28,27.8,28.67,28.67,29.2,,28.46,,,16520,466740.5,79,F1,1,,,,,
2026-08-25,2026-08-25,CM,NSE,STK,11566,INE0A1101019,DCI,EQ,,,,,DC INFOTECH AND COMUN LTD,386.85,386.85,365.1,370.15,374.0,384.0,,370.2,,,38862,14600851.8,971,F1,1,,,,,
2026-08-25,2026-08-25,CM,NSE,STK,13725,INE503A01015,DCBBANK,EQ,,,,,DCB BANK LIMITED,201.5,210.1,200.16,207.37,208.0,199.74,,207.37,,,7870975,1629522429.74,74918,F1,1,,,,,
2026-08-25,2026-08-25,CM,NSE,STK,23520,INE0S8401018,DCG,SM,,,,,DCG CABLES & WIRES LTD,55.45,55.45,54.1,54.1,54.1,55.45,,54.1,,,7200,392280.0,6,F1,1200,,,,,
2026-08-25,2026-08-25,CM,NSE,STK,4775,INE891B01012,DCMFINSERV,EQ,,,,,DCM FINANCIAL SERVICES LT,5.13,5.49,5.01,5.33,5.36,5.13,,5.31,,,9336,48890.77,189,F1,1,,,,,
2026-08-25,2026-08-25,CM,NSE,STK,7323,INE498A01018,DCM,BE,,,,,DCM LIMITED,80.35,81.4,78.6,80.7,80.7,79.47,,81.06,,,20780,1662181.95,31,F1,1,,,,,
2026-08-25,2026-08-25,CM,NSE,STK,11039,INE08KP01019,DCMNVL,EQ,,,,,DCM NOUVELLE LIMITED,173.0,180.44,171.01,180.29,180.44,171.85,,180.29,,,21635,3855989.96,237,F1,1,,,,,
2026-08-25,2026-08-25,CM,NSE,STK,760893,INE0OFM01015,DSFCL,BE,,,,,DCM SHRIRAM FINE CHEM LTD,27.11,27.15,26.99,26.99,26.99,27.1,,26.5,,,15143,409475.49,48,F1,1,,,,,
2026-08-25,2026-08-25,CM,NSE,STK,7325,INE843D01027,DCMSRIND,EQ,,,,,DCM SHRIRAM IND LTD,52.16,53.06,49.25,50.5,50.75,53.06,,50.51,,,255135,12946756.44,1455,F1,1,,,,,
2026-08-25,2026-08-25,CM,NSE,STK,760896,INE0OU201013,DCMSIL,EQ,,,,,DCM SHRIRAM INTERNATNL L,76.7,79.79,75.01,77.8,77.55,77.38,,77.81,,,67148,5210666.67,438,F1,1,,,,,
2026-08-25,2026-08-25,CM,NSE,STK,811,INE499A01024,DCMSHRIRAM,EQ,,,,,DCM SHRIRAM LIMITED,1070.0,1075.1,1050.0,1052.9,1058.8,1075.4,,1052.92,,,77649,82266781.5,10074,F1,1,,,,,
2026-08-25,2026-08-25,CM,NSE,STK,817,INE500A01029,DCW,EQ,,,,,DCW LTD,44.99,46.35,44.75,45.38,45.31,44.9,,45.38,,,953415,43404879.7,4237,F1,1,,,,,
2026-08-25,2026-08-25,CM,NSE,STK,11895,INE0KL801015,DCXINDIA,EQ,,,,,DCX SYSTEMS LIMITED,176.62,177.0,172.6,173.76,173.4,175.72,,173.76,,,253359,44055231.52,4347,F1,1,,,,,
2026-08-25,2026-08-25,CM,NSE,STK,29098,INE0HR601026,DDEVPLSTIK,EQ,,,,,DDEV PLASTIKS IND LTD,276.0,284.0,274.5,276.05,275.75,276.6,,276.04,,,68193,18843297.2,2008,F1,1,,,,,
2026-08-25,2026-08-25,CM,NSE,STK,15449,INE0JWV01011,DENEERS,SM,,,,,DE NEERS TOOLS LIMITED,171.0,175.0,167.0,168.5,168.5,173.9,,168.5,,,6600,1121430.0,11,F1,600,,,,,
2026-08-25,2026-08-25,CM,NSE,STK,4279,INE244A01016,DENORA,EQ,,,,,DE NORA INDIA LIMITED,822.5,845.0,816.9,824.4,821.0,822.3,,824.39,,,4929,4087205.8,473,F1,1,,,,,
2026-08-25,2026-08-25,CM,NSE,STK,14838,INE583C01021,DECCANCE,EQ,,,,,DECCAN CEMENTS LIMITED,555.1,567.55,545.0,564.05,562.5,546.85,,564.04,,,58941,32973492.55,897,F1,1,,,,,
2026-08-25,2026-08-25,CM,NSE,STK,762638,INE945F01025,DECNGOLD,EQ,,,,,DECCAN GOLD MINES LTD.,249.0,249.49,231.1,232.84,232.6,247.61,,232.8,,,2097704,497493169.01,23093,F1,1,,,,,
2026-08-25,2026-08-25,CM,NSE,STK,25421,INE0S7C01019,DECCANTRAN,SM,,,,,DECCAN TRANSCON LEASING L,22.0,22.0,21.0,21.0,21.0,22.75,,21.0,,,12000,257880.0,9,F1,1200,,,,,
2026-08-25,2026-08-25,CM,NSE,STK,24154,INE841L01016,DEEDEV,EQ,,,,,DEE DEVELOPMENT ENG LTD,635.0,654.0,631.0,647.8,650.0,634.5,,648.26,,,99366,63857080.65,3085,F1,1,,,,,
2026-08-25,2026-08-25,CM,NSE,STK,22802,INE586O01011,DEEM,ST,,,,,DEEM ROLL TECH LIMITED,40.4,40.4,40.4,40.4,40.4,40.8,,40.4,,,1000,40400.0,1,F1,1000,,,,,
2026-08-25,2026-08-25,CM,NSE,STK,3292,INE0FHS01024,DEEPINDS,EQ,,,,,DEEP INDUSTRIES LIMITED,675.45,678.35,645.15,649.65,647.0,678.05,,649.98,,,206309,135484053.25,8138,F1,1,,,,,
2026-08-25,2026-08-25,CM,NSE,STK,765055,INE00IY01012,DEEP,EQ,,,,,DEEP POLYMERS LTD.,37.0,37.0,35.9,36.08,36.08,37.18,,36.48,,,8927,326059.8,96,F1,1,,,,,
2026-08-25,2026-08-25,CM,NSE,STK,25894,INE0OPA01027,DBEIL,BE,,,,,DEEPAK BUILDERS & ENG I L,6.5,6.67,6.46,6.57,6.5,6.5,,6.57,,,148020,966680.58,234,F1,1,,,,,
2026-08-25,2026-08-25,CM,NSE,STK,827,INE501A01019,DEEPAKFERT,EQ,,,,,DEEPAK FERTILIZERS & PETR,1470.2,1508.0,1445.4,1460.0,1459.9,1476.1,,1460.04,,,475338,704295514.2,29887,F1,1,,,,,
2026-08-25,2026-08-25,CM,NSE,STK,19943,INE288B01029,DEEPAKNTR,EQ,,,,,DEEPAK NITRITE LTD,1737.0,1782.0,1737.0,1751.0,1756.0,1730.3,,1751.05,,,513767,903462924.4,34650,F1,1,,,,,
2026-08-25,2026-08-25,CM,NSE,STK,22527,INE0SK801018,DELAPLEX,SM,,,,,DELAPLEX LIMITED,84.5,84.5,80.0,81.1,82.0,84.5,,81.1,,,58800,4749120.0,73,F1,600,,,,,
2026-08-25,2026-08-25,CM,NSE,STK,9599,INE148O01028,DELHIVERY,EQ,,,,,DELHIVERY LIMITED,441.65,447.95,439.1,447.95,447.95,444.75,,447.95,,,1174352,519155740.05,25343,F1,1,,,,,
2026-08-25,2026-08-25,CM,NSE,STK,24395,INE726L01027,DELPHIFX,BE,,,,,DELPHI WORLD MONEY LTD,6.5,6.68,6.35,6.62,6.67,6.49,,6.61,,,107513,699959.28,194,F1,1,,,,,
2026-08-25,2026-08-25,CM,NSE,STK,29092,INE0XRN01019,DELTIC,SM,,,,,DELTA AUTOCORP LIMITED,34.5,35.85,34.5,35.1,35.1,35.0,,35.1,,,8000,280350.0,8,F1,1000,,,,,
2026-08-25,2026-08-25,CM,NSE,STK,15044,INE124G01033,DELTACORP,EQ,,,,,DELTA CORP LIMITED,59.17,62.24,58.9,61.52,61.62,58.88,,61.52,,,3357809,205770549.56,17648,F1,1,,,,,
2026-08-25,2026-08-25,CM,NSE,STK,1214,INE393A01011,DELTAMAGNT,EQ,,,,,DELTA MANUFACTURING LTD,56.74,59.5,56.32,56.63,56.7,57.32,,56.82,,,2448,138958.5,115,F1,1,,,,,
2026-08-25,2026-08-25,CM,NSE,STK,17722,INE947J01015,DEN,EQ,,,,,DEN NETWORKS LTD,28.14,28.34,27.7,28.12,28.2,28.14,,28.12,,,240029,6728301.6,1523,F1,1,,,,,
2026-08-25,2026-08-25,CM,NSE,STK,29256,INE0R4L01018,DENTA,EQ,,,,,DENTA WATER N INFRA SOL L,284.2,286.0,281.55,284.75,285.0,282.55,,284.8,,,57440,16300526.65,2005,F1,1,,,,,
2026-08-25,2026-08-25,CM,NSE,STK,759079,INE0VOV01021,DEVX,EQ,,,,,DEV ACCELERATOR LIMITED,35.0,35.0,33.75,33.97,34.35,34.93,,33.97,,,35507,1219019.95,388,F1,1,,,,,
2026-08-25,2026-08-25,CM,NSE,STK,8146,INE060X01034,DEVIT,EQ,,,,,DEV INFO TECHNOLOGY LTD,25.6,26.5,25.27,25.41,25.49,25.43,,25.36,,,33671,859716.73,257,F1,1,,,,,
2026-08-25,2026-08-25,CM,NSE,STK,5373,INE872J01023,DEVYANI,EQ,,,,,DEVYANI INTERNATIONAL LTD,149.0,150.25,146.41,149.9,150.0,149.12,,149.89,,,2461729,366538832.77,16293,F1,1,,,,,
2026-08-25,2026-08-25,CM,NSE,STK,764661,INE260R01016,DHABRIYA,BE,,,,,DHABRIYA POLYWOOD LTD.,569.95,584.0,555.0,563.85,567.0,580.3,,563.14,,,15783,8912440.65,212,F1,1,,,,,
2026-08-25,2026-08-25,CM,NSE,STK,10893,INE0I3401014,DBOL,EQ,,,,,DHAMPUR BIO ORGANICS LTD,127.3,131.78,126.51,128.94,128.16,128.45,,128.93,,,459359,59416466.26,8557,F1,1,,,,,
2026-08-25,2026-08-25,CM,NSE,STK,857,INE041A01016,DHAMPURSUG,EQ,,,,,DHAMPUR SUGAR MILLS LTD.,180.0,186.0,177.2,179.72,179.7,180.79,,179.72,,,1670593,303037720.08,18098,F1,1,,,,,
2026-08-25,2026-08-25,CM,NSE,STK,11359,INE680A01011,DHANBANK,EQ,,,,,DHANLAXMI BANK LIMITED,33.76,33.97,32.8,33.12,33.2,34.01,,33.12,,,758275,25301047.81,2696,F1,1,,,,,
2026-08-25,2026-08-25,CM,NSE,STK,27723,INE0V9V01010,DHANLAXMI,SM,,,,,DHANLAXMI CROP SCIENCE L,27.5,27.5,24.6,24.6,24.6,27.8,,24.6,,,4000,104200.0,2,F1,2000,,,,,
2026-08-25,2026-08-25,CM,NSE,STK,24415,INE0M3I01029,DHANSA,SM,,,,,DHANSA LABS LIMITED,22.55,22.55,22.55,22.55,22.55,22.05,,22.55,,,4000,90200.0,1,F1,2000,,,,,
2026-08-25,2026-08-25,CM,NSE,STK,24409,INE435G01025,DHANUKA,EQ,,,,,DHANUKA AGRITECH LTD,990.0,996.0,980.0,983.7,981.8,994.9,,983.67,,,13953,13758816.7,1830,F1,1,,,,,
2026-08-25,2026-08-25,CM,NSE,STK,760492,INE2HJL01019,DHARARAIL,ST,,,,,DHARA RAIL PROJECTS LTD,151.0,151.0,149.95,149.95,150.0,149.8,,149.95,,,3000,450950.0,3,F1,1000,,,,,
2026-08-25,2026-08-25,CM,NSE,STK,759203,INE278R01034,DHARAN,BZ,,,,,DHARAN INFRA-EPC LIMITED,0.16,0.17,0.16,0.16,0.17,0.16,,0.16,,,7942895,1294025.02,1232,F1,1,,,,,
2026-08-25,2026-08-25,CM,NSE,STK,24747,INE0YRN01025,DHARIWAL,SM,,,,,DHARIWALCORP LIMITED,17.9,17.9,17.05,17.1,17.1,17.9,,17.1,,,246000,4234950.0,73,F1,3000,,,,,
2026-08-25,2026-08-25,CM,NSE,STK,13001,INE00OQ01016,DHARMAJ,EQ,,,,,DHARMAJ CROP GUARD LTD,260.65,278.0,256.9,271.25,270.0,260.65,,270.84,,,59403,15983803.35,2715,F1,1,,,,,
2026-08-25,2026-08-25,CM,NSE,STK,765060,INE715T01031,DHATRE,EQ,,,,,DHATRE UDYOG LTD.,4.27,4.39,4.16,4.27,4.29,4.41,,4.26,,,25881,110198.5,168,F1,1,,,,,
2026-08-25,2026-08-25,CM,NSE,STK,764553,INE01NH01023,DHOOTTRANS,EQ,,,,,DHOOT TRANSMISSION LTD,1443.4,1541.1,1410.1,1521.75,1527.0,1443.4,,1521.73,,,5545253,8219201554.35,195682,F1,1,,,,,
2026-08-25,2026-08-25,CM,NSE,STK,6858,INE506Z01015,DHRUV,EQ,,,,,DHRUV CONSULTANCY SER LTD,24.38,24.4,22.6,23.47,23.5,23.24,,23.46,,,7173,167398.6,79,F1,1,,,,,
2026-08-25,2026-08-25,CM,NSE,STK,22233,INE320L01011,DHUNINV,EQ,,,,,DHUNSERI INVESTMENTS LTD,980.0,980.0,957.0,959.8,957.0,967.9,,959.8,,,528,507938.1,77,F1,1,,,,,
2026-08-25,2026-08-25,CM,NSE,STK,6227,INE341R01014,DTIL,EQ,,,,,DHUNSERI TEA & IND. LTD.,140.09,156.72,140.09,152.69,152.0,139.92,,152.57,,,45562,6790566.45,1511,F1,1,,,,,
2026-08-25,2026-08-25,CM,NSE,STK,15214,INE477B01010,DVL,EQ,,,,,DHUNSERI VENTURES LIMITED,286.75,287.0,278.4,280.89,280.07,283.61,,280.84,,,15907,4468988.22,703,F1,1,,,,,
2026-08-25,2026-08-25,CM,NSE,STK,18644,INE591D01014,DIAMINESQ,EQ,,,,,DIAMINES & CHEMICALS LTD,240.0,249.9,240.0,248.17,247.9,238.65,,248.21,,,7032,1726638.47,361,F1,1,,,,,
2026-08-25,2026-08-25,CM,NSE,STK,18545,INE989C01038,DIACABS,BE,,,,,DIAMOND POWER INFRA LTD,353.0,353.0,335.55,339.3,340.15,353.2,,339.3,,,2026896,683605535.4,14556,F1,1,,,,,
2026-08-25,2026-08-25,CM,NSE,STK,703,INE303A01010,DICIND,EQ,,,,,DIC INDIA LIMITED,587.95,603.0,587.95,594.6,595.0,592.05,,594.6,,,2626,1563683.5,152,F1,1,,,,,
2026-08-25,2026-08-25,CM,NSE,STK,24313,INE0JRD01019,DTL,SM,,,,,DIENSTEN TECH LIMITED,125.0,125.0,125.0,125.0,125.0,135.0,,125.0,,,1200,150000.0,1,F1,1200,,,,,
2026-08-25,2026-08-25,CM,NSE,STK,25672,INE184O01015,DIFFNKG,EQ,,,,,DIFFUSION ENGINEERS LTD,404.55,404.55,389.25,392.05,392.9,401.65,,392.08,,,47145,18662026.6,1532,F1,1,,,,,
2026-08-25,2026-08-25,CM,NSE,STK,10346,INE03JI01017,DGCONTENT,EQ,,,,,DIGICONTENT LIMITED,24.41,25.1,24.31,24.58,24.6,24.81,,24.58,,,1674,41233.13,31,F1,1,,,,,
2026-08-25,2026-08-25,CM,NSE,STK,21247,INE0PSC01024,DIGIDRIVE,EQ,,,,,DIGIDRIVE DISTRIBUTORS L,18.24,18.24,17.51,17.71,17.8,17.88,,17.7,,,4537,81065.81,96,F1,1,,,,,
2026-08-25,2026-08-25,CM,NSE,STK,19138,INE0QJ901011,DIGIKORE,SM,,,,,DIGIKORE STUDIOS LIMITED,37.3,37.85,36.5,37.7,37.7,37.7,,37.7,,,56000,2084240.0,38,F1,400,,,,,
2026-08-25,2026-08-25,CM,NSE,STK,16683,INE927C01020,DIGISPICE,EQ,,,,,DIGISPICE TECHNOLOGIES LT,16.97,17.08,16.51,16.86,16.99,16.67,,16.86,,,37495,632827.41,150,F1,1,,,,,
2026-08-25,2026-08-25,CM,NSE,STK,757515,INE0U4701011,DIGITIDE,EQ,,,,,DIGITIDE SOLUTIONS LTD,99.53,101.0,97.6,99.91,99.0,98.94,,99.91,,,204772,20279149.09,1878,F1,1,,,,,
2026-08-25,2026-08-25,CM,NSE,STK,6127,INE731U01028,DIGJAMLMTD,EQ,,,,,DIGJAM LTD,51.5,53.25,50.34,50.66,51.9,51.31,,50.71,,,11118,575109.72,89,F1,1,,,,,
2026-08-25,2026-08-25,CM,NSE,STK,641,INE016M01021,DNAMEDIA,EQ,,,,,DILIGENT MEDIA CORP LTD.,2.78,2.78,2.51,2.56,2.55,2.54,,2.56,,,75778,194532.05,98,F1,1,,,,,
2026-08-25,2026-08-25,CM,NSE,STK,18086,INE917M01012,DBL,EQ,,,,,DILIP BUILDCON LIMITED,416.0,417.05,413.1,414.85,415.95,414.6,,414.84,,,51221,21246857.4,2751,F1,1,,,,,
2026-08-25,2026-08-25,CM,NSE,STK,762643,INE131C01011,DISAQ,EQ,,,,,DISA INDIA LTD.,11850.0,12020.0,11622.0,11906.0,11906.0,11880.0,,11906.0,,,514,6109191.0,354,F1,1,,,,,
2026-08-25,2026-08-25,CM,NSE,STK,14537,INE836F01026,DISHTV,EQ,,,,,DISH TV INDIA LTD.,2.73,2.77,2.73,2.73,2.75,2.76,,2.73,,,789201,2166595.89,976,F1,1,,,,,
2026-08-25,2026-08-25,CM,NSE,STK,21704,INE385W01011,DCAL,EQ,,,,,DISHMAN CARBO AMCIS LTD,174.75,174.75,170.9,172.05,172.03,173.25,,172.05,,,180599,31066940.73,3002,F1,1,,,,,
2026-08-25,2026-08-25,CM,NSE,STK,14479,INE753U01022,DIVGIITTS,EQ,,,,,DIVGI TORQTRANSFER SYST L,1228.4,1240.0,1183.9,1190.35,1198.6,1221.05,,1190.31,,,56959,68660515.9,5385,F1,1,,,,,
2026-08-25,2026-08-25,CM,NSE,STK,10940,INE361B01024,DIVISLAB,EQ,,,,,DIVI S LABORATORIES LTD,8500.0,8744.5,8497.0,8744.5,8744.5,8496.0,,8743.27,,,563721,4854927137.0,50752,F1,1,,,,,
2026-08-25,2026-08-25,CM,NSE,STK,30262,INE0NA501011,DIVINEHIRA,ST,,,,,DIVINE HIRA JEWELLERS LTD,116.0,116.0,111.0,114.4,114.4,114.0,,114.4,,,21600,2454900.0,17,F1,1200,,,,,
2026-08-25,2026-08-25,CM,NSE,STK,24286,INE0SCO01019,DPEL,SM,,,,,DIVINE POWER ENERGY LTD,575.0,575.0,555.0,565.4,564.0,577.95,,565.4,,,28500,16200900.0,45,F1,500,,,,,
2026-08-25,2026-08-25,CM,NSE,STK,21690,INE935N01020,DIXON,EQ,,,,,DIXON TECHNO (INDIA) LTD,14529.0,14990.0,14400.0,14990.0,14990.0,14570.0,,14990.0,,,522440,7653687648.0,62198,F1,1,,,,,
2026-08-25,2026-08-25,CM,NSE,STK,12749,INE0B1K01014,DJML,EQ,,,,,DJ MEDIAPRINT & LOG LTD,81.0,81.0,71.15,73.26,74.85,86.92,,73.26,,,2170369,161913595.45,24575,F1,1,,,,,
2026-08-25,2026-08-25,CM,NSE,STK,14732,INE271C01023,DLF,EQ,,,,,DLF LIMITED,688.0,688.2,678.3,682.95,682.95,689.0,,682.95,,,2158853,1472298584.45,55293,F1,1,,,,,
2026-08-25,2026-08-25,CM,NSE,STK,6973,INE505A01010,DMCC,EQ,,,,,DMCC SPECIALITY CHEMICALS,289.25,292.2,280.1,282.1,281.05,287.1,,282.18,,,28099,8028944.1,1493,F1,1,,,,,
2026-08-25,2026-08-25,CM,NSE,STK,22533,INE0OGG01015,DHTL,SM,,,,,DOCMODE HEALTH TECH LTD,29.95,33.0,29.9,33.0,33.0,31.45,,33.0,,,6400,201920.0,8,F1,800,,,,,
2026-08-25,2026-08-25,CM,NSE,STK,4822,INE021O01019,DODLA,EQ,,,,,DODLA DAIRY LIMITED,1154.0,1154.4,1101.0,1110.4,1117.0,1149.4,,1110.23,,,41308,46667585.2,5449,F1,1,,,,,
2026-08-25,2026-08-25,CM,NSE,STK,12124,INE966A01022,DOLATALGO,EQ,,,,,DOLAT ALGOTECH LIMITED,75.83,75.83,73.2,74.49,74.02,75.29,,74.49,,,123419,9169917.97,1275,F1,1,,,,,
2026-08-25,2026-08-25,CM,NSE,STK,20560,INE325C01035,DOLLAR,EQ,,,,,DOLLAR INDUSTRIES LIMITED,275.0,276.3,273.0,274.6,273.8,273.7,,274.58,,,38650,10605958.85,1198,F1,1,,,,,
2026-08-25,2026-08-25,CM,NSE,STK,13323,INE0JHH01011,DOLLEX,SM,,,,,DOLLEX AGROTECH LIMITED,32.7,33.9,32.6,33.8,33.9,33.15,,33.8,,,152000,4976600.0,28,F1,4000,,,,,
2026-08-25,2026-08-25,CM,NSE,STK,18139,INE920A01037,DOLPHIN,EQ,,,,,DOLPHIN OFF ENT (IND) L,616.45,627.4,605.0,610.25,610.8,616.45,,610.23,,,27817,17070137.95,1352,F1,1,,,,,
2026-08-25,2026-08-25,CM,NSE,STK,20551,INE321T01012,DOMS,EQ,,,,,DOMS INDUSTRIES LIMITED,2201.7,2219.4,2182.0,2212.3,2210.0,2201.7,,2212.09,,,17687,39035511.7,4423,F1,1,,,,,
2026-08-25,2026-08-25,CM,NSE,STK,13839,INE668D01028,DONEAR,EQ,,,,,DONEAR IND. LIMITED,84.28,85.89,84.28,84.73,84.6,84.58,,84.73,,,7101,603830.36,179,F1,1,,,,,
2026-08-25,2026-08-25,CM,NSE,STK,15423,INE360C01024,DPSCLTD,BE,,,,,DPSC LIMITED,7.25,7.25,7.05,7.15,7.19,7.11,,7.15,,,64648,460608.32,317,F1,1,,,,,
2026-08-25,2026-08-25,CM,NSE,STK,29452,INE943P01029,AGARWALEYE,EQ,,,,,DR AGARWALS HEALTH CARE L,497.8,502.95,493.0,500.4,497.6,497.8,,500.43,,,113399,56591537.95,5095,F1,1,,,,,
2026-08-25,2026-08-25,CM,NSE,STK,762648,INE934C01018,DRAGARWQ,EQ,,,,,DR. AGARWAL'S EYE HOSP L,5363.5,5386.5,5205.0,5328.5,5344.0,5373.5,,5328.5,,,649,3447848.0,179,F1,1,,,,,
2026-08-25,2026-08-25,CM,NSE,STK,11654,INE600L01024,LALPATHLAB,EQ,,,,,DR. LAL PATH LABS LTD.,1893.8,1929.8,1875.1,1913.7,1912.8,1883.8,,1913.72,,,194732,371081026.9,35291,F1,1,,,,,
2026-08-25,2026-08-25,CM,NSE,STK,881,INE089A01031,DRREDDY,EQ,,,,,DR. REDDY S LABORATORIES,1189.0,1193.5,1175.0,1193.5,1193.5,1190.0,,1193.47,,,1569853,1863340547.8,54205,F1,1,,,,,
2026-08-25,2026-08-25,CM,NSE,STK,2645,INE03RS01027,DRCSYSTEMS,EQ,,,,,DRC SYSTEMS INDIA LIMITED,13.16,13.16,12.72,12.9,12.9,12.99,,12.9,,,25492,329060.51,197,F1,1,,,,,
2026-08-25,2026-08-25,CM,NSE,STK,10859,INE0JS101016,DREAMFOLKS,EQ,,,,,DREAMFOLKS SERVICES LTD,68.95,68.99,67.05,67.42,67.2,68.74,,67.42,,,41721,2821441.88,1487,F1,1,,,,,
2026-08-25,2026-08-25,CM,NSE,STK,11271,INE506A01018,DREDGECORP,EQ,,,,,DREDGING CORP OF INDIA,1109.4,1109.4,1087.1,1100.2,1102.0,1101.7,,1100.19,,,64931,71186527.3,4992,F1,1,,,,,
2026-08-25,2026-08-25,CM,NSE,STK,17372,INE0P7201019,DRONE,SM,,,,,DRONE DESTINATION LIMITED,35.8,36.3,34.35,35.8,35.8,35.05,,35.8,,,22000,781300.0,38,F1,500,,,,,
2026-08-25,2026-08-25,CM,NSE,STK,8772,INE891A01022,DSKULKARNI,BE,,,,,DS KULKARNI DEVELOPERS L,17.27,17.27,17.27,17.27,17.27,16.94,,17.27,,,1,17.27,1,F1,1,,,,,
2026-08-25,2026-08-25,CM,NSE,STK,778,INE055C01020,KEEPLEARN,EQ,,,,,DSJ KEEP LEARNING LTD,1.85,1.95,1.85,1.92,1.94,1.82,,1.92,,,14846,28790.2,56,F1,1,,,,,
2026-08-25,2026-08-25,CM,NSE,STK,1927,INF740KA1EU7,LIQUIDETF,EQ,,,,,DSP LIQUID ETF,1000.0,1000.01,999.99,999.99,1000.0,999.99,,1000.0,,,91075,91074890.88,234,F1,1,,,,,
2026-08-25,2026-08-25,CM,NSE,STK,761364,INF740KA1YH2,BANK10ADD,EQ,,,,,DSPAMC - BANK10ADD,16.84,17.55,16.84,16.89,16.89,16.95,,16.89,,,38105,643908.17,182,F1,1,,,,,
2026-08-25,2026-08-25,CM,NSE,STK,13644,INF740KA1RX3,BANKADD,EQ,,,,,DSPAMC - DSPBANK,58.77,59.1,58.67,58.85,58.76,58.87,,58.85,,,2400,141448.08,246,F1,1,,,,,
2026-08-25,2026-08-25,CM,NSE,STK,15356,INF740KA1SW3,GOLDADD,EQ,,,,,DSPAMC - DSPGOLD,160.27,160.27,155.5,156.04,156.57,156.37,,156.04,,,1662509,259809096.64,9574,F1,1,,,,,
2026-08-25,2026-08-25,CM,NSE,STK,17207,INF740KA1SX1,ITADD,EQ,,,,,DSPAMC - DSPIT,32.31,32.6,32.21,32.41,32.49,32.31,,32.41,,,1399698,45254836.91,189,F1,1,,,,,
2026-08-25,2026-08-25,CM,NSE,STK,6606,INF740KA1QK2,EQUAL50ADD,EQ,,,,,DSPAMC - DSPNEWETF,346.9,347.47,343.82,346.64,347.47,344.84,,346.64,,,5156,1778435.03,232,F1,1,,,,,
2026-08-25,2026-08-25,CM,NSE,STK,7451,INF740KA1CL0,NIFTYADD,EQ,,,,,DSPAMC - DSPNIFTY,252.36,256.23,252.36,255.97,255.79,254.91,,255.97,,,6634,1690921.48,103,F1,1,,,,,
2026-08-25,2026-08-25,CM,NSE,STK,17616,INF740KA1SY9,PSUBANKADD,EQ,,,,,DSPAMC - DSPPSBKETF,86.0,86.91,86.0,86.72,86.85,86.22,,86.76,,,4404,381445.13,131,F1,1,,,,,
2026-08-25,2026-08-25,CM,NSE,STK,17576,INF740KA1TA7,PVTBANKADD,EQ,,,,,DSPAMC - DSPPVBKETF,27.96,28.01,27.74,27.79,27.74,27.9,,27.79,,,33285,927847.05,125,F1,1,,,,,
2026-08-25,2026-08-25,CM,NSE,STK,7456,INF740KA1ZF3,MIDQ50ADD,EQ,,,,,DSPAMC - DSPQ50ETF,25.4,25.44,25.15,25.33,25.29,25.42,,25.33,,,13651,346117.0,215,F1,1,,,,,
2026-08-25,2026-08-25,CM,NSE,STK,17613,INF740KA1SZ6,SENSEXADD,EQ,,,,,DSPAMC - DSPSENXETF,80.83,80.83,79.63,80.06,79.93,79.93,,80.06,,,1025,81818.36,29,F1,1,,,,,
2026-08-25,2026-08-25,CM,NSE,STK,10761,INF740KA1RE3,SILVERADD,EQ,,,,,DSPAMC - DSPSILVETF,233.88,233.88,230.14,230.87,230.76,233.88,,230.87,,,198735,45972134.27,5415,F1,1,,,,,
2026-08-25,2026-08-25,CM,NSE,STK,759368,INF740KA1WU9,FLEXIADD,EQ,,,,,DSPAMC - FLEXIADD,10.2,10.22,10.14,10.19,10.22,10.2,,10.19,,,48258,491379.84,331,F1,1,,,,,
2026-08-25,2026-08-25,CM,NSE,STK,763530,INF740KA1ZA4,FMCGADD,EQ,,,,,DSPAMC - FMCGADD,47.48,47.82,47.48,47.81,47.81,47.65,,47.81,,,14191,676313.67,73,F1,1,,,,,
2026-08-25,2026-08-25,CM,NSE,STK,765310,INF740KA1ZI7,GSEC10ADD,EQ,,,,,DSPAMC - GSEC10ADD,26.93,26.93,26.91,26.91,26.91,26.86,,26.91,,,31,834.31,7,F1,1,,,,,
2026-08-25,2026-08-25,CM,NSE,STK,22592,INF740KA1ZG1,HEALTHADD,EQ,,,,,DSPAMC - HEALTHADD,16.04,16.79,16.03,16.77,16.79,16.36,,16.8,,,259404,4289013.88,527,F1,1,,,,,
2026-08-25,2026-08-25,CM,NSE,STK,23407,INF740KA1UM0,LIQUIDADD,EQ,,,,,DSPAMC - LIQUIDADD,1141.96,1141.98,1141.95,1141.96,1141.97,1141.67,,1141.96,,,228842,261328962.66,603,F1,1,,,,,
2026-08-25,2026-08-25,CM,NSE,STK,764428,INF740KA1ZH9,MIDBANKADD,EQ,,,,,DSPAMC - MIDBANKADD,17.67,17.67,17.46,17.54,17.54,17.47,,17.56,,,2430,42668.29,21,F1,1,,,,,
2026-08-25,2026-08-25,CM,NSE,STK,760356,INF740KA1WW5,MIDCAPADD,EQ,,,,,DSPAMC - MIDCAPADD,23.48,23.66,23.45,23.62,23.66,23.49,,23.62,,,5021,118105.35,17,F1,1,,,,,
2026-08-25,2026-08-25,CM,NSE,STK,759978,INF740KA1WV7,MSCIADD,EQ,,,,,DSPAMC - MSCIADD,29.67,29.94,29.66,29.94,29.94,29.96,,29.94,,,879,26197.65,113,F1,1,,,,,
2026-08-25,2026-08-25,CM,NSE,STK,29464,INF740KA1VE5,NEXT30ADD,EQ,,,,,DSPAMC - NEXT30ADD,43.4,43.74,43.17,43.66,43.31,43.4,,43.66,,,4543,197431.05,363,F1,1,,,,,
2026-08-25,2026-08-25,CM,NSE,STK,760599,INF740KA1XU7,NEXT50ADD,EQ,,,,,DSPAMC - NEXT50ADD,74.41,75.0,74.23,74.87,75.0,74.35,,74.87,,,4818,360326.3,29,F1,1,,,,,
2026-08-25,2026-08-25,CM,NSE,STK,760359,INF740KA1WX3,SMALLADD,EQ,,,,,DSPAMC - SMALLADD,18.74,18.74,18.39,18.47,18.5,18.47,,18.47,,,94987,1754058.4,611,F1,1,,,,,
2026-08-25,2026-08-25,CM,NSE,STK,25171,INF740KA1UR9,TOP10ADD,EQ,,,,,DSPAMC - TOP10ADD,87.76,88.32,87.55,88.14,87.85,87.79,,88.14,,,133618,11752094.24,371,F1,1,,,,,
2026-08-25,2026-08-25,CM,NSE,STK,28952,INE741L01018,DUCON,EQ,,,,,DUCON INFRATECHNOLOGIES L,2.26,2.54,2.21,2.4,2.4,3.08,,2.4,,,3685709,8884523.96,2896,F1,1,,,,,
2026-08-25,2026-08-25,CM,NSE,STK,5457,INE0HPK01020,DUGLOBAL,SM,,,,,DUDIGITAL GLOBAL LIMITED,24.2,25.5,24.2,25.4,25.4,23.25,,25.4,,,25000,624250.0,10,F1,2500,,,,,
2026-08-25,2026-08-25,CM,NSE,STK,24164,INE0OUW01013,DURLAX,SM,,,,,DURLAX TOP SURFACE LTD,61.25,68.5,61.25,67.85,67.7,64.0,,67.85,,,298000,19785900.0,85,F1,2000,,,,,
2026-08-25,2026-08-25,CM,NSE,STK,11667,INE366A01041,DWARKESH,EQ,,,,,DWARIKESH SUGAR IND LTD,53.83,55.69,53.01,53.94,54.0,54.94,,53.94,,,5340136,288862690.98,21362,F1,1,,,,,
2026-08-25,2026-08-25,CM,NSE,STK,25690,INE417B01040,DSSL,EQ,,,,,DYNACONS SYS & SOLN LTD,1095.0,1099.3,1073.2,1089.2,1092.0,1080.1,,1088.92,,,19640,21297520.8,1798,F1,1,,,,,
2026-08-25,2026-08-25,CM,NSE,STK,4525,INE221B01012,DYNAMATECH,EQ,,,,,DYNAMATIC TECHNOLOGIES,11650.0,11658.0,11410.0,11514.0,11500.0,11646.0,,11513.93,,,8848,102025889.0,3372,F1,1,,,,,
2026-08-25,2026-08-25,CM,NSE,STK,10417,INE600Y01019,DYCL,EQ,,,,,DYNAMIC CABLES LIMITED,433.7,434.9,422.6,428.25,428.9,433.7,,428.23,,,284853,121851915.85,7474,F1,1,,,,,
2026-08-25,2026-08-25,CM,NSE,STK,6082,INE0DZ701010,DYNAMIC,ST,,,,,DYNAMIC SRVCS & SEC LTD,141.2,142.0,138.0,141.6,142.0,141.2,,141.6,,,5500,769650.0,11,F1,500,,,,,
2026-08-25,2026-08-25,CM,NSE,STK,21314,INE256H01015,DYNPRO,EQ,,,,,DYNEMIC PRODUCTS LIMITED,236.0,236.0,227.1,228.95,228.85,228.55,,228.91,,,12314,2830873.4,670,F1,1,,,,,
2026-08-25,2026-08-25,CM,NSE,STK,19267,INE0KFF01017,EFACTOR,SM,,,,,E FACTOR EXPERIENCES LTD,204.0,204.0,192.7,199.5,199.5,201.9,,199.5,,,8000,1578020.0,18,F1,400,,,,,
2026-08-25,2026-08-25,CM,NSE,STK,760531,INE1CEJ01017,E2ERAIL,SM,,,,,E TO E TRANS INFRA LTD,282.5,285.0,276.1,278.75,280.0,284.65,,278.75,,,27200,7659080.0,33,F1,800,,,,,
2026-08-25,2026-08-25,CM,NSE,STK,8940,INE255Z01027,E2E,BE,,,,,E2E NETWORKS LIMITED,605.0,606.9,587.25,596.35,596.0,612.9,,596.33,,,522118,310513005.75,13497,F1,1,,,,,
2026-08-25,2026-08-25,CM,NSE,STK,765065,INE595R01023,EASTWEST,EQ,,,,,EAST WEST FREIGHT CARRI L,2.59,2.59,2.2,2.48,2.47,2.44,,2.48,,,73039,176351.54,147,F1,1,,,,,
2026-08-25,2026-08-25,CM,NSE,STK,9769,INE962C01035,EASTSILK,BE,,,,,EASTERN SILK INDUSTRIES L,61.0,64.0,60.66,62.1,62.1,63.85,,62.1,,,796,48709.64,21,F1,1,,,,,
2026-08-25,2026-08-25,CM,NSE,STK,2792,INE07O001026,EASEMYTRIP,EQ,,,,,EASY TRIP PLANNERS LTD,6.14,6.17,6.08,6.11,6.14,6.11,,6.11,,,10194528,62397926.56,5996,F1,1,,,,,
2026-08-25,2026-08-25,CM,NSE,STK,765070,INE432F01032,EBIX,EQ,,,,,EBIX LIMITED,21.75,21.75,21.75,21.75,21.75,20.72,,22.02,,,16226,352915.5,29,F1,1,,,,,
2026-08-25,2026-08-25,CM,NSE,STK,15179,INE738I01010,ECLERX,EQ,,,,,ECLERX SERVICES LTD,1836.8,1890.0,1815.0,1879.5,1887.0,1822.8,,1879.34,,,192701,358776920.3,21721,F1,1,,,,,
2026-08-25,2026-08-25,CM,NSE,STK,764663,INE316A01038,ECORECO,EQ,,,,,ECO RECYCLING LTD.,464.95,469.9,447.3,450.25,450.0,459.0,,450.83,,,14000,6332055.25,835,F1,1,,,,,
2026-08-25,2026-08-25,CM,NSE,STK,759964,INE0VBS01016,ECOLINE,ST,,,,,ECOLINE EXIM LIMITED,176.5,183.0,176.5,183.0,183.0,175.6,,183.0,,,7000,1250700.0,7,F1,1000,,,,,
2026-08-25,2026-08-25,CM,NSE,STK,25062,INE06HJ01020,ECOSMOBLTY,BE,,,,,ECOS (INDIA) MOB & HOSP L,111.89,112.98,110.1,110.56,110.99,111.16,,110.68,,,29934,3322941.94,362,F1,1,,,,,
2026-08-25,2026-08-25,CM,NSE,STK,7196,INF754K01OB1,BBETF0432,EQ,,,,,EDELAMC - BBETF0432,1349.36,1351.99,1343.15,1347.05,1348.0,1349.36,,1347.05,,,1556,2092834.16,55,F1,1,,,,,
2026-08-25,2026-08-25,CM,NSE,STK,764378,INF754K01XH9,EBANK10,EQ,,,,,EDELAMC - EBANK10,17.0,17.0,16.82,16.85,16.85,16.84,,16.85,,,887,14958.79,12,F1,1,,,,,
2026-08-25,2026-08-25,CM,NSE,STK,25258,INF754K01TE4,EBANKNIFTY,EQ,,,,,EDELAMC - EBANKNIFTY,58.13,58.13,57.91,58.1,58.11,57.82,,58.1,,,128,7430.43,11,F1,1,,,,,
2026-08-25,2026-08-25,CM,NSE,STK,16253,INF754K01KO2,EBBETF0430,EQ,,,,,EDELAMC - EBBETF0430,1613.8,1613.8,1603.0,1609.41,1609.9,1608.31,,1609.39,,,11948,19208986.69,255,F1,1,,,,,
2026-08-25,2026-08-25,CM,NSE,STK,22239,INF754K01LE1,EBBETF0431,EQ,,,,,EDELAMC - EBBETF0431,1440.18,1441.92,1432.5,1433.54,1432.5,1443.19,,1433.45,,,1523,2186615.04,107,F1,1,,,,,
2026-08-25,2026-08-25,CM,NSE,STK,13139,INF754K01QX0,EBBETF0433,EQ,,,,,EDELAMC - EBBETF0433,1318.0,1318.9,1307.14,1310.96,1313.48,1315.26,,1311.05,,,4452,5832506.26,142,F1,1,,,,,
2026-08-25,2026-08-25,CM,NSE,STK,29019,INF754K01TX4,ECAPINSURE,EQ,,,,,EDELAMC - ECAPINSURE,24.29,24.47,24.21,24.32,24.38,24.29,,24.32,,,53571,1301847.22,196,F1,1,,,,,
2026-08-25,2026-08-25,CM,NSE,STK,19933,INF754K01SE6,EGOLD,EQ,,,,,EDELAMC - EGOLD,162.0,162.0,159.8,160.3,160.6,160.8,,160.3,,,139448,22356257.2,486,F1,1,,,,,
2026-08-25,2026-08-25,CM,NSE,STK,759466,INF754K01VW2,ELIQUID,EQ,,,,,EDELAMC - ELIQUID,1045.19,1045.19,1045.18,1045.18,1045.18,1044.91,,1045.18,,,52096,54450131.03,25,F1,1,,,,,
2026-08-25,2026-08-25,CM,NSE,STK,758952,INF754K01VV4,ELM250,EQ,,,,,EDELAMC - ELM250,16.97,16.97,16.72,16.83,16.84,16.83,,16.83,,,284156,4781602.9,166,F1,1,,,,,
2026-08-25,2026-08-25,CM,NSE,STK,764367,INF754K01XI7,ELMDIV,EQ,,,,,EDELAMC - ELMDIV,37.0,37.1,36.68,37.07,37.1,36.9,,37.07,,,6448,237905.26,36,F1,1,,,,,
2026-08-25,2026-08-25,CM,NSE,STK,764288,INF754K01XG1,EMETAL,EQ,,,,,EDELAMC - EMETAL,13.36,13.36,13.21,13.34,13.34,13.36,,13.34,,,12298,163082.59,36,F1,1,,,,,
2026-08-25,2026-08-25,CM,NSE,STK,25996,INF754K01TF1,EMULTIMQ,EQ,,,,,EDELAMC - EMULTIMQ,42.25,42.4,41.87,42.02,41.87,42.25,,42.02,,,27416,1154664.0,133,F1,1,,,,,
2026-08-25,2026-08-25,CM,NSE,STK,763540,INF754K01XF3,ENEXT50,EQ,,,,,EDELAMC - ENEXT50,74.5,74.5,73.44,74.0,74.0,73.87,,74.49,,,2983,221627.62,15,F1,1,,,,,
2026-08-25,2026-08-25,CM,NSE,STK,759998,INF754K01VX0,ENIFTY,EQ,,,,,EDELAMC - ENIFTY,24.94,24.94,24.23,24.4,24.4,24.34,,24.4,,,699,17042.96,55,F1,1,,,,,
2026-08-25,2026-08-25,CM,NSE,STK,759995,INF754K01VY8,ESENSEX,EQ,,,,,EDELAMC - ESENSEX,77.7,78.32,77.56,78.32,78.32,77.9,,78.32,,,175,13595.2,11,F1,1,,,,,
2026-08-25,2026-08-25,CM,NSE,STK,20257,INF754K01SF3,ESILVER,EQ,,,,,EDELAMC - ESILVER,240.99,241.2,238.11,239.15,239.67,242.11,,239.15,,,22056,5277604.78,3810,F1,1,,,,,
2026-08-25,2026-08-25,CM,NSE,STK,15119,INE532F01054,EDELWEISS,EQ,,,,,EDELWEISS FIN SERV LTD,125.48,132.4,125.04,128.15,127.9,125.41,,128.15,,,9835758,1277661071.92,67836,F1,1,,,,,
2026-08-25,2026-08-25,CM,NSE,STK,758675,INE886D01026,EFCIL,EQ,,,,,EFC (I) LIMITED,203.0,203.0,196.35,199.87,200.0,202.46,,199.83,,,330545,65875904.67,4781,F1,1,,,,,
2026-08-25,2026-08-25,CM,NSE,STK,24438,INE0U9101019,EFFWA,ST,,,,,EFFWA INFRA & RESEARCH L,330.0,331.9,320.5,322.0,322.0,332.75,,322.0,,,107600,34956460.0,76,F1,400,,,,,
2026-08-25,2026-08-25,CM,NSE,STK,910,INE066A01021,EICHERMOT,EQ,,,,,EICHER MOTORS LTD,8008.5,8070.0,7984.0,8055.0,8055.0,8047.0,,8055.0,,,244623,1964607766.0,26129,F1,1,,,,,
2026-08-25,2026-08-25,CM,NSE,STK,916,INE126A01031,EIDPARRY,EQ,,,,,EID PARRY INDIA LTD,820.0,823.4,805.1,810.4,814.0,823.95,,810.38,,,1046053,848422692.7,29493,F1,1,,,,,
2026-08-25,2026-08-25,CM,NSE,STK,15399,INE276C01014,EIHAHOTELS,EQ,,,,,EIH ASSOCIATED HOTELS LTD,302.6,302.6,295.1,300.8,299.7,297.85,,300.84,,,8852,2644179.35,499,F1,1,,,,,
2026-08-25,2026-08-25,CM,NSE,STK,919,INE230A01023,EIHOTEL,EQ,,,,,EIH LIMITED,299.75,303.95,298.2,302.75,302.0,299.8,,302.76,,,201193,60714154.7,5814,F1,1,,,,,
2026-08-25,2026-08-25,CM,NSE,STK,4040,INE158B01016,EIMCOELECO,EQ,,,,,EIMCO ELECON (INDIA) LTD,2245.0,2290.1,2216.1,2237.6,2225.0,2245.8,,2237.52,,,56938,127907465.7,4412,F1,1,,,,,
2026-08-25,2026-08-25,CM,NSE,STK,764668,INE0CPR01018,EKI,EQ,,,,,EKI ENERGY SERVICES LTD,76.41,78.44,75.05,75.92,76.45,76.41,,76.03,,,7055,536308.08,295,F1,1,,,,,
2026-08-25,2026-08-25,CM,NSE,STK,762653,INE280B01018,ELANTAS,EQ,,,,,ELANTAS BECK INDIA LTD.,11745.5,11760.0,11589.5,11660.0,11700.0,11687.5,,11666.69,,,1261,14756168.0,553,F1,1,,,,,
2026-08-25,2026-08-25,CM,NSE,STK,762658,INE927X01018,ELCIDIN,EQ,,,,,ELCID INVESTMENTS LTD.,107400.0,109000.0,107000.0,109000.0,109000.0,108320.0,,109665.3,,,23,2481880.0,22,F1,1,,,,,
2026-08-25,2026-08-25,CM,NSE,STK,8953,INE668G01021,ELDEHSG,EQ,,,,,ELDECO HSG & IND LTD.,810.1,820.1,803.15,809.75,803.15,825.55,,809.75,,,1429,1162158.75,41,F1,1,,,,,
2026-08-25,2026-08-25,CM,NSE,STK,13643,INE205B01031,ELECON,EQ,,,,,ELECON ENG. CO. LTD,434.15,437.6,424.8,426.25,427.4,438.55,,426.28,,,396621,170564811.9,15413,F1,1,,,,,
2026-08-25,2026-08-25,CM,NSE,STK,20899,INE0Q1W01012,EFORCE,SM,,,,,ELECTRO FORCE (INDIA) LTD,21.0,21.0,20.35,20.35,20.35,21.0,,20.35,,,10800,221040.0,9,F1,1200,,,,,
2026-08-25,2026-08-25,CM,NSE,STK,11530,INE02YR01019,EMIL,EQ,,,,,ELECTRONICS MART IND LTD,183.0,184.51,176.72,180.34,180.5,183.48,,180.34,,,1333108,239606994.01,16134,F1,1,,,,,
2026-08-25,2026-08-25,CM,NSE,STK,928,INE086A01029,ELECTCAST,EQ,,,,,ELECTROSTEEL CASTINGS LTD,75.0,78.0,74.51,76.59,76.6,74.53,,76.59,,,3914352,298331610.07,29649,F1,1,,,,,
2026-08-25,2026-08-25,CM,NSE,STK,4469,INE822G01016,ELECTHERM,EQ,,,,,ELECTROTHERM (I) LTD.,1054.7,1057.8,1022.9,1049.0,1050.0,1054.4,,1049.0,,,10573,11011156.9,749,F1,1,,,,,
2026-08-25,2026-08-25,CM,NSE,STK,29595,INE0R9101015,ELGNZ,SM,,,,,ELEGANZ INTERIORS LIMITED,89.5,92.2,89.5,91.6,92.0,89.15,,91.6,,,22000,2015150.0,17,F1,1000,,,,,
2026-08-25,2026-08-25,CM,NSE,STK,937,INE285A01027,ELGIEQUIP,EQ,,,,,ELGI EQUIPMENTS LTD,621.0,625.45,606.25,610.25,611.0,621.95,,610.23,,,591241,362530772.1,29702,F1,1,,,,,
2026-08-25,2026-08-25,CM,NSE,STK,24924,INE819L01012,ELGIRUBCO,EQ,,,,,ELGI RUBBER CO. LTD,61.19,61.19,58.1,59.82,59.02,59.37,,59.82,,,37058,2205980.51,268,F1,1,,,,,
2026-08-25,2026-08-25,CM,NSE,STK,13423,INE050401020,ELIN,EQ,,,,,ELIN ELECTRONICS LIMITED,99.69,100.55,97.5,98.22,97.6,99.69,,98.21,,,64253,6317781.09,1151,F1,1,,,,,
2026-08-25,2026-08-25,CM,NSE,STK,762663,INE669R01026,ELITECON,EQ,,,,,ELITECON INTERNATIONAL L,15.2,15.48,13.7,13.76,13.75,15.19,,13.76,,,4559258,64803369.98,12740,F1,1,,,,,
2026-08-25,2026-08-25,CM,NSE,STK,758563,INE236E01022,ELLEN,EQ,,,,,ELLENBARRIE INDUS GASES L,322.5,324.6,312.0,315.1,315.5,321.4,,315.06,,,302307,95829545.4,6433,F1,1,,,,,
2026-08-25,2026-08-25,CM,NSE,STK,4471,INE579B01039,ELPROINTL,EQ,,,,,ELPRO INTERNATIONAL LTD,175.1,176.19,173.98,174.51,175.0,175.13,,174.51,,,16979,2969755.92,152,F1,1,,,,,
2026-08-25,2026-08-25,CM,NSE,STK,29229,INE0ZOL01023,EMAPARTNER,SM,,,,,EMA PARTNERS INDIA LTD,85.4,85.4,82.05,82.05,82.1,85.85,,82.05,,,3000,249550.0,3,F1,1000,,,,,
2026-08-25,2026-08-25,CM,NSE,STK,13517,INE548C01032,EMAMILTD,EQ,,,,,EMAMI LIMITED,403.6,407.0,400.6,402.7,403.4,405.6,,402.97,,,1559698,629635107.4,21230,F1,1,,,,,
2026-08-25,2026-08-25,CM,NSE,STK,10084,INE830C01026,EMAMIPAP,BE,,,,,EMAMI PAPER MILLS LIMITED,116.0,117.9,115.4,117.13,116.81,116.41,,117.15,,,27001,3150430.12,369,F1,1,,,,,
2026-08-25,2026-08-25,CM,NSE,STK,19277,INE778K01012,EMAMIREAL,EQ,,,,,EMAMI REALTY LIMITED,70.5,71.0,68.07,68.21,68.14,70.08,,68.21,,,13286,921224.08,205,F1,1,,,,,
2026-08-25,2026-08-25,CM,NSE,STK,14450,INE069I01010,EMBDL,EQ,,,,,EMBASSY DEVELOPMENTS LTD,64.25,64.25,61.86,62.73,62.49,63.59,,62.73,,,2435619,152317690.37,14287,F1,1,,,,,
2026-08-25,2026-08-25,CM,NSE,STK,9383,INE041025011,EMBASSY,RR,,,,,EMBASSY OFFICE PARKS REIT,436.0,438.5,434.75,435.22,435.2,435.46,,435.22,,,758060,330055277.18,40775,F1,1,,,,,
2026-08-25,2026-08-25,CM,NSE,STK,24398,INE168P01015,EMCURE,EQ,,,,,EMCURE PHARMACEUTICALS L,1871.9,1874.9,1830.1,1846.9,1845.1,1853.6,,1846.89,,,77343,143197839.8,11268,F1,1,,,,,
2026-08-25,2026-08-25,CM,NSE,STK,27629,INE0RHD01013,ETML,SM,,,,,EMERALD TYRE MANUF LTD,78.0,83.95,78.0,81.55,81.55,82.15,,81.55,,,25200,2058360.0,10,F1,1200,,,,,
2026-08-25,2026-08-25,CM,NSE,STK,13421,INE296H01011,EMKAY,EQ,,,,,EMKAY GLOBAL FIN SERV LTD,239.2,246.49,239.2,241.66,243.98,246.01,,241.64,,,17930,4361836.45,578,F1,1,,,,,
2026-08-25,2026-08-25,CM,NSE,STK,10253,INE332S01011,EMKAYTOOLS,SM,,,,,EMKAY TAP & CUT. TOOL LTD,92.0,96.5,92.0,95.0,95.0,95.9,,95.0,,,600,56407.5,4,F1,150,,,,,
2026-08-25,2026-08-25,CM,NSE,STK,758591,INE0PXC01024,ETL,SM,,,,,EMKAY TOOLS LIMITED,1055.0,1080.0,1055.0,1078.0,1080.0,1021.0,,1078.0,,,1500,1603200.0,10,F1,150,,,,,
2026-08-25,2026-08-25,CM,NSE,STK,18146,INE753K01015,EMMBI,BE,,,,,EMMBI INDUSTRIES LIMITED,80.12,81.55,80.12,81.04,81.05,81.76,,81.04,,,3261,263429.71,40,F1,1,,,,,
2026-08-25,2026-08-25,CM,NSE,STK,759728,INE1C6T01020,EMMVEE,EQ,,,,,EMMVEE PHOTOVOLTAIC PWR L,323.85,334.75,322.05,333.7,333.7,325.25,,333.71,,,1801097,593417421.6,31069,F1,1,,,,,
2026-08-25,2026-08-25,CM,NSE,STK,764673,INE515H01014,EMPIND,EQ,,,,,EMPIRE INDUSTRIES LTD.,1218.9,1219.0,1193.0,1207.6,1208.1,1204.7,,1206.99,,,2664,3214441.7,298,F1,1,,,,,
2026-08-25,2026-08-25,CM,NSE,STK,762670,INE507F01023,EMPOWER,EQ,,,,,EMPOWER INDIA LTD.,2.38,2.48,2.37,2.46,2.47,2.37,,2.46,,,10792984,26315849.25,3509,F1,1,,,,,
2026-08-25,2026-08-25,CM,NSE,STK,18593,INE0OV601013,EMSLIMITED,EQ,,,,,EMS LIMITED,384.0,386.2,377.3,381.05,381.95,384.3,,380.98,,,132655,50482402.1,4160,F1,1,,,,,
2026-08-25,2026-08-25,CM,NSE,STK,9756,INE01QM01018,EMUDHRA,EQ,,,,,EMUDHRA LIMITED,553.0,553.0,539.85,543.5,543.5,546.85,,543.5,,,68768,37306999.6,3019,F1,1,,,,,
2026-08-25,2026-08-25,CM,NSE,STK,760321,INE433T01015,ENCOMPAS,SM,,,,,ENCOMPASS DESIGN INDIA L,244.6,244.75,240.0,244.7,244.7,241.15,,244.7,,,1600,389620.0,4,F1,400,,,,,
2026-08-25,2026-08-25,CM,NSE,STK,18822,INE913H01037,ENDURANCE,EQ,,,,,ENDURANCE TECHNO. LTD.,3010.0,3015.0,2978.0,2987.5,2988.6,2988.2,,2987.46,,,115513,345465492.3,15440,F1,1,,,,,
2026-08-25,2026-08-25,CM,NSE,STK,15049,INE306C01019,ENERGYDEV,EQ,,,,,ENERGY DEVE. CO.LTD,16.3,16.58,15.56,16.01,16.17,16.22,,16.01,,,67101,1075693.39,393,F1,1,,,,,
2026-08-25,2026-08-25,CM,NSE,STK,23745,INE0S1L01013,EMMIL,SM,,,,,ENERGY MISSION MACH IND L,121.0,122.0,120.0,120.15,120.0,121.0,,120.15,,,4500,542312.5,14,F1,250,,,,,
2026-08-25,2026-08-25,CM,NSE,STK,23224,INE0S3X01014,ENFUSE,SM,,,,,ENFUSE SOLUTIONS LIMITED,160.0,160.0,155.0,155.0,155.0,160.0,,155.0,,,1200,189000.0,2,F1,600,,,,,
2026-08-25,2026-08-25,CM,NSE,STK,4907,INE510A01028,ENGINERSIN,EQ,,,,,ENGINEERS INDIA LTD,256.0,258.55,248.7,250.38,250.25,254.83,,250.37,,,2645946,669102654.78,30565,F1,1,,,,,
2026-08-25,2026-08-25,CM,NSE,STK,764678,INE130L01014,ENKEIWHEL,EQ,,,,,ENKEI WHEELS (INDIA) LTD.,414.0,419.0,403.8,416.4,416.4,403.65,,401.45,,,1752,722325.75,35,F1,1,,,,,
2026-08-25,2026-08-25,CM,NSE,STK,23230,INE0R9I01021,ENSER,SM,,,,,ENSER COMMUNICATIONS LTD,15.4,15.5,14.75,15.4,15.4,15.4,,15.4,,,115000,1761750.0,18,F1,5000,,,,,
2026-08-25,2026-08-25,CM,NSE,STK,22717,INE010601016,ENTERO,EQ,,,,,ENTERO HEALTHCARE SOLU L,1595.0,1667.0,1535.1,1633.0,1627.6,1529.8,,1632.87,,,2229594,3616366969.2,116549,F1,1,,,,,
2026-08-25,2026-08-25,CM,NSE,STK,13192,INE265F01028,ENIL,EQ,,,,,ENTERTAIN NET. IND. LTD.,101.77,108.64,101.25,102.18,102.64,101.01,,102.18,,,218929,22979387.33,2408,F1,1,,,,,
2026-08-25,2026-08-25,CM,NSE,STK,27213,INE0LLY01014,EIEL,EQ,,,,,ENVIRO INFRA ENGINEERS L,194.4,196.22,193.5,194.71,194.65,195.31,,194.71,,,375300,72966082.59,6559,F1,1,,,,,
2026-08-25,2026-08-25,CM,NSE,STK,25412,INE0SUH01015,ENVIRO,SM,,,,,ENVIROTECH SYSTEMS LTD,71.0,72.0,69.5,70.1,70.1,71.25,,70.1,,,45000,3189200.0,28,F1,1000,,,,,
2026-08-25,2026-08-25,CM,NSE,STK,22463,INE0G5901015,EPACK,EQ,,,,,EPACK DURABLE LIMITED,201.29,203.0,199.06,199.91,200.84,201.29,,199.92,,,399174,79952863.8,5872,F1,1,,,,,
2026-08-25,2026-08-25,CM,NSE,STK,759251,INE0MLS01022,EPACKPEB,EQ,,,,,EPACK PREFAB TECHN LTD,228.7,236.8,227.45,236.1,236.25,229.45,,236.1,,,453135,105936022.6,7058,F1,1,,,,,
2026-08-25,2026-08-25,CM,NSE,STK,5382,INE071N01016,EPIGRAL,EQ,,,,,EPIGRAL LIMITED,1212.0,1248.0,1203.1,1240.9,1243.9,1202.7,,1240.84,,,144103,178133648.1,14774,F1,1,,,,,
2026-08-25,2026-08-25,CM,NSE,STK,981,INE255A01020,EPL,EQ,,,,,EPL LIMITED,265.7,267.26,257.4,258.32,260.3,263.48,,258.33,,,1597604,417014931.58,27105,F1,1,,,,,
2026-08-25,2026-08-25,CM,NSE,STK,758346,INE11HF01010,EEPL,SM,,,,,EPPELTONE ENGINEERS LTD,142.0,154.6,142.0,154.6,154.6,140.55,,154.6,,,242000,36614700.0,194,F1,1000,,,,,
2026-08-25,2026-08-25,CM,NSE,STK,761217,INE1KEC01023,EPWINDIA,ST,,,,,EPW INDIA LIMITED,263.0,265.0,263.0,265.0,265.0,253.0,,265.0,,,4800,1268400.0,4,F1,1200,,,,,
2026-08-25,2026-08-25,CM,NSE,STK,3553,INE217G01035,EQUIPPP,BE,,,,,EQUIPPP SOC IMP TECH LTD,23.7,23.93,23.0,23.1,23.8,23.97,,23.55,,,13253,306650.01,34,F1,1,,,,,
2026-08-25,2026-08-25,CM,NSE,STK,913,INE063P01018,EQUITASBNK,EQ,,,,,EQUITAS SMALL FIN BNK LTD,75.0,75.5,74.71,75.06,75.0,75.0,,75.06,,,1023679,76744782.41,14732,F1,1,,,,,
2026-08-25,2026-08-25,CM,NSE,STK,21154,INE406M01024,ERIS,EQ,,,,,ERIS LIFESCIENCES LIMITED,1325.1,1326.7,1306.7,1309.6,1311.2,1325.6,,1309.6,,,59489,78085956.9,17564,F1,1,,,,,
2026-08-25,2026-08-25,CM,NSE,STK,955,INE284A01012,ESABINDIA,EQ,,,,,ESAB INDIA LTD,6279.0,6279.0,6146.0,6168.5,6200.0,6224.5,,6168.63,,,3001,18550580.0,897,F1,1,,,,,
2026-08-25,2026-08-25,CM,NSE,STK,19884,INE818W01011,ESAFSFB,BE,,,,,ESAF SMALL FINANCE BANK L,43.52,44.5,42.5,43.3,43.49,43.52,,43.26,,,640088,27860054.85,2540,F1,1,,,,,
2026-08-25,2026-08-25,CM,NSE,STK,22764,INE0RQZ01017,ESCONET,SM,,,,,ESCONET TECHNOLOGIES LTD,191.95,195.95,187.05,192.3,189.5,188.15,,192.3,,,20000,3857760.0,50,F1,400,,,,,
2026-08-25,2026-08-25,CM,NSE,STK,958,INE042A01014,ESCORTS,EQ,,,,,ESCORTS KUBOTA LIMITED,3097.3,3103.9,3050.0,3064.8,3078.4,3097.3,,3064.7,,,31808,97433195.6,5429,F1,1,,,,,
2026-08-25,2026-08-25,CM,NSE,STK,24678,INE0SBP01018,ESPRIT,SM,,,,,ESPRIT STONES LIMITED,67.0,67.0,65.75,65.75,65.75,67.5,,65.75,,,3200,212400.0,2,F1,1600,,,,,
2026-08-25,2026-08-25,CM,NSE,STK,25634,INE122M01019,ESSARSHPNG,EQ,,,,,ESSAR SHIPPING LTD,16.76,16.94,16.25,16.62,16.61,16.98,,16.63,,,182365,3026485.76,942,F1,1,,,,,
2026-08-25,2026-08-25,CM,NSE,STK,17084,INE0ITO01014,ESFL,SM,,,,,ESSEN SPECIALITY FILMS L,120.15,121.65,120.0,121.45,121.45,123.0,,121.45,,,5040,607860.0,10,F1,360,,,,,
2026-08-25,2026-08-25,CM,NSE,STK,24265,INE778B01029,ESTER,EQ,,,,,ESTER INDUSTRIES LTD,94.8,96.87,94.13,95.86,95.7,94.13,,95.85,,,64817,6182324.57,1402,F1,1,,,,,
2026-08-25,2026-08-25,CM,NSE,STK,5097,INE758T01015,ETERNAL,EQ,,,,,ETERNAL LIMITED,330.0,331.0,325.5,331.0,331.0,327.15,,330.82,,,29062006,9567925628.0,100423,F1,1,,,,,
2026-08-25,2026-08-25,CM,NSE,STK,9750,INE04TZ01018,ETHOSLTD,EQ,,,,,ETHOS LIMITED,2908.0,2936.6,2861.1,2894.7,2894.0,2892.0,,2894.77,,,43319,125919050.0,7064,F1,1,,,,,
2026-08-25,2026-08-25,CM,NSE,STK,25162,INE0KCE01017,EUREKAFORB,EQ,,,,,EUREKA FORBES LIMITED,422.0,422.0,409.0,410.35,409.75,418.35,,410.29,,,177903,73429052.35,9269,F1,1,,,,,
2026-08-25,2026-08-25,CM,NSE,STK,6042,INE546V01010,EIFFL,BE,,,,,EURO (I) FRESH FOODS LTD,260.0,272.9,253.35,267.8,272.7,259.95,,267.8,,,6675,1761349.95,63,F1,1,,,,,
2026-08-25,2026-08-25,CM,NSE,STK,757953,INE505V01016,EUROBOND,EQ,,,,,EURO PANEL PRODUCTS LTD,155.5,162.18,152.6,153.56,153.99,158.12,,153.59,,,7996,1234083.53,156,F1,1,,,,,
2026-08-25,2026-08-25,CM,NSE,STK,759797,INE198501012,EUROPRATIK,EQ,,,,,EURO PRATIK SALES LIMITED,265.0,266.65,258.9,261.25,260.1,267.4,,261.24,,,214652,56238299.5,5815,F1,1,,,,,
2026-08-25,2026-08-25,CM,NSE,STK,11782,INE128A01029,EVEREADY,EQ,,,,,EVEREADY INDS. IND.  LTD.,352.9,353.45,333.7,341.75,343.0,350.5,,341.77,,,239931,81960402.25,4483,F1,1,,,,,
2026-08-25,2026-08-25,CM,NSE,STK,6017,INE295A01018,EVERESTIND,BE,,,,,EVEREST INDUSTRIES LTD,423.9,429.9,414.0,416.0,417.0,420.4,,416.03,,,2848,1196477.1,111,F1,1,,,,,
2026-08-25,2026-08-25,CM,NSE,STK,13091,INE184H01027,EKC,EQ,,,,,EVEREST KANTO CYLINDERLTD,113.18,114.17,110.8,111.21,111.12,113.62,,111.21,,,102836,11521500.55,1774,F1,1,,,,,
2026-08-25,2026-08-25,CM,NSE,STK,11471,INE369A01029,EXCELINDUS,EQ,,,,,EXCEL INDUSTRIES LTD,1081.7,1093.95,1050.5,1057.25,1055.0,1072.65,,1057.3,,,16113,17255626.95,1265,F1,1,,,,,
2026-08-25,2026-08-25,CM,NSE,STK,25327,INE0Y4801011,EXCELLENT,ST,,,,,EXCELLENT WIRES N PACK L,211.0,211.0,206.0,206.0,206.0,202.0,,206.0,,,3200,667200.0,2,F1,1600,,,,,
2026-08-25,2026-08-25,CM,NSE,STK,760007,INE606N01019,EXCELSOFT,EQ,,,,,EXCELSOFT TECHNOLOGIES L,70.3,70.5,69.66,70.27,70.5,70.13,,70.28,,,146518,10267927.57,1622,F1,1,,,,,
2026-08-25,2026-08-25,CM,NSE,STK,22947,INE777F01014,EXICOM,EQ,,,,,EXICOM TELE SYSTEMS LTD,159.95,160.73,154.62,157.36,156.5,159.87,,157.36,,,525530,82656650.43,6693,F1,1,,,,,
2026-08-25,2026-08-25,CM,NSE,STK,676,INE302A01020,EXIDEIND,EQ,,,,,EXIDE INDUSTRIES LTD,452.1,456.0,446.7,448.75,448.95,453.3,,448.75,,,1017559,457830083.5,26360,F1,1,,,,,
2026-08-25,2026-08-25,CM,NSE,STK,760422,INE19I001020,EXIMROUTES,SM,,,,,EXIM ROUTES LIMITED,109.0,110.0,109.0,110.0,110.0,106.05,,110.0,,,1600,175200.0,2,F1,800,,,,,
2026-08-25,2026-08-25,CM,NSE,STK,17486,INE201K01015,EXPLEOSOL,EQ,,,,,EXPLEO SOLUTIONS LIMITED,891.0,896.95,866.0,870.65,875.0,882.05,,870.68,,,22360,19569567.45,1729,F1,1,,,,,
2026-08-25,2026-08-25,CM,NSE,STK,5352,INE0GFE01026,EXXARO,EQ,,,,,EXXARO TILES LIMITED,6.1,6.14,6.02,6.13,6.13,6.14,,6.13,,,92061,561229.21,248,F1,1,,,,,
2026-08-25,2026-08-25,CM,NSE,STK,760125,INE0HF201011,FABTECH,EQ,,,,,FABTECH TECHNOLOGIES LTD,146.59,151.8,145.0,147.62,148.8,147.05,,147.53,,,163750,24190757.96,2080,F1,1,,,,,
2026-08-25,2026-08-25,CM,NSE,STK,1008,INE188A01015,FACT,EQ,,,,,FACT LTD,805.0,920.0,800.0,876.1,873.9,784.25,,876.1,,,34307227,30534147964.55,648806,F1,1,,,,,
2026-08-25,2026-08-25,CM,NSE,STK,1619,INE0DNW01011,FAIRCHEMOR,BE,,,,,FAIRCHEM ORGANICS LIMITED,671.0,671.0,666.5,667.0,667.0,670.0,,672.45,,,4401,2939430.5,55,F1,1,,,,,
2026-08-25,2026-08-25,CM,NSE,STK,24150,INE0PQK01013,FALCONTECH,SM,,,,,FALCON TECHNOPROJ IND LTD,13.2,13.2,12.9,12.9,12.9,12.8,,12.9,,,2400,31320.0,2,F1,1200,,,,,
2026-08-25,2026-08-25,CM,NSE,STK,765371,INE1Q2D01019,FASCINATE,ST,,,,,FASCINATE TEXTILES LTD,109.1,109.1,109.1,109.1,109.1,114.8,,109.1,,,184800,20161680.0,115,F1,800,,,,,
2026-08-25,2026-08-25,CM,NSE,STK,12000,INE963C01033,FAZE3Q,EQ,,,,,FAZE THREE LIMITED,498.0,507.0,485.2,489.05,489.0,492.85,,489.05,,,28749,14260071.75,1065,F1,1,,,,,
2026-08-25,2026-08-25,CM,NSE,STK,11999,INE512B01022,FCSSOFT,EQ,,,,,FCS SOFTWARE SOLN. LTD.,1.47,1.49,1.44,1.44,1.44,1.47,,1.44,,,4127018,6043701.39,1710,F1,1,,,,,
2026-08-25,2026-08-25,CM,NSE,STK,4898,INE258B01022,FDC,EQ,,,,,FDC LIMITED,344.3,350.6,340.85,343.65,343.8,344.3,,343.68,,,97739,33685815.6,4429,F1,1,,,,,
2026-08-25,2026-08-25,CM,NSE,STK,20322,INE007N01010,FEDFINA,EQ,,,,,FEDBANK FINANCIAL SER L,159.05,160.3,157.48,159.02,158.7,159.05,,158.97,,,578600,91936317.83,9120,F1,1,,,,,
2026-08-25,2026-08-25,CM,NSE,STK,762675,INE417D01020,FEDDERSHOL,EQ,,,,,FEDDERS HOLDING LTD.,39.49,41.07,39.04,40.53,40.5,39.82,,40.53,,,191082,7698569.05,1998,F1,1,,,,,
2026-08-25,2026-08-25,CM,NSE,STK,1023,INE171A01029,FEDERALBNK,EQ,,,,,FEDERAL BANK LTD,357.7,358.7,342.05,346.95,346.95,357.75,,346.95,,,16134284,5613120360.0,137998,F1,1,,,,,
2026-08-25,2026-08-25,CM,NSE,STK,1190,INE529A01010,FMGOETZE,EQ,,,,,FEDERAL-MOGUL GOETZE (IND,500.0,560.0,494.8,534.1,531.1,483.35,,534.17,,,20771319,11235574568.4,295143,F1,1,,,,,
2026-08-25,2026-08-25,CM,NSE,STK,573,INE901X01013,FELIX,SM,,,,,FELIX INDUSTRIES LTD.,179.05,184.2,178.1,180.35,179.0,180.95,,180.35,,,48500,8809150.0,62,F1,500,,,,,
2026-08-25,2026-08-25,CM,NSE,STK,762680,INE225B01021,FERMENTA,EQ,,,,,FERMENTA BIOTECH LTD.,480.0,480.0,456.05,468.4,467.2,475.1,,468.41,,,91861,42624185.55,3625,F1,1,,,,,
2026-08-25,2026-08-25,CM,NSE,STK,8159,INE296C01020,FIBERWEB,EQ,,,,,FIBERWEB INDIA LIMITED,26.7,26.9,26.01,26.07,26.05,26.7,,26.07,,,9315,244917.7,150,F1,1,,,,,
2026-08-25,2026-08-25,CM,NSE,STK,9858,INE0LQQ01019,FIDEL,SM,,,,,FIDEL SOFTECH LIMITED,138.95,140.0,138.95,140.0,140.0,137.95,,140.0,,,3000,417950.0,3,F1,1000,,,,,
2026-08-25,2026-08-25,CM,NSE,STK,13710,INE737H01014,FIEMIND,EQ,,,,,FIEM INDUSTRIES LIMITED,2164.1,2182.4,2150.0,2165.6,2168.0,2164.1,,2165.53,,,50034,108265554.0,7241,F1,1,,,,,
2026-08-25,2026-08-25,CM,NSE,STK,23647,INE185E01021,FILATFASH,EQ,,,,,FILATEX FASHIONS LIMITED,0.18,0.19,0.18,0.18,0.19,0.18,,0.18,,,12344597,2277201.47,1800,F1,1,,,,,
2026-08-25,2026-08-25,CM,NSE,STK,24532,INE816B01035,FILATEX,EQ,,,,,FILATEX INDIA LTD,83.85,83.87,80.37,82.11,82.7,84.05,,82.11,,,1602492,131581415.84,8216,F1,1,,,,,
2026-08-25,2026-08-25,CM,NSE,STK,759776,INE0EDU01014,FINBUD,SM,,,,,FINBUD FINANCIAL SERV LTD,139.95,139.95,129.0,129.65,129.1,134.6,,129.65,,,27000,3545200.0,25,F1,1000,,,,,
2026-08-25,2026-08-25,CM,NSE,STK,3744,INE686Y01026,FINEORG,EQ,,,,,FINE ORGANIC IND. LTD.,5280.3,5317.0,5176.5,5186.9,5184.0,5277.4,,5186.73,,,18816,98731863.9,5811,F1,1,,,,,
2026-08-25,2026-08-25,CM,NSE,STK,6198,INE045J01034,FCL,EQ,,,,,FINEOTEX CHEMICAL LIMITED,49.78,49.79,47.2,48.78,49.0,49.62,,48.78,,,13246093,639760646.18,37291,F1,1,,,,,
2026-08-25,2026-08-25,CM,NSE,STK,759239,INE734I01027,FINKURVE,EQ,,,,,FINKURVE FINANCIAL SERV L,80.21,83.0,78.55,79.84,79.98,79.63,,79.83,,,72496,5799856.55,518,F1,1,,,,,
2026-08-25,2026-08-25,CM,NSE,STK,6579,INE02NC01014,FINOPB,EQ,,,,,FINO PAYMENTS BANK LTD,147.3,147.8,145.0,145.53,145.0,147.91,,145.53,,,164819,24073667.42,1690,F1,1,,,,,
2026-08-25,2026-08-25,CM,NSE,STK,1038,INE235A01022,FINCABLES,EQ,,,,,FINOLEX CABLES LTD,1291.9,1291.9,1244.7,1259.85,1263.6,1291.6,,1259.86,,,343314,433568938.4,23617,F1,1,,,,,
2026-08-25,2026-08-25,CM,NSE,STK,1041,INE183A01024,FINPIPE,EQ,,,,,FINOLEX INDUSTRIES LTD,165.5,165.5,161.0,162.81,162.2,165.51,,162.81,,,333322,54199429.5,19589,F1,1,,,,,
2026-08-25,2026-08-25,CM,NSE,STK,14304,INE684F01012,FSL,EQ,,,,,FIRSTSOURCE SOLU. LTD.,272.8,276.65,269.3,275.4,275.8,272.5,,275.4,,,775808,212273087.6,13067,F1,1,,,,,
2026-08-25,2026-08-25,CM,NSE,STK,757658,INE771F01041,FISCHER,EQ,,,,,FISCHER MEDICAL VENTURE L,36.1,37.4,36.1,36.93,37.3,36.47,,36.92,,,567350,20928692.25,2018,F1,1,,,,,
2026-08-25,2026-08-25,CM,NSE,STK,12032,INE128S01021,FIVESTAR,EQ,,,,,FIVE-STAR BUS FIN LTD,500.0,507.0,489.5,501.0,501.05,500.0,,501.0,,,758823,379308748.0,31819,F1,1,,,,,
2026-08-25,2026-08-25,CM,NSE,STK,20372,INE00Y201027,FLAIR,EQ,,,,,FLAIR WRITING INDUST LTD,251.05,252.55,249.5,250.95,250.15,251.05,,250.92,,,35830,9003983.65,838,F1,1,,,,,
2026-08-25,2026-08-25,CM,NSE,STK,25516,INE060J01017,FLEXITUFF,BE,,,,,FLEXITUFF VENTURES INT L,2.67,2.67,2.55,2.61,2.65,2.67,,2.64,,,62015,162264.27,131,F1,1,,,,,
2026-08-25,2026-08-25,CM,NSE,STK,758208,INE0VCK01011,FLYSBS,SM,,,,,FLYSBS AVIATION LIMITED,594.0,617.0,588.0,607.8,609.0,592.25,,607.8,,,173000,104535320.0,476,F1,200,,,,,
2026-08-25,2026-08-25,CM,NSE,STK,760331,INE0SQZ01015,FWSTC,SM,,,,,FLYWINGS SIMULAT T C LTD,200.0,200.0,200.0,200.0,200.0,197.0,,200.0,,,2400,480000.0,2,F1,600,,,,,
2026-08-25,2026-08-25,CM,NSE,STK,6839,INE593W01028,FOCUS,BE,,,,,FOCUS LIGHTG & FIXTRS LTD,68.64,68.64,66.33,67.65,67.7,68.64,,67.65,,,103098,6869899.83,193,F1,1,,,,,
2026-08-25,2026-08-25,CM,NSE,STK,22517,INE0Q4701019,FONEBOX,SM,,,,,FONEBOX RETAIL LIMITED,90.5,90.5,90.5,90.5,90.5,90.5,,90.5,,,1000,90500.0,1,F1,1000,,,,,
2026-08-25,2026-08-25,CM,NSE,STK,6673,INE976E01023,FOODSIN,EQ,,,,,FOODS & INNS LIMITED,55.0,55.01,53.0,54.53,54.0,54.2,,54.52,,,23535,1277004.88,289,F1,1,,,,,
2026-08-25,2026-08-25,CM,NSE,STK,24917,INE0U2501017,FORCAS,ST,,,,,FORCAS STUDIO LIMITED,205.0,205.0,205.0,205.0,205.0,201.0,,205.0,,,1600,328000.0,1,F1,1600,,,,,
2026-08-25,2026-08-25,CM,NSE,STK,11573,INE451A01017,FORCEMOT,EQ,,,,,FORCE MOTORS LIMITED,17600.0,17625.0,17276.0,17431.0,17431.0,17600.0,,17431.0,,,75854,1320335293.0,21587,F1,1,,,,,
2026-08-25,2026-08-25,CM,NSE,STK,14592,INE061F01013,FORTIS,EQ,,,,,FORTIS HEALTHCARE LTD,916.4,923.95,901.4,923.95,923.95,918.0,,923.95,,,1498492,1365411739.85,34552,F1,1,,,,,
2026-08-25,2026-08-25,CM,NSE,STK,1073,INE519A01011,FOSECOIND,EQ,,,,,FOSECO INDIA LTD,5384.5,5698.5,5365.0,5615.5,5670.0,5358.0,,5617.97,,,25761,142742153.0,4985,F1,1,,,,,
2026-08-25,2026-08-25,CM,NSE,STK,760961,INE212S01015,FRACTAL,EQ,,,,,FRACTAL ANALYTICS LIMITED,829.7,839.0,814.0,834.2,836.0,828.5,,834.18,,,331804,273191467.9,41055,F1,1,,,,,
2026-08-25,2026-08-25,CM,NSE,STK,18179,INF090I01VX3,FICRF3GP,MF,,,,,FRANTEMAMC - FICRF3GP,468.18,468.18,468.18,468.18,468.18,520.2,,468.18,,,1,468.18,1,F1,1,,,,,
2026-08-25,2026-08-25,CM,NSE,STK,764683,INE194R01017,FREDUN,EQ,,,,,FREDUN PHARMACEUTICALS L,1431.1,1465.0,1420.6,1448.6,1452.0,1431.1,,1448.89,,,15597,22534435.3,1621,F1,1,,,,,
2026-08-25,2026-08-25,CM,NSE,STK,25871,INE0SFW01015,FRESHARA,ST,,,,,FRESHARA AGRO EXPORTS LTD,417.3,422.9,385.0,414.65,415.0,402.8,,414.65,,,126000,52218150.0,141,F1,600,,,,,
2026-08-25,2026-08-25,CM,NSE,STK,11504,INE385O01018,FROG,ST,,,,,FROG INNOVATIONS LIMITED,224.45,224.45,224.45,224.45,224.45,220.05,,224.45,,,6400,1436480.0,13,F1,400,,,,,
2026-08-25,2026-08-25,CM,NSE,STK,762685,INE572D01014,FRONTSP,EQ,,,,,FRONTIER SPRINGS LTD.,1265.0,1285.0,1260.1,1278.5,1279.0,1259.1,,1278.11,,,8192,10433615.5,1110,F1,1,,,,,
2026-08-25,2026-08-25,CM,NSE,STK,6545,INE388Y01029,NYKAA,EQ,,,,,FSN E COMMERCE VENTURES,330.0,334.7,328.0,334.0,334.0,330.3,,333.99,,,3453986,1147530695.35,38109,F1,1,,,,,
2026-08-25,2026-08-25,CM,NSE,STK,759876,INE12UR01024,UTLSOLAR,EQ,,,,,FUJIYAMA POWER SYSTEMS L,464.4,473.1,444.3,446.65,449.0,459.85,,446.63,,,388645,176035891.95,15589,F1,1,,,,,
2026-08-25,2026-08-25,CM,NSE,STK,11932,INE139R01012,FUSION,EQ,,,,,FUSION FINANCE LIMITED,203.0,205.0,198.17,200.05,200.7,202.38,,200.05,,,277753,55782907.99,7686,F1,1,,,,,
2026-08-25,2026-08-25,CM,NSE,STK,14868,INE452O01016,FLFL,BZ,,,,,FUT LIFESTYLE FASH LTD,1.14,1.15,1.1,1.12,1.12,1.14,,1.14,,,43916,49206.36,84,F1,1,,,,,
2026-08-25,2026-08-25,CM,NSE,STK,13812,INE623B01027,FEL,BZ,,,,,FUTURE ENTERPRISES LTD,0.4,0.4,0.39,0.39,0.39,0.4,,0.39,,,228549,89173.97,117,F1,1,,,,,
2026-08-25,2026-08-25,CM,NSE,STK,30491,IN9623B01058,FELDVR,BZ,,,,,FUTURE ENTERPRISES LTD,2.39,2.39,2.23,2.33,2.33,2.34,,2.36,,,2234,5114.35,25,F1,1,,,,,
2026-08-25,2026-08-25,CM,NSE,STK,21017,INE360L01017,FMNL,EQ,,,,,FUTURE MKT NETWORKS LTD,9.66,9.66,9.55,9.66,9.66,9.2,,9.66,,,38548,372175.58,59,F1,1,,,,,
2026-08-25,2026-08-25,CM,NSE,STK,1168,INE075D01018,GMBREW,EQ,,,,,G M BREWERIES LTD,877.85,894.4,877.85,887.55,889.0,877.85,,887.81,,,12829,11332689.55,1460,F1,1,,,,,
2026-08-25,2026-08-25,CM,NSE,STK,5054,INE201P01022,GRINFRA,EQ,,,,,G R INFRAPROJECTS LIMITED,875.05,905.0,871.05,902.05,903.0,879.1,,902.05,,,32712,29277131.7,3379,F1,1,,,,,
2026-08-25,2026-08-25,CM,NSE,STK,1135,INE586X01012,GTECJAINX,BE,,,,,G-TEC JAINX EDUCATION LTD,28.6,29.98,28.3,28.3,29.25,29.64,,28.3,,,16477,485190.28,64,F1,1,,,,,
2026-08-25,2026-08-25,CM,NSE,STK,1085,INE524A01029,GABRIEL,EQ,,,,,GABRIEL INDIA LTD,1359.0,1372.5,1335.6,1346.0,1349.0,1358.9,,1346.01,,,395008,532912261.8,30886,F1,1,,,,,
2026-08-25,2026-08-25,CM,NSE,STK,18018,INE224E01028,GATECH,BE,,,,,GACM TECHNOLOGIES LIMITED,0.97,0.97,0.96,0.96,0.97,0.93,,0.96,,,76402951,74092412.49,11990,F1,1,,,,,
2026-08-25,2026-08-25,CM,NSE,STK,27,INE224E01036,GATECHDVR,BE,,,,,GACM TECHNOLOGIES LIMITED,0.52,0.52,0.5,0.51,0.52,0.5,,0.51,,,698196,360815.15,263,F1,1,,,,,
2026-08-25,2026-08-25,CM,NSE,STK,4717,INE129A01019,GAIL,EQ,,,,,GAIL (INDIA) LTD,173.0,176.29,172.39,175.5,175.5,173.75,,175.49,,,7837508,1364421744.67,48396,F1,1,,,,,
2026-08-25,2026-08-25,CM,NSE,STK,25244,INE0QTE01018,GAJANAND,SM,,,,,GAJANAND INTERNATIONAL L,8.0,8.0,8.0,8.0,8.0,8.0,,8.0,,,3000,24000.0,1,F1,3000,,,,,
2026-08-25,2026-08-25,CM,NSE,STK,25134,INE0RE001014,GALAPREC,EQ,,,,,GALA PRECISION ENG LTD,1093.0,1093.0,1060.2,1076.6,1075.0,1093.9,,1076.6,,,22097,23687486.2,2293,F1,1,,,,,
2026-08-25,2026-08-25,CM,NSE,STK,759089,INE09A801015,GML,SM,,,,,GALAXY MEDICARE LIMITED,17.65,17.65,17.65,17.65,17.65,17.7,,17.65,,,4000,70600.0,2,F1,2000,,,,,
2026-08-25,2026-08-25,CM,NSE,STK,1315,INE600K01018,GALAXYSURF,EQ,,,,,GALAXY SURFACTANTS LTD,2332.0,2349.7,2275.6,2284.2,2276.0,2316.4,,2284.28,,,17850,41182501.0,3689,F1,1,,,,,
2026-08-25,2026-08-25,CM,NSE,STK,13337,INE297H01019,GALLANTT,EQ,,,,,GALLANTT ISPAT LIMITED,579.65,590.0,576.1,581.5,582.0,580.25,,581.5,,,34223,19938473.2,3063,F1,1,,,,,
2026-08-25,2026-08-25,CM,NSE,STK,20303,INE717W01049,GANDHAR,EQ,,,,,GANDHAR OIL REFINE IND L,257.35,257.4,251.0,255.42,255.48,256.62,,255.41,,,667901,169473555.2,9551,F1,1,,,,,
2026-08-25,2026-08-25,CM,NSE,STK,14116,INE524B01027,GANDHITUBE,EQ,,,,,GANDHI SPL. TUBES LTD,894.15,904.8,875.6,898.8,891.5,895.1,,898.79,,,11730,10456325.15,759,F1,1,,,,,
2026-08-25,2026-08-25,CM,NSE,STK,5617,INE388A01029,GANESHBE,BE,,,,,GANESH BENZOPLAST LIMITED,119.25,122.0,119.0,120.19,121.0,121.98,,120.19,,,77614,9337746.17,287,F1,1,,,,,
2026-08-25,2026-08-25,CM,NSE,STK,759012,INE652V01016,GANESHCP,EQ,,,,,GANESH CONSUMER PRODUCT L,162.83,168.2,161.05,166.23,166.9,161.73,,166.22,,,187614,31033582.42,3122,F1,1,,,,,
2026-08-25,2026-08-25,CM,NSE,STK,24439,INE0R8C01018,GGBL,SM,,,,,GANESH GREEN BHARAT LTD,242.0,243.3,228.5,229.35,228.5,240.95,,229.35,,,65100,15210180.0,180,F1,300,,,,,
2026-08-25,2026-08-25,CM,NSE,STK,14339,INE460C01014,GANESHHOU,EQ,,,,,GANESH HOUSING LIMITED,809.8,845.0,806.25,838.7,839.0,808.15,,838.71,,,57126,47602556.85,3768,F1,1,,,,,
2026-08-25,2026-08-25,CM,NSE,STK,27351,INE0TVT01024,GANESHIN,ST,,,,,GANESH INFRAWORLD LIMITED,114.0,114.45,111.0,112.45,112.0,114.55,,112.45,,,24800,2792520.0,23,F1,800,,,,,
2026-08-25,2026-08-25,CM,NSE,STK,6944,INE845D01014,GANECOS,EQ,,,,,GANESHA ECOSPHERE LIMITED,1072.0,1074.5,1045.7,1051.6,1058.3,1068.2,,1051.59,,,48288,51075547.0,5046,F1,1,,,,,
2026-08-25,2026-08-25,CM,NSE,STK,757525,INE0ZI101018,GANGABATH,SM,,,,,GANGA BATH FITTINGS LTD,22.7,22.7,21.6,22.45,22.45,22.45,,22.45,,,24000,532350.0,8,F1,3000,,,,,
2026-08-25,2026-08-25,CM,NSE,STK,4957,INE691Z01023,GANGAFORGE,EQ,,,,,GANGA FORGING LIMITED,1.86,2.0,1.86,1.86,1.86,1.95,,1.86,,,18772857,35101598.9,3435,F1,1,,,,,
2026-08-25,2026-08-25,CM,NSE,STK,21399,INE335W01016,GANGESSECU,EQ,,,,,GANGES SECURITIES LIMITED,123.7,126.25,122.0,123.4,124.29,122.99,,123.4,,,1361,168338.97,42,F1,1,,,,,
2026-08-25,2026-08-25,CM,NSE,STK,5475,INE382Z01011,GRSE,EQ,,,,,GARDEN REACH SHIP&ENG LTD,2592.3,2622.0,2577.0,2607.5,2604.5,2596.1,,2607.62,,,344854,895671511.4,21838,F1,1,,,,,
2026-08-25,2026-08-25,CM,NSE,STK,25800,INE0JVO01026,GARUDA,EQ,,,,,GARUDA CONSTRUCT N ENG L,183.25,185.27,181.6,183.15,183.0,182.87,,183.1,,,278876,51094084.58,4023,F1,1,,,,,
2026-08-25,2026-08-25,CM,NSE,STK,7982,INE291A01017,GRWRHITECH,EQ,,,,,GARWARE HI-TECH FILMS LTD,7250.0,7310.0,7102.0,7264.0,7260.0,7234.5,,7263.93,,,30276,218478287.0,8738,F1,1,,,,,
2026-08-25,2026-08-25,CM,NSE,STK,1100,INE276A01018,GARFIBRES,EQ,,,,,GARWARE TECH FIBRES LTD,812.8,812.8,782.15,800.5,795.85,809.4,,800.5,,,56227,44654840.25,10445,F1,1,,,,,
2026-08-25,2026-08-25,CM,NSE,STK,8510,INE079J01017,GATEWAY,EQ,,,,,GATEWAY DISTRIPARKS LTD,54.0,54.09,52.75,52.93,52.99,53.84,,52.93,,,885634,47079640.16,6530,F1,1,,,,,
2026-08-25,2026-08-25,CM,NSE,STK,760179,INE0P8B01020,GAUDIUMIVF,BE,,,,,GAUDIUM IVF N WOMEN H L,115.19,115.9,113.9,115.9,115.9,113.63,,116.0,,,74094,8500758.98,451,F1,1,,,,,
2026-08-25,2026-08-25,CM,NSE,STK,3693,INE287Z01012,GAYAHWS,EQ,,,,,GAYATRI HIGHWAYS LIMITED,1.96,1.97,1.91,1.93,1.94,1.92,,1.93,,,131643,254562.91,281,F1,1,,,,,
2026-08-25,2026-08-25,CM,NSE,STK,25027,INE336H01023,GAYAPROJ,BE,,,,,GAYATRI PROJECTS LTD,22.34,22.89,21.75,22.28,22.3,22.34,,22.27,,,394559,8799400.84,1159,F1,1,,,,,
2026-08-25,2026-08-25,CM,NSE,STK,14052,INE0LVM01018,GRCL,SM,,,,,GAYATRI RUBB AND CHEM LTD,585.6,585.6,585.6,585.6,585.6,557.75,,585.6,,,2500,1464000.0,8,F1,250,,,,,
2026-08-25,2026-08-25,CM,NSE,STK,7862,INE878A01011,GVPIL,EQ,,,,,GE POWER INDIA LIMITED,648.1,658.5,641.0,644.5,647.0,650.5,,644.59,,,183645,118971608.45,6786,F1,1,,,,,
2026-08-25,2026-08-25,CM,NSE,STK,16783,INE200A01026,GVT&D,EQ,,,,,GE VERNOVA T&D INDIA LTD,4160.0,4185.0,4060.1,4185.0,4185.0,4177.9,,4184.5,,,868892,3577165122.7,68624,F1,1,,,,,
2026-08-25,2026-08-25,CM,NSE,STK,13662,INE916G01016,GEECEE,BE,,,,,GEECEE VENTURES LIMITED,373.7,373.7,368.15,368.65,368.15,368.7,,368.65,,,4927,1826920.0,39,F1,1,,,,,
2026-08-25,2026-08-25,CM,NSE,STK,17922,INE669X01032,GEEKAYWIRE,EQ,,,,,GEEKAY WIRES LIMITED,22.99,23.69,22.45,22.6,22.78,22.48,,22.6,,,83689,1895545.67,876,F1,1,,,,,
2026-08-25,2026-08-25,CM,NSE,STK,759461,INE06XZ01023,GEMAROMA,EQ,,,,,GEM AROMATICS LIMITED,173.67,174.84,167.41,172.8,173.38,173.67,,172.79,,,82131,14109022.88,1491,F1,1,,,,,
2026-08-25,2026-08-25,CM,NSE,STK,277,INE481Y01014,GICRE,EQ,,,,,GENERAL INS CORP OF INDIA,356.95,358.65,350.8,351.4,351.45,356.95,,351.4,,,904213,319413189.15,18051,F1,1,,,,,
2026-08-25,2026-08-25,CM,NSE,STK,2188,INE854S01022,GENCON,EQ,,,,,GENERIC ENG CONS PROJ LTD,42.26,42.35,41.15,41.5,41.15,41.57,,41.5,,,282055,11826431.46,549,F1,1,,,,,
2026-08-25,2026-08-25,CM,NSE,STK,10905,INE727B01026,GENESYS,EQ,,,,,GENESYS INTL CORPN LTD,181.3,214.25,181.3,214.25,214.25,178.55,,214.27,,,4190457,874793611.9,25523,F1,1,,,,,
2026-08-25,2026-08-25,CM,NSE,STK,758842,INE06H201014,GENSOL,BZ,,,,,GENSOL ENGINEERING LTD,18.23,18.23,17.41,17.96,17.99,18.23,,17.96,,,61112,1084228.46,524,F1,1,,,,,
2026-08-25,2026-08-25,CM,NSE,STK,6600,INE949P01018,GENUSPAPER,EQ,,,,,GENUS P&B LIMITED,11.29,12.5,11.12,12.09,12.15,11.12,,12.09,,,269410,3180753.1,794,F1,1,,,,,
2026-08-25,2026-08-25,CM,NSE,STK,11905,INE955D01029,GENUSPOWER,EQ,,,,,GENUS POWER INFRASTRU LTD,340.0,343.7,333.1,335.05,335.1,339.6,,335.06,,,1964249,664374143.0,28351,F1,1,,,,,
2026-08-25,2026-08-25,CM,NSE,STK,31942,INE1W0N01014,GENXAI,SM,,,,,GENXAI ANALYTICS LIMITED,77.0,77.5,76.0,76.8,77.5,76.15,,76.8,,,25200,1929180.0,15,F1,1200,,,,,
2026-08-25,2026-08-25,CM,NSE,STK,11896,INE007B01023,GEOJITFSL,EQ,,,,,GEOJIT FINANCIAL SER L,82.9,83.84,80.3,80.63,80.89,82.98,,80.63,,,397241,32476061.26,3157,F1,1,,,,,
2026-08-25,2026-08-25,CM,NSE,STK,1289,INE538A01037,GFLLIMITED,EQ,,,,,GFL LIMITED,56.0,56.0,54.09,54.37,54.11,55.41,,54.37,,,54747,3011836.44,1061,F1,1,,,,,
2026-08-25,2026-08-25,CM,NSE,STK,1127,INE539A01019,GHCL,EQ,,,,,GHCL LIMITED,447.9,447.9,440.0,440.8,440.0,443.85,,440.82,,,78861,34921653.85,3286,F1,1,,,,,
2026-08-25,2026-08-25,CM,NSE,STK,16696,INE0PA801013,GHCLTEXTIL,EQ,,,,,GHCL TEXTILES LIMITED,124.9,127.0,123.46,125.6,126.0,124.21,,125.6,,,497625,62374471.49,6912,F1,1,,,,,
2026-08-25,2026-08-25,CM,NSE,STK,1139,INE289B01019,GICHSGFIN,EQ,,,,,GIC HOUSING FINANCE LTD,137.3,141.47,137.0,140.44,140.9,137.16,,140.44,,,117914,16422124.41,1811,F1,1,,,,,
2026-08-25,2026-08-25,CM,NSE,STK,17839,INE047B01011,GILLANDERS,EQ,,,,,GILLANDERS ARBUTHNOT LTD,102.77,108.99,100.0,105.88,106.8,102.26,,105.88,,,45011,4749997.63,448,F1,1,,,,,
2026-08-25,2026-08-25,CM,NSE,STK,1576,INE322A01010,GILLETTE,EQ,,,,,GILLETTE INDIA LTD,7406.5,7458.5,7378.0,7439.0,7451.5,7406.5,,7439.27,,,23437,173720219.0,5083,F1,1,,,,,
2026-08-25,2026-08-25,CM,NSE,STK,9294,INE424C01010,GINNIFILA,BE,,,,,GINNIFILAMENTS LTD.,44.94,45.05,44.15,44.47,44.49,44.79,,44.27,,,27468,1227197.27,85,F1,1,,,,,
2026-08-25,2026-08-25,CM,NSE,STK,2365,INE614Z01017,GIRIRAJ,SM,,,,,GIRIRAJ CIVIL DEVP LTD,92.0,92.0,92.0,92.0,92.0,87.65,,92.0,,,4250,391000.0,7,F1,250,,,,,
2026-08-25,2026-08-25,CM,NSE,STK,759048,INE1AG301022,GKENERGY,EQ,,,,,GK ENERGY LIMITED,125.5,126.9,125.0,126.19,126.3,124.37,,126.2,,,232229,29261440.71,2776,F1,1,,,,,
2026-08-25,2026-08-25,CM,NSE,STK,17357,INE528A01020,GKWLIMITED,EQ,,,,,GKW LIMITED,1622.0,1622.0,1590.0,1596.1,1592.5,1601.0,,1596.1,,,592,953553.8,40,F1,1,,,,,
2026-08-25,2026-08-25,CM,NSE,STK,1186,INE068V01023,GLAND,EQ,,,,,GLAND PHARMA LIMITED,2810.9,2835.9,2776.1,2824.6,2830.4,2801.6,,2824.31,,,139251,390438133.5,17165,F1,1,,,,,
2026-08-25,2026-08-25,CM,NSE,STK,1153,INE159A01016,GLAXO,EQ,,,,,GLAXOSMITHKLINE PHARMA LT,2953.8,3010.0,2917.6,2963.4,3007.9,2931.7,,2963.81,,,174436,514901018.6,27876,F1,1,,,,,
2026-08-25,2026-08-25,CM,NSE,STK,7406,INE935A01035,GLENMARK,EQ,,,,,GLENMARK PHARMACEUTICALS,2391.7,2421.0,2376.0,2400.0,2400.0,2390.7,,2399.99,,,653245,1567572135.9,65381,F1,1,,,,,
2026-08-25,2026-08-25,CM,NSE,STK,1415,INE291W01037,GLOBAL,EQ,,,,,GLOBAL EDUCATION LIMITED,107.29,109.74,104.4,106.71,106.0,107.5,,106.71,,,308947,32498981.53,1158,F1,1,,,,,
2026-08-25,2026-08-25,CM,NSE,STK,11956,INE474Q01031,MEDANTA,EQ,,,,,GLOBAL HEALTH LIMITED,1402.0,1414.0,1393.0,1404.4,1413.9,1405.5,,1404.4,,,69432,97324355.9,8806,F1,1,,,,,
2026-08-25,2026-08-25,CM,NSE,STK,17170,INE0PS501019,GLOBALPET,ST,,,,,GLOBAL PET INDUSTRIES LTD,155.0,155.0,155.0,155.0,155.0,151.0,,155.0,,,4500,697500.0,2,F1,750,,,,,
2026-08-25,2026-08-25,CM,NSE,STK,14599,INE0JSX01015,GSLSU,EQ,,,,,GLOBAL SURFACES LIMITED,30.0,31.48,29.83,29.83,29.83,31.4,,29.83,,,67349,2038643.48,807,F1,1,,,,,
2026-08-25,2026-08-25,CM,NSE,STK,13735,INE792H01019,GLOBALVECT,EQ,,,,,GLOBAL VEC HELICORP LTD,147.0,150.0,147.0,148.9,148.81,149.1,,149.05,,,3179,473979.64,227,F1,1,,,,,
2026-08-25,2026-08-25,CM,NSE,STK,24932,INE0URU01010,GLOBALE,EQ,,,,,GLOBALE TESSILE LIMITED,11.5,11.99,11.41,11.7,11.41,11.76,,11.7,,,4478,51222.77,22,F1,1,,,,,
2026-08-25,2026-08-25,CM,NSE,STK,758572,INE0V3U01015,GLOBECIVIL,EQ,,,,,GLOBE CIVIL PROJECTS LTD,42.14,45.9,42.14,45.69,45.8,42.12,,45.69,,,229737,10209695.43,1531,F1,1,,,,,
2026-08-25,2026-08-25,CM,NSE,STK,393,INE581X01021,GLOBE,EQ,,,,,GLOBE ENTERPRISE (I) LTD,2.0,2.04,1.98,2.02,2.04,2.0,,2.02,,,250887,503361.67,189,F1,1,,,,,
2026-08-25,2026-08-25,CM,NSE,STK,761025,INE947T01022,GICL,EQ,,,,,GLOBE INTL CARRIERS LTD,23.97,23.97,23.4,23.75,23.78,23.89,,23.75,,,192683,4568441.28,314,F1,1,,,,,
2026-08-25,2026-08-25,CM,NSE,STK,9764,INE00WS01056,GSTL,SM,,,,,GLOBESECURE TECHNO LTD,14.4,14.4,13.45,13.5,13.5,13.9,,13.5,,,3000,41350.0,3,F1,1000,,,,,
2026-08-25,2026-08-25,CM,NSE,STK,17424,INE615I01010,GLOBUSSPR,EQ,,,,,GLOBUS SPIRITS LTD,910.95,924.15,907.5,917.7,918.0,910.95,,917.75,,,116295,106545313.15,5392,F1,1,,,,,
2026-08-25,2026-08-25,CM,NSE,STK,23590,INE350Z01018,GLOSTERLTD,EQ,,,,,GLOSTER LIMITED,623.0,623.0,592.0,595.05,594.7,597.0,,596.39,,,802,482626.6,81,F1,1,,,,,
2026-08-25,2026-08-25,CM,NSE,STK,760116,INE0TQE01026,GLOTTIS,EQ,,,,,GLOTTIS LIMITED,67.99,67.99,65.1,65.88,66.39,67.66,,65.88,,,36824,2429320.11,645,F1,1,,,,,
2026-08-25,2026-08-25,CM,NSE,STK,1570,INE541A01023,GMMPFAUDLR,EQ,,,,,GMM PFAUDLER LIMITED,981.0,1013.8,981.0,1004.9,1005.0,989.3,,1004.91,,,99442,99433646.3,8077,F1,1,,,,,
2026-08-25,2026-08-25,CM,NSE,STK,13528,INE776C01039,GMRAIRPORT,EQ,,,,,GMR AIRPORTS LIMITED,98.82,99.85,98.15,99.85,99.85,98.82,,99.84,,,5880177,579714092.52,29279,F1,1,,,,,
2026-08-25,2026-08-25,CM,NSE,STK,8529,INE0CU601026,GMRP&UI,EQ,,,,,GMR POW AND URBAN INFRA L,96.1,97.0,95.61,96.11,96.17,96.1,,96.11,,,484469,46629734.38,5335,F1,1,,,,,
2026-08-25,2026-08-25,CM,NSE,STK,18571,INE934S01014,GNA,EQ,,,,,GNA AXLES LIMITED,559.0,561.3,546.1,548.8,550.25,555.4,,548.78,,,183814,101240826.85,5943,F1,1,,,,,
2026-08-25,2026-08-25,CM,NSE,STK,757862,INE18JU01028,EBGNG,EQ,,,,,GNG ELECTRONICS LIMITED,594.5,601.2,575.15,584.75,585.95,603.3,,584.76,,,387034,226479043.8,17276,F1,1,,,,,
2026-08-25,2026-08-25,CM,NSE,STK,23799,INE03JT01014,GODIGIT,EQ,,,,,GO DIGIT GENERAL INS LTD,259.7,263.5,257.9,258.8,260.85,260.4,,258.82,,,147132,38241522.25,8780,F1,1,,,,,
2026-08-25,2026-08-25,CM,NSE,STK,6964,INE0BJS01011,GOCOLORS,EQ,,,,,GO FASHION INDIA LTD,354.8,354.8,337.1,340.25,340.0,353.3,,340.25,,,197710,67905475.95,4238,F1,1,,,,,
2026-08-25,2026-08-25,CM,NSE,STK,14687,INE426D01013,GOACARBON,EQ,,,,,GOA CARBON LIMITED,352.05,359.0,350.1,357.45,359.0,351.7,,357.42,,,11342,4036930.45,886,F1,1,,,,,
2026-08-25,2026-08-25,CM,NSE,STK,3963,INE077F01035,GOCLCORP,EQ,,,,,GOCL CORPORATION LIMITED,399.25,407.0,394.2,395.7,396.4,398.4,,395.68,,,29011,11515744.05,991,F1,1,,,,,
2026-08-25,2026-08-25,CM,NSE,STK,25941,INE497S01012,GODAVARIB,EQ,,,,,GODAVARI BIOREFINERIES L,242.05,243.0,239.0,241.2,242.0,240.85,,241.2,,,77978,18766514.3,1860,F1,1,,,,,
2026-08-25,2026-08-25,CM,NSE,STK,13409,INE177H01039,GPIL,EQ,,,,,GODAWARI POW & ISP LTD,245.27,247.04,243.24,244.26,244.1,245.27,,244.26,,,633517,155093398.05,10257,F1,1,,,,,
2026-08-25,2026-08-25,CM,NSE,STK,1181,INE260B01028,GODFRYPHLP,EQ,,,,,GODFREY PHILLIPS INDIA LT,2105.0,2107.0,2067.1,2107.0,2107.0,2100.5,,2107.28,,,235034,490291016.6,17308,F1,1,,,,,
2026-08-25,2026-08-25,CM,NSE,STK,144,INE850D01014,GODREJAGRO,EQ,,,,,GODREJ AGROVET LIMITED,570.0,625.0,569.95,610.1,610.5,572.75,,610.06,,,3498758,2138222618.75,86292,F1,1,,,,,
2026-08-25,2026-08-25,CM,NSE,STK,10099,INE102D01028,GODREJCP,EQ,,,,,GODREJ CONSUMER PRODUCTS,928.9,930.9,918.2,929.2,929.2,928.9,,929.0,,,676534,624863260.6,17632,F1,1,,,,,
2026-08-25,2026-08-25,CM,NSE,STK,10925,INE233A01035,GODREJIND,EQ,,,,,GODREJ INDUSTRIES LTD,1180.0,1181.0,1131.3,1165.9,1164.0,1184.5,,1165.83,,,306506,352687991.1,26126,F1,1,,,,,
2026-08-25,2026-08-25,CM,NSE,STK,17875,INE484J01027,GODREJPROP,EQ,,,,,GODREJ PROPERTIES LTD,2035.1,2049.0,2011.5,2049.0,2049.0,2039.9,,2048.59,,,384390,779834200.8,24522,F1,1,,,,,
2026-08-25,2026-08-25,CM,NSE,STK,765280,IN0020260058,620GS2029,GS,,,,,GOI LOAN   6.20% 2029,98.66,99.6,98.66,99.6,99.6,99.81,,99.6,,,851,84665.6,5,F1,1,,,,,
2026-08-25,2026-08-25,CM,NSE,STK,27170,IN0020240142,709GS2074,GS,,,,,GOI LOAN   7.09% 2074,96.5,96.5,96.2,96.3,96.3,96.39,,96.09,,,3010,289765.0,3,F1,1,,,,,
2026-08-25,2026-08-25,CM,NSE,STK,6695,IN0020210186,574GS2026,GS,,,,,GOI LOAN  5.74% 2026,100.91,100.91,100.91,100.91,100.91,101.45,,100.91,,,4,403.64,1,F1,1,,,,,
2026-08-25,2026-08-25,CM,NSE,STK,757753,IN0020250034,591GS2028,GS,,,,,GOI LOAN  5.91% 2028,99.51,99.51,99.51,99.51,99.51,99.5,,99.51,,,300,29853.0,2,F1,1,,,,,
2026-08-25,2026-08-25,CM,NSE,STK,757983,IN0020250067,601GS2030,GS,,,,,GOI LOAN  6.01% 2030,99.6,99.6,97.71,97.71,97.71,97.71,,97.71,,,1050,102727.56,5,F1,1,,,,,
2026-08-25,2026-08-25,CM,NSE,STK,760622,IN0020250125,603GS2029,GS,,,,,GOI LOAN  6.03% 2029,99.5,99.5,99.0,99.35,99.0,98.81,,99.35,,,210,20865.0,2,F1,1,,,,,
2026-08-25,2026-08-25,CM,NSE,STK,5012,IN0020210095,610GS2031,GS,,,,,GOI LOAN  6.10% 2031,97.06,97.3,97.06,97.3,97.3,99.0,,97.3,,,600,58308.0,2,F1,1,,,,,
2026-08-25,2026-08-25,CM,NSE,STK,761020,IN0020250141,636GS2031,GS,,,,,GOI LOAN  6.36% 2031,100.0,100.0,100.0,100.0,100.0,101.99,,100.0,,,250,25000.0,1,F1,1,,,,,
2026-08-25,2026-08-25,CM,NSE,STK,759396,IN0020250091,648GS2035,GS,,,,,GOI LOAN  6.48% 2035,99.5,99.5,99.05,99.05,99.05,99.9,,99.05,,,1291,127966.25,3,F1,1,,,,,
2026-08-25,2026-08-25,CM,NSE,STK,956,IN0020200252,667GS2050,GS,,,,,GOI LOAN  6.67% 2050,92.4,92.4,92.0,92.0,92.0,92.95,,92.0,,,401,36932.4,3,F1,1,,,,,
2026-08-25,2026-08-25,CM,NSE,STK,760623,IN0020250133,668GS2033,GS,,,,,GOI LOAN  6.68% 2033,99.05,100.0,99.05,100.0,100.0,100.0,,100.0,,,200,19905.0,2,F1,1,,,,,
2026-08-25,2026-08-25,CM,NSE,STK,757847,IN0020250042,668GS2040,GS,,,,,GOI LOAN  6.68% 2040,98.1,98.1,98.1,98.1,98.1,99.45,,98.1,,,45200,4434120.0,5,F1,1,,,,,
2026-08-25,2026-08-25,CM,NSE,STK,2317,IN0020200401,676GS2061,GS,,,,,GOI LOAN  6.76% 2061,91.8,91.8,91.0,91.19,91.19,91.39,,91.19,,,57198,5207909.41,118,F1,1,,,,,
2026-08-25,2026-08-25,CM,NSE,STK,22438,IN0020200187,68GS2060,GS,,,,,GOI LOAN  6.8% 2060,93.2,93.2,92.81,92.81,92.81,92.25,,92.81,,,933,86592.9,4,F1,1,,,,,
2026-08-25,2026-08-25,CM,NSE,STK,756014,IN0020250018,690GS2065,GS,,,,,GOI LOAN  6.90% 2065,94.6,94.6,94.1,94.52,94.52,93.85,,94.46,,,6037,570618.13,5,F1,1,,,,,
2026-08-25,2026-08-25,CM,NSE,STK,763340,IN0020260025,694GS2036,GS,,,,,GOI LOAN  6.94% 2036,102.0,102.0,102.0,102.0,102.0,101.5,,102.0,,,100,10200.0,1,F1,1,,,,,
2026-08-25,2026-08-25,CM,NSE,STK,6817,IN0020210202,695GS2061,GS,,,,,GOI LOAN  6.95% 2061,93.5,94.47,93.5,93.5,93.5,94.3,,93.5,,,106,9915.85,3,F1,1,,,,,
2026-08-25,2026-08-25,CM,NSE,STK,6696,IN0020210194,699GS2051,GS,,,,,GOI LOAN  6.99% 2051,95.55,95.55,95.55,95.55,95.55,96.5,,95.41,,,100,9555.0,1,F1,1,,,,,
2026-08-25,2026-08-25,CM,NSE,STK,23854,IN0020240043,702GS2027,GS,,,,,GOI LOAN  7.02% 2027,102.55,102.55,101.75,101.75,101.75,101.75,,101.75,,,13,1323.55,4,F1,1,,,,,
2026-08-25,2026-08-25,CM,NSE,STK,24072,IN0020240076,702GS2031,GS,,,,,GOI LOAN  7.02% 2031,102.15,102.15,102.15,102.15,102.15,102.0,,102.15,,,10300,1052145.0,3,F1,1,,,,,
2026-08-25,2026-08-25,CM,NSE,STK,764295,IN0020260041,706GS2041,GS,,,,,GOI LOAN  7.06% 2041,102.0,102.0,100.25,100.25,100.25,102.25,,100.25,,,5100,520025.0,3,F1,1,,,,,
2026-08-25,2026-08-25,CM,NSE,STK,24949,IN0020240118,709GS2054,GS,,,,,GOI LOAN  7.09% 2054,96.99,96.99,96.5,96.5,96.5,96.99,,96.5,,,14207,1371558.75,14,F1,1,,,,,
2026-08-25,2026-08-25,CM,NSE,STK,23463,IN0020240019,71GS2034,GS,,,,,GOI LOAN  7.1% 2034,102.81,103.02,102.81,103.02,103.02,104.98,,103.02,,,2,205.83,2,F1,1,,,,,
2026-08-25,2026-08-25,CM,NSE,STK,15050,IN0020230036,717GS2030,GS,,,,,GOI LOAN  7.17% 2030,103.46,105.0,103.46,104.96,104.96,104.5,,104.96,,,8202,848741.96,5,F1,1,,,,,
2026-08-25,2026-08-25,CM,NSE,STK,17398,IN0020230077,718GS2037,GS,,,,,GOI LOAN  7.18% 2037,102.5,103.0,102.41,102.41,102.41,103.0,,102.41,,,21598,2218182.48,12,F1,1,,,,,
2026-08-25,2026-08-25,CM,NSE,STK,23518,IN0020240027,723GS2039,GS,,,,,GOI LOAN  7.23% 2039,104.4,104.4,104.4,104.4,104.4,104.4,,104.4,,,400,41760.0,3,F1,1,,,,,
2026-08-25,2026-08-25,CM,NSE,STK,758674,IN0020250075,724GS2055,GS,,,,,GOI LOAN  7.24% 2055,98.0,98.35,97.73,98.0,97.9,98.05,,98.0,,,288948,28289878.38,496,F1,1,,,,,
2026-08-25,2026-08-25,CM,NSE,STK,16733,IN0020230044,725GS2063,GS,,,,,GOI LOAN  7.25% 2063,98.6,98.6,97.9,97.98,98.0,98.21,,97.98,,,123671,12125029.53,110,F1,1,,,,,
2026-08-25,2026-08-25,CM,NSE,STK,10722,IN0020220060,726GS2032,GS,,,,,GOI LOAN  7.26% 2032,104.5,104.5,104.5,104.5,104.5,106.0,,104.5,,,300,31350.0,3,F1,1,,,,,
2026-08-25,2026-08-25,CM,NSE,STK,16865,IN0020230051,73GS2053,GS,,,,,GOI LOAN  7.3% 2053,99.1,99.79,99.1,99.51,99.5,100.0,,99.51,,,19668,1956909.5,13,F1,1,,,,,
2026-08-25,2026-08-25,CM,NSE,STK,20136,IN0020230135,732GS2030,GS,,,,,GOI LOAN  7.32% 2030,104.0,104.0,104.0,104.0,104.0,103.99,,104.0,,,137,14248.0,1,F1,1,,,,,
2026-08-25,2026-08-25,CM,NSE,STK,19685,IN0020230119,733GS2026,GS,,,,,GOI LOAN  7.33% 2026,102.0,102.0,101.9,101.9,101.9,102.0,,101.68,,,507,51694.0,5,F1,1,,,,,
2026-08-25,2026-08-25,CM,NSE,STK,23558,IN0020240035,734GS2064,GS,,,,,GOI LOAN  7.34% 2064,99.8,100.3,99.8,99.94,99.94,99.96,,99.94,,,68328,6829432.53,61,F1,1,,,,,
2026-08-25,2026-08-25,CM,NSE,STK,10931,IN0020220086,736GS2052,GS,,,,,GOI LOAN  7.36% 2052,103.0,103.0,102.75,102.75,102.75,103.0,,102.75,,,2090,214771.25,4,F1,1,,,,,
2026-08-25,2026-08-25,CM,NSE,STK,19566,IN0020230101,737GS2028,GS,,,,,GOI LOAN  7.37% 2028,104.25,104.25,104.25,104.25,104.25,104.25,,104.25,,,400,41700.0,1,F1,1,,,,,
2026-08-25,2026-08-25,CM,NSE,STK,10981,IN0020220094,74GS2062,GS,,,,,GOI LOAN  7.4% 2062,99.45,103.99,99.45,103.99,103.99,102.0,,103.99,,,129,13177.33,6,F1,1,,,,,
2026-08-25,2026-08-25,CM,NSE,STK,13194,IN0020220102,741GS2036,GS,,,,,GOI LOAN  7.41% 2036,106.0,106.0,105.5,106.0,106.0,106.0,,106.0,,,350,37050.0,4,F1,1,,,,,
2026-08-25,2026-08-25,CM,NSE,STK,760649,IN0020250117,743GS2076,GS,,,,,GOI LOAN  7.43% 2076,100.4,100.49,99.98,100.0,100.0,100.5,,100.0,,,877322,87750732.61,613,F1,1,,,,,
2026-08-25,2026-08-25,CM,NSE,STK,19808,IN0020230127,746GS2073,GS,,,,,GOI LOAN  7.46% 2073,101.0,101.9,100.81,101.49,101.49,101.5,,100.55,,,3102,312733.39,19,F1,1,,,,,
2026-08-25,2026-08-25,CM,NSE,STK,763146,IN0020260017,750GS2056,GS,,,,,GOI LOAN  7.50% 2056,101.28,101.28,101.27,101.27,101.27,102.3,,101.27,,,300,30382.0,4,F1,1,,,,,
2026-08-25,2026-08-25,CM,NSE,STK,9585,IN0020220029,754GS2036,GS,,,,,GOI LOAN  7.54% 2036,106.81,107.0,106.7,106.87,106.99,106.77,,106.89,,,561708,59984027.06,102,F1,1,,,,,
2026-08-25,2026-08-25,CM,NSE,STK,763489,IN0020260033,771GS2066,GS,,,,,GOI LOAN  7.71% 2066,104.55,105.4,104.55,105.11,105.2,105.39,,105.11,,,4696,492789.73,20,F1,1,,,,,
2026-08-25,2026-08-25,CM,NSE,STK,6833,IN0020010081,1018GS2026,GS,,,,,GOI LOAN 10.18% 2026,104.4,110.0,104.4,104.49,104.45,105.0,,104.49,,,137,14382.8,6,F1,1,,,,,
2026-08-25,2026-08-25,CM,NSE,STK,13472,IN0020190362,645GS2029,GS,,,,,GOI LOAN 6.45% 2029,101.46,101.46,101.46,101.46,101.46,101.64,,101.46,,,1,101.46,1,F1,1,,,,,
2026-08-25,2026-08-25,CM,NSE,STK,9047,IN0020220011,710GS2029,GS,,,,,GOI LOAN 7.10% 2029,103.45,103.95,103.45,103.5,103.5,104.0,,103.5,,,36289,3756327.1,6,F1,1,,,,,
2026-08-25,2026-08-25,CM,NSE,STK,9913,IN0020220037,738GS2027,GS,,,,,GOI LOAN 7.38% 2027,102.58,102.6,102.38,102.5,102.5,102.56,,102.5,,,10461,1071820.26,12,F1,1,,,,,
2026-08-25,2026-08-25,CM,NSE,STK,7136,IN0020150077,772GS2055,GS,,,,,GOI LOAN 7.72% 2055,103.4,103.4,103.4,103.4,103.4,106.0,,103.4,,,40,4136.0,1,F1,1,,,,,
2026-08-25,2026-08-25,CM,NSE,STK,7124,IN0020150044,813GS2045,GS,,,,,GOI LOAN 8.13% 2045,113.99,113.99,113.99,113.99,113.99,113.99,,113.99,,,24,2735.76,1,F1,1,,,,,
2026-08-25,2026-08-25,CM,NSE,STK,6884,IN0020060078,824GS2027,GS,,,,,GOI LOAN 8.24%2027,103.2,103.2,103.2,103.2,103.2,103.0,,103.2,,,49,5056.8,2,F1,1,,,,,
2026-08-25,2026-08-25,CM,NSE,STK,6921,IN0020070069,828GS2027,GS,,,,,GOI LOAN 8.28% 2027,166.9,166.9,166.9,166.9,166.9,158.99,,166.9,,,1,166.9,1,F1,1,,,,,
2026-08-25,2026-08-25,CM,NSE,STK,7011,IN0020110055,897GS2030,GS,,,,,GOI LOAN 8.97% 2030,112.5,112.55,111.75,111.75,111.75,112.53,,111.75,,,2750,308708.5,9,F1,1,,,,,
2026-08-25,2026-08-25,CM,NSE,STK,7039,IN0020130053,92GS2030,GS,,,,,GOI LOAN 9.20% 2030,115.0,115.05,114.0,114.52,114.0,115.0,,113.8,,,8666,996340.15,12,F1,1,,,,,
2026-08-25,2026-08-25,CM,NSE,STK,761383,IN002025Y495,182D100926,TB,,,,,GOI TBILL 182D-10/09/26,99.51,99.51,99.51,99.51,99.51,99.18,,99.51,,,100,9951.0,1,F1,100,,,,,
2026-08-25,2026-08-25,CM,NSE,STK,760785,IN002025Z443,364D040227,TB,,,,,GOI TBILL 364D-04/02/27,97.53,97.53,97.53,97.53,97.53,96.15,,97.53,,,7000,682710.0,1,F1,100,,,,,
2026-08-25,2026-08-25,CM,NSE,STK,753799,IN002026Z110,364D170627,TB,,,,,GOI TBILL 364D-17/06/27,95.0,95.0,95.0,95.0,95.0,95.0,,95.0,,,5600,532000.0,1,F1,100,,,,,
2026-08-25,2026-08-25,CM,NSE,STK,763781,IN002026X131,91D011026,TB,,,,,GOI TBILL 91D-01/10/26,100.0,100.0,99.29,99.29,99.29,99.15,,99.3,,,200,19929.0,2,F1,100,,,,,
2026-08-25,2026-08-25,CM,NSE,STK,764047,IN002026X149,91D081026,TB,,,,,GOI TBILL 91D-08/10/26,99.16,99.16,99.16,99.16,99.16,98.68,,99.01,,,100,9916.0,1,F1,100,,,,,
2026-08-25,2026-08-25,CM,NSE,STK,31717,IN002026X107,91D100926,TB,,,,,GOI TBILL 91D-10/09/26,99.75,99.85,99.7,99.85,99.85,99.8,,99.85,,,1800,179635.0,5,F1,100,,,,,
2026-08-25,2026-08-25,CM,NSE,STK,11778,INE887G01027,GOKEX,EQ,,,,,GOKALDAS EXPORTS LTD.,797.5,802.55,786.25,791.25,791.9,796.95,,791.25,,,112600,89231337.15,6534,F1,1,,,,,
2026-08-25,2026-08-25,CM,NSE,STK,14480,INE314T01033,GOKULAGRO,EQ,,,,,GOKUL AGRO RESOURCES LTD,243.49,259.5,242.71,252.85,253.4,244.05,,252.84,,,2542528,647159626.55,41321,F1,1,,,,,
2026-08-25,2026-08-25,CM,NSE,STK,16705,INE020J01029,GOKUL,EQ,,,,,GOKUL REFOILS & SOLV LTD,44.87,46.0,43.56,44.98,45.44,44.36,,44.97,,,289698,12964410.75,2704,F1,1,,,,,
2026-08-25,2026-08-25,CM,NSE,STK,11619,INE973A01010,GOLDENTOBC,BZ,,,,,GOLDEN TOBACCO LIMITED,25.0,25.45,24.0,24.01,24.01,24.97,,24.34,,,544,13104.99,31,F1,1,,,,,
2026-08-25,2026-08-25,CM,NSE,STK,11971,INE025B01025,GOLDIAM,EQ,,,,,GOLDIAM INTERNATIONAL LTD,356.05,362.95,356.05,360.0,360.0,360.55,,360.0,,,246651,88875463.5,5442,F1,1,,,,,
2026-08-25,2026-08-25,CM,NSE,STK,1,INE405Y01021,GOLDSTAR,SM,,,,,GOLDSTAR POWER LIMITED,7.45,7.45,7.45,7.45,7.45,7.45,,7.45,,,22500,167625.0,2,F1,11250,,,,,
2026-08-25,2026-08-25,CM,NSE,STK,6125,INE127I01024,GOODLUCK,EQ,,,,,GOODLUCK INDIA LIMITED,475.0,477.0,454.1,456.2,457.0,477.7,,456.18,,,383822,176930273.1,10000,F1,1,,,,,
2026-08-25,2026-08-25,CM,NSE,STK,1205,INE533A01012,GOODYEAR,EQ,,,,,GOODYEAR INDIA LIMITED,760.0,760.0,749.5,754.1,752.75,756.15,,753.97,,,4422,3328310.65,421,F1,1,,,,,
2026-08-25,2026-08-25,CM,NSE,STK,23066,INE0L9R01028,GOPAL,EQ,,,,,GOPAL SNACKS LIMITED,286.9,287.9,280.5,280.75,280.55,284.35,,280.76,,,153952,43477909.8,8198,F1,1,,,,,
2026-08-25,2026-08-25,CM,NSE,STK,11787,INE705X01026,GOYALALUM,EQ,,,,,GOYAL ALUMINIUMS LIMITED,6.47,6.47,6.37,6.42,6.43,6.43,,6.42,,,31262,200262.49,193,F1,1,,,,,
2026-08-25,2026-08-25,CM,NSE,STK,19356,INE0QFE01017,GOYALSALT,SM,,,,,GOYAL SALT LIMITED,105.0,105.05,105.0,105.0,105.0,106.0,,105.0,,,1800,189030.0,3,F1,600,,,,,
2026-08-25,2026-08-25,CM,NSE,STK,24113,INE0S7E01015,GPECO,ST,,,,,GP ECO SOLUTIONS INDIA L,391.95,400.0,391.0,397.0,397.0,392.95,,397.0,,,11000,4373070.0,43,F1,200,,,,,
2026-08-25,2026-08-25,CM,NSE,STK,11584,INE586G01017,GULFPETRO,BE,,,,,GP PETROLEUMS LIMITED,71.0,71.4,68.0,69.14,69.0,70.52,,69.14,,,217734,15147308.51,892,F1,1,,,,,
2026-08-25,2026-08-25,CM,NSE,STK,22846,INE486R01017,GPTHEALTH,EQ,,,,,GPT HEALTHCARE LIMITED,151.06,152.0,148.66,149.92,149.5,150.0,,149.92,,,85347,12837351.93,3396,F1,1,,,,,
2026-08-25,2026-08-25,CM,NSE,STK,17685,INE390G01014,GPTINFRA,EQ,,,,,GPT INFRAPROJECTS LTD,114.1,115.49,113.11,114.33,115.35,113.34,,114.32,,,74308,8477227.59,1241,F1,1,,,,,
2026-08-25,2026-08-25,CM,NSE,STK,763299,INE361K01017,GRADIENTE,EQ,,,,,GRADIENTE INFOTAINMENT L,3.03,3.03,2.84,2.84,2.84,2.98,,2.84,,,1971270,5692010.25,421,F1,1,,,,,
2026-08-25,2026-08-25,CM,NSE,STK,30289,INE12E301017,GCHOTELS,ST,,,,,GRAND CONTINENT HOTELS L,97.5,99.8,94.95,95.75,96.0,98.55,,95.75,,,30600,2964000.0,41,F1,600,,,,,
2026-08-25,2026-08-25,CM,NSE,STK,762695,INE926B01016,GRANDOAK,EQ,,,,,GRAND OAK CANYONS DIST L,38.89,38.89,36.01,36.25,37.0,37.88,,36.45,,,7226,265075.33,84,F1,1,,,,,
2026-08-25,2026-08-25,CM,NSE,STK,11872,INE101D01020,GRANULES,EQ,,,,,GRANULES INDIA LIMITED,847.0,857.8,842.0,845.95,844.4,855.3,,845.95,,,606461,514269596.25,36937,F1,1,,,,,
2026-08-25,2026-08-25,CM,NSE,STK,20454,INE0POU01017,GRAPHISAD,SM,,,,,GRAPHISADS LIMITED,26.0,26.0,26.0,26.0,26.0,26.25,,26.0,,,1200,31200.0,1,F1,1200,,,,,
2026-08-25,2026-08-25,CM,NSE,STK,592,INE371A01025,GRAPHITE,EQ,,,,,GRAPHITE INDIA LTD,721.6,722.0,700.5,704.55,700.5,718.75,,704.63,,,551281,391392264.6,22082,F1,1,,,,,
2026-08-25,2026-08-25,CM,NSE,STK,1232,INE047A01021,GRASIM,EQ,,,,,GRASIM INDUSTRIES LTD,3287.9,3300.2,3222.1,3289.6,3289.6,3288.0,,3289.58,,,1752045,5711284517.1,59362,F1,1,,,,,
2026-08-25,2026-08-25,CM,NSE,STK,5200,INE266D01021,GRAUWEIL,EQ,,,,,GRAUER & WEIL IND LTD,71.8,71.8,67.25,67.83,67.65,71.28,,67.83,,,332841,22831781.82,3766,F1,1,,,,,
2026-08-25,2026-08-25,CM,NSE,STK,762700,INE214F01026,GRAVISSHO,EQ,,,,,GRAVISS HOSPITALITY LTD.,28.99,29.5,28.22,29.24,29.5,28.99,,29.24,,,5259,149630.39,40,F1,1,,,,,
2026-08-25,2026-08-25,CM,NSE,STK,20534,INE024L01027,GRAVITA,EQ,,,,,GRAVITA INDIA LIMITED,1801.4,1814.7,1790.0,1800.4,1800.0,1807.8,,1800.44,,,106679,192339187.3,13375,F1,1,,,,,
2026-08-25,2026-08-25,CM,NSE,STK,1235,INE224A01026,GREAVESCOT,EQ,,,,,GREAVES COTTON LTD.,192.6,193.74,189.52,192.18,192.7,192.6,,192.18,,,771967,147842148.45,9301,F1,1,,,,,
2026-08-25,2026-08-25,CM,NSE,STK,17092,INE0O7P01015,GREENCHEF,SM,,,,,GREENCHEF APPLIANCES LTD,54.0,59.25,54.0,59.25,59.25,53.9,,59.25,,,88800,5227840.0,64,F1,800,,,,,
2026-08-25,2026-08-25,CM,NSE,STK,6848,INE544R01021,GREENLAM,EQ,,,,,GREENLAM INDUSTRIES LTD.,251.0,252.25,246.0,248.85,247.75,251.3,,248.85,,,52026,12955947.9,1703,F1,1,,,,,
2026-08-25,2026-08-25,CM,NSE,STK,759427,INE0PLX01017,GREENLEAF,ST,,,,,GREENLEAF ENVIROTECH LTD,122.95,122.95,119.65,119.65,119.65,125.9,,119.65,,,5000,601850.0,5,F1,1000,,,,,
2026-08-25,2026-08-25,CM,NSE,STK,13810,INE08ZM01014,GREENPANEL,EQ,,,,,GREENPANEL INDUSTRIES LTD,155.01,159.56,155.01,156.34,156.4,158.12,,156.44,,,237045,37139205.68,7719,F1,1,,,,,
2026-08-25,2026-08-25,CM,NSE,STK,3987,INE461C01038,GREENPLY,EQ,,,,,GREENPLY INDUSTRIES LTD,291.95,291.95,286.2,287.9,288.4,291.55,,287.9,,,42071,12141506.0,1567,F1,1,,,,,
2026-08-25,2026-08-25,CM,NSE,STK,758986,INE199P01028,GCSL,EQ,,,,,GRETEX CORPORATE SERVICES,515.0,527.5,512.9,523.1,521.6,512.15,,523.1,,,366323,191563278.25,3910,F1,1,,,,,
2026-08-25,2026-08-25,CM,NSE,STK,13560,INE536A01023,GRINDWELL,EQ,,,,,GRINDWELL NORTON LIMITED,2053.1,2075.1,1992.0,2005.8,2001.5,2053.1,,2005.65,,,64421,131340460.9,13734,F1,1,,,,,
2026-08-25,2026-08-25,CM,NSE,STK,10871,INE192H01020,GRMOVER,EQ,,,,,GRM OVERSEAS LIMITED,90.2,90.25,88.26,89.13,88.6,90.24,,89.11,,,1130114,100378854.14,12788,F1,1,,,,,
2026-08-25,2026-08-25,CM,NSE,STK,760971,INE1TY801010,GJL,ST,,,,,GROVER JEWELLS LIMITED,244.9,245.0,232.7,232.7,232.7,244.9,,232.7,,,4000,952240.0,5,F1,800,,,,,
2026-08-25,2026-08-25,CM,NSE,STK,764285,INF666M01PH7,CEMNTGROWW,EQ,,,,,GROWWAMC - CEMNTGROWW,15.08,15.08,14.65,14.84,14.86,14.87,,14.84,,,170662,2521266.46,737,F1,1,,,,,
2026-08-25,2026-08-25,CM,NSE,STK,760051,INF666M01MM4,GROWWCAPM,EQ,,,,,GROWWAMC - GROWWCAPM,11.58,11.59,11.46,11.54,11.59,11.53,,11.54,,,350625,4050109.71,550,F1,1,,,,,
2026-08-25,2026-08-25,CM,NSE,STK,760673,INF666M01NP5,GROWWCHEM,EQ,,,,,GROWWAMC - GROWWCHEM,30.04,30.5,29.86,30.19,30.42,29.93,,30.19,,,156385,4702066.52,1022,F1,1,,,,,
2026-08-25,2026-08-25,CM,NSE,STK,25758,INF666M01IO8,GROWWDEFNC,EQ,,,,,GROWWAMC - GROWWDEFNC,97.14,97.79,96.1,97.42,97.49,97.09,,97.42,,,156059,15141798.15,2335,F1,1,,,,,
2026-08-25,2026-08-25,CM,NSE,STK,24798,INF666M01IH2,GROWWEV,EQ,,,,,GROWWAMC - GROWWEV,33.61,33.61,33.03,33.42,33.35,33.35,,33.42,,,232734,7744017.31,1892,F1,1,,,,,
2026-08-25,2026-08-25,CM,NSE,STK,25872,INF666M01OE7,GROWWGOLD,EQ,,,,,GROWWAMC - GROWWGOLD,15.72,15.76,15.61,15.68,15.69,15.72,,15.68,,,2150663,33734830.52,3543,F1,1,,,,,
2026-08-25,2026-08-25,CM,NSE,STK,760874,INF666M01OD9,GROWWHOSPI,EQ,,,,,GROWWAMC - GROWWHOSPI,51.65,52.32,51.51,52.21,52.0,51.62,,52.21,,,199339,10363309.35,1152,F1,1,,,,,
2026-08-25,2026-08-25,CM,NSE,STK,25447,INF666M01IP5,GROWWLIQID,EQ,,,,,GROWWAMC - GROWWLIQID,110.51,110.51,110.5,110.5,110.51,110.47,,110.5,,,219548,24260971.17,183,F1,1,,,,,
2026-08-25,2026-08-25,CM,NSE,STK,758300,INF666M01LB9,GROWWLOVOL,EQ,,,,,GROWWAMC - GROWWLOVOL,10.47,10.62,10.38,10.5,10.51,10.47,,10.5,,,7635,79742.59,113,F1,1,,,,,
2026-08-25,2026-08-25,CM,NSE,STK,759719,INF666M01MV5,GROWWMC150,EQ,,,,,GROWWAMC - GROWWMC150,233.99,236.4,233.7,234.92,235.8,233.95,,234.92,,,732,171575.0,34,F1,1,,,,,
2026-08-25,2026-08-25,CM,NSE,STK,760438,INF666M01NI0,GROWWMETAL,EQ,,,,,GROWWAMC - GROWWMETAL,13.03,13.17,12.5,12.69,12.76,12.72,,12.69,,,363148,4603489.2,1651,F1,1,,,,,
2026-08-25,2026-08-25,CM,NSE,STK,756086,INF666M01KJ4,GROWWMOM50,EQ,,,,,GROWWAMC - GROWWMOM50,11.24,11.24,10.97,11.05,11.1,11.04,,11.05,,,785480,8662695.21,527,F1,1,,,,,
2026-08-25,2026-08-25,CM,NSE,STK,29872,INF666M01JV1,GROWWN200,EQ,,,,,GROWWAMC - GROWWN200,11.42,11.59,11.36,11.49,11.54,11.47,,11.49,,,24080,275558.63,257,F1,1,,,,,
2026-08-25,2026-08-25,CM,NSE,STK,757814,INF666M01LI4,GROWWNET,EQ,,,,,GROWWAMC - GROWWNET,11.0,11.02,10.65,10.97,10.99,10.8,,10.97,,,1411953,15364041.11,745,F1,1,,,,,
2026-08-25,2026-08-25,CM,NSE,STK,758697,INF666M01LL8,GROWWNIFTY,EQ,,,,,GROWWAMC - GROWWNIFTY,9.55,9.94,9.55,9.8,9.83,9.8,,9.8,,,589009,5763870.55,2935,F1,1,,,,,
2026-08-25,2026-08-25,CM,NSE,STK,759458,INF666M01LZ8,GROWWNXT50,EQ,,,,,GROWWAMC - GROWWNXT50,74.5,74.8,73.95,74.78,74.8,74.49,,74.78,,,13437,997910.95,84,F1,1,,,,,
2026-08-25,2026-08-25,CM,NSE,STK,758165,INF666M01LM6,GROWWPOWER,EQ,,,,,GROWWAMC - GROWWPOWER,11.09,11.48,11.09,11.39,11.39,11.38,,11.38,,,1217173,13797382.92,2272,F1,1,,,,,
2026-08-25,2026-08-25,CM,NSE,STK,760976,INF666M01NQ3,GROWWPSE,EQ,,,,,GROWWAMC - GROWWPSE,98.21,98.7,97.65,97.86,97.7,98.21,,97.86,,,390,38114.56,38,F1,1,,,,,
2026-08-25,2026-08-25,CM,NSE,STK,761514,INF666M01OG2,GROWWPSUBK,EQ,,,,,GROWWAMC - GROWWPSUBK,85.0,86.89,84.59,86.72,86.4,85.7,,86.72,,,1408,120825.32,54,F1,1,,,,,
2026-08-25,2026-08-25,CM,NSE,STK,29527,INF666M01JJ6,GROWWRAIL,EQ,,,,,GROWWAMC - GROWWRAIL,28.72,28.8,28.48,28.6,28.65,28.69,,28.6,,,574602,16419753.18,2722,F1,1,,,,,
2026-08-25,2026-08-25,CM,NSE,STK,759428,INF666M01MN2,GROWWRLTY,EQ,,,,,GROWWAMC - GROWWRLTY,10.47,10.47,10.03,10.3,10.3,10.26,,10.3,,,282579,2901840.93,405,F1,1,,,,,
2026-08-25,2026-08-25,CM,NSE,STK,759522,INF666M01MO0,GROWWSC250,EQ,,,,,GROWWAMC - GROWWSC250,10.63,10.74,10.56,10.61,10.66,10.63,,10.61,,,86198,913338.79,532,F1,1,,,,,
2026-08-25,2026-08-25,CM,NSE,STK,756827,INF666M01OF4,GROWWSLVR,EQ,,,,,GROWWAMC - GROWWSLVR,23.15,23.67,23.14,23.45,23.51,23.75,,23.45,,,1842538,43287110.5,2183,F1,1,,,,,
2026-08-25,2026-08-25,CM,NSE,STK,763572,INF666M01OT5,PVTBKGROWW,EQ,,,,,GROWWAMC - PVTBKGROWW,27.5,27.75,27.42,27.45,27.47,27.47,,27.45,,,17755,487990.23,95,F1,1,,,,,
2026-08-25,2026-08-25,CM,NSE,STK,751745,INF666M01PG9,SMALLGROWW,EQ,,,,,GROWWAMC - SMALLGROWW,49.26,49.48,48.54,49.0,48.99,49.12,,49.0,,,9862,482083.82,110,F1,1,,,,,
2026-08-25,2026-08-25,CM,NSE,STK,6543,INE137I01015,GRPLTD,EQ,,,,,GRP LIMITED,1973.2,2015.2,1960.0,1967.8,1963.0,1983.1,,1967.09,,,832,1651293.8,176,F1,1,,,,,
2026-08-25,2026-08-25,CM,NSE,STK,23888,INE0SQY01018,GSMFOILS,SM,,,,,GSM FOILS LIMITED,101.65,101.65,98.8,101.65,101.65,96.85,,101.65,,,494000,50157050.0,479,F1,500,,,,,
2026-08-25,2026-08-25,CM,NSE,STK,762239,INE713R01022,GSPCROP,EQ,,,,,GSP CROP SCIENCE LIMITED,605.1,667.95,603.15,631.4,627.9,622.2,,631.36,,,978249,623780926.35,30864,F1,1,,,,,
2026-08-25,2026-08-25,CM,NSE,STK,15347,INE871H01011,GSS,EQ,,,,,GSS INFOTECH LIMITED,13.36,13.36,12.3,12.47,12.48,13.1,,12.49,,,70767,889393.58,245,F1,1,,,,,
2026-08-25,2026-08-25,CM,NSE,STK,13745,INE221H01019,GTLINFRA,EQ,,,,,GTL INFRA.LTD,1.22,1.23,1.2,1.21,1.21,1.22,,1.21,,,38295102,46403165.98,9470,F1,1,,,,,
2026-08-25,2026-08-25,CM,NSE,STK,1162,INE043A01012,GTL,EQ,,,,,GTL LTD,7.6,7.6,7.32,7.36,7.39,7.42,,7.37,,,181890,1357761.68,616,F1,1,,,,,
2026-08-25,2026-08-25,CM,NSE,STK,21195,INE869I01013,GTPL,EQ,,,,,GTPL HATHWAY LIMITED,54.49,55.85,54.45,54.83,54.75,54.49,,54.82,,,13450,741839.38,284,F1,1,,,,,
2026-08-25,2026-08-25,CM,NSE,STK,11606,INE742B01025,GUFICBIO,EQ,,,,,GUFIC BIOSCIENCES LTD.,414.75,418.65,410.0,413.65,417.0,418.0,,413.66,,,53726,22247336.25,3017,F1,1,,,,,
2026-08-25,2026-08-25,CM,NSE,STK,1145,INE162A01010,GIPCL,EQ,,,,,GUJ IND POW CO. LTD,177.4,191.25,177.4,190.72,190.99,178.39,,190.71,,,3504842,654327647.04,35009,F1,1,,,,,
2026-08-25,2026-08-25,CM,NSE,STK,1174,INE113A01013,GNFC,EQ,,,,,GUJ NAR VAL FER & CHEM L,595.0,603.65,583.25,588.0,586.7,593.0,,588.0,,,654241,388159076.5,21245,F1,1,,,,,
2026-08-25,2026-08-25,CM,NSE,STK,1247,INE026A01025,GSFC,EQ,,,,,GUJ STATE FERT & CHEM LTD,160.39,162.88,158.61,159.16,158.82,159.65,,159.16,,,3644998,583996112.81,29106,F1,1,,,,,
2026-08-25,2026-08-25,CM,NSE,STK,14677,INE826C01016,GUJAPOLLO,EQ,,,,,GUJ. APOLLO IND. LTD.,355.15,355.15,345.25,349.55,350.0,349.4,,349.52,,,4269,1490075.85,200,F1,1,,,,,
2026-08-25,2026-08-25,CM,NSE,STK,1267,INE186A01019,GUJALKALI,EQ,,,,,GUJARAT ALKALIES & CHEM,729.4,734.5,714.65,726.7,724.05,723.0,,726.7,,,159577,115836682.2,10486,F1,1,,,,,
2026-08-25,2026-08-25,CM,NSE,STK,8828,INE036B01030,GAEL,EQ,,,,,GUJARAT AMBUJA EXPORTS LT,180.5,182.0,176.45,177.53,177.2,180.6,,177.53,,,1065445,190910519.12,15037,F1,1,,,,,
2026-08-25,2026-08-25,CM,NSE,STK,10599,INE844O01030,GUJENERGY,EQ,,,,,GUJARAT ENERGY LIMITED,259.9,263.4,255.2,256.5,256.7,259.0,,256.5,,,1302116,335070653.75,29677,F1,1,,,,,
2026-08-25,2026-08-25,CM,NSE,STK,13750,INE09N301011,FLUOROCHEM,EQ,,,,,GUJARAT FLUOROCHEM LTD,4645.0,4675.9,4585.0,4606.2,4605.0,4622.6,,4606.19,,,84922,392213785.7,9658,F1,1,,,,,
2026-08-25,2026-08-25,CM,NSE,STK,761197,INE0V0W01025,GKSL,EQ,,,,,GUJARAT KIDNEY N SUP SP L,152.54,157.44,150.16,152.46,152.0,152.54,,152.45,,,574445,88759330.82,5413,F1,1,,,,,
2026-08-25,2026-08-25,CM,NSE,STK,1156,INE540A01017,GLFL,EQ,,,,,GUJARAT LEASE FINANCING L,5.89,6.05,5.55,5.71,5.6,5.77,,5.77,,,3318,18733.92,84,F1,1,,,,,
2026-08-25,2026-08-25,CM,NSE,STK,5204,INE131A01031,GMDCLTD,EQ,,,,,GUJARAT MINERAL DEV CORP,574.35,578.8,563.1,567.35,567.5,570.85,,567.33,,,554608,315249643.6,15553,F1,1,,,,,
2026-08-25,2026-08-25,CM,NSE,STK,762690,INE207H01018,GNRL,EQ,,,,,GUJARAT NATURAL RES L,100.77,100.77,99.5,99.54,99.5,99.96,,99.53,,,21837,2180266.86,240,F1,1,,,,,
2026-08-25,2026-08-25,CM,NSE,STK,19731,INE517F01014,GPPL,EQ,,,,,GUJARAT PIPAVAV PORT LTD,165.0,165.39,162.96,164.51,164.79,163.43,,164.51,,,1164173,191077348.34,14918,F1,1,,,,,
2026-08-25,2026-08-25,CM,NSE,STK,4548,INE610B01024,GUJRAFFIA,EQ,,,,,GUJARAT RAFFIA INDUST LTD,40.49,41.49,40.0,40.62,40.0,40.49,,40.88,,,1201,49081.61,29,F1,1,,,,,
2026-08-25,2026-08-25,CM,NSE,STK,29731,INE942C01045,GUJTHEM,EQ,,,,,GUJARAT THEMIS BIOSYN LTD,409.95,416.65,392.0,404.7,408.0,411.7,,404.88,,,926859,379329492.35,20139,F1,1,,,,,
2026-08-25,2026-08-25,CM,NSE,STK,4391,INE635Q01029,GULFOILLUB,EQ,,,,,GULF OIL LUB. IND. LTD.,1164.9,1173.9,1140.0,1154.4,1155.0,1164.1,,1154.36,,,61072,70271078.8,8013,F1,1,,,,,
2026-08-25,2026-08-25,CM,NSE,STK,6286,INE255D01024,GULPOLY,EQ,,,,,GULSHAN POLYOLS LIMITED,193.0,202.2,192.78,196.25,196.46,193.54,,196.26,,,553235,109645522.48,11270,F1,1,,,,,
2026-08-25,2026-08-25,CM,NSE,STK,759261,INE1CCX01012,GURUNANAK,SM,,,,,GURUNANAK AGRICULTUR IN L,37.7,37.7,35.1,35.6,36.1,35.95,,35.6,,,14400,529360.0,9,F1,1600,,,,,
2026-08-25,2026-08-25,CM,NSE,STK,13229,INE251H01024,GVKPIL,BE,,,,,GVK POW. & INFRA LTD.,2.16,2.19,2.16,2.16,2.16,2.2,,2.16,,,1026660,2218372.8,1016,F1,1,,,,,
2026-08-25,2026-08-25,CM,NSE,STK,10865,INE382T01030,GVPTECH,EQ,,,,,GVP INFOTECH LIMITED,7.45,7.48,7.0,7.08,7.13,7.31,,7.08,,,59398,428321.82,366,F1,1,,,,,
2026-08-25,2026-08-25,CM,NSE,STK,764050,INE724A01017,GYFTR,EQ,,,,,GYFTR LIMITED,161.8,162.7,160.0,160.74,160.0,160.61,,160.74,,,11160,1797365.14,215,F1,1,,,,,
2026-08-25,2026-08-25,CM,NSE,STK,762712,INE640B01021,HBESD,EQ,,,,,H B ESTATE DEVELOPERS L,74.52,77.0,74.52,74.55,74.55,74.85,,74.55,,,705,53414.49,23,F1,1,,,,,
2026-08-25,2026-08-25,CM,NSE,STK,1672,INE926X01010,HGINFRA,EQ,,,,,H.G.INFRA ENGINEERING LTD,512.35,512.35,500.2,502.85,503.0,506.65,,502.83,,,49614,24962272.85,2754,F1,1,,,,,
2026-08-25,2026-08-25,CM,NSE,STK,760715,INE115S01010,HALDER,EQ,,,,,HALDER VENTURE LIMITED,300.05,300.05,292.66,295.58,293.17,296.59,,295.59,,,28621,8495692.47,330,F1,1,,,,,
2026-08-25,2026-08-25,CM,NSE,STK,762708,INE506D01020,HALDYNGL,BE,,,,,HALDYN GLASS LTD.,134.89,136.4,130.1,134.15,135.0,134.21,,134.12,,,17554,2335406.16,195,F1,1,,,,,
2026-08-25,2026-08-25,CM,NSE,STK,21551,INE320X01016,HALEOSLABS,EQ,,,,,HALEOS LABS LIMITED,1480.0,1524.0,1462.4,1500.3,1500.0,1510.7,,1500.77,,,400,598421.8,61,F1,1,,,,,
2026-08-25,2026-08-25,CM,NSE,STK,765075,INE299D01022,HAMPTON,EQ,,,,,HAMPTON SKY REALTY LTD.,8.1,8.55,7.99,8.02,8.19,7.94,,8.02,,,28459,230410.54,158,F1,1,,,,,
2026-08-25,2026-08-25,CM,NSE,STK,13592,INE596H01014,HGM,EQ,,,,,HANDSON GBL MNGMNT LTD,44.4,44.99,42.56,43.83,43.84,43.73,,43.83,,,3183,138560.72,56,F1,1,,,,,
2026-08-25,2026-08-25,CM,NSE,STK,48,INE419U01012,HAPPSTMNDS,EQ,,,,,HAPPIEST MINDS TECHNO LTD,440.2,450.3,432.75,445.95,444.5,436.25,,445.95,,,1616573,712980266.5,36309,F1,1,,,,,
2026-08-25,2026-08-25,CM,NSE,STK,20854,INE330T01021,HAPPYFORGE,EQ,,,,,HAPPY FORGINGS LIMITED,2209.0,2209.0,2135.3,2151.1,2145.0,2191.0,,2150.97,,,58440,126588424.3,12550,F1,1,,,,,
2026-08-25,2026-08-25,CM,NSE,STK,757665,INE0TLP01015,WHITEFORCE,SM,,,,,HAPPY SQUARE OUTSOURC S L,40.0,40.0,37.5,38.95,38.95,39.5,,38.95,,,102400,4046000.0,7,F1,1600,,,,,
2026-08-25,2026-08-25,CM,NSE,STK,764131,INE1GFG01011,HAPPY,SM,,,,,HAPPY STEELS LIMITED,104.0,104.4,91.45,95.75,96.0,101.6,,95.75,,,340000,32767200.0,155,F1,2000,,,,,
2026-08-25,2026-08-25,CM,NSE,STK,8962,INE626Z01029,HARDWYN,EQ,,,,,HARDWYN INDIA LIMITED,9.09,9.21,9.02,9.03,9.04,9.1,,9.03,,,887925,8069367.47,1378,F1,1,,,,,
2026-08-25,2026-08-25,CM,NSE,STK,8968,INE00EV01017,HARIOMPIPE,EQ,,,,,HARIOM PIPE INDUSTRIES L,347.95,350.0,345.1,348.95,349.9,348.05,,348.94,,,43937,15235410.15,1516,F1,1,,,,,
2026-08-25,2026-08-25,CM,NSE,STK,764703,INE400G01011,HRYNSHP,EQ,,,,,HARIYANA SHIP BREAKERS L,100.16,100.16,99.0,100.0,100.0,100.05,,99.21,,,3672,366678.32,58,F1,1,,,,,
2026-08-25,2026-08-25,CM,NSE,STK,1313,INE544A01019,HARRMALAYA,EQ,,,,,HARRISON MALAYALAM LTD,204.0,204.0,196.5,198.85,199.8,200.68,,198.79,,,10281,2061872.87,512,F1,1,,,,,
2026-08-25,2026-08-25,CM,NSE,STK,11162,INE0JUS01029,HARSHA,EQ,,,,,HARSHA ENGINEERS INT LTD,443.0,445.4,426.0,428.3,428.0,442.9,,428.3,,,75260,32559387.45,3754,F1,1,,,,,
2026-08-25,2026-08-25,CM,NSE,STK,18154,INE982F01036,HATHWAY,EQ,,,,,HATHWAY CABLE & DATACOM,10.53,10.69,10.51,10.56,10.55,10.59,,10.56,,,1342048,14186539.29,1619,F1,1,,,,,
2026-08-25,2026-08-25,CM,NSE,STK,3892,INE473B01035,HATSUN,EQ,,,,,HATSUN AGRO PRODUCT LTD.,1055.05,1055.1,1025.55,1030.5,1033.0,1044.5,,1030.64,,,36136,37487005.15,5247,F1,1,,,,,
2026-08-25,2026-08-25,CM,NSE,STK,9819,INE176B01034,HAVELLS,EQ,,,,,HAVELLS INDIA LIMITED,1260.1,1299.1,1252.3,1269.1,1269.1,1268.5,,1269.1,,,637730,809667065.9,36807,F1,1,,,,,
2026-08-25,2026-08-25,CM,NSE,STK,4444,INE979B01015,HAWKINCOOK,EQ,,,,,HAWKINS COOKERS LTD,8155.0,8220.0,8090.0,8152.5,8220.0,8153.5,,8148.85,,,1927,15705523.0,780,F1,1,,,,,
2026-08-25,2026-08-25,CM,NSE,STK,764693,INE550F01049,HAZOOR,EQ,,,,,HAZOOR MULTI PROJECTS LTD,19.8,20.95,19.8,20.52,20.64,20.43,,20.54,,,166713,3424296.84,438,F1,1,,,,,
2026-08-25,2026-08-25,CM,NSE,STK,765080,INE638B01025,HBPOR,EQ,,,,,HB PORTFOLIO LTD.,62.7,62.7,60.66,60.74,60.66,62.0,,60.65,,,250,15326.25,16,F1,1,,,,,
2026-08-25,2026-08-25,CM,NSE,STK,4116,INE550B01022,HBSL,EQ,,,,,HB STOCKHOLDINGS LIMITED,54.8,55.0,51.99,52.27,52.0,53.98,,52.27,,,3019,160127.92,54,F1,1,,,,,
2026-08-25,2026-08-25,CM,NSE,STK,13966,INE292B01021,HBLENGINE,EQ,,,,,HBL ENGINEERING LTD,690.9,699.7,686.6,694.6,694.5,690.9,,694.6,,,442819,306876928.05,17441,F1,1,,,,,
2026-08-25,2026-08-25,CM,NSE,STK,1327,INE236A01020,HCL-INSYS,EQ,,,,,HCL INFOSYSTEMS LTD,10.99,11.25,10.86,11.02,10.92,10.87,,11.02,,,211173,2337657.4,594,F1,1,,,,,
2026-08-25,2026-08-25,CM,NSE,STK,7229,INE860A01027,HCLTECH,EQ,,,,,HCL TECHNOLOGIES LTD,1322.0,1322.9,1294.4,1315.8,1315.8,1322.0,,1315.79,,,1314934,1716115057.0,61695,F1,1,,,,,
2026-08-25,2026-08-25,CM,NSE,STK,757772,INE756I01012,HDBFS,EQ,,,,,HDB FINANCIAL SERVICES L,690.0,690.05,682.7,687.6,688.95,688.9,,687.56,,,92824,63730837.75,7477,F1,1,,,,,
2026-08-25,2026-08-25,CM,NSE,STK,4244,INE127D01025,HDFCAMC,EQ,,,,,HDFC AMC LIMITED,2609.9,2698.0,2606.8,2698.0,2698.0,2618.0,,2697.92,,,1157541,3081229836.5,44717,F1,1,,,,,
2026-08-25,2026-08-25,CM,NSE,STK,1333,INE040A01034,HDFCBANK,EQ,,,,,HDFC BANK LTD,726.6,728.7,722.0,727.5,727.5,729.0,,727.49,,,17511874,12697554251.3,193712,F1,1,,,,,
2026-08-25,2026-08-25,CM,NSE,STK,19543,INF179KC1981,HDFCGOLD,EQ,,,,,HDFC GOLD ETF,137.2,138.0,134.0,137.09,137.15,137.53,,137.07,,,5660949,776469694.6,13521,F1,1,,,,,
2026-08-25,2026-08-25,CM,NSE,STK,467,INE795G01014,HDFCLIFE,EQ,,,,,HDFC LIFE INS CO LTD,549.95,555.65,545.8,546.7,546.7,552.95,,546.7,,,2264810,1247303556.95,36083,F1,1,,,,,
2026-08-25,2026-08-25,CM,NSE,STK,14230,INF179KC1EZ4,HDFCBSE500,EQ,,,,,HDFCAMC - HDFCBSE500,37.97,38.07,37.64,38.0,38.07,37.97,,38.0,,,1213254,45832687.64,321,F1,1,,,,,
2026-08-25,2026-08-25,CM,NSE,STK,11241,INF179KC1DJ0,HDFCGROWTH,EQ,,,,,HDFCAMC - HDFCGROWTH,120.64,121.64,120.33,121.14,120.82,120.25,,121.14,,,49840,6023565.38,249,F1,1,,,,,
2026-08-25,2026-08-25,CM,NSE,STK,18279,INF179KC1JG3,HDFCLIQUID,EQ,,,,,HDFCAMC - HDFCLIQUID,1075.35,1075.35,1075.28,1075.29,1075.28,1075.01,,1075.29,,,79114,85070877.55,75,F1,1,,,,,
2026-08-25,2026-08-25,CM,NSE,STK,11547,INF179KC1HU8,HDFCLOWVOL,EQ,,,,,HDFCAMC - HDFCLOWVOL,20.77,20.93,20.69,20.85,20.93,20.81,,20.85,,,5095,105668.37,65,F1,1,,,,,
2026-08-25,2026-08-25,CM,NSE,STK,14236,INF179KC1HT0,HDFCMID150,EQ,,,,,HDFCAMC - HDFCMID150,24.32,24.32,23.66,23.77,23.78,23.73,,23.77,,,373521,8866900.69,1109,F1,1,,,,,
2026-08-25,2026-08-25,CM,NSE,STK,11538,INF179KC1HV6,HDFCMOMENT,EQ,,,,,HDFCAMC - HDFCMOMENT,31.42,31.49,31.23,31.43,31.35,31.27,,31.42,,,146069,4578040.29,448,F1,1,,,,,
2026-08-25,2026-08-25,CM,NSE,STK,10619,INF179KC1HS2,HDFCNEXT50,EQ,,,,,HDFCAMC - HDFCNEXT50,75.58,75.89,75.31,75.82,75.85,75.27,,75.82,,,140339,10607991.05,608,F1,1,,,,,
2026-08-25,2026-08-25,CM,NSE,STK,10633,INF179KC1HR4,HDFCNIF100,EQ,,,,,HDFCAMC - HDFCNIF100,26.17,26.45,26.12,26.24,26.2,26.16,,26.24,,,81607,2141285.21,215,F1,1,,,,,
2026-08-25,2026-08-25,CM,NSE,STK,22433,INF179KC1HY0,HDFCNIFBAN,EQ,,,,,HDFCAMC - HDFCNIFBAN,60.52,60.52,59.01,59.11,59.11,59.05,,59.11,,,234012,13812567.87,312,F1,1,,,,,
2026-08-25,2026-08-25,CM,NSE,STK,12101,INF179KC1IA8,HDFCNIFIT,EQ,,,,,HDFCAMC - HDFCNIFIT,32.1,33.08,32.1,32.56,32.86,32.6,,32.56,,,40135,1305638.43,214,F1,1,,,,,
2026-08-25,2026-08-25,CM,NSE,STK,11591,INF179KC1965,HDFCNIFTY,EQ,,,,,HDFCAMC - HDFCNIFTY,279.89,279.89,272.22,273.73,273.79,273.07,,273.73,,,141775,38752791.31,746,F1,1,,,,,
2026-08-25,2026-08-25,CM,NSE,STK,764336,INF179KC1KT4,HDFCNIMEG,EQ,,,,,HDFCAMC - HDFCNIMEG,133.11,133.12,132.28,133.08,133.0,133.13,,133.08,,,1676,222638.33,43,F1,1,,,,,
2026-08-25,2026-08-25,CM,NSE,STK,12108,INF179KC1HZ7,HDFCPVTBAN,EQ,,,,,HDFCAMC - HDFCPVTBAN,28.12,28.12,27.92,27.97,27.99,27.98,,27.97,,,55077,1541833.89,285,F1,1,,,,,
2026-08-25,2026-08-25,CM,NSE,STK,11255,INF179KC1DL6,HDFCQUAL,EQ,,,,,HDFCAMC - HDFCQUAL,59.11,59.54,58.92,59.31,59.54,59.1,,59.32,,,4385,259569.49,78,F1,1,,,,,
2026-08-25,2026-08-25,CM,NSE,STK,11593,INF179KC1HX2,HDFCSENSEX,EQ,,,,,HDFCAMC - HDFCSENSEX,87.11,88.21,87.11,88.13,88.2,87.64,,88.13,,,23938,2100173.62,485,F1,1,,,,,
2026-08-25,2026-08-25,CM,NSE,STK,10876,INF179KC1DI2,HDFCSILVER,EQ,,,,,HDFCAMC - HDFCSILVER,229.69,230.89,227.95,228.72,228.95,231.71,,228.73,,,2278256,522052097.52,11160,F1,1,,,,,
2026-08-25,2026-08-25,CM,NSE,STK,14233,INF179KC1FB2,HDFCSML250,EQ,,,,,HDFCAMC - HDFCSML250,185.18,187.0,183.41,185.21,185.25,185.18,,185.21,,,1237409,228797681.48,8135,F1,1,,,,,
2026-08-25,2026-08-25,CM,NSE,STK,11260,INF179KC1DK8,HDFCVALUE,EQ,,,,,HDFCAMC - HDFCVALUE,128.2,128.2,125.0,125.3,125.84,125.68,,125.3,,,6822,854099.41,120,F1,1,,,,,
2026-08-25,2026-08-25,CM,NSE,STK,22595,INF179KC1HW4,HDFCPSUBK,EQ,,,,,HDFCAMC HDFCPSUBK,86.2,86.93,86.0,86.71,86.87,86.2,,86.71,,,10358,897423.7,165,F1,1,,,,,
2026-08-25,2026-08-25,CM,NSE,STK,19205,INE759V01019,HEADSUP,EQ,,,,,HEADS UP VENTURES LIMITED,6.95,6.95,6.52,6.7,6.87,6.86,,6.7,,,21026,140972.11,113,F1,1,,,,,
2026-08-25,2026-08-25,CM,NSE,STK,20063,INE019J01013,HEALTHX,EQ,,,,,HEALTH X PLATFORM LIMITED,299.65,303.5,296.3,296.65,296.6,298.2,,296.97,,,1505,450497.55,92,F1,1,,,,,
2026-08-25,2026-08-25,CM,NSE,STK,15555,INE075I01017,HCG,EQ,,,,,HEALTHCARE GLOB. ENT. LTD,721.45,732.0,715.3,724.85,728.0,718.8,,724.88,,,54195,39311884.4,5333,F1,1,,,,,
2026-08-25,2026-08-25,CM,NSE,STK,7425,INE558R01013,HECPROJECT,EQ,,,,,HEC INFRA PROJECTS LTD,119.9,123.0,116.51,121.21,122.4,115.01,,121.21,,,12034,1442404.12,207,F1,1,,,,,
2026-08-25,2026-08-25,CM,NSE,STK,1336,INE545A01024,HEG,EQ,,,,,HEG LTD,726.35,730.0,708.0,721.55,720.0,722.75,,721.5,,,1078477,775847683.15,22024,F1,1,,,,,
2026-08-25,2026-08-25,CM,NSE,STK,2316,INE578A01017,HEIDELBERG,EQ,,,,,HEIDELBERGCEMENT (I) LTD,160.1,162.48,159.71,161.72,161.85,159.93,,161.71,,,128498,20740626.37,1715,F1,1,,,,,
2026-08-25,2026-08-25,CM,NSE,STK,701,INE0AJG01018,HEMIPROP,EQ,,,,,HEMISPHERE PROP IND LTD,129.5,131.0,128.62,130.56,130.78,128.9,,130.56,,,246005,31903935.05,2215,F1,1,,,,,
2026-08-25,2026-08-25,CM,NSE,STK,2614,INE694N01015,HERANBA,EQ,,,,,HERANBA INDUSTRIES LTD,177.85,179.0,170.0,174.27,175.5,178.35,,174.4,,,95670,16717882.23,2100,F1,1,,,,,
2026-08-25,2026-08-25,CM,NSE,STK,4598,INE978A01027,HERITGFOOD,EQ,,,,,HERITAGE FOODS LTD,387.55,392.0,375.8,389.85,391.9,387.55,,389.84,,,282371,108437356.2,7750,F1,1,,,,,
2026-08-25,2026-08-25,CM,NSE,STK,1348,INE158A01026,HEROMOTOCO,EQ,,,,,HERO MOTOCORP LIMITED,5665.0,5682.0,5590.0,5624.5,5624.5,5685.0,,5624.48,,,432456,2431195416.5,37182,F1,1,,,,,
2026-08-25,2026-08-25,CM,NSE,STK,7048,INE782E01017,HESTERBIO,EQ,,,,,HESTER BIOSCIENCES LTD,2360.0,2449.0,2355.1,2421.8,2438.9,2364.5,,2420.28,,,2361,5639441.4,516,F1,1,,,,,
2026-08-25,2026-08-25,CM,NSE,STK,27008,INE750M01017,HEXATRADEX,EQ,,,,,HEXA TRADEX LIMITED,157.02,165.7,157.02,162.4,162.95,157.76,,162.36,,,1538,247748.31,52,F1,1,,,,,
2026-08-25,2026-08-25,CM,NSE,STK,750116,INE0JUI01012,HEXAGON,BE,,,,,HEXAGON NUTRITION LIMITED,70.1,70.99,68.11,69.81,69.5,70.48,,69.76,,,170310,11826583.58,807,F1,1,,,,,
2026-08-25,2026-08-25,CM,NSE,STK,29666,INE093A01041,HEXT,EQ,,,,,HEXAWARE TECHNOLOGIES LTD,559.4,561.5,548.85,556.9,555.1,562.5,,556.86,,,222581,123461621.3,11229,F1,1,,,,,
2026-08-25,2026-08-25,CM,NSE,STK,21951,INE548A01028,HFCL,EQ,,,,,HFCL LIMITED,239.7,244.3,235.65,238.01,237.0,238.42,,238.0,,,16055915,3835507584.24,92526,F1,1,,,,,
2026-08-25,2026-08-25,CM,NSE,STK,18794,INE0PIC01017,HIGREEN,SM,,,,,HI GREEN CARBON LIMITED,127.75,128.3,126.0,127.15,128.3,128.8,,127.15,,,11200,1418520.0,14,F1,800,,,,,
2026-08-25,2026-08-25,CM,NSE,STK,2868,INE106T01025,HITECH,EQ,,,,,HI-TECH PIPES LIMITED,80.72,81.79,80.72,81.16,81.01,80.72,,81.17,,,261637,21209599.14,1893,F1,1,,,,,
2026-08-25,2026-08-25,CM,NSE,STK,759103,INE00RL01028,HILINFRA,EQ,,,,,HIGHWAY INFRASTRUCTURE L,45.82,46.58,45.25,45.27,45.28,46.5,,45.29,,,81037,3688650.25,582,F1,1,,,,,
2026-08-25,2026-08-25,CM,NSE,STK,9668,INE475B01022,HIKAL,EQ,,,,,HIKAL LIMITED,212.1,212.91,205.81,208.37,208.48,211.99,,208.38,,,169295,35331828.55,4612,F1,1,,,,,
2026-08-25,2026-08-25,CM,NSE,STK,14627,INE788H01017,HILTON,EQ,,,,,HILTON METAL FORGING LTD,19.94,20.0,19.75,19.84,19.95,19.89,,19.84,,,43062,857201.45,247,F1,1,,,,,
2026-08-25,2026-08-25,CM,NSE,STK,14334,INE019C01026,HSCL,EQ,,,,,HIMADRI SPECIALITY CHEM L,662.5,666.25,652.0,659.75,658.0,662.2,,659.75,,,3736145,2460307908.7,51689,F1,1,,,,,
2026-08-25,2026-08-25,CM,NSE,STK,1360,INE049A01027,HIMATSEIDE,EQ,,,,,HIMATSINGKA SEIDE LTD,73.25,73.9,71.5,72.41,72.0,73.25,,72.41,,,302957,22036458.29,2561,F1,1,,,,,
2026-08-25,2026-08-25,CM,NSE,STK,765085,INE227B01019,HINDALUMI,EQ,,,,,HIND ALUMINIUM INDS. LTD.,100.0,100.0,98.01,98.72,98.01,100.16,,98.51,,,888,87786.49,56,F1,1,,,,,
2026-08-25,2026-08-25,CM,NSE,STK,1363,INE038A01020,HINDALCO,EQ,,,,,HINDALCO  INDUSTRIES  LTD,1055.0,1057.0,1040.45,1051.05,1051.05,1058.5,,1051.05,,,3495294,3664914127.8,60234,F1,1,,,,,
2026-08-25,2026-08-25,CM,NSE,STK,4920,INE642Y01029,HINDCON,EQ,,,,,HINDCON CHEMICALS LIMITED,22.95,24.5,21.85,23.92,24.0,22.28,,23.92,,,157165,3787069.16,946,F1,1,,,,,
2026-08-25,2026-08-25,CM,NSE,STK,11796,INE05X901010,HPIL,EQ,,,,,HINDPRAKASH INDUSTRY LTD,129.78,139.2,121.8,127.74,128.0,125.23,,127.75,,,40746,5345002.23,569,F1,1,,,,,
2026-08-25,2026-08-25,CM,NSE,STK,14712,INE170I01016,HGS,EQ,,,,,HINDUJA GLOBAL SOLS. LTD.,397.2,404.45,397.2,401.3,401.7,402.05,,401.19,,,7587,3045229.05,449,F1,1,,,,,
2026-08-25,2026-08-25,CM,NSE,STK,764698,INE074C01013,HINDADH,EQ,,,,,HINDUSTAN ADHESIVES LTD.,360.3,360.3,349.55,352.6,351.0,356.05,,352.25,,,4266,1505136.6,207,F1,1,,,,,
2026-08-25,2026-08-25,CM,NSE,STK,2303,INE066F01020,HAL,EQ,,,,,HINDUSTAN AERONAUTICS LTD,4890.2,4900.0,4805.0,4900.0,4900.0,4906.0,,4899.91,,,565718,2746378603.6,43728,F1,1,,,,,
2026-08-25,2026-08-25,CM,NSE,STK,1372,INE310C01029,HINDCOMPOS,EQ,,,,,HINDUSTAN COMPOSITES LTD.,411.1,419.8,406.0,413.45,416.75,411.1,,413.45,,,8213,3381942.35,298,F1,1,,,,,
2026-08-25,2026-08-25,CM,NSE,STK,1375,INE549A01026,HCC,EQ,,,,,HINDUSTAN CONSTRUCTION CO,22.56,23.16,22.32,22.61,22.59,22.52,,22.61,,,42033627,956312456.61,46819,F1,1,,,,,
2026-08-25,2026-08-25,CM,NSE,STK,17939,INE531E01026,HINDCOPPER,EQ,,,,,HINDUSTAN COPPER LTD,542.0,551.85,529.35,532.65,531.4,574.15,,532.66,,,44652248,23914172844.45,399376,F1,1,,,,,
2026-08-25,2026-08-25,CM,NSE,STK,12173,INE254N01026,HNDFDS,EQ,,,,,HINDUSTAN FOODS LIMITED,635.9,639.35,623.0,628.75,625.0,639.4,,628.77,,,44402,28080916.7,4196,F1,1,,,,,
2026-08-25,2026-08-25,CM,NSE,STK,19215,INE871K01015,HMVL,BE,,,,,HINDUSTAN MEDIA VENT LTD,90.41,91.7,86.2,89.94,89.95,90.41,,89.94,,,13250,1175100.29,79,F1,1,,,,,
2026-08-25,2026-08-25,CM,NSE,STK,1403,INE345A01011,HINDOILEXP,EQ,,,,,HINDUSTAN OIL EXPLORATION,157.9,159.32,157.1,158.57,158.85,157.58,,158.57,,,268206,42432460.2,2379,F1,1,,,,,
2026-08-25,2026-08-25,CM,NSE,STK,1406,INE094A01015,HINDPETRO,EQ,,,,,HINDUSTAN PETROLEUM CORP,372.5,374.15,369.5,373.2,373.2,371.95,,373.2,,,5703835,2121876492.05,49557,F1,1,,,,,
2026-08-25,2026-08-25,CM,NSE,STK,1394,INE030A01027,HINDUNILVR,EQ,,,,,HINDUSTAN UNILEVER LTD.,2024.0,2029.2,2012.0,2024.2,2024.2,2030.0,,2024.2,,,1019583,2060018640.7,50412,F1,1,,,,,
2026-08-25,2026-08-25,CM,NSE,STK,1424,INE267A01025,HINDZINC,EQ,,,,,HINDUSTAN ZINC LIMITED,600.0,600.6,586.85,592.6,592.6,604.0,,592.48,,,9509559,5647931037.1,86545,F1,1,,,,,
2026-08-25,2026-08-25,CM,NSE,STK,15883,INE05AN01011,HINDWAREAP,EQ,,,,,HINDWARE HME INOVATON LTD,196.5,198.02,193.05,194.03,194.08,196.73,,194.03,,,115718,22648136.26,1998,F1,1,,,,,
2026-08-25,2026-08-25,CM,NSE,STK,13890,INE835D01023,HIRECT,EQ,,,,,HIRECT LIMITED,1226.9,1254.3,1215.4,1235.4,1237.0,1223.3,,1235.22,,,52908,65195311.7,4172,F1,1,,,,,
2026-08-25,2026-08-25,CM,NSE,STK,19322,INE598C01011,HISARMETAL,EQ,,,,,HISAR METAL IND. LIMITED,149.3,153.98,149.3,149.99,149.5,149.33,,149.99,,,447,67699.47,30,F1,1,,,,,
2026-08-25,2026-08-25,CM,NSE,STK,18457,INE07Y701011,POWERINDIA,EQ,,,,,HITACHI ENERGY INDIA LTD,33680.0,33695.0,33005.0,33300.0,33300.0,33840.0,,33301.24,,,88353,2935922135.0,27253,F1,1,,,,,
2026-08-25,2026-08-25,CM,NSE,STK,15165,INE120D01012,HITECHCORP,BE,,,,,HITECH CORPORATION LTD,334.0,345.0,327.5,335.45,339.4,332.65,,335.45,,,40091,13533393.8,154,F1,1,,,,,
2026-08-25,2026-08-25,CM,NSE,STK,2289,INE461D01028,HLEGLAS,EQ,,,,,HLE GLASCOAT LIMITED,310.2,318.0,310.2,315.8,316.8,313.6,,315.79,,,62974,19806302.5,2055,F1,1,,,,,
2026-08-25,2026-08-25,CM,NSE,STK,1448,INE102A01024,HLVLTD,EQ,,,,,HLV LIMITED,6.53,6.53,6.43,6.47,6.46,6.53,,6.47,,,171880,1114312.48,550,F1,1,,,,,
2026-08-25,2026-08-25,CM,NSE,STK,17053,INE0ECP01024,HMAAGRO,EQ,,,,,HMA AGRO INDUSTRIES LTD,20.91,22.4,20.91,21.14,21.27,21.28,,21.15,,,4676628,101379257.96,10420,F1,1,,,,,
2026-08-25,2026-08-25,CM,NSE,STK,19698,INE262A01018,HMT,BZ,,,,,HMT LTD -,59.0,64.01,59.0,64.01,64.01,60.97,,64.23,,,60845,3850801.83,286,F1,1,,,,,
2026-08-25,2026-08-25,CM,NSE,STK,23826,INE0S6S01017,HOACFOODS,ST,,,,,HOAC FOODS INDIA LIMITED,812.0,840.0,811.5,839.95,839.95,811.3,,839.95,,,2625,2165587.5,6,F1,375,,,,,
2026-08-25,2026-08-25,CM,NSE,STK,18649,INE0LXA01019,HOLMARC,SM,,,,,HOLMARC OPTO MECHATRO L,107.9,108.0,102.15,105.95,105.95,107.9,,105.95,,,6750,717000.0,8,F1,750,,,,,
2026-08-25,2026-08-25,CM,NSE,STK,2056,INE481N01025,HOMEFIRST,EQ,,,,,HOME FIRST FIN CO IND LTD,1193.0,1195.0,1176.0,1191.3,1193.0,1192.9,,1191.28,,,97446,115666416.3,9087,F1,1,,,,,
2026-08-25,2026-08-25,CM,NSE,STK,19813,INE0J5401028,HONASA,EQ,,,,,HONASA CONSUMER LIMITED,487.8,491.2,483.15,485.5,485.0,490.8,,485.5,,,427593,208230410.65,17273,F1,1,,,,,
2026-08-25,2026-08-25,CM,NSE,STK,3138,INE634A01018,HONDAPOWER,EQ,,,,,HONDA I POWER PRODUCT LTD,2087.9,2098.7,2065.0,2073.6,2080.0,2073.1,,2073.6,,,2284,4741860.9,369,F1,1,,,,,
2026-08-25,2026-08-25,CM,NSE,STK,3417,INE671A01010,HONAUT,EQ,,,,,HONEYWELL AUTOMATION IND,36505.0,36935.0,36350.0,36740.0,36900.0,36640.0,,36735.52,,,1209,44209690.0,758,F1,1,,,,,
2026-08-25,2026-08-25,CM,NSE,STK,765356,INE685T01010,HORIZONIND,EQ,,,,,HORIZON INDUSTRIAL PRKS L,59.0,59.79,55.15,55.6,55.23,58.16,,55.59,,,8930228,513015222.37,53428,F1,1,,,,,
2026-08-25,2026-08-25,CM,NSE,STK,17920,INE191I01012,HDIL,BZ,,,,,HOUSING DEV & INFRA LTD,1.51,1.56,1.45,1.47,1.5,1.49,,1.47,,,216241,324467.9,200,F1,1,,,,,
2026-08-25,2026-08-25,CM,NSE,STK,7376,INE0GSL01024,HPAL,EQ,,,,,HP ADHESIVES LIMITED,33.82,35.89,33.82,35.11,34.9,34.5,,35.11,,,50607,1745721.62,707,F1,1,,,,,
2026-08-25,2026-08-25,CM,NSE,STK,29875,INE0VA601019,HPTL,SM,,,,,HP TELECOM INDIA LIMITED,360.0,360.0,340.25,350.1,340.25,358.15,,350.1,,,6000,2134470.0,10,F1,600,,,,,
2026-08-25,2026-08-25,CM,NSE,STK,18679,INE495S01016,HPL,EQ,,,,,HPL ELECTRIC & POWER LTD,315.45,315.45,308.6,310.25,310.7,314.35,,310.27,,,64030,19929504.15,2135,F1,1,,,,,
2026-08-25,2026-08-25,CM,NSE,STK,21107,INE0R3501012,HRHNEXT,SM,,,,,HRH NEXT SERVICES LIMITED,29.75,29.75,28.0,29.55,29.55,28.35,,29.55,,,46500,1365300.0,12,F1,1500,,,,,
2026-08-25,2026-08-25,CM,NSE,STK,761506,INF336L01RX2,HSBCGOLD,EQ,,,,,HSBCAMC - HSBCGOLD,140.9,140.9,139.13,139.53,139.13,139.76,,139.53,,,2123,297189.07,90,F1,1,,,,,
2026-08-25,2026-08-25,CM,NSE,STK,20825,INE031A01017,HUDCO,EQ,,,,,HSG & URBAN DEV CORPN LTD,187.0,187.83,185.75,186.22,186.8,187.53,,186.22,,,901822,168245117.01,12332,F1,1,,,,,
2026-08-25,2026-08-25,CM,NSE,STK,11979,INE501G01024,HTMEDIA,EQ,,,,,HT MEDIA LIMITED,27.01,27.69,26.61,27.29,26.9,27.23,,27.28,,,82797,2247849.55,263,F1,1,,,,,
2026-08-25,2026-08-25,CM,NSE,STK,14203,INE703H01016,HUBTOWN,EQ,,,,,HUBTOWN LIMITED,192.12,194.14,187.8,188.64,188.0,192.12,,188.64,,,442573,84076054.68,3445,F1,1,,,,,
2026-08-25,2026-08-25,CM,NSE,STK,2562,INE275B01026,HUHTAMAKI,EQ,,,,,HUHTAMAKI INDIA LIMITED,272.1,274.9,266.1,267.4,266.2,273.35,,267.42,,,117118,31473165.9,2501,F1,1,,,,,
2026-08-25,2026-08-25,CM,NSE,STK,25708,INE0TO501019,HVAX,SM,,,,,HVAX TECHNOLOGIES LIMITED,705.0,705.2,683.1,683.1,683.1,672.0,,683.1,,,1200,834675.0,8,F1,150,,,,,
2026-08-25,2026-08-25,CM,NSE,STK,12814,INE965B01022,HYBRIDFIN,BE,,,,,HYBRID FINANCIAL SERVICE,16.8,17.48,16.8,17.1,17.1,17.09,,17.1,,,7507,128277.93,23,F1,1,,,,,
2026-08-25,2026-08-25,CM,NSE,STK,25844,INE0V6F01027,HYUNDAI,EQ,,,,,HYUNDAI MOTOR INDIA LTD,2206.0,2243.8,2190.0,2232.5,2232.5,2207.0,,2232.46,,,672338,1488467397.7,72880,F1,1,,,,,
2026-08-25,2026-08-25,CM,NSE,STK,14086,INE204A01010,IGPL,EQ,,,,,I G PETROCHEMICALS LTD,501.05,502.45,485.1,488.05,485.3,501.05,,488.01,,,62402,30785271.05,3947,F1,1,,,,,
2026-08-25,2026-08-25,CM,NSE,STK,764718,INE684B01029,ISTLTD,EQ,,,,,I S T LTD.,688.0,688.25,657.05,671.45,672.0,664.25,,671.45,,,370,246850.45,73,F1,1,,,,,
2026-08-25,2026-08-25,CM,NSE,STK,21348,INE0O7401018,IBLFL,SM,,,,,IBL FINANCE LIMITED,62.5,62.5,61.0,61.0,61.0,61.45,,61.0,,,4000,247000.0,2,F1,2000,,,,,
2026-08-25,2026-08-25,CM,NSE,STK,764064,INE0XE501015,ICELCO,SM,,,,,IC ELECTRICALS COMPANY L,136.1,137.9,136.1,137.35,137.35,138.65,,137.35,,,20400,2794620.0,17,F1,1200,,,,,
2026-08-25,2026-08-25,CM,NSE,STK,6977,INE613B01010,ICDSLTD,EQ,,,,,ICDS LTD,39.61,41.1,39.61,40.34,41.0,41.0,,40.34,,,190,7636.86,10,F1,1,,,,,
2026-08-25,2026-08-25,CM,NSE,STK,489,INE520Y01019,ICEMAKE,EQ,,,,,ICE MAKE REFRIGERAT LTD,720.05,735.0,720.05,726.15,726.55,726.05,,726.15,,,12536,9125861.95,1451,F1,1,,,,,
2026-08-25,2026-08-25,CM,NSE,STK,4963,INE090A01021,ICICIBANK,EQ,,,,,ICICI BANK LTD.,1408.0,1424.9,1408.0,1422.7,1422.7,1415.0,,1422.7,,,7983249,11339758033.5,106893,F1,1,,,,,
2026-08-25,2026-08-25,CM,NSE,STK,21770,INE765G01017,ICICIGI,EQ,,,,,ICICI LOMBARD GIC LIMITED,1612.0,1622.3,1602.0,1616.0,1616.0,1620.0,,1616.0,,,706848,1139767938.2,48029,F1,1,,,,,
2026-08-25,2026-08-25,CM,NSE,STK,21254,INF109KC19U5,LOWVOLIETF,EQ,,,,,ICICI PR NIF LW VL 30 ETF,22.25,22.48,22.2,22.34,22.48,22.25,,22.34,,,914049,20347556.72,1192,F1,1,,,,,
2026-08-25,2026-08-25,CM,NSE,STK,18652,INE726G01019,ICICIPRULI,EQ,,,,,ICICI PRU LIFE INS CO LTD,510.0,513.3,506.25,510.0,510.0,511.25,,509.94,,,937538,476884033.8,9292,F1,1,,,,,
2026-08-25,2026-08-25,CM,NSE,STK,17702,INF109KC10W0,MIDSELIETF,EQ,,,,,ICICI PRUD MIDCAP SEL ETF,20.0,20.13,19.88,20.07,19.99,19.98,,20.07,,,220569,4412712.37,563,F1,1,,,,,
2026-08-25,2026-08-25,CM,NSE,STK,30392,INF109KC16V9,NIF100IETF,EQ,,,,,ICICI PRUD NIFTY 100 ETF,28.31,28.4,28.21,28.32,28.32,28.31,,28.32,,,42390,1198020.11,1193,F1,1,,,,,
2026-08-25,2026-08-25,CM,NSE,STK,29553,INF109K012R6,NIFTYIETF,EQ,,,,,ICICI PRUD NIFTY ETF,278.0,278.0,273.85,275.46,275.87,274.71,,275.46,,,451653,123943440.89,10111,F1,1,,,,,
2026-08-25,2026-08-25,CM,NSE,STK,4378,INF346A01034,SENSEXIETF,EQ,,,,,ICICI PRUD SENSEX ETF,890.53,895.0,887.86,893.61,895.0,890.53,,893.61,,,5406,4815356.76,255,F1,1,,,,,
2026-08-25,2026-08-25,CM,NSE,STK,760407,INE346A01027,ICICIAMC,EQ,,,,,ICICI PRUDENTIAL AMC LTD,3221.4,3305.0,3207.1,3291.8,3281.0,3230.0,,3291.48,,,200060,654082888.3,15680,F1,1,,,,,
2026-08-25,2026-08-25,CM,NSE,STK,19679,INF109KC1NT3,GOLDIETF,EQ,,,,,ICICI PRUDENTIAL GOLD ETF,137.71,138.25,136.97,137.52,137.59,137.71,,137.52,,,8023326,1103683524.87,30875,F1,1,,,,,
2026-08-25,2026-08-25,CM,NSE,STK,17475,INF109KC11V0,NV20IETF,EQ,,,,,ICICI PRUDENTIAL NV20 ETF,13.4,13.65,13.4,13.62,13.62,13.54,,13.62,,,900232,12207921.51,1905,F1,1,,,,,
2026-08-25,2026-08-25,CM,NSE,STK,522,INF109KB15Y7,ICICIB22,EQ,,,,,ICICIPRAMC - BHARATIWIN,117.0,117.4,114.51,116.17,116.9,115.16,,116.16,,,551199,63524963.8,2440,F1,1,,,,,
2026-08-25,2026-08-25,CM,NSE,STK,30139,INF109K1A021,CASHIETF,EQ,,,,,ICICIPRAMC - CASHIETF,1076.89,1076.89,1076.87,1076.87,1076.87,1076.59,,1076.87,,,124527,134100902.93,80,F1,1,,,,,
2026-08-25,2026-08-25,CM,NSE,STK,755881,INF109K1A153,EVIETF,EQ,,,,,ICICIPRAMC - EVIETF,33.55,33.89,33.29,33.49,33.63,33.51,,33.49,,,191130,6385879.71,602,F1,1,,,,,
2026-08-25,2026-08-25,CM,NSE,STK,13143,INF109KC18O0,GSEC10IETF,EQ,,,,,ICICIPRAMC - ICICI10GS,263.61,265.77,263.61,265.77,265.77,263.61,,265.77,,,3,792.99,3,F1,1,,,,,
2026-08-25,2026-08-25,CM,NSE,STK,3001,INF109KC1V59,BSE500IETF,EQ,,,,,ICICIPRAMC - ICICI500,39.51,40.14,39.51,39.78,39.86,39.71,,39.78,,,399935,15931502.83,1218,F1,1,,,,,
2026-08-25,2026-08-25,CM,NSE,STK,8342,INF109KC14A8,GSEC5IETF,EQ,,,,,ICICIPRAMC - ICICI5GSEC,66.35,66.81,66.03,66.81,66.81,66.28,,66.81,,,1522,101006.42,24,F1,1,,,,,
2026-08-25,2026-08-25,CM,NSE,STK,22344,INF109KC17V7,ALPL30IETF,EQ,,,,,ICICIPRAMC - ICICIALPLV,28.07,28.15,27.98,28.1,28.15,28.04,,28.1,,,255723,7175365.23,823,F1,1,,,,,
2026-08-25,2026-08-25,CM,NSE,STK,7844,INF109KC10V2,AUTOIETF,EQ,,,,,ICICIPRAMC - ICICIAUTO,30.12,30.36,29.99,30.22,30.3,30.12,,30.22,,,462586,13917731.17,2626,F1,1,,,,,
2026-08-25,2026-08-25,CM,NSE,STK,11386,INF109KC18U7,PVTBANIETF,EQ,,,,,ICICIPRAMC - ICICIBANKP,27.76,27.88,27.7,27.79,27.88,27.9,,27.79,,,942306,26154711.96,2655,F1,1,,,,,
2026-08-25,2026-08-25,CM,NSE,STK,13198,INF109KC19O8,COMMOIETF,EQ,,,,,ICICIPRAMC - ICICICOMMO,100.55,100.55,99.53,99.99,99.67,100.17,,99.98,,,49260,4914000.01,1391,F1,1,,,,,
2026-08-25,2026-08-25,CM,NSE,STK,6446,INF109KC1V42,CONSUMIETF,EQ,,,,,ICICIPRAMC - ICICICONSU,126.0,126.0,124.04,124.89,124.59,124.17,,124.89,,,11266,1401672.65,158,F1,1,,,,,
2026-08-25,2026-08-25,CM,NSE,STK,5306,INF109KC19V3,FMCGIETF,EQ,,,,,ICICIPRAMC - ICICIFMCG,49.72,51.4,49.72,51.17,51.22,51.0,,51.17,,,590863,30165450.81,2851,F1,1,,,,,
2026-08-25,2026-08-25,CM,NSE,STK,10723,INF109KC16E5,INFRAIETF,EQ,,,,,ICICIPRAMC - ICICIINFRA,96.94,96.94,95.61,96.73,96.93,95.95,,96.73,,,142191,13701254.96,7905,F1,1,,,,,
2026-08-25,2026-08-25,CM,NSE,STK,4838,INF109KC1KT9,LIQUIDIETF,EQ,,,,,ICICIPRAMC - ICICILIQ,1000.0,1000.01,999.95,999.99,1000.0,999.99,,999.99,,,536237,536236281.5,208,F1,1,,,,,
2026-08-25,2026-08-25,CM,NSE,STK,17152,INF109KC11W8,MIDCAPIETF,EQ,,,,,ICICIPRAMC - ICICIM150,24.18,24.28,24.16,24.26,24.26,24.18,,24.26,,,682425,16524323.58,2083,F1,1,,,,,
2026-08-25,2026-08-25,CM,NSE,STK,10585,INF109KC17C7,MOM30IETF,EQ,,,,,ICICIPRAMC - ICICIMOM30,31.91,31.91,31.5,31.78,31.75,31.56,,31.78,,,297907,9427229.84,1298,F1,1,,,,,
2026-08-25,2026-08-25,CM,NSE,STK,4529,INF109KC1NS5,NEXT50IETF,EQ,,,,,ICICIPRAMC - ICICINXT50,78.48,78.82,77.8,78.63,78.8,78.05,,78.63,,,1738596,135867563.35,4928,F1,1,,,,,
2026-08-25,2026-08-25,CM,NSE,STK,3626,INF109KC1Q72,HEALTHIETF,EQ,,,,,ICICIPRAMC - ICICIPHARM,170.36,170.36,167.82,169.83,169.9,168.67,,169.82,,,98183,16604275.51,1080,F1,1,,,,,
2026-08-25,2026-08-25,CM,NSE,STK,17808,INF109KC18V5,QUAL30IETF,EQ,,,,,ICICIPRAMC - ICICIQTY30,21.32,21.65,21.19,21.38,21.49,21.32,,21.38,,,238115,5060554.45,199,F1,1,,,,,
2026-08-25,2026-08-25,CM,NSE,STK,7942,INF109KC1Y56,SILVERIETF,EQ,,,,,ICICIPRAMC - ICICISILVE,239.6,241.22,238.33,239.05,239.2,242.06,,239.03,,,2499003,598378060.96,16784,F1,1,,,,,
2026-08-25,2026-08-25,CM,NSE,STK,22365,INF109KC16I6,ITIETF,EQ,,,,,ICICIPRAMC - ICICITECH,34.72,34.72,33.72,33.98,33.84,33.88,,34.01,,,315308,10717670.18,943,F1,1,,,,,
2026-08-25,2026-08-25,CM,NSE,STK,764364,INF109K1A567,INSUREIETF,EQ,,,,,ICICIPRAMC - INSUREIETF,15.49,15.61,15.36,15.44,15.37,15.51,,15.44,,,5273127,82113850.52,227,F1,1,,,,,
2026-08-25,2026-08-25,CM,NSE,STK,11037,INF109KC15I8,BANKIETF,EQ,,,,,ICICIPRAMC - IPRU5008,58.9,59.25,58.85,59.02,59.03,58.9,,59.02,,,1520209,89683399.97,1302,F1,1,,,,,
2026-08-25,2026-08-25,CM,NSE,STK,24861,INF109KC19W1,METALIETF,EQ,,,,,ICICIPRAMC - METALIETF,13.12,13.49,12.0,13.4,13.44,13.46,,13.4,,,6112220,81843013.43,9613,F1,1,,,,,
2026-08-25,2026-08-25,CM,NSE,STK,24533,INF109KC18W3,OILIETF,EQ,,,,,ICICIPRAMC - OILIETF,11.33,11.37,11.29,11.35,11.35,11.33,,11.35,,,5451173,61714345.3,1924,F1,1,,,,,
2026-08-25,2026-08-25,CM,NSE,STK,14584,INF109KC10S8,PSUBNKIETF,EQ,,,,,ICICIPRAMC - PSUBANKICI,86.45,87.25,86.09,86.98,86.7,86.44,,86.98,,,122904,10683767.99,654,F1,1,,,,,
2026-08-25,2026-08-25,CM,NSE,STK,754612,INF109K1A476,SMALLIETF,EQ,,,,,ICICIPRAMC - SMALLIETF,18.4,18.47,18.32,18.43,18.47,18.45,,18.43,,,37238,684713.7,115,F1,1,,,,,
2026-08-25,2026-08-25,CM,NSE,STK,757781,INF109K1A344,TOP15IETF,EQ,,,,,ICICIPRAMC - TOP15IETF,9.88,9.97,9.88,9.96,9.95,9.92,,9.96,,,148637,1476360.82,146,F1,1,,,,,
2026-08-25,2026-08-25,CM,NSE,STK,25851,INF109KC16X5,VAL30IETF,EQ,,,,,ICICIPRAMC - VAL30IETF,15.21,15.27,15.15,15.24,15.26,15.19,,15.24,,,164671,2500473.02,441,F1,1,,,,,
2026-08-25,2026-08-25,CM,NSE,STK,12578,INF109KC17L8,FINIETF,EQ,,,,,ICICIPRAMC-ICICIFIN,33.38,33.6,33.25,33.52,33.6,33.37,,33.52,,,263142,8781953.58,937,F1,1,,,,,
2026-08-25,2026-08-25,CM,NSE,STK,14523,INE725G01011,ICRA,EQ,,,,,ICRA LIMITED,4998.0,5173.7,4960.0,5106.5,5090.0,4967.2,,5106.55,,,50385,256355910.5,7880,F1,1,,,,,
2026-08-25,2026-08-25,CM,NSE,STK,1476,INE008A01015,IDBI,EQ,,,,,IDBI BANK LIMITED,88.48,89.39,86.9,88.31,87.94,87.93,,88.3,,,18803734,1654654586.56,65749,F1,1,,,,,
2026-08-25,2026-08-25,CM,NSE,STK,17140,INE349Y01013,IDEAFORGE,EQ,,,,,IDEAFORGE TECHNO LTD,800.0,806.25,776.8,788.8,792.0,796.45,,788.81,,,317754,250077642.15,17383,F1,1,,,,,
2026-08-25,2026-08-25,CM,NSE,STK,24950,INE0T9I01011,IDEALTECHO,SM,,,,,IDEAL TECHNOPLAST IND LTD,175.0,175.0,175.0,175.0,175.0,175.0,,175.0,,,3000,525000.0,1,F1,500,,,,,
2026-08-25,2026-08-25,CM,NSE,STK,28574,INE0TD101011,IDENTICAL,SM,,,,,IDENTICAL BRAINS STUDIO L,17.95,18.0,17.95,18.0,18.0,17.8,,18.0,,,48000,863800.0,9,F1,2000,,,,,
2026-08-25,2026-08-25,CM,NSE,STK,11184,INE092T01019,IDFCFIRSTB,EQ,,,,,IDFC FIRST BANK LIMITED,85.92,86.17,85.0,85.0,85.0,85.89,,85.0,,,11785661,1007648953.43,44608,F1,1,,,,,
2026-08-25,2026-08-25,CM,NSE,STK,1482,INE076C01018,IFBAGRO,EQ,,,,,IFB AGRO INDUSTRIES LTD,972.0,989.0,950.0,959.3,959.95,980.7,,959.36,,,8311,8091706.75,444,F1,1,,,,,
2026-08-25,2026-08-25,CM,NSE,STK,1485,INE559A01017,IFBIND,EQ,,,,,IFB INDUSTRIES LTD,1415.9,1415.9,1365.0,1370.1,1368.0,1407.1,,1370.05,,,19458,26868135.2,2635,F1,1,,,,,
2026-08-25,2026-08-25,CM,NSE,STK,1491,INE039A01010,IFCI,EQ,,,,,IFCI LTD,82.65,85.24,82.41,83.25,83.33,82.48,,83.25,,,49384082,4144465103.71,118554,F1,1,,,,,
2026-08-25,2026-08-25,CM,NSE,STK,436,INE133Y01011,IFGLEXPOR,EQ,,,,,IFGL REFRACTORIES LIMITED,213.55,214.22,210.0,211.79,212.49,213.45,,211.79,,,10581,2241111.87,503,F1,1,,,,,
2026-08-25,2026-08-25,CM,NSE,STK,759897,INE01XO07017,1225IFL27,N0,,,,,IFL 12.25% 2027,6500.0,6500.0,6500.0,6500.0,6500.0,6770.0,,6500.0,,,2,13000.0,1,F1,1,,,,,
2026-08-25,2026-08-25,CM,NSE,STK,760656,INE01XO07025,1225IFL28,N0,,,,,IFL 12.25% 2028,7400.0,7400.0,7400.0,7400.0,7400.0,7400.0,,7400.0,,,1,7400.0,1,F1,1,,,,,
2026-08-25,2026-08-25,CM,NSE,STK,634,INE188B01013,IGARASHI,EQ,,,,,IGARASHI MOTORS INDIA LTD,430.6,432.5,425.25,427.55,430.1,431.35,,427.62,,,45964,19696282.65,1651,F1,1,,,,,
2026-08-25,2026-08-25,CM,NSE,STK,761119,INE530B07617,870IIFL28,Y7,,,,,IIFL 8.70% TR I SR IV,1015.2,1022.0,1015.2,1022.0,1022.0,1025.0,,1022.0,,,35,35736.0,2,F1,1,,,,,
2026-08-25,2026-08-25,CM,NSE,STK,761120,INE530B07575,885IIFL29,Y8,,,,,IIFL 8.85% TR I SR V,1010.0,1010.0,1005.0,1005.0,1005.0,1005.0,,1005.0,,,65,65550.0,3,F1,1,,,,,
2026-08-25,2026-08-25,CM,NSE,STK,756153,INE530B07484,960IIFL30,Y2,,,,,IIFL 9.60% TR I SR VIII,1005.0,1005.0,1000.0,1000.01,1000.01,1005.0,,1000.01,,,120,120500.1,3,F1,1,,,,,
2026-08-25,2026-08-25,CM,NSE,STK,756144,INE530B07476,975IIFL28,Y0,,,,,IIFL 9.75% TR I SR VI,1042.56,1042.56,1042.56,1042.56,1042.56,1040.57,,1042.56,,,116,120936.96,1,F1,1,,,,,
2026-08-25,2026-08-25,CM,NSE,STK,13072,INE489L01022,IIFLCAPS,EQ,,,,,IIFL CAPITAL SERVICES LTD,334.45,336.95,333.5,334.95,333.5,333.75,,334.95,,,162992,54608288.9,6272,F1,1,,,,,
2026-08-25,2026-08-25,CM,NSE,STK,11809,INE530B01024,IIFL,EQ,,,,,IIFL FINANCE LIMITED,667.0,681.1,643.55,666.25,663.4,696.4,,666.23,,,8288695,5530806061.4,144420,F1,1,,,,,
2026-08-25,2026-08-25,CM,NSE,STK,756142,INE530B07526,IIFL21425,NY,,,,,IIFL TR I SR IV,1125.0,1125.0,1125.0,1125.0,1125.0,1100.0,,1125.0,,,8,9000.0,1,F1,1,,,,,
2026-08-25,2026-08-25,CM,NSE,STK,16822,INE0LOJ01019,IKIO,EQ,,,,,IKIO TECHNOLOGIES LIMITED,194.05,194.39,189.0,191.63,192.25,194.05,,191.6,,,73619,14083486.67,2086,F1,1,,,,,
2026-08-25,2026-08-25,CM,NSE,STK,9380,INE369I01014,IL&FSENGG,BZ,,,,,IL&FS ENG AND CONS CO LTD,36.0,36.0,35.5,35.8,36.0,36.0,,35.8,,,22816,820721.1,27,F1,1,,,,,
2026-08-25,2026-08-25,CM,NSE,STK,6711,INE050B01023,IVC,EQ,,,,,IL&FS INVESTMENT MANAGERS,8.22,8.23,8.0,8.08,8.1,8.1,,8.08,,,181353,1462910.77,536,F1,1,,,,,
2026-08-25,2026-08-25,CM,NSE,STK,9381,INE975G01012,IL&FSTRANS,BZ,,,,,IL&FS TRANS NET LTD,2.05,2.13,2.05,2.11,2.06,2.07,,2.11,,,18801,39481.52,43,F1,1,,,,,
2026-08-25,2026-08-25,CM,NSE,STK,7672,INE172N01012,IMAGICAA,EQ,,,,,IMAGICAAWORLD ENT LTD,49.53,50.72,49.0,49.79,49.7,49.53,,49.79,,,401949,19974025.74,2143,F1,1,,,,,
2026-08-25,2026-08-25,CM,NSE,STK,25881,INE691G01015,IMPEXFERRO,BZ,,,,,IMPEX FERRO TECH LIMITED,4.06,4.06,4.06,4.06,4.06,3.99,,4.06,,,10340,41980.4,12,F1,1,,,,,
2026-08-25,2026-08-25,CM,NSE,STK,17507,INE452L01012,INCREDIBLE,EQ,,,,,INCREDIBLE INDUSTRIES LTD,35.0,35.0,32.6,33.48,34.35,33.48,,33.97,,,2054,68898.72,69,F1,1,,,,,
2026-08-25,2026-08-25,CM,NSE,STK,12009,INE547E01014,IMPAL,EQ,,,,,IND MOTOR PART & ACC LTD,1080.4,1100.0,1080.4,1095.9,1088.1,1086.5,,1095.9,,,334,365085.3,114,F1,1,,,,,
2026-08-25,2026-08-25,CM,NSE,STK,4870,INE915B01019,INDSWFTLAB,EQ,,,,,IND SWIFT LABORATORIES LT,326.1,328.99,320.06,324.38,323.5,327.27,,324.38,,,269737,87504156.99,6506,F1,1,,,,,
2026-08-25,2026-08-25,CM,NSE,STK,21957,INE611L01021,INDTERRAIN,EQ,,,,,IND TERRAIN FASHIONS LTD,30.6,30.69,30.05,30.07,30.05,30.29,,30.13,,,5503,165498.12,94,F1,1,,,,,
2026-08-25,2026-08-25,CM,NSE,STK,16933,INE841B01017,INDBANK,EQ,,,,,INDBANK MERCH BANK,32.0,32.2,31.36,31.86,31.8,32.11,,31.9,,,20019,636643.15,249,F1,1,,,,,
2026-08-25,2026-08-25,CM,NSE,STK,29678,INE0O9T01021,BAJAJINDEF,EQ,,,,,INDEF MANUFACTURING LTD,219.9,249.0,215.0,225.93,225.57,216.08,,225.93,,,193789,45191518.32,5209,F1,1,,,,,
2026-08-25,2026-08-25,CM,NSE,STK,23693,INE065X01017,INDGN,EQ,,,,,INDEGENE LIMITED,566.65,570.4,557.7,563.55,564.0,566.65,,563.55,,,197235,110984048.3,11559,F1,1,,,,,
2026-08-25,2026-08-25,CM,NSE,STK,1521,INE560A01023,INDIAGLYCO,EQ,,,,,INDIA GLYCOLS LTD,1200.0,1219.0,1166.0,1170.5,1169.0,1191.3,,1170.47,,,528480,627922995.2,25744,F1,1,,,,,
2026-08-25,2026-08-25,CM,NSE,STK,4747,INE092B01025,INDNIPPON,EQ,,,,,INDIA NIPPON ELECT  LTD,1075.0,1099.5,1055.3,1070.6,1076.6,1072.5,,1070.67,,,11250,12035918.6,1999,F1,1,,,,,
2026-08-25,2026-08-25,CM,NSE,STK,4934,INE0D6701023,IPL,EQ,,,,,INDIA PESTICIDES LIMITED,140.0,142.2,139.3,139.66,140.0,139.94,,139.66,,,94282,13266726.25,1876,F1,1,,,,,
2026-08-25,2026-08-25,CM,NSE,STK,20556,INE922K01024,INDIASHLTR,EQ,,,,,INDIA SHELTER FIN CORP L,672.0,679.95,650.0,655.85,656.0,669.75,,655.87,,,112550,73830190.5,8416,F1,1,,,,,
2026-08-25,2026-08-25,CM,NSE,STK,19299,INE353K01014,ITDC,EQ,,,,,INDIA TOUR. DEV. CO. LTD.,678.7,693.0,676.75,681.6,682.5,680.5,,681.51,,,80984,55374903.95,5985,F1,1,,,,,
2026-08-25,2026-08-25,CM,NSE,STK,24999,INE126M01010,IBULLSLTD,EQ,,,,,INDIABULLS LIMITED,27.0,28.19,26.32,27.09,26.99,26.85,,27.09,,,24556789,673934296.73,44422,F1,1,,,,,
2026-08-25,2026-08-25,CM,NSE,STK,10726,INE933S01016,INDIAMART,EQ,,,,,INDIAMART INTERMESH LTD,1752.0,1763.2,1730.0,1750.3,1753.0,1746.0,,1750.24,,,34838,60986566.7,4547,F1,1,,,,,
2026-08-25,2026-08-25,CM,NSE,STK,14309,INE562A01011,INDIANB,EQ,,,,,INDIAN BANK,870.45,881.75,869.0,878.0,878.0,870.45,,878.0,,,1428100,1251026228.75,27178,F1,1,,,,,
2026-08-25,2026-08-25,CM,NSE,STK,4422,INE061A01014,INDIANCARD,EQ,,,,,INDIAN CARD CLOTHING CO.,212.49,213.0,206.54,208.01,208.2,206.27,,208.01,,,2456,518633.01,50,F1,1,,,,,
2026-08-25,2026-08-25,CM,NSE,STK,23789,INE0RRU01016,IEML,SM,,,,,INDIAN EMULSIFIERS LTD,41.3,42.9,41.0,42.6,42.9,41.2,,42.6,,,48000,2009500.0,64,F1,500,,,,,
2026-08-25,2026-08-25,CM,NSE,STK,220,INE022Q01020,IEX,EQ,,,,,INDIAN ENERGY EXC LTD,123.3,124.28,122.51,124.2,124.2,123.01,,124.21,,,2251075,277332212.36,24014,F1,1,,,,,
2026-08-25,2026-08-25,CM,NSE,STK,1530,INE323C01030,INDIANHUME,EQ,,,,,INDIAN HUME PIPE CO. LTD.,397.5,401.95,385.1,389.6,386.25,396.3,,389.59,,,55797,21954197.65,2306,F1,1,,,,,
2026-08-25,2026-08-25,CM,NSE,STK,19235,INE919H01018,IMFA,EQ,,,,,INDIAN METALS & FERRO,1401.8,1409.8,1373.8,1377.7,1386.5,1390.6,,1377.66,,,60188,83497066.1,6060,F1,1,,,,,
2026-08-25,2026-08-25,CM,NSE,STK,1624,INE242A01010,IOC,EQ,,,,,INDIAN OIL CORP LTD,138.0,139.0,137.0,139.0,139.0,138.5,,139.0,,,7676722,1058378310.65,39707,F1,1,,,,,
2026-08-25,2026-08-25,CM,NSE,STK,9348,INE565A01014,IOB,EQ,,,,,INDIAN OVERSEAS BANK,33.25,33.45,32.92,33.03,33.04,33.18,,33.03,,,2479749,82029140.41,9840,F1,1,,,,,
2026-08-25,2026-08-25,CM,NSE,STK,25033,INE0DHF01018,IPHL,SM,,,,,INDIAN PHOSPHATE LIMITED,68.95,72.5,68.95,72.45,72.5,67.9,,72.45,,,33600,2411520.0,18,F1,1200,,,,,
2026-08-25,2026-08-25,CM,NSE,STK,13611,INE335Y01020,IRCTC,EQ,,,,,INDIAN RAIL TOUR CORP LTD,483.15,485.8,481.0,482.55,483.2,483.15,,482.55,,,516657,249442683.05,23132,F1,1,,,,,
2026-08-25,2026-08-25,CM,NSE,STK,2029,INE053F01010,IRFC,EQ,,,,,INDIAN RAILWAY FIN CORP L,85.98,86.44,85.05,85.45,85.45,85.99,,85.44,,,9606478,821689676.94,39342,F1,1,,,,,
2026-08-25,2026-08-25,CM,NSE,STK,20261,INE202E01016,IREDA,EQ,,,,,INDIAN RENEWABLE ENERGY,115.0,121.14,114.4,120.61,120.61,115.4,,120.56,,,11109563,1306199543.4,44781,F1,1,,,,,
2026-08-25,2026-08-25,CM,NSE,STK,762727,INE586E01020,IWP,EQ,,,,,INDIAN WOOD PRODUCTS CO L,33.24,35.0,33.0,33.65,33.6,33.4,,33.65,,,73807,2490445.71,144,F1,1,,,,,
2026-08-25,2026-08-25,CM,NSE,STK,2048,INE09VQ01012,INDIGOPNTS,EQ,,,,,INDIGO PAINTS LIMITED,1138.0,1146.5,1125.0,1135.9,1135.9,1142.5,,1136.39,,,43033,48854228.7,6306,F1,1,,,,,
2026-08-25,2026-08-25,CM,NSE,STK,20988,INE219X23014,INDIGRID,IV,,,,,INDIGRID INFRASTRUCT TRST,175.5,175.79,174.75,174.97,175.0,175.29,,174.98,,,402245,70453332.39,8993,F1,1,,,,,
2026-08-25,2026-08-25,CM,NSE,STK,757845,INE06ST01018,INDIQUBE,EQ,,,,,INDIQUBE SPACES LIMITED,192.75,195.0,190.0,192.5,191.0,193.72,,192.49,,,39280,7536843.03,2103,F1,1,,,,,
2026-08-25,2026-08-25,CM,NSE,STK,9120,INE760F01028,INDOAMIN,BE,,,,,INDO AMINES LIMITED,123.64,125.25,121.2,122.84,123.0,123.64,,122.18,,,24902,3054881.74,325,F1,1,,,,,
2026-08-25,2026-08-25,CM,NSE,STK,8614,INE803D01021,INDOBORAX,EQ,,,,,INDO BORAX & CHEMICAL LTD,504.0,504.6,481.65,487.4,487.8,502.35,,487.44,,,224662,110144980.05,8534,F1,1,,,,,
2026-08-25,2026-08-25,CM,NSE,STK,11987,INE483B01026,ICIL,EQ,,,,,INDO COUNT INDUSTRIES LTD,429.95,437.4,417.1,422.5,423.0,430.4,,422.48,,,448809,191194086.8,14644,F1,1,,,,,
2026-08-25,2026-08-25,CM,NSE,STK,29025,INE622H01018,INDOFARM,EQ,,,,,INDO FARM EQUIPMENT LTD,139.7,141.61,137.67,138.61,138.0,139.75,,138.61,,,55303,7687874.26,1208,F1,1,,,,,
2026-08-25,2026-08-25,CM,NSE,STK,10993,INE156A01020,INDORAMA,EQ,,,,,INDO RAMA SYNTHETICS LTD,62.61,62.76,59.89,60.53,60.8,62.61,,60.53,,,148993,9142734.56,1698,F1,1,,,,,
2026-08-25,2026-08-25,CM,NSE,STK,13275,INE332H01014,INDOTECH,EQ,,,,,INDO TECH TRANSFORM LTD.,3899.7,3900.0,3720.0,3742.2,3748.0,3850.6,,3742.65,,,7190,27156856.8,1493,F1,1,,,,,
2026-08-25,2026-08-25,CM,NSE,STK,25608,INE337M01021,INDOTHAI,EQ,,,,,INDO THAI SEC LTD,53.85,53.85,53.85,53.85,53.85,56.68,,53.86,,,36205,1949639.25,511,F1,1,,,,,
2026-08-25,2026-08-25,CM,NSE,STK,25503,INE250Z01010,INDOUS,EQ,,,,,INDO US BIOTECH LTD,84.9,84.9,81.0,81.99,82.95,82.79,,81.99,,,3658,301425.04,123,F1,1,,,,,
2026-08-25,2026-08-25,CM,NSE,STK,764301,INE084101034,INDOMIM,EQ,,,,,INDO-MIM LIMITED,890.0,909.0,878.0,889.9,891.5,888.75,,889.94,,,1819819,1624530568.0,51453,F1,1,,,,,
2026-08-25,2026-08-25,CM,NSE,STK,6782,INE567A01028,NIPPOBATRY,EQ,,,,,INDO-NATIONAL LIMITED,328.25,334.0,322.05,324.6,324.95,329.75,,324.75,,,1216,396670.7,106,F1,1,,,,,
2026-08-25,2026-08-25,CM,NSE,STK,11677,INE873D01024,INDOCO,EQ,,,,,INDOCO REMEDIES LTD.,219.5,229.0,216.0,225.34,226.0,219.19,,225.34,,,128259,28534639.29,2910,F1,1,,,,,
2026-08-25,2026-08-25,CM,NSE,STK,757801,INE05J901018,IGCL,EQ,,,,,INDOGULF CROPSCIENCES LTD,71.69,72.7,71.32,72.38,72.0,71.59,,72.38,,,54565,3933488.31,598,F1,1,,,,,
2026-08-25,2026-08-25,CM,NSE,STK,764708,INE716F01012,INDOKEM,EQ,,,,,INDOKEM LTD.,599.9,657.0,582.0,627.85,635.95,597.9,,626.77,,,17940,11237187.5,950,F1,1,,,,,
2026-08-25,2026-08-25,CM,NSE,STK,19955,INE866K01023,WAAREEINDO,EQ,,,,,INDOSOLAR LIMITED,276.6,284.3,273.8,274.65,274.9,278.8,,274.67,,,64603,17882241.4,1734,F1,1,,,,,
2026-08-25,2026-08-25,CM,NSE,STK,3088,INE896L01010,INDOSTAR,EQ,,,,,INDOSTAR CAPITAL FIN LTD,261.45,262.45,255.1,257.55,257.0,262.5,,257.55,,,97365,25112418.8,1403,F1,1,,,,,
2026-08-25,2026-08-25,CM,NSE,STK,14952,INE227G01018,INDOWIND,EQ,,,,,INDOWIND ENERGY LTD,9.38,9.38,9.06,9.27,9.32,9.35,,9.27,,,118704,1102001.64,402,F1,1,,,,,
2026-08-25,2026-08-25,CM,NSE,STK,11262,INE203G01027,IGL,EQ,,,,,INDRAPRASTHA GAS LTD,147.74,149.3,147.11,148.68,148.8,147.72,,148.68,,,918317,136365624.85,18073,F1,1,,,,,
2026-08-25,2026-08-25,CM,NSE,STK,4751,INE681B01017,INDRAMEDCO,EQ,,,,,INDRAPRASTHA MEDICAL CORP,373.0,378.0,370.0,372.95,372.5,371.9,,372.96,,,163587,61109782.55,5624,F1,1,,,,,
2026-08-25,2026-08-25,CM,NSE,STK,23036,INE0NHL23019,INDUSINVIT,IV,,,,,INDUS INFRA TRUST,133.97,134.95,132.54,134.04,134.0,133.59,,134.04,,,685731,91253102.15,3574,F1,1,,,,,
2026-08-25,2026-08-25,CM,NSE,STK,29135,INE121J01017,INDUSTOWER,EQ,,,,,INDUS TOWERS LIMITED,374.25,388.6,374.25,387.25,387.25,374.25,,387.24,,,6995675,2681827275.7,59792,F1,1,,,,,
2026-08-25,2026-08-25,CM,NSE,STK,5258,INE095A01012,INDUSINDBK,EQ,,,,,INDUSIND BANK LIMITED,1014.9,1022.0,1003.6,1015.0,1015.0,1018.4,,1015.0,,,1427222,1443897001.3,53543,F1,1,,,,,
2026-08-25,2026-08-25,CM,NSE,STK,762717,INE620D01011,INDPRUD,EQ,,,,,INDUSTRIAL & PRU INV CO L,6275.0,6275.0,6161.0,6200.0,6200.0,6275.0,,6200.0,,,52,323683.0,23,F1,1,,,,,
2026-08-25,2026-08-25,CM,NSE,STK,19525,INE886A01014,IITL,EQ,,,,,INDUSTRIAL INV TRUST LTD,155.0,162.0,152.87,160.41,160.43,154.8,,160.72,,,113165,17834949.62,1849,F1,1,,,,,
2026-08-25,2026-08-25,CM,NSE,STK,15036,INE0MRE01011,INFINIUM,SM,,,,,INFINIUM PHARMACHEM LTD,229.5,244.3,226.85,244.3,244.3,222.1,,244.3,,,38500,9120200.0,55,F1,500,,,,,
2026-08-25,2026-08-25,CM,NSE,STK,757602,INE0MYZ01012,INFLUX,SM,,,,,INFLUX HEALTHTECH LIMITED,298.95,307.95,295.65,301.3,300.0,300.05,,301.3,,,57000,17171550.0,69,F1,600,,,,,
2026-08-25,2026-08-25,CM,NSE,STK,13751,INE663F01032,NAUKRI,EQ,,,,,INFO EDGE (I) LTD,1345.7,1350.0,1328.1,1350.0,1350.0,1349.0,,1350.01,,,970768,1296682755.1,36187,F1,1,,,,,
2026-08-25,2026-08-25,CM,NSE,STK,11027,INE344S01016,INFOBEAN,EQ,,,,,INFOBEANS TECHNO. LTD.,156.09,156.91,155.0,155.87,155.86,155.17,,155.87,,,164908,25639447.65,1768,F1,1,,,,,
2026-08-25,2026-08-25,CM,NSE,STK,16588,INE0NNZ01013,INFOLLION,SM,,,,,INFOLLION RESEARCH SER L,158.0,163.95,158.0,161.15,160.0,160.1,,161.15,,,10000,1602720.0,19,F1,400,,,,,
2026-08-25,2026-08-25,CM,NSE,STK,13693,INE669A01022,INFOMEDIA,EQ,,,,,INFOMEDIA PRESS LIMITED,5.44,5.44,5.11,5.28,5.29,5.33,,5.28,,,2545,13337.63,52,F1,1,,,,,
2026-08-25,2026-08-25,CM,NSE,STK,1594,INE009A01021,INFY,EQ,,,,,INFOSYS LIMITED,1132.0,1144.0,1119.9,1144.0,1144.0,1130.0,,1143.97,,,8121237,9152354371.6,130691,F1,1,,,,,
2026-08-25,2026-08-25,CM,NSE,STK,1597,INE177A01018,INGERRAND,EQ,,,,,INGERSOLL-RAND INDIA LTD,4660.0,4694.3,4571.0,4594.0,4580.0,4653.3,,4593.79,,,20758,95529575.9,2712,F1,1,,,,,
2026-08-25,2026-08-25,CM,NSE,STK,25323,INE0S1D01010,INNOMET,ST,,,,,INNOMET ADVANCED MATERI L,241.25,241.25,241.25,241.25,241.25,236.55,,241.25,,,9600,2316000.0,14,F1,600,,,,,
2026-08-25,2026-08-25,CM,NSE,STK,21062,INE0DUT01020,INNOVACAP,EQ,,,,,INNOVA CAPTAB LIMITED,1063.05,1069.8,1035.0,1040.4,1040.0,1063.05,,1040.39,,,21916,22929059.3,3845,F1,1,,,,,
2026-08-25,2026-08-25,CM,NSE,STK,27754,INE403Y01018,INNOVANA,EQ,,,,,INNOVANA THINKLABS LTD,320.0,325.0,308.95,310.3,318.0,319.9,,310.35,,,19852,6368183.6,128,F1,1,,,,,
2026-08-25,2026-08-25,CM,NSE,STK,27266,INE070Y01023,ITTL,ST,,,,,INNOVATIVE TYRE & TUBE LT,66.0,66.0,65.5,65.5,65.5,66.8,,65.5,,,840,55072.5,4,F1,105,,,,,
2026-08-25,2026-08-25,CM,NSE,STK,761528,INE0ADB01012,INNOVISION,EQ,,,,,INNOVISION LIMITED,261.4,261.4,256.0,257.45,256.1,261.4,,257.47,,,11964,3092993.65,1043,F1,1,,,,,
2026-08-25,2026-08-25,CM,NSE,STK,12188,INE510W01014,INOXGREEN,EQ,,,,,INOX GREEN ENERGY SER LTD,175.92,176.23,170.98,173.51,173.5,176.26,,173.51,,,2007260,348072456.84,8518,F1,1,,,,,
2026-08-25,2026-08-25,CM,NSE,STK,20607,INE616N01034,INOXINDIA,EQ,,,,,INOX INDIA LIMITED,1942.3,1942.3,1880.3,1900.0,1894.9,1941.5,,1900.16,,,97315,185998078.1,13618,F1,1,,,,,
2026-08-25,2026-08-25,CM,NSE,STK,7852,INE066P01011,INOXWIND,EQ,,,,,INOX WIND LIMITED,73.87,74.2,72.79,73.74,73.74,73.75,,73.73,,,13891746,1020483003.91,32356,F1,1,,,,,
2026-08-25,2026-08-25,CM,NSE,STK,14657,INE070I01018,INSECTICID,EQ,,,,,INSECTICIDES (I) LTD,580.0,580.05,573.05,579.45,580.0,580.15,,579.46,,,24299,14039909.35,1684,F1,1,,,,,
2026-08-25,2026-08-25,CM,NSE,STK,761099,INE0LGX01024,INA,EQ,,,,,INSOLATION ENERGY LIMITED,95.2,95.33,92.95,93.47,93.95,94.51,,93.46,,,355418,33308266.75,3670,F1,1,,,,,
2026-08-25,2026-08-25,CM,NSE,STK,13734,INE020G01017,INSPIRISYS,BE,,,,,INSPIRISYS SOLUTIONS LTD,95.0,95.0,91.02,91.05,93.0,93.03,,91.05,,,3078,288437.42,33,F1,1,,,,,
2026-08-25,2026-08-25,CM,NSE,STK,30323,INE418N01035,ESSENTIA,EQ,,,,,INTEGRA ESSENTIA LIMITED,1.16,1.19,1.13,1.13,1.13,1.18,,1.13,,,5396157,6123737.61,1148,F1,1,,,,,
2026-08-25,2026-08-25,CM,NSE,STK,757905,INE0YSH01017,INTEGRITY,ST,,,,,INTEGRITY INFRABUILD DE L,165.0,165.0,165.0,165.0,165.0,164.0,,165.0,,,1200,198000.0,1,F1,1200,,,,,
2026-08-25,2026-08-25,CM,NSE,STK,5926,INE306R01017,INTELLECT,EQ,,,,,INTELLECT DESIGN ARENA,688.3,688.3,679.0,682.8,682.7,687.5,,682.76,,,128627,87787160.45,8447,F1,1,,,,,
2026-08-25,2026-08-25,CM,NSE,STK,20071,INE781A01025,INTENTECH,EQ,,,,,INTENSE TECHNOLOGIES LTD,81.55,81.99,80.0,81.38,81.88,80.24,,81.38,,,16320,1324226.94,585,F1,1,,,,,
2026-08-25,2026-08-25,CM,NSE,STK,24909,INE00M901018,INTERARCH,EQ,,,,,INTERARCH BLDNG SOLTN LTD,1692.1,1704.5,1667.0,1686.1,1680.1,1691.6,,1686.01,,,55526,93162381.6,5671,F1,1,,,,,
2026-08-25,2026-08-25,CM,NSE,STK,11195,INE646L01027,INDIGO,EQ,,,,,INTERGLOBE AVIATION LTD,5088.0,5227.5,5080.5,5218.0,5218.0,5115.0,,5218.02,,,333283,1712367103.5,28673,F1,1,,,,,
2026-08-25,2026-08-25,CM,NSE,STK,5606,INE575C01027,INTLCONV,EQ,,,,,INTL CONVEYORS LIMITED,77.01,77.46,75.0,75.42,75.0,76.66,,75.51,,,52501,3982239.18,1069,F1,1,,,,,
2026-08-25,2026-08-25,CM,NSE,STK,28378,INE0Q9301021,IGIL,EQ,,,,,INTL GEMOLOGICAL INST LTD,342.5,345.25,336.5,343.95,345.0,340.65,,343.96,,,460701,157331381.05,22308,F1,1,,,,,
2026-08-25,2026-08-25,CM,NSE,STK,18479,INE566K01011,ISFT,EQ,,,,,INTRASOFT TECH. LTD,86.12,95.95,85.35,91.44,91.5,87.41,,91.42,,,215600,19548358.79,2552,F1,1,,,,,
2026-08-25,2026-08-25,CM,NSE,STK,24870,INE878H01024,INVENTURE,EQ,,,,,INVENTURE GRO & SEC LTD,0.85,0.93,0.85,0.91,0.92,0.85,,0.91,,,2156622,1899835.61,536,F1,1,,,,,
2026-08-25,2026-08-25,CM,NSE,STK,28125,INE115Q01022,IKS,EQ,,,,,INVENTURUS KNOWLEDGE SO L,1775.6,1800.0,1766.2,1790.9,1792.0,1789.4,,1791.06,,,60597,108128558.4,10613,F1,1,,,,,
2026-08-25,2026-08-25,CM,NSE,STK,18292,INF205KA1BP1,IVZINGOLD,EQ,,,,,INVESCO INDIA GOLD ETF,140.6,140.6,138.85,140.3,140.5,140.15,,140.3,,,79894,11182885.1,399,F1,1,,,,,
2026-08-25,2026-08-25,CM,NSE,STK,24217,INF205KA1CC7,IVZINNIFTY,EQ,,,,,INVESCO INDIA NIFTY ETF,284.64,284.64,276.73,277.72,277.72,277.7,,277.72,,,6983,1934812.8,29,F1,1,,,,,
2026-08-25,2026-08-25,CM,NSE,STK,762725,INE155E01016,INVPRECQ,BE,,,,,INVESTMENT & PREC CAST L,1262.8,1288.5,1262.8,1288.5,1288.5,1288.5,,1300.0,,,6609,8384395.2,78,F1,1,,,,,
2026-08-25,2026-08-25,CM,NSE,STK,760139,INE0XJ501010,INVICTA,SM,,,,,INVICTA DIAGNOSTIC LTD,68.1,68.1,67.6,67.8,67.8,70.0,,67.8,,,6400,434400.0,4,F1,1600,,,,,
2026-08-25,2026-08-25,CM,NSE,STK,20413,INE485C01029,IOLCP,EQ,,,,,IOL CHEM AND PHARMA LTD,168.55,176.5,167.63,172.37,174.0,169.08,,172.37,,,4808790,834918231.82,38954,F1,1,,,,,
2026-08-25,2026-08-25,CM,NSE,STK,1630,INE570A01022,IONEXCHANG,EQ,,,,,ION EXCHANGE (INDIA) LTD,370.0,373.1,367.2,369.5,369.9,370.1,,369.5,,,143749,53187255.8,7156,F1,1,,,,,
2026-08-25,2026-08-25,CM,NSE,STK,764713,INE558A01019,IPRINGLTD,EQ,,,,,IP RINGS LTD.,145.0,148.99,140.03,145.0,145.0,143.68,,145.0,,,601,86237.89,52,F1,1,,,,,
2026-08-25,2026-08-25,CM,NSE,STK,1633,INE571A01038,IPCALAB,EQ,,,,,IPCA LABORATORIES LTD,1916.0,1958.6,1911.6,1928.5,1935.2,1920.4,,1928.59,,,427720,827556226.2,30429,F1,1,,,,,
2026-08-25,2026-08-25,CM,NSE,STK,15313,INE821I01022,IRB,EQ,,,,,IRB INFRA DEV LTD.,18.91,18.95,18.76,18.81,18.81,18.91,,18.81,,,5495135,103418388.12,16463,F1,1,,,,,
2026-08-25,2026-08-25,CM,NSE,STK,20817,INE183W23014,IRBINVIT,IV,,,,,IRB INVIT FUND,64.6,65.0,64.5,64.76,64.7,64.56,,64.76,,,1443007,93433463.34,4389,F1,1,,,,,
2026-08-25,2026-08-25,CM,NSE,STK,4986,INE962Y01021,IRCON,EQ,,,,,IRCON INTERNATIONAL LTD,123.08,125.57,122.25,123.35,123.53,123.1,,123.35,,,1390771,171900408.02,15625,F1,1,,,,,
2026-08-25,2026-08-25,CM,NSE,STK,1391,INE202E07138,880IREDA29,N5,,,,,IREDA 8.80NCDTR I SR II B,1118.25,1118.25,1118.25,1118.25,1118.25,1118.25,,1119.13,,,12,13419.0,1,F1,1,,,,,
2026-08-25,2026-08-25,CM,NSE,STK,2275,INE01GN01025,IRISDOREME,EQ,,,,,IRIS CLOTHINGS LIMITED,57.1,58.33,55.96,56.89,56.42,57.6,,56.89,,,971325,55438275.04,4875,F1,1,,,,,
2026-08-25,2026-08-25,CM,NSE,STK,6489,INE864K01010,IRIS,EQ,,,,,IRIS REGTECH SOLUTION LTD,242.91,244.54,235.81,238.33,237.0,242.06,,238.33,,,9079,2170441.56,396,F1,1,,,,,
2026-08-25,2026-08-25,CM,NSE,STK,19597,INE07U701015,IRMENERGY,EQ,,,,,IRM ENERGY LIMITED,282.45,283.0,276.0,277.5,278.25,281.95,,277.49,,,64440,17944652.85,2035,F1,1,,,,,
2026-08-25,2026-08-25,CM,NSE,STK,761208,INE413U07442,925ISF28,N0,,,,,ISF 9.25% 2028,9800.0,9800.0,9800.0,9800.0,9800.0,9720.01,,9800.0,,,36,352800.0,1,F1,1,,,,,
2026-08-25,2026-08-25,CM,NSE,STK,757708,INE413U07426,950ISF27C,N0,,,,,ISF 9.50% 2027,9938.83,9938.83,9938.83,9938.83,9938.83,9988.77,,9938.83,,,40,397553.2,3,F1,1,,,,,
2026-08-25,2026-08-25,CM,NSE,STK,759100,INE413U07434,965ISF28,N0,,,,,ISF 9.65% 2028,100001.0,100001.0,100000.0,100000.2,100000.0,101112.81,,100000.2,,,5,500001.0,2,F1,1,,,,,
2026-08-25,2026-08-25,CM,NSE,STK,3329,INE858B01029,ISGEC,EQ,,,,,ISGEC HEAVY ENG LTD,789.6,789.6,753.3,764.05,765.9,783.3,,764.04,,,67510,51530823.3,6643,F1,1,,,,,
2026-08-25,2026-08-25,CM,NSE,STK,30249,INE561M01018,ISHANCH,EQ,,,,,ISHAN DYES N CHEMICALS L,47.21,47.21,42.52,44.0,43.75,47.27,,44.0,,,166360,7421712.53,1266,F1,1,,,,,
2026-08-25,2026-08-25,CM,NSE,STK,10995,INE0LCW01025,ISHAN,SM,,,,,ISHAN INTERNATIONAL LTD,0.5,0.5,0.5,0.5,0.5,0.5,,0.5,,,144000,72000.0,3,F1,48000,,,,,
2026-08-25,2026-08-25,CM,NSE,STK,22645,INE0R7R01018,ITALIANE,SM,,,,,ITALIAN EDIBLES LIMITED,34.5,34.5,34.5,34.5,34.5,33.3,,34.5,,,2000,69000.0,1,F1,2000,,,,,
2026-08-25,2026-08-25,CM,NSE,STK,29251,INE379A01028,ITCHOTELS,EQ,,,,,ITC HOTELS LIMITED,165.1,167.24,164.75,166.24,166.31,164.59,,166.24,,,960827,159701413.64,17067,F1,1,,,,,
2026-08-25,2026-08-25,CM,NSE,STK,1660,INE154A01025,ITC,EQ,,,,,ITC LTD,269.7,271.4,267.65,271.4,271.4,269.7,,271.4,,,8414719,2266402903.0,144133,F1,1,,,,,
2026-08-25,2026-08-25,CM,NSE,STK,1675,INE248A01017,ITI,EQ,,,,,ITI LTD,279.0,279.85,276.0,278.15,277.3,279.0,,278.15,,,107329,29795976.7,3517,F1,1,,,,,
2026-08-25,2026-08-25,CM,NSE,STK,764723,INE478D01014,ITL,EQ,,,,,ITL INDUSTRIES LTD.,372.0,373.0,335.2,366.0,373.0,365.05,,365.62,,,5383,1913607.75,280,F1,1,,,,,
2026-08-25,2026-08-25,CM,NSE,STK,759041,INE056801025,IVALUE,EQ,,,,,IVALUE INFOSOLUTIONS LTD,286.5,288.0,278.3,280.9,280.5,284.15,,280.9,,,199974,56405262.0,6059,F1,1,,,,,
2026-08-25,2026-08-25,CM,NSE,STK,8857,INE043C01018,IVP,BE,,,,,IVP LIMITED,180.0,183.45,179.09,181.67,182.9,181.48,,181.67,,,6370,1154274.33,48,F1,1,,,,,
2026-08-25,2026-08-25,CM,NSE,STK,757644,INE1AII01014,IWARE,ST,,,,,IWARE SUPPLYCHAIN SER LTD,445.0,445.0,445.0,445.0,445.0,447.35,,445.0,,,600,267000.0,1,F1,600,,,,,
2026-08-25,2026-08-25,CM,NSE,STK,14174,INE848A01014,IZMO,EQ,,,,,IZMO LIMITED,853.0,862.0,836.1,848.1,850.4,841.25,,848.06,,,57972,49107993.7,4508,F1,1,,,,,
2026-08-25,2026-08-25,CM,NSE,STK,5633,INE168A01041,J&KBANK,EQ,,,,,J & K BANK LTD.,146.56,152.4,146.3,149.52,149.8,146.21,,149.52,,,2847499,426275492.01,24008,F1,1,,,,,
2026-08-25,2026-08-25,CM,NSE,STK,23056,INE0MB501011,JGCHEM,EQ,,,,,J.G.CHEMICALS LIMITED,608.0,608.0,575.35,579.05,580.65,608.15,,579.03,,,437478,256010350.5,14921,F1,1,,,,,
2026-08-25,2026-08-25,CM,NSE,STK,13211,INE199G01027,JAGRAN,EQ,,,,,JAGRAN PRAKASHAN LIMITED,62.0,62.2,61.41,61.65,61.61,61.94,,61.65,,,154523,9534692.72,1839,F1,1,,,,,
2026-08-25,2026-08-25,CM,NSE,STK,4410,INE048B01035,JAGSNPHARM,EQ,,,,,JAGSONPAL PHARMACEUTICALS,242.56,244.9,236.3,241.43,244.0,240.77,,241.44,,,44621,10689129.47,2051,F1,1,,,,,
2026-08-25,2026-08-25,CM,NSE,STK,11256,INE091G01026,JAIBALAJI,EQ,,,,,JAI BALAJI INDUSTRIES LTD,68.7,68.7,64.5,65.61,66.0,65.52,,65.61,,,743671,48955122.79,3539,F1,1,,,,,
2026-08-25,2026-08-25,CM,NSE,STK,5143,INE070D01027,JAICORPLTD,EQ,,,,,JAI CORP LIMITED,101.52,102.29,100.4,101.39,101.64,101.52,,101.39,,,286391,29001443.6,3557,F1,1,,,,,
2026-08-25,2026-08-25,CM,NSE,STK,25684,IN9175A01010,JISLDVREQS,EQ,,,,,JAIN DVR EQUITY SHARES,21.06,21.99,20.9,20.95,20.9,21.07,,20.95,,,7446,157895.5,54,F1,1,,,,,
2026-08-25,2026-08-25,CM,NSE,STK,10397,INE175A01038,JISLJALEQS,EQ,,,,,JAIN IRRIGATION SYSTEMS,27.75,28.39,27.5,27.95,28.0,27.95,,27.95,,,1159115,32227380.43,6178,F1,1,,,,,
2026-08-25,2026-08-25,CM,NSE,STK,759244,INE0YD401026,JAINREC,EQ,,,,,JAIN RESOURCE RECYCLING L,294.9,296.35,287.5,288.4,288.0,294.3,,288.39,,,784049,227075684.9,20937,F1,1,,,,,
2026-08-25,2026-08-25,CM,NSE,STK,758303,INE0XIL01012,JAINIK,SM,,,,,JAINIK POWER CABLES LTD,212.1,212.1,212.1,212.1,212.1,212.1,,212.1,,,2400,509040.0,2,F1,1200,,,,,
2026-08-25,2026-08-25,CM,NSE,STK,11763,INE351F01018,JPPOWER,EQ,,,,,JAIPRAKASH POWER VEN. LTD,17.1,17.15,16.91,16.97,16.99,17.1,,16.97,,,23623584,401406845.06,62257,F1,1,,,,,
2026-08-25,2026-08-25,CM,NSE,STK,20930,INE349X01015,JALAN,ST,,,,,JALAN TRANSOLU. INDIA LTD,1.95,1.95,1.95,1.95,1.95,1.95,,1.95,,,12000,23400.0,4,F1,3000,,,,,
2026-08-25,2026-08-25,CM,NSE,STK,20778,INE039C01032,JAMNAAUTO,EQ,,,,,JAMNA AUTO IND LTD,118.82,121.27,117.38,120.65,121.27,118.82,,120.65,,,1323499,157585450.92,10003,F1,1,,,,,
2026-08-25,2026-08-25,CM,NSE,STK,22663,INE953L01027,JSFB,EQ,,,,,JANA SMALL FIN BANK LTD,581.55,583.75,561.2,570.65,568.0,581.55,,570.62,,,1777402,1015222872.95,36208,F1,1,,,,,
2026-08-25,2026-08-25,CM,NSE,STK,759951,INE00YJ01010,JARO,EQ,,,,,JARO INS OF TEC MG N RE L,450.0,476.4,445.9,468.55,466.0,445.2,,468.56,,,344066,159435117.35,12330,F1,1,,,,,
2026-08-25,2026-08-25,CM,NSE,STK,13982,INE039O01029,JASH,EQ,,,,,JASH ENGINEERING LIMITED,470.05,485.9,470.05,484.3,485.45,469.7,,484.25,,,78125,37565124.5,4454,F1,1,,,,,
2026-08-25,2026-08-25,CM,NSE,STK,25037,INE0SMY01017,JAYBEE,SM,,,,,JAY BEE LAMINATIONS LTD,86.45,88.0,83.1,85.0,85.0,85.9,,85.0,,,20500,1745100.0,33,F1,500,,,,,
2026-08-25,2026-08-25,CM,NSE,STK,1708,INE571B01036,JAYBARMARU,EQ,,,,,JAY BHARAT MARUTI LTD,126.81,127.06,122.26,122.98,123.0,126.81,,122.99,,,258776,32136847.16,2972,F1,1,,,,,
2026-08-25,2026-08-25,CM,NSE,STK,10889,INE0J6801010,KORE,SM,,,,,JAY JALARAM TECHNO LTD,134.0,134.0,116.05,124.85,116.05,128.15,,124.85,,,10500,1334387.5,29,F1,250,,,,,
2026-08-25,2026-08-25,CM,NSE,STK,4041,INE785A01026,JAYAGROGN,EQ,,,,,JAYANT AGRO ORGANICS LTD,228.63,233.98,227.0,229.64,227.26,228.63,,229.52,,,24987,5754260.95,568,F1,1,,,,,
2026-08-25,2026-08-25,CM,NSE,STK,2331,INE854B01010,JAYNECOIND,EQ,,,,,JAYASWAL NECO INDUSTR LTD,103.49,105.17,100.36,100.88,100.9,104.22,,100.88,,,4832107,494443096.96,24692,F1,1,,,,,
2026-08-25,2026-08-25,CM,NSE,STK,760073,INE903A01025,JAYKAY,EQ,,,,,JAYKAY ENTERPRISES LTD,155.51,161.8,155.0,158.67,158.0,155.51,,158.67,,,376351,59768615.24,7163,F1,1,,,,,
2026-08-25,2026-08-25,CM,NSE,STK,1720,INE364A01020,JAYSREETEA,EQ,,,,,JAYSHREE TEA & INDUSTRIES,104.0,108.54,103.7,106.57,106.01,103.7,,106.58,,,343007,36737418.32,3497,F1,1,,,,,
2026-08-25,2026-08-25,CM,NSE,STK,11655,INE927D01051,JBMA,EQ,,,,,JBM AUTO LIMITED,658.95,659.5,645.4,647.55,648.25,661.45,,647.53,,,313030,203423713.15,13363,F1,1,,,,,
2026-08-25,2026-08-25,CM,NSE,STK,758115,INE0J5801029,JSLL,EQ,,,,,JEENA SIKHO LIFECARE LTD,515.0,519.0,509.0,516.3,515.35,511.3,,516.31,,,277056,142536432.85,13319,F1,1,,,,,
2026-08-25,2026-08-25,CM,NSE,STK,764728,INE354A01013,JENBURPH,EQ,,,,,JENBURKT PHARMACEUTICAL L,1069.9,1069.9,1037.8,1046.2,1055.0,1043.8,,1051.25,,,2829,2968790.1,57,F1,1,,,,,
2026-08-25,2026-08-25,CM,NSE,STK,7211,INE982V01025,JETFREIGHT,EQ,,,,,JET FREIGHT LOGISTICS LTD,22.73,23.0,22.0,22.32,22.59,22.51,,22.32,,,276255,6239235.18,1796,F1,1,,,,,
2026-08-25,2026-08-25,CM,NSE,STK,18700,INE564T01017,JETKNIT,ST,,,,,JET KNITWEARS LTD.,53.6,53.6,53.6,53.6,53.6,56.4,,53.6,,,750,40200.0,1,F1,750,,,,,
2026-08-25,2026-08-25,CM,NSE,STK,25150,INE0RXB01022,JEYYAM,ST,,,,,JEYYAM GLOBAL FOODS LTD,23.4,23.4,22.55,23.35,23.35,23.0,,23.35,,,14000,324500.0,7,F1,2000,,,,,
2026-08-25,2026-08-25,CM,NSE,STK,10885,INE0LA901015,JFLLIFE,SM,,,,,JFL LIFE SCIENCES LIMITED,10.65,10.65,10.45,10.45,10.45,10.95,,10.45,,,36000,380400.0,6,F1,6000,,,,,
2026-08-25,2026-08-25,CM,NSE,STK,13720,INE544H01014,JHS,EQ,,,,,JHS SVEND. LAB. LTD,9.05,9.3,8.66,8.89,8.85,9.01,,8.89,,,67127,598855.66,289,F1,1,,,,,
2026-08-25,2026-08-25,CM,NSE,STK,24145,INE03DD01011,RETAIL,EQ,,,,,JHS SVENDGAARD RETAIL V L,18.0,18.0,16.52,17.4,17.44,17.0,,17.42,,,6572,114416.34,54,F1,1,,,,,
2026-08-25,2026-08-25,CM,NSE,STK,31507,INE147P01019,JPOLYINVST,EQ,,,,,JIND POL INV & FIN CO LTD,949.4,961.8,940.2,953.6,951.5,946.1,,953.63,,,2399,2283267.1,494,F1,1,,,,,
2026-08-25,2026-08-25,CM,NSE,STK,13875,INE742C01031,JINDRILL,EQ,,,,,JINDAL DRILLING IND. LTD,630.9,633.4,613.1,615.9,617.0,630.95,,615.91,,,183424,113830872.85,7105,F1,1,,,,,
2026-08-25,2026-08-25,CM,NSE,STK,11743,INE796G01012,JINDALPHOT,EQ,,,,,JINDAL PHOTO LIMITED,1022.0,1059.8,1022.0,1051.2,1057.9,1019.8,,1051.18,,,1889,1973547.7,220,F1,1,,,,,
2026-08-25,2026-08-25,CM,NSE,STK,1756,INE197D01010,JINDALPOLY,EQ,,,,,JINDAL POLY FILMS LIMITED,640.0,655.5,632.1,646.6,643.9,636.85,,646.52,,,12983,8390073.55,818,F1,1,,,,,
2026-08-25,2026-08-25,CM,NSE,STK,3024,INE324A01032,JINDALSAW,EQ,,,,,JINDAL SAW LIMITED,287.25,289.8,281.0,281.75,281.55,287.25,,281.76,,,909612,258099841.6,17897,F1,1,,,,,
2026-08-25,2026-08-25,CM,NSE,STK,11236,INE220G01021,JSL,EQ,,,,,JINDAL STAINLESS LIMITED,702.9,707.25,696.65,701.4,704.3,702.4,,701.39,,,161234,112948668.25,13203,F1,1,,,,,
2026-08-25,2026-08-25,CM,NSE,STK,6733,INE749A01030,JINDALSTEL,EQ,,,,,JINDAL STEEL LIMITED,1147.9,1157.0,1140.1,1154.1,1154.1,1149.0,,1154.09,,,670829,770189965.9,20038,F1,1,,,,,
2026-08-25,2026-08-25,CM,NSE,STK,20642,INE247D01039,JINDWORLD,EQ,,,,,JINDAL WORLDWIDE LTD,35.6,35.64,34.8,34.96,35.14,35.7,,34.96,,,1455958,51025285.33,7315,F1,1,,,,,
2026-08-25,2026-08-25,CM,NSE,STK,759205,INE1FF001016,JKIPL,EQ,,,,,JINKUSHAL INDUSTRIES LTD,102.0,104.4,102.0,103.33,102.35,104.4,,103.31,,,17120,1760438.11,240,F1,1,,,,,
2026-08-25,2026-08-25,CM,NSE,STK,18143,INE758E01017,JIOFIN,EQ,,,,,JIO FIN SERVICES LTD,242.0,243.15,240.4,243.15,243.15,242.0,,243.13,,,9800689,2366584571.15,59734,F1,1,,,,,
2026-08-25,2026-08-25,CM,NSE,STK,765307,INF22M001184,NIFTYJBLK,EQ,,,,,JIOBLACKROCKAMC-NIFTYJBLK,12.65,12.65,12.35,12.42,12.48,12.4,,12.42,,,131697,1634116.06,551,F1,1,,,,,
2026-08-25,2026-08-25,CM,NSE,STK,19691,INE863T01013,JITFINFRA,EQ,,,,,JITF INFRALOGISTICS LTD,318.85,325.5,316.0,318.55,316.2,316.35,,318.54,,,12949,4140633.85,472,F1,1,,,,,
2026-08-25,2026-08-25,CM,NSE,STK,18558,INE0N5H01017,JIWANRAM,SM,,,,,JIWANRAM SHEODUTTRA IND L,5.55,5.55,4.75,4.75,4.75,5.0,,4.75,,,30000,151500.0,5,F1,6000,,,,,
2026-08-25,2026-08-25,CM,NSE,STK,13270,INE823G01014,JKCEMENT,EQ,,,,,JK CEMENT LIMITED,5244.0,5245.0,5171.0,5197.5,5204.5,5215.5,,5197.34,,,12441,64615416.5,3481,F1,1,,,,,
2026-08-25,2026-08-25,CM,NSE,STK,13491,INE786A01032,JKLAKSHMI,EQ,,,,,JK LAKSHMI CEMENT LTD,554.9,558.0,540.45,542.45,542.5,554.9,,542.44,,,166979,91025021.15,14446,F1,1,,,,,
2026-08-25,2026-08-25,CM,NSE,STK,11860,INE789E01012,JKPAPER,EQ,,,,,JK PAPER LIMITED,393.3,393.5,386.45,388.9,390.2,393.3,,388.91,,,214145,83537797.1,7152,F1,1,,,,,
2026-08-25,2026-08-25,CM,NSE,STK,14435,INE573A01042,JKTYRE,EQ,,,,,JK TYRE & INDUSTRIES LTD,382.0,383.55,380.0,380.65,380.1,382.6,,380.65,,,193842,73807920.95,6910,F1,1,,,,,
2026-08-25,2026-08-25,CM,NSE,STK,15266,INE576I01022,JKIL,EQ,,,,,JKUMAR INFR.LTD.,504.65,505.0,495.8,497.05,497.0,504.65,,497.06,,,32313,16117669.6,2683,F1,1,,,,,
2026-08-25,2026-08-25,CM,NSE,STK,13637,INE780C01023,JMFINANCIL,EQ,,,,,JM FINANCIAL LIMITED,130.58,133.45,129.35,130.39,130.34,129.5,,130.39,,,5034536,659534929.19,31379,F1,1,,,,,
2026-08-25,2026-08-25,CM,NSE,STK,23621,INE0OAF01028,JNKINDIA,EQ,,,,,JNK INDIA LIMITED,453.5,461.95,447.0,453.7,451.9,450.0,,453.51,,,116110,52774642.7,4215,F1,1,,,,,
2026-08-25,2026-08-25,CM,NSE,STK,16931,INE839G01010,JOCIL,BE,,,,,JOCIL LIMITED,148.0,154.0,146.52,153.17,153.0,148.0,,153.17,,,9979,1513268.77,77,F1,1,,,,,
2026-08-25,2026-08-25,CM,NSE,STK,762623,INE515A01019,COCKERILL,EQ,,,,,JOHN COCKERILL INDIA LTD.,8079.0,8143.0,7856.0,7889.5,7949.5,8047.5,,7889.87,,,5112,40709333.5,1594,F1,1,,,,,
2026-08-25,2026-08-25,CM,NSE,STK,758460,INE718I01012,JSWCEMENT,EQ,,,,,JSW CEMENT LIMITED,126.8,126.94,124.1,124.99,125.1,126.79,,124.99,,,560460,70113935.17,12757,F1,1,,,,,
2026-08-25,2026-08-25,CM,NSE,STK,1467,INE133A01011,JSWDULUX,EQ,,,,,JSW DULUX LIMITED,3137.3,3139.9,3088.0,3114.3,3120.0,3122.9,,3114.22,,,9079,28263891.2,2891,F1,1,,,,,
2026-08-25,2026-08-25,CM,NSE,STK,17869,INE121E01018,JSWENERGY,EQ,,,,,JSW ENERGY LIMITED,544.55,548.4,539.15,548.4,548.4,544.7,,548.12,,,1268060,687583069.4,31428,F1,1,,,,,
2026-08-25,2026-08-25,CM,NSE,STK,11880,INE824G01012,JSWHL,EQ,,,,,JSW HOLDINGS LIMITED,11360.0,11506.0,11112.0,11446.0,11470.0,11161.0,,11445.51,,,2861,32237304.0,1186,F1,1,,,,,
2026-08-25,2026-08-25,CM,NSE,STK,19020,INE880J01026,JSWINFRA,EQ,,,,,JSW INFRASTRUCTURE LTD,340.2,345.5,337.85,343.95,344.85,340.2,,343.93,,,2348613,804350859.4,40572,F1,1,,,,,
2026-08-25,2026-08-25,CM,NSE,STK,11723,INE019A01038,JSWSTEEL,EQ,,,,,JSW STEEL LIMITED,1326.0,1326.3,1310.1,1320.3,1320.3,1327.0,,1320.31,,,1234494,1624948871.7,75974,F1,1,,,,,
2026-08-25,2026-08-25,CM,NSE,STK,3237,INE643A01035,JTEKTINDIA,EQ,,,,,JTEKT INDIA LIMITED,127.2,127.48,125.0,125.61,125.54,126.54,,125.61,,,102312,12897395.07,1706,F1,1,,,,,
2026-08-25,2026-08-25,CM,NSE,STK,7287,INE391J01032,JTLIND,EQ,,,,,JTL INDUSTRIES LIMITED,79.24,79.9,78.35,78.82,79.0,79.52,,78.81,,,934708,73856448.54,6584,F1,1,,,,,
2026-08-25,2026-08-25,CM,NSE,STK,29590,INE03CC01015,JUBLCPL,EQ,,,,,JUBILANT AGRI N CON PRO L,2127.1,2198.0,2120.7,2139.5,2142.0,2127.1,,2139.22,,,5315,11440969.0,599,F1,1,,,,,
2026-08-25,2026-08-25,CM,NSE,STK,18096,INE797F01020,JUBLFOOD,EQ,,,,,JUBILANT FOODWORKS LTD,506.5,515.0,504.95,515.0,515.0,507.9,,514.84,,,2203796,1123951775.4,39474,F1,1,,,,,
2026-08-25,2026-08-25,CM,NSE,STK,2783,INE0BY001018,JUBLINGREA,EQ,,,,,JUBILANT INGREVIA LIMITED,711.25,720.8,705.0,706.8,705.65,708.2,,706.81,,,135879,96750621.9,9789,F1,1,,,,,
2026-08-25,2026-08-25,CM,NSE,STK,3637,INE700A01033,JUBLPHARMA,EQ,,,,,JUBILANT PHARMOVA LTD,905.3,921.7,892.7,896.65,896.0,902.7,,896.66,,,191721,174053541.15,13803,F1,1,,,,,
2026-08-25,2026-08-25,CM,NSE,STK,7109,INE412C01023,JMA,EQ,,,,,JULLUNDUR MOT AGENCY LTD,88.0,90.0,87.51,89.54,89.5,88.96,,89.54,,,8811,781458.17,52,F1,1,,,,,
2026-08-25,2026-08-25,CM,NSE,STK,764408,INE05C901015,JNPR,EQ,,,,,JUNIPER GREEN ENERGY LTD,260.7,268.65,257.01,258.96,259.7,261.99,,258.96,,,709261,185206157.1,21993,F1,1,,,,,
2026-08-25,2026-08-25,CM,NSE,STK,22824,INE696F01016,JUNIPER,EQ,,,,,JUNIPER HOTELS LIMITED,209.9,213.37,205.6,211.67,212.0,209.12,,211.67,,,179523,37554863.93,3586,F1,1,,,,,
2026-08-25,2026-08-25,CM,NSE,STK,18553,INE682M01020,JLHL,EQ,,,,,JUPITER LIFE LINE HOSP L,308.0,308.0,295.15,298.7,301.25,307.85,,298.66,,,330397,98875841.55,10381,F1,1,,,,,
2026-08-25,2026-08-25,CM,NSE,STK,20224,INE209L01016,JWL,EQ,,,,,JUPITER WAGONS LIMITED,248.4,253.45,245.25,246.9,247.15,247.85,,246.94,,,625980,155328487.55,12372,F1,1,,,,,
2026-08-25,2026-08-25,CM,NSE,STK,29962,INE599M01018,JUSTDIAL,EQ,,,,,JUSTDIAL LTD.,664.95,666.0,652.6,655.45,653.6,664.95,,655.44,,,73841,48552267.7,4827,F1,1,,,,,
2026-08-25,2026-08-25,CM,NSE,STK,15146,INE668F01031,JYOTHYLAB,EQ,,,,,JYOTHY LABS LIMITED,213.3,214.14,210.0,212.64,212.7,212.57,,212.63,,,915660,194375211.63,16462,F1,1,,,,,
2026-08-25,2026-08-25,CM,NSE,STK,21334,INE980O01024,JYOTICNC,EQ,,,,,JYOTI CNC AUTOMATION LTD,980.25,1007.1,976.95,989.95,997.0,980.25,,989.93,,,903848,897283497.3,32474,F1,1,,,,,
2026-08-25,2026-08-25,CM,NSE,STK,764733,INE577D01013,JYOTIRES,EQ,,,,,JYOTI RESINS & ADHESIVE L,853.4,879.75,835.3,864.6,879.75,860.5,,863.54,,,16021,13560702.05,1119,F1,1,,,,,
2026-08-25,2026-08-25,CM,NSE,STK,1802,INE197A01024,JYOTISTRUC,EQ,,,,,JYOTI STRUCTURES LTD,10.65,10.73,10.41,10.5,10.52,10.67,,10.5,,,4241824,44773509.87,3445,F1,1,,,,,
2026-08-25,2026-08-25,CM,NSE,STK,764743,INE533C01018,KJMCFIN,EQ,,,,,K J M C FINANCIAL SERV L,64.56,77.0,64.56,71.97,70.26,71.73,,71.63,,,13899,975630.06,260,F1,1,,,,,
2026-08-25,2026-08-25,CM,NSE,STK,764748,INE879K01018,KMCSHIL,EQ,,,,,K M C SPECIALITY HOSP I L,139.6,141.6,137.5,140.22,140.9,139.25,,140.12,,,72174,10019087.9,1389,F1,1,,,,,
2026-08-25,2026-08-25,CM,NSE,STK,14667,INE157H01023,KMSUGAR,EQ,,,,,K M SUGAR MILLS LTD,34.04,35.0,31.12,32.48,32.65,34.05,,32.5,,,552868,18206012.89,2586,F1,1,,,,,
2026-08-25,2026-08-25,CM,NSE,STK,27079,INE127T01021,KPEL,EQ,,,,,K.P. ENERGY LIMITED,257.0,257.0,249.65,253.45,254.65,256.75,,253.41,,,229515,57941826.7,4904,F1,1,,,,,
2026-08-25,2026-08-25,CM,NSE,STK,23462,INE0DEZ01013,K2INFRA,ST,,,,,K2 INFRAGEN LIMITED,50.4,51.85,48.95,50.55,51.0,50.4,,50.55,,,18000,897000.0,27,F1,600,,,,,
2026-08-25,2026-08-25,CM,NSE,STK,1805,INE900B01029,KABRAEXTRU,EQ,,,,,KABRA EXTRUSION TECHNIK L,611.95,616.45,591.25,609.15,612.0,611.1,,609.2,,,270498,163319969.6,10294,F1,1,,,,,
2026-08-25,2026-08-25,CM,NSE,STK,29192,INE0XOW01017,KKJEWELS,SM,,,,,KABRA JEWELS LIMITED,98.55,100.8,98.0,98.5,98.5,98.2,,98.5,,,9000,889150.0,9,F1,1000,,,,,
2026-08-25,2026-08-25,CM,NSE,STK,1808,INE217B01036,KAJARIACER,EQ,,,,,KAJARIA CERAMICS LTD,1205.6,1227.0,1192.4,1213.9,1214.9,1205.6,,1213.91,,,164716,199616280.7,10397,F1,1,,,,,
2026-08-25,2026-08-25,CM,NSE,STK,1811,INE437B01014,KAKATCEM,EQ,,,,,KAKATIYA CEM SUGAR &IND L,118.85,118.85,115.0,115.62,115.0,117.38,,115.62,,,1346,156597.1,247,F1,1,,,,,
2026-08-25,2026-08-25,CM,NSE,STK,25443,INE0T0L01014,KALANA,SM,,,,,KALANA ISPAT LIMITED,26.75,26.75,25.7,26.6,26.6,25.5,,26.6,,,48000,1277600.0,21,F1,2000,,,,,
2026-08-25,2026-08-25,CM,NSE,STK,758558,INE227J01012,KALPATARU,EQ,,,,,KALPATARU LIMITED,289.7,289.7,277.5,279.15,278.0,286.9,,279.14,,,32954,9272378.45,1168,F1,1,,,,,
2026-08-25,2026-08-25,CM,NSE,STK,1814,INE220B01022,KPIL,EQ,,,,,KALPATARU PROJECT INT LTD,1388.9,1402.7,1380.5,1384.4,1385.0,1388.9,,1384.4,,,130685,181512421.3,15580,F1,1,,,,,
2026-08-25,2026-08-25,CM,NSE,STK,2955,INE303R01014,KALYANKJIL,EQ,,,,,KALYAN JEWELLERS IND LTD,607.95,625.3,604.25,612.6,612.6,607.95,,612.28,,,11752343,7223799240.05,100012,F1,1,,,,,
2026-08-25,2026-08-25,CM,NSE,STK,15156,INE314G01014,KALYANIFRG,EQ,,,,,KALYANI FORGE LIMITED,684.9,684.9,666.2,677.95,672.0,679.8,,678.17,,,656,442677.55,100,F1,1,,,,,
2026-08-25,2026-08-25,CM,NSE,STK,21119,INE029L01018,KICL,EQ,,,,,KALYANI INVEST CO LTD,5268.0,5340.0,5219.0,5238.0,5231.0,5272.5,,5236.46,,,406,2135745.5,131,F1,1,,,,,
2026-08-25,2026-08-25,CM,NSE,STK,18889,INE907A01026,KSL,EQ,,,,,KALYANI STEELS LIMITED,879.0,885.3,866.3,874.2,879.0,876.45,,874.21,,,18022,15759861.5,1615,F1,1,,,,,
2026-08-25,2026-08-25,CM,NSE,STK,762732,INE411F01010,KAMAHOLD,EQ,,,,,KAMA HOLDINGS LTD.,2430.2,2443.9,2387.8,2394.4,2409.6,2417.4,,2395.86,,,6974,16760421.9,887,F1,1,,,,,
2026-08-25,2026-08-25,CM,NSE,STK,764738,INE344D01018,KAMANWALA,EQ,,,,,KAMANWALA HOUSING CONST L,17.5,17.5,16.5,16.56,16.5,16.97,,16.56,,,596,9921.15,20,F1,1,,,,,
2026-08-25,2026-08-25,CM,NSE,STK,1826,INE967C01018,KAMATHOTEL,EQ,,,,,KAMAT HOTELS (I) LTD,223.0,229.8,215.0,227.2,229.44,225.94,,227.2,,,163009,36070365.7,4206,F1,1,,,,,
2026-08-25,2026-08-25,CM,NSE,STK,13461,INE390H01020,KAMDHENU,BE,,,,,KAMDHENU LIMITED,34.0,35.99,34.0,35.44,35.5,34.57,,35.42,,,853936,30086969.51,2008,F1,1,,,,,
2026-08-25,2026-08-25,CM,NSE,STK,13814,INE0BTI01037,KAMOPAINTS,EQ,,,,,KAMDHENU VENTURES LIMITED,4.63,4.84,4.5,4.58,4.58,4.62,,4.58,,,212004,981828.7,722,F1,1,,,,,
2026-08-25,2026-08-25,CM,NSE,STK,25786,INE879E01037,KANANIIND,EQ,,,,,KANANI INDUSTRIES LTD,1.52,1.52,1.45,1.45,1.45,1.49,,1.45,,,142464,209551.74,238,F1,1,,,,,
2026-08-25,2026-08-25,CM,NSE,STK,762737,INE081G01019,KANCHI,EQ,,,,,KANCHI KARPOORAM LTD.,392.3,392.3,382.3,392.3,392.3,373.65,,392.3,,,8126,3186495.3,152,F1,1,,,,,
2026-08-25,2026-08-25,CM,NSE,STK,765090,INE398L01017,KANCOTEA,EQ,,,,,KANCO TEA & INDS. LTD.,56.35,56.45,51.65,56.45,56.45,56.35,,56.45,,,106,5506.95,6,F1,1,,,,,
2026-08-25,2026-08-25,CM,NSE,STK,11208,INE0MOT01016,KANDARP,SM,,,,,KANDARP DG SMART BPO LTD,104.0,104.0,97.55,102.9,102.9,99.9,,102.9,,,63000,6337800.0,28,F1,1000,,,,,
2026-08-25,2026-08-25,CM,NSE,STK,9805,INE138C01024,KANORICHEM,BE,,,,,KANORIACHEMICALS-,156.45,162.0,152.5,158.95,155.73,154.67,,159.14,,,113269,17842649.49,360,F1,1,,,,,
2026-08-25,2026-08-25,CM,NSE,STK,1782,INE694E01014,KANPRPLA,EQ,,,,,KANPUR PLASTIPACK LIMITED,278.4,283.14,276.01,277.19,276.66,275.96,,277.17,,,53611,14970109.12,1519,F1,1,,,,,
2026-08-25,2026-08-25,CM,NSE,STK,1196,INE531A01024,KANSAINER,EQ,,,,,KANSAI NEROLAC PAINTS LTD,201.66,202.99,198.55,200.43,200.49,201.56,,200.45,,,114463,22938917.44,3513,F1,1,,,,,
2026-08-25,2026-08-25,CM,NSE,STK,18967,INE542Z01028,KAPSTON,EQ,,,,,KAPSTON SERVICES LIMITED,512.2,519.25,502.6,511.5,515.0,512.2,,511.5,,,39865,20371782.8,2013,F1,1,,,,,
2026-08-25,2026-08-25,CM,NSE,STK,24385,INE725L01011,KARMAENG,EQ,,,,,KARMA ENERGY LIMITED,38.21,38.99,37.65,38.2,38.79,38.21,,38.2,,,3120,119027.93,47,F1,1,,,,,
2026-08-25,2026-08-25,CM,NSE,STK,8054,INE614B01018,KTKBANK,EQ,,,,,KARNATAKA BANK LIMITED,333.25,337.7,332.0,334.6,335.85,333.25,,334.59,,,2784058,930657126.45,34203,F1,1,,,,,
2026-08-25,2026-08-25,CM,NSE,STK,19465,INE0MGA01012,KARNIKA,SM,,,,,KARNIKA INDUSTRIES LTD,115.0,116.0,112.45,114.45,114.0,115.3,,114.45,,,50000,5701350.0,34,F1,1000,,,,,
2026-08-25,2026-08-25,CM,NSE,STK,1838,INE036D01028,KARURVYSYA,EQ,,,,,KARUR VYSYA BANK LTD,337.95,347.9,337.0,346.0,345.55,338.15,,346.0,,,2922187,1010032607.2,46484,F1,1,,,,,
2026-08-25,2026-08-25,CM,NSE,STK,24528,INE0SVY01018,KATARIA,SM,,,,,KATARIA INDUSTRIES LTD,105.7,106.0,104.1,104.1,104.1,106.0,,104.1,,,3000,316680.0,4,F1,600,,,,,
2026-08-25,2026-08-25,CM,NSE,STK,15140,INE234I01028,KAUSHALYA,BE,,,,,KAUSHALYA INFRA DEV LTD.,885.0,892.8,861.4,883.8,861.4,885.0,,883.8,,,91,80446.85,19,F1,1,,,,,
2026-08-25,2026-08-25,CM,NSE,STK,21186,INE0Q2V01012,KLL,SM,,,,,KAUSHALYA LOGISTICS LTD,22.9,22.9,22.2,22.5,22.2,22.9,,22.5,,,4800,107720.0,6,F1,800,,,,,
2026-08-25,2026-08-25,CM,NSE,STK,14972,INE455I01029,KSCL,EQ,,,,,KAVERI SEED CO. LTD.,768.35,793.6,760.85,786.85,786.1,768.35,,786.85,,,291436,228633162.25,9487,F1,1,,,,,
2026-08-25,2026-08-25,CM,NSE,STK,15244,INE641C01019,KAVDEFENCE,EQ,,,,,KAVVERI DFS & WIR TEC LTD,57.2,62.09,56.8,59.51,60.0,57.12,,59.51,,,311832,18526865.3,2100,F1,1,,,,,
2026-08-25,2026-08-25,CM,NSE,STK,21173,INE0RCG01017,KCEIL,SM,,,,,KAY CEE ENERGY & INFRA L,82.1,84.5,82.05,83.4,83.95,82.55,,83.4,,,11000,918575.0,20,F1,500,,,,,
2026-08-25,2026-08-25,CM,NSE,STK,10282,INE587G01015,KAYA,BE,,,,,KAYA LIMITED,367.35,375.0,349.0,349.85,352.0,367.35,,349.85,,,23219,8151954.5,182,F1,1,,,,,
2026-08-25,2026-08-25,CM,NSE,STK,12092,INE918Z01012,KAYNES,EQ,,,,,KAYNES TECHNOLOGY IND LTD,3859.3,3996.5,3804.0,3936.0,3936.0,3840.2,,3935.7,,,1815929,7145310632.0,136426,F1,1,,,,,
2026-08-25,2026-08-25,CM,NSE,STK,758868,INE13ZD01013,KAYTEX,SM,,,,,KAYTEX FABRICS LIMITED,59.25,59.25,58.0,58.5,58.5,60.0,,58.5,,,2400,140600.0,3,F1,800,,,,,
2026-08-25,2026-08-25,CM,NSE,STK,10296,INE0J1E01027,KCK,ST,,,,,KCK INDUSTRIES LTD,13.75,14.4,13.75,13.95,14.4,14.45,,13.95,,,70000,971500.0,20,F1,2500,,,,,
2026-08-25,2026-08-25,CM,NSE,STK,1841,INE805C01028,KCP,EQ,,,,,KCP LTD,174.51,178.46,171.57,177.06,176.35,176.62,,177.04,,,301672,52847895.61,5096,F1,1,,,,,
2026-08-25,2026-08-25,CM,NSE,STK,8849,INE790B01024,KCPSUGIND,BE,,,,,KCPSUGARINDUS,33.85,34.75,32.6,33.68,34.0,34.31,,33.67,,,209322,7001337.06,571,F1,1,,,,,
2026-08-25,2026-08-25,CM,NSE,STK,14908,INE291D01011,KDDL,EQ,,,,,KDDL LIMITED,3900.0,4011.5,3855.3,3924.6,3927.3,3848.7,,3924.9,,,71886,284659989.7,9813,F1,1,,,,,
2026-08-25,2026-08-25,CM,NSE,STK,13260,INE389H01022,KEC,EQ,,,,,KEC INTL. LIMITED,430.5,433.9,425.2,426.35,426.0,431.35,,426.35,,,608190,260250143.05,14883,F1,1,,,,,
2026-08-25,2026-08-25,CM,NSE,STK,13310,INE878B01027,KEI,EQ,,,,,KEI INDUSTRIES LTD.,5496.0,5590.2,5482.9,5588.0,5588.0,5494.0,,5587.75,,,435936,2411332705.6,38064,F1,1,,,,,
2026-08-25,2026-08-25,CM,NSE,STK,13430,INE164B01030,KELLTONTEC,EQ,,,,,KELLTON TECH SOL LTD,13.76,14.05,13.55,13.63,13.65,13.76,,13.63,,,1302102,17862723.12,3571,F1,1,,,,,
2026-08-25,2026-08-25,CM,NSE,STK,29547,INE15DO01012,KEN,SM,,,,,KEN ENTERPRISES LIMITED,39.55,40.1,39.55,40.05,40.1,39.9,,40.05,,,9600,382860.0,8,F1,1200,,,,,
2026-08-25,2026-08-25,CM,NSE,STK,11841,INE717A01029,KENNAMET,EQ,,,,,KENNAMETAL INDIA LIMITED,4190.0,4241.9,4103.0,4132.1,4110.0,4232.0,,4131.17,,,28142,116728243.3,6046,F1,1,,,,,
2026-08-25,2026-08-25,CM,NSE,STK,13121,INE202H01019,KERNEX,EQ,,,,,KERNEX MICROSYS(I) LTD,1958.0,1959.0,1885.6,1899.4,1905.0,1966.8,,1899.41,,,163771,312084764.7,11878,F1,1,,,,,
2026-08-25,2026-08-25,CM,NSE,STK,4981,INE087A01019,KESORAMIND,BE,,,,,KESORAM INDUSTRIES LTD,11.35,11.35,11.33,11.33,11.33,11.35,,11.34,,,106597,1208857.89,206,F1,1,,,,,
2026-08-25,2026-08-25,CM,NSE,STK,13381,INE401H01017,KKCL,EQ,,,,,KEWAL KIRAN CLOTHING LTD,523.0,523.0,512.8,515.45,515.0,522.9,,515.42,,,13202,6818186.75,1273,F1,1,,,,,
2026-08-25,2026-08-25,CM,NSE,STK,4157,INE681C01015,KEYFINSERV,EQ,,,,,KEYNOTE FIN SERV LTD.,260.0,267.95,255.0,256.45,255.6,263.0,,256.42,,,1585,409052.55,58,F1,1,,,,,
2026-08-25,2026-08-25,CM,NSE,STK,12219,INE263M01029,RUSTOMJEE,EQ,,,,,KEYSTONE REALTORS LIMITED,376.2,379.6,372.0,374.2,372.0,379.05,,374.18,,,24484,9212417.05,978,F1,1,,,,,
2026-08-25,2026-08-25,CM,NSE,STK,13359,INE138Y01010,KFINTECH,EQ,,,,,KFIN TECHNOLOGIES LIMITED,970.0,976.6,956.2,966.0,966.0,969.9,,966.0,,,707013,682017946.75,17691,F1,1,,,,,
2026-08-25,2026-08-25,CM,NSE,STK,433,INE834I01025,KHADIM,BE,,,,,KHADIM INDIA LIMITED,105.29,106.94,103.3,106.94,106.94,101.85,,107.02,,,38493,4093030.51,174,F1,1,,,,,
2026-08-25,2026-08-25,CM,NSE,STK,3912,INE731C01018,KHAITANLTD,EQ,,,,,KHAITAN (INDIA)LTD.,151.8,151.8,144.01,146.98,148.9,151.94,,147.47,,,1954,288278.16,56,F1,1,,,,,
2026-08-25,2026-08-25,CM,NSE,STK,896,INE745B01028,KHAICHEM,EQ,,,,,KHAITAN CHEM & FERT LTD,54.21,58.79,54.21,56.75,56.8,53.96,,56.76,,,897796,51427162.49,6616,F1,1,,,,,
2026-08-25,2026-08-25,CM,NSE,STK,9641,INE060B01014,KHANDSE,EQ,,,,,KHANDWALA SECURITIES LTD,18.15,18.5,17.0,17.09,17.09,17.11,,17.09,,,3694,65990.56,32,F1,1,,,,,
2026-08-25,2026-08-25,CM,NSE,STK,9570,INE00UG01014,KHFM,SM,,,,,KHFM HOS FAC MANA SER LTD,43.45,44.95,42.0,44.95,44.95,45.3,,44.95,,,17050,736560.0,11,F1,1550,,,,,
2026-08-25,2026-08-25,CM,NSE,STK,762747,INE338F01015,KLBRENG-B,EQ,,,,,KILBURN ENGINEERING LTD.,400.0,400.0,389.05,393.9,393.2,398.35,,393.91,,,188822,74433488.3,4250,F1,1,,,,,
2026-08-25,2026-08-25,CM,NSE,STK,19941,INE729D01010,KILITCH,BE,,,,,KILITCH DRUGS INDIA LTD,165.9,175.1,164.4,171.04,172.38,166.89,,171.21,,,28059,4772292.07,248,F1,1,,,,,
2026-08-25,2026-08-25,CM,NSE,STK,18944,INE473D01015,KINGFA,EQ,,,,,KINGFA SCI & TEC IND LTD.,5837.0,5946.0,5731.0,5909.5,5905.0,5744.0,,5909.45,,,12406,72771531.5,3466,F1,1,,,,,
2026-08-25,2026-08-25,CM,NSE,STK,19126,INE880L01014,KIOCL,EQ,,,,,KIOCL LIMITED,387.7,389.25,379.0,379.8,380.0,388.3,,379.81,,,91621,35037375.8,3393,F1,1,,,,,
2026-08-25,2026-08-25,CM,NSE,STK,762742,INE555P01013,KIRANVYPAR,EQ,,,,,KIRAN VYAPAR LTD.,202.99,203.0,200.35,202.5,202.5,200.99,,201.64,,,4556,923221.47,29,F1,1,,,,,
2026-08-25,2026-08-25,CM,NSE,STK,16639,INE415I01015,KIRIINDUS,EQ,,,,,KIRI INDUSTRIES LIMITED,506.0,511.0,496.8,498.7,497.5,502.4,,498.7,,,842684,424189087.4,18150,F1,1,,,,,
2026-08-25,2026-08-25,CM,NSE,STK,18581,INE732A01036,KIRLOSBROS,EQ,,,,,KIRLOSKAR BROTHERS LTD,1939.1,1939.1,1886.0,1899.0,1900.0,1922.4,,1899.09,,,28327,53834652.8,4523,F1,1,,,,,
2026-08-25,2026-08-25,CM,NSE,STK,18220,INE134B01017,KECL,EQ,,,,,KIRLOSKAR ELECTRIC CO LTD,132.4,132.4,128.25,129.03,129.0,131.57,,129.05,,,122655,15929282.92,1864,F1,1,,,,,
2026-08-25,2026-08-25,CM,NSE,STK,14466,INE884B01025,KIRLFER,EQ,,,,,KIRLOSKAR FERROUS IND LTD,441.4,444.25,436.0,442.5,442.8,444.1,,442.39,,,19763,8703603.45,1557,F1,1,,,,,
2026-08-25,2026-08-25,CM,NSE,STK,19025,INE250A01039,KIRLOSIND,EQ,,,,,KIRLOSKAR INDUSTRIES LTD,3633.9,3714.6,3633.9,3701.1,3710.0,3663.8,,3703.14,,,1755,6458218.9,603,F1,1,,,,,
2026-08-25,2026-08-25,CM,NSE,STK,20936,INE146L01010,KIRLOSENG,EQ,,,,,KIRLOSKAR OIL ENG LTD,2075.0,2088.2,2025.8,2029.3,2028.0,2068.3,,2029.31,,,270982,553186315.1,36137,F1,1,,,,,
2026-08-25,2026-08-25,CM,NSE,STK,15180,INE811A01038,KIRLPNU,EQ,,,,,KIRLOSKAR PNEUMATIC COM L,729.9,736.9,716.1,721.9,721.3,729.6,,721.97,,,98887,71529046.2,9297,F1,1,,,,,
2026-08-25,2026-08-25,CM,NSE,STK,28899,INE602G01020,KITEX,EQ,,,,,KITEX GARMENTS LTD,127.16,127.97,125.68,126.56,126.7,127.16,,126.53,,,233788,29641190.38,2878,F1,1,,,,,
2026-08-25,2026-08-25,CM,NSE,STK,760923,INE0KNW01016,KNAGRI,EQ,,,,,KN AGRI RESOURCES LIMITED,225.0,227.69,213.25,218.01,218.87,221.2,,218.01,,,72200,15737627.82,831,F1,1,,,,,
2026-08-25,2026-08-25,CM,NSE,STK,763839,INE17QZ01016,KNACK,EQ,,,,,KNACK PACKAGING LIMITED,203.0,203.9,194.6,196.58,197.5,202.03,,196.58,,,1003094,198566526.49,11154,F1,1,,,,,
2026-08-25,2026-08-25,CM,NSE,STK,27084,INE0CJD01029,KMEW,EQ,,,,,KNOWLEDGE MARINE & EN W L,2705.0,2735.0,2660.4,2685.1,2695.5,2712.7,,2685.42,,,40991,110180922.4,7124,F1,1,,,,,
2026-08-25,2026-08-25,CM,NSE,STK,758431,INE1JAR25012,KRT,RR,,,,,KNOWLEDGE REALTY TRUST,116.8,117.1,115.95,116.53,116.78,116.86,,116.53,,,430171,50148446.16,4984,F1,1,,,,,
2026-08-25,2026-08-25,CM,NSE,STK,15283,INE634I01029,KNRCON,EQ,,,,,KNR CONSTRU LTD.,127.95,127.95,123.1,123.79,124.0,127.15,,123.78,,,1858731,231381185.01,20285,F1,1,,,,,
2026-08-25,2026-08-25,CM,NSE,STK,18754,INE0Q7P01013,KODYTECH,ST,,,,,KODY TECHNOLAB LIMITED,1453.4,1453.4,1390.0,1443.0,1444.0,1453.4,,1443.0,,,12000,17036570.0,54,F1,100,,,,,
2026-08-25,2026-08-25,CM,NSE,STK,3009,INE080B01012,KOHINOOR,EQ,,,,,KOHINOOR FOODS LIMITED,36.0,38.47,35.51,35.78,35.72,36.47,,35.78,,,267850,9859983.6,2457,F1,1,,,,,
2026-08-25,2026-08-25,CM,NSE,STK,16827,INE760A01029,KOKUYOCMLN,EQ,,,,,KOKUYO CAMLIN LIMITED,81.55,83.0,78.9,79.11,79.15,82.34,,79.11,,,86886,6939297.44,929,F1,1,,,,,
2026-08-25,2026-08-25,CM,NSE,STK,15124,INE094I01018,KOLTEPATIL,EQ,,,,,KOLTE PATIL DEV. LTD.,453.0,461.95,443.65,459.45,460.0,452.1,,459.45,,,181065,82356026.1,6765,F1,1,,,,,
2026-08-25,2026-08-25,CM,NSE,STK,22475,INE0QEI01011,KONSTELEC,ST,,,,,KONSTELEC ENGINEERS LTD,58.55,58.6,58.55,58.6,58.6,55.85,,58.6,,,16000,937350.0,7,F1,1000,,,,,
2026-08-25,2026-08-25,CM,NSE,STK,19287,INE0KZ301010,KONTOR,SM,,,,,KONTOR SPACE LIMITED,58.0,59.95,58.0,59.35,59.8,57.65,,59.35,,,11400,673920.0,13,F1,600,,,,,
2026-08-25,2026-08-25,CM,NSE,STK,4951,INE082A01010,KOPRAN,BE,,,,,KOPRAN LTD,195.0,195.0,188.0,192.5,192.5,193.88,,192.5,,,67197,12909997.63,609,F1,1,,,,,
2026-08-25,2026-08-25,CM,NSE,STK,16758,INE0O4R01018,KDL,SM,,,,,KORE DIGITAL LIMITED,101.4,106.95,99.15,106.85,106.95,97.25,,106.85,,,59100,6245302.5,245,F1,150,,,,,
2026-08-25,2026-08-25,CM,NSE,STK,14858,INF174KA1HJ8,GOLD1,EQ,,,,,KOTAK GOLD ETF,133.69,134.94,133.51,134.03,133.9,134.48,,134.03,,,1289621,173017305.89,7339,F1,1,,,,,
2026-08-25,2026-08-25,CM,NSE,STK,1922,INE237A01036,KOTAKBANK,EQ,,,,,KOTAK MAHINDRA BANK LTD,398.3,402.05,398.15,401.6,401.6,401.45,,401.6,,,10154716,4067868976.1,128106,F1,1,,,,,
2026-08-25,2026-08-25,CM,NSE,STK,18102,INF174K014P6,NIFTY1,EQ,,,,,KOTAK NIFTY ETF,275.64,275.64,267.0,269.63,269.75,268.92,,269.66,,,41665,11197254.12,1171,F1,1,,,,,
2026-08-25,2026-08-25,CM,NSE,STK,15061,INF174KA1A86,PSUBANK,EQ,,,,,KOTAK PSU BANK,87.38,87.38,83.96,85.99,86.1,85.36,,85.99,,,3220859,276885469.8,895,F1,1,,,,,
2026-08-25,2026-08-25,CM,NSE,STK,759885,INF174KA1XV0,CHEMICAL,EQ,,,,,KOTAKMAMC - CHEMICAL,30.06,30.34,29.94,30.18,30.23,30.07,,30.18,,,356043,10705964.12,1032,F1,1,,,,,
2026-08-25,2026-08-25,CM,NSE,STK,7412,INF174KA1IA5,ALPHA,EQ,,,,,KOTAKMAMC - KOTAKALPHA,54.39,54.68,54.03,54.61,54.6,54.35,,54.6,,,553469,30092958.46,2129,F1,1,,,,,
2026-08-25,2026-08-25,CM,NSE,STK,10512,INF174KA1ZF8,CONS,EQ,,,,,KOTAKMAMC - KOTAKCONS,12.47,12.54,12.31,12.38,12.45,12.36,,12.38,,,7843,97195.58,81,F1,1,,,,,
2026-08-25,2026-08-25,CM,NSE,STK,2627,INF174KA1GC5,IT,EQ,,,,,KOTAKMAMC - KOTAKIT,33.76,34.16,33.65,33.93,33.81,33.83,,33.93,,,248585,8418293.85,734,F1,1,,,,,
2026-08-25,2026-08-25,CM,NSE,STK,13950,INF174KA1LV5,LIQUID1,EQ,,,,,KOTAKMAMC - KOTAKLIQ,1119.66,1120.69,1119.52,1119.86,1119.85,1119.55,,1119.86,,,791809,886715295.37,502,F1,1,,,,,
2026-08-25,2026-08-25,CM,NSE,STK,8632,INF174KA1IY5,LOWVOL1,EQ,,,,,KOTAKMAMC - KOTAKLOVOL,21.2,21.43,21.19,21.39,21.43,21.34,,21.39,,,174147,3704855.28,156,F1,1,,,,,
2026-08-25,2026-08-25,CM,NSE,STK,8077,INF174KA1ZC5,MIDCAP,EQ,,,,,KOTAKMAMC - KOTAKMID50,18.72,18.92,18.65,18.82,18.85,18.72,,18.82,,,409372,7656959.09,708,F1,1,,,,,
2026-08-25,2026-08-25,CM,NSE,STK,10676,INF174KA1JF2,MNC,EQ,,,,,KOTAKMAMC - KOTAKMNC,34.21,34.89,33.96,34.29,34.36,34.21,,34.29,,,56047,1912363.8,425,F1,1,,,,,
2026-08-25,2026-08-25,CM,NSE,STK,13082,INF174KA1ZD3,SILVER1,EQ,,,,,KOTAKMAMC - KOTAKSILVE,23.54,23.54,23.16,23.25,23.25,23.54,,23.25,,,4755519,110687504.72,5696,F1,1,,,,,
2026-08-25,2026-08-25,CM,NSE,STK,11457,INF174KA1ZE1,NV20,EQ,,,,,KOTAKMAMC - KTKNV20ETF,13.99,13.99,13.87,13.93,13.98,13.93,,13.93,,,53290,740650.61,175,F1,1,,,,,
2026-08-25,2026-08-25,CM,NSE,STK,30469,INF174KA1VW2,MID150,EQ,,,,,KOTAKMAMC - MID150,23.34,23.93,23.34,23.91,23.92,23.82,,23.91,,,19922,474032.99,145,F1,1,,,,,
2026-08-25,2026-08-25,CM,NSE,STK,759488,INF174KA1XS6,MOMENTUM30,EQ,,,,,KOTAKMAMC - MOMENTUM30,31.39,31.39,30.94,31.21,31.37,30.97,,31.21,,,17345,539015.3,67,F1,1,,,,,
2026-08-25,2026-08-25,CM,NSE,STK,29758,INF174KA1VD2,MSCIINDIA,EQ,,,,,KOTAKMAMC - MSCIINDIA,30.15,30.34,29.98,30.29,30.34,29.96,,30.29,,,12970,390182.25,71,F1,1,,,,,
2026-08-25,2026-08-25,CM,NSE,STK,760709,INF174KA1YO3,NEXT50ETF,EQ,,,,,KOTAKMAMC - NEXT50ETF,74.54,75.26,74.34,74.71,75.25,74.58,,74.71,,,150661,11256372.18,118,F1,1,,,,,
2026-08-25,2026-08-25,CM,NSE,STK,29944,INF174KA1UW4,NIFTY100EW,EQ,,,,,KOTAKMAMC - NIFTY100EW,34.64,36.08,34.64,35.69,35.92,35.35,,35.69,,,273247,9709062.33,164,F1,1,,,,,
2026-08-25,2026-08-25,CM,NSE,STK,764195,INF174KA1A94,PVTBANK,EQ,,,,,KOTAKMAMC - PVTBANK,27.97,27.97,27.46,27.61,27.65,27.7,,27.61,,,6079,168265.23,28,F1,1,,,,,
2026-08-25,2026-08-25,CM,NSE,STK,757946,INF174KA1WT6,QUALITY30,EQ,,,,,KOTAKMAMC - QUALITY30,21.03,21.03,20.82,20.96,20.96,20.82,,20.96,,,16014,334445.75,43,F1,1,,,,,
2026-08-25,2026-08-25,CM,NSE,STK,5851,INF174KA1ZB7,BANKNIFTY1,EQ,,,,,KOTAKMAMC-KOTAKBKETF,61.01,61.01,59.45,59.61,59.57,59.53,,59.61,,,16563254,986565729.34,1513,F1,1,,,,,
2026-08-25,2026-08-25,CM,NSE,STK,762752,INE972A01020,KOTIC,EQ,,,,,KOTHARI INDUSTRIAL CORP L,157.02,159.7,145.2,146.69,146.16,155.55,,146.85,,,15386,2320563.65,503,F1,1,,,,,
2026-08-25,2026-08-25,CM,NSE,STK,4594,INE720A01015,KOTHARIPET,EQ,,,,,KOTHARI PETROCHEM LTD,134.99,135.85,133.21,134.05,133.62,134.25,,134.05,,,31292,4205051.84,756,F1,1,,,,,
2026-08-25,2026-08-25,CM,NSE,STK,5528,INE823A01017,KOTHARIPRO,EQ,,,,,KOTHARI PRODUCTS LTD,69.98,70.65,68.34,68.92,69.02,68.52,,68.95,,,4864,336805.22,124,F1,1,,,,,
2026-08-25,2026-08-25,CM,NSE,STK,11647,INE419A01022,KOTARISUG,EQ,,,,,KOTHARI SUG & CHEM LTD.,38.6,38.6,35.25,35.25,35.25,39.16,,35.25,,,805383,29303165.54,3207,F1,1,,,,,
2026-08-25,2026-08-25,CM,NSE,STK,761337,INE0J0B01017,KOTYARK,BE,,,,,KOTYARK INDUSTRIES LTD,34.4,35.25,33.81,34.46,34.35,35.52,,34.47,,,173677,5978096.21,562,F1,1,,,,,
2026-08-25,2026-08-25,CM,NSE,STK,5192,INE177F01017,KOVAI,EQ,,,,,KOVAI MEDICAL CENTER & HO,5951.0,6000.0,5905.5,5985.5,5962.0,5925.5,,5985.23,,,3612,21547401.5,1290,F1,1,,,,,
2026-08-25,2026-08-25,CM,NSE,STK,5108,INE542W01025,KPIGREEN,EQ,,,,,KPI GREEN ENERGY LIMITED,322.05,323.65,316.55,319.25,319.65,321.15,,319.25,,,490139,156276921.8,12575,F1,1,,,,,
2026-08-25,2026-08-25,CM,NSE,STK,9683,INE04I401011,KPITTECH,EQ,,,,,KPIT TECHNOLOGIES LIMITED,583.1,592.0,577.0,592.0,592.0,583.1,,591.65,,,1582973,921566280.45,25632,F1,1,,,,,
2026-08-25,2026-08-25,CM,NSE,STK,14912,INE930H01031,KPRMILL,EQ,,,,,KPR MILL LTD.,1110.0,1125.0,1100.1,1120.0,1122.0,1112.3,,1119.98,,,136421,151829987.8,11098,F1,1,,,,,
2026-08-25,2026-08-25,CM,NSE,STK,10577,INE001B01026,KRBL,EQ,,,,,KRBL LIMITED,436.0,436.0,419.0,423.0,423.9,437.8,,423.01,,,1535674,656215963.7,27950,F1,1,,,,,
2026-08-25,2026-08-25,CM,NSE,STK,1937,INE268B01013,KREBSBIO,EQ,,,,,KREBS BIOCHEMICALS & IND,53.5,54.38,52.99,53.78,53.9,53.15,,53.78,,,4704,251984.66,273,F1,1,,,,,
2026-08-25,2026-08-25,CM,NSE,STK,11488,INE524L01026,KRIDHANINF,BE,,,,,KRIDHAN INFRA LIMITED,2.06,2.08,1.99,2.05,2.05,2.04,,2.05,,,23196,47370.66,60,F1,1,,,,,
2026-08-25,2026-08-25,CM,NSE,STK,12847,INE506W01020,KRISHANA,EQ,,,,,KRISHANA PHOSCHEM LIMITED,199.02,204.7,196.58,201.72,201.0,199.68,,201.72,,,1569099,316985500.45,14797,F1,1,,,,,
2026-08-25,2026-08-25,CM,NSE,STK,16133,INE0NR701018,KRISHCA,SM,,,,,KRISHCA STRAPPING SLTN L,170.1,171.55,166.8,170.65,171.0,169.45,,170.65,,,11000,1855500.0,20,F1,500,,,,,
2026-08-25,2026-08-25,CM,NSE,STK,756782,INE0GGO01015,KRISHIVAL,EQ,,,,,KRISHIVAL FOODS LIMITED,409.1,410.2,405.0,406.25,405.35,408.5,,406.24,,,10510,4275570.8,512,F1,1,,,,,
2026-08-25,2026-08-25,CM,NSE,STK,761192,INE0J5601015,KRISHNADEF,EQ,,,,,KRISHNA DEF AND ALD IND L,1014.4,1048.6,1014.4,1030.6,1034.0,1018.4,,1030.6,,,81197,83817762.7,6867,F1,1,,,,,
2026-08-25,2026-08-25,CM,NSE,STK,4847,INE967H01025,KIMS,EQ,,,,,KRISHNA INST OF MED SCI L,770.0,783.4,765.5,772.5,770.1,766.35,,772.5,,,1119308,866619484.5,25275,F1,1,,,,,
2026-08-25,2026-08-25,CM,NSE,STK,6417,INE479D01038,KRITI,EQ,,,,,KRITI INDUSTRIES IND LTD,65.0,67.39,63.7,64.35,64.0,65.11,,64.36,,,32019,2091584.37,283,F1,1,,,,,
2026-08-25,2026-08-25,CM,NSE,STK,11432,INE798K01010,KRITINUT,EQ,,,,,KRITI NUTRIENTS LIMITED,88.68,91.99,88.06,90.39,90.81,88.68,,90.2,,,14617,1320992.35,332,F1,1,,,,,
2026-08-25,2026-08-25,CM,NSE,STK,9288,INE00Z501029,KRITIKA,EQ,,,,,KRITIKA WIRES LIMITED,5.5,5.63,5.4,5.49,5.53,5.48,,5.49,,,100206,554595.43,358,F1,1,,,,,
2026-08-25,2026-08-25,CM,NSE,STK,760624,INE1MTV01019,KRMAYURVED,SM,,,,,KRM AYURVEDA LIMITED,274.0,274.0,269.25,270.0,270.0,269.4,,270.0,,,57000,15430850.0,27,F1,1000,,,,,
2026-08-25,2026-08-25,CM,NSE,STK,25643,INE0Q3J01015,KRN,EQ,,,,,KRN HEAT EXCHANGE N REF L,1470.0,1540.0,1465.0,1524.8,1535.0,1471.2,,1525.01,,,251622,383589951.9,18327,F1,1,,,,,
2026-08-25,2026-08-25,CM,NSE,STK,24025,INE0ATZ01017,KRONOX,EQ,,,,,KRONOX LAB SCIENCES LTD,205.36,205.36,184.83,186.14,186.73,205.36,,186.12,,,1026770,195337921.58,14131,F1,1,,,,,
2026-08-25,2026-08-25,CM,NSE,STK,25252,INE0O6601022,KROSS,EQ,,,,,KROSS LIMITED,209.54,215.2,208.0,209.11,208.8,209.6,,209.1,,,374846,79280914.23,8212,F1,1,,,,,
2026-08-25,2026-08-25,CM,NSE,STK,5359,INE08LI01020,KRSNAA,EQ,,,,,KRSNAA DIAGNOSTICS LTD,564.0,569.1,560.0,564.8,560.6,563.0,,564.62,,,22306,12574416.7,1741,F1,1,,,,,
2026-08-25,2026-08-25,CM,NSE,STK,23175,INE0QN801017,KRYSTAL,EQ,,,,,KRYSTAL INTEGRATED SER L,648.0,654.45,620.0,621.05,620.05,640.4,,621.05,,,30001,18859788.85,1129,F1,1,,,,,
2026-08-25,2026-08-25,CM,NSE,STK,1949,INE999A01023,KSB,EQ,,,,,KSB LIMITED,788.0,808.0,785.65,802.85,805.0,791.75,,802.84,,,206809,165499452.7,16409,F1,1,,,,,
2026-08-25,2026-08-25,CM,NSE,STK,764753,INE953E01022,KSE,EQ,,,,,KSE LTD.,176.26,178.0,174.0,175.94,176.99,176.26,,175.96,,,26206,4601810.53,716,F1,1,,,,,
2026-08-25,2026-08-25,CM,NSE,STK,760433,INE987S01020,KSHINTL,EQ,,,,,KSH INTERNATIONAL LIMITED,982.35,989.8,962.5,970.2,970.0,978.95,,970.14,,,132107,128887313.95,10815,F1,1,,,,,
2026-08-25,2026-08-25,CM,NSE,STK,10407,INE013801027,KSHITIJPOL,EQ,,,,,KSHITIJ POLYLINE LIMITED,2.88,2.97,2.88,2.97,2.97,2.83,,2.97,,,1431205,4245344.26,621,F1,1,,,,,
2026-08-25,2026-08-25,CM,NSE,STK,11060,INE0D6I01023,KSOLVES,EQ,,,,,KSOLVES INDIA LIMITED,275.75,276.0,271.55,274.15,274.0,274.45,,274.16,,,11188,3055768.2,789,F1,1,,,,,
2026-08-25,2026-08-25,CM,NSE,STK,759987,INE1SPP01016,KSR,EQ,,,,,KSR FOOTWEAR LIMITED,29.4,29.99,28.12,28.65,29.0,28.8,,28.74,,,33612,964348.69,98,F1,1,,,,,
2026-08-25,2026-08-25,CM,NSE,STK,13870,INE529I01021,KUANTUM,EQ,,,,,KUANTUM PAPERS LIMITED,72.41,74.0,71.1,72.12,72.2,73.0,,72.12,,,87346,6347925.96,1266,F1,1,,,,,
2026-08-25,2026-08-25,CM,NSE,STK,764116,INE0ISX01025,KUSUMGAR,EQ,,,,,KUSUMGAR LIMITED,609.0,616.0,595.0,599.2,596.9,604.65,,599.14,,,318445,192008376.85,8602,F1,1,,,,,
2026-08-25,2026-08-25,CM,NSE,STK,762757,INE552U01010,KPL,EQ,,,,,KWALITY PHARMACEUTICALS L,3465.9,3529.8,3350.0,3373.1,3374.0,3452.2,,3372.93,,,45124,154312420.2,5489,F1,1,,,,,
2026-08-25,2026-08-25,CM,NSE,STK,760946,INE2KCE01013,KWIL,EQ,,,,,KWALITY WALL'S (INDIA) L,48.4,50.35,46.81,47.19,47.4,48.63,,47.19,,,51218456,2479443905.8,93456,F1,1,,,,,
2026-08-25,2026-08-25,CM,NSE,STK,765100,INE341H01023,LKPSEC,EQ,,,,,L K P SECURITIES LTD.,16.29,16.64,15.05,15.89,15.9,16.37,,15.89,,,39573,631802.03,93,F1,1,,,,,
2026-08-25,2026-08-25,CM,NSE,STK,24948,INE498L01015,LTF,EQ,,,,,L&T FINANCE LIMITED,315.9,320.8,315.15,319.5,319.5,315.85,,319.5,,,3760223,1198579931.85,36888,F1,1,,,,,
2026-08-25,2026-08-25,CM,NSE,STK,18564,INE010V01017,LTTS,EQ,,,,,L&T TECHNOLOGY SER. LTD.,3597.8,3609.3,3550.1,3568.2,3570.0,3584.6,,3568.17,,,36489,130255894.2,7713,F1,1,,,,,
2026-08-25,2026-08-25,CM,NSE,STK,14423,INE059D01020,LAOPALA,EQ,,,,,LA OPALA RG LIMITED,169.46,173.95,166.5,170.88,170.2,169.46,,170.93,,,276685,46841262.58,12024,F1,1,,,,,
2026-08-25,2026-08-25,CM,NSE,STK,764758,INE519D01015,LADDERUP,EQ,,,,,LADDERUP FINANCE LTD.,51.5,51.5,49.0,49.0,49.0,51.2,,51.5,,,281,14338.0,8,F1,1,,,,,
2026-08-25,2026-08-25,CM,NSE,STK,5865,INE548Z01017,LAGNAM,EQ,,,,,LAGNAM SPINTEX LIMITED,74.6,76.99,74.6,75.93,75.55,75.96,,75.93,,,3062,232343.78,95,F1,1,,,,,
2026-08-25,2026-08-25,CM,NSE,STK,762762,INE515C01023,LAHOTIOV,EQ,,,,,LAHOTI OVERSEAS LTD.,41.75,42.49,41.51,42.17,42.17,41.95,,41.72,,,2411,101163.18,10,F1,1,,,,,
2026-08-25,2026-08-25,CM,NSE,STK,7902,INE850E01012,LFIC,EQ,,,,,LAKSHMI FIN IND CORP LTD,138.0,140.01,137.91,138.04,138.05,137.31,,138.04,,,773,106923.79,16,F1,1,,,,,
2026-08-25,2026-08-25,CM,NSE,STK,764763,INE938C01019,LAKSHMIMIL,EQ,,,,,LAKSHMI MILLS CO. LTD.,8120.0,8350.0,7900.0,8020.5,8150.0,8164.0,,8020.5,,,30,241193.0,26,F1,1,,,,,
2026-08-25,2026-08-25,CM,NSE,STK,4774,INE651C01018,LAKPRE,BZ,,,,,LAKSHMI PRE SCRE LTD,4.37,4.37,4.1,4.28,4.28,4.28,,4.28,,,1060,4526.09,5,F1,1,,,,,
2026-08-25,2026-08-25,CM,NSE,STK,25860,INE0VZS01015,LAKSHYA,SM,,,,,LAKSHYA POWERTECH LIMITED,85.9,85.9,82.6,83.95,83.95,82.5,,83.95,,,5600,471440.0,7,F1,800,,,,,
2026-08-25,2026-08-25,CM,NSE,STK,765361,INE0K9O01026,LALITHAA,EQ,,,,,LALITHAA JEWELLERY MART L,250.0,259.19,248.0,249.87,250.25,248.44,,249.86,,,29783775,7533079017.63,250087,F1,1,,,,,
2026-08-25,2026-08-25,CM,NSE,STK,6407,INE112F01022,LAMBODHARA,EQ,,,,,LAMBODHARA TEXTILES LTD.,144.0,145.85,130.2,142.03,143.29,141.69,,142.0,,,423658,58905120.42,6551,F1,1,,,,,
2026-08-25,2026-08-25,CM,NSE,STK,27225,INE0R0201012,LAMOSAIC,ST,,,,,LAMOSAIC INDIA LIMITED,56.15,58.0,54.65,57.35,58.0,56.15,,57.35,,,55800,3161640.0,46,F1,600,,,,,
2026-08-25,2026-08-25,CM,NSE,STK,9392,INE359U01028,LANCER,EQ,,,,,LANCER CONTAINER LINES L,10.98,11.48,10.3,11.34,11.45,10.86,,11.36,,,735822,8193800.39,942,F1,1,,,,,
2026-08-25,2026-08-25,CM,NSE,STK,23027,INE572G01025,LANCORHOL,EQ,,,,,LANCOR HOLDINGS LIMITED,33.2,33.9,30.9,32.14,32.46,32.62,,32.14,,,465423,15201936.82,5732,F1,1,,,,,
2026-08-25,2026-08-25,CM,NSE,STK,13276,INE559R01029,LANDMARK,EQ,,,,,LANDMARK CARS LIMITED,536.05,537.9,525.05,528.45,529.9,541.75,,528.45,,,65953,35127393.85,3759,F1,1,,,,,
2026-08-25,2026-08-25,CM,NSE,STK,16863,INE197J01017,LPDC,EQ,,,,,LANDMARK PR.DEV.CO.LTD,7.05,7.3,7.05,7.18,7.21,7.25,,7.18,,,27312,195553.69,119,F1,1,,,,,
2026-08-25,2026-08-25,CM,NSE,STK,17376,INE688J01023,LANDSMILL,EQ,,,,,LANDSMILL GREEN LIMITED,0.75,0.76,0.69,0.7,0.72,0.74,,0.7,,,6015449,4307805.29,1524,F1,1,,,,,
2026-08-25,2026-08-25,CM,NSE,STK,11483,INE018A01030,LT,EQ,,,,,LARSEN & TOUBRO LTD.,4085.0,4125.3,4066.6,4119.0,4119.0,4090.0,,4118.99,,,1316074,5388612321.6,76173,F1,1,,,,,
2026-08-25,2026-08-25,CM,NSE,STK,21713,INE670X01014,LASA,EQ,,,,,LASA SUPERGENERICS LTD,7.05,7.5,6.76,7.07,7.0,7.26,,7.07,,,32176,226753.07,163,F1,1,,,,,
2026-08-25,2026-08-25,CM,NSE,STK,764126,INE17IR01028,LASERPOWER,EQ,,,,,LASER POWER & INFRA LTD,334.0,343.5,331.1,335.4,336.6,334.5,,335.4,,,1330667,449536088.5,21277,F1,1,,,,,
2026-08-25,2026-08-25,CM,NSE,STK,6818,INE0I7C01011,LATENTVIEW,EQ,,,,,LATENT VIEW ANALYTICS LTD,278.5,281.35,277.45,279.35,278.1,278.5,,279.36,,,233761,65250318.55,6534,F1,1,,,,,
2026-08-25,2026-08-25,CM,NSE,STK,15840,INE262Z01023,LATTEYS,EQ,,,,,LATTEYS INDUSTRIES LTD,23.05,23.05,22.0,22.25,22.1,23.08,,22.25,,,44345,994658.81,206,F1,1,,,,,
2026-08-25,2026-08-25,CM,NSE,STK,19234,INE947Q01028,LAURUSLABS,EQ,,,,,LAURUS LABS LIMITED,1808.0,1869.4,1796.5,1866.2,1866.2,1801.0,,1866.2,,,3550945,6518258780.5,60860,F1,1,,,,,
2026-08-25,2026-08-25,CM,NSE,STK,6568,INE801V01019,LAXMICOT,EQ,,,,,LAXMI COTSPIN LIMITED,13.8,14.13,13.2,13.67,13.6,13.74,,13.67,,,24014,324072.24,100,F1,1,,,,,
2026-08-25,2026-08-25,CM,NSE,STK,29171,INE0WO601020,LAXMIDENTL,EQ,,,,,LAXMI DENTAL LIMITED,196.35,196.35,192.44,193.1,193.0,194.99,,193.1,,,62870,12153196.86,1721,F1,1,,,,,
2026-08-25,2026-08-25,CM,NSE,STK,19876,INE258Y01016,LGHL,EQ,,,,,LAXMI GOLDORNA HOUSE LTD,182.66,182.66,172.0,174.84,176.0,178.2,,174.84,,,7367,1292189.35,455,F1,1,,,,,
2026-08-25,2026-08-25,CM,NSE,STK,758863,INE06WU01026,LAXMIINDIA,EQ,,,,,LAXMI INDIA FINANCE LTD,124.5,129.5,121.66,125.96,127.65,125.5,,125.86,,,395709,49268407.62,3146,F1,1,,,,,
2026-08-25,2026-08-25,CM,NSE,STK,2841,INE576O01020,LXCHEM,EQ,,,,,LAXMI ORGANIC INDUS LTD,174.0,175.44,169.5,170.5,170.8,173.18,,170.5,,,658611,112875468.03,8581,F1,1,,,,,
2026-08-25,2026-08-25,CM,NSE,STK,7529,INE938A01021,LCCINFOTEC,EQ,,,,,LCC INFOTECH LTD,3.53,3.53,3.31,3.41,3.41,3.53,,3.41,,,100687,341944.08,180,F1,1,,,,,
2026-08-25,2026-08-25,CM,NSE,STK,760300,INE0G1L01025,LEMERITE,EQ,,,,,LE MERITE EXPORTS LIMITED,23.3,23.58,22.45,22.9,23.0,22.46,,22.9,,,296619,6822277.05,653,F1,1,,,,,
2026-08-25,2026-08-25,CM,NSE,STK,24067,INE0HV901016,IXIGO,EQ,,,,,LE TRAVENUES TECHNOLOGY L,168.59,170.77,166.7,168.37,169.39,167.68,,168.37,,,688164,116038708.39,26428,F1,1,,,,,
2026-08-25,2026-08-25,CM,NSE,STK,14204,INE0H4B01011,LRRPL,SM,,,,,LEAD REC AND RUB PROD LTD,85.0,85.0,83.0,83.0,83.0,84.0,,83.0,,,6000,505500.0,4,F1,1500,,,,,
2026-08-25,2026-08-25,CM,NSE,STK,764523,INE00GO01025,LEAPIND,EQ,,,,,LEAP INDIA LIMITED,158.66,162.45,157.45,158.31,157.5,159.36,,158.31,,,3568532,570151752.84,30836,F1,1,,,,,
2026-08-25,2026-08-25,CM,NSE,STK,765095,INE791B01014,LEENEE,EQ,,,,,LEE & NEE SOFTWARES (E) L,10.72,11.48,9.81,9.91,9.93,10.5,,9.93,,,81045,843788.57,543,F1,1,,,,,
2026-08-25,2026-08-25,CM,NSE,STK,757014,INE0AQ201015,THELEELA,EQ,,,,,LEELA PALACES HOTEL LTD,545.5,559.9,540.5,554.9,555.85,549.7,,554.89,,,440804,243567794.45,26595,F1,1,,,,,
2026-08-25,2026-08-25,CM,NSE,STK,2606,INE970X01018,LEMONTREE,EQ,,,,,LEMON TREE HOTELS LTD,109.0,109.5,108.15,109.21,109.38,108.56,,109.21,,,1541936,167693507.56,22847,F1,1,,,,,
2026-08-25,2026-08-25,CM,NSE,STK,759605,INE956O01016,LENSKART,EQ,,,,,LENSKART SOLUTIONS LTD,655.95,670.5,647.1,655.95,650.6,659.75,,655.96,,,6221160,4112762582.5,108791,F1,1,,,,,
2026-08-25,2026-08-25,CM,NSE,STK,14459,INE500X01013,LEXUS,EQ,,,,,LEXUS GRANITO (INDIA) LTD,14.49,14.49,13.13,13.27,13.49,13.8,,13.27,,,21392,288197.37,117,F1,1,,,,,
2026-08-25,2026-08-25,CM,NSE,STK,18321,INE337A01034,LGBBROSLTD,EQ,,,,,LG BALAKRISHNAN & BROS,1608.6,1618.0,1592.1,1611.5,1618.0,1602.2,,1611.77,,,15587,25047028.7,1817,F1,1,,,,,
2026-08-25,2026-08-25,CM,NSE,STK,760213,INE324D01010,LGEINDIA,EQ,,,,,LG ELECTRONICS INDIA LTD,1662.3,1695.0,1654.0,1690.4,1686.7,1664.2,,1690.35,,,614640,1033595818.1,39387,F1,1,,,,,
2026-08-25,2026-08-25,CM,NSE,STK,11082,INE908V01012,LIBAS,EQ,,,,,LIBAS CONSU PRODUCTS LTD,9.71,10.25,9.71,10.15,10.18,9.96,,10.15,,,43855,442511.44,135,F1,1,,,,,
2026-08-25,2026-08-25,CM,NSE,STK,1994,INE557B01019,LIBERTSHOE,EQ,,,,,LIBERTY SHOES LTD,243.75,250.95,241.35,247.15,247.6,243.8,,247.09,,,64963,16017148.65,1970,F1,1,,,,,
2026-08-25,2026-08-25,CM,NSE,STK,1997,INE115A01026,LICHSGFIN,EQ,,,,,LIC HOUSING FINANCE LTD,490.0,506.4,489.15,506.0,506.0,491.4,,506.0,,,3617182,1801945034.65,37319,F1,1,,,,,
2026-08-25,2026-08-25,CM,NSE,STK,25640,INF767K01SM1,LICMFGOLD,EQ,,,,,LIC MF - LIC GOLD ETF,144.9,145.5,143.85,145.0,145.15,144.55,,145.0,,,113234,16413876.05,1114,F1,1,,,,,
2026-08-25,2026-08-25,CM,NSE,STK,11319,INF767K01OS7,LICNETFN50,EQ,,,,,LICNAMC - LICNFENGP,272.36,274.58,270.44,274.58,274.58,272.11,,274.58,,,302,81772.16,21,F1,1,,,,,
2026-08-25,2026-08-25,CM,NSE,STK,11441,INF767K01OT5,LICNETFSEN,EQ,,,,,LICNAMC - LICNFESGP,877.27,880.0,872.06,880.0,880.0,876.83,,880.0,,,64,56164.62,10,F1,1,,,,,
2026-08-25,2026-08-25,CM,NSE,STK,15229,INF767K01PC8,LICNFNHGP,EQ,,,,,LICNAMC - LICNFNHGP,278.75,278.96,278.75,278.82,278.82,278.75,,278.82,,,71,19801.38,8,F1,1,,,,,
2026-08-25,2026-08-25,CM,NSE,STK,6062,INF767K01MV5,LICNETFGSC,EQ,,,,,LICNAMC - LICNMFET,29.56,29.72,29.52,29.59,29.52,29.56,,29.59,,,26681,790524.48,146,F1,1,,,,,
2026-08-25,2026-08-25,CM,NSE,STK,22722,INF767K01RN1,LICNMID100,EQ,,,,,LICNAMC - LICNMID100,64.07,64.74,63.61,64.74,64.74,64.01,,64.74,,,105789,6733292.85,104,F1,1,,,,,
2026-08-25,2026-08-25,CM,NSE,STK,9480,INE0J1Y01017,LICI,EQ,,,,,LIFE INSURA CORP OF INDIA,421.9,428.15,420.2,424.0,424.0,421.85,,423.97,,,11707497,4963837158.7,73045,F1,1,,,,,
2026-08-25,2026-08-25,CM,NSE,STK,578,INE060901027,LIKHITHA,EQ,,,,,LIKHITHA INFRASTRUC LTD,210.2,212.99,207.1,210.78,211.75,210.98,,210.76,,,19975,4193380.62,499,F1,1,,,,,
2026-08-25,2026-08-25,CM,NSE,STK,6951,INE802B01027,LINC,EQ,,,,,LINC LIMITED,95.01,98.01,95.01,96.11,96.0,96.21,,96.34,,,12031,1160214.73,394,F1,1,,,,,
2026-08-25,2026-08-25,CM,NSE,STK,11596,INE405C01035,LINCOLN,EQ,,,,,LINCOLN PHARMA LTD,616.8,631.3,609.2,618.2,618.0,612.25,,618.26,,,44784,27814240.05,2214,F1,1,,,,,
2026-08-25,2026-08-25,CM,NSE,STK,1627,INE473A01011,LINDEINDIA,EQ,,,,,LINDE INDIA LIMITED,6540.0,6599.5,6458.0,6493.5,6466.0,6531.0,,6493.31,,,18701,121682067.5,5211,F1,1,,,,,
2026-08-25,2026-08-25,CM,NSE,STK,17801,INE093R01011,LLOYDSENGG,EQ,,,,,LLOYDS ENGG WORK LIMITED,87.3,88.12,84.6,85.73,85.65,87.17,,85.73,,,7442006,639882323.21,28621,F1,1,,,,,
2026-08-25,2026-08-25,CM,NSE,STK,25807,INE080I01025,LLOYDSENT,EQ,,,,,LLOYDS ENTERPRISES LTD,74.1,74.65,72.98,74.07,73.8,74.06,,74.08,,,2861883,211371625.42,13958,F1,1,,,,,
2026-08-25,2026-08-25,CM,NSE,STK,11472,INE0DTQ01028,LLOYDS,SM,,,,,LLOYDS LUXURIES LIMITED,61.0,64.0,61.0,64.0,64.0,61.0,,64.0,,,12000,761900.0,8,F1,1000,,,,,
2026-08-25,2026-08-25,CM,NSE,STK,17313,INE281B01032,LLOYDSME,EQ,,,,,LLOYDS METALS N ENERGY L,1825.2,1857.4,1808.5,1844.7,1840.0,1831.7,,1844.43,,,240207,440281435.3,16674,F1,1,,,,,
2026-08-25,2026-08-25,CM,NSE,STK,1979,INE269B01029,LMW,EQ,,,,,LMW LIMITED,19568.0,19682.0,19261.0,19358.0,19340.0,19558.0,,19357.46,,,2080,40409481.0,839,F1,1,,,,,
2026-08-25,2026-08-25,CM,NSE,STK,3220,INE670K01029,LODHA,EQ,,,,,LODHA DEVELOPERS LIMITED,1257.5,1283.0,1253.1,1281.1,1281.1,1258.4,,1281.1,,,2232829,2841217539.0,46108,F1,1,,,,,
2026-08-25,2026-08-25,CM,NSE,STK,764296,INE0QJW01029,LCL,EQ,,,,,LOHIA CORP LIMITED,582.9,599.5,575.0,587.0,588.95,584.1,,586.99,,,837602,493091473.25,30476,F1,1,,,,,
2026-08-25,2026-08-25,CM,NSE,STK,13439,INE397H01017,LOKESHMACH,BE,,,,,LOKESH MACHINES LTD,320.2,326.9,308.55,313.0,314.0,320.2,,312.82,,,11793,3726986.5,182,F1,1,,,,,
2026-08-25,2026-08-25,CM,NSE,STK,18232,INE846D01012,LORDSCHLO,EQ,,,,,LORDS CHLORO ALKALI LTD,135.0,136.66,131.13,134.49,135.5,132.25,,134.46,,,14794,1959322.02,482,F1,1,,,,,
2026-08-25,2026-08-25,CM,NSE,STK,14924,INE740X01023,LAL,EQ,,,,,LORENZINI APPARELS LTD,8.8,9.09,8.78,8.83,8.84,9.01,,8.83,,,12307,108796.9,90,F1,1,,,,,
2026-08-25,2026-08-25,CM,NSE,STK,764768,INE026D01011,LOTUSCHO,EQ,,,,,LOTUS CHOCOLATE CO. LTD.,620.0,632.0,617.05,625.4,632.0,622.2,,625.4,,,5672,3559791.9,196,F1,1,,,,,
2026-08-25,2026-08-25,CM,NSE,STK,16807,INE947I01017,LOTUSEYE,EQ,,,,,LOTUS EYE HOSP & INST L,116.07,116.49,112.3,113.99,115.0,115.5,,113.93,,,18144,2079961.12,247,F1,1,,,,,
2026-08-25,2026-08-25,CM,NSE,STK,22415,INE597L01014,LOVABLE,EQ,,,,,LOVABLE LINGERIE LTD,71.16,73.1,71.1,71.28,71.5,72.43,,71.29,,,6665,478372.8,195,F1,1,,,,,
2026-08-25,2026-08-25,CM,NSE,STK,13816,INE818H01020,LTFOODS,EQ,,,,,LT FOODS LIMITED,456.75,459.0,439.25,445.8,445.95,459.0,,445.83,,,2571532,1146229336.95,58664,F1,1,,,,,
2026-08-25,2026-08-25,CM,NSE,STK,17818,INE214T01019,LTM,EQ,,,,,LTM LIMITED,4529.7,4550.0,4469.1,4528.0,4528.0,4525.7,,4527.85,,,204574,923077622.4,19267,F1,1,,,,,
2026-08-25,2026-08-25,CM,NSE,STK,14014,INE872H01027,LUMAXTECH,EQ,,,,,LUMAX AUTO TECH LTD,1966.0,1966.0,1900.0,1932.1,1920.0,1964.3,,1932.05,,,113432,218196963.0,17415,F1,1,,,,,
2026-08-25,2026-08-25,CM,NSE,STK,2018,INE162B01018,LUMAXIND,EQ,,,,,LUMAX INDUSTRIES LTD,5820.0,5940.0,5716.0,5909.0,5882.5,5808.5,,5908.89,,,9541,55764733.0,3498,F1,1,,,,,
2026-08-25,2026-08-25,CM,NSE,STK,10440,INE326A01037,LUPIN,EQ,,,,,LUPIN LIMITED,2182.6,2189.9,2158.1,2175.5,2175.5,2188.0,,2175.5,,,545272,1185119924.1,30401,F1,1,,,,,
2026-08-25,2026-08-25,CM,NSE,STK,11301,INE150G01020,LUXIND,EQ,,,,,LUX INDUSTRIES LIMITED,1221.2,1230.2,1208.2,1227.1,1230.0,1212.4,,1227.06,,,26508,32348255.7,2394,F1,1,,,,,
2026-08-25,2026-08-25,CM,NSE,STK,7248,INE933A01014,LYKALABS,BE,,,,,LYKA LABS LTD.,76.58,76.58,73.59,73.59,73.59,75.09,,73.43,,,53758,4114165.01,77,F1,1,,,,,
2026-08-25,2026-08-25,CM,NSE,STK,758150,INE08N601015,MBEL,EQ,,,,,M AND B ENGINEERING LTD,274.6,275.7,270.6,272.05,272.0,272.7,,272.06,,,72817,19826248.45,5432,F1,1,,,,,
2026-08-25,2026-08-25,CM,NSE,STK,765120,INE227F01010,MKEXIM,EQ,,,,,M K EXIM (INDIA) LTD.,61.0,63.0,60.1,61.88,63.0,60.11,,62.23,,,37428,2305980.1,383,F1,1,,,,,
2026-08-25,2026-08-25,CM,NSE,STK,16736,INE964W01021,MKPL,EQ,,,,,M K PROTEINS LIMITED,4.17,4.18,4.08,4.12,4.11,4.16,,4.12,,,61239,253322.66,364,F1,1,,,,,
2026-08-25,2026-08-25,CM,NSE,STK,22360,INE813V01022,MCL,EQ,,,,,M TEK COPPER LIMITED,58.66,59.8,57.55,57.74,58.0,58.66,,57.74,,,20576,1193660.78,726,F1,1,,,,,
2026-08-25,2026-08-25,CM,NSE,STK,13285,INE774D01024,M&MFIN,EQ,,,,,M&M FIN. SERVICES LTD,378.7,385.95,377.8,381.45,381.95,378.7,,381.45,,,1967122,749480030.7,49266,F1,1,,,,,
2026-08-25,2026-08-25,CM,NSE,STK,22976,INE0SGC01015,MVKAGRO,SM,,,,,M.V.K. AGRO FOOD PROD LTD,160.05,160.05,160.05,160.05,160.05,168.45,,160.05,,,166500,26648325.0,79,F1,300,,,,,
2026-08-25,2026-08-25,CM,NSE,STK,15017,INE215I01027,MAANALU,EQ,,,,,MAAN ALUMINIUM LIMITED,121.58,121.58,117.36,118.32,119.0,119.04,,118.32,,,28171,3353359.09,662,F1,1,,,,,
2026-08-25,2026-08-25,CM,NSE,STK,762782,INE435D01014,MCCHRLS-B,EQ,,,,,MAC CHARLES (INDIA) LTD.,698.0,698.0,668.05,673.2,692.0,683.55,,675.81,,,31,21160.75,12,F1,1,,,,,
2026-08-25,2026-08-25,CM,NSE,STK,22347,INE155Z01011,MACPOWER,EQ,,,,,MACPOWER CNC MACHINES LTD,1963.4,2050.0,1853.0,1903.0,1927.0,1963.4,,1903.0,,,100601,198931840.1,10647,F1,1,,,,,
2026-08-25,2026-08-25,CM,NSE,STK,762767,INE631R01026,MADHAVIPL,EQ,,,,,MADHAV INFRA PROJECTS L,7.54,7.54,7.16,7.23,7.19,7.22,,7.23,,,93653,679842.62,259,F1,1,,,,,
2026-08-25,2026-08-25,CM,NSE,STK,15151,INE925C01016,MADHAV,EQ,,,,,MADHAV MARBLE & GRANITE,35.14,36.9,34.65,35.46,36.0,35.14,,35.46,,,4492,160573.26,50,F1,1,,,,,
2026-08-25,2026-08-25,CM,NSE,STK,13668,INE378D01032,MADHUCON,BE,,,,,MADHUCON PROJECTS LTD.,5.38,5.38,4.95,5.1,5.04,5.15,,5.02,,,17964,92874.55,47,F1,1,,,,,
2026-08-25,2026-08-25,CM,NSE,STK,18738,INE0P6701019,MADHUSUDAN,ST,,,,,MADHUSUDAN MASALA LIMITED,214.0,219.2,211.8,213.25,212.2,222.75,,213.25,,,26000,5573400.0,25,F1,1000,,,,,
2026-08-25,2026-08-25,CM,NSE,STK,12686,INE900L01028,MBAPL,EQ,,,,,MADHYA BHARAT AGRO P. LTD,171.0,172.0,167.44,168.55,168.99,168.91,,168.55,,,601736,102325224.33,8932,F1,1,,,,,
2026-08-25,2026-08-25,CM,NSE,STK,4911,INE414A01015,MADRASFERT,EQ,,,,,MADRAS FERTILISERS LTD,67.0,71.99,66.8,69.81,69.57,65.66,,69.82,,,1345351,94577176.67,8661,F1,1,,,,,
2026-08-25,2026-08-25,CM,NSE,STK,762772,INE270B01035,MAFATIND,EQ,,,,,MAFATLAL INDUSTRIES LTD.,122.0,123.59,119.02,120.92,121.0,121.56,,120.93,,,32004,3865326.74,1006,F1,1,,,,,
2026-08-25,2026-08-25,CM,NSE,STK,21392,INE347W01011,MAGADSUGAR,EQ,,,,,MAGADH SUGAR & ENERGY LTD,594.45,604.7,580.0,582.35,580.8,601.05,,582.28,,,70144,41301630.55,4749,F1,1,,,,,
2026-08-25,2026-08-25,CM,NSE,STK,29482,INE613C01026,MCLOUD,EQ,,,,,MAGELLANIC CLOUD LIMITED,29.58,29.7,28.7,29.0,29.03,29.58,,29.0,,,3759566,109287751.21,4570,F1,1,,,,,
2026-08-25,2026-08-25,CM,NSE,STK,14957,INE387I01016,MAGNUM,EQ,,,,,MAGNUM VENTURES LTD.,19.6,19.6,18.51,19.26,19.36,19.45,,19.26,,,18607,356480.91,88,F1,1,,,,,
2026-08-25,2026-08-25,CM,NSE,STK,17088,INE0O1S01012,MAGSON,SM,,,,,MAGSON RETAIL AND DIST L,182.5,182.5,182.5,182.5,182.5,183.2,,182.5,,,14000,2555000.0,12,F1,1000,,,,,
2026-08-25,2026-08-25,CM,NSE,STK,5239,INE843B01013,MAHAPEXLTD,EQ,,,,,MAHA RASHTRA APEX COPR. L,61.5,61.5,57.77,58.85,57.77,59.98,,58.48,,,5973,355284.4,159,F1,1,,,,,
2026-08-25,2026-08-25,CM,NSE,STK,24937,INE0US801024,MFML,EQ,,,,,MAHALAXMI FABRIC MILLS LT,19.48,19.48,18.62,18.8,19.45,18.93,,18.8,,,73,1394.73,12,F1,1,,,,,
2026-08-25,2026-08-25,CM,NSE,STK,7889,INE112D01035,MHLXMIRU,BE,,,,,MAHALAXMI RUBTECH LIMITED,189.0,189.2,182.0,185.0,185.0,189.18,,187.75,,,4715,882539.95,33,F1,1,,,,,
2026-08-25,2026-08-25,CM,NSE,STK,17531,INE451L01014,MAHASTEEL,BE,,,,,MAHAMAYA STEEL INDS LTD,1185.0,1205.0,1170.1,1202.1,1202.0,1175.7,,1204.07,,,35107,41776101.6,767,F1,1,,,,,
2026-08-25,2026-08-25,CM,NSE,STK,17534,INE002S01010,MGL,EQ,,,,,MAHANAGAR GAS LTD.,1131.0,1131.0,1100.0,1101.4,1101.1,1127.7,,1101.42,,,262893,292311330.4,21415,F1,1,,,,,
2026-08-25,2026-08-25,CM,NSE,STK,2294,INE153A01019,MTNL,EQ,,,,,MAHANAGAR TELEPHONE NIGAM,26.5,26.73,26.4,26.57,26.59,26.46,,26.57,,,494319,13137114.71,2273,F1,1,,,,,
2026-08-25,2026-08-25,CM,NSE,STK,2085,INE288A01013,MAHSCOOTER,EQ,,,,,MAHARASHTRA SCOOTERS LTD,13139.0,13338.0,13001.0,13216.0,13248.0,13063.0,,13218.14,,,2847,37660162.0,958,F1,1,,,,,
2026-08-25,2026-08-25,CM,NSE,STK,2088,INE271B01025,MAHSEAMLES,EQ,,,,,MAHARASHTRA SEAMLESS LTD,634.9,655.95,632.0,636.55,639.9,634.75,,636.51,,,305342,196562041.35,17419,F1,1,,,,,
2026-08-25,2026-08-25,CM,NSE,STK,9577,INE263W01010,MAHESHWARI,BE,,,,,MAHESHWARI LOGISTICS LTD.,75.24,76.81,74.01,74.96,74.95,74.55,,74.96,,,32120,2431871.81,103,F1,1,,,,,
2026-08-25,2026-08-25,CM,NSE,STK,2839,INE961Y01015,MAHICKRA,SM,,,,,MAHICKRA CHEMICAL LIMITED,299.0,299.0,288.0,288.0,288.0,284.95,,288.0,,,2250,656962.5,3,F1,750,,,,,
2026-08-25,2026-08-25,CM,NSE,STK,2031,INE101A01026,M&M,EQ,,,,,MAHINDRA & MAHINDRA LTD,3414.1,3443.0,3396.8,3443.0,3443.0,3414.1,,3442.95,,,1078022,3683851340.3,64811,F1,1,,,,,
2026-08-25,2026-08-25,CM,NSE,STK,17603,INE215D01010,MAHEPC,EQ,,,,,MAHINDRA EPC IRRIG LTD,106.9,106.99,105.08,106.2,105.61,106.69,,106.2,,,13077,1389823.65,352,F1,1,,,,,
2026-08-25,2026-08-25,CM,NSE,STK,17333,INE998I01010,MHRIL,EQ,,,,,MAHINDRA HOLIDAYS LTD,221.2,222.64,218.0,219.1,219.46,221.05,,219.11,,,88912,19519589.65,2385,F1,1,,,,,
2026-08-25,2026-08-25,CM,NSE,STK,8050,INE813A01018,MAHLIFE,EQ,,,,,MAHINDRA LIFESPACE DEVLTD,379.15,383.0,375.0,376.55,376.0,379.15,,376.56,,,81225,30754003.35,4245,F1,1,,,,,
2026-08-25,2026-08-25,CM,NSE,STK,385,INE766P01016,MAHLOG,EQ,,,,,MAHINDRA LOGISTIC LIMITED,403.1,405.8,396.1,399.7,400.5,403.1,,399.71,,,95410,38115791.35,5985,F1,1,,,,,
2026-08-25,2026-08-25,CM,NSE,STK,24538,INE683C01011,MAITHANALL,EQ,,,,,MAITHAN ALLOYS LTD,999.0,999.05,983.25,988.75,984.0,993.95,,988.76,,,22169,21933542.8,968,F1,1,,,,,
2026-08-25,2026-08-25,CM,NSE,STK,19809,INE0PLQ01011,MAITREYA,SM,,,,,MAITREYA MEDICARE LIMITED,114.95,117.6,112.25,112.25,112.25,112.85,,112.25,,,2400,276880.0,6,F1,400,,,,,
2026-08-25,2026-08-25,CM,NSE,STK,762780,INE201B01022,MAJESAUT,BE,,,,,MAJESTIC AUTO LTD.,369.9,369.9,355.05,359.15,362.0,362.05,,359.89,,,2316,839534.75,114,F1,1,,,,,
2026-08-25,2026-08-25,CM,NSE,STK,764773,INE987A01010,MAKERSL,EQ,,,,,MAKERS LABORATORIES LTD.,228.0,236.0,212.55,215.51,215.7,220.86,,215.71,,,76863,17143819.01,1924,F1,1,,,,,
2026-08-25,2026-08-25,CM,NSE,STK,11218,INE0CDK01019,MAKS,SM,,,,,MAKS ENERGY SOL INDIA LTD,15.0,15.0,14.0,14.0,14.0,14.7,,14.0,,,6000,85650.0,4,F1,1500,,,,,
2026-08-25,2026-08-25,CM,NSE,STK,7965,INE389C01015,MALLCOM,EQ,,,,,MALLCOM (INDIA) LIMITED,962.0,1030.0,962.0,1016.8,1021.0,969.25,,1016.82,,,4104,4087108.95,241,F1,1,,,,,
2026-08-25,2026-08-25,CM,NSE,STK,13352,INE383H01017,MALUPAPER,EQ,,,,,MALU PAPER MILLS LIMITED,31.38,32.61,31.34,32.01,32.1,31.38,,31.95,,,14601,469903.64,169,F1,1,,,,,
2026-08-25,2026-08-25,CM,NSE,STK,28687,INE0TO701015,MAMATA,EQ,,,,,MAMATA MACHINERY LIMITED,417.5,417.5,407.3,410.4,414.0,417.5,,410.38,,,16125,6620571.35,1074,F1,1,,,,,
2026-08-25,2026-08-25,CM,NSE,STK,7413,INE830Q01018,MANAKCOAT,EQ,,,,,MAN COAT METAL & IND LTD,125.0,125.69,123.0,124.09,124.9,124.77,,124.09,,,100398,12506853.3,1491,F1,1,,,,,
2026-08-25,2026-08-25,CM,NSE,STK,11884,INE993A01026,MANINDS,EQ,,,,,MAN INDUSTRIES (I) LTD.,719.15,729.0,704.4,711.5,714.5,718.1,,711.47,,,472295,339774721.2,18188,F1,1,,,,,
2026-08-25,2026-08-25,CM,NSE,STK,18226,INE949H01023,MANINFRA,EQ,,,,,MAN INFRA LTD,114.38,114.47,112.14,113.86,113.95,113.68,,113.86,,,884939,100373725.37,6416,F1,1,,,,,
2026-08-25,2026-08-25,CM,NSE,STK,7420,INE859Q01017,MANAKALUCO,EQ,,,,,MANAK ALUMINIUM CO. LTD.,36.8,41.68,36.8,40.04,40.19,37.26,,40.04,,,188666,7527043.17,2429,F1,1,,,,,
2026-08-25,2026-08-25,CM,NSE,STK,15199,INE015D01022,MANAKSIA,EQ,,,,,MANAKSIA LTD.,57.4,58.44,56.51,57.7,57.31,58.1,,57.73,,,8381,482249.68,160,F1,1,,,,,
2026-08-25,2026-08-25,CM,NSE,STK,7463,INE824Q01011,MANAKSTEEL,EQ,,,,,MANAKSIA STEELS LTD,88.89,88.89,86.25,86.74,86.33,87.38,,86.74,,,30318,2649112.28,306,F1,1,,,,,
2026-08-25,2026-08-25,CM,NSE,STK,13796,INE201A01024,MANALIPETC,EQ,,,,,MANALI PETROCHEMICALS LT,74.5,77.14,74.41,74.87,75.0,74.91,,74.87,,,976418,73794195.55,6811,F1,1,,,,,
2026-08-25,2026-08-25,CM,NSE,STK,19061,INE522D01027,MANAPPURAM,EQ,,,,,MANAPPURAM FINANCE LTD,366.25,369.7,363.3,367.45,367.45,365.05,,367.03,,,4778127,1752848613.15,41445,F1,1,,,,,
2026-08-25,2026-08-25,CM,NSE,STK,25597,INE939X01013,MANBA,EQ,,,,,MANBA FINANCE LIMITED,129.3,131.6,126.37,127.61,128.5,129.08,,127.63,,,115450,14820626.62,847,F1,1,,,,,
2026-08-25,2026-08-25,CM,NSE,STK,765105,INE348N01042,MANBRO,EQ,,,,,MANBRO INDUSTRIES LTD.,59.45,60.5,59.01,59.66,59.9,59.04,,59.62,,,220837,13098077.31,1317,F1,1,,,,,
2026-08-25,2026-08-25,CM,NSE,STK,24823,INE545L01039,MANCREDIT,EQ,,,,,MANGAL CREDIT N FINCORP L,222.64,224.86,220.0,222.17,223.0,222.63,,222.17,,,18317,4075857.3,534,F1,1,,,,,
2026-08-25,2026-08-25,CM,NSE,STK,758748,INE0PKD01011,MEIL,EQ,,,,,MANGAL ELECTRICAL IND L,262.0,301.2,258.4,276.2,275.75,261.05,,275.97,,,618782,172913763.7,20246,F1,1,,,,,
2026-08-25,2026-08-25,CM,NSE,STK,19134,INE00C401011,MAL,SM,,,,,MANGALAM ALLOYS LIMITED,30.65,30.95,30.25,30.4,30.55,31.8,,30.4,,,20800,635600.0,11,F1,1600,,,,,
2026-08-25,2026-08-25,CM,NSE,STK,2106,INE347A01017,MANGLMCEM,EQ,,,,,MANGALAM CEMENT LTD,1050.0,1060.0,1002.05,1034.5,1032.0,1045.4,,1034.48,,,116826,121949836.3,5063,F1,1,,,,,
2026-08-25,2026-08-25,CM,NSE,STK,11817,INE584F01014,MANGALAM,EQ,,,,,MANGALAM DRUG & CHEM LTD,30.44,33.39,30.0,32.84,32.61,30.44,,32.86,,,273648,8782137.66,1791,F1,1,,,,,
2026-08-25,2026-08-25,CM,NSE,STK,1598,INE0APB01032,MGEL,BE,,,,,MANGALAM GLOBAL ENT LTD,14.98,14.98,14.41,14.53,14.52,14.5,,14.53,,,59843,873152.19,166,F1,1,,,,,
2026-08-25,2026-08-25,CM,NSE,STK,6422,INE370D01013,MANORG,EQ,,,,,MANGALAM ORGANICS LIMITED,479.85,502.0,479.7,500.4,501.0,480.5,,500.4,,,16836,8323889.15,1185,F1,1,,,,,
2026-08-25,2026-08-25,CM,NSE,STK,764783,INE829S01016,MSL,EQ,,,,,MANGALAM SEEDS LTD.,151.99,151.99,149.2,149.2,149.2,153.07,,149.2,,,6,909.15,2,F1,1,,,,,
2026-08-25,2026-08-25,CM,NSE,STK,759169,INE0JYY01029,MWL,EQ,,,,,MANGALAM WORLDWIDE LTD,41.08,41.08,40.0,40.18,40.0,40.79,,40.18,,,126649,5110810.28,585,F1,1,,,,,
2026-08-25,2026-08-25,CM,NSE,STK,24629,INE0R3101011,MIEL,SM,,,,,MANGLAM INFRA & ENG LTD,11.9,11.9,11.9,11.9,11.9,12.4,,11.9,,,2000,23800.0,1,F1,2000,,,,,
2026-08-25,2026-08-25,CM,NSE,STK,760174,INE1ERK01013,MANILAM,SM,,,,,MANILAM INDUSTRIES IND L,47.95,47.95,47.95,47.95,47.95,46.0,,47.95,,,2000,95900.0,1,F1,2000,,,,,
2026-08-25,2026-08-25,CM,NSE,STK,764357,INE459N01021,MANIPALHOS,EQ,,,,,MANIPAL HEALTH ENTERPRI L,743.05,768.5,743.0,762.8,765.15,741.05,,763.01,,,2348541,1782326351.85,62351,F1,1,,,,,
2026-08-25,2026-08-25,CM,NSE,STK,15380,INE634S01028,MANKIND,EQ,,,,,MANKIND PHARMA LIMITED,2374.4,2374.4,2337.6,2365.0,2365.0,2374.5,,2365.01,,,415562,979720757.2,16936,F1,1,,,,,
2026-08-25,2026-08-25,CM,NSE,STK,19015,INE0KNT01012,MVGJL,EQ,,,,,MANOJ VAIBHAV GEM N JEW L,151.4,152.59,148.82,151.2,151.0,151.59,,151.2,,,32627,4927922.58,882,F1,1,,,,,
2026-08-25,2026-08-25,CM,NSE,STK,13753,INE784W01015,MANOMAY,EQ,,,,,MANOMAY TEX INDIA LTD,214.75,218.34,210.6,215.57,215.45,214.76,,215.6,,,67567,14544126.91,1232,F1,1,,,,,
2026-08-25,2026-08-25,CM,NSE,STK,10227,INE00VM01036,MANORAMA,EQ,,,,,MANORAMA INDUSTRIES LTD,1905.8,1930.0,1896.1,1914.6,1906.0,1909.4,,1914.6,,,157027,300462991.1,15655,F1,1,,,,,
2026-08-25,2026-08-25,CM,NSE,STK,13575,INE867A01022,MANUGRAPH,BE,,,,,MANUGRAPH INDIA LIMITED,15.99,16.0,15.36,15.99,15.99,15.92,,15.76,,,8111,128028.58,19,F1,1,,,,,
2026-08-25,2026-08-25,CM,NSE,STK,2112,INE882A01013,MARALOVER,EQ,,,,,MARAL OVERSEAS LTD,55.0,55.99,53.47,55.0,55.64,55.16,,55.0,,,5298,291140.21,58,F1,1,,,,,
2026-08-25,2026-08-25,CM,NSE,STK,18659,INE182D01020,MARATHON,EQ,,,,,MARATHON NXTGEN REALT LTD,434.0,440.0,396.1,402.4,398.4,422.8,,402.41,,,2065646,868087533.15,49369,F1,1,,,,,
2026-08-25,2026-08-25,CM,NSE,STK,760453,INE0TD401015,MARC,SM,,,,,MARC TECHNOCRATS LIMITED,145.0,145.95,136.0,145.1,145.25,142.65,,145.1,,,24000,3434160.0,19,F1,1200,,,,,
2026-08-25,2026-08-25,CM,NSE,STK,18773,INE0QP001012,MARCO,SM,,,,,MARCO CABLE & CONDUCTOR L,32.05,33.45,32.0,33.45,33.45,33.5,,33.45,,,6000,194325.0,4,F1,1500,,,,,
2026-08-25,2026-08-25,CM,NSE,STK,4067,INE196A01026,MARICO,EQ,,,,,MARICO LIMITED,845.1,848.0,838.2,847.5,847.5,846.1,,847.48,,,507512,428149058.05,19081,F1,1,,,,,
2026-08-25,2026-08-25,CM,NSE,STK,1328,INE01JE01028,MARINE,EQ,,,,,MARINE ELECTRICAL (I) LTD,385.0,388.95,369.25,373.5,374.0,382.9,,373.5,,,459518,173200586.75,12674,F1,1,,,,,
2026-08-25,2026-08-25,CM,NSE,STK,760204,INE0FW001016,MARKOLINES,EQ,,,,,MARKOLINES PAVEMENT TEC L,171.08,173.24,169.09,171.95,171.5,171.01,,171.91,,,219360,37652948.05,1412,F1,1,,,,,
2026-08-25,2026-08-25,CM,NSE,STK,10579,INE750C01026,MARKSANS,EQ,,,,,MARKSANS PHARMA LIMITED,326.3,330.75,315.1,318.5,318.7,323.9,,318.51,,,1686249,539906455.95,28408,F1,1,,,,,
2026-08-25,2026-08-25,CM,NSE,STK,761386,INE415B01044,MARSONS,EQ,,,,,MARSONS LIMITED,120.7,124.99,120.02,123.4,123.41,120.97,,123.4,,,4140791,510264463.4,11556,F1,1,,,,,
2026-08-25,2026-08-25,CM,NSE,STK,761042,INE0X7G01013,MARUSHIKA,SM,,,,,MARUSHIKA TECHNOLOGY LTD,108.5,108.5,108.5,108.5,108.5,109.0,,108.5,,,1200,130200.0,1,F1,1200,,,,,
2026-08-25,2026-08-25,CM,NSE,STK,10999,INE585B01010,MARUTI,EQ,,,,,MARUTI SUZUKI INDIA LTD.,13609.0,13678.0,13450.0,13678.0,13678.0,13620.0,,13677.85,,,296429,4014703843.0,47618,F1,1,,,,,
2026-08-25,2026-08-25,CM,NSE,STK,2133,INE575Z01010,MDL,ST,,,,,MARVEL DECOR LIMITED,52.95,53.55,52.95,53.55,53.55,51.0,,53.55,,,5000,266450.0,5,F1,1000,,,,,
2026-08-25,2026-08-25,CM,NSE,STK,199,INE348L01012,MASFIN,EQ,,,,,MAS FINANCIAL SERV LTD,293.0,301.9,289.3,299.6,299.25,292.6,,299.6,,,213138,63494569.55,7715,F1,1,,,,,
2026-08-25,2026-08-25,CM,NSE,STK,18727,INE885F01015,MASKINVEST,EQ,,,,,MASK INVESTMENTS LIMITED,150.0,150.0,144.41,144.5,144.5,152.0,,144.5,,,258,37428.1,44,F1,1,,,,,
2026-08-25,2026-08-25,CM,NSE,STK,24278,INE0SH001010,MASON,SM,,,,,MASON INFRATECH LIMITED,117.5,124.9,113.0,121.45,121.15,117.5,,121.45,,,118500,14432650.0,120,F1,500,,,,,
2026-08-25,2026-08-25,CM,NSE,STK,2124,INE759A01021,MASTEK,EQ,,,,,MASTEK LTD,1695.0,1697.5,1655.7,1666.5,1663.1,1685.0,,1666.33,,,46331,77297032.0,10226,F1,1,,,,,
2026-08-25,2026-08-25,CM,NSE,STK,19011,INE0OJM01017,MASTER,SM,,,,,MASTER COMPONENTS LIMITED,435.0,435.0,435.0,435.0,435.0,443.0,,435.0,,,500,217500.0,1,F1,500,,,,,
2026-08-25,2026-08-25,CM,NSE,STK,27047,INE677D01037,MASTERTR,EQ,,,,,MASTER TRUST LIMITED,84.01,85.75,82.15,82.83,82.85,84.34,,82.83,,,213309,17894921.34,1089,F1,1,,,,,
2026-08-25,2026-08-25,CM,NSE,STK,21726,INE866R01028,MATRIMONY,EQ,,,,,MATRIMONY.COM LIMITED,517.25,538.0,516.35,519.25,518.8,521.45,,519.26,,,6996,3652100.75,747,F1,1,,,,,
2026-08-25,2026-08-25,CM,NSE,STK,759945,INE132901013,MGSL,SM,,,,,MATRIX GEO SOLUTIONS LTD,85.5,85.5,85.5,85.5,85.5,85.35,,85.5,,,1200,102600.0,1,F1,1200,,,,,
2026-08-25,2026-08-25,CM,NSE,STK,17022,INE636A01039,MAWANASUG,EQ,,,,,MAWANA SUGARS LIMITED,149.0,150.0,140.0,143.68,143.6,150.81,,143.67,,,838255,121691451.67,12147,F1,1,,,,,
2026-08-25,2026-08-25,CM,NSE,STK,19646,INE03EI01018,MAXESTATES,EQ,,,,,MAX ESTATES LIMITED,543.1,562.2,540.25,556.05,560.0,549.15,,556.04,,,350806,193818076.45,16592,F1,1,,,,,
2026-08-25,2026-08-25,CM,NSE,STK,2142,INE180A01020,MFSL,EQ,,,,,MAX FINANCIAL SERV LTD,1587.7,1600.4,1570.0,1592.5,1592.5,1569.8,,1592.5,,,944748,1501984572.0,53906,F1,1,,,,,
2026-08-25,2026-08-25,CM,NSE,STK,22377,INE027H01010,MAXHEALTH,EQ,,,,,MAX HEALTHCARE INS LTD,990.5,1016.0,980.3,1016.0,1016.0,990.5,,1016.0,,,1889964,1882402603.3,46887,F1,1,,,,,
2026-08-25,2026-08-25,CM,NSE,STK,22428,INE0CG601016,MAXIND,EQ,,,,,MAX INDIA LIMITED,154.34,154.34,150.0,150.66,150.0,154.37,,150.7,,,29532,4487150.87,868,F1,1,,,,,
2026-08-25,2026-08-25,CM,NSE,STK,29645,INE10A501018,MAXVOLT,SM,,,,,MAXVOLT ENERGY INDUS L,341.9,348.7,329.5,340.15,336.5,337.25,,340.15,,,35600,12057920.0,74,F1,400,,,,,
2026-08-25,2026-08-25,CM,NSE,STK,757587,INE0ZTO01018,MAYASHEEL,SM,,,,,MAYASHEEL VENTURES LTD,37.9,37.9,37.9,37.9,37.9,37.0,,37.9,,,6000,227400.0,2,F1,3000,,,,,
2026-08-25,2026-08-25,CM,NSE,STK,28906,INE040D01038,MAYURUNIQ,EQ,,,,,MAYUR UNIQUOTERS LTD,774.4,774.4,740.05,745.4,743.7,770.05,,745.42,,,65868,49290969.6,4748,F1,1,,,,,
2026-08-25,2026-08-25,CM,NSE,STK,509,INE249Z01020,MAZDOCK,EQ,,,,,MAZAGON DOCK SHIPBUIL LTD,2539.9,2621.7,2520.0,2610.0,2610.0,2540.0,,2609.91,,,1640159,4233112263.3,42363,F1,1,,,,,
2026-08-25,2026-08-25,CM,NSE,STK,18870,INE885E01042,MAZDA,BE,,,,,MAZDA LIMITED,235.1,242.0,235.1,240.08,240.0,235.49,,240.08,,,10743,2577640.08,110,F1,1,,,,,
2026-08-25,2026-08-25,CM,NSE,STK,18029,INE912H01013,MBLINFRA,EQ,,,,,MBL INFRASTRUCTURE LTD,23.9,23.9,23.37,23.68,23.7,23.37,,23.69,,,10400,246485.21,80,F1,1,,,,,
2026-08-25,2026-08-25,CM,NSE,STK,11943,INE942G01012,MCLEODRUSS,EQ,,,,,MCLEOD RUSSEL INDIA LTD.,50.9,51.04,49.1,50.53,50.16,49.91,,50.52,,,196809,9872570.09,1623,F1,1,,,,,
2026-08-25,2026-08-25,CM,NSE,STK,14574,INE0O4M01019,MCON,SM,,,,,MCON RASAYAN INDIA LTD,43.8,43.8,43.8,43.8,43.8,46.1,,43.8,,,2000,87600.0,2,F1,1000,,,,,
2026-08-25,2026-08-25,CM,NSE,STK,21705,INE456Z01021,MEDIASSIST,EQ,,,,,MEDI ASSIST HEALTH SER L,355.95,367.0,349.65,351.2,351.0,357.05,,351.2,,,692862,246938911.6,20459,F1,1,,,,,
2026-08-25,2026-08-25,CM,NSE,STK,765110,INE442D01010,MEDICAPQ,EQ,,,,,MEDI CAPS LTD.,26.43,27.99,25.0,26.0,26.0,25.48,,26.0,,,6092,161519.94,82,F1,1,,,,,
2026-08-25,2026-08-25,CM,NSE,STK,762802,INE200D01020,MMWL,EQ,,,,,MEDIA MATRIX WORLDWIDE L,15.46,16.19,15.42,15.77,16.0,15.42,,15.77,,,136296,2179306.26,821,F1,1,,,,,
2026-08-25,2026-08-25,CM,NSE,STK,6278,INE646B01010,MEDICAMEQ,EQ,,,,,MEDICAMEN BIOTECH LIMITED,232.2,238.48,232.2,237.94,238.45,233.53,,237.97,,,9467,2238112.8,326,F1,1,,,,,
2026-08-25,2026-08-25,CM,NSE,STK,24239,INE0PE401018,MEDIORG,SM,,,,,MEDICAMEN ORGANICS LTD,23.15,23.15,22.55,22.55,22.55,23.15,,22.55,,,10000,226700.0,3,F1,2000,,,,,
2026-08-25,2026-08-25,CM,NSE,STK,9667,INE630Y01024,MEDICO,EQ,,,,,MEDICO REMEDIES LIMITED,42.03,43.0,41.46,42.06,41.46,42.03,,42.06,,,517156,21986524.2,1707,F1,1,,,,,
2026-08-25,2026-08-25,CM,NSE,STK,7254,INE804L01022,MEDPLUS,EQ,,,,,MEDPLUS HEALTH SERV LTD,677.0,681.55,671.65,678.15,681.1,676.6,,678.14,,,208739,141340882.6,8902,F1,1,,,,,
2026-08-25,2026-08-25,CM,NSE,STK,760229,INE0VDM01015,MEESHO,EQ,,,,,MEESHO LIMITED,205.19,209.95,202.0,206.32,204.99,205.07,,206.35,,,17211698,3562709157.78,131939,F1,1,,,,,
2026-08-25,2026-08-25,CM,NSE,STK,8153,INE00EM01016,MEGASTAR,EQ,,,,,MEGASTAR FOODS LIMITED,313.75,314.1,305.3,305.6,305.5,309.25,,305.62,,,2638,814581.15,81,F1,1,,,,,
2026-08-25,2026-08-25,CM,NSE,STK,22560,INE531R01010,MEGATHERM,SM,,,,,MEGATHERM INDUCTION LTD,220.55,224.0,216.05,222.05,222.05,220.0,,222.05,,,14000,3078080.0,28,F1,400,,,,,
2026-08-25,2026-08-25,CM,NSE,STK,5394,INE0CT101020,MOL,EQ,,,,,MEGHMANI ORGANICS LIMITED,64.36,64.99,61.9,62.51,62.78,64.43,,62.51,,,1543832,97391916.4,8440,F1,1,,,,,
2026-08-25,2026-08-25,CM,NSE,STK,764778,INE898Q01015,MIIL,EQ,,,,,MEGHNA INFRACON INFRA L,711.05,738.45,703.05,722.05,719.75,707.8,,722.05,,,100151,71424344.2,1927,F1,1,,,,,
2026-08-25,2026-08-25,CM,NSE,STK,6971,INE071D01033,MENONBE,BE,,,,,MENON BEARINGS LIMITED,261.98,272.0,249.39,264.5,272.0,260.96,,264.5,,,96276,24640192.71,1061,F1,1,,,,,
2026-08-25,2026-08-25,CM,NSE,STK,762787,INE650G01029,MENNPIS,EQ,,,,,MENON PISTONS LTD.,71.48,71.97,69.6,70.54,70.0,71.35,,70.41,,,62146,4373401.43,915,F1,1,,,,,
2026-08-25,2026-08-25,CM,NSE,STK,25882,INE776I01010,MEP,BZ,,,,,MEP INFRA. DEVELOPERS LTD,0.69,0.69,0.69,0.69,0.69,0.68,,0.7,,,26541,18313.29,10,F1,1,,,,,
2026-08-25,2026-08-25,CM,NSE,STK,762792,INE689O01013,MERCANTILE,EQ,,,,,MERCANTILE VENTURES LTD.,24.22,25.77,24.0,24.49,24.9,24.77,,24.66,,,1718,42272.98,33,F1,1,,,,,
2026-08-25,2026-08-25,CM,NSE,STK,763663,INE763M01028,MERCURYEV,EQ,,,,,MERCURY EV-TECH LIMITED,39.5,39.5,36.1,37.4,37.59,39.2,,37.36,,,169903,6537137.9,1348,F1,1,,,,,
2026-08-25,2026-08-25,CM,NSE,STK,764278,INE1II801013,METALIC,ST,,,,,METALIC TECHNOFORGE LTD,131.25,138.55,131.25,135.65,135.0,137.5,,135.65,,,52800,7197440.0,31,F1,1600,,,,,
2026-08-25,2026-08-25,CM,NSE,STK,7242,INE317I01021,METROBRAND,EQ,,,,,METRO BRANDS LIMITED,916.2,925.0,901.0,922.1,921.0,909.9,,922.14,,,27546,25205323.9,4704,F1,1,,,,,
2026-08-25,2026-08-25,CM,NSE,STK,762797,INE085D01033,METROGLOBL,EQ,,,,,METROGLOBAL LTD.,143.28,145.0,137.01,138.94,139.0,143.28,,138.92,,,5938,830255.55,137,F1,1,,,,,
2026-08-25,2026-08-25,CM,NSE,STK,9581,INE112L01020,METROPOLIS,EQ,,,,,METROPOLIS HEALTHCARE LTD,566.95,569.0,563.0,566.7,567.5,563.35,,566.69,,,150521,85248585.7,8089,F1,1,,,,,
2026-08-25,2026-08-25,CM,NSE,STK,7165,INE287C01037,MICEL,BE,,,,,MIC ELECTRONICS LTD,36.0,36.7,35.7,35.9,36.24,36.15,,35.91,,,85966,3088633.7,838,F1,1,,,,,
2026-08-25,2026-08-25,CM,NSE,STK,19887,INE0PZK01014,MICROPRO,SM,,,,,MICROPRO SOFTWARE SOL L,18.95,18.95,18.95,18.95,18.95,18.9,,18.95,,,1600,30320.0,1,F1,1600,,,,,
2026-08-25,2026-08-25,CM,NSE,STK,759517,INE0XAD01024,MIDWESTLTD,EQ,,,,,MIDWEST LIMITED,1155.0,1170.0,1140.0,1149.0,1147.0,1152.6,,1148.98,,,7492,8609137.8,578,F1,1,,,,,
2026-08-25,2026-08-25,CM,NSE,STK,765125,INE588G01021,MLKFOOD,EQ,,,,,MILKFOOD LTD.,90.04,92.0,89.32,91.21,90.07,91.88,,91.24,,,11060,1005935.58,180,F1,1,,,,,
2026-08-25,2026-08-25,CM,NSE,STK,765272,INE00IT01020,MILKYMIST,EQ,,,,,MILKY MIST DAIRY FOOD L,198.0,205.7,197.0,201.92,200.6,196.66,,201.96,,,15543026,3140270773.4,99960,F1,1,,,,,
2026-08-25,2026-08-25,CM,NSE,STK,765115,INE097E01028,MINALIND,EQ,,,,,MINAL INDUSTRIES LTD.,3.4,3.74,3.15,3.63,3.62,3.49,,3.63,,,693303,2377704.94,1438,F1,1,,,,,
2026-08-25,2026-08-25,CM,NSE,STK,25897,INE842C01021,MINDACORP,EQ,,,,,MINDA CORPORATION LTD,720.95,734.85,696.75,703.55,708.0,719.95,,703.52,,,667361,471943084.5,40201,F1,1,,,,,
2026-08-25,2026-08-25,CM,NSE,STK,22308,INE0CCU25019,MINDSPACE,RR,,,,,MINDSPACE BUSINESS P REIT,498.7,498.8,494.25,494.38,494.45,496.75,,494.39,,,284272,140940652.96,7717,F1,1,,,,,
2026-08-25,2026-08-25,CM,NSE,STK,18049,INE110B01017,MINDTECK,EQ,,,,,MINDTECK (INDIA) LIMITED,170.0,171.79,166.21,169.35,170.0,169.08,,169.46,,,30228,5102999.7,1029,F1,1,,,,,
2026-08-25,2026-08-25,CM,NSE,STK,19640,INF769K01KU7,ALPHAETF,EQ,,,,,MIRAEAMC - ALPHAETF,26.96,27.2,26.87,27.17,27.15,26.85,,27.17,,,492963,13338836.77,876,F1,1,,,,,
2026-08-25,2026-08-25,CM,NSE,STK,17419,INF769K01KR3,BANKETF,EQ,,,,,MIRAEAMC - BANKETF,584.21,587.64,584.21,586.5,587.1,585.1,,586.5,,,75025,43995113.49,642,F1,1,,,,,
2026-08-25,2026-08-25,CM,NSE,STK,25725,INF769K01LZ4,BANKPSU,EQ,,,,,MIRAEAMC - BANKPSU,86.29,86.94,86.08,86.92,86.94,85.87,,86.92,,,9931,861404.72,53,F1,1,,,,,
2026-08-25,2026-08-25,CM,NSE,STK,28969,INF769K01NS5,CONSUMER,EQ,,,,,MIRAEAMC - CONSUMER,12.3,12.44,12.27,12.39,12.41,12.3,,12.39,,,111707,1378986.42,280,F1,1,,,,,
2026-08-25,2026-08-25,CM,NSE,STK,761046,INF769K01QC2,DEFENCE,EQ,,,,,MIRAEAMC - DEFENCE,83.72,83.72,81.3,82.38,82.56,82.08,,82.38,,,234783,19290842.08,682,F1,1,,,,,
2026-08-25,2026-08-25,CM,NSE,STK,760412,INF769K01PY8,DIVIDEND,EQ,,,,,MIRAEAMC - DIVIDEND,35.85,35.85,35.6,35.77,35.81,35.85,,35.77,,,3309,118253.61,72,F1,1,,,,,
2026-08-25,2026-08-25,CM,NSE,STK,759780,INF769K01PR2,ENERGY,EQ,,,,,MIRAEAMC - ENERGY,39.43,39.43,38.27,38.45,38.5,38.47,,38.45,,,119278,4577481.91,989,F1,1,,,,,
2026-08-25,2026-08-25,CM,NSE,STK,30121,INF769K01OA1,EQUAL200,EQ,,,,,MIRAEAMC - EQUAL200,13.99,14.08,13.94,14.05,14.08,13.99,,14.05,,,18574,259620.69,47,F1,1,,,,,
2026-08-25,2026-08-25,CM,NSE,STK,757142,INF769K01OO2,EQUAL50,EQ,,,,,MIRAEAMC - EQUAL50,333.5,335.43,333.0,335.43,335.43,334.52,,335.43,,,2786,930345.25,23,F1,1,,,,,
2026-08-25,2026-08-25,CM,NSE,STK,24461,INF769K01LQ3,EVINDIA,EQ,,,,,MIRAEAMC - EVINDIA,33.5,33.6,33.3,33.49,33.59,33.49,,33.5,,,179391,5993713.63,1668,F1,1,,,,,
2026-08-25,2026-08-25,CM,NSE,STK,760986,INF769K01QA6,HEALTHCARE,EQ,,,,,MIRAEAMC - HEALTHCARE,21.39,21.66,21.33,21.59,21.66,21.39,,21.59,,,65536,1402862.57,137,F1,1,,,,,
2026-08-25,2026-08-25,CM,NSE,STK,764333,INF769K01RJ5,HYBRIDETF,EQ,,,,,MIRAEAMC - HYBRIDETF,10.33,10.35,9.87,10.15,10.16,10.13,,10.14,,,13406,135654.12,63,F1,1,,,,,
2026-08-25,2026-08-25,CM,NSE,STK,761030,INF769K01QB4,INFRA,EQ,,,,,MIRAEAMC - INFRA,12.16,12.22,12.12,12.21,12.22,12.15,,12.21,,,18543,226101.69,151,F1,1,,,,,
2026-08-25,2026-08-25,CM,NSE,STK,758595,INF769K01PB6,INTERNET,EQ,,,,,MIRAEAMC - INTERNET,14.55,14.8,14.39,14.77,14.8,14.68,,14.77,,,172139,2523080.07,227,F1,1,,,,,
2026-08-25,2026-08-25,CM,NSE,STK,19633,INF769K01KV5,ITETF,EQ,,,,,MIRAEAMC - ITETF,32.76,32.76,32.13,32.5,32.6,32.37,,32.5,,,143146,4625248.28,533,F1,1,,,,,
2026-08-25,2026-08-25,CM,NSE,STK,765313,INF769K01RK3,LARGEMID50,EQ,,,,,MIRAEAMC - LARGEMID50,36.8,36.92,36.75,36.83,36.83,36.71,,36.83,,,9786,360046.36,10,F1,1,,,,,
2026-08-25,2026-08-25,CM,NSE,STK,17572,INF769K01KS1,LIQUID,EQ,,,,,MIRAEAMC - LIQUID,1000.0,1000.0,999.99,999.99,1000.0,999.99,,999.99,,,176298,176297003.83,152,F1,1,,,,,
2026-08-25,2026-08-25,CM,NSE,STK,27075,INF769K01MY5,LIQUIDPLUS,EQ,,,,,MIRAEAMC - LIQUIDPLUS,1100.5,1100.52,1100.5,1100.5,1100.52,1100.21,,1100.5,,,59164,65110444.38,310,F1,1,,,,,
2026-08-25,2026-08-25,CM,NSE,STK,1200,INF769K01GS9,ESG,EQ,,,,,MIRAEAMC - MAESGETF,41.71,41.88,41.53,41.87,41.88,41.59,,41.87,,,2460,102562.9,54,F1,1,,,,,
2026-08-25,2026-08-25,CM,NSE,STK,3507,INF769K01HF4,MAFANG,EQ,,,,,MIRAEAMC - MAFANG,206.26,206.94,206.26,206.94,206.94,205.87,,206.94,,,136421,28230860.31,4833,F1,1,,,,,
2026-08-25,2026-08-25,CM,NSE,STK,5220,INF769K01HI8,BFSI,EQ,,,,,MIRAEAMC - MAFSETF,27.16,27.35,27.14,27.27,27.35,27.16,,27.28,,,330438,9002637.75,649,F1,1,,,,,
2026-08-25,2026-08-25,CM,NSE,STK,14286,INF769K01JP9,GOLDETF,EQ,,,,,MIRAEAMC - MAGOLDETF,156.52,156.75,155.51,156.17,156.3,156.11,,156.17,,,1299275,202851548.65,14527,F1,1,,,,,
2026-08-25,2026-08-25,CM,NSE,STK,14938,INF769K01KF8,GSEC10YEAR,EQ,,,,,MIRAEAMC - MAGS813ETF,30.52,30.58,30.38,30.45,30.38,30.37,,30.45,,,440,13373.9,18,F1,1,,,,,
2026-08-25,2026-08-25,CM,NSE,STK,7074,INF769K01HS7,MAHKTECH,EQ,,,,,MIRAEAMC - MAHKTECH,23.38,23.38,22.75,22.88,22.94,22.83,,22.88,,,469214,10745752.78,4411,F1,1,,,,,
2026-08-25,2026-08-25,CM,NSE,STK,8413,INF769K01IC9,MIDCAPETF,EQ,,,,,MIRAEAMC - MAM150ETF,23.96,24.09,23.89,24.04,24.04,23.96,,24.04,,,1427564,34228318.22,3931,F1,1,,,,,
2026-08-25,2026-08-25,CM,NSE,STK,7979,INF769K01IB1,MAKEINDIA,EQ,,,,,MIRAEAMC - MAMFGETF,167.99,169.04,166.92,168.14,169.04,167.93,,168.14,,,43860,7354780.12,411,F1,1,,,,,
2026-08-25,2026-08-25,CM,NSE,STK,6353,INF769K01EG9,NIFTYETF,EQ,,,,,MIRAEAMC - MAN50ETF,260.86,265.3,260.86,264.78,264.55,263.49,,264.79,,,69487,18311770.53,648,F1,1,,,,,
2026-08-25,2026-08-25,CM,NSE,STK,14786,INF769K01JU9,LOWVOL,EQ,,,,,MIRAEAMC - MANV30F,207.95,208.45,207.32,208.1,208.11,208.35,,208.1,,,3547,738013.19,17,F1,1,,,,,
2026-08-25,2026-08-25,CM,NSE,STK,17181,INF769K01FN2,NEXT50,EQ,,,,,MIRAEAMC - MANXT50,763.5,769.0,761.39,768.19,769.0,763.32,,768.17,,,18363,14061588.96,1363,F1,1,,,,,
2026-08-25,2026-08-25,CM,NSE,STK,16777,INF769K01KG6,SILVERAG,EQ,,,,,MIRAEAMC - MASILVER,233.39,235.01,232.18,233.46,233.3,235.99,,233.46,,,307652,71816367.25,2831,F1,1,,,,,
2026-08-25,2026-08-25,CM,NSE,STK,5782,INF769K01HP3,MASPTOP50,EQ,,,,,MIRAEAMC - MASPTOP50,79.95,79.95,79.95,79.95,79.95,79.6,,79.95,,,122161,9766771.95,153,F1,1,,,,,
2026-08-25,2026-08-25,CM,NSE,STK,25744,INF769K01LY7,METAL,EQ,,,,,MIRAEAMC - METAL,13.8,13.8,13.36,13.45,13.49,13.47,,13.45,,,1778710,23885400.83,3613,F1,1,,,,,
2026-08-25,2026-08-25,CM,NSE,STK,23855,INF769K01LJ8,MIDSMALL,EQ,,,,,MIRAEAMC - MIDSMALL,51.23,52.34,51.23,52.24,52.34,52.28,,52.24,,,332303,17330554.33,2781,F1,1,,,,,
2026-08-25,2026-08-25,CM,NSE,STK,764198,INF769K01RC0,MOMMIDCAP,EQ,,,,,MIRAEAMC - MOMMIDCAP,13.5,13.5,13.09,13.22,13.25,13.11,,13.22,,,2273299,29960716.36,541,F1,1,,,,,
2026-08-25,2026-08-25,CM,NSE,STK,25080,INF769K01LX9,MULTICAP,EQ,,,,,MIRAEAMC - MULTICAP,16.96,16.96,16.8,16.89,16.93,16.88,,16.9,,,1114614,18748127.24,537,F1,1,,,,,
2026-08-25,2026-08-25,CM,NSE,STK,30109,INF769K01ON4,SELECTIPO,EQ,,,,,MIRAEAMC - SELECTIPO,49.0,49.27,48.86,49.18,49.26,48.91,,49.18,,,46488,2278932.05,132,F1,1,,,,,
2026-08-25,2026-08-25,CM,NSE,STK,19224,INF769K01KT9,SENSEXETF,EQ,,,,,MIRAEAMC - SENSEXETF,79.85,80.25,79.61,80.18,80.25,79.85,,80.16,,,15846,1264937.87,184,F1,1,,,,,
2026-08-25,2026-08-25,CM,NSE,STK,759814,INF769K01PQ4,SMALL250,EQ,,,,,MIRAEAMC - SMALL250,18.66,18.66,18.36,18.42,18.43,18.45,,18.42,,,505416,9305605.95,624,F1,1,,,,,
2026-08-25,2026-08-25,CM,NSE,STK,22832,INF769K01LC3,SMALLCAP,EQ,,,,,MIRAEAMC - SMALLCAP,49.0,49.3,48.58,48.75,48.72,48.88,,48.75,,,1039458,50621031.29,3421,F1,1,,,,,
2026-08-25,2026-08-25,CM,NSE,STK,760415,INF769K01PZ5,TOP20,EQ,,,,,MIRAEAMC - TOP20,9.0,9.0,8.96,9.0,9.0,8.97,,9.0,,,29684,266791.02,89,F1,1,,,,,
2026-08-25,2026-08-25,CM,NSE,STK,761511,INF769K01QV2,VALUE,EQ,,,,,MIRAEAMC - VALUE,16.24,16.24,16.1,16.2,16.2,16.14,,16.2,,,6002,97126.57,57,F1,1,,,,,
2026-08-25,2026-08-25,CM,NSE,STK,4394,INE771A01026,MIRZAINT,EQ,,,,,MIRZA INTERNATIONAL LIMIT,31.1,32.79,31.1,32.3,32.49,31.36,,32.3,,,222450,7170456.64,1827,F1,1,,,,,
2026-08-25,2026-08-25,CM,NSE,STK,2463,INE099Z01011,MIDHANI,EQ,,,,,MISHRA DHATU NIGAM LTD,417.0,418.85,411.5,414.4,413.5,418.1,,414.41,,,789570,326802763.6,13224,F1,1,,,,,
2026-08-25,2026-08-25,CM,NSE,STK,8475,INE828O01033,MITCON,BE,,,,,MITCON CON & ENG SER LTD,79.88,79.88,75.87,77.04,75.87,79.86,,77.04,,,3645,280160.28,40,F1,1,,,,,
2026-08-25,2026-08-25,CM,NSE,STK,18562,INE997Y01027,MITTAL,EQ,,,,,MITTAL LIFE STYLE LIMITED,0.87,0.89,0.83,0.85,0.86,0.88,,0.85,,,1123584,956740.53,504,F1,1,,,,,
2026-08-25,2026-08-25,CM,NSE,STK,13844,INE227C01017,MMFL,EQ,,,,,MM FORGINGS LTD,636.0,642.45,628.0,629.95,635.0,635.8,,630.02,,,59383,37605292.4,3766,F1,1,,,,,
2026-08-25,2026-08-25,CM,NSE,STK,16395,INE511Y01018,MMP,EQ,,,,,MMP INDUSTRIES LIMITED,396.0,408.0,386.35,389.7,389.0,394.1,,389.7,,,60122,23886688.75,2213,F1,1,,,,,
2026-08-25,2026-08-25,CM,NSE,STK,17957,INE123F01029,MMTC,EQ,,,,,MMTC LIMITED,64.84,65.45,63.58,63.9,64.0,64.61,,63.89,,,1677272,107918016.87,8148,F1,1,,,,,
2026-08-25,2026-08-25,CM,NSE,STK,760196,INE1YNB01019,MOBILISE,SM,,,,,MOBILISE APP LAB LIMITED,104.0,110.25,104.0,110.25,110.25,105.0,,110.25,,,20800,2274320.0,8,F1,1600,,,,,
2026-08-25,2026-08-25,CM,NSE,STK,2241,INE794W01014,MODTHREAD,EQ,,,,,MODERN THREADS INDIA LTD,55.01,58.69,52.0,56.8,56.99,54.21,,56.69,,,10948,606242.47,140,F1,1,,,,,
2026-08-25,2026-08-25,CM,NSE,STK,760280,INE537F01012,MODINATUR,BE,,,,,MODI NATURALS LIMITED,359.0,371.4,359.0,371.4,371.4,353.75,,371.4,,,19502,7153492.7,186,F1,1,,,,,
2026-08-25,2026-08-25,CM,NSE,STK,2229,INE832A01018,MODIRUBBER,EQ,,,,,MODI RUBBER LTD,135.0,139.95,127.3,138.44,136.63,129.37,,138.39,,,20818,2818856.14,672,F1,1,,,,,
2026-08-25,2026-08-25,CM,NSE,STK,759752,INE0L0L01012,MODIS,EQ,,,,,MODIS NAVNIRMAN LTD,382.5,383.0,372.0,378.05,376.0,379.25,,378.04,,,19628,7380052.15,735,F1,1,,,,,
2026-08-25,2026-08-25,CM,NSE,STK,3325,INE737D01021,MODISONLTD,BE,,,,,MODISON LIMITED,398.0,416.0,392.1,414.85,415.85,396.8,,414.64,,,136470,55211817.0,1418,F1,1,,,,,
2026-08-25,2026-08-25,CM,NSE,STK,760395,INE01WN07136,875MOF27,N0,,,,,MOF 8.75% 2027 TR 2,107541.15,107541.15,107541.15,107541.15,107541.15,106286.73,,107541.15,,,1,107541.15,1,F1,1,,,,,
2026-08-25,2026-08-25,CM,NSE,STK,1426,INE450S01011,MHHL,SM,,,,,MOHINI HEALTH&HYGIENE LTD,31.45,31.45,31.45,31.45,31.45,33.1,,31.45,,,3000,94350.0,2,F1,1500,,,,,
2026-08-25,2026-08-25,CM,NSE,STK,29423,INE954E01012,MOHITIND,EQ,,,,,MOHIT INDUSTRIES LTD,23.8,25.0,23.26,24.06,24.28,23.16,,24.06,,,25643,615613.39,203,F1,1,,,,,
2026-08-25,2026-08-25,CM,NSE,STK,765130,INE154B01023,MOHITE,EQ,,,,,MOHITE INDUSTRIES LTD.,2.47,2.62,2.46,2.54,2.54,2.51,,2.53,,,11300,28635.63,78,F1,1,,,,,
2026-08-25,2026-08-25,CM,NSE,STK,20830,INE490G01020,MOIL,EQ,,,,,MOIL LIMITED,255.8,257.2,252.5,254.3,254.2,255.4,,254.31,,,667470,169841770.05,17196,F1,1,,,,,
2026-08-25,2026-08-25,CM,NSE,STK,3586,INE514Y01020,MOKSH,EQ,,,,,MOKSH ORNAMENTS LIMITED,10.44,10.48,10.1,10.13,10.17,10.34,,10.13,,,289288,2945587.53,311,F1,1,,,,,
2026-08-25,2026-08-25,CM,NSE,STK,764548,INE869T01028,MOLBIO,EQ,,,,,MOLBIO DIAGNOSTICS LTD,1224.15,1247.0,1180.05,1227.35,1244.0,1199.3,,1227.47,,,2430947,2953538290.65,104904,F1,1,,,,,
2026-08-25,2026-08-25,CM,NSE,STK,6713,INE893J01029,MOLDTKPAC,EQ,,,,,MOLD-TEK PACKAGING LTD,716.25,719.95,704.7,706.8,707.5,716.25,,706.78,,,62342,44199792.85,2487,F1,1,,,,,
2026-08-25,2026-08-25,CM,NSE,STK,17629,INE835B01035,MOLDTECH,BE,,,,,MOLD-TEK TECHNOLOGIES LTD,196.62,196.62,187.0,191.54,195.0,193.62,,191.62,,,48207,9329326.79,501,F1,1,,,,,
2026-08-25,2026-08-25,CM,NSE,STK,7679,INE903D01011,MONARCH,EQ,,,,,MONARCH NETWORTH CAP LTD,387.5,388.95,378.0,383.25,381.85,384.8,,383.23,,,66174,25359192.3,1587,F1,1,,,,,
2026-08-25,2026-08-25,CM,NSE,STK,759381,INE296Q01012,MONEYBOXX,EQ,,,,,MONEYBOXX FINANCE LIMITED,56.85,60.0,56.0,56.39,56.0,56.0,,56.57,,,9176,520464.58,95,F1,1,,,,,
2026-08-25,2026-08-25,CM,NSE,STK,18392,INE0OIP01012,MONOPHARMA,SM,,,,,MONO PHARMACARE LIMITED,8.8,8.8,8.65,8.65,8.65,8.75,,8.65,,,8000,70100.0,4,F1,2000,,,,,
2026-08-25,2026-08-25,CM,NSE,STK,756958,INE1DV401010,MONOLITH,SM,,,,,MONOLITHISCH INDIA LTD,1060.0,1118.65,1058.9,1100.4,1108.0,1058.9,,1100.4,,,66250,72598862.5,207,F1,250,,,,,
2026-08-25,2026-08-25,CM,NSE,STK,5938,INE950M01013,MONTECARLO,EQ,,,,,MONTE CARLO FASHIONS LTD.,550.7,557.65,537.9,545.1,537.9,550.05,,545.06,,,67529,36983875.45,1619,F1,1,,,,,
2026-08-25,2026-08-25,CM,NSE,STK,2259,INE083A01026,MOREPENLAB,EQ,,,,,MOREPEN LAB. LTD,94.91,95.57,92.7,93.9,94.0,95.22,,93.9,,,8974075,842718476.09,29532,F1,1,,,,,
2026-08-25,2026-08-25,CM,NSE,STK,15057,INE0N7S01028,MOS,ST,,,,,MOS UTILITY LIMITED,11.45,11.45,10.9,10.9,10.9,11.45,,10.9,,,148000,1619000.0,22,F1,4000,,,,,
2026-08-25,2026-08-25,CM,NSE,STK,29459,INE935B01025,MOSCHIP,EQ,,,,,MOSCHIP TECHNOLOGIES LTD,206.0,206.95,204.5,205.35,205.25,205.84,,205.34,,,695326,142864176.33,7828,F1,1,,,,,
2026-08-25,2026-08-25,CM,NSE,STK,8596,INE0FS801015,MSUMI,EQ,,,,,MOTHERSON SUMI WRNG IND L,37.6,37.7,36.54,36.82,36.84,37.75,,36.82,,,18493879,680844107.26,85538,F1,1,,,,,
2026-08-25,2026-08-25,CM,NSE,STK,21423,INF247L01023,MOM100,EQ,,,,,MOTILAL OS MIDCAP100 ETF,68.85,69.4,68.64,69.22,69.13,68.86,,69.22,,,140167,9667671.78,2005,F1,1,,,,,
2026-08-25,2026-08-25,CM,NSE,STK,22739,INF247L01AP3,MON100,EQ,,,,,MOTILAL OS NASDAQ100 ETF,329.05,329.05,327.98,329.05,329.05,327.98,,329.05,,,504985,166155794.31,14623,F1,1,,,,,
2026-08-25,2026-08-25,CM,NSE,STK,14947,INE338I01027,MOTILALOFS,EQ,,,,,MOTILAL OSWAL FIN LTD,992.0,1019.9,992.0,1011.5,1011.5,990.0,,1011.37,,,1836119,1852696148.5,57220,F1,1,,,,,
2026-08-25,2026-08-25,CM,NSE,STK,19289,INF247L01536,MOM50,EQ,,,,,MOTILAL OSWAL M50 ETF,253.9,255.05,252.48,254.22,252.94,252.6,,254.25,,,1912,484454.92,88,F1,1,,,,,
2026-08-25,2026-08-25,CM,NSE,STK,1507,INF247L01AK4,MOGSEC,EQ,,,,,MOTILALAMC - G5,65.17,65.7,65.13,65.16,65.15,65.36,,65.17,,,18151,1185983.9,42,F1,1,,,,,
2026-08-25,2026-08-25,CM,NSE,STK,757669,INF247L01FR8,MOALPHA50,EQ,,,,,MOTILALAMC - MOALPHA50,56.11,56.62,56.1,56.59,56.3,56.39,,56.59,,,4562,257453.79,49,F1,1,,,,,
2026-08-25,2026-08-25,CM,NSE,STK,761693,INF247L01GV8,MOBANK10,EQ,,,,,MOTILALAMC - MOBANK10,17.02,17.02,16.89,16.9,16.9,16.94,,16.9,,,1582,26848.98,40,F1,1,,,,,
2026-08-25,2026-08-25,CM,NSE,STK,30065,INF247L01EV3,MOCAPITAL,EQ,,,,,MOTILALAMC - MOCAPITAL,54.9,55.42,54.73,55.3,55.39,54.9,,55.3,,,2391215,131977379.71,2549,F1,1,,,,,
2026-08-25,2026-08-25,CM,NSE,STK,24944,INF247L01DJ0,MODEFENCE,EQ,,,,,MOTILALAMC - MODEFENCE,109.7,109.7,106.01,107.23,107.45,107.03,,107.23,,,1072538,114326467.9,7250,F1,1,,,,,
2026-08-25,2026-08-25,CM,NSE,STK,759374,INF247L01GH7,MOENERGY,EQ,,,,,MOTILALAMC - MOENERGY,38.4,38.41,38.15,38.33,38.35,38.38,,38.33,,,47383,1814171.51,687,F1,1,,,,,
2026-08-25,2026-08-25,CM,NSE,STK,757791,INF247L01FY4,MOGOLD,EQ,,,,,MOTILALAMC - MOGOLD,159.65,159.65,158.15,158.55,158.55,159.1,,158.58,,,47287,7510654.15,594,F1,1,,,,,
2026-08-25,2026-08-25,CM,NSE,STK,10508,INF247L01BB1,MOHEALTH,EQ,,,,,MOTILALAMC - MOHEALTH,51.24,51.69,51.0,51.56,51.67,51.24,,51.56,,,55544,2855284.27,482,F1,1,,,,,
2026-08-25,2026-08-25,CM,NSE,STK,757031,INF247L01FL1,MOINFRA,EQ,,,,,MOTILALAMC - MOINFRA,59.47,59.61,59.02,59.36,59.61,59.44,,59.36,,,4050,239587.4,71,F1,1,,,,,
2026-08-25,2026-08-25,CM,NSE,STK,759891,INF247L01GI5,MOIPO,EQ,,,,,MOTILALAMC - MOIPO,48.99,49.35,48.52,49.35,49.35,48.84,,49.35,,,20578,1004694.39,46,F1,1,,,,,
2026-08-25,2026-08-25,CM,NSE,STK,8654,INF247L01BL0,MOLOWVOL,EQ,,,,,MOTILALAMC - MOLOWVOL,36.81,36.92,36.56,36.65,36.92,36.74,,36.65,,,1628,59620.45,42,F1,1,,,,,
2026-08-25,2026-08-25,CM,NSE,STK,25606,INF247L01DK8,MOMENTUM50,EQ,,,,,MOTILALAMC - MOMENTUM50,54.31,54.99,54.26,54.85,54.83,54.36,,54.85,,,367559,20061641.52,1395,F1,1,,,,,
2026-08-25,2026-08-25,CM,NSE,STK,764402,INF247L01HG7,MOMETAL,EQ,,,,,MOTILALAMC - MOMETAL,13.65,13.65,13.28,13.32,13.32,13.36,,13.32,,,4895,65198.36,26,F1,1,,,,,
2026-08-25,2026-08-25,CM,NSE,STK,757099,INF247L01FK3,MOMGF,EQ,,,,,MOTILALAMC - MOMGF,164.75,164.76,164.18,164.76,164.76,164.18,,164.76,,,178,29307.63,14,F1,1,,,,,
2026-08-25,2026-08-25,CM,NSE,STK,757817,INF247L01FQ0,MOMIDMTM,EQ,,,,,MOTILALAMC - MOMIDMTM,65.19,65.44,64.71,65.22,65.44,64.96,,65.22,,,89749,5836803.62,343,F1,1,,,,,
2026-08-25,2026-08-25,CM,NSE,STK,760054,INF247L01GK1,MOMNC,EQ,,,,,MOTILALAMC - MOMNC,33.11,33.28,32.92,33.27,33.28,33.16,,33.27,,,4506,148720.68,24,F1,1,,,,,
2026-08-25,2026-08-25,CM,NSE,STK,8182,INF247L01BK2,MOMOMENTUM,EQ,,,,,MOTILALAMC - MOMOMENTUM,62.57,63.33,62.57,63.29,63.1,62.57,,63.29,,,225557,14155610.74,367,F1,1,,,,,
2026-08-25,2026-08-25,CM,NSE,STK,756900,INF247L01FC0,MON50EQUAL,EQ,,,,,MOTILALAMC - MON50EQUAL,33.58,33.78,33.48,33.69,33.78,33.92,,33.69,,,29003,974841.27,53,F1,1,,,,,
2026-08-25,2026-08-25,CM,NSE,STK,757167,INF247L01FD8,MONEXT50,EQ,,,,,MOTILALAMC - MONEXT50,73.98,74.62,73.59,74.61,74.62,74.16,,74.61,,,2538,188088.34,60,F1,1,,,,,
2026-08-25,2026-08-25,CM,NSE,STK,759371,INF247L01GG9,MONIFTY100,EQ,,,,,MOTILALAMC - MONIFTY100,25.54,25.69,25.44,25.64,25.69,25.54,,25.64,,,8585,219039.47,60,F1,1,,,,,
2026-08-25,2026-08-25,CM,NSE,STK,19237,INF247L01BU1,MONIFTY500,EQ,,,,,MOTILALAMC - MONIFTY500,24.03,24.24,23.77,24.09,24.07,24.02,,24.09,,,564732,13569996.49,1229,F1,1,,,,,
2026-08-25,2026-08-25,CM,NSE,STK,7422,INF247L01AU3,MONQ50,EQ,,,,,MOTILALAMC - MONQ50,147.84,147.84,147.84,147.84,147.84,146.46,,147.84,,,47941,7087597.44,344,F1,1,,,,,
2026-08-25,2026-08-25,CM,NSE,STK,764405,INF247L01HH5,MOOILGAS,EQ,,,,,MOTILALAMC - MOOILGAS,11.47,11.47,11.15,11.22,11.23,11.21,,11.22,,,20026,224166.06,45,F1,1,,,,,
2026-08-25,2026-08-25,CM,NSE,STK,757431,INF247L01FO5,MOPSE,EQ,,,,,MOTILALAMC - MOPSE,99.49,100.5,99.16,99.84,99.89,101.86,,99.84,,,8655,859398.88,70,F1,1,,,,,
2026-08-25,2026-08-25,CM,NSE,STK,10822,INF247L01BH8,MOQUALITY,EQ,,,,,MOTILALAMC - MOQUALITY,203.28,204.13,201.0,202.85,204.13,202.28,,202.85,,,651,131639.19,34,F1,1,,,,,
2026-08-25,2026-08-25,CM,NSE,STK,23184,INF247L01CI4,MOREALTY,EQ,,,,,MOTILALAMC - MOREALTY,91.5,92.0,91.16,91.77,91.85,91.54,,91.77,,,307002,28150089.0,1282,F1,1,,,,,
2026-08-25,2026-08-25,CM,NSE,STK,760001,INF247L01GJ3,MOSERVICE,EQ,,,,,MOTILALAMC - MOSERVICE,31.1,31.5,30.92,31.19,31.24,31.1,,31.19,,,1217,37768.25,24,F1,1,,,,,
2026-08-25,2026-08-25,CM,NSE,STK,758457,INF247L01FZ1,MOSILVER,EQ,,,,,MOTILALAMC - MOSILVER,238.49,238.72,235.87,236.4,236.89,239.49,,236.34,,,50633,11992061.3,2559,F1,1,,,,,
2026-08-25,2026-08-25,CM,NSE,STK,23181,INF247L01CH6,MOSMALL250,EQ,,,,,MOTILALAMC - MOSMALL250,18.54,18.54,18.38,18.48,18.52,18.46,,18.48,,,690151,12725346.73,2057,F1,1,,,,,
2026-08-25,2026-08-25,CM,NSE,STK,757443,INF247L01FP2,MOTOUR,EQ,,,,,MOTILALAMC - MOTOUR,79.69,80.07,79.14,79.84,79.75,79.33,,79.84,,,20435,1622424.53,121,F1,1,,,,,
2026-08-25,2026-08-25,CM,NSE,STK,10825,INF247L01BE5,MOVALUE,EQ,,,,,MOTILALAMC - MOVALUE,113.16,113.68,113.1,113.5,113.68,113.07,,113.5,,,52827,5988064.94,507,F1,1,,,,,
2026-08-25,2026-08-25,CM,NSE,STK,20788,INE0FRK01020,MOTISONS,EQ,,,,,MOTISONS JEWELLERS LTD,16.6,16.68,15.85,16.29,16.36,16.46,,16.29,,,38460687,623191369.15,35233,F1,1,,,,,
2026-08-25,2026-08-25,CM,NSE,STK,8793,INE861B01023,MOTOGENFIN,BE,,,,,MOTOR & GENERAL FINANCE L,26.74,26.89,26.17,26.74,26.74,25.95,,26.4,,,2370,63323.78,11,F1,1,,,,,
2026-08-25,2026-08-25,CM,NSE,STK,757810,INE0XM301010,MMEL,SM,,,,,MOVING MEDIA ENTER LTD,26.95,26.95,24.8,24.9,24.9,25.4,,24.9,,,14000,352300.0,7,F1,2000,,,,,
2026-08-25,2026-08-25,CM,NSE,STK,765135,INE493H01014,MPDL,EQ,,,,,MPDL LTD.,41.3,41.3,37.44,37.44,37.44,41.59,,37.44,,,11252,425082.07,150,F1,1,,,,,
2026-08-25,2026-08-25,CM,NSE,STK,4503,INE356A01018,MPHASIS,EQ,,,,,MPHASIS LIMITED,2436.7,2443.6,2400.5,2431.9,2431.9,2427.0,,2431.9,,,78365,189351411.8,6892,F1,1,,,,,
2026-08-25,2026-08-25,CM,NSE,STK,10578,INE943D01017,MPSLTD,EQ,,,,,MPS LIMITED,2738.0,2748.6,2660.0,2705.1,2702.8,2734.8,,2705.23,,,45576,122837390.0,5654,F1,1,,,,,
2026-08-25,2026-08-25,CM,NSE,STK,2277,INE883A01011,MRF,EQ,,,,,MRF LTD,134240.0,134385.0,131400.0,132295.0,132455.0,134365.0,,132264.67,,,6400,850796045.0,2999,F1,1,,,,,
2026-08-25,2026-08-25,CM,NSE,STK,2283,INE103A01014,MRPL,EQ,,,,,MRPL,174.0,174.3,171.26,171.84,171.9,173.84,,171.84,,,2791179,481017630.47,18368,F1,1,,,,,
2026-08-25,2026-08-25,CM,NSE,STK,1628,INE495P01020,BECTORFOOD,EQ,,,,,MRS BECTORS FOOD SPE LTD,258.7,258.8,250.0,250.89,252.0,257.29,,250.89,,,631876,159972403.89,11819,F1,1,,,,,
2026-08-25,2026-08-25,CM,NSE,STK,11919,INE752G01015,MSPL,EQ,,,,,MSP STEEL & POWER LTD.,33.12,33.85,33.12,33.46,33.85,33.78,,33.46,,,551397,18460882.6,3535,F1,1,,,,,
2026-08-25,2026-08-25,CM,NSE,STK,9356,INE255X01014,MSTCLTD,EQ,,,,,MSTC LIMITED,732.75,734.5,717.05,727.95,725.0,730.6,,727.93,,,252518,183492252.65,11173,F1,1,,,,,
2026-08-25,2026-08-25,CM,NSE,STK,31413,INE472M01018,MTEDUCARE,BE,,,,,MT EDUCARE LTD,1.75,1.85,1.74,1.78,1.74,1.83,,1.78,,,18369,32430.21,57,F1,1,,,,,
2026-08-25,2026-08-25,CM,NSE,STK,2715,INE864I01014,MTARTECH,BE,,,,,MTAR TECHNOLOGIES LIMITED,6834.5,6970.0,6730.5,6928.5,6930.0,6812.0,,6928.39,,,55629,381600497.0,9861,F1,1,,,,,
2026-08-25,2026-08-25,CM,NSE,STK,19783,INE08KJ01020,MUFIN,EQ,,,,,MUFIN GREEN FINANCE LTD,138.51,139.39,137.29,138.02,137.6,138.61,,138.01,,,387907,53609924.29,2039,F1,1,,,,,
2026-08-25,2026-08-25,CM,NSE,STK,11325,INE304A01026,MUKANDLTD,EQ,,,,,MUKAND LTD.,135.51,136.49,134.31,135.11,134.9,135.68,,135.11,,,51620,6966029.97,1072,F1,1,,,,,
2026-08-25,2026-08-25,CM,NSE,STK,764788,INE596B01017,MUKESHB,EQ,,,,,MUKESH BABU FINANC SER L,138.0,144.9,138.0,144.9,144.9,138.0,,144.9,,,58,8054.25,5,F1,1,,,,,
2026-08-25,2026-08-25,CM,NSE,STK,22980,INE0CG401037,MUKKA,EQ,,,,,MUKKA PROTEINS LIMITED,25.58,26.49,25.1,25.78,25.85,25.8,,25.77,,,371184,9628615.44,1785,F1,1,,,,,
2026-08-25,2026-08-25,CM,NSE,STK,8691,INE374B01019,MUKTAARTS,BE,,,,,MUKTA ARTS LIMITED,56.94,56.94,56.5,56.5,56.5,56.94,,56.5,,,1076,60882.0,5,F1,1,,,,,
2026-08-25,2026-08-25,CM,NSE,STK,31181,INE745G01043,MCX,EQ,,,,,MULTI COMMODITY EXCHANGE,3290.0,3308.7,3254.3,3280.0,3280.0,3268.0,,3279.9,,,2029898,6653078392.5,95067,F1,1,,,,,
2026-08-25,2026-08-25,CM,NSE,STK,759416,INE1K8Y01018,MUNISH,SM,,,,,MUNISH FORGE LIMITED,77.5,77.5,77.0,77.25,77.25,76.25,,77.25,,,12000,926400.0,9,F1,1200,,,,,
2026-08-25,2026-08-25,CM,NSE,STK,13511,INE672B01032,MUNJALAU,EQ,,,,,MUNJAL AUTO IND. LTD.,112.0,113.4,110.86,112.68,113.23,112.14,,112.7,,,431382,48301823.33,5459,F1,1,,,,,
2026-08-25,2026-08-25,CM,NSE,STK,2307,INE577A01027,MUNJALSHOW,EQ,,,,,MUNJAL SHOWA LTD,132.72,132.72,130.51,131.85,132.0,131.78,,131.83,,,18224,2398168.45,650,F1,1,,,,,
2026-08-25,2026-08-25,CM,NSE,STK,2313,INE692B01014,MURUDCERA,EQ,,,,,MURUDESHWAR CERAMICS LTD,30.0,31.1,30.0,30.65,30.56,30.48,,30.65,,,16971,521479.46,126,F1,1,,,,,
2026-08-25,2026-08-25,CM,NSE,STK,19877,INE919I01024,RADIOCITY,EQ,,,,,MUSIC BROADCAST LIMITED,6.88,6.88,6.54,6.59,6.64,6.53,,6.58,,,26785,176735.87,83,F1,1,,,,,
2026-08-25,2026-08-25,CM,NSE,STK,10415,INE296G01013,MUTHOOTCAP,EQ,,,,,MUTHOOT CAP SERV LTD,255.41,255.41,244.01,245.08,244.5,248.41,,245.16,,,13018,3214074.25,449,F1,1,,,,,
2026-08-25,2026-08-25,CM,NSE,STK,23650,INE414G01012,MUTHOOTFIN,EQ,,,,,MUTHOOT FINANCE LIMITED,3209.0,3227.7,3166.4,3201.0,3201.0,3209.0,,3201.18,,,837716,2682479524.3,38504,F1,1,,,,,
2026-08-25,2026-08-25,CM,NSE,STK,20831,INE046W01019,MUTHOOTMF,EQ,,,,,MUTHOOT MICROFIN LIMITED,212.81,212.81,207.9,212.04,212.4,211.33,,212.05,,,247964,52178716.95,4391,F1,1,,,,,
2026-08-25,2026-08-25,CM,NSE,STK,764397,INE0OWZ01020,MVELECTRO,EQ,,,,,MV ELECTROSYSTEMS LIMITED,579.0,582.7,559.0,564.15,565.0,578.95,,564.19,,,367077,209096914.8,10103,F1,1,,,,,
2026-08-25,2026-08-25,CM,NSE,STK,25208,INE0RVQ01016,MYMUDRA,SM,,,,,MY MUDRA FINCORP LIMITED,72.65,74.0,72.05,73.05,73.05,73.95,,73.05,,,9600,701280.0,8,F1,1200,,,,,
2026-08-25,2026-08-25,CM,NSE,STK,8220,INE741A01011,MYSORPETRO,BE,,,,,MYSORE PETRO CHEMICALS L,153.0,153.0,145.86,145.86,145.86,153.53,,145.85,,,7301,1067729.27,97,F1,1,,,,,
2026-08-25,2026-08-25,CM,NSE,STK,20314,INE740D01017,NRAIL,EQ,,,,,N R AGARWAL INDS LTD,524.0,524.0,504.0,509.65,504.0,518.8,,509.65,,,1780,916936.2,221,F1,1,,,,,
2026-08-25,2026-08-25,CM,NSE,STK,757492,INE104101014,NRVANDANA,ST,,,,,N R VANDANA TEX IND LTD,63.5,65.2,63.2,64.1,63.5,66.5,,64.1,,,45000,2859750.0,15,F1,3000,,,,,
2026-08-25,2026-08-25,CM,NSE,STK,764798,INE920C01017,NTCIND,EQ,,,,,N T C INDUSTRIES LTD.,144.8,145.0,132.65,136.89,138.0,139.85,,135.71,,,2502,345828.08,152,F1,1,,,,,
2026-08-25,2026-08-25,CM,NSE,STK,19111,INE365I01020,NBIFIN,EQ,,,,,N.B.I. IND. FIN. CO. LTD,2000.0,2000.0,1968.3,1990.6,1998.7,1988.0,,1990.6,,,110,218003.3,31,F1,1,,,,,
2026-08-25,2026-08-25,CM,NSE,STK,20425,INE295D01020,NACLIND,EQ,,,,,NACL INDUSTRIES LIMITED,178.5,185.41,175.93,181.65,181.92,176.02,,181.51,,,1002431,182019719.55,18322,F1,1,,,,,
2026-08-25,2026-08-25,CM,NSE,STK,18371,INE756C01015,NDGL,EQ,,,,,NAGA DHUNSERI GROUP LTD,2696.6,2712.1,2685.0,2706.7,2702.0,2710.1,,2706.7,,,429,1162277.0,48,F1,1,,,,,
2026-08-25,2026-08-25,CM,NSE,STK,14942,INE245I01016,NAGREEKCAP,EQ,,,,,NAGREEKA CAP & INFR.LTD,22.9,23.9,22.9,23.05,23.7,23.18,,23.05,,,4325,100926.01,95,F1,1,,,,,
2026-08-25,2026-08-25,CM,NSE,STK,14702,INE123B01028,NAGREEKEXP,EQ,,,,,NAGREEKA EXPORTS LTD.,22.3,22.99,22.3,22.69,22.69,22.57,,22.6,,,3154,71644.11,32,F1,1,,,,,
2026-08-25,2026-08-25,CM,NSE,STK,15360,INE049I01012,NAHARCAP,EQ,,,,,NAHAR CAP & FIN.,257.24,263.61,255.2,259.99,255.2,257.22,,259.97,,,3102,805545.43,79,F1,1,,,,,
2026-08-25,2026-08-25,CM,NSE,STK,13106,INE289A01011,NAHARINDUS,EQ,,,,,NAHAR INDS ENT LTD,153.0,154.0,136.0,139.23,138.51,147.6,,139.26,,,389640,55810400.78,6563,F1,1,,,,,
2026-08-25,2026-08-25,CM,NSE,STK,14445,INE308A01027,NAHARPOLY,EQ,,,,,NAHAR POLY FILMS LIMITED,241.0,246.2,240.1,244.7,243.55,244.85,,244.89,,,6174,1505008.1,220,F1,1,,,,,
2026-08-25,2026-08-25,CM,NSE,STK,14440,INE290A01027,NAHARSPING,EQ,,,,,NAHAR SPINNING MILLS LTD.,302.75,303.8,290.0,296.35,297.0,299.0,,296.35,,,24592,7307814.85,723,F1,1,,,,,
2026-08-25,2026-08-25,CM,NSE,STK,5401,INE236Y01012,NGIL,EQ,,,,,NAKODA GROUP OF IND. LTD,41.0,41.0,39.2,39.28,39.2,39.25,,39.28,,,10787,431146.1,49,F1,1,,,,,
2026-08-25,2026-08-25,CM,NSE,STK,11239,INE023A01030,NSIL,EQ,,,,,NALWA SONS INVESTMENT LTD,5781.0,5837.0,5670.5,5685.5,5681.0,5724.0,,5685.36,,,2152,12333723.5,464,F1,1,,,,,
2026-08-25,2026-08-25,CM,NSE,STK,25170,INE08NZ01012,NAMOEWASTE,ST,,,,,NAMO EWASTE MANAGEMENT L,276.05,278.0,276.05,276.1,276.1,277.1,,276.1,,,6400,1769520.0,7,F1,800,,,,,
2026-08-25,2026-08-25,CM,NSE,STK,31258,INE875G01048,NDL,EQ,,,,,NANDAN DENIM LIMITED,3.1,3.16,2.94,3.08,3.1,3.04,,3.08,,,7634029,23366353.03,4517,F1,1,,,,,
2026-08-25,2026-08-25,CM,NSE,STK,5516,INE696V01013,JAIPURKURT,EQ,,,,,NANDANI CREATION LIMITED,27.29,27.29,26.21,26.32,26.21,26.69,,26.32,,,8972,236705.59,57,F1,1,,,,,
2026-08-25,2026-08-25,CM,NSE,STK,11840,INE410P01011,NH,EQ,,,,,NARAYANA HRUDAYALAYA LTD.,1865.1,1896.0,1860.1,1890.1,1894.9,1859.8,,1890.05,,,237647,446753224.6,24248,F1,1,,,,,
2026-08-25,2026-08-25,CM,NSE,STK,11627,INE117Z01029,NARMADA,EQ,,,,,NARMADA AGROBASE LIMITED,14.5,15.15,13.8,14.0,14.1,14.5,,14.0,,,1889713,27007253.89,3539,F1,1,,,,,
2026-08-25,2026-08-25,CM,NSE,STK,3918,INE987B01026,NATCOPHARM,EQ,,,,,NATCO PHARMA LTD.,884.0,885.05,865.0,866.25,866.95,884.05,,866.26,,,443465,385602184.4,37500,F1,1,,,,,
2026-08-25,2026-08-25,CM,NSE,STK,11065,INE448G01010,NATHBIOGEN,EQ,,,,,NATH BIO-GENES (I) LTD,155.4,155.9,152.0,152.94,153.95,154.63,,152.93,,,6917,1061534.68,265,F1,1,,,,,
2026-08-25,2026-08-25,CM,NSE,STK,6364,INE139A01034,NATIONALUM,EQ,,,,,NATIONAL ALUMINIUM CO LTD,402.0,402.0,392.05,397.8,397.8,403.3,,397.78,,,3855735,1525738216.65,58811,F1,1,,,,,
2026-08-25,2026-08-25,CM,NSE,STK,13925,INE870D01012,NFL,EQ,,,,,NATIONAL FERT. LTD,71.5,75.38,71.5,72.4,72.25,70.79,,72.4,,,9079148,671092848.49,35331,F1,1,,,,,
2026-08-25,2026-08-25,CM,NSE,STK,762807,INE166R01015,NATIONSTD,EQ,,,,,NATIONAL STAND (INDIA) L,116.0,119.39,114.61,114.61,114.61,120.64,,114.69,,,94447,10863596.66,815,F1,1,,,,,
2026-08-25,2026-08-25,CM,NSE,STK,29583,INE936B01015,NATCAPSUQ,EQ,,,,,NATURAL CAPSULES LIMITED,165.17,168.3,163.28,166.88,167.4,164.68,,166.88,,,60568,10045901.67,1908,F1,1,,,,,
2026-08-25,2026-08-25,CM,NSE,STK,4014,INE725A01030,NAVA,EQ,,,,,NAVA LIMITED,567.0,570.95,556.3,566.95,567.05,567.0,,566.99,,,227948,128278977.85,7330,F1,1,,,,,
2026-08-25,2026-08-25,CM,NSE,STK,14672,INE048G01026,NAVINFLUOR,EQ,,,,,NAVIN FLUORINE INT. LTD,8219.0,8222.5,8090.0,8209.0,8210.0,8187.0,,8208.77,,,85121,693775523.5,19179,F1,1,,,,,
2026-08-25,2026-08-25,CM,NSE,STK,10557,INE278M01019,NAVKARCORP,EQ,,,,,NAVKAR CORPORATION LTD.,97.81,97.88,96.0,97.07,97.88,97.41,,97.07,,,174011,16871001.6,2415,F1,1,,,,,
2026-08-25,2026-08-25,CM,NSE,STK,29149,INE268H01044,NAVKARURB,BE,,,,,NAVKAR URBANSTRUCTURE LTD,0.96,0.99,0.95,0.97,0.97,0.96,,0.97,,,282382,273018.63,233,F1,1,,,,,
2026-08-25,2026-08-25,CM,NSE,STK,2385,INE060A01024,NAVNETEDUL,EQ,,,,,NAVNEET EDUCATION LTD,133.0,134.2,132.75,133.45,133.5,133.58,,133.45,,,155049,20661702.66,1327,F1,1,,,,,
2026-08-25,2026-08-25,CM,NSE,STK,2987,INE418L01047,NAZARA,EQ,,,,,NAZARA TECHNOLOGIES LTD,348.95,360.0,343.1,358.0,357.45,347.95,,358.0,,,2531169,896720936.75,22381,F1,1,,,,,
2026-08-25,2026-08-25,CM,NSE,STK,31415,INE095N01031,NBCC,EQ,,,,,NBCC (INDIA) LIMITED,88.2,89.5,87.79,89.5,89.5,88.58,,89.49,,,4906608,435550006.32,21392,F1,1,,,,,
2026-08-25,2026-08-25,CM,NSE,STK,2319,INE868B01028,NCC,EQ,,,,,NCC LIMITED,147.5,149.02,145.83,148.31,148.5,147.35,,148.29,,,1612591,238040019.68,20226,F1,1,,,,,
2026-08-25,2026-08-25,CM,NSE,STK,14490,INE732C01016,NCLIND,EQ,,,,,NCL INDUSTRIES LIMITED,174.3,175.99,172.3,174.13,174.0,173.38,,174.13,,,260210,45393045.92,2975,F1,1,,,,,
2026-08-25,2026-08-25,CM,NSE,STK,14547,INE353A01023,NDLVENTURE,EQ,,,,,NDL VENTURES LIMITED,122.0,124.78,120.01,121.85,121.85,123.01,,121.63,,,3958,489151.03,82,F1,1,,,,,
2026-08-25,2026-08-25,CM,NSE,STK,22255,INE07OG01012,NDRAUTO,EQ,,,,,NDR AUTO COMPONENTS LTD,743.35,749.9,724.2,728.3,732.2,743.35,,728.39,,,19997,14675648.7,1857,F1,1,,,,,
2026-08-25,2026-08-25,CM,NSE,STK,11427,INE155G01029,NDTV,EQ,,,,,NDTV LTD,75.2,75.83,73.95,74.77,74.97,75.14,,74.77,,,93491,7005183.39,932,F1,1,,,,,
2026-08-25,2026-08-25,CM,NSE,STK,11927,INE023H01027,NECLIFE,EQ,,,,,NECTAR LIFESCIENCES LTD.,10.72,11.44,10.72,11.33,11.36,10.72,,11.34,,,317808,3543206.21,679,F1,1,,,,,
2026-08-25,2026-08-25,CM,NSE,STK,762812,INE605D01012,NEAGI,EQ,,,,,NEELAMALAI AGRO INDS. L,3256.0,3470.0,3256.0,3456.7,3456.7,3305.0,,3387.21,,,49,168192.9,12,F1,1,,,,,
2026-08-25,2026-08-25,CM,NSE,STK,14761,INE189I01024,NELCAST,EQ,,,,,NELCAST LIMITED,116.17,118.0,114.1,114.91,114.35,116.17,,114.92,,,51004,5908165.12,1117,F1,1,,,,,
2026-08-25,2026-08-25,CM,NSE,STK,2388,INE045B01015,NELCO,EQ,,,,,NELCO LTD,914.9,929.0,909.0,925.6,923.4,915.3,,925.66,,,153324,140934151.0,6269,F1,1,,,,,
2026-08-25,2026-08-25,CM,NSE,STK,760931,INE21UM01018,NEOCHEM,ST,,,,,NEOCHEM BIO SOLUTIONS LTD,96.6,97.6,95.0,95.0,95.0,93.0,,95.0,,,9600,922500.0,8,F1,1200,,,,,
2026-08-25,2026-08-25,CM,NSE,STK,9917,INE136S01016,NEOGEN,EQ,,,,,NEOGEN CHEMICALS LIMITED,2133.0,2144.0,2086.4,2123.2,2113.0,2132.6,,2123.26,,,111358,236040127.8,20618,F1,1,,,,,
2026-08-25,2026-08-25,CM,NSE,STK,24350,INE0SUN01013,NEPHROCARE,SM,,,,,NEPHRO CARE INDIA LIMITED,95.6,95.6,90.0,90.95,90.0,91.5,,90.95,,,26800,2484420.0,54,F1,400,,,,,
2026-08-25,2026-08-25,CM,NSE,STK,760346,INE428V01029,NEPHROPLUS,EQ,,,,,NEPHROCARE HEALTH SERV L,695.0,707.0,680.0,697.35,696.5,687.25,,697.16,,,145755,101322199.35,10142,F1,1,,,,,
2026-08-25,2026-08-25,CM,NSE,STK,757493,INE156901014,NEPTUNE,SM,,,,,NEPTUNE PETROCHEMICALS L,180.0,180.0,175.2,175.2,175.2,179.95,,175.2,,,1000,177600.0,2,F1,500,,,,,
2026-08-25,2026-08-25,CM,NSE,STK,15409,INE317F01035,NESCO,EQ,,,,,NESCO LTD.,1038.8,1041.7,1026.0,1030.9,1029.6,1035.8,,1030.91,,,23456,24247565.1,4423,F1,1,,,,,
2026-08-25,2026-08-25,CM,NSE,STK,17963,INE239A01024,NESTLEIND,EQ,,,,,NESTLE INDIA LIMITED,1471.3,1479.0,1458.8,1479.0,1479.0,1471.3,,1479.0,,,1634440,2396169276.3,42671,F1,1,,,,,
2026-08-25,2026-08-25,CM,NSE,STK,20409,INE518X01015,CBAZAAR,ST,,,,,NET AVENUE TECHNOLOGIES L,4.65,4.9,4.65,4.9,4.9,4.75,,4.9,,,16000,76400.0,2,F1,8000,,,,,
2026-08-25,2026-08-25,CM,NSE,STK,17433,INE0NT901020,NETWEB,EQ,,,,,NETWEB TECH INDIA LTD,5400.0,5413.2,5191.0,5273.5,5295.0,5454.5,,5273.66,,,1906041,10062350919.1,152268,F1,1,,,,,
2026-08-25,2026-08-25,CM,NSE,STK,756324,INE0FFK01017,NPST,EQ,,,,,NETWORK PEOPLE SRV TECH L,1561.8,1638.7,1561.8,1608.0,1611.1,1561.8,,1607.95,,,29517,47590912.3,3686,F1,1,,,,,
2026-08-25,2026-08-25,CM,NSE,STK,14111,INE870H01013,NETWORK18,EQ,,,,,NETWORK18 MEDIA & INV LTD,30.34,31.49,29.99,30.36,30.37,30.34,,30.36,,,5965758,182870711.9,14995,F1,1,,,,,
2026-08-25,2026-08-25,CM,NSE,STK,30554,INE333I01044,NEUEON,BE,,,,,NEUEON CORPORATION LTD,14.99,14.99,13.8,13.8,13.8,14.52,,13.8,,,34273,478623.7,93,F1,1,,,,,
2026-08-25,2026-08-25,CM,NSE,STK,2406,INE794A01010,NEULANDLAB,EQ,,,,,NEULAND LAB LTD.,22905.0,23044.0,22637.0,22948.0,22989.0,22905.0,,22948.07,,,37631,862953823.0,12768,F1,1,,,,,
2026-08-25,2026-08-25,CM,NSE,STK,1164,INE619B01017,NEWGEN,EQ,,,,,NEWGEN SOFTWARE TECH LTD,527.0,532.65,519.0,525.55,525.6,528.4,,525.55,,,458147,240334664.1,14538,F1,1,,,,,
2026-08-25,2026-08-25,CM,NSE,STK,19161,INE0PW501021,NEWJAISA,ST,,,,,NEWJAISA TECHNOLOGIES LTD,16.7,16.7,16.7,16.7,16.7,16.95,,16.7,,,6000,100200.0,4,F1,1500,,,,,
2026-08-25,2026-08-25,CM,NSE,STK,28801,INE0TP801012,NMSTEEL,SM,,,,,NEWMALAYALAM STEEL LTD,23.5,23.5,22.75,22.75,22.75,23.75,,22.75,,,3200,74000.0,2,F1,1600,,,,,
2026-08-25,2026-08-25,CM,NSE,STK,9867,INE747B01016,NEXTMEDIA,EQ,,,,,NEXT MEDIAWORKS LIMITED,3.7,3.94,3.7,3.91,3.94,3.81,,3.91,,,7247,28257.57,33,F1,1,,,,,
2026-08-25,2026-08-25,CM,NSE,STK,15815,INE0NDH25011,NXST,RR,,,,,NEXUS SELECT TRUST,167.99,167.99,166.87,167.65,167.78,167.99,,167.64,,,428989,71704891.23,4963,F1,1,,,,,
2026-08-25,2026-08-25,CM,NSE,STK,763536,INE0T1501010,NFPSAMPOOR,SM,,,,,NFP SAMPOORNA FOODS LTD,22.05,22.05,22.05,22.05,22.05,23.1,,22.05,,,2000,44100.0,1,F1,2000,,,,,
2026-08-25,2026-08-25,CM,NSE,STK,10277,INE887E01022,NGLFINE,EQ,,,,,NGL FINE CHEM LIMITED,2866.0,2894.9,2782.2,2803.8,2800.0,2864.3,,2803.85,,,8829,24871313.3,1773,F1,1,,,,,
2026-08-25,2026-08-25,CM,NSE,STK,1765,INE557F07181,893NHB29,N6,,,,,NHB 8.93 NCD TR II SR 2 B,5585.0,5585.0,5558.21,5558.21,5558.21,5585.0,,5558.21,,,125,696224.14,11,F1,1,,,,,
2026-08-25,2026-08-25,CM,NSE,STK,17400,INE848E01016,NHPC,EQ,,,,,NHPC LTD,76.65,77.3,75.87,76.62,76.62,76.65,,76.62,,,12860031,981204440.01,33730,F1,1,,,,,
2026-08-25,2026-08-25,CM,NSE,STK,29487,INE149O01018,NIBE,EQ,,,,,NIBE LIMITED,1438.0,1438.1,1382.1,1394.7,1397.0,1438.0,,1394.98,,,62047,87255151.7,5030,F1,1,,,,,
2026-08-25,2026-08-25,CM,NSE,STK,764793,INE653C01022,NICCOPAR,EQ,,,,,NICCO PARKS & RESORTS LTD,81.5,88.0,81.0,85.35,86.88,81.17,,85.54,,,5507,466776.59,99,F1,1,,,,,
2026-08-25,2026-08-25,CM,NSE,STK,6592,INE0J6L01013,NIDAN,SM,,,,,NIDAN LABS AND HEALTH LTD,15.9,15.9,13.55,14.65,14.65,14.6,,14.65,,,21000,305550.0,18,F1,1000,,,,,
2026-08-25,2026-08-25,CM,NSE,STK,17747,INE342G01023,NIITMTS,EQ,,,,,NIIT LEARNING SYSTEMS LTD,227.37,230.98,221.67,230.03,230.0,225.74,,230.03,,,121298,27539523.42,4859,F1,1,,,,,
2026-08-25,2026-08-25,CM,NSE,STK,11522,INE161A01038,NIITLTD,EQ,,,,,NIIT LIMITED,99.7,103.4,99.2,102.68,102.95,99.1,,102.68,,,1305887,133013680.57,9553,F1,1,,,,,
2026-08-25,2026-08-25,CM,NSE,STK,758178,INE0FLF01015,NIKITA,SM,,,,,NIKITA GRENTEC RECYCL LTD,74.0,74.0,74.0,74.0,74.0,76.0,,74.0,,,1200,88800.0,1,F1,1200,,,,,
2026-08-25,2026-08-25,CM,NSE,STK,9253,INE937C01029,NILAINFRA,EQ,,,,,NILA INFRASTRUCTURES LTD,6.94,7.02,6.89,6.91,6.92,6.94,,6.91,,,147604,1021453.67,396,F1,1,,,,,
2026-08-25,2026-08-25,CM,NSE,STK,7411,INE00S901012,NILASPACES,EQ,,,,,NILA SPACES LIMITED,13.24,13.35,12.42,12.76,12.79,12.75,,12.76,,,1731878,22295876.21,16177,F1,1,,,,,
2026-08-25,2026-08-25,CM,NSE,STK,762817,INE445D01013,NILE,EQ,,,,,NILE LTD.,1487.0,1493.0,1464.0,1472.1,1479.0,1480.4,,1470.31,,,2874,4246145.4,406,F1,1,,,,,
2026-08-25,2026-08-25,CM,NSE,STK,2421,INE310A01015,NILKAMAL,EQ,,,,,NILKAMAL LIMITED,2023.0,2037.6,2005.0,2015.9,2010.5,2026.4,,2016.07,,,17806,36023804.7,2261,F1,1,,,,,
2026-08-25,2026-08-25,CM,NSE,STK,761720,INE875B01015,NIMBSPROJ,EQ,,,,,NIMBUS PROJECTS LIMITED,170.0,181.0,168.0,176.28,174.12,174.45,,176.29,,,531921,92217191.22,697,F1,1,,,,,
2026-08-25,2026-08-25,CM,NSE,STK,14194,INE395U01014,NINSYS,EQ,,,,,NINTEC SYSTEMS LIMITED,745.0,746.0,710.0,716.9,724.85,717.2,,713.77,,,2097,1510200.1,256,F1,1,,,,,
2026-08-25,2026-08-25,CM,NSE,STK,11439,INF204KB15I9,BANKBEES,EQ,,,,,NIP IND ETF BANK BEES,597.98,597.99,593.01,595.07,595.9,594.7,,595.07,,,557898,331934535.12,5892,F1,1,,,,,
2026-08-25,2026-08-25,CM,NSE,STK,2435,INF204KA1LD7,CONSUMBEES,EQ,,,,,NIP IND ETF CONSUMPTION,134.38,134.5,133.29,134.3,133.93,133.54,,134.3,,,60666,8105150.45,698,F1,1,,,,,
2026-08-25,2026-08-25,CM,NSE,STK,2636,INF204KA1MS3,DIVOPPBEES,EQ,,,,,NIP IND ETF DIV OPP,77.46,78.0,77.17,77.76,77.99,77.45,,77.76,,,24698,1914107.9,622,F1,1,,,,,
2026-08-25,2026-08-25,CM,NSE,STK,9847,INF204KB18I3,NV20BEES,EQ,,,,,NIP IND ETF ETF NV20,139.74,140.33,138.86,139.82,140.33,139.16,,139.82,,,17915,2497655.95,204,F1,1,,,,,
2026-08-25,2026-08-25,CM,NSE,STK,14428,INF204KB17I5,GOLDBEES,EQ,,,,,NIP IND ETF GOLD BEES,133.02,133.45,132.28,132.78,132.8,133.02,,132.78,,,39819108,5290757781.89,90945,F1,1,,,,,
2026-08-25,2026-08-25,CM,NSE,STK,18284,INF204KB19I1,HNGSNGBEES,EQ,,,,,NIP IND ETF HANGSENG BEES,464.95,478.89,464.95,472.0,472.98,474.44,,472.03,,,164170,77600902.83,5722,F1,1,,,,,
2026-08-25,2026-08-25,CM,NSE,STK,20072,INF732E01268,INFRABEES,EQ,,,,,NIP IND ETF INFRA BEES,967.81,971.0,961.27,968.17,965.58,966.1,,968.17,,,5971,5756877.24,395,F1,1,,,,,
2026-08-25,2026-08-25,CM,NSE,STK,19084,INF204KB15V2,ITBEES,EQ,,,,,NIP IND ETF IT,34.54,34.54,33.24,33.92,34.0,33.92,,33.92,,,5731023,193975707.12,12893,F1,1,,,,,
2026-08-25,2026-08-25,CM,NSE,STK,10939,INF732E01045,JUNIORBEES,EQ,,,,,NIP IND ETF JUNIOR BEES,807.14,807.14,797.2,804.14,803.2,799.94,,804.15,,,192124,153904443.45,7015,F1,1,,,,,
2026-08-25,2026-08-25,CM,NSE,STK,11006,INF732E01037,LIQUIDBEES,EQ,,,,,NIP IND ETF LIQUID BEES,999.99,1000.01,999.62,1000.0,1000.0,999.99,,1000.0,,,4374134,4374159339.14,4705,F1,1,,,,,
2026-08-25,2026-08-25,CM,NSE,STK,17700,INF204KB1882,LTGILTBEES,EQ,,,,,NIP IND ETF LONGTERM GILT,29.35,30.06,29.35,30.02,29.99,29.95,,30.02,,,594582,17833525.81,547,F1,1,,,,,
2026-08-25,2026-08-25,CM,NSE,STK,8506,INF204KB1V68,MID150BEES,EQ,,,,,NIP IND ETF MIDCAP 150,243.65,243.65,241.68,242.92,242.97,242.27,,242.92,,,415863,100804088.01,6579,F1,1,,,,,
2026-08-25,2026-08-25,CM,NSE,STK,29577,INF204K014N5,NIF100BEES,EQ,,,,,NIP IND ETF NIFTY 100,267.98,270.6,267.98,270.11,269.0,269.24,,270.11,,,24933,6712929.38,1102,F1,1,,,,,
2026-08-25,2026-08-25,CM,NSE,STK,10576,INF204KB14I2,NIFTYBEES,EQ,,,,,NIP IND ETF NIFTY BEES,275.87,277.5,275.17,276.94,277.36,275.87,,276.93,,,3590196,991122798.92,30958,F1,1,,,,,
2026-08-25,2026-08-25,CM,NSE,STK,15032,INF204KB16I7,PSUBNKBEES,EQ,,,,,NIP IND ETF PSU BANK BEES,97.5,97.5,94.8,95.97,95.96,95.13,,95.97,,,2324037,222159039.14,5873,F1,1,,,,,
2026-08-25,2026-08-25,CM,NSE,STK,17044,INF732E01128,SHARIABEES,EQ,,,,,NIP IND ETF SHARIAH BEES,459.13,462.69,456.82,460.87,461.92,459.58,,460.85,,,2913,1335019.01,371,F1,1,,,,,
2026-08-25,2026-08-25,CM,NSE,STK,357,INE298J01013,NAM-INDIA,EQ,,,,,NIPPON L I A M LTD,1247.0,1253.1,1220.0,1224.4,1224.4,1247.8,,1224.4,,,1193328,1465468490.1,58768,F1,1,,,,,
2026-08-25,2026-08-25,CM,NSE,STK,757725,INF204KC1FU1,LIQGRWBEES,EQ,,,,,NIPPONAMC - LIQGRWBEES,1051.1,1053.13,1051.1,1053.03,1052.85,1052.85,,1053.03,,,130057,136964426.08,200,F1,1,,,,,
2026-08-25,2026-08-25,CM,NSE,STK,758667,INF204KC1GH6,MANUFGBEES,EQ,,,,,NIPPONAMC - MANUFGBEES,166.72,166.91,165.15,166.85,166.91,166.23,,166.85,,,1996,330727.57,86,F1,1,,,,,
2026-08-25,2026-08-25,CM,NSE,STK,7880,INF204KC1337,AUTOBEES,EQ,,,,,NIPPONAMC - NETFAUTO,305.02,305.02,299.11,302.0,302.0,299.87,,302.0,,,174214,52346880.35,2340,F1,1,,,,,
2026-08-25,2026-08-25,CM,NSE,STK,4973,INF204KC1089,PHARMABEES,EQ,,,,,NIPPONAMC - NETFPHARMA,27.31,27.31,26.95,27.18,27.23,27.07,,27.18,,,2930603,79474571.04,8934,F1,1,,,,,
2026-08-25,2026-08-25,CM,NSE,STK,8080,INF204KC1402,SILVERBEES,EQ,,,,,NIPPONAMC - NETFSILVER,228.63,231.05,228.13,229.0,229.1,231.8,,229.0,,,19888848,4562202854.19,67550,F1,1,,,,,
2026-08-25,2026-08-25,CM,NSE,STK,757455,INF204KC1EZ3,SNXT30BEES,EQ,,,,,NIPPONAMC - SNXT30BEES,43.16,43.39,42.43,43.39,43.39,43.2,,43.41,,,141232,6061453.75,88,F1,1,,,,,
2026-08-25,2026-08-25,CM,NSE,STK,255,INE368I01016,NIRAJ,EQ,,,,,NIRAJ CEMENT STRUC LTD,28.3,28.9,28.25,28.6,28.74,28.21,,28.63,,,21582,617378.48,191,F1,1,,,,,
2026-08-25,2026-08-25,CM,NSE,STK,18840,INE326T01011,NIRAJISPAT,EQ,,,,,NIRAJ ISPAT IND LTD,216.0,216.0,216.0,216.0,216.0,216.0,,216.0,,,45,9720.0,1,F1,1,,,,,
2026-08-25,2026-08-25,CM,NSE,STK,2433,INE910A01012,NIRLON,EQ,,,,,NIRLON LTD,647.5,648.0,640.95,643.4,645.9,642.1,,643.37,,,9194,5935443.25,436,F1,1,,,,,
2026-08-25,2026-08-25,CM,NSE,STK,14722,INE0OK701014,NIRMAN,SM,,,,,NIRMAN AGRI GENTICS LTD,31.0,31.5,29.0,29.95,30.0,30.45,,29.95,,,23400,702510.0,61,F1,300,,,,,
2026-08-25,2026-08-25,CM,NSE,STK,13300,INE858F01012,NITCO,EQ,,,,,NITCO LIMITED,103.49,109.25,94.2,95.78,94.8,96.28,,95.78,,,20561837,2104573683.28,106230,F1,1,,,,,
2026-08-25,2026-08-25,CM,NSE,STK,13175,INE229H01012,NITINSPIN,EQ,,,,,NITIN SPINNERS LIMITED,579.6,628.0,578.5,623.65,624.0,580.15,,623.65,,,714002,439339951.6,21896,F1,1,,,,,
2026-08-25,2026-08-25,CM,NSE,STK,3247,INE439T01012,NITIRAJ,EQ,,,,,NITIRAJ ENGINEERS LTD,196.06,204.99,196.06,204.08,204.0,200.84,,204.08,,,1360,273922.36,53,F1,1,,,,,
2026-08-25,2026-08-25,CM,NSE,STK,762824,INE265B01019,NITTAGELA,EQ,,,,,NITTA GELATIN INDIA LTD.,1560.0,1575.5,1553.0,1561.6,1555.0,1563.6,,1561.58,,,2366,3693253.7,474,F1,1,,,,,
2026-08-25,2026-08-25,CM,NSE,STK,27097,INE995S01015,NIVABUPA,EQ,,,,,NIVA BUPA HEALTH INS CO L,82.51,83.8,81.9,83.21,83.8,82.51,,83.21,,,654114,54180891.8,7296,F1,1,,,,,
2026-08-25,2026-08-25,CM,NSE,STK,2439,INE542C01019,NKIND,EQ,,,,,NK INDUSTRIES LTD,49.66,60.45,49.66,59.06,59.95,62.01,,59.1,,,14708,834505.08,211,F1,1,,,,,
2026-08-25,2026-08-25,CM,NSE,STK,8585,INE589A01014,NLCINDIA,EQ,,,,,NLC INDIA LIMITED,274.75,275.0,270.35,271.3,271.0,273.1,,271.3,,,610844,166196547.45,13784,F1,1,,,,,
2026-08-25,2026-08-25,CM,NSE,STK,15332,INE584A01023,NMDC,EQ,,,,,NMDC LTD.,85.9,86.28,85.29,85.94,85.94,85.9,,85.93,,,16488458,1412754327.43,46352,F1,1,,,,,
2026-08-25,2026-08-25,CM,NSE,STK,14180,INE0NNS01018,NSLNISP,EQ,,,,,NMDC STEEL LIMITED,40.1,40.85,39.83,39.95,39.98,40.06,,39.95,,,3775872,151520820.15,13002,F1,1,,,,,
2026-08-25,2026-08-25,CM,NSE,STK,2442,INE163A01018,NOCIL,EQ,,,,,NOCIL LIMITED,166.78,167.19,161.8,163.93,164.25,165.78,,163.94,,,352668,57708662.98,3616,F1,1,,,,,
2026-08-25,2026-08-25,CM,NSE,STK,10786,INE781B01015,NOIDATOLL,EQ,,,,,NOIDA TOLL BRIDGE CO LTD,4.07,4.18,4.0,4.08,4.12,4.12,,4.08,,,62546,257021.51,824,F1,1,,,,,
2026-08-25,2026-08-25,CM,NSE,STK,4160,INE369C01017,NORBTEAEXP,EQ,,,,,NORBEN TEA & EXPORTS LTD,73.0,73.0,69.0,70.01,71.0,70.86,,70.01,,,1568,110726.86,26,F1,1,,,,,
2026-08-25,2026-08-25,CM,NSE,STK,13533,INE553C01016,NECCLTD,BE,,,,,NORTH EAST CARRY CORP LTD,16.59,17.41,16.59,17.41,17.41,16.59,,17.41,,,134016,2328416.01,280,F1,1,,,,,
2026-08-25,2026-08-25,CM,NSE,STK,25426,INE850M01015,NORTHARC,EQ,,,,,NORTHERN ARC CAPITAL LTD,282.55,294.4,282.55,291.65,293.0,284.35,,291.61,,,909363,264385935.6,12452,F1,1,,,,,
2026-08-25,2026-08-25,CM,NSE,STK,22478,INE02H701025,NOVAAGRI,BE,,,,,NOVA AGRITECH LIMITED,24.44,24.99,24.25,24.89,24.95,24.32,,24.87,,,26706,657037.8,192,F1,1,,,,,
2026-08-25,2026-08-25,CM,NSE,STK,9007,INE234A01025,NOVARTIND,EQ,,,,,NOVARTIS INDIA LIMITED,1503.8,1503.8,1474.2,1486.3,1491.3,1502.2,,1486.89,,,6845,10151999.9,793,F1,1,,,,,
2026-08-25,2026-08-25,CM,NSE,STK,7553,INE349A01021,NRBBEARING,EQ,,,,,NRB BEARING LIMITED,476.95,483.45,467.25,470.1,469.5,480.95,,470.05,,,216424,102296214.9,7459,F1,1,,,,,
2026-08-25,2026-08-25,CM,NSE,STK,29733,INE047O01014,NIBL,EQ,,,,,NRB INDUS. BEARINGS LTD.,31.89,31.89,31.09,31.44,31.75,31.31,,31.44,,,4497,141056.43,66,F1,1,,,,,
2026-08-25,2026-08-25,CM,NSE,STK,27176,INE0ONG01011,NTPCGREEN,EQ,,,,,NTPC GREEN ENERGY LIMITED,91.69,92.03,91.04,91.65,91.57,91.44,,91.65,,,1170640,107072121.09,24819,F1,1,,,,,
2026-08-25,2026-08-25,CM,NSE,STK,11630,INE733E01010,NTPC,EQ,,,,,NTPC LTD,339.0,340.8,335.65,339.85,339.85,339.5,,339.85,,,5260835,1777401443.0,66009,F1,1,,,,,
2026-08-25,2026-08-25,CM,NSE,STK,10791,INE096B01018,NUCLEUS,EQ,,,,,NUCLEUS SOFTWARE EXPORTS,737.9,746.7,726.0,744.6,745.0,737.9,,744.53,,,27531,20333021.5,1329,F1,1,,,,,
2026-08-25,2026-08-25,CM,NSE,STK,13680,INE0JM501013,NRL,BE,,,,,NUPUR RECYCLERS LIMITED,120.05,122.41,120.05,122.41,122.41,120.01,,122.41,,,117862,14412751.58,196,F1,1,,,,,
2026-08-25,2026-08-25,CM,NSE,STK,2353,INE0DSF01015,NURECA,BE,,,,,NURECA LIMITED,301.0,309.9,290.2,296.65,295.0,300.4,,296.65,,,12015,3547793.2,258,F1,1,,,,,
2026-08-25,2026-08-25,CM,NSE,STK,18721,INE531F01023,NUVAMA,EQ,,,,,NUVAMA WEALTH MANAGE LTD,1750.0,1761.0,1722.9,1754.6,1752.0,1750.0,,1754.63,,,204290,356705098.1,16386,F1,1,,,,,
2026-08-25,2026-08-25,CM,NSE,STK,5426,INE118D01016,NUVOCO,EQ,,,,,NUVOCO VISTAS CORP LTD,322.8,323.4,319.5,321.35,321.0,320.6,,321.35,,,92944,29811363.35,4482,F1,1,,,,,
2026-08-25,2026-08-25,CM,NSE,STK,24298,INE0SF023016,NXT-INFRA,IV,,,,,NXT-INFRA TRUST,97.5,98.0,96.8,97.04,98.0,96.2,,97.04,,,1875000,181587500.0,12,F1,25000,,,,,
2026-08-25,2026-08-25,CM,NSE,STK,8797,INE426Z01016,OBCL,EQ,,,,,OBCL LIMITED,54.81,58.0,46.51,56.72,55.0,54.81,,56.65,,,40626,2187385.92,541,F1,1,,,,,
2026-08-25,2026-08-25,CM,NSE,STK,20242,INE093I01010,OBEROIRLTY,EQ,,,,,OBEROI REALTY LIMITED,1871.0,1882.4,1858.8,1880.0,1880.0,1870.0,,1879.9,,,152351,284906190.2,15433,F1,1,,,,,
2026-08-25,2026-08-25,CM,NSE,STK,25923,INE0YHV01011,OBSCP,SM,,,,,OBSC PERFECTION LIMITED,866.45,895.95,860.0,873.3,873.0,854.8,,873.3,,,54800,47929920.0,115,F1,400,,,,,
2026-08-25,2026-08-25,CM,NSE,STK,25920,INE0PK601023,OCCLLTD,BE,,,,,OCCL LIMITED,160.0,163.2,157.01,160.66,160.0,157.16,,160.31,,,19448,3105837.3,252,F1,1,,,,,
2026-08-25,2026-08-25,CM,NSE,STK,27571,INE054301028,ODIGMA,EQ,,,,,ODIGMA CONSULTANCY SOL L,21.63,22.7,21.63,21.88,22.0,22.17,,21.89,,,11302,249423.47,408,F1,1,,,,,
2026-08-25,2026-08-25,CM,NSE,STK,764803,INE839E01023,ODYCORP,EQ,,,,,ODYSSEY CORPORATION LTD.,8.0,8.0,6.8,7.1,7.44,7.29,,7.12,,,14662,104903.7,112,F1,1,,,,,
2026-08-25,2026-08-25,CM,NSE,STK,2475,INE213A01029,ONGC,EQ,,,,,OIL AND NATURAL GAS CORP.,236.0,236.55,233.35,234.0,234.0,236.55,,234.0,,,12124076,2843377689.33,100377,F1,1,,,,,
2026-08-25,2026-08-25,CM,NSE,STK,8109,INE591A01010,OILCOUNTUB,BE,,,,,OIL COUNTRY TUBULAR LTD.,59.45,59.75,58.0,58.39,58.4,59.42,,58.39,,,12659,743855.59,73,F1,1,,,,,
2026-08-25,2026-08-25,CM,NSE,STK,17438,INE274J01014,OIL,EQ,,,,,OIL INDIA LTD,479.0,479.0,466.05,467.5,467.5,477.0,,467.51,,,1223240,576404932.05,16676,F1,1,,,,,
2026-08-25,2026-08-25,CM,NSE,STK,24777,INE0LXG01040,OLAELEC,EQ,,,,,OLA ELECTRIC MOBILITY LTD,37.68,37.85,36.05,36.2,36.45,37.35,,36.2,,,31557445,1155425536.98,85188,F1,1,,,,,
2026-08-25,2026-08-25,CM,NSE,STK,10637,INE260D01016,OLECTRA,EQ,,,,,OLECTRA GREENTECH LIMITED,1298.2,1306.6,1279.5,1291.8,1297.0,1297.6,,1291.8,,,219099,283091012.5,14433,F1,1,,,,,
2026-08-25,2026-08-25,CM,NSE,STK,759412,INE1BZC01019,OMFREIGHT,BE,,,,,OM FREIGHT FORWARDERS LTD,93.6,93.6,90.81,92.5,92.5,93.6,,92.5,,,2425,221701.28,62,F1,1,,,,,
2026-08-25,2026-08-25,CM,NSE,STK,24231,INE239D01028,OMINFRAL,EQ,,,,,OM INFRA LIMITED,83.89,86.4,83.05,83.75,84.15,83.29,,83.75,,,60090,5027984.24,1781,F1,1,,,,,
2026-08-25,2026-08-25,CM,NSE,STK,762432,INE25E901019,OMPOWER,EQ,,,,,OM POWER TRANSMISSION LTD,164.12,171.24,162.06,167.7,169.0,163.53,,167.71,,,153882,25757544.64,1615,F1,1,,,,,
2026-08-25,2026-08-25,CM,NSE,STK,10922,INE090B01011,OMAXAUTO,EQ,,,,,OMAX AUTOS LTD,198.99,198.99,190.81,193.02,191.52,192.1,,193.06,,,37608,7294233.29,975,F1,1,,,,,
2026-08-25,2026-08-25,CM,NSE,STK,14853,INE800H01010,OMAXE,EQ,,,,,OMAXE LIMITED,101.7,102.95,97.86,99.63,99.11,101.77,,99.63,,,911991,91360010.01,8318,F1,1,,,,,
2026-08-25,2026-08-25,CM,NSE,STK,760865,INE0UH301010,OMNI,EQ,,,,,OMNITECH ENGINEERING LTD,596.8,608.5,574.05,577.0,578.0,594.05,,577.06,,,650309,382329977.35,25741,F1,1,,,,,
2026-08-25,2026-08-25,CM,NSE,STK,19692,INE00ER01015,ONDOOR,SM,,,,,ON DOOR CONCEPTS LIMITED,305.5,315.0,284.95,299.2,300.0,290.5,,299.2,,,84000,25493895.0,134,F1,300,,,,,
2026-08-25,2026-08-25,CM,NSE,STK,6705,INE982J01020,PAYTM,EQ,,,,,ONE 97 COMMUNICATIONS LTD,1622.7,1718.0,1612.0,1718.0,1718.0,1623.5,,1717.7,,,10111331,16955177845.6,154116,F1,1,,,,,
2026-08-25,2026-08-25,CM,NSE,STK,765242,INE670O01013,ONEGLOBAL,EQ,,,,,ONE GLOBAL SERVICE PROV L,562.9,562.95,545.0,546.2,546.0,553.95,,546.1,,,9369,5151268.65,508,F1,1,,,,,
2026-08-25,2026-08-25,CM,NSE,STK,28046,INE0HLU01028,MOBIKWIK,EQ,,,,,ONE MOBIKWIK SYSTEMS LTD,194.5,198.85,193.31,197.05,197.77,195.24,,197.05,,,731274,143347213.9,10137,F1,1,,,,,
2026-08-25,2026-08-25,CM,NSE,STK,9939,INE840Y01029,ONEPOINT,EQ,,,,,ONE POINT ONE SOL LTD,55.54,55.54,54.88,55.24,55.5,55.51,,55.24,,,559556,30869776.71,13478,F1,1,,,,,
2026-08-25,2026-08-25,CM,NSE,STK,19386,INE0OPS01011,OLIL,SM,,,,,ONECLICK LOGISTICS IND L,404.9,413.0,400.0,413.0,413.0,402.7,,413.0,,,9600,3854920.0,10,F1,400,,,,,
2026-08-25,2026-08-25,CM,NSE,STK,25496,INE912L01015,ONELIFECAP,BE,,,,,ONELIFE CAP ADVISORS LTD,33.8,33.8,32.11,32.63,32.9,33.75,,32.83,,,1927,62861.8,23,F1,1,,,,,
2026-08-25,2026-08-25,CM,NSE,STK,763294,INE12F801023,KISSHT,EQ,,,,,ONEMI TECHNOLOGY SOL LTD,305.0,311.95,304.75,310.3,310.0,305.6,,310.3,,,627682,194134754.35,12031,F1,1,,,,,
2026-08-25,2026-08-25,CM,NSE,STK,29224,INE013P01021,ONESOURCE,EQ,,,,,ONESOURCE SPECL PHARMA L,1531.0,1536.2,1511.1,1516.1,1511.1,1531.8,,1515.79,,,60036,91429179.0,7605,F1,1,,,,,
2026-08-25,2026-08-25,CM,NSE,STK,2202,INE831A01028,ONIDA,EQ,,,,,ONIDA ELECTRONICS LIMITED,37.45,38.44,36.5,37.58,37.73,37.07,,37.58,,,734013,27592683.38,2665,F1,1,,,,,
2026-08-25,2026-08-25,CM,NSE,STK,764808,INE173M01012,ONIXSOLAR,EQ,,,,,ONIX SOLAR ENERGY LTD.,276.15,290.65,276.15,276.25,276.15,290.65,,276.82,,,856148,236525685.8,651,F1,1,,,,,
2026-08-25,2026-08-25,CM,NSE,STK,15282,INE809I01019,ONMOBILE,BE,,,,,ONMOBILE GLOBAL LTD.,54.75,54.75,54.75,54.75,54.75,55.86,,54.83,,,31896,1746306.0,131,F1,1,,,,,
2026-08-25,2026-08-25,CM,NSE,STK,2481,INE229A01017,ONWARDTEC,EQ,,,,,ONWARD TECHNOLOGIES LTD,284.9,287.15,281.85,284.5,283.0,286.3,,284.5,,,22716,6449720.85,1052,F1,1,,,,,
2026-08-25,2026-08-25,CM,NSE,STK,27143,INE0WVU01018,ONYX,ST,,,,,ONYX BIOTEC LIMITED,42.2,45.0,42.2,44.25,45.0,44.0,,44.25,,,14000,619300.0,7,F1,2000,,,,,
2026-08-25,2026-08-25,CM,NSE,STK,21469,INE350C01017,OPTIEMUS,EQ,,,,,OPTIEMUS INFRACOM LTD,592.0,609.95,581.6,595.8,591.9,585.7,,595.8,,,626467,375261969.95,24624,F1,1,,,,,
2026-08-25,2026-08-25,CM,NSE,STK,764813,INE031G01022,OPTIFIN,EQ,,,,,OPTIMUS FINANCE LTD.,11.82,14.44,11.82,13.89,13.83,12.04,,13.9,,,506855,6807200.13,1123,F1,1,,,,,
2026-08-25,2026-08-25,CM,NSE,STK,764531,INE1JZB01022,OPTIMYSTIX,ST,,,,,OPTIMYSTIX ENT INDIA LTD,173.5,174.9,169.0,173.65,174.9,174.7,,173.65,,,52800,9143000.0,48,F1,800,,,,,
2026-08-25,2026-08-25,CM,NSE,STK,758903,INE15B101011,OPTIVALUE,ST,,,,,OPTIVALUE TEK CONSULT LTD,197.0,202.0,193.0,194.0,193.0,193.05,,194.0,,,88000,17571280.0,42,F1,1600,,,,,
2026-08-25,2026-08-25,CM,NSE,STK,10738,INE881D01027,OFSS,EQ,,,,,ORACLE FIN SERV SOFT LTD.,11518.0,11729.0,11355.0,11729.0,11729.0,11518.0,,11728.84,,,196029,2255320741.0,36158,F1,1,,,,,
2026-08-25,2026-08-25,CM,NSE,STK,31479,INE231G01010,ORBTEXP,BE,,,,,ORBIT EXPORTS LIMITED,227.27,241.0,227.27,238.02,240.9,234.76,,235.94,,,4335,1012050.08,45,F1,1,,,,,
2026-08-25,2026-08-25,CM,NSE,STK,29492,INE215B01022,ORCHASP,EQ,,,,,ORCHASP LIMITED,1.31,1.37,1.25,1.32,1.34,1.29,,1.32,,,461314,600249.47,322,F1,1,,,,,
2026-08-25,2026-08-25,CM,NSE,STK,926,INE191A01027,ORCHPHARMA,EQ,,,,,ORCHID PHARMA LIMITED,1039.5,1043.95,1002.7,1038.55,1041.0,1038.1,,1038.56,,,59978,61437283.65,6766,F1,1,,,,,
2026-08-25,2026-08-25,CM,NSE,STK,17882,INE0OUT01019,ORIANA,SM,,,,,ORIANA POWER LIMITED,1308.95,1379.9,1306.0,1333.05,1338.0,1289.15,,1333.05,,,102675,137697307.5,1005,F1,75,,,,,
2026-08-25,2026-08-25,CM,NSE,STK,10159,INE730A01022,ORICONENT,EQ,,,,,ORICON ENTERPRISES LTD,56.1,56.94,55.0,55.81,55.99,56.94,,55.8,,,57085,3188119.47,196,F1,1,,,,,
2026-08-25,2026-08-25,CM,NSE,STK,14278,INE607D01018,ORIENTBELL,EQ,,,,,ORIENT BELL LIMITED,379.6,380.0,370.0,376.25,372.05,379.7,,376.19,,,20029,7497290.4,1470,F1,1,,,,,
2026-08-25,2026-08-25,CM,NSE,STK,30089,INE876N01018,ORIENTCEM,EQ,,,,,ORIENT CEMENT LTD.,129.95,131.29,128.8,130.83,131.29,129.8,,130.83,,,144636,18747962.68,2082,F1,1,,,,,
2026-08-25,2026-08-25,CM,NSE,STK,13111,INE569C01020,ORIENTCER,EQ,,,,,ORIENT CERATECH LIMITED,44.36,45.15,43.5,43.55,43.6,44.34,,43.55,,,79435,3506085.4,1578,F1,1,,,,,
2026-08-25,2026-08-25,CM,NSE,STK,2972,INE142Z01019,ORIENTELEC,EQ,,,,,ORIENT ELECTRIC LIMITED,185.0,185.2,181.35,181.79,182.8,185.0,,181.78,,,96157,17584499.23,2947,F1,1,,,,,
2026-08-25,2026-08-25,CM,NSE,STK,20110,INE999K01014,GREENPOWER,EQ,,,,,ORIENT GREEN POWER CO LTD,9.5,9.52,9.39,9.42,9.4,9.5,,9.42,,,1626998,15340635.33,3461,F1,1,,,,,
2026-08-25,2026-08-25,CM,NSE,STK,2493,INE750A01020,ORIENTHOT,EQ,,,,,ORIENT HOTELS LTD,143.1,143.1,140.6,141.59,141.5,141.78,,141.59,,,4450017,631572609.83,17086,F1,1,,,,,
2026-08-25,2026-08-25,CM,NSE,STK,2496,INE592A01026,ORIENTPPR,EQ,,,,,ORIENT PAPER AND INDS LTD,17.48,17.48,16.82,16.9,16.97,17.25,,16.9,,,268169,4563042.34,629,F1,1,,,,,
2026-08-25,2026-08-25,CM,NSE,STK,18211,INE609C01024,ORIENTLTD,BE,,,,,ORIENT PRESS LIMITED,82.5,84.95,81.5,84.0,84.0,82.5,,84.0,,,2218,184287.9,29,F1,1,,,,,
2026-08-25,2026-08-25,CM,NSE,STK,24961,INE0PPK01015,ORIENTTECH,EQ,,,,,ORIENT TECHNOLOGIES LTD,244.3,252.0,243.0,245.45,245.0,244.3,,245.44,,,70396,17235451.25,1906,F1,1,,,,,
2026-08-25,2026-08-25,CM,NSE,STK,10768,INE959C01023,OAL,EQ,,,,,ORIENTAL AROMATICS LTD,343.55,351.0,335.0,349.35,345.2,338.5,,349.51,,,12254,4217781.4,581,F1,1,,,,,
2026-08-25,2026-08-25,CM,NSE,STK,764818,INE457G01029,ORIRAIL,EQ,,,,,ORIENTAL RAIL INFRA L,121.01,136.8,119.66,131.81,134.06,119.91,,131.87,,,1932218,251501780.73,16914,F1,1,,,,,
2026-08-25,2026-08-25,CM,NSE,STK,14346,INE998H01012,ORIENTALTL,EQ,,,,,ORIENTAL TRIMEX LTD,5.22,5.3,5.07,5.14,5.13,5.16,,5.14,,,35958,185817.43,173,F1,1,,,,,
2026-08-25,2026-08-25,CM,NSE,STK,19931,INE725E01024,ORISSAMINE,EQ,,,,,ORISSA MIN DEV CO LTD,4511.9,4540.3,4455.2,4484.6,4495.0,4511.4,,4484.51,,,7671,34494139.7,1488,F1,1,,,,,
2026-08-25,2026-08-25,CM,NSE,STK,759569,INE16NZ01023,ORKLAINDIA,EQ,,,,,ORKLA INDIA LIMITED,572.9,572.9,555.15,565.7,568.5,570.3,,565.68,,,95075,53576366.0,5563,F1,1,,,,,
2026-08-25,2026-08-25,CM,NSE,STK,2979,INE749B01020,ORTINGLOBE,EQ,,,,,ORTIN GLOBAL LIMITED,15.1,15.84,14.9,15.12,15.4,15.29,,15.1,,,9693,146312.16,24,F1,1,,,,,
2026-08-25,2026-08-25,CM,NSE,STK,25386,INE0RMF01018,OSELDEVICE,SM,,,,,OSEL DEVICES LIMITED,428.45,430.75,410.0,417.1,418.5,420.6,,417.1,,,39200,16564230.0,167,F1,200,,,,,
2026-08-25,2026-08-25,CM,NSE,STK,12643,INE06IR01021,OSIAHYPER,BE,,,,,OSIA HYPER RETAIL LIMITED,2.73,2.78,2.6,2.65,2.69,2.73,,2.65,,,280930,757571.3,355,F1,1,,,,,
2026-08-25,2026-08-25,CM,NSE,STK,2514,INE142A01012,OSWALAGRO,EQ,,,,,OSWAL AGRO MILLS LTD,37.02,37.75,36.41,37.25,37.48,37.19,,37.25,,,15059,559818.75,160,F1,1,,,,,
2026-08-25,2026-08-25,CM,NSE,STK,471,INE143A01010,OSWALGREEN,EQ,,,,,OSWAL GREENTECH LIMITED,21.0,21.27,20.8,20.98,21.1,21.0,,20.99,,,95126,2007404.32,467,F1,1,,,,,
2026-08-25,2026-08-25,CM,NSE,STK,756802,INE0BYP01024,OSWALPUMPS,EQ,,,,,OSWAL PUMPS LIMITED,296.0,300.5,295.55,299.45,299.0,296.75,,299.46,,,253934,75747298.45,4602,F1,1,,,,,
2026-08-25,2026-08-25,CM,NSE,STK,22914,INE0R8M01017,OWAIS,ST,,,,,OWAIS METAL & MINERAL,67.4,67.4,67.4,67.4,67.4,64.2,,67.4,,,7000,471800.0,14,F1,100,,,,,
2026-08-25,2026-08-25,CM,NSE,STK,25312,INE953R01016,PNGJL,EQ,,,,,P N GADGIL JEWELLERS LTD,619.5,619.5,603.55,605.6,606.0,613.35,,605.56,,,213396,129831541.7,8103,F1,1,,,,,
2026-08-25,2026-08-25,CM,NSE,STK,764845,INE035S01028,POEL,EQ,,,,,P O C L ENTERPRISES LTD.,159.99,159.99,151.0,152.34,152.5,156.05,,152.2,,,21850,3380953.96,407,F1,1,,,,,
2026-08-25,2026-08-25,CM,NSE,STK,29665,INE0XUS01020,PSRAJ,ST,,,,,P S RAJ STEELS LIMITED,80.25,82.7,77.85,81.9,82.0,81.9,,81.9,,,65000,5198000.0,24,F1,2500,,,,,
2026-08-25,2026-08-25,CM,NSE,STK,2535,INE179A01014,PGHH,EQ,,,,,P&G HYGIENE & HEALTH CARE,8189.0,8189.0,8075.5,8089.0,8099.0,8127.5,,8089.1,,,7809,63311055.0,2504,F1,1,,,,,
2026-08-25,2026-08-25,CM,NSE,STK,759342,INE0S3G01027,PACEDIGITK,EQ,,,,,PACE DIGITEK LIMITED,183.0,184.88,180.8,182.26,182.62,180.73,,182.25,,,558553,101845758.94,6558,F1,1,,,,,
2026-08-25,2026-08-25,CM,NSE,STK,764823,INE883C01025,PACIFICI,EQ,,,,,PACIFIC INDUSTRIES LTD.,140.0,140.0,133.5,134.45,134.25,141.0,,134.47,,,269,36320.0,29,F1,1,,,,,
2026-08-25,2026-08-25,CM,NSE,STK,14413,INE761H01022,PAGEIND,EQ,,,,,PAGE INDUSTRIES LTD,35475.0,35565.0,35110.0,35500.0,35500.0,35560.0,,35500.0,,,24185,855968200.0,7768,F1,1,,,,,
2026-08-25,2026-08-25,CM,NSE,STK,25468,INE420C01059,PAISALO,EQ,,,,,PAISALO DIGITAL LIMITED,69.25,69.9,68.28,69.29,69.13,69.48,,69.29,,,6362319,441015273.88,12311,F1,1,,,,,
2026-08-25,2026-08-25,CM,NSE,STK,17197,INE551D01018,PAKKA,EQ,,,,,PAKKA LIMITED,81.0,83.0,79.52,82.44,82.65,81.25,,82.44,,,131265,10684520.3,2734,F1,1,,,,,
2026-08-25,2026-08-25,CM,NSE,STK,21383,INE471W01019,PALASHSECU,EQ,,,,,PALASH SECURITIES LTD,94.38,94.38,88.2,89.18,91.8,92.53,,89.18,,,2473,221881.01,41,F1,1,,,,,
2026-08-25,2026-08-25,CM,NSE,STK,17059,INE218G01033,PALREDTEC,BE,,,,,PALRED TECHNOLOGIES LTD,58.0,58.0,56.0,56.0,56.0,58.29,,56.0,,,13145,740364.98,37,F1,1,,,,,
2026-08-25,2026-08-25,CM,NSE,STK,4055,INE922B01023,PANACEABIO,EQ,,,,,PANACEA BIOTEC LTD,406.5,409.95,403.3,405.9,408.8,406.2,,405.86,,,41161,16708444.85,1493,F1,1,,,,,
2026-08-25,2026-08-25,CM,NSE,STK,16355,INE895W01019,PANACHE,BE,,,,,PANACHE DIGILIFE LIMITED,548.55,548.55,526.1,541.25,539.0,548.55,,541.25,,,6477,3492240.6,100,F1,1,,,,,
2026-08-25,2026-08-25,CM,NSE,STK,25392,INE305C01029,PANAMAPET,EQ,,,,,PANAMA PETROCHEM LTD,485.95,485.95,471.6,476.85,476.85,483.25,,476.87,,,200210,95577994.25,4428,F1,1,,,,,
2026-08-25,2026-08-25,CM,NSE,STK,765140,INE258R01028,PANORAMA,EQ,,,,,PANORAMA STUDIOS INTL. L,45.5,47.8,44.0,47.12,47.8,44.99,,47.06,,,257516,11714908.33,1055,F1,1,,,,,
2026-08-25,2026-08-25,CM,NSE,STK,6141,INE697V01011,PANSARI,EQ,,,,,PANSARI DEVELOPERS LTD,330.0,330.0,318.9,328.85,329.0,327.95,,328.85,,,675,221977.45,23,F1,1,,,,,
2026-08-25,2026-08-25,CM,NSE,STK,5631,INE04LG01015,PAR,EQ,,,,,PAR DRUGS AND CHEM LTD,102.0,103.4,99.62,100.57,100.01,101.45,,100.57,,,7114,717777.94,135,F1,1,,,,,
2026-08-25,2026-08-25,CM,NSE,STK,9741,INE088F01024,PARADEEP,EQ,,,,,PARADEEP PHOSPHATES LTD,150.8,160.6,150.8,159.63,159.75,149.4,,159.63,,,51534295,8161360201.28,281140,F1,1,,,,,
2026-08-25,2026-08-25,CM,NSE,STK,17130,INE883N01014,PARAGMILK,EQ,,,,,PARAG MILK FOODS LTD.,242.15,251.78,238.0,250.0,249.1,240.62,,250.0,,,2835822,701572635.2,37223,F1,1,,,,,
2026-08-25,2026-08-25,CM,NSE,STK,19779,INE0N4G01012,PARAGON,SM,,,,,PARAGON FINE S.C. LTD.,51.9,54.95,50.15,50.45,50.45,51.8,,50.45,,,28800,1516320.0,22,F1,1200,,,,,
2026-08-25,2026-08-25,CM,NSE,STK,13951,INE074B01023,PARACABLES,EQ,,,,,PARAMOUNT COMM LTD,62.6,62.76,61.2,61.53,61.47,62.25,,61.53,,,593109,36518677.22,4606,F1,1,,,,,
2026-08-25,2026-08-25,CM,NSE,STK,25716,INE0TG801013,PARAMOUNT,SM,,,,,PARAMOUNT DYE TEC LIMITED,31.0,31.0,31.0,31.0,31.0,31.0,,31.0,,,1200,37200.0,1,F1,1200,,,,,
2026-08-25,2026-08-25,CM,NSE,STK,5911,INE045601023,PARAS,EQ,,,,,PARAS DEF AND SPCE TECH L,1520.0,1526.5,1402.0,1445.2,1444.0,1520.0,,1445.28,,,2748068,3976443518.4,110441,F1,1,,,,,
2026-08-25,2026-08-25,CM,NSE,STK,3972,INE162C01024,PARASPETRO,EQ,,,,,PARAS PETROFILS LTD.,2.22,2.29,2.19,2.21,2.21,2.22,,2.21,,,537229,1192376.59,312,F1,1,,,,,
2026-08-25,2026-08-25,CM,NSE,STK,5460,INE00U801010,PARIN,SM,,,,,PARIN ENTERPRISES LIMITED,721.0,721.0,721.0,721.0,721.0,710.0,,721.0,,,250,180250.0,1,F1,250,,,,,
2026-08-25,2026-08-25,CM,NSE,STK,760351,INE119201023,PARKHOSPS,EQ,,,,,PARK MEDI WORLD LIMITED,282.85,284.95,276.7,284.05,284.0,280.05,,284.05,,,693900,196126187.85,8537,F1,1,,,,,
2026-08-25,2026-08-25,CM,NSE,STK,22649,INE988S01028,PARKHOTELS,EQ,,,,,PARKHOTELS,116.17,119.21,115.02,115.79,116.3,116.97,,115.78,,,138639,16182858.73,1944,F1,1,,,,,
2026-08-25,2026-08-25,CM,NSE,STK,764833,INE383L01019,PARNAXLAB,EQ,,,,,PARNAX LAB LTD.,130.0,130.0,122.0,129.8,129.8,123.82,,127.31,,,289,36268.31,14,F1,1,,,,,
2026-08-25,2026-08-25,CM,NSE,STK,13795,INE561H01026,PARSVNATH,BE,,,,,PARSVNATH DEVELOPER LTD,1.35,1.39,1.35,1.39,1.39,1.37,,1.39,,,6988440,9440987.22,401,F1,1,,,,,
2026-08-25,2026-08-25,CM,NSE,STK,758217,INE1H7V01011,PARTH,SM,,,,,PARTH ELEC & ENG LTD,499.0,499.0,484.0,486.1,485.2,485.75,,486.1,,,6000,2930780.0,13,F1,400,,,,,
2026-08-25,2026-08-25,CM,NSE,STK,2599,INE06ZX01015,PARTYCRUS,SM,,,,,PARTY CRUISERS LIMITED,83.5,83.5,83.5,83.5,83.5,82.0,,83.5,,,2000,167000.0,2,F1,1000,,,,,
2026-08-25,2026-08-25,CM,NSE,STK,757955,INE124Y01028,PASHUPATI,EQ,,,,,PASHUPATI COTSPIN LIMITED,87.15,87.5,86.05,86.34,86.05,86.39,,86.36,,,15989,1385608.44,1653,F1,1,,,,,
2026-08-25,2026-08-25,CM,NSE,STK,6048,INE818B01023,PASUPTAC,BE,,,,,PASUPATI ACRYLON LIMITED,61.8,62.79,60.8,61.34,61.8,61.27,,61.33,,,27141,1668105.07,192,F1,1,,,,,
2026-08-25,2026-08-25,CM,NSE,STK,17029,INE619A01035,PATANJALI,EQ,,,,,PATANJALI FOODS LIMITED,349.85,352.6,346.95,350.9,350.9,350.0,,350.9,,,1493515,521550337.6,14437,F1,1,,,,,
2026-08-25,2026-08-25,CM,NSE,STK,11699,INE244B01030,PATELENG,EQ,,,,,PATEL ENGINEERING LTD.,28.35,28.72,28.22,28.34,28.4,28.28,,28.34,,,1814521,51533201.32,4874,F1,1,,,,,
2026-08-25,2026-08-25,CM,NSE,STK,15223,INE529D01014,PATINTLOG,BE,,,,,PATEL INT. LOG. LTD,13.3,13.7,12.85,13.3,13.28,13.39,,13.3,,,112678,1510117.53,154,F1,1,,,,,
2026-08-25,2026-08-25,CM,NSE,STK,759439,INE0R8B01010,PATELRMART,EQ,,,,,PATEL RETAIL LIMITED,228.01,234.95,226.2,232.54,233.0,228.01,,232.5,,,183429,42438556.26,2578,F1,1,,,,,
2026-08-25,2026-08-25,CM,NSE,STK,756963,INE17GV01016,PATILAUTOM,SM,,,,,PATIL AUTOMATION LIMITED,230.0,235.5,222.0,226.95,222.0,231.15,,226.95,,,115200,26860470.0,83,F1,600,,,,,
2026-08-25,2026-08-25,CM,NSE,STK,762834,INE291E01019,PML,EQ,,,,,PAUL MERCHANTS LTD.,484.0,513.0,484.0,504.85,504.9,482.7,,502.82,,,100,49530.1,21,F1,1,,,,,
2026-08-25,2026-08-25,CM,NSE,STK,759969,INE111F01024,PAUSHAKLTD,EQ,,,,,PAUSHAK LIMITED,778.0,778.0,749.1,751.5,758.0,768.6,,751.5,,,15690,11921735.3,1649,F1,1,,,,,
2026-08-25,2026-08-25,CM,NSE,STK,16192,INE07S101038,PAVNAIND,EQ,,,,,PAVNA INDUSTRIES LIMITED,18.34,18.86,17.5,18.22,18.42,18.54,,18.29,,,119860,2171352.32,622,F1,1,,,,,
2026-08-25,2026-08-25,CM,NSE,STK,6656,INE417T01026,POLICYBZR,EQ,,,,,PB FINTECH LIMITED,1800.0,1815.0,1775.0,1798.3,1798.3,1785.0,,1798.3,,,1334419,2398162915.6,39890,F1,1,,,,,
2026-08-25,2026-08-25,CM,NSE,STK,29124,INE785M01021,PCJEWELLER,EQ,,,,,PC JEWELLER LTD,11.12,11.5,10.77,11.0,10.9,11.12,,11.0,,,599209523,6661915501.13,199606,F1,1,,,,,
2026-08-25,2026-08-25,CM,NSE,STK,2649,INE602A01031,PCBL,EQ,,,,,PCBL CHEMICAL LIMITED,320.4,324.95,317.5,321.1,322.0,321.2,,321.08,,,719469,230703613.8,12180,F1,1,,,,,
2026-08-25,2026-08-25,CM,NSE,STK,5264,INE111Q01021,PDSL,EQ,,,,,PDS LIMITED,366.4,370.95,363.2,365.8,365.5,366.3,,365.8,,,50848,18621011.55,2403,F1,1,,,,,
2026-08-25,2026-08-25,CM,NSE,STK,14260,INE940H01022,PGIL,EQ,,,,,PEARL GLOBAL IND LIMITED,2399.0,2399.0,2306.5,2326.7,2320.0,2372.2,,2326.32,,,33049,77408856.0,5089,F1,1,,,,,
2026-08-25,2026-08-25,CM,NSE,STK,2610,INE844A01013,PEARLPOLY,EQ,,,,,PEARL POLYMERS LTD,15.85,16.74,15.52,15.94,15.7,16.17,,15.94,,,8858,140747.27,44,F1,1,,,,,
2026-08-25,2026-08-25,CM,NSE,STK,25408,INE0VG601013,PELATRO,SM,,,,,PELATRO LIMITED,356.2,380.0,356.2,372.45,375.0,358.3,,372.45,,,23700,8754045.0,40,F1,300,,,,,
2026-08-25,2026-08-25,CM,NSE,STK,5358,INE138A01028,PENINLAND,BE,,,,,PENINSULA LAND LIMITED,17.08,17.08,16.5,16.83,17.08,16.27,,16.83,,,252073,4277837.91,433,F1,1,,,,,
2026-08-25,2026-08-25,CM,NSE,STK,20621,INE932A01024,PENIND,EQ,,,,,PENNAR INDUSTRIES LTD,161.43,162.81,156.5,157.34,157.0,161.0,,157.34,,,261496,41550418.55,2975,F1,1,,,,,
2026-08-25,2026-08-25,CM,NSE,STK,17132,INE0ORS01017,PENTAGON,SM,,,,,PENTAGON RUBBER LIMITED,52.0,52.0,52.0,52.0,52.0,52.0,,52.0,,,1000,52000.0,1,F1,1000,,,,,
2026-08-25,2026-08-25,CM,NSE,STK,758121,INE925S01012,PERFECT,SZ,,,,,PERFECT INFRAENGINEER LTD,2.3,2.3,2.3,2.3,2.3,2.3,,2.3,,,6000,13800.0,2,F1,3000,,,,,
2026-08-25,2026-08-25,CM,NSE,STK,764838,INE418E01018,PERMAGN,EQ,,,,,PERMANENT MAGNETS LTD.,863.25,880.0,850.95,854.0,859.0,863.9,,854.94,,,3002,2588277.85,261,F1,1,,,,,
2026-08-25,2026-08-25,CM,NSE,STK,18365,INE262H01021,PERSISTENT,EQ,,,,,PERSISTENT SYSTEMS LTD,5687.0,5687.0,5570.5,5655.0,5655.0,5694.0,,5654.65,,,358275,2013512033.5,32437,F1,1,,,,,
2026-08-25,2026-08-25,CM,NSE,STK,24290,INE998U01015,PCCL,SM,,,,,PETRO CARBON AND CHEMI L,350.0,350.7,348.1,350.0,350.0,349.05,,350.0,,,5600,1958780.0,13,F1,400,,,,,
2026-08-25,2026-08-25,CM,NSE,STK,11351,INE347G01014,PETRONET,EQ,,,,,PETRONET LNG LIMITED,294.55,295.7,291.6,292.5,292.5,295.95,,292.5,,,1740879,511223547.25,182263,F1,1,,,,,
2026-08-25,2026-08-25,CM,NSE,STK,760801,INE134E07DP0,7PFCL31,N3,,,,,PFCL 7.00% 2031 SR I,1000.01,1000.01,1000.01,1000.01,1000.01,1000.01,,1000.01,,,6,6000.06,1,F1,1,,,,,
2026-08-25,2026-08-25,CM,NSE,STK,760810,INE134E07DU0,730PFCL41,NC,,,,,PFCL 7.30% 2041 SR IV,1010.0,1010.0,1010.0,1010.0,1010.0,1010.0,,1010.0,,,60,60600.0,3,F1,1,,,,,
2026-08-25,2026-08-25,CM,NSE,STK,2643,INE182A01018,PFIZER,EQ,,,,,PFIZER LTD,4868.0,4880.9,4750.0,4758.0,4750.1,4881.5,,4757.94,,,24870,118961645.9,5309,F1,1,,,,,
2026-08-25,2026-08-25,CM,NSE,STK,25358,INE457L01029,PGEL,EQ,,,,,PG ELECTROPLAST LTD,597.0,601.6,592.05,594.35,594.35,597.0,,592.84,,,559806,334246884.75,12966,F1,1,,,,,
2026-08-25,2026-08-25,CM,NSE,STK,11612,INE0MLZ01019,PHANTOMFX,SM,,,,,PHANTOM DIGITAL EFF LTD,123.75,125.0,118.95,120.0,120.0,120.8,,120.0,,,25800,3135990.0,67,F1,300,,,,,
2026-08-25,2026-08-25,CM,NSE,STK,2658,INE245B01011,PHOENXINTL,EQ,,,,,PHOENIX INTERNATIONAL LTD,31.99,35.64,27.61,30.38,30.31,29.7,,30.47,,,27892,894750.51,356,F1,1,,,,,
2026-08-25,2026-08-25,CM,NSE,STK,25513,INE0FPO01018,PHOGLOBAL,SM,,,,,PHOENIX OVERSEAS LIMITED,16.0,16.0,16.0,16.0,16.0,15.5,,16.0,,,2000,32000.0,1,F1,2000,,,,,
2026-08-25,2026-08-25,CM,NSE,STK,759723,INE0LP301011,PWL,EQ,,,,,PHYSICSWALLAH LIMITED,121.99,123.58,120.52,121.35,121.4,121.46,,121.35,,,4812168,586125849.79,28777,F1,1,,,,,
2026-08-25,2026-08-25,CM,NSE,STK,24184,INE603J01030,PIIND,EQ,,,,,PI INDUSTRIES LTD,2474.9,2508.0,2453.1,2508.0,2508.0,2475.0,,2506.36,,,186585,461247985.9,18335,F1,1,,,,,
2026-08-25,2026-08-25,CM,NSE,STK,757754,INE546C01010,PICCADIL,EQ,,,,,PICCADILY AGRO INDUSTRI L,686.7,689.7,672.75,676.85,675.8,684.65,,676.87,,,125836,85218864.55,7093,F1,1,,,,,
2026-08-25,2026-08-25,CM,NSE,STK,24785,INE0YAL01017,PPSL,SM,,,,,PICTUREPOST STUDIOS LTD,2.75,2.85,2.7,2.7,2.7,2.8,,2.7,,,42000,114750.0,14,F1,3000,,,,,
2026-08-25,2026-08-25,CM,NSE,STK,2664,INE318A01026,PIDILITIND,EQ,,,,,PIDILITE INDUSTRIES LTD,1660.0,1660.0,1636.6,1651.1,1651.1,1660.0,,1651.11,,,456825,752952155.1,19479,F1,1,,,,,
2026-08-25,2026-08-25,CM,NSE,STK,30835,INE600A01035,PILITA,EQ,,,,,PIL ITALICA LIFESTYLE LTD,8.15,8.33,7.9,7.93,7.9,8.02,,7.92,,,29811,238138.05,166,F1,1,,,,,
2026-08-25,2026-08-25,CM,NSE,STK,11445,INE417C01014,PILANIINVS,EQ,,,,,PILANI INV & IND COR LTD,4331.0,4414.0,4331.0,4395.3,4400.0,4362.1,,4395.3,,,1758,7705734.4,345,F1,1,,,,,
2026-08-25,2026-08-25,CM,NSE,STK,759820,INE15B701018,PINELABS,EQ,,,,,PINE LABS LIMITED,157.85,165.95,156.51,163.69,164.2,157.54,,163.69,,,32244404,5232090796.54,110998,F1,1,,,,,
2026-08-25,2026-08-25,CM,NSE,STK,13463,INE156C01018,PIONEEREMB,EQ,,,,,PIONEER EMBROIDERIES LTD,22.0,22.0,21.8,21.98,21.89,22.0,,21.98,,,5684,124270.01,33,F1,1,,,,,
2026-08-25,2026-08-25,CM,NSE,STK,762832,INE746D01014,PIONRINV,BE,,,,,PIONEER INVESTCORP LTD.,75.34,79.45,72.5,78.99,79.0,75.77,,78.99,,,3870,292577.88,29,F1,1,,,,,
2026-08-25,2026-08-25,CM,NSE,STK,759551,INE202B01038,PIRAMALFIN,EQ,,,,,PIRAMAL FINANCE LIMITED,2190.0,2198.3,2150.0,2181.2,2172.6,2184.1,,2181.18,,,395332,860541516.2,24947,F1,1,,,,,
2026-08-25,2026-08-25,CM,NSE,STK,11571,INE0DK501011,PPLPHARMA,EQ,,,,,PIRAMAL PHARMA LIMITED,211.6,211.98,206.4,207.71,207.7,211.15,,207.7,,,1716798,357462412.29,22225,F1,1,,,,,
2026-08-25,2026-08-25,CM,NSE,STK,14134,INE450D01021,PITTIENG,EQ,,,,,PITTI ENGINEERING LIMITED,1120.0,1149.5,1100.5,1123.3,1124.95,1098.25,,1123.28,,,506448,573379170.25,28772,F1,1,,,,,
2026-08-25,2026-08-25,CM,NSE,STK,9087,INE751B01018,PIXTRANS,EQ,,,,,PIX TRANSMISSIONS LIMITED,1791.3,1825.7,1758.2,1791.8,1783.3,1789.6,,1791.78,,,15001,26800024.0,2176,F1,1,,,,,
2026-08-25,2026-08-25,CM,NSE,STK,13920,INE083C01022,PLASTIBLEN,EQ,,,,,PLASTIBLENDS INDIA LTD,191.0,194.38,187.66,189.13,190.9,192.5,,189.03,,,18317,3495882.92,845,F1,1,,,,,
2026-08-25,2026-08-25,CM,NSE,STK,22930,INE0PT501018,PLATIND,EQ,,,,,PLATINUM INDUSTRIES LTD,212.2,215.0,205.0,212.74,213.4,210.26,,212.57,,,80531,16798276.45,2810,F1,1,,,,,
2026-08-25,2026-08-25,CM,NSE,STK,19458,INE0INJ01017,PLAZACABLE,EQ,,,,,PLAZA WIRES LIMITED,50.8,53.0,50.01,52.43,52.89,50.8,,52.41,,,37707,1951408.61,427,F1,1,,,,,
2026-08-25,2026-08-25,CM,NSE,STK,8736,INE859A01011,PNBGILTS,EQ,,,,,PNB GILTS LIMITED,78.62,80.02,76.8,79.59,79.9,78.62,,79.59,,,213702,16859371.02,1774,F1,1,,,,,
2026-08-25,2026-08-25,CM,NSE,STK,18908,INE572E01012,PNBHOUSING,EQ,,,,,PNB HOUSING FIN LTD.,1165.0,1183.0,1157.4,1182.0,1182.0,1165.0,,1181.48,,,669328,781395770.4,19377,F1,1,,,,,
2026-08-25,2026-08-25,CM,NSE,STK,9385,INE195J01029,PNCINFRA,EQ,,,,,PNC INFRATECH LTD.,204.33,205.0,199.75,203.15,203.2,204.33,,203.15,,,504639,102092993.68,18553,F1,1,,,,,
2026-08-25,2026-08-25,CM,NSE,STK,760242,INE1RDG01013,PNGSREVA,EQ,,,,,PNGS REVA DIAMOND JEWEL L,549.45,551.35,528.05,536.9,535.0,541.05,,537.04,,,128484,69091566.85,4584,F1,1,,,,,
2026-08-25,2026-08-25,CM,NSE,STK,19036,INE371C01013,PODDARMENT,EQ,,,,,PODDAR PIGMENTS LIMITED,253.0,254.0,245.1,249.55,253.0,253.0,,249.55,,,1125,281017.7,71,F1,1,,,,,
2026-08-25,2026-08-25,CM,NSE,STK,17651,INE637C01025,POKARNA,EQ,,,,,POKARNA LIMITED,877.3,888.85,875.0,878.45,880.0,875.35,,878.41,,,45054,39727545.8,3607,F1,1,,,,,
2026-08-25,2026-08-25,CM,NSE,STK,25718,INE205C01021,POLYMED,EQ,,,,,POLY MEDICURE LIMITED,1737.1,1753.0,1713.0,1731.7,1733.5,1737.2,,1731.59,,,78354,135899703.4,11724,F1,1,,,,,
2026-08-25,2026-08-25,CM,NSE,STK,9590,INE455K01017,POLYCAB,EQ,,,,,POLYCAB INDIA LIMITED,9029.5,9119.5,8990.5,9098.0,9098.0,9054.0,,9097.79,,,321426,2907567683.5,35327,F1,1,,,,,
2026-08-25,2026-08-25,CM,NSE,STK,2687,INE633B01018,POLYPLEX,EQ,,,,,POLYPLEX CORPORATION LTD,1170.9,1193.5,1167.0,1180.2,1190.0,1170.0,,1180.02,,,66876,79004578.3,4617,F1,1,,,,,
2026-08-25,2026-08-25,CM,NSE,STK,22711,INE517M01028,POLYSIL,SM,,,,,POLYSIL IRRIGATION SYST L,49.7,49.7,49.7,49.7,49.7,52.3,,49.7,,,12500,621250.0,14,F1,500,,,,,
2026-08-25,2026-08-25,CM,NSE,STK,765150,INE914G01029,POLYSPIN,EQ,,,,,POLYSPIN EXPORTS LTD.,28.4,30.94,28.4,29.45,29.0,28.3,,29.71,,,1520,44113.33,25,F1,1,,,,,
2026-08-25,2026-08-25,CM,NSE,STK,14385,INE063E01061,POCL,EQ,,,,,PONDY OXIDES & CHEM LTD,505.0,514.6,500.0,504.65,505.0,505.0,,504.65,,,302620,153307987.35,9543,F1,1,,,,,
2026-08-25,2026-08-25,CM,NSE,STK,10661,INE838E01017,PONNIERODE,EQ,,,,,PONNIE SUGARS (ERODE) LTD,413.4,422.0,397.2,402.55,397.6,421.85,,402.35,,,76566,31255937.6,4074,F1,1,,,,,
2026-08-25,2026-08-25,CM,NSE,STK,11403,INE511C01022,POONAWALLA,EQ,,,,,POONAWALLA FINCORP LTD,477.0,479.25,470.55,475.95,478.0,475.1,,475.94,,,349654,165963559.7,11022,F1,1,,,,,
2026-08-25,2026-08-25,CM,NSE,STK,23142,INE772T01024,PVSL,EQ,,,,,POPULAR VEHICLES N SER L,110.15,110.59,106.06,107.98,106.87,110.15,,107.97,,,40980,4439789.61,926,F1,1,,,,,
2026-08-25,2026-08-25,CM,NSE,STK,24864,INE0S3H01017,POSITRON,SM,,,,,POSITRON ENERGY LIMITED,165.0,169.0,165.0,165.0,165.0,167.5,,165.0,,,3300,550020.0,11,F1,300,,,,,
2026-08-25,2026-08-25,CM,NSE,STK,14299,INE134E01011,PFC,EQ,,,,,POWER FIN CORP LTD.,364.0,367.0,362.1,367.0,367.0,364.0,,366.97,,,6349108,2309367297.05,38193,F1,1,,,,,
2026-08-25,2026-08-25,CM,NSE,STK,14977,INE752E01010,POWERGRID,EQ,,,,,POWER GRID CORP. LTD.,271.4,271.7,268.35,271.0,271.0,271.4,,270.99,,,5435918,1466175849.6,45608,F1,1,,,,,
2026-08-25,2026-08-25,CM,NSE,STK,15716,INE557Z01018,PIGL,EQ,,,,,POWER INSTRUMENT (G) LTD,102.81,106.74,101.0,102.63,102.55,102.4,,102.63,,,68201,7092761.39,737,F1,1,,,,,
2026-08-25,2026-08-25,CM,NSE,STK,10473,INE211R01019,POWERMECH,EQ,,,,,POWER MECH PROJECTS LTD.,2514.0,2535.0,2488.0,2503.4,2492.1,2514.0,,2503.54,,,25475,63870853.3,5777,F1,1,,,,,
2026-08-25,2026-08-25,CM,NSE,STK,3494,INE0GGX23010,PGINVIT,IV,,,,,POWERGRID INFRA. INVITS,100.24,100.6,99.91,100.5,100.51,100.0,,100.5,,,880277,88197199.13,5100,F1,1,,,,,
2026-08-25,2026-08-25,CM,NSE,STK,761680,INE921L01032,POWERICA,EQ,,,,,POWERICA LIMITED,517.5,534.0,511.8,531.8,531.0,517.5,,531.79,,,246548,129984792.4,7717,F1,1,,,,,
2026-08-25,2026-08-25,CM,NSE,STK,15213,INE095I01015,PPAP,BE,,,,,PPAP AUTOMOTIVE LIMITED,262.7,268.45,255.3,265.1,264.1,262.95,,265.07,,,14089,3704447.75,234,F1,1,,,,,
2026-08-25,2026-08-25,CM,NSE,STK,30134,INE0I0M01023,PRABHA,EQ,,,,,PRABHA ENERGY LIMITED,217.0,218.6,205.11,207.02,205.11,214.0,,207.05,,,158321,33550395.95,1717,F1,1,,,,,
2026-08-25,2026-08-25,CM,NSE,STK,762842,INE770A01010,PRADPME,BE,,,,,PRADEEP METALS LTD.,507.0,514.7,503.6,510.0,510.0,507.2,,510.0,,,4302,2190965.45,68,F1,1,,,,,
2026-08-25,2026-08-25,CM,NSE,STK,2705,INE074A01025,PRAJIND,EQ,,,,,PRAJ INDUSTRIES LTD,353.6,356.6,346.0,347.8,348.75,352.65,,347.8,,,687110,239988203.7,16065,F1,1,,,,,
2026-08-25,2026-08-25,CM,NSE,STK,13941,INE505C01016,PRAENG,EQ,,,,,PRAJAY ENG. SYN. LTD.,19.0,19.3,18.6,18.68,18.6,18.87,,18.65,,,32622,611688.29,240,F1,1,,,,,
2026-08-25,2026-08-25,CM,NSE,STK,2708,INE603A01013,PRAKASH,EQ,,,,,PRAKASH INDUSTRIES LTD,128.8,129.75,127.1,127.69,127.35,127.96,,127.69,,,240987,30861425.37,3117,F1,1,,,,,
2026-08-25,2026-08-25,CM,NSE,STK,10299,INE050001010,PPL,BE,,,,,PRAKASH PIPES LIMITED,268.5,270.95,262.0,264.2,263.75,268.5,,264.14,,,34321,9089335.7,422,F1,1,,,,,
2026-08-25,2026-08-25,CM,NSE,STK,19599,INE696K01024,PRAKASHSTL,EQ,,,,,PRAKASH STEELAGE LTD,3.93,3.97,3.85,3.86,3.85,3.92,,3.86,,,98013,380248.6,449,F1,1,,,,,
2026-08-25,2026-08-25,CM,NSE,STK,18514,INE0O7A01017,PRAMARA,SM,,,,,PRAMARA PROMOTIONS LTD,122.0,122.0,117.15,119.15,119.15,121.7,,119.15,,,1500,179150.0,3,F1,500,,,,,
2026-08-25,2026-08-25,CM,NSE,STK,765290,INE2JG601017,PRAMODINI,ST,,,,,PRAMODINI MEDICARE LTD,120.0,123.0,119.1,122.65,122.5,120.15,,122.65,,,164400,20042460.0,101,F1,1200,,,,,
2026-08-25,2026-08-25,CM,NSE,STK,25818,INE0VJG01014,PRANIK,SM,,,,,PRANIK LOGISTICS LIMITED,41.15,41.15,41.15,41.15,41.15,42.0,,41.15,,,6400,263360.0,4,F1,1600,,,,,
2026-08-25,2026-08-25,CM,NSE,STK,21840,INE393P01035,DIAMONDYD,EQ,,,,,PRATAAP SNACKS LIMITED,1180.1,1190.3,1156.0,1165.2,1162.0,1176.5,,1165.18,,,15819,18537679.6,1108,F1,1,,,,,
2026-08-25,2026-08-25,CM,NSE,STK,23113,INE0QA601016,PRATHAM,SM,,,,,PRATHAM EPC PROJECTS LTD,119.5,119.5,116.1,116.1,116.1,120.0,,116.1,,,2000,236060.0,5,F1,400,,,,,
2026-08-25,2026-08-25,CM,NSE,STK,762844,INE722B01019,PRAVEG,EQ,,,,,PRAVEG LTD.,261.0,263.85,259.5,261.8,261.25,261.6,,261.8,,,37514,9795991.4,787,F1,1,,,,,
2026-08-25,2026-08-25,CM,NSE,STK,1204,INE546Y01022,PRAXIS,EQ,,,,,PRAXIS HOME RETAIL LTD,5.49,5.49,5.05,5.25,5.32,5.27,,5.25,,,94364,499563.78,246,F1,1,,,,,
2026-08-25,2026-08-25,CM,NSE,STK,12603,INE484I01029,PRECAM,EQ,,,,,PRECISION CAMSHAFTS LTD.,130.5,133.02,129.55,130.41,133.02,130.74,,130.39,,,49714,6481107.31,1384,F1,1,,,,,
2026-08-25,2026-08-25,CM,NSE,STK,7963,INE0HKW01018,PRECISION,ST,,,,,PRECISION METALIKS LTD,7.3,7.3,7.3,7.3,7.3,7.6,,7.3,,,2000,14600.0,1,F1,2000,,,,,
2026-08-25,2026-08-25,CM,NSE,STK,2717,INE372C01037,PRECWIRE,EQ,,,,,PRECISION WIRES INDIA LTD,425.0,426.75,405.45,411.75,411.0,429.05,,411.73,,,744525,305938913.7,23120,F1,1,,,,,
2026-08-25,2026-08-25,CM,NSE,STK,2711,INE283A01014,PRECOT,EQ,,,,,PRECOT LIMITED,674.55,719.95,670.2,703.7,701.0,670.15,,703.7,,,2932,2022280.65,361,F1,1,,,,,
2026-08-25,2026-08-25,CM,NSE,STK,762849,INE001E01012,PREMCO,EQ,,,,,PREMCO GLOBAL LTD.,390.0,390.0,386.25,387.45,388.0,393.0,,385.47,,,121,46872.25,21,F1,1,,,,,
2026-08-25,2026-08-25,CM,NSE,STK,25049,INE0BS701011,PREMIERENE,EQ,,,,,PREMIER ENERGIES LIMITED,1028.0,1036.0,1018.0,1036.0,1036.0,1030.0,,1035.95,,,490536,504001906.4,26139,F1,1,,,,,
2026-08-25,2026-08-25,CM,NSE,STK,17397,INE863B01029,PREMEXPLN,EQ,,,,,PREMIER EXPLOSIVES LTD,667.35,669.5,663.1,665.55,666.0,667.35,,665.54,,,62248,41422944.75,1631,F1,1,,,,,
2026-08-25,2026-08-25,CM,NSE,STK,6248,INE342A01018,PREMIER,BE,,,,,PREMIER LIMITED,2.73,2.78,2.59,2.59,2.59,2.72,,2.59,,,11066,28967.5,17,F1,1,,,,,
2026-08-25,2026-08-25,CM,NSE,STK,3908,INE309M01020,PREMIERPOL,EQ,,,,,PREMIER POLYFILM LTD,88.0,91.75,88.0,90.3,89.51,89.12,,90.32,,,230765,20803156.87,2712,F1,1,,,,,
2026-08-25,2026-08-25,CM,NSE,STK,23764,INE0CFG01012,PRLIND,SM,,,,,PREMIER ROADLINES LIMITED,43.0,43.95,42.95,43.8,43.95,43.0,,43.8,,,121000,5246100.0,63,F1,1000,,,,,
2026-08-25,2026-08-25,CM,NSE,STK,20498,INE0R1601012,PRESSTONIC,SM,,,,,PRESSTONIC ENGINEERING L,36.25,38.2,36.25,37.35,37.5,35.75,,37.35,,,60800,2271120.0,65,F1,800,,,,,
2026-08-25,2026-08-25,CM,NSE,STK,20302,INE811K01011,PRESTIGE,EQ,,,,,PRESTIGE ESTATE LTD,1631.9,1631.9,1606.2,1623.0,1623.0,1635.8,,1623.0,,,286013,462577345.0,16028,F1,1,,,,,
2026-08-25,2026-08-25,CM,NSE,STK,19631,INE726V01018,PRICOLLTD,EQ,,,,,PRICOL LIMITED,790.9,798.65,779.0,790.5,790.6,790.9,,790.56,,,152509,120151518.8,12182,F1,1,,,,,
2026-08-25,2026-08-25,CM,NSE,STK,759075,INE0CQA01020,PRIMECAB,ST,,,,,PRIME CABLE INDUSTRIES L,214.0,214.95,210.0,213.3,214.95,204.75,,213.3,,,43200,9274160.0,27,F1,1600,,,,,
2026-08-25,2026-08-25,CM,NSE,STK,13496,INE367G01038,PFOCUS,EQ,,,,,PRIME FOCUS LIMITED,307.8,309.5,298.5,302.75,300.4,307.8,,302.73,,,684157,207585156.95,15336,F1,1,,,,,
2026-08-25,2026-08-25,CM,NSE,STK,11864,INE032B01021,PRIMESECU,EQ,,,,,PRIME SECURITIES LIMITED,274.9,280.95,274.9,278.2,278.05,276.05,,278.2,,,17478,4865224.8,421,F1,1,,,,,
2026-08-25,2026-08-25,CM,NSE,STK,756925,INE607A01022,PRIMO,EQ,,,,,PRIMO CHEMICALS LIMITED,21.15,21.44,20.6,20.8,21.44,20.92,,20.8,,,111242,2325898.12,533,F1,1,,,,,
2026-08-25,2026-08-25,CM,NSE,STK,16045,INE689W01016,PRINCEPIPE,EQ,,,,,PRINCE PIPES FITTINGS LTD,284.7,289.15,284.3,287.1,288.0,283.95,,287.1,,,164804,47296763.6,4194,F1,1,,,,,
2026-08-25,2026-08-25,CM,NSE,STK,2739,INE010A01011,PRSMJOHNSN,EQ,,,,,PRISM JOHNSON LIMITED,107.69,108.75,106.26,107.96,108.5,107.11,,107.97,,,299440,32077073.35,4720,F1,1,,,,,
2026-08-25,2026-08-25,CM,NSE,STK,765155,INE286N01028,PRISMX,EQ,,,,,PRISMX GLOBAL VENTURES L,0.54,0.55,0.53,0.54,0.55,0.54,,0.54,,,68583,37202.08,70,F1,1,,,,,
2026-08-25,2026-08-25,CM,NSE,STK,8310,INE974Z01015,PRITI,BE,,,,,PRITI INTERNATIONAL LTD,33.99,34.75,33.9,34.39,34.4,33.63,,34.39,,,8110,277460.38,58,F1,1,,,,,
2026-08-25,2026-08-25,CM,NSE,STK,5296,INE583R01029,PRITIKAUTO,BE,,,,,PRITIKA AUTO INDUS LTD,17.73,17.73,17.01,17.37,17.49,17.62,,17.4,,,59985,1033231.79,277,F1,1,,,,,
2026-08-25,2026-08-25,CM,NSE,STK,12971,INE0MJQ01020,PRITIKA,SM,,,,,PRITIKA ENG COMPO LTD,59.5,59.55,59.0,59.0,59.0,59.55,,59.0,,,6000,356100.0,3,F1,2000,,,,,
2026-08-25,2026-08-25,CM,NSE,STK,9342,INE392B01011,PNC,EQ,,,,,PRITISH NANDY COMMUNICATI,18.5,18.59,17.5,17.87,18.05,18.45,,17.85,,,20652,367768.75,218,F1,1,,,,,
2026-08-25,2026-08-25,CM,NSE,STK,8825,INE959A01019,PRIVISCL,EQ,,,,,PRIVI SPECIALITY CHE LTD,3446.7,3470.1,3420.2,3444.8,3440.0,3446.7,,3444.8,,,30691,105621132.4,4350,F1,1,,,,,
2026-08-25,2026-08-25,CM,NSE,STK,24511,INE0V9N01017,PRIZOR,ST,,,,,PRIZOR VIZTECH LIMITED,1063.9,1071.3,1039.95,1066.5,1057.1,1020.3,,1066.5,,,66800,71345400.0,152,F1,400,,,,,
2026-08-25,2026-08-25,CM,NSE,STK,757806,INE0VJT01017,PROFX,SM,,,,,PRO FX TECH LIMITED,76.1,76.1,76.1,76.1,76.1,76.75,,76.1,,,1600,121760.0,1,F1,1600,,,,,
2026-08-25,2026-08-25,CM,NSE,STK,940,INE199A01012,PGHL,EQ,,,,,PROCTER & GAMBLE HEALTH L,5860.0,5873.5,5806.5,5833.0,5824.0,5873.5,,5832.84,,,8754,51068237.5,2584,F1,1,,,,,
2026-08-25,2026-08-25,CM,NSE,STK,764345,INE1FFX01018,PROPSHOP,SM,,,,,PROPSHOP EVENTS AND EXH L,79.95,79.95,72.45,74.25,74.25,74.45,,74.25,,,78000,5795900.0,37,F1,2000,,,,,
2026-08-25,2026-08-25,CM,NSE,STK,758173,INE0BX301013,PROSTARM,EQ,,,,,PROSTARM INFO SYSTEMS LTD,137.68,138.8,133.2,134.58,135.3,138.18,,134.58,,,116805,15821195.16,2120,F1,1,,,,,
2026-08-25,2026-08-25,CM,NSE,STK,29472,INE004A01022,PROTEAN,EQ,,,,,PROTEAN EGOV TECHNO LTD,554.0,571.4,551.7,568.35,568.95,554.9,,568.32,,,268866,151572185.0,9210,F1,1,,,,,
2026-08-25,2026-08-25,CM,NSE,STK,16483,INE0ONE01016,PROV,SM,,,,,PROVENTUS AGROCOM LIMITED,1820.0,1850.0,1820.0,1850.0,1850.0,1820.0,,1850.0,,,2640,4876800.0,4,F1,80,,,,,
2026-08-25,2026-08-25,CM,NSE,STK,28859,INE195N01013,PROZONER,EQ,,,,,PROZONE REALTY LIMITED,43.0,46.59,42.21,44.73,44.73,41.72,,44.7,,,905502,40819645.83,5628,F1,1,,,,,
2026-08-25,2026-08-25,CM,NSE,STK,9553,INE00F201020,PRUDENT,EQ,,,,,PRUDENT CORP ADV SER LTD,3321.8,3359.6,3283.1,3336.0,3321.5,3336.8,,3335.88,,,10762,35775849.7,3971,F1,1,,,,,
2026-08-25,2026-08-25,CM,NSE,STK,20528,INE024D01016,PRUDMOULI,BE,,,,,PRUDENTIAL SUGAR CORPORAT,15.97,16.8,15.97,16.79,16.79,16.0,,16.79,,,60962,986184.92,114,F1,1,,,,,
2026-08-25,2026-08-25,CM,NSE,STK,20877,INE488V01015,PSPPROJECT,EQ,,,,,PSP PROJECTS LIMITED,909.6,918.9,900.0,909.1,907.0,909.55,,909.03,,,28539,25875269.3,1496,F1,1,,,,,
2026-08-25,2026-08-25,CM,NSE,STK,22602,INE560K01014,PFS,EQ,,,,,PTC INDIA FIN SERV LTD,28.12,28.14,27.81,27.98,28.09,27.91,,27.98,,,288594,8074716.49,1099,F1,1,,,,,
2026-08-25,2026-08-25,CM,NSE,STK,11355,INE877F01012,PTC,EQ,,,,,PTC INDIA LIMITED,157.0,158.57,156.29,158.05,158.35,156.84,,158.05,,,986291,155352129.96,11272,F1,1,,,,,
2026-08-25,2026-08-25,CM,NSE,STK,16682,INE596F01018,PTCIL,EQ,,,,,PTC INDUSTRIES LIMITED,21612.0,21742.0,21000.0,21116.0,21121.0,21672.0,,21116.27,,,26512,565885119.0,9595,F1,1,,,,,
2026-08-25,2026-08-25,CM,NSE,STK,14101,INE034D01049,PTL,EQ,,,,,PTL ENTERPRISES LTD,38.6,38.85,38.2,38.54,38.52,38.64,,38.54,,,45072,1736112.8,671,F1,1,,,,,
2026-08-25,2026-08-25,CM,NSE,STK,15377,INE865T01018,PDMJEPAPER,EQ,,,,,PUDUMJEE PAPER PRO. LTD,90.22,90.25,87.49,88.06,88.5,89.84,,87.97,,,56324,4983609.42,1174,F1,1,,,,,
2026-08-25,2026-08-25,CM,NSE,STK,507,INE335X01014,PULZ,SM,,,,,PULZ ELECTRONICS LIMITED,23.5,24.05,23.5,23.75,24.05,23.25,,23.75,,,4000,95100.0,2,F1,2000,,,,,
2026-08-25,2026-08-25,CM,NSE,STK,21001,INE608A01012,PSB,EQ,,,,,PUNJAB & SIND BANK,23.25,23.53,23.15,23.34,23.3,23.24,,23.34,,,998091,23279311.2,3133,F1,1,,,,,
2026-08-25,2026-08-25,CM,NSE,STK,4344,INE277B01014,PUNJABCHEM,EQ,,,,,PUNJAB CHEM & CROP PROT L,1094.7,1103.6,1081.1,1090.6,1095.0,1095.2,,1090.61,,,4647,5065399.6,755,F1,1,,,,,
2026-08-25,2026-08-25,CM,NSE,STK,10666,INE160A01022,PNB,EQ,,,,,PUNJAB NATIONAL BANK,115.61,116.9,115.01,115.93,115.93,115.86,,115.93,,,13026659,1513838248.35,49415,F1,1,,,,,
2026-08-25,2026-08-25,CM,NSE,STK,14922,INE323I01011,PURVA,EQ,,,,,PURAVANKARA LIMITED,214.69,220.11,213.52,217.92,218.0,214.3,,217.9,,,358395,77916680.02,9273,F1,1,,,,,
2026-08-25,2026-08-25,CM,NSE,STK,28044,INE0P5R01014,PURPLEUTED,ST,,,,,PURPLE UNITED SALES LTD,427.0,427.0,406.0,417.1,416.0,419.85,,417.1,,,14000,5812700.0,50,F1,250,,,,,
2026-08-25,2026-08-25,CM,NSE,STK,22938,INE0R6C01012,PURVFLEXI,SM,,,,,PURV FLEXIPACK LIMITED,50.2,50.2,46.1,46.6,46.1,48.5,,46.6,,,14400,681960.0,16,F1,800,,,,,
2026-08-25,2026-08-25,CM,NSE,STK,757683,INE154801018,PUSHPA,SM,,,,,PUSHPA JEWELLERS LIMITED,112.8,115.0,112.8,114.0,114.0,110.0,,114.0,,,45000,5150850.0,23,F1,1000,,,,,
2026-08-25,2026-08-25,CM,NSE,STK,4010,INE362A01016,PVP,EQ,,,,,PVP VENTURES LIMITED,48.0,53.44,47.75,51.35,52.44,48.59,,51.34,,,7385739,376940082.07,40623,F1,1,,,,,
2026-08-25,2026-08-25,CM,NSE,STK,13147,INE191H01014,PVRINOX,EQ,,,,,PVR INOX LIMITED,1249.9,1284.5,1218.0,1231.0,1229.0,1231.8,,1231.0,,,1984216,2469921290.4,84958,F1,1,,,,,
2026-08-25,2026-08-25,CM,NSE,STK,18250,INE0MIS01010,PYRAMID,EQ,,,,,PYRAMID TECHNOPLAST LTD,164.46,164.55,161.75,162.64,162.55,163.65,,162.6,,,19029,3100914.85,472,F1,1,,,,,
2026-08-25,2026-08-25,CM,NSE,STK,763594,INE1G2W01011,QLINE,SM,,,,,Q-LINE BIOTECH LIMITED,554.5,558.0,542.85,545.65,542.85,553.7,,545.65,,,63200,34645240.0,139,F1,400,,,,,
2026-08-25,2026-08-25,CM,NSE,STK,751653,INE0FMW01018,QMSMEDI,BE,,,,,QMS MEDICAL ALLIED S LTD,141.92,152.2,141.22,148.91,149.0,146.2,,148.91,,,26396,3920426.66,185,F1,1,,,,,
2026-08-25,2026-08-25,CM,NSE,STK,5870,INE0GOJ01027,QUADPRO,SM,,,,,QUADPRO ITES LIMITED,2.4,2.4,2.4,2.4,2.4,2.4,,2.4,,,12000,28800.0,1,F1,12000,,,,,
2026-08-25,2026-08-25,CM,NSE,STK,29087,INE0LRY01011,QUADFUTURE,EQ,,,,,QUADRANT FUTURE TEK LTD,432.2,441.8,410.0,418.5,412.9,447.3,,418.55,,,5006379,2132849877.05,89784,F1,1,,,,,
2026-08-25,2026-08-25,CM,NSE,STK,29711,INE0SII01026,QPOWER,EQ,,,,,QUALITY POWER ELEC EQUP L,1310.3,1334.1,1301.0,1309.1,1305.0,1313.2,,1309.14,,,193899,254895678.1,12323,F1,1,,,,,
2026-08-25,2026-08-25,CM,NSE,STK,15330,INF082J01408,QGOLDHALF,EQ,,,,,QUANTUM GOLD ETF,132.99,134.72,132.69,133.24,133.2,133.43,,133.24,,,364976,48635534.38,1600,F1,1,,,,,
2026-08-25,2026-08-25,CM,NSE,STK,16819,INF082J01499,QNIFTY,EQ,,,,,QUANTUM NIFTY 50 ETF,266.6,267.8,266.0,267.49,267.8,266.59,,267.49,,,2124,567482.51,73,F1,1,,,,,
2026-08-25,2026-08-25,CM,NSE,STK,765392,INF966L01EI5,SILVER001,EQ,,,,,QUANT_AMC - SILVER001,24.1,24.55,24.01,24.21,24.25,24.52,,24.21,,,28279,686186.51,96,F1,1,,,,,
2026-08-25,2026-08-25,CM,NSE,STK,17704,INE615P01015,QUESS,EQ,,,,,QUESS CORP LIMITED,337.1,347.95,335.75,347.0,347.9,338.6,,347.0,,,424971,146402644.6,15931,F1,1,,,,,
2026-08-25,2026-08-25,CM,NSE,STK,23793,INE0TNW01017,QUESTLAB,SM,,,,,QUEST LABORATORIES LTD,85.0,86.5,85.0,86.5,86.5,86.5,,86.5,,,3600,309600.0,3,F1,1200,,,,,
2026-08-25,2026-08-25,CM,NSE,STK,13131,INE306L01010,QUICKHEAL,BE,,,,,QUICK HEAL TECH LTD,139.3,141.9,139.3,140.72,140.75,140.4,,140.62,,,36163,5082932.4,555,F1,1,,,,,
2026-08-25,2026-08-25,CM,NSE,STK,15285,INE0K4D01020,QUICKTOUCH,SM,,,,,QUICKTOUCH TECHNOLOGIES L,17.1,17.25,16.2,16.2,16.2,17.05,,16.2,,,4500,74375.0,9,F1,500,,,,,
2026-08-25,2026-08-25,CM,NSE,STK,762854,INE641R01017,QUINT,EQ,,,,,QUINT DIGITAL LTD.,42.79,46.0,39.97,43.64,44.39,40.51,,43.56,,,30067,1308999.98,499,F1,1,,,,,
2026-08-25,2026-08-25,CM,NSE,STK,24957,INE0KZF01015,QVCEL,SM,,,,,QVC EXPORTS LIMITED,26.1,27.2,25.3,27.2,27.2,26.1,,27.2,,,9600,251680.0,6,F1,1600,,,,,
2026-08-25,2026-08-25,CM,NSE,STK,23043,INE0NQ801033,RKSWAMY,EQ,,,,,R K SWAMY LIMITED,94.41,96.98,94.41,94.59,94.66,95.11,,94.59,,,10364,983356.36,245,F1,1,,,,,
2026-08-25,2026-08-25,CM,NSE,STK,757836,INE219Y01026,RMDRIP,BE,,,,,R M DRIP & SPRINK SYS LTD,18.04,19.3,18.04,19.25,19.3,18.41,,19.25,,,565280,10761962.14,837,F1,1,,,,,
2026-08-25,2026-08-25,CM,NSE,STK,762864,INE951M01037,RRIL,EQ,,,,,R R I L LTD.,17.75,18.0,15.06,17.23,17.54,17.47,,17.23,,,112883,1891762.17,369,F1,1,,,,,
2026-08-25,2026-08-25,CM,NSE,STK,18566,INE777K01022,RRKABEL,EQ,,,,,R R KABEL LIMITED,2870.4,2895.2,2786.8,2801.2,2807.0,2869.9,,2801.29,,,321353,906565290.9,31516,F1,1,,,,,
2026-08-25,2026-08-25,CM,NSE,STK,762872,INE616F01022,RSDFIN,BE,,,,,R S D FINANCE LTD.,103.4,105.94,103.4,105.94,105.94,100.9,,107.71,,,4369,461229.56,63,F1,1,,,,,
2026-08-25,2026-08-25,CM,NSE,STK,13414,INE411H01032,RSYSTEMS,EQ,,,,,R SYS INTERNATIONAL LTD,239.0,243.95,236.65,243.15,243.05,239.75,,243.15,,,169670,40818836.55,3724,F1,1,,,,,
2026-08-25,2026-08-25,CM,NSE,STK,764855,INE005C01017,RTSPOWR,EQ,,,,,R T S POWER CORPN. LTD.,94.81,97.0,91.55,92.5,92.5,94.81,,92.27,,,29,2726.56,11,F1,1,,,,,
2026-08-25,2026-08-25,CM,NSE,STK,758981,INE012Q01039,RNBDENIMS,EQ,,,,,R&B DENIMS LIMITED,8.51,8.51,8.51,8.51,8.51,8.11,,8.52,,,53013,451140.63,53,F1,1,,,,,
2026-08-25,2026-08-25,CM,NSE,STK,6429,INE165B01029,RSSOFTWARE,EQ,,,,,R. S. SOFTWARE (INDIA) LI,30.0,30.5,29.11,29.89,29.9,29.98,,29.91,,,34312,1028277.08,232,F1,1,,,,,
2026-08-25,2026-08-25,CM,NSE,STK,20760,INE324L01013,RPPINFRA,EQ,,,,,R.P.P INFRA PROJECTS LTD,58.2,59.7,57.5,57.88,57.63,57.78,,57.86,,,23678,1373836.18,664,F1,1,,,,,
2026-08-25,2026-08-25,CM,NSE,STK,762244,INE2PB023011,RIIT,IV,,,,,RAAJMARG INFRA INVEST T,122.0,122.0,121.49,121.85,121.85,121.89,,121.85,,,123564,15055035.86,1242,F1,1,,,,,
2026-08-25,2026-08-25,CM,NSE,STK,15391,INE084Q01012,RACE,EQ,,,,,RACE ECO CHAIN LIMITED,101.44,103.86,100.2,100.27,100.2,101.44,,100.16,,,903,91925.9,31,F1,1,,,,,
2026-08-25,2026-08-25,CM,NSE,STK,9854,INE02OY01016,RILINFRA,SM,,,,,RACHANA INFRA LTD,35.75,37.0,35.5,36.2,35.75,36.45,,36.2,,,9200,333435.0,51,F1,100,,,,,
2026-08-25,2026-08-25,CM,NSE,STK,27171,INE704B01017,RACLGEAR,EQ,,,,,RACL GEARTECH LIMITED,1515.9,1565.6,1460.9,1511.1,1504.9,1513.5,,1511.04,,,59620,90003751.9,5595,F1,1,,,,,
2026-08-25,2026-08-25,CM,NSE,STK,10932,INE874F01027,RADAAN,EQ,,,,,RADAAN MEDIAWORKS (I) LTD,3.1,3.1,2.92,3.0,3.0,3.03,,3.0,,,4912,14749.01,62,F1,1,,,,,
2026-08-25,2026-08-25,CM,NSE,STK,10343,INE583V01021,RADHIKAJWE,EQ,,,,,RADHIKA JEWELTECH LIMITED,67.27,67.52,66.16,66.92,66.96,67.27,,66.92,,,178428,11914285.68,1949,F1,1,,,,,
2026-08-25,2026-08-25,CM,NSE,STK,13580,INE855R01021,RADIANTCMS,EQ,,,,,RADIANT CASH MGMT SER LTD,36.25,39.01,35.87,38.36,38.48,35.66,,38.36,,,626964,23648721.45,4000,F1,1,,,,,
2026-08-25,2026-08-25,CM,NSE,STK,10990,INE944F01028,RADICO,EQ,,,,,RADICO KHAITAN LTD,4600.0,4651.1,4571.6,4630.0,4630.0,4600.0,,4630.03,,,235847,1090453114.9,18285,F1,1,,,,,
2026-08-25,2026-08-25,CM,NSE,STK,23445,INE430U01019,RADIOWALLA,ST,,,,,RADIOWALLA NETWORK LTD,26.0,26.0,26.0,26.0,26.0,25.5,,26.0,,,17600,457600.0,3,F1,1600,,,,,
2026-08-25,2026-08-25,CM,NSE,STK,24735,INE912T01018,RPEL,EQ,,,,,RAGHAV PRODUCTIVITY ENH L,1669.9,1670.0,1571.0,1603.1,1611.0,1662.4,,1602.94,,,77105,123981935.0,5796,F1,1,,,,,
2026-08-25,2026-08-25,CM,NSE,STK,9552,INE415G01027,RVNL,EQ,,,,,RAIL VIKAS NIGAM LIMITED,221.7,224.1,217.02,218.4,218.4,221.7,,218.4,,,7347704,1612624216.84,57449,F1,1,,,,,
2026-08-25,2026-08-25,CM,NSE,STK,2431,INE0DD101019,RAILTEL,EQ,,,,,RAILTEL CORP OF IND LTD,282.0,287.5,278.5,280.8,280.9,282.05,,280.77,,,676924,189883269.75,11950,F1,1,,,,,
2026-08-25,2026-08-25,CM,NSE,STK,15337,INE855B01025,RAIN,EQ,,,,,RAIN INDUSTRIES LIMITED,213.89,213.89,198.37,200.49,198.7,213.69,,200.47,,,4541406,930244536.23,32875,F1,1,,,,,
2026-08-25,2026-08-25,CM,NSE,STK,9408,INE961O01016,RAINBOW,EQ,,,,,RAINBOW CHILDRENS MED LTD,1465.0,1470.0,1439.1,1445.2,1440.1,1460.1,,1445.09,,,31536,45629718.8,5325,F1,1,,,,,
2026-08-25,2026-08-25,CM,NSE,STK,359,INE294G01026,ROML,EQ,,,,,RAJ OIL MILLS LIMITED,43.32,44.49,40.55,42.72,42.75,43.53,,42.72,,,6300,267266.16,159,F1,1,,,,,
2026-08-25,2026-08-25,CM,NSE,STK,8428,INE533D01032,RAJRILTD,BE,,,,,RAJ RAYON INDUSTRIES LTD,22.38,23.24,22.38,23.21,23.24,22.79,,23.21,,,32946,757786.52,152,F1,1,,,,,
2026-08-25,2026-08-25,CM,NSE,STK,14403,INE952H01027,RAJTV,EQ,,,,,RAJ TV NETWORK LTD,10.68,10.68,10.02,10.2,10.31,10.47,,10.26,,,14064,143474.42,92,F1,1,,,,,
2026-08-25,2026-08-25,CM,NSE,STK,762859,INE296E01026,RAJPALAYAM,EQ,,,,,RAJAPALAYAM MILLS LTD.,819.75,819.75,801.25,816.65,816.65,803.25,,816.65,,,1007,814490.95,99,F1,1,,,,,
2026-08-25,2026-08-25,CM,NSE,STK,181,INE610C01014,ARENTERP,EQ,,,,,RAJDARSHAN INDUSTRIES LTD,36.6,38.0,36.03,36.48,36.13,36.56,,36.48,,,1764,65547.74,21,F1,1,,,,,
2026-08-25,2026-08-25,CM,NSE,STK,760461,INE343B01030,RAJESHEXPO,BZ,,,,,RAJESH EXPORTS LTD,75.01,80.0,75.0,77.27,77.5,77.29,,77.27,,,160719,12338869.85,1895,F1,1,,,,,
2026-08-25,2026-08-25,CM,NSE,STK,19681,INE0BZQ01011,RCDL,SM,,,,,RAJGOR CASTOR DERIVATI L,21.95,22.0,19.1,19.1,19.1,21.2,,19.1,,,30000,614700.0,10,F1,3000,,,,,
2026-08-25,2026-08-25,CM,NSE,STK,2168,INE00KV01022,RAJMET,EQ,,,,,RAJNANDINI METAL LIMITED,3.51,3.65,3.13,3.2,3.19,3.5,,3.2,,,2145804,7061530.94,2094,F1,1,,,,,
2026-08-25,2026-08-25,CM,NSE,STK,757052,INE535F01024,RAJOOENG,BE,,,,,RAJOO ENGINEERS LIMITED,50.25,50.25,49.01,49.53,49.8,49.93,,49.65,,,109323,5420389.94,624,F1,1,,,,,
2026-08-25,2026-08-25,CM,NSE,STK,27269,INE0VHU01019,RAJPUTANA,SM,,,,,RAJPUTANA BIODIESEL LTD,227.7,232.0,225.0,226.55,226.1,224.0,,226.55,,,20000,4576775.0,30,F1,500,,,,,
2026-08-25,2026-08-25,CM,NSE,STK,24707,INE0PCU01012,RAJINDLTD,SM,,,,,RAJPUTANA INDUSTRIES LTD,66.95,67.0,65.7,67.0,67.0,66.9,,67.0,,,18000,1191825.0,12,F1,1500,,,,,
2026-08-25,2026-08-25,CM,NSE,STK,761439,INE313L01016,RSL,EQ,,,,,RAJPUTANA STAINLESS LTD,168.15,174.0,163.05,164.32,163.7,166.99,,164.33,,,435201,72872343.56,3726,F1,1,,,,,
2026-08-25,2026-08-25,CM,NSE,STK,18962,INE451D01029,RAJRATAN,EQ,,,,,RAJRATAN GLOBAL WIRE LTD,488.0,497.0,483.05,489.75,489.2,490.2,,489.75,,,66384,32381923.8,3970,F1,1,,,,,
2026-08-25,2026-08-25,CM,NSE,STK,6915,INE760W01023,RPPL,BE,,,,,RAJSHREE POLYPACK LTD,24.28,24.28,23.1,23.67,24.0,24.28,,23.67,,,25545,600494.66,112,F1,1,,,,,
2026-08-25,2026-08-25,CM,NSE,STK,2809,INE562B01019,RAJSREESUG,EQ,,,,,RAJSHREE SUGAR & CHEMICAL,40.0,40.4,36.76,38.09,38.25,39.68,,38.11,,,210039,8028888.23,1510,F1,1,,,,,
2026-08-25,2026-08-25,CM,NSE,STK,2816,INE613A01020,RALLIS,EQ,,,,,RALLIS INDIA LTD,211.45,214.5,210.1,212.93,212.5,211.32,,212.92,,,854764,181155957.5,32782,F1,1,,,,,
2026-08-25,2026-08-25,CM,NSE,STK,10485,INE207E01023,RAMRAT,EQ,,,,,RAM RATNA WIRES LIMITED,481.85,491.9,477.1,489.55,491.0,485.85,,489.53,,,147204,71618711.25,5543,F1,1,,,,,
2026-08-25,2026-08-25,CM,NSE,STK,10568,INE809A01032,RAMAPHO,EQ,,,,,RAMA PHOSPHATES LIMITED,120.68,127.5,120.68,124.98,124.8,120.74,,124.97,,,71562,8940143.78,1452,F1,1,,,,,
2026-08-25,2026-08-25,CM,NSE,STK,10304,INE230R01035,RAMASTEEL,BE,,,,,RAMA STEEL TUBES LIMITED,4.17,4.17,4.17,4.17,4.17,4.09,,4.16,,,772239,3220236.63,672,F1,1,,,,,
2026-08-25,2026-08-25,CM,NSE,STK,4587,INE614A01028,RAMCOIND,EQ,,,,,RAMCO INDUSTRIES LIMITED,342.4,350.0,342.4,348.85,349.95,341.55,,348.86,,,128667,44560311.25,3628,F1,1,,,,,
2026-08-25,2026-08-25,CM,NSE,STK,7851,INE246B01019,RAMCOSYS,EQ,,,,,RAMCO SYSTEMS LTD.,569.0,569.0,552.0,558.15,558.0,570.05,,558.16,,,115349,64427003.8,5025,F1,1,,,,,
2026-08-25,2026-08-25,CM,NSE,STK,23565,INE0RJH01010,RBS,SM,,,,,RAMDEVBABA SOLVENT LTD,91.0,93.9,91.0,91.25,91.0,89.0,,91.25,,,10400,960280.0,8,F1,800,,,,,
2026-08-25,2026-08-25,CM,NSE,STK,11411,INE399G01023,RKFORGE,EQ,,,,,RAMKRISHNA FORGINGS LTD,726.0,736.15,716.9,721.1,720.05,728.5,,721.1,,,718485,519494322.4,16920,F1,1,,,,,
2026-08-25,2026-08-25,CM,NSE,STK,20134,INE874I01013,RAMKY,EQ,,,,,RAMKY INFRA LTD,379.0,381.9,370.9,372.9,371.05,380.3,,372.93,,,26565,9972649.1,879,F1,1,,,,,
2026-08-25,2026-08-25,CM,NSE,STK,2837,INE625B01014,RANASUG,EQ,,,,,RANA SUGARS LTD.,15.78,16.19,15.01,15.26,15.22,15.92,,15.26,,,892485,13889362.97,2327,F1,1,,,,,
2026-08-25,2026-08-25,CM,NSE,STK,11975,INE050H01012,RML,EQ,,,,,RANE (MADRAS) LIMITED,1169.8,1169.8,1117.2,1133.0,1142.0,1160.8,,1133.11,,,28041,31776482.3,2957,F1,1,,,,,
2026-08-25,2026-08-25,CM,NSE,STK,2844,INE384A01010,RANEHOLDIN,EQ,,,,,RANE HOLDINGS LIMITED,1597.1,1618.7,1583.7,1592.1,1583.9,1613.4,,1592.1,,,2582,4130342.1,531,F1,1,,,,,
2026-08-25,2026-08-25,CM,NSE,STK,30460,INE0QX901013,RAPIDFLEET,SM,,,,,RAPID FLEET MGT SERVICE L,234.0,241.9,212.25,231.1,231.0,201.6,,231.1,,,53400,12525780.0,79,F1,600,,,,,
2026-08-25,2026-08-25,CM,NSE,STK,25610,INE0MVO01012,RAPPID,SM,,,,,RAPPID VALVES (INDIA) LTD,300.05,300.05,299.0,300.0,300.0,298.0,,300.0,,,3600,1079400.0,4,F1,600,,,,,
2026-08-25,2026-08-25,CM,NSE,STK,22670,INE0J1F01024,RPTECH,EQ,,,,,RASHI PERIPHERALS LIMITED,868.35,878.45,703.7,779.45,787.0,867.0,,779.6,,,4681855,3515458227.75,161547,F1,1,,,,,
2026-08-25,2026-08-25,CM,NSE,STK,2866,INE027A01015,RCF,EQ,,,,,RASHTRIYA CHEMICALS & FER,121.0,128.55,120.25,124.47,124.22,119.03,,124.47,,,18100384,2286108986.76,106094,F1,1,,,,,
2026-08-25,2026-08-25,CM,NSE,STK,7177,INE0CLI01024,RATEGAIN,EQ,,,,,RATEGAIN TRAVEL TECHN LTD,965.0,968.95,936.1,946.05,939.5,962.1,,946.19,,,366847,348466011.6,18687,F1,1,,,,,
2026-08-25,2026-08-25,CM,NSE,STK,13451,INE703B01027,RATNAMANI,EQ,,,,,RATNAMANI MET & TUB LTD.,2740.2,2843.9,2665.2,2711.5,2690.0,2697.0,,2711.34,,,1008208,2757938781.9,94908,F1,1,,,,,
2026-08-25,2026-08-25,CM,NSE,STK,18423,INE05CZ01011,RATNAVEER,EQ,,,,,RATNAVEER PRECISION ENG L,274.09,278.0,260.1,263.43,263.0,271.32,,263.44,,,3650858,981251680.03,28075,F1,1,,,,,
2026-08-25,2026-08-25,CM,NSE,STK,27297,INE834M01019,RTNINDIA,EQ,,,,,RATTANINDIA ENT LIMITED,30.06,30.3,30.0,30.01,30.01,30.06,,30.02,,,900343,27048385.96,3448,F1,1,,,,,
2026-08-25,2026-08-25,CM,NSE,STK,17520,INE399K01017,RTNPOWER,EQ,,,,,RATTANINDIA POWER LIMITED,7.88,7.9,7.75,7.82,7.81,7.86,,7.82,,,13453318,105072316.17,14067,F1,1,,,,,
2026-08-25,2026-08-25,CM,NSE,STK,20950,INE722J01012,RKDL,EQ,,,,,RAVI KUMAR DIST. LTD.,17.95,18.9,17.95,18.66,18.01,18.11,,18.66,,,25074,466791.0,144,F1,1,,,,,
2026-08-25,2026-08-25,CM,NSE,STK,1565,INE09E501017,RVHL,EQ,,,,,RAVINDER HEIGHTS LIMITED,40.21,40.94,37.92,40.04,40.59,39.92,,40.04,,,10556,411248.76,182,F1,1,,,,,
2026-08-25,2026-08-25,CM,NSE,STK,24596,INE206N01018,RELTD,EQ,,,,,RAVINDRA ENERGY LIMITED,162.0,163.03,158.28,159.01,160.09,161.4,,159.02,,,119511,19129674.67,2191,F1,1,,,,,
2026-08-25,2026-08-25,CM,NSE,STK,25073,INE02ID01020,RAYMONDLSL,EQ,,,,,RAYMOND LIFESTYLE LIMITED,718.0,723.0,709.05,715.5,715.0,717.15,,715.5,,,196559,140827572.7,8510,F1,1,,,,,
2026-08-25,2026-08-25,CM,NSE,STK,2859,INE301A01014,RAYMOND,EQ,,,,,RAYMOND LTD,632.0,638.4,618.05,627.2,627.9,632.2,,627.09,,,394760,246613292.15,16606,F1,1,,,,,
2026-08-25,2026-08-25,CM,NSE,STK,758551,INE1SY401010,RAYMONDREL,EQ,,,,,RAYMOND REALTY LIMITED,593.0,593.0,573.95,577.3,579.7,593.15,,577.33,,,125301,72920949.25,3540,F1,1,,,,,
2026-08-25,2026-08-25,CM,NSE,STK,18391,INE976G01028,RBLBANK,EQ,,,,,RBL BANK LIMITED,387.65,389.4,380.6,384.0,384.0,388.0,,384.04,,,1504350,578283961.75,23292,F1,1,,,,,
2026-08-25,2026-08-25,CM,NSE,STK,13570,INE0NA301016,RBMINFRA,SM,,,,,RBM INFRACON LIMITED,245.5,247.5,242.1,246.65,247.5,247.8,,246.65,,,7800,1904640.0,36,F1,200,,,,,
2026-08-25,2026-08-25,CM,NSE,STK,20874,INE0PEQ01016,RBZJEWEL,EQ,,,,,RBZ JEWELLERS LIMITED,144.65,145.49,140.2,142.02,141.95,144.65,,142.1,,,79577,11362090.02,1156,F1,1,,,,,
2026-08-25,2026-08-25,CM,NSE,STK,764850,INE0AK901016,RRECL,EQ,,,,,RDB REAL ESTATE CONS L,133.0,139.0,133.0,139.0,139.0,139.0,,140.0,,,54,7319.02,7,F1,1,,,,,
2026-08-25,2026-08-25,CM,NSE,STK,29561,INE10QL01011,READYMIX,SM,,,,,READYMIX CONSTRU MACHI L,96.0,96.0,88.3,92.15,91.35,93.9,,92.15,,,58000,5334200.0,39,F1,1000,,,,,
2026-08-25,2026-08-25,CM,NSE,STK,15355,INE020B01018,RECLTD,EQ,,,,,REC LIMITED,327.9,329.0,323.45,326.0,326.0,327.9,,326.0,,,4219283,1377508579.5,34327,F1,1,,,,,
2026-08-25,2026-08-25,CM,NSE,STK,14255,INE891D01026,REDINGTON,EQ,,,,,REDINGTON LIMITED,365.9,366.5,350.15,352.65,351.5,365.1,,352.64,,,4487821,1601297545.75,78718,F1,1,,,,,
2026-08-25,2026-08-25,CM,NSE,STK,17859,INE0LXT01019,REDTAPE,EQ,,,,,REDTAPE LIMITED,121.9,122.68,120.35,120.89,121.3,121.95,,120.89,,,267828,32498865.25,5717,F1,1,,,,,
2026-08-25,2026-08-25,CM,NSE,STK,17764,INE056I01025,REFEX,EQ,,,,,REFEX INDUSTRIES LIMITED,292.3,299.5,285.85,290.0,288.1,286.45,,290.06,,,498666,145016777.85,9772,F1,1,,,,,
2026-08-25,2026-08-25,CM,NSE,STK,23718,INE0TNX01015,REFRACTORY,SM,,,,,REFRACTORY SHAPES LIMITED,27.4,27.4,27.35,27.4,27.4,26.1,,27.4,,,4000,109550.0,4,F1,1000,,,,,
2026-08-25,2026-08-25,CM,NSE,STK,758680,INE0MHO01029,REGAAL,EQ,,,,,REGAAL RESOURCES LIMITED,95.02,96.4,93.61,95.13,95.94,95.02,,95.12,,,301056,28507535.26,2093,F1,1,,,,,
2026-08-25,2026-08-25,CM,NSE,STK,4130,INE277C01012,REGENCERAM,EQ,,,,,REGENCY CERAMICS LTD.,34.0,34.8,32.51,33.61,33.87,33.93,,33.61,,,8689,293327.5,82,F1,1,,,,,
2026-08-25,2026-08-25,CM,NSE,STK,24225,INE131B01039,RELAXO,EQ,,,,,RELAXO FOOT LTD.,377.55,378.4,365.55,368.55,367.5,377.55,,368.56,,,194239,71933387.8,8820,F1,1,,,,,
2026-08-25,2026-08-25,CM,NSE,STK,3172,INF204KC1030,GILT5YBEES,EQ,,,,,RELCAPAMC - NETFGILT5Y,66.01,66.33,66.01,66.25,66.33,66.16,,66.25,,,150539,9967314.87,504,F1,1,,,,,
2026-08-25,2026-08-25,CM,NSE,STK,24378,INE375Y01018,RELIABLE,EQ,,,,,RELIABLE DATA SERVICE LTD,140.0,142.2,136.82,141.76,141.9,142.19,,141.82,,,39296,5514041.31,624,F1,1,,,,,
2026-08-25,2026-08-25,CM,NSE,STK,9652,INE750D01016,RELCHEMQ,EQ,,,,,RELIANCE CHEMOTEX IND LTD,114.5,114.5,111.1,112.7,114.0,113.34,,112.7,,,1747,198230.88,94,F1,1,,,,,
2026-08-25,2026-08-25,CM,NSE,STK,13188,INE330H01018,RCOM,BE,,,,,RELIANCE COMMUNICATIONS L,0.82,0.82,0.81,0.81,0.82,0.81,,0.81,,,2408108,1961177.83,1654,F1,1,,,,,
2026-08-25,2026-08-25,CM,NSE,STK,759204,INE217K01011,RHFL,BZ,,,,,RELIANCE HOME FINANCE LTD,1.86,1.94,1.86,1.89,1.88,1.85,,1.88,,,894701,1706406.55,1035,F1,1,,,,,
2026-08-25,2026-08-25,CM,NSE,STK,2912,INE046A01015,RIIL,EQ,,,,,RELIANCE INDUSTRIAL INFRA,777.0,777.0,757.0,763.55,763.1,774.95,,763.59,,,47300,36197729.35,2843,F1,1,,,,,
2026-08-25,2026-08-25,CM,NSE,STK,2885,INE002A01018,RELIANCE,EQ,,,,,RELIANCE INDUSTRIES LTD,1304.3,1317.1,1300.0,1317.0,1317.0,1309.8,,1316.95,,,7115355,9291891624.7,104584,F1,1,,,,,
2026-08-25,2026-08-25,CM,NSE,STK,4791,INE036A01016,RELINFRA,BE,,,,,RELIANCE INFRASTRUCTU LTD,62.73,62.73,61.48,61.48,61.48,62.73,,61.48,,,231698,14311331.8,1566,F1,1,,,,,
2026-08-25,2026-08-25,CM,NSE,STK,15259,INE614G01033,RPOWER,EQ,,,,,RELIANCE POWER LTD.,23.0,23.09,22.59,22.7,22.71,23.09,,22.7,,,12115326,275076064.93,25103,F1,1,,,,,
2026-08-25,2026-08-25,CM,NSE,STK,765330,INF205KA1CB9,IVZBANKNF,EQ,,,,,RELIGARAMC - IVZBANKNF,57.33,57.45,57.26,57.44,57.44,57.41,,57.44,,,453,25969.99,11,F1,1,,,,,
2026-08-25,2026-08-25,CM,NSE,STK,765327,INF205KA1CA1,IVZSENSEX,EQ,,,,,RELIGARAMC - IVZSENSEX,75.54,77.45,75.54,77.45,77.45,77.45,,77.45,,,1950,149736.64,19,F1,1,,,,,
2026-08-25,2026-08-25,CM,NSE,STK,15068,INE621H01010,RELIGARE,EQ,,,,,RELIGARE ENTER. LTD.,227.6,231.25,226.85,228.45,228.5,226.95,,228.45,,,1337984,307174895.05,11360,F1,1,,,,,
2026-08-25,2026-08-25,CM,NSE,STK,3965,INE474C01023,REMSONSIND,EQ,,,,,REMSONS INDUSTRIES LTD,81.6,84.0,81.11,81.47,81.78,82.56,,81.47,,,70482,5792106.5,1542,F1,1,,,,,
2026-08-25,2026-08-25,CM,NSE,STK,16154,INE0O5T01011,REMUS,SM,,,,,REMUS PHARMACEUTICALS L,929.0,931.0,920.0,921.0,920.0,927.3,,921.0,,,5300,4918690.0,38,F1,100,,,,,
2026-08-25,2026-08-25,CM,NSE,STK,15129,INE722H01024,RGL,EQ,,,,,RENAISSANCE GLOBAL LTD,131.76,134.4,130.0,132.87,132.3,132.32,,132.87,,,243323,32224711.66,3744,F1,1,,,,,
2026-08-25,2026-08-25,CM,NSE,STK,758157,INE0VZX01015,RNPL,SM,,,,,RENOL POLYCHEM LIMITED,81.0,81.75,77.65,77.65,77.65,81.7,,77.65,,,10800,860880.0,9,F1,1200,,,,,
2026-08-25,2026-08-25,CM,NSE,STK,29598,INE612J01015,REPCOHOME,EQ,,,,,REPCO HOME FINANCE LTD,353.55,355.55,350.7,354.7,353.8,350.7,,354.7,,,58832,20796910.4,2131,F1,1,,,,,
2026-08-25,2026-08-25,CM,NSE,STK,13126,INE461B01014,REPRO,EQ,,,,,REPRO INDIA LIMITED,313.95,314.0,309.0,310.3,311.5,311.95,,310.3,,,14648,4551323.25,544,F1,1,,,,,
2026-08-25,2026-08-25,CM,NSE,STK,20323,INE688D01026,RESPONIND,EQ,,,,,RESPONSIVE INDUSTRIES LTD,154.01,158.8,153.1,153.71,153.1,154.67,,153.71,,,53730,8313870.31,1781,F1,1,,,,,
2026-08-25,2026-08-25,CM,NSE,STK,1494,INE07T201019,RBA,EQ,,,,,RESTAURANT BRAND ASIA LTD,106.9,108.0,104.14,106.31,106.3,106.45,,106.31,,,4022267,426912989.59,18577,F1,1,,,,,
2026-08-25,2026-08-25,CM,NSE,STK,25157,INE0DAB01012,RVTH,EQ,,,,,REVATHI EQUIPMENT INDIA L,731.15,743.9,730.0,730.65,730.0,732.95,,730.65,,,1458,1065940.6,34,F1,1,,,,,
2026-08-25,2026-08-25,CM,NSE,STK,29270,INE113601012,REXPRO,SM,,,,,REXPRO ENTERPRISES LTD,37.1,37.8,36.9,36.9,36.9,38.8,,36.9,,,15000,557700.0,14,F1,1000,,,,,
2026-08-25,2026-08-25,CM,NSE,STK,759062,INE0KKN01029,RHETAN,EQ,,,,,RHETAN TMT LIMITED,22.16,22.25,20.4,21.85,21.81,21.81,,21.85,,,13603295,296453280.34,24446,F1,1,,,,,
2026-08-25,2026-08-25,CM,NSE,STK,31163,INE743M01012,RHIM,EQ,,,,,RHI MAGNESITA INDIA LTD,376.0,376.5,365.85,370.2,370.0,374.6,,370.2,,,402120,148935317.1,10490,F1,1,,,,,
2026-08-25,2026-08-25,CM,NSE,STK,8212,INE0J1P01015,RICHA,ST,,,,,RICHA INFO SYSTEMS LTD,80.5,80.5,80.5,80.5,80.5,84.55,,80.5,,,1000,80500.0,1,F1,1000,,,,,
2026-08-25,2026-08-25,CM,NSE,STK,2909,INE209B01025,RICOAUTO,EQ,,,,,RICO AUTO INDUSTRIES LTD,127.74,128.68,125.16,127.89,127.9,127.17,,127.89,,,986145,125172075.88,9348,F1,1,,,,,
2026-08-25,2026-08-25,CM,NSE,STK,764121,INE302D01024,RIR,EQ,,,,,RIR POWER ELECTRONICS L,165.39,166.88,162.17,162.92,162.99,164.17,,162.91,,,77109,12562926.98,1561,F1,1,,,,,
2026-08-25,2026-08-25,CM,NSE,STK,18417,INE0N2P01017,RISHABH,EQ,,,,,RISHABH INSTRUMENTS LTD,696.9,704.1,681.1,688.55,685.15,699.55,,688.55,,,133969,92658801.75,6678,F1,1,,,,,
2026-08-25,2026-08-25,CM,NSE,STK,8944,INE01EG01016,RITCO,EQ,,,,,RITCO LOGISTICS LIMITED,315.0,321.85,308.8,316.25,317.0,314.95,,316.24,,,74455,23489981.3,2507,F1,1,,,,,
2026-08-25,2026-08-25,CM,NSE,STK,11910,INE0MRA01019,RITEZONE,SM,,,,,RITE ZONE CHEMCON IND LTD,17.35,17.35,16.75,17.05,16.75,17.4,,17.05,,,3200,54560.0,2,F1,1600,,,,,
2026-08-25,2026-08-25,CM,NSE,STK,3761,INE320J01015,RITES,EQ,,,,,RITES LIMITED,220.14,222.99,217.07,217.69,217.85,220.14,,217.69,,,312485,68375153.81,8412,F1,1,,,,,
2026-08-25,2026-08-25,CM,NSE,STK,1547,INE786W01010,RKEC,EQ,,,,,RKEC PROJECTS LIMITED,23.79,23.79,22.01,22.25,22.11,22.97,,22.25,,,33786,766794.99,415,F1,1,,,,,
2026-08-25,2026-08-25,CM,NSE,STK,762346,INE655V01019,RMC,EQ,,,,,RMC SWITCHGEARS LIMITED,252.95,255.0,249.55,253.5,254.7,251.5,,253.53,,,15049,3803746.95,707,F1,1,,,,,
2026-08-25,2026-08-25,CM,NSE,STK,24589,INE0SA001017,RNFI,SM,,,,,RNFI SERVICES LIMITED,277.0,287.0,270.15,283.2,287.0,274.95,,283.2,,,34800,9685290.0,51,F1,600,,,,,
2026-08-25,2026-08-25,CM,NSE,STK,15157,INE508K01013,RHL,EQ,,,,,ROBUST HOTELS LIMITED,167.25,170.5,166.26,167.14,167.11,169.0,,167.14,,,1457,243513.2,22,F1,1,,,,,
2026-08-25,2026-08-25,CM,NSE,STK,20289,INE0PTR01012,ROCKINGDCE,SM,,,,,ROCKINGDEALS CIRCU ECO L,229.1,244.6,227.0,238.9,242.9,224.05,,238.9,,,27500,6456712.5,77,F1,250,,,,,
2026-08-25,2026-08-25,CM,NSE,STK,5279,INE645S01024,ROLEXRINGS,EQ,,,,,ROLEX RINGS LIMITED,182.0,185.88,179.42,182.42,182.65,181.19,,182.39,,,1474731,270647308.92,20288,F1,1,,,,,
2026-08-25,2026-08-25,CM,NSE,STK,19108,INE927A01040,ROLLT,BE,,,,,ROLLATAINERS LIMITED,4.01,4.01,4.01,4.01,4.01,3.82,,4.01,,,617675,2476876.75,220,F1,1,,,,,
2026-08-25,2026-08-25,CM,NSE,STK,19410,INE02A801020,ROSSARI,EQ,,,,,ROSSARI BIOTECH LIMITED,500.35,507.0,496.0,503.35,504.9,499.35,,503.22,,,58703,29434245.5,6011,F1,1,,,,,
2026-08-25,2026-08-25,CM,NSE,STK,28913,INE847C01020,ROSSELLIND,EQ,,,,,ROSSELL INDIA LIMITED,56.8,59.84,56.03,57.31,57.1,56.77,,57.27,,,83158,4814840.52,2107,F1,1,,,,,
2026-08-25,2026-08-25,CM,NSE,STK,27353,INE0OJW01016,ROSSTECH,EQ,,,,,ROSSELL TECHSYS LIMITED,1061.75,1061.75,1035.0,1050.35,1057.7,1053.65,,1050.29,,,91136,95406661.0,5656,F1,1,,,,,
2026-08-25,2026-08-25,CM,NSE,STK,9049,INE535D01037,ROTO,EQ,,,,,ROTO PUMPS LIMITED,64.35,65.8,63.75,65.4,65.75,64.28,,65.4,,,305220,19675049.7,2164,F1,1,,,,,
2026-08-25,2026-08-25,CM,NSE,STK,128,INE450U01017,ROUTE,EQ,,,,,ROUTE MOBILE LIMITED,494.25,512.5,486.65,507.6,507.45,493.25,,507.6,,,441857,222769283.6,13622,F1,1,,,,,
2026-08-25,2026-08-25,CM,NSE,STK,20167,INE0PDJ01013,ROXHITECH,SM,,,,,ROX HI TECH LIMITED,52.0,52.0,50.95,50.95,50.95,51.75,,50.95,,,14400,737600.0,9,F1,1600,,,,,
2026-08-25,2026-08-25,CM,NSE,STK,29727,INE0EO401019,ROYALARC,SM,,,,,ROYAL ARC ELECTRODES LTD,182.0,182.0,181.0,181.0,181.0,182.0,,181.0,,,7200,1306800.0,4,F1,1200,,,,,
2026-08-25,2026-08-25,CM,NSE,STK,13182,INE283H01019,ROHLTD,EQ,,,,,ROYAL ORCHID HOTELS LTD,315.0,315.0,302.05,303.7,303.5,305.9,,303.71,,,27632,8426308.35,842,F1,1,,,,,
2026-08-25,2026-08-25,CM,NSE,STK,16725,INE105J01010,RPGLIFE,EQ,,,,,RPG LIFE SCIENCES LTD,2640.0,2647.6,2560.0,2584.5,2565.1,2623.4,,2584.26,,,9912,25576617.1,2044,F1,1,,,,,
2026-08-25,2026-08-25,CM,NSE,STK,8119,INE425Y01011,RPSGVENT,EQ,,,,,RPSG VENTURES LIMITED,865.0,871.45,858.75,865.5,863.25,863.35,,865.49,,,10798,9347516.25,787,F1,1,,,,,
2026-08-25,2026-08-25,CM,NSE,STK,7292,INE611A01016,RSWM,BE,,,,,RSWM LIMITED,196.05,202.45,195.38,199.34,199.25,195.69,,199.34,,,26302,5240970.16,144,F1,1,,,,,
2026-08-25,2026-08-25,CM,NSE,STK,24730,INE642C01025,RUBFILA,EQ,,,,,RUBFILA INTERNATIONAL LTD,66.59,67.8,64.96,65.43,66.0,66.25,,65.51,,,45279,3001574.38,537,F1,1,,,,,
2026-08-25,2026-08-25,CM,NSE,STK,759316,INE506V01022,RUBICON,EQ,,,,,RUBICON RESEARCH LIMITED,1776.1,1799.8,1695.2,1708.8,1699.0,1776.1,,1708.64,,,429723,752217422.8,32062,F1,1,,,,,
2026-08-25,2026-08-25,CM,NSE,STK,4566,INE413B01023,RUCHINFRA,EQ,,,,,RUCHI INFRASTRUCTURE LTD,5.88,5.89,5.61,5.7,5.69,5.76,,5.7,,,44216,252245.86,221,F1,1,,,,,
2026-08-25,2026-08-25,CM,NSE,STK,13821,INE803H01014,RUCHIRA,EQ,,,,,RUCHIRA PAPERS LIMITED,103.0,103.89,102.11,103.45,103.83,102.88,,103.45,,,13695,1415162.15,405,F1,1,,,,,
2026-08-25,2026-08-25,CM,NSE,STK,760392,INE027T01023,RUDRA,EQ,,,,,RUDRA GLOBAL INFRA PROD L,21.17,22.86,21.11,21.16,21.11,21.66,,21.18,,,263526,5687502.89,604,F1,1,,,,,
2026-08-25,2026-08-25,CM,NSE,STK,1486,INE364Z01019,REPL,BE,,,,,RUDRABHISHEK ENTERP LTD,61.47,65.0,61.47,63.35,63.75,63.51,,63.35,,,1790,113822.63,46,F1,1,,,,,
2026-08-25,2026-08-25,CM,NSE,STK,23830,INE0R7301013,RULKA,SM,,,,,RULKA ELECTRICALS LIMITED,108.0,108.0,108.0,108.0,108.0,106.2,,108.0,,,900,97200.0,3,F1,300,,,,,
2026-08-25,2026-08-25,CM,NSE,STK,25724,INE895B01021,RUPA,EQ,,,,,RUPA & COMPANY LTD,152.4,154.23,150.0,150.59,150.15,151.82,,150.6,,,69161,10456497.9,3026,F1,1,,,,,
2026-08-25,2026-08-25,CM,NSE,STK,24595,INE573K01025,RUSHIL,EQ,,,,,RUSHIL DECOR LIMITED,17.09,17.09,16.7,16.78,16.75,16.96,,16.78,,,263367,4433806.09,758,F1,1,,,,,
2026-08-25,2026-08-25,CM,NSE,STK,764860,INE137M01017,SAB,EQ,,,,,S A B INDUSTRIES LTD.,178.5,178.5,170.0,172.0,172.0,178.5,,172.0,,,174,29745.5,6,F1,1,,,,,
2026-08-25,2026-08-25,CM,NSE,STK,24674,INE0BSN01013,SATECH,SM,,,,,S A TECH SOFTWARE INDIA L,32.9,32.9,32.9,32.9,32.9,32.85,,32.9,,,1000,32900.0,1,F1,1000,,,,,
2026-08-25,2026-08-25,CM,NSE,STK,20698,INE807K01035,SCHAND,EQ,,,,,S CHAND AND COMPANY LTD,137.33,137.33,134.48,135.86,136.3,136.06,,135.84,,,26805,3626636.92,851,F1,1,,,,,
2026-08-25,2026-08-25,CM,NSE,STK,25528,INE0X6F01017,SDREAMS,SM,,,,,S D RETAIL LIMITED,78.05,81.6,78.05,81.6,81.6,82.0,,81.6,,,6000,478750.0,5,F1,1000,,,,,
2026-08-25,2026-08-25,CM,NSE,STK,11212,INE500L01026,SHK,EQ,,,,,S H KELKAR AND CO. LTD.,154.6,156.21,151.11,153.73,153.44,154.6,,153.73,,,253208,38906678.49,5645,F1,1,,,,,
2026-08-25,2026-08-25,CM,NSE,STK,20542,INE0F3301020,SJLOGISTIC,SM,,,,,S J LOGISTICS (INDIA) LTD,356.6,360.1,348.0,349.7,348.0,356.6,,349.7,,,40500,14356775.0,127,F1,250,,,,,
2026-08-25,2026-08-25,CM,NSE,STK,764940,INE159L01013,SVGLOBAL,EQ,,,,,S V GLOBAL MILL LTD.,118.0,120.6,118.0,119.4,118.0,118.0,,121.14,,,360,42725.68,8,F1,1,,,,,
2026-08-25,2026-08-25,CM,NSE,STK,2951,INE902B01017,S&SPOWER,EQ,,,,,S&S POWER SWITCHGEARS LTD,349.65,361.55,335.0,339.45,336.1,328.7,,339.45,,,38194,13427812.05,1238,F1,1,,,,,
2026-08-25,2026-08-25,CM,NSE,STK,18252,INE212I01016,SPAL,EQ,,,,,S. P. APPARELS LIMITED,948.0,954.75,867.8,949.8,948.1,941.35,,949.76,,,53490,50238318.9,5568,F1,1,,,,,
2026-08-25,2026-08-25,CM,NSE,STK,11634,INE658G01014,SALSTEEL,EQ,,,,,S.A.L. STEEL LTD.,78.0,78.9,73.21,74.49,74.79,77.06,,74.36,,,1183424,89114520.94,8008,F1,1,,,,,
2026-08-25,2026-08-25,CM,NSE,STK,19112,INE0PSK01027,SAAKSHI,ST,,,,,SAAKSHI MEDTEC N PANELS L,291.05,291.05,285.0,289.0,289.0,297.9,,289.0,,,6000,1727580.0,9,F1,600,,,,,
2026-08-25,2026-08-25,CM,NSE,STK,759057,INE13B501022,SAATVIKGL,EQ,,,,,SAATVIK GREEN ENERGY LTD,418.0,425.85,415.0,421.85,421.95,421.6,,421.84,,,45727,19208120.05,1614,F1,1,,,,,
2026-08-25,2026-08-25,CM,NSE,STK,10982,INE0DZ101013,SABAR,SM,,,,,SABAR FLEX INDIA LIMITED,7.0,7.6,7.0,7.55,7.6,7.25,,7.55,,,70000,508750.0,14,F1,5000,,,,,
2026-08-25,2026-08-25,CM,NSE,STK,757409,INE1ARD01016,SACHEEROME,SM,,,,,SACHEEROME LIMITED,488.4,497.45,485.45,490.0,490.0,482.75,,490.0,,,13500,6616485.0,38,F1,300,,,,,
2026-08-25,2026-08-25,CM,NSE,STK,13236,INE226H01026,SADBHAV,EQ,,,,,SADBHAV ENGINEERING LTD,8.14,8.16,7.92,8.08,8.14,8.09,,8.08,,,142079,1145555.11,324,F1,1,,,,,
2026-08-25,2026-08-25,CM,NSE,STK,10622,INE764L01010,SADBHIN,BE,,,,,SADBHAV INFRA PROJ LTD.,2.65,2.71,2.55,2.57,2.63,2.68,,2.57,,,235532,614556.06,167,F1,1,,,,,
2026-08-25,2026-08-25,CM,NSE,STK,15349,INE888C01040,SADHNANIQ,BE,,,,,SADHANA NITROCHEM LIMITED,2.92,2.92,2.9,2.9,2.9,2.95,,2.92,,,1160865,3378879.24,450,F1,1,,,,,
2026-08-25,2026-08-25,CM,NSE,STK,22897,INE0K5H01010,SADHAV,SM,,,,,SADHAV SHIPPING LIMITED,114.5,116.5,114.0,114.7,114.7,114.5,,114.7,,,9000,1034670.0,14,F1,600,,,,,
2026-08-25,2026-08-25,CM,NSE,STK,13035,INE429E01023,SAFARI,EQ,,,,,SAFARI IND (INDIA) LTD,1495.1,1506.0,1482.0,1501.8,1504.4,1495.1,,1501.64,,,19160,28680215.6,3819,F1,1,,,,,
2026-08-25,2026-08-25,CM,NSE,STK,757583,INE17D601016,SAFEENTP,SM,,,,,SAFE ENTER RETAIL FIX LTD,247.05,254.9,247.05,248.35,247.05,249.95,,248.35,,,18500,4613025.0,30,F1,500,,,,,
2026-08-25,2026-08-25,CM,NSE,STK,14068,INE229C01021,SAGCEM,EQ,,,,,SAGAR CEMENTS LIMITED,166.51,166.51,161.6,163.39,162.5,165.33,,163.4,,,36996,6065559.07,2235,F1,1,,,,,
2026-08-25,2026-08-25,CM,NSE,STK,8175,INE976T01013,SAGARDEEP,EQ,,,,,SAGARDEEP ALLOYS LIMITED,24.35,24.35,23.41,23.66,23.7,23.88,,23.66,,,18399,435300.56,86,F1,1,,,,,
2026-08-25,2026-08-25,CM,NSE,STK,27052,INE0W2G01015,SAGILITY,EQ,,,,,SAGILITY LIMITED,43.24,44.0,42.79,43.02,43.35,43.23,,43.02,,,15162360,658336552.46,30961,F1,1,,,,,
2026-08-25,2026-08-25,CM,NSE,STK,24478,INE0P4701011,SAHAJSOLAR,SM,,,,,SAHAJ SOLAR LIMITED,103.2,105.0,101.05,102.8,105.0,103.2,,102.8,,,10000,1025780.0,25,F1,400,,,,,
2026-08-25,2026-08-25,CM,NSE,STK,16711,INE0LEX01011,SAHANA,SM,,,,,SAHANA SYSTEM LIMITED,893.0,929.9,888.4,920.35,925.0,892.85,,920.35,,,57600,52849507.5,226,F1,150,,,,,
2026-08-25,2026-08-25,CM,NSE,STK,25671,INE0RBQ01018,SAHASRA,ST,,,,,SAHASRA ELECTRONIC SOLU L,320.85,320.85,310.3,313.0,314.0,320.4,,313.0,,,14400,4512920.0,36,F1,400,,,,,
2026-08-25,2026-08-25,CM,NSE,STK,14900,INE280H01015,SAHYADRI,EQ,,,,,SAHYADRI INDUSTRIES LTD,354.95,359.25,337.85,346.0,344.75,351.25,,346.02,,,16770,5802684.1,1446,F1,1,,,,,
2026-08-25,2026-08-25,CM,NSE,STK,764865,INE531X01018,SAICAPI,EQ,,,,,SAI CAPITAL LTD.,150.07,153.0,150.0,153.0,153.0,147.13,,153.0,,,257,39285.07,14,F1,1,,,,,
2026-08-25,2026-08-25,CM,NSE,STK,27839,INE570L01029,SAILIFE,EQ,,,,,SAI LIFE SCIENCES LIMITED,1439.0,1459.0,1420.3,1455.5,1457.0,1435.9,,1455.46,,,183271,263582511.6,10005,F1,1,,,,,
2026-08-25,2026-08-25,CM,NSE,STK,761675,INE0H9F01037,SAIPARENT,EQ,,,,,SAI PARENTERALS LIMITED,525.05,531.95,518.3,527.9,530.0,528.75,,527.81,,,82571,43269663.0,3417,F1,1,,,,,
2026-08-25,2026-08-25,CM,NSE,STK,18755,INE438K01021,KALAMANDIR,EQ,,,,,SAI SILKS (KALAMANDIR) L,88.45,88.86,86.7,86.9,87.3,88.37,,86.9,,,452209,39585174.0,3238,F1,1,,,,,
2026-08-25,2026-08-25,CM,NSE,STK,764880,INE068B01017,SEKURITIND,EQ,,,,,SAINT GOBAIN SEKUR IND L,118.01,119.49,117.0,117.07,117.4,118.4,,116.82,,,12340,1452556.76,154,F1,1,,,,,
2026-08-25,2026-08-25,CM,NSE,STK,25715,INE00MT01022,SAJHOTELS,ST,,,,,SAJ HOTELS LIMITED,39.9,39.9,39.9,39.9,39.9,42.0,,39.9,,,6000,239400.0,3,F1,2000,,,,,
2026-08-25,2026-08-25,CM,NSE,STK,9539,INE732S01012,SAKAR,EQ,,,,,SAKAR HEALTHCARE LIMITED,900.0,920.0,872.3,884.85,885.05,899.5,,884.85,,,77175,69074310.45,5824,F1,1,,,,,
2026-08-25,2026-08-25,CM,NSE,STK,11794,INE667G01023,SAKSOFT,EQ,,,,,SAKSOFT LIMITED,163.25,163.25,159.0,159.59,159.95,162.13,,159.6,,,237329,37998343.76,3877,F1,1,,,,,
2026-08-25,2026-08-25,CM,NSE,STK,2969,INE623A01011,SAKHTISUG,EQ,,,,,SAKTHI SUGARS LTD,22.0,22.57,21.0,21.73,21.7,22.4,,21.73,,,522797,11324527.09,1928,F1,1,,,,,
2026-08-25,2026-08-25,CM,NSE,STK,13251,INE190H01024,SAKUMA,EQ,,,,,SAKUMA EXPORTS LIMITED,1.49,1.63,1.48,1.63,1.63,1.49,,1.63,,,1781040,2805089.62,1105,F1,1,,,,,
2026-08-25,2026-08-25,CM,NSE,STK,21362,INE170V01027,SALASAR,EQ,,,,,SALASAR TECHNO ENGG. LTD.,5.87,5.96,5.85,5.91,5.93,5.87,,5.91,,,2047870,12112909.29,1962,F1,1,,,,,
2026-08-25,2026-08-25,CM,NSE,STK,17351,INE498E01010,SALONA,EQ,,,,,SALONA COTSPIN LTD.,265.0,274.99,265.0,270.09,273.88,268.37,,270.09,,,1198,323780.54,56,F1,1,,,,,
2026-08-25,2026-08-25,CM,NSE,STK,11399,INE457F01013,SALZERELEC,EQ,,,,,SALZER ELECTRONICS LTD,569.9,574.45,558.55,564.45,564.05,569.45,,564.43,,,46859,26480260.35,2037,F1,1,,,,,
2026-08-25,2026-08-25,CM,NSE,STK,756851,INE124101010,SAMAY,ST,,,,,SAMAY PROJECT SERVICES L,46.0,46.0,44.05,44.9,44.25,44.0,,44.9,,,36000,1627000.0,9,F1,4000,,,,,
2026-08-25,2026-08-25,CM,NSE,STK,764870,INE304D01012,SAMBANDAM,EQ,,,,,SAMBANDAM SPINNING MILL L,146.9,147.0,133.9,134.14,135.0,144.09,,134.14,,,7466,1031085.8,146,F1,1,,,,,
2026-08-25,2026-08-25,CM,NSE,STK,4127,INE699B01027,SAMBHAAV,EQ,,,,,SAMBHAAV MEDIA LTD,6.68,6.68,6.21,6.34,6.27,6.3,,6.34,,,17204,108375.51,62,F1,1,,,,,
2026-08-25,2026-08-25,CM,NSE,STK,757767,INE12NJ01018,SAMBHV,EQ,,,,,SAMBHV STEEL TUBES LTD,130.9,132.89,127.63,128.66,129.0,131.18,,128.66,,,809463,105088154.99,7592,F1,1,,,,,
2026-08-25,2026-08-25,CM,NSE,STK,21096,INE0PZA01015,SAIFL,SM,,,,,SAMEERA AGRO AND INFRA L,5.05,5.15,5.0,5.1,5.15,5.05,,5.1,,,184000,932800.0,33,F1,4000,,,,,
2026-08-25,2026-08-25,CM,NSE,STK,18614,INE08U801020,SAMHI,EQ,,,,,SAMHI HOTELS LIMITED,160.0,160.28,158.0,158.74,159.4,159.58,,158.73,,,654035,103932055.06,13279,F1,1,,,,,
2026-08-25,2026-08-25,CM,NSE,STK,30125,INE148I01020,SAMMAANCAP,EQ,,,,,SAMMAAN CAPITAL LIMITED,150.0,150.66,149.0,149.97,150.24,149.4,,149.97,,,3834063,573922751.43,15934,F1,1,,,,,
2026-08-25,2026-08-25,CM,NSE,STK,27303,INE735M01018,SAMPANN,EQ,,,,,SAMPANN UTPADAN INDIA LTD,26.05,26.99,25.75,26.47,26.1,26.05,,26.47,,,54823,1450736.41,255,F1,1,,,,,
2026-08-25,2026-08-25,CM,NSE,STK,4204,INE775A01035,MOTHERSON,EQ,,,,,SAMVRDHNA MTHRSN INTL LTD,167.61,168.28,164.81,166.45,166.45,169.0,,166.43,,,8705147,1444614823.39,52584,F1,1,,,,,
2026-08-25,2026-08-25,CM,NSE,STK,28805,INE0JPD01013,SANATHAN,EQ,,,,,SANATHAN TEXTILES LIMITED,447.3,460.0,447.25,451.6,460.0,448.7,,451.6,,,13848,6258163.85,1280,F1,1,,,,,
2026-08-25,2026-08-25,CM,NSE,STK,2988,INE583B01015,SANDESH,EQ,,,,,SANDESH LTD,1052.4,1052.4,1014.0,1022.05,1028.55,1034.15,,1022.04,,,913,936322.55,152,F1,1,,,,,
2026-08-25,2026-08-25,CM,NSE,STK,2397,INE278H01035,SANDHAR,EQ,,,,,SANDHAR TECHNOLOGIES LTD,681.9,696.35,673.0,679.0,677.0,680.6,,678.98,,,175272,119654119.5,7437,F1,1,,,,,
2026-08-25,2026-08-25,CM,NSE,STK,18359,INE149K01016,SANDUMA,EQ,,,,,SANDUR MANG & IRON ORES L,203.82,207.73,203.58,205.1,205.0,205.21,,205.1,,,736690,151479916.85,12789,F1,1,,,,,
2026-08-25,2026-08-25,CM,NSE,STK,4184,INE495C01010,SANGAMIND,EQ,,,,,SANGAM (INDIA) LTD,565.8,569.9,558.65,564.1,561.2,561.6,,564.1,,,19179,10811275.2,1063,F1,1,,,,,
2026-08-25,2026-08-25,CM,NSE,STK,18035,INE0OVI01010,SANGANI,SM,,,,,SANGANI HOSPITALS LIMITED,52.15,52.15,52.15,52.15,52.15,54.85,,52.15,,,1500,78225.0,1,F1,1500,,,,,
2026-08-25,2026-08-25,CM,NSE,STK,14058,INE989A01032,SANGHVIMOV,EQ,,,,,SANGHVI MOVERS LTD,467.8,471.95,448.6,458.4,459.0,466.05,,458.54,,,499082,227620665.85,17709,F1,1,,,,,
2026-08-25,2026-08-25,CM,NSE,STK,11033,INE753W01010,SANGINITA,BE,,,,,SANGINITA CHEMICALS LTD,50.92,50.92,50.92,50.92,50.92,53.6,,50.92,,,263434,13414059.28,211,F1,1,,,,,
2026-08-25,2026-08-25,CM,NSE,STK,25222,INE0UOS01011,SANOFICONR,EQ,,,,,SANOFI CONS HEALTHC IND L,4201.6,4208.0,4162.0,4176.9,4187.4,4220.6,,4176.87,,,2826,11808265.7,937,F1,1,,,,,
2026-08-25,2026-08-25,CM,NSE,STK,1442,INE058A01010,SANOFI,EQ,,,,,SANOFI INDIA LIMITED,3277.0,3277.2,3192.2,3198.2,3195.5,3274.6,,3198.23,,,21942,70526654.9,4376,F1,1,,,,,
2026-08-25,2026-08-25,CM,NSE,STK,5751,INE953O01021,SANSERA,EQ,,,,,SANSERA ENGINEERING LTD,3858.0,3887.9,3770.5,3790.5,3785.0,3844.3,,3790.44,,,73667,280794832.0,12484,F1,1,,,,,
2026-08-25,2026-08-25,CM,NSE,STK,24582,INE08NE01025,SANSTAR,EQ,,,,,SANSTAR LIMITED,106.15,108.85,105.61,107.93,108.75,106.59,,107.93,,,111786,11948916.45,1444,F1,1,,,,,
2026-08-25,2026-08-25,CM,NSE,STK,46,INE890C01046,SANWARIA,BZ,,,,,SANWARIA CONSUMER LIMITED,0.2,0.2,0.19,0.19,0.19,0.19,,0.19,,,613370,119877.1,156,F1,1,,,,,
2026-08-25,2026-08-25,CM,NSE,STK,6718,INE806T01020,SAPPHIRE,EQ,,,,,SAPPHIRE FOODS INDIA LTD,249.3,252.65,244.61,249.81,250.33,249.3,,249.81,,,905908,225186061.24,24822,F1,1,,,,,
2026-08-25,2026-08-25,CM,NSE,STK,19863,INE0PUC01020,SARTELE,SM,,,,,SAR TELEVENTURE LIMITED,100.9,102.0,99.8,99.95,99.8,100.9,,99.95,,,26000,2615450.0,48,F1,500,,,,,
2026-08-25,2026-08-25,CM,NSE,STK,762985,INE967G01019,ZSARACOM,EQ,,,,,SARASWATI COMM (INDIA) L,11801.0,12270.0,11100.0,11300.0,11100.0,11934.0,,11290.0,,,86,1000798.0,51,F1,1,,,,,
2026-08-25,2026-08-25,CM,NSE,STK,24856,INE0PQ101010,SSDL,EQ,,,,,SARASWATI SAREE DEPOT LTD,58.0,58.77,57.1,57.57,57.41,57.46,,57.51,,,10622,613674.59,229,F1,1,,,,,
2026-08-25,2026-08-25,CM,NSE,STK,17758,INE385C01021,SARDAEN,EQ,,,,,SARDA ENERGY & MIN LTD,507.0,512.15,503.15,506.5,508.0,507.0,,506.52,,,212203,107636568.5,9729,F1,1,,,,,
2026-08-25,2026-08-25,CM,NSE,STK,4892,INE979A01025,SAREGAMA,EQ,,,,,SAREGAMA INDIA LIMITED,514.4,515.9,502.65,504.7,506.6,510.05,,504.71,,,197775,100186215.85,8410,F1,1,,,,,
2026-08-25,2026-08-25,CM,NSE,STK,14043,INE453D01025,SARLAPOLY,EQ,,,,,SARLA PERF. FIBERS LTD,100.3,102.0,99.33,101.2,101.05,100.02,,101.21,,,23918,2404643.45,723,F1,1,,,,,
2026-08-25,2026-08-25,CM,NSE,STK,18506,INE0PCL01011,SAROJA,SM,,,,,SAROJA PHARMA INDUS IND L,36.1,37.9,36.1,37.9,37.9,36.1,,37.9,,,25600,966720.0,16,F1,1600,,,,,
2026-08-25,2026-08-25,CM,NSE,STK,6843,INE017W01010,SMLT,EQ,,,,,SARTHAK METALS LIMITED,68.96,69.97,68.15,69.09,69.65,68.96,,69.09,,,1098,75969.93,47,F1,1,,,,,
2026-08-25,2026-08-25,CM,NSE,STK,12913,INE324X01026,SARVESHWAR,EQ,,,,,SARVESHWAR FOODS LIMITED,3.48,3.55,3.45,3.47,3.46,3.44,,3.47,,,1711114,5969696.02,1542,F1,1,,,,,
2026-08-25,2026-08-25,CM,NSE,STK,11983,INE231F01020,SASKEN,EQ,,,,,SASKEN TECHNOLOGIES LTD,1901.0,1928.7,1850.0,1871.2,1860.0,1926.1,,1871.25,,,18234,34423384.3,2443,F1,1,,,,,
2026-08-25,2026-08-25,CM,NSE,STK,29151,INE0NB801022,SATKARTAR,SM,,,,,SAT KARTAR LIFE LIMITED,124.6,134.8,121.7,133.45,134.8,121.35,,133.45,,,55200,7203280.0,56,F1,800,,,,,
2026-08-25,2026-08-25,CM,NSE,STK,24697,INE0RFP01011,SSEGL,SM,,,,,SATHLOKHAR SYN E&C GLOB L,394.0,423.9,383.4,420.0,421.9,396.75,,420.0,,,147200,60883330.0,467,F1,200,,,,,
2026-08-25,2026-08-25,CM,NSE,STK,11045,INE170E01023,SATIA,EQ,,,,,SATIA INDUSTRIES LIMITED,57.6,59.4,57.5,57.84,57.72,57.91,,57.89,,,124969,7274026.93,1981,F1,1,,,,,
2026-08-25,2026-08-25,CM,NSE,STK,10453,INE836B01017,SATIN,EQ,,,,,SATIN CREDIT NET LTD,222.0,223.49,219.53,221.36,221.46,223.63,,221.32,,,154326,34153127.65,2943,F1,1,,,,,
2026-08-25,2026-08-25,CM,NSE,STK,758960,INE14DW01018,SATTVAENGG,SM,,,,,SATTVA ENGINEERING CSTN L,75.95,76.0,75.95,76.0,76.0,76.7,,76.0,,,6400,486320.0,3,F1,1600,,,,,
2026-08-25,2026-08-25,CM,NSE,STK,3018,INE626A01014,SAURASHCEM,EQ,,,,,SAURASHTRA CEMENT LIMITED,57.44,57.79,56.42,56.94,56.71,56.85,,56.93,,,69725,3971154.11,955,F1,1,,,,,
2026-08-25,2026-08-25,CM,NSE,STK,3021,INE035D01020,SOTL,EQ,,,,,SAVITA OIL TECHNOLO. LTD,681.8,688.3,672.0,673.65,674.0,681.8,,673.61,,,147140,99649236.45,5325,F1,1,,,,,
2026-08-25,2026-08-25,CM,NSE,STK,757704,INE0UCN01017,SAVY,SM,,,,,SAVY INFRA AND LOGI LTD,125.6,137.0,125.1,135.0,135.0,126.0,,135.0,,,45600,6032700.0,32,F1,1200,,,,,
2026-08-25,2026-08-25,CM,NSE,STK,758444,INE10VS01016,SAWALIYA,SM,,,,,SAWALIYA FOOD PRODUCTS L,275.0,280.0,266.0,268.05,269.0,279.05,,268.05,,,137400,37398420.0,124,F1,600,,,,,
2026-08-25,2026-08-25,CM,NSE,STK,762879,INE318C01014,SAYAJIHOTL,EQ,,,,,SAYAJI HOTELS LTD.,337.0,337.0,320.0,320.25,337.0,339.35,,320.93,,,72,23074.0,3,F1,1,,,,,
2026-08-25,2026-08-25,CM,NSE,STK,764875,INE327G01032,SAYAJIIND,EQ,,,,,SAYAJI INDUSTRIES LTD.,120.0,120.0,111.99,112.35,112.0,116.03,,112.54,,,868,97535.6,16,F1,1,,,,,
2026-08-25,2026-08-25,CM,NSE,STK,6792,INE04AK01028,SBC,EQ,,,,,SBC EXPORTS LIMITED,39.98,40.24,39.71,39.91,40.12,39.82,,39.91,,,4695171,187298184.72,4608,F1,1,,,,,
2026-08-25,2026-08-25,CM,NSE,STK,18026,INE423Y01016,SBFC,EQ,,,,,SBFC FINANCE LIMITED,92.23,93.2,91.52,92.77,93.1,92.23,,92.75,,,587142,54185069.48,7573,F1,1,,,,,
2026-08-25,2026-08-25,CM,NSE,STK,17971,INE018E01016,SBICARD,EQ,,,,,SBI CARDS & PAY SER LTD,647.1,654.6,645.75,651.0,651.0,650.3,,651.0,,,1214650,788809833.55,27812,F1,1,,,,,
2026-08-25,2026-08-25,CM,NSE,STK,764173,INE640G01020,SBIFUNDS,EQ,,,,,SBI FUNDS MANAGEMENT LTD,541.4,552.25,536.5,549.05,550.15,541.4,,549.02,,,2151544,1167392279.8,42756,F1,1,,,,,
2026-08-25,2026-08-25,CM,NSE,STK,21808,INE123W01016,SBILIFE,EQ,,,,,SBI LIFE INSURANCE CO LTD,1761.0,1774.4,1751.2,1755.0,1755.0,1761.8,,1755.0,,,1641672,2888743542.6,51919,F1,1,,,,,
2026-08-25,2026-08-25,CM,NSE,STK,17272,INF200KA16D8,SETFGOLD,EQ,,,,,SBI-ETF GOLD,133.88,137.6,132.73,136.95,136.9,137.32,,136.95,,,4898302,671011506.64,12463,F1,1,,,,,
2026-08-25,2026-08-25,CM,NSE,STK,10176,INF200KA1FS1,SETFNIF50,EQ,,,,,SBI-ETF NIFTY 50,267.37,267.37,260.0,261.66,262.15,260.85,,261.64,,,327941,85531223.53,4412,F1,1,,,,,
2026-08-25,2026-08-25,CM,NSE,STK,7361,INF200KA1580,SETFNIFBK,EQ,,,,,SBI-ETF NIFTY BANK,589.93,592.99,589.0,590.48,592.58,590.09,,590.49,,,38455,22666196.51,784,F1,1,,,,,
2026-08-25,2026-08-25,CM,NSE,STK,7353,INF200KA1598,SETFNN50,EQ,,,,,SBI-ETF NIFTY NEXT 50,812.76,812.76,787.3,795.32,793.02,792.94,,795.32,,,23493,18610514.98,1244,F1,1,,,,,
2026-08-25,2026-08-25,CM,NSE,STK,19705,INF200KA13Z8,LIQUIDSBI,EQ,,,,,SBIAMC - LIQUIDSBI,999.99,1000.01,999.99,999.99,999.99,999.99,,999.99,,,2386,2385998.43,26,F1,1,,,,,
2026-08-25,2026-08-25,CM,NSE,STK,30290,INF200KB1712,SBIBPB,EQ,,,,,SBIAMC - SBIBPB,49.44,49.98,48.84,49.81,49.98,49.44,,49.81,,,32408,1611160.77,291,F1,1,,,,,
2026-08-25,2026-08-25,CM,NSE,STK,5168,INF200KA1X17,SBIETFCON,EQ,,,,,SBIAMC - SBIETFCON,124.97,124.97,123.31,124.29,124.12,123.45,,124.29,,,1609,199828.01,74,F1,1,,,,,
2026-08-25,2026-08-25,CM,NSE,STK,740,INF200KA1S14,SBIETFIT,EQ,,,,,SBIAMC - SBIETFIT,337.5,339.95,336.5,338.82,339.0,338.38,,338.82,,,1590,537562.51,129,F1,1,,,,,
2026-08-25,2026-08-25,CM,NSE,STK,722,INF200KA1S22,SBIETFPB,EQ,,,,,SBIAMC - SBIETFPB,283.4,283.4,279.38,281.14,281.93,282.41,,281.14,,,2558,718676.31,83,F1,1,,,,,
2026-08-25,2026-08-25,CM,NSE,STK,7218,INF200KA1WX6,SBIETFQLTY,EQ,,,,,SBIAMC - SBIETFQLTY,224.31,226.02,223.16,225.73,226.02,224.71,,225.73,,,1342,300372.56,44,F1,1,,,,,
2026-08-25,2026-08-25,CM,NSE,STK,758496,INF200KB1969,SBILIQETF,EQ,,,,,SBIAMC - SBILIQETF,1053.34,1053.36,1053.34,1053.34,1053.34,1053.07,,1053.34,,,244427,257465852.01,121,F1,1,,,,,
2026-08-25,2026-08-25,CM,NSE,STK,761095,INF200KB1AJ0,SBIMIDMOM,EQ,,,,,SBIAMC - SBIMIDMOM,64.47,64.5,63.92,64.48,64.5,63.82,,64.48,,,31593,2032133.78,136,F1,1,,,,,
2026-08-25,2026-08-25,CM,NSE,STK,24524,INF200KB1282,SBINEQWETF,EQ,,,,,SBIAMC - SBINEQWETF,33.75,33.85,33.22,33.74,33.85,33.59,,33.74,,,23171,777136.61,179,F1,1,,,,,
2026-08-25,2026-08-25,CM,NSE,STK,761741,INF200KB1AK8,SBINMID150,EQ,,,,,SBIAMC - SBINMID150,23.78,23.78,23.4,23.54,23.6,23.52,,23.5,,,9449,222077.02,125,F1,1,,,,,
2026-08-25,2026-08-25,CM,NSE,STK,24366,INF200KB1217,SBISILVER,EQ,,,,,SBIAMC - SBISILVER,234.05,236.61,233.72,234.57,235.13,237.34,,234.57,,,1406831,330378149.2,7179,F1,1,,,,,
2026-08-25,2026-08-25,CM,NSE,STK,763543,INF200KB1AY9,SBISMLETF,EQ,,,,,SBIAMC - SBISMLETF,18.64,18.67,18.31,18.39,18.45,18.46,,18.39,,,74364,1364551.06,234,F1,1,,,,,
2026-08-25,2026-08-25,CM,NSE,STK,763546,INF200KB1AX1,SBIVALETF,EQ,,,,,SBIAMC - SBIVALETF,14.79,14.81,14.73,14.76,14.73,14.82,,14.75,,,3915,57751.0,32,F1,1,,,,,
2026-08-25,2026-08-25,CM,NSE,STK,17395,INF200KA1JT1,SETF10GILT,EQ,,,,,SBIAMC - SETF10GILT,265.84,266.17,264.05,264.39,264.05,264.52,,264.39,,,1091,289273.78,29,F1,1,,,,,
2026-08-25,2026-08-25,CM,NSE,STK,762887,INE099G01011,SCANSTL,BE,,,,,SCAN STEELS LTD.,63.88,64.79,61.35,62.24,63.0,63.88,,62.25,,,31579,1970037.61,155,F1,1,,,,,
2026-08-25,2026-08-25,CM,NSE,STK,1011,INE513A01022,SCHAEFFLER,EQ,,,,,SCHAEFFLER INDIA LIMITED,4020.4,4020.4,3975.1,4002.5,4014.0,4020.4,,4002.53,,,40296,160947105.9,10800,F1,1,,,,,
2026-08-25,2026-08-25,CM,NSE,STK,31234,INE839M01018,SCHNEIDER,EQ,,,,,SCHNEIDER ELECTRIC INFRA,1158.4,1168.8,1134.9,1146.4,1145.0,1158.4,,1146.43,,,322370,370111855.8,24959,F1,1,,,,,
2026-08-25,2026-08-25,CM,NSE,STK,28929,INE148I07VA5,1003SCL31P,N1,,,,,SCL 10.03% 2031 SR X,1030.49,1030.49,950.21,1030.49,1030.49,950.2,,1030.49,,,825,824866.05,4,F1,1,,,,,
2026-08-25,2026-08-25,CM,NSE,STK,757466,INE148I07XK0,888SCL28,,,,,,SCL 8.88% 2028 SR V,999.26,1000.0,999.26,1000.0,1000.0,1000.0,,1000.0,,,90,89963.0,3,F1,1,,,,,
2026-08-25,2026-08-25,CM,NSE,STK,757499,INE148I07XF0,955SCL35,NO,,,,,SCL 9.55% 2035 SR XIII,1005.0,1005.0,1005.0,1005.0,1005.0,1005.0,,1005.0,,,5,5025.0,1,F1,1,,,,,
2026-08-25,2026-08-25,CM,NSE,STK,30222,INE148I07WI6,990SCL28,N1,,,,,SCL 9.90% SR IV,1045.24,1045.24,1045.0,1045.24,1045.24,1039.0,,1023.12,,,200,209014.4,3,F1,1,,,,,
2026-08-25,2026-08-25,CM,NSE,STK,757478,INE090501011,SCODATUBES,EQ,,,,,SCODA TUBES LIMITED,130.97,131.25,128.52,129.87,130.28,130.03,,129.87,,,139490,18097646.75,1473,F1,1,,,,,
2026-08-25,2026-08-25,CM,NSE,STK,760771,IN1220250162,762AS46,SG,,,,,SDL AS 7.62% 2046,99.75,99.75,99.75,99.75,99.75,95.0,,99.75,,,100,9975.0,1,F1,100,,,,,
2026-08-25,2026-08-25,CM,NSE,STK,763193,IN1220260013,783AS46,SG,,,,,SDL AS 7.83% 2046,99.0,99.0,99.0,99.0,99.0,100.0,,99.0,,,100,9900.0,1,F1,100,,,,,
2026-08-25,2026-08-25,CM,NSE,STK,762420,IN1320260012,792BR51,SG,,,,,SDL BR 7.92% 2051,95.5,95.5,95.5,95.5,95.5,95.5,,95.5,,,100,9550.0,1,F1,100,,,,,
2026-08-25,2026-08-25,CM,NSE,STK,763195,IN3520260032,768CG36,SG,,,,,SDL CG 7.68% 2036,95.3,95.3,95.3,95.3,95.3,100.0,,95.3,,,100,9530.0,1,F1,100,,,,,
2026-08-25,2026-08-25,CM,NSE,STK,763196,IN3520260040,782CG48,SG,,,,,SDL CG 7.82% 2048,99.0,99.0,99.0,99.0,99.0,100.0,,99.0,,,100,9900.0,1,F1,100,,,,,
2026-08-25,2026-08-25,CM,NSE,STK,755652,IN3920260020,775DL41,SG,,,,,SDL DL 7.75% 2041,100.12,100.12,100.12,100.12,100.12,100.0,,100.12,,,4800,480576.0,1,F1,100,,,,,
2026-08-25,2026-08-25,CM,NSE,STK,21133,IN1520230161,743GJ27,SG,,,,,SDL GJ 7.43% 2027,100.86,100.86,100.86,100.86,100.86,100.3,,100.86,,,300,30258.0,1,F1,100,,,,,
2026-08-25,2026-08-25,CM,NSE,STK,19480,IN1520230088,762GJ28,SG,,,,,SDL GJ 7.62% 2028,99.38,99.38,99.38,99.38,99.38,99.38,,99.38,,,200,19876.0,2,F1,100,,,,,
2026-08-25,2026-08-25,CM,NSE,STK,763197,IN2020260047,783KL49,SG,,,,,SDL KL 7.83% 2049,98.0,98.0,98.0,98.0,98.0,98.0,,98.0,,,100,9800.0,1,F1,100,,,,,
2026-08-25,2026-08-25,CM,NSE,STK,761657,IN2220260037,807MH49,SG,,,,,SDL MH 8.07% 2049,98.5,98.5,98.5,98.5,98.5,98.5,,98.5,,,100,9850.0,1,F1,100,,,,,
2026-08-25,2026-08-25,CM,NSE,STK,763199,IN2120260046,783MP48,SG,,,,,SDL MP 7.83% 2048,99.0,99.0,99.0,99.0,99.0,99.0,,99.0,,,100,9900.0,1,F1,100,,,,,
2026-08-25,2026-08-25,CM,NSE,STK,21156,IN2920230371,774RJ34,SG,,,,,SDL RJ 7.74% 2034,99.72,99.72,99.72,99.72,99.72,95.0,,99.72,,,100,9972.0,1,F1,100,,,,,
2026-08-25,2026-08-25,CM,NSE,STK,763068,IN2920260048,781RJ49,SG,,,,,SDL RJ 7.81% 2049,99.0,99.0,99.0,99.0,99.0,99.0,,99.0,,,300,29700.0,2,F1,100,,,,,
2026-08-25,2026-08-25,CM,NSE,STK,760910,IN3120250706,754TN36,SG,,,,,SDL TN 7.54% 2036,91.89,91.89,91.89,91.89,91.89,95.1,,91.89,,,700,64323.0,1,F1,100,,,,,
2026-08-25,2026-08-25,CM,NSE,STK,763071,IN4520260030,754TS33,SG,,,,,SDL TS 7.54% 2033,100.0,100.0,100.0,100.0,100.0,100.0,,100.0,,,100,10000.0,1,F1,100,,,,,
2026-08-25,2026-08-25,CM,NSE,STK,22610,IN3320230250,749UP34A,SG,,,,,SDL UP 7.49% 2034,96.5,96.5,96.5,96.5,96.5,100.0,,96.5,,,200,19300.0,2,F1,100,,,,,
2026-08-25,2026-08-25,CM,NSE,STK,31618,IN3320260042,782UP46,SG,,,,,SDL UP 7.82% 2046,100.25,100.25,100.25,100.25,100.25,100.25,,100.25,,,600,60150.0,2,F1,100,,,,,
2026-08-25,2026-08-25,CM,NSE,STK,20643,INE027E07972,935LTF29,N5,,,,,SE RE NCD 9.35% SR.V OP2,1130.0,1130.0,1130.0,1130.0,1130.0,1107.0,,1130.0,,,5,5650.0,1,F1,1,,,,,
2026-08-25,2026-08-25,CM,NSE,STK,2616,INE497B01018,SEAMECLTD,EQ,,,,,SEAMEC LIMITED,1645.1,1663.0,1639.0,1649.6,1648.0,1655.0,,1649.64,,,21222,34926711.0,2566,F1,1,,,,,
2026-08-25,2026-08-25,CM,NSE,STK,7666,INE477L07AP4,IIFLHFZC27,NB,,,,,SEC RE NCD 0% SR.V,1439.0,1439.0,1439.0,1439.0,1439.0,1438.0,,1439.0,,,65,93535.0,2,F1,1,,,,,
2026-08-25,2026-08-25,CM,NSE,STK,6207,INE530B07187,IIFLZC26,NN,,,,,SEC RE NCD 0% SR.VII,1498.0,1500.0,1480.0,1499.36,1500.0,1498.0,,1499.36,,,1443,2143559.0,17,F1,1,,,,,
2026-08-25,2026-08-25,CM,NSE,STK,20771,INE413U07277,10ISFL26,N3,,,,,SEC RE NCD 10% SR 4,1059.0,1059.0,1059.0,1059.0,1059.0,1059.0,,1059.0,,,55,58245.0,4,F1,1,,,,,
2026-08-25,2026-08-25,CM,NSE,STK,12465,INE741K07496,10CAGL27,N5,,,,,SEC RE NCD 10% SR. V,1015.0,1015.0,1015.0,1015.0,1015.0,1015.5,,1015.0,,,100,101500.0,1,F1,1,,,,,
2026-08-25,2026-08-25,CM,NSE,STK,20779,INE413U07269,1003ISFL28,N4,,,,,SEC RE NCD 10.03% SR 5,1014.88,1014.88,1014.88,1014.88,1014.88,1014.96,,1014.88,,,5,5074.4,1,F1,1,,,,,
2026-08-25,2026-08-25,CM,NSE,STK,25566,INE148I07UR1,1003SCL31A,N1,,,,,SEC RE NCD 10.03% SR X,1029.15,1029.15,1027.08,1027.08,1027.08,1027.86,,1027.08,,,347,356500.26,4,F1,1,,,,,
2026-08-25,2026-08-25,CM,NSE,STK,18859,INE148I07PL4,925SCL28C,BS,,,,,SEC RE NCD 10.15% SR VII,654.19,654.19,652.15,652.15,652.15,630.33,,652.15,,,42,27400.5,3,F1,1,,,,,
2026-08-25,2026-08-25,CM,NSE,STK,23974,INE148I07TN2,1025SCL34A,ZT,,,,,SEC RE NCD 10.25% SR XII,1010.0,1010.0,1010.0,1010.0,1010.0,990.0,,1011.0,,,1000,1010000.0,1,F1,1,,,,,
2026-08-25,2026-08-25,CM,NSE,STK,20130,INE148I07RB1,965SCL25F,NZ,,,,,SEC RE NCD 10.25% SR XII,832.0,832.0,832.0,832.0,832.0,850.0,,832.0,,,50,41600.0,1,F1,1,,,,,
2026-08-25,2026-08-25,CM,NSE,STK,23964,INE148I07TK8,1050SCL31,ZP,,,,,SEC RE NCD 10.5% SR IX,1024.7,1024.7,1024.7,1024.7,1024.7,1024.7,,1024.7,,,10,10247.0,1,F1,1,,,,,
2026-08-25,2026-08-25,CM,NSE,STK,21026,INE148I07RR7,835SCL23A,YH,,,,,SEC RE NCD 10.5% SR IX,1062.7,1075.0,1062.7,1075.0,1075.0,1062.7,,1075.0,,,2555,2727215.0,11,F1,1,,,,,
2026-08-25,2026-08-25,CM,NSE,STK,20784,INE413U07251,1050ISFL28,N5,,,,,SEC RE NCD 10.50% SR 6,1055.3,1062.0,1055.3,1056.0,1056.0,1062.75,,1056.0,,,24,25395.6,3,F1,1,,,,,
2026-08-25,2026-08-25,CM,NSE,STK,21042,INE148I07RW7,1075SCL33,YK,,,,,SEC RE NCD 10.75% SR XI,1050.3,1050.3,1050.3,1050.3,1050.3,1124.0,,1050.3,,,3,3150.9,2,F1,1,,,,,
2026-08-25,2026-08-25,CM,NSE,STK,20120,INE148I07QZ2,980SCL33,NX,,,,,SEC RE NCD 10.75% SR XI,840.6,840.6,840.6,840.6,840.6,948.0,,840.6,,,10,8406.0,1,F1,1,,,,,
2026-08-25,2026-08-25,CM,NSE,STK,11658,INE0H7R07017,79NHIT35,N1,,,,,SEC RE NCD 7.90% STRPP A,310.05,313.5,310.05,310.5,310.5,312.5,,310.5,,,53,16449.85,4,F1,1,,,,,
2026-08-25,2026-08-25,CM,NSE,STK,11665,INE0H7R07025,79NHIT40,N2,,,,,SEC RE NCD 7.90% STRPP B,316.8,316.8,314.99,315.0,315.0,310.02,,325.5,,,204,64381.79,5,F1,1,,,,,
2026-08-25,2026-08-25,CM,NSE,STK,11669,INE0H7R07033,79NHIT47,N3,,,,,SEC RE NCD 7.90% STRPP C,415.02,418.9,415.02,418.9,418.9,415.0,,418.9,,,28,11628.32,2,F1,1,,,,,
2026-08-25,2026-08-25,CM,NSE,STK,7648,INE477L07AN9,820IIFL27,N9,,,,,SEC RE NCD 8.20% SR.III,995.0,995.0,995.0,995.0,995.0,995.0,,995.0,,,59,58705.0,1,F1,1,,,,,
2026-08-25,2026-08-25,CM,NSE,STK,3464,INE219X07264,82IGT31,NJ,,,,,SEC RE NCD 8.20% SR.V,1029.35,1030.0,1029.15,1029.4,1029.4,1028.26,,1029.4,,,119,122514.2,5,F1,1,,,,,
2026-08-25,2026-08-25,CM,NSE,STK,15374,INE121A07QY9,840CIFCL28,N4,,,,,SEC RE NCD 8.40% SR.V,1022.0,1030.0,1022.0,1029.99,1029.99,1033.4,,1029.99,,,128,131359.4,3,F1,1,,,,,
2026-08-25,2026-08-25,CM,NSE,STK,6197,INE530B07161,842IIFL26,NL,,,,,SEC RE NCD 8.42% SR.V,995.0,998.99,995.0,998.99,998.99,995.01,,998.99,,,116,115443.94,4,F1,1,,,,,
2026-08-25,2026-08-25,CM,NSE,STK,7668,INE477L07AQ2,843IHFL29,NC,,,,,SEC RE NCD 8.43% SR.VI,981.98,984.5,981.98,984.5,984.5,980.66,,984.5,,,473,465251.74,9,F1,1,,,,,
2026-08-25,2026-08-25,CM,NSE,STK,20435,INE121A07RO8,850CIFCL26,NE,,,,,SEC RE NCD 8.50% SR 3,1045.31,1148.1,900.0,1148.1,1148.1,1060.0,,1148.1,,,22334,22534506.45,131,F1,1,,,,,
2026-08-25,2026-08-25,CM,NSE,STK,17039,INE530B07385,865IFL28,NZ,,,,,SEC RE NCD 8.65% SR.V,990.0,990.0,990.0,990.0,990.0,990.0,,990.0,,,120,118800.0,2,F1,1,,,,,
2026-08-25,2026-08-25,CM,NSE,STK,13852,INE530B07310,865IIFL28,NS,,,,,SEC RE NCD 8.65% SR.V,989.0,993.0,988.11,992.98,992.98,992.5,,992.98,,,890,881460.16,13,F1,1,,,,,
2026-08-25,2026-08-25,CM,NSE,STK,6200,INE530B07179,875IIFL26,NM,,,,,SEC RE NCD 8.75% SR.VI,1071.0,1071.0,1071.0,1071.0,1071.0,1070.95,,1071.0,,,501,536571.0,5,F1,1,,,,,
2026-08-25,2026-08-25,CM,NSE,STK,7671,INE477L07AR0,875IHFL29,ND,,,,,SEC RE NCD 8.75% SR.VII,1023.01,1023.01,1023.01,1023.01,1023.01,1023.01,,1023.01,,,10,10230.1,3,F1,1,,,,,
2026-08-25,2026-08-25,CM,NSE,STK,7777,INE148I07LE8,889SCFL27,YC,,,,,SEC RE NCD 8.89% SR.VIII,993.89,993.89,993.89,993.89,993.89,999.25,,993.89,,,28,27828.92,2,F1,1,,,,,
2026-08-25,2026-08-25,CM,NSE,STK,9277,INE148I07LV2,889SCL27,YT,,,,,SEC RE NCD 8.89% SR.VIII,930.4,988.0,930.4,988.0,988.0,999.0,,988.0,,,30,28634.0,3,F1,1,,,,,
2026-08-25,2026-08-25,CM,NSE,STK,28869,INE477L07BG1,89IHFL29,N1,,,,,SEC RE NCD 8.90% SR VI,985.0,985.0,985.0,985.0,985.0,985.0,,985.0,,,5,4925.0,1,F1,1,,,,,
2026-08-25,2026-08-25,CM,NSE,STK,23706,INE338I07164,897MOFSL29,N4,,,,,SEC RE NCD 8.97% SR V,1026.0,1026.0,1020.0,1020.0,1020.0,1025.0,,1020.0,,,100,102056.0,6,F1,1,,,,,
2026-08-25,2026-08-25,CM,NSE,STK,28858,INE477L07BC0,9IHFL27,N1,,,,,SEC RE NCD 9% SR IV,1055.67,1055.67,1055.67,1055.67,1055.67,1045.0,,1055.67,,,74,78119.58,1,F1,1,,,,,
2026-08-25,2026-08-25,CM,NSE,STK,25552,INE148I07UC3,948SCL27D,N1,,,,,SEC RE NCD 9.48% SR V,980.01,985.0,980.0,980.71,980.0,1050.0,,980.8,,,72,70610.05,11,F1,1,,,,,
2026-08-25,2026-08-25,CM,NSE,STK,25287,INE423A07328,965AEL27,N4,,,,,SEC RE NCD 9.65% SR IV,1100.01,1100.01,1100.01,1100.01,1100.01,1100.0,,1100.01,,,21,23100.21,1,F1,1,,,,,
2026-08-25,2026-08-25,CM,NSE,STK,18487,INE741K07579,970CAGL28,ND,,,,,SEC RE NCD 9.70% SR VII,1022.0,1024.0,1015.1,1015.1,1015.1,1022.0,,1015.1,,,60,61214.2,7,F1,1,,,,,
2026-08-25,2026-08-25,CM,NSE,STK,23958,INE148I07TG6,971SCL29A,ZN,,,,,SEC RE NCD 9.71% SR VIII,998.0,998.0,998.0,998.0,998.0,998.0,,996.5,,,500,499000.0,1,F1,1,,,,,
2026-08-25,2026-08-25,CM,NSE,STK,20061,INE148I07QI8,990SCL26A,NL,,,,,SEC RE NCD 9.9% SR IV,325.2,399.0,325.2,358.0,358.0,369.0,,341.6,,,21,7575.4,3,F1,1,,,,,
2026-08-25,2026-08-25,CM,NSE,STK,20995,INE148I07RN6,990SCL26B,Y7,,,,,SEC RE NCD 9.9% SR IV,1063.8,1063.8,1063.8,1063.8,1063.8,1063.8,,1063.8,,,33,35105.4,1,F1,1,,,,,
2026-08-25,2026-08-25,CM,NSE,STK,23293,INE148I07SG8,990SCL27,YT,,,,,SEC RE NCD 9.9% SR IV,1030.2,1030.2,1030.2,1030.2,1030.2,1030.2,,1030.2,,,30,30906.0,1,F1,1,,,,,
2026-08-25,2026-08-25,CM,NSE,STK,20437,INE121A07RK6,CIFCZC26,NF,,,,,SEC RE NCD SR 4,1249.0,1249.0,1249.0,1249.0,1249.0,1246.5,,1249.0,,,4,4996.0,1,F1,1,,,,,
2026-08-25,2026-08-25,CM,NSE,STK,23704,INE338I07099,0MOFSL27,N3,,,,,SEC RE NCD SR IV,1225.81,1225.81,1225.81,1225.81,1225.81,1217.0,,1225.81,,,1,1225.81,1,F1,1,,,,,
2026-08-25,2026-08-25,CM,NSE,STK,19772,INE148I07QB3,SCLZC26C,NB,,,,,SEC RE NCD SR VI,1313.71,1313.71,1313.71,1313.71,1313.71,1307.0,,1313.71,,,3,3941.13,1,F1,1,,,,,
2026-08-25,2026-08-25,CM,NSE,STK,15376,INE121A07QX1,CIFCZC28A,N5,,,,,SEC RE NCD SR.VI,1299.0,1299.0,1299.0,1299.0,1299.0,1299.0,,1299.0,,,39,50661.0,1,F1,1,,,,,
2026-08-25,2026-08-25,CM,NSE,STK,14219,INE00QS24043,IMC1,N1,,,,,SEC RE NCGB 8.25% STRPP B,250.0,250.2,250.0,250.2,250.2,250.0,,250.2,,,43,10750.4,3,F1,1,,,,,
2026-08-25,2026-08-25,CM,NSE,STK,14224,INE00QS24027,IMC1,N2,,,,,SEC RE NCGB 8.25% STRPP C,250.18,250.18,250.18,250.18,250.18,250.18,,250.18,,,41,10257.38,3,F1,1,,,,,
2026-08-25,2026-08-25,CM,NSE,STK,14228,INE00QS24035,IMC1,N3,,,,,SEC RE NCGB 8.25% STRPP D,251.0,251.0,250.0,250.0,250.0,251.0,,250.0,,,135,33790.0,4,F1,1,,,,,
2026-08-25,2026-08-25,CM,NSE,STK,7975,INE804IA7014,1015ECL29,NR,,,,,SEC RED NCD 10.15% SR. VI,1015.1,1021.58,1013.0,1016.0,1016.0,1019.84,,1016.0,,,2406,2453047.34,25,F1,1,,,,,
2026-08-25,2026-08-25,CM,NSE,STK,9975,INE511C07706,829PFL29,N6,,,,,SEC RED NCD 10.27% SR. VI,1000.0,1000.0,1000.0,1000.0,1000.0,1084.0,,1000.0,,,5,5000.0,1,F1,1,,,,,
2026-08-25,2026-08-25,CM,NSE,STK,7986,INE804IA7022,1060ECL29,NS,,,,,SEC RED NCD 10.6% SR. VII,1020.0,1079.85,1020.0,1079.85,1079.85,1061.0,,1080.0,,,211,219220.1,4,F1,1,,,,,
2026-08-25,2026-08-25,CM,NSE,STK,16870,INE033L07GS6,81TCHF28,N8,,,,,SEC RED NCD 8.10% SR.IV,1018.0,1020.0,1018.0,1020.0,1020.0,1023.6,,1020.0,,,85,86532.0,4,F1,1,,,,,
2026-08-25,2026-08-25,CM,NSE,STK,16874,INE033L07GU2,84TCHF28,,,,,,SEC RED NCD 8.40% SR.V,1059.0,1059.0,1058.0,1058.02,1058.0,1064.0,,1058.02,,,1073,1135263.85,10,F1,1,,,,,
2026-08-25,2026-08-25,CM,NSE,STK,18624,INE148I07GJ7,865SCL26,N8,,,,,SEC RED NCD 8.65% SR. V,995.04,995.04,995.0,995.0,995.0,1001.0,,995.0,,,1000,995000.2,17,F1,1,,,,,
2026-08-25,2026-08-25,CM,NSE,STK,17159,INE721A07PK7,875SFL27,ZF,,,,,SEC RED NCD 8.75% SR.III,1021.99,1021.99,1021.99,1021.99,1021.99,1021.99,,1021.99,,,20,20439.8,2,F1,1,,,,,
2026-08-25,2026-08-25,CM,NSE,STK,18626,INE148I07GK5,885SCL26,N9,,,,,SEC RED NCD 8.85% SR. VI,1078.99,1080.01,1078.99,1080.0,1080.0,1077.0,,1080.0,,,1719,1856189.43,53,F1,1,,,,,
2026-08-25,2026-08-25,CM,NSE,STK,18628,INE148I07GL3,9SCL26BA,,,,,,SEC RED NCD 9.0% SR. VI,1073.01,1079.7,1073.01,1079.7,1079.7,1080.0,,1079.7,,,410,442542.3,7,F1,1,,,,,
2026-08-25,2026-08-25,CM,NSE,STK,498,INE721A07NU1,903SFL28,YI,,,,,SEC RED NCD 9.03% SR. II,1030.0,1042.0,1030.0,1041.95,1042.0,1030.0,,1041.95,,,736,766157.0,9,F1,1,,,,,
2026-08-25,2026-08-25,CM,NSE,STK,6149,INE721A07OC7,930SFL28,YP,,,,,SEC RED NCD 9.30% SR. II,1050.0,1050.0,1050.0,1050.0,1050.0,1049.9,,1050.0,,,15,15750.0,1,F1,1,,,,,
2026-08-25,2026-08-25,CM,NSE,STK,1001,INE721A07NX5,94SFL28,YL,,,,,SEC RED NCD 9.40% SR. V,1039.95,1039.95,1039.95,1039.95,1039.95,1040.0,,1039.95,,,300,311985.0,2,F1,1,,,,,
2026-08-25,2026-08-25,CM,NSE,STK,4288,INE804I078Y8,943ECL28,NJ,,,,,SEC RED NCD 9.43% SR. VI,1002.1,1002.1,1002.02,1002.02,1002.02,1001.85,,1002.02,,,114,114238.28,2,F1,1,,,,,
2026-08-25,2026-08-25,CM,NSE,STK,4292,INE804I079Y6,985ECL28,NK,,,,,SEC RED NCD 9.85% SR. VII,1001.01,1001.01,1001.01,1001.01,1001.01,1004.67,,1001.01,,,1,1001.01,1,F1,1,,,,,
2026-08-25,2026-08-25,CM,NSE,STK,18630,INE148I07GN9,SCLZC26,NB,,,,,SEC RED NCD SR. VII,2340.0,2340.0,2340.0,2340.0,2340.0,2330.5,,2340.0,,,50,117000.0,3,F1,1,,,,,
2026-08-25,2026-08-25,CM,NSE,STK,19496,INE0BTM01013,SECMARK,EQ,,,,,SECMARK CONSULTANCY LTD,132.3,132.3,124.9,125.02,127.0,126.0,,125.03,,,1316,164932.83,17,F1,1,,,,,
2026-08-25,2026-08-25,CM,NSE,STK,11058,INE650K01021,SECURKLOUD,EQ,,,,,SECUREKLOUD TECH LIMITED,18.18,18.18,16.64,17.79,17.74,17.96,,17.79,,,18863,331879.32,190,F1,1,,,,,
2026-08-25,2026-08-25,CM,NSE,STK,761153,INE00XB01019,SEDEMAC,EQ,,,,,SEDEMAC MECHATRONICS LTD,3150.0,3180.0,3032.3,3081.8,3070.0,3151.0,,3081.49,,,95100,294999851.2,14219,F1,1,,,,,
2026-08-25,2026-08-25,CM,NSE,STK,7091,INE955I01044,SEJALLTD,EQ,,,,,SEJAL GLASS LIMITED,685.0,693.0,675.05,684.05,688.0,686.2,,683.8,,,4247,2918797.2,541,F1,1,,,,,
2026-08-25,2026-08-25,CM,NSE,STK,6262,INE105I01020,SELMC,EQ,,,,,SEL MANUFACTURING CO LTD,27.56,28.74,27.56,27.72,27.72,28.08,,27.72,,,5300,148982.87,71,F1,1,,,,,
2026-08-25,2026-08-25,CM,NSE,STK,11961,INE617A01013,SEMAC,EQ,,,,,SEMAC CONSTRUCTION LTD,290.0,291.0,283.0,289.7,290.0,293.4,,289.7,,,592,171317.2,18,F1,1,,,,,
2026-08-25,2026-08-25,CM,NSE,STK,17271,INE602W01027,SENCO,EQ,,,,,SENCO GOLD LIMITED,372.0,373.85,364.4,368.65,368.0,371.75,,368.63,,,1124170,414223600.5,24702,F1,1,,,,,
2026-08-25,2026-08-25,CM,NSE,STK,28888,INE0RB801010,SENORES,EQ,,,,,SENORES PHARMACEUTICALS L,1508.0,1508.0,1456.3,1480.4,1477.0,1515.7,,1480.4,,,198519,294852680.9,16797,F1,1,,,,,
2026-08-25,2026-08-25,CM,NSE,STK,15308,INE964H01014,SEPC,EQ,,,,,SEPC LIMITED,5.87,5.87,5.73,5.77,5.77,5.82,,5.77,,,9580475,55304093.09,4176,F1,1,,,,,
2026-08-25,2026-08-25,CM,NSE,STK,20715,INE027E07BC8,865LTF26,NN,,,,,SERENCD 8.65% SR.VI OP12,1055.1,1058.5,1055.1,1058.49,1058.5,1059.0,,1058.49,,,212,224231.53,14,F1,1,,,,,
2026-08-25,2026-08-25,CM,NSE,STK,20655,INE027E07998,898LTF29,N7,,,,,SERENCD 8.98% SR.VI OP2,1098.8,1098.8,1080.0,1082.5,1082.5,1072.0,,1082.5,,,541,585150.79,13,F1,1,,,,,
2026-08-25,2026-08-25,CM,NSE,STK,21197,INE306N07LM5,865TCAPS27,N8,,,,,SERENCD8.65%SR.IIICIII&IV,1016.0,1016.0,1010.15,1010.15,1010.15,1014.75,,1010.63,,,622,628719.54,15,F1,1,,,,,
2026-08-25,2026-08-25,CM,NSE,STK,17399,INE0P1Q01015,SERVICE,SM,,,,,SERVICE CARE LIMITED,63.5,65.9,62.2,65.5,65.9,64.2,,65.5,,,60000,3802400.0,24,F1,2000,,,,,
2026-08-25,2026-08-25,CM,NSE,STK,5507,INE782X01033,SERVOTECH,EQ,,,,,SERVOTECH REN POW SYS LTD,82.26,82.86,81.11,81.53,81.5,82.26,,81.53,,,199323,16254108.12,2541,F1,1,,,,,
2026-08-25,2026-08-25,CM,NSE,STK,759934,INE04VU01023,STYL,EQ,,,,,SESHAASAI TECHNOLOGIES L,393.0,401.0,382.0,393.7,394.0,387.45,,393.67,,,89741,34982726.7,2631,F1,1,,,,,
2026-08-25,2026-08-25,CM,NSE,STK,3066,INE630A01024,SESHAPAPER,EQ,,,,,SESHASAYEE PAPER & BOARDS,227.55,229.84,226.12,227.16,226.15,227.55,,227.17,,,15651,3560625.35,502,F1,1,,,,,
2026-08-25,2026-08-25,CM,NSE,STK,17518,INE878E01021,SETCO,BE,,,,,SETCO AUTOMOTIVE LTD,17.79,17.79,17.23,17.54,17.4,17.99,,17.66,,,90587,1583847.08,223,F1,1,,,,,
2026-08-25,2026-08-25,CM,NSE,STK,18024,INE023M01027,SETUINFRA,BZ,,,,,SETUBANDHAN INFRA LTD,0.43,0.47,0.43,0.46,0.47,0.45,,0.46,,,89818,40841.01,87,F1,1,,,,,
2026-08-25,2026-08-25,CM,NSE,STK,10836,INE573R01012,SEYAIND,BE,,,,,SEYA INDUSTRIES LIMITED,12.45,12.45,12.0,12.39,12.39,12.21,,12.21,,,6195,75979.81,25,F1,1,,,,,
2026-08-25,2026-08-25,CM,NSE,STK,758853,INE618R01015,SGFIN,EQ,,,,,SG FINSERVE LIMITED,687.2,715.0,687.2,700.5,699.0,689.35,,700.41,,,252186,176672633.35,9252,F1,1,,,,,
2026-08-25,2026-08-25,CM,NSE,STK,758889,INE385F01024,SGMART,EQ,,,,,SG MART LIMITED,811.55,848.95,809.0,837.4,834.65,811.55,,837.46,,,242728,202372525.5,13443,F1,1,,,,,
2026-08-25,2026-08-25,CM,NSE,STK,765247,INE967B01028,SGLRES,EQ,,,,,SGL RESOURCES LIMITED,2.49,2.59,2.4,2.5,2.59,2.49,,2.49,,,37372,93257.24,75,F1,1,,,,,
2026-08-25,2026-08-25,CM,NSE,STK,761469,INE12UN01015,SHADOWFAX,EQ,,,,,SHADOWFAX TECHNOLOGIES L,260.0,261.56,256.3,256.9,256.7,260.34,,256.91,,,2116581,546342566.53,24148,F1,1,,,,,
2026-08-25,2026-08-25,CM,NSE,STK,11856,INE640C01011,SHAHALLOYS,EQ,,,,,SHAH ALLOYS LIMITED,79.94,79.94,74.3,76.82,74.3,78.37,,76.85,,,11010,850011.66,128,F1,1,,,,,
2026-08-25,2026-08-25,CM,NSE,STK,20296,INE482J01021,SHAH,EQ,,,,,SHAH METACORP LIMITED,4.36,4.36,3.2,3.2,3.2,3.99,,3.2,,,54859459,188141148.97,12292,F1,1,,,,,
2026-08-25,2026-08-25,CM,NSE,STK,8727,INE151G01028,SHAILY,EQ,,,,,SHAILY ENG PLASTICS LTD,3268.0,3289.2,3182.5,3227.6,3237.3,3268.8,,3227.73,,,140549,452822973.2,22143,F1,1,,,,,
2026-08-25,2026-08-25,CM,NSE,STK,25574,INE908D01010,SHAKTIPUMP,EQ,,,,,SHAKTI PUMPS (I) LTD,494.9,495.65,490.0,491.95,492.45,493.9,,491.95,,,233558,114989862.35,8880,F1,1,,,,,
2026-08-25,2026-08-25,CM,NSE,STK,714,INE597J01018,SHALBY,EQ,,,,,SHALBY LIMITED,153.0,155.39,151.5,154.69,155.3,154.03,,154.69,,,65824,10088694.6,1410,F1,1,,,,,
2026-08-25,2026-08-25,CM,NSE,STK,761688,INE861D01011,SAHLIBHFI,EQ,,,,,SHALIBHADRA FINANCE LTD,75.0,75.0,70.95,72.99,73.0,73.37,,72.99,,,24392,1741594.5,119,F1,1,,,,,
2026-08-25,2026-08-25,CM,NSE,STK,15346,INE849C01026,SHALPAINTS,BE,,,,,SHALIM PAINTS LTD,83.0,84.44,81.3,81.87,81.8,84.75,,81.82,,,80561,6634217.36,485,F1,1,,,,,
2026-08-25,2026-08-25,CM,NSE,STK,25737,INE01NE01012,SRD,EQ,,,,,SHANKAR LAL RAMPAL LTD,40.99,40.99,39.05,39.99,40.07,40.74,,39.99,,,12892,515098.99,109,F1,1,,,,,
2026-08-25,2026-08-25,CM,NSE,STK,20321,INE274V01019,SHANKARA,EQ,,,,,SHANKARA BLDG PRODUCT LTD,144.84,146.98,144.0,145.8,145.55,144.83,,145.74,,,28836,4188060.31,545,F1,1,,,,,
2026-08-25,2026-08-25,CM,NSE,STK,760594,INE24OJ01011,BUILDPRO,EQ,,,,,SHANKARA BUILDPRO LIMITED,1244.0,1264.5,1200.0,1241.3,1233.0,1249.9,,1241.36,,,94849,117104014.8,5971,F1,1,,,,,
2026-08-25,2026-08-25,CM,NSE,STK,765382,INE1WFC01025,SHANKESH,EQ,,,,,SHANKESH JEWELLERS LTD,103.3,111.0,94.0,94.82,95.2,93.0,,94.83,,,95704155,9699663965.0,327346,F1,1,,,,,
2026-08-25,2026-08-25,CM,NSE,STK,3078,INE631A01022,SHANTIGEAR,EQ,,,,,SHANTHI GEARS LTD,539.85,585.0,516.1,557.9,585.0,549.0,,558.01,,,1482458,797927177.95,34017,F1,1,,,,,
2026-08-25,2026-08-25,CM,NSE,STK,762889,INE440T01028,SEIL,EQ,,,,,SHANTI EDU INITIATIVES L,209.9,210.33,205.1,206.93,207.0,210.15,,206.93,,,262547,54672580.87,2493,F1,1,,,,,
2026-08-25,2026-08-25,CM,NSE,STK,758002,INE06ZD01017,SHANTIGOLD,EQ,,,,,SHANTI GOLD INTERNATION L,260.01,273.59,257.76,263.96,264.0,270.52,,263.99,,,2538961,674073225.51,30551,F1,1,,,,,
2026-08-25,2026-08-25,CM,NSE,STK,5650,INE933X01016,SHANTI,EQ,,,,,SHANTI OVERSEAS INDIA LTD,6.47,6.47,6.23,6.31,6.32,6.33,,6.31,,,8783,55164.52,43,F1,1,,,,,
2026-08-25,2026-08-25,CM,NSE,STK,762904,INE220Z01013,SHINDL,EQ,,,,,SHARAT INDUSTRIES LTD.,164.0,170.0,161.5,163.71,162.4,163.59,,163.72,,,227188,36968560.01,785,F1,1,,,,,
2026-08-25,2026-08-25,CM,NSE,STK,4992,INE221J01015,SHARDACROP,EQ,,,,,SHARDA CROPCHEM LTD.,781.0,786.4,764.65,767.4,766.0,779.3,,767.41,,,171508,132220865.05,9736,F1,1,,,,,
2026-08-25,2026-08-25,CM,NSE,STK,10530,INE597I01028,SHARDAMOTR,EQ,,,,,SHARDA MOTOR INDS LTD,897.0,898.45,872.0,874.35,878.2,893.15,,874.37,,,35341,31178786.7,5070,F1,1,,,,,
2026-08-25,2026-08-25,CM,NSE,STK,762897,INE037B01020,SHARDUL,BE,,,,,SHARDUL SECURITIES LTD.,53.87,53.87,52.02,52.3,52.92,52.08,,52.02,,,4732,249005.94,50,F1,1,,,,,
2026-08-25,2026-08-25,CM,NSE,STK,104,INE932X01026,SHAREINDIA,EQ,,,,,SHARE IND. SECURITIES LTD,173.6,174.6,171.76,172.62,173.9,173.53,,172.62,,,142977,24714565.21,1954,F1,1,,,,,
2026-08-25,2026-08-25,CM,NSE,STK,19469,INE460Q01014,SCML,SM,,,,,SHARP CHUCKS N MACHINES L,83.0,85.0,82.1,85.0,85.0,82.4,,85.0,,,15000,1267450.0,15,F1,1000,,,,,
2026-08-25,2026-08-25,CM,NSE,STK,759410,INE0YJV01017,SHEEL,ST,,,,,SHEEL BIOTECH LIMITED,58.75,58.75,58.75,58.75,58.75,59.55,,58.75,,,8000,470000.0,4,F1,2000,,,,,
2026-08-25,2026-08-25,CM,NSE,STK,19184,INE916U01025,SFL,EQ,,,,,SHEELA FOAM LIMITED,659.45,661.6,641.05,646.55,648.0,656.15,,646.56,,,124006,80409028.2,12630,F1,1,,,,,
2026-08-25,2026-08-25,CM,NSE,STK,12081,INE501Y01019,SCPL,BE,,,,,SHEETAL COOL PRODUCTS LTD,651.0,669.95,640.0,658.2,664.8,651.6,,658.31,,,14654,9706243.2,189,F1,1,,,,,
2026-08-25,2026-08-25,CM,NSE,STK,20415,INE04VX01019,SHEETAL,SM,,,,,SHEETAL UNIVERSAL LIMITED,345.0,348.5,330.0,333.1,347.5,337.25,,333.1,,,12000,4015275.0,17,F1,500,,,,,
2026-08-25,2026-08-25,CM,NSE,STK,21099,INE268L01046,SHEKHAWATI,BE,,,,,SHEKHAWATI INDUSTRIES LTD,18.19,18.97,17.41,17.98,17.41,18.32,,17.98,,,27138,486099.87,98,F1,1,,,,,
2026-08-25,2026-08-25,CM,NSE,STK,5072,INE363M01019,SHEMAROO,BE,,,,,SHEMAROO ENTER. LTD.,131.0,131.0,125.15,129.29,129.29,126.51,,126.0,,,5846,748457.32,52,F1,1,,,,,
2026-08-25,2026-08-25,CM,NSE,STK,14172,INE0MM001019,SHERA,SM,,,,,SHERA ENERGY LIMITED,179.8,181.0,175.15,179.9,180.45,174.7,,179.9,,,22000,3938850.0,21,F1,1000,,,,,
2026-08-25,2026-08-25,CM,NSE,STK,764890,INE011D01013,SHERVANI,EQ,,,,,SHERVANI INDUSTRIAL SYN L,344.5,344.5,303.35,312.05,309.25,344.5,,314.74,,,227,71344.25,20,F1,1,,,,,
2026-08-25,2026-08-25,CM,NSE,STK,8394,INE03KJ01013,SHIGAN,SM,,,,,SHIGAN QUANTUM TECH LTD,68.0,68.0,68.0,68.0,68.0,68.0,,68.0,,,1500,102000.0,1,F1,1500,,,,,
2026-08-25,2026-08-25,CM,NSE,STK,759847,INE024F01011,SHILCTECH,EQ,,,,,SHILCHAR TECHNOLOGIES LTD,3941.2,3958.8,3848.8,3919.7,3873.0,3921.2,,3919.45,,,20504,80310837.6,4533,F1,1,,,,,
2026-08-25,2026-08-25,CM,NSE,STK,764895,INE960A01017,SHILGRAVQ,EQ,,,,,SHILP GRAVURES LTD.,175.0,175.0,162.5,163.34,162.54,164.38,,163.33,,,3913,642541.83,59,F1,1,,,,,
2026-08-25,2026-08-25,CM,NSE,STK,17752,INE790G01031,SHILPAMED,EQ,,,,,SHILPA MEDICARE LTD,859.0,869.0,835.5,861.55,860.95,855.8,,861.57,,,1201334,1022669972.05,43486,F1,1,,,,,
2026-08-25,2026-08-25,CM,NSE,STK,23127,INE0PB301013,SCILAL,EQ,,,,,SHIPPING CORP OF ILA LTD,39.7,40.49,39.26,40.06,40.16,40.02,,40.06,,,124493,4979595.58,812,F1,1,,,,,
2026-08-25,2026-08-25,CM,NSE,STK,3048,INE109A01011,SCI,EQ,,,,,SHIPPING CORP OF INDIA LT,289.3,294.0,286.75,288.1,288.9,288.45,,288.1,,,1615761,468301364.5,20334,F1,1,,,,,
2026-08-25,2026-08-25,CM,NSE,STK,765282,INE0FOO01011,SHIPROCKET,EQ,,,,,SHIPROCKET LIMITED,135.4,138.11,131.15,132.77,132.19,134.67,,132.82,,,11939062,1607949679.5,78132,F1,1,,,,,
2026-08-25,2026-08-25,CM,NSE,STK,759747,INE719F01016,SHIVAUM,EQ,,,,,SHIV AUM STEELS LIMITED,443.35,444.1,440.0,440.05,440.0,444.2,,440.05,,,565,248891.0,35,F1,1,,,,,
2026-08-25,2026-08-25,CM,NSE,STK,765160,INE555C01029,SHIVACEM,EQ,,,,,SHIVA CEMENT LTD.,17.14,17.14,16.6,16.66,16.6,16.98,,16.66,,,37597,631540.43,312,F1,1,,,,,
2026-08-25,2026-08-25,CM,NSE,STK,764900,INE960E01019,SHIVAAGRO,EQ,,,,,SHIVA GLOBAL AGRO INDS. L,43.0,43.0,39.2,41.48,41.59,42.76,,41.94,,,5097,203939.5,80,F1,1,,,,,
2026-08-25,2026-08-25,CM,NSE,STK,1497,INE644Y01017,SHIVAMILLS,EQ,,,,,SHIVA MILLS LIMITED,62.28,62.28,60.05,61.39,61.49,59.64,,61.39,,,727,44632.74,28,F1,1,,,,,
2026-08-25,2026-08-25,CM,NSE,STK,804,INE705C01020,SHIVATEX,EQ,,,,,SHIVA TEXYARN LIMITED,170.99,172.5,165.01,170.43,171.4,168.97,,170.43,,,2407,410594.98,93,F1,1,,,,,
2026-08-25,2026-08-25,CM,NSE,STK,24249,INE0T7B01010,SPCL,SM,,,,,SHIVALIC POWER CONTROL L,60.1,61.05,60.1,61.05,61.05,60.05,,61.05,,,8400,510450.0,13,F1,600,,,,,
2026-08-25,2026-08-25,CM,NSE,STK,4656,INE386D01027,SBCL,EQ,,,,,SHIVALIK BIMETAL CON. LTD,1001.5,1039.4,993.6,1018.35,1014.5,1001.5,,1018.37,,,229576,233653866.1,12786,F1,1,,,,,
2026-08-25,2026-08-25,CM,NSE,STK,7026,INE788J01021,SHIVALIK,BE,,,,,SHIVALIK RASAYAN LIMITED,270.0,284.9,261.05,282.26,284.9,271.52,,282.19,,,31154,8658880.05,330,F1,1,,,,,
2026-08-25,2026-08-25,CM,NSE,STK,13757,INE637H01024,SHIVAMAUTO,BE,,,,,SHIVAM AUTO.LTD,16.19,16.42,16.0,16.03,16.25,16.3,,16.03,,,31258,503461.63,114,F1,1,,,,,
2026-08-25,2026-08-25,CM,NSE,STK,758744,INE1DLF01018,SHIVASHRIT,SM,,,,,SHIVASHRIT FOODS LIMITED,120.0,121.3,118.0,121.3,121.3,120.0,,121.3,,,150000,17897550.0,104,F1,1000,,,,,
2026-08-25,2026-08-25,CM,NSE,STK,11813,INE498B01024,SHOPERSTOP,EQ,,,,,SHOPPERS STOP LIMITED,407.65,407.65,392.0,394.6,393.0,406.75,,394.54,,,33163,13166986.6,2377,F1,1,,,,,
2026-08-25,2026-08-25,CM,NSE,STK,764905,INE311M01018,SHRADDHA,EQ,,,,,SHRADDHA PRIME PROJECTS L,159.9,159.9,149.0,149.68,153.99,153.14,,148.95,,,571,86224.93,36,F1,1,,,,,
2026-08-25,2026-08-25,CM,NSE,STK,708,INE715Y01031,SHRADHA,EQ,,,,,SHRADHA REALTY LIMITED,33.0,33.15,32.05,32.31,32.59,32.95,,32.31,,,16496,537365.2,117,F1,1,,,,,
2026-08-25,2026-08-25,CM,NSE,STK,10588,INE712K01011,SHREEPUSHK,EQ,,,,,SHRE PUSH CHEM & FERT LTD,427.5,459.5,424.05,454.1,459.5,426.9,,454.05,,,258194,114171546.05,9339,F1,1,,,,,
2026-08-25,2026-08-25,CM,NSE,STK,762874,INE185C01017,SAPPL,EQ,,,,,SHREE AJIT PULP & PAPER L,281.0,301.0,278.0,292.1,282.55,281.45,,292.1,,,800,228136.2,27,F1,1,,,,,
2026-08-25,2026-08-25,CM,NSE,STK,3103,INE070A01015,SHREECEM,EQ,,,,,SHREE CEMENT LIMITED,24045.0,24500.0,24005.0,24440.0,24440.0,24020.0,,24440.0,,,126056,3062600075.0,10918,F1,1,,,,,
2026-08-25,2026-08-25,CM,NSE,STK,3099,INE232A01011,SHREDIGCEM,EQ,,,,,SHREE DIGVIJAY CEM CO LTD,72.32,76.5,71.88,74.87,74.6,72.32,,74.87,,,225152,16649115.4,1376,F1,1,,,,,
2026-08-25,2026-08-25,CM,NSE,STK,764885,INE414Y01015,SGRL,EQ,,,,,SHREE GANESH REMEDIES LTD,533.95,534.0,500.3,507.1,507.95,519.05,,507.01,,,6538,3318674.8,375,F1,1,,,,,
2026-08-25,2026-08-25,CM,NSE,STK,23074,INE0S4Y01010,SHREEKARNI,SM,,,,,SHREE KARNI FABCOM LTD,348.0,348.0,348.0,348.0,348.0,342.05,,348.0,,,450,156600.0,1,F1,150,,,,,
2026-08-25,2026-08-25,CM,NSE,STK,20603,INE02S501018,SHREEOSFM,SM,,,,,SHREE OSFM E-MOBILITY LTD,60.0,60.0,60.0,60.0,60.0,61.65,,60.0,,,2000,120000.0,2,F1,1000,,,,,
2026-08-25,2026-08-25,CM,NSE,STK,760188,INE19GK01015,SRTL,EQ,,,,,SHREE RAM TWISTEX LIMITED,40.5,40.79,39.66,39.79,39.66,40.13,,39.79,,,21203,848578.03,149,F1,1,,,,,
2026-08-25,2026-08-25,CM,NSE,STK,7627,INE879A01019,SHREERAMA,EQ,,,,,SHREE RAMA MULTI TECH LTD,45.0,45.47,43.61,44.1,44.36,45.31,,44.1,,,68660,3037655.77,1178,F1,1,,,,,
2026-08-25,2026-08-25,CM,NSE,STK,13565,INE278B01020,RAMANEWS,EQ,,,,,SHREE RAMA NEWSPRINT LTD,31.19,31.89,30.25,31.79,31.8,31.83,,31.79,,,7527,237442.1,108,F1,1,,,,,
2026-08-25,2026-08-25,CM,NSE,STK,12026,INE087H01022,RENUKA,EQ,,,,,SHREE RENUKA SUGARS LTD,25.47,25.74,24.43,24.67,24.75,25.47,,24.67,,,42636836,1061529149.55,61256,F1,1,,,,,
2026-08-25,2026-08-25,CM,NSE,STK,25203,INE0S2G01011,BALAJEE,EQ,,,,,SHREE TIRUPATI BALAJEE L,27.0,27.0,26.26,26.4,26.45,26.59,,26.4,,,14264,377936.68,194,F1,1,,,,,
2026-08-25,2026-08-25,CM,NSE,STK,15126,INE00CE01017,SVLL,BE,,,,,SHREE VASU LOGISTICS LTD,781.5,791.5,770.5,770.5,770.5,776.0,,770.5,,,12717,9969656.05,43,F1,1,,,,,
2026-08-25,2026-08-25,CM,NSE,STK,759805,INE1FL101016,SHETHJI,ST,,,,,SHREEJI GLOBAL FMCG LTD,166.0,166.2,166.0,166.2,166.1,165.9,,166.2,,,8000,1329100.0,5,F1,1000,,,,,
2026-08-25,2026-08-25,CM,NSE,STK,759448,INE1B6101010,SHREEJISPG,EQ,,,,,SHREEJI SHIPPING GLOBAL L,637.9,651.0,635.0,645.5,643.5,635.3,,645.46,,,1375993,886465477.45,9929,F1,1,,,,,
2026-08-25,2026-08-25,CM,NSE,STK,14305,INE00IK01029,OSWALSEEDS,EQ,,,,,SHREEOSWAL S AND CHE LTD,12.6,12.6,11.8,12.03,12.05,12.36,,12.03,,,74648,897598.61,396,F1,1,,,,,
2026-08-25,2026-08-25,CM,NSE,STK,5718,INE0GTI23014,SHREMINVIT,IV,,,,,SHREM INVIT,100.2,100.25,100.2,100.25,100.25,99.9,,100.25,,,50000,5011250.0,2,F1,25000,,,,,
2026-08-25,2026-08-25,CM,NSE,STK,760252,INE632X01030,SHRENIK,BZ,,,,,SHRENIK LIMITED,0.29,0.29,0.27,0.28,0.28,0.28,,0.28,,,769158,213744.42,245,F1,1,,,,,
2026-08-25,2026-08-25,CM,NSE,STK,3126,INE231C01019,SHREYANIND,EQ,,,,,SHREYANS INDUSTRIES LTD,123.37,125.6,121.76,123.77,123.5,122.49,,123.77,,,9043,1111221.15,208,F1,1,,,,,
2026-08-25,2026-08-25,CM,NSE,STK,756409,INE0DM401012,SHRIAHIMSA,ST,,,,,SHRI AHIMSA NATURALS LTD,457.0,457.5,449.0,453.05,452.0,435.75,,453.05,,,57000,26010510.0,78,F1,600,,,,,
2026-08-25,2026-08-25,CM,NSE,STK,762899,INE402H01015,SHBAJRG,EQ,,,,,SHRI BAJRANG ALLIANCE L,166.68,170.99,164.06,165.11,168.96,166.68,,165.01,,,2491,413520.2,90,F1,1,,,,,
2026-08-25,2026-08-25,CM,NSE,STK,758568,INE0NON01025,SHKSIL,SM,,,,,SHRI HARE-KRI SPO IRON L,32.8,33.45,32.8,33.45,33.45,34.4,,33.45,,,4000,132500.0,2,F1,2000,,,,,
2026-08-25,2026-08-25,CM,NSE,STK,764910,INE564J01026,SHRJAGP,EQ,,,,,SHRI JAGDAMBA POLYMERS L,700.0,700.0,664.1,699.15,699.15,699.7,,694.52,,,768,527505.05,97,F1,1,,,,,
2026-08-25,2026-08-25,CM,NSE,STK,760202,INE1V4601019,SHRIKANHA,SM,,,,,SHRI KANHA STAINLESS LTD,22.4,22.4,20.7,20.7,20.7,21.35,,20.7,,,6400,136160.0,4,F1,1600,,,,,
2026-08-25,2026-08-25,CM,NSE,STK,762909,INE997I01012,SHRIKRISH,EQ,,,,,SHRI KRISHNA DEVCON LTD.,38.2,38.2,38.2,38.2,38.2,38.01,,38.13,,,2,76.4,2,F1,1,,,,,
2026-08-25,2026-08-25,CM,NSE,STK,759093,INE1B3L01017,SHRINGARMS,EQ,,,,,SHRINGAR HOU OF MANGALS L,228.62,228.67,223.91,226.3,226.49,228.67,,226.29,,,202103,45632787.3,1456,F1,1,,,,,
2026-08-25,2026-08-25,CM,NSE,STK,24374,INF680P01422,LIQUIDSHRI,EQ,,,,,SHRIRAM - LIQUIDSHRI,1118.86,1118.88,1118.86,1118.88,1118.88,1118.59,,1118.88,,,1176,1315786.06,15,F1,1,,,,,
2026-08-25,2026-08-25,CM,NSE,STK,4306,INE721A01047,SHRIRAMFIN,EQ,,,,,SHRIRAM FINANCE LIMITED,1117.9,1138.5,1112.0,1138.5,1138.5,1119.0,,1138.48,,,2440583,2747106731.7,58690,F1,1,,,,,
2026-08-25,2026-08-25,CM,NSE,STK,7200,INE217L01019,SHRIRAMPPS,EQ,,,,,SHRIRAM PROPERTIES LTD,76.8,78.44,75.95,77.96,77.86,76.83,,77.96,,,314948,24359247.81,3597,F1,1,,,,,
2026-08-25,2026-08-25,CM,NSE,STK,25240,INE0UL701015,SHUBHSHREE,SM,,,,,SHUBHSHREE BIOFUELS ENE L,339.3,339.3,339.3,339.3,339.3,353.9,,339.3,,,300,101790.0,1,F1,300,,,,,
2026-08-25,2026-08-25,CM,NSE,STK,764537,INE551C01044,SHUKRAPHAR,EQ,,,,,SHUKRA PHARMACEUTICALS L,44.07,44.94,44.07,44.08,44.08,44.07,,44.08,,,1374828,60843035.05,2117,F1,1,,,,,
2026-08-25,2026-08-25,CM,NSE,STK,10192,INE979R01011,SHYAMCENT,BE,,,,,SHYAM CENTURY FERROUS LTD,5.05,5.13,4.8,4.89,4.89,4.89,,4.89,,,85749,419568.11,106,F1,1,,,,,
2026-08-25,2026-08-25,CM,NSE,STK,761213,INE1CRP01016,SHYAMDHANI,ST,,,,,SHYAM DHANI INDUSTRIES L,56.6,56.95,54.5,56.9,56.9,54.95,,56.9,,,46000,2525700.0,5,F1,2000,,,,,
2026-08-25,2026-08-25,CM,NSE,STK,4693,INE810G01011,SHYAMMETL,EQ,,,,,SHYAM METALICS AND ENGY L,1001.0,1017.8,991.7,1006.2,1007.3,1001.0,,1006.2,,,308203,309979960.4,11328,F1,1,,,,,
2026-08-25,2026-08-25,CM,NSE,STK,13740,INE635A01023,SHYAMTEL,EQ,,,,,SHYAM TELECOM LIMITED,13.51,14.94,13.51,13.86,14.4,13.99,,13.78,,,5876,82921.0,504,F1,1,,,,,
2026-08-25,2026-08-25,CM,NSE,STK,16875,INE176J01011,SICAGEN,EQ,,,,,SICAGEN INDIA LIMITED,53.0,55.0,53.0,54.8,54.8,53.55,,54.76,,,21991,1190319.28,319,F1,1,,,,,
2026-08-25,2026-08-25,CM,NSE,STK,19440,INE075B01020,SICALLOG,BE,,,,,SICAL LOGISTICS LIMITED,102.7,105.65,100.37,100.37,100.37,105.65,,100.37,,,75315,7596993.41,260,F1,1,,,,,
2026-08-25,2026-08-25,CM,NSE,STK,759053,INE0SVO01019,SIDDHICOTS,SM,,,,,SIDDHI COTSPIN LIMITED,27.25,27.6,27.25,27.55,27.55,27.6,,27.55,,,6000,164580.0,4,F1,1200,,,,,
2026-08-25,2026-08-25,CM,NSE,STK,3148,INE0A1E01018,SIDDHIKA,SM,,,,,SIDDHIKA COATINGS LIMITED,221.0,221.0,218.05,219.05,220.0,218.0,,219.05,,,3000,657100.0,4,F1,500,,,,,
2026-08-25,2026-08-25,CM,NSE,STK,756871,INE1NPP01017,ENRIN,EQ,,,,,SIEMENS ENERGY INDIA LTD,3490.0,3495.5,3371.0,3389.6,3390.1,3485.7,,3389.67,,,395921,1348927752.7,36940,F1,1,,,,,
2026-08-25,2026-08-25,CM,NSE,STK,3150,INE003A01024,SIEMENS,EQ,,,,,SIEMENS LTD,4114.0,4149.4,4060.0,4090.5,4090.5,4114.0,,4090.5,,,625842,2564601809.4,37749,F1,1,,,,,
2026-08-25,2026-08-25,CM,NSE,STK,6663,INE0D0K01022,SIGACHI,EQ,,,,,SIGACHI INDUSTRIES LTD,30.54,34.49,30.5,33.9,33.78,30.49,,33.9,,,16061164,535431971.99,56732,F1,1,,,,,
2026-08-25,2026-08-25,CM,NSE,STK,14793,INE933B01012,SIGMAADV,EQ,,,,,SIGMA ADVANCED SYSTEM LTD,692.7,692.7,692.7,692.7,692.7,659.75,,692.87,,,124322,86117849.4,604,F1,1,,,,,
2026-08-25,2026-08-25,CM,NSE,STK,16658,INE0A0S01028,SIGMA,EQ,,,,,SIGMA SOLVE LIMITED,48.48,48.99,47.61,48.64,48.4,48.48,,48.63,,,73686,3568241.43,1411,F1,1,,,,,
2026-08-25,2026-08-25,CM,NSE,STK,18743,INE903U01023,SIGNATURE,EQ,,,,,SIGNATUREGLOBAL INDIA LTD,795.0,799.05,785.0,790.6,791.4,795.4,,790.6,,,195902,155219366.2,6325,F1,1,,,,,
2026-08-25,2026-08-25,CM,NSE,STK,4517,INE529F01035,SIGIND,BE,,,,,SIGNET INDUSTRIES LIMITED,69.99,70.8,66.0,69.29,70.48,68.55,,69.08,,,20677,1396411.8,317,F1,1,,,,,
2026-08-25,2026-08-25,CM,NSE,STK,22656,INE0KGZ01021,SIGNPOST,EQ,,,,,SIGNPOST INDIA LIMITED,262.0,263.35,255.2,256.4,257.8,263.1,,256.42,,,66501,17137307.1,2881,F1,1,,,,,
2026-08-25,2026-08-25,CM,NSE,STK,762914,INE438E01032,SIKA,EQ,,,,,SIKA INTERPLANT SYSTEMS L,1044.0,1044.0,1011.0,1017.7,1017.4,1036.6,,1017.93,,,14880,15286945.3,1236,F1,1,,,,,
2026-08-25,2026-08-25,CM,NSE,STK,6226,INE112X01025,SIKKO,BE,,,,,SIKKO INDUSTRIES LIMITED,5.09,5.13,4.96,5.01,5.04,5.13,,5.01,,,378325,1908577.43,552,F1,1,,,,,
2026-08-25,2026-08-25,CM,NSE,STK,4105,INE923A01015,SILINV,EQ,,,,,SIL INVESTMENTS LIMITED,475.0,482.7,471.0,474.95,471.0,482.7,,474.95,,,3760,1791548.3,437,F1,1,,,,,
2026-08-25,2026-08-25,CM,NSE,STK,2492,INE01II01013,SILGO,EQ,,,,,SILGO RETAIL LIMITED,72.35,73.5,71.55,72.37,73.49,72.45,,72.37,,,187674,13552082.83,746,F1,1,,,,,
2026-08-25,2026-08-25,CM,NSE,STK,23736,INE0STN01015,SILKFLEX,SM,,,,,SILKFLEX POLYMERS INDIA L,231.5,231.5,231.5,231.5,231.5,220.5,,231.5,,,18000,4167000.0,13,F1,1000,,,,,
2026-08-25,2026-08-25,CM,NSE,STK,757679,INE0SN801015,SILKY,SM,,,,,SILKY OVERSEAS LIMITED,65.0,66.2,65.0,65.0,65.0,65.55,,65.0,,,35200,2290560.0,15,F1,800,,,,,
2026-08-25,2026-08-25,CM,NSE,STK,19097,INE203Y01012,SILLYMONKS,EQ,,,,,SILLY MONKS ENTERTAIN LTD,15.88,16.9,15.5,16.56,16.57,15.88,,16.56,,,89141,1433876.88,125,F1,1,,,,,
2026-08-25,2026-08-25,CM,NSE,STK,9422,INE625X01026,SILVERTUC,EQ,,,,,SILVER TOUCH TECHNO LTD,180.19,183.4,173.11,181.64,181.1,180.13,,181.64,,,527452,94421312.21,10622,F1,1,,,,,
2026-08-25,2026-08-25,CM,NSE,STK,758836,INE748T01016,SIMBHALS,BZ,,,,,SIMBHAOLI SUGARS LTD.,9.12,9.12,9.12,9.12,9.12,8.69,,9.15,,,17754,161916.48,32,F1,1,,,,,
2026-08-25,2026-08-25,CM,NSE,STK,763375,INE1K4J01018,SIMCA,SM,,,,,SIMCA ADVERTISING LIMITED,264.95,275.0,263.9,266.2,264.0,258.25,,266.2,,,38400,10284510.0,49,F1,600,,,,,
2026-08-25,2026-08-25,CM,NSE,STK,3162,INE059B01024,SIMPLEXINF,EQ,,,,,SIMPLEX INFRASTRUCTURES L,253.76,253.85,246.57,248.72,250.6,253.76,,248.72,,,18039,4499036.92,431,F1,1,,,,,
2026-08-25,2026-08-25,CM,NSE,STK,764915,INE167H01014,SIMPLXREA,EQ,,,,,SIMPLEX REALTY LTD.,132.0,132.0,132.0,132.0,132.0,125.95,,136.73,,,1,132.0,1,F1,1,,,,,
2026-08-25,2026-08-25,CM,NSE,STK,23480,INE985A01022,SINCLAIR,EQ,,,,,SINCLAIRS HOTELS LIMITED,75.16,76.79,74.11,74.59,74.8,75.32,,74.59,,,6856,514376.2,106,F1,1,,,,,
2026-08-25,2026-08-25,CM,NSE,STK,16859,INE325D01025,SINDHUTRAD,EQ,,,,,SINDHU TRADE LINKS LTD,24.05,24.95,23.26,23.8,23.6,24.02,,23.8,,,3990326,97815028.32,15277,F1,1,,,,,
2026-08-25,2026-08-25,CM,NSE,STK,761420,INE638A01035,SINGERIND,EQ,,,,,SINGER INDIA LIMITED,79.7,80.49,77.56,78.42,78.5,79.11,,78.42,,,37691,2951202.96,1348,F1,1,,,,,
2026-08-25,2026-08-25,CM,NSE,STK,381,INE129Z01016,SINTERCOM,EQ,,,,,SINTERCOM INDIA LIMITED,83.35,83.35,78.65,79.06,79.06,81.72,,79.06,,,782,62527.56,29,F1,1,,,,,
2026-08-25,2026-08-25,CM,NSE,STK,11050,INE792Z01011,SIRCA,EQ,,,,,SIRCA PAINT INDIA LIMITED,439.65,442.9,433.0,435.5,434.5,439.75,,435.5,,,319377,139862426.85,4072,F1,1,,,,,
2026-08-25,2026-08-25,CM,NSE,STK,21501,INE285J01028,SIS,EQ,,,,,SIS LIMITED,418.0,420.7,411.05,413.1,413.25,418.05,,413.11,,,194898,80985631.75,14943,F1,1,,,,,
2026-08-25,2026-08-25,CM,NSE,STK,29210,INE965H01011,SITINET,BZ,,,,,SITI NETWORKS LIMITED,0.28,0.29,0.27,0.27,0.28,0.28,,0.27,,,1097183,302788.86,293,F1,1,,,,,
2026-08-25,2026-08-25,CM,NSE,STK,14096,INE076B01028,SIYSIL,EQ,,,,,SIYARAM SILK MILLS LTD,592.95,593.95,562.1,567.2,567.0,588.45,,567.18,,,85777,49125099.4,5198,F1,1,,,,,
2026-08-25,2026-08-25,CM,NSE,STK,6643,INE284S01014,SJS,EQ,,,,,SJS ENTERPRISES LIMITED,2572.4,2582.9,2508.0,2551.3,2535.0,2561.7,,2551.31,,,125940,320760297.1,17270,F1,1,,,,,
2026-08-25,2026-08-25,CM,NSE,STK,18883,INE002L01015,SJVN,EQ,,,,,SJVN LTD,65.8,66.29,65.5,65.86,65.88,65.8,,65.86,,,1165561,76639124.62,11434,F1,1,,,,,
2026-08-25,2026-08-25,CM,NSE,STK,760101,INE2J8701016,SKFINDUS,EQ,,,,,SKF IND (INDUSTRIAL) LTD,2745.0,2809.6,2710.0,2732.0,2734.9,2748.1,,2731.98,,,33779,93161124.9,7368,F1,1,,,,,
2026-08-25,2026-08-25,CM,NSE,STK,3186,INE640A01023,SKFINDIA,EQ,,,,,SKF INDIA LTD,1596.0,1596.0,1561.1,1568.3,1568.0,1586.4,,1568.29,,,16848,26456476.8,2346,F1,1,,,,,
2026-08-25,2026-08-25,CM,NSE,STK,9428,INE439E01022,SKIPPER,EQ,,,,,SKIPPER LIMITED,577.0,588.0,542.5,549.2,546.6,575.0,,549.22,,,1191916,670355194.9,32270,F1,1,,,,,
2026-08-25,2026-08-25,CM,NSE,STK,4732,INE411D01023,SKMEGGPROD,EQ,,,,,SKM EGG PROD EXPORT(I) LT,256.0,261.1,253.21,259.36,259.5,256.8,,259.1,,,196031,50574862.46,4662,F1,1,,,,,
2026-08-25,2026-08-25,CM,NSE,STK,10325,INE0KZA01016,SKP,SM,,,,,SKP BEARING INDUSTRI. LTD,154.0,155.9,154.0,155.9,155.9,153.55,,155.9,,,1500,232900.0,3,F1,500,,,,,
2026-08-25,2026-08-25,CM,NSE,STK,13631,INE01IU01018,SKYGOLD,EQ,,,,,SKY GOLD AND DIAMONDS LTD,799.5,849.9,795.05,842.3,842.0,798.0,,842.27,,,1438311,1187224175.75,34395,F1,1,,,,,
2026-08-25,2026-08-25,CM,NSE,STK,765336,INE0VFE01017,SKYTECH,ST,,,,,SKYTECH INFINITE PLATFM L,63.5,63.5,63.5,63.5,63.5,66.8,,63.5,,,1600,101600.0,1,F1,1600,,,,,
2026-08-25,2026-08-25,CM,NSE,STK,23692,INE0SMA01017,SLONE,ST,,,,,SLONE INFOSYSTEMS LIMITED,158.0,160.0,151.0,157.8,160.0,158.45,,157.8,,,6000,937020.0,15,F1,400,,,,,
2026-08-25,2026-08-25,CM,NSE,STK,757622,INE14GK01016,SMARTEN,ST,,,,,SMARTEN POWER SYSTEMS LTD,52.85,57.85,52.85,56.25,57.0,55.6,,56.25,,,44400,2374740.0,23,F1,1200,,,,,
2026-08-25,2026-08-25,CM,NSE,STK,9893,INE178C01020,SMARTLINK,BE,,,,,SMARTLINK HOLDINGS LTD,225.0,227.25,222.75,223.15,223.0,225.76,,222.98,,,4071,914366.8,44,F1,1,,,,,
2026-08-25,2026-08-25,CM,NSE,STK,757965,INE0NAZ01010,SMARTWORKS,EQ,,,,,SMARTWORKS COWORKING SP L,554.0,567.9,534.0,540.25,540.0,550.5,,540.25,,,532459,295175493.85,22357,F1,1,,,,,
2026-08-25,2026-08-25,CM,NSE,STK,760218,INE05NX24023,8SMC29,N1,,,,,SMC 8% 2029 STRPP A,500.0,500.0,500.0,500.0,500.0,500.0,,505.0,,,10,5000.0,2,F1,1,,,,,
2026-08-25,2026-08-25,CM,NSE,STK,760219,INE05NX24031,8SMC30,N2,,,,,SMC 8% 2030 STRPP B,510.0,510.0,510.0,510.0,510.0,510.0,,510.0,,,10,5100.0,1,F1,1,,,,,
2026-08-25,2026-08-25,CM,NSE,STK,2320,INE103C01036,SMCGLOBAL,EQ,,,,,SMC GLOBAL SECURITIES LTD,79.51,80.84,78.5,78.88,78.9,79.73,,78.89,,,165780,13117871.53,1143,F1,1,,,,,
2026-08-25,2026-08-25,CM,NSE,STK,3387,INE294B01019,SMLMAH,EQ,,,,,SML MAHINDRA LIMITED,5238.0,5238.0,5151.5,5192.0,5190.0,5204.0,,5192.06,,,31101,161208724.0,4144,F1,1,,,,,
2026-08-25,2026-08-25,CM,NSE,STK,14329,INE812G01025,SMSPHARMA,EQ,,,,,SMS PHARMACEUTICALS LTD.,354.15,358.9,350.4,356.75,356.6,354.1,,356.75,,,170666,60542770.05,3968,F1,1,,,,,
2026-08-25,2026-08-25,CM,NSE,STK,758946,INE1OIC01018,SNEHAA,SM,,,,,SNEHAA ORGANICS LIMITED,42.5,43.95,42.05,43.95,43.95,44.2,,43.95,,,7000,300400.0,7,F1,1000,,,,,
2026-08-25,2026-08-25,CM,NSE,STK,4843,INE734N01019,SNOWMAN,EQ,,,,,SNOWMAN LOGISTICS LTD.,37.62,37.84,36.95,37.37,37.39,37.59,,37.37,,,181034,6738343.08,1431,F1,1,,,,,
2026-08-25,2026-08-25,CM,NSE,STK,13826,INE671H01015,SOBHA,EQ,,,,,SOBHA LIMITED,1301.8,1304.8,1272.7,1279.7,1277.1,1289.1,,1279.68,,,67121,86185502.0,9880,F1,1,,,,,
2026-08-25,2026-08-25,CM,NSE,STK,8266,INE728Z01015,SOFTTECH,EQ,,,,,SOFTTECH ENGINEERS LTD,425.0,425.0,416.1,420.25,422.9,419.15,,420.25,,,1671,702566.95,20,F1,1,,,,,
2026-08-25,2026-08-25,CM,NSE,STK,13332,INE343H01029,SOLARINDS,EQ,,,,,SOLAR INDUSTRIES (I) LTD,19925.0,19925.0,19665.0,19800.0,19800.0,19925.0,,19805.37,,,57783,1142465685.0,16841,F1,1,,,,,
2026-08-25,2026-08-25,CM,NSE,STK,3672,INE624Z01016,SOLARA,EQ,,,,,SOLARA ACTIVE PHA SCI LTD,629.95,652.2,622.65,628.55,627.4,629.1,,628.56,,,347879,221472063.1,15049,F1,1,,,,,
2026-08-25,2026-08-25,CM,NSE,STK,759929,INE0TY101024,SOLARWORLD,EQ,,,,,SOLARWORLD ENERGY SOL LTD,150.96,155.5,147.0,148.77,149.45,150.13,,148.78,,,461166,69791641.36,6021,F1,1,,,,,
2026-08-25,2026-08-25,CM,NSE,STK,759397,INE880Y01017,SOLEX,EQ,,,,,SOLEX ENERGY LIMITED,791.0,803.0,772.6,788.95,792.0,796.25,,788.93,,,36645,28830402.95,3005,F1,1,,,,,
2026-08-25,2026-08-25,CM,NSE,STK,24879,INE0U0201016,BALCO,SM,,,,,SOLVE PLASTIC PRODUCTS L,18.0,18.0,18.0,18.0,18.0,18.9,,18.0,,,3600,64800.0,3,F1,1200,,,,,
2026-08-25,2026-08-25,CM,NSE,STK,1338,INE480C01038,SDBL,EQ,,,,,SOM DIST & BREW LTD,73.02,73.54,72.35,72.73,72.9,73.02,,72.73,,,306898,22335827.21,3262,F1,1,,,,,
2026-08-25,2026-08-25,CM,NSE,STK,4201,INE314C01013,SOMATEX,EQ,,,,,SOMA TEXTILES & INDUST LT,86.04,88.89,86.0,87.1,86.2,86.79,,87.1,,,13757,1200334.78,130,F1,1,,,,,
2026-08-25,2026-08-25,CM,NSE,STK,3880,INE355A01028,SOMANYCERA,EQ,,,,,SOMANY CERAMICS LIMITED,552.0,558.3,536.2,539.35,542.0,552.1,,539.37,,,158984,86463475.05,6585,F1,1,,,,,
2026-08-25,2026-08-25,CM,NSE,STK,17794,INE323J01019,SOMICONVEY,EQ,,,,,SOMI CONVEYOR BELT. LTD.,98.62,99.2,93.2,94.06,94.9,97.36,,94.03,,,27526,2634200.72,872,F1,1,,,,,
2026-08-25,2026-08-25,CM,NSE,STK,4684,INE073K01018,SONACOMS,EQ,,,,,SONA BLW PRECISION FRGS L,805.8,814.0,803.0,808.8,808.8,813.5,,808.8,,,1442056,1163907712.35,48359,F1,1,,,,,
2026-08-25,2026-08-25,CM,NSE,STK,762919,INE321M01017,SONAL,EQ,,,,,SONAL MERCANTILE LTD.,92.8,92.8,85.2,85.2,85.2,89.4,,85.2,,,41,3652.82,4,F1,1,,,,,
2026-08-25,2026-08-25,CM,NSE,STK,8806,INE00LM01029,SONAMLTD,EQ,,,,,SONAM LIMITED,64.4,65.58,62.4,64.76,64.67,64.41,,64.76,,,88804,5717107.91,1856,F1,1,,,,,
2026-08-25,2026-08-25,CM,NSE,STK,6596,INE269A01021,SONATSOFTW,EQ,,,,,SONATA SOFTWARE LTD,307.0,307.05,297.05,298.45,298.1,306.75,,298.49,,,675756,203540811.3,13700,F1,1,,,,,
2026-08-25,2026-08-25,CM,NSE,STK,9678,INE980Y01015,SOUTHWEST,EQ,,,,,SOUTH WEST PINNACLE LTD,216.23,219.08,202.1,204.49,204.01,217.99,,204.47,,,361634,75234628.84,6786,F1,1,,,,,
2026-08-25,2026-08-25,CM,NSE,STK,19372,INE970N01027,SPCENET,EQ,,,,,SPACENET ENTERS IND LTD,3.43,3.44,3.33,3.34,3.33,3.38,,3.34,,,478699,1613512.3,515,F1,1,,,,,
2026-08-25,2026-08-25,CM,NSE,STK,11435,INE572J01011,SPANDANA,EQ,,,,,SPANDANA SPHOORTY FIN LTD,241.3,244.85,238.3,242.3,241.3,241.0,,242.29,,,116900,28286501.15,2992,F1,1,,,,,
2026-08-25,2026-08-25,CM,NSE,STK,760138,INE1CW901027,SPEB,ST,,,,,SPEB ADHESIVES LIMITED,90.25,90.5,90.25,90.5,90.5,88.55,,90.5,,,6000,542500.0,3,F1,2000,,,,,
2026-08-25,2026-08-25,CM,NSE,STK,27111,INE247M01014,SPECIALITY,BE,,,,,SPECIALITY REST LTD,145.1,150.0,140.1,142.23,142.26,146.24,,142.28,,,78948,11539994.23,343,F1,1,,,,,
2026-08-25,2026-08-25,CM,NSE,STK,30457,INE01EO01010,SPECTRUM,BE,,,,,SPECTRUM ELECTRIC IND LTD,2170.0,2227.8,2050.0,2190.2,2208.0,2144.3,,2189.94,,,7263,15503681.0,427,F1,1,,,,,
2026-08-25,2026-08-25,CM,NSE,STK,16876,INE0OL001018,SPECTSTM,SM,,,,,SPECTRUM TALENT MGMT LTD,62.5,62.5,60.0,61.2,61.95,62.5,,61.2,,,12000,730520.0,15,F1,800,,,,,
2026-08-25,2026-08-25,CM,NSE,STK,764920,INE252A01019,SPELS,EQ,,,,,SPEL SEMICONDUCTOR LTD,147.0,147.7,140.1,141.94,142.0,146.86,,141.97,,,56641,8095878.01,1635,F1,1,,,,,
2026-08-25,2026-08-25,CM,NSE,STK,8163,INE020801028,SPENCERS,EQ,,,,,SPENCER S RETAIL LIMITED,30.37,31.25,28.46,30.07,30.44,30.58,,30.16,,,111526,3336876.8,1576,F1,1,,,,,
2026-08-25,2026-08-25,CM,NSE,STK,3252,INE147A01011,SPIC,EQ,,,,,SPIC LTD,70.0,73.3,69.8,70.51,70.3,69.3,,70.51,,,3056299,219016206.46,15535,F1,1,,,,,
2026-08-25,2026-08-25,CM,NSE,STK,11935,INE978G01016,SPLIL,EQ,,,,,SPL INDUSTRIES LIMITED,30.49,30.95,30.25,30.5,30.5,30.25,,30.5,,,3829,117352.43,39,F1,1,,,,,
2026-08-25,2026-08-25,CM,NSE,STK,3321,INE937A01023,SPMLINFRA,EQ,,,,,SPML INFRA LIMITED,187.5,190.39,186.31,188.13,188.2,187.0,,188.14,,,101685,19153560.31,1967,F1,1,,,,,
2026-08-25,2026-08-25,CM,NSE,STK,10733,INE885H01029,SPORTKING,EQ,,,,,SPORTKING INDIA LIMITED,214.86,231.59,213.98,228.26,227.9,214.86,,228.26,,,1664375,376030645.13,27321,F1,1,,,,,
2026-08-25,2026-08-25,CM,NSE,STK,25306,INE0QR801013,SPPPOLY,SM,,,,,SPP POLYMER LIMITED,11.5,11.5,11.25,11.25,11.25,11.75,,11.25,,,4000,45500.0,2,F1,2000,,,,,
2026-08-25,2026-08-25,CM,NSE,STK,17186,INE526E01018,SHRIPISTON,EQ,,,,,SPR AUTO TECHNOLOGIES LTD,4785.8,4785.8,4570.6,4629.9,4641.0,4746.8,,4629.74,,,121225,561142507.4,26999,F1,1,,,,,
2026-08-25,2026-08-25,CM,NSE,STK,757865,INE19QH01010,SPUNWEB,SM,,,,,SPUNWEB NONWOVEN LIMITED,101.0,104.0,101.0,104.0,104.0,100.35,,104.0,,,4800,492000.0,4,F1,1200,,,,,
2026-08-25,2026-08-25,CM,NSE,STK,14582,INE917H01012,SRHHYPOLTD,EQ,,,,,SREE RAYALSEEMA HHP LTD.,480.0,480.4,470.05,471.9,473.0,476.9,,471.88,,,7472,3539201.4,421,F1,1,,,,,
2026-08-25,2026-08-25,CM,NSE,STK,31837,INE099F01013,SREEL,EQ,,,,,SREELEATHERS LIMITED,248.05,266.0,248.05,257.61,262.9,249.71,,257.6,,,51805,13420544.3,1351,F1,1,,,,,
2026-08-25,2026-08-25,CM,NSE,STK,3273,INE647A01010,SRF,EQ,,,,,SRF LTD,2589.0,2589.0,2543.5,2575.0,2575.0,2580.8,,2574.87,,,449862,1150586852.2,30171,F1,1,,,,,
2026-08-25,2026-08-25,CM,NSE,STK,18119,INE559N01010,SRGHFL,EQ,,,,,SRG HOUSING FINANCE L,260.0,264.9,255.1,256.6,255.2,256.0,,256.6,,,1244,322449.7,39,F1,1,,,,,
2026-08-25,2026-08-25,CM,NSE,STK,7457,INE293B01029,HAVISHA,EQ,,,,,SRI HAVISHA HOSP & INFR L,1.4,1.64,1.36,1.39,1.42,1.4,,1.39,,,126723,181295.62,190,F1,1,,,,,
2026-08-25,2026-08-25,CM,NSE,STK,765165,INE009C01019,SRIKPRIND,EQ,,,,,SRI KPR INDUSTRIES LTD.,20.02,22.55,20.02,20.06,20.06,19.79,,20.06,,,2953,61818.62,32,F1,1,,,,,
2026-08-25,2026-08-25,CM,NSE,STK,758147,INE0V9Q01010,LOTUSDEV,BE,,,,,SRI LOTUS DEVLPRS N RTY L,175.5,181.7,175.29,181.56,181.7,173.05,,181.58,,,2831800,509616143.77,3338,F1,1,,,,,
2026-08-25,2026-08-25,CM,NSE,STK,761393,INE0TPJ01019,SPCON,SM,,,,,SRINIBAS PRADHAN CONST L,149.0,149.0,149.0,149.0,149.0,151.0,,149.0,,,1200,178800.0,1,F1,1200,,,,,
2026-08-25,2026-08-25,CM,NSE,STK,18059,INE0ON201012,SSFL,ST,,,,,SRIVARI SPICES N FOODS L,230.0,241.5,230.0,241.5,241.5,230.0,,241.5,,,23500,5635225.0,44,F1,500,,,,,
2026-08-25,2026-08-25,CM,NSE,STK,14416,INE0NPI01014,SRIVASAVI,ST,,,,,SRIVASAVI ADHESIVE TAPE L,81.15,81.15,78.15,79.35,78.15,81.15,,79.35,,,12000,956200.0,8,F1,1000,,,,,
2026-08-25,2026-08-25,CM,NSE,STK,23402,INE0R6Z01013,SRM,EQ,,,,,SRM CONTRACTORS LIMITED,462.15,470.05,460.0,461.95,463.0,464.05,,461.98,,,64121,29812420.3,2182,F1,1,,,,,
2026-08-25,2026-08-25,CM,NSE,STK,29205,INE0RYC01010,STALLION,BE,,,,,STALLION IND FLUOROCHEM L,227.95,230.0,223.5,225.85,226.35,225.15,,225.86,,,218741,49323096.55,2064,F1,1,,,,,
2026-08-25,2026-08-25,CM,NSE,STK,29075,INE0M4D01010,SETL,EQ,,,,,STANDARD ENGNG TCNLGY LTD,312.0,322.35,300.0,314.75,315.0,312.35,,314.75,,,1681575,525201778.5,23178,F1,1,,,,,
2026-08-25,2026-08-25,CM,NSE,STK,11297,INE173A01025,SIL,EQ,,,,,STANDARD INDUSTRIES LTD.,20.65,20.65,19.77,19.95,19.9,20.15,,19.94,,,34840,696763.79,461,F1,1,,,,,
2026-08-25,2026-08-25,CM,NSE,STK,24226,INE01A001028,STANLEY,EQ,,,,,STANLEY LIFESTYLES LTD,136.5,137.5,134.2,135.08,134.5,136.03,,135.08,,,51482,6959403.92,1566,F1,1,,,,,
2026-08-25,2026-08-25,CM,NSE,STK,21091,INE460H01021,STARCEMENT,EQ,,,,,STAR CEMENT LIMITED,195.0,196.2,193.0,194.84,194.4,194.85,,194.86,,,112447,21843679.48,3755,F1,1,,,,,
2026-08-25,2026-08-25,CM,NSE,STK,7083,INE575P01011,STARHEALTH,EQ,,,,,STAR HEALTH & AL INS CO L,573.15,585.0,570.7,582.85,584.0,573.0,,582.85,,,253098,147181589.15,21738,F1,1,,,,,
2026-08-25,2026-08-25,CM,NSE,STK,3291,INE733A01018,STARPAPER,EQ,,,,,STAR PAPER MILLS LTD,146.8,148.8,143.02,147.89,147.98,145.91,,147.89,,,2578,377794.29,85,F1,1,,,,,
2026-08-25,2026-08-25,CM,NSE,STK,9305,INE992I01013,STARTECK,EQ,,,,,STARTECK FINANCE LIMITED,252.9,257.2,250.15,252.2,250.15,252.0,,252.2,,,7889,2013662.05,85,F1,1,,,,,
2026-08-25,2026-08-25,CM,NSE,STK,3045,INE062A01020,SBIN,EQ,,,,,STATE BANK OF INDIA,1036.0,1048.0,1031.3,1048.0,1048.0,1039.5,,1048.0,,,9982723,10387663669.9,111951,F1,1,,,,,
2026-08-25,2026-08-25,CM,NSE,STK,2963,INE114A01011,SAIL,EQ,,,,,STEEL AUTHORITY OF INDIA,180.7,186.89,180.3,184.59,184.59,179.65,,184.58,,,68905208,12713290127.64,198415,F1,1,,,,,
2026-08-25,2026-08-25,CM,NSE,STK,10406,INE395H01011,STEELCITY,EQ,,,,,STEEL CITY SECURITIES LTD,82.9,91.84,82.7,88.12,88.89,82.21,,88.12,,,141096,12529336.69,1227,F1,1,,,,,
2026-08-25,2026-08-25,CM,NSE,STK,21339,INE503B01021,STEELXIND,EQ,,,,,STEEL EXCHANGE INDIA LTD,10.81,11.13,10.75,10.8,10.79,10.9,,10.8,,,925914,10052488.47,2306,F1,1,,,,,
2026-08-25,2026-08-25,CM,NSE,STK,765170,INE205F01016,STLSTRINF,EQ,,,,,STEEL STRIPS INFRA L,22.0,22.41,17.31,19.97,20.0,19.61,,19.69,,,1991,40494.83,44,F1,1,,,,,
2026-08-25,2026-08-25,CM,NSE,STK,11829,INE802C01033,SSWL,EQ,,,,,STEEL STRIPS WHEELS LTD.,294.0,296.65,288.2,291.1,291.75,294.7,,291.07,,,410340,119300716.95,7524,F1,1,,,,,
2026-08-25,2026-08-25,CM,NSE,STK,6803,INE124E01038,STEELCAS,EQ,,,,,STEELCAST LIMITED,349.8,354.85,336.1,338.95,336.1,346.5,,338.98,,,77823,26636373.3,2572,F1,1,,,,,
2026-08-25,2026-08-25,CM,NSE,STK,21484,INE577L01016,STEL,EQ,,,,,STEL HOLDINGS LIMITED,625.0,625.0,605.05,613.4,613.0,617.6,,613.4,,,1636,1002870.85,146,F1,1,,,,,
2026-08-25,2026-08-25,CM,NSE,STK,6188,INE334A01023,STERTOOLS,BE,,,,,STERLING TOOLS LIMITED,223.45,223.45,220.0,221.7,221.9,223.45,,221.7,,,8569,1896691.1,229,F1,1,,,,,
2026-08-25,2026-08-25,CM,NSE,STK,9313,INE089C01029,STLTECH,BE,,,,,STERLITE TECHNOLOGIES LTD,662.9,667.0,648.0,651.35,648.75,658.5,,651.29,,,797817,522659562.5,15456,F1,1,,,,,
2026-08-25,2026-08-25,CM,NSE,STK,13367,INE353H01010,SGL,EQ,,,,,STL GLOBAL LIMITED,10.12,10.51,9.95,10.48,10.48,10.1,,10.48,,,19644,201888.95,136,F1,1,,,,,
2026-08-25,2026-08-25,CM,NSE,STK,758958,INE1VXE01018,STLNETWORK,EQ,,,,,STL NETWORKS LIMITED,26.05,26.34,25.4,25.66,25.64,25.61,,25.66,,,672492,17327529.18,1719,F1,1,,,,,
2026-08-25,2026-08-25,CM,NSE,STK,2107,INE00IN01015,STOVEKRAFT,EQ,,,,,STOVE KRAFT LIMITED,822.0,826.8,794.4,795.4,795.0,821.25,,795.4,,,160970,130075541.1,11086,F1,1,,,,,
2026-08-25,2026-08-25,CM,NSE,STK,761091,INE1XWN01017,STRIDERS,SM,,,,,STRIDERS IMPEX LIMITED,62.8,63.75,60.0,60.2,60.3,61.7,,60.2,,,14400,882240.0,9,F1,1600,,,,,
2026-08-25,2026-08-25,CM,NSE,STK,7374,INE939A01011,STAR,EQ,,,,,STRIDES PHARMA SCI LTD,999.0,1001.9,976.0,986.6,985.0,993.6,,986.6,,,209006,206168915.3,9937,F1,1,,,,,
2026-08-25,2026-08-25,CM,NSE,STK,12489,INE00M201021,SWSOLAR,EQ,,,,,STRLNG & WIL REN ENE LTD,191.47,197.91,188.82,197.1,197.1,191.46,,197.09,,,1171828,227027263.15,15157,F1,1,,,,,
2026-08-25,2026-08-25,CM,NSE,STK,759587,INE00Q601028,STUDDS,EQ,,,,,STUDDS ACCESSORIES LTD,446.65,452.0,446.5,450.75,451.6,450.0,,450.75,,,29823,13417874.1,1849,F1,1,,,,,
2026-08-25,2026-08-25,CM,NSE,STK,758527,INE17VO01028,STUDIOLSD,SM,,,,,STUDIO LSD LIMITED,9.05,9.15,9.05,9.15,9.15,9.05,,9.15,,,8000,73000.0,3,F1,2000,,,,,
2026-08-25,2026-08-25,CM,NSE,STK,5186,INE239C01020,STYLAMIND,EQ,,,,,STYLAM INDUSTRIES LIMITED,3573.2,3585.9,3510.0,3556.0,3525.0,3573.2,,3556.08,,,25105,88937856.0,6211,F1,1,,,,,
2026-08-25,2026-08-25,CM,NSE,STK,19,INE189B01011,STYRENIX,EQ,,,,,STYRENIX PERFORMANCE LTD,2096.0,2116.8,2064.0,2094.7,2090.0,2076.4,,2093.21,,,33543,70260926.4,3563,F1,1,,,,,
2026-08-25,2026-08-25,CM,NSE,STK,760112,INE0RYR01018,SUBAHOTELS,SM,,,,,SUBA HOTELS LIMITED,110.8,110.8,108.55,108.85,109.0,109.1,,108.85,,,12000,1312260.0,10,F1,1200,,,,,
2026-08-25,2026-08-25,CM,NSE,STK,967,INE754A01055,SUBEXLTD,EQ,,,,,SUBEX LTD,18.24,18.84,17.74,17.82,17.77,18.25,,17.82,,,3207134,58197894.03,5123,F1,1,,,,,
2026-08-25,2026-08-25,CM,NSE,STK,3324,INE287B01021,SUBROS,EQ,,,,,SUBROS LIMITED,729.3,738.45,727.0,729.5,729.8,729.3,,729.46,,,27861,20370104.55,2027,F1,1,,,,,
2026-08-25,2026-08-25,CM,NSE,STK,3327,INE659A01023,SUDARSCHEM,EQ,,,,,SUDARSHAN CHEMICAL INDS L,1236.0,1241.9,1217.6,1231.3,1234.0,1236.1,,1231.29,,,324675,399753894.0,21517,F1,1,,,,,
2026-08-25,2026-08-25,CM,NSE,STK,715,INE492A01029,SUDARCOLOR,EQ,,,,,SUDARSHAN COLORNT IND LTD,400.25,408.95,386.0,394.35,392.55,401.4,,394.8,,,13641,5416702.5,1148,F1,1,,,,,
2026-08-25,2026-08-25,CM,NSE,STK,760039,INE0QPI01025,SUDEEPPHRM,EQ,,,,,SUDEEP PHARMA LIMITED,1131.15,1137.2,1103.6,1127.2,1113.0,1131.15,,1127.25,,,149508,167425406.35,9249,F1,1,,,,,
2026-08-25,2026-08-25,CM,NSE,STK,11804,INE450E01029,SUKHJITS,EQ,,,,,SUKHJIT STARCH & CHEM LTD,161.01,162.69,158.6,159.78,159.76,159.95,,159.8,,,16377,2625426.69,366,F1,1,,,,,
2026-08-25,2026-08-25,CM,NSE,STK,13218,INE142Q01026,SULA,EQ,,,,,SULA VINEYARDS LIMITED,145.53,147.51,143.5,146.79,146.75,144.53,,146.78,,,277656,40288398.92,3824,F1,1,,,,,
2026-08-25,2026-08-25,CM,NSE,STK,765175,INE886B01012,SUMEDHA,EQ,,,,,SUMEDHA FISCAL SERVICES L,42.0,42.0,38.56,39.01,39.01,39.08,,39.12,,,4396,171978.44,39,F1,1,,,,,
2026-08-25,2026-08-25,CM,NSE,STK,20790,INE235C01036,SUMEETINDS,EQ,,,,,SUMEET IND LIMITED,13.25,13.27,12.88,12.95,12.93,13.18,,12.95,,,1223467,15869657.3,2386,F1,1,,,,,
2026-08-25,2026-08-25,CM,NSE,STK,11140,INE748Z01013,SUMIT,EQ,,,,,SUMIT WOODS LIMITED,57.0,57.0,50.03,51.72,52.48,50.92,,51.72,,,71610,3738587.73,576,F1,1,,,,,
2026-08-25,2026-08-25,CM,NSE,STK,17105,INE258G01013,SUMICHEM,EQ,,,,,SUMITOMO CHEM INDIA LTD,527.7,530.3,518.3,521.5,523.7,523.45,,521.48,,,151006,78926614.05,6362,F1,1,,,,,
2026-08-25,2026-08-25,CM,NSE,STK,21275,INE519C01017,SUMMITSEC,EQ,,,,,SUMMIT SECURITIES LTD,1416.9,1433.0,1410.0,1422.3,1424.0,1416.9,,1422.28,,,1547,2193741.4,305,F1,1,,,,,
2026-08-25,2026-08-25,CM,NSE,STK,14788,INE232I01014,SPARC,EQ,,,,,SUN PHARMA ADV.RES.CO.LTD,194.99,197.46,192.0,194.46,194.5,195.04,,194.44,,,303427,58868211.07,6399,F1,1,,,,,
2026-08-25,2026-08-25,CM,NSE,STK,3351,INE044A01036,SUNPHARMA,EQ,,,,,SUN PHARMACEUTICAL IND L,1906.5,1922.0,1896.2,1922.0,1922.0,1910.0,,1921.98,,,1221044,2335344990.1,70344,F1,1,,,,,
2026-08-25,2026-08-25,CM,NSE,STK,13404,INE424H01027,SUNTV,EQ,,,,,SUN TV NETWORK LIMITED,470.3,471.0,465.6,468.9,468.85,468.75,,468.89,,,210263,98456311.0,10036,F1,1,,,,,
2026-08-25,2026-08-25,CM,NSE,STK,20956,INE0Q3R01026,SUNCLAY,EQ,,,,,SUNDARAM CLAYTON LIMITED,1258.5,1280.0,1250.1,1268.3,1265.0,1255.6,,1268.3,,,6136,7787864.0,476,F1,1,,,,,
2026-08-25,2026-08-25,CM,NSE,STK,3339,INE660A01013,SUNDARMFIN,EQ,,,,,SUNDARAM FINANCE LTD,4505.1,4534.0,4478.0,4518.2,4525.0,4505.1,,4518.25,,,20841,93767080.2,6000,F1,1,,,,,
2026-08-25,2026-08-25,CM,NSE,STK,18931,INE108E01023,SUNDARAM,EQ,,,,,SUNDARAM MULTI PAP LTD,1.23,1.26,1.23,1.24,1.25,1.25,,1.24,,,235203,293431.14,222,F1,1,,,,,
2026-08-25,2026-08-25,CM,NSE,STK,9848,INE073D01013,SUNDRMBRAK,BE,,,,,SUNDARAMBRAKE LININGS LTD,774.0,797.7,756.05,789.85,789.85,789.8,,789.85,,,1469,1135190.05,69,F1,1,,,,,
2026-08-25,2026-08-25,CM,NSE,STK,3345,INE387A01021,SUNDRMFAST,EQ,,,,,SUNDRAM FASTENERS LTD,1222.0,1225.7,1201.45,1207.0,1208.0,1219.25,,1206.99,,,180364,218303129.45,11337,F1,1,,,,,
2026-08-25,2026-08-25,CM,NSE,STK,761202,INE0CTB01014,SOCL,SM,,,,,SUNDREX OIL COMPANY LTD,28.8,29.9,28.6,29.0,29.0,29.0,,29.0,,,16000,467360.0,10,F1,1600,,,,,
2026-08-25,2026-08-25,CM,NSE,STK,1663,INE209A01019,SUNDROP,EQ,,,,,SUNDROP BRANDS LIMITED,645.05,665.5,645.05,658.95,657.5,644.05,,658.95,,,25516,16740181.6,661,F1,1,,,,,
2026-08-25,2026-08-25,CM,NSE,STK,3348,INE947A01014,SUNFLAG,EQ,,,,,SUNFLAG IRON AND STEEL CO,354.9,356.9,347.05,348.35,347.6,354.05,,348.35,,,144595,50656744.15,2977,F1,1,,,,,
2026-08-25,2026-08-25,CM,NSE,STK,18264,INE0O3O01017,SEL,SM,,,,,SUNGARNER ENERGIES LTD,290.0,300.5,290.0,299.45,300.5,300.5,,299.45,,,2200,651260.0,9,F1,200,,,,,
2026-08-25,2026-08-25,CM,NSE,STK,765180,INE671C01016,SUNLOC,EQ,,,,,SUNIL HEALTHCARE LTD.,72.49,72.49,70.0,70.0,70.0,72.49,,70.0,,,102,7164.84,6,F1,1,,,,,
2026-08-25,2026-08-25,CM,NSE,STK,24868,INE0U2N01013,SUNLITE,SM,,,,,SUNLITE RECYCLING IND LTD,512.6,522.95,503.1,508.4,505.1,510.1,,508.4,,,13200,6761355.0,41,F1,300,,,,,
2026-08-25,2026-08-25,CM,NSE,STK,764925,INE671K01027,SUNRAKSHAK,EQ,,,,,SUNRAKSHAKK INDUS IND L,373.1,375.0,371.95,372.85,373.0,380.45,,372.88,,,10427,3894975.2,134,F1,1,,,,,
2026-08-25,2026-08-25,CM,NSE,STK,765264,INE0PLZ20020,SUN-RE,ST,,,,,SUNREST LIFE LTD,1.6,1.6,1.3,1.3,1.3,1.6,,1.3,,,91200,131840.0,26,F1,1600,,,,,
2026-08-25,2026-08-25,CM,NSE,STK,20213,INE0PLZ01012,SUNREST,SM,,,,,SUNREST LIFESCIENCE LTD,41.0,45.0,38.55,40.25,41.95,41.0,,40.25,,,67200,2856640.0,38,F1,1600,,,,,
2026-08-25,2026-08-25,CM,NSE,STK,764930,INE199E01014,SUNSHIEL,EQ,,,,,SUNSHIELD CHEMICALS LTD.,1232.0,1232.0,1152.1,1178.6,1191.0,1208.0,,1178.56,,,1488,1769784.4,329,F1,1,,,,,
2026-08-25,2026-08-25,CM,NSE,STK,765387,INE1B3O01011,SUNSHINE,EQ,,,,,SUNSHINE PICTURES LIMITED,395.9,395.9,365.6,369.2,369.0,360.0,,369.19,,,15611716,5915646071.5,187419,F1,1,,,,,
2026-08-25,2026-08-25,CM,NSE,STK,757763,INE0SGZ01016,SUNTECH,SM,,,,,SUNTECH INFRA SOLUTIONS L,35.0,37.9,34.0,36.0,36.0,35.0,,36.0,,,19200,688560.0,12,F1,1600,,,,,
2026-08-25,2026-08-25,CM,NSE,STK,17641,INE805D01034,SUNTECK,EQ,,,,,SUNTECK REALTY LIMITED,309.85,320.0,306.0,314.0,314.85,307.35,,314.0,,,511625,159855259.05,14399,F1,1,,,,,
2026-08-25,2026-08-25,CM,NSE,STK,8931,INE662A01027,SUPERSPIN,BE,,,,,SUPER SPINNING MILLS LTD,6.03,6.05,5.98,6.05,6.05,5.98,,5.96,,,35009,211114.63,15,F1,1,,,,,
2026-08-25,2026-08-25,CM,NSE,STK,764935,INE460D01038,SUPTANERY,EQ,,,,,SUPER TANNERY LTD.,10.94,11.57,10.73,11.57,11.57,10.52,,11.89,,,1042614,11883628.77,1847,F1,1,,,,,
2026-08-25,2026-08-25,CM,NSE,STK,20616,INE712B01010,SUPERHOUSE,EQ,,,,,SUPERHOUSE LIMITED,168.0,178.0,168.0,176.19,176.94,167.86,,176.22,,,35790,6282763.22,813,F1,1,,,,,
2026-08-25,2026-08-25,CM,NSE,STK,3147,INE843L01012,SIEL,EQ,,,,,SUPERIOR INDUSTRIAL ENT L,34.57,34.57,34.57,34.57,34.57,36.38,,34.57,,,360,12445.2,16,F1,1,,,,,
2026-08-25,2026-08-25,CM,NSE,STK,11689,INE399C01030,SUPRAJIT,EQ,,,,,SUPRAJIT ENGINEERING LTD,511.3,511.3,496.85,503.25,503.0,507.75,,503.24,,,53232,26685865.95,4832,F1,1,,,,,
2026-08-25,2026-08-25,CM,NSE,STK,758997,INE319Z01021,SUPREMEENG,BZ,,,,,SUPREME ENGINEERING LTD,2.63,2.63,2.63,2.63,2.63,2.58,,2.63,,,176217,463450.71,83,F1,1,,,,,
2026-08-25,2026-08-25,CM,NSE,STK,29439,INE822E01011,SUPREME,EQ,,,,,SUPREME HOLDIN N HOSP I L,40.5,40.89,38.6,39.5,39.5,39.67,,39.5,,,11120,438913.75,143,F1,1,,,,,
2026-08-25,2026-08-25,CM,NSE,STK,3363,INE195A01028,SUPREMEIND,EQ,,,,,SUPREME INDUSTRIES LTD,3588.1,3614.3,3563.3,3593.0,3593.0,3601.0,,3593.01,,,226949,813107963.5,19874,F1,1,,,,,
2026-08-25,2026-08-25,CM,NSE,STK,15002,INE550H01011,SUPREMEINF,EQ,,,,,SUPREME INFRA. LTD.,86.4,90.5,85.15,85.86,87.0,86.36,,85.88,,,23622,2062762.61,286,F1,1,,,,,
2026-08-25,2026-08-25,CM,NSE,STK,9617,INE663A01033,SPLPETRO,EQ,,,,,SUPREME PETROCHEM LIMITED,691.15,702.5,688.05,700.25,701.1,691.4,,700.35,,,25715,17916017.2,2905,F1,1,,,,,
2026-08-25,2026-08-25,CM,NSE,STK,21067,INE0QHG01026,SUPREMEPWR,SM,,,,,SUPREME POWER EQUIPMENT L,227.0,232.9,225.55,226.15,226.2,232.05,,226.15,,,45500,10370725.0,73,F1,500,,,,,
2026-08-25,2026-08-25,CM,NSE,STK,7390,INE07RO01027,SUPRIYA,EQ,,,,,SUPRIYA LIFESCIENCE LTD,797.15,815.0,790.0,791.65,791.0,797.15,,791.63,,,116383,92529518.55,7829,F1,1,,,,,
2026-08-25,2026-08-25,CM,NSE,STK,20822,INE843S01025,SURAJEST,EQ,,,,,SURAJ ESTATE DEVELOPERS L,195.0,197.0,194.05,196.6,197.0,195.29,,196.59,,,72870,14203972.49,552,F1,1,,,,,
2026-08-25,2026-08-25,CM,NSE,STK,24966,INE713C01016,SURAJLTD,EQ,,,,,SURAJ LIMITED,210.0,210.0,205.03,208.06,208.86,209.51,,208.06,,,147,30510.57,27,F1,1,,,,,
2026-08-25,2026-08-25,CM,NSE,STK,27334,INE877V01027,SURAKSHA,EQ,,,,,SURAKSHA DIAGNOSTIC LTD,323.1,324.2,313.1,317.85,318.0,323.1,,317.84,,,73144,23173654.25,2726,F1,1,,,,,
2026-08-25,2026-08-25,CM,NSE,STK,21077,INE272L01022,SURANASOL,EQ,,,,,SURANA SOLAR LIMITED,25.9,26.09,25.54,25.98,26.09,25.54,,25.98,,,19213,497120.57,284,F1,1,,,,,
2026-08-25,2026-08-25,CM,NSE,STK,10700,INE130B01031,SURANAT&P,EQ,,,,,SURANA TELECOM AND POW LT,16.25,16.4,16.1,16.24,16.21,16.23,,16.24,,,21136,343931.27,247,F1,1,,,,,
2026-08-25,2026-08-25,CM,NSE,STK,8513,INE01ZJ01015,SURANI,SM,,,,,SURANI STEEL TUBES LTD.,96.7,103.5,96.45,100.0,100.0,96.6,,100.0,,,5000,503100.0,12,F1,200,,,,,
2026-08-25,2026-08-25,CM,NSE,STK,14139,INE05ST01028,SBGLP,EQ,,,,,SURATWWALA BUS GROUP LTD,24.16,24.74,23.97,24.35,24.5,24.15,,24.35,,,25832,627024.63,193,F1,1,,,,,
2026-08-25,2026-08-25,CM,NSE,STK,3375,INE335A01020,SURYAROSNI,EQ,,,,,SURYA ROSHNI LTD,218.38,221.19,217.7,220.23,219.8,219.13,,220.23,,,352647,77448725.48,7774,F1,1,,,,,
2026-08-25,2026-08-25,CM,NSE,STK,11852,INE713B01026,SURYALAXMI,EQ,,,,,SURYALAKSHMI COT MIL LTD,56.96,56.96,56.2,56.34,56.4,56.68,,56.42,,,414,23297.11,14,F1,1,,,,,
2026-08-25,2026-08-25,CM,NSE,STK,762924,INE132C01027,SURYALA,EQ,,,,,SURYALATA SPINNING MILL L,381.0,384.0,371.05,383.15,384.0,381.65,,383.15,,,333,125910.0,54,F1,1,,,,,
2026-08-25,2026-08-25,CM,NSE,STK,2970,INE428Q01011,SURYODAY,EQ,,,,,SURYODAY SMALL FIN BK LTD,156.33,157.21,150.15,151.02,150.99,157.12,,151.02,,,1556170,236533907.08,15832,F1,1,,,,,
2026-08-25,2026-08-25,CM,NSE,STK,13804,INE645H01027,SUTLEJTEX,BE,,,,,SUTLEJ TEXT & INDUS LTD,38.3,38.99,38.01,38.02,38.02,38.44,,37.95,,,13775,526732.47,69,F1,1,,,,,
2026-08-25,2026-08-25,CM,NSE,STK,11233,INE495B01038,SUVEN,EQ,,,,,SUVEN LIFE SCIENCES LTD,367.0,374.8,356.65,360.05,359.55,369.75,,360.06,,,540439,196805042.25,14991,F1,1,,,,,
2026-08-25,2026-08-25,CM,NSE,STK,2998,INE018401013,SUVIDHAA,EQ,,,,,SUVIDHAA INFOSERVE LTD,2.39,2.43,2.26,2.31,2.27,2.36,,2.31,,,238921,551423.19,322,F1,1,,,,,
2026-08-25,2026-08-25,CM,NSE,STK,24851,INE442P01014,SUYOG,EQ,,,,,SUYOG TELEMATICS LIMITED,748.2,755.95,740.0,742.2,742.45,746.35,,742.2,,,9564,7133032.3,982,F1,1,,,,,
2026-08-25,2026-08-25,CM,NSE,STK,12018,INE040H01021,SUZLON,EQ,,,,,SUZLON ENERGY LIMITED,47.06,47.16,46.25,46.75,46.75,47.05,,46.75,,,47183588,2199803621.44,79321,F1,1,,,,,
2026-08-25,2026-08-25,CM,NSE,STK,5020,INE308E01029,SVPGLOB,EQ,,,,,SVP GLOBAL TEXTILES LTD,3.63,3.92,3.63,3.73,3.72,3.74,,3.75,,,36542,138596.75,75,F1,1,,,,,
2026-08-25,2026-08-25,CM,NSE,STK,27095,INE665A01038,SWANCORP,EQ,,,,,SWAN CORP LIMITED,302.45,303.75,297.5,299.4,298.85,302.9,,299.38,,,910671,273238257.9,11416,F1,1,,,,,
2026-08-25,2026-08-25,CM,NSE,STK,29164,INE542F01020,SWANDEF,BE,,,,,SWAN DEFENCE N HEVY IND L,2330.7,2377.0,2301.1,2333.8,2328.1,2330.7,,2333.4,,,106478,248077462.9,451,F1,1,,,,,
2026-08-25,2026-08-25,CM,NSE,STK,3384,INE277A01016,SWARAJENG,EQ,,,,,SWARAJ ENGINES LTD,3558.9,3563.2,3545.0,3551.7,3560.0,3558.9,,3551.73,,,3365,11950561.8,829,F1,1,,,,,
2026-08-25,2026-08-25,CM,NSE,STK,764494,INE0GMR01016,SWARAJ,EQ,,,,,SWARAJ SUITING LIMITED,373.5,378.0,371.25,377.1,377.8,372.55,,377.1,,,218954,81986764.6,1431,F1,1,,,,,
2026-08-25,2026-08-25,CM,NSE,STK,765185,INE967A01012,SWARNSAR,EQ,,,,,SWARNSARITA JEWELS IND L,36.5,36.5,34.0,35.49,34.26,35.2,,35.6,,,1173,40549.41,40,F1,1,,,,,
2026-08-25,2026-08-25,CM,NSE,STK,11497,INE0DGC01025,SWASTIK,ST,,,,,SWASTIK PIPE LIMITED,19.95,19.95,19.0,19.0,19.0,19.95,,19.0,,,2400,46740.0,2,F1,1200,,,,,
2026-08-25,2026-08-25,CM,NSE,STK,11909,INE409B01013,SWELECTES,EQ,,,,,SWELECT ENERGY SYS LTD,592.0,610.0,587.9,601.95,600.0,594.0,,602.27,,,21753,13140810.65,1470,F1,1,,,,,
2026-08-25,2026-08-25,CM,NSE,STK,27066,INE00H001014,SWIGGY,EQ,,,,,SWIGGY LIMITED,282.8,291.0,282.0,287.4,287.4,284.25,,287.39,,,20041501,5764749572.3,101028,F1,1,,,,,
2026-08-25,2026-08-25,CM,NSE,STK,765190,INE010C01025,SWISSMLTRY,EQ,,,,,SWISS MILITARY CON GOOD L,17.42,18.3,17.05,17.53,17.34,17.49,,17.53,,,195410,3479031.74,661,F1,1,,,,,
2026-08-25,2026-08-25,CM,NSE,STK,24267,INE01IH01015,SYLVANPLY,SM,,,,,SYLVAN PLYBOARD (INDIA) L,51.45,51.45,51.45,51.45,51.45,49.0,,51.45,,,4000,205800.0,2,F1,2000,,,,,
2026-08-25,2026-08-25,CM,NSE,STK,24190,INE225D01027,SYMPHONY,EQ,,,,,SYMPHONY LIMITED,597.75,604.6,592.05,595.45,596.9,597.75,,595.46,,,56866,33942244.5,3579,F1,1,,,,,
2026-08-25,2026-08-25,CM,NSE,STK,11992,INE312C01025,SYNCOMF,EQ,,,,,SYNCOM FORMU (I) LTD,17.35,18.15,16.85,17.56,17.54,17.18,,17.56,,,11734374,206398719.71,38648,F1,1,,,,,
2026-08-25,2026-08-25,CM,NSE,STK,5114,INE00QT01015,SGIL,EQ,,,,,SYNERGY GREEN IND. LTD,575.2,583.8,564.5,575.45,575.0,575.85,,575.45,,,13932,8004656.0,563,F1,1,,,,,
2026-08-25,2026-08-25,CM,NSE,STK,10243,INE398R01022,SYNGENE,EQ,,,,,SYNGENE INTERNATIONAL LTD,398.55,407.0,396.25,406.4,406.0,398.55,,406.41,,,399141,160447186.45,10865,F1,1,,,,,
2026-08-25,2026-08-25,CM,NSE,STK,10793,INE0DYJ01015,SYRMA,EQ,,,,,SYRMA SGS TECHNOLOGY LTD,1459.9,1467.6,1442.0,1458.1,1460.0,1459.9,,1458.12,,,522653,760860701.3,27035,F1,1,,,,,
2026-08-25,2026-08-25,CM,NSE,STK,14506,INE0O7R01011,SYSTANGO,SM,,,,,SYSTANGO TECHNOLOGIES LTD,214.05,214.95,212.1,213.95,213.95,216.2,,213.95,,,7200,1533800.0,18,F1,400,,,,,
2026-08-25,2026-08-25,CM,NSE,STK,759358,INE356B01024,SYSTMTXC,BE,,,,,SYSTEMATIX CORP SERVICE L,56.99,58.0,56.0,56.79,57.55,56.98,,56.99,,,2998,169383.24,54,F1,1,,,,,
2026-08-25,2026-08-25,CM,NSE,STK,764955,INE284B01028,TGVSL,EQ,,,,,T G V SRAAC LTD.,106.0,107.73,104.74,106.1,106.7,106.06,,106.19,,,95719,10158369.6,1578,F1,1,,,,,
2026-08-25,2026-08-25,CM,NSE,STK,14314,INE592B01024,TTL,EQ,,,,,T T LIMITED,6.3,6.7,6.29,6.49,6.49,6.3,,6.48,,,1132724,7294446.05,585,F1,1,,,,,
2026-08-25,2026-08-25,CM,NSE,STK,762929,INE524T01011,TAALTECH,EQ,,,,,TAAL TECH LTD.,4365.8,4525.0,4352.1,4501.3,4510.0,4365.8,,4501.32,,,9985,44879163.1,1406,F1,1,,,,,
2026-08-25,2026-08-25,CM,NSE,STK,23441,INE0SOY01013,TAC,ST,,,,,TAC INFOSEC LIMITED,413.3,433.0,413.3,421.6,422.0,414.85,,421.6,,,31800,13446550.0,125,F1,200,,,,,
2026-08-25,2026-08-25,CM,NSE,STK,3396,INE123C01018,TAINWALCHM,EQ,,,,,TAINWALA CHEMICAL AND PLA,220.0,220.0,211.0,212.6,211.28,218.11,,212.6,,,3701,787695.71,175,F1,1,,,,,
2026-08-25,2026-08-25,CM,NSE,STK,9354,INE586B01026,TAJGVK,EQ,,,,,TAJ GVK HOTELS & RESORTS,353.35,354.0,346.35,349.2,350.0,353.35,,349.26,,,39904,13951223.0,2150,F1,1,,,,,
2026-08-25,2026-08-25,CM,NSE,STK,14917,INE142I01023,TAKE,EQ,,,,,TAKE LIMITED,19.05,19.29,18.81,18.81,18.81,19.79,,18.82,,,136670,2587009.62,555,F1,1,,,,,
2026-08-25,2026-08-25,CM,NSE,STK,13648,INE187D01029,TALBROAUTO,EQ,,,,,TALBROS AUTO. COMP. LTD,421.25,421.25,407.15,409.4,409.0,418.4,,409.39,,,82064,33709994.8,3581,F1,1,,,,,
2026-08-25,2026-08-25,CM,NSE,STK,762937,INE864J01012,TAMBOLIIN,BE,,,,,TAMBOLI INDUSTRIES LTD.,245.0,245.0,240.05,245.0,245.0,245.0,,246.58,,,2007,488778.58,34,F1,1,,,,,
2026-08-25,2026-08-25,CM,NSE,STK,10945,INE668A01016,TMB,EQ,,,,,TAMILNAD MERCA BANK LTD,877.0,888.95,868.0,871.45,873.5,875.1,,871.47,,,71824,62989459.05,6106,F1,1,,,,,
2026-08-25,2026-08-25,CM,NSE,STK,3980,INE107A01015,TNPL,EQ,,,,,TAMILNADU NEWSPRT & PAPER,141.99,142.85,140.21,141.1,141.75,142.09,,141.1,,,148144,20977087.43,2488,F1,1,,,,,
2026-08-25,2026-08-25,CM,NSE,STK,3509,INE148A01019,TNPETRO,EQ,,,,,TAMILNADU PETROPRODUCTS L,116.07,116.93,113.13,114.21,113.2,116.34,,114.22,,,232243,26743090.45,3614,F1,1,,,,,
2026-08-25,2026-08-25,CM,NSE,STK,3512,INE141D01018,TNTELE,EQ,,,,,TAMILNADU TELECOMMUNICATI,9.16,9.16,8.81,9.04,9.05,9.06,,9.05,,,28857,258557.93,88,F1,1,,,,,
2026-08-25,2026-08-25,CM,NSE,STK,764945,INE692C01020,TANAA,EQ,,,,,TANEJA AEROSPACE & AVIA L,307.5,307.5,296.0,298.7,299.8,303.9,,299.0,,,7812,2333211.05,438,F1,1,,,,,
2026-08-25,2026-08-25,CM,NSE,STK,756338,INE0Z7N01017,TANKUP,ST,,,,,TANKUP ENGINEERS LIMITED,1280.0,1280.0,1280.0,1280.0,1280.0,1300.0,,1280.0,,,500,640000.0,2,F1,250,,,,,
2026-08-25,2026-08-25,CM,NSE,STK,13976,INE483C01032,TANLA,EQ,,,,,TANLA PLATFORMS LIMITED,567.7,573.15,553.3,556.05,557.0,564.4,,556.01,,,415425,231933961.1,12758,F1,1,,,,,
2026-08-25,2026-08-25,CM,NSE,STK,23512,INE555Z01020,TARACHAND,EQ,,,,,TARA CHAND INFRA SOLN LTD,48.01,48.56,47.6,47.87,48.0,48.53,,47.87,,,38349,1838450.81,349,F1,1,,,,,
2026-08-25,2026-08-25,CM,NSE,STK,18827,INE747K01017,TARAPUR,EQ,,,,,TARAPUR TRANSFORMERS LTD,15.79,15.8,15.02,15.23,15.16,15.55,,15.23,,,38119,579259.54,219,F1,1,,,,,
2026-08-25,2026-08-25,CM,NSE,STK,1581,INE0EK901012,TARC,EQ,,,,,TARC LIMITED,122.53,123.85,120.25,120.76,120.6,122.53,,120.76,,,685879,83539510.7,8053,F1,1,,,,,
2026-08-25,2026-08-25,CM,NSE,STK,14771,INE924H01018,TARMAT,EQ,,,,,TARMAT LIMITED,50.03,55.45,49.6,54.23,54.5,50.14,,54.24,,,96996,5197836.2,1012,F1,1,,,,,
2026-08-25,2026-08-25,CM,NSE,STK,6943,INE144Z01023,TARSONS,EQ,,,,,TARSONS PRODUCTS LIMITED,342.7,349.3,340.0,345.5,345.0,346.85,,345.53,,,108605,37534091.05,3360,F1,1,,,,,
2026-08-25,2026-08-25,CM,NSE,STK,20092,INE488B01017,TASTYBITE,EQ,,,,,TASTY BITE EATABLES LTD,10100.0,10156.5,9926.0,10083.0,10017.5,10109.0,,10081.76,,,2586,25935124.0,773,F1,1,,,,,
2026-08-25,2026-08-25,CM,NSE,STK,759265,INE976I01016,TATACAP,EQ,,,,,TATA CAPITAL LIMITED,363.55,364.45,360.5,363.75,363.5,364.45,,363.75,,,376228,136549342.7,11943,F1,1,,,,,
2026-08-25,2026-08-25,CM,NSE,STK,3405,INE092A01019,TATACHEM,EQ,,,,,TATA CHEMICALS LTD,632.0,632.5,624.0,626.35,627.05,626.95,,626.34,,,277685,174017516.35,9985,F1,1,,,,,
2026-08-25,2026-08-25,CM,NSE,STK,3721,INE151A01013,TATACOMM,EQ,,,,,TATA COMMUNICATIONS LTD,1688.7,1710.9,1677.3,1699.9,1700.0,1688.5,,1699.9,,,416394,706823904.9,23543,F1,1,,,,,
2026-08-25,2026-08-25,CM,NSE,STK,11536,INE467B01029,TCS,EQ,,,,,TATA CONSULTANCY SERV LT,2305.0,2313.5,2262.0,2296.2,2296.2,2284.1,,2296.18,,,3041609,6944664134.3,106591,F1,1,,,,,
2026-08-25,2026-08-25,CM,NSE,STK,3432,INE192A01025,TATACONSUM,EQ,,,,,TATA CONSUMER PRODUCT LTD,1061.7,1061.7,1051.1,1060.5,1060.5,1062.5,,1060.49,,,717171,757174163.5,22392,F1,1,,,,,
2026-08-25,2026-08-25,CM,NSE,STK,3411,INE670A01012,TATAELXSI,EQ,,,,,TATA ELXSI LIMITED,3673.9,3701.3,3612.2,3665.9,3665.9,3673.5,,3663.64,,,162141,589923446.5,14895,F1,1,,,,,
2026-08-25,2026-08-25,CM,NSE,STK,1621,INE672A01026,TATAINVEST,EQ,,,,,TATA INVESTMENT CORP LTD,645.95,648.0,641.5,644.35,646.95,645.95,,644.35,,,117068,75352557.35,5862,F1,1,,,,,
2026-08-25,2026-08-25,CM,NSE,STK,759782,INE1TAE01010,TMCV,EQ,,,,,TATA MOTORS LIMITED,475.05,481.65,470.65,474.9,476.35,475.05,,474.83,,,7064446,3361151851.8,108218,F1,1,,,,,
2026-08-25,2026-08-25,CM,NSE,STK,3456,INE155A01022,TMPV,EQ,,,,,TATA MOTORS PASS VEH LTD,314.9,314.9,310.55,314.25,314.25,314.4,,314.25,,,10984458,3434261170.05,87171,F1,1,,,,,
2026-08-25,2026-08-25,CM,NSE,STK,3426,INE245A01021,TATAPOWER,EQ,,,,,TATA POWER CO LTD,373.0,374.2,368.55,370.6,370.6,373.5,,370.6,,,9167396,3397005845.4,62610,F1,1,,,,,
2026-08-25,2026-08-25,CM,NSE,STK,3499,INE081A01020,TATASTEEL,EQ,,,,,TATA STEEL LIMITED,186.3,187.27,183.5,186.94,186.94,186.3,,186.93,,,24578020,4538418286.6,114261,F1,1,,,,,
2026-08-25,2026-08-25,CM,NSE,STK,20293,INE142M01025,TATATECH,EQ,,,,,TATA TECHNOLOGIES LIMITED,798.0,804.85,784.65,798.5,797.1,797.5,,798.45,,,1331830,1060397238.85,37833,F1,1,,,,,
2026-08-25,2026-08-25,CM,NSE,STK,8954,INE517B01013,TTML,EQ,,,,,TATA TELESERV(MAHARASTRA),37.79,38.12,37.4,37.55,37.59,37.37,,37.55,,,1392528,52576165.55,6795,F1,1,,,,,
2026-08-25,2026-08-25,CM,NSE,STK,7838,INF277K015R5,NETF,EQ,,,,,TATAAML - NETF,269.2,269.2,261.7,263.71,262.31,262.64,,263.71,,,1530,402545.75,121,F1,1,,,,,
2026-08-25,2026-08-25,CM,NSE,STK,12978,INF277K010X4,NPBET,EQ,,,,,TATAAML - NPBET,285.09,288.99,281.0,281.72,281.83,285.09,,281.72,,,824,233921.84,30,F1,1,,,,,
2026-08-25,2026-08-25,CM,NSE,STK,8882,INF277KA1364,TNIDETF,EQ,,,,,TATAAML - TNIDETF,89.25,91.49,89.25,91.3,91.47,90.62,,91.3,,,74716,6799091.46,374,F1,1,,,,,
2026-08-25,2026-08-25,CM,NSE,STK,21401,INF277KA1976,TATAGOLD,EQ,,,,,TATAAML-TATAGOLD,15.71,15.71,15.54,15.59,15.59,15.61,,15.59,,,66482840,1037203668.18,77532,F1,1,,,,,
2026-08-25,2026-08-25,CM,NSE,STK,21428,INF277KA1984,TATSILV,EQ,,,,,TATAAML-TATSILV,23.5,23.5,23.05,23.22,23.25,23.5,,23.22,,,43485312,1011878670.95,44934,F1,1,,,,,
2026-08-25,2026-08-25,CM,NSE,STK,5162,INE0GK401011,TATVA,EQ,,,,,TATVA CHIN PHARM CHEM LTD,1615.0,1627.9,1575.5,1581.0,1576.1,1605.5,,1581.08,,,35121,55794401.6,4057,F1,1,,,,,
2026-08-25,2026-08-25,CM,NSE,STK,759756,INE0XWS01018,TAURIAN,SM,,,,,TAURIAN MPS LIMITED,432.5,530.4,432.5,510.0,510.0,442.0,,510.0,,,135200,66631040.0,166,F1,800,,,,,
2026-08-25,2026-08-25,CM,NSE,STK,11754,INE053F07835,753IRFC30,NJ,,,,,TAX FREE  7.53% SR. 103 A,1137.48,1137.49,1137.48,1137.49,1137.49,1144.99,,1137.49,,,2,2274.97,2,F1,1,,,,,
2026-08-25,2026-08-25,CM,NSE,STK,15168,INE053F07900,764IRFC31,NO,,,,,TAX FREE  7.64% SR. 108A,1142.35,1145.0,1141.6,1145.0,1145.0,1141.25,,1144.5,,,440,503284.15,7,F1,1,,,,,
2026-08-25,2026-08-25,CM,NSE,STK,14529,INE906B07EP5,769NHAI31,NE,,,,,TAX FREE 7.69% SR. IIB,1150.1,1151.0,1150.0,1151.0,1151.0,1150.0,,1151.0,,,326,374942.0,7,F1,1,,,,,
2026-08-25,2026-08-25,CM,NSE,STK,11954,INE906B07EI0,735NHAI31,N9,,,,,TAX FREE7.35% SR.IIA,1106.0,1106.0,1106.0,1106.0,1106.0,1108.0,,1106.0,,,81,89586.0,3,F1,1,,,,,
2026-08-25,2026-08-25,CM,NSE,STK,12003,INE906B07EJ8,76NHAI31,,,,,,TAX FREE7.60% SR.IIB,1117.1,1119.0,1117.0,1117.0,1117.0,1118.0,,1117.0,,,1900,2123365.8,23,F1,1,,,,,
2026-08-25,2026-08-25,CM,NSE,STK,24019,INE0N2D01013,TBI,SM,,,,,TBI CORN LIMITED,65.6,69.9,64.4,69.4,69.0,64.4,,69.4,,,165000,11147700.0,178,F1,600,,,,,
2026-08-25,2026-08-25,CM,NSE,STK,23740,INE673O01025,TBOTEK,EQ,,,,,TBO TEK LIMITED,1701.5,1737.9,1684.7,1725.1,1726.1,1703.5,,1725.03,,,137626,236547883.9,13200,F1,1,,,,,
2026-08-25,2026-08-25,CM,NSE,STK,761814,INE887D01016,TCC,EQ,,,,,TCC CONCEPT LIMITED,241.4,256.45,235.55,242.25,242.4,240.05,,242.25,,,171914,42005417.75,5904,F1,1,,,,,
2026-08-25,2026-08-25,CM,NSE,STK,19223,INE586V01016,TCIEXP,EQ,,,,,TCI EXPRESS LIMITED,547.0,559.0,530.0,531.95,531.0,545.85,,531.95,,,19464,10444811.3,1244,F1,1,,,,,
2026-08-25,2026-08-25,CM,NSE,STK,8722,INE911B01018,TCIFINANCE,BE,,,,,TCIFINANCELTD-ROLL SETT,15.7,15.7,14.66,15.56,15.57,15.11,,15.56,,,18503,285881.04,83,F1,1,,,,,
2026-08-25,2026-08-25,CM,NSE,STK,184,INE822C01015,TCPLPACK,EQ,,,,,TCPL PACKAGING LIMITED,3985.0,4023.5,3892.7,3917.2,3946.2,3972.0,,3917.3,,,5709,22511169.5,1084,F1,1,,,,,
2026-08-25,2026-08-25,CM,NSE,STK,25178,INE419M01035,TDPOWERSYS,EQ,,,,,TD POWER SYSTEMS LTD.,780.2,782.5,719.0,729.4,730.3,780.1,,729.41,,,1939751,1437118129.8,72098,F1,1,,,,,
2026-08-25,2026-08-25,CM,NSE,STK,10717,INE289C01025,TEAMGTY,EQ,,,,,TEAM INDIA GUARANTY LTD,235.0,235.0,229.32,230.15,230.15,230.02,,230.08,,,32,7434.93,17,F1,1,,,,,
2026-08-25,2026-08-25,CM,NSE,STK,12716,INE985S01024,TEAMLEASE,EQ,,,,,TEAMLEASE SERVICES LTD.,1243.0,1252.5,1227.8,1236.8,1232.0,1247.4,,1236.83,,,12131,15035266.4,2981,F1,1,,,,,
2026-08-25,2026-08-25,CM,NSE,STK,17000,INE065J01024,TPHQ,BE,,,,,TEAMO PRODUCTIONS HQ LTD,0.57,0.57,0.57,0.57,0.57,0.59,,0.57,,,422628,240897.96,319,F1,1,,,,,
2026-08-25,2026-08-25,CM,NSE,STK,763571,INE2OL601013,TEAMTECH,ST,,,,,TEAMTECH FORMWORK SOL LTD,143.0,143.0,135.0,140.65,141.95,142.1,,140.65,,,48000,6687900.0,24,F1,2000,,,,,
2026-08-25,2026-08-25,CM,NSE,STK,13538,INE669C01036,TECHM,EQ,,,,,TECH MAHINDRA LIMITED,1588.1,1599.9,1562.0,1599.9,1599.9,1584.0,,1599.89,,,1383429,2179761125.5,49801,F1,1,,,,,
2026-08-25,2026-08-25,CM,NSE,STK,759141,INE0Y5H01014,TECHD,ST,,,,,TECHD CYBERSECURITY LTD,571.1,584.95,560.0,569.65,569.95,570.0,,569.65,,,9000,5128695.0,30,F1,300,,,,,
2026-08-25,2026-08-25,CM,NSE,STK,25652,INE0JQS01019,TECHERA,SM,,,,,TECHERA ENGINEER (IND) L,170.2,172.0,168.0,169.25,169.0,170.2,,169.25,,,37600,6403720.0,43,F1,800,,,,,
2026-08-25,2026-08-25,CM,NSE,STK,6445,INE285K01026,TECHNOE,EQ,,,,,TECHNO ELEC & ENG CO. LTD,994.0,999.95,987.5,994.3,996.5,998.05,,994.27,,,57066,56665816.65,4827,F1,1,,,,,
2026-08-25,2026-08-25,CM,NSE,STK,14223,INE545H01011,TIIL,EQ,,,,,TECHNOCRAFT IND LTD,3478.0,3565.3,3402.4,3454.9,3439.8,3441.3,,3451.61,,,88898,309974249.7,14763,F1,1,,,,,
2026-08-25,2026-08-25,CM,NSE,STK,764532,INE1D0W01018,TECHNOCRAF,EQ,,,,,TECHNOCRAFT VENTURES LTD,343.9,348.06,336.41,341.42,340.67,341.77,,341.42,,,956929,327125666.18,12328,F1,1,,,,,
2026-08-25,2026-08-25,CM,NSE,STK,762939,INE314H01012,TECHNVISN,EQ,,,,,TECHNVISION VENTURES LTD.,4989.9,4990.0,4672.9,4885.0,4800.0,4907.1,,4891.11,,,240,1183276.8,94,F1,1,,,,,
2026-08-25,2026-08-25,CM,NSE,STK,3453,INE014B01011,TECILCHEM,EQ,,,,,TECIL CHEMICALS,9.15,9.15,8.7,8.7,8.93,8.77,,8.69,,,6227,54565.75,44,F1,1,,,,,
2026-08-25,2026-08-25,CM,NSE,STK,23530,INE0K6601012,TGL,ST,,,,,TEERTH GOPICON LIMITED,14.1,14.1,14.1,14.1,14.1,14.8,,14.1,,,73400,1034940.0,56,F1,200,,,,,
2026-08-25,2026-08-25,CM,NSE,STK,7105,INE011K01018,TEGA,EQ,,,,,TEGA INDUSTRIES LIMITED,1715.0,1715.0,1669.0,1674.6,1680.0,1704.3,,1674.61,,,107566,181644339.5,8837,F1,1,,,,,
2026-08-25,2026-08-25,CM,NSE,STK,763825,INE0R1301019,TEJA,SM,,,,,TEJA ENGINEERING IND L,302.0,302.0,302.0,302.0,302.0,317.85,,302.0,,,1200,362400.0,2,F1,600,,,,,
2026-08-25,2026-08-25,CM,NSE,STK,21131,INE010J01012,TEJASNET,EQ,,,,,TEJAS NETWORKS LIMITED,508.05,513.6,499.7,504.35,506.0,509.3,,504.36,,,760931,384631214.55,17783,F1,1,,,,,
2026-08-25,2026-08-25,CM,NSE,STK,3275,INE869Y01028,TEMBO,EQ,,,,,TEMBO GLOBAL IND LTD,57.5,58.0,55.0,56.3,56.25,57.7,,56.3,,,1528447,86128539.05,4391,F1,1,,,,,
2026-08-25,2026-08-25,CM,NSE,STK,759880,INE19RI01016,TENNIND,EQ,,,,,TENNECO CLEAN AIR INDIA L,556.5,556.5,543.25,546.15,547.45,553.5,,546.12,,,784738,428980258.3,32424,F1,1,,,,,
2026-08-25,2026-08-25,CM,NSE,STK,19292,INE482B01010,TERASOFT,EQ,,,,,TERA SOFTWARE LIMITED,310.45,321.05,298.0,301.5,302.3,310.45,,301.54,,,32330,9762150.55,1741,F1,1,,,,,
2026-08-25,2026-08-25,CM,NSE,STK,764950,INE390D01011,TERAI,EQ,,,,,TERAI TEA CO. LTD.,106.35,128.0,106.35,123.28,128.0,128.3,,121.69,,,708,85764.16,24,F1,1,,,,,
2026-08-25,2026-08-25,CM,NSE,STK,11549,INE435C01024,TEXINFRA,EQ,,,,,TEXMACO INFRA & HOLDG LTD,111.15,113.28,108.41,110.24,112.0,111.27,,110.24,,,71987,7927983.24,1385,F1,1,,,,,
2026-08-25,2026-08-25,CM,NSE,STK,21828,INE621L01012,TEXRAIL,EQ,,,,,TEXMACO RAIL & ENG. LTD.,104.0,110.88,103.75,108.06,108.0,104.05,,108.08,,,4359213,473360237.62,32902,F1,1,,,,,
2026-08-25,2026-08-25,CM,NSE,STK,18214,INE141K01013,TEXMOPIPES,EQ,,,,,TEXMO PIPE & PRODUCTS LTD,47.9,48.0,46.1,46.68,46.9,47.11,,46.67,,,75278,3546441.4,453,F1,1,,,,,
2026-08-25,2026-08-25,CM,NSE,STK,10744,INE733E07JT8,737NTPC35C,,,,,,TFB 7.37% 2035 SR. 3A,1378.0,1378.0,1378.0,1378.0,1378.0,1205.5,,1378.0,,,39,53742.0,2,F1,1,,,,,
2026-08-25,2026-08-25,CM,NSE,STK,10751,INE733E07JW2,762NTPC35F,ND,,,,,TFB 7.62% 2035 SR. 3B,1217.2,1220.0,1217.2,1220.0,1220.0,1217.5,,1220.0,,,91,110801.2,5,F1,1,,,,,
2026-08-25,2026-08-25,CM,NSE,STK,14607,INE797H01018,TGBHOTELS,EQ,,,,,TGB BANQUETS&HOTELS LTD,9.66,9.9,9.4,9.46,9.4,9.66,,9.46,,,13345,127596.77,99,F1,1,,,,,
2026-08-25,2026-08-25,CM,NSE,STK,22777,INE0QJL01014,TCL,SM,,,,,THAAI CASTING LIMITED,140.25,144.75,136.8,139.95,139.9,140.0,,139.95,,,32800,4581960.0,39,F1,800,,,,,
2026-08-25,2026-08-25,CM,NSE,STK,762947,INE077P01034,THACKER,BE,,,,,THACKER & CO. LTD.,1050.0,1052.0,1050.0,1051.7,1050.0,1080.0,,1051.7,,,13,13670.0,3,F1,1,,,,,
2026-08-25,2026-08-25,CM,NSE,STK,762949,INE403F01017,THAKDEV,EQ,,,,,THAKKERS DEVELOPERS LTD.,149.97,149.97,142.02,143.45,142.5,149.98,,144.79,,,22,3221.17,6,F1,1,,,,,
2026-08-25,2026-08-25,CM,NSE,STK,18118,INE085J01014,THANGAMAYL,EQ,,,,,THANGAMAYIL JEWELLERY LTD,5509.5,5565.0,5380.0,5397.0,5409.0,5493.5,,5396.86,,,77429,420290172.0,14584,F1,1,,,,,
2026-08-25,2026-08-25,CM,NSE,STK,9014,INE294Z01018,ANUP,EQ,,,,,THE ANUP ENGINEERING LTD,1794.1,1810.0,1769.1,1772.4,1769.3,1789.6,,1772.41,,,17269,30785806.0,2858,F1,1,,,,,
2026-08-25,2026-08-25,CM,NSE,STK,7930,INE319B01014,BYKE,BE,,,,,THE BYKE HOSPITALITY LTD,31.25,32.0,30.6,31.51,31.9,31.64,,31.51,,,43720,1362248.32,146,F1,1,,,,,
2026-08-25,2026-08-25,CM,NSE,STK,13776,INE017A01032,GESHIP,EQ,,,,,THE GE SHPG.LTD,1349.0,1380.0,1338.0,1342.6,1342.0,1333.0,,1342.63,,,2444622,3319928352.0,102569,F1,1,,,,,
2026-08-25,2026-08-25,CM,NSE,STK,17770,INE646C01018,GROBTEA,EQ,,,,,THE GROB TEA COMPANY LTD,959.5,968.0,936.9,967.15,967.0,954.45,,967.15,,,250,240679.05,42,F1,1,,,,,
2026-08-25,2026-08-25,CM,NSE,STK,8568,INE127B01011,HITECHGEAR,BE,,,,,THE HI-TECH GEARS LIMITED,548.0,562.0,540.0,548.4,548.2,548.9,,548.36,,,5689,3148215.85,100,F1,1,,,,,
2026-08-25,2026-08-25,CM,NSE,STK,1515,INE383A01012,INDIACEM,EQ,,,,,THE INDIA CEMENTS LIMITED,366.65,369.95,362.3,364.3,365.0,367.75,,364.29,,,82943,30305552.8,4909,F1,1,,,,,
2026-08-25,2026-08-25,CM,NSE,STK,1512,INE053A01029,INDHOTEL,EQ,,,,,THE INDIAN HOTELS CO. LTD,735.0,735.0,724.55,730.0,730.0,728.9,,730.0,,,998494,727728550.7,22611,F1,1,,,,,
2026-08-25,2026-08-25,CM,NSE,STK,21427,INE924D01017,THEINVEST,EQ,,,,,THE INVEST TRUST OF IND L,96.7,96.71,94.51,95.3,95.3,96.68,,94.96,,,6601,630875.62,130,F1,1,,,,,
2026-08-25,2026-08-25,CM,NSE,STK,399,INE470Y01017,NIACL,EQ,,,,,THE NEW INDIA ASSU CO LTD,184.25,191.16,183.15,187.29,186.8,184.08,,187.28,,,2389793,448657129.5,25771,F1,1,,,,,
2026-08-25,2026-08-25,CM,NSE,STK,10321,INE431F01018,PKTEA,EQ,,,,,THE P K TEA PROD CO LTD,749.2,778.0,746.4,762.95,770.0,770.35,,762.95,,,486,372217.5,43,F1,1,,,,,
2026-08-25,2026-08-25,CM,NSE,STK,14552,INE211B01039,PHOENIXLTD,EQ,,,,,THE PHOENIX MILLS LTD,1915.9,1959.6,1915.0,1930.0,1930.0,1932.0,,1930.0,,,271419,523747434.2,20752,F1,1,,,,,
2026-08-25,2026-08-25,CM,NSE,STK,2043,INE331A01037,RAMCOCEM,EQ,,,,,THE RAMCO CEMENTS LIMITED,915.0,939.05,902.0,909.15,908.0,903.9,,909.14,,,629363,577715477.45,22918,F1,1,,,,,
2026-08-25,2026-08-25,CM,NSE,STK,10123,INE301D01026,RUBYMILLS,BE,,,,,THE RUBY MILLS LTD,393.0,393.0,376.15,383.05,381.2,391.85,,383.05,,,12088,4624627.65,162,F1,1,,,,,
2026-08-25,2026-08-25,CM,NSE,STK,5948,INE683A01023,SOUTHBANK,EQ,,,,,THE SOUTH INDIAN BANK LTD,45.29,46.24,45.14,45.35,45.42,45.16,,45.35,,,6449392,294459956.76,17180,F1,1,,,,,
2026-08-25,2026-08-25,CM,NSE,STK,10948,INE655A01013,STCINDIA,EQ,,,,,THE STATE TRADING CORPN,123.49,123.5,120.5,121.6,122.0,121.89,,121.6,,,23114,2824720.65,489,F1,1,,,,,
2026-08-25,2026-08-25,CM,NSE,STK,19578,INE071E01023,UGARSUGAR,EQ,,,,,THE UGAR SUGAR WORKS LTD,57.8,59.5,54.14,55.66,56.0,58.01,,55.65,,,1072045,61036407.58,8467,F1,1,,,,,
2026-08-25,2026-08-25,CM,NSE,STK,20481,INE215F01023,WIPL,EQ,,,,,THE WESTERN INDIA PLY LTD,170.0,170.0,166.11,169.84,169.84,164.99,,169.84,,,946,160398.77,22,F1,1,,,,,
2026-08-25,2026-08-25,CM,NSE,STK,19279,INE121N01019,THEJO,EQ,,,,,THEJO ENGINEERING LIMITED,2038.7,2075.0,1995.0,2054.6,2075.0,2032.2,,2054.6,,,6670,13533084.0,892,F1,1,,,,,
2026-08-25,2026-08-25,CM,NSE,STK,14485,INE083B01024,THEMISMED,EQ,,,,,THEMIS MEDICARE LTD.,118.9,123.47,117.15,119.24,119.15,120.81,,119.24,,,528416,63573913.46,7492,F1,1,,,,,
2026-08-25,2026-08-25,CM,NSE,STK,3475,INE152A01029,THERMAX,EQ,,,,,THERMAX LTD,3984.2,4012.8,3941.0,3999.8,3993.0,3984.2,,3999.76,,,75061,298869678.0,18113,F1,1,,,,,
2026-08-25,2026-08-25,CM,NSE,STK,3496,INE338A01024,TIRUMALCHM,EQ,,,,,THIRUMALAI CHEMICALS LTD,161.0,164.9,155.61,157.33,156.65,161.37,,157.33,,,478488,76699464.12,7263,F1,1,,,,,
2026-08-25,2026-08-25,CM,NSE,STK,3481,INE332A01027,THOMASCOOK,EQ,,,,,THOMAS COOK (INDIA) LTD,113.6,114.18,109.1,110.42,110.0,113.43,,110.43,,,1437644,159762633.62,14740,F1,1,,,,,
2026-08-25,2026-08-25,CM,NSE,STK,31017,INE480M01011,THOMASCOTT,EQ,,,,,THOMAS SCOTT (INDIA) LTD,284.0,284.4,277.1,279.1,278.3,283.6,,279.08,,,18487,5157211.45,1264,F1,1,,,,,
2026-08-25,2026-08-25,CM,NSE,STK,17032,INE594H01019,THYROCARE,EQ,,,,,THYROCARE TECH LTD,586.0,599.0,583.0,596.05,598.5,584.0,,596.08,,,276112,163919161.8,17566,F1,1,,,,,
2026-08-25,2026-08-25,CM,NSE,STK,759176,INE906O01029,TIGERLOGS,EQ,,,,,TIGER LOGISTICS (INDIA) L,29.99,30.8,29.0,30.5,30.75,29.5,,30.49,,,132987,3990751.71,581,F1,1,,,,,
2026-08-25,2026-08-25,CM,NSE,STK,25482,INE440L01017,TIJARIA,EQ,,,,,TIJARIA POLYPIPES LTD,6.01,6.1,5.3,5.51,5.4,5.87,,5.5,,,131279,727939.87,380,F1,1,,,,,
2026-08-25,2026-08-25,CM,NSE,STK,9802,INE806C01018,TIL,BE,,,,,TIL LTD,242.0,246.3,240.05,240.6,241.05,247.85,,240.58,,,72627,17633532.3,444,F1,1,,,,,
2026-08-25,2026-08-25,CM,NSE,STK,19196,INE133E01013,TI,EQ,,,,,TILAKNAGAR INDUSTRIES LTD,578.95,594.55,573.0,574.7,574.6,578.6,,574.69,,,1166319,680830471.75,35121,F1,1,,,,,
2026-08-25,2026-08-25,CM,NSE,STK,14707,INE508G01029,TIMETECHNO,EQ,,,,,TIME TECHNOPLAST LTD.,186.0,186.0,183.4,184.84,185.15,185.05,,184.84,,,3205223,591355069.43,25567,F1,1,,,,,
2026-08-25,2026-08-25,CM,NSE,STK,7800,INE0IJY01014,TIMESCAN,SM,,,,,TIMESCAN LOGISTICS IND L,39.95,40.0,39.95,39.95,40.0,39.2,,39.95,,,8000,319800.0,3,F1,2000,,,,,
2026-08-25,2026-08-25,CM,NSE,STK,762954,INE064A01026,TIMEX,EQ,,,,,TIMEX GROUP INDIA LTD.,590.0,624.4,587.4,617.65,618.0,595.25,,617.59,,,389938,238326588.95,17236,F1,1,,,,,
2026-08-25,2026-08-25,CM,NSE,STK,14198,INE325A01013,TIMKEN,EQ,,,,,TIMKEN INDIA LTD.,3070.1,3148.0,3070.1,3131.6,3145.0,3080.7,,3131.54,,,41940,130501429.8,11481,F1,1,,,,,
2026-08-25,2026-08-25,CM,NSE,STK,756020,INE015C01016,TINNARUBR,EQ,,,,,TINNA RUBBER AND INFR LTD,1038.1,1038.1,1015.2,1022.7,1020.2,1027.6,,1022.78,,,18496,18913614.9,1893,F1,1,,,,,
2026-08-25,2026-08-25,CM,NSE,STK,11374,INE0LQS01015,TIPSFILMS,EQ,,,,,TIPS FILMS LIMITED,353.05,357.95,342.3,345.5,344.25,346.2,,345.62,,,5957,2087870.95,697,F1,1,,,,,
2026-08-25,2026-08-25,CM,NSE,STK,9117,INE716B01029,TIPSMUSIC,EQ,,,,,TIPS MUSIC LIMITED,644.0,650.0,640.55,646.1,645.1,643.75,,646.1,,,149796,96671044.0,8933,F1,1,,,,,
2026-08-25,2026-08-25,CM,NSE,STK,22284,INE319Y01024,TIRUPATIFL,BE,,,,,TIRUPATI FORGE LIMITED,69.7,74.0,69.7,71.5,71.5,70.73,,71.5,,,196242,14181771.95,1063,F1,1,,,,,
2026-08-25,2026-08-25,CM,NSE,STK,15414,INE615H01020,TITAGARH,EQ,,,,,TITAGARH RAIL SYSTEMS LTD,847.0,853.75,827.5,832.2,830.0,841.45,,832.19,,,239337,200329313.95,11219,F1,1,,,,,
2026-08-25,2026-08-25,CM,NSE,STK,3506,INE280A01028,TITAN,EQ,,,,,TITAN COMPANY LIMITED,5059.1,5124.8,5052.7,5124.8,5124.8,5079.0,,5124.7,,,347515,1767808639.3,37225,F1,1,,,,,
2026-08-25,2026-08-25,CM,NSE,STK,3837,INE932C01012,TOKYOPLAST,EQ,,,,,TOKYO PLAST INTL LTD,79.9,79.9,76.1,76.56,76.6,78.1,,76.56,,,351,27252.68,16,F1,1,,,,,
2026-08-25,2026-08-25,CM,NSE,STK,25262,INE0RWQ01014,TOLINS,EQ,,,,,TOLINS TYRES LIMITED,96.57,97.78,96.15,96.78,96.99,96.55,,96.78,,,31468,3044483.12,596,F1,1,,,,,
2026-08-25,2026-08-25,CM,NSE,STK,3518,INE685A01028,TORNTPHARM,EQ,,,,,TORRENT PHARMACEUTICALS L,4895.0,4932.0,4855.5,4932.0,4932.0,4886.5,,4931.99,,,214851,1050141480.5,20631,F1,1,,,,,
2026-08-25,2026-08-25,CM,NSE,STK,13786,INE813H01021,TORNTPOWER,EQ,,,,,TORRENT POWER LTD,1242.0,1249.3,1234.0,1243.9,1245.1,1246.3,,1243.94,,,261114,323983167.9,12068,F1,1,,,,,
2026-08-25,2026-08-25,CM,NSE,STK,22423,INE336X01012,TOTAL,EQ,,,,,TOTAL TRANSPORT SYS LTD,73.9,75.15,72.11,72.74,74.23,72.94,,72.74,,,34047,2518825.34,245,F1,1,,,,,
2026-08-25,2026-08-25,CM,NSE,STK,16908,INE486Y01013,TOUCHWOOD,EQ,,,,,TOUCHWOOD ENTERTAIN LTD.,63.5,63.5,61.5,61.75,61.66,63.0,,61.75,,,2909,180892.92,63,F1,1,,,,,
2026-08-25,2026-08-25,CM,NSE,STK,3466,INE305A01023,TFCILTD,EQ,,,,,TOURISM FINANCE CORP. OF,130.0,137.94,129.22,137.02,137.55,129.56,,137.02,,,20385722,2763195242.1,52253,F1,1,,,,,
2026-08-25,2026-08-25,CM,NSE,STK,765195,INE457P01020,TOYAMSL,EQ,,,,,TOYAM SPORTS LTD.,0.64,0.66,0.61,0.64,0.64,0.64,,0.64,,,525859,333604.01,180,F1,1,,,,,
2026-08-25,2026-08-25,CM,NSE,STK,9219,INE413G01022,TPLPLASTEH,EQ,,,,,TPL PLASTECH LIMITED,80.27,80.98,77.76,78.72,78.5,79.68,,78.72,,,123709,9751166.96,1142,F1,1,,,,,
2026-08-25,2026-08-25,CM,NSE,STK,11582,INE0HMF01019,TRACXN,EQ,,,,,TRACXN TECHNOLOGIES LTD,30.1,30.32,29.6,30.01,30.2,29.57,,30.01,,,297487,8962541.37,1472,F1,1,,,,,
2026-08-25,2026-08-25,CM,NSE,STK,15174,INE763I01026,TARIL,EQ,,,,,TRANS & RECTI. LTD,303.95,309.4,300.2,307.85,308.0,302.1,,307.86,,,1808802,553435056.8,25255,F1,1,,,,,
2026-08-25,2026-08-25,CM,NSE,STK,765200,INE330E01023,TRANSCOR,EQ,,,,,TRANSCORP INTERNATIONAL L,23.99,24.47,23.7,23.74,24.45,23.4,,23.57,,,622,14940.38,38,F1,1,,,,,
2026-08-25,2026-08-25,CM,NSE,STK,17795,INE0O3901029,TREL,EQ,,,,,TRANSINDIA REAL ESTATE L,27.02,27.2,26.4,26.55,26.84,27.02,,26.55,,,41165,1102860.26,560,F1,1,,,,,
2026-08-25,2026-08-25,CM,NSE,STK,7669,INE687A01016,TRANSPEK,BE,,,,,TRANSPEK INDUSTRIES LTD,1360.0,1377.9,1304.0,1335.0,1335.0,1372.0,,1336.25,,,7661,10175069.0,391,F1,1,,,,,
2026-08-25,2026-08-25,CM,NSE,STK,10580,INE688A01022,TCI,EQ,,,,,TRANSPORT CORPN OF INDIA,900.8,913.0,889.6,893.75,892.5,900.8,,893.88,,,15809,14185035.75,2117,F1,1,,,,,
2026-08-25,2026-08-25,CM,NSE,STK,28714,INE454P01035,TRANSRAILL,EQ,,,,,TRANSRAIL LIGHTING LTD,476.0,476.35,464.85,467.85,469.1,472.35,,467.86,,,185365,86676147.2,7583,F1,1,,,,,
2026-08-25,2026-08-25,CM,NSE,STK,19801,INE0NVI01020,TRANSTEEL,SM,,,,,TRANSTEEL SEATING TECH L,90.3,91.5,85.0,86.45,85.5,88.8,,86.45,,,35000,3084350.0,32,F1,1000,,,,,
2026-08-25,2026-08-25,CM,NSE,STK,14319,INE804H01012,TFL,EQ,,,,,TRANSWARRANTY FIN. LTD.,12.4,12.4,11.5,11.75,11.98,11.99,,11.75,,,9332,109147.94,54,F1,1,,,,,
2026-08-25,2026-08-25,CM,NSE,STK,21260,INE792X01016,TRANSWIND,SM,,,,,TRANSWIND INFRA LIMITED,11.35,11.35,11.35,11.35,11.35,11.35,,11.35,,,20000,227000.0,1,F1,4000,,,,,
2026-08-25,2026-08-25,CM,NSE,STK,8619,INE757B01015,TRANSWORLD,BE,,,,,TRANSWORLD SHIP LINES LTD,187.16,187.16,187.15,187.15,187.15,190.96,,187.58,,,20825,3897516.52,81,F1,1,,,,,
2026-08-25,2026-08-25,CM,NSE,STK,757545,INE103V01028,TRAVELFOOD,EQ,,,,,TRAVEL FOOD SERVICES LTD,1306.8,1318.8,1286.9,1296.3,1306.0,1306.8,,1296.34,,,25496,33126795.2,4628,F1,1,,,,,
2026-08-25,2026-08-25,CM,NSE,STK,25082,INE040M01013,TREEHOUSE,EQ,,,,,TREE HOUSE EDU LTD,6.24,6.35,5.95,6.08,6.06,6.24,,6.08,,,18457,111612.77,74,F1,1,,,,,
2026-08-25,2026-08-25,CM,NSE,STK,7518,INE00CA01015,TREJHARA,EQ,,,,,TREJHARA SOLUTIONS LTD,159.0,160.0,154.25,155.84,155.9,156.21,,155.82,,,16940,2665209.89,656,F1,1,,,,,
2026-08-25,2026-08-25,CM,NSE,STK,1964,INE849A01020,TRENT,EQ,,,,,TRENT LTD,2910.0,2938.9,2893.8,2930.0,2930.0,2905.0,,2930.0,,,620202,1811545894.8,40226,F1,1,,,,,
2026-08-25,2026-08-25,CM,NSE,STK,17987,INE391D01019,TRF,EQ,,,,,TRF LIMITED,233.75,233.75,228.7,231.7,229.75,229.99,,231.66,,,7664,1762925.25,187,F1,1,,,,,
2026-08-25,2026-08-25,CM,NSE,STK,27037,INE760L01018,TBZ,EQ,,,,,TRIB BHIMJI ZAVERI LTD,285.0,285.4,269.8,280.35,281.4,286.2,,280.36,,,1016012,281880818.05,15956,F1,1,,,,,
2026-08-25,2026-08-25,CM,NSE,STK,9685,INE064C01022,TRIDENT,EQ,,,,,TRIDENT LIMITED,24.43,24.55,24.31,24.42,24.5,24.43,,24.42,,,2093686,51085702.75,9078,F1,1,,,,,
2026-08-25,2026-08-25,CM,NSE,STK,21078,INE0QD201012,TECHLABS,SM,,,,,TRIDENT TECHLABS LIMITED,119.2,120.0,115.0,119.4,120.0,115.0,,119.4,,,19250,2269025.0,102,F1,125,,,,,
2026-08-25,2026-08-25,CM,NSE,STK,17215,INE0LWY01029,TRIDHYA,ST,,,,,TRIDHYA TECH LIMITED,8.6,8.6,8.6,8.6,8.6,8.6,,8.6,,,12000,103200.0,3,F1,3000,,,,,
2026-08-25,2026-08-25,CM,NSE,STK,5428,INE948A01012,TRIGYN,EQ,,,,,TRIGYN TECHNOLOGIES LTD,52.71,56.79,52.0,56.05,56.39,52.71,,56.02,,,43033,2373823.18,497,F1,1,,,,,
2026-08-25,2026-08-25,CM,NSE,STK,764960,INE440G01017,TRITONV,EQ,,,,,TRITON VALVES LTD.,1153.8,1166.5,1122.5,1138.9,1131.5,1147.1,,1136.48,,,1819,2068816.7,401,F1,1,,,,,
2026-08-25,2026-08-25,CM,NSE,STK,13081,INE256C01024,TRIVENI,EQ,,,,,TRIVENI ENGG. & INDS. LTD,297.0,299.33,285.5,292.88,290.0,297.18,,292.9,,,940142,274102320.57,15708,F1,1,,,,,
2026-08-25,2026-08-25,CM,NSE,STK,25584,INE152M01016,TRITURBINE,EQ,,,,,TRIVENI TURBINE LIMITED,579.8,580.7,566.5,572.65,575.85,576.8,,572.68,,,370664,211865352.0,37858,F1,1,,,,,
2026-08-25,2026-08-25,CM,NSE,STK,24642,INE0SYV01018,TROM,SM,,,,,TROM INDUSTRIES LIMITED,61.95,61.95,57.0,59.05,57.0,58.5,,59.05,,,6600,390750.0,11,F1,600,,,,,
2026-08-25,2026-08-25,CM,NSE,STK,759210,INE0MWH01014,TRUALT,EQ,,,,,TRUALT BIOENERGY LIMITED,444.0,448.45,433.1,435.55,435.45,441.85,,435.52,,,218221,95961630.25,6338,F1,1,,,,,
2026-08-25,2026-08-25,CM,NSE,STK,9378,INE615R01029,TRU,EQ,,,,,TRUCAP FINANCE LIMITED,4.2,4.36,4.02,4.11,4.25,4.14,,4.08,,,162856,676704.71,503,F1,1,,,,,
2026-08-25,2026-08-25,CM,NSE,STK,23417,INE0SWN01019,TRUST,SM,,,,,TRUST FINTECH LIMITED,26.3,26.3,24.1,24.75,25.2,25.0,,24.75,,,19800,500310.0,28,F1,600,,,,,
2026-08-25,2026-08-25,CM,NSE,STK,757861,INE16VK01010,TSC,ST,,,,,TSC INDIA LIMITED,45.25,45.25,45.25,45.25,45.25,45.25,,45.25,,,2000,90500.0,1,F1,2000,,,,,
2026-08-25,2026-08-25,CM,NSE,STK,2183,INE202Z01029,TSFINV,EQ,,,,,TSF INVESTMENTS LIMITED,415.4,415.4,408.1,411.1,412.0,413.0,,411.1,,,51859,21300408.55,1471,F1,1,,,,,
2026-08-25,2026-08-25,CM,NSE,STK,27537,INE1C3207057,935TSI27,N0,,,,,TSI 9.35% 27 SR I-A,101300.01,102777.0,101300.0,102777.0,102777.0,101300.01,,102777.0,,,3,305377.01,3,F1,1,,,,,
2026-08-25,2026-08-25,CM,NSE,STK,27448,INE1C3207065,935TSI30,N0,,,,,TSI 9.35% 30 SR I-D,105745.14,105745.14,105745.14,105745.14,105745.14,105904.52,,105745.14,,,31,3278099.34,1,F1,1,,,,,
2026-08-25,2026-08-25,CM,NSE,STK,11369,INE910C01018,TTKHLTCARE,EQ,,,,,TTK HEALTHCARE LIMITED,1094.5,1111.9,1083.0,1093.4,1096.8,1112.6,,1093.4,,,10112,11047773.9,1459,F1,1,,,,,
2026-08-25,2026-08-25,CM,NSE,STK,3546,INE690A01028,TTKPRESTIG,EQ,,,,,TTK PRESTIGE LTD,587.9,597.95,583.55,595.55,595.8,587.9,,595.55,,,61858,36695569.6,4912,F1,1,,,,,
2026-08-25,2026-08-25,CM,NSE,STK,312,INE974X01010,TIINDIA,EQ,,,,,TUBE INVEST OF INDIA LTD,2866.6,2893.9,2845.2,2888.0,2888.0,2880.0,,2887.99,,,157485,451814294.9,23811,F1,1,,,,,
2026-08-25,2026-08-25,CM,NSE,STK,24520,INE0OXV01027,TUNWAL,SM,,,,,TUNWAL E-MOTORS LIMITED,25.95,26.3,25.95,26.05,26.05,26.1,,26.05,,,34000,886400.0,15,F1,2000,,,,,
2026-08-25,2026-08-25,CM,NSE,STK,756090,INE0OC301013,TURTLEMINT,EQ,,,,,TURTLEMINT FINTECH SOLS L,147.97,147.97,142.61,145.93,145.88,147.89,,145.91,,,700443,101673085.5,8192,F1,1,,,,,
2026-08-25,2026-08-25,CM,NSE,STK,765205,INE400A01014,TUTIALKA,EQ,,,,,TUTICORIN ALKAL CH & FE L,53.01,54.99,52.99,54.58,53.83,53.02,,54.56,,,12345,661939.26,159,F1,1,,,,,
2026-08-25,2026-08-25,CM,NSE,STK,11275,INE038F01029,TVTODAY,EQ,,,,,TV TODAY NETWORK LTD,113.45,117.14,111.02,112.31,113.0,113.47,,112.29,,,30424,3446741.45,795,F1,1,,,,,
2026-08-25,2026-08-25,CM,NSE,STK,18508,INE871L01013,TVVISION,BE,,,,,TV VISION LIMITED,3.4,3.56,3.23,3.47,3.48,3.4,,3.47,,,11278,38852.07,53,F1,1,,,,,
2026-08-25,2026-08-25,CM,NSE,STK,11265,INE236G01019,TVSELECT,EQ,,,,,TVS ELECTRONICS LTD,441.9,442.25,434.9,440.0,442.25,439.1,,439.99,,,18661,8200352.5,1107,F1,1,,,,,
2026-08-25,2026-08-25,CM,NSE,STK,29008,INE105A01035,TVSHLTD,EQ,,,,,TVS HOLDINGS LIMITED,13707.0,13709.0,13505.0,13567.0,13551.0,13707.0,,13569.87,,,3397,46168404.0,1326,F1,1,,,,,
2026-08-25,2026-08-25,CM,NSE,STK,758598,INE1JNC23012,TVSINVIT,IV,,,,,TVS INFRASTRUCTURE TRUST,119.0,119.0,119.0,119.0,119.0,118.0,,119.0,,,25000,2975000.0,1,F1,25000,,,,,
2026-08-25,2026-08-25,CM,NSE,STK,8479,INE494B01023,TVSMOTOR,EQ,,,,,TVS MOTOR COMPANY  LTD,4365.5,4420.0,4344.7,4420.0,4420.0,4363.5,,4419.76,,,527228,2311686709.8,38999,F1,1,,,,,
2026-08-25,2026-08-25,CM,NSE,STK,14245,INE421C01016,TVSSRICHAK,EQ,,,,,TVS SRICHAKRA LIMITED,4907.9,4907.9,4668.1,4812.0,4770.7,4907.9,,4812.71,,,19124,91539985.4,5007,F1,1,,,,,
2026-08-25,2026-08-25,CM,NSE,STK,18151,INE395N01027,TVSSCS,EQ,,,,,TVS SUPPLY CHAIN SOL L,133.44,138.99,131.53,135.14,135.13,132.99,,135.14,,,10446289,1412862814.84,68086,F1,1,,,,,
2026-08-25,2026-08-25,CM,NSE,STK,19503,INE388G01026,TICL,BE,,,,,TWAMEV CONS AND INFRA LTD,9.69,9.87,9.4,9.7,9.7,9.51,,9.7,,,55517,537590.39,68,F1,1,,,,,
2026-08-25,2026-08-25,CM,NSE,STK,764970,INE726E01014,UPHOT,EQ,,,,,U P HOTELS LTD.,1331.0,1331.0,1331.0,1331.0,1331.0,1396.0,,1331.0,,,5,6655.0,1,F1,1,,,,,
2026-08-25,2026-08-25,CM,NSE,STK,25629,INE152C01025,UYFINCORP,BE,,,,,U. Y. FINCORP LIMITED,20.89,20.89,19.61,19.86,19.77,20.09,,19.86,,,65304,1309642.03,214,F1,1,,,,,
2026-08-25,2026-08-25,CM,NSE,STK,7739,INE139B01016,UCAL,BE,,,,,UCAL LIMITED,141.0,143.0,138.0,141.64,142.7,141.13,,141.74,,,17146,2415988.25,165,F1,1,,,,,
2026-08-25,2026-08-25,CM,NSE,STK,755998,INE583D07570,1039UCL26,NE,,,,,UCL 10.39% SR II,1027.0,1027.0,1027.0,1027.0,1027.0,1031.7,,1027.0,,,1,1027.0,1,F1,1,,,,,
2026-08-25,2026-08-25,CM,NSE,STK,11223,INE691A01018,UCOBANK,EQ,,,,,UCO BANK,26.11,26.42,25.9,26.05,26.0,25.89,,26.05,,,5578151,145767089.22,15974,F1,1,,,,,
2026-08-25,2026-08-25,CM,NSE,STK,764965,INE551B01012,UDAYJEW,EQ,,,,,UDAY JEWELLERY INDS. LTD.,142.0,142.0,135.8,139.43,140.0,140.81,,139.26,,,487,67991.56,46,F1,1,,,,,
2026-08-25,2026-08-25,CM,NSE,STK,14871,INE0N0Y01013,USK,EQ,,,,,UDAYSHIVAKUMAR INFRA LTD,21.2,21.65,21.11,21.33,21.27,21.11,,21.33,,,4042,86135.07,136,F1,1,,,,,
2026-08-25,2026-08-25,CM,NSE,STK,1053,INE516A01017,UFLEX,EQ,,,,,UFLEX LIMITED,619.0,621.6,603.55,606.35,606.7,619.2,,606.35,,,94954,57949419.65,3385,F1,1,,,,,
2026-08-25,2026-08-25,CM,NSE,STK,9039,INE527H01019,UFO,EQ,,,,,UFO MOVIEZ INDIA LTD.,65.6,67.75,65.12,65.49,65.9,65.69,,65.49,,,133841,8831304.24,524,F1,1,,,,,
2026-08-25,2026-08-25,CM,NSE,STK,5313,INE583D01011,UGROCAP,EQ,,,,,UGRO CAPITAL LIMITED,88.2,89.39,87.3,88.08,87.66,88.23,,88.08,,,102820,9063030.35,1615,F1,1,,,,,
2026-08-25,2026-08-25,CM,NSE,STK,23507,INE899L01030,UEL,EQ,,,,,UJAAS ENERGY LIMITED,163.57,163.57,163.57,163.57,163.57,172.17,,163.57,,,14049,2297994.93,308,F1,1,,,,,
2026-08-25,2026-08-25,CM,NSE,STK,15228,INE551W01018,UJJIVANSFB,EQ,,,,,UJJIVAN SMALL FINANC BANK,70.1,70.98,69.06,69.46,69.69,70.29,,69.46,,,10201371,712241248.8,46262,F1,1,,,,,
2026-08-25,2026-08-25,CM,NSE,STK,762961,INE405A01021,ULTRAMAR,EQ,,,,,ULTRAMARINE & PIGMENTS L,416.2,419.6,405.5,410.25,419.0,413.0,,410.27,,,43269,17902882.45,3007,F1,1,,,,,
2026-08-25,2026-08-25,CM,NSE,STK,11532,INE481G01011,ULTRACEMCO,EQ,,,,,ULTRATECH CEMENT LIMITED,11505.0,11554.0,11445.0,11540.0,11540.0,11504.0,,11539.97,,,225470,2594156808.0,31812,F1,1,,,,,
2026-08-25,2026-08-25,CM,NSE,STK,13349,INE067901012,UMA,SM,,,,,UMA CONVERTER LIMITED,16.45,16.45,15.9,16.0,16.0,16.45,,16.0,,,16000,259200.0,4,F1,4000,,,,,
2026-08-25,2026-08-25,CM,NSE,STK,8845,INE0GIU01018,UMAEXPORTS,BE,,,,,UMA EXPORTS LIMITED,24.62,25.56,24.62,25.48,25.56,24.35,,25.48,,,142484,3596967.77,240,F1,1,,,,,
2026-08-25,2026-08-25,CM,NSE,STK,8998,INE398B01018,UMIYA-MRO,EQ,,,,,UMIYA BUILDCON LIMITED,89.08,89.99,88.71,88.86,89.7,89.08,,88.84,,,5412,481448.08,22,F1,1,,,,,
2026-08-25,2026-08-25,CM,NSE,STK,3579,INE351A01035,UNICHEMLAB,EQ,,,,,UNICHEM LABORATORIES LTD,510.05,555.95,504.05,526.05,523.9,509.8,,526.03,,,819498,440452657.6,26145,F1,1,,,,,
2026-08-25,2026-08-25,CM,NSE,STK,24809,INE00U401027,UNIECOM,EQ,,,,,UNICOMMERCE ESOLUTIONS L,85.93,86.71,84.9,85.19,85.02,86.03,,85.19,,,185990,15889996.62,2232,F1,1,,,,,
2026-08-25,2026-08-25,CM,NSE,STK,18582,INE0PRF01011,UNIHEALTH,SM,,,,,UNIHEALTH HOSPITALS LTD,717.1,717.1,697.05,705.55,706.45,739.1,,705.55,,,20500,14473000.0,40,F1,500,,,,,
2026-08-25,2026-08-25,CM,NSE,STK,7791,INE481Z01011,UNIINFO,EQ,,,,,UNIINFO TELECOM SERVI LTD,11.25,11.68,11.25,11.29,11.5,11.31,,11.29,,,1363,15598.38,19,F1,1,,,,,
2026-08-25,2026-08-25,CM,NSE,STK,28960,INE0U3I01011,UNIMECH,EQ,,,,,UNIMECH AEROSPACE N MFG L,1509.8,1509.8,1435.0,1473.5,1479.0,1499.4,,1473.56,,,168909,247367254.2,15339,F1,1,,,,,
2026-08-25,2026-08-25,CM,NSE,STK,10753,INE692A01016,UNIONBANK,EQ,,,,,UNION BANK OF INDIA,182.35,187.33,181.4,186.98,186.98,183.6,,186.97,,,11180970,2070326833.71,52042,F1,1,,,,,
2026-08-25,2026-08-25,CM,NSE,STK,29687,INF582M01KS4,UNIONGOLD,EQ,,,,,UNIONAMC - UNIONGOLD,157.75,157.75,156.05,156.7,157.15,157.75,,156.75,,,2663,417939.8,100,F1,1,,,,,
2026-08-25,2026-08-25,CM,NSE,STK,13057,INE244O01017,UNIPARTS,EQ,,,,,UNIPARTS INDIA LIMITED,808.0,844.9,800.05,825.6,824.5,808.2,,825.59,,,232651,192696599.75,13946,F1,1,,,,,
2026-08-25,2026-08-25,CM,NSE,STK,11293,INE037A01022,UNIENTER,EQ,,,,,UNIPHOS ENTERPRISES LTD,96.89,96.89,94.1,95.61,94.35,94.99,,95.61,,,2746,261028.93,60,F1,1,,,,,
2026-08-25,2026-08-25,CM,NSE,STK,3594,INE694A01020,UNITECH,EQ,,,,,UNITECH LTD,3.93,4.2,3.92,4.01,4.01,3.94,,4.01,,,7056842,28608049.59,9709,F1,1,,,,,
2026-08-25,2026-08-25,CM,NSE,STK,16713,INE686F01025,UBL,EQ,,,,,UNITED BREWERIES LTD,1342.4,1362.2,1328.0,1348.6,1355.0,1346.7,,1348.5,,,102467,138046099.3,18461,F1,1,,,,,
2026-08-25,2026-08-25,CM,NSE,STK,204,INE961D01019,UNIDT,BE,,,,,UNITED DRILLING TOOLS LTD,224.3,225.4,218.0,218.91,221.0,219.78,,219.12,,,5778,1268358.89,62,F1,1,,,,,
2026-08-25,2026-08-25,CM,NSE,STK,3133,INE382M01027,UFBL,BE,,,,,UNITED FOODBRANDS LIMITED,816.0,840.0,796.1,796.1,796.1,837.95,,795.2,,,42696,34278785.35,694,F1,1,,,,,
2026-08-25,2026-08-25,CM,NSE,STK,25938,INE0SMR01011,UHTL,ST,,,,,UNITED HEAT TRANSFER LTD,135.35,135.35,135.35,135.35,135.35,132.7,,135.35,,,14000,1894900.0,7,F1,2000,,,,,
2026-08-25,2026-08-25,CM,NSE,STK,17999,INE458F01011,UNITEDTEA,EQ,,,,,UNITED NILGIRI TEA LTD,459.0,462.4,452.7,452.9,452.7,450.5,,452.9,,,394,180777.95,71,F1,1,,,,,
2026-08-25,2026-08-25,CM,NSE,STK,7560,INE368U01029,UNITEDPOLY,EQ,,,,,UNITED POLYFAB GUJ. LTD.,38.99,39.4,37.28,38.06,38.09,38.39,,38.06,,,201045,7685423.84,522,F1,1,,,,,
2026-08-25,2026-08-25,CM,NSE,STK,10447,INE854D01024,UNITDSPR,EQ,,,,,UNITED SPIRITS LIMITED,1550.0,1556.2,1542.2,1550.0,1550.0,1555.0,,1549.95,,,223019,345099811.1,10397,F1,1,,,,,
2026-08-25,2026-08-25,CM,NSE,STK,18979,INE562X01013,UNIVASTU,BE,,,,,UNIVASTU INDIA LIMITED,158.9,168.0,156.25,161.7,163.0,164.47,,161.7,,,146626,23480705.5,887,F1,1,,,,,
2026-08-25,2026-08-25,CM,NSE,STK,3607,INE279A01012,UNIVCABLES,EQ,,,,,UNIVERSAL CABLES LTD,1633.0,1634.0,1549.5,1589.9,1588.0,1631.7,,1589.97,,,109117,172921942.4,12248,F1,1,,,,,
2026-08-25,2026-08-25,CM,NSE,STK,17661,INE03V001013,UNIVPHOTO,BE,,,,,UNIVERSUS IMAGINGS LTD,450.0,470.0,440.0,456.75,457.55,449.1,,456.31,,,996,460854.55,57,F1,1,,,,,
2026-08-25,2026-08-25,CM,NSE,STK,14154,INE405E01023,UNOMINDA,EQ,,,,,UNO MINDA LIMITED,1243.0,1256.5,1240.5,1253.4,1253.4,1251.3,,1253.4,,,464892,581394103.1,26776,F1,1,,,,,
2026-08-25,2026-08-25,CM,NSE,STK,18636,INE148I08256,915SCL26,NE,,,,,UNS RED NCD 9.15% SR.IX,1080.0,1080.0,1080.0,1080.0,1080.0,1076.0,,1080.0,,,193,208440.0,3,F1,1,,,,,
2026-08-25,2026-08-25,CM,NSE,STK,2877,INE530B08102,96IIFL28A,NF,,,,,UNSE RE NCD 9.6% SR.II,1002.97,1002.97,1001.06,1001.2,1002.95,1002.97,,1001.2,,,257,257518.42,11,F1,1,,,,,
2026-08-25,2026-08-25,CM,NSE,STK,5212,INE477L08147,10IIFL28,N4,,,,,UNSEC RE NCD 10% SR.I,1008.05,1009.0,996.05,1003.0,1003.0,1009.0,,997.04,,,525,524842.4,11,F1,1,,,,,
2026-08-25,2026-08-25,CM,NSE,STK,5214,INE477L08154,96IIFL28,N5,,,,,UNSEC RE NCD 9.60% SR.II,1002.0,1002.95,1000.02,1001.99,1001.99,1002.0,,1001.99,,,233,233134.43,11,F1,1,,,,,
2026-08-25,2026-08-25,CM,NSE,STK,21225,INE306N08292,910TCAP28,,,,,,UNSERENCD9.1%SRIIICIII&IV,1123.0,1123.0,1120.0,1120.0,1120.0,1116.3,,1120.0,,,43,48163.0,2,F1,1,,,,,
2026-08-25,2026-08-25,CM,NSE,STK,19113,INE851I01011,UDS,EQ,,,,,UPDATER SERVICES LIMITED,222.92,223.01,219.22,222.0,222.02,221.1,,222.0,,,365039,80851196.2,4744,F1,1,,,,,
2026-08-25,2026-08-25,CM,NSE,STK,11287,INE628A01036,UPL,EQ,,,,,UPL LIMITED,574.95,585.0,570.55,585.0,585.0,571.9,,585.0,,,3864498,2229361303.6,49081,F1,1,,,,,
2026-08-25,2026-08-25,CM,NSE,STK,10610,INE0CBM01019,USASEEDS,SM,,,,,UPSURGE SEEDS OF AGRI LTD,92.15,92.15,92.15,92.15,92.15,96.9,,92.15,,,428,39440.2,1,F1,428,,,,,
2026-08-25,2026-08-25,CM,NSE,STK,17081,INE568Z01015,URAVIDEF,BE,,,,,URAVI DEFENCE &TECH LTD,108.0,110.5,107.0,109.28,109.3,107.16,,109.28,,,10181,1102407.94,51,F1,1,,,,,
2026-08-25,2026-08-25,CM,NSE,STK,759084,INE0CAZ01013,URBANCO,EQ,,,,,URBAN COMPANY LIMITED,169.0,171.55,167.1,169.28,169.7,168.84,,169.28,,,15463355,2618972523.13,84994,F1,1,,,,,
2026-08-25,2026-08-25,CM,NSE,STK,16888,INE0O0201019,URBAN,SM,,,,,URBAN ENVIRO WASTE MGMT L,149.5,149.5,144.0,145.6,144.5,145.0,,145.6,,,8000,1170480.0,10,F1,800,,,,,
2026-08-25,2026-08-25,CM,NSE,STK,20203,INE550C01020,URJA,EQ,,,,,URJA GLOBAL LIMITED,9.24,9.38,9.16,9.28,9.37,9.24,,9.28,,,623733,5768005.4,1962,F1,1,,,,,
2026-08-25,2026-08-25,CM,NSE,STK,25952,INE0LS001014,USHAFIN,SM,,,,,USHA FINANCIAL SERVICES L,45.0,46.0,45.0,46.0,46.0,45.7,,46.0,,,8000,361600.0,5,F1,1600,,,,,
2026-08-25,2026-08-25,CM,NSE,STK,19142,INE240C01028,UMESLTD,EQ,,,,,USHA MARTIN EDU & SOL LTD,6.19,6.19,5.45,5.63,5.45,5.85,,5.63,,,129301,743111.55,401,F1,1,,,,,
2026-08-25,2026-08-25,CM,NSE,STK,8840,INE228A01035,USHAMART,EQ,,,,,USHA MARTIN LTD.,492.45,492.45,485.65,487.25,489.2,490.6,,487.24,,,175757,85783909.6,9804,F1,1,,,,,
2026-08-25,2026-08-25,CM,NSE,STK,527,INE094J01016,UTIAMC,EQ,,,,,UTI ASSET MNGMT CO LTD,885.0,893.8,884.0,889.95,889.55,886.45,,889.94,,,40053,35627166.85,4400,F1,1,,,,,
2026-08-25,2026-08-25,CM,NSE,STK,764180,INF789F1AG68,LIQUIDBETA,EQ,,,,,UTIAMC - LIQUIDBETA,1005.71,1005.71,1005.71,1005.71,1005.71,1005.42,,1005.71,,,501,503860.71,2,F1,1,,,,,
2026-08-25,2026-08-25,CM,NSE,STK,22440,INF789F1AUV1,BANKBETA,EQ,,,,,UTIAMC-BANKBETA,59.08,59.72,59.08,59.44,59.35,59.27,,59.44,,,225583,13373978.13,291,F1,1,,,,,
2026-08-25,2026-08-25,CM,NSE,STK,22524,INF789F1AZF3,GILT10BETA,EQ,,,,,UTIAMC-GILT10BETA,26.35,26.87,26.35,26.57,26.57,26.5,,26.57,,,487,12852.28,18,F1,1,,,,,
2026-08-25,2026-08-25,CM,NSE,STK,22521,INF789F1AZE6,GILT5BETA,EQ,,,,,UTIAMC-GILT5BETA,66.5,66.5,65.75,65.75,65.75,66.5,,65.75,,,1188,78189.8,15,F1,1,,,,,
2026-08-25,2026-08-25,CM,NSE,STK,22488,INF789F1AZD8,ITBETA,EQ,,,,,UTIAMC-ITBETA,322.17,322.56,319.81,322.4,322.56,320.74,,322.4,,,152,48812.67,19,F1,1,,,,,
2026-08-25,2026-08-25,CM,NSE,STK,18347,INF789F1AYX9,MIDCAPBETA,EQ,,,,,UTIAMC-MIDCAPBETA,237.48,237.52,236.01,236.98,237.0,236.3,,236.98,,,1124,265834.9,40,F1,1,,,,,
2026-08-25,2026-08-25,CM,NSE,STK,21478,INF789F1AUW9,NEXT50BETA,EQ,,,,,UTIAMC-NEXT50BETA,80.2,80.25,79.06,80.2,80.25,79.86,,80.2,,,83801,6697826.15,603,F1,1,,,,,
2026-08-25,2026-08-25,CM,NSE,STK,10511,INF789F1AZC0,NIFTYBETA,EQ,,,,,UTIAMC-NIFTYBETA,268.67,270.56,267.69,269.9,270.56,268.67,,269.91,,,260287,69845752.88,537,F1,1,,,,,
2026-08-25,2026-08-25,CM,NSE,STK,10515,INF789FB1X58,SENSEXBETA,EQ,,,,,UTIAMC-SENSEXBETA,861.9,864.63,855.0,856.6,855.1,857.86,,856.6,,,547,469776.55,125,F1,1,,,,,
2026-08-25,2026-08-25,CM,NSE,STK,15085,INF789F1AYK6,SILVERBETA,EQ,,,,,UTIAMC-SILVERBETA,233.1,233.16,230.22,231.08,231.2,234.1,,231.07,,,608146,140668288.49,5180,F1,1,,,,,
2026-08-25,2026-08-25,CM,NSE,STK,9168,INF789F1AUU3,SNXT50BETA,EQ,,,,,UTIAMC-SNXT50BETA,96.48,96.48,94.64,96.22,96.11,95.59,,96.28,,,794,76277.75,64,F1,1,,,,,
2026-08-25,2026-08-25,CM,NSE,STK,14535,INF789F1AUX7,GOLDBETA,EQ,,,,,UTIAMC-UTIGOLDBETA,132.15,135.9,132.15,135.35,135.45,135.5,,135.35,,,1231168,166494010.3,3147,F1,1,,,,,
2026-08-25,2026-08-25,CM,NSE,STK,751580,INE1V1R01014,UTKAL,SM,,,,,UTKAL SPEC INDUS INDIA L,49.95,49.95,49.95,49.95,49.95,49.95,,49.95,,,2000,99900.0,1,F1,2000,,,,,
2026-08-25,2026-08-25,CM,NSE,STK,17358,INE735W01017,UTKARSHBNK,EQ,,,,,UTKARSH SMALL FIN BANK L,14.42,14.99,14.37,14.72,14.68,14.69,,14.72,,,9328992,137376929.36,12252,F1,1,,,,,
2026-08-25,2026-08-25,CM,NSE,STK,24729,INE06IJ01010,UTSSAV,ST,,,,,UTSSAV CZ GOLD JEWELS LTD,470.0,473.0,467.0,467.0,467.0,475.0,,467.0,,,10800,5076780.0,13,F1,600,,,,,
2026-08-25,2026-08-25,CM,NSE,STK,13376,INE786F01031,UTTAMSUGAR,EQ,,,,,UTTAM SUGAR MILLS LTD.,325.99,337.94,317.21,323.13,324.0,334.05,,323.16,,,439234,143457033.42,11382,F1,1,,,,,
2026-08-25,2026-08-25,CM,NSE,STK,3188,INE0GXK01018,VMARCIND,SM,,,,,V MARC INDIA LIMITED,397.0,400.0,388.0,390.05,390.0,396.85,,390.05,,,169500,66469425.0,103,F1,1500,,,,,
2026-08-25,2026-08-25,CM,NSE,STK,765220,INE222F01029,VTMLTD,EQ,,,,,V T M LTD.,50.68,53.49,50.0,53.07,53.0,49.33,,53.04,,,67986,3541934.89,595,F1,1,,,,,
2026-08-25,2026-08-25,CM,NSE,STK,15362,INE951I01027,VGUARD,EQ,,,,,V-GUARD IND LTD.,331.5,334.05,329.6,332.7,333.05,331.55,,332.69,,,327170,108600374.4,7511,F1,1,,,,,
2026-08-25,2026-08-25,CM,NSE,STK,24606,INE0QXL01015,VLINFRA,SM,,,,,V.L.INFRAPROJECTS LIMITED,26.05,27.5,26.05,27.5,27.5,26.5,,27.5,,,3000,80325.0,2,F1,1500,,,,,
2026-08-25,2026-08-25,CM,NSE,STK,14766,INE945H01021,V2RETAIL,EQ,,,,,V2 RETAIL LIMITED,218.79,225.0,216.11,223.25,223.1,218.22,,223.3,,,1774534,391874826.66,36448,F1,1,,,,,
2026-08-25,2026-08-25,CM,NSE,STK,20188,INE956G01038,WABAG,EQ,,,,,VA TECH WABAG LTD,2039.0,2054.0,1992.6,2021.5,2023.0,2001.1,,2021.48,,,564405,1140262550.6,35208,F1,1,,,,,
2026-08-25,2026-08-25,CM,NSE,STK,764975,INE693D01018,VADILENT,EQ,,,,,VADILAL ENTERPRISES LTD.,9700.0,9750.0,9700.0,9750.0,9750.0,9700.0,,9725.0,,,2,19450.0,2,F1,1,,,,,
2026-08-25,2026-08-25,CM,NSE,STK,24196,INE694D01016,VADILALIND,EQ,,,,,VADILAL INDUSTRIES LTD,7425.5,7476.0,7400.0,7437.5,7449.0,7425.5,,7438.07,,,6476,48203810.0,1987,F1,1,,,,,
2026-08-25,2026-08-25,CM,NSE,STK,11364,INE884A01027,VAIBHAVGBL,EQ,,,,,VAIBHAV GLOBAL LIMITED,219.1,222.4,219.0,221.3,221.55,219.5,,221.33,,,166563,36744045.25,8997,F1,1,,,,,
2026-08-25,2026-08-25,CM,NSE,STK,8262,INE0JR301013,MADHAVBAUG,ST,,,,,VAIDYA SANE AYUR LAB LTD,170.0,178.6,170.0,178.6,178.6,171.5,,178.6,,,800,139440.0,2,F1,400,,,,,
2026-08-25,2026-08-25,CM,NSE,STK,16589,INE972X01022,VAISHALI,EQ,,,,,VAISHALI PHARMA LIMITED,8.12,8.24,7.8,7.97,7.9,8.12,,7.97,,,93607,754132.98,223,F1,1,,,,,
2026-08-25,2026-08-25,CM,NSE,STK,13342,INE051B01021,VAKRANGEE,EQ,,,,,VAKRANGEE LIMITED,6.0,6.03,5.8,5.92,5.91,5.91,,5.92,,,1068838,6302785.66,1731,F1,1,,,,,
2026-08-25,2026-08-25,CM,NSE,STK,19218,INE0JWS01017,VALIANTLAB,EQ,,,,,VALIANT LABORATORIES LTD,105.5,105.54,98.5,105.48,105.54,100.52,,105.48,,,899019,94290166.32,2801,F1,1,,,,,
2026-08-25,2026-08-25,CM,NSE,STK,334,INE565V01010,VALIANTORG,BE,,,,,VALIANT ORGANICS LIMITED,293.95,298.4,290.0,292.3,295.95,292.9,,292.5,,,11922,3503732.5,317,F1,1,,,,,
2026-08-25,2026-08-25,CM,NSE,STK,18124,INE879I01012,DBREALTY,EQ,,,,,VALOR ESTATE LIMITED,106.46,108.0,105.57,107.28,106.5,105.68,,107.28,,,584365,62352720.17,5507,F1,1,,,,,
2026-08-25,2026-08-25,CM,NSE,STK,13403,INE116G01013,VARDHACRLC,BE,,,,,VARDHAMAN ACRYLICS LTD,43.81,44.89,43.0,43.5,43.7,43.92,,43.5,,,29543,1289020.9,183,F1,1,,,,,
2026-08-25,2026-08-25,CM,NSE,STK,11892,INE701A01023,VHL,EQ,,,,,VARDHMAN HOLDINGS LIMITED,3375.0,3460.0,3371.0,3446.1,3460.0,3414.2,,3446.1,,,240,818598.6,76,F1,1,,,,,
2026-08-25,2026-08-25,CM,NSE,STK,3646,INE835A01029,VARDMNPOLY,EQ,,,,,VARDHMAN POLYTEX LTD.,6.01,6.09,5.97,6.0,6.01,6.0,,5.97,,,113014,682804.45,326,F1,1,,,,,
2026-08-25,2026-08-25,CM,NSE,STK,27067,INE050M01012,VSSL,EQ,,,,,VARDHMAN SPC STEEL LTD,351.45,353.0,341.3,344.55,343.8,351.45,,344.55,,,96812,33601061.15,3362,F1,1,,,,,
2026-08-25,2026-08-25,CM,NSE,STK,2073,INE825A01020,VTL,EQ,,,,,VARDHMAN TEXTILES LIMITED,599.6,608.85,598.15,601.35,602.25,599.55,,601.35,,,176383,106689907.05,11311,F1,1,,,,,
2026-08-25,2026-08-25,CM,NSE,STK,3857,INE665L01035,VARROC,EQ,,,,,VARROC ENGINEERING LTD.,812.4,818.6,797.55,810.3,810.0,812.4,,810.29,,,122101,98408300.95,7305,F1,1,,,,,
2026-08-25,2026-08-25,CM,NSE,STK,18921,INE200M01039,VBL,EQ,,,,,VARUN BEVERAGES LIMITED,425.0,438.0,423.85,438.0,438.0,428.0,,438.0,,,9481343,4094843987.45,73795,F1,1,,,,,
2026-08-25,2026-08-25,CM,NSE,STK,13771,INE273D01027,VGL,EQ,,,,,VARVEE GLOBAL LIMITED,54.42,63.0,54.42,58.98,59.4,54.59,,58.98,,,114090,6862107.49,1212,F1,1,,,,,
2026-08-25,2026-08-25,CM,NSE,STK,16454,INE0N5801013,DENTALKART,SM,,,,,VASA DENTICITY LIMITED,412.0,422.85,405.0,417.9,418.0,411.85,,417.9,,,59500,24421900.0,77,F1,250,,,,,
2026-08-25,2026-08-25,CM,NSE,STK,18110,INE893I01013,VASCONEQ,EQ,,,,,VASCON ENGINEERS LTD,31.3,31.59,30.75,31.0,31.07,31.25,,30.97,,,206395,6414741.83,982,F1,1,,,,,
2026-08-25,2026-08-25,CM,NSE,STK,25340,INE590L01019,VASWANI,EQ,,,,,VASWANI IND LTD,46.39,47.01,45.51,46.19,46.0,45.89,,46.19,,,13836,638391.77,131,F1,1,,,,,
2026-08-25,2026-08-25,CM,NSE,STK,9027,INE098201036,VCL,BE,,,,,VAXTEX COTFAB LIMITED,2.34,2.34,2.34,2.34,2.34,2.23,,2.34,,,531241,1243103.94,146,F1,1,,,,,
2026-08-25,2026-08-25,CM,NSE,STK,757413,INE04HY07294,1025VCCL28,N0,,,,,VCCL 10.25% 2028,96500.0,96500.0,95500.0,96500.0,96500.0,95005.0,,96500.0,,,3,288500.0,3,F1,1,,,,,
2026-08-25,2026-08-25,CM,NSE,STK,25812,INE04HY07179,12VCCL27A,N0,,,,,VCCL 12% 2027 SR C,100000.0,100000.0,100000.0,100000.0,100000.0,99040.14,,100000.0,,,1,100000.0,1,F1,1,,,,,
2026-08-25,2026-08-25,CM,NSE,STK,763380,INE04HY07401,115VCCL31A,N0,,,,,VCCL31A 11.5% 2031,9798.04,9998.99,9798.04,9998.99,9998.99,9998.0,,9998.99,,,14,137976.36,3,F1,1,,,,,
2026-08-25,2026-08-25,CM,NSE,STK,25054,INE0U2M01015,VDEAL,SM,,,,,VDEAL SYSTEM LIMITED,163.9,163.9,156.0,156.0,156.0,154.45,,156.0,,,2400,383910.0,4,F1,600,,,,,
2026-08-25,2026-08-25,CM,NSE,STK,8167,INE825V01034,MANYAVAR,EQ,,,,,VEDANT FASHIONS LIMITED,530.0,541.25,523.0,536.5,535.05,533.95,,536.52,,,3852349,2066096391.45,13051,F1,1,,,,,
2026-08-25,2026-08-25,CM,NSE,STK,750174,INE1CDF01017,VAML,EQ,,,,,VEDANTA ALUMINIUM METAL L,449.35,455.7,446.5,447.85,448.0,449.35,,447.85,,,7996323,3602548316.1,142528,F1,1,,,,,
2026-08-25,2026-08-25,CM,NSE,STK,750290,INE1CLE01013,VISL,EQ,,,,,VEDANTA IRON AND STEEL L,37.25,38.29,36.5,36.94,36.94,37.07,,36.94,,,21169731,792696580.65,39064,F1,1,,,,,
2026-08-25,2026-08-25,CM,NSE,STK,3063,INE205A01025,VEDL,EQ,,,,,VEDANTA LIMITED,276.0,276.8,273.0,275.0,275.0,277.0,,274.99,,,7970246,2190957207.65,58138,F1,1,,,,,
2026-08-25,2026-08-25,CM,NSE,STK,750368,INE704J01044,VOGL,EQ,,,,,VEDANTA OIL AND GAS LTD,39.55,40.68,38.76,38.95,39.0,39.69,,38.95,,,36407728,1443918773.16,55602,F1,1,,,,,
2026-08-25,2026-08-25,CM,NSE,STK,750518,INE694L01019,VEDPOWER,EQ,,,,,VEDANTA POWER LIMITED,36.35,37.07,36.07,36.93,37.0,36.3,,36.93,,,12513028,457322887.1,36481,F1,1,,,,,
2026-08-25,2026-08-25,CM,NSE,STK,764980,INE359B01010,VEDAVAAG,EQ,,,,,VEDAVAAG SYSTEMS LTD.,18.5,18.8,18.1,18.25,18.2,18.47,,18.25,,,28224,517730.39,170,F1,1,,,,,
2026-08-25,2026-08-25,CM,NSE,STK,14019,INE484C01030,VEEDOL,EQ,,,,,VEEDOL CORPORATION LTD,1487.0,1489.2,1464.1,1469.5,1474.0,1476.7,,1469.51,,,6102,8980481.2,943,F1,1,,,,,
2026-08-25,2026-08-25,CM,NSE,STK,10710,INE0KTW01013,VEEKAYEM,SM,,,,,VEEKAYEM FASH & APP LTD,104.3,104.3,94.65,94.65,94.65,99.6,,94.65,,,9000,859775.0,16,F1,500,,,,,
2026-08-25,2026-08-25,CM,NSE,STK,762969,INE232E01013,VELJAN,BE,,,,,VELJAN DENISON LTD.,1825.0,1825.0,1771.6,1773.3,1772.1,1825.0,,1773.3,,,71,126083.9,16,F1,1,,,,,
2026-08-25,2026-08-25,CM,NSE,STK,3757,INE398A01010,VENKEYS,EQ,,,,,VENKY S (INDIA) LIMITED,1576.4,1608.6,1567.1,1577.4,1580.0,1568.5,,1577.41,,,88393,140142383.0,7077,F1,1,,,,,
2026-08-25,2026-08-25,CM,NSE,STK,28847,INE781S01027,VENTIVE,EQ,,,,,VENTIVE HOSPITALITY LTD,585.7,610.0,574.75,594.05,596.0,585.7,,594.11,,,60788,36180366.5,3420,F1,1,,,,,
2026-08-25,2026-08-25,CM,NSE,STK,9592,INE0JA001018,VENUSPIPES,EQ,,,,,VENUS PIPES & TUBES LTD,1567.3,1590.3,1543.1,1550.0,1550.0,1550.3,,1550.03,,,133383,207582160.7,9070,F1,1,,,,,
2026-08-25,2026-08-25,CM,NSE,STK,13856,INE411B01019,VENUSREM,BE,,,,,VENUS REMEDIES LIMITED,1656.6,1672.2,1638.0,1657.4,1664.9,1686.9,,1657.45,,,30088,49811450.3,1232,F1,1,,,,,
2026-08-25,2026-08-25,CM,NSE,STK,8890,INE0IQ001011,VERANDA,EQ,,,,,VERANDA LEARNING SOL LTD,250.15,252.75,245.85,248.0,247.3,250.15,,247.96,,,195120,48406410.1,2580,F1,1,,,,,
2026-08-25,2026-08-25,CM,NSE,STK,23775,INE0SRI01019,VERITAAS,SM,,,,,VERITAAS ADVERTISING LTD,31.65,31.65,31.65,31.65,31.65,33.3,,31.65,,,3600,113940.0,3,F1,1200,,,,,
2026-08-25,2026-08-25,CM,NSE,STK,14491,INE0NLB01018,VERTEXPLUS,SM,,,,,VERTEXPLUS TECHNOLOGIES L,49.0,49.0,49.0,49.0,49.0,50.4,,49.0,,,16800,823200.0,1,F1,600,,,,,
2026-08-25,2026-08-25,CM,NSE,STK,10757,INE0KXY23015,VERTIS,IV,,,,,VERTIS INFRASTRUCTURE TST,115.0,115.0,115.0,115.0,115.0,116.0,,115.0,,,25000,2875000.0,1,F1,25000,,,,,
2026-08-25,2026-08-25,CM,NSE,STK,18865,INE188Y01031,VERTOZ,BE,,,,,VERTOZ LIMITED,38.9,40.32,38.9,40.32,40.32,38.4,,40.32,,,60394,2428123.55,312,F1,1,,,,,
2026-08-25,2026-08-25,CM,NSE,STK,3676,INE386A01023,VESUVIUS,EQ,,,,,VESUVIUS INDIA LTD,434.3,436.45,427.35,428.65,428.0,432.65,,428.65,,,90887,39080906.25,4096,F1,1,,,,,
2026-08-25,2026-08-25,CM,NSE,STK,8660,INE918N01018,VETO,BE,,,,,VETO SWITCHGEAR CABLE LTD,130.9,132.0,128.17,129.15,129.0,130.45,,128.93,,,45589,5890408.42,262,F1,1,,,,,
2026-08-25,2026-08-25,CM,NSE,STK,14316,INE0MO401019,VIAZ,SM,,,,,VIAZ TYRES LIMITED,75.2,75.2,70.1,75.0,75.0,73.25,,75.0,,,8000,580900.0,4,F1,2000,,,,,
2026-08-25,2026-08-25,CM,NSE,STK,22730,INE0QTF01015,VSTL,EQ,,,,,VIBHOR STEEL TUBES LTD,112.53,113.75,111.25,111.5,111.25,111.53,,111.62,,,8832,986241.23,179,F1,1,,,,,
2026-08-25,2026-08-25,CM,NSE,STK,765252,INE761Q01015,VGCL,EQ,,,,,VIBRANT GLOBAL CAPITAL L,58.9,58.9,54.13,54.36,54.13,56.97,,54.56,,,19780,1122138.13,113,F1,1,,,,,
2026-08-25,2026-08-25,CM,NSE,STK,23386,INE048C01025,VHLTD,BE,,,,,VICEROY HOTELS LIMITED,117.5,120.44,117.0,119.21,119.38,117.13,,119.48,,,26465,3144162.9,87,F1,1,,,,,
2026-08-25,2026-08-25,CM,NSE,STK,760694,INE0F8901022,VICTORYEV,ST,,,,,VICTORY ELEC VEHICL INT L,15.9,16.65,15.9,16.5,16.5,16.0,,16.5,,,15000,243000.0,5,F1,3000,,,,,
2026-08-25,2026-08-25,CM,NSE,STK,13536,INE632C01026,VIDHIING,EQ,,,,,VIDHI SPCLTY F INGRDNTS L,350.0,355.0,328.1,346.85,350.0,345.5,,346.8,,,69905,23934986.2,2129,F1,1,,,,,
2026-08-25,2026-08-25,CM,NSE,STK,760224,INE14UN01029,VIDYAWIRES,EQ,,,,,VIDYA WIRES LIMITED,86.5,87.45,84.7,85.0,85.25,86.5,,85.0,,,572363,48841441.08,5240,F1,1,,,,,
2026-08-25,2026-08-25,CM,NSE,STK,758908,INE1DM601016,VIGOR,ST,,,,,VIGOR PLAST INDIA LIMITED,103.85,103.85,103.0,103.85,103.85,98.95,,103.85,,,43200,4481200.0,27,F1,1600,,,,,
2026-08-25,2026-08-25,CM,NSE,STK,764985,INE362D01010,VIJSOLX,EQ,,,,,VIJAY SOLVEX LTD.,685.7,700.0,685.05,686.2,685.05,704.95,,687.39,,,143,98077.85,22,F1,1,,,,,
2026-08-25,2026-08-25,CM,NSE,STK,5585,INE043W01024,VIJAYA,EQ,,,,,VIJAYA DIAGNOSTIC CEN LTD,1483.0,1499.8,1448.2,1483.4,1482.3,1482.4,,1483.16,,,189129,277832662.0,16069,F1,1,,,,,
2026-08-25,2026-08-25,CM,NSE,STK,760121,INE0WL901019,VIJAYPD,SM,,,,,VIJAYPD CEUTICAL LIMITED,56.25,60.25,56.25,60.1,60.25,57.45,,60.1,,,12000,699500.0,6,F1,2000,,,,,
2026-08-25,2026-08-25,CM,NSE,STK,17695,INE159N01027,VIJIFIN,BE,,,,,VIJI FINANCE LIMITED,14.19,14.19,14.19,14.19,14.19,13.92,,14.29,,,46431,658855.89,57,F1,1,,,,,
2026-08-25,2026-08-25,CM,NSE,STK,25756,INE806A01020,VIKASECO,EQ,,,,,VIKAS ECOTECH LIMITED,1.07,1.07,1.04,1.06,1.06,1.06,,1.06,,,3423052,3627385.34,1141,F1,1,,,,,
2026-08-25,2026-08-25,CM,NSE,STK,9931,INE161L01027,VIKASLIFE,EQ,,,,,VIKAS LIFECARE LIMITED,1.22,1.26,1.19,1.24,1.25,1.21,,1.24,,,4478463,5467761.57,8062,F1,1,,,,,
2026-08-25,2026-08-25,CM,NSE,STK,759453,INE078V01014,VIKRAMSOLR,EQ,,,,,VIKRAM SOLAR LIMITED,172.5,172.73,169.31,169.99,170.15,172.02,,169.98,,,1602097,273337764.69,13796,F1,1,,,,,
2026-08-25,2026-08-25,CM,NSE,STK,758973,INE01R501028,VIKRAN,EQ,,,,,VIKRAN ENGINEERING LTD,61.81,61.9,59.67,59.98,60.03,61.32,,59.98,,,2021169,122031672.59,8936,F1,1,,,,,
2026-08-25,2026-08-25,CM,NSE,STK,23909,INE0AZY01017,VILAS,SM,,,,,VILAS TRANSCORE LIMITED,354.5,373.9,351.5,368.9,370.95,351.55,,368.9,,,68000,24941775.0,201,F1,250,,,,,
2026-08-25,2026-08-25,CM,NSE,STK,16954,INE0L4V01013,VILINBIO,SM,,,,,VILIN BIO MED LIMITED,43.15,43.15,42.6,42.6,42.6,43.15,,42.6,,,16000,684200.0,4,F1,4000,,,,,
2026-08-25,2026-08-25,CM,NSE,STK,13101,INE579C01029,VIMTALABS,EQ,,,,,VIMTA LABS LIMITED,618.0,629.25,610.95,626.35,629.0,615.85,,626.24,,,88396,54927260.75,4746,F1,1,,,,,
2026-08-25,2026-08-25,CM,NSE,STK,17364,INE410B01037,VINATIORGA,EQ,,,,,VINATI ORGANICS LTD,1329.0,1338.0,1324.0,1333.2,1336.4,1329.6,,1333.27,,,22644,30141883.9,2511,F1,1,,,,,
2026-08-25,2026-08-25,CM,NSE,STK,3694,INE707A01012,VINDHYATEL,EQ,,,,,VINDHYA TELELINKS LTD,2424.9,2424.9,2325.6,2381.6,2386.9,2388.4,,2381.71,,,53943,128989523.8,5063,F1,1,,,,,
2026-08-25,2026-08-25,CM,NSE,STK,3807,INE505Y01010,VINEETLAB,EQ,,,,,VINEET LABORATORIES LTD,38.39,39.0,36.86,38.7,38.55,37.37,,38.72,,,120648,4607991.81,517,F1,1,,,,,
2026-08-25,2026-08-25,CM,NSE,STK,763821,INE27V201011,VMOBILE,SM,,,,,VINIT MOBILE LIMITED,65.45,65.7,62.55,64.1,64.1,65.75,,64.1,,,8000,512840.0,10,F1,800,,,,,
2026-08-25,2026-08-25,CM,NSE,STK,12490,INE01KI01027,VINNY,EQ,,,,,VINNY OVERSEAS LIMITED,1.07,1.07,1.06,1.06,1.07,1.07,,1.06,,,125134,132762.79,114,F1,1,,,,,
2026-08-25,2026-08-25,CM,NSE,STK,17905,INE0OSJ01014,VINSYS,ST,,,,,VINSYS IT SERVICES IND LT,600.0,607.0,598.0,598.4,598.4,600.0,,598.4,,,1250,750600.0,5,F1,250,,,,,
2026-08-25,2026-08-25,CM,NSE,STK,25835,INE498Q01014,VINCOFE,EQ,,,,,VINTAGE COFFEE N BVRGS L,162.0,164.85,158.61,160.9,161.7,158.98,,160.97,,,1638606,264658063.72,16469,F1,1,,,,,
2026-08-25,2026-08-25,CM,NSE,STK,19206,INE0OLS01010,VINYAS,SM,,,,,VINYAS INNOVATIVE TECH L,1580.0,1685.0,1576.05,1656.6,1650.0,1603.15,,1656.6,,,16800,27587370.0,133,F1,100,,,,,
2026-08-25,2026-08-25,CM,NSE,STK,16821,INE250B01029,VINYLINDIA,EQ,,,,,VINYL CHEMICALS (I) LTD.,241.0,241.0,235.21,237.14,236.0,238.82,,237.14,,,5965,1417830.41,297,F1,1,,,,,
2026-08-25,2026-08-25,CM,NSE,STK,14843,INE450G01024,VIPCLOTHNG,EQ,,,,,VIP CLOTHING LIMITED,20.5,20.84,20.2,20.57,20.7,20.77,,20.58,,,27535,562963.75,108,F1,1,,,,,
2026-08-25,2026-08-25,CM,NSE,STK,3703,INE054A01027,VIPIND,EQ,,,,,VIP INDUSTRIES LTD,302.05,305.85,298.0,299.7,298.15,302.05,,299.7,,,597251,179539325.85,8991,F1,1,,,,,
2026-08-25,2026-08-25,CM,NSE,STK,8437,INE946H01037,VIPULLTD,BE,,,,,VIPUL LIMITED,16.39,16.39,16.39,16.39,16.39,16.07,,16.4,,,904233,14820378.87,111,F1,1,,,,,
2026-08-25,2026-08-25,CM,NSE,STK,764990,INE467D01017,VIRAT,EQ,,,,,VIRAT INDUSTRIES LTD.,489.4,494.4,433.8,448.8,444.6,482.0,,448.88,,,44537,19682987.0,1679,F1,1,,,,,
2026-08-25,2026-08-25,CM,NSE,STK,15295,INE539B01017,VIRINCHI,EQ,,,,,VIRINCHI LIMITED,14.83,15.7,14.83,15.53,15.5,15.14,,15.53,,,48453,743188.15,180,F1,1,,,,,
2026-08-25,2026-08-25,CM,NSE,STK,757060,INE0VRH01015,VGINFOTECH,SM,,,,,VIRTUAL GALAXY INFOTECH L,150.05,151.85,147.0,148.55,148.1,149.35,,148.55,,,53000,7879450.0,47,F1,1000,,,,,
2026-08-25,2026-08-25,CM,NSE,STK,765215,INE247C01023,VIRTUALG,EQ,,,,,VIRTUAL GLOBAL EDU LTD,0.57,0.57,0.52,0.52,0.53,0.55,,0.52,,,527513,283411.16,273,F1,1,,,,,
2026-08-25,2026-08-25,CM,NSE,STK,761916,INE0I0T01010,VOEPL,EQ,,,,,VIRTUOSO OPTOELECTRONIC L,496.95,501.0,492.0,498.75,498.5,498.2,,498.75,,,22135,10994056.7,898,F1,1,,,,,
2026-08-25,2026-08-25,CM,NSE,STK,13295,INE286H01012,VISACHROME,EQ,,,,,VISA CHROME LIMITED,37.9,38.0,37.02,37.93,38.0,36.81,,37.93,,,15159,572887.54,81,F1,1,,,,,
2026-08-25,2026-08-25,CM,NSE,STK,29877,INE370E01029,VIVIDHA,EQ,,,,,VISAGAR POLYTEX LTD,0.53,0.54,0.5,0.52,0.52,0.53,,0.52,,,420880,216023.57,192,F1,1,,,,,
2026-08-25,2026-08-25,CM,NSE,STK,4221,INE392A01021,VISAKAIND,EQ,,,,,VISAKA INDUSTRIES LIMITED,93.47,93.68,90.21,91.33,91.97,92.51,,91.33,,,195653,18004119.71,2958,F1,1,,,,,
2026-08-25,2026-08-25,CM,NSE,STK,24274,INE0BHK01012,VISAMAN,SM,,,,,VISAMAN GLOBAL SALES LTD,92.3,92.3,92.3,92.3,92.3,97.15,,92.3,,,1000,92300.0,1,F1,1000,,,,,
2026-08-25,2026-08-25,CM,NSE,STK,18708,INE0OWX01025,VISDEM,SM,,,,,VISDEM TECHNOSYS LIMITED,79.5,79.5,79.5,79.5,79.5,79.6,,79.5,,,2400,190800.0,2,F1,1200,,,,,
2026-08-25,2026-08-25,CM,NSE,STK,11773,INE755Q01025,VISHAL,EQ,,,,,VISHAL FABRICS LTD.,18.4,19.36,18.4,18.9,19.05,18.79,,18.95,,,39894,754454.84,762,F1,1,,,,,
2026-08-25,2026-08-25,CM,NSE,STK,27969,INE01EA01019,VMM,EQ,,,,,VISHAL MEGA MART LIMITED,113.9,114.35,111.0,112.5,112.5,113.5,,112.46,,,22412088,2512603868.22,64002,F1,1,,,,,
2026-08-25,2026-08-25,CM,NSE,STK,6908,INE270I01022,VISHNU,EQ,,,,,VISHNU CHEMICALS LIMITED,638.65,646.85,631.25,642.9,640.8,637.7,,642.66,,,76828,49162508.35,3587,F1,1,,,,,
2026-08-25,2026-08-25,CM,NSE,STK,18341,INE0AE001013,VPRPL,EQ,,,,,VISHNU PRAKASH R PUNGLI L,33.56,33.9,33.18,33.71,33.58,33.56,,33.71,,,178673,5994594.95,1281,F1,1,,,,,
2026-08-25,2026-08-25,CM,NSE,STK,19300,INE0PQ001012,VISHNUINFR,SM,,,,,VISHNUSURYA PROJ N INFR L,159.0,162.8,155.5,161.15,161.8,159.4,,161.15,,,12500,1981825.0,19,F1,500,,,,,
2026-08-25,2026-08-25,CM,NSE,STK,13702,INE430N01022,VISHWARAJ,EQ,,,,,VISHWARAJ SUGAR IND LTD,6.88,7.09,6.08,6.29,6.29,6.79,,6.29,,,2330979,15076894.76,3854,F1,1,,,,,
2026-08-25,2026-08-25,CM,NSE,STK,25231,INE0TR001017,VIESL,SM,,,,,VISION INFRA EQUIP SOL L,315.0,334.0,315.0,318.9,318.6,319.0,,318.9,,,84000,27375960.0,90,F1,800,,,,,
2026-08-25,2026-08-25,CM,NSE,STK,761150,INE0L4K01016,VITAL,BE,,,,,VITAL CHEMTECH LIMITED,56.45,56.45,51.55,52.32,55.75,53.78,,52.32,,,2605,141361.7,22,F1,1,,,,,
2026-08-25,2026-08-25,CM,NSE,STK,763637,INE0MEG01014,VIVIANA,BE,,,,,VIVIANA POWER TECH LTD,720.0,744.85,719.9,725.7,725.9,727.0,,725.7,,,20595,15059855.0,438,F1,1,,,,,
2026-08-25,2026-08-25,CM,NSE,STK,761768,INE24H301028,VIVIDEL,SM,,,,,VIVID ELECTROMECH LIMITED,1590.0,1625.0,1555.0,1575.05,1569.0,1574.0,,1575.05,,,15120,23926452.0,62,F1,240,,,,,
2026-08-25,2026-08-25,CM,NSE,STK,11968,INE526G01021,VIVIMEDLAB,BE,,,,,VIVIMED LABS LIMITED,6.68,6.68,6.68,6.68,6.68,6.55,,6.68,,,44575,297761.0,64,F1,1,,,,,
2026-08-25,2026-08-25,CM,NSE,STK,764995,INE380K01017,VIVOBIOT,EQ,,,,,VIVO BIO TECH LTD.,19.1,19.1,18.25,18.85,18.85,18.87,,18.85,,,16494,307514.18,130,F1,1,,,,,
2026-08-25,2026-08-25,CM,NSE,STK,14296,INE807F01027,VIYASH,EQ,,,,,VIYASH SCIENTIFIC LIMITED,271.0,280.0,270.45,278.35,278.4,273.2,,278.35,,,5438842,1499123584.65,242561,F1,1,,,,,
2026-08-25,2026-08-25,CM,NSE,STK,18021,INE03HW01020,VLEGOV,BE,,,,,VL E GOV AND IT SOL LTD,10.51,10.71,10.5,10.71,10.71,10.2,,10.83,,,32553,345735.05,71,F1,1,,,,,
2026-08-25,2026-08-25,CM,NSE,STK,3715,INE709A01018,VLSFINANCE,EQ,,,,,VLS FINANCE LTD,246.0,249.85,244.1,244.95,245.0,248.2,,244.96,,,6357,1562155.6,234,F1,1,,,,,
2026-08-25,2026-08-25,CM,NSE,STK,29284,INE665J01013,VMART,EQ,,,,,VMART RETAIL LTD,856.55,865.0,840.1,862.15,860.5,856.55,,862.13,,,95469,81614094.45,7630,F1,1,,,,,
2026-08-25,2026-08-25,CM,NSE,STK,759152,INE0SJA01013,VMSTMT,EQ,,,,,VMS TMT LIMITED,46.95,47.44,46.12,46.99,47.01,47.19,,46.99,,,86219,4065938.08,303,F1,1,,,,,
2026-08-25,2026-08-25,CM,NSE,STK,14366,INE669E01016,IDEA,EQ,,,,,VODAFONE IDEA LIMITED,14.09,15.31,14.08,15.19,15.19,14.07,,15.19,,,1534470198,22864685092.89,1578846,F1,1,,,,,
2026-08-25,2026-08-25,CM,NSE,STK,765000,INE285C01015,VOITHPAPR,EQ,,,,,VOITH PAPER FABRICS IND L,1500.0,1500.0,1450.0,1454.1,1450.0,1500.0,,1471.32,,,507,741428.6,43,F1,1,,,,,
2026-08-25,2026-08-25,CM,NSE,STK,13577,INE540H01012,VOLTAMP,EQ,,,,,VOLTAMP TRANSFORMERS LTD,11382.5,11400.0,10670.0,10974.0,10987.0,11292.0,,10974.0,,,59803,649963703.0,17425,F1,1,,,,,
2026-08-25,2026-08-25,CM,NSE,STK,3718,INE226A01021,VOLTAS,EQ,,,,,VOLTAS LTD,1237.1,1244.9,1228.1,1243.0,1243.0,1242.0,,1243.0,,,318747,393867557.9,12635,F1,1,,,,,
2026-08-25,2026-08-25,CM,NSE,STK,24321,INE0S2V01010,VRAJ,EQ,,,,,VRAJ IRON AND STEEL LTD,119.5,121.97,119.49,121.32,121.2,121.47,,121.32,,,7812,944554.01,330,F1,1,,,,,
2026-08-25,2026-08-25,CM,NSE,STK,8696,INE366I01010,VRLLOG,EQ,,,,,VRL LOGISTICS LIMITED,286.65,296.5,286.0,289.95,288.1,288.45,,289.89,,,80471,23193154.4,3814,F1,1,,,,,
2026-08-25,2026-08-25,CM,NSE,STK,3724,INE710A01016,VSTIND,EQ,,,,,VST INDUSTRIES LTD,212.17,212.17,209.42,209.86,210.0,210.65,,209.87,,,133635,28069690.19,3231,F1,1,,,,,
2026-08-25,2026-08-25,CM,NSE,STK,24292,INE764D01017,VSTTILLERS,EQ,,,,,VST TILLERS TRACTORS LTD,4415.4,4478.0,4355.1,4450.0,4477.0,4373.1,,4450.09,,,7985,35302476.4,1749,F1,1,,,,,
2026-08-25,2026-08-25,CM,NSE,STK,765005,INE855A01019,WHBRADY,EQ,,,,,W H BRADY & CO. LTD.,550.0,550.0,502.0,529.95,529.95,533.6,,529.95,,,115,57934.6,13,F1,1,,,,,
2026-08-25,2026-08-25,CM,NSE,STK,762978,INE765D01022,WPIL,EQ,,,,,W P I L LTD.,457.0,464.55,439.05,442.9,444.0,459.0,,442.92,,,49433,22196872.25,3714,F1,1,,,,,
2026-08-25,2026-08-25,CM,NSE,STK,14828,INE100D01014,WSI,EQ,,,,,W.S.INDUSTRIES (I) LTD.,62.21,62.21,60.21,60.82,62.0,61.85,,60.76,,,45664,2790352.74,1305,F1,1,,,,,
2026-08-25,2026-08-25,CM,NSE,STK,25907,INE377N01017,WAAREEENER,EQ,,,,,WAAREE ENERGIES LIMITED,2670.0,2687.7,2644.0,2655.0,2655.0,2674.8,,2655.08,,,423255,1124376096.0,27996,F1,1,,,,,
2026-08-25,2026-08-25,CM,NSE,STK,756038,INE299N01021,WAAREERTL,EQ,,,,,WAAREE RENEWABLE TECH LTD,876.7,877.0,864.0,871.25,872.6,872.35,,871.22,,,92599,80407651.1,7358,F1,1,,,,,
2026-08-25,2026-08-25,CM,NSE,STK,760259,INE0E7301029,WAKEFIT,EQ,,,,,WAKEFIT INNOVATIONS LTD,137.98,146.47,137.81,145.14,145.4,137.81,,145.14,,,1484599,213400843.62,14810,F1,1,,,,,
2026-08-25,2026-08-25,CM,NSE,STK,3736,INE711A01022,WALCHANNAG,EQ,,,,,WALCHANDNAGAR INDUSTRIES,223.4,223.4,219.0,220.02,220.02,222.25,,220.02,,,297867,65701513.87,4270,F1,1,,,,,
2026-08-25,2026-08-25,CM,NSE,STK,5013,INE0G2G01015,WALPAR,SM,,,,,WALPAR NUTRITIONS LIMITED,28.5,28.5,28.5,28.5,28.5,29.95,,28.5,,,2000,57000.0,1,F1,2000,,,,,
2026-08-25,2026-08-25,CM,NSE,STK,14063,INE107F01022,WANBURY,EQ,,,,,WANBURY LIMITED,265.9,270.0,261.1,264.35,263.85,267.25,,264.43,,,102715,27148075.2,2802,F1,1,,,,,
2026-08-25,2026-08-25,CM,NSE,STK,765225,INE945P01024,WARDINMOBI,EQ,,,,,WARDWIZARD INNO & MOB L,6.22,6.22,5.8,5.97,6.0,6.12,,5.97,,,373608,2243321.03,910,F1,1,,,,,
2026-08-25,2026-08-25,CM,NSE,STK,3745,INE054C01015,WATERBASE,EQ,,,,,WATERBASE LTD.,50.99,51.8,48.0,49.37,49.88,50.41,,49.22,,,23337,1159296.25,316,F1,1,,,,,
2026-08-25,2026-08-25,CM,NSE,STK,762163,INE0LZF01039,CORDELIA,EQ,,,,,WATERWAYS LEISURE TOUR L,102.0,107.5,100.95,104.45,103.7,1043.6,,104.44,,,4673297,490714130.8,21557,F1,1,,,,,
2026-08-25,2026-08-25,CM,NSE,STK,759215,INE0A3007065,1075WCA28,N0,,,,,WCAPL 10.75% 2028,9628.0,9685.61,9430.0,9481.52,9430.0,9628.0,,9481.52,,,25,239887.11,8,F1,1,,,,,
2026-08-25,2026-08-25,CM,NSE,STK,9862,INE082W01014,WEWIN,EQ,,,,,WE WIN LIMITED,45.52,47.0,45.5,46.9,46.9,45.52,,46.9,,,262,11934.92,10,F1,1,,,,,
2026-08-25,2026-08-25,CM,NSE,STK,760482,INF2F0001370,TWCGOLDETF,EQ,,,,,WEALTH - TWCGOLDETF,160.18,160.18,159.2,159.72,159.78,160.18,,159.72,,,43020,6869141.43,218,F1,1,,,,,
2026-08-25,2026-08-25,CM,NSE,STK,1923,INE658T01017,WEALTH,EQ,,,,,WEALTH FRST PORT. MG. LTD,849.85,875.0,849.05,861.0,863.95,849.85,,862.26,,,1634,1406337.7,222,F1,1,,,,,
2026-08-25,2026-08-25,CM,NSE,STK,14602,INE855C01023,WEBELSOLAR,EQ,,,,,WEBSOL ENERGY SYSTEM LTD,81.75,82.0,79.32,79.69,79.78,80.87,,79.69,,,1799940,144541412.02,15054,F1,1,,,,,
2026-08-25,2026-08-25,CM,NSE,STK,3748,INE080A01014,WEIZMANIND,EQ,,,,,WEIZMANN LTD,75.8,77.67,75.42,75.55,75.55,75.8,,75.55,,,777,59063.08,51,F1,1,,,,,
2026-08-25,2026-08-25,CM,NSE,STK,11821,INE191B01025,WELCORP,EQ,,,,,WELSPUN CORP LIMITED,2394.1,2433.9,2301.0,2345.5,2331.0,2409.2,,2345.6,,,2480694,5919929059.6,110942,F1,1,,,,,
2026-08-25,2026-08-25,CM,NSE,STK,11626,INE625G01013,WELENT,EQ,,,,,WELSPUN ENTERPRISES LTD.,653.9,669.7,642.95,661.0,658.0,647.9,,661.01,,,963358,634577971.05,30917,F1,1,,,,,
2026-08-25,2026-08-25,CM,NSE,STK,19804,INE389K01018,WELINV,BE,,,,,WELSPUN INV & COMM LTD,2166.0,2229.2,2166.0,2229.2,2229.2,2123.1,,2229.2,,,670,1492225.8,50,F1,1,,,,,
2026-08-25,2026-08-25,CM,NSE,STK,11253,INE192B01031,WELSPUNLIV,EQ,,,,,WELSPUN LIVING LIMITED,191.0,193.67,188.33,190.3,189.85,190.43,,190.3,,,2352698,448436967.52,26964,F1,1,,,,,
2026-08-25,2026-08-25,CM,NSE,STK,762971,INE731F01037,WELSPLSOL,EQ,,,,,WELSPUN SPECIALTY SOL L,51.59,52.4,50.4,50.8,51.48,51.59,,50.79,,,458317,23410411.17,2121,F1,1,,,,,
2026-08-25,2026-08-25,CM,NSE,STK,4235,INE274C01019,WENDT,EQ,,,,,WENDT (INDIA) LIMITED,8301.0,8343.0,8150.0,8189.0,8190.0,8286.0,,8188.91,,,6404,52531148.5,1622,F1,1,,,,,
2026-08-25,2026-08-25,CM,NSE,STK,3799,INE976A01021,WSTCSTPAPR,EQ,,,,,WEST COAST PAPER MILLS LT,611.0,618.65,604.45,606.15,608.0,613.45,,606.13,,,111653,68201899.65,6776,F1,1,,,,,
2026-08-25,2026-08-25,CM,NSE,STK,25403,INE0CJF01024,WCIL,EQ,,,,,WESTERN CARRIERS (IND) L,87.49,88.09,86.35,87.19,87.0,86.3,,87.16,,,33762,2943990.42,552,F1,1,,,,,
2026-08-25,2026-08-25,CM,NSE,STK,11580,INE274F01020,WESTLIFE,EQ,,,,,WESTLIFE FOODWORLD LTD,583.35,585.85,574.65,576.5,575.65,584.6,,576.51,,,31914,18453518.05,4432,F1,1,,,,,
2026-08-25,2026-08-25,CM,NSE,STK,759434,INE085001019,WEWORK,EQ,,,,,WEWORK INDIA MANAGEMENT L,668.6,682.75,665.05,674.9,672.1,672.1,,674.9,,,349564,235109469.05,18475,F1,1,,,,,
2026-08-25,2026-08-25,CM,NSE,STK,3766,INE715A01015,WHEELS,EQ,,,,,WHEELS INDIA LTD,1565.0,1579.6,1489.1,1499.3,1498.0,1561.4,,1499.29,,,137354,208595967.1,10840,F1,1,,,,,
2026-08-25,2026-08-25,CM,NSE,STK,18011,INE716A01013,WHIRLPOOL,EQ,,,,,WHIRLPOOL OF INDIA LTD,769.05,772.0,761.65,767.3,767.55,769.05,,767.34,,,90829,69523519.25,9711,F1,1,,,,,
2026-08-25,2026-08-25,CM,NSE,STK,3772,INE210A01017,WILLAMAGOR,EQ,,,,,WILLIAMSON MAGOR,25.75,25.75,24.03,24.47,24.15,24.87,,24.47,,,5669,140893.56,63,F1,1,,,,,
2026-08-25,2026-08-25,CM,NSE,STK,5366,INE0H5O01029,WINDLAS,EQ,,,,,WINDLAS BIOTECH LIMITED,996.0,1018.95,984.05,990.95,990.0,991.75,,990.92,,,82125,82301534.3,6633,F1,1,,,,,
2026-08-25,2026-08-25,CM,NSE,STK,24969,INE052A01021,WINDMACHIN,EQ,,,,,WINDSOR MACHINES LIMITED,319.05,319.05,311.0,314.25,315.0,317.15,,314.24,,,44420,13959875.1,1334,F1,1,,,,,
2026-08-25,2026-08-25,CM,NSE,STK,23714,INE0S3D01016,WINSOL,SM,,,,,WINSOL ENGINEERS LIMITED,112.0,113.1,112.0,112.0,112.0,111.8,,112.0,,,1600,180080.0,4,F1,400,,,,,
2026-08-25,2026-08-25,CM,NSE,STK,3787,INE075A01022,WIPRO,EQ,,,,,WIPRO LTD,181.29,181.29,178.39,180.09,180.09,181.31,,180.09,,,8352475,1500660143.63,61275,F1,1,,,,,
2026-08-25,2026-08-25,CM,NSE,STK,22725,INE623Y01011,WTICAB,SM,,,,,WISE TRAVEL INDIA LIMITED,108.95,109.0,108.0,108.0,108.0,108.85,,108.0,,,5500,598825.0,11,F1,500,,,,,
2026-08-25,2026-08-25,CM,NSE,STK,7506,INE049B01025,WOCKPHARMA,EQ,,,,,WOCKHARDT LIMITED,1895.1,1914.2,1869.6,1899.6,1908.0,1901.0,,1899.49,,,241579,457648877.7,17076,F1,1,,,,,
2026-08-25,2026-08-25,CM,NSE,STK,25605,INE0OO201011,WOL3D,ST,,,,,WOL 3D INDIA LIMITED,143.5,143.5,143.5,143.5,143.5,137.0,,143.5,,,1000,143500.0,1,F1,1000,,,,,
2026-08-25,2026-08-25,CM,NSE,STK,19627,INE0Q9601016,WOMANCART,SM,,,,,WOMANCART LIMITED,133.75,133.75,125.2,128.1,128.0,126.2,,128.1,,,30000,3848600.0,69,F1,400,,,,,
2026-08-25,2026-08-25,CM,NSE,STK,7835,INE02WG01024,WEL,EQ,,,,,WONDER ELECTRICALS LTD,135.9,137.56,131.68,134.02,132.12,135.94,,134.05,,,879718,118198036.1,4698,F1,1,,,,,
2026-08-25,2026-08-25,CM,NSE,STK,3002,INE066O01014,WONDERLA,EQ,,,,,WONDERLA HOLIDAYS LTD.,517.7,520.45,512.0,513.75,512.85,511.95,,513.75,,,122345,63098658.15,4188,F1,1,,,,,
2026-08-25,2026-08-25,CM,NSE,STK,22277,INE196Y01018,WORTHPERI,EQ,,,,,WORTH PERIPHERALS LIMITED,154.45,157.98,150.25,152.23,153.4,155.32,,152.23,,,15465,2385938.71,1487,F1,1,,,,,
2026-08-25,2026-08-25,CM,NSE,STK,11705,INE692G01013,XCHANGING,EQ,,,,,XCHANGING SOLUTIONS LTD,61.12,61.68,60.7,60.87,60.7,61.12,,60.87,,,52065,3174292.2,538,F1,1,,,,,
2026-08-25,2026-08-25,CM,NSE,STK,8477,INE01P501012,XELPMOC,EQ,,,,,XELPMOC DESIGN & TECH LTD,83.99,84.7,81.0,82.13,81.5,83.16,,82.15,,,16951,1411236.23,333,F1,1,,,,,
2026-08-25,2026-08-25,CM,NSE,STK,11407,INE445C01015,XPROINDIA,EQ,,,,,XPRO INDIA LIMITED,1172.9,1196.7,1160.0,1186.5,1195.0,1172.5,,1186.56,,,73634,87145469.8,4173,F1,1,,,,,
2026-08-25,2026-08-25,CM,NSE,STK,25235,INE547B01028,XTGLOBAL,EQ,,,,,XTGLOBAL INFOTECH LIMITED,28.7,29.49,28.41,29.22,29.0,28.33,,29.22,,,38909,1128700.95,591,F1,1,,,,,
2026-08-25,2026-08-25,CM,NSE,STK,764312,INE0NG701011,XTRANET,EQ,,,,,XTRANET TECHNOLOGIES LTD,171.1,171.2,162.43,163.09,162.57,167.69,,163.09,,,385611,63968306.56,4038,F1,1,,,,,
2026-08-25,2026-08-25,CM,NSE,STK,760870,INE0U0J01015,YAAP,SM,,,,,YAAP DIGITAL LIMITED,134.0,135.0,131.0,133.25,134.5,134.0,,133.25,,,11000,1454550.0,11,F1,1000,,,,,
2026-08-25,2026-08-25,CM,NSE,STK,23451,INE0TO601017,YASHOPTICS,SM,,,,,YASH OPTICS & LENS LTD,117.0,124.0,117.0,118.2,119.0,115.6,,118.2,,,21600,2586680.0,21,F1,800,,,,,
2026-08-25,2026-08-25,CM,NSE,STK,18131,INE616Z01012,YASHO,EQ,,,,,YASHO INDUSTRIES LIMITED,4280.2,4338.6,4154.8,4201.7,4200.0,4308.5,,4201.82,,,41030,172817079.4,9194,F1,1,,,,,
2026-08-25,2026-08-25,CM,NSE,STK,17738,INE0JO301016,YATHARTH,EQ,,,,,YATHARTH HOSP & TRA C S L,917.0,938.8,911.25,923.05,925.6,907.55,,923.04,,,900090,833280601.95,33389,F1,1,,,,,
2026-08-25,2026-08-25,CM,NSE,STK,18760,INE0JR601024,YATRA,EQ,,,,,YATRA ONLINE LIMITED,115.0,115.07,113.25,113.92,113.94,115.31,,113.91,,,478339,54497387.48,4903,F1,1,,,,,
2026-08-25,2026-08-25,CM,NSE,STK,11915,INE528G01035,YESBANK,EQ,,,,,YES BANK LIMITED,22.6,22.67,22.42,22.5,22.5,22.6,,22.5,,,64264051,1446664304.04,70811,F1,1,,,,,
2026-08-25,2026-08-25,CM,NSE,STK,765010,INE290E01011,YOGI,EQ,,,,,YOGI LTD.,164.9,164.9,156.0,163.9,163.9,160.0,,161.25,,,1055,168970.75,27,F1,1,,,,,
2026-08-25,2026-08-25,CM,NSE,STK,18040,INE09FA01019,YUDIZ,SM,,,,,YUDIZ SOLUTIONS LIMITED,24.95,25.0,23.55,24.0,24.0,24.0,,24.0,,,4800,118000.0,5,F1,800,,,,,
2026-08-25,2026-08-25,CM,NSE,STK,5501,INE384C01016,YUKEN,EQ,,,,,YUKEN INDIA LIMITED,941.95,960.0,941.95,943.45,943.0,933.1,,943.34,,,6555,6225328.45,665,F1,1,,,,,
2026-08-25,2026-08-25,CM,NSE,STK,4229,INE116C01012,ZFSTEERING,EQ,,,,,Z F STEERING GEAR (I) LTD,680.0,680.0,667.0,672.35,675.0,672.8,,672.35,,,1757,1185517.65,98,F1,1,,,,,
2026-08-25,2026-08-25,CM,NSE,STK,23976,INE0ISZ01012,ZTECH,SM,,,,,Z-TECH (INDIA) LIMITED,493.5,496.5,488.0,494.0,494.0,493.45,,494.0,,,9000,4423695.0,27,F1,300,,,,,
2026-08-25,2026-08-25,CM,NSE,STK,18608,INE07K301024,ZAGGLE,EQ,,,,,ZAGGLE PREPA OCEAN SER L,190.5,194.3,187.7,189.37,189.7,191.32,,189.38,,,1816708,345369019.58,18471,F1,1,,,,,
2026-08-25,2026-08-25,CM,NSE,STK,17766,INE0PPS01018,ZEAL,SM,,,,,ZEAL GLOBAL SERVICES LTD,63.0,63.0,63.0,63.0,63.0,65.0,,63.0,,,1800,113400.0,3,F1,600,,,,,
2026-08-25,2026-08-25,CM,NSE,STK,3812,INE256A01028,ZEEL,EQ,,,,,ZEE ENTERTAINMENT ENT LTD,105.0,107.4,104.31,104.82,104.65,104.57,,104.82,,,18052110,1904385826.8,59479,F1,1,,,,,
2026-08-25,2026-08-25,CM,NSE,STK,20856,INE565L01011,ZEELEARN,BE,,,,,ZEE LEARN LIMITED,7.85,8.23,7.83,7.99,8.07,7.85,,7.97,,,307793,2466002.27,390,F1,1,,,,,
2026-08-25,2026-08-25,CM,NSE,STK,14003,INE966H01019,ZEEMEDIA,EQ,,,,,ZEE MEDIA CORPORATION LTD,9.25,9.44,9.07,9.12,9.12,9.32,,9.12,,,1576098,14455698.06,2221,F1,1,,,,,
2026-08-25,2026-08-25,CM,NSE,STK,7508,INE251B01027,ZENTEC,EQ,,,,,ZEN TECHNOLOGIES LIMITED,1894.0,1906.6,1858.0,1877.7,1862.4,1903.3,,1877.71,,,278812,523136647.4,20122,F1,1,,,,,
2026-08-25,2026-08-25,CM,NSE,STK,22803,INE0QWN01013,ZENITHDRUG,SM,,,,,ZENITH DRUGS LIMITED,42.5,42.5,40.55,41.0,41.0,41.2,,41.0,,,4000,165640.0,5,F1,800,,,,,
2026-08-25,2026-08-25,CM,NSE,STK,4176,INE058B01018,ZENITHEXPO,EQ,,,,,ZENITH EXPORTS LTD,197.0,208.95,192.0,206.46,208.95,199.0,,206.43,,,777,154992.0,44,F1,1,,,,,
2026-08-25,2026-08-25,CM,NSE,STK,14562,INE318D01020,ZENITHSTL,EQ,,,,,ZENITH STEEL PIP IND LTD,5.64,5.64,5.38,5.39,5.39,5.47,,5.39,,,54736,295582.98,185,F1,1,,,,,
2026-08-25,2026-08-25,CM,NSE,STK,1076,INE520A01027,ZENSARTECH,EQ,,,,,ZENSAR TECHNOLOGIES  LTD,478.75,484.35,468.55,472.1,472.0,476.9,,472.09,,,485670,229853003.7,22007,F1,1,,,,,
2026-08-25,2026-08-25,CM,NSE,STK,22901,INF0R8F01042,GOLDCASE,EQ,,,,,ZERODHAAMC - GOLDCASE,25.56,25.56,25.2,25.3,25.32,25.33,,25.3,,,11155936,282414282.79,9340,F1,1,,,,,
2026-08-25,2026-08-25,CM,NSE,STK,21750,INF0R8F01034,LIQUIDCASE,EQ,,,,,ZERODHAAMC - LIQUIDCASE,115.63,115.65,115.63,115.63,115.64,115.6,,115.63,,,16916174,1956139680.51,13450,F1,1,,,,,
2026-08-25,2026-08-25,CM,NSE,STK,758705,INF0R8F01133,LTGILTCASE,EQ,,,,,ZERODHAAMC - LTGILTCASE,30.65,30.65,30.48,30.58,30.62,30.54,,30.58,,,268483,8204982.92,166,F1,1,,,,,
2026-08-25,2026-08-25,CM,NSE,STK,24077,INF0R8F01059,MID150CASE,EQ,,,,,ZERODHAAMC - MID150CASE,11.5,12.08,11.5,11.84,11.87,11.79,,11.84,,,1677933,19835612.83,3482,F1,1,,,,,
2026-08-25,2026-08-25,CM,NSE,STK,759302,INF0R8F01166,NIFTYCASE,EQ,,,,,ZERODHAAMC - NIFTYCASE,9.95,9.95,9.69,9.77,9.79,9.71,,9.77,,,680671,6621795.49,1591,F1,1,,,,,
2026-08-25,2026-08-25,CM,NSE,STK,30274,INF0R8F01091,SILVERCASE,EQ,,,,,ZERODHAAMC - SILVERCASE,25.2,25.2,24.21,24.32,24.29,24.59,,24.32,,,10505243,255768086.87,7219,F1,1,,,,,
2026-08-25,2026-08-25,CM,NSE,STK,758955,INF0R8F01141,SML100CASE,EQ,,,,,ZERODHAAMC - SML100CASE,11.36,11.39,11.27,11.34,11.34,11.32,,11.34,,,950223,10751023.45,1335,F1,1,,,,,
2026-08-25,2026-08-25,CM,NSE,STK,24081,INF0R8F01067,TOP100CASE,EQ,,,,,ZERODHAAMC - TOP100CASE,10.66,10.87,10.53,10.69,10.7,10.66,,10.69,,,1320498,14092185.86,940,F1,1,,,,,
2026-08-25,2026-08-25,CM,NSE,STK,16915,INE342J01019,ZFCVINDIA,EQ,,,,,ZF COM VE CTR SYS IND LTD,2645.0,2648.5,2590.4,2603.0,2600.0,2650.1,,2602.97,,,650642,1692149974.5,20154,F1,1,,,,,
2026-08-25,2026-08-25,CM,NSE,STK,12384,INE518E01015,ZIMLAB,EQ,,,,,ZIM LABORATORIES LIMITED,123.95,126.19,123.0,124.8,124.73,123.95,,124.79,,,33450,4178374.2,1947,F1,1,,,,,
2026-08-25,2026-08-25,CM,NSE,STK,3821,INE206B01013,ZODIACLOTH,EQ,,,,,ZODIAC CLOTHING CO. LTD.,73.0,75.0,72.0,72.61,73.7,73.7,,72.63,,,4763,349178.97,164,F1,1,,,,,
2026-08-25,2026-08-25,CM,NSE,STK,7129,INE761Y01019,ZODIAC,EQ,,,,,ZODIAC ENERGY LIMITED,255.0,255.0,243.05,245.8,247.3,249.15,,245.83,,,9753,2404689.05,644,F1,1,,,,,
2026-08-25,2026-08-25,CM,NSE,STK,11394,INE358U01012,ZOTA,EQ,,,,,ZOTA HEALTH CARE LIMITED,1086.9,1109.6,1069.5,1076.8,1079.2,1094.5,,1076.8,,,110375,119738136.8,5356,F1,1,,,,,
2026-08-25,2026-08-25,CM,NSE,STK,29050,INE840M01016,ZUARI,EQ,,,,,ZUARI AGRO CHEMICALS LTD,228.35,238.0,228.0,232.01,233.0,226.97,,232.01,,,308152,71926916.17,6954,F1,1,,,,,
2026-08-25,2026-08-25,CM,NSE,STK,3827,INE217A01012,ZUARIIND,EQ,,,,,ZUARI INDUSTRIES LIMITED,285.0,297.0,279.0,281.55,282.45,285.6,,281.56,,,223254,64509582.7,4945,F1,1,,,,,
2026-08-25,2026-08-25,CM,NSE,STK,7929,INE010B01027,ZYDUSLIFE,EQ,,,,,ZYDUS LIFESCIENCES LTD,1103.0,1125.0,1092.6,1124.5,1124.5,1103.8,,1124.82,,,1152463,1273320916.9,19891,F1,1,,,,,
2026-08-25,2026-08-25,CM,NSE,STK,17635,INE768C01028,ZYDUSWELL,EQ,,,,,ZYDUS WELLNESS LIMITED,515.05,529.75,514.0,525.45,522.1,511.1,,525.45,,,662683,347084085.3,36219,F1,1,,,,,
