TradDt,BizDt,Sgmt,Src,FinInstrmTp,FinInstrmId,ISIN,TckrSymb,SctySrs,XpryDt,FininstrmActlXpryDt,StrkPric,OptnTp,FinInstrmNm,OpnPric,HghPric,LwPric,ClsPric,LastPric,PrvsClsgPric,UndrlygPric,SttlmPric,OpnIntrst,ChngInOpnIntrst,TtlTradgVol,TtlTrfVal,TtlNbOfTxsExctd,SsnId,NewBrdLotQty,Rmks,Rsvd1,Rsvd2,Rsvd3,Rsvd4
2026-08-18,2026-08-18,CM,NSE,STK,19078,IN0020200104,SGBJUN28,GB,,,,,2.5%GOLDBONDS2028SR-III,15145.0,15250.0,15101.0,15222.45,15250.0,15145.98,,15222.45,,,91,1383390.97,29,F1,1,,,,,
2026-08-18,2026-08-18,CM,NSE,STK,1342,IN0020200286,SGBN28VIII,GB,,,,,2.5%GOLDBONDS2028SR-VIII,15150.0,15269.85,15150.0,15232.99,15240.0,15157.0,,15232.99,,,91,1385912.01,29,F1,1,,,,,
2026-08-18,2026-08-18,CM,NSE,STK,3742,IN0020210053,SGBMAY29I,GB,,,,,2.5%GOLDBONDS2029SR-I,15171.8,15259.98,15166.0,15244.54,15241.0,15170.88,,15244.56,,,534,8128250.73,94,F1,1,,,,,
2026-08-18,2026-08-18,CM,NSE,STK,3743,IN0020210061,SGBJUN29II,GB,,,,,2.5%GOLDBONDS2029SR-II,15168.9,15249.0,15153.0,15241.5,15249.0,15168.89,,15240.71,,,118,1794800.76,14,F1,1,,,,,
2026-08-18,2026-08-18,CM,NSE,STK,3800,IN0020210087,SGBJU29III,GB,,,,,2.5%GOLDBONDS2029SR-III,15111.0,15270.0,15111.0,15233.51,15200.01,15154.5,,15228.9,,,144,2193186.51,25,F1,1,,,,,
2026-08-18,2026-08-18,CM,NSE,STK,5575,IN0020210145,SGBSEP29VI,GB,,,,,2.5%GOLDBONDS2029SR-VI,15305.02,15398.0,15305.02,15384.33,15390.0,15342.27,,15384.33,,,278,4267544.26,32,F1,1,,,,,
2026-08-18,2026-08-18,CM,NSE,STK,6518,IN0020210178,SGBNV29VII,GB,,,,,2.5%GOLDBONDS2029SR-VII,15175.0,15272.4,15151.0,15259.9,15260.0,15186.83,,15259.9,,,360,5480279.17,30,F1,1,,,,,
2026-08-18,2026-08-18,CM,NSE,STK,5960,IN0020180249,SGBOCT26,GB,,,,,2.50%GOLDBONDS2026SR-II,15200.0,15225.0,15200.0,15225.0,15225.0,15200.0,,15225.0,,,17,258440.0,6,F1,1,,,,,
2026-08-18,2026-08-18,CM,NSE,STK,6355,IN0020180314,SGBNOV26,GB,,,,,2.50%GOLDBONDS2026SR-III,15150.0,15270.0,15125.0,15270.0,15270.0,15150.0,,15185.01,,,13,197550.0,6,F1,1,,,,,
2026-08-18,2026-08-18,CM,NSE,STK,10261,IN0020190073,SGBJUN27,GB,,,,,2.50%GOLDBONDS2027SR-I,15221.0,15221.0,15221.0,15221.0,15221.0,15148.68,,15221.0,,,1,15221.0,1,F1,1,,,,,
2026-08-18,2026-08-18,CM,NSE,STK,11154,IN0020190081,SGBJUL27,GB,,,,,2.50%GOLDBONDS2027SR-II,15020.0,15170.0,15020.0,15170.0,15170.0,15189.99,,15170.0,,,2,30190.0,2,F1,1,,,,,
2026-08-18,2026-08-18,CM,NSE,STK,12904,IN0020190107,SGBAUG27,GB,,,,,2.50%GOLDBONDS2027SR-III,15165.0,15250.0,15165.0,15200.0,15200.0,15168.26,,15200.0,,,44,670020.5,17,F1,1,,,,,
2026-08-18,2026-08-18,CM,NSE,STK,13209,IN0020190115,SGBSEP27,GB,,,,,2.50%GOLDBONDS2027SR-IV,15398.99,15399.0,15398.99,15399.0,15399.0,15360.0,,15399.0,,,42,646757.78,2,F1,1,,,,,
2026-08-18,2026-08-18,CM,NSE,STK,8308,IN0020180462,SGBJAN27,GB,,,,,2.50%GOLDBONDS2027SR-V,15196.9,15196.9,15196.9,15196.9,15196.9,15074.5,,15196.9,,,3,45590.7,2,F1,1,,,,,
2026-08-18,2026-08-18,CM,NSE,STK,13981,IN0020190370,SGBOCT27,GB,,,,,2.50%GOLDBONDS2027SR-V,15250.01,15300.0,15250.01,15300.0,15300.0,15250.0,,15300.0,,,3,45849.01,3,F1,1,,,,,
2026-08-18,2026-08-18,CM,NSE,STK,8766,IN0020180561,SGBFEB27,GB,,,,,2.50%GOLDBONDS2027SR-VI,15149.0,15149.0,15149.0,15149.0,15149.0,15169.55,,15100.0,,,3,45447.0,2,F1,1,,,,,
2026-08-18,2026-08-18,CM,NSE,STK,18862,IN0020200062,SGBAPR28I,GB,,,,,2.50%GOLDBONDS2028SR-I,15239.09,15300.0,15239.09,15259.27,15252.01,15239.09,,15265.63,,,152,2319299.65,38,F1,1,,,,,
2026-08-18,2026-08-18,CM,NSE,STK,18972,IN0020200088,SGBMAY28,GB,,,,,2.50%GOLDBONDS2028SR-II,15101.0,15270.0,15101.0,15256.99,15257.0,15187.78,,15256.99,,,956,14567432.82,55,F1,1,,,,,
2026-08-18,2026-08-18,CM,NSE,STK,22242,IN0020200146,SGBJUL28IV,GB,,,,,2.50%GOLDBONDS2028SR-IV,15137.98,15239.0,15101.0,15222.75,15239.0,15137.98,,15222.75,,,235,3565105.03,42,F1,1,,,,,
2026-08-18,2026-08-18,CM,NSE,STK,17664,IN0020190545,SGBFEB28IX,GB,,,,,2.50%GOLDBONDS2028SR-IX,15148.0,15200.0,15148.0,15199.0,15199.0,15148.0,,15199.0,,,5,75942.0,4,F1,1,,,,,
2026-08-18,2026-08-18,CM,NSE,STK,22385,IN0020200161,SGBAUG28V,GB,,,,,2.50%GOLDBONDS2028SR-V,15131.0,15235.0,15121.0,15207.1,15201.0,15161.04,,15207.1,,,1161,17624028.7,136,F1,1,,,,,
2026-08-18,2026-08-18,CM,NSE,STK,149,IN0020200195,SGBSEP28VI,GB,,,,,2.50%GOLDBONDS2028SR-VI,15367.0,15480.0,15350.0,15369.0,15355.0,15367.63,,15362.8,,,426,6545099.56,59,F1,1,,,,,
2026-08-18,2026-08-18,CM,NSE,STK,834,IN0020200203,SGBOC28VII,GB,,,,,2.50%GOLDBONDS2028SR-VII,15250.0,15300.0,15201.0,15250.01,15250.01,15260.0,,15225.51,,,605,9221857.19,50,F1,1,,,,,
2026-08-18,2026-08-18,CM,NSE,STK,18451,IN0020190552,SGBMAR28X,GB,,,,,2.50%GOLDBONDS2028SR-X,15379.99,15397.0,15350.0,15397.0,15397.0,15335.0,,15397.0,,,162,2492121.99,6,F1,1,,,,,
2026-08-18,2026-08-18,CM,NSE,STK,5113,IN0020210111,SGBJUL29IV,GB,,,,,2.50%GOLDBONDS2029SR-IV,15149.68,15240.0,15149.68,15187.55,15200.0,15149.68,,15194.49,,,175,2659587.4,32,F1,1,,,,,
2026-08-18,2026-08-18,CM,NSE,STK,1920,IN0020200377,SGBJAN29IX,GB,,,,,2.50%GOLDBONDS2029SR-IX,15199.0,15250.0,15126.0,15242.79,15250.0,15141.84,,15242.79,,,153,2325330.92,24,F1,1,,,,,
2026-08-18,2026-08-18,CM,NSE,STK,5455,IN0020210129,SGBAUG29V,GB,,,,,2.50%GOLDBONDS2029SR-V,15148.26,15276.0,15113.01,15230.0,15230.0,15148.26,,15230.0,,,106,1611951.79,34,F1,1,,,,,
2026-08-18,2026-08-18,CM,NSE,STK,7098,IN0020210228,SGBD29VIII,GB,,,,,2.50%GOLDBONDS2029SR-VIII,15177.0,15255.0,15177.0,15218.75,15216.01,15177.54,,15218.75,,,162,2466144.06,35,F1,1,,,,,
2026-08-18,2026-08-18,CM,NSE,STK,2003,IN0020200385,SGBJAN29X,GB,,,,,2.50%GOLDBONDS2029SR-X,15135.0,15259.0,15135.0,15248.63,15259.0,15135.0,,15248.63,,,64,972835.67,17,F1,1,,,,,
2026-08-18,2026-08-18,CM,NSE,STK,2200,IN0020200393,SGBFEB29XI,GB,,,,,2.50%GOLDBONDS2029SR-XI,15105.01,15202.66,15105.01,15202.66,15202.66,15142.34,,15202.66,,,79,1197192.89,20,F1,1,,,,,
2026-08-18,2026-08-18,CM,NSE,STK,2810,IN0020200427,SGBMR29XII,GB,,,,,2.50%GOLDBONDS2029SR-XII,15310.0,15400.0,15310.0,15393.21,15390.0,15362.85,,15392.9,,,284,4368723.66,31,F1,1,,,,,
2026-08-18,2026-08-18,CM,NSE,STK,10232,IN0020220045,SGBJUN30,GB,,,,,2.50%GOLDBONDS2030SR-I,15201.0,15296.0,15165.0,15285.12,15251.0,15201.0,,15285.12,,,222,3384336.46,53,F1,1,,,,,
2026-08-18,2026-08-18,CM,NSE,STK,11192,IN0020220078,SGBAUG30,GB,,,,,2.50%GOLDBONDS2030SR-II,15224.0,15299.99,15216.0,15286.37,15299.99,15224.0,,15286.37,,,198,3020975.31,63,F1,1,,,,,
2026-08-18,2026-08-18,CM,NSE,STK,13642,IN0020220110,SGBDE30III,GB,,,,,2.50%GOLDBONDS2030SR-III,15232.77,15294.0,15111.0,15250.5,15250.0,15232.77,,15220.1,,,232,3534683.24,50,F1,1,,,,,
2026-08-18,2026-08-18,CM,NSE,STK,7879,IN0020210236,SGBJAN30IX,GB,,,,,2.50%GOLDBONDS2030SR-IX,15188.0,15263.94,15120.99,15200.55,15201.01,15187.88,,15200.55,,,194,2948431.01,44,F1,1,,,,,
2026-08-18,2026-08-18,CM,NSE,STK,8401,IN0020210319,SGBMAR30X,GB,,,,,2.50%GOLDBONDS2030SR-X,15225.0,15300.0,15165.0,15241.48,15240.0,15225.0,,15241.48,,,481,7324035.0,46,F1,1,,,,,
2026-08-18,2026-08-18,CM,NSE,STK,17202,IN0020230069,SGBJUN31I,GB,,,,,2.50%GOLDBONDS2031SR-I,15171.0,15350.0,15171.0,15337.48,15350.0,15281.84,,15333.28,,,340,5197272.58,98,F1,1,,,,,
2026-08-18,2026-08-18,CM,NSE,STK,19456,IN0020230093,SGBSEP31II,GB,,,,,2.50%GOLDBONDS2031SR-II,15330.0,15445.0,15301.01,15414.46,15428.99,15336.62,,15419.05,,,959,14722294.82,186,F1,1,,,,,
2026-08-18,2026-08-18,CM,NSE,STK,22476,IN0020230168,SGBDE31III,GB,,,,,2.50%GOLDBONDS2031SR-III,15474.11,15474.11,15350.0,15431.58,15443.99,15397.12,,15431.58,,,1399,21573942.71,178,F1,1,,,,,
2026-08-18,2026-08-18,CM,NSE,STK,14598,IN0020220169,SGBMAR31IV,GB,,,,,2.50%GOLDBONDS2031SR-IV,15289.0,15360.0,15260.0,15345.06,15350.0,15283.42,,15345.06,,,117,1793877.76,27,F1,1,,,,,
2026-08-18,2026-08-18,CM,NSE,STK,22886,IN0020230184,SGBFEB32IV,GB,,,,,2.50%GOLDBONDS2032SR-IV,15386.32,15554.0,15386.32,15551.35,15554.0,15463.64,,15550.19,,,1687,26137357.0,267,F1,1,,,,,
2026-08-18,2026-08-18,CM,NSE,STK,16921,INE144J01027,20MICRONS,EQ,,,,,20 MICRONS LTD,197.26,198.4,195.2,197.16,197.15,197.26,,197.18,,,72434,14241165.65,1693,F1,1,,,,,
2026-08-18,2026-08-18,CM,NSE,STK,4,INE253B01015,21STCENMGM,EQ,,,,,21ST CENTURY MGMT SERVICE,45.82,45.82,45.11,45.64,45.81,44.93,,45.48,,,6929,316571.3,117,F1,1,,,,,
2026-08-18,2026-08-18,CM,NSE,STK,13061,INE466L01038,360ONE,EQ,,,,,360 ONE WAM LIMITED,1169.0,1185.0,1154.0,1163.6,1163.6,1173.0,,1163.6,,,683646,800157303.3,29376,F1,1,,,,,
2026-08-18,2026-08-18,CM,NSE,STK,30105,INF579M01BB5,GOLD360,EQ,,,,,360ONEAMC - GOLD360,148.9,149.4,148.9,149.0,148.95,148.9,,149.01,,,11623,1732854.65,394,F1,1,,,,,
2026-08-18,2026-08-18,CM,NSE,STK,763602,INF579M01BP5,MSCI360,EQ,,,,,360ONEAMC - MSCI360,10.24,10.39,10.16,10.35,10.39,10.3,,10.34,,,6139,62886.28,14,F1,1,,,,,
2026-08-18,2026-08-18,CM,NSE,STK,756150,INF579M01BC3,SILVER360,EQ,,,,,360ONEAMC - SILVER360,229.47,229.47,227.21,228.08,228.63,229.72,,228.08,,,7406,1689853.21,390,F1,1,,,,,
2026-08-18,2026-08-18,CM,NSE,STK,762518,INE994E01018,3BBLACKBIO,EQ,,,,,3B BLACKBIO DX LTD.,1154.2,1167.8,1142.0,1148.4,1150.0,1148.4,,1147.76,,,7528,8670806.7,507,F1,1,,,,,
2026-08-18,2026-08-18,CM,NSE,STK,6240,INE748C01038,3IINFOLTD,BE,,,,,3I INFOTECH LIMITED,25.0,25.25,24.36,24.36,24.36,25.64,,24.35,,,253855,6214288.7,1140,F1,1,,,,,
2026-08-18,2026-08-18,CM,NSE,STK,474,INE470A01017,3MINDIA,EQ,,,,,3M INDIA LIMITED,35085.0,35290.0,34900.0,34945.0,34900.0,34910.0,,34944.89,,,1635,57359220.0,1040,F1,1,,,,,
2026-08-18,2026-08-18,CM,NSE,STK,2595,INE105C01023,3PLAND,EQ,,,,,3P LAND HOLDINGS LIMITED,32.4,32.5,31.75,32.03,32.0,32.35,,32.03,,,1902,61363.71,64,F1,1,,,,,
2026-08-18,2026-08-18,CM,NSE,STK,445,INE618L01018,5PAISA,EQ,,,,,5PAISA CAPITAL LIMITED,380.8,403.8,380.8,388.3,385.0,380.8,,388.31,,,191663,75747591.0,6273,F1,1,,,,,
2026-08-18,2026-08-18,CM,NSE,STK,11868,INE111B01023,63MOONS,EQ,,,,,63 MOONS TECHNOLOGIES LTD,778.05,780.2,753.0,757.65,757.0,780.25,,757.59,,,274671,209925866.3,10381,F1,1,,,,,
2026-08-18,2026-08-18,CM,NSE,STK,20032,INE261F07057,735NABAR31,N1,,,,,7.35% TAX FREE TRI SRIIA,1115.0,1115.0,1115.0,1115.0,1115.0,1115.0,,1115.0,,,100,111500.0,1,F1,1,,,,,
2026-08-18,2026-08-18,CM,NSE,STK,20034,INE261F07032,764NABAR31,N2,,,,,7.64% TAX FREE TRI SRIIB,1111.0,1111.0,1109.0,1109.0,1109.0,1112.0,,1109.0,,,10,11092.0,2,F1,1,,,,,
2026-08-18,2026-08-18,CM,NSE,STK,19928,INE031A07AO5,764HUDCO31,N8,,,,,7.64% TAX FREETRI SR2B,1133.99,1133.99,1120.0,1125.0,1125.0,1124.0,,1125.0,,,107,120284.49,10,F1,1,,,,,
2026-08-18,2026-08-18,CM,NSE,STK,19930,INE031A07AT4,769HUDCO31,N9,,,,,7.69% TAX FREETRII SR2B,1133.0,1133.0,1131.55,1131.56,1131.55,1130.59,,1131.55,,,251,284094.97,12,F1,1,,,,,
2026-08-18,2026-08-18,CM,NSE,STK,20030,INE202E07229,774IREDA31,N7,,,,,7.74% TAX FREE NCD,1125.01,1125.01,1125.0,1125.0,1125.0,1125.51,,1125.0,,,101,113626.0,2,F1,1,,,,,
2026-08-18,2026-08-18,CM,NSE,STK,31240,INE031A07840,82HUDCO27,N2,,,,,8.20 NCD05MAR27 FV 1000,1054.97,1055.5,1054.97,1055.5,1055.5,1054.14,,1055.5,,,2775,2927603.35,11,F1,1,,,,,
2026-08-18,2026-08-18,CM,NSE,STK,20022,INE134E07208,830PFCL27,N5,,,,,8.30% TAX FREE NCD,1079.12,1080.0,1079.11,1080.0,1080.0,1082.0,,1080.0,,,318,343173.75,3,F1,1,,,,,
2026-08-18,2026-08-18,CM,NSE,STK,192,INE906B07DF8,875NHAI29,N6,,,,,8.75% TAX FREE TR I S IIB,1118.0,1119.0,1111.51,1111.99,1111.51,1112.0,,1111.99,,,693,771492.57,24,F1,1,,,,,
2026-08-18,2026-08-18,CM,NSE,STK,19968,INE031A07949,876HUDCO28,ND,,,,,8.76% TAX FREETRI SR2B,1138.0,1138.0,1138.0,1138.0,1138.0,1137.5,,1138.0,,,278,316364.0,8,F1,1,,,,,
2026-08-18,2026-08-18,CM,NSE,STK,20058,INE787H07370,891IIFCL34,N4,,,,,8.91% TAX FREE NCD,1250.25,1250.25,1250.25,1250.25,1250.25,1267.9,,1250.25,,,3,3750.75,1,F1,1,,,,,
2026-08-18,2026-08-18,CM,NSE,STK,31768,INE733E07JJ9,891NTPC33,N6,,,,,8.91%S-R-NCD SERIES 3B,1280.0,1280.0,1280.0,1280.0,1280.0,1280.0,,1280.0,,,199,254720.0,3,F1,1,,,,,
2026-08-18,2026-08-18,CM,NSE,STK,31487,INE848E07567,892NHPC33,N6,,,,,8.92% SEC RED BOND S3B,1265.0,1265.0,1262.0,1262.0,1262.0,1264.0,,1262.0,,,360,454960.0,3,F1,1,,,,,
2026-08-18,2026-08-18,CM,NSE,STK,20028,INE134E07463,892PFCL33,N8,,,,,8.92% TAX FREE NCD,1280.42,1280.42,1275.1,1275.1,1275.1,1280.42,,1277.05,,,213,272106.16,6,F1,1,,,,,
2026-08-18,2026-08-18,CM,NSE,STK,19970,INE031A07AB2,901HUDCO34,NE,,,,,9.01% TAX FREETRII SR3B,1288.0,1288.0,1288.0,1288.0,1288.0,1288.0,,1288.0,,,90,115920.0,2,F1,1,,,,,
2026-08-18,2026-08-18,CM,NSE,STK,759130,INE08PH01015,ABCOTS,EQ,,,,,A B COTSPIN INDIA LIMITED,202.48,225.0,201.88,217.4,217.35,199.66,,217.39,,,152579,32881988.55,4222,F1,1,,,,,
2026-08-18,2026-08-18,CM,NSE,STK,27020,INE00YB01025,ABINFRA,EQ,,,,,A B INFRABUILD LIMITED,11.33,12.99,10.98,12.57,12.88,11.36,,12.58,,,25170295,299764082.46,134759,F1,1,,,,,
2026-08-18,2026-08-18,CM,NSE,STK,762528,INE850B01026,ABMKNO,EQ,,,,,A B M KNOWLEDGEWARE LTD.,195.0,200.0,190.0,192.1,192.1,197.0,,192.1,,,2037,395789.78,37,F1,1,,,,,
2026-08-18,2026-08-18,CM,NSE,STK,762533,INE366C01021,ACSTECH,EQ,,,,,A C S TECHNOLOGIES LTD.,52.0,52.2,49.61,49.92,49.74,50.92,,49.93,,,343255,17385904.04,1765,F1,1,,,,,
2026-08-18,2026-08-18,CM,NSE,STK,762538,INE701G01012,AKCAPIT,EQ,,,,,A K CAPITAL SERVICES LTD.,1750.7,1800.0,1740.1,1762.7,1750.0,1747.9,,1753.09,,,1966,3453301.8,436,F1,1,,,,,
2026-08-18,2026-08-18,CM,NSE,STK,20906,INE619I01012,A2ZINFRA,EQ,,,,,A2Z INFRA ENGINEERING LTD,14.21,14.64,14.21,14.26,14.34,14.49,,14.27,,,101272,1450492.31,313,F1,1,,,,,
2026-08-18,2026-08-18,CM,NSE,STK,12533,INE0D0U01013,AAATECH,EQ,,,,,AAA TECHNOLOGIES LIMITED,92.18,94.0,91.0,92.81,92.7,91.98,,92.78,,,14270,1319769.94,309,F1,1,,,,,
2026-08-18,2026-08-18,CM,NSE,STK,23729,INE883F01010,AADHARHFC,EQ,,,,,AADHAR HOUSING FINANCE L,487.65,493.85,482.0,487.4,486.0,487.65,,487.4,,,286979,140029916.2,19334,F1,1,,,,,
2026-08-18,2026-08-18,CM,NSE,STK,757579,INE1GYP01013,AAKAAR,SM,,,,,AAKAAR MEDICAL TECHNO LTD,50.6,53.05,50.6,53.05,53.05,50.55,,53.05,,,14400,752880.0,8,F1,1600,,,,,
2026-08-18,2026-08-18,CM,NSE,STK,235,INE087Z01024,AAKASH,EQ,,,,,AAKASH EXPLORATION SER L,8.71,9.59,8.71,9.13,9.17,8.77,,9.13,,,400049,3674256.03,924,F1,1,,,,,
2026-08-18,2026-08-18,CM,NSE,STK,5245,INE198H01019,AAREYDRUGS,EQ,,,,,AAREY DRUGS & PHARM LTD,83.01,85.46,81.31,82.16,83.01,85.58,,82.16,,,668238,55481356.35,459,F1,1,,,,,
2026-08-18,2026-08-18,CM,NSE,STK,761821,INE750R01016,AARNAV,EQ,,,,,AARNAV FASHIONS LIMITED,31.35,36.04,30.7,35.37,35.74,31.23,,35.38,,,220800,7530905.96,2863,F1,1,,,,,
2026-08-18,2026-08-18,CM,NSE,STK,1030,INE721Z01010,AARON,EQ,,,,,AARON INDUSTRIES LIMITED,142.2,146.0,141.63,143.78,143.8,138.85,,143.78,,,35017,5048069.02,1192,F1,1,,,,,
2026-08-18,2026-08-18,CM,NSE,STK,17164,INE01C001026,AARTECH,BE,,,,,AARTECH SOLONICS LIMITED,50.0,53.36,49.0,51.38,51.29,50.82,,51.38,,,261953,13518057.97,478,F1,1,,,,,
2026-08-18,2026-08-18,CM,NSE,STK,4481,INE767A01016,AARTIDRUGS,EQ,,,,,AARTI DRUGS LTD.,410.75,415.2,404.5,412.8,413.0,410.75,,412.82,,,98898,40768875.15,4057,F1,1,,,,,
2026-08-18,2026-08-18,CM,NSE,STK,7,INE769A01020,AARTIIND,EQ,,,,,AARTI INDUSTRIES LTD,526.0,533.8,520.85,530.1,532.0,526.7,,530.08,,,830422,437596621.45,23267,F1,1,,,,,
2026-08-18,2026-08-18,CM,NSE,STK,13868,INE0LRU01027,AARTIPHARM,EQ,,,,,AARTI PHARMALABS LIMITED,861.95,892.0,850.0,874.55,874.5,861.95,,874.29,,,316783,277767444.5,17793,F1,1,,,,,
2026-08-18,2026-08-18,CM,NSE,STK,19263,INE09EO01013,AARTISURF,BE,,,,,AARTI SURFACTANTS LIMITED,594.4,594.4,594.4,594.4,594.4,625.65,,594.4,,,6862,4078772.8,257,F1,1,,,,,
2026-08-18,2026-08-18,CM,NSE,STK,19073,INE754X01016,AARVI,EQ,,,,,AARVI ENCON LIMITED,152.0,157.0,150.1,151.93,151.25,152.6,,151.93,,,42604,6476758.81,826,F1,1,,,,,
2026-08-18,2026-08-18,CM,NSE,STK,763800,INE2FMX01012,AASTHA,EQ,,,,,AASTHA SPINTEX LIMITED,74.0,74.2,73.0,73.03,73.28,73.21,,73.03,,,433445,31749741.13,2090,F1,1,,,,,
2026-08-18,2026-08-18,CM,NSE,STK,16961,INE0OB201016,AATMAJ,SM,,,,,AATMAJ HEALTHCARE LIMITED,20.5,20.5,19.0,19.0,19.0,18.1,,19.0,,,10000,197000.0,5,F1,2000,,,,,
2026-08-18,2026-08-18,CM,NSE,STK,5385,INE216P01012,AAVAS,EQ,,,,,AAVAS FINANCIERS LIMITED,1375.0,1393.9,1375.0,1388.3,1388.0,1389.8,,1388.19,,,49386,68457770.2,8366,F1,1,,,,,
2026-08-18,2026-08-18,CM,NSE,STK,7759,INE421A01028,ABAN,BE,,,,,ABAN OFFSHORE LTD.,17.74,17.74,17.74,17.74,17.74,18.1,,17.56,,,2547,45183.78,26,F1,1,,,,,
2026-08-18,2026-08-18,CM,NSE,STK,762523,INE365O01028,ABANSENT,EQ,,,,,ABANS ENTERPRISES LTD.,32.79,32.79,30.3,30.3,30.3,31.89,,30.3,,,28145,862085.42,241,F1,1,,,,,
2026-08-18,2026-08-18,CM,NSE,STK,13288,INE00ZE01026,AFSL,EQ,,,,,ABANS FINANCIAL SRVCS LTD,202.95,206.7,201.12,205.55,204.31,201.2,,205.88,,,6846,1388379.79,219,F1,1,,,,,
2026-08-18,2026-08-18,CM,NSE,STK,13,INE117A01022,ABB,EQ,,,,,ABB INDIA LIMITED,7660.0,7734.0,7528.5,7546.0,7546.0,7660.0,,7546.2,,,126259,961408357.0,17246,F1,1,,,,,
2026-08-18,2026-08-18,CM,NSE,STK,17903,INE358A01014,ABBOTINDIA,EQ,,,,,ABBOTT INDIA LIMITED,26900.0,26900.0,26510.0,26580.0,26520.0,26905.0,,26580.92,,,4509,120013140.0,2161,F1,1,,,,,
2026-08-18,2026-08-18,CM,NSE,STK,27284,INE0UYG01015,ABHAPOWER,SM,,,,,ABHA POWER N STEEL LTD,25.0,25.5,25.0,25.5,25.5,25.2,,25.5,,,3200,80800.0,2,F1,1600,,,,,
2026-08-18,2026-08-18,CM,NSE,STK,5551,INE251C01025,ABMINTLLTD,BE,,,,,ABM INTERNATIONAL LTD,53.39,53.39,53.39,53.39,53.39,56.2,,53.39,,,906,48371.34,20,F1,1,,,,,
2026-08-18,2026-08-18,CM,NSE,STK,23786,INE0QRV01016,ABSMARINE,ST,,,,,ABS MARINE SERVICES LTD,240.1,247.95,236.9,238.05,239.95,246.05,,238.05,,,43000,10350675.0,73,F1,500,,,,,
2026-08-18,2026-08-18,CM,NSE,STK,22,INE012A01025,ACC,EQ,,,,,ACC LIMITED,1317.0,1319.2,1301.1,1303.8,1304.5,1316.6,,1303.89,,,116554,152708571.5,8357,F1,1,,,,,
2026-08-18,2026-08-18,CM,NSE,STK,7053,INE793A01012,ACCELYA,EQ,,,,,ACCELYA SOLN INDIA LTD,1139.9,1140.0,1126.0,1130.8,1135.0,1134.3,,1130.7,,,4118,4660681.4,578,F1,1,,,,,
2026-08-18,2026-08-18,CM,NSE,STK,20488,INE0Q5D01013,ACCENTMIC,SM,,,,,ACCENT MICROCELL LIMITED,588.5,602.0,587.15,594.55,597.5,587.6,,594.55,,,55000,32714150.0,99,F1,500,,,,,
2026-08-18,2026-08-18,CM,NSE,STK,757024,INE0T8T01010,ACCPL,ST,,,,,ACCRETION PHARMA LIMITED,195.0,200.05,195.0,200.0,200.05,195.0,,200.0,,,16800,3341340.0,13,F1,1200,,,,,
2026-08-18,2026-08-18,CM,NSE,STK,1472,INE648Z01023,ACCURACY,BE,,,,,ACCURACY SHIPPING LIMITED,4.77,4.79,4.63,4.65,4.66,4.75,,4.65,,,38884,182367.45,166,F1,1,,,,,
2026-08-18,2026-08-18,CM,NSE,STK,11779,INE543V01017,ACEINTEG,EQ,,,,,ACE INTEGRATED SOLU. LTD.,17.5,18.75,17.5,18.27,18.3,17.78,,18.27,,,4121,75547.31,80,F1,1,,,,,
2026-08-18,2026-08-18,CM,NSE,STK,27061,INE622W01025,ACMESOLAR,EQ,,,,,ACME SOLAR HOLDINGS LTD,363.7,372.95,361.8,371.75,372.25,364.9,,371.74,,,609731,224327368.5,17914,F1,1,,,,,
2026-08-18,2026-08-18,CM,NSE,STK,13587,INE731H01025,ACE,EQ,,,,,ACTION CONST EQUIP LTD,1117.1,1188.0,1117.0,1184.8,1184.0,1113.7,,1184.81,,,1694531,1982359517.7,68991,F1,1,,,,,
2026-08-18,2026-08-18,CM,NSE,STK,30464,INE0KLO01025,ACTIVEINFR,SM,,,,,ACTIVE INFRASTRUCTURES L,170.0,170.0,170.0,170.0,170.0,170.0,,170.0,,,600,102000.0,1,F1,600,,,,,
2026-08-18,2026-08-18,CM,NSE,STK,5578,INE00FF01025,ACUTAAS,EQ,,,,,ACUTAAS CHEMICALS LIMITED,3190.0,3399.8,3189.9,3391.4,3391.0,3198.2,,3391.23,,,423370,1405152355.9,45584,F1,1,,,,,
2026-08-18,2026-08-18,CM,NSE,STK,10217,INE931S01010,ADANIENSOL,EQ,,,,,ADANI ENERGY SOLUTION LTD,1589.0,1630.0,1583.1,1603.0,1603.0,1589.1,,1602.96,,,2294009,3688047384.4,43684,F1,1,,,,,
2026-08-18,2026-08-18,CM,NSE,STK,25,INE423A01024,ADANIENT,EQ,,,,,ADANI ENTERPRISES LIMITED,3014.0,3036.0,3002.5,3002.5,3002.5,3007.3,,3002.54,,,721988,2183006634.2,31926,F1,1,,,,,
2026-08-18,2026-08-18,CM,NSE,STK,3563,INE364U01010,ADANIGREEN,EQ,,,,,ADANI GREEN ENERGY LTD,1327.6,1336.4,1308.0,1308.0,1308.0,1327.6,,1308.04,,,925260,1223797712.4,24553,F1,1,,,,,
2026-08-18,2026-08-18,CM,NSE,STK,15083,INE742F01042,ADANIPORTS,EQ,,,,,ADANI PORT & SEZ LTD,1691.6,1693.7,1667.0,1682.4,1682.4,1691.0,,1682.4,,,1298165,2181818449.5,48597,F1,1,,,,,
2026-08-18,2026-08-18,CM,NSE,STK,17388,INE814H01029,ADANIPOWER,EQ,,,,,ADANI POWER LTD,203.8,208.67,203.57,205.58,205.58,203.56,,205.44,,,19181716,3965981703.7,94945,F1,1,,,,,
2026-08-18,2026-08-18,CM,NSE,STK,6066,INE399L01023,ATGL,EQ,,,,,ADANI TOTAL GAS LIMITED,646.9,655.0,645.8,647.3,647.55,646.9,,647.35,,,343489,223214436.6,12888,F1,1,,,,,
2026-08-18,2026-08-18,CM,NSE,STK,764563,INE757C01021,ADDIND,EQ,,,,,ADDI INDUSTRIES LTD.,86.0,89.9,86.0,89.5,89.5,86.0,,84.99,,,103,9215.8,6,F1,1,,,,,
2026-08-18,2026-08-18,CM,NSE,STK,22468,INE0RDH01021,ADDICTIVE,SM,,,,,ADDICTIVE LEARNING TECH L,43.25,45.4,43.25,44.4,43.85,43.25,,44.4,,,31500,1416825.0,33,F1,500,,,,,
2026-08-18,2026-08-18,CM,NSE,STK,19761,INE982B01027,ADFFOODS,EQ,,,,,ADF FOODS LIMITED,261.9,270.0,260.35,269.6,269.0,262.85,,269.6,,,143285,38039519.6,5015,F1,1,,,,,
2026-08-18,2026-08-18,CM,NSE,STK,763156,INE20PL01012,ADISOFT,SM,,,,,ADISOFT TECHNOLOGIES LTD,180.0,182.95,175.05,176.45,175.05,181.0,,176.45,,,28000,4977800.0,32,F1,800,,,,,
2026-08-18,2026-08-18,CM,NSE,STK,6018,INE404A01024,ABSLAMC,EQ,,,,,ADIT BIRL SUN LIF AMC LTD,1011.0,1022.6,1005.0,1013.3,1017.0,1019.0,,1013.29,,,108162,109366199.1,17137,F1,1,,,,,
2026-08-18,2026-08-18,CM,NSE,STK,21614,INE674K01013,ABCAPITAL,EQ,,,,,ADITYA BIRLA CAPITAL LTD.,399.0,402.8,393.8,402.0,402.0,398.7,,402.0,,,4314550,1719379957.35,44687,F1,1,,,,,
2026-08-18,2026-08-18,CM,NSE,STK,30108,INE647O01011,ABFRL,EQ,,,,,ADITYA BIRLA FASHION & RT,55.29,55.86,54.82,54.97,55.0,55.29,,54.97,,,2804136,154331418.58,16754,F1,1,,,,,
2026-08-18,2026-08-18,CM,NSE,STK,756843,INE14LE01019,ABLBL,EQ,,,,,ADITYA BIRLA LIFES BRAN L,90.01,90.65,88.6,88.72,88.73,89.92,,88.72,,,427800,38142689.9,6291,F1,1,,,,,
2026-08-18,2026-08-18,CM,NSE,STK,15239,INE865C01022,BIRLAMONEY,EQ,,,,,ADITYA BIRLA MONEY LTD,128.6,131.0,128.6,129.42,129.11,129.87,,129.42,,,42360,5492872.73,532,F1,1,,,,,
2026-08-18,2026-08-18,CM,NSE,STK,625,INE055A01016,ABREL,EQ,,,,,ADITYA BIRLA REAL EST LTD,1400.0,1401.6,1378.7,1390.8,1390.7,1402.1,,1390.76,,,89905,124716886.0,7295,F1,1,,,,,
2026-08-18,2026-08-18,CM,NSE,STK,758858,INE819V01029,CPPLUS,EQ,,,,,ADITYA INFOTECH LIMITED,3260.1,3388.0,3260.0,3342.0,3355.0,3343.1,,3341.99,,,412214,1371042169.1,39832,F1,1,,,,,
2026-08-18,2026-08-18,CM,NSE,STK,25984,INE679V01027,AVL,EQ,,,,,ADITYA VISION LIMITED,608.65,616.95,600.0,614.15,614.7,608.65,,614.15,,,182795,111993970.85,11722,F1,1,,,,,
2026-08-18,2026-08-18,CM,NSE,STK,23804,INF209KB18D3,BSLGOLDETF,EQ,,,,,ADITYBIRLA SL GOLD ETF-GR,137.85,137.85,134.25,134.68,134.44,134.49,,134.68,,,2453893,330322246.14,1840,F1,1,,,,,
2026-08-18,2026-08-18,CM,NSE,STK,24781,INF209KB19D1,BSLNIFTY,EQ,,,,,ADITYBIRLA SL NIF ETF-GR,28.2,28.64,28.2,28.44,28.46,28.62,,28.44,,,865957,24627478.29,3792,F1,1,,,,,
2026-08-18,2026-08-18,CM,NSE,STK,34,INE045A01017,ADOR,EQ,,,,,ADOR WELDING LTD,1525.3,1574.0,1520.6,1562.3,1551.3,1525.3,,1562.38,,,35829,55574123.5,3657,F1,1,,,,,
2026-08-18,2026-08-18,CM,NSE,STK,4953,INE737B01033,ADROITINFO,EQ,,,,,ADROIT INFOTECH LIMITED,10.3,10.5,9.83,10.36,10.1,9.99,,10.35,,,45723,466272.43,275,F1,1,,,,,
2026-08-18,2026-08-18,CM,NSE,STK,760657,INE0ALI01010,ADVAIT,EQ,,,,,ADVAIT ENRGY TRANSITION L,2077.0,2140.0,2070.0,2126.1,2137.4,2079.2,,2126.43,,,52562,111142406.3,7479,F1,1,,,,,
2026-08-18,2026-08-18,CM,NSE,STK,759402,INE1B0W01010,ADVANCE,EQ,,,,,ADVANCE AGROLIFE LIMITED,117.06,120.06,115.81,117.96,118.5,117.06,,117.95,,,194213,22920924.93,2370,F1,1,,,,,
2026-08-18,2026-08-18,CM,NSE,STK,18039,INE837H01020,ADVENZYMES,EQ,,,,,ADVANCED ENZYME TECH LTD,303.0,307.2,302.0,303.0,302.95,305.6,,303.0,,,212986,64942787.6,3683,F1,1,,,,,
2026-08-18,2026-08-18,CM,NSE,STK,14745,INE199C01026,ADVANIHOTR,EQ,,,,,ADVANI HOT.& RES.(I) LTD,50.0,51.4,49.61,50.06,49.85,49.91,,50.06,,,26513,1327398.08,416,F1,1,,,,,
2026-08-18,2026-08-18,CM,NSE,STK,759769,INE28GN01010,ADVENTHTL,EQ,,,,,ADVENT HOTELS INTERNATI L,135.56,136.83,135.0,135.64,135.0,134.9,,135.61,,,104247,14130511.43,1694,F1,1,,,,,
2026-08-18,2026-08-18,CM,NSE,STK,765015,INE178T01024,ADVIKCA,EQ,,,,,ADVIK CAPITAL LTD.,1.24,1.26,1.18,1.23,1.25,1.21,,1.22,,,179534,220536.61,244,F1,1,,,,,
2026-08-18,2026-08-18,CM,NSE,STK,762227,INE1SJO01012,RAMBHAJO,EQ,,,,,ADVIT JEWELS LIMITED,181.5,183.5,178.0,179.25,178.5,180.97,,179.24,,,95052,17116171.89,1425,F1,1,,,,,
2026-08-18,2026-08-18,CM,NSE,STK,40,INE208C01025,AEGISLOG,EQ,,,,,AEGIS LOGISTICS LIMITED,1305.0,1378.0,1303.1,1367.7,1371.0,1287.2,,1367.7,,,3097867,4180437146.7,115529,F1,1,,,,,
2026-08-18,2026-08-18,CM,NSE,STK,757336,INE0INX01018,AEGISVOPAK,EQ,,,,,AEGIS VOPAK TERMINALS LTD,267.1,280.0,267.1,274.8,274.0,269.5,,274.81,,,883444,243131748.25,17096,F1,1,,,,,
2026-08-18,2026-08-18,CM,NSE,STK,757873,INE423A07419,AEL170725,ND,,,,,AEL 0% 2028 SR V,1095.0,1095.0,1095.0,1095.0,1095.0,1095.0,,1095.0,,,12,13140.0,1,F1,1,,,,,
2026-08-18,2026-08-18,CM,NSE,STK,757876,INE423A07468,AEL170725A,NG,,,,,AEL 0% 2030 SR VIII,1100.0,1100.0,1100.0,1100.0,1100.0,1100.0,,1100.0,,,8,8800.0,1,F1,1,,,,,
2026-08-18,2026-08-18,CM,NSE,STK,761340,INE423A07484,860AEL28,NH,,,,,AEL 8.60% 2028 SR I,1050.0,1065.0,1050.0,1060.0,1060.0,1044.0,,1060.0,,,27,28660.0,3,F1,1,,,,,
2026-08-18,2026-08-18,CM,NSE,STK,761345,INE423A07518,862AEL31,NM,,,,,AEL 8.62% 2031 SR VI,1020.0,1025.0,1010.1,1011.66,1024.99,1010.0,,1011.66,,,278,283225.59,8,F1,1,,,,,
2026-08-18,2026-08-18,CM,NSE,STK,761346,INE423A07526,890AEL31,NN,,,,,AEL 8.90% 2031 SR VII,1054.5,1058.9,1054.0,1058.9,1058.9,1052.96,,1057.9,,,257,270900.9,9,F1,1,,,,,
2026-08-18,2026-08-18,CM,NSE,STK,757874,INE423A07443,9AEL30,NE,,,,,AEL 9% 2030 SR VI,1028.05,1028.05,1028.05,1028.05,1028.05,1025.85,,1028.05,,,8,8224.4,1,F1,1,,,,,
2026-08-18,2026-08-18,CM,NSE,STK,757875,INE423A07393,930AEL30,NF,,,,,AEL 9.3% 2030 SR VII,1034.0,1034.0,1034.0,1034.0,1034.0,1034.0,,1034.0,,,14,14476.0,1,F1,1,,,,,
2026-08-18,2026-08-18,CM,NSE,STK,760234,INE947N01017,AEQUS,EQ,,,,,AEQUS LIMITED,249.4,263.45,248.23,259.85,259.12,249.58,,259.85,,,6595637,1698685164.8,69191,F1,1,,,,,
2026-08-18,2026-08-18,CM,NSE,STK,12015,INE065D01027,AEROENTER,EQ,,,,,AEROFLEX ENTERPRISES LTD,125.75,133.4,122.0,130.89,130.7,125.73,,130.88,,,1139049,147644571.27,12678,F1,1,,,,,
2026-08-18,2026-08-18,CM,NSE,STK,18268,INE024001021,AEROFLEX,EQ,,,,,AEROFLEX INDUSTRIES LTD,454.0,488.0,449.4,485.85,485.95,455.85,,485.82,,,3213334,1534007569.05,62931,F1,1,,,,,
2026-08-18,2026-08-18,CM,NSE,STK,13689,INE035801013,AERONEU,EQ,,,,,AEROFLEX NEU LIMITED,86.26,86.26,80.01,81.57,83.25,84.49,,81.59,,,17969,1495796.46,1235,F1,1,,,,,
2026-08-18,2026-08-18,CM,NSE,STK,25065,INE0WL801011,AERON,SM,,,,,AERON COMPOSITE LIMITED,75.0,75.0,75.0,75.0,75.0,75.0,,75.0,,,2000,150000.0,2,F1,1000,,,,,
2026-08-18,2026-08-18,CM,NSE,STK,24830,INE0TSF01011,AESTHETIK,SM,,,,,AESTHETIK ENGINEERS LTD,72.0,72.0,71.6,71.6,71.6,74.0,,71.6,,,4000,286950.0,4,F1,1000,,,,,
2026-08-18,2026-08-18,CM,NSE,STK,9810,INE0BWX01014,AETHER,EQ,,,,,AETHER INDUSTRIES LIMITED,1606.0,1692.0,1604.3,1633.6,1635.0,1605.7,,1633.56,,,308349,510350363.7,28150,F1,1,,,,,
2026-08-18,2026-08-18,CM,NSE,STK,25977,INE101I01011,AFCONS,EQ,,,,,AFCONS INFRASTRUCTURE LTD,269.85,281.45,269.85,280.25,280.0,271.7,,280.23,,,1053486,292405454.45,16454,F1,1,,,,,
2026-08-18,2026-08-18,CM,NSE,STK,11343,INE00WC01027,AFFLE,EQ,,,,,AFFLE 3I LIMITED,1715.0,1717.0,1692.8,1711.3,1710.8,1703.9,,1711.27,,,124757,213069875.2,13154,F1,1,,,,,
2026-08-18,2026-08-18,CM,NSE,STK,25857,INE692Z01013,AFFORDABLE,BE,,,,,AFFORD ROBO & AUTO LTD,172.5,172.5,164.16,164.16,164.16,172.8,,164.17,,,52609,8663597.12,657,F1,1,,,,,
2026-08-18,2026-08-18,CM,NSE,STK,760641,INE916Y07073,1150AFIL29,N0,,,,,AFIL 11.50% 2029,9801.33,9820.0,9750.0,9755.0,9755.0,9800.4,,9755.0,,,65,634910.95,11,F1,1,,,,,
2026-08-18,2026-08-18,CM,NSE,STK,14263,INE0MLA01012,AGARWALFT,SM,,,,,AGARWAL FLOAT GLASS I LTD,36.8,36.8,36.8,36.8,36.8,35.95,,36.8,,,3000,110400.0,2,F1,1500,,,,,
2026-08-18,2026-08-18,CM,NSE,STK,3389,INE204E01012,AGARIND,EQ,,,,,AGARWAL INDS CORP LTD.,496.55,502.4,493.3,501.1,500.45,499.6,,501.08,,,19464,9675676.75,1206,F1,1,,,,,
2026-08-18,2026-08-18,CM,NSE,STK,27309,INE0P8X01016,AGARWALTUF,SM,,,,,AGARWAL TOUGH GLASS IND L,144.8,144.8,143.0,143.5,144.0,144.35,,143.5,,,16800,2412480.0,7,F1,1200,,,,,
2026-08-18,2026-08-18,CM,NSE,STK,1412,INE415A01038,AGI,EQ,,,,,AGI GREENPAC LIMITED,710.55,720.0,707.0,711.7,710.8,716.5,,711.7,,,42716,30377501.55,2597,F1,1,,,,,
2026-08-18,2026-08-18,CM,NSE,STK,24445,INE976R01033,AGIIL,EQ,,,,,AGI INFRA LIMITED,299.0,299.95,291.15,292.85,294.4,301.5,,292.86,,,400576,118499390.25,6349,F1,1,,,,,
2026-08-18,2026-08-18,CM,NSE,STK,10491,INE0LF301013,AGNI,SM,,,,,AGNI GREEN POWER LTD,16.45,16.45,15.15,15.25,15.2,15.9,,15.25,,,27500,422875.0,10,F1,2500,,,,,
2026-08-18,2026-08-18,CM,NSE,STK,11072,INE449G01018,AGRITECH,EQ,,,,,AGRI-TECH (INDIA) LIMITED,103.5,103.5,100.99,101.84,102.4,103.49,,101.84,,,3463,354316.04,137,F1,1,,,,,
2026-08-18,2026-08-18,CM,NSE,STK,9046,INE740V01019,AGROPHOS,EQ,,,,,AGRO PHOS INDIA LIMITED,27.35,27.35,26.0,26.07,26.05,26.39,,26.07,,,30499,799857.39,214,F1,1,,,,,
2026-08-18,2026-08-18,CM,NSE,STK,759202,INE583L01014,AGSTRA,BZ,,,,,AGS TRANSACT TECH LTD,2.0,2.07,2.0,2.02,2.01,2.02,,2.02,,,105301,212917.11,276,F1,1,,,,,
2026-08-18,2026-08-18,CM,NSE,STK,2004,INE00PV01013,AHLADA,EQ,,,,,AHLADA ENGINEERS LIMITED,37.4,37.99,36.0,36.43,36.8,37.0,,36.43,,,7675,284086.99,214,F1,1,,,,,
2026-08-18,2026-08-18,CM,NSE,STK,17833,INE758C01029,AHLUCONT,EQ,,,,,AHLUWALIA CONT IND LTD,776.0,782.4,702.5,707.7,710.0,793.85,,707.73,,,545925,395829503.7,34981,F1,1,,,,,
2026-08-18,2026-08-18,CM,NSE,STK,13086,INE212H01026,AIAENG,EQ,,,,,AIA ENGINEERING LIMITED,4383.6,4479.0,4326.1,4447.6,4443.0,4383.6,,4447.57,,,52134,229209596.4,10576,F1,1,,,,,
2026-08-18,2026-08-18,CM,NSE,STK,23984,INE0RUV01018,AIMTRON,SM,,,,,AIMTRON ELECTRONICS LTD,1644.5,1780.0,1642.35,1742.6,1747.0,1662.7,,1742.6,,,54600,94751780.0,246,F1,200,,,,,
2026-08-18,2026-08-18,CM,NSE,STK,9878,INE805A01014,GOLDTECH,BE,,,,,AION-TECH SOLUTIONS LTD,48.5,48.7,46.67,47.12,47.4,48.04,,47.13,,,30510,1453919.16,214,F1,1,,,,,
2026-08-18,2026-08-18,CM,NSE,STK,9897,INE645W01026,AIRAN,EQ,,,,,AIRAN LIMITED,15.21,15.23,15.04,15.12,15.05,15.23,,15.12,,,33026,499508.63,235,F1,1,,,,,
2026-08-18,2026-08-18,CM,NSE,STK,6068,INE801L01010,AIROLAM,EQ,,,,,AIRO LAM LIMITED,89.99,91.25,87.18,87.91,87.29,87.42,,87.91,,,15448,1382301.53,89,F1,1,,,,,
2026-08-18,2026-08-18,CM,NSE,STK,8124,INE031B01049,AJANTPHARM,EQ,,,,,AJANTA PHARMA LIMITED,3736.0,3796.0,3694.0,3706.4,3710.0,3718.2,,3706.11,,,145440,544348874.9,20225,F1,1,,,,,
2026-08-18,2026-08-18,CM,NSE,STK,29624,INE274Y01021,AJAXENGG,EQ,,,,,AJAX ENGINEERING LIMITED,565.0,570.0,552.0,558.4,556.65,567.25,,558.41,,,53577,29892580.85,4992,F1,1,,,,,
2026-08-18,2026-08-18,CM,NSE,STK,17307,INE298G01035,AJMERA,EQ,,,,,AJMERA REALTY & INF I LTD,117.1,120.8,116.0,116.58,116.4,118.7,,116.58,,,208462,24568872.66,2819,F1,1,,,,,
2026-08-18,2026-08-18,CM,NSE,STK,3403,INE820Y01021,AJOONI,EQ,,,,,AJOONI BIOTECH LIMITED,3.65,3.85,3.65,3.82,3.8,3.81,,3.82,,,264805,991548.98,448,F1,1,,,,,
2026-08-18,2026-08-18,CM,NSE,STK,21121,INE0PCY01014,AKANKSHA,SM,,,,,AKANKSHA POWER N INFRA L,124.0,127.45,119.3,119.65,119.3,123.7,,119.65,,,18000,2230000.0,16,F1,1000,,,,,
2026-08-18,2026-08-18,CM,NSE,STK,13510,INE737W01013,AKASH,EQ,,,,,AKASH INFRA-PROJECTS LTD,25.0,25.77,24.71,25.08,25.0,25.43,,25.08,,,377,9477.19,32,F1,1,,,,,
2026-08-18,2026-08-18,CM,NSE,STK,2176,INE00Y801016,AKG,EQ,,,,,AKG EXIM LIMITED,9.15,9.3,8.81,8.99,8.85,8.98,,8.99,,,44658,401704.71,137,F1,1,,,,,
2026-08-18,2026-08-18,CM,NSE,STK,14890,INE642Z01026,AKI,EQ,,,,,AKI INDIA LIMITED,4.13,4.38,4.05,4.19,4.26,4.13,,4.2,,,241941,1019807.77,462,F1,1,,,,,
2026-08-18,2026-08-18,CM,NSE,STK,24304,INE0PMR01017,AKIKO,SM,,,,,AKIKO GLOBAL SERVICES L,369.0,382.45,362.0,378.7,382.45,361.85,,378.7,,,47200,17536560.0,59,F1,800,,,,,
2026-08-18,2026-08-18,CM,NSE,STK,24159,INE916Y01027,AFIL,EQ,,,,,AKME FINTRADE (INDIA) LTD,9.2,9.5,9.2,9.36,9.36,9.4,,9.36,,,361615,3381123.89,382,F1,1,,,,,
2026-08-18,2026-08-18,CM,NSE,STK,8595,INE523B01011,AKSHOPTFBR,BE,,,,,AKSH OPTIFIBRE  LTD,7.32,7.32,7.32,7.32,7.32,6.98,,7.36,,,173111,1267172.52,107,F1,1,,,,,
2026-08-18,2026-08-18,CM,NSE,STK,9558,INE256Z01025,AKSHAR,EQ,,,,,AKSHAR SPINTEX LIMITED,0.41,0.42,0.41,0.41,0.41,0.41,,0.41,,,475644,196650.33,192,F1,1,,,,,
2026-08-18,2026-08-18,CM,NSE,STK,20194,INE542B01011,AKSHARCHEM,BE,,,,,AKSHARCHEM INDIA LIMITED,302.9,305.0,293.0,301.07,301.0,303.07,,301.07,,,5107,1527716.12,87,F1,1,,,,,
2026-08-18,2026-08-18,CM,NSE,STK,24715,INE09XN01023,AKUMS,EQ,,,,,AKUMS DRUGS AND PHARMA L,753.85,766.85,740.9,744.15,745.25,744.0,,744.12,,,263636,198031890.75,18374,F1,1,,,,,
2026-08-18,2026-08-18,CM,NSE,STK,9921,INE914E01040,ALANKIT,EQ,,,,,ALANKIT LIMITED,8.1,8.4,8.1,8.13,8.14,8.17,,8.13,,,120928,992677.52,420,F1,1,,,,,
2026-08-18,2026-08-18,CM,NSE,STK,17256,INE155C01010,ALBERTDAVD,EQ,,,,,ALBERT DAVID LIMITED,805.0,839.0,791.2,833.05,831.05,806.1,,833.08,,,17562,14409560.15,1250,F1,1,,,,,
2026-08-18,2026-08-18,CM,NSE,STK,18762,INE448V01019,ALCODIS,SM,,,,,ALCOKRAFT DISTILLERIE LTD,63.5,63.5,63.5,63.5,63.5,63.5,,63.5,,,1250,79375.0,2,F1,625,,,,,
2026-08-18,2026-08-18,CM,NSE,STK,79,INE426A01027,ALEMBICLTD,EQ,,,,,ALEMBIC LIMITED,90.31,90.4,87.8,89.87,89.6,90.15,,89.85,,,276330,24661549.39,3134,F1,1,,,,,
2026-08-18,2026-08-18,CM,NSE,STK,25328,INE901L01018,APLLTD,EQ,,,,,ALEMBIC PHARMA LTD,820.0,838.0,820.0,824.55,826.5,822.45,,824.58,,,51271,42548774.8,7691,F1,1,,,,,
2026-08-18,2026-08-18,CM,NSE,STK,764573,INE782D01027,ALFREDHE,EQ,,,,,ALFRED HERBERT INDIA L,3151.0,3151.0,2980.0,2985.6,2985.0,3151.2,,2985.68,,,22,66139.8,10,F1,1,,,,,
2026-08-18,2026-08-18,CM,NSE,STK,761270,INE598D01035,ALGOQUANT,EQ,,,,,ALGOQUANT FINTECH LIMITED,66.2,67.49,65.26,66.27,66.05,66.29,,66.27,,,1039258,68446175.8,1352,F1,1,,,,,
2026-08-18,2026-08-18,CM,NSE,STK,13656,INE062D01024,ALICON,EQ,,,,,ALICON CASTALLOY LIMITED,729.7,764.0,718.05,756.95,755.0,726.1,,756.94,,,171517,128473742.45,11004,F1,1,,,,,
2026-08-18,2026-08-18,CM,NSE,STK,5265,INE03Q201024,ALIVUS,EQ,,,,,ALIVUS LIFE SCIENCES LTD,1392.2,1413.0,1373.2,1398.7,1400.0,1394.4,,1398.7,,,141640,197586183.2,20389,F1,1,,,,,
2026-08-18,2026-08-18,CM,NSE,STK,16963,INE773I01017,ALKALI,BE,,,,,ALKALI METALS LTD,67.71,69.79,65.6,67.22,68.38,67.71,,67.22,,,2884,194258.85,32,F1,1,,,,,
2026-08-18,2026-08-18,CM,NSE,STK,11703,INE540L01014,ALKEM,EQ,,,,,ALKEM LABORATORIES LTD.,5374.0,5510.0,5374.0,5475.0,5475.0,5374.0,,5475.0,,,127028,695048129.0,19675,F1,1,,,,,
2026-08-18,2026-08-18,CM,NSE,STK,4487,INE150B01039,ALKYLAMINE,EQ,,,,,ALKYL AMINES CHEM. LTD,1920.1,1928.8,1885.1,1894.6,1901.4,1920.1,,1894.64,,,33643,63991414.8,6676,F1,1,,,,,
2026-08-18,2026-08-18,CM,NSE,STK,13212,INE0M2X01012,ALLETEC,ST,,,,,ALL E TECHNOLOGIES LTD,128.0,130.0,126.05,127.55,127.0,132.65,,127.55,,,36400,4645100.0,73,F1,400,,,,,
2026-08-18,2026-08-18,CM,NSE,STK,758448,INE0GV601021,ALLTIME,EQ,,,,,ALL TIME PLASTICS LIMITED,210.98,216.43,208.0,213.99,215.0,213.14,,213.99,,,217555,46530126.14,3129,F1,1,,,,,
2026-08-18,2026-08-18,CM,NSE,STK,763784,INE1YPB01014,AGL,EQ,,,,,ALLCARGO GLOBAL LIMITED,14.0,14.01,13.03,13.25,13.31,14.01,,13.25,,,3444947,46470480.47,7750,F1,1,,,,,
2026-08-18,2026-08-18,CM,NSE,STK,13501,INE418H01029,ALLCARGO,EQ,,,,,ALLCARGO LOGISTICS LTD,10.05,10.12,9.85,9.97,9.9,10.06,,9.97,,,11044531,110126526.81,9178,F1,1,,,,,
2026-08-18,2026-08-18,CM,NSE,STK,17778,INE0NN701020,ATL,EQ,,,,,ALLCARGO TERMINALS LTD,23.91,24.48,23.36,23.68,23.61,23.91,,23.68,,,246036,5848268.36,1962,F1,1,,,,,
2026-08-18,2026-08-18,CM,NSE,STK,11798,INE835G01018,ALLDIGI,EQ,,,,,ALLDIGI TECH LIMITED,809.25,817.3,801.0,814.75,810.05,809.25,,814.86,,,8265,6702729.85,803,F1,1,,,,,
2026-08-18,2026-08-18,CM,NSE,STK,24308,INE552Z01027,ABDL,EQ,,,,,ALLIED BLEND N DISTILS L,612.95,617.9,607.8,612.6,613.0,610.65,,612.64,,,266137,163123528.25,10013,F1,1,,,,,
2026-08-18,2026-08-18,CM,NSE,STK,14813,INE102I01027,ADSL,EQ,,,,,ALLIED DIGITAL SERV. LTD,111.2,112.48,110.0,110.38,110.88,111.06,,110.37,,,82917,9187023.54,1633,F1,1,,,,,
2026-08-18,2026-08-18,CM,NSE,STK,16719,INE326B01035,ALMONDZ,EQ,,,,,ALMONDZ GLOBAL SEC LTD,14.22,14.4,14.01,14.08,14.05,14.2,,14.09,,,17474,247642.58,122,F1,1,,,,,
2026-08-18,2026-08-18,CM,NSE,STK,17675,INE270A01029,ALOKINDS,EQ,,,,,ALOK INDUSTRIES LIMITED,11.53,11.57,11.42,11.48,11.47,11.53,,11.48,,,2920830,33542481.19,4660,F1,1,,,,,
2026-08-18,2026-08-18,CM,NSE,STK,14848,INE385I01010,ALPA,EQ,,,,,ALPA LABORATORIES LTD,65.2,65.2,62.24,62.56,63.3,63.72,,62.61,,,8310,523358.73,195,F1,1,,,,,
2026-08-18,2026-08-18,CM,NSE,STK,22688,INE0R4701017,ALPEXSOLAR,SM,,,,,ALPEX SOLAR LIMITED,788.95,900.0,781.15,871.35,873.0,772.95,,871.35,,,270500,229671095.0,1744,F1,100,,,,,
2026-08-18,2026-08-18,CM,NSE,STK,14597,INE137C01018,ALPHAGEO,EQ,,,,,ALPHAGEO (INDIA) LIMITED,344.0,368.0,329.0,352.26,348.0,338.36,,352.35,,,199945,70393114.3,6240,F1,1,,,,,
2026-08-18,2026-08-18,CM,NSE,STK,764186,INE1JCQ01037,ALPINETEX,EQ,,,,,ALPINE TEXWORLD LIMITED,56.55,63.56,56.55,60.46,60.57,57.14,,60.46,,,561798,34001547.88,7797,F1,1,,,,,
2026-08-18,2026-08-18,CM,NSE,STK,764578,INE058F01019,ALUFLUOR,EQ,,,,,ALUFLUORIDE LTD.,442.0,455.0,438.05,440.3,443.0,434.05,,438.11,,,5718,2547157.9,397,F1,1,,,,,
2026-08-18,2026-08-18,CM,NSE,STK,23474,INE0STM01017,ALUWIND,SM,,,,,ALUWIND INFRA-TECH LTD,48.3,48.5,48.2,48.4,48.2,48.9,,48.4,,,7500,362475.0,5,F1,1500,,,,,
2026-08-18,2026-08-18,CM,NSE,STK,760740,INE121R01077,AMAGI,EQ,,,,,AMAGI MEDIA LABS LIMITED,580.0,592.2,566.4,579.15,576.55,581.0,,579.11,,,1013729,587436777.1,23989,F1,1,,,,,
2026-08-18,2026-08-18,CM,NSE,STK,764583,INE841D01013,AMAL,EQ,,,,,AMAL LTD.,751.25,770.0,730.3,740.45,743.7,751.25,,740.17,,,2234,1659915.2,155,F1,1,,,,,
2026-08-18,2026-08-18,CM,NSE,STK,758910,INE084K01015,AMANTA,BE,,,,,AMANTA HEALTHCARE LIMITED,162.3,172.33,159.5,172.29,172.33,164.13,,172.25,,,307363,52258275.5,971,F1,1,,,,,
2026-08-18,2026-08-18,CM,NSE,STK,100,INE885A01032,ARE&M,EQ,,,,,AMARA RAJA ENERGY MOB LTD,945.7,952.8,929.1,935.8,938.05,945.7,,935.78,,,415621,389119810.8,21470,F1,1,,,,,
2026-08-18,2026-08-18,CM,NSE,STK,764588,INE484D01012,AMARJOTHI,EQ,,,,,AMARJOTHI SPINNING MILL L,162.3,162.3,157.05,157.57,160.0,162.0,,158.13,,,2196,351673.55,35,F1,1,,,,,
2026-08-18,2026-08-18,CM,NSE,STK,763256,INE293601014,AMBAAUTO,SM,,,,,AMBA AUTO SALES AND SER L,106.0,106.0,102.0,106.0,106.0,105.45,,106.0,,,21000,2210050.0,16,F1,1000,,,,,
2026-08-18,2026-08-18,CM,NSE,STK,762543,INE432A01017,AMBALALSA,EQ,,,,,AMBALAL SARABHAI ENT L,45.93,49.5,45.75,47.61,47.87,45.7,,47.63,,,549703,26565940.67,3368,F1,1,,,,,
2026-08-18,2026-08-18,CM,NSE,STK,4083,INE00C501018,AMBANIORGO,SM,,,,,AMBANI ORGOCHEM LIMITED,115.0,115.0,115.0,115.0,115.0,115.0,,115.0,,,1000,115000.0,1,F1,1000,,,,,
2026-08-18,2026-08-18,CM,NSE,STK,1185,INE371P01015,AMBER,EQ,,,,,AMBER ENTERPRISES (I) LTD,7265.0,7408.0,7252.0,7350.0,7350.0,7259.0,,7350.0,,,578175,4231723825.5,33962,F1,1,,,,,
2026-08-18,2026-08-18,CM,NSE,STK,11496,INE792B01012,AMBICAAGAR,EQ,,,,,AMBICA AGAR & AROMAINDLTD,23.81,24.73,23.81,24.29,24.0,23.78,,24.29,,,6006,146553.96,65,F1,1,,,,,
2026-08-18,2026-08-18,CM,NSE,STK,15234,INE540G01014,AMBIKCO,EQ,,,,,AMBIKA COTTON MILL LTD.,1603.0,1622.9,1593.2,1610.7,1608.0,1615.9,,1610.77,,,5742,9242778.2,742,F1,1,,,,,
2026-08-18,2026-08-18,CM,NSE,STK,1270,INE079A01024,AMBUJACEM,EQ,,,,,AMBUJA CEMENTS LTD,414.0,416.9,409.9,412.4,412.4,415.25,,412.4,,,2377631,980910348.3,24941,F1,1,,,,,
2026-08-18,2026-08-18,CM,NSE,STK,14398,INE005I01014,AMDIND,EQ,,,,,AMD INDUSTRIES LIMITED,51.41,54.99,51.41,53.35,53.01,51.41,,53.41,,,37894,2042610.64,607,F1,1,,,,,
2026-08-18,2026-08-18,CM,NSE,STK,19867,INE275D01022,AMNPLST,EQ,,,,,AMINES & PLASTICIZERS LTD,185.35,188.85,184.75,185.83,185.1,185.55,,185.83,,,3663,680992.67,215,F1,1,,,,,
2026-08-18,2026-08-18,CM,NSE,STK,761670,INE05TO01019,AEROPLANE,EQ,,,,,AMIR CHAND JAG KUM (E) L,181.9,187.0,173.72,181.19,180.1,182.85,,181.16,,,699230,127313188.27,3584,F1,1,,,,,
2026-08-18,2026-08-18,CM,NSE,STK,2598,INE606A01024,AMJLAND,EQ,,,,,AMJ LAND HOLDINGS LIMITED,39.39,39.4,38.07,38.73,38.13,38.62,,38.7,,,1419,54835.97,89,F1,1,,,,,
2026-08-18,2026-08-18,CM,NSE,STK,17547,INE098F01031,AMRUTANJAN,EQ,,,,,AMRUTAJAN HEALTH LTD,491.1,500.8,487.25,488.25,488.5,491.85,,488.27,,,61907,30620030.35,2446,F1,1,,,,,
2026-08-18,2026-08-18,CM,NSE,STK,759956,INE549H01021,ARSSBL,EQ,,,,,ANAND RATHI SH N STK BR L,511.0,517.0,505.5,512.0,507.1,509.2,,511.95,,,165394,84405756.5,4425,F1,1,,,,,
2026-08-18,2026-08-18,CM,NSE,STK,7145,INE463V01026,ANANDRATHI,EQ,,,,,ANAND RATHI WEALTH LTD,2174.0,2199.0,2172.7,2194.8,2196.0,2176.0,,2194.8,,,132277,289667945.5,13601,F1,1,,,,,
2026-08-18,2026-08-18,CM,NSE,STK,13620,INE242C01024,ANANTRAJ,EQ,,,,,ANANT RAJ LIMITED,623.0,633.0,621.95,627.05,626.9,627.55,,627.05,,,1119254,703148790.55,23068,F1,1,,,,,
2026-08-18,2026-08-18,CM,NSE,STK,759363,INE1UA823019,ANANTAM,IV,,,,,ANANTAM HIGHWAYS TRUST,105.64,105.64,104.75,105.21,105.44,104.98,,105.21,,,185893,19520410.12,131,F1,1,,,,,
2026-08-18,2026-08-18,CM,NSE,STK,764449,INE1J5V01013,ANAWIL,ST,,,,,ANAWIL WIRE AND ENGIN LTD,419.9,444.6,407.0,444.15,435.0,423.45,,444.15,,,273200,118619800.0,432,F1,400,,,,,
2026-08-18,2026-08-18,CM,NSE,STK,758427,INE0VG001016,AMCL,SM,,,,,ANB METAL CAST LIMITED,386.0,386.0,386.0,386.0,386.0,379.9,,386.0,,,800,308800.0,1,F1,400,,,,,
2026-08-18,2026-08-18,CM,NSE,STK,15420,INE666E01020,ACL,EQ,,,,,ANDHRA CEMENTS LIMITED,45.16,46.85,45.16,46.37,46.3,45.94,,46.38,,,4303,198524.19,89,F1,1,,,,,
2026-08-18,2026-08-18,CM,NSE,STK,166,INE435A01051,ANDHRAPAP,EQ,,,,,ANDHRA PAPER LIMITED,59.96,62.1,59.76,61.93,61.5,59.96,,61.93,,,252494,15521060.31,1998,F1,1,,,,,
2026-08-18,2026-08-18,CM,NSE,STK,136,INE715B01021,ANDHRSUGAR,EQ,,,,,ANDHRA SUGARS LTD,102.59,103.96,99.52,100.46,100.17,101.98,,100.46,,,730940,74508690.08,7389,F1,1,,,,,
2026-08-18,2026-08-18,CM,NSE,STK,5206,INE449C01025,ANDREWYU,EQ,,,,,ANDREW YULE & CO. LTD.,27.28,27.28,25.35,25.98,25.86,26.23,,25.99,,,36629,956712.52,450,F1,1,,,,,
2026-08-18,2026-08-18,CM,NSE,STK,324,INE732I01021,ANGELONE,EQ,,,,,ANGEL ONE LIMITED,293.4,293.4,281.6,291.75,291.75,293.5,,291.69,,,7260733,2090896575.5,55990,F1,1,,,,,
2026-08-18,2026-08-18,CM,NSE,STK,16657,INE087B01017,ANIKINDS,EQ,,,,,ANIK INDUSTRIES LTD,44.04,44.04,41.0,43.07,43.65,42.76,,43.07,,,11453,487872.59,230,F1,1,,,,,
2026-08-18,2026-08-18,CM,NSE,STK,20453,INE071F01012,APCL,EQ,,,,,ANJANI PORTLAND CEM LTD,106.87,107.95,103.1,106.23,103.1,106.87,,106.23,,,4528,480306.45,215,F1,1,,,,,
2026-08-18,2026-08-18,CM,NSE,STK,25878,INE106I01010,ANKITMETAL,BZ,,,,,ANKIT MET & POW LTD,1.53,1.57,1.5,1.51,1.51,1.53,,1.51,,,32035,49343.67,46,F1,1,,,,,
2026-08-18,2026-08-18,CM,NSE,STK,758968,INE0Y8W01025,AHCL,EQ,,,,,ANLON HEALTHCARE LIMITED,14.5,14.72,14.35,14.63,14.53,14.51,,14.63,,,1995227,29099869.45,3689,F1,1,,,,,
2026-08-18,2026-08-18,CM,NSE,STK,13657,INE0LR101013,ANLON,SM,,,,,ANLON TECHNOLOGY SOL LTD,676.35,676.35,669.9,669.9,669.9,676.35,,669.9,,,2800,1890060.0,5,F1,400,,,,,
2026-08-18,2026-08-18,CM,NSE,STK,3727,INE02AR01019,ANMOL,EQ,,,,,ANMOL INDIA LIMITED,10.02,10.24,10.01,10.17,10.24,10.02,,10.17,,,24876,252225.33,150,F1,1,,,,,
2026-08-18,2026-08-18,CM,NSE,STK,764471,INE0MGM01017,ANNAPURNA,EQ,,,,,ANNAPURNA SWADISHT LTD,165.4,165.4,155.35,157.6,155.6,163.0,,157.6,,,63430,10120262.1,1276,F1,1,,,,,
2026-08-18,2026-08-18,CM,NSE,STK,758740,INE0VTV01012,ANONDITA,SM,,,,,ANONDITA MEDICARE LIMITED,1082.0,1089.95,1064.05,1074.6,1074.0,1086.65,,1074.6,,,5400,5817640.0,25,F1,200,,,,,
2026-08-18,2026-08-18,CM,NSE,STK,765020,INE030C01015,ANSALBU,EQ,,,,,ANSAL BUILDWELL LTD.,76.0,76.0,73.0,73.0,73.0,72.8,,73.23,,,145,10695.64,8,F1,1,,,,,
2026-08-18,2026-08-18,CM,NSE,STK,19677,INE436A01026,ANSALAPI,BZ,,,,,ANSAL PROP & INFRA LTD,3.34,3.45,3.33,3.39,3.33,3.39,,3.39,,,34059,114988.16,54,F1,1,,,,,
2026-08-18,2026-08-18,CM,NSE,STK,5194,INE414B01021,ANTGRAPHIC,EQ,,,,,ANTARCTICA LTD,0.74,0.75,0.72,0.73,0.74,0.74,,0.73,,,163088,119976.53,161,F1,1,,,,,
2026-08-18,2026-08-18,CM,NSE,STK,13598,INE818A01017,ANTELOPUS,EQ,,,,,ANTELOPUS SELAN ENRGY LTD,813.9,866.85,802.5,856.55,862.5,800.9,,856.67,,,386388,326320720.2,17089,F1,1,,,,,
2026-08-18,2026-08-18,CM,NSE,STK,757885,INE0CZ201020,ANTHEM,EQ,,,,,ANTHEM BIOSCIENCES LTD,899.0,899.0,883.85,891.05,892.0,898.0,,891.02,,,477452,425186702.05,22300,F1,1,,,,,
2026-08-18,2026-08-18,CM,NSE,STK,1797,INE01BK01022,AWHCL,EQ,,,,,ANTONY WASTE HDG CELL LTD,385.9,388.85,377.0,378.4,378.0,385.9,,378.43,,,97976,37123716.5,5154,F1,1,,,,,
2026-08-18,2026-08-18,CM,NSE,STK,28314,INE489G01022,ANUHPHR,EQ,,,,,ANUH PHARMA LIMITED,75.72,76.83,75.5,75.8,76.0,75.72,,75.8,,,39872,3028407.26,829,F1,1,,,,,
2026-08-18,2026-08-18,CM,NSE,STK,2829,INE930P01018,ANURAS,EQ,,,,,ANUPAM RASAYAN INDIA LTD,1197.5,1219.0,1196.0,1210.5,1215.0,1196.9,,1210.52,,,500190,603124489.4,6498,F1,1,,,,,
2026-08-18,2026-08-18,CM,NSE,STK,11945,INE0MIZ23019,ANZEN,IV,,,,,ANZEN IND ENE YLD PLU TRU,130.0,132.9,130.0,132.9,132.9,132.4,,131.95,,,150000,19807500.0,6,F1,25000,,,,,
2026-08-18,2026-08-18,CM,NSE,STK,758904,INF1J2R01114,AONEGOLD,EQ,,,,,AONEAMC - AONEGOLD,14.25,14.3,14.22,14.28,14.28,14.25,,14.28,,,172094,2456531.1,1138,F1,1,,,,,
2026-08-18,2026-08-18,CM,NSE,STK,30472,INF1J2R01056,AONELIQUID,EQ,,,,,AONEAMC - AONELIQUID,1073.07,1073.07,1073.05,1073.05,1073.05,1072.91,,1073.05,,,10870,11664184.71,103,F1,1,,,,,
2026-08-18,2026-08-18,CM,NSE,STK,757096,INF1J2R01064,AONENIFTY,EQ,,,,,AONEAMC - AONENIFTY,10.18,10.18,10.0,10.01,10.02,10.05,,10.01,,,154170,1544548.57,1103,F1,1,,,,,
2026-08-18,2026-08-18,CM,NSE,STK,760193,INF1J2R01171,AONESILVER,EQ,,,,,AONEAMC - AONESILVER,9.15,9.15,8.84,8.85,8.85,8.93,,8.85,,,424906,3767623.99,1204,F1,1,,,,,
2026-08-18,2026-08-18,CM,NSE,STK,759992,INF1J2R01148,AONETMMQ50,EQ,,,,,AONEAMC - AONETMMQ50,10.49,10.49,10.38,10.43,10.42,10.44,,10.43,,,39185,408397.23,221,F1,1,,,,,
2026-08-18,2026-08-18,CM,NSE,STK,29975,INF1J2R01015,AONETOTAL,EQ,,,,,AONEAMC - AONETOTAL,12.04,12.15,11.8,12.0,12.02,12.04,,12.0,,,113322,1361473.72,1093,F1,1,,,,,
2026-08-18,2026-08-18,CM,NSE,STK,11491,INE372A01015,APARINDS,EQ,,,,,APAR INDUSTRIES LTD.,16650.0,17295.0,16199.0,17214.0,17250.0,16524.0,,17213.56,,,338500,5697248316.0,73303,F1,1,,,,,
2026-08-18,2026-08-18,CM,NSE,STK,154,INE116A01032,APCOTEXIND,EQ,,,,,APCOTEX INDUSTRIES LIMITE,605.45,634.5,605.45,632.55,633.75,605.45,,632.7,,,404224,251976379.7,13928,F1,1,,,,,
2026-08-18,2026-08-18,CM,NSE,STK,27291,INE0T4V01015,APEXECO,ST,,,,,APEX ECOTECH LIMITED,276.05,286.95,276.05,285.0,281.15,290.2,,285.0,,,13600,3822720.0,11,F1,800,,,,,
2026-08-18,2026-08-18,CM,NSE,STK,21623,INE346W01013,APEX,EQ,,,,,APEX FROZEN FOODS LIMITED,424.0,427.8,395.4,398.5,399.0,422.55,,398.63,,,944431,388194557.7,24059,F1,1,,,,,
2026-08-18,2026-08-18,CM,NSE,STK,25780,INE702C01027,APLAPOLLO,EQ,,,,,APL APOLLO TUBES LTD,2082.0,2122.0,2075.1,2115.0,2115.0,2081.3,,2115.0,,,418384,880377394.0,22987,F1,1,,,,,
2026-08-18,2026-08-18,CM,NSE,STK,757176,INE0TLC07036,930APMD35,N0,,,,,APMD 9.30% 2035 STRPP I,107199.0,107199.0,106999.0,107000.0,107000.0,106999.0,,107000.0,,,9,963198.0,6,F1,1,,,,,
2026-08-18,2026-08-18,CM,NSE,STK,157,INE437A01024,APOLLOHOSP,EQ,,,,,APOLLO HOSPITALS ENTER. L,8825.5,8907.0,8786.5,8817.0,8817.0,8825.5,,8817.0,,,474997,4199784214.5,53645,F1,1,,,,,
2026-08-18,2026-08-18,CM,NSE,STK,1134,INE713T01028,APOLLO,EQ,,,,,APOLLO MICRO SYSTEMS LTD,387.5,390.5,384.0,387.85,389.0,387.05,,387.83,,,2866177,1107449314.65,31736,F1,1,,,,,
2026-08-18,2026-08-18,CM,NSE,STK,14361,INE126J01016,APOLLOPIPE,EQ,,,,,APOLLO PIPES LIMITED,545.3,560.0,544.95,551.3,555.0,545.3,,551.31,,,368105,203483807.15,11026,F1,1,,,,,
2026-08-18,2026-08-18,CM,NSE,STK,6302,INE451F01024,APOLSINHOT,EQ,,,,,APOLLO SINDOORI HOTEL LTD,1201.0,1223.3,1153.5,1190.0,1185.0,1205.8,,1190.0,,,1071,1279132.0,110,F1,1,,,,,
2026-08-18,2026-08-18,CM,NSE,STK,163,INE438A01022,APOLLOTYRE,EQ,,,,,APOLLO TYRES LTD,435.5,438.95,434.25,436.0,435.55,436.7,,435.94,,,236230,103193779.9,10063,F1,1,,,,,
2026-08-18,2026-08-18,CM,NSE,STK,24638,INE0LQG01010,APRAMEYA,SM,,,,,APRAMEYA ENGINEERING LTD,130.5,131.0,114.25,118.6,118.6,130.7,,118.6,,,24000,2987450.0,42,F1,500,,,,,
2026-08-18,2026-08-18,CM,NSE,STK,761435,INE1OOJ01011,APSISAERO,ST,,,,,APSIS AEROCOM LIMITED,509.4,509.75,509.4,509.75,509.75,499.8,,509.75,,,4800,2445960.0,4,F1,1200,,,,,
2026-08-18,2026-08-18,CM,NSE,STK,14074,INE266F01018,APTECHT,BE,,,,,APTECH LIMITED,95.0,95.89,93.53,94.48,94.07,94.78,,94.55,,,24960,2363003.24,335,F1,1,,,,,
2026-08-18,2026-08-18,CM,NSE,STK,5435,INE852O01025,APTUS,EQ,,,,,APTUS VALUE HSG FIN I LTD,256.6,261.7,255.2,257.0,256.3,255.2,,257.0,,,706252,182121388.55,45169,F1,1,,,,,
2026-08-18,2026-08-18,CM,NSE,STK,23365,INE416A01051,AQYLON,EQ,,,,,AQYLON NEXUS LIMITED,21.5,22.87,20.87,22.86,22.87,21.79,,22.86,,,3402192,77020920.09,4356,F1,1,,,,,
2026-08-18,2026-08-18,CM,NSE,STK,19253,INE08NJ01024,ARABIAN,SM,,,,,ARABIAN PETROLEUM LIMITED,86.0,86.0,86.0,86.0,86.0,86.55,,86.0,,,2000,172000.0,1,F1,2000,,,,,
2026-08-18,2026-08-18,CM,NSE,STK,758670,INE0YDV01010,ARCIIL,SM,,,,,ARC INSULATION & INSU LTD,38.2,38.2,38.2,38.2,38.2,38.2,,38.2,,,1000,38200.0,1,F1,1000,,,,,
2026-08-18,2026-08-18,CM,NSE,STK,12024,INE128X01021,ACI,EQ,,,,,ARCHEAN CHEMICAL IND LTD,517.35,517.35,508.55,512.9,514.95,515.35,,512.9,,,82390,42238950.3,6748,F1,1,,,,,
2026-08-18,2026-08-18,CM,NSE,STK,245,INE0CHO01012,ADL,EQ,,,,,ARCHIDPLY DECOR LIMITED,69.0,73.0,68.99,69.07,69.0,68.65,,69.07,,,365,25245.4,15,F1,1,,,,,
2026-08-18,2026-08-18,CM,NSE,STK,16795,INE877I01016,ARCHIDPLY,EQ,,,,,ARCHIDPLY IND. LTD,97.89,97.89,93.8,95.32,96.25,95.91,,95.29,,,14039,1333586.87,219,F1,1,,,,,
2026-08-18,2026-08-18,CM,NSE,STK,5688,INE731A01020,ARCHIES,EQ,,,,,ARCHIES LTD,13.26,13.56,13.26,13.52,13.55,13.49,,13.52,,,10691,143962.01,69,F1,1,,,,,
2026-08-18,2026-08-18,CM,NSE,STK,764598,INE372M01010,ARCL,EQ,,,,,ARCL ORGANICS LTD.,236.4,236.4,224.58,233.75,233.75,236.4,,237.85,,,667,154120.58,20,F1,1,,,,,
2026-08-18,2026-08-18,CM,NSE,STK,764480,INE0XNF01022,ARDEE,EQ,,,,,ARDEE INDUSTRIES LIMITED,62.15,64.86,60.61,63.89,63.97,62.34,,63.89,,,12405716,779323755.14,45705,F1,1,,,,,
2026-08-18,2026-08-18,CM,NSE,STK,758700,INE784R01023,ARFIN,EQ,,,,,ARFIN INDIA LIMITED,83.0,83.45,82.0,82.5,82.4,83.69,,82.51,,,982288,81429928.86,1858,F1,1,,,,,
2026-08-18,2026-08-18,CM,NSE,STK,13092,INE0L2Y01011,ARHAM,SM,,,,,ARHAM TECHNOLOGIES LTD,183.0,187.0,180.0,185.05,187.0,185.85,,185.05,,,78000,14325200.0,46,F1,1000,,,,,
2026-08-18,2026-08-18,CM,NSE,STK,15204,INE298I01015,ARIES,EQ,,,,,ARIES AGRO LTD.,429.3,450.0,421.0,442.7,447.4,434.65,,442.69,,,173328,76397326.9,6420,F1,1,,,,,
2026-08-18,2026-08-18,CM,NSE,STK,3813,INE420B01036,ARIHANTCAP,EQ,,,,,ARIHANT CAPITAL MKTS LTD,73.47,74.8,73.1,73.77,73.41,73.47,,73.76,,,104567,7693921.04,898,F1,1,,,,,
2026-08-18,2026-08-18,CM,NSE,STK,13885,INE413D01011,ARIHANT,EQ,,,,,ARIHANT FOUN & HOU LTD,1030.0,1046.8,975.2,1021.5,1029.9,1031.6,,1021.96,,,3544,3594430.7,550,F1,1,,,,,
2026-08-18,2026-08-18,CM,NSE,STK,20159,INE643K01018,ARIHANTSUP,EQ,,,,,ARIHANT SUPERSTRUCT LTD,259.05,259.2,248.3,251.45,255.5,257.6,,251.46,,,7697,1957682.5,307,F1,1,,,,,
2026-08-18,2026-08-18,CM,NSE,STK,757614,INE0H9P01028,ARIS,EQ,,,,,ARISINFRA SOLUTIONS LTD,136.0,136.5,134.32,135.97,135.6,136.25,,135.95,,,390567,52986881.04,3602,F1,1,,,,,
2026-08-18,2026-08-18,CM,NSE,STK,25398,INE0QRL01017,ARKADE,EQ,,,,,ARKADE DEVELOPERS LIMITED,130.94,131.97,129.24,130.02,129.84,129.99,,130.02,,,191083,24867643.55,2003,F1,1,,,,,
2026-08-18,2026-08-18,CM,NSE,STK,17263,INE109C01017,ARMANFIN,EQ,,,,,ARMAN FIN SERV LTD,1976.8,1978.0,1932.0,1936.8,1943.5,1962.9,,1936.88,,,33991,66151801.5,3467,F1,1,,,,,
2026-08-18,2026-08-18,CM,NSE,STK,760752,INE0TZX01019,ARMOUR,ST,,,,,ARMOUR SECURITY (INDIA) L,18.45,18.45,18.45,18.45,18.45,18.5,,18.45,,,4000,73800.0,2,F1,2000,,,,,
2026-08-18,2026-08-18,CM,NSE,STK,14557,INE210C01013,AROGRANITE,EQ,,,,,ARO GRANITE IND. LTD.,24.75,24.95,24.21,24.68,24.9,24.57,,24.68,,,3848,95038.35,61,F1,1,,,,,
2026-08-18,2026-08-18,CM,NSE,STK,9264,INE570D01018,ARROWGREEN,BE,,,,,ARROW GREENTECH LIMITED,730.25,730.25,730.25,730.25,730.25,768.65,,730.29,,,8357,6102699.25,372,F1,1,,,,,
2026-08-18,2026-08-18,CM,NSE,STK,29015,INE968D01022,ARSHIYA,BZ,,,,,ARSHIYA LIMITED,0.94,0.96,0.9,0.92,0.92,0.93,,0.92,,,99163,91047.03,76,F1,1,,,,,
2026-08-18,2026-08-18,CM,NSE,STK,6156,INE738V01013,ARTNIRMAN,EQ,,,,,ART NIRMAN LIMITED,42.44,43.68,41.0,43.02,42.53,42.23,,43.02,,,1154,49352.49,29,F1,1,,,,,
2026-08-18,2026-08-18,CM,NSE,STK,761330,INE757T01025,AEPL,EQ,,,,,ARTEMIS ELECTRICALS & P L,14.8,15.41,14.63,14.9,15.15,14.93,,14.94,,,20978,310909.38,169,F1,1,,,,,
2026-08-18,2026-08-18,CM,NSE,STK,16913,INE025R01021,ARTEMISMED,EQ,,,,,ARTEMIS MED SERVICE LTD,314.4,315.4,309.4,312.15,311.0,314.4,,312.15,,,224408,70008105.95,5227,F1,1,,,,,
2026-08-18,2026-08-18,CM,NSE,STK,756896,INE0TTG01017,ARUNAYA,SM,,,,,ARUNAYA ORGANICS LIMITED,14.5,14.85,14.5,14.85,14.85,14.55,,14.85,,,4000,58700.0,2,F1,2000,,,,,
2026-08-18,2026-08-18,CM,NSE,STK,2814,INE006Z01016,ARVEE,EQ,,,,,ARVEE LABORATORIES I LTD,165.55,171.89,165.55,170.55,170.54,165.55,,170.55,,,962,163823.9,53,F1,1,,,,,
2026-08-18,2026-08-18,CM,NSE,STK,9111,INE955V01021,ARVINDFASN,EQ,,,,,ARVIND FASHIONS LIMITED,441.0,443.6,434.0,438.05,435.2,444.15,,437.98,,,289683,127150780.15,23186,F1,1,,,,,
2026-08-18,2026-08-18,CM,NSE,STK,193,INE034A01011,ARVIND,EQ,,,,,ARVIND LIMITED,554.45,555.2,522.6,526.5,524.15,552.3,,526.51,,,928757,495998714.25,32927,F1,1,,,,,
2026-08-18,2026-08-18,CM,NSE,STK,19579,INE0P4T01013,ARVINDPORT,SM,,,,,ARVIND PORT AND INFRA LTD,31.5,33.5,30.55,33.5,33.5,31.95,,33.5,,,36000,1177500.0,14,F1,1500,,,,,
2026-08-18,2026-08-18,CM,NSE,STK,10457,INE034S01021,ARVSMART,EQ,,,,,ARVIND SMARTSPACES LTD,667.95,676.95,651.1,665.55,663.0,670.35,,665.51,,,84696,56171598.8,4352,F1,1,,,,,
2026-08-18,2026-08-18,CM,NSE,STK,764603,INE032E01017,ARYAMAN,EQ,,,,,ARYAMAN FINANCIAL SERV L,599.9,599.9,570.0,599.9,599.9,599.9,,570.0,,,12,6899.8,3,F1,1,,,,,
2026-08-18,2026-08-18,CM,NSE,STK,5378,INE439A01020,ASAHIINDIA,EQ,,,,,ASAHI INDIA GLASS LIMITED,938.0,970.85,934.85,962.8,962.7,931.2,,962.75,,,736543,704669248.7,33109,F1,1,,,,,
2026-08-18,2026-08-18,CM,NSE,STK,25092,INE228I01012,ASAHISONG,BE,,,,,ASAHI SONGWON COLOR LTD,348.1,351.5,340.0,345.2,346.5,357.0,,345.23,,,23392,8078233.45,331,F1,1,,,,,
2026-08-18,2026-08-18,CM,NSE,STK,24711,INE0LAA01017,ASHALOG,SM,,,,,ASHAPURA LOGISTICS LTD,61.05,61.05,60.5,60.5,60.5,61.25,,60.5,,,11000,667050.0,5,F1,1000,,,,,
2026-08-18,2026-08-18,CM,NSE,STK,203,INE348A01023,ASHAPURMIN,EQ,,,,,ASHAPURA MINECHEM LTD,615.8,616.4,594.0,596.3,597.3,612.2,,596.3,,,344374,206996690.95,12860,F1,1,,,,,
2026-08-18,2026-08-18,CM,NSE,STK,24403,INE365D01021,ASHIANA,EQ,,,,,ASHIANA HOUSING LTD,365.0,367.2,362.0,365.75,366.0,365.0,,365.84,,,23957,8756349.15,810,F1,1,,,,,
2026-08-18,2026-08-18,CM,NSE,STK,762551,INE094B01013,ASHIKAG,BE,,,,,ASHIKA GLOBAL SEC LTD,440.0,440.0,428.05,432.45,438.0,444.1,,433.25,,,23028,10004423.1,226,F1,1,,,,,
2026-08-18,2026-08-18,CM,NSE,STK,206,INE440A01010,ASHIMASYN,EQ,,,,,ASHIMA LTD,17.51,17.94,16.95,17.38,17.5,17.51,,17.39,,,82670,1433850.08,333,F1,1,,,,,
2026-08-18,2026-08-18,CM,NSE,STK,212,INE208A01029,ASHOKLEY,EQ,,,,,ASHOK LEYLAND LTD,177.0,177.59,174.5,176.35,176.35,177.1,,176.35,,,14208948,2504652375.12,56877,F1,1,,,,,
2026-08-18,2026-08-18,CM,NSE,STK,20182,INE442H01029,ASHOKA,EQ,,,,,ASHOKA BUILDCON LTD,113.0,113.0,111.5,111.83,111.7,113.27,,111.83,,,355486,39884409.34,3668,F1,1,,,,,
2026-08-18,2026-08-18,CM,NSE,STK,16943,INE760Y01011,ASHOKAMET,EQ,,,,,ASHOKA METCAST LIMITED,13.63,13.7,13.37,13.4,13.37,13.77,,13.4,,,10576,143205.6,106,F1,1,,,,,
2026-08-18,2026-08-18,CM,NSE,STK,760418,INE1A6Q01010,ASHWINI,SM,,,,,ASHWINI CONTAINER MOVER L,190.05,190.8,190.0,190.8,190.8,190.5,,190.8,,,4000,760850.0,4,F1,1000,,,,,
2026-08-18,2026-08-18,CM,NSE,STK,7030,INE276G01015,ASIANENE,EQ,,,,,ASIAN ENERGY SERVICES LTD,426.9,465.1,419.8,463.05,460.4,425.25,,463.07,,,3647876,1649903943.8,84007,F1,1,,,,,
2026-08-18,2026-08-18,CM,NSE,STK,14889,INE022I01019,ASIANTILES,EQ,,,,,ASIAN GRANITO IND. LTD.,47.97,47.97,45.5,45.81,45.6,47.97,,45.81,,,9346225,433290223.02,15247,F1,1,,,,,
2026-08-18,2026-08-18,CM,NSE,STK,19438,INE926K01017,AHLEAST,EQ,,,,,ASIAN HOTELS (EAST) LTD,140.95,144.0,139.05,139.54,139.05,140.95,,139.6,,,1675,236780.55,59,F1,1,,,,,
2026-08-18,2026-08-18,CM,NSE,STK,18422,INE363A01022,ASIANHOTNR,EQ,,,,,ASIAN HOTELS (NORTH) LTD,296.95,303.5,296.3,302.0,297.05,300.0,,302.0,,,5841,1752838.15,737,F1,1,,,,,
2026-08-18,2026-08-18,CM,NSE,STK,19370,INE915K01010,AHLWEST,BE,,,,,ASIAN HOTELS (WEST) LTD,535.8,571.05,535.8,536.0,536.0,563.95,,529.53,,,460,252028.8,19,F1,1,,,,,
2026-08-18,2026-08-18,CM,NSE,STK,236,INE021A01026,ASIANPAINT,EQ,,,,,ASIAN PAINTS LIMITED,2663.1,2670.1,2610.1,2628.4,2628.4,2687.5,,2628.41,,,1017022,2683041988.3,54425,F1,1,,,,,
2026-08-18,2026-08-18,CM,NSE,STK,762553,INE194D01017,ASTAR,EQ,,,,,ASIAN STAR CO. LTD.,619.5,619.5,590.3,590.6,590.3,585.05,,590.3,,,268,160158.4,152,F1,1,,,,,
2026-08-18,2026-08-18,CM,NSE,STK,765025,INE822B01017,ASIANTNE,EQ,,,,,ASIAN TEA & EXPORTS LTD.,9.5,9.69,9.11,9.46,9.11,9.73,,9.46,,,3285,31151.96,48,F1,1,,,,,
2026-08-18,2026-08-18,CM,NSE,STK,20152,INE491J01022,ASKAUTOLTD,EQ,,,,,ASK AUTOMOTIVE LIMITED,651.0,654.95,633.0,638.25,643.0,649.2,,638.29,,,260634,167664188.05,12496,F1,1,,,,,
2026-08-18,2026-08-18,CM,NSE,STK,17270,INE991I01015,ASPINWALL,EQ,,,,,ASPINWALL & CO LTD,236.24,239.0,232.22,234.93,234.0,236.24,,234.93,,,734,173148.73,44,F1,1,,,,,
2026-08-18,2026-08-18,CM,NSE,STK,23396,INE0S7801010,ASPIRE,SM,,,,,ASPIRE & INNOVATIVE ADV L,14.25,14.25,13.65,13.7,13.7,14.35,,13.7,,,122000,1707700.0,11,F1,2000,,,,,
2026-08-18,2026-08-18,CM,NSE,STK,765237,INE165G01010,ASSAMENT,EQ,,,,,ASSAM ENTRADE LIMITED,807.5,807.5,807.5,807.5,807.5,850.0,,807.5,,,7,5652.5,4,F1,1,,,,,
2026-08-18,2026-08-18,CM,NSE,STK,17598,INE073G01016,ASALCBR,EQ,,,,,ASSO ALCOHOLS & BREW LTD,731.5,731.5,719.0,721.9,720.0,733.25,,721.91,,,24739,17934216.25,1708,F1,1,,,,,
2026-08-18,2026-08-18,CM,NSE,STK,17728,INE563J01010,ASTEC,EQ,,,,,ASTEC LIFESCIENCES LTD,580.8,606.05,564.3,585.55,586.4,580.8,,585.55,,,61911,36645385.95,4237,F1,1,,,,,
2026-08-18,2026-08-18,CM,NSE,STK,1508,INE914M01019,ASTERDM,EQ,,,,,ASTER DM QUALITY CARE LTD,824.7,828.8,815.95,818.0,820.0,819.75,,818.0,,,605701,496422355.7,26787,F1,1,,,,,
2026-08-18,2026-08-18,CM,NSE,STK,11618,INE386C01029,ASTRAMICRO,EQ,,,,,ASTRA MICROWAVE LTD,1707.0,1800.0,1706.5,1767.4,1782.0,1707.1,,1767.37,,,312448,547682149.2,18844,F1,1,,,,,
2026-08-18,2026-08-18,CM,NSE,STK,14418,INE006I01046,ASTRAL,EQ,,,,,ASTRAL LIMITED,1538.4,1545.0,1517.1,1520.0,1520.0,1538.3,,1520.01,,,176344,268902428.1,13612,F1,1,,,,,
2026-08-18,2026-08-18,CM,NSE,STK,5610,INE203A01020,ASTRAZEN,EQ,,,,,ASTRAZENECA PHARMA IND LT,7640.5,7759.5,7595.0,7645.0,7621.0,7640.5,,7645.1,,,7588,58127099.5,2250,F1,1,,,,,
2026-08-18,2026-08-18,CM,NSE,STK,764445,INE646X01014,ASTRON,BZ,,,,,ASTRON PAPER BORD MIL LTD,3.36,3.39,3.32,3.34,3.34,3.38,,3.34,,,8350,28032.69,46,F1,1,,,,,
2026-08-18,2026-08-18,CM,NSE,STK,15649,INE0ALR01029,ATALREAL,EQ,,,,,ATAL REALTECH LIMITED,36.1,36.33,31.42,33.93,34.0,35.85,,33.93,,,20814653,719878838.87,22420,F1,1,,,,,
2026-08-18,2026-08-18,CM,NSE,STK,15404,INE09KD01013,ATAM,EQ,,,,,ATAM VALVES LIMITED,60.06,61.89,57.57,59.75,61.0,60.67,,59.75,,,6078,362868.89,231,F1,1,,,,,
2026-08-18,2026-08-18,CM,NSE,STK,756405,INE0V0Q01019,ATCENERGY,ST,,,,,ATC ENERGIES SYSTEM LTD,23.55,23.55,23.55,23.55,23.55,24.0,,23.55,,,1200,28260.0,1,F1,1200,,,,,
2026-08-18,2026-08-18,CM,NSE,STK,757645,INE0LEZ01016,ATHERENERG,EQ,,,,,ATHER ENERGY LIMITED,1484.7,1504.0,1455.0,1465.8,1468.0,1485.2,,1465.79,,,2760706,4072524443.1,135850,F1,1,,,,,
2026-08-18,2026-08-18,CM,NSE,STK,760953,IN90NN701011,ATLPP,E1,,,,,ATL RE.0.50 PPD UP,8.5,8.51,8.0,8.48,8.48,8.67,,8.48,,,10042,82777.42,34,F1,1,,,,,
2026-08-18,2026-08-18,CM,NSE,STK,759007,INE0Z4F01028,ATLANTAELE,EQ,,,,,ATLANTA ELECTRICALS LTD,1828.9,1849.8,1759.0,1774.4,1770.7,1788.2,,1774.42,,,224377,403920642.0,25746,F1,1,,,,,
2026-08-18,2026-08-18,CM,NSE,STK,13585,INE285H01022,ATLANTAA,EQ,,,,,ATLANTAA LIMITED,39.51,40.7,37.71,38.68,38.99,39.64,,38.71,,,49094,1906887.15,722,F1,1,,,,,
2026-08-18,2026-08-18,CM,NSE,STK,4568,INE446A01025,ATLASCYCLE,EQ,,,,,ATLAS CYCLE (HARYANA) LTD,97.6,98.0,96.01,97.19,96.6,97.61,,96.61,,,916,88618.88,68,F1,1,,,,,
2026-08-18,2026-08-18,CM,NSE,STK,22785,INE05DH01017,ATMASTCO,SM,,,,,ATMASTCO LIMITED,151.0,151.0,141.0,145.55,145.95,147.0,,145.55,,,16000,2310760.0,38,F1,400,,,,,
2026-08-18,2026-08-18,CM,NSE,STK,30023,INE951D01028,ATULAUTO,EQ,,,,,ATUL AUTO LIMITED,494.25,501.05,491.0,493.3,496.0,498.0,,493.25,,,74007,36585766.8,2795,F1,1,,,,,
2026-08-18,2026-08-18,CM,NSE,STK,263,INE100A01010,ATUL,EQ,,,,,ATUL LTD,6769.5,6770.5,6585.0,6608.5,6618.0,6721.0,,6608.65,,,23328,155065502.0,5899,F1,1,,,,,
2026-08-18,2026-08-18,CM,NSE,STK,21238,INE949L01017,AUBANK,EQ,,,,,AU SMALL FINANCE BANK LTD,1071.0,1079.6,1064.5,1075.7,1075.7,1072.2,,1075.71,,,450491,483795705.8,16787,F1,1,,,,,
2026-08-18,2026-08-18,CM,NSE,STK,12022,INE132H01018,AURIONPRO,EQ,,,,,AURIONPRO SOLN LTD,726.4,727.6,711.0,712.55,712.0,722.75,,712.55,,,136690,98036950.05,7255,F1,1,,,,,
2026-08-18,2026-08-18,CM,NSE,STK,15869,INE0NUL01018,AUROIMPEX,SM,,,,,AURO IMPEX & CHEMICALS L,25.05,25.1,25.05,25.1,25.1,26.1,,25.1,,,3200,80240.0,2,F1,1600,,,,,
2026-08-18,2026-08-18,CM,NSE,STK,275,INE406A01037,AUROPHARMA,EQ,,,,,AUROBINDO PHARMA LTD,1631.0,1645.9,1626.3,1645.0,1645.0,1627.2,,1645.0,,,573961,940206513.1,32887,F1,1,,,,,
2026-08-18,2026-08-18,CM,NSE,STK,10310,INE898S01029,AURUM,EQ,,,,,AURUM PROPTECH LIMITED,230.08,230.09,222.8,226.64,228.0,229.12,,226.55,,,77941,17577840.28,2083,F1,1,,,,,
2026-08-18,2026-08-18,CM,NSE,STK,31468,INE142K01011,AURUS,EQ,,,,,AURUS GEM CORP LIMITED,4.71,4.8,4.5,4.72,4.73,4.71,,4.77,,,13470,63212.78,246,F1,1,,,,,
2026-08-18,2026-08-18,CM,NSE,STK,4037,INE218C01016,AUSOMENT,EQ,,,,,AUSOM ENTERPRISE LIMITED,145.0,147.0,141.0,146.47,146.99,144.39,,146.47,,,3851,561169.31,91,F1,1,,,,,
2026-08-18,2026-08-18,CM,NSE,STK,764608,INE759F01012,AUSTENG,EQ,,,,,AUSTIN ENGINEERING CO. L,122.87,126.75,110.0,114.3,114.3,122.87,,116.63,,,776,91859.46,55,F1,1,,,,,
2026-08-18,2026-08-18,CM,NSE,STK,21451,INE0P0001010,APS,SM,,,,,AUSTRALIAN PREM SOLAR I L,237.5,238.0,228.0,233.75,235.0,237.5,,233.75,,,30000,7004262.5,86,F1,250,,,,,
2026-08-18,2026-08-18,CM,NSE,STK,23553,INE206F01022,AIIL,EQ,,,,,AUTHUM INVEST & INFRA LTD,552.5,561.0,550.0,553.25,551.5,551.5,,553.22,,,107054,59310430.3,8055,F1,1,,,,,
2026-08-18,2026-08-18,CM,NSE,STK,14110,INE718H01014,AUTOIND,BE,,,,,AUTOLINE INDUSTRIES LTD,88.7,88.7,88.7,88.7,88.7,93.36,,88.55,,,33892,3006220.4,146,F1,1,,,,,
2026-08-18,2026-08-18,CM,NSE,STK,764558,INE451C01013,ACGL,EQ,,,,,AUTOMOBILE CORPN OF GOA L,1784.3,1814.9,1715.5,1755.0,1755.9,1766.7,,1759.33,,,628,1107957.4,140,F1,1,,,,,
2026-08-18,2026-08-18,CM,NSE,STK,278,INE449A01011,AUTOAXLES,EQ,,,,,AUTOMOTIVE AXLES LIMITED,1784.0,1817.7,1758.2,1789.0,1776.5,1787.0,,1789.13,,,8851,15920619.1,1092,F1,1,,,,,
2026-08-18,2026-08-18,CM,NSE,STK,10634,INE900C01027,ASAL,EQ,,,,,AUTOMOTIVE STAMPINGS & AS,505.95,514.5,496.95,499.55,498.0,505.95,,499.55,,,15737,7917561.2,1073,F1,1,,,,,
2026-08-18,2026-08-18,CM,NSE,STK,21406,INE349W01017,AVADHSUGAR,EQ,,,,,AVADH SUG & ENERGY LTD,738.0,740.05,701.55,711.3,708.2,725.25,,711.3,,,287536,207995182.8,9747,F1,1,,,,,
2026-08-18,2026-08-18,CM,NSE,STK,15058,INE0LCL01028,AVALON,EQ,,,,,AVALON TECHNOLOGIES LTD,2059.4,2258.0,2055.9,2197.3,2235.0,2059.4,,2197.31,,,1136151,2431451445.2,81089,F1,1,,,,,
2026-08-18,2026-08-18,CM,NSE,STK,760736,INE1KU201016,AVANA,ST,,,,,AVANA ELECTROSYSTEMS LTD,137.55,137.55,137.2,137.4,137.2,144.0,,137.4,,,10000,1374200.0,5,F1,2000,,,,,
2026-08-18,2026-08-18,CM,NSE,STK,765030,INE758A01072,AVANCE,EQ,,,,,AVANCE TECHNOLOGIES LTD.,0.9,0.94,0.9,0.9,0.91,0.9,,0.91,,,4124773,3786097.91,1181,F1,1,,,,,
2026-08-18,2026-08-18,CM,NSE,STK,24610,INE005B01027,AVANTEL,EQ,,,,,AVANTEL LIMITED,156.9,163.8,156.63,162.27,162.59,157.51,,162.27,,,1319374,213103903.29,14311,F1,1,,,,,
2026-08-18,2026-08-18,CM,NSE,STK,7936,INE871C01038,AVANTIFEED,EQ,,,,,AVANTI FEEDS LIMITED,879.95,883.5,862.1,866.15,864.4,875.6,,866.13,,,188859,164787183.75,11286,F1,1,,,,,
2026-08-18,2026-08-18,CM,NSE,STK,20503,INE617I01024,AVATAR,ST,,,,,AVATAR INDUSTRIES LIMITED,239.0,248.7,239.0,248.7,248.7,237.0,,248.7,,,14000,3367400.0,3,F1,2000,,,,,
2026-08-18,2026-08-18,CM,NSE,STK,19913,INE192R01011,DMART,EQ,,,,,AVENUE SUPERMARTS LIMITED,3989.6,4019.1,3946.7,3981.0,3981.0,3995.0,,3981.0,,,339330,1354220187.9,24428,F1,1,,,,,
2026-08-18,2026-08-18,CM,NSE,STK,16249,INE483S01020,CCAVENUE,EQ,,,,,AVENUESAI LIMITED,15.19,15.21,15.04,15.08,15.06,15.21,,15.08,,,6119978,92310667.07,10662,F1,1,,,,,
2026-08-18,2026-08-18,CM,NSE,STK,15638,INE680Z01018,AVG,BE,,,,,AVG LOGISTICS LIMITED,199.02,203.97,197.0,198.42,201.95,199.02,,198.52,,,5239,1043784.92,96,F1,1,,,,,
2026-08-18,2026-08-18,CM,NSE,STK,25520,INE0TFB01017,AVIANSH,SM,,,,,AVI ANSH TEXTILE LIMITED,105.5,106.0,105.0,106.0,106.0,105.0,,106.0,,,4000,422000.0,4,F1,1000,,,,,
2026-08-18,2026-08-18,CM,NSE,STK,755092,INE0V9I01017,AVIENCE,SM,,,,,AVIENCE BIOMEDICALS LTD,238.0,244.55,238.0,238.0,238.0,237.0,,238.0,,,10800,2589420.0,15,F1,600,,,,,
2026-08-18,2026-08-18,CM,NSE,STK,14069,INE855F01042,ASMS,BE,,,,,AVIO SMART MRKT STACK LTD,6.96,7.16,6.93,7.04,7.05,6.96,,7.04,,,146100,1024068.14,283,F1,1,,,,,
2026-08-18,2026-08-18,CM,NSE,STK,13557,INE323B01024,AVONMORE,EQ,,,,,AVONMORE CAP&MGT SERV LTD,13.49,13.64,13.0,13.18,13.3,13.01,,13.18,,,404631,5403798.93,900,F1,1,,,,,
2026-08-18,2026-08-18,CM,NSE,STK,23159,INE0R9401019,AVPINFRA,SM,,,,,AVP INFRACON LIMITED,59.0,59.95,57.85,58.5,59.0,60.3,,58.5,,,35200,2068120.0,36,F1,800,,,,,
2026-08-18,2026-08-18,CM,NSE,STK,8827,INE652Z01025,AVROIND,EQ,,,,,AVRO INDIA LIMITED,8.7,8.99,8.41,8.8,8.93,8.5,,8.8,,,443107,3879544.04,909,F1,1,,,,,
2026-08-18,2026-08-18,CM,NSE,STK,14008,INE488D01021,AVTNPL,EQ,,,,,AVT NATURAL PRODUCTS LTD,87.0,92.45,87.0,87.45,88.0,88.1,,87.44,,,1325259,119415509.95,13232,F1,1,,,,,
2026-08-18,2026-08-18,CM,NSE,STK,23864,INE108V01019,AWFIS,EQ,,,,,AWFIS SPACE SOLUTIONS LTD,268.0,268.95,265.0,265.6,265.5,268.95,,265.57,,,101104,26975266.3,3594,F1,1,,,,,
2026-08-18,2026-08-18,CM,NSE,STK,8110,INE699H01024,AWL,EQ,,,,,AWL AGRI BUSINESS LIMITED,193.9,193.9,189.26,190.04,189.96,193.34,,190.08,,,1028865,196747106.24,18445,F1,1,,,,,
2026-08-18,2026-08-18,CM,NSE,STK,5900,INE238A01034,AXISBANK,EQ,,,,,AXIS BANK LIMITED,1223.9,1250.5,1223.4,1243.0,1243.0,1227.3,,1243.0,,,5064697,6282300461.7,75431,F1,1,,,,,
2026-08-18,2026-08-18,CM,NSE,STK,1044,INF846K01X63,BNKETFAXIS,EQ,,,,,AXISAMC-BNKETFAXIS,593.4,593.48,590.21,592.79,592.79,596.67,,592.79,,,439,260132.1,30,F1,1,,,,,
2026-08-18,2026-08-18,CM,NSE,STK,5732,INF846K016C7,CONSUMAXIS,EQ,,,,,AXISAMC-CONSUMAXIS,124.49,124.49,123.54,123.8,123.8,124.73,,123.8,,,879,109102.39,18,F1,1,,,,,
2026-08-18,2026-08-18,CM,NSE,STK,20532,INF846K01W80,GOLDAXIS,EQ,,,,,AXISAMC-GOLDAXIS,127.41,127.66,127.11,127.38,127.3,127.41,,127.38,,,1061987,135313811.44,2665,F1,1,,,,,
2026-08-18,2026-08-18,CM,NSE,STK,3608,INF846K01Z12,HEALTHAXIS,EQ,,,,,AXISAMC-HEALTHAXIS,167.93,168.46,167.31,167.34,167.91,167.93,,167.34,,,4609,773072.61,69,F1,1,,,,,
2026-08-18,2026-08-18,CM,NSE,STK,3010,INF846K01Y96,ITAXIS,EQ,,,,,AXISAMC-ITAXIS,340.0,340.0,332.48,333.91,335.0,341.65,,333.94,,,5403,1805609.11,160,F1,1,,,,,
2026-08-18,2026-08-18,CM,NSE,STK,21252,INF846K01W98,NIFTYAXIS,EQ,,,,,AXISAMC-NIFTYAXIS,269.85,269.85,268.0,268.21,268.0,269.85,,268.21,,,3456,927336.9,135,F1,1,,,,,
2026-08-18,2026-08-18,CM,NSE,STK,14742,INF846K010Q0,SENSEXAXIS,EQ,,,,,AXISAMC-SENSEXAXIS,79.07,81.5,78.83,79.72,79.69,81.1,,79.79,,,3511,282521.31,105,F1,1,,,,,
2026-08-18,2026-08-18,CM,NSE,STK,11193,INF846K011K1,SILVERAXIS,EQ,,,,,AXISAMC-SILVERAXIS,231.94,231.94,229.9,230.25,230.45,232.33,,230.25,,,345855,79712692.68,5445,F1,1,,,,,
2026-08-18,2026-08-18,CM,NSE,STK,30155,INF846KA1119,VALUEAXIS,EQ,,,,,AXISAMC-VALUEAXIS,33.15,33.24,32.9,33.1,33.24,32.99,,33.1,,,26765,882668.0,260,F1,1,,,,,
2026-08-18,2026-08-18,CM,NSE,STK,9436,INE555B01013,AXISCADES,EQ,,,,,AXISCADES TECH LTD,1557.1,1630.0,1555.9,1607.1,1606.8,1553.4,,1607.35,,,235649,378432759.3,15842,F1,1,,,,,
2026-08-18,2026-08-18,CM,NSE,STK,9902,INE02EZ01022,AXITA,EQ,,,,,AXITA COTTON LIMITED,7.34,7.39,7.25,7.29,7.33,7.25,,7.29,,,320267,2347445.05,818,F1,1,,,,,
2026-08-18,2026-08-18,CM,NSE,STK,764613,INE767C01012,AXTEL,EQ,,,,,AXTEL INDUSTRIES LTD.,413.15,419.95,410.0,415.3,415.85,418.0,,413.98,,,899,371433.55,162,F1,1,,,,,
2026-08-18,2026-08-18,CM,NSE,STK,760981,INE501X01029,AYE,EQ,,,,,AYE FINANCE LIMITED,170.0,172.89,166.55,171.8,171.99,169.77,,171.79,,,616285,104097768.97,6009,F1,1,,,,,
2026-08-18,2026-08-18,CM,NSE,STK,10285,INE193B01039,AYMSYNTEX,EQ,,,,,AYM SYNTEX LIMITED,272.25,277.45,269.05,270.9,273.0,271.9,,271.06,,,26598,7255474.8,1067,F1,1,,,,,
2026-08-18,2026-08-18,CM,NSE,STK,20905,INE02IJ01035,AZAD,EQ,,,,,AZAD ENGINEERING LIMITED,2885.0,2889.0,2787.4,2858.9,2874.0,2899.9,,2858.96,,,773291,2199285638.5,44698,F1,1,,,,,
2026-08-18,2026-08-18,CM,NSE,STK,765035,INE566M01017,AZADIND,EQ,,,,,AZAD INDIA MOBILITY LTD.,96.0,96.0,90.05,90.93,91.7,91.48,,91.16,,,44603,4095080.78,580,F1,1,,,,,
2026-08-18,2026-08-18,CM,NSE,STK,762616,INE489D01011,BNALTD,BE,,,,,B & A LTD.,401.1,401.1,385.3,401.0,401.0,382.0,,401.0,,,469,183500.4,8,F1,1,,,,,
2026-08-18,2026-08-18,CM,NSE,STK,12153,INE01EE01011,BBTCL,EQ,,,,,B&B TRIPLEWALL CONT LTD,242.99,242.99,235.49,238.82,238.85,233.35,,238.82,,,8402,2000895.88,300,F1,1,,,,,
2026-08-18,2026-08-18,CM,NSE,STK,11226,INE116D01028,BAGFILMS,EQ,,,,,B.A.G FILMS AND MEDIA LTD,4.52,4.52,4.4,4.43,4.48,4.46,,4.43,,,71607,317582.33,160,F1,1,,,,,
2026-08-18,2026-08-18,CM,NSE,STK,13290,INE350H01032,BLKASHYAP,EQ,,,,,B.L.KASHYAP & SON LTD,53.47,53.47,52.1,52.36,52.57,53.73,,52.38,,,188183,9874182.69,1177,F1,1,,,,,
2026-08-18,2026-08-18,CM,NSE,STK,25114,INE01FR01028,STYLEBAAZA,EQ,,,,,BAAZAR STYLE RETAIL LTD,402.65,402.65,400.0,402.65,402.65,383.5,,402.94,,,4855079,1952276328.1,11026,F1,1,,,,,
2026-08-18,2026-08-18,CM,NSE,STK,20141,INE0QW501012,BABAFP,SM,,,,,BABA FOOD PROCESSING,22.5,22.5,21.6,22.1,22.1,22.2,,22.1,,,8000,176320.0,5,F1,1600,,,,,
2026-08-18,2026-08-18,CM,NSE,STK,17735,INE878I01022,BAFNAPH,BE,,,,,BAFNA PHARMACEUTICALS LTD,247.5,248.0,247.5,247.5,247.5,252.55,,249.8,,,5177,1283015.0,59,F1,1,,,,,
2026-08-18,2026-08-18,CM,NSE,STK,763363,INE2OVN25015,BAGMANE,RR,,,,,BAGMANE PRIME OFFICE REIT,108.2,108.2,106.15,106.65,106.77,107.45,,106.65,,,321382,34271021.33,12078,F1,1,,,,,
2026-08-18,2026-08-18,CM,NSE,STK,12989,INE029Q01017,BAHETI,SM,,,,,BAHETI RECYCLING IND LTD,794.0,794.9,780.0,780.0,780.0,789.0,,780.0,,,25125,19842825.0,36,F1,375,,,,,
2026-08-18,2026-08-18,CM,NSE,STK,13794,INE020D01022,BAIDFIN,EQ,,,,,BAID FINSERV LIMITED,9.6,9.8,9.46,9.74,9.76,9.6,,9.74,,,40417,389617.94,248,F1,1,,,,,
2026-08-18,2026-08-18,CM,NSE,STK,16669,INE917I01010,BAJAJ-AUTO,EQ,,,,,BAJAJ AUTO LIMITED,11700.0,11768.0,11581.0,11607.0,11607.0,11663.0,,11606.9,,,237816,2776294239.0,29772,F1,1,,,,,
2026-08-18,2026-08-18,CM,NSE,STK,19531,INE933K01021,BAJAJCON,EQ,,,,,BAJAJ CONSUMER CARE LTD,480.0,495.0,476.2,484.05,483.4,481.4,,484.03,,,690508,334214061.25,23999,F1,1,,,,,
2026-08-18,2026-08-18,CM,NSE,STK,15034,INE193E01025,BAJAJELEC,EQ,,,,,BAJAJ ELECT.LTD,357.0,369.7,354.65,355.55,355.85,357.45,,355.54,,,329572,118518400.6,10070,F1,1,,,,,
2026-08-18,2026-08-18,CM,NSE,STK,317,INE296A01032,BAJFINANCE,EQ,,,,,BAJAJ FINANCE LIMITED,1088.6,1100.0,1087.6,1094.3,1094.3,1089.3,,1094.3,,,3374018,3694043121.6,94399,F1,1,,,,,
2026-08-18,2026-08-18,CM,NSE,STK,16675,INE918I01026,BAJAJFINSV,EQ,,,,,BAJAJ FINSERV LTD.,1998.4,2018.8,1998.0,2011.2,2011.2,2005.0,,2011.2,,,413236,830685054.3,34985,F1,1,,,,,
2026-08-18,2026-08-18,CM,NSE,STK,6863,INE411U01027,BAJAJHCARE,EQ,,,,,BAJAJ HEALTHCARE LIMITED,325.65,325.65,320.95,322.25,323.0,323.05,,322.25,,,59116,19097010.15,2089,F1,1,,,,,
2026-08-18,2026-08-18,CM,NSE,STK,308,INE306A01021,BAJAJHIND,EQ,,,,,BAJAJ HINDUSTHAN SUGAR LT,18.05,19.27,17.93,18.6,18.59,17.93,,18.6,,,35179356,659492676.23,96830,F1,1,,,,,
2026-08-18,2026-08-18,CM,NSE,STK,305,INE118A01012,BAJAJHLDNG,EQ,,,,,BAJAJ HOLDINGS & INVS LTD,11379.0,11435.0,11211.0,11254.0,11254.0,11379.0,,11254.0,,,21569,243618549.0,4950,F1,1,,,,,
2026-08-18,2026-08-18,CM,NSE,STK,25270,INE377Y01014,BAJAJHFL,EQ,,,,,BAJAJ HOUSING FINANCE LTD,84.58,84.9,84.07,84.36,84.26,84.0,,84.34,,,1890650,159657137.44,18337,F1,1,,,,,
2026-08-18,2026-08-18,CM,NSE,STK,762563,INE704G01024,BAJAJST,EQ,,,,,BAJAJ STEEL INDS. LTD.,369.9,369.9,354.4,359.5,358.35,358.3,,359.58,,,10924,3918597.7,769,F1,1,,,,,
2026-08-18,2026-08-18,CM,NSE,STK,20531,INE0KQN01018,BAJEL,EQ,,,,,BAJEL PROJECTS LIMITED,186.0,187.19,182.9,183.22,183.0,185.87,,183.23,,,95319,17578456.24,2287,F1,1,,,,,
2026-08-18,2026-08-18,CM,NSE,STK,13441,INE083D01012,BALPHARMA,EQ,,,,,BAL PHARMA LTD.,85.0,85.95,84.96,85.29,85.5,85.0,,85.29,,,7564,645385.41,367,F1,1,,,,,
2026-08-18,2026-08-18,CM,NSE,STK,14501,INE050E01027,BALAMINES,EQ,,,,,BALAJI AMINES LIMITED,2137.5,2146.8,2084.8,2103.7,2104.0,2125.2,,2103.86,,,71077,150239987.9,9075,F1,1,,,,,
2026-08-18,2026-08-18,CM,NSE,STK,9158,INE794B01026,BALAJITELE,EQ,,,,,BALAJI TELEFILMS LIMITED.,92.2,93.35,91.21,92.79,92.63,92.72,,92.77,,,108093,9967215.2,1028,F1,1,,,,,
2026-08-18,2026-08-18,CM,NSE,STK,11309,INE618N01022,BALAXI,EQ,,,,,BALAXI PHARMA LTD,24.21,24.25,23.7,23.72,23.7,24.21,,23.72,,,27297,654858.06,122,F1,1,,,,,
2026-08-18,2026-08-18,CM,NSE,STK,335,INE787D01026,BALKRISIND,EQ,,,,,BALKRISHNA IND. LTD,2400.0,2413.0,2372.0,2376.7,2384.8,2407.2,,2376.67,,,54929,131044891.2,9088,F1,1,,,,,
2026-08-18,2026-08-18,CM,NSE,STK,10181,INE875R01011,BALKRISHNA,EQ,,,,,BALKRISHNA PAPER MILLS L,17.31,18.0,17.27,17.56,17.56,17.45,,17.56,,,14136,252520.36,45,F1,1,,,,,
2026-08-18,2026-08-18,CM,NSE,STK,338,INE164A01016,BALMLAWRIE,EQ,,,,,BALMER LAWRIE & CO LTD,174.5,176.4,174.0,174.72,174.6,174.59,,174.72,,,81494,14268536.39,2110,F1,1,,,,,
2026-08-18,2026-08-18,CM,NSE,STK,762603,INE525F01025,BLIL,EQ,,,,,BALMER LAWRIE INVSTS. L,71.2,71.38,70.72,71.3,71.3,70.59,,71.31,,,45096,3209411.48,779,F1,1,,,,,
2026-08-18,2026-08-18,CM,NSE,STK,341,INE119A01028,BALRAMCHIN,EQ,,,,,BALRAMPUR CHINI MILLS LTD,657.7,669.4,650.5,653.25,654.65,655.75,,653.15,,,1122218,739985612.1,34788,F1,1,,,,,
2026-08-18,2026-08-18,CM,NSE,STK,23607,INE011E01029,BALUFORGE,EQ,,,,,BALU FORGE INDUSTRIES LTD,512.35,549.7,508.0,542.55,541.2,513.35,,542.51,,,4047514,2176286223.35,76472,F1,1,,,,,
2026-08-18,2026-08-18,CM,NSE,STK,347,INE655B01011,BANARBEADS,EQ,,,,,BANARAS BEADS LTD,111.75,114.5,111.75,113.4,113.12,111.74,,113.29,,,3899,442205.21,178,F1,1,,,,,
2026-08-18,2026-08-18,CM,NSE,STK,13880,INE213C01025,BANCOINDIA,EQ,,,,,BANCO PRODUCTS (I) LTD,611.95,633.8,611.95,628.55,628.85,611.15,,628.6,,,219443,137299948.4,11898,F1,1,,,,,
2026-08-18,2026-08-18,CM,NSE,STK,2263,INE545U01014,BANDHANBNK,EQ,,,,,BANDHAN BANK LIMITED,173.25,174.0,170.21,170.5,170.5,173.25,,170.5,,,4548748,780240430.29,51999,F1,1,,,,,
2026-08-18,2026-08-18,CM,NSE,STK,760325,INF194KB1KJ7,GOLDBND,EQ,,,,,BANDHANAMC - GOLDBND,152.21,153.9,151.81,152.8,152.4,152.83,,152.8,,,36440,5565997.48,218,F1,1,,,,,
2026-08-18,2026-08-18,CM,NSE,STK,18783,INF194KA1U07,IDFNIFTYET,EQ,,,,,BANDHANAMC - IDFNIFTYET,272.0,273.9,266.0,267.14,266.0,271.61,,267.14,,,1658,444585.77,96,F1,1,,,,,
2026-08-18,2026-08-18,CM,NSE,STK,760328,INF194KB1KI9,SILVERBND,EQ,,,,,BANDHANAMC - SILVERBND,237.15,237.15,232.0,232.51,232.0,234.8,,232.51,,,12906,3002009.38,153,F1,1,,,,,
2026-08-18,2026-08-18,CM,NSE,STK,15303,INE863I01016,BANG,EQ,,,,,BANG OVERSEAS LTD.,28.41,29.74,28.22,28.86,28.99,28.8,,28.86,,,12588,361604.87,67,F1,1,,,,,
2026-08-18,2026-08-18,CM,NSE,STK,4668,INE028A01039,BANKBARODA,EQ,,,,,BANK OF BARODA,245.42,247.28,243.9,244.0,244.0,246.55,,244.0,,,3521816,863344738.46,41775,F1,1,,,,,
2026-08-18,2026-08-18,CM,NSE,STK,4745,INE084A01016,BANKINDIA,EQ,,,,,BANK OF INDIA,143.0,144.42,142.1,142.1,142.1,143.75,,142.11,,,2382166,340396801.0,23620,F1,1,,,,,
2026-08-18,2026-08-18,CM,NSE,STK,11377,INE457A01014,MAHABANK,EQ,,,,,BANK OF MAHARASHTRA,81.1,82.13,80.21,80.49,80.41,81.1,,80.49,,,8400426,680062057.44,37214,F1,1,,,,,
2026-08-18,2026-08-18,CM,NSE,STK,822,INE862Y01015,BANKA,EQ,,,,,BANKA BIOLOO LIMITED,75.25,82.59,74.73,80.59,82.59,78.66,,80.59,,,10584,844812.51,101,F1,1,,,,,
2026-08-18,2026-08-18,CM,NSE,STK,12037,INE186H01022,BASML,BE,,,,,BANNARI AM SPIN MILL LTD.,24.4,25.57,24.15,25.12,24.77,24.38,,25.09,,,65514,1637038.36,170,F1,1,,,,,
2026-08-18,2026-08-18,CM,NSE,STK,350,INE459A01010,BANARISUG,EQ,,,,,BANNARI AMMAN SUGARS LTD,3469.8,3565.0,3469.8,3543.9,3565.0,3469.8,,3543.9,,,1129,3970508.2,118,F1,1,,,,,
2026-08-18,2026-08-18,CM,NSE,STK,24386,INE0B9K01025,BANSALWIRE,EQ,,,,,BANSAL WIRE INDUSTRIES L,326.75,326.75,317.65,321.0,321.5,323.75,,320.99,,,83094,26630826.25,3819,F1,1,,,,,
2026-08-18,2026-08-18,CM,NSE,STK,14511,INE629D01020,BANSWRAS,EQ,,,,,BANSWARA SYNTEX LIMITED,116.4,118.0,114.34,116.01,115.65,115.47,,116.01,,,20758,2410079.79,677,F1,1,,,,,
2026-08-18,2026-08-18,CM,NSE,STK,15073,INE139I01011,BVCL,EQ,,,,,BARAK VALLEY CEM. LTD.,40.5,40.88,40.1,40.34,40.2,40.53,,40.37,,,15824,638869.7,107,F1,1,,,,,
2026-08-18,2026-08-18,CM,NSE,STK,29176,INE0QX401014,BARFLEX,SM,,,,,BARFLEX POLYFILMS LIMITED,60.0,60.0,57.25,59.1,60.0,60.0,,59.1,,,10000,589000.0,5,F1,2000,,,,,
2026-08-18,2026-08-18,CM,NSE,STK,24117,INF251K01TL6,BBNPNBETF,EQ,,,,,BARODABNP - BBNPNBETF,58.07,58.07,57.65,57.78,57.78,58.07,,57.78,,,537,30973.04,14,F1,1,,,,,
2026-08-18,2026-08-18,CM,NSE,STK,20547,INF251K01SU9,BBNPPGOLD,EQ,,,,,BARODABNP - BBNPPGOLD,147.8,148.35,147.55,147.65,147.7,147.8,,147.65,,,1334,197562.65,50,F1,1,,,,,
2026-08-18,2026-08-18,CM,NSE,STK,368,INE373A01013,BASF,EQ,,,,,BASF INDIA LTD,4049.3,4086.1,3968.9,3979.8,3991.6,4041.2,,3979.87,,,30791,123181926.1,6247,F1,1,,,,,
2026-08-18,2026-08-18,CM,NSE,STK,18442,INE0OCC01013,BASILIC,SM,,,,,BASILIC FLY STUDIO LTD,165.0,187.85,165.0,183.1,181.0,171.45,,183.1,,,49800,8940825.0,129,F1,300,,,,,
2026-08-18,2026-08-18,CM,NSE,STK,371,INE176A01028,BATAINDIA,EQ,,,,,BATA INDIA LTD,755.0,758.0,747.8,753.1,751.0,758.1,,753.07,,,592566,446302878.2,15596,F1,1,,,,,
2026-08-18,2026-08-18,CM,NSE,STK,762568,INE177C01022,BATLIBOI,EQ,,,,,BATLIBOI LTD.,88.05,88.49,85.41,85.85,85.7,87.85,,85.85,,,28615,2476750.89,1280,F1,1,,,,,
2026-08-18,2026-08-18,CM,NSE,STK,22574,INE0JFJ01011,BAWEJA,ST,,,,,BAWEJA STUDIOS LIMITED,24.5,25.0,23.3,23.3,23.3,24.5,,23.3,,,24000,571760.0,21,F1,800,,,,,
2026-08-18,2026-08-18,CM,NSE,STK,17927,INE462A01022,BAYERCROP,EQ,,,,,BAYER CROPSCIENCE LTD,4128.0,4128.0,4060.0,4105.7,4107.7,4099.2,,4105.7,,,22696,92895723.5,4607,F1,1,,,,,
2026-08-18,2026-08-18,CM,NSE,STK,2513,INE412G01024,BCLIND,EQ,,,,,BCL INDUSTRIES LIMITED,36.38,37.25,36.11,36.27,36.12,36.36,,36.26,,,569274,20836208.31,3449,F1,1,,,,,
2026-08-18,2026-08-18,CM,NSE,STK,761494,INE00SW01015,BCPL,EQ,,,,,BCPL RAILWAY INFRA LTD,74.5,74.5,69.0,70.79,70.95,73.35,,70.72,,,19626,1379242.0,456,F1,1,,,,,
2026-08-18,2026-08-18,CM,NSE,STK,23922,INE639X01027,BEACON,SM,,,,,BEACON TRUSTEESHIP LTD,88.95,88.95,85.0,86.95,86.95,88.0,,86.95,,,32000,2740400.0,32,F1,1000,,,,,
2026-08-18,2026-08-18,CM,NSE,STK,17933,INE520H01022,BEARDSELL,EQ,,,,,BEARDSELL LIMITED,24.41,25.98,24.4,24.6,24.65,24.87,,24.6,,,16682,415142.78,172,F1,1,,,,,
2026-08-18,2026-08-18,CM,NSE,STK,20196,INE844K01012,BEDMUTHA,EQ,,,,,BEDMUTHA INDUST LTD,109.9,115.7,109.84,114.72,114.84,109.11,,114.72,,,1711,194258.6,44,F1,1,,,,,
2026-08-18,2026-08-18,CM,NSE,STK,762573,INE213D01015,BEEKAY,EQ,,,,,BEEKAY STEEL INDS. LTD.,433.95,433.95,422.05,424.05,424.1,431.15,,424.33,,,1239,526830.0,46,F1,1,,,,,
2026-08-18,2026-08-18,CM,NSE,STK,757938,INE344T01014,BELLACASA,EQ,,,,,BELLA CASA FASH AND RET L,226.73,231.5,222.1,223.29,222.7,222.69,,223.2,,,23494,5324614.07,1406,F1,1,,,,,
2026-08-18,2026-08-18,CM,NSE,STK,757102,INE894V01022,BELRISE,EQ,,,,,BELRISE INDUSTRIES LTD,237.0,238.7,232.25,236.73,236.8,236.09,,236.73,,,5153065,1211947921.77,54790,F1,1,,,,,
2026-08-18,2026-08-18,CM,NSE,STK,15067,INE0N7W01012,BLAL,EQ,,,,,BEML LAND ASSETS LIMITED,170.91,171.48,169.1,170.71,171.48,169.43,,170.65,,,13496,2297005.53,250,F1,1,,,,,
2026-08-18,2026-08-18,CM,NSE,STK,395,INE258A01024,BEML,EQ,,,,,BEML LIMITED,1904.0,1975.0,1895.3,1965.5,1961.1,1908.5,,1965.47,,,723941,1411900040.0,38082,F1,1,,,,,
2026-08-18,2026-08-18,CM,NSE,STK,764618,INE664D01019,BENARAS,EQ,,,,,BENARES HOTELS LTD.,10190.0,10300.0,10100.0,10205.0,10200.0,10178.0,,10205.0,,,50,510122.0,13,F1,1,,,,,
2026-08-18,2026-08-18,CM,NSE,STK,762578,INE083K01017,BENGALASM,EQ,,,,,BENGAL & ASSAM CO. LTD.,6234.5,6333.5,6234.5,6246.0,6246.0,6234.5,,6246.0,,,91,569234.5,23,F1,1,,,,,
2026-08-18,2026-08-18,CM,NSE,STK,404,INE463A01038,BERGEPAINT,EQ,,,,,BERGER PAINTS (I) LTD,549.0,549.6,537.3,541.2,537.65,549.35,,541.19,,,243429,132368763.65,28067,F1,1,,,,,
2026-08-18,2026-08-18,CM,NSE,STK,2306,INE052T01021,BESTAGRO,EQ,,,,,BEST AGROLIFE LIMITED,19.0,19.08,18.1,18.47,18.59,18.88,,18.47,,,657252,12242750.43,1996,F1,1,,,,,
2026-08-18,2026-08-18,CM,NSE,STK,759842,INE351Y01019,BETA,EQ,,,,,BETA DRUGS LIMITED,2435.0,2519.9,2326.2,2355.0,2380.8,2432.9,,2355.0,,,51810,124114547.9,7404,F1,1,,,,,
2026-08-18,2026-08-18,CM,NSE,STK,5662,INE0HQI01014,BEWLTD,SM,,,,,BEW ENGINEERING LIMITED,51.0,53.0,50.5,50.95,51.0,51.4,,50.95,,,11000,564875.0,21,F1,500,,,,,
2026-08-18,2026-08-18,CM,NSE,STK,21113,INE878K01010,BFINVEST,EQ,,,,,BF INVESTMENT LIMITED,462.8,466.95,455.7,460.7,458.15,464.3,,460.8,,,21544,9915428.55,1344,F1,1,,,,,
2026-08-18,2026-08-18,CM,NSE,STK,14567,INE243D01012,BFUTILITIE,EQ,,,,,BF UTILITIES LIMITED,542.15,552.7,531.2,533.2,532.0,545.65,,533.15,,,26107,14024548.25,1551,F1,1,,,,,
2026-08-18,2026-08-18,CM,NSE,STK,764183,INF0QA701CI0,BANK10BETF,EQ,,,,,BFAM - BANK10BETF,20.97,20.99,20.75,20.79,20.95,20.97,,20.79,,,898,18728.7,10,F1,1,,,,,
2026-08-18,2026-08-18,CM,NSE,STK,21986,INF0QA701714,BANKBETF,EQ,,,,,BFAM - BANKBETF,58.72,58.72,58.16,58.39,58.25,58.76,,58.34,,,41255,2412165.88,173,F1,1,,,,,
2026-08-18,2026-08-18,CM,NSE,STK,23915,INF0QA701854,LIQUIDBETF,EQ,,,,,BFAM - LIQUIDBETF,1095.04,1095.06,1095.04,1095.05,1095.06,1094.92,,1095.05,,,142007,155505047.8,182,F1,1,,,,,
2026-08-18,2026-08-18,CM,NSE,STK,21959,INF0QA701722,NIFTYBETF,EQ,,,,,BFAM - NIFTYBETF,250.75,250.75,249.0,249.58,249.0,250.75,,249.58,,,778,194219.27,69,F1,1,,,,,
2026-08-18,2026-08-18,CM,NSE,STK,15193,INE661I01014,BGRENERGY,BE,,,,,BGR ENERGY SYSTEMS LTD,251.2,255.0,239.9,244.15,243.0,251.2,,244.27,,,43964,10733986.0,876,F1,1,,,,,
2026-08-18,2026-08-18,CM,NSE,STK,758228,INE0ZRC01017,BHADORA,ST,,,,,BHADORA INDUSTRIES LTD,106.0,107.1,104.0,107.1,107.1,102.0,,107.1,,,48000,5107500.0,32,F1,1200,,,,,
2026-08-18,2026-08-18,CM,NSE,STK,13427,INE354C01027,BHAGERIA,BE,,,,,BHAGERIA INDUSTRIES LTD,205.5,205.5,201.0,203.26,203.5,202.08,,202.92,,,9489,1927127.15,136,F1,1,,,,,
2026-08-18,2026-08-18,CM,NSE,STK,6164,INE414D01027,BHAGCHEM,EQ,,,,,BHAGIRADHA CHEM & INDS L,284.9,299.0,284.9,287.35,286.0,288.75,,287.35,,,275498,79863742.05,3654,F1,1,,,,,
2026-08-18,2026-08-18,CM,NSE,STK,20776,INE458B01036,BHAGYANGR,EQ,,,,,BHAGYANAGAR INDIA LIMITED,388.0,401.6,376.05,401.05,401.6,382.5,,401.05,,,553306,220071015.45,7149,F1,1,,,,,
2026-08-18,2026-08-18,CM,NSE,STK,19556,INE474E01029,BHANDARI,EQ,,,,,BHANDARI HOSIERY EXP LTD,3.03,3.13,3.02,3.05,3.06,3.03,,3.05,,,247615,758642.92,357,F1,1,,,,,
2026-08-18,2026-08-18,CM,NSE,STK,419,INE922A01025,BEPL,EQ,,,,,BHANSALI ENG. POLYMERS LT,123.0,124.48,121.2,122.17,121.6,122.89,,122.2,,,586505,71818031.46,5871,F1,1,,,,,
2026-08-18,2026-08-18,CM,NSE,STK,13761,INE464A01036,BBL,EQ,,,,,BHARAT BIJLEE LTD,2309.9,2360.0,2282.5,2339.8,2336.0,2298.5,,2339.64,,,29027,67295394.4,3804,F1,1,,,,,
2026-08-18,2026-08-18,CM,NSE,STK,760726,INE05XR01022,BHARATCOAL,EQ,,,,,BHARAT COKING COAL LTD,33.49,33.79,33.11,33.24,33.23,33.33,,33.24,,,3522388,117573384.43,11514,F1,1,,,,,
2026-08-18,2026-08-18,CM,NSE,STK,2144,INE171Z01026,BDL,EQ,,,,,BHARAT DYNAMICS LIMITED,1380.0,1401.5,1354.5,1393.0,1393.0,1380.0,,1392.97,,,2608024,3599508806.2,71638,F1,1,,,,,
2026-08-18,2026-08-18,CM,NSE,STK,383,INE263A01024,BEL,EQ,,,,,BHARAT ELECTRONICS LTD,412.7,416.35,410.95,412.0,412.0,412.45,,412.0,,,9120934,3767827906.1,98469,F1,1,,,,,
2026-08-18,2026-08-18,CM,NSE,STK,422,INE465A01025,BHARATFORG,EQ,,,,,BHARAT FORGE LTD,2089.9,2098.9,2064.0,2098.9,2098.9,2093.0,,2098.86,,,771575,1609906533.6,19570,F1,1,,,,,
2026-08-18,2026-08-18,CM,NSE,STK,9397,INE561C01019,BHARATGEAR,BE,,,,,BHARAT GEARS LTD,102.0,102.49,101.0,102.0,101.97,102.03,,102.0,,,7269,738785.9,96,F1,1,,,,,
2026-08-18,2026-08-18,CM,NSE,STK,764623,INE365Y01019,BPLPHARMA,EQ,,,,,BHARAT PARENTERALS LTD.,1553.9,1553.9,1201.1,1264.8,1252.0,1307.0,,1276.9,,,290,382034.5,69,F1,1,,,,,
2026-08-18,2026-08-18,CM,NSE,STK,526,INE029A01011,BPCL,EQ,,,,,BHARAT PETROLEUM CORP  LT,315.3,317.15,310.3,310.3,310.3,316.65,,310.31,,,5279469,1660255307.8,39765,F1,1,,,,,
2026-08-18,2026-08-18,CM,NSE,STK,3834,INE838B01021,BHARATRAS,EQ,,,,,BHARAT RASAYAN LTD,1307.0,1307.0,1252.1,1277.8,1275.2,1301.0,,1277.84,,,11204,14344148.2,1766,F1,1,,,,,
2026-08-18,2026-08-18,CM,NSE,STK,21683,INE727S01012,BRNL,EQ,,,,,BHARAT ROAD NETWORK LTD,17.96,17.96,17.29,17.33,17.35,17.45,,17.33,,,19355,337045.68,367,F1,1,,,,,
2026-08-18,2026-08-18,CM,NSE,STK,30244,INE415D01024,BHARATSE,EQ,,,,,BHARAT SEATS LIMITED,240.35,248.7,239.03,240.91,241.49,238.44,,240.93,,,309618,75533687.84,8348,F1,1,,,,,
2026-08-18,2026-08-18,CM,NSE,STK,16123,INE316L01019,BHARATWIRE,EQ,,,,,BHARAT WIRE ROPES LTD.,192.9,194.79,186.4,189.26,189.0,192.92,,189.24,,,129081,24437837.68,4474,F1,1,,,,,
2026-08-18,2026-08-18,CM,NSE,STK,10604,INE397D01024,BHARTIARTL,EQ,,,,,BHARTI AIRTEL LIMITED,1956.7,1959.7,1923.2,1934.2,1934.2,1969.3,,1934.2,,,6710275,13046360028.2,242801,F1,1,,,,,
2026-08-18,2026-08-18,CM,NSE,STK,23489,INE343G01021,BHARTIHEXA,EQ,,,,,BHARTI HEXACOM LIMITED,1634.0,1634.0,1595.0,1600.4,1596.0,1641.0,,1600.42,,,104526,168095172.1,13675,F1,1,,,,,
2026-08-18,2026-08-18,CM,NSE,STK,7848,INE828A01016,BIL,EQ,,,,,BHARTIYA INTERNATIONAL,860.0,860.0,830.1,831.25,830.1,854.9,,831.25,,,11046,9214418.7,306,F1,1,,,,,
2026-08-18,2026-08-18,CM,NSE,STK,438,INE257A01026,BHEL,EQ,,,,,BHEL,434.0,434.15,423.5,425.0,425.0,435.95,,425.0,,,7418846,3176548240.3,67764,F1,1,,,,,
2026-08-18,2026-08-18,CM,NSE,STK,762621,INE274K01012,BTTL,BE,,,,,BHILWARA TECHNICAL TEXT L,43.06,44.69,43.06,44.36,44.4,43.97,,44.36,,,1614,70828.21,23,F1,1,,,,,
2026-08-18,2026-08-18,CM,NSE,STK,18431,INE412U01025,BIGBLOC,EQ,,,,,BIGBLOC CONSTRUCTION LTD,45.5,45.5,43.8,44.02,43.81,44.33,,44.02,,,37465,1656532.54,530,F1,1,,,,,
2026-08-18,2026-08-18,CM,NSE,STK,11966,INE00E101023,BIKAJI,EQ,,,,,BIKAJI FOODS INTERN LTD,613.0,615.8,608.0,608.65,608.5,613.65,,608.67,,,36824,22491279.2,4467,F1,1,,,,,
2026-08-18,2026-08-18,CM,NSE,STK,25527,INE0SQH01013,BIKEWO,ST,,,,,BIKEWO GREEN TECH LIMITED,110.3,110.3,110.3,110.3,110.3,105.05,,110.3,,,58000,6397400.0,25,F1,2000,,,,,
2026-08-18,2026-08-18,CM,NSE,STK,13622,INE071A01013,BILVYAPAR,BE,,,,,BIL VYAPAR LIMITED,4.1,4.28,4.1,4.1,4.1,4.09,,4.1,,,2294,9601.84,23,F1,1,,,,,
2026-08-18,2026-08-18,CM,NSE,STK,762583,INE986A01012,BI,EQ,,,,,BILCARE LTD.,94.0,101.38,92.17,101.38,101.38,92.17,,101.64,,,523283,52258117.02,3117,F1,1,,,,,
2026-08-18,2026-08-18,CM,NSE,STK,759806,INE0HOQ01053,GROWW,EQ,,,,,BILLIONBRAINS GARAGE VN L,198.11,198.25,190.86,193.81,193.58,198.69,,193.8,,,57106951,11052574417.15,179565,F1,1,,,,,
2026-08-18,2026-08-18,CM,NSE,STK,762588,INE469A01019,BIMETAL,EQ,,,,,BIMETAL BEARINGS LTD.,613.5,640.0,613.0,632.85,638.8,620.0,,632.85,,,108,67219.95,22,F1,1,,,,,
2026-08-18,2026-08-18,CM,NSE,STK,763598,INE1BKA01015,BMLL,SM,,,,,BIO MEDICA LABORATORIES L,149.15,163.05,149.15,154.9,158.25,147.0,,154.9,,,292000,45377150.0,106,F1,1000,,,,,
2026-08-18,2026-08-18,CM,NSE,STK,11373,INE376G01013,BIOCON,EQ,,,,,BIOCON LIMITED.,413.5,421.6,412.2,417.5,417.5,412.0,,417.5,,,2691030,1126747743.65,52525,F1,1,,,,,
2026-08-18,2026-08-18,CM,NSE,STK,4136,INE829A01014,BIOFILCHEM,EQ,,,,,BIOFIL CHEM & PHARMA LTD,31.73,32.3,31.55,31.64,31.99,31.73,,31.64,,,1870,59325.87,54,F1,1,,,,,
2026-08-18,2026-08-18,CM,NSE,STK,760942,INE0XW001014,BIOPOL,SM,,,,,BIOPOL CHEMICALS LIMITED,91.0,99.95,91.0,99.7,99.9,90.45,,99.7,,,84000,8149500.0,49,F1,1200,,,,,
2026-08-18,2026-08-18,CM,NSE,STK,6815,INE800A01015,BIRLACABLE,BE,,,,,BIRLA CABLE LIMITED,278.0,293.09,267.05,293.09,293.09,279.14,,293.09,,,162560,46501080.05,1795,F1,1,,,,,
2026-08-18,2026-08-18,CM,NSE,STK,480,INE340A01012,BIRLACORPN,EQ,,,,,BIRLA CORPORATION LTD,893.0,904.75,893.0,895.55,894.0,901.8,,895.36,,,27219,24400742.8,3067,F1,1,,,,,
2026-08-18,2026-08-18,CM,NSE,STK,762593,INE372E01025,BIRLAPREC,EQ,,,,,BIRLA PRECISION TECH L,37.67,37.67,35.92,36.49,36.68,35.91,,36.49,,,10673,388704.92,92,F1,1,,,,,
2026-08-18,2026-08-18,CM,NSE,STK,1455,INE557A01011,BIRLANU,EQ,,,,,BIRLANU LIMITED,1550.0,1600.0,1540.0,1588.8,1582.0,1551.8,,1588.73,,,11753,18487731.7,1915,F1,1,,,,,
2026-08-18,2026-08-18,CM,NSE,STK,24404,INF209KC1134,ABGSEC,EQ,,,,,BIRLASLAMC - ABGSEC,115.63,115.63,114.64,115.3,115.3,115.07,,115.3,,,213,24571.4,11,F1,1,,,,,
2026-08-18,2026-08-18,CM,NSE,STK,760247,INF209KC1670,ABSL10BANK,EQ,,,,,BIRLASLAMC - ABSL10BANK,168.73,169.75,168.48,169.23,169.75,169.69,,169.23,,,1546,260928.94,23,F1,1,,,,,
2026-08-18,2026-08-18,CM,NSE,STK,13987,INF209KB17D5,ABSLBANETF,EQ,,,,,BIRLASLAMC - ABSLBANETF,59.65,59.65,58.77,59.1,59.0,59.27,,59.1,,,41503,2445937.22,236,F1,1,,,,,
2026-08-18,2026-08-18,CM,NSE,STK,14518,INF209KB18T9,ABSLLIQUID,EQ,,,,,BIRLASLAMC - ABSLLIQUID,1000.0,1000.01,999.99,999.99,1000.0,1000.0,,999.99,,,1037,1036999.65,12,F1,1,,,,,
2026-08-18,2026-08-18,CM,NSE,STK,761066,INF209KC1662,ABSLMSCIN,EQ,,,,,BIRLASLAMC - ABSLMSCIN,29.7,29.87,29.7,29.76,29.76,29.89,,29.76,,,858,25522.14,6,F1,1,,,,,
2026-08-18,2026-08-18,CM,NSE,STK,7339,INF209KB16D7,ABSLNN50ET,EQ,,,,,BIRLASLAMC - ABSLNN50ET,78.38,78.67,78.31,78.32,78.38,78.38,,78.33,,,7571,594245.17,169,F1,1,,,,,
2026-08-18,2026-08-18,CM,NSE,STK,5957,INF209KB10E8,BSLSENETFG,EQ,,,,,BIRLASLAMC - BSLSENETFG,78.41,78.41,77.6,78.06,78.29,78.38,,78.06,,,12436,973456.41,63,F1,1,,,,,
2026-08-18,2026-08-18,CM,NSE,STK,6297,INF209KB10C2,HEALTHY,EQ,,,,,BIRLASLAMC - HEALTHY,17.19,17.19,16.9,16.95,16.99,16.99,,16.98,,,193066,3272016.52,915,F1,1,,,,,
2026-08-18,2026-08-18,CM,NSE,STK,10693,INF209KB14K7,MOMENTUM,EQ,,,,,BIRLASLAMC - MOMENTUM,31.57,31.59,31.42,31.47,31.52,31.57,,31.47,,,18991,598012.51,160,F1,1,,,,,
2026-08-18,2026-08-18,CM,NSE,STK,10690,INF209KB15K4,NIFTYQLITY,EQ,,,,,BIRLASLAMC - NIFTYQLITY,21.86,21.86,21.6,21.68,21.71,21.86,,21.68,,,22776,492823.87,219,F1,1,,,,,
2026-08-18,2026-08-18,CM,NSE,STK,8003,INF209KB19F6,SILVER,EQ,,,,,BIRLASLAMC - SILVER,235.0,235.0,231.0,231.48,231.58,233.39,,231.48,,,508908,117908475.39,5263,F1,1,,,,,
2026-08-18,2026-08-18,CM,NSE,STK,6462,INF209KB11D8,TECH,EQ,,,,,BIRLASLAMC - TECH,33.75,33.78,33.1,33.24,33.78,33.75,,33.29,,,31996,1063877.97,377,F1,1,,,,,
2026-08-18,2026-08-18,CM,NSE,STK,23806,INF209KB19Z4,ABSLPSE,EQ,,,,,BIRLASLAMC-ABSLPSE,10.41,10.41,10.13,10.21,10.28,10.28,,10.21,,,128769,1322093.55,333,F1,1,,,,,
2026-08-18,2026-08-18,CM,NSE,STK,6994,INE836A01035,BSOFT,EQ,,,,,BIRLASOFT LIMITED,310.85,311.2,304.5,305.55,305.95,310.8,,305.54,,,565208,173253667.1,14652,F1,1,,,,,
2026-08-18,2026-08-18,CM,NSE,STK,3435,INE676A01027,BBOX,EQ,,,,,BLACK BOX LIMITED,774.1,784.3,753.35,777.4,780.0,774.1,,777.44,,,372305,285453921.2,15854,F1,1,,,,,
2026-08-18,2026-08-18,CM,NSE,STK,762601,INE761G01016,BLACKROSE,BE,,,,,BLACK ROSE INDS. LTD.,106.9,109.49,103.0,108.9,108.0,105.13,,108.86,,,13281,1410420.44,146,F1,1,,,,,
2026-08-18,2026-08-18,CM,NSE,STK,27144,INE0UIZ01018,BLACKBUCK,EQ,,,,,BLACKBUCK LIMITED,567.5,591.6,564.0,588.8,590.5,569.5,,588.8,,,602531,351365614.85,27674,F1,1,,,,,
2026-08-18,2026-08-18,CM,NSE,STK,8132,INE791A01024,BLBLIMITED,EQ,,,,,BLB LIMITED,16.0,16.4,15.81,16.12,16.34,16.03,,16.18,,,102044,1635933.36,151,F1,1,,,,,
2026-08-18,2026-08-18,CM,NSE,STK,19269,INE416D01022,BLISSGVS,BE,,,,,BLISS GVS PHARMA LTD,519.0,546.5,501.25,546.5,546.5,520.5,,546.5,,,957967,518041843.65,5034,F1,1,,,,,
2026-08-18,2026-08-18,CM,NSE,STK,22566,INE0NLT01010,BLSE,EQ,,,,,BLS E-SERVICES LIMITED,310.95,313.3,310.0,310.6,310.0,310.8,,310.57,,,119023,37021451.35,2794,F1,1,,,,,
2026-08-18,2026-08-18,CM,NSE,STK,17279,INE153T01027,BLS,EQ,,,,,BLS INTL SERVS LTD,272.01,277.76,264.82,267.74,268.2,272.56,,267.73,,,1545928,418930066.75,23712,F1,1,,,,,
2026-08-18,2026-08-18,CM,NSE,STK,4681,INE657B01025,BLUECHIP,EQ,,,,,BLUE CHIP INDIA LIMITED,1.87,1.87,1.87,1.87,1.87,1.84,,1.91,,,3337,6240.19,18,F1,1,,,,,
2026-08-18,2026-08-18,CM,NSE,STK,765040,INE373T01047,BLUECLOUDS,EQ,,,,,BLUE CLOUD SOFTECH SOLU L,21.98,23.55,21.5,22.85,23.0,21.83,,22.84,,,4225295,96334274.57,7960,F1,1,,,,,
2026-08-18,2026-08-18,CM,NSE,STK,8552,INE472B01011,BLUECOAST,BE,,,,,BLUE COAST HOTELS LIMITED,24.0,24.99,22.82,23.19,24.5,24.0,,23.19,,,4350,101816.7,37,F1,1,,,,,
2026-08-18,2026-08-18,CM,NSE,STK,495,INE233B01017,BLUEDART,EQ,,,,,BLUE DART EXPRESS LTD,5100.0,5125.0,5070.0,5085.5,5080.0,5125.0,,5084.95,,,6205,31591141.5,1395,F1,1,,,,,
2026-08-18,2026-08-18,CM,NSE,STK,19686,INE0KBH01020,BLUEJET,EQ,,,,,BLUE JET HEALTHCARE LTD,589.95,612.95,589.15,607.25,605.2,593.2,,607.25,,,1660898,1006818626.8,37077,F1,1,,,,,
2026-08-18,2026-08-18,CM,NSE,STK,8311,INE472A01039,BLUESTARCO,EQ,,,,,BLUE STAR LIMITED,1520.5,1535.4,1490.0,1493.0,1493.0,1508.1,,1493.01,,,576843,866360944.9,27436,F1,1,,,,,
2026-08-18,2026-08-18,CM,NSE,STK,758185,INE0X3M01010,BLUEWATER,ST,,,,,BLUE WATER LOGISTICS LTD,409.75,409.75,388.9,389.15,388.9,409.35,,389.15,,,17000,6701600.0,17,F1,1000,,,,,
2026-08-18,2026-08-18,CM,NSE,STK,759291,INE304W01038,BLUESTONE,EQ,,,,,BLUESTONE JEWEL LFSTL LTD,839.0,852.4,816.0,820.4,823.0,834.65,,820.43,,,1645777,1368536278.95,39445,F1,1,,,,,
2026-08-18,2026-08-18,CM,NSE,STK,757520,INE0U4101014,BLUSPRING,EQ,,,,,BLUSPRING ENTERPRISES LTD,109.0,112.0,107.26,111.21,111.85,109.0,,111.2,,,328749,36004580.65,3177,F1,1,,,,,
2026-08-18,2026-08-18,CM,NSE,STK,759256,INE965W01036,BMWVENTLTD,EQ,,,,,BMW VENTURES LIMITED,57.5,58.34,57.0,57.25,57.26,57.62,,57.25,,,47589,2724542.84,1235,F1,1,,,,,
2026-08-18,2026-08-18,CM,NSE,STK,762608,INE00HZ01011,BNAGROCHEM,EQ,,,,,BN AGROCHEM LTD.,235.3,239.0,221.15,231.7,222.1,232.75,,230.84,,,14186,3277842.9,154,F1,1,,,,,
2026-08-18,2026-08-18,CM,NSE,STK,760821,INE00XL07015,975BNAL28,N0,,,,,BNAL 9.75% 2028 SR TR 1,10072.0,10072.0,10072.0,10072.0,10072.0,10128.01,,10072.0,,,9,90648.0,1,F1,1,,,,,
2026-08-18,2026-08-18,CM,NSE,STK,25021,INE338D01028,BODALCHEM,BE,,,,,BODAL CHEMICALS LTD,69.96,69.96,67.06,68.8,69.3,69.41,,68.8,,,317748,21619093.81,747,F1,1,,,,,
2026-08-18,2026-08-18,CM,NSE,STK,14150,INE0EEJ01023,BTML,EQ,,,,,BODHI TREE MULTIMEDIA LTD,8.95,9.05,8.89,8.93,8.9,8.95,,8.93,,,1257251,11239154.31,267,F1,1,,,,,
2026-08-18,2026-08-18,CM,NSE,STK,11640,INE802W01023,BOHRAIND,EQ,,,,,BOHRA INDUSTRIES LIMITED,13.6,15.41,13.6,14.99,15.35,14.01,,14.99,,,21453,321779.95,94,F1,1,,,,,
2026-08-18,2026-08-18,CM,NSE,STK,380,INE050A01025,BBTC,EQ,,,,,BOMBAY BURMAH TRADING COR,1465.0,1481.8,1465.0,1473.2,1466.7,1463.6,,1472.86,,,25932,38176815.8,4592,F1,1,,,,,
2026-08-18,2026-08-18,CM,NSE,STK,513,INE032A01023,BOMDYEING,EQ,,,,,BOMBAY DYEING & MFG. CO L,113.9,116.8,113.9,114.83,114.63,113.89,,114.83,,,509320,58829871.07,4900,F1,1,,,,,
2026-08-18,2026-08-18,CM,NSE,STK,6052,INE0I3Y01014,BMETRICS,SM,,,,,BOMBAY METRICS S C LTD,34.25,34.25,34.25,34.25,34.25,36.7,,34.25,,,800,27400.0,1,F1,800,,,,,
2026-08-18,2026-08-18,CM,NSE,STK,809,INE032Z01020,BSHSL,EQ,,,,,BOMBAY SUPER HYBRID SEEDS,86.5,89.99,86.5,87.95,87.9,88.65,,87.95,,,3585,315073.21,103,F1,1,,,,,
2026-08-18,2026-08-18,CM,NSE,STK,31128,INE053F07538,810IRFC27,N2,,,,,BOND 8.10% PA TAX FREE S2,1083.0,1084.68,1078.11,1081.39,1078.11,1082.0,,1081.39,,,338,365814.69,9,F1,1,,,,,
2026-08-18,2026-08-18,CM,NSE,STK,31040,INE906B07CB9,830NHAI27,N2,,,,,BOND 8.30% PA TAX FREE S2,1083.9,1083.9,1083.0,1083.0,1083.0,1084.0,,1083.0,,,1661,1799043.0,7,F1,1,,,,,
2026-08-18,2026-08-18,CM,NSE,STK,591,INE053F07660,840IRFC29,N8,,,,,BOND 8.40% PA TF TI-SIIA,1250.0,1250.0,1250.0,1250.0,1250.0,1095.11,,1250.0,,,1,1250.0,1,F1,1,,,,,
2026-08-18,2026-08-18,CM,NSE,STK,603,INE053F07686,865IRFC29,,,,,,BOND 8.65% PA TF TI-SIIB,1104.05,1105.0,1103.0,1104.0,1104.0,1114.83,,1104.5,,,1132,1249074.0,10,F1,1,,,,,
2026-08-18,2026-08-18,CM,NSE,STK,30990,INE020B07HS2,871REC28,N9,,,,,BOND 8.71% TAX FREE S2B,1121.24,1121.3,1119.1,1120.08,1119.1,1121.24,,1120.05,,,1950,2184643.5,21,F1,1,,,,,
2026-08-18,2026-08-18,CM,NSE,STK,1999,INE053F07744,888IRFC29,NE,,,,,BOND 8.88% PA TF TII-SIIB,1118.0,1120.0,1118.0,1120.0,1120.0,1117.25,,1120.0,,,636,711320.0,9,F1,1,,,,,
2026-08-18,2026-08-18,CM,NSE,STK,31969,INE557F07124,888NHB29,N5,,,,,BOND 8.88%PA TF TR-I S 2B,5650.0,5650.0,5650.0,5650.0,5650.0,5650.0,,5650.0,,,3,16950.0,1,F1,1,,,,,
2026-08-18,2026-08-18,CM,NSE,STK,31970,INE557F07132,901NHB34,N6,,,,,BOND 9.01%PA TF TR-I S 3B,6400.0,6410.0,6399.0,6410.0,6410.0,6400.0,,6410.0,,,107,684994.0,6,F1,1,,,,,
2026-08-18,2026-08-18,CM,NSE,STK,761056,INE0B9A01018,BONLON,EQ,,,,,BONLON INDUSTRIES LIMITED,42.87,43.75,41.15,41.86,41.75,42.02,,42.54,,,4314,182365.35,117,F1,1,,,,,
2026-08-18,2026-08-18,CM,NSE,STK,757919,INE16SF01016,BORANA,EQ,,,,,BORANA WEAVES LIMITED,320.95,323.55,312.5,315.2,314.0,321.1,,315.2,,,28381,8977182.7,984,F1,1,,,,,
2026-08-18,2026-08-18,CM,NSE,STK,19401,INE02PY01013,BOROLTD,EQ,,,,,BOROSIL LIMITED,242.02,252.32,239.7,250.34,250.94,244.81,,250.26,,,116674,28947019.51,4177,F1,1,,,,,
2026-08-18,2026-08-18,CM,NSE,STK,3149,INE666D01022,BORORENEW,EQ,,,,,BOROSIL RENEWABLES LTD,570.9,576.5,562.0,563.65,563.5,569.9,,563.63,,,271615,153917389.7,6917,F1,1,,,,,
2026-08-18,2026-08-18,CM,NSE,STK,24014,INE02L001032,BOROSCI,EQ,,,,,BOROSIL SCIENTIFIC LTD,132.34,134.09,130.0,130.46,130.95,132.69,,130.44,,,36364,4791874.97,1210,F1,1,,,,,
2026-08-18,2026-08-18,CM,NSE,STK,4491,INE782A01015,BOSCH-HCIL,EQ,,,,,BOSCH HOME COMFRT IND LTD,1695.0,1742.6,1683.1,1732.1,1732.0,1700.4,,1732.12,,,77451,133303564.9,6622,F1,1,,,,,
2026-08-18,2026-08-18,CM,NSE,STK,2181,INE323A01026,BOSCHLTD,EQ,,,,,BOSCH LIMITED,47010.0,48940.0,46775.0,48730.0,48730.0,46970.0,,48729.49,,,93891,4528420125.0,31640,F1,1,,,,,
2026-08-18,2026-08-18,CM,NSE,STK,25119,INE0QNI01012,BOSS,SM,,,,,BOSS PACKAGING SOLU LTD,49.6,49.6,49.6,49.6,49.6,47.45,,49.6,,,8000,396800.0,2,F1,2000,,,,,
2026-08-18,2026-08-18,CM,NSE,STK,530,INE110A01019,BPL,EQ,,,,,BPL LTD,50.15,50.6,49.9,49.95,49.92,50.15,,49.95,,,50252,2513907.08,449,F1,1,,,,,
2026-08-18,2026-08-18,CM,NSE,STK,24905,INE0R4Z01018,BRACEPORT,SM,,,,,BRACE PORT LOGISTICS LTD,75.0,75.0,66.5,66.75,67.0,75.0,,66.75,,,25600,1773120.0,14,F1,1600,,,,,
2026-08-18,2026-08-18,CM,NSE,STK,764628,INE320I01017,BRAHMINFRA,EQ,,,,,BRAHMAPUTRA INFRA L,178.4,180.0,167.1,176.78,176.78,170.77,,176.31,,,22379,3909137.04,171,F1,1,,,,,
2026-08-18,2026-08-18,CM,NSE,STK,24814,INE02RE01045,FIRSTCRY,EQ,,,,,BRAINBEES SOLUTIONS LTD,208.42,214.35,203.82,204.65,204.55,208.41,,204.65,,,1516049,314386941.82,22678,F1,1,,,,,
2026-08-18,2026-08-18,CM,NSE,STK,7780,INE977Y01011,BCONCEPTS,EQ,,,,,BRAND CONCEPTS LIMITED,158.0,161.2,156.32,159.8,157.61,157.11,,159.45,,,7503,1191822.1,511,F1,1,,,,,
2026-08-18,2026-08-18,CM,NSE,STK,760972,INE0XUD01014,BRANDMAN,SM,,,,,BRANDMAN RETAIL LIMITED,182.5,188.9,180.4,181.6,180.4,182.5,,181.6,,,24000,4399320.0,23,F1,800,,,,,
2026-08-18,2026-08-18,CM,NSE,STK,15184,INE791I01019,BRIGADE,EQ,,,,,BRIGADE ENTER. LTD,598.9,600.0,585.0,588.9,588.0,593.7,,588.93,,,358457,211941715.6,13735,F1,1,,,,,
2026-08-18,2026-08-18,CM,NSE,STK,757794,INE03NU01014,BRIGHOTEL,EQ,,,,,BRIGADE HOTEL VENTURE LTD,61.5,61.8,60.35,60.71,60.4,61.07,,60.68,,,70205,4293583.72,2465,F1,1,,,,,
2026-08-18,2026-08-18,CM,NSE,STK,764633,INE630D01010,BRIGHTBR,EQ,,,,,BRIGHT BROTHERS LTD.,238.0,260.0,231.0,255.13,251.03,231.6,,255.82,,,3986,1000203.44,191,F1,1,,,,,
2026-08-18,2026-08-18,CM,NSE,STK,8833,INE425B01027,BCG,EQ,,,,,BRIGHTCOM GROUP LIMITED,9.67,9.72,9.18,9.29,9.32,9.67,,9.3,,,6675094,62715649.67,7514,F1,1,,,,,
2026-08-18,2026-08-18,CM,NSE,STK,547,INE216A01030,BRITANNIA,EQ,,,,,BRITANNIA INDUSTRIES LTD,5543.5,5561.0,5490.0,5495.0,5495.0,5521.0,,5495.05,,,281420,1555179494.0,17692,F1,1,,,,,
2026-08-18,2026-08-18,CM,NSE,STK,2203,INE0FDU25010,BIRET,RR,,,,,BROOKFIELD INDIA RET,346.0,346.95,341.0,341.86,341.3,344.52,,341.86,,,263225,90416351.98,7368,F1,1,,,,,
2026-08-18,2026-08-18,CM,NSE,STK,25140,INE650L01011,BROOKS,BE,,,,,BROOKS LAB LIMITED,58.8,61.0,58.5,58.94,59.9,60.66,,58.98,,,22575,1333169.61,134,F1,1,,,,,
2026-08-18,2026-08-18,CM,NSE,STK,19585,INE118H01025,BSE,EQ,,,,,BSE LIMITED,3298.7,3315.4,3235.0,3308.0,3308.0,3332.0,,3308.0,,,5806922,19054467418.6,245847,F1,1,,,,,
2026-08-18,2026-08-18,CM,NSE,STK,559,INE594B01012,BSL,EQ,,,,,BSL LTD,123.72,124.33,121.7,122.85,123.72,123.72,,122.85,,,836,102652.5,47,F1,1,,,,,
2026-08-18,2026-08-18,CM,NSE,STK,2716,INE295F01017,BUTTERFLY,EQ,,,,,BTRFLY GANDHI APPL LTD,648.4,658.8,648.4,656.4,658.45,655.9,,656.24,,,8784,5742494.9,776,F1,1,,,,,
2026-08-18,2026-08-18,CM,NSE,STK,24701,INE0SZ301012,BULKCORP,SM,,,,,BULKCORP INTERNATIONAL L,67.0,68.25,67.0,68.2,68.25,65.0,,68.2,,,9600,651420.0,8,F1,1200,,,,,
2026-08-18,2026-08-18,CM,NSE,STK,15198,INE817H01022,BURNPUR,BE,,,,,BURNPUR CEMENT LIMITED,16.54,16.54,16.54,16.54,16.54,17.41,,16.54,,,3596,59477.84,97,F1,1,,,,,
2026-08-18,2026-08-18,CM,NSE,STK,764643,INE084D01010,CGVAK,EQ,,,,,C G V A K SOFTWARE & EX L,157.0,157.0,151.24,151.24,151.24,152.0,,151.33,,,334,51294.2,15,F1,1,,,,,
2026-08-18,2026-08-18,CM,NSE,STK,760854,INE0SMX01019,CKKRETAIL,SM,,,,,C K K RETAIL MART LIMITED,145.0,145.0,145.0,145.0,145.0,145.0,,145.0,,,1600,232000.0,2,F1,800,,,,,
2026-08-18,2026-08-18,CM,NSE,STK,18372,INE0QBU01012,CPS,SM,,,,,C P S SHAPERS LIMITED,1060.0,1060.0,1060.0,1060.0,1060.0,1066.45,,1060.0,,,750,795000.0,2,F1,150,,,,,
2026-08-18,2026-08-18,CM,NSE,STK,7227,INE0BV301023,MAPMYINDIA,EQ,,,,,C.E. INFO SYSTEMS LIMITED,991.9,1019.0,985.2,1012.6,1010.7,991.7,,1012.61,,,188680,190220171.3,16590,F1,1,,,,,
2026-08-18,2026-08-18,CM,NSE,STK,27274,INE0U7V01015,C2C,SM,,,,,C2C ADVANCED SYSTEMS LTD,242.55,243.95,226.5,229.45,228.8,245.3,,229.45,,,301950,69735060.0,1268,F1,150,,,,,
2026-08-18,2026-08-18,CM,NSE,STK,764255,INE11XY01018,CMLL,EQ,,,,,CALIBER MINING AND LOG L,515.35,539.0,506.0,532.65,528.9,515.35,,532.71,,,1043983,545301431.15,17578,F1,1,,,,,
2026-08-18,2026-08-18,CM,NSE,STK,8341,INE526B01014,CALSOFT,EQ,,,,,CALIFORNIA SOFTWARE CO LT,26.2,27.12,26.19,27.12,27.12,25.83,,27.12,,,248678,6723779.71,537,F1,1,,,,,
2026-08-18,2026-08-18,CM,NSE,STK,14218,INE627H01017,CTE,EQ,,,,,CAMBRIDGE TECH ENTER LTD,42.8,42.8,42.8,42.8,42.8,40.77,,42.44,,,12043,515440.4,47,F1,1,,,,,
2026-08-18,2026-08-18,CM,NSE,STK,6216,INE052I01032,CAMLINFINE,EQ,,,,,CAMLIN FINE SCIENCES LTD,113.54,115.59,108.7,109.6,109.5,114.11,,109.6,,,1256349,140712769.18,10984,F1,1,,,,,
2026-08-18,2026-08-18,CM,NSE,STK,9362,INE278Y01022,CAMPUS,EQ,,,,,CAMPUS ACTIVEWEAR LIMITED,217.93,219.91,216.2,216.63,216.75,217.92,,216.63,,,502519,109271552.8,11621,F1,1,,,,,
2026-08-18,2026-08-18,CM,NSE,STK,583,INE477A01020,CANFINHOME,EQ,,,,,CAN FIN HOMES LTD,814.35,825.0,810.05,824.15,824.7,814.35,,824.15,,,151032,123836886.5,8825,F1,1,,,,,
2026-08-18,2026-08-18,CM,NSE,STK,10794,INE476A01022,CANBK,EQ,,,,,CANARA BANK,130.0,131.0,129.1,129.1,129.1,131.1,,129.1,,,6622726,858656942.47,46065,F1,1,,,,,
2026-08-18,2026-08-18,CM,NSE,STK,759477,INE01TY01017,CANHLIFE,EQ,,,,,CANARA HSBC LIFE INS CO L,148.15,150.49,148.15,149.27,149.59,148.9,,149.26,,,248175,37097534.52,8687,F1,1,,,,,
2026-08-18,2026-08-18,CM,NSE,STK,759311,INE218I01013,CRAMC,EQ,,,,,CANARA ROBECO AMC LIMITED,253.95,256.9,251.0,254.4,253.7,253.95,,254.39,,,196677,49884298.0,6526,F1,1,,,,,
2026-08-18,2026-08-18,CM,NSE,STK,19368,INE0QG301017,CANARYS,SM,,,,,CANARYS AUTOMATIONS LTD,22.0,23.0,21.45,22.75,22.5,21.2,,22.75,,,72000,1613200.0,17,F1,4000,,,,,
2026-08-18,2026-08-18,CM,NSE,STK,20160,INE068L01024,CANTABIL,EQ,,,,,CANTABIL RETAIL LTD,236.3,238.0,227.07,228.58,230.0,236.3,,228.59,,,150920,34699431.15,4891,F1,1,,,,,
2026-08-18,2026-08-18,CM,NSE,STK,21749,INE264T01014,CAPACITE,EQ,,,,,CAPACITE INFRAPROJECT LTD,210.99,212.39,208.1,209.11,209.25,211.89,,209.1,,,178674,37497106.28,2432,F1,1,,,,,
2026-08-18,2026-08-18,CM,NSE,STK,759867,INE0ILV01024,CAPILLARY,EQ,,,,,CAPILLARY TECHNO INDIA L,524.4,527.5,509.3,513.45,515.0,525.55,,513.45,,,122967,63553200.95,3733,F1,1,,,,,
2026-08-18,2026-08-18,CM,NSE,STK,756015,INE345H01024,CIFL,EQ,,,,,CAPITAL INDIA FINANCE LTD,21.36,21.36,20.8,20.93,20.81,20.94,,20.95,,,15869,330900.25,122,F1,1,,,,,
2026-08-18,2026-08-18,CM,NSE,STK,29157,INE0Z8Z23013,CAPINVIT,IV,,,,,CAPITAL INFRA TRUST,77.5,77.5,76.1,76.64,76.66,76.95,,76.64,,,397553,30493645.72,7589,F1,1,,,,,
2026-08-18,2026-08-18,CM,NSE,STK,22675,INE646H01017,CAPITALSFB,EQ,,,,,CAPITAL SMALL FIN BANK L,280.15,290.9,280.15,287.75,288.95,281.55,,287.7,,,18772,5375842.0,834,F1,1,,,,,
2026-08-18,2026-08-18,CM,NSE,STK,19451,INE707C01018,CAPTRUST,BE,,,,,CAPITAL TRUST LIMITED,21.3,21.9,21.06,21.41,21.5,21.37,,21.41,,,19632,418805.56,90,F1,1,,,,,
2026-08-18,2026-08-18,CM,NSE,STK,3906,INE475E01026,CAPLIPOINT,EQ,,,,,CAPLIN POINT LAB LTD.,2540.0,2558.0,2506.1,2529.7,2530.0,2522.0,,2529.71,,,70633,179067979.7,11992,F1,1,,,,,
2026-08-18,2026-08-18,CM,NSE,STK,20329,INE180C01042,CGCL,EQ,,,,,CAPRI GLOBAL CAPITAL LTD,225.78,229.78,224.28,225.54,224.28,226.24,,225.54,,,2703979,612542724.05,26204,F1,1,,,,,
2026-08-18,2026-08-18,CM,NSE,STK,764203,INE536P01021,CPL,EQ,,,,,CAPTAIN POLYPLAST LIMITED,68.9,69.97,68.0,68.36,68.0,68.46,,68.25,,,118794,8166352.28,593,F1,1,,,,,
2026-08-18,2026-08-18,CM,NSE,STK,595,INE120A01034,CARBORUNIV,EQ,,,,,CARBORUNDUM UNIVERSAL LTD,1122.7,1148.8,1118.9,1126.0,1130.3,1122.7,,1126.01,,,526641,595222332.9,17165,F1,1,,,,,
2026-08-18,2026-08-18,CM,NSE,STK,29113,INE752H01013,CARERATING,EQ,,,,,CARE RATINGS LIMITED,1707.0,1735.7,1695.0,1725.1,1719.0,1707.0,,1725.11,,,46633,80156014.4,6338,F1,1,,,,,
2026-08-18,2026-08-18,CM,NSE,STK,758941,INE0P6P01016,CPEDU,EQ,,,,,CAREER POINT EDUTECH LTD,207.82,208.8,201.06,203.99,207.95,208.11,,203.99,,,6510,1336659.68,191,F1,1,,,,,
2026-08-18,2026-08-18,CM,NSE,STK,28879,INE0V7W01012,CARRARO,EQ,,,,,CARRARO INDIA LIMITED,513.0,518.75,499.05,512.8,515.0,513.45,,512.82,,,132532,67262274.1,6341,F1,1,,,,,
2026-08-18,2026-08-18,CM,NSE,STK,5407,INE290S01011,CARTRADE,EQ,,,,,CARTRADE TECH LIMITED,2787.0,2855.0,2780.1,2802.6,2805.0,2796.9,,2802.62,,,258422,727776403.2,29963,F1,1,,,,,
2026-08-18,2026-08-18,CM,NSE,STK,1879,INE482D01024,CARYSIL,EQ,,,,,CARYSIL LIMITED,1146.0,1189.8,1146.0,1181.1,1182.0,1155.8,,1181.05,,,84309,98958665.4,6982,F1,1,,,,,
2026-08-18,2026-08-18,CM,NSE,STK,758156,INE0WL201014,CUDML,ST,,,,,CASH UR DRIVE MARKETING L,105.05,105.9,102.35,104.1,104.1,107.7,,104.1,,,64000,6710350.0,23,F1,1000,,,,,
2026-08-18,2026-08-18,CM,NSE,STK,1250,INE172A01027,CASTROLIND,EQ,,,,,CASTROL INDIA LIMITED,186.71,187.9,186.1,186.85,186.55,187.55,,186.85,,,1104007,206573777.01,29287,F1,1,,,,,
2026-08-18,2026-08-18,CM,NSE,STK,11452,INE421D01022,CCL,EQ,,,,,CCL PRODUCTS (I) LTD,1134.0,1142.9,1130.1,1132.1,1136.0,1130.4,,1132.11,,,78918,89562759.0,9762,F1,1,,,,,
2026-08-18,2026-08-18,CM,NSE,STK,757129,INE157D07EM8,990CCSP27,N0,,,,,CCSPL 9.90% 2027 SR 02,99828.84,99828.84,99828.84,99828.84,99828.84,99869.51,,99828.84,,,2,199657.68,1,F1,1,,,,,
2026-08-18,2026-08-18,CM,NSE,STK,15254,INE482A01020,CEATLTD,EQ,,,,,CEAT LIMITED,3608.5,3643.9,3600.0,3605.4,3609.3,3608.5,,3605.09,,,38041,137345231.3,5937,F1,1,,,,,
2026-08-18,2026-08-18,CM,NSE,STK,757690,INE11J101017,CEDAAR,ST,,,,,CEDAAR TEXTILE LIMITED,15.05,15.05,14.5,14.5,14.5,15.25,,14.5,,,17000,248200.0,17,F1,1000,,,,,
2026-08-18,2026-08-18,CM,NSE,STK,24742,INE0AG901020,CEIGALL,EQ,,,,,CEIGALL INDIA LIMITED,310.0,312.0,302.3,309.15,308.05,315.95,,309.13,,,1111657,342332985.05,25370,F1,1,,,,,
2026-08-18,2026-08-18,CM,NSE,STK,761037,INE016Q01014,CEINSYS,EQ,,,,,CEINSYS TECH LIMITED,786.5,791.95,780.0,784.3,782.7,782.65,,784.3,,,23346,18325919.3,1782,F1,1,,,,,
2026-08-18,2026-08-18,CM,NSE,STK,13162,INE185H01016,CELEBRITY,EQ,,,,,CELEBRITY FASHIONS LTD,6.99,6.99,6.64,6.77,6.84,6.8,,6.81,,,10342,70360.93,91,F1,1,,,,,
2026-08-18,2026-08-18,CM,NSE,STK,16950,INE0O0001013,CELLPOINT,SM,,,,,CELL POINT (INDIA) LTD,16.05,16.05,16.0,16.0,16.0,17.05,,16.0,,,4800,76980.0,4,F1,1200,,,,,
2026-08-18,2026-08-18,CM,NSE,STK,18806,INE0OMO01025,CELLECOR,SM,,,,,CELLECOR GADGETS LIMITED,31.5,33.2,30.75,32.55,33.0,31.5,,32.55,,,441000,14241900.0,79,F1,3000,,,,,
2026-08-18,2026-08-18,CM,NSE,STK,19795,INE0LMW01024,CELLO,EQ,,,,,CELLO WORLD LIMITED,371.45,371.45,362.0,362.6,362.1,369.6,,362.6,,,236015,86105139.9,9250,F1,1,,,,,
2026-08-18,2026-08-18,CM,NSE,STK,5622,INE686A01026,CEMPRO,EQ,,,,,CEMINDIA PROJECTS LIMITED,1340.0,1351.3,1305.9,1324.0,1319.0,1321.8,,1324.01,,,404401,537557870.6,23046,F1,1,,,,,
2026-08-18,2026-08-18,CM,NSE,STK,14894,INE483A01010,CENTRALBK,EQ,,,,,CENTRAL BANK OF INDIA,31.26,31.36,31.0,31.02,31.07,31.27,,31.02,,,3762242,116996869.15,11288,F1,1,,,,,
2026-08-18,2026-08-18,CM,NSE,STK,21174,INE736A01011,CDSL,EQ,,,,,CENTRAL DEPO SER (I) LTD,1356.8,1361.5,1336.0,1340.6,1340.6,1356.8,,1340.6,,,759440,1020612209.6,29252,F1,1,,,,,
2026-08-18,2026-08-18,CM,NSE,STK,761581,INE05HV01027,CMPDI,EQ,,,,,CENTRAL MINE P N D INST L,234.49,236.55,232.25,233.11,233.0,235.18,,233.1,,,575383,134656648.18,10696,F1,1,,,,,
2026-08-18,2026-08-18,CM,NSE,STK,2454,INE660C01027,CENTRUM,EQ,,,,,CENTRUM CAPITAL LIMITED,24.48,25.25,23.98,24.2,24.25,24.3,,24.2,,,366515,8975148.56,978,F1,1,,,,,
2026-08-18,2026-08-18,CM,NSE,STK,14982,INE320B01020,CENTUM,EQ,,,,,CENTUM ELECTRONICS LTD,3381.0,3485.3,3313.8,3430.2,3442.5,3362.6,,3429.9,,,121628,416912392.3,21847,F1,1,,,,,
2026-08-18,2026-08-18,CM,NSE,STK,619,INE485A01015,CENTENKA,EQ,,,,,CENTURY ENKA LTD,578.5,585.6,573.3,576.55,579.75,572.6,,576.56,,,32771,18946714.1,1843,F1,1,,,,,
2026-08-18,2026-08-18,CM,NSE,STK,11511,INE281A01026,CENTEXT,EQ,,,,,CENTURY EXTRUSIONS LTD,22.0,22.4,21.5,21.93,21.65,21.93,,21.94,,,1011698,22262376.05,4527,F1,1,,,,,
2026-08-18,2026-08-18,CM,NSE,STK,13305,INE348B01021,CENTURYPLY,EQ,,,,,CENTURY PLYBOARDS (I) LTD,751.0,762.0,744.05,748.25,750.0,750.7,,748.54,,,38782,29055305.25,4067,F1,1,,,,,
2026-08-18,2026-08-18,CM,NSE,STK,15039,INE739E01017,CERA,EQ,,,,,CERA SANITARYWARE LTD,5775.0,5830.0,5717.5,5792.0,5830.0,5787.0,,5791.22,,,5308,30529148.5,1704,F1,1,,,,,
2026-08-18,2026-08-18,CM,NSE,STK,29016,INE345B01019,CEREBRAINT,BZ,,,,,CEREBRA INT TECH LTD,2.63,2.63,2.51,2.58,2.53,2.58,,2.58,,,54562,140278.24,109,F1,1,,,,,
2026-08-18,2026-08-18,CM,NSE,STK,628,INE486A01021,CESC,EQ,,,,,CESC LTD,170.22,171.75,167.9,167.98,168.0,170.22,,167.98,,,2555495,431027351.35,20214,F1,1,,,,,
2026-08-18,2026-08-18,CM,NSE,STK,760,INE067A01029,CGPOWER,EQ,,,,,CG POWER AND IND SOL LTD,898.8,900.0,889.0,894.2,894.2,898.8,,894.2,,,1568655,1401840035.5,26764,F1,1,,,,,
2026-08-18,2026-08-18,CM,NSE,STK,8546,INE427F01016,CHALET,EQ,,,,,CHALET HOTELS LIMITED,847.75,848.75,826.0,834.45,831.7,844.7,,834.5,,,57779,48176033.5,6473,F1,1,,,,,
2026-08-18,2026-08-18,CM,NSE,STK,3482,INE419D01026,CLSEL,EQ,,,,,CHAMAN LAL SETIA EXP LTD,280.2,283.2,277.75,279.05,278.1,281.6,,279.02,,,25275,7080781.0,809,F1,1,,,,,
2026-08-18,2026-08-18,CM,NSE,STK,13731,INE06PV01010,CMNL,SM,,,,,CHAMAN METALLICS LIMITED,106.0,106.0,104.6,105.95,105.95,105.05,,105.95,,,5250,553950.0,5,F1,750,,,,,
2026-08-18,2026-08-18,CM,NSE,STK,637,INE085A01013,CHAMBLFERT,EQ,,,,,CHAMBAL FERTILIZERS LTD,438.95,438.95,433.1,434.4,435.0,439.05,,434.4,,,357355,155197880.95,18541,F1,1,,,,,
2026-08-18,2026-08-18,CM,NSE,STK,29633,INE0B2N01016,CHANDAN,SM,,,,,CHANDAN HEALTHCARE LTD,241.55,250.0,232.7,246.2,248.7,245.8,,246.2,,,71200,17248520.0,83,F1,800,,,,,
2026-08-18,2026-08-18,CM,NSE,STK,18654,INE0PT101017,CHAVDA,SM,,,,,CHAVDA INFRA LIMITED,141.7,141.7,135.0,135.0,135.0,135.05,,135.0,,,62000,8388800.0,40,F1,1000,,,,,
2026-08-18,2026-08-18,CM,NSE,STK,757991,INE0TGX01019,CHEMBONDCH,BE,,,,,CHEMBOND CHEMICAL LIMITED,263.69,269.0,260.1,266.23,265.5,263.69,,266.22,,,10494,2777057.22,210,F1,1,,,,,
2026-08-18,2026-08-18,CM,NSE,STK,14618,INE995D01025,CHEMBOND,EQ,,,,,CHEMBOND MATERIALTECH LTD,171.0,176.97,167.05,172.69,173.76,172.41,,170.68,,,3264,556550.55,82,F1,1,,,,,
2026-08-18,2026-08-18,CM,NSE,STK,276,INE03YM01018,CHEMCON,BE,,,,,CHEMCON SPECIAL CHEM LTD,188.0,190.6,185.51,189.36,190.6,189.0,,189.36,,,10193,1920109.33,152,F1,1,,,,,
2026-08-18,2026-08-18,CM,NSE,STK,765045,INE298W01016,CHEMCRUX,EQ,,,,,CHEMCRUX ENTERPRISES LTD.,88.5,89.29,86.5,87.0,87.0,86.63,,86.71,,,2039,177994.66,59,F1,1,,,,,
2026-08-18,2026-08-18,CM,NSE,STK,2799,INE783X01023,CHEMFAB,EQ,,,,,CHEMFAB ALKALIS LIMITED,374.45,374.45,361.4,363.45,365.0,366.95,,363.45,,,1371,497579.95,89,F1,1,,,,,
2026-08-18,2026-08-18,CM,NSE,STK,5449,INE488A01050,CHEMPLASTS,EQ,,,,,CHEMPLAST SANMAR LIMITED,179.01,184.0,174.91,177.69,179.0,181.73,,177.7,,,274157,48780417.12,3554,F1,1,,,,,
2026-08-18,2026-08-18,CM,NSE,STK,2049,INE178A01016,CHENNPETRO,EQ,,,,,CHENNAI PETROLEUM CORP LT,1400.0,1454.5,1384.9,1404.0,1402.8,1382.4,,1404.01,,,3584947,5115570293.0,122361,F1,1,,,,,
2026-08-18,2026-08-18,CM,NSE,STK,24625,INE0U1T01012,CHETANA,SM,,,,,CHETANA EDUCATION LIMITED,43.0,44.95,43.0,44.95,44.95,43.5,,44.95,,,6400,279120.0,3,F1,1600,,,,,
2026-08-18,2026-08-18,CM,NSE,STK,9879,INE974B01016,CHEVIOT,EQ,,,,,CHEVIOT COMPANY LIMITED,1170.0,1175.0,1160.0,1165.6,1162.0,1161.5,,1165.3,,,394,459935.3,113,F1,1,,,,,
2026-08-18,2026-08-18,CM,NSE,STK,8866,INE102B01014,CHOICEIN,EQ,,,,,CHOICE INTERNATIONAL LTD,803.2,809.5,802.0,803.6,804.0,803.8,,803.6,,,260260,209776279.2,5243,F1,1,,,,,
2026-08-18,2026-08-18,CM,NSE,STK,759610,INF2KCX01012,CHOICEGOLD,EQ,,,,,CHOICEAMC - CHOICEGOLD,152.08,152.95,150.26,151.59,151.51,152.08,,151.59,,,4745,719528.7,122,F1,1,,,,,
2026-08-18,2026-08-18,CM,NSE,STK,21740,INE149A01033,CHOLAHLDNG,EQ,,,,,CHOLAMANDALAM FIN HOL LTD,1570.0,1587.3,1557.0,1563.3,1560.0,1576.4,,1563.31,,,67053,105137662.1,8842,F1,1,,,,,
2026-08-18,2026-08-18,CM,NSE,STK,685,INE121A01024,CHOLAFIN,EQ,,,,,CHOLAMANDALAM IN & FIN CO,1873.2,1889.7,1866.6,1868.0,1868.0,1884.7,,1868.01,,,523303,982431367.9,53795,F1,1,,,,,
2026-08-18,2026-08-18,CM,NSE,STK,14937,INE536H01010,CIEINDIA,EQ,,,,,CIE AUTOMOTIVE INDIA LTD,408.1,412.0,406.2,409.7,411.65,411.3,,409.71,,,249282,101902812.5,8175,F1,1,,,,,
2026-08-18,2026-08-18,CM,NSE,STK,27161,INE704H01022,CINELINE,EQ,,,,,CINELINE INDIA LIMITED,88.95,89.1,85.35,87.07,87.89,88.49,,87.07,,,11389,998254.55,182,F1,1,,,,,
2026-08-18,2026-08-18,CM,NSE,STK,8024,INE039B01026,CINEVISTA,EQ,,,,,CINEVISTA LIMITED,14.57,14.86,14.01,14.36,14.65,14.8,,14.37,,,21389,308861.62,168,F1,1,,,,,
2026-08-18,2026-08-18,CM,NSE,STK,694,INE059A01026,CIPLA,EQ,,,,,CIPLA LTD,1431.5,1437.6,1428.4,1431.1,1431.1,1431.5,,1431.1,,,589396,844684444.7,27511,F1,1,,,,,
2026-08-18,2026-08-18,CM,NSE,STK,763149,INE2Q7823014,CITIUSINVT,IV,,,,,CITIUS TRANSNET INV TRUST,113.05,115.0,112.2,114.0,115.0,113.88,,114.0,,,111536,12661575.92,1697,F1,1,,,,,
2026-08-18,2026-08-18,CM,NSE,STK,5701,INE491A01021,CUB,EQ,,,,,CITY UNION BANK LTD,215.0,223.0,214.85,222.18,222.19,215.2,,222.18,,,3912107,864207203.66,105789,F1,1,,,,,
2026-08-18,2026-08-18,CM,NSE,STK,20233,INE201M01029,CLEDUCATE,BE,,,,,CL EDUCATE LIMITED,59.49,61.0,59.4,60.36,60.93,59.0,,60.31,,,15824,951431.95,120,F1,1,,,,,
2026-08-18,2026-08-18,CM,NSE,STK,758736,INE0UQ601012,CLASSICEIL,SM,,,,,CLASSIC ELECTRODE (IND) L,47.5,47.55,45.15,46.8,46.0,47.45,,46.8,,,27200,1281680.0,16,F1,1600,,,,,
2026-08-18,2026-08-18,CM,NSE,STK,754695,INE1QGM01024,CLAYCRAFT,SM,,,,,CLAY CRAFT INDIA LIMITED,158.9,159.9,157.15,158.4,159.9,158.9,,158.4,,,7800,1231530.0,9,F1,600,,,,,
2026-08-18,2026-08-18,CM,NSE,STK,13846,INE376C01038,CLCIND,BE,,,,,CLC INDUSTRIES LIMITED,52.61,52.61,47.61,49.97,50.0,50.11,,49.97,,,2862,144672.48,14,F1,1,,,,,
2026-08-18,2026-08-18,CM,NSE,STK,760183,INE647U01026,CLEANMAX,EQ,,,,,CLEAN MAX ENVIRO EN SOL L,1239.9,1251.0,1229.0,1244.7,1241.2,1239.9,,1244.71,,,54458,67637264.4,5687,F1,1,,,,,
2026-08-18,2026-08-18,CM,NSE,STK,5049,INE227W01023,CLEAN,EQ,,,,,CLEAN SCIENCE & TECH LTD,839.0,840.55,819.3,831.9,829.9,840.0,,831.89,,,265290,220321218.7,15769,F1,1,,,,,
2026-08-18,2026-08-18,CM,NSE,STK,30893,INE00WV01027,CMRGREEN,EQ,,,,,CMR GREEN TECHNOLOGIES L,218.33,220.0,211.59,211.99,212.25,214.92,,211.99,,,971911,208148737.13,12443,F1,1,,,,,
2026-08-18,2026-08-18,CM,NSE,STK,7603,INE925R01014,CMSINFO,EQ,,,,,CMS INFO SYSTEMS LIMITED,254.35,254.4,248.25,249.5,250.0,254.35,,249.5,,,989324,247303940.45,26504,F1,1,,,,,
2026-08-18,2026-08-18,CM,NSE,STK,20374,INE522F01014,COALINDIA,EQ,,,,,COAL INDIA LTD,408.95,412.7,406.75,406.9,406.9,408.45,,406.9,,,7352659,3011259254.9,80134,F1,1,,,,,
2026-08-18,2026-08-18,CM,NSE,STK,6006,INE377E01024,COASTCORP,EQ,,,,,COASTAL CORPORATION LTD,41.75,42.74,41.46,41.92,42.0,41.75,,41.91,,,52949,2211235.81,532,F1,1,,,,,
2026-08-18,2026-08-18,CM,NSE,STK,21508,INE704P01025,COCHINSHIP,EQ,,,,,COCHIN SHIPYARD LIMITED,1460.9,1501.6,1457.0,1485.1,1485.1,1457.8,,1485.19,,,1360896,2025653732.2,41448,F1,1,,,,,
2026-08-18,2026-08-18,CM,NSE,STK,11169,INE335K01011,COFFEEDAY,BE,,,,,COFFEE DAY ENTERPRISE LTD,29.7,30.5,29.52,29.64,29.66,29.67,,29.64,,,189733,5646709.16,612,F1,1,,,,,
2026-08-18,2026-08-18,CM,NSE,STK,11543,INE591G01025,COFORGE,EQ,,,,,COFORGE LIMITED,1795.0,1795.0,1762.2,1773.0,1773.0,1806.0,,1772.98,,,1572547,2789482006.1,55776,F1,1,,,,,
2026-08-18,2026-08-18,CM,NSE,STK,17945,INE03QK01018,COHANCE,EQ,,,,,COHANCE LIFESCIENCES LTD,444.95,466.9,444.75,455.2,454.6,444.75,,455.19,,,1507812,691325821.15,46008,F1,1,,,,,
2026-08-18,2026-08-18,CM,NSE,STK,15141,INE259A01022,COLPAL,EQ,,,,,COLGATE PALMOLIVE LTD.,1954.5,1958.9,1901.7,1903.0,1903.0,1964.0,,1903.0,,,721820,1382272851.5,40110,F1,1,,,,,
2026-08-18,2026-08-18,CM,NSE,STK,762628,INE819A01049,COMFINTE,EQ,,,,,COMFORT INTECH LTD.,6.4,6.68,6.31,6.38,6.4,6.53,,6.39,,,114866,740218.43,341,F1,1,,,,,
2026-08-18,2026-08-18,CM,NSE,STK,21578,INE073V01015,COMSYN,EQ,,,,,COMMERCIAL SYN BAGS LTD,280.0,284.0,277.15,279.8,280.21,281.69,,279.8,,,48974,13765392.75,1705,F1,1,,,,,
2026-08-18,2026-08-18,CM,NSE,STK,19513,INE597Z01014,COMMITTED,SM,,,,,COMMITTED CARGO CARE LTD,346.25,347.6,346.25,347.6,347.6,347.8,,347.6,,,2400,832120.0,3,F1,800,,,,,
2026-08-18,2026-08-18,CM,NSE,STK,764648,INE823B01015,COMPEAU,EQ,,,,,COMPETENT AUTOMOB CO. L,400.0,400.0,336.0,355.05,355.0,351.1,,355.01,,,2017,724963.75,43,F1,1,,,,,
2026-08-18,2026-08-18,CM,NSE,STK,19670,INE070C01037,COMPINFO,BZ,,,,,COMPUAGE INFOCOM LTD,1.12,1.17,1.07,1.07,1.07,1.12,,1.08,,,13851,14994.51,31,F1,1,,,,,
2026-08-18,2026-08-18,CM,NSE,STK,31138,INE453B01029,COMPUSOFT,EQ,,,,,COMPUCOM SOFTWARE LTD,13.29,13.3,13.11,13.22,13.26,13.29,,13.24,,,6820,90104.89,82,F1,1,,,,,
2026-08-18,2026-08-18,CM,NSE,STK,342,INE596I01020,CAMS,EQ,,,,,COMPUTER AGE MNGT SER LTD,772.1,773.9,757.55,762.0,762.0,776.25,,761.96,,,1270110,967028340.45,37537,F1,1,,,,,
2026-08-18,2026-08-18,CM,NSE,STK,18060,INE338H01029,CONCORDBIO,EQ,,,,,CONCORD BIOTECH LIMITED,1532.5,1598.0,1524.0,1565.7,1573.0,1515.0,,1565.72,,,489172,766190011.0,35283,F1,1,,,,,
2026-08-18,2026-08-18,CM,NSE,STK,28764,INE037Z01029,CEWATER,EQ,,,,,CONCORD ENVIRO SYSTEMS L,273.5,281.5,270.3,274.75,273.8,275.0,,274.75,,,212600,58801494.4,8470,F1,1,,,,,
2026-08-18,2026-08-18,CM,NSE,STK,764638,INE700F01024,CFEL,EQ,,,,,CONFIDENCE FUTURIST ENE L,31.85,31.85,24.36,29.08,29.6,30.16,,29.01,,,11548,333132.71,317,F1,1,,,,,
2026-08-18,2026-08-18,CM,NSE,STK,10238,INE552D01024,CONFIPET,EQ,,,,,CONFIDENCE PETRO IND LTD.,72.7,73.25,69.0,69.9,70.0,72.55,,69.91,,,1806579,128197259.82,11344,F1,1,,,,,
2026-08-18,2026-08-18,CM,NSE,STK,758453,INE0EAS01014,CONNPLEX,SM,,,,,CONNPLEX CINEMAS LIMITED,206.0,212.0,206.0,210.6,211.8,209.0,,210.6,,,23200,4845520.0,28,F1,800,,,,,
2026-08-18,2026-08-18,CM,NSE,STK,14992,INE429I01024,CCCL,EQ,,,,,CONS. CONST. CONSORT LTD,15.66,15.66,15.37,15.52,15.63,15.59,,15.55,,,169800,2631103.19,470,F1,1,,,,,
2026-08-18,2026-08-18,CM,NSE,STK,11732,INE025A01027,CONSOFINVT,BE,,,,,CONSO. FIN. & HOLD. LTD.,271.95,277.95,271.95,272.0,272.0,271.95,,272.0,,,1158,315629.0,25,F1,1,,,,,
2026-08-18,2026-08-18,CM,NSE,STK,4749,INE111A01025,CONCOR,EQ,,,,,CONTAINER CORP OF IND LTD,524.5,524.85,517.55,518.25,518.25,524.5,,518.26,,,419489,218366491.3,16474,F1,1,,,,,
2026-08-18,2026-08-18,CM,NSE,STK,2531,INE340Z01019,CONTI,SM,,,,,CONTINENTAL SEED CHEM LTD,11.05,11.05,11.05,11.05,11.05,11.6,,11.05,,,6666,73659.3,2,F1,3333,,,,,
2026-08-18,2026-08-18,CM,NSE,STK,17477,INE663B01015,CONTROLPR,EQ,,,,,CONTROL PRINT LIMITED,569.3,579.65,566.6,575.3,574.5,569.7,,575.29,,,14060,8065618.75,1339,F1,1,,,,,
2026-08-18,2026-08-18,CM,NSE,STK,8567,INE0HS001028,COOLCAPS,ST,,,,,COOL CAPS INDUSTRIES LTD,20.4,20.65,19.5,20.2,20.65,19.75,,20.2,,,40000,801250.0,23,F1,1250,,,,,
2026-08-18,2026-08-18,CM,NSE,STK,4007,INE558D01021,CORALFINAC,EQ,,,,,CORAL INDIA FIN & HOUS LT,35.45,35.5,33.31,34.69,35.5,34.28,,34.76,,,290273,10110404.29,1724,F1,1,,,,,
2026-08-18,2026-08-18,CM,NSE,STK,15275,INE792I01017,CORDSCABLE,BE,,,,,CORDS CABLE INDUS LTD.,213.9,224.75,213.9,224.75,224.75,214.05,,224.75,,,30808,6844025.12,317,F1,1,,,,,
2026-08-18,2026-08-18,CM,NSE,STK,739,INE169A01031,COROMANDEL,EQ,,,,,COROMANDEL INTERNTL. LTD,2100.0,2104.8,2051.2,2062.7,2060.0,2097.9,,2062.62,,,58848,121928781.7,8906,F1,1,,,,,
2026-08-18,2026-08-18,CM,NSE,STK,760254,INE02ZQ01018,CORONA,EQ,,,,,CORONA REMEDIES LIMITED,2129.0,2150.0,2105.7,2119.4,2112.2,2113.1,,2119.22,,,16600,35225338.4,3965,F1,1,,,,,
2026-08-18,2026-08-18,CM,NSE,STK,742,INE757A01017,COSMOFIRST,EQ,,,,,COSMO FIRST LIMITED,962.2,981.0,957.0,961.2,965.0,964.85,,961.23,,,94828,91877835.65,5504,F1,1,,,,,
2026-08-18,2026-08-18,CM,NSE,STK,6385,INE652F01027,CCHHL,EQ,,,,,COUNTRY CLUB HOSP HOL LTD,12.9,12.9,12.18,12.33,12.3,12.55,,12.33,,,4200,51920.53,72,F1,1,,,,,
2026-08-18,2026-08-18,CM,NSE,STK,16989,INE695B01025,COUNCODOS,BE,,,,,COUNTRY CONDO S LIMITED,6.85,6.94,6.7,6.88,6.93,6.72,,6.89,,,169709,1166639.8,307,F1,1,,,,,
2026-08-18,2026-08-18,CM,NSE,STK,20086,INE521J01018,CPCAP,EQ,,,,,CP CAPITAL LIMITED,130.71,130.71,125.5,126.94,126.42,130.32,,126.94,,,16150,2058888.07,289,F1,1,,,,,
2026-08-18,2026-08-18,CM,NSE,STK,2328,INF457M01133,CPSEETF,EQ,,,,,CPSE ETF,94.0,94.3,93.7,93.99,94.09,93.76,,93.99,,,969195,91088810.74,5240,F1,1,,,,,
2026-08-18,2026-08-18,CM,NSE,STK,2854,INE00LO01017,CRAFTSMAN,EQ,,,,,CRAFTSMAN AUTOMATION LTD,10548.5,10960.0,10490.5,10890.5,10900.0,10480.0,,10890.33,,,58181,628919993.5,18174,F1,1,,,,,
2026-08-18,2026-08-18,CM,NSE,STK,764653,INE145E01017,CRAVATEX,EQ,,,,,CRAVATEX LTD.,347.9,347.9,346.8,347.9,347.9,350.0,,340.14,,,59,20466.6,21,F1,1,,,,,
2026-08-18,2026-08-18,CM,NSE,STK,16419,INE0OFK01019,CRAYONS,SM,,,,,CRAYONS ADVERTISING LTD,26.9,26.9,26.9,26.9,26.9,25.65,,26.9,,,3000,80700.0,3,F1,1000,,,,,
2026-08-18,2026-08-18,CM,NSE,STK,9384,INE230B01021,CREATIVEYE,EQ,,,,,CREATIVE EYE LIMITED,6.32,6.33,6.12,6.19,6.19,6.21,,6.19,,,469,2901.6,43,F1,1,,,,,
2026-08-18,2026-08-18,CM,NSE,STK,23468,INE0R7401011,CGRAPHICS,SM,,,,,CREATIVE GRAPHICS S IND L,144.0,144.0,140.1,141.4,140.1,144.0,,141.4,,,24800,3505400.0,26,F1,800,,,,,
2026-08-18,2026-08-18,CM,NSE,STK,11155,INE985W01018,CNL,EQ,,,,,CREATIVE NEWTECH LIMITED,1252.0,1275.0,1241.0,1264.15,1255.5,1252.1,,1264.16,,,41736,52579665.25,3763,F1,1,,,,,
2026-08-18,2026-08-18,CM,NSE,STK,4421,INE741K01010,CREDITACC,EQ,,,,,CREDITACCESS GRAMEEN LTD,1543.3,1545.0,1513.9,1524.6,1524.0,1538.6,,1524.57,,,89923,137105433.5,12141,F1,1,,,,,
2026-08-18,2026-08-18,CM,NSE,STK,20878,INE220Q01020,MUFTI,EQ,,,,,CREDO BRANDS MARKETING L,77.0,78.59,76.97,78.28,78.45,77.21,,78.29,,,46696,3634150.26,1100,F1,1,,,,,
2026-08-18,2026-08-18,CM,NSE,STK,765050,INE716D01033,CRSL,EQ,,,,,CRESSANDA RAILWAY SOLUT L,2.14,2.19,2.01,2.15,2.16,2.11,,2.15,,,408564,877870.98,577,F1,1,,,,,
2026-08-18,2026-08-18,CM,NSE,STK,13900,INE559D01011,CREST,EQ,,,,,CREST VENTURES LIMITED,354.95,364.0,349.3,352.05,356.95,355.3,,352.1,,,3891,1380834.5,156,F1,1,,,,,
2026-08-18,2026-08-18,CM,NSE,STK,757,INE007A01025,CRISIL,EQ,,,,,CRISIL LTD,4500.0,4500.0,4401.2,4442.5,4444.0,4488.3,,4442.51,,,37708,167227006.4,6347,F1,1,,,,,
2026-08-18,2026-08-18,CM,NSE,STK,757850,INE0S4R01014,CRIZAC,EQ,,,,,CRIZAC LIMITED,176.99,177.0,174.0,174.58,175.0,176.19,,174.58,,,189453,33149296.51,3760,F1,1,,,,,
2026-08-18,2026-08-18,CM,NSE,STK,17094,INE299U01018,CROMPTON,EQ,,,,,CROMPT GREA CON ELEC LTD,245.3,245.75,242.95,244.8,244.8,246.5,,244.8,,,1305455,318569170.6,15792,F1,1,,,,,
2026-08-18,2026-08-18,CM,NSE,STK,18263,INE00NH01017,CLSL,ST,,,,,CROP LIFE SCIENCE LIMITED,74.35,76.75,74.35,75.65,76.75,73.15,,75.65,,,28000,2108400.0,14,F1,2000,,,,,
2026-08-18,2026-08-18,CM,NSE,STK,8083,INE491V01019,CROWN,EQ,,,,,CROWN LIFTERS LIMITED,107.9,110.0,107.52,107.63,108.89,107.04,,107.63,,,9445,1025710.94,157,F1,1,,,,,
2026-08-18,2026-08-18,CM,NSE,STK,14966,INE679A01013,CSBBANK,EQ,,,,,CSB BANK LIMITED,313.0,320.2,312.95,317.45,317.1,319.95,,317.44,,,340793,108143687.85,9252,F1,1,,,,,
2026-08-18,2026-08-18,CM,NSE,STK,10350,INE718F01018,CSLFINANCE,EQ,,,,,CSL FINANCE LIMITED,222.93,222.93,221.0,221.0,221.0,219.55,,221.0,,,35048,7749621.85,341,F1,1,,,,,
2026-08-18,2026-08-18,CM,NSE,STK,763753,INE0ZK601013,CSM,EQ,,,,,CSM TECHNOLOGIES LIMITED,100.88,100.89,99.66,100.19,99.95,100.37,,100.25,,,75667,7575100.92,1295,F1,1,,,,,
2026-08-18,2026-08-18,CM,NSE,STK,15078,INE0NR623014,CUBEINVIT,IV,,,,,CUBE HIGHWAYS TRUST,162.26,162.26,159.5,159.99,159.99,160.99,,160.03,,,975592,156221996.99,7141,F1,1,,,,,
2026-08-18,2026-08-18,CM,NSE,STK,4064,INE144D01012,CUBEXTUB,EQ,,,,,CUBEX TUBINGS LTD,82.23,83.58,79.81,80.54,80.89,83.22,,80.54,,,59744,4868754.38,1110,F1,1,,,,,
2026-08-18,2026-08-18,CM,NSE,STK,1901,INE298A01020,CUMMINSIND,EQ,,,,,CUMMINS INDIA LTD,5478.5,5484.0,5350.0,5350.0,5350.0,5450.0,,5350.04,,,177068,958458163.5,23003,F1,1,,,,,
2026-08-18,2026-08-18,CM,NSE,STK,18520,INE509F01029,CUPID,EQ,,,,,CUPID LIMITED,273.0,285.7,257.21,284.03,282.99,267.32,,284.04,,,68917290,18768602294.72,635844,F1,1,,,,,
2026-08-18,2026-08-18,CM,NSE,STK,30189,INE117B01020,CURAA,EQ,,,,,CURA TECHNOLOGIES LIMITED,70.8,72.0,69.5,69.74,72.0,71.0,,69.74,,,282,19812.35,16,F1,1,,,,,
2026-08-18,2026-08-18,CM,NSE,STK,759825,INE1BZN01016,CURIS,SM,,,,,CURIS LIFESCIENCES LTD,110.3,110.3,110.2,110.2,110.2,111.5,,110.2,,,3000,330700.0,3,F1,1000,,,,,
2026-08-18,2026-08-18,CM,NSE,STK,758964,INE1CRQ01014,CURRENT,SM,,,,,CURRENT INFRAPROJECTS LTD,100.0,100.0,98.0,98.0,98.0,101.05,,98.0,,,3200,316800.0,2,F1,1600,,,,,
2026-08-18,2026-08-18,CM,NSE,STK,11842,INE278G01037,CYBERMEDIA,EQ,,,,,CYBER MEDIA (INDIA) LTD.,16.89,16.89,16.16,16.23,16.2,16.62,,16.23,,,34703,565671.43,89,F1,1,,,,,
2026-08-18,2026-08-18,CM,NSE,STK,11447,INE075Z01011,CMRSL,SM,,,,,CYBER MEDIA RES & SER LTD,69.5,69.85,69.5,69.85,69.85,66.55,,69.85,,,8800,614280.0,11,F1,800,,,,,
2026-08-18,2026-08-18,CM,NSE,STK,6054,INE214A01019,CYBERTECH,BE,,,,,CYBERTECH SYSTEMS & SOFTW,135.0,135.99,133.05,133.92,133.05,133.64,,133.91,,,8492,1143503.33,128,F1,1,,,,,
2026-08-18,2026-08-18,CM,NSE,STK,17187,INE055S01018,CYIENTDLM,EQ,,,,,CYIENT DLM LIMITED,736.2,764.8,733.4,736.1,739.0,737.45,,736.21,,,937835,700047559.15,38454,F1,1,,,,,
2026-08-18,2026-08-18,CM,NSE,STK,5748,INE136B01020,CYIENT,EQ,,,,,CYIENT LIMITED,861.4,869.55,850.1,858.55,857.95,868.0,,858.49,,,1226576,1050308830.65,22760,F1,1,,,,,
2026-08-18,2026-08-18,CM,NSE,STK,6249,INE0GN101014,DKEGL,SM,,,,,D K ENTERPRISES GLOBAL L,69.95,69.95,69.95,69.95,69.95,66.0,,69.95,,,1500,104925.0,1,F1,1500,,,,,
2026-08-18,2026-08-18,CM,NSE,STK,16902,INE864X01013,DPWIRES,BE,,,,,D P WIRES LIMITED,164.29,164.29,160.0,161.04,161.0,162.66,,161.07,,,3727,600476.58,97,F1,1,,,,,
2026-08-18,2026-08-18,CM,NSE,STK,17851,INE250K01012,DLINKINDIA,EQ,,,,,D-LINK INDIA LTD,421.05,422.0,413.1,418.85,419.9,418.7,,418.85,,,72487,30153944.6,2925,F1,1,,,,,
2026-08-18,2026-08-18,CM,NSE,STK,936,INE266Y01019,DPABHUSHAN,EQ,,,,,D. P. ABHUSHAN LIMITED,1385.6,1470.2,1385.6,1457.2,1451.1,1403.8,,1456.83,,,30351,43818506.4,2117,F1,1,,,,,
2026-08-18,2026-08-18,CM,NSE,STK,17881,INE950I01011,DBCORP,EQ,,,,,D.B.CORP LTD,212.98,212.98,209.37,209.85,209.5,212.13,,209.83,,,53733,11323079.47,2529,F1,1,,,,,
2026-08-18,2026-08-18,CM,NSE,STK,772,INE016A01026,DABUR,EQ,,,,,DABUR INDIA LTD,406.8,406.8,402.1,403.5,403.5,406.8,,403.5,,,1853755,748520387.2,20801,F1,1,,,,,
2026-08-18,2026-08-18,CM,NSE,STK,762633,INE928C01010,DAICHI,EQ,,,,,DAI-ICHI KARKARIA LTD.,337.95,337.95,317.05,323.95,323.0,329.9,,323.61,,,13853,4498840.0,185,F1,1,,,,,
2026-08-18,2026-08-18,CM,NSE,STK,8075,INE00R701025,DALBHARAT,EQ,,,,,DALMIA BHARAT LIMITED,1850.0,1858.4,1831.6,1837.1,1837.1,1844.0,,1837.12,,,246659,454727855.1,18198,F1,1,,,,,
2026-08-18,2026-08-18,CM,NSE,STK,781,INE495A01022,DALMIASUG,EQ,,,,,DALMIA BHARAT SUG IN LTD,458.9,467.7,445.0,452.7,454.0,459.6,,452.7,,,587471,269551086.35,14029,F1,1,,,,,
2026-08-18,2026-08-18,CM,NSE,STK,28662,INE284H01025,DAMCAPITAL,EQ,,,,,DAM CAPITAL ADVISORS LTD,145.8,148.0,145.11,147.05,146.8,146.39,,147.04,,,255482,37464457.48,5237,F1,1,,,,,
2026-08-18,2026-08-18,CM,NSE,STK,17569,INE497D01022,DAMODARIND,BE,,,,,DAMODAR INDUSTRIES LTD,27.58,27.6,27.21,27.6,27.6,27.58,,27.58,,,1909,52659.29,9,F1,1,,,,,
2026-08-18,2026-08-18,CM,NSE,STK,1110,INE688Y01022,DANGEE,EQ,,,,,DANGEE DUMS LIMITED,2.95,3.02,2.9,2.9,2.9,2.94,,2.9,,,92626,269423.85,128,F1,1,,,,,
2026-08-18,2026-08-18,CM,NSE,STK,25927,INE0YU901016,DANISH,SM,,,,,DANISH POWER LIMITED,795.0,808.95,786.0,791.15,790.0,788.8,,791.15,,,20850,16530510.0,116,F1,150,,,,,
2026-08-18,2026-08-18,CM,NSE,STK,7358,INE0IX101010,DATAPATTNS,EQ,,,,,DATA PATTERNS INDIA LTD,4530.0,4750.0,4525.0,4737.2,4740.0,4528.7,,4737.21,,,1385637,6468099813.3,104145,F1,1,,,,,
2026-08-18,2026-08-18,CM,NSE,STK,11423,INE365B01017,DATAMATICS,EQ,,,,,DATAMATICS GLOBAL SER LTD,852.35,852.35,827.75,833.95,833.85,852.35,,833.94,,,68621,57280090.7,5183,F1,1,,,,,
2026-08-18,2026-08-18,CM,NSE,STK,21794,INE179G01029,DAVANGERE,EQ,,,,,DAVANGERE SUGAR COMPANY L,3.29,3.29,3.16,3.19,3.21,3.2,,3.19,,,3198031,10257941.67,1704,F1,1,,,,,
2026-08-18,2026-08-18,CM,NSE,STK,31111,INE921B01025,DBSTOCKBRO,BE,,,,,DB (INT) STOCK BROKERS,32.0,33.49,31.51,32.52,32.1,32.51,,32.31,,,5294,169896.72,33,F1,1,,,,,
2026-08-18,2026-08-18,CM,NSE,STK,11566,INE0A1101019,DCI,EQ,,,,,DC INFOTECH AND COMUN LTD,380.0,382.7,365.1,373.0,374.0,382.35,,373.11,,,20081,7450681.55,1324,F1,1,,,,,
2026-08-18,2026-08-18,CM,NSE,STK,13725,INE503A01015,DCBBANK,EQ,,,,,DCB BANK LIMITED,182.8,183.64,180.5,183.08,182.5,184.09,,183.08,,,695982,126807562.75,14554,F1,1,,,,,
2026-08-18,2026-08-18,CM,NSE,STK,761737,INE04Q907181,1275DCCL28,N0,,,,,DCCL 12.75% 2028,9975.0,9975.0,9975.0,9975.0,9975.0,9974.67,,9975.0,,,1,9975.0,1,F1,1,,,,,
2026-08-18,2026-08-18,CM,NSE,STK,23520,INE0S8401018,DCG,SM,,,,,DCG CABLES & WIRES LTD,51.3,55.6,51.3,54.5,54.5,53.05,,54.5,,,30000,1625520.0,25,F1,1200,,,,,
2026-08-18,2026-08-18,CM,NSE,STK,4775,INE891B01012,DCMFINSERV,EQ,,,,,DCM FINANCIAL SERVICES LT,5.55,5.79,5.4,5.62,5.67,5.55,,5.62,,,7835,43823.66,302,F1,1,,,,,
2026-08-18,2026-08-18,CM,NSE,STK,7323,INE498A01018,DCM,BE,,,,,DCM LIMITED,81.08,84.2,80.44,82.5,82.5,82.08,,82.5,,,5432,449187.2,46,F1,1,,,,,
2026-08-18,2026-08-18,CM,NSE,STK,11039,INE08KP01019,DCMNVL,EQ,,,,,DCM NOUVELLE LIMITED,174.31,180.71,173.33,178.29,178.8,173.83,,178.29,,,40956,7337273.8,578,F1,1,,,,,
2026-08-18,2026-08-18,CM,NSE,STK,760893,INE0OFM01015,DSFCL,BE,,,,,DCM SHRIRAM FINE CHEM LTD,26.01,26.01,26.01,26.01,26.01,25.5,,26.59,,,8756,227743.56,21,F1,1,,,,,
2026-08-18,2026-08-18,CM,NSE,STK,7325,INE843D01027,DCMSRIND,EQ,,,,,DCM SHRIRAM IND LTD,46.0,47.8,45.9,46.94,46.99,45.73,,46.95,,,467380,21901293.87,4031,F1,1,,,,,
2026-08-18,2026-08-18,CM,NSE,STK,760896,INE0OU201013,DCMSIL,EQ,,,,,DCM SHRIRAM INTERNATNL L,74.0,75.49,67.16,68.94,68.4,74.26,,68.85,,,208275,14680927.16,1519,F1,1,,,,,
2026-08-18,2026-08-18,CM,NSE,STK,811,INE499A01024,DCMSHRIRAM,EQ,,,,,DCM SHRIRAM LIMITED,1039.9,1049.8,1013.2,1026.4,1022.0,1018.4,,1026.51,,,173224,178294195.0,14539,F1,1,,,,,
2026-08-18,2026-08-18,CM,NSE,STK,817,INE500A01029,DCW,EQ,,,,,DCW LTD,44.26,44.89,43.54,43.69,43.63,44.26,,43.68,,,1204783,53112112.9,5194,F1,1,,,,,
2026-08-18,2026-08-18,CM,NSE,STK,11895,INE0KL801015,DCXINDIA,EQ,,,,,DCX SYSTEMS LIMITED,175.87,183.15,175.11,179.12,178.85,173.32,,179.12,,,1199771,215171262.56,17587,F1,1,,,,,
2026-08-18,2026-08-18,CM,NSE,STK,29098,INE0HR601026,DDEVPLSTIK,EQ,,,,,DDEV PLASTIKS IND LTD,270.0,274.3,268.55,272.75,273.0,269.3,,272.79,,,105618,28651797.7,2674,F1,1,,,,,
2026-08-18,2026-08-18,CM,NSE,STK,15449,INE0JWV01011,DENEERS,SM,,,,,DE NEERS TOOLS LIMITED,175.05,179.8,168.65,172.3,172.3,180.5,,172.3,,,13800,2380980.0,23,F1,600,,,,,
2026-08-18,2026-08-18,CM,NSE,STK,4279,INE244A01016,DENORA,EQ,,,,,DE NORA INDIA LIMITED,826.4,858.8,824.3,851.05,843.9,830.55,,850.86,,,2284,1921638.15,348,F1,1,,,,,
2026-08-18,2026-08-18,CM,NSE,STK,14838,INE583C01021,DECCANCE,EQ,,,,,DECCAN CEMENTS LIMITED,548.0,552.0,541.05,545.55,541.65,544.0,,545.39,,,2786,1519680.15,188,F1,1,,,,,
2026-08-18,2026-08-18,CM,NSE,STK,762638,INE945F01025,DECNGOLD,EQ,,,,,DECCAN GOLD MINES LTD.,243.03,249.0,240.4,244.05,243.01,239.9,,244.04,,,4205721,1029486046.51,38753,F1,1,,,,,
2026-08-18,2026-08-18,CM,NSE,STK,25421,INE0S7C01019,DECCANTRAN,SM,,,,,DECCAN TRANSCON LEASING L,22.5,23.0,22.5,22.75,23.0,23.0,,22.75,,,2400,54600.0,2,F1,1200,,,,,
2026-08-18,2026-08-18,CM,NSE,STK,24154,INE841L01016,DEEDEV,EQ,,,,,DEE DEVELOPMENT ENG LTD,642.05,669.25,641.0,657.25,659.9,650.55,,657.28,,,149577,97881235.2,5589,F1,1,,,,,
2026-08-18,2026-08-18,CM,NSE,STK,22802,INE586O01011,DEEM,ST,,,,,DEEM ROLL TECH LIMITED,40.0,40.45,38.7,40.45,40.45,40.7,,40.45,,,6000,235550.0,6,F1,1000,,,,,
2026-08-18,2026-08-18,CM,NSE,STK,3292,INE0FHS01024,DEEPINDS,EQ,,,,,DEEP INDUSTRIES LIMITED,683.45,720.0,677.9,717.95,715.5,680.7,,717.98,,,721008,509047798.2,21586,F1,1,,,,,
2026-08-18,2026-08-18,CM,NSE,STK,765055,INE00IY01012,DEEP,EQ,,,,,DEEP POLYMERS LTD.,37.9,37.9,34.5,36.96,35.4,36.01,,35.61,,,10406,380741.35,67,F1,1,,,,,
2026-08-18,2026-08-18,CM,NSE,STK,25894,INE0OPA01027,DBEIL,BE,,,,,DEEPAK BUILDERS & ENG I L,6.84,6.96,6.62,6.68,6.64,6.84,,6.7,,,142759,962104.71,386,F1,1,,,,,
2026-08-18,2026-08-18,CM,NSE,STK,827,INE501A01019,DEEPAKFERT,EQ,,,,,DEEPAK FERTILIZERS & PETR,1504.8,1522.0,1466.2,1472.0,1473.3,1502.7,,1471.97,,,150625,224241491.0,12561,F1,1,,,,,
2026-08-18,2026-08-18,CM,NSE,STK,19943,INE288B01029,DEEPAKNTR,EQ,,,,,DEEPAK NITRITE LTD,1780.0,1787.0,1753.5,1771.0,1770.0,1780.5,,1771.03,,,229368,407012191.2,18075,F1,1,,,,,
2026-08-18,2026-08-18,CM,NSE,STK,22527,INE0SK801018,DELAPLEX,SM,,,,,DELAPLEX LIMITED,90.0,90.0,88.0,88.0,88.0,90.0,,88.0,,,2400,213090.0,4,F1,600,,,,,
2026-08-18,2026-08-18,CM,NSE,STK,9599,INE148O01028,DELHIVERY,EQ,,,,,DELHIVERY LIMITED,451.65,456.95,448.8,451.8,451.8,456.0,,451.8,,,1460519,660121896.85,19674,F1,1,,,,,
2026-08-18,2026-08-18,CM,NSE,STK,24395,INE726L01027,DELPHIFX,BE,,,,,DELPHI WORLD MONEY LTD,6.72,6.76,6.5,6.59,6.65,6.66,,6.59,,,73094,481780.44,154,F1,1,,,,,
2026-08-18,2026-08-18,CM,NSE,STK,29092,INE0XRN01019,DELTIC,SM,,,,,DELTA AUTOCORP LIMITED,33.3,33.5,33.15,33.3,33.3,34.5,,33.3,,,7000,233350.0,7,F1,1000,,,,,
2026-08-18,2026-08-18,CM,NSE,STK,15044,INE124G01033,DELTACORP,EQ,,,,,DELTA CORP LIMITED,59.7,61.08,59.5,60.71,60.53,60.18,,60.71,,,1074956,64693109.77,6474,F1,1,,,,,
2026-08-18,2026-08-18,CM,NSE,STK,1214,INE393A01011,DELTAMAGNT,EQ,,,,,DELTA MANUFACTURING LTD,59.0,59.48,57.0,57.5,58.22,59.08,,57.53,,,3590,208199.61,144,F1,1,,,,,
2026-08-18,2026-08-18,CM,NSE,STK,17722,INE947J01015,DEN,EQ,,,,,DEN NETWORKS LTD,27.9,27.9,27.31,27.41,27.37,27.78,,27.41,,,171835,4721015.42,1208,F1,1,,,,,
2026-08-18,2026-08-18,CM,NSE,STK,29256,INE0R4L01018,DENTA,EQ,,,,,DENTA WATER N INFRA SOL L,285.3,293.35,281.35,286.0,285.7,287.05,,286.0,,,246172,70161408.1,7070,F1,1,,,,,
2026-08-18,2026-08-18,CM,NSE,STK,759079,INE0VOV01021,DEVX,EQ,,,,,DEV ACCELERATOR LIMITED,33.9,33.9,33.0,33.31,33.22,32.88,,33.29,,,31485,1049587.43,587,F1,1,,,,,
2026-08-18,2026-08-18,CM,NSE,STK,8146,INE060X01034,DEVIT,EQ,,,,,DEV INFO TECHNOLOGY LTD,25.8,26.3,25.21,25.25,25.21,26.02,,25.25,,,54428,1384859.38,549,F1,1,,,,,
2026-08-18,2026-08-18,CM,NSE,STK,5373,INE872J01023,DEVYANI,EQ,,,,,DEVYANI INTERNATIONAL LTD,143.61,144.56,140.42,142.09,141.5,143.65,,142.08,,,1844675,261988795.04,13752,F1,1,,,,,
2026-08-18,2026-08-18,CM,NSE,STK,764658,INE260R01016,DHABRIYA,EQ,,,,,DHABRIYA POLYWOOD LTD.,509.0,586.9,499.2,558.05,560.1,504.35,,558.29,,,122906,67750715.4,3792,F1,1,,,,,
2026-08-18,2026-08-18,CM,NSE,STK,10893,INE0I3401014,DBOL,EQ,,,,,DHAMPUR BIO ORGANICS LTD,122.0,133.5,120.0,121.99,123.9,121.08,,122.0,,,1117878,141561380.53,15412,F1,1,,,,,
2026-08-18,2026-08-18,CM,NSE,STK,857,INE041A01016,DHAMPURSUG,EQ,,,,,DHAMPUR SUGAR MILLS LTD.,173.9,177.45,166.5,168.65,168.69,170.87,,168.65,,,1604098,276070575.66,21703,F1,1,,,,,
2026-08-18,2026-08-18,CM,NSE,STK,11359,INE680A01011,DHANBANK,EQ,,,,,DHANLAXMI BANK LIMITED,32.3,32.49,31.8,32.24,32.29,32.39,,32.24,,,559449,17980686.15,2903,F1,1,,,,,
2026-08-18,2026-08-18,CM,NSE,STK,24415,INE0M3I01029,DHANSA,SM,,,,,DHANSA LABS LIMITED,21.55,21.55,21.3,21.3,21.3,20.85,,21.3,,,6000,128700.0,3,F1,2000,,,,,
2026-08-18,2026-08-18,CM,NSE,STK,24409,INE435G01025,DHANUKA,EQ,,,,,DHANUKA AGRITECH LTD,1011.6,1011.6,990.0,996.4,1003.9,997.0,,996.37,,,20287,20237173.2,1797,F1,1,,,,,
2026-08-18,2026-08-18,CM,NSE,STK,759203,INE278R01034,DHARAN,BZ,,,,,DHARAN INFRA-EPC LIMITED,0.16,0.17,0.15,0.16,0.16,0.16,,0.16,,,12035589,1926712.99,1613,F1,1,,,,,
2026-08-18,2026-08-18,CM,NSE,STK,24747,INE0YRN01025,DHARIWAL,SM,,,,,DHARIWALCORP LIMITED,18.55,18.75,18.15,18.15,18.15,19.1,,18.15,,,81000,1484850.0,26,F1,3000,,,,,
2026-08-18,2026-08-18,CM,NSE,STK,13001,INE00OQ01016,DHARMAJ,EQ,,,,,DHARMAJ CROP GUARD LTD,268.5,271.0,267.95,270.0,270.0,269.25,,269.93,,,29791,8036693.95,1716,F1,1,,,,,
2026-08-18,2026-08-18,CM,NSE,STK,765060,INE715T01031,DHATRE,EQ,,,,,DHATRE UDYOG LTD.,5.02,5.02,4.33,4.58,4.6,4.26,,4.57,,,104322,474472.02,348,F1,1,,,,,
2026-08-18,2026-08-18,CM,NSE,STK,764553,INE01NH01023,DHOOTTRANS,EQ,,,,,DHOOT TRANSMISSION LTD,1170.0,1305.75,1165.0,1305.75,1305.75,1187.05,,1305.87,,,9337722,11589527057.6,339993,F1,1,,,,,
2026-08-18,2026-08-18,CM,NSE,STK,6858,INE506Z01015,DHRUV,EQ,,,,,DHRUV CONSULTANCY SER LTD,26.31,26.31,24.31,24.9,24.89,25.14,,24.9,,,2892,72357.26,48,F1,1,,,,,
2026-08-18,2026-08-18,CM,NSE,STK,22233,INE320L01011,DHUNINV,EQ,,,,,DHUNSERI INVESTMENTS LTD,1019.7,1022.45,957.5,976.95,968.35,1014.65,,977.08,,,2115,2073512.05,257,F1,1,,,,,
2026-08-18,2026-08-18,CM,NSE,STK,6227,INE341R01014,DTIL,EQ,,,,,DHUNSERI TEA & IND. LTD.,134.0,136.8,132.55,134.02,133.15,133.13,,134.02,,,2551,344776.28,60,F1,1,,,,,
2026-08-18,2026-08-18,CM,NSE,STK,15214,INE477B01010,DVL,EQ,,,,,DHUNSERI VENTURES LIMITED,264.49,267.55,263.24,265.81,265.1,265.92,,265.81,,,10527,2799052.9,410,F1,1,,,,,
2026-08-18,2026-08-18,CM,NSE,STK,18644,INE591D01014,DIAMINESQ,EQ,,,,,DIAMINES & CHEMICALS LTD,235.85,241.11,234.0,236.71,239.95,235.85,,237.36,,,2943,695607.34,127,F1,1,,,,,
2026-08-18,2026-08-18,CM,NSE,STK,18545,INE989C01038,DIACABS,BE,,,,,DIAMOND POWER INFRA LTD,361.0,372.7,353.1,367.95,371.05,359.9,,367.96,,,1174622,427769919.8,13034,F1,1,,,,,
2026-08-18,2026-08-18,CM,NSE,STK,703,INE303A01010,DICIND,EQ,,,,,DIC INDIA LIMITED,594.8,595.95,582.05,584.35,583.2,591.95,,584.37,,,2947,1730968.1,242,F1,1,,,,,
2026-08-18,2026-08-18,CM,NSE,STK,25672,INE184O01015,DIFFNKG,EQ,,,,,DIFFUSION ENGINEERS LTD,398.55,410.85,398.55,408.5,407.6,398.4,,408.49,,,108267,44014278.7,4999,F1,1,,,,,
2026-08-18,2026-08-18,CM,NSE,STK,10346,INE03JI01017,DGCONTENT,EQ,,,,,DIGICONTENT LIMITED,24.33,24.49,23.73,24.34,24.14,24.33,,24.34,,,5715,138613.41,53,F1,1,,,,,
2026-08-18,2026-08-18,CM,NSE,STK,21247,INE0PSC01024,DIGIDRIVE,EQ,,,,,DIGIDRIVE DISTRIBUTORS L,17.1,18.0,17.05,17.8,17.9,17.52,,17.81,,,16597,294693.99,129,F1,1,,,,,
2026-08-18,2026-08-18,CM,NSE,STK,19138,INE0QJ901011,DIGIKORE,SM,,,,,DIGIKORE STUDIOS LIMITED,37.15,42.5,36.0,37.0,37.05,37.15,,37.0,,,72000,2772420.0,146,F1,400,,,,,
2026-08-18,2026-08-18,CM,NSE,STK,16683,INE927C01020,DIGISPICE,EQ,,,,,DIGISPICE TECHNOLOGIES LT,16.98,17.42,16.08,16.77,16.78,16.62,,16.76,,,91590,1546910.27,302,F1,1,,,,,
2026-08-18,2026-08-18,CM,NSE,STK,757515,INE0U4701011,DIGITIDE,EQ,,,,,DIGITIDE SOLUTIONS LTD,96.99,98.62,94.6,98.08,97.85,96.49,,98.09,,,254802,24636559.04,3351,F1,1,,,,,
2026-08-18,2026-08-18,CM,NSE,STK,6127,INE731U01028,DIGJAMLMTD,EQ,,,,,DIGJAM LTD,51.02,52.0,50.06,51.74,50.6,50.52,,51.74,,,10235,527726.09,106,F1,1,,,,,
2026-08-18,2026-08-18,CM,NSE,STK,641,INE016M01021,DNAMEDIA,EQ,,,,,DILIGENT MEDIA CORP LTD.,2.68,2.68,2.51,2.55,2.6,2.69,,2.55,,,93831,241513.64,163,F1,1,,,,,
2026-08-18,2026-08-18,CM,NSE,STK,18086,INE917M01012,DBL,EQ,,,,,DILIP BUILDCON LIMITED,419.35,422.95,416.55,421.2,421.3,419.6,,421.18,,,69086,29090345.25,3277,F1,1,,,,,
2026-08-18,2026-08-18,CM,NSE,STK,762643,INE131C01011,DISAQ,EQ,,,,,DISA INDIA LTD.,11664.0,11954.0,11650.0,11696.0,11675.0,11641.0,,11714.99,,,761,8953737.0,463,F1,1,,,,,
2026-08-18,2026-08-18,CM,NSE,STK,14537,INE836F01026,DISHTV,EQ,,,,,DISH TV INDIA LTD.,2.81,2.84,2.76,2.82,2.81,2.81,,2.82,,,884017,2476042.71,846,F1,1,,,,,
2026-08-18,2026-08-18,CM,NSE,STK,21704,INE385W01011,DCAL,EQ,,,,,DISHMAN CARBO AMCIS LTD,175.25,180.63,168.01,169.14,168.3,175.83,,169.13,,,551160,94953958.23,8993,F1,1,,,,,
2026-08-18,2026-08-18,CM,NSE,STK,14479,INE753U01022,DIVGIITTS,EQ,,,,,DIVGI TORQTRANSFER SYST L,1284.0,1311.9,1245.1,1259.0,1259.0,1284.45,,1259.07,,,310830,398531364.65,18782,F1,1,,,,,
2026-08-18,2026-08-18,CM,NSE,STK,10940,INE361B01024,DIVISLAB,EQ,,,,,DIVI S LABORATORIES LTD,8510.0,8630.0,8504.0,8588.0,8588.0,8481.5,,8588.08,,,404163,3468373664.0,43159,F1,1,,,,,
2026-08-18,2026-08-18,CM,NSE,STK,30262,INE0NA501011,DIVINEHIRA,ST,,,,,DIVINE HIRA JEWELLERS LTD,109.7,111.0,107.1,111.0,111.0,110.9,,111.0,,,30000,3243000.0,16,F1,1200,,,,,
2026-08-18,2026-08-18,CM,NSE,STK,24286,INE0SCO01019,DPEL,SM,,,,,DIVINE POWER ENERGY LTD,591.0,591.0,578.0,584.5,578.0,589.55,,584.5,,,35000,20438700.0,64,F1,500,,,,,
2026-08-18,2026-08-18,CM,NSE,STK,21690,INE935N01020,DIXON,EQ,,,,,DIXON TECHNO (INDIA) LTD,14100.0,14420.0,14066.0,14150.0,14150.0,14025.0,,14149.53,,,387416,5504901239.0,49842,F1,1,,,,,
2026-08-18,2026-08-18,CM,NSE,STK,12749,INE0B1K01014,DJML,EQ,,,,,DJ MEDIAPRINT & LOG LTD,103.55,106.67,103.55,105.46,104.35,107.44,,105.46,,,166705,17560193.96,2174,F1,1,,,,,
2026-08-18,2026-08-18,CM,NSE,STK,14732,INE271C01023,DLF,EQ,,,,,DLF LIMITED,672.0,682.5,658.25,665.75,665.75,671.0,,665.76,,,6099954,4092865240.7,63488,F1,1,,,,,
2026-08-18,2026-08-18,CM,NSE,STK,6973,INE505A01010,DMCC,EQ,,,,,DMCC SPECIALITY CHEMICALS,293.4,299.9,285.95,287.75,287.0,293.65,,287.81,,,60692,17707850.8,1959,F1,1,,,,,
2026-08-18,2026-08-18,CM,NSE,STK,4822,INE021O01019,DODLA,EQ,,,,,DODLA DAIRY LIMITED,1100.0,1105.9,1090.1,1094.7,1094.0,1099.5,,1094.69,,,27797,30477594.0,5017,F1,1,,,,,
2026-08-18,2026-08-18,CM,NSE,STK,12124,INE966A01022,DOLATALGO,EQ,,,,,DOLAT ALGOTECH LIMITED,71.19,71.59,70.62,71.14,71.02,71.18,,71.19,,,66139,4701382.14,840,F1,1,,,,,
2026-08-18,2026-08-18,CM,NSE,STK,20560,INE325C01035,DOLLAR,EQ,,,,,DOLLAR INDUSTRIES LIMITED,268.9,270.7,264.05,268.55,268.0,268.35,,268.53,,,82886,22139883.85,2112,F1,1,,,,,
2026-08-18,2026-08-18,CM,NSE,STK,13323,INE0JHH01011,DOLLEX,SM,,,,,DOLLEX AGROTECH LIMITED,32.45,32.45,31.6,32.0,32.35,32.05,,32.0,,,16000,513600.0,4,F1,4000,,,,,
2026-08-18,2026-08-18,CM,NSE,STK,18139,INE920A01037,DOLPHIN,EQ,,,,,DOLPHIN OFF ENT (IND) L,575.0,639.0,560.7,619.4,620.0,576.85,,619.36,,,553474,340550628.5,25822,F1,1,,,,,
2026-08-18,2026-08-18,CM,NSE,STK,20551,INE321T01012,DOMS,EQ,,,,,DOMS INDUSTRIES LIMITED,2215.0,2225.7,2207.3,2218.6,2219.9,2218.1,,2218.58,,,16908,37461977.2,2858,F1,1,,,,,
2026-08-18,2026-08-18,CM,NSE,STK,13839,INE668D01028,DONEAR,EQ,,,,,DONEAR IND. LIMITED,86.51,91.0,86.51,89.18,89.09,87.64,,88.79,,,25660,2302735.47,512,F1,1,,,,,
2026-08-18,2026-08-18,CM,NSE,STK,15423,INE360C01024,DPSCLTD,BE,,,,,DPSC LIMITED,7.35,7.35,6.85,7.05,7.0,7.21,,7.05,,,259892,1832598.72,684,F1,1,,,,,
2026-08-18,2026-08-18,CM,NSE,STK,29452,INE943P01029,AGARWALEYE,EQ,,,,,DR AGARWALS HEALTH CARE L,501.0,508.35,495.0,502.6,500.2,501.6,,502.6,,,628634,315629770.7,25840,F1,1,,,,,
2026-08-18,2026-08-18,CM,NSE,STK,762648,INE934C01018,DRAGARWQ,EQ,,,,,DR. AGARWAL'S EYE HOSP L,5238.0,5400.0,5225.0,5321.0,5305.5,5294.0,,5332.21,,,612,3271755.0,211,F1,1,,,,,
2026-08-18,2026-08-18,CM,NSE,STK,11654,INE600L01024,LALPATHLAB,EQ,,,,,DR. LAL PATH LABS LTD.,1885.0,1912.0,1874.0,1901.4,1894.0,1877.3,,1901.39,,,211640,401375975.3,23604,F1,1,,,,,
2026-08-18,2026-08-18,CM,NSE,STK,881,INE089A01031,DRREDDY,EQ,,,,,DR. REDDY S LABORATORIES,1185.0,1189.3,1176.1,1178.8,1178.8,1192.0,,1178.81,,,805633,954044454.3,27255,F1,1,,,,,
2026-08-18,2026-08-18,CM,NSE,STK,2645,INE03RS01027,DRCSYSTEMS,EQ,,,,,DRC SYSTEMS INDIA LIMITED,13.3,13.3,12.71,13.0,13.0,13.07,,13.0,,,25838,333282.95,230,F1,1,,,,,
2026-08-18,2026-08-18,CM,NSE,STK,10859,INE0JS101016,DREAMFOLKS,EQ,,,,,DREAMFOLKS SERVICES LTD,65.4,68.1,65.4,66.65,66.5,65.85,,66.63,,,59119,3955538.64,1546,F1,1,,,,,
2026-08-18,2026-08-18,CM,NSE,STK,11271,INE506A01018,DREDGECORP,EQ,,,,,DREDGING CORP OF INDIA,1150.3,1170.0,1148.9,1160.8,1156.0,1160.5,,1160.7,,,98365,114016855.4,6639,F1,1,,,,,
2026-08-18,2026-08-18,CM,NSE,STK,17372,INE0P7201019,DRONE,SM,,,,,DRONE DESTINATION LIMITED,38.65,39.35,38.3,38.9,39.0,37.6,,38.9,,,16000,620900.0,30,F1,500,,,,,
2026-08-18,2026-08-18,CM,NSE,STK,6686,INE02CV01017,DRSDILIP,SM,,,,,DRS DILIP ROADLINES LTD.,108.0,108.0,108.0,108.0,108.0,109.9,,108.0,,,800,86400.0,1,F1,800,,,,,
2026-08-18,2026-08-18,CM,NSE,STK,8772,INE891A01022,DSKULKARNI,BE,,,,,DS KULKARNI DEVELOPERS L,14.65,14.65,14.65,14.65,14.65,13.96,,14.65,,,1777,26033.05,9,F1,1,,,,,
2026-08-18,2026-08-18,CM,NSE,STK,778,INE055C01020,KEEPLEARN,EQ,,,,,DSJ KEEP LEARNING LTD,1.86,2.07,1.86,2.01,2.0,1.92,,2.01,,,192433,386113.66,244,F1,1,,,,,
2026-08-18,2026-08-18,CM,NSE,STK,1927,INF740KA1EU7,LIQUIDETF,EQ,,,,,DSP LIQUID ETF,1000.0,1000.01,999.99,1000.0,1000.0,1000.0,,1000.0,,,249333,249332982.82,236,F1,1,,,,,
2026-08-18,2026-08-18,CM,NSE,STK,761364,INF740KA1YH2,BANK10ADD,EQ,,,,,DSPAMC - BANK10ADD,16.89,16.94,16.81,16.9,16.94,16.99,,16.9,,,17562,296545.18,69,F1,1,,,,,
2026-08-18,2026-08-18,CM,NSE,STK,13644,INF740KA1RX3,BANKADD,EQ,,,,,DSPAMC - DSPBANK,59.05,59.05,58.63,58.69,58.63,59.26,,58.69,,,10678,627143.1,108,F1,1,,,,,
2026-08-18,2026-08-18,CM,NSE,STK,15356,INF740KA1SW3,GOLDADD,EQ,,,,,DSPAMC - DSPGOLD,148.65,148.92,148.23,148.59,148.68,148.65,,148.59,,,413599,61442505.19,5786,F1,1,,,,,
2026-08-18,2026-08-18,CM,NSE,STK,17207,INF740KA1SX1,ITADD,EQ,,,,,DSPAMC - DSPIT,32.77,33.0,32.01,32.23,32.24,32.77,,32.23,,,76465,2465405.93,281,F1,1,,,,,
2026-08-18,2026-08-18,CM,NSE,STK,6606,INF740KA1QK2,EQUAL50ADD,EQ,,,,,DSPAMC - DSPNEWETF,347.0,347.0,345.58,346.12,346.56,347.99,,346.35,,,160489,55544586.47,278,F1,1,,,,,
2026-08-18,2026-08-18,CM,NSE,STK,7451,INF740KA1CL0,NIFTYADD,EQ,,,,,DSPAMC - DSPNIFTY,256.58,256.67,255.0,255.42,255.55,256.83,,255.42,,,3035,775635.13,114,F1,1,,,,,
2026-08-18,2026-08-18,CM,NSE,STK,17616,INF740KA1SY9,PSUBANKADD,EQ,,,,,DSPAMC - DSPPSBKETF,88.09,88.36,87.25,87.37,87.29,88.37,,87.35,,,41288,3618613.61,243,F1,1,,,,,
2026-08-18,2026-08-18,CM,NSE,STK,17576,INF740KA1TA7,PVTBANKADD,EQ,,,,,DSPAMC - DSPPVBKETF,27.81,27.83,27.68,27.82,27.79,27.84,,27.82,,,38770,1075932.76,109,F1,1,,,,,
2026-08-18,2026-08-18,CM,NSE,STK,7456,INF740KA1ZF3,MIDQ50ADD,EQ,,,,,DSPAMC - DSPQ50ETF,25.61,25.61,25.43,25.56,25.6,25.65,,25.67,,,88954,2266457.48,95,F1,1,,,,,
2026-08-18,2026-08-18,CM,NSE,STK,17613,INF740KA1SZ6,SENSEXADD,EQ,,,,,DSPAMC - DSPSENXETF,80.9,80.9,79.72,79.77,79.77,80.32,,79.77,,,911,72770.67,21,F1,1,,,,,
2026-08-18,2026-08-18,CM,NSE,STK,10761,INF740KA1RE3,SILVERADD,EQ,,,,,DSPAMC - DSPSILVETF,225.65,229.4,223.0,223.5,223.75,225.65,,223.5,,,124606,27863220.2,2375,F1,1,,,,,
2026-08-18,2026-08-18,CM,NSE,STK,759368,INF740KA1WU9,FLEXIADD,EQ,,,,,DSPAMC - FLEXIADD,10.3,10.3,10.2,10.24,10.27,10.3,,10.25,,,36130,369898.22,270,F1,1,,,,,
2026-08-18,2026-08-18,CM,NSE,STK,763530,INF740KA1ZA4,FMCGADD,EQ,,,,,DSPAMC - FMCGADD,49.54,49.54,48.04,48.14,48.19,48.57,,48.14,,,33472,1611716.88,158,F1,1,,,,,
2026-08-18,2026-08-18,CM,NSE,STK,22592,INF740KA1ZG1,HEALTHADD,EQ,,,,,DSPAMC - HEALTHADD,16.65,16.73,16.56,16.6,16.73,16.65,,16.6,,,101615,1688064.1,85,F1,1,,,,,
2026-08-18,2026-08-18,CM,NSE,STK,23407,INF740KA1UM0,LIQUIDADD,EQ,,,,,DSPAMC - LIQUIDADD,1140.78,1140.79,1140.77,1140.77,1140.77,1140.64,,1140.77,,,365999,417524574.55,491,F1,1,,,,,
2026-08-18,2026-08-18,CM,NSE,STK,764428,INF740KA1ZH9,MIDBANKADD,EQ,,,,,DSPAMC - MIDBANKADD,17.3,17.37,17.25,17.35,17.35,17.34,,17.4,,,728,12589.47,19,F1,1,,,,,
2026-08-18,2026-08-18,CM,NSE,STK,760356,INF740KA1WW5,MIDCAPADD,EQ,,,,,DSPAMC - MIDCAPADD,23.51,23.53,23.4,23.5,23.5,23.55,,23.5,,,382163,8979550.37,55,F1,1,,,,,
2026-08-18,2026-08-18,CM,NSE,STK,759978,INF740KA1WV7,MSCIADD,EQ,,,,,DSPAMC - MSCIADD,29.83,29.91,29.77,29.82,29.89,30.03,,29.81,,,989,29518.23,16,F1,1,,,,,
2026-08-18,2026-08-18,CM,NSE,STK,29464,INF740KA1VE5,NEXT30ADD,EQ,,,,,DSPAMC - NEXT30ADD,43.71,43.75,43.55,43.58,43.66,43.75,,43.58,,,3677,160341.82,64,F1,1,,,,,
2026-08-18,2026-08-18,CM,NSE,STK,760599,INF740KA1XU7,NEXT50ADD,EQ,,,,,DSPAMC - NEXT50ADD,75.17,75.17,74.8,74.96,74.94,75.17,,74.96,,,2341,175555.69,33,F1,1,,,,,
2026-08-18,2026-08-18,CM,NSE,STK,760359,INF740KA1WX3,SMALLADD,EQ,,,,,DSPAMC - SMALLADD,18.47,18.48,18.32,18.46,18.47,18.44,,18.46,,,25113,463655.36,82,F1,1,,,,,
2026-08-18,2026-08-18,CM,NSE,STK,25171,INF740KA1UR9,TOP10ADD,EQ,,,,,DSPAMC - TOP10ADD,87.85,87.98,87.55,87.77,87.92,88.37,,87.77,,,145435,12757474.78,634,F1,1,,,,,
2026-08-18,2026-08-18,CM,NSE,STK,13766,INE0LZO01015,DUCOL,SM,,,,,DUCOL ORGS AND COLOURS LT,103.5,104.75,103.5,103.55,103.55,103.0,,103.55,,,3200,332280.0,4,F1,800,,,,,
2026-08-18,2026-08-18,CM,NSE,STK,28952,INE741L01018,DUCON,EQ,,,,,DUCON INFRATECHNOLOGIES L,3.24,3.4,3.22,3.29,3.31,3.24,,3.29,,,379325,1258772.05,470,F1,1,,,,,
2026-08-18,2026-08-18,CM,NSE,STK,5457,INE0HPK01020,DUGLOBAL,SM,,,,,DUDIGITAL GLOBAL LIMITED,24.0,24.0,23.5,23.5,23.5,24.0,,23.5,,,7500,177500.0,3,F1,2500,,,,,
2026-08-18,2026-08-18,CM,NSE,STK,24164,INE0OUW01013,DURLAX,SM,,,,,DURLAX TOP SURFACE LTD,62.5,63.5,60.0,60.55,60.3,64.1,,60.55,,,100000,6134800.0,49,F1,2000,,,,,
2026-08-18,2026-08-18,CM,NSE,STK,11667,INE366A01041,DWARKESH,EQ,,,,,DWARIKESH SUGAR IND LTD,45.24,46.95,44.21,44.64,44.63,44.94,,44.64,,,3757036,172112093.31,15973,F1,1,,,,,
2026-08-18,2026-08-18,CM,NSE,STK,25690,INE417B01040,DSSL,EQ,,,,,DYNACONS SYS & SOLN LTD,1184.4,1189.9,1135.0,1147.2,1150.0,1158.1,,1147.11,,,32102,36924121.2,2812,F1,1,,,,,
2026-08-18,2026-08-18,CM,NSE,STK,4525,INE221B01012,DYNAMATECH,EQ,,,,,DYNAMATIC TECHNOLOGIES,11123.0,11950.0,11112.0,11770.0,11757.0,11123.0,,11770.27,,,33740,392192174.0,10061,F1,1,,,,,
2026-08-18,2026-08-18,CM,NSE,STK,10417,INE600Y01019,DYCL,EQ,,,,,DYNAMIC CABLES LIMITED,464.0,468.3,450.0,452.9,452.05,465.35,,452.9,,,396713,181729496.25,11583,F1,1,,,,,
2026-08-18,2026-08-18,CM,NSE,STK,6082,INE0DZ701010,DYNAMIC,ST,,,,,DYNAMIC SRVCS & SEC LTD,139.9,145.0,136.65,141.75,140.0,140.45,,141.75,,,10500,1479700.0,14,F1,500,,,,,
2026-08-18,2026-08-18,CM,NSE,STK,21314,INE256H01015,DYNPRO,EQ,,,,,DYNEMIC PRODUCTS LIMITED,227.0,233.0,226.6,228.4,229.0,232.05,,228.39,,,9360,2152358.65,346,F1,1,,,,,
2026-08-18,2026-08-18,CM,NSE,STK,19267,INE0KFF01017,EFACTOR,SM,,,,,E FACTOR EXPERIENCES LTD,222.0,222.0,200.0,202.65,203.0,199.35,,202.65,,,11200,2298360.0,20,F1,400,,,,,
2026-08-18,2026-08-18,CM,NSE,STK,760531,INE1CEJ01017,E2ERAIL,SM,,,,,E TO E TRANS INFRA LTD,269.0,314.35,269.0,303.3,302.5,262.1,,303.3,,,643200,192399760.0,562,F1,800,,,,,
2026-08-18,2026-08-18,CM,NSE,STK,8940,INE255Z01027,E2E,BE,,,,,E2E NETWORKS LIMITED,672.0,686.95,656.0,664.55,668.0,686.15,,664.7,,,890449,596318570.0,22586,F1,1,,,,,
2026-08-18,2026-08-18,CM,NSE,STK,765065,INE595R01023,EASTWEST,EQ,,,,,EAST WEST FREIGHT CARRI L,2.5,2.5,2.31,2.32,2.43,2.45,,2.33,,,11822,28042.35,70,F1,1,,,,,
2026-08-18,2026-08-18,CM,NSE,STK,9769,INE962C01035,EASTSILK,BE,,,,,EASTERN SILK INDUSTRIES L,59.4,59.41,59.0,59.0,59.0,56.59,,59.41,,,360,21339.05,9,F1,1,,,,,
2026-08-18,2026-08-18,CM,NSE,STK,2792,INE07O001026,EASEMYTRIP,EQ,,,,,EASY TRIP PLANNERS LTD,6.21,6.29,6.12,6.16,6.16,6.13,,6.16,,,10633745,65836485.73,7671,F1,1,,,,,
2026-08-18,2026-08-18,CM,NSE,STK,765070,INE432F01032,EBIX,EQ,,,,,EBIX LIMITED,17.06,17.06,16.03,17.06,17.06,16.25,,17.28,,,229126,3861208.63,386,F1,1,,,,,
2026-08-18,2026-08-18,CM,NSE,STK,759974,INE528S07110,888ECL28,N1,,,,,ECL 8.88% 2028 SR V,990.11,994.85,990.0,990.46,990.01,994.55,,990.46,,,154,152531.99,8,F1,1,,,,,
2026-08-18,2026-08-18,CM,NSE,STK,759975,INE528S07128,925ECL28,N2,,,,,ECL 9.25% 2028 SR VI,1012.1,1012.1,1012.1,1012.1,1012.1,1021.03,,1012.1,,,6,6072.6,1,F1,1,,,,,
2026-08-18,2026-08-18,CM,NSE,STK,15179,INE738I01010,ECLERX,EQ,,,,,ECLERX SERVICES LTD,1850.1,1854.0,1773.9,1805.2,1811.0,1848.9,,1805.21,,,141785,255424482.0,17495,F1,1,,,,,
2026-08-18,2026-08-18,CM,NSE,STK,764663,INE316A01038,ECORECO,EQ,,,,,ECO RECYCLING LTD.,493.55,493.6,460.0,467.75,465.7,479.0,,467.78,,,5959,2795144.05,546,F1,1,,,,,
2026-08-18,2026-08-18,CM,NSE,STK,759964,INE0VBS01016,ECOLINE,ST,,,,,ECOLINE EXIM LIMITED,181.05,183.9,180.0,182.0,182.0,184.05,,182.0,,,10000,1814900.0,10,F1,1000,,,,,
2026-08-18,2026-08-18,CM,NSE,STK,25062,INE06HJ01020,ECOSMOBLTY,BE,,,,,ECOS (INDIA) MOB & HOSP L,116.99,117.7,112.4,112.58,112.5,116.99,,112.59,,,140992,16089856.66,1808,F1,1,,,,,
2026-08-18,2026-08-18,CM,NSE,STK,7196,INF754K01OB1,BBETF0432,EQ,,,,,EDELAMC - BBETF0432,1359.36,1359.36,1352.51,1353.63,1352.65,1358.46,,1353.63,,,314,425336.28,47,F1,1,,,,,
2026-08-18,2026-08-18,CM,NSE,STK,764378,INF754K01XH9,EBANK10,EQ,,,,,EDELAMC - EBANK10,16.74,17.75,16.74,16.98,16.9,16.74,,16.98,,,314,5260.69,7,F1,1,,,,,
2026-08-18,2026-08-18,CM,NSE,STK,25258,INF754K01TE4,EBANKNIFTY,EQ,,,,,EDELAMC - EBANKNIFTY,58.31,58.31,57.76,58.06,58.06,58.11,,58.06,,,1941,112157.57,26,F1,1,,,,,
2026-08-18,2026-08-18,CM,NSE,STK,16253,INF754K01KO2,EBBETF0430,EQ,,,,,EDELAMC - EBBETF0430,1617.87,1617.88,1610.11,1612.87,1611.8,1611.52,,1612.82,,,45396,73137006.94,266,F1,1,,,,,
2026-08-18,2026-08-18,CM,NSE,STK,22239,INF754K01LE1,EBBETF0431,EQ,,,,,EDELAMC - EBBETF0431,1443.19,1443.96,1441.1,1441.15,1441.15,1443.19,,1441.15,,,1346,1940584.52,51,F1,1,,,,,
2026-08-18,2026-08-18,CM,NSE,STK,13139,INF754K01QX0,EBBETF0433,EQ,,,,,EDELAMC - EBBETF0433,1316.55,1318.0,1311.27,1317.35,1313.22,1316.39,,1317.35,,,3703,4871420.82,90,F1,1,,,,,
2026-08-18,2026-08-18,CM,NSE,STK,29019,INF754K01TX4,ECAPINSURE,EQ,,,,,EDELAMC - ECAPINSURE,23.89,23.89,23.65,23.85,23.85,23.89,,23.85,,,83425,1982567.06,259,F1,1,,,,,
2026-08-18,2026-08-18,CM,NSE,STK,19933,INF754K01SE6,EGOLD,EQ,,,,,EDELAMC - EGOLD,152.05,153.15,152.0,152.95,152.45,152.85,,152.95,,,19939,3048035.0,535,F1,1,,,,,
2026-08-18,2026-08-18,CM,NSE,STK,759466,INF754K01VW2,ELIQUID,EQ,,,,,EDELAMC - ELIQUID,1044.07,1044.09,1044.07,1044.08,1044.08,1043.95,,1044.08,,,25752,26887379.53,18,F1,1,,,,,
2026-08-18,2026-08-18,CM,NSE,STK,758952,INF754K01VV4,ELM250,EQ,,,,,EDELAMC - ELM250,17.58,17.58,16.77,16.91,16.95,17.16,,16.91,,,154976,2619446.19,598,F1,1,,,,,
2026-08-18,2026-08-18,CM,NSE,STK,764367,INF754K01XI7,ELMDIV,EQ,,,,,EDELAMC - ELMDIV,36.88,36.9,36.6,36.72,36.85,36.88,,36.72,,,2132,78436.07,28,F1,1,,,,,
2026-08-18,2026-08-18,CM,NSE,STK,764288,INF754K01XG1,EMETAL,EQ,,,,,EDELAMC - EMETAL,13.14,13.14,13.05,13.06,13.06,13.15,,13.06,,,6848,89628.37,23,F1,1,,,,,
2026-08-18,2026-08-18,CM,NSE,STK,25996,INF754K01TF1,EMULTIMQ,EQ,,,,,EDELAMC - EMULTIMQ,42.39,42.39,42.02,42.15,42.15,42.24,,42.15,,,27539,1161516.09,112,F1,1,,,,,
2026-08-18,2026-08-18,CM,NSE,STK,763540,INF754K01XF3,ENEXT50,EQ,,,,,EDELAMC - ENEXT50,74.5,74.55,74.13,74.5,74.5,74.37,,74.5,,,1687,125137.26,16,F1,1,,,,,
2026-08-18,2026-08-18,CM,NSE,STK,759998,INF754K01VX0,ENIFTY,EQ,,,,,EDELAMC - ENIFTY,25.19,25.19,24.34,24.44,24.44,24.58,,24.44,,,5189,126870.42,49,F1,1,,,,,
2026-08-18,2026-08-18,CM,NSE,STK,759995,INF754K01VY8,ESENSEX,EQ,,,,,EDELAMC - ESENSEX,77.9,80.65,77.9,79.4,79.41,78.66,,79.4,,,544,42952.3,12,F1,1,,,,,
2026-08-18,2026-08-18,CM,NSE,STK,20257,INF754K01SF3,ESILVER,EQ,,,,,EDELAMC - ESILVER,233.38,233.38,230.64,231.04,231.21,233.54,,231.04,,,67057,15523715.12,4950,F1,1,,,,,
2026-08-18,2026-08-18,CM,NSE,STK,15119,INE532F01054,EDELWEISS,EQ,,,,,EDELWEISS FIN SERV LTD,122.0,123.68,120.5,121.4,120.62,122.67,,121.39,,,1545184,188783478.92,13685,F1,1,,,,,
2026-08-18,2026-08-18,CM,NSE,STK,758675,INE886D01026,EFCIL,EQ,,,,,EFC (I) LIMITED,174.0,187.75,171.42,184.64,184.21,174.1,,184.66,,,513483,92275738.54,6720,F1,1,,,,,
2026-08-18,2026-08-18,CM,NSE,STK,24438,INE0U9101019,EFFWA,ST,,,,,EFFWA INFRA & RESEARCH L,344.9,347.0,344.9,346.0,347.0,345.75,,346.0,,,11600,4003600.0,19,F1,400,,,,,
2026-08-18,2026-08-18,CM,NSE,STK,910,INE066A01021,EICHERMOT,EQ,,,,,EICHER MOTORS LTD,8040.0,8107.0,8016.5,8018.5,8018.5,8050.0,,8018.85,,,262500,2119026943.5,34278,F1,1,,,,,
2026-08-18,2026-08-18,CM,NSE,STK,916,INE126A01031,EIDPARRY,EQ,,,,,EID PARRY INDIA LTD,794.45,795.0,772.2,780.6,783.0,792.05,,780.56,,,697047,544955915.6,43985,F1,1,,,,,
2026-08-18,2026-08-18,CM,NSE,STK,15399,INE276C01014,EIHAHOTELS,EQ,,,,,EIH ASSOCIATED HOTELS LTD,294.45,296.75,289.45,293.5,295.4,292.2,,293.56,,,18024,5269166.3,934,F1,1,,,,,
2026-08-18,2026-08-18,CM,NSE,STK,919,INE230A01023,EIHOTEL,EQ,,,,,EIH LIMITED,296.0,297.45,294.05,296.7,296.0,296.0,,296.7,,,111718,33065789.6,4889,F1,1,,,,,
2026-08-18,2026-08-18,CM,NSE,STK,4040,INE158B01016,EIMCOELECO,EQ,,,,,EIMCO ELECON (INDIA) LTD,2125.0,2197.9,2125.0,2153.7,2143.2,2189.1,,2153.83,,,41008,88746749.3,4674,F1,1,,,,,
2026-08-18,2026-08-18,CM,NSE,STK,764668,INE0CPR01018,EKI,EQ,,,,,EKI ENERGY SERVICES LTD,80.84,80.88,79.01,79.58,79.98,80.84,,79.58,,,5934,472368.68,286,F1,1,,,,,
2026-08-18,2026-08-18,CM,NSE,STK,762653,INE280B01018,ELANTAS,EQ,,,,,ELANTAS BECK INDIA LTD.,11893.0,11893.0,11460.0,11701.5,11750.0,11705.5,,11700.28,,,2723,31926627.5,1431,F1,1,,,,,
2026-08-18,2026-08-18,CM,NSE,STK,762658,INE927X01018,ELCIDIN,EQ,,,,,ELCID INVESTMENTS LTD.,110895.0,110995.0,110000.0,110000.0,110000.0,110895.0,,110000.0,,,5,552810.0,5,F1,1,,,,,
2026-08-18,2026-08-18,CM,NSE,STK,8953,INE668G01021,ELDEHSG,EQ,,,,,ELDECO HSG & IND LTD.,768.0,822.0,745.0,817.5,803.2,765.35,,817.5,,,11501,9231569.15,412,F1,1,,,,,
2026-08-18,2026-08-18,CM,NSE,STK,13643,INE205B01031,ELECON,EQ,,,,,ELECON ENG. CO. LTD,440.5,444.75,431.65,433.95,435.0,438.25,,433.97,,,309070,135619762.35,12116,F1,1,,,,,
2026-08-18,2026-08-18,CM,NSE,STK,20899,INE0Q1W01012,EFORCE,SM,,,,,ELECTRO FORCE (INDIA) LTD,21.55,21.55,21.0,21.0,21.0,21.0,,21.0,,,2400,51060.0,2,F1,1200,,,,,
2026-08-18,2026-08-18,CM,NSE,STK,11530,INE02YR01019,EMIL,EQ,,,,,ELECTRONICS MART IND LTD,191.0,195.4,190.25,191.35,191.6,192.42,,191.35,,,2203251,423933605.95,29516,F1,1,,,,,
2026-08-18,2026-08-18,CM,NSE,STK,928,INE086A01029,ELECTCAST,EQ,,,,,ELECTROSTEEL CASTINGS LTD,71.6,72.35,71.0,71.25,71.39,71.95,,71.25,,,570745,40780256.18,7713,F1,1,,,,,
2026-08-18,2026-08-18,CM,NSE,STK,4469,INE822G01016,ELECTHERM,EQ,,,,,ELECTROTHERM (I) LTD.,986.7,1059.0,959.9,1024.1,1027.2,974.8,,1024.27,,,82284,83909962.1,2950,F1,1,,,,,
2026-08-18,2026-08-18,CM,NSE,STK,29595,INE0R9101015,ELGNZ,SM,,,,,ELEGANZ INTERIORS LIMITED,85.9,94.5,85.9,91.45,92.2,86.5,,91.45,,,56000,5059900.0,30,F1,1000,,,,,
2026-08-18,2026-08-18,CM,NSE,STK,937,INE285A01027,ELGIEQUIP,EQ,,,,,ELGI EQUIPMENTS LTD,622.0,628.0,612.0,614.2,613.0,624.2,,614.16,,,609442,378164792.5,19189,F1,1,,,,,
2026-08-18,2026-08-18,CM,NSE,STK,24924,INE819L01012,ELGIRUBCO,EQ,,,,,ELGI RUBBER CO. LTD,58.6,59.88,57.15,57.87,57.95,59.11,,57.87,,,43421,2537454.36,1093,F1,1,,,,,
2026-08-18,2026-08-18,CM,NSE,STK,13423,INE050401020,ELIN,EQ,,,,,ELIN ELECTRONICS LIMITED,101.53,103.5,100.78,101.41,102.5,102.28,,101.41,,,189743,19404187.45,2175,F1,1,,,,,
2026-08-18,2026-08-18,CM,NSE,STK,762663,INE669R01026,ELITECON,EQ,,,,,ELITECON INTERNATIONAL L,16.73,17.25,16.73,17.13,17.25,16.73,,17.12,,,649218,11027795.54,3087,F1,1,,,,,
2026-08-18,2026-08-18,CM,NSE,STK,758563,INE236E01022,ELLEN,EQ,,,,,ELLENBARRIE INDUS GASES L,329.0,336.9,322.0,324.75,325.0,328.3,,324.79,,,309877,102103065.35,7032,F1,1,,,,,
2026-08-18,2026-08-18,CM,NSE,STK,4471,INE579B01039,ELPROINTL,EQ,,,,,ELPRO INTERNATIONAL LTD,179.75,179.75,175.1,175.58,175.5,175.32,,175.59,,,13682,2401073.29,190,F1,1,,,,,
2026-08-18,2026-08-18,CM,NSE,STK,29229,INE0ZOL01023,EMAPARTNER,SM,,,,,EMA PARTNERS INDIA LTD,79.1,79.1,78.6,78.6,78.6,79.1,,78.6,,,3000,236800.0,3,F1,1000,,,,,
2026-08-18,2026-08-18,CM,NSE,STK,13517,INE548C01032,EMAMILTD,EQ,,,,,EMAMI LIMITED,403.5,404.25,397.5,400.1,398.5,404.5,,400.11,,,360203,144293249.65,14185,F1,1,,,,,
2026-08-18,2026-08-18,CM,NSE,STK,10084,INE830C01026,EMAMIPAP,BE,,,,,EMAMI PAPER MILLS LIMITED,115.0,119.59,114.0,114.99,116.0,113.91,,115.02,,,58957,6836188.59,597,F1,1,,,,,
2026-08-18,2026-08-18,CM,NSE,STK,19277,INE778K01012,EMAMIREAL,EQ,,,,,EMAMI REALTY LIMITED,74.01,76.19,73.0,73.47,73.5,74.89,,73.47,,,7601,560083.09,69,F1,1,,,,,
2026-08-18,2026-08-18,CM,NSE,STK,14450,INE069I01010,EMBDL,EQ,,,,,EMBASSY DEVELOPMENTS LTD,62.5,64.2,62.5,63.04,62.72,63.11,,63.04,,,1876178,118904829.68,9205,F1,1,,,,,
2026-08-18,2026-08-18,CM,NSE,STK,9383,INE041025011,EMBASSY,RR,,,,,EMBASSY OFFICE PARKS REIT,440.29,441.25,438.5,440.0,440.2,440.29,,440.0,,,1466185,645706521.08,12706,F1,1,,,,,
2026-08-18,2026-08-18,CM,NSE,STK,24398,INE168P01015,EMCURE,EQ,,,,,EMCURE PHARMACEUTICALS L,1879.0,1889.0,1861.1,1874.5,1877.5,1873.9,,1874.81,,,136782,256798867.1,14936,F1,1,,,,,
2026-08-18,2026-08-18,CM,NSE,STK,27629,INE0RHD01013,ETML,SM,,,,,EMERALD TYRE MANUF LTD,82.0,82.35,82.0,82.35,82.35,82.35,,82.35,,,15600,1283640.0,13,F1,1200,,,,,
2026-08-18,2026-08-18,CM,NSE,STK,13421,INE296H01011,EMKAY,EQ,,,,,EMKAY GLOBAL FIN SERV LTD,235.29,242.89,232.51,236.8,239.0,235.29,,236.8,,,6354,1498399.33,444,F1,1,,,,,
2026-08-18,2026-08-18,CM,NSE,STK,18146,INE753K01015,EMMBI,BE,,,,,EMMBI INDUSTRIES LIMITED,83.44,83.44,81.8,82.12,82.0,83.03,,82.12,,,4014,330326.09,53,F1,1,,,,,
2026-08-18,2026-08-18,CM,NSE,STK,759728,INE1C6T01020,EMMVEE,EQ,,,,,EMMVEE PHOTOVOLTAIC PWR L,319.25,325.0,316.4,317.7,318.7,320.75,,317.7,,,1134683,363141967.9,21084,F1,1,,,,,
2026-08-18,2026-08-18,CM,NSE,STK,764673,INE515H01014,EMPIND,EQ,,,,,EMPIRE INDUSTRIES LTD.,1107.0,1146.0,1107.0,1116.2,1115.3,1102.5,,1118.62,,,1035,1164347.9,140,F1,1,,,,,
2026-08-18,2026-08-18,CM,NSE,STK,762670,INE507F01023,EMPOWER,EQ,,,,,EMPOWER INDIA LTD.,2.18,2.24,2.16,2.22,2.22,2.16,,2.22,,,3515579,7789813.44,1972,F1,1,,,,,
2026-08-18,2026-08-18,CM,NSE,STK,18593,INE0OV601013,EMSLIMITED,EQ,,,,,EMS LIMITED,369.1,380.6,365.95,375.75,375.0,369.1,,375.75,,,196725,73643585.2,5763,F1,1,,,,,
2026-08-18,2026-08-18,CM,NSE,STK,9756,INE01QM01018,EMUDHRA,EQ,,,,,EMUDHRA LIMITED,517.7,565.0,509.0,562.05,560.2,518.75,,562.02,,,705436,383163850.45,22466,F1,1,,,,,
2026-08-18,2026-08-18,CM,NSE,STK,760321,INE433T01015,ENCOMPAS,SM,,,,,ENCOMPASS DESIGN INDIA L,245.0,254.7,235.0,237.65,237.0,245.6,,237.65,,,82000,19571980.0,68,F1,400,,,,,
2026-08-18,2026-08-18,CM,NSE,STK,18822,INE913H01037,ENDURANCE,EQ,,,,,ENDURANCE TECHNO. LTD.,2987.3,3036.3,2969.0,3018.3,3008.7,2978.2,,3018.19,,,130419,392474927.9,18268,F1,1,,,,,
2026-08-18,2026-08-18,CM,NSE,STK,15049,INE306C01019,ENERGYDEV,EQ,,,,,ENERGY DEVE. CO.LTD,16.49,16.96,16.22,16.53,16.69,16.51,,16.55,,,31018,508274.49,200,F1,1,,,,,
2026-08-18,2026-08-18,CM,NSE,STK,23745,INE0S1L01013,EMMIL,SM,,,,,ENERGY MISSION MACH IND L,122.0,128.0,120.8,126.45,124.8,127.65,,126.45,,,7500,919450.0,17,F1,250,,,,,
2026-08-18,2026-08-18,CM,NSE,STK,23224,INE0S3X01014,ENFUSE,SM,,,,,ENFUSE SOLUTIONS LIMITED,177.0,177.0,161.5,161.5,161.5,159.7,,161.5,,,1200,203100.0,2,F1,600,,,,,
2026-08-18,2026-08-18,CM,NSE,STK,4907,INE510A01028,ENGINERSIN,EQ,,,,,ENGINEERS INDIA LTD,239.25,249.0,239.25,244.78,244.25,240.18,,244.75,,,2435107,597492410.49,26314,F1,1,,,,,
2026-08-18,2026-08-18,CM,NSE,STK,764678,INE130L01014,ENKEIWHEL,EQ,,,,,ENKEI WHEELS (INDIA) LTD.,410.0,410.0,400.0,408.9,409.5,400.85,,403.69,,,2398,967255.8,49,F1,1,,,,,
2026-08-18,2026-08-18,CM,NSE,STK,23230,INE0R9I01021,ENSER,SM,,,,,ENSER COMMUNICATIONS LTD,14.75,15.9,14.75,15.25,15.25,14.35,,15.25,,,70000,1064250.0,13,F1,5000,,,,,
2026-08-18,2026-08-18,CM,NSE,STK,22717,INE010601016,ENTERO,EQ,,,,,ENTERO HEALTHCARE SOLU L,1400.0,1433.4,1384.0,1408.2,1410.0,1401.6,,1408.2,,,113687,159986290.2,13241,F1,1,,,,,
2026-08-18,2026-08-18,CM,NSE,STK,13192,INE265F01028,ENIL,EQ,,,,,ENTERTAIN NET. IND. LTD.,102.97,102.97,100.5,100.86,100.86,101.02,,100.86,,,72965,7364787.03,650,F1,1,,,,,
2026-08-18,2026-08-18,CM,NSE,STK,27213,INE0LLY01014,EIEL,EQ,,,,,ENVIRO INFRA ENGINEERS L,200.24,201.89,196.5,197.18,197.59,200.16,,197.18,,,439150,86831408.01,7215,F1,1,,,,,
2026-08-18,2026-08-18,CM,NSE,STK,25412,INE0SUH01015,ENVIRO,SM,,,,,ENVIROTECH SYSTEMS LTD,73.5,73.9,73.15,73.4,73.9,73.5,,73.4,,,17000,1247900.0,13,F1,1000,,,,,
2026-08-18,2026-08-18,CM,NSE,STK,22463,INE0G5901015,EPACK,EQ,,,,,EPACK DURABLE LIMITED,211.0,212.75,208.26,209.57,210.87,210.7,,209.55,,,267478,56318534.42,4491,F1,1,,,,,
2026-08-18,2026-08-18,CM,NSE,STK,759251,INE0MLS01022,EPACKPEB,EQ,,,,,EPACK PREFAB TECHN LTD,222.0,225.3,218.3,223.85,224.0,221.55,,223.88,,,532737,118205187.45,9441,F1,1,,,,,
2026-08-18,2026-08-18,CM,NSE,STK,5382,INE071N01016,EPIGRAL,EQ,,,,,EPIGRAL LIMITED,1097.0,1103.7,1075.0,1079.6,1079.1,1097.1,,1079.6,,,38584,41773813.3,2357,F1,1,,,,,
2026-08-18,2026-08-18,CM,NSE,STK,981,INE255A01020,EPL,EQ,,,,,EPL LIMITED,242.95,246.53,242.6,245.15,246.0,242.99,,245.14,,,823068,201815255.63,14312,F1,1,,,,,
2026-08-18,2026-08-18,CM,NSE,STK,758346,INE11HF01010,EEPL,SM,,,,,EPPELTONE ENGINEERS LTD,132.1,139.95,132.0,138.5,138.6,133.85,,138.5,,,36000,4931000.0,33,F1,1000,,,,,
2026-08-18,2026-08-18,CM,NSE,STK,761217,INE1KEC01023,EPWINDIA,ST,,,,,EPW INDIA LIMITED,215.0,225.75,215.0,225.75,225.75,215.0,,225.75,,,20400,4475100.0,10,F1,1200,,,,,
2026-08-18,2026-08-18,CM,NSE,STK,3553,INE217G01035,EQUIPPP,BE,,,,,EQUIPPP SOC IMP TECH LTD,21.99,22.83,21.5,22.8,22.83,21.75,,22.77,,,41194,934963.18,56,F1,1,,,,,
2026-08-18,2026-08-18,CM,NSE,STK,913,INE063P01018,EQUITASBNK,EQ,,,,,EQUITAS SMALL FIN BNK LTD,74.5,76.4,74.26,76.12,76.0,74.92,,76.05,,,3573116,269026271.41,20553,F1,1,,,,,
2026-08-18,2026-08-18,CM,NSE,STK,21154,INE406M01024,ERIS,EQ,,,,,ERIS LIFESCIENCES LIMITED,1348.9,1357.0,1335.0,1350.1,1350.0,1348.9,,1350.1,,,125273,168948171.5,14556,F1,1,,,,,
2026-08-18,2026-08-18,CM,NSE,STK,955,INE284A01012,ESABINDIA,EQ,,,,,ESAB INDIA LTD,6289.0,6323.5,6151.0,6177.5,6156.5,6289.0,,6177.72,,,2894,18026442.0,1206,F1,1,,,,,
2026-08-18,2026-08-18,CM,NSE,STK,19884,INE818W01011,ESAFSFB,BE,,,,,ESAF SMALL FINANCE BANK L,39.8,40.55,38.06,40.41,40.5,39.26,,40.4,,,1072722,42432524.78,2689,F1,1,,,,,
2026-08-18,2026-08-18,CM,NSE,STK,22764,INE0RQZ01017,ESCONET,SM,,,,,ESCONET TECHNOLOGIES LTD,188.0,188.0,172.8,177.95,177.5,192.0,,177.95,,,243600,42928640.0,470,F1,400,,,,,
2026-08-18,2026-08-18,CM,NSE,STK,958,INE042A01014,ESCORTS,EQ,,,,,ESCORTS KUBOTA LIMITED,3149.3,3149.3,3052.0,3062.1,3070.0,3133.6,,3061.97,,,51759,159561171.7,7545,F1,1,,,,,
2026-08-18,2026-08-18,CM,NSE,STK,759296,INE818W08149,113ESFB31,N0,,,,,ESFB 11.3% 2031 SR 2,102000.0,102000.0,100002.0,100002.0,100002.0,100000.0,,100002.0,,,3,302004.0,2,F1,1,,,,,
2026-08-18,2026-08-18,CM,NSE,STK,24678,INE0SBP01018,ESPRIT,SM,,,,,ESPRIT STONES LIMITED,66.0,66.9,64.25,66.2,66.75,67.0,,66.2,,,40000,2636720.0,23,F1,1600,,,,,
2026-08-18,2026-08-18,CM,NSE,STK,25634,INE122M01019,ESSARSHPNG,EQ,,,,,ESSAR SHIPPING LTD,16.29,16.38,15.86,15.96,15.97,15.99,,15.96,,,283821,4549198.19,1236,F1,1,,,,,
2026-08-18,2026-08-18,CM,NSE,STK,17084,INE0ITO01014,ESFL,SM,,,,,ESSEN SPECIALITY FILMS L,133.15,133.15,129.0,130.6,132.75,133.8,,130.6,,,12960,1700838.0,32,F1,360,,,,,
2026-08-18,2026-08-18,CM,NSE,STK,24265,INE778B01029,ESTER,EQ,,,,,ESTER INDUSTRIES LTD,99.42,100.62,96.6,97.55,96.8,98.96,,97.53,,,105357,10369527.79,1948,F1,1,,,,,
2026-08-18,2026-08-18,CM,NSE,STK,5097,INE758T01015,ETERNAL,EQ,,,,,ETERNAL LIMITED,318.0,321.2,315.55,315.9,315.9,318.0,,315.9,,,18387007,5845756829.4,128657,F1,1,,,,,
2026-08-18,2026-08-18,CM,NSE,STK,9750,INE04TZ01018,ETHOSLTD,EQ,,,,,ETHOS LIMITED,2956.5,3062.7,2850.1,2892.2,2870.0,2788.6,,2892.18,,,961244,2810280268.1,84966,F1,1,,,,,
2026-08-18,2026-08-18,CM,NSE,STK,25162,INE0KCE01017,EUREKAFORB,EQ,,,,,EUREKA FORBES LIMITED,432.05,436.15,429.2,431.95,431.7,432.0,,432.05,,,149714,64688384.0,6688,F1,1,,,,,
2026-08-18,2026-08-18,CM,NSE,STK,6042,INE546V01010,EIFFL,BE,,,,,EURO (I) FRESH FOODS LTD,260.95,260.95,251.1,259.55,255.0,261.0,,259.55,,,11795,2988169.8,102,F1,1,,,,,
2026-08-18,2026-08-18,CM,NSE,STK,757953,INE505V01016,EUROBOND,EQ,,,,,EURO PANEL PRODUCTS LTD,155.0,157.99,153.25,157.68,156.11,155.0,,157.55,,,3689,577265.3,191,F1,1,,,,,
2026-08-18,2026-08-18,CM,NSE,STK,759797,INE198501012,EUROPRATIK,EQ,,,,,EURO PRATIK SALES LIMITED,281.0,283.4,272.4,274.3,274.3,283.75,,274.3,,,149710,41416091.6,2314,F1,1,,,,,
2026-08-18,2026-08-18,CM,NSE,STK,8886,INE022C01012,EUROTEXIND,BE,,,,,EUROTEX IND & EXPORTS LTD,14.0,14.0,14.0,14.0,14.0,13.92,,14.0,,,89,1246.0,3,F1,1,,,,,
2026-08-18,2026-08-18,CM,NSE,STK,11782,INE128A01029,EVEREADY,EQ,,,,,EVEREADY INDS. IND.  LTD.,354.7,354.9,351.5,354.3,354.0,352.9,,354.29,,,28010,9886615.7,982,F1,1,,,,,
2026-08-18,2026-08-18,CM,NSE,STK,6017,INE295A01018,EVERESTIND,BE,,,,,EVEREST INDUSTRIES LTD,450.0,456.0,436.15,442.4,445.25,449.65,,442.86,,,3084,1374147.7,113,F1,1,,,,,
2026-08-18,2026-08-18,CM,NSE,STK,13091,INE184H01027,EKC,EQ,,,,,EVEREST KANTO CYLINDERLTD,109.53,109.9,108.11,108.59,108.69,109.53,,108.58,,,130325,14178584.49,1932,F1,1,,,,,
2026-08-18,2026-08-18,CM,NSE,STK,11471,INE369A01029,EXCELINDUS,EQ,,,,,EXCEL INDUSTRIES LTD,995.65,997.45,981.05,985.2,981.35,990.55,,984.97,,,2480,2447986.65,311,F1,1,,,,,
2026-08-18,2026-08-18,CM,NSE,STK,25327,INE0Y4801011,EXCELLENT,ST,,,,,EXCELLENT WIRES N PACK L,197.0,197.0,195.7,195.7,195.7,206.0,,195.7,,,8000,1568640.0,5,F1,1600,,,,,
2026-08-18,2026-08-18,CM,NSE,STK,760007,INE606N01019,EXCELSOFT,EQ,,,,,EXCELSOFT TECHNOLOGIES L,73.5,74.82,72.01,72.59,72.4,73.07,,72.6,,,450489,33084655.58,2881,F1,1,,,,,
2026-08-18,2026-08-18,CM,NSE,STK,22947,INE777F01014,EXICOM,EQ,,,,,EXICOM TELE SYSTEMS LTD,148.8,159.65,146.0,158.05,158.99,148.32,,158.07,,,3723146,578448887.71,33802,F1,1,,,,,
2026-08-18,2026-08-18,CM,NSE,STK,676,INE302A01020,EXIDEIND,EQ,,,,,EXIDE INDUSTRIES LTD,474.0,477.6,463.75,465.25,465.15,475.7,,465.23,,,1543959,722812032.45,30689,F1,1,,,,,
2026-08-18,2026-08-18,CM,NSE,STK,760422,INE19I001020,EXIMROUTES,SM,,,,,EXIM ROUTES LIMITED,108.0,108.0,108.0,108.0,108.0,107.1,,108.0,,,800,86400.0,1,F1,800,,,,,
2026-08-18,2026-08-18,CM,NSE,STK,17486,INE201K01015,EXPLEOSOL,EQ,,,,,EXPLEO SOLUTIONS LIMITED,918.0,932.45,891.1,897.7,896.05,923.05,,897.72,,,409143,373878956.15,14215,F1,1,,,,,
2026-08-18,2026-08-18,CM,NSE,STK,5352,INE0GFE01026,EXXARO,EQ,,,,,EXXARO TILES LIMITED,6.15,6.24,6.0,6.13,6.17,6.0,,6.13,,,628072,3858151.56,300,F1,1,,,,,
2026-08-18,2026-08-18,CM,NSE,STK,760125,INE0HF201011,FABTECH,EQ,,,,,FABTECH TECHNOLOGIES LTD,145.9,146.99,143.56,145.73,145.0,145.91,,145.71,,,158425,23006906.27,1428,F1,1,,,,,
2026-08-18,2026-08-18,CM,NSE,STK,1008,INE188A01015,FACT,EQ,,,,,FACT LTD,790.0,799.85,789.0,794.85,793.3,793.25,,794.83,,,54378,43124895.95,4178,F1,1,,,,,
2026-08-18,2026-08-18,CM,NSE,STK,1619,INE0DNW01011,FAIRCHEMOR,BE,,,,,FAIRCHEM ORGANICS LIMITED,673.7,673.7,673.7,673.7,673.7,687.4,,673.7,,,22221,14970287.7,160,F1,1,,,,,
2026-08-18,2026-08-18,CM,NSE,STK,24150,INE0PQK01013,FALCONTECH,SM,,,,,FALCON TECHNOPROJ IND LTD,12.65,12.75,12.65,12.75,12.75,12.45,,12.75,,,10800,137340.0,9,F1,1200,,,,,
2026-08-18,2026-08-18,CM,NSE,STK,12000,INE963C01033,FAZE3Q,EQ,,,,,FAZE THREE LIMITED,487.85,491.55,480.6,483.7,481.0,484.45,,483.6,,,13043,6323415.65,703,F1,1,,,,,
2026-08-18,2026-08-18,CM,NSE,STK,11999,INE512B01022,FCSSOFT,EQ,,,,,FCS SOFTWARE SOLN. LTD.,1.52,1.52,1.49,1.49,1.49,1.51,,1.49,,,1107587,1669249.16,989,F1,1,,,,,
2026-08-18,2026-08-18,CM,NSE,STK,4898,INE258B01022,FDC,EQ,,,,,FDC LIMITED,354.3,355.75,350.9,351.55,351.95,354.3,,351.53,,,67249,23748812.45,4662,F1,1,,,,,
2026-08-18,2026-08-18,CM,NSE,STK,20322,INE007N01010,FEDFINA,EQ,,,,,FEDBANK FINANCIAL SER L,151.25,152.0,150.35,150.86,150.6,152.0,,150.85,,,507069,76555281.71,9524,F1,1,,,,,
2026-08-18,2026-08-18,CM,NSE,STK,762675,INE417D01020,FEDDERSHOL,EQ,,,,,FEDDERS HOLDING LTD.,40.1,41.8,40.07,41.0,41.8,40.1,,41.0,,,123208,5006462.31,1204,F1,1,,,,,
2026-08-18,2026-08-18,CM,NSE,STK,1023,INE171A01029,FEDERALBNK,EQ,,,,,FEDERAL BANK LTD,354.2,358.6,352.5,357.8,357.8,354.1,,357.8,,,2828360,1006094022.3,40451,F1,1,,,,,
2026-08-18,2026-08-18,CM,NSE,STK,1190,INE529A01010,FMGOETZE,EQ,,,,,FEDERAL-MOGUL GOETZE (IND,454.25,469.75,451.05,462.65,466.0,453.95,,462.66,,,38297,17719691.1,1824,F1,1,,,,,
2026-08-18,2026-08-18,CM,NSE,STK,573,INE901X01013,FELIX,SM,,,,,FELIX INDUSTRIES LTD.,183.9,189.0,183.9,185.6,187.0,182.9,,185.6,,,66500,12413275.0,102,F1,500,,,,,
2026-08-18,2026-08-18,CM,NSE,STK,762680,INE225B01021,FERMENTA,EQ,,,,,FERMENTA BIOTECH LTD.,460.15,465.7,442.05,454.2,457.15,457.05,,454.22,,,118947,53711260.15,5627,F1,1,,,,,
2026-08-18,2026-08-18,CM,NSE,STK,8159,INE296C01020,FIBERWEB,EQ,,,,,FIBERWEB INDIA LIMITED,27.0,27.54,25.31,26.48,26.24,26.96,,26.5,,,70942,1892304.41,482,F1,1,,,,,
2026-08-18,2026-08-18,CM,NSE,STK,9858,INE0LQQ01019,FIDEL,SM,,,,,FIDEL SOFTECH LIMITED,134.0,139.0,134.0,135.25,135.25,135.9,,135.25,,,5000,677250.0,5,F1,1000,,,,,
2026-08-18,2026-08-18,CM,NSE,STK,13710,INE737H01014,FIEMIND,EQ,,,,,FIEM INDUSTRIES LIMITED,2281.7,2293.9,2214.1,2219.1,2222.9,2281.7,,2219.14,,,131958,295780139.2,16380,F1,1,,,,,
2026-08-18,2026-08-18,CM,NSE,STK,23647,INE185E01021,FILATFASH,EQ,,,,,FILATEX FASHIONS LIMITED,0.18,0.19,0.18,0.18,0.19,0.18,,0.18,,,22162574,4059158.35,1660,F1,1,,,,,
2026-08-18,2026-08-18,CM,NSE,STK,24532,INE816B01035,FILATEX,EQ,,,,,FILATEX INDIA LTD,82.5,87.27,82.49,86.75,86.6,82.72,,86.74,,,5428534,464921745.06,24668,F1,1,,,,,
2026-08-18,2026-08-18,CM,NSE,STK,759776,INE0EDU01014,FINBUD,SM,,,,,FINBUD FINANCIAL SERV LTD,140.4,141.9,138.6,140.45,140.85,139.4,,140.45,,,12000,1685650.0,12,F1,1000,,,,,
2026-08-18,2026-08-18,CM,NSE,STK,3744,INE686Y01026,FINEORG,EQ,,,,,FINE ORGANIC IND. LTD.,5147.0,5172.0,5070.2,5093.1,5110.0,5110.4,,5092.91,,,19759,100829030.9,6624,F1,1,,,,,
2026-08-18,2026-08-18,CM,NSE,STK,6198,INE045J01034,FCL,EQ,,,,,FINEOTEX CHEMICAL LIMITED,43.36,44.6,42.2,43.81,44.1,43.41,,43.81,,,9734413,421587300.92,28541,F1,1,,,,,
2026-08-18,2026-08-18,CM,NSE,STK,759239,INE734I01027,FINKURVE,EQ,,,,,FINKURVE FINANCIAL SERV L,71.7,79.0,70.39,78.19,77.35,72.93,,78.18,,,466773,35949435.87,4469,F1,1,,,,,
2026-08-18,2026-08-18,CM,NSE,STK,6579,INE02NC01014,FINOPB,EQ,,,,,FINO PAYMENTS BANK LTD,147.49,153.0,147.0,151.74,150.6,146.95,,151.77,,,508594,76381441.48,7193,F1,1,,,,,
2026-08-18,2026-08-18,CM,NSE,STK,1038,INE235A01022,FINCABLES,EQ,,,,,FINOLEX CABLES LTD,1320.85,1339.3,1300.3,1329.35,1321.6,1320.85,,1329.37,,,884780,1169428845.0,31200,F1,1,,,,,
2026-08-18,2026-08-18,CM,NSE,STK,1041,INE183A01024,FINPIPE,EQ,,,,,FINOLEX INDUSTRIES LTD,159.9,160.3,157.0,158.34,158.77,159.36,,158.34,,,461428,73149342.58,16438,F1,1,,,,,
2026-08-18,2026-08-18,CM,NSE,STK,14304,INE684F01012,FSL,EQ,,,,,FIRSTSOURCE SOLU. LTD.,267.6,268.45,263.15,263.85,264.0,267.75,,263.85,,,767189,203041714.4,13482,F1,1,,,,,
2026-08-18,2026-08-18,CM,NSE,STK,757658,INE771F01041,FISCHER,EQ,,,,,FISCHER MEDICAL VENTURE L,37.95,38.41,36.9,38.13,38.13,37.27,,38.13,,,3418002,128751042.08,3480,F1,1,,,,,
2026-08-18,2026-08-18,CM,NSE,STK,12032,INE128S01021,FIVESTAR,EQ,,,,,FIVE-STAR BUS FIN LTD,533.1,537.2,531.5,535.35,536.0,537.75,,535.35,,,156612,83636753.2,10384,F1,1,,,,,
2026-08-18,2026-08-18,CM,NSE,STK,20372,INE00Y201027,FLAIR,EQ,,,,,FLAIR WRITING INDUST LTD,252.0,253.4,248.7,252.05,252.0,255.1,,252.07,,,181752,45698984.5,3718,F1,1,,,,,
2026-08-18,2026-08-18,CM,NSE,STK,25516,INE060J01017,FLEXITUFF,BE,,,,,FLEXITUFF VENTURES INT L,3.05,3.1,2.89,2.89,2.89,3.04,,2.89,,,170685,499508.79,188,F1,1,,,,,
2026-08-18,2026-08-18,CM,NSE,STK,758208,INE0VCK01011,FLYSBS,SM,,,,,FLYSBS AVIATION LIMITED,520.1,539.0,511.1,520.95,524.75,527.0,,520.95,,,157400,82363100.0,400,F1,200,,,,,
2026-08-18,2026-08-18,CM,NSE,STK,760331,INE0SQZ01015,FWSTC,SM,,,,,FLYWINGS SIMULAT T C LTD,190.0,191.25,190.0,190.0,190.0,190.0,,190.0,,,33000,6294600.0,6,F1,600,,,,,
2026-08-18,2026-08-18,CM,NSE,STK,6839,INE593W01028,FOCUS,BE,,,,,FOCUS LIGHTG & FIXTRS LTD,72.37,72.37,67.9,69.08,70.0,68.93,,69.08,,,49091,3515539.75,282,F1,1,,,,,
2026-08-18,2026-08-18,CM,NSE,STK,6673,INE976E01023,FOODSIN,EQ,,,,,FOODS & INNS LIMITED,54.63,56.25,52.94,55.0,54.5,53.75,,55.0,,,425803,23450213.78,2700,F1,1,,,,,
2026-08-18,2026-08-18,CM,NSE,STK,24917,INE0U2501017,FORCAS,ST,,,,,FORCAS STUDIO LIMITED,215.0,217.5,210.0,210.0,210.0,207.5,,210.0,,,17600,3766480.0,9,F1,1600,,,,,
2026-08-18,2026-08-18,CM,NSE,STK,11573,INE451A01017,FORCEMOT,EQ,,,,,FORCE MOTORS LIMITED,18549.0,18726.0,18081.0,18200.0,18200.0,18605.0,,18203.66,,,77240,1412894004.0,21540,F1,1,,,,,
2026-08-18,2026-08-18,CM,NSE,STK,25664,INE0YKW01013,FORGEAUTO,SM,,,,,FORGE AUTO INTERNATION L,106.0,106.0,106.0,106.0,106.0,108.0,,106.0,,,1200,127200.0,1,F1,1200,,,,,
2026-08-18,2026-08-18,CM,NSE,STK,14592,INE061F01013,FORTIS,EQ,,,,,FORTIS HEALTHCARE LTD,912.4,918.25,905.35,916.7,916.7,908.75,,916.69,,,1108225,1012452474.75,29643,F1,1,,,,,
2026-08-18,2026-08-18,CM,NSE,STK,1073,INE519A01011,FOSECOIND,EQ,,,,,FOSECO INDIA LTD,5550.0,5800.0,5480.0,5511.5,5500.0,5641.0,,5511.64,,,4538,25257611.0,1120,F1,1,,,,,
2026-08-18,2026-08-18,CM,NSE,STK,760961,INE212S01015,FRACTAL,EQ,,,,,FRACTAL ANALYTICS LIMITED,817.9,834.0,804.0,825.5,821.0,818.0,,825.58,,,467766,383720732.45,22298,F1,1,,,,,
2026-08-18,2026-08-18,CM,NSE,STK,764683,INE194R01017,FREDUN,EQ,,,,,FREDUN PHARMACEUTICALS L,1450.1,1499.8,1400.0,1436.7,1460.0,1474.0,,1439.04,,,28535,41317840.9,2288,F1,1,,,,,
2026-08-18,2026-08-18,CM,NSE,STK,25871,INE0SFW01015,FRESHARA,ST,,,,,FRESHARA AGRO EXPORTS LTD,340.0,358.7,338.0,352.95,358.7,341.65,,352.95,,,19200,6669900.0,28,F1,600,,,,,
2026-08-18,2026-08-18,CM,NSE,STK,11504,INE385O01018,FROG,ST,,,,,FROG INNOVATIONS LIMITED,211.2,215.4,211.2,215.4,215.4,211.2,,215.4,,,10800,2307040.0,15,F1,400,,,,,
2026-08-18,2026-08-18,CM,NSE,STK,762685,INE572D01014,FRONTSP,EQ,,,,,FRONTIER SPRINGS LTD.,1310.9,1310.9,1260.0,1284.7,1298.0,1287.0,,1285.3,,,37490,47917917.3,4377,F1,1,,,,,
2026-08-18,2026-08-18,CM,NSE,STK,6545,INE388Y01029,NYKAA,EQ,,,,,FSN E COMMERCE VENTURES,325.4,328.45,320.6,320.6,320.6,327.05,,320.6,,,1681742,543998634.2,14809,F1,1,,,,,
2026-08-18,2026-08-18,CM,NSE,STK,759876,INE12UR01024,UTLSOLAR,EQ,,,,,FUJIYAMA POWER SYSTEMS L,468.8,475.0,450.0,468.3,472.0,464.4,,468.29,,,702439,322649841.5,20228,F1,1,,,,,
2026-08-18,2026-08-18,CM,NSE,STK,11932,INE139R01012,FUSION,EQ,,,,,FUSION FINANCE LIMITED,195.38,196.01,188.13,189.87,189.61,195.58,,189.87,,,834013,158986232.12,14834,F1,1,,,,,
2026-08-18,2026-08-18,CM,NSE,STK,14868,INE452O01016,FLFL,BZ,,,,,FUT LIFESTYLE FASH LTD,1.2,1.21,1.14,1.16,1.21,1.2,,1.17,,,45344,53384.16,67,F1,1,,,,,
2026-08-18,2026-08-18,CM,NSE,STK,13812,INE623B01027,FEL,BZ,,,,,FUTURE ENTERPRISES LTD,0.39,0.4,0.39,0.4,0.4,0.39,,0.4,,,122378,48434.73,150,F1,1,,,,,
2026-08-18,2026-08-18,CM,NSE,STK,30491,IN9623B01058,FELDVR,BZ,,,,,FUTURE ENTERPRISES LTD,2.48,2.54,2.3,2.42,2.42,2.42,,2.42,,,1018,2433.2,22,F1,1,,,,,
2026-08-18,2026-08-18,CM,NSE,STK,21021,INE360L01017,FMNL,BE,,,,,FUTURE MKT NETWORKS LTD,8.87,8.87,8.55,8.67,8.8,8.73,,8.67,,,23886,206278.18,129,F1,1,,,,,
2026-08-18,2026-08-18,CM,NSE,STK,1168,INE075D01018,GMBREW,EQ,,,,,G M BREWERIES LTD,891.35,906.45,875.0,880.3,879.25,891.35,,880.33,,,83951,74559749.6,3534,F1,1,,,,,
2026-08-18,2026-08-18,CM,NSE,STK,5054,INE201P01022,GRINFRA,EQ,,,,,G R INFRAPROJECTS LIMITED,871.6,874.35,866.55,868.8,867.0,871.6,,868.82,,,7702,6701478.75,1156,F1,1,,,,,
2026-08-18,2026-08-18,CM,NSE,STK,1135,INE586X01012,GTECJAINX,BE,,,,,G-TEC JAINX EDUCATION LTD,29.98,30.5,28.55,30.5,30.5,29.98,,30.5,,,6427,193128.39,55,F1,1,,,,,
2026-08-18,2026-08-18,CM,NSE,STK,1085,INE524A01029,GABRIEL,EQ,,,,,GABRIEL INDIA LTD,1440.0,1484.4,1432.6,1467.6,1469.0,1442.5,,1467.63,,,203545,299196865.4,21343,F1,1,,,,,
2026-08-18,2026-08-18,CM,NSE,STK,18018,INE224E01028,GATECH,BE,,,,,GACM TECHNOLOGIES LIMITED,0.81,0.81,0.8,0.8,0.81,0.78,,0.8,,,30110999,24378134.77,6853,F1,1,,,,,
2026-08-18,2026-08-18,CM,NSE,STK,27,INE224E01036,GATECHDVR,BE,,,,,GACM TECHNOLOGIES LIMITED,0.52,0.52,0.5,0.51,0.52,0.5,,0.51,,,462301,239948.33,214,F1,1,,,,,
2026-08-18,2026-08-18,CM,NSE,STK,4717,INE129A01019,GAIL,EQ,,,,,GAIL (INDIA) LTD,172.2,173.55,171.62,173.5,173.5,172.1,,173.5,,,6079875,1049387056.51,68278,F1,1,,,,,
2026-08-18,2026-08-18,CM,NSE,STK,25244,INE0QTE01018,GAJANAND,SM,,,,,GAJANAND INTERNATIONAL L,8.0,8.0,8.0,8.0,8.0,7.95,,8.0,,,3000,24000.0,1,F1,3000,,,,,
2026-08-18,2026-08-18,CM,NSE,STK,25134,INE0RE001014,GALAPREC,EQ,,,,,GALA PRECISION ENG LTD,1018.0,1067.9,1010.1,1059.6,1065.0,1018.0,,1059.67,,,50441,52572534.7,3872,F1,1,,,,,
2026-08-18,2026-08-18,CM,NSE,STK,759089,INE09A801015,GML,SM,,,,,GALAXY MEDICARE LIMITED,19.2,19.2,18.6,18.6,18.6,19.5,,18.6,,,18000,340800.0,7,F1,2000,,,,,
2026-08-18,2026-08-18,CM,NSE,STK,1315,INE600K01018,GALAXYSURF,EQ,,,,,GALAXY SURFACTANTS LTD,2403.0,2459.9,2360.4,2438.4,2433.9,2403.7,,2438.46,,,131965,320098942.6,18514,F1,1,,,,,
2026-08-18,2026-08-18,CM,NSE,STK,13337,INE297H01019,GALLANTT,EQ,,,,,GALLANTT ISPAT LIMITED,585.2,588.1,575.05,576.3,576.0,582.95,,576.27,,,18807,10874917.8,2015,F1,1,,,,,
2026-08-18,2026-08-18,CM,NSE,STK,20303,INE717W01049,GANDHAR,EQ,,,,,GANDHAR OIL REFINE IND L,247.4,256.9,247.4,255.1,255.0,246.69,,255.07,,,2220605,564033824.15,28256,F1,1,,,,,
2026-08-18,2026-08-18,CM,NSE,STK,14116,INE524B01027,GANDHITUBE,EQ,,,,,GANDHI SPL. TUBES LTD,877.25,891.0,875.2,887.3,886.1,877.25,,887.35,,,5791,5123341.15,427,F1,1,,,,,
2026-08-18,2026-08-18,CM,NSE,STK,5617,INE388A01029,GANESHBE,BE,,,,,GANESH BENZOPLAST LIMITED,119.8,120.0,112.24,115.46,115.48,118.13,,115.31,,,169253,19457424.78,700,F1,1,,,,,
2026-08-18,2026-08-18,CM,NSE,STK,759012,INE652V01016,GANESHCP,EQ,,,,,GANESH CONSUMER PRODUCT L,164.9,167.38,162.5,165.38,165.0,163.96,,165.39,,,198021,32533616.98,2678,F1,1,,,,,
2026-08-18,2026-08-18,CM,NSE,STK,24439,INE0R8C01018,GGBL,SM,,,,,GANESH GREEN BHARAT LTD,233.8,240.0,231.15,239.2,237.5,233.8,,239.2,,,18000,4271040.0,46,F1,300,,,,,
2026-08-18,2026-08-18,CM,NSE,STK,14339,INE460C01014,GANESHHOU,EQ,,,,,GANESH HOUSING LIMITED,837.95,853.5,828.95,847.0,846.0,838.0,,846.99,,,38087,32052641.3,2023,F1,1,,,,,
2026-08-18,2026-08-18,CM,NSE,STK,27351,INE0TVT01024,GANESHIN,ST,,,,,GANESH INFRAWORLD LIMITED,110.0,117.3,108.0,117.3,117.3,111.75,,117.3,,,120000,13898920.0,110,F1,800,,,,,
2026-08-18,2026-08-18,CM,NSE,STK,6944,INE845D01014,GANECOS,EQ,,,,,GANESHA ECOSPHERE LIMITED,1101.9,1114.9,1079.0,1101.7,1105.1,1101.2,,1101.78,,,58466,64026092.2,6542,F1,1,,,,,
2026-08-18,2026-08-18,CM,NSE,STK,757525,INE0ZI101018,GANGABATH,SM,,,,,GANGA BATH FITTINGS LTD,22.6,22.6,22.4,22.4,22.4,22.15,,22.4,,,6000,135000.0,2,F1,3000,,,,,
2026-08-18,2026-08-18,CM,NSE,STK,4957,INE691Z01023,GANGAFORGE,EQ,,,,,GANGA FORGING LIMITED,2.37,2.37,2.37,2.37,2.37,2.49,,2.37,,,668638,1584672.06,912,F1,1,,,,,
2026-08-18,2026-08-18,CM,NSE,STK,21399,INE335W01016,GANGESSECU,EQ,,,,,GANGES SECURITIES LIMITED,120.85,123.4,119.0,120.0,120.0,120.31,,121.5,,,4251,517765.31,128,F1,1,,,,,
2026-08-18,2026-08-18,CM,NSE,STK,5475,INE382Z01011,GRSE,EQ,,,,,GARDEN REACH SHIP&ENG LTD,2600.0,2688.0,2592.9,2677.0,2681.0,2600.1,,2677.01,,,1265997,3375570996.5,70492,F1,1,,,,,
2026-08-18,2026-08-18,CM,NSE,STK,25800,INE0JVO01026,GARUDA,EQ,,,,,GARUDA CONSTRUCT N ENG L,182.4,184.5,180.72,182.88,183.0,182.48,,182.87,,,357871,65332889.42,5263,F1,1,,,,,
2026-08-18,2026-08-18,CM,NSE,STK,7982,INE291A01017,GRWRHITECH,EQ,,,,,GARWARE HI-TECH FILMS LTD,7000.0,7138.0,6951.0,7101.0,7121.5,7030.0,,7100.7,,,32049,225799431.5,8996,F1,1,,,,,
2026-08-18,2026-08-18,CM,NSE,STK,1100,INE276A01018,GARFIBRES,EQ,,,,,GARWARE TECH FIBRES LTD,750.0,783.0,743.05,775.7,772.05,748.45,,775.71,,,119840,92122456.65,10594,F1,1,,,,,
2026-08-18,2026-08-18,CM,NSE,STK,8510,INE079J01017,GATEWAY,EQ,,,,,GATEWAY DISTRIPARKS LTD,55.22,55.22,54.4,54.51,54.5,55.15,,54.51,,,867751,47495911.22,10568,F1,1,,,,,
2026-08-18,2026-08-18,CM,NSE,STK,760179,INE0P8B01020,GAUDIUMIVF,BE,,,,,GAUDIUM IVF N WOMEN H L,118.36,118.36,118.36,118.36,118.36,120.77,,118.45,,,13552,1604014.72,238,F1,1,,,,,
2026-08-18,2026-08-18,CM,NSE,STK,3693,INE287Z01012,GAYAHWS,EQ,,,,,GAYATRI HIGHWAYS LIMITED,1.93,1.94,1.87,1.91,1.92,1.89,,1.91,,,152362,290716.67,267,F1,1,,,,,
2026-08-18,2026-08-18,CM,NSE,STK,25027,INE336H01023,GAYAPROJ,BE,,,,,GAYATRI PROJECTS LTD,21.8,22.17,21.09,21.75,21.8,22.2,,21.77,,,705058,15370307.72,1501,F1,1,,,,,
2026-08-18,2026-08-18,CM,NSE,STK,7862,INE878A01011,GVPIL,EQ,,,,,GE POWER INDIA LIMITED,724.2,724.7,696.65,705.05,703.5,731.15,,705.09,,,531432,375611507.55,14466,F1,1,,,,,
2026-08-18,2026-08-18,CM,NSE,STK,16783,INE200A01026,GVT&D,EQ,,,,,GE VERNOVA T&D INDIA LTD,4290.0,4306.0,4190.0,4195.0,4195.0,4290.0,,4195.0,,,512550,2165123038.4,50193,F1,1,,,,,
2026-08-18,2026-08-18,CM,NSE,STK,13662,INE916G01016,GEECEE,BE,,,,,GEECEE VENTURES LIMITED,363.7,373.9,360.05,365.05,365.05,368.8,,358.5,,,174,63678.8,14,F1,1,,,,,
2026-08-18,2026-08-18,CM,NSE,STK,17922,INE669X01032,GEEKAYWIRE,EQ,,,,,GEEKAY WIRES LIMITED,23.05,23.64,23.05,23.14,23.2,23.26,,23.14,,,82454,1916652.98,913,F1,1,,,,,
2026-08-18,2026-08-18,CM,NSE,STK,759461,INE06XZ01023,GEMAROMA,EQ,,,,,GEM AROMATICS LIMITED,170.0,172.0,167.74,170.1,170.52,169.66,,170.11,,,58590,9968199.35,1231,F1,1,,,,,
2026-08-18,2026-08-18,CM,NSE,STK,277,INE481Y01014,GICRE,EQ,,,,,GENERAL INS CORP OF INDIA,356.5,360.4,354.55,359.9,359.15,355.5,,359.9,,,744475,267024151.15,14669,F1,1,,,,,
2026-08-18,2026-08-18,CM,NSE,STK,2188,INE854S01022,GENCON,EQ,,,,,GENERIC ENG CONS PROJ LTD,39.94,39.94,38.2,38.81,39.04,39.16,,38.82,,,348180,13606527.52,783,F1,1,,,,,
2026-08-18,2026-08-18,CM,NSE,STK,764513,INE727B20018,GENESYS-RE,BE,,,,,GENESYS INTER CORPORATION,109.0,128.0,108.0,123.6,122.0,108.5,,123.68,,,335699,38755613.3,2474,F1,1,,,,,
2026-08-18,2026-08-18,CM,NSE,STK,10905,INE727B01026,GENESYS,EQ,,,,,GENESYS INTL CORPN LTD,173.65,185.65,168.5,182.3,182.8,170.85,,182.29,,,1145549,202465244.5,18209,F1,1,,,,,
2026-08-18,2026-08-18,CM,NSE,STK,758842,INE06H201014,GENSOL,BZ,,,,,GENSOL ENGINEERING LTD,17.9,18.32,17.45,18.32,18.32,17.45,,18.36,,,30008,547879.64,256,F1,1,,,,,
2026-08-18,2026-08-18,CM,NSE,STK,6600,INE949P01018,GENUSPAPER,EQ,,,,,GENUS P&B LIMITED,11.3,11.85,11.25,11.65,11.58,11.3,,11.65,,,117137,1359555.62,642,F1,1,,,,,
2026-08-18,2026-08-18,CM,NSE,STK,11905,INE955D01029,GENUSPOWER,EQ,,,,,GENUS POWER INFRASTRU LTD,316.0,318.45,311.0,314.55,313.0,318.25,,314.54,,,1107124,348393282.45,17842,F1,1,,,,,
2026-08-18,2026-08-18,CM,NSE,STK,31942,INE1W0N01014,GENXAI,SM,,,,,GENXAI ANALYTICS LIMITED,78.05,79.5,78.05,79.0,79.0,78.65,,79.0,,,8400,662580.0,7,F1,1200,,,,,
2026-08-18,2026-08-18,CM,NSE,STK,11896,INE007B01023,GEOJITFSL,EQ,,,,,GEOJIT FINANCIAL SER L,79.31,81.61,79.31,80.24,80.5,79.31,,80.24,,,250678,20188998.5,3960,F1,1,,,,,
2026-08-18,2026-08-18,CM,NSE,STK,1289,INE538A01037,GFLLIMITED,EQ,,,,,GFL LIMITED,49.97,51.5,49.21,51.22,51.5,49.49,,51.23,,,81157,4089300.19,1543,F1,1,,,,,
2026-08-18,2026-08-18,CM,NSE,STK,1127,INE539A01019,GHCL,EQ,,,,,GHCL LIMITED,432.55,443.95,430.4,439.55,440.0,432.4,,439.51,,,136235,59880468.8,5385,F1,1,,,,,
2026-08-18,2026-08-18,CM,NSE,STK,16696,INE0PA801013,GHCLTEXTIL,EQ,,,,,GHCL TEXTILES LIMITED,119.23,128.55,119.04,127.94,127.55,120.08,,127.87,,,2134661,267031223.73,19173,F1,1,,,,,
2026-08-18,2026-08-18,CM,NSE,STK,1139,INE289B01019,GICHSGFIN,EQ,,,,,GIC HOUSING FINANCE LTD,139.3,139.9,138.01,138.16,138.27,139.39,,138.16,,,77729,10776385.83,1695,F1,1,,,,,
2026-08-18,2026-08-18,CM,NSE,STK,17839,INE047B01011,GILLANDERS,EQ,,,,,GILLANDERS ARBUTHNOT LTD,90.5,92.03,87.54,91.54,91.52,88.49,,91.51,,,3600,324541.59,65,F1,1,,,,,
2026-08-18,2026-08-18,CM,NSE,STK,1576,INE322A01010,GILLETTE,EQ,,,,,GILLETTE INDIA LTD,7569.5,7583.5,7506.0,7517.5,7522.0,7569.5,,7516.77,,,12673,95415039.5,3500,F1,1,,,,,
2026-08-18,2026-08-18,CM,NSE,STK,9294,INE424C01010,GINNIFILA,BE,,,,,GINNIFILAMENTS LTD.,45.38,45.7,44.2,45.02,45.25,44.66,,45.02,,,15057,676222.12,101,F1,1,,,,,
2026-08-18,2026-08-18,CM,NSE,STK,2365,INE614Z01017,GIRIRAJ,SM,,,,,GIRIRAJ CIVIL DEVP LTD,72.2,72.2,72.2,72.2,72.2,68.8,,72.2,,,10500,758100.0,15,F1,250,,,,,
2026-08-18,2026-08-18,CM,NSE,STK,759048,INE1AG301022,GKENERGY,EQ,,,,,GK ENERGY LIMITED,124.0,126.72,123.3,123.72,123.43,124.43,,123.72,,,282023,35074739.68,4334,F1,1,,,,,
2026-08-18,2026-08-18,CM,NSE,STK,764688,INE265D01015,GKB,EQ,,,,,GKB OPHTHALMICS LTD.,69.0,69.0,60.46,63.03,60.46,65.0,,63.16,,,1217,79022.06,24,F1,1,,,,,
2026-08-18,2026-08-18,CM,NSE,STK,17357,INE528A01020,GKWLIMITED,EQ,,,,,GKW LIMITED,1619.0,1619.0,1602.0,1609.2,1617.0,1607.9,,1609.2,,,134,216638.5,9,F1,1,,,,,
2026-08-18,2026-08-18,CM,NSE,STK,1186,INE068V01023,GLAND,EQ,,,,,GLAND PHARMA LIMITED,2904.0,2925.0,2850.0,2858.6,2855.0,2910.2,,2858.61,,,488656,1407492405.5,30951,F1,1,,,,,
2026-08-18,2026-08-18,CM,NSE,STK,1153,INE159A01016,GLAXO,EQ,,,,,GLAXOSMITHKLINE PHARMA LT,2700.0,2919.0,2691.1,2877.4,2904.0,2702.9,,2877.87,,,477841,1336849497.5,47614,F1,1,,,,,
2026-08-18,2026-08-18,CM,NSE,STK,7406,INE935A01035,GLENMARK,EQ,,,,,GLENMARK PHARMACEUTICALS,2317.4,2332.9,2305.0,2305.0,2305.0,2329.0,,2305.0,,,379551,878733188.4,20714,F1,1,,,,,
2026-08-18,2026-08-18,CM,NSE,STK,1415,INE291W01037,GLOBAL,EQ,,,,,GLOBAL EDUCATION LIMITED,107.45,111.4,105.3,109.13,109.25,107.47,,109.13,,,160551,17428190.58,1558,F1,1,,,,,
2026-08-18,2026-08-18,CM,NSE,STK,11956,INE474Q01031,MEDANTA,EQ,,,,,GLOBAL HEALTH LIMITED,1415.7,1447.0,1410.9,1442.7,1446.9,1415.1,,1442.69,,,309148,441312911.4,16921,F1,1,,,,,
2026-08-18,2026-08-18,CM,NSE,STK,14599,INE0JSX01015,GSLSU,EQ,,,,,GLOBAL SURFACES LIMITED,35.38,35.39,33.74,35.18,35.39,33.71,,35.34,,,253370,8895240.6,949,F1,1,,,,,
2026-08-18,2026-08-18,CM,NSE,STK,13735,INE792H01019,GLOBALVECT,EQ,,,,,GLOBAL VEC HELICORP LTD,150.0,153.0,148.12,150.05,149.0,149.0,,150.01,,,8307,1247869.88,309,F1,1,,,,,
2026-08-18,2026-08-18,CM,NSE,STK,24932,INE0URU01010,GLOBALE,EQ,,,,,GLOBALE TESSILE LIMITED,11.0,11.29,10.9,11.11,11.29,10.87,,11.11,,,4785,52475.26,39,F1,1,,,,,
2026-08-18,2026-08-18,CM,NSE,STK,758572,INE0V3U01015,GLOBECIVIL,EQ,,,,,GLOBE CIVIL PROJECTS LTD,45.38,45.5,44.03,44.62,44.65,44.86,,44.62,,,34332,1543525.14,206,F1,1,,,,,
2026-08-18,2026-08-18,CM,NSE,STK,393,INE581X01021,GLOBE,EQ,,,,,GLOBE ENTERPRISE (I) LTD,2.03,2.03,1.94,1.95,1.96,2.0,,1.95,,,425706,843343.65,275,F1,1,,,,,
2026-08-18,2026-08-18,CM,NSE,STK,761025,INE947T01022,GICL,EQ,,,,,GLOBE INTL CARRIERS LTD,23.75,23.9,23.09,23.68,23.69,23.38,,23.68,,,383201,9050391.48,497,F1,1,,,,,
2026-08-18,2026-08-18,CM,NSE,STK,9764,INE00WS01056,GSTL,SM,,,,,GLOBESECURE TECHNO LTD,15.3,15.3,14.25,14.95,14.95,15.0,,14.95,,,8000,117200.0,8,F1,1000,,,,,
2026-08-18,2026-08-18,CM,NSE,STK,17424,INE615I01010,GLOBUSSPR,EQ,,,,,GLOBUS SPIRITS LTD,882.0,914.0,881.75,899.5,903.0,881.75,,899.27,,,374512,336317189.2,13244,F1,1,,,,,
2026-08-18,2026-08-18,CM,NSE,STK,23590,INE350Z01018,GLOSTERLTD,EQ,,,,,GLOSTER LIMITED,629.55,629.55,600.1,604.7,605.0,619.75,,604.69,,,1992,1210644.1,258,F1,1,,,,,
2026-08-18,2026-08-18,CM,NSE,STK,760118,INE0TQE01026,GLOTTIS,BE,,,,,GLOTTIS LIMITED,65.07,65.9,64.81,64.99,65.01,66.1,,65.1,,,30097,1957089.18,195,F1,1,,,,,
2026-08-18,2026-08-18,CM,NSE,STK,1570,INE541A01023,GMMPFAUDLR,EQ,,,,,GMM PFAUDLER LIMITED,1053.0,1059.0,1020.0,1031.25,1035.0,1056.55,,1031.27,,,183397,190427958.5,13107,F1,1,,,,,
2026-08-18,2026-08-18,CM,NSE,STK,13528,INE776C01039,GMRAIRPORT,EQ,,,,,GMR AIRPORTS LIMITED,102.02,102.56,101.05,101.39,101.39,101.31,,101.39,,,6639327,676298453.92,21476,F1,1,,,,,
2026-08-18,2026-08-18,CM,NSE,STK,8529,INE0CU601026,GMRP&UI,EQ,,,,,GMR POW AND URBAN INFRA L,96.7,98.61,96.03,96.3,96.1,96.7,,96.3,,,849279,82075397.55,11193,F1,1,,,,,
2026-08-18,2026-08-18,CM,NSE,STK,18571,INE934S01014,GNA,EQ,,,,,GNA AXLES LIMITED,563.0,592.0,561.55,581.5,578.05,561.55,,581.55,,,692414,399421610.65,15300,F1,1,,,,,
2026-08-18,2026-08-18,CM,NSE,STK,757862,INE18JU01028,EBGNG,EQ,,,,,GNG ELECTRONICS LIMITED,595.0,595.0,568.0,570.7,570.0,593.0,,570.74,,,306764,176810949.5,12332,F1,1,,,,,
2026-08-18,2026-08-18,CM,NSE,STK,23799,INE03JT01014,GODIGIT,EQ,,,,,GO DIGIT GENERAL INS LTD,254.8,256.9,254.05,255.75,256.2,254.85,,255.71,,,58616,14947503.95,3864,F1,1,,,,,
2026-08-18,2026-08-18,CM,NSE,STK,6964,INE0BJS01011,GOCOLORS,EQ,,,,,GO FASHION INDIA LTD,344.0,349.6,340.35,346.85,347.0,344.05,,346.84,,,178442,61531266.5,3194,F1,1,,,,,
2026-08-18,2026-08-18,CM,NSE,STK,14687,INE426D01013,GOACARBON,EQ,,,,,GOA CARBON LIMITED,360.0,361.9,351.0,353.3,352.55,355.95,,353.46,,,20971,7448350.9,961,F1,1,,,,,
2026-08-18,2026-08-18,CM,NSE,STK,3963,INE077F01035,GOCLCORP,EQ,,,,,GOCL CORPORATION LIMITED,408.0,413.0,401.0,401.65,401.2,408.0,,401.67,,,42815,17293117.9,2282,F1,1,,,,,
2026-08-18,2026-08-18,CM,NSE,STK,25941,INE497S01012,GODAVARIB,EQ,,,,,GODAVARI BIOREFINERIES L,245.1,256.45,245.1,250.3,249.9,245.6,,250.3,,,248159,62231322.05,5342,F1,1,,,,,
2026-08-18,2026-08-18,CM,NSE,STK,13409,INE177H01039,GPIL,EQ,,,,,GODAWARI POW & ISP LTD,251.01,256.0,248.07,255.22,255.0,250.82,,255.22,,,2695925,683401894.05,47440,F1,1,,,,,
2026-08-18,2026-08-18,CM,NSE,STK,1181,INE260B01028,GODFRYPHLP,EQ,,,,,GODFREY PHILLIPS INDIA LT,2130.0,2141.7,2102.3,2102.3,2102.3,2131.0,,2102.72,,,145007,306540062.3,11751,F1,1,,,,,
2026-08-18,2026-08-18,CM,NSE,STK,144,INE850D01014,GODREJAGRO,EQ,,,,,GODREJ AGROVET LIMITED,599.0,599.0,585.2,588.7,586.0,597.0,,588.7,,,196758,116417532.45,9848,F1,1,,,,,
2026-08-18,2026-08-18,CM,NSE,STK,10099,INE102D01028,GODREJCP,EQ,,,,,GODREJ CONSUMER PRODUCTS,935.0,936.4,920.0,931.0,931.0,928.0,,931.0,,,1452987,1350751925.9,29283,F1,1,,,,,
2026-08-18,2026-08-18,CM,NSE,STK,10925,INE233A01035,GODREJIND,EQ,,,,,GODREJ INDUSTRIES LTD,1225.0,1245.1,1189.7,1229.9,1225.0,1223.0,,1230.26,,,197223,240144912.4,14051,F1,1,,,,,
2026-08-18,2026-08-18,CM,NSE,STK,17875,INE484J01027,GODREJPROP,EQ,,,,,GODREJ PROPERTIES LTD,2045.1,2055.2,1990.1,1997.4,1997.4,2054.0,,1997.41,,,687150,1382268720.7,29261,F1,1,,,,,
2026-08-18,2026-08-18,CM,NSE,STK,28894,IN0020240191,679GS2031,GS,,,,,GOI LOAN   6.79% 2031,102.0,102.0,102.0,102.0,102.0,102.0,,102.0,,,50,5100.0,1,F1,1,,,,,
2026-08-18,2026-08-18,CM,NSE,STK,27127,IN0020240134,692GS2039,GS,,,,,GOI LOAN   6.92% 2039,101.0,101.0,101.0,101.0,101.0,100.5,,101.0,,,500,50500.0,1,F1,1,,,,,
2026-08-18,2026-08-18,CM,NSE,STK,27170,IN0020240142,709GS2074,GS,,,,,GOI LOAN   7.09% 2074,96.6,96.8,96.2,96.45,96.45,96.6,,96.45,,,19955,1925239.75,31,F1,1,,,,,
2026-08-18,2026-08-18,CM,NSE,STK,757983,IN0020250067,601GS2030,GS,,,,,GOI LOAN  6.01% 2030,99.9,100.1,97.93,98.0,100.1,100.1,,98.0,,,1597,156512.08,9,F1,1,,,,,
2026-08-18,2026-08-18,CM,NSE,STK,5012,IN0020210095,610GS2031,GS,,,,,GOI LOAN  6.10% 2031,99.2,99.2,99.2,99.2,99.2,99.35,,99.2,,,1,99.2,1,F1,1,,,,,
2026-08-18,2026-08-18,CM,NSE,STK,756890,IN0020250026,633GS2035,GS,,,,,GOI LOAN  6.33% 2035,97.31,97.31,97.31,97.31,97.31,101.0,,97.31,,,4600,447626.0,1,F1,1,,,,,
2026-08-18,2026-08-18,CM,NSE,STK,7843,IN0020210244,654GS2032,GS,,,,,GOI LOAN  6.54% 2032,100.2,100.2,99.4,99.5,99.5,100.0,,99.5,,,9807,976115.8,3,F1,1,,,,,
2026-08-18,2026-08-18,CM,NSE,STK,956,IN0020200252,667GS2050,GS,,,,,GOI LOAN  6.67% 2050,92.65,92.65,92.44,92.44,92.44,92.1,,92.44,,,3987,368639.23,14,F1,1,,,,,
2026-08-18,2026-08-18,CM,NSE,STK,760623,IN0020250133,668GS2033,GS,,,,,GOI LOAN  6.68% 2033,99.9,99.9,99.9,99.9,99.9,100.0,,99.9,,,100,9990.0,1,F1,1,,,,,
2026-08-18,2026-08-18,CM,NSE,STK,757847,IN0020250042,668GS2040,GS,,,,,GOI LOAN  6.68% 2040,97.55,99.45,97.25,97.25,97.25,97.55,,97.25,,,13051,1295664.75,11,F1,1,,,,,
2026-08-18,2026-08-18,CM,NSE,STK,2317,IN0020200401,676GS2061,GS,,,,,GOI LOAN  6.76% 2061,94.48,95.0,94.48,94.77,94.77,94.05,,94.77,,,35608,3376047.56,23,F1,1,,,,,
2026-08-18,2026-08-18,CM,NSE,STK,22438,IN0020200187,68GS2060,GS,,,,,GOI LOAN  6.8% 2060,93.3,93.3,93.1,93.29,93.1,93.3,,93.29,,,262,24444.4,4,F1,1,,,,,
2026-08-18,2026-08-18,CM,NSE,STK,756014,IN0020250018,690GS2065,GS,,,,,GOI LOAN  6.90% 2065,95.0,95.0,94.8,94.8,94.8,94.54,,94.84,,,14597,1385795.6,6,F1,1,,,,,
2026-08-18,2026-08-18,CM,NSE,STK,763340,IN0020260025,694GS2036,GS,,,,,GOI LOAN  6.94% 2036,103.1,103.1,102.25,102.5,102.5,101.86,,102.5,,,10045,1032577.5,8,F1,1,,,,,
2026-08-18,2026-08-18,CM,NSE,STK,6817,IN0020210202,695GS2061,GS,,,,,GOI LOAN  6.95% 2061,94.8,94.8,94.8,94.8,94.8,94.01,,94.8,,,4879,462529.2,2,F1,1,,,,,
2026-08-18,2026-08-18,CM,NSE,STK,6696,IN0020210194,699GS2051,GS,,,,,GOI LOAN  6.99% 2051,95.71,95.71,95.71,95.71,95.71,96.0,,95.71,,,1,95.71,1,F1,1,,,,,
2026-08-18,2026-08-18,CM,NSE,STK,23854,IN0020240043,702GS2027,GS,,,,,GOI LOAN  7.02% 2027,104.0,104.0,103.4,103.4,103.4,103.98,,103.4,,,2,207.4,2,F1,1,,,,,
2026-08-18,2026-08-18,CM,NSE,STK,23919,IN0020240050,704GS2029,GS,,,,,GOI LOAN  7.04% 2029,102.5,102.5,102.5,102.5,102.5,102.5,,102.5,,,25,2562.5,1,F1,1,,,,,
2026-08-18,2026-08-18,CM,NSE,STK,764295,IN0020260041,706GS2041,GS,,,,,GOI LOAN  7.06% 2041,102.5,102.5,102.5,102.5,102.5,101.99,,102.5,,,1,102.5,1,F1,1,,,,,
2026-08-18,2026-08-18,CM,NSE,STK,24949,IN0020240118,709GS2054,GS,,,,,GOI LOAN  7.09% 2054,97.8,97.8,97.0,97.0,97.0,97.55,,97.0,,,38970,3780141.5,14,F1,1,,,,,
2026-08-18,2026-08-18,CM,NSE,STK,15050,IN0020230036,717GS2030,GS,,,,,GOI LOAN  7.17% 2030,103.7,103.7,103.26,103.26,103.26,104.7,,103.26,,,2001,207503.26,2,F1,1,,,,,
2026-08-18,2026-08-18,CM,NSE,STK,18025,IN0020230085,718GS2033,GS,,,,,GOI LOAN  7.18% 2033,102.55,103.1,102.5,103.1,103.1,102.5,,103.1,,,11500,1184165.1,7,F1,1,,,,,
2026-08-18,2026-08-18,CM,NSE,STK,17398,IN0020230077,718GS2037,GS,,,,,GOI LOAN  7.18% 2037,103.2,103.2,102.6,102.6,102.6,102.66,,102.6,,,2161,221839.2,3,F1,1,,,,,
2026-08-18,2026-08-18,CM,NSE,STK,758674,IN0020250075,724GS2055,GS,,,,,GOI LOAN  7.24% 2055,98.8,98.84,98.0,98.38,98.39,98.97,,98.38,,,80103,7872761.3,83,F1,1,,,,,
2026-08-18,2026-08-18,CM,NSE,STK,16733,IN0020230044,725GS2063,GS,,,,,GOI LOAN  7.25% 2063,98.5,98.6,98.0,98.43,98.45,98.44,,98.43,,,118658,11676911.72,55,F1,1,,,,,
2026-08-18,2026-08-18,CM,NSE,STK,10722,IN0020220060,726GS2032,GS,,,,,GOI LOAN  7.26% 2032,105.51,106.25,105.51,106.25,106.25,106.5,,106.25,,,3790,401207.5,3,F1,1,,,,,
2026-08-18,2026-08-18,CM,NSE,STK,16865,IN0020230051,73GS2053,GS,,,,,GOI LOAN  7.3% 2053,100.55,100.55,100.0,100.47,100.35,100.24,,100.47,,,12592,1262161.15,12,F1,1,,,,,
2026-08-18,2026-08-18,CM,NSE,STK,20136,IN0020230135,732GS2030,GS,,,,,GOI LOAN  7.32% 2030,104.11,108.2,103.87,103.89,108.2,104.0,,103.89,,,23631,2455215.64,6,F1,1,,,,,
2026-08-18,2026-08-18,CM,NSE,STK,19685,IN0020230119,733GS2026,GS,,,,,GOI LOAN  7.33% 2026,102.31,102.31,102.31,102.31,102.31,101.7,,101.96,,,1798,183953.38,3,F1,1,,,,,
2026-08-18,2026-08-18,CM,NSE,STK,23558,IN0020240035,734GS2064,GS,,,,,GOI LOAN  7.34% 2064,100.5,100.5,100.4,100.49,100.49,100.49,,100.49,,,47616,4785091.0,34,F1,1,,,,,
2026-08-18,2026-08-18,CM,NSE,STK,10931,IN0020220086,736GS2052,GS,,,,,GOI LOAN  7.36% 2052,101.46,101.5,101.4,101.5,101.5,103.75,,101.5,,,9518,965711.1,6,F1,1,,,,,
2026-08-18,2026-08-18,CM,NSE,STK,19566,IN0020230101,737GS2028,GS,,,,,GOI LOAN  7.37% 2028,104.1,104.98,104.1,104.98,104.98,105.0,,104.98,,,19601,2040660.98,9,F1,1,,,,,
2026-08-18,2026-08-18,CM,NSE,STK,10981,IN0020220094,74GS2062,GS,,,,,GOI LOAN  7.4% 2062,101.9,101.9,101.26,101.3,101.3,101.01,,101.15,,,1401,142581.26,5,F1,1,,,,,
2026-08-18,2026-08-18,CM,NSE,STK,13194,IN0020220102,741GS2036,GS,,,,,GOI LOAN  7.41% 2036,105.5,105.8,105.43,105.6,105.6,104.91,,105.6,,,20255,2136502.18,23,F1,1,,,,,
2026-08-18,2026-08-18,CM,NSE,STK,760649,IN0020250117,743GS2076,GS,,,,,GOI LOAN  7.43% 2076,100.66,101.25,100.05,101.11,101.25,100.66,,101.11,,,3167,318214.5,23,F1,1,,,,,
2026-08-18,2026-08-18,CM,NSE,STK,19808,IN0020230127,746GS2073,GS,,,,,GOI LOAN  7.46% 2073,101.35,101.55,100.56,100.99,100.56,100.75,,101.08,,,18794,1899534.7,30,F1,1,,,,,
2026-08-18,2026-08-18,CM,NSE,STK,763146,IN0020260017,750GS2056,GS,,,,,GOI LOAN  7.50% 2056,103.0,103.0,101.1,101.82,101.82,103.0,,101.82,,,1179,120386.22,19,F1,1,,,,,
2026-08-18,2026-08-18,CM,NSE,STK,9585,IN0020220029,754GS2036,GS,,,,,GOI LOAN  7.54% 2036,106.91,107.15,106.76,106.91,106.93,106.9,,106.91,,,319854,34191251.31,134,F1,1,,,,,
2026-08-18,2026-08-18,CM,NSE,STK,763489,IN0020260033,771GS2066,GS,,,,,GOI LOAN  7.71% 2066,104.78,104.78,104.3,104.36,104.3,104.81,,104.4,,,4421,462309.32,12,F1,1,,,,,
2026-08-18,2026-08-18,CM,NSE,STK,6833,IN0020010081,1018GS2026,GS,,,,,GOI LOAN 10.18% 2026,104.74,104.74,104.74,104.74,104.74,104.35,,104.55,,,190,19900.6,3,F1,1,,,,,
2026-08-18,2026-08-18,CM,NSE,STK,9047,IN0020220011,710GS2029,GS,,,,,GOI LOAN 7.10% 2029,103.11,103.52,103.11,103.51,103.5,103.42,,103.51,,,1491,154320.95,4,F1,1,,,,,
2026-08-18,2026-08-18,CM,NSE,STK,9913,IN0020220037,738GS2027,GS,,,,,GOI LOAN 7.38% 2027,102.26,102.35,102.0,102.21,102.21,102.35,,102.21,,,110858,11333328.71,120,F1,1,,,,,
2026-08-18,2026-08-18,CM,NSE,STK,6884,IN0020060078,824GS2027,GS,,,,,GOI LOAN 8.24%2027,105.9,105.9,105.9,105.9,105.9,106.0,,105.9,,,10,1059.0,1,F1,1,,,,,
2026-08-18,2026-08-18,CM,NSE,STK,7039,IN0020130053,92GS2030,GS,,,,,GOI LOAN 9.20% 2030,113.0,115.2,113.0,115.16,114.8,114.0,,115.16,,,40330,4609014.44,36,F1,1,,,,,
2026-08-18,2026-08-18,CM,NSE,STK,755786,IN002026Y121,182D241226,TB,,,,,GOI TBILL 182D-24/12/26,97.51,97.51,97.51,97.51,97.51,97.51,,97.51,,,900,87759.0,1,F1,100,,,,,
2026-08-18,2026-08-18,CM,NSE,STK,763204,IN002026Y048,182D291026,TB,,,,,GOI TBILL 182D-29/10/26,98.55,98.55,97.93,97.93,97.93,98.55,,97.93,,,1500,147205.0,2,F1,100,,,,,
2026-08-18,2026-08-18,CM,NSE,STK,761384,IN002025Z492,364D110327,TB,,,,,GOI TBILL 364D-11/03/27,96.1,96.1,96.1,96.1,96.1,96.1,,96.1,,,100,9610.0,1,F1,100,,,,,
2026-08-18,2026-08-18,CM,NSE,STK,759831,IN002025Z336,364D121126,TB,,,,,GOI TBILL 364D-12/11/26,99.0,99.0,98.5,98.5,98.5,97.2,,98.5,,,50000,4937500.0,2,F1,100,,,,,
2026-08-18,2026-08-18,CM,NSE,STK,755802,IN002026Z128,364D240627,TB,,,,,GOI TBILL 364D-24/06/27,94.0,94.0,94.0,94.0,94.0,94.0,,94.0,,,900,84600.0,1,F1,100,,,,,
2026-08-18,2026-08-18,CM,NSE,STK,763781,IN002026X131,91D011026,TB,,,,,GOI TBILL 91D-01/10/26,99.15,99.15,99.15,99.15,99.15,99.14,,99.15,,,100,9915.0,1,F1,100,,,,,
2026-08-18,2026-08-18,CM,NSE,STK,763740,IN002026X099,91D030926,TB,,,,,GOI TBILL 91D-03/09/26,99.68,99.68,99.68,99.68,99.68,99.55,,99.68,,,300,29904.0,3,F1,100,,,,,
2026-08-18,2026-08-18,CM,NSE,STK,755746,IN002026X123,91D240926,TB,,,,,GOI TBILL 91D-24/09/26,99.28,99.28,99.02,99.02,99.02,99.02,,99.02,,,2000,198118.0,5,F1,100,,,,,
2026-08-18,2026-08-18,CM,NSE,STK,763624,IN002026X081,91D280826,TB,,,,,GOI TBILL 91D-28/08/26,99.79,99.79,99.78,99.78,99.78,99.63,,99.78,,,600,59871.0,4,F1,100,,,,,
2026-08-18,2026-08-18,CM,NSE,STK,764328,IN002026X172,91D291026,TB,,,,,GOI TBILL 91D-29/10/26,98.6,98.6,98.45,98.45,98.45,98.6,,98.45,,,400,39395.0,2,F1,100,,,,,
2026-08-18,2026-08-18,CM,NSE,STK,11778,INE887G01027,GOKEX,EQ,,,,,GOKALDAS EXPORTS LTD.,807.9,823.45,799.15,812.4,812.8,804.1,,812.4,,,596734,485855012.3,23640,F1,1,,,,,
2026-08-18,2026-08-18,CM,NSE,STK,14480,INE314T01033,GOKULAGRO,EQ,,,,,GOKUL AGRO RESOURCES LTD,229.5,240.2,229.5,236.92,235.3,231.66,,236.94,,,319417,75529662.33,7178,F1,1,,,,,
2026-08-18,2026-08-18,CM,NSE,STK,16705,INE020J01029,GOKUL,EQ,,,,,GOKUL REFOILS & SOLV LTD,38.5,39.4,38.4,39.01,39.4,38.68,,39.02,,,133664,5185363.4,367,F1,1,,,,,
2026-08-18,2026-08-18,CM,NSE,STK,11619,INE973A01010,GOLDENTOBC,BZ,,,,,GOLDEN TOBACCO LIMITED,26.15,26.15,24.0,24.51,24.51,24.99,,24.51,,,249,6401.1,20,F1,1,,,,,
2026-08-18,2026-08-18,CM,NSE,STK,11971,INE025B01025,GOLDIAM,EQ,,,,,GOLDIAM INTERNATIONAL LTD,372.0,372.0,360.05,361.75,362.0,374.4,,361.76,,,1088172,395878375.95,18003,F1,1,,,,,
2026-08-18,2026-08-18,CM,NSE,STK,13616,INE06MH01016,GOLDKART,SM,,,,,GOLDKART JEWELS LIMITED,94.0,94.0,85.75,85.75,85.75,90.25,,85.75,,,2500,224687.5,4,F1,625,,,,,
2026-08-18,2026-08-18,CM,NSE,STK,1,INE405Y01021,GOLDSTAR,SM,,,,,GOLDSTAR POWER LIMITED,8.45,8.45,8.1,8.35,8.4,8.05,,8.35,,,315000,2644875.0,26,F1,11250,,,,,
2026-08-18,2026-08-18,CM,NSE,STK,6125,INE127I01024,GOODLUCK,EQ,,,,,GOODLUCK INDIA LIMITED,1319.0,1346.3,1310.0,1330.0,1331.0,1311.1,,1330.01,,,224634,298237920.9,11010,F1,1,,,,,
2026-08-18,2026-08-18,CM,NSE,STK,1205,INE533A01012,GOODYEAR,EQ,,,,,GOODYEAR INDIA LIMITED,769.75,773.6,759.7,763.5,765.0,765.35,,763.6,,,4124,3151180.25,420,F1,1,,,,,
2026-08-18,2026-08-18,CM,NSE,STK,23066,INE0L9R01028,GOPAL,EQ,,,,,GOPAL SNACKS LIMITED,272.0,276.5,270.75,274.15,274.9,270.75,,274.15,,,182670,50006103.1,8218,F1,1,,,,,
2026-08-18,2026-08-18,CM,NSE,STK,11787,INE705X01026,GOYALALUM,EQ,,,,,GOYAL ALUMINIUMS LIMITED,6.45,6.45,6.29,6.33,6.39,6.4,,6.33,,,56851,362998.07,334,F1,1,,,,,
2026-08-18,2026-08-18,CM,NSE,STK,19356,INE0QFE01017,GOYALSALT,SM,,,,,GOYAL SALT LIMITED,107.0,107.0,105.0,105.85,105.0,107.0,,105.85,,,12000,1270800.0,6,F1,600,,,,,
2026-08-18,2026-08-18,CM,NSE,STK,24113,INE0S7E01015,GPECO,ST,,,,,GP ECO SOLUTIONS INDIA L,377.9,379.85,366.9,371.1,371.5,378.65,,371.1,,,16800,6252790.0,64,F1,200,,,,,
2026-08-18,2026-08-18,CM,NSE,STK,11584,INE586G01017,GULFPETRO,BE,,,,,GP PETROLEUMS LIMITED,61.27,63.0,59.27,62.81,62.8,61.57,,62.8,,,288388,17555295.04,1036,F1,1,,,,,
2026-08-18,2026-08-18,CM,NSE,STK,22846,INE486R01017,GPTHEALTH,EQ,,,,,GPT HEALTHCARE LIMITED,153.32,154.54,151.48,153.13,153.5,153.32,,153.13,,,76600,11688149.15,3685,F1,1,,,,,
2026-08-18,2026-08-18,CM,NSE,STK,17685,INE390G01014,GPTINFRA,EQ,,,,,GPT INFRAPROJECTS LTD,114.4,116.59,114.06,115.12,114.33,115.06,,115.11,,,35571,4087668.5,1000,F1,1,,,,,
2026-08-18,2026-08-18,CM,NSE,STK,763299,INE361K01017,GRADIENTE,EQ,,,,,GRADIENTE INFOTAINMENT L,2.84,2.86,2.78,2.8,2.8,2.77,,2.8,,,1902436,5351548.24,272,F1,1,,,,,
2026-08-18,2026-08-18,CM,NSE,STK,30289,INE12E301017,GCHOTELS,ST,,,,,GRAND CONTINENT HOTELS L,100.85,102.55,100.5,102.0,102.55,97.7,,102.0,,,76200,7792740.0,73,F1,600,,,,,
2026-08-18,2026-08-18,CM,NSE,STK,762695,INE926B01016,GRANDOAK,EQ,,,,,GRAND OAK CANYONS DIST L,38.53,40.05,38.1,39.55,39.88,38.15,,39.66,,,5451,216073.02,108,F1,1,,,,,
2026-08-18,2026-08-18,CM,NSE,STK,11872,INE101D01020,GRANULES,EQ,,,,,GRANULES INDIA LIMITED,863.0,868.5,848.45,851.2,852.05,861.55,,851.2,,,407105,347579140.5,19420,F1,1,,,,,
2026-08-18,2026-08-18,CM,NSE,STK,20454,INE0POU01017,GRAPHISAD,SM,,,,,GRAPHISADS LIMITED,26.65,27.3,26.0,26.5,26.5,26.0,,26.5,,,8400,221940.0,7,F1,1200,,,,,
2026-08-18,2026-08-18,CM,NSE,STK,592,INE371A01025,GRAPHITE,EQ,,,,,GRAPHITE INDIA LTD,728.0,741.8,724.1,737.15,736.2,729.5,,737.16,,,943780,694176012.45,25302,F1,1,,,,,
2026-08-18,2026-08-18,CM,NSE,STK,1232,INE047A01021,GRASIM,EQ,,,,,GRASIM INDUSTRIES LTD,3257.0,3297.7,3250.5,3278.7,3278.7,3250.5,,3278.69,,,1498859,4915674508.8,69326,F1,1,,,,,
2026-08-18,2026-08-18,CM,NSE,STK,5200,INE266D01021,GRAUWEIL,EQ,,,,,GRAUER & WEIL IND LTD,67.96,68.39,66.2,66.43,66.5,67.96,,66.44,,,110940,7417071.89,2605,F1,1,,,,,
2026-08-18,2026-08-18,CM,NSE,STK,762700,INE214F01026,GRAVISSHO,EQ,,,,,GRAVISS HOSPITALITY LTD.,28.7,30.87,28.7,28.86,28.86,28.53,,28.86,,,63,1830.94,7,F1,1,,,,,
2026-08-18,2026-08-18,CM,NSE,STK,20534,INE024L01027,GRAVITA,EQ,,,,,GRAVITA INDIA LIMITED,1821.7,1834.4,1802.0,1814.1,1811.2,1821.7,,1814.15,,,138790,252148810.3,17559,F1,1,,,,,
2026-08-18,2026-08-18,CM,NSE,STK,1235,INE224A01026,GREAVESCOT,EQ,,,,,GREAVES COTTON LTD.,194.2,200.95,194.01,198.59,198.16,195.01,,198.58,,,1164415,230575113.47,14624,F1,1,,,,,
2026-08-18,2026-08-18,CM,NSE,STK,17092,INE0O7P01015,GREENCHEF,SM,,,,,GREENCHEF APPLIANCES LTD,52.4,53.75,52.0,52.85,52.0,52.4,,52.85,,,3200,168440.0,4,F1,800,,,,,
2026-08-18,2026-08-18,CM,NSE,STK,6848,INE544R01021,GREENLAM,EQ,,,,,GREENLAM INDUSTRIES LTD.,250.95,258.4,250.8,255.65,255.0,252.8,,255.66,,,144651,36860967.8,3857,F1,1,,,,,
2026-08-18,2026-08-18,CM,NSE,STK,759427,INE0PLX01017,GREENLEAF,ST,,,,,GREENLEAF ENVIROTECH LTD,129.0,129.0,120.55,120.55,120.55,126.85,,120.55,,,3000,370100.0,3,F1,1000,,,,,
2026-08-18,2026-08-18,CM,NSE,STK,13810,INE08ZM01014,GREENPANEL,EQ,,,,,GREENPANEL INDUSTRIES LTD,170.52,172.06,164.9,166.15,170.9,169.59,,166.14,,,266864,44526693.2,6801,F1,1,,,,,
2026-08-18,2026-08-18,CM,NSE,STK,3987,INE461C01038,GREENPLY,EQ,,,,,GREENPLY INDUSTRIES LTD,285.8,288.75,281.6,287.55,286.4,286.3,,287.54,,,176270,50257722.15,2185,F1,1,,,,,
2026-08-18,2026-08-18,CM,NSE,STK,758986,INE199P01028,GCSL,EQ,,,,,GRETEX CORPORATE SERVICES,490.35,531.0,481.25,512.3,518.8,492.4,,512.31,,,826194,423037829.65,10291,F1,1,,,,,
2026-08-18,2026-08-18,CM,NSE,STK,13560,INE536A01023,GRINDWELL,EQ,,,,,GRINDWELL NORTON LIMITED,2159.0,2168.8,2094.5,2101.3,2102.0,2163.5,,2101.08,,,24964,53048628.7,7238,F1,1,,,,,
2026-08-18,2026-08-18,CM,NSE,STK,10871,INE192H01020,GRMOVER,EQ,,,,,GRM OVERSEAS LIMITED,88.87,90.3,87.21,87.51,87.4,88.28,,87.52,,,1117753,99090865.88,9316,F1,1,,,,,
2026-08-18,2026-08-18,CM,NSE,STK,760971,INE1TY801010,GJL,ST,,,,,GROVER JEWELLS LIMITED,209.0,226.8,209.0,225.1,226.8,220.0,,225.1,,,4000,887520.0,3,F1,800,,,,,
2026-08-18,2026-08-18,CM,NSE,STK,764285,INF666M01PH7,CEMNTGROWW,EQ,,,,,GROWWAMC - CEMNTGROWW,15.28,15.28,14.85,14.96,14.95,15.09,,14.96,,,66472,997763.89,470,F1,1,,,,,
2026-08-18,2026-08-18,CM,NSE,STK,760051,INF666M01MM4,GROWWCAPM,EQ,,,,,GROWWAMC - GROWWCAPM,11.2,11.26,11.08,11.23,11.23,11.25,,11.23,,,256075,2862134.14,783,F1,1,,,,,
2026-08-18,2026-08-18,CM,NSE,STK,760673,INF666M01NP5,GROWWCHEM,EQ,,,,,GROWWAMC - GROWWCHEM,30.58,30.84,30.4,30.56,30.41,30.74,,30.56,,,43819,1345469.12,215,F1,1,,,,,
2026-08-18,2026-08-18,CM,NSE,STK,25758,INF666M01IO8,GROWWDEFNC,EQ,,,,,GROWWAMC - GROWWDEFNC,98.82,99.99,97.94,99.59,99.98,98.82,,99.59,,,228994,22745439.33,3281,F1,1,,,,,
2026-08-18,2026-08-18,CM,NSE,STK,24798,INF666M01IH2,GROWWEV,EQ,,,,,GROWWAMC - GROWWEV,34.18,34.29,33.86,33.93,33.9,34.18,,33.93,,,953644,32517924.68,1825,F1,1,,,,,
2026-08-18,2026-08-18,CM,NSE,STK,25872,INF666M01OE7,GROWWGOLD,EQ,,,,,GROWWAMC - GROWWGOLD,14.91,14.97,14.9,14.94,14.95,14.93,,14.94,,,1752345,26175185.5,3626,F1,1,,,,,
2026-08-18,2026-08-18,CM,NSE,STK,760874,INF666M01OD9,GROWWHOSPI,EQ,,,,,GROWWAMC - GROWWHOSPI,53.28,53.28,52.3,52.55,52.69,52.67,,52.55,,,286510,15047479.74,1233,F1,1,,,,,
2026-08-18,2026-08-18,CM,NSE,STK,25447,INF666M01IP5,GROWWLIQID,EQ,,,,,GROWWAMC - GROWWLIQID,110.37,110.39,110.37,110.38,110.38,110.37,,110.38,,,507022,55966322.02,195,F1,1,,,,,
2026-08-18,2026-08-18,CM,NSE,STK,758300,INF666M01LB9,GROWWLOVOL,EQ,,,,,GROWWAMC - GROWWLOVOL,10.59,10.59,10.35,10.48,10.47,10.55,,10.48,,,5709,59847.43,104,F1,1,,,,,
2026-08-18,2026-08-18,CM,NSE,STK,759719,INF666M01MV5,GROWWMC150,EQ,,,,,GROWWAMC - GROWWMC150,239.8,239.8,233.52,236.0,236.0,237.43,,236.0,,,3324,782289.46,59,F1,1,,,,,
2026-08-18,2026-08-18,CM,NSE,STK,760438,INF666M01NI0,GROWWMETAL,EQ,,,,,GROWWAMC - GROWWMETAL,12.5,12.51,12.3,12.36,12.31,12.42,,12.36,,,192173,2390409.41,1015,F1,1,,,,,
2026-08-18,2026-08-18,CM,NSE,STK,756086,INF666M01KJ4,GROWWMOM50,EQ,,,,,GROWWAMC - GROWWMOM50,11.47,11.47,10.98,11.04,11.02,11.04,,11.04,,,44426,490112.03,372,F1,1,,,,,
2026-08-18,2026-08-18,CM,NSE,STK,29872,INF666M01JV1,GROWWN200,EQ,,,,,GROWWAMC - GROWWN200,11.55,11.55,11.38,11.39,11.48,11.55,,11.39,,,132945,1516897.31,261,F1,1,,,,,
2026-08-18,2026-08-18,CM,NSE,STK,757814,INF666M01LI4,GROWWNET,EQ,,,,,GROWWAMC - GROWWNET,10.84,10.84,10.5,10.56,10.56,10.65,,10.56,,,273605,2888561.79,659,F1,1,,,,,
2026-08-18,2026-08-18,CM,NSE,STK,758697,INF666M01LL8,GROWWNIFTY,EQ,,,,,GROWWAMC - GROWWNIFTY,9.94,9.94,9.71,9.84,9.9,9.82,,9.84,,,627312,6146499.6,3139,F1,1,,,,,
2026-08-18,2026-08-18,CM,NSE,STK,759458,INF666M01LZ8,GROWWNXT50,EQ,,,,,GROWWAMC - GROWWNXT50,75.27,75.27,74.65,74.84,74.65,75.27,,74.84,,,2649,198441.65,77,F1,1,,,,,
2026-08-18,2026-08-18,CM,NSE,STK,758165,INF666M01LM6,GROWWPOWER,EQ,,,,,GROWWAMC - GROWWPOWER,11.73,11.73,11.42,11.44,11.44,11.52,,11.44,,,1978128,22710969.07,2452,F1,1,,,,,
2026-08-18,2026-08-18,CM,NSE,STK,760976,INF666M01NQ3,GROWWPSE,EQ,,,,,GROWWAMC - GROWWPSE,99.0,99.56,98.59,98.77,99.56,99.32,,98.77,,,2644,261169.0,43,F1,1,,,,,
2026-08-18,2026-08-18,CM,NSE,STK,761514,INF666M01OG2,GROWWPSUBK,EQ,,,,,GROWWAMC - GROWWPSUBK,86.4,87.73,86.4,86.99,87.0,87.63,,86.99,,,1670,145061.82,54,F1,1,,,,,
2026-08-18,2026-08-18,CM,NSE,STK,29527,INF666M01JJ6,GROWWRAIL,EQ,,,,,GROWWAMC - GROWWRAIL,29.34,29.34,28.8,28.87,28.94,29.05,,28.88,,,534897,15473306.51,2113,F1,1,,,,,
2026-08-18,2026-08-18,CM,NSE,STK,759428,INF666M01MN2,GROWWRLTY,EQ,,,,,GROWWAMC - GROWWRLTY,10.4,10.48,9.77,10.08,10.1,10.2,,10.08,,,459069,4633009.14,598,F1,1,,,,,
2026-08-18,2026-08-18,CM,NSE,STK,759522,INF666M01MO0,GROWWSC250,EQ,,,,,GROWWAMC - GROWWSC250,10.59,10.62,10.54,10.57,10.57,10.59,,10.57,,,135667,1433406.41,517,F1,1,,,,,
2026-08-18,2026-08-18,CM,NSE,STK,756827,INF666M01OF4,GROWWSLVR,EQ,,,,,GROWWAMC - GROWWSLVR,22.63,22.84,22.63,22.71,22.74,22.91,,22.71,,,600546,13655927.37,1728,F1,1,,,,,
2026-08-18,2026-08-18,CM,NSE,STK,763572,INF666M01OT5,PVTBKGROWW,EQ,,,,,GROWWAMC - PVTBKGROWW,27.83,27.83,27.3,27.31,27.39,27.5,,27.31,,,3200,87533.51,66,F1,1,,,,,
2026-08-18,2026-08-18,CM,NSE,STK,751745,INF666M01PG9,SMALLGROWW,EQ,,,,,GROWWAMC - SMALLGROWW,47.94,49.14,47.89,48.86,49.0,48.64,,48.86,,,7056,344963.48,84,F1,1,,,,,
2026-08-18,2026-08-18,CM,NSE,STK,6543,INE137I01015,GRPLTD,EQ,,,,,GRP LIMITED,2049.2,2055.8,1989.9,2001.8,2008.8,2049.2,,2001.8,,,1352,2721236.1,196,F1,1,,,,,
2026-08-18,2026-08-18,CM,NSE,STK,23888,INE0SQY01018,GSMFOILS,SM,,,,,GSM FOILS LIMITED,88.25,88.25,88.25,88.25,88.25,92.85,,88.25,,,26000,2294500.0,29,F1,500,,,,,
2026-08-18,2026-08-18,CM,NSE,STK,762239,INE713R01022,GSPCROP,EQ,,,,,GSP CROP SCIENCE LIMITED,589.65,600.0,589.55,590.9,589.55,589.75,,590.93,,,207126,123488619.2,3167,F1,1,,,,,
2026-08-18,2026-08-18,CM,NSE,STK,15347,INE871H01011,GSS,EQ,,,,,GSS INFOTECH LIMITED,13.34,13.34,12.89,13.08,13.05,13.01,,13.13,,,15957,208373.01,116,F1,1,,,,,
2026-08-18,2026-08-18,CM,NSE,STK,13745,INE221H01019,GTLINFRA,EQ,,,,,GTL INFRA.LTD,1.21,1.22,1.2,1.21,1.21,1.21,,1.21,,,11833145,14359126.51,10907,F1,1,,,,,
2026-08-18,2026-08-18,CM,NSE,STK,1162,INE043A01012,GTL,EQ,,,,,GTL LTD,7.5,7.74,7.24,7.47,7.47,7.41,,7.47,,,193898,1453351.99,610,F1,1,,,,,
2026-08-18,2026-08-18,CM,NSE,STK,21195,INE869I01013,GTPL,EQ,,,,,GTPL HATHWAY LIMITED,54.04,54.5,53.0,53.5,53.45,54.04,,53.51,,,14308,764869.15,549,F1,1,,,,,
2026-08-18,2026-08-18,CM,NSE,STK,11606,INE742B01025,GUFICBIO,EQ,,,,,GUFIC BIOSCIENCES LTD.,421.5,429.95,413.1,421.4,420.05,418.2,,421.27,,,120133,50617952.15,5569,F1,1,,,,,
2026-08-18,2026-08-18,CM,NSE,STK,1145,INE162A01010,GIPCL,EQ,,,,,GUJ IND POW CO. LTD,174.35,176.52,171.15,171.63,172.05,174.44,,171.63,,,439397,76441338.29,4498,F1,1,,,,,
2026-08-18,2026-08-18,CM,NSE,STK,1174,INE113A01013,GNFC,EQ,,,,,GUJ NAR VAL FER & CHEM L,600.9,619.0,599.0,609.75,608.6,600.65,,609.78,,,1477642,902363348.45,40453,F1,1,,,,,
2026-08-18,2026-08-18,CM,NSE,STK,1247,INE026A01025,GSFC,EQ,,,,,GUJ STATE FERT & CHEM LTD,159.4,161.11,159.4,160.43,160.28,159.87,,160.42,,,667193,106876818.9,14350,F1,1,,,,,
2026-08-18,2026-08-18,CM,NSE,STK,14677,INE826C01016,GUJAPOLLO,EQ,,,,,GUJ. APOLLO IND. LTD.,350.3,350.3,342.6,348.4,350.0,349.15,,348.4,,,5057,1750690.35,221,F1,1,,,,,
2026-08-18,2026-08-18,CM,NSE,STK,1267,INE186A01019,GUJALKALI,EQ,,,,,GUJARAT ALKALIES & CHEM,690.0,692.95,675.1,678.55,683.5,680.45,,678.5,,,48455,33046045.1,3226,F1,1,,,,,
2026-08-18,2026-08-18,CM,NSE,STK,8828,INE036B01030,GAEL,EQ,,,,,GUJARAT AMBUJA EXPORTS LT,172.0,178.8,171.7,177.76,177.0,172.75,,177.76,,,1908212,336400875.64,21109,F1,1,,,,,
2026-08-18,2026-08-18,CM,NSE,STK,10599,INE844O01030,GUJENERGY,EQ,,,,,GUJARAT ENERGY LIMITED,276.0,278.0,267.3,269.4,269.8,276.5,,269.4,,,2873077,777719640.8,34942,F1,1,,,,,
2026-08-18,2026-08-18,CM,NSE,STK,13750,INE09N301011,FLUOROCHEM,EQ,,,,,GUJARAT FLUOROCHEM LTD,4700.0,4775.0,4651.0,4674.8,4705.2,4707.5,,4674.85,,,123083,578657159.8,14506,F1,1,,,,,
2026-08-18,2026-08-18,CM,NSE,STK,761197,INE0V0W01025,GKSL,EQ,,,,,GUJARAT KIDNEY N SUP SP L,152.0,154.97,145.0,153.46,152.79,151.36,,153.46,,,3024980,461590531.06,22229,F1,1,,,,,
2026-08-18,2026-08-18,CM,NSE,STK,1156,INE540A01017,GLFL,EQ,,,,,GUJARAT LEASE FINANCING L,5.9,5.9,5.6,5.71,5.84,5.64,,5.72,,,8104,47345.52,36,F1,1,,,,,
2026-08-18,2026-08-18,CM,NSE,STK,5204,INE131A01031,GMDCLTD,EQ,,,,,GUJARAT MINERAL DEV CORP,574.05,585.65,568.1,570.7,569.25,574.0,,570.71,,,787437,454330459.3,24523,F1,1,,,,,
2026-08-18,2026-08-18,CM,NSE,STK,762690,INE207H01018,GNRL,EQ,,,,,GUJARAT NATURAL RES L,103.5,105.56,103.5,104.34,104.8,103.69,,104.3,,,41822,4354916.39,1212,F1,1,,,,,
2026-08-18,2026-08-18,CM,NSE,STK,19731,INE517F01014,GPPL,EQ,,,,,GUJARAT PIPAVAV PORT LTD,160.2,163.64,160.0,160.48,160.5,159.57,,160.48,,,1891002,305426227.92,21974,F1,1,,,,,
2026-08-18,2026-08-18,CM,NSE,STK,4548,INE610B01024,GUJRAFFIA,EQ,,,,,GUJARAT RAFFIA INDUST LTD,41.32,42.45,41.19,42.41,42.45,41.32,,42.41,,,1781,75173.28,50,F1,1,,,,,
2026-08-18,2026-08-18,CM,NSE,STK,29731,INE942C01045,GUJTHEM,EQ,,,,,GUJARAT THEMIS BIOSYN LTD,350.0,377.0,349.0,371.3,374.7,351.25,,371.34,,,260880,95903668.8,6455,F1,1,,,,,
2026-08-18,2026-08-18,CM,NSE,STK,4391,INE635Q01029,GULFOILLUB,EQ,,,,,GULF OIL LUB. IND. LTD.,1174.6,1184.3,1167.2,1173.2,1170.9,1174.6,,1173.13,,,48680,57213109.4,4362,F1,1,,,,,
2026-08-18,2026-08-18,CM,NSE,STK,6286,INE255D01024,GULPOLY,EQ,,,,,GULSHAN POLYOLS LIMITED,193.45,194.38,187.2,187.75,187.99,192.06,,187.73,,,286706,54518617.23,5546,F1,1,,,,,
2026-08-18,2026-08-18,CM,NSE,STK,759261,INE1CCX01012,GURUNANAK,SM,,,,,GURUNANAK AGRICULTUR IN L,39.0,39.0,37.05,37.05,37.05,39.0,,37.05,,,14400,549680.0,7,F1,1600,,,,,
2026-08-18,2026-08-18,CM,NSE,STK,13229,INE251H01024,GVKPIL,BE,,,,,GVK POW. & INFRA LTD.,2.35,2.38,2.31,2.33,2.37,2.34,,2.33,,,945506,2221678.02,647,F1,1,,,,,
2026-08-18,2026-08-18,CM,NSE,STK,10865,INE382T01030,GVPTECH,EQ,,,,,GVP INFOTECH LIMITED,7.02,7.1,6.91,6.98,6.98,7.02,,6.98,,,28330,199009.22,162,F1,1,,,,,
2026-08-18,2026-08-18,CM,NSE,STK,764050,INE724A01017,GYFTR,EQ,,,,,GYFTR LIMITED,162.23,162.61,155.21,157.94,157.5,162.22,,158.28,,,47780,7591878.8,776,F1,1,,,,,
2026-08-18,2026-08-18,CM,NSE,STK,762712,INE640B01021,HBESD,EQ,,,,,H B ESTATE DEVELOPERS L,74.5,76.5,74.5,75.0,75.0,75.41,,75.0,,,390,29201.5,14,F1,1,,,,,
2026-08-18,2026-08-18,CM,NSE,STK,1672,INE926X01010,HGINFRA,EQ,,,,,H.G.INFRA ENGINEERING LTD,514.5,517.3,505.0,507.7,508.9,514.5,,507.67,,,71433,36500847.0,3704,F1,1,,,,,
2026-08-18,2026-08-18,CM,NSE,STK,760715,INE115S01010,HALDER,EQ,,,,,HALDER VENTURE LIMITED,294.92,299.5,286.0,290.66,293.0,294.92,,290.81,,,29702,8758752.69,472,F1,1,,,,,
2026-08-18,2026-08-18,CM,NSE,STK,762708,INE506D01020,HALDYNGL,BE,,,,,HALDYN GLASS LTD.,126.99,127.5,124.0,125.74,127.0,126.36,,125.78,,,54261,6848581.74,172,F1,1,,,,,
2026-08-18,2026-08-18,CM,NSE,STK,21551,INE320X01016,HALEOSLABS,EQ,,,,,HALEOS LABS LIMITED,1448.1,1489.4,1448.1,1478.9,1484.0,1437.5,,1474.17,,,404,597038.2,67,F1,1,,,,,
2026-08-18,2026-08-18,CM,NSE,STK,765075,INE299D01022,HAMPTON,EQ,,,,,HAMPTON SKY REALTY LTD.,7.2,8.4,7.2,8.12,8.14,7.95,,8.18,,,26801,212632.7,113,F1,1,,,,,
2026-08-18,2026-08-18,CM,NSE,STK,13592,INE596H01014,HGM,EQ,,,,,HANDSON GBL MNGMNT LTD,45.95,45.95,43.03,44.66,45.0,45.06,,44.67,,,2458,109480.78,78,F1,1,,,,,
2026-08-18,2026-08-18,CM,NSE,STK,48,INE419U01012,HAPPSTMNDS,EQ,,,,,HAPPIEST MINDS TECHNO LTD,425.0,427.4,416.3,419.95,418.7,426.8,,419.96,,,1179012,496670588.8,26635,F1,1,,,,,
2026-08-18,2026-08-18,CM,NSE,STK,20854,INE330T01021,HAPPYFORGE,EQ,,,,,HAPPY FORGINGS LIMITED,2209.2,2296.7,2209.2,2260.6,2265.0,2198.1,,2260.58,,,175740,397628629.4,22523,F1,1,,,,,
2026-08-18,2026-08-18,CM,NSE,STK,757665,INE0TLP01015,WHITEFORCE,SM,,,,,HAPPY SQUARE OUTSOURC S L,34.7,34.7,34.7,34.7,34.7,34.65,,34.7,,,1600,55520.0,1,F1,1600,,,,,
2026-08-18,2026-08-18,CM,NSE,STK,764131,INE1GFG01011,HAPPY,SM,,,,,HAPPY STEELS LIMITED,65.0,67.65,64.5,66.75,67.4,66.0,,66.75,,,46000,3053800.0,19,F1,2000,,,,,
2026-08-18,2026-08-18,CM,NSE,STK,8962,INE626Z01029,HARDWYN,EQ,,,,,HARDWYN INDIA LIMITED,10.95,11.11,8.8,9.42,9.58,10.95,,9.42,,,9633380,92914402.42,12319,F1,1,,,,,
2026-08-18,2026-08-18,CM,NSE,STK,8968,INE00EV01017,HARIOMPIPE,EQ,,,,,HARIOM PIPE INDUSTRIES L,347.0,357.0,346.05,352.95,354.0,346.45,,352.82,,,140777,49655389.3,4055,F1,1,,,,,
2026-08-18,2026-08-18,CM,NSE,STK,764703,INE400G01011,HRYNSHP,EQ,,,,,HARIYANA SHIP BREAKERS L,101.0,104.0,100.9,101.78,103.92,101.0,,101.98,,,1931,195752.38,37,F1,1,,,,,
2026-08-18,2026-08-18,CM,NSE,STK,1313,INE544A01019,HARRMALAYA,EQ,,,,,HARRISON MALAYALAM LTD,194.99,194.99,188.05,189.03,190.0,193.47,,188.98,,,25832,4921608.28,735,F1,1,,,,,
2026-08-18,2026-08-18,CM,NSE,STK,11162,INE0JUS01029,HARSHA,EQ,,,,,HARSHA ENGINEERS INT LTD,427.95,439.9,421.75,436.4,439.9,425.6,,436.37,,,224480,97297684.6,8121,F1,1,,,,,
2026-08-18,2026-08-18,CM,NSE,STK,18154,INE982F01036,HATHWAY,EQ,,,,,HATHWAY CABLE & DATACOM,10.54,10.61,10.5,10.51,10.51,10.59,,10.51,,,825113,8702035.23,1678,F1,1,,,,,
2026-08-18,2026-08-18,CM,NSE,STK,3892,INE473B01035,HATSUN,EQ,,,,,HATSUN AGRO PRODUCT LTD.,974.05,993.65,969.55,985.35,975.0,968.8,,985.59,,,59772,58888958.5,9732,F1,1,,,,,
2026-08-18,2026-08-18,CM,NSE,STK,9819,INE176B01034,HAVELLS,EQ,,,,,HAVELLS INDIA LIMITED,1299.0,1311.8,1286.1,1299.7,1299.7,1299.0,,1299.64,,,1021226,1322772126.5,35307,F1,1,,,,,
2026-08-18,2026-08-18,CM,NSE,STK,4444,INE979B01015,HAWKINCOOK,EQ,,,,,HAWKINS COOKERS LTD,8342.5,8410.0,8116.0,8235.0,8200.0,8340.0,,8234.73,,,2401,19777321.5,465,F1,1,,,,,
2026-08-18,2026-08-18,CM,NSE,STK,764693,INE550F01049,HAZOOR,EQ,,,,,HAZOOR MULTI PROJECTS LTD,21.49,22.0,20.5,21.34,21.25,21.49,,21.31,,,36400,775003.16,284,F1,1,,,,,
2026-08-18,2026-08-18,CM,NSE,STK,765080,INE638B01025,HBPOR,EQ,,,,,HB PORTFOLIO LTD.,59.0,62.99,58.0,60.94,59.27,62.99,,60.94,,,2387,144965.93,34,F1,1,,,,,
2026-08-18,2026-08-18,CM,NSE,STK,4116,INE550B01022,HBSL,EQ,,,,,HB STOCKHOLDINGS LIMITED,56.9,57.2,54.6,56.13,54.81,56.9,,56.05,,,2327,130639.06,46,F1,1,,,,,
2026-08-18,2026-08-18,CM,NSE,STK,13966,INE292B01021,HBLENGINE,EQ,,,,,HBL ENGINEERING LTD,675.0,677.55,667.15,670.05,670.7,674.6,,670.03,,,635709,426374481.65,21741,F1,1,,,,,
2026-08-18,2026-08-18,CM,NSE,STK,1327,INE236A01020,HCL-INSYS,EQ,,,,,HCL INFOSYSTEMS LTD,11.66,11.66,11.26,11.32,11.32,11.24,,11.32,,,77067,875512.82,414,F1,1,,,,,
2026-08-18,2026-08-18,CM,NSE,STK,7229,INE860A01027,HCLTECH,EQ,,,,,HCL TECHNOLOGIES LTD,1318.0,1320.0,1292.5,1298.0,1298.0,1325.0,,1298.02,,,3056990,3976027860.5,74688,F1,1,,,,,
2026-08-18,2026-08-18,CM,NSE,STK,757772,INE756I01012,HDBFS,EQ,,,,,HDB FINANCIAL SERVICES L,683.0,701.0,674.85,698.15,700.0,683.9,,698.14,,,513419,354760723.7,15149,F1,1,,,,,
2026-08-18,2026-08-18,CM,NSE,STK,4244,INE127D01025,HDFCAMC,EQ,,,,,HDFC AMC LIMITED,2525.9,2536.9,2491.3,2525.0,2525.0,2523.0,,2525.0,,,672054,1689092567.3,39750,F1,1,,,,,
2026-08-18,2026-08-18,CM,NSE,STK,1333,INE040A01034,HDFCBANK,EQ,,,,,HDFC BANK LTD,726.3,729.0,723.0,723.0,723.0,729.0,,723.0,,,17916507,12984034098.1,256567,F1,1,,,,,
2026-08-18,2026-08-18,CM,NSE,STK,19543,INF179KC1981,HDFCGOLD,EQ,,,,,HDFC GOLD ETF,133.88,133.88,130.23,130.71,130.75,130.62,,130.71,,,1936116,253004804.91,6867,F1,1,,,,,
2026-08-18,2026-08-18,CM,NSE,STK,467,INE795G01014,HDFCLIFE,EQ,,,,,HDFC LIFE INS CO LTD,541.95,542.9,537.55,538.25,538.25,543.0,,538.25,,,1271552,686986995.6,32893,F1,1,,,,,
2026-08-18,2026-08-18,CM,NSE,STK,14230,INF179KC1EZ4,HDFCBSE500,EQ,,,,,HDFCAMC - HDFCBSE500,38.75,38.75,37.58,37.75,37.7,38.12,,37.75,,,643658,24404335.19,240,F1,1,,,,,
2026-08-18,2026-08-18,CM,NSE,STK,11241,INF179KC1DJ0,HDFCGROWTH,EQ,,,,,HDFCAMC - HDFCGROWTH,121.37,123.04,120.6,120.98,121.24,121.37,,120.98,,,72788,8804845.34,168,F1,1,,,,,
2026-08-18,2026-08-18,CM,NSE,STK,18279,INF179KC1JG3,HDFCLIQUID,EQ,,,,,HDFCAMC - HDFCLIQUID,1079.4,1079.4,1074.16,1074.18,1074.18,1074.03,,1074.18,,,18536,19911056.49,41,F1,1,,,,,
2026-08-18,2026-08-18,CM,NSE,STK,11547,INF179KC1HU8,HDFCLOWVOL,EQ,,,,,HDFCAMC - HDFCLOWVOL,20.9,21.0,20.84,20.85,21.0,21.0,,20.85,,,2537,52965.48,47,F1,1,,,,,
2026-08-18,2026-08-18,CM,NSE,STK,14236,INF179KC1HT0,HDFCMID150,EQ,,,,,HDFCAMC - HDFCMID150,23.75,23.81,23.57,23.65,23.69,23.71,,23.66,,,568827,13483994.52,1352,F1,1,,,,,
2026-08-18,2026-08-18,CM,NSE,STK,11538,INF179KC1HV6,HDFCMOMENT,EQ,,,,,HDFCAMC - HDFCMOMENT,31.53,31.56,31.26,31.42,31.26,31.47,,31.42,,,108742,3418369.04,730,F1,1,,,,,
2026-08-18,2026-08-18,CM,NSE,STK,10619,INF179KC1HS2,HDFCNEXT50,EQ,,,,,HDFCAMC - HDFCNEXT50,76.35,76.4,75.71,75.83,76.09,76.35,,75.83,,,101344,7712927.45,629,F1,1,,,,,
2026-08-18,2026-08-18,CM,NSE,STK,10633,INF179KC1HR4,HDFCNIF100,EQ,,,,,HDFCAMC - HDFCNIF100,26.44,26.44,26.2,26.22,26.37,26.31,,26.22,,,43431,1139817.59,217,F1,1,,,,,
2026-08-18,2026-08-18,CM,NSE,STK,22433,INF179KC1HY0,HDFCNIFBAN,EQ,,,,,HDFCAMC - HDFCNIFBAN,59.51,59.51,58.97,59.23,59.38,59.54,,59.23,,,279639,16555820.45,431,F1,1,,,,,
2026-08-18,2026-08-18,CM,NSE,STK,12101,INF179KC1IA8,HDFCNIFIT,EQ,,,,,HDFCAMC - HDFCNIFIT,32.99,33.26,32.31,32.34,32.49,32.99,,32.34,,,261717,8504472.87,488,F1,1,,,,,
2026-08-18,2026-08-18,CM,NSE,STK,11591,INF179KC1965,HDFCNIFTY,EQ,,,,,HDFCAMC - HDFCNIFTY,281.76,281.76,272.9,273.21,273.24,274.89,,273.21,,,102395,27977060.24,695,F1,1,,,,,
2026-08-18,2026-08-18,CM,NSE,STK,764336,INF179KC1KT4,HDFCNIMEG,EQ,,,,,HDFCAMC - HDFCNIMEG,131.18,131.18,130.14,130.47,130.83,131.79,,130.47,,,44618,5828198.78,55,F1,1,,,,,
2026-08-18,2026-08-18,CM,NSE,STK,12108,INF179KC1HZ7,HDFCPVTBAN,EQ,,,,,HDFCAMC - HDFCPVTBAN,28.76,28.76,27.78,27.84,27.78,28.06,,27.84,,,147629,4109837.97,499,F1,1,,,,,
2026-08-18,2026-08-18,CM,NSE,STK,11255,INF179KC1DL6,HDFCQUAL,EQ,,,,,HDFCAMC - HDFCQUAL,59.7,59.7,58.97,59.2,59.5,59.72,,59.2,,,24197,1434721.34,114,F1,1,,,,,
2026-08-18,2026-08-18,CM,NSE,STK,11593,INF179KC1HX2,HDFCSENSEX,EQ,,,,,HDFCAMC - HDFCSENSEX,87.55,88.24,87.55,87.77,87.7,88.25,,87.78,,,13547,1189823.48,506,F1,1,,,,,
2026-08-18,2026-08-18,CM,NSE,STK,10876,INF179KC1DI2,HDFCSILVER,EQ,,,,,HDFCAMC - HDFCSILVER,225.88,225.88,220.68,221.55,221.74,223.64,,221.55,,,1592562,353236759.01,8450,F1,1,,,,,
2026-08-18,2026-08-18,CM,NSE,STK,14233,INF179KC1FB2,HDFCSML250,EQ,,,,,HDFCAMC - HDFCSML250,189.83,189.83,184.5,184.78,184.75,185.2,,184.78,,,1107563,204724054.46,6865,F1,1,,,,,
2026-08-18,2026-08-18,CM,NSE,STK,11260,INF179KC1DK8,HDFCVALUE,EQ,,,,,HDFCAMC - HDFCVALUE,126.26,126.4,125.63,126.0,126.29,126.6,,126.03,,,7620,960479.96,98,F1,1,,,,,
2026-08-18,2026-08-18,CM,NSE,STK,22595,INF179KC1HW4,HDFCPSUBK,EQ,,,,,HDFCAMC HDFCPSUBK,87.0,88.51,86.98,87.17,86.98,87.93,,87.12,,,46940,4117885.38,220,F1,1,,,,,
2026-08-18,2026-08-18,CM,NSE,STK,19205,INE759V01019,HEADSUP,EQ,,,,,HEADS UP VENTURES LIMITED,6.69,6.82,6.32,6.67,6.61,6.69,,6.69,,,24061,158442.16,190,F1,1,,,,,
2026-08-18,2026-08-18,CM,NSE,STK,20063,INE019J01013,HEALTHX,EQ,,,,,HEALTH X PLATFORM LIMITED,287.55,295.9,287.5,288.5,294.7,291.5,,288.43,,,3922,1136060.15,114,F1,1,,,,,
2026-08-18,2026-08-18,CM,NSE,STK,15555,INE075I01017,HCG,EQ,,,,,HEALTHCARE GLOB. ENT. LTD,717.0,721.9,707.0,713.65,713.0,712.35,,713.66,,,101694,72568787.7,9208,F1,1,,,,,
2026-08-18,2026-08-18,CM,NSE,STK,7425,INE558R01013,HECPROJECT,EQ,,,,,HEC INFRA PROJECTS LTD,118.05,124.74,118.05,119.3,119.45,119.89,,119.3,,,15932,1933333.42,332,F1,1,,,,,
2026-08-18,2026-08-18,CM,NSE,STK,1336,INE545A01024,HEG,EQ,,,,,HEG LTD,697.5,749.0,696.0,739.25,744.2,698.3,,739.25,,,5430733,3980501044.15,90350,F1,1,,,,,
2026-08-18,2026-08-18,CM,NSE,STK,2316,INE578A01017,HEIDELBERG,EQ,,,,,HEIDELBERGCEMENT (I) LTD,161.0,161.79,159.81,160.06,160.0,160.22,,160.15,,,82281,13216158.77,1264,F1,1,,,,,
2026-08-18,2026-08-18,CM,NSE,STK,701,INE0AJG01018,HEMIPROP,EQ,,,,,HEMISPHERE PROP IND LTD,134.0,134.5,132.0,132.33,132.39,134.27,,132.32,,,235829,31343270.23,1865,F1,1,,,,,
2026-08-18,2026-08-18,CM,NSE,STK,2614,INE694N01015,HERANBA,EQ,,,,,HERANBA INDUSTRIES LTD,167.0,167.55,161.0,161.83,161.64,166.23,,161.84,,,56731,9226879.53,1630,F1,1,,,,,
2026-08-18,2026-08-18,CM,NSE,STK,4598,INE978A01027,HERITGFOOD,EQ,,,,,HERITAGE FOODS LTD,364.3,366.4,356.25,359.6,359.25,363.65,,359.67,,,164947,59376009.2,5120,F1,1,,,,,
2026-08-18,2026-08-18,CM,NSE,STK,1348,INE158A01026,HEROMOTOCO,EQ,,,,,HERO MOTOCORP LIMITED,5745.0,5778.0,5694.5,5745.5,5745.5,5745.0,,5745.49,,,485939,2784423479.5,43032,F1,1,,,,,
2026-08-18,2026-08-18,CM,NSE,STK,7048,INE782E01017,HESTERBIO,EQ,,,,,HESTER BIOSCIENCES LTD,2418.8,2496.0,2408.6,2451.2,2413.5,2417.6,,2450.65,,,5947,14665647.9,1274,F1,1,,,,,
2026-08-18,2026-08-18,CM,NSE,STK,27008,INE750M01017,HEXATRADEX,EQ,,,,,HEXA TRADEX LIMITED,157.7,160.65,157.0,158.68,159.58,157.31,,158.68,,,2060,325800.7,47,F1,1,,,,,
2026-08-18,2026-08-18,CM,NSE,STK,750116,INE0JUI01012,HEXAGON,BE,,,,,HEXAGON NUTRITION LIMITED,63.25,66.41,63.02,66.41,66.41,63.25,,66.41,,,468436,30455803.65,1335,F1,1,,,,,
2026-08-18,2026-08-18,CM,NSE,STK,29666,INE093A01041,HEXT,EQ,,,,,HEXAWARE TECHNOLOGIES LTD,562.0,568.75,550.2,552.75,551.4,561.0,,552.78,,,84816,47113823.55,5592,F1,1,,,,,
2026-08-18,2026-08-18,CM,NSE,STK,21951,INE548A01028,HFCL,EQ,,,,,HFCL LIMITED,218.01,230.47,218.01,230.03,230.47,219.5,,230.04,,,35739264,8159363077.62,104543,F1,1,,,,,
2026-08-18,2026-08-18,CM,NSE,STK,18794,INE0PIC01017,HIGREEN,SM,,,,,HI GREEN CARBON LIMITED,132.95,133.0,130.0,131.85,131.0,134.2,,131.85,,,32800,4330920.0,38,F1,800,,,,,
2026-08-18,2026-08-18,CM,NSE,STK,2868,INE106T01025,HITECH,EQ,,,,,HI-TECH PIPES LIMITED,78.48,78.98,77.5,77.98,78.0,78.43,,77.98,,,359333,28013111.33,3307,F1,1,,,,,
2026-08-18,2026-08-18,CM,NSE,STK,759103,INE00RL01028,HILINFRA,EQ,,,,,HIGHWAY INFRASTRUCTURE L,45.5,46.9,45.41,46.3,46.25,44.46,,46.28,,,292136,13494489.63,2228,F1,1,,,,,
2026-08-18,2026-08-18,CM,NSE,STK,9668,INE475B01022,HIKAL,EQ,,,,,HIKAL LIMITED,213.0,217.5,212.12,217.18,216.55,212.81,,217.19,,,138405,29795021.05,3262,F1,1,,,,,
2026-08-18,2026-08-18,CM,NSE,STK,14631,INE788H01017,HILTON,BE,,,,,HILTON METAL FORGING LTD,20.14,20.42,19.98,20.26,20.29,20.14,,20.26,,,75863,1528653.79,219,F1,1,,,,,
2026-08-18,2026-08-18,CM,NSE,STK,14334,INE019C01026,HSCL,EQ,,,,,HIMADRI SPECIALITY CHEM L,786.95,789.8,768.5,781.8,777.0,787.4,,781.78,,,3303592,2571391582.45,36373,F1,1,,,,,
2026-08-18,2026-08-18,CM,NSE,STK,1360,INE049A01027,HIMATSEIDE,EQ,,,,,HIMATSINGKA SEIDE LTD,70.64,72.61,70.64,71.17,71.06,70.5,,71.17,,,689377,49392809.32,5980,F1,1,,,,,
2026-08-18,2026-08-18,CM,NSE,STK,765085,INE227B01019,HINDALUMI,EQ,,,,,HIND ALUMINIUM INDS. LTD.,107.5,107.5,98.0,98.95,99.0,99.17,,98.5,,,3908,392935.64,114,F1,1,,,,,
2026-08-18,2026-08-18,CM,NSE,STK,1363,INE038A01020,HINDALCO,EQ,,,,,HINDALCO  INDUSTRIES  LTD,1048.95,1050.6,1038.0,1041.6,1041.6,1049.9,,1041.6,,,2525385,2633004703.25,65786,F1,1,,,,,
2026-08-18,2026-08-18,CM,NSE,STK,4920,INE642Y01029,HINDCON,EQ,,,,,HINDCON CHEMICALS LIMITED,22.13,22.7,22.13,22.61,22.68,22.13,,22.61,,,21792,492026.77,138,F1,1,,,,,
2026-08-18,2026-08-18,CM,NSE,STK,11796,INE05X901010,HPIL,EQ,,,,,HINDPRAKASH INDUSTRY LTD,127.0,130.85,127.0,130.06,130.15,127.35,,130.06,,,3025,392422.69,47,F1,1,,,,,
2026-08-18,2026-08-18,CM,NSE,STK,14712,INE170I01016,HGS,EQ,,,,,HINDUJA GLOBAL SOLS. LTD.,410.0,413.8,403.5,406.95,407.0,413.05,,406.93,,,12685,5167257.85,817,F1,1,,,,,
2026-08-18,2026-08-18,CM,NSE,STK,764698,INE074C01013,HINDADH,EQ,,,,,HINDUSTAN ADHESIVES LTD.,372.9,402.65,361.0,385.45,384.1,335.55,,385.37,,,246790,96818142.65,6139,F1,1,,,,,
2026-08-18,2026-08-18,CM,NSE,STK,2303,INE066F01020,HAL,EQ,,,,,HINDUSTAN AERONAUTICS LTD,5067.4,5120.0,5039.0,5099.0,5099.0,5059.0,,5099.01,,,1238546,6309933776.7,87650,F1,1,,,,,
2026-08-18,2026-08-18,CM,NSE,STK,1372,INE310C01029,HINDCOMPOS,EQ,,,,,HINDUSTAN COMPOSITES LTD.,411.65,412.1,408.0,409.05,409.0,409.55,,409.05,,,2054,841545.55,165,F1,1,,,,,
2026-08-18,2026-08-18,CM,NSE,STK,1375,INE549A01026,HCC,EQ,,,,,HINDUSTAN CONSTRUCTION CO,20.33,20.56,19.9,20.04,20.07,20.33,,20.04,,,11759100,236671733.62,15931,F1,1,,,,,
2026-08-18,2026-08-18,CM,NSE,STK,17939,INE531E01026,HINDCOPPER,EQ,,,,,HINDUSTAN COPPER LTD,568.6,576.7,555.55,566.35,566.5,572.65,,566.36,,,15501582,8793702221.7,176523,F1,1,,,,,
2026-08-18,2026-08-18,CM,NSE,STK,12173,INE254N01026,HNDFDS,EQ,,,,,HINDUSTAN FOODS LIMITED,615.0,640.9,608.0,635.6,635.55,608.45,,635.71,,,265619,166529671.25,17303,F1,1,,,,,
2026-08-18,2026-08-18,CM,NSE,STK,19215,INE871K01015,HMVL,BE,,,,,HINDUSTAN MEDIA VENT LTD,91.5,94.8,88.01,94.49,94.0,90.97,,94.47,,,36380,3373198.13,234,F1,1,,,,,
2026-08-18,2026-08-18,CM,NSE,STK,1403,INE345A01011,HINDOILEXP,EQ,,,,,HINDUSTAN OIL EXPLORATION,155.99,159.5,154.84,156.49,156.77,154.89,,156.49,,,613233,96451877.63,7316,F1,1,,,,,
2026-08-18,2026-08-18,CM,NSE,STK,1406,INE094A01015,HINDPETRO,EQ,,,,,HINDUSTAN PETROLEUM CORP,368.9,373.75,365.95,366.0,366.0,371.0,,366.01,,,5320731,1965321686.85,90232,F1,1,,,,,
2026-08-18,2026-08-18,CM,NSE,STK,1394,INE030A01027,HINDUNILVR,EQ,,,,,HINDUSTAN UNILEVER LTD.,2055.0,2060.0,2034.9,2035.0,2035.0,2055.0,,2035.0,,,1234596,2520007819.1,66985,F1,1,,,,,
2026-08-18,2026-08-18,CM,NSE,STK,1424,INE267A01025,HINDZINC,EQ,,,,,HINDUSTAN ZINC LIMITED,569.1,569.1,558.0,558.0,558.0,567.5,,558.0,,,2256802,1270057593.15,32306,F1,1,,,,,
2026-08-18,2026-08-18,CM,NSE,STK,15883,INE05AN01011,HINDWAREAP,EQ,,,,,HINDWARE HME INOVATON LTD,197.63,200.7,196.25,199.89,199.8,197.63,,199.87,,,84276,16743013.04,1575,F1,1,,,,,
2026-08-18,2026-08-18,CM,NSE,STK,13890,INE835D01023,HIRECT,EQ,,,,,HIRECT LIMITED,1250.0,1266.0,1245.1,1261.0,1262.0,1258.6,,1261.13,,,33411,42039071.7,2003,F1,1,,,,,
2026-08-18,2026-08-18,CM,NSE,STK,19322,INE598C01011,HISARMETAL,EQ,,,,,HISAR METAL IND. LIMITED,154.9,156.0,148.0,153.4,154.0,152.44,,153.4,,,1846,281699.92,83,F1,1,,,,,
2026-08-18,2026-08-18,CM,NSE,STK,18457,INE07Y701011,POWERINDIA,EQ,,,,,HITACHI ENERGY INDIA LTD,35580.0,35580.0,35200.0,35275.0,35275.0,35450.0,,35274.49,,,47426,1676377755.0,15785,F1,1,,,,,
2026-08-18,2026-08-18,CM,NSE,STK,15165,INE120D01012,HITECHCORP,BE,,,,,HITECH CORPORATION LTD,329.95,335.0,327.1,331.0,331.05,330.15,,331.0,,,7979,2642017.1,89,F1,1,,,,,
2026-08-18,2026-08-18,CM,NSE,STK,2289,INE461D01028,HLEGLAS,EQ,,,,,HLE GLASCOAT LIMITED,306.1,314.6,303.5,306.2,305.3,314.6,,306.17,,,459971,140647809.1,13260,F1,1,,,,,
2026-08-18,2026-08-18,CM,NSE,STK,1448,INE102A01024,HLVLTD,EQ,,,,,HLV LIMITED,6.72,6.72,6.65,6.7,6.71,6.73,,6.69,,,138213,925633.38,418,F1,1,,,,,
2026-08-18,2026-08-18,CM,NSE,STK,17053,INE0ECP01024,HMAAGRO,EQ,,,,,HMA AGRO INDUSTRIES LTD,22.9,24.0,21.93,22.02,22.18,22.95,,22.02,,,9306605,209156161.59,13183,F1,1,,,,,
2026-08-18,2026-08-18,CM,NSE,STK,19698,INE262A01018,HMT,BZ,,,,,HMT LTD -,61.5,61.99,60.55,60.96,61.47,60.28,,60.81,,,7385,453492.63,133,F1,1,,,,,
2026-08-18,2026-08-18,CM,NSE,STK,23826,INE0S6S01017,HOACFOODS,ST,,,,,HOAC FOODS INDIA LIMITED,810.0,815.0,810.0,810.0,810.0,810.0,,810.0,,,3000,2441250.0,8,F1,375,,,,,
2026-08-18,2026-08-18,CM,NSE,STK,2056,INE481N01025,HOMEFIRST,EQ,,,,,HOME FIRST FIN CO IND LTD,1181.0,1184.2,1170.0,1177.1,1183.0,1179.9,,1177.12,,,280836,330398208.4,6829,F1,1,,,,,
2026-08-18,2026-08-18,CM,NSE,STK,19813,INE0J5401028,HONASA,EQ,,,,,HONASA CONSUMER LIMITED,480.0,485.7,470.05,474.6,474.1,481.65,,474.6,,,1909931,907894019.2,41667,F1,1,,,,,
2026-08-18,2026-08-18,CM,NSE,STK,3138,INE634A01018,HONDAPOWER,EQ,,,,,HONDA I POWER PRODUCT LTD,2145.0,2149.0,2092.2,2111.2,2116.0,2138.1,,2111.32,,,5719,12115004.3,859,F1,1,,,,,
2026-08-18,2026-08-18,CM,NSE,STK,3417,INE671A01010,HONAUT,EQ,,,,,HONEYWELL AUTOMATION IND,36970.0,36970.0,36105.0,36400.0,36400.0,36400.0,,36397.56,,,3269,119109110.0,2188,F1,1,,,,,
2026-08-18,2026-08-18,CM,NSE,STK,17920,INE191I01012,HDIL,BZ,,,,,HOUSING DEV & INFRA LTD,1.49,1.55,1.49,1.53,1.54,1.53,,1.53,,,91493,139618.92,153,F1,1,,,,,
2026-08-18,2026-08-18,CM,NSE,STK,7376,INE0GSL01024,HPAL,EQ,,,,,HP ADHESIVES LIMITED,35.79,35.79,34.51,34.67,34.53,35.64,,34.67,,,43228,1512733.61,495,F1,1,,,,,
2026-08-18,2026-08-18,CM,NSE,STK,29875,INE0VA601019,HPTL,SM,,,,,HP TELECOM INDIA LIMITED,325.0,325.2,325.0,325.2,325.2,309.75,,325.2,,,6000,1951080.0,6,F1,600,,,,,
2026-08-18,2026-08-18,CM,NSE,STK,18679,INE495S01016,HPL,EQ,,,,,HPL ELECTRIC & POWER LTD,310.0,318.9,310.0,314.4,314.0,312.35,,314.37,,,86613,27279766.35,2563,F1,1,,,,,
2026-08-18,2026-08-18,CM,NSE,STK,21107,INE0R3501012,HRHNEXT,SM,,,,,HRH NEXT SERVICES LIMITED,26.05,26.1,26.05,26.1,26.1,24.95,,26.1,,,4500,117300.0,3,F1,1500,,,,,
2026-08-18,2026-08-18,CM,NSE,STK,761506,INF336L01RX2,HSBCGOLD,EQ,,,,,HSBCAMC - HSBCGOLD,133.16,133.3,132.66,133.21,133.21,133.16,,133.21,,,2175,289097.01,99,F1,1,,,,,
2026-08-18,2026-08-18,CM,NSE,STK,20825,INE031A01017,HUDCO,EQ,,,,,HSG & URBAN DEV CORPN LTD,187.9,189.4,186.4,188.01,187.35,189.01,,188.0,,,1134421,212469913.01,20559,F1,1,,,,,
2026-08-18,2026-08-18,CM,NSE,STK,11979,INE501G01024,HTMEDIA,EQ,,,,,HT MEDIA LIMITED,26.0,27.0,25.89,26.78,26.8,25.77,,26.78,,,124006,3309035.62,999,F1,1,,,,,
2026-08-18,2026-08-18,CM,NSE,STK,14203,INE703H01016,HUBTOWN,EQ,,,,,HUBTOWN LIMITED,182.91,183.59,179.57,180.52,182.8,182.91,,180.52,,,231892,41999599.47,2536,F1,1,,,,,
2026-08-18,2026-08-18,CM,NSE,STK,2562,INE275B01026,HUHTAMAKI,EQ,,,,,HUHTAMAKI INDIA LIMITED,279.9,279.9,275.1,276.0,275.15,279.1,,275.99,,,80485,22301556.4,1952,F1,1,,,,,
2026-08-18,2026-08-18,CM,NSE,STK,25708,INE0TO501019,HVAX,SM,,,,,HVAX TECHNOLOGIES LIMITED,600.0,600.0,600.0,600.0,600.0,609.0,,600.0,,,3000,1800000.0,15,F1,150,,,,,
2026-08-18,2026-08-18,CM,NSE,STK,12814,INE965B01022,HYBRIDFIN,BE,,,,,HYBRID FINANCIAL SERVICE,17.0,18.0,17.0,17.68,17.68,17.41,,17.68,,,4400,75280.81,29,F1,1,,,,,
2026-08-18,2026-08-18,CM,NSE,STK,25844,INE0V6F01027,HYUNDAI,EQ,,,,,HYUNDAI MOTOR INDIA LTD,2179.1,2221.9,2179.0,2186.0,2186.0,2190.0,,2186.0,,,474077,1044729368.5,27319,F1,1,,,,,
2026-08-18,2026-08-18,CM,NSE,STK,14086,INE204A01010,IGPL,EQ,,,,,I G PETROCHEMICALS LTD,474.8,488.4,472.8,479.95,481.0,472.8,,480.15,,,134261,64737664.5,4032,F1,1,,,,,
2026-08-18,2026-08-18,CM,NSE,STK,764718,INE684B01029,ISTLTD,EQ,,,,,I S T LTD.,660.0,660.0,650.0,652.2,652.2,666.9,,656.6,,,51,33477.4,14,F1,1,,,,,
2026-08-18,2026-08-18,CM,NSE,STK,21348,INE0O7401018,IBLFL,SM,,,,,IBL FINANCE LIMITED,58.55,58.55,58.55,58.55,58.55,61.0,,58.55,,,2000,117100.0,1,F1,2000,,,,,
2026-08-18,2026-08-18,CM,NSE,STK,764064,INE0XE501015,ICELCO,SM,,,,,IC ELECTRICALS COMPANY L,135.1,145.0,135.0,143.35,142.6,140.1,,143.35,,,62400,8756580.0,42,F1,1200,,,,,
2026-08-18,2026-08-18,CM,NSE,STK,6977,INE613B01010,ICDSLTD,EQ,,,,,ICDS LTD,42.0,42.0,38.81,40.38,40.99,40.47,,40.72,,,1288,51408.76,34,F1,1,,,,,
2026-08-18,2026-08-18,CM,NSE,STK,489,INE520Y01019,ICEMAKE,EQ,,,,,ICE MAKE REFRIGERAT LTD,716.0,758.8,711.0,728.25,727.1,722.45,,728.25,,,100040,73346099.5,6561,F1,1,,,,,
2026-08-18,2026-08-18,CM,NSE,STK,4963,INE090A01021,ICICIBANK,EQ,,,,,ICICI BANK LTD.,1410.0,1416.6,1406.3,1412.0,1412.0,1415.3,,1412.0,,,8345198,11773283117.6,116562,F1,1,,,,,
2026-08-18,2026-08-18,CM,NSE,STK,21770,INE765G01017,ICICIGI,EQ,,,,,ICICI LOMBARD GIC LIMITED,1626.3,1637.5,1615.2,1623.8,1623.8,1626.3,,1623.8,,,625804,1016423386.3,31688,F1,1,,,,,
2026-08-18,2026-08-18,CM,NSE,STK,21254,INF109KC19U5,LOWVOLIETF,EQ,,,,,ICICI PR NIF LW VL 30 ETF,22.76,22.76,22.31,22.36,22.45,22.51,,22.37,,,874266,19549248.5,1054,F1,1,,,,,
2026-08-18,2026-08-18,CM,NSE,STK,18652,INE726G01019,ICICIPRULI,EQ,,,,,ICICI PRU LIFE INS CO LTD,503.85,510.6,498.2,498.2,498.2,507.0,,498.2,,,1584467,800746671.5,17243,F1,1,,,,,
2026-08-18,2026-08-18,CM,NSE,STK,17702,INF109KC10W0,MIDSELIETF,EQ,,,,,ICICI PRUD MIDCAP SEL ETF,19.95,19.98,19.82,19.88,19.91,19.95,,19.88,,,189458,3765688.77,531,F1,1,,,,,
2026-08-18,2026-08-18,CM,NSE,STK,30392,INF109KC16V9,NIF100IETF,EQ,,,,,ICICI PRUD NIFTY 100 ETF,28.55,28.55,28.28,28.38,28.45,28.55,,28.38,,,57690,1636548.43,1239,F1,1,,,,,
2026-08-18,2026-08-18,CM,NSE,STK,29553,INF109K012R6,NIFTYIETF,EQ,,,,,ICICI PRUD NIFTY ETF,269.58,276.56,269.58,274.6,274.85,276.5,,274.6,,,317489,87271837.11,13215,F1,1,,,,,
2026-08-18,2026-08-18,CM,NSE,STK,4378,INF346A01034,SENSEXIETF,EQ,,,,,ICICI PRUD SENSEX ETF,892.37,893.6,890.0,891.09,891.05,896.91,,891.07,,,7037,6271673.31,352,F1,1,,,,,
2026-08-18,2026-08-18,CM,NSE,STK,760407,INE346A01027,ICICIAMC,EQ,,,,,ICICI PRUDENTIAL AMC LTD,3148.9,3148.9,3088.0,3106.0,3092.0,3136.0,,3106.05,,,215913,672528591.8,24670,F1,1,,,,,
2026-08-18,2026-08-18,CM,NSE,STK,19679,INF109KC1NT3,GOLDIETF,EQ,,,,,ICICI PRUDENTIAL GOLD ETF,127.74,133.0,127.73,130.95,131.0,131.02,,130.95,,,5613015,735538511.49,23566,F1,1,,,,,
2026-08-18,2026-08-18,CM,NSE,STK,17475,INF109KC11V0,NV20IETF,EQ,,,,,ICICI PRUDENTIAL NV20 ETF,13.85,13.85,13.6,13.65,13.6,13.73,,13.65,,,305133,4167609.04,1664,F1,1,,,,,
2026-08-18,2026-08-18,CM,NSE,STK,522,INF109KB15Y7,ICICIB22,EQ,,,,,ICICIPRAMC - BHARATIWIN,116.65,116.65,115.41,115.49,115.8,115.71,,115.49,,,285944,33039886.23,2631,F1,1,,,,,
2026-08-18,2026-08-18,CM,NSE,STK,30139,INF109K1A021,CASHIETF,EQ,,,,,ICICIPRAMC - CASHIETF,1075.75,1075.75,1075.73,1075.74,1075.73,1075.6,,1075.74,,,327549,352360723.52,105,F1,1,,,,,
2026-08-18,2026-08-18,CM,NSE,STK,755881,INF109K1A153,EVIETF,EQ,,,,,ICICIPRAMC - EVIETF,34.85,34.85,34.1,34.17,34.1,34.17,,34.17,,,231371,7908742.79,649,F1,1,,,,,
2026-08-18,2026-08-18,CM,NSE,STK,13143,INF109KC18O0,GSEC10IETF,EQ,,,,,ICICIPRAMC - ICICI10GS,266.6,267.14,264.49,265.49,264.49,267.0,,265.49,,,1076,284742.51,8,F1,1,,,,,
2026-08-18,2026-08-18,CM,NSE,STK,3001,INF109KC1V59,BSE500IETF,EQ,,,,,ICICIPRAMC - ICICI500,40.01,40.01,39.85,39.9,39.87,40.01,,39.9,,,179861,7177572.76,1044,F1,1,,,,,
2026-08-18,2026-08-18,CM,NSE,STK,8342,INF109KC14A8,GSEC5IETF,EQ,,,,,ICICIPRAMC - ICICI5GSEC,66.66,66.86,66.15,66.15,66.15,66.33,,66.25,,,793,52881.6,23,F1,1,,,,,
2026-08-18,2026-08-18,CM,NSE,STK,22344,INF109KC17V7,ALPL30IETF,EQ,,,,,ICICIPRAMC - ICICIALPLV,28.33,28.33,28.19,28.27,28.26,28.33,,28.27,,,677321,19138895.18,938,F1,1,,,,,
2026-08-18,2026-08-18,CM,NSE,STK,7844,INF109KC10V2,AUTOIETF,EQ,,,,,ICICIPRAMC - ICICIAUTO,30.4,30.5,30.29,30.4,30.49,30.4,,30.4,,,542346,16479924.47,1802,F1,1,,,,,
2026-08-18,2026-08-18,CM,NSE,STK,11386,INF109KC18U7,PVTBANIETF,EQ,,,,,ICICIPRAMC - ICICIBANKP,27.66,27.71,27.55,27.67,27.64,27.74,,27.67,,,1325673,36615702.25,1172,F1,1,,,,,
2026-08-18,2026-08-18,CM,NSE,STK,13198,INF109KC19O8,COMMOIETF,EQ,,,,,ICICIPRAMC - ICICICOMMO,101.24,101.24,99.5,99.83,99.5,100.24,,99.85,,,32633,3266216.94,516,F1,1,,,,,
2026-08-18,2026-08-18,CM,NSE,STK,6446,INF109KC1V42,CONSUMIETF,EQ,,,,,ICICIPRAMC - ICICICONSU,124.97,125.32,124.0,124.44,124.08,125.44,,124.45,,,7620,950436.13,158,F1,1,,,,,
2026-08-18,2026-08-18,CM,NSE,STK,5306,INF109KC19V3,FMCGIETF,EQ,,,,,ICICIPRAMC - ICICIFMCG,52.94,52.94,51.26,51.35,51.4,51.98,,51.35,,,3930217,202062700.13,14110,F1,1,,,,,
2026-08-18,2026-08-18,CM,NSE,STK,10723,INF109KC16E5,INFRAIETF,EQ,,,,,ICICIPRAMC - ICICIINFRA,97.92,97.92,96.01,96.53,96.14,96.95,,96.53,,,52752,5094591.47,953,F1,1,,,,,
2026-08-18,2026-08-18,CM,NSE,STK,4838,INF109KC1KT9,LIQUIDIETF,EQ,,,,,ICICIPRAMC - ICICILIQ,1000.0,1000.01,999.99,999.99,1000.0,999.99,,999.99,,,409155,409154672.71,238,F1,1,,,,,
2026-08-18,2026-08-18,CM,NSE,STK,17152,INF109KC11W8,MIDCAPIETF,EQ,,,,,ICICIPRAMC - ICICIM150,24.33,24.37,24.2,24.26,24.33,24.33,,24.26,,,633384,15362450.92,2400,F1,1,,,,,
2026-08-18,2026-08-18,CM,NSE,STK,10585,INF109KC17C7,MOM30IETF,EQ,,,,,ICICIPRAMC - ICICIMOM30,32.03,32.03,31.61,31.66,31.67,31.72,,31.66,,,435775,13803449.97,1582,F1,1,,,,,
2026-08-18,2026-08-18,CM,NSE,STK,4529,INF109KC1NS5,NEXT50IETF,EQ,,,,,ICICIPRAMC - ICICINXT50,78.92,79.0,78.26,78.69,78.6,78.92,,78.69,,,390566,30767093.42,3813,F1,1,,,,,
2026-08-18,2026-08-18,CM,NSE,STK,3626,INF109KC1Q72,HEALTHIETF,EQ,,,,,ICICIPRAMC - ICICIPHARM,168.59,169.79,167.47,168.95,169.2,168.59,,168.92,,,54971,9293344.84,1063,F1,1,,,,,
2026-08-18,2026-08-18,CM,NSE,STK,17808,INF109KC18V5,QUAL30IETF,EQ,,,,,ICICIPRAMC - ICICIQTY30,22.19,22.19,21.34,21.38,21.4,21.65,,21.41,,,63621,1363371.15,418,F1,1,,,,,
2026-08-18,2026-08-18,CM,NSE,STK,7942,INF109KC1Y56,SILVERIETF,EQ,,,,,ICICIPRAMC - ICICISILVE,227.52,235.9,227.51,231.49,231.8,233.36,,231.49,,,2327134,539147231.23,13760,F1,1,,,,,
2026-08-18,2026-08-18,CM,NSE,STK,22365,INF109KC16I6,ITIETF,EQ,,,,,ICICIPRAMC - ICICITECH,34.37,34.37,33.6,33.66,33.75,34.27,,33.66,,,556975,18802871.25,1760,F1,1,,,,,
2026-08-18,2026-08-18,CM,NSE,STK,764364,INF109K1A567,INSUREIETF,EQ,,,,,ICICIPRAMC - INSUREIETF,15.48,15.59,15.4,15.51,15.53,15.52,,15.51,,,34980,541099.2,92,F1,1,,,,,
2026-08-18,2026-08-18,CM,NSE,STK,11037,INF109KC15I8,BANKIETF,EQ,,,,,ICICIPRAMC - IPRU5008,59.19,59.32,58.83,58.98,59.05,59.38,,58.98,,,191986,11324802.21,1325,F1,1,,,,,
2026-08-18,2026-08-18,CM,NSE,STK,24861,INF109KC19W1,METALIETF,EQ,,,,,ICICIPRAMC - METALIETF,13.3,13.3,13.04,13.08,13.1,13.24,,13.08,,,8628498,113195820.61,9423,F1,1,,,,,
2026-08-18,2026-08-18,CM,NSE,STK,24533,INF109KC18W3,OILIETF,EQ,,,,,ICICIPRAMC - OILIETF,11.43,11.47,11.38,11.39,11.41,11.42,,11.39,,,883307,10093691.42,1869,F1,1,,,,,
2026-08-18,2026-08-18,CM,NSE,STK,14584,INF109KC10S8,PSUBNKIETF,EQ,,,,,ICICIPRAMC - PSUBANKICI,88.47,88.79,87.21,87.45,87.97,88.58,,87.46,,,59958,5263724.32,791,F1,1,,,,,
2026-08-18,2026-08-18,CM,NSE,STK,754612,INF109K1A476,SMALLIETF,EQ,,,,,ICICIPRAMC - SMALLIETF,18.16,18.58,18.16,18.41,18.39,18.38,,18.4,,,26559,488223.88,119,F1,1,,,,,
2026-08-18,2026-08-18,CM,NSE,STK,757781,INF109K1A344,TOP15IETF,EQ,,,,,ICICIPRAMC - TOP15IETF,9.97,9.98,9.94,9.97,9.98,10.02,,9.97,,,61410,611930.42,172,F1,1,,,,,
2026-08-18,2026-08-18,CM,NSE,STK,25851,INF109KC16X5,VAL30IETF,EQ,,,,,ICICIPRAMC - VAL30IETF,15.77,15.77,15.25,15.29,15.28,15.39,,15.29,,,143803,2201106.77,571,F1,1,,,,,
2026-08-18,2026-08-18,CM,NSE,STK,12578,INF109KC17L8,FINIETF,EQ,,,,,ICICIPRAMC-ICICIFIN,33.25,33.29,33.0,33.13,33.03,33.25,,33.11,,,220406,7300570.62,1260,F1,1,,,,,
2026-08-18,2026-08-18,CM,NSE,STK,14523,INE725G01011,ICRA,EQ,,,,,ICRA LIMITED,5050.0,5082.0,4954.0,4975.6,4956.5,5052.7,,4975.68,,,21643,108434142.1,3196,F1,1,,,,,
2026-08-18,2026-08-18,CM,NSE,STK,1476,INE008A01015,IDBI,EQ,,,,,IDBI BANK LIMITED,82.0,82.54,81.0,81.11,81.09,82.18,,81.11,,,1964380,160220846.99,14575,F1,1,,,,,
2026-08-18,2026-08-18,CM,NSE,STK,17140,INE349Y01013,IDEAFORGE,EQ,,,,,IDEAFORGE TECHNO LTD,780.0,834.85,780.0,834.85,834.85,795.1,,834.83,,,858864,711454506.85,19035,F1,1,,,,,
2026-08-18,2026-08-18,CM,NSE,STK,24950,INE0T9I01011,IDEALTECHO,SM,,,,,IDEAL TECHNOPLAST IND LTD,189.0,189.0,189.0,189.0,189.0,186.95,,189.0,,,500,94500.0,1,F1,500,,,,,
2026-08-18,2026-08-18,CM,NSE,STK,28574,INE0TD101011,IDENTICAL,SM,,,,,IDENTICAL BRAINS STUDIO L,15.6,15.6,15.25,15.4,15.25,15.8,,15.4,,,4000,61700.0,2,F1,2000,,,,,
2026-08-18,2026-08-18,CM,NSE,STK,11184,INE092T01019,IDFCFIRSTB,EQ,,,,,IDFC FIRST BANK LIMITED,85.0,85.47,84.6,84.76,84.76,85.05,,84.76,,,8806133,747824885.89,43609,F1,1,,,,,
2026-08-18,2026-08-18,CM,NSE,STK,1482,INE076C01018,IFBAGRO,EQ,,,,,IFB AGRO INDUSTRIES LTD,1038.15,1052.95,1015.1,1027.45,1015.3,1038.15,,1025.06,,,5571,5748833.15,380,F1,1,,,,,
2026-08-18,2026-08-18,CM,NSE,STK,1485,INE559A01017,IFBIND,EQ,,,,,IFB INDUSTRIES LTD,1389.0,1424.0,1371.2,1416.4,1419.9,1386.0,,1416.37,,,75848,106764813.0,8302,F1,1,,,,,
2026-08-18,2026-08-18,CM,NSE,STK,1491,INE039A01010,IFCI,EQ,,,,,IFCI LTD,78.97,81.8,78.36,81.36,81.5,78.93,,81.36,,,49975029,4035463692.95,125617,F1,1,,,,,
2026-08-18,2026-08-18,CM,NSE,STK,436,INE133Y01011,IFGLEXPOR,EQ,,,,,IFGL REFRACTORIES LIMITED,219.89,229.0,215.01,222.83,220.1,218.97,,222.83,,,25164,5536355.74,1175,F1,1,,,,,
2026-08-18,2026-08-18,CM,NSE,STK,759897,INE01XO07017,1225IFL27,N0,,,,,IFL 12.25% 2027,6700.0,6701.0,6310.0,6700.55,6700.0,6999.0,,6700.55,,,20,132936.0,9,F1,1,,,,,
2026-08-18,2026-08-18,CM,NSE,STK,634,INE188B01013,IGARASHI,EQ,,,,,IGARASHI MOTORS INDIA LTD,456.0,460.8,441.3,450.4,451.5,454.9,,450.42,,,106671,47892246.05,3982,F1,1,,,,,
2026-08-18,2026-08-18,CM,NSE,STK,761116,INE530B07658,837IIFL28,Y4,,,,,IIFL 8.37% TR I SR I,981.25,990.0,981.25,990.0,990.0,981.25,,992.5,,,146,144452.5,2,F1,1,,,,,
2026-08-18,2026-08-18,CM,NSE,STK,761119,INE530B07617,870IIFL28,Y7,,,,,IIFL 8.70% TR I SR IV,1032.87,1032.87,1032.87,1032.87,1032.87,1015.0,,1032.87,,,146,150799.02,1,F1,1,,,,,
2026-08-18,2026-08-18,CM,NSE,STK,756153,INE530B07484,960IIFL30,Y2,,,,,IIFL 9.60% TR I SR VIII,1000.0,1000.0,1000.0,1000.0,1000.0,1049.0,,1000.0,,,1000,1000000.0,14,F1,1,,,,,
2026-08-18,2026-08-18,CM,NSE,STK,756144,INE530B07476,975IIFL28,Y0,,,,,IIFL 9.75% TR I SR VI,1040.57,1040.57,1040.57,1040.57,1040.57,1023.0,,1040.57,,,106,110300.42,1,F1,1,,,,,
2026-08-18,2026-08-18,CM,NSE,STK,13072,INE489L01022,IIFLCAPS,EQ,,,,,IIFL CAPITAL SERVICES LTD,334.4,336.4,333.7,335.05,335.4,334.55,,335.05,,,157511,52731039.45,4051,F1,1,,,,,
2026-08-18,2026-08-18,CM,NSE,STK,11809,INE530B01024,IIFL,EQ,,,,,IIFL FINANCE LIMITED,630.0,640.4,620.0,622.35,622.0,630.05,,622.36,,,1373767,863870320.2,23520,F1,1,,,,,
2026-08-18,2026-08-18,CM,NSE,STK,761124,INE530B07641,IIFL06326,YC,,,,,IIFL TR I SR IX,985.2,985.2,985.2,985.2,985.2,980.0,,985.2,,,10,9852.0,1,F1,1,,,,,
2026-08-18,2026-08-18,CM,NSE,STK,16822,INE0LOJ01019,IKIO,EQ,,,,,IKIO TECHNOLOGIES LIMITED,200.25,202.71,196.36,196.99,196.41,201.74,,196.98,,,127812,25343148.73,2830,F1,1,,,,,
2026-08-18,2026-08-18,CM,NSE,STK,9380,INE369I01014,IL&FSENGG,BZ,,,,,IL&FS ENG AND CONS CO LTD,36.55,37.57,36.55,37.57,37.57,35.79,,37.72,,,25615,959737.59,54,F1,1,,,,,
2026-08-18,2026-08-18,CM,NSE,STK,6711,INE050B01023,IVC,EQ,,,,,IL&FS INVESTMENT MANAGERS,8.42,8.42,8.15,8.21,8.22,8.32,,8.21,,,229288,1884490.28,758,F1,1,,,,,
2026-08-18,2026-08-18,CM,NSE,STK,9381,INE975G01012,IL&FSTRANS,BZ,,,,,IL&FS TRANS NET LTD,2.03,2.13,2.03,2.09,2.09,2.08,,2.09,,,17035,35407.3,63,F1,1,,,,,
2026-08-18,2026-08-18,CM,NSE,STK,7672,INE172N01012,IMAGICAA,EQ,,,,,IMAGICAAWORLD ENT LTD,47.06,47.19,46.01,46.14,46.01,47.06,,46.14,,,230513,10728464.58,1531,F1,1,,,,,
2026-08-18,2026-08-18,CM,NSE,STK,25881,INE691G01015,IMPEXFERRO,BZ,,,,,IMPEX FERRO TECH LIMITED,3.71,3.71,3.71,3.71,3.71,3.64,,3.81,,,14487,53746.77,9,F1,1,,,,,
2026-08-18,2026-08-18,CM,NSE,STK,17507,INE452L01012,INCREDIBLE,EQ,,,,,INCREDIBLE INDUSTRIES LTD,31.5,32.74,31.28,31.37,31.37,31.84,,31.43,,,1078,35056.54,21,F1,1,,,,,
2026-08-18,2026-08-18,CM,NSE,STK,12009,INE547E01014,IMPAL,EQ,,,,,IND MOTOR PART & ACC LTD,1083.1,1115.8,1069.4,1109.4,1110.1,1083.1,,1109.4,,,2623,2884103.2,298,F1,1,,,,,
2026-08-18,2026-08-18,CM,NSE,STK,4870,INE915B01019,INDSWFTLAB,EQ,,,,,IND SWIFT LABORATORIES LT,317.95,351.3,316.9,346.87,350.0,313.02,,346.86,,,5070310,1712483273.5,77497,F1,1,,,,,
2026-08-18,2026-08-18,CM,NSE,STK,21957,INE611L01021,INDTERRAIN,EQ,,,,,IND TERRAIN FASHIONS LTD,32.34,32.34,30.5,30.55,30.5,31.06,,30.55,,,17009,524580.43,261,F1,1,,,,,
2026-08-18,2026-08-18,CM,NSE,STK,16933,INE841B01017,INDBANK,EQ,,,,,INDBANK MERCH BANK,32.8,32.8,32.0,32.15,32.11,32.38,,32.15,,,44694,1445145.75,238,F1,1,,,,,
2026-08-18,2026-08-18,CM,NSE,STK,29678,INE0O9T01021,BAJAJINDEF,EQ,,,,,INDEF MANUFACTURING LTD,216.04,218.99,212.66,213.13,214.3,215.32,,213.14,,,11903,2552758.46,486,F1,1,,,,,
2026-08-18,2026-08-18,CM,NSE,STK,23693,INE065X01017,INDGN,EQ,,,,,INDEGENE LIMITED,556.3,569.5,556.3,567.7,568.65,561.75,,567.65,,,161896,91464924.8,10251,F1,1,,,,,
2026-08-18,2026-08-18,CM,NSE,STK,1521,INE560A01023,INDIAGLYCO,EQ,,,,,INDIA GLYCOLS LTD,1070.9,1164.3,1070.9,1139.2,1136.4,1070.9,,1139.18,,,2053627,2348948248.0,75918,F1,1,,,,,
2026-08-18,2026-08-18,CM,NSE,STK,4747,INE092B01025,INDNIPPON,EQ,,,,,INDIA NIPPON ELECT  LTD,1138.6,1142.9,1108.3,1120.3,1125.0,1138.5,,1120.31,,,15685,17590652.6,1928,F1,1,,,,,
2026-08-18,2026-08-18,CM,NSE,STK,4934,INE0D6701023,IPL,EQ,,,,,INDIA PESTICIDES LIMITED,140.0,141.52,138.0,138.19,138.45,141.05,,138.19,,,129973,18085262.7,2452,F1,1,,,,,
2026-08-18,2026-08-18,CM,NSE,STK,20556,INE922K01024,INDIASHLTR,EQ,,,,,INDIA SHELTER FIN CORP L,674.0,674.0,661.2,669.05,669.95,674.75,,669.06,,,80555,53751562.3,8106,F1,1,,,,,
2026-08-18,2026-08-18,CM,NSE,STK,19299,INE353K01014,ITDC,EQ,,,,,INDIA TOUR. DEV. CO. LTD.,698.3,703.55,688.0,692.95,690.3,698.3,,692.95,,,85619,59364848.4,5558,F1,1,,,,,
2026-08-18,2026-08-18,CM,NSE,STK,24999,INE126M01010,IBULLSLTD,EQ,,,,,INDIABULLS LIMITED,27.85,29.22,26.67,26.98,26.92,27.83,,26.98,,,26107565,742171120.5,27218,F1,1,,,,,
2026-08-18,2026-08-18,CM,NSE,STK,10726,INE933S01016,INDIAMART,EQ,,,,,INDIAMART INTERMESH LTD,1767.2,1785.9,1737.4,1753.1,1749.1,1770.0,,1752.95,,,104847,183859566.7,26395,F1,1,,,,,
2026-08-18,2026-08-18,CM,NSE,STK,14309,INE562A01011,INDIANB,EQ,,,,,INDIAN BANK,874.0,887.0,874.0,875.0,875.0,881.2,,875.05,,,467243,411196356.95,16941,F1,1,,,,,
2026-08-18,2026-08-18,CM,NSE,STK,4422,INE061A01014,INDIANCARD,EQ,,,,,INDIAN CARD CLOTHING CO.,216.1,220.78,210.7,219.43,220.78,216.07,,219.42,,,3822,831059.72,67,F1,1,,,,,
2026-08-18,2026-08-18,CM,NSE,STK,23789,INE0RRU01016,IEML,SM,,,,,INDIAN EMULSIFIERS LTD,41.9,41.9,40.0,40.35,40.7,40.45,,40.35,,,39500,1607150.0,58,F1,500,,,,,
2026-08-18,2026-08-18,CM,NSE,STK,220,INE022Q01020,IEX,EQ,,,,,INDIAN ENERGY EXC LTD,124.6,125.49,123.75,124.4,124.4,125.3,,124.38,,,1978111,246153180.93,25659,F1,1,,,,,
2026-08-18,2026-08-18,CM,NSE,STK,1530,INE323C01030,INDIANHUME,EQ,,,,,INDIAN HUME PIPE CO. LTD.,363.6,367.7,355.7,360.15,357.25,362.55,,360.17,,,26224,9471938.3,1462,F1,1,,,,,
2026-08-18,2026-08-18,CM,NSE,STK,19235,INE919H01018,IMFA,EQ,,,,,INDIAN METALS & FERRO,1405.6,1423.0,1384.0,1418.4,1419.8,1398.7,,1418.4,,,78872,111061051.4,9562,F1,1,,,,,
2026-08-18,2026-08-18,CM,NSE,STK,1624,INE242A01010,IOC,EQ,,,,,INDIAN OIL CORP LTD,138.12,139.2,137.75,137.8,137.8,138.61,,137.8,,,8312830,1151049615.41,60357,F1,1,,,,,
2026-08-18,2026-08-18,CM,NSE,STK,9348,INE565A01014,IOB,EQ,,,,,INDIAN OVERSEAS BANK,33.7,33.76,33.16,33.27,33.2,33.66,,33.27,,,2089649,69787979.44,9339,F1,1,,,,,
2026-08-18,2026-08-18,CM,NSE,STK,25033,INE0DHF01018,IPHL,SM,,,,,INDIAN PHOSPHATE LIMITED,70.1,72.5,70.0,71.9,71.9,68.7,,71.9,,,42000,2994600.0,33,F1,1200,,,,,
2026-08-18,2026-08-18,CM,NSE,STK,13611,INE335Y01020,IRCTC,EQ,,,,,INDIAN RAIL TOUR CORP LTD,499.95,501.0,492.0,493.05,492.5,499.95,,493.06,,,592203,293171462.25,24988,F1,1,,,,,
2026-08-18,2026-08-18,CM,NSE,STK,2029,INE053F01010,IRFC,EQ,,,,,INDIAN RAILWAY FIN CORP L,86.76,87.56,86.05,86.11,86.11,87.05,,86.11,,,5607787,484701153.01,39323,F1,1,,,,,
2026-08-18,2026-08-18,CM,NSE,STK,20261,INE202E01016,IREDA,EQ,,,,,INDIAN RENEWABLE ENERGY,116.85,117.11,115.27,115.27,115.27,116.85,,115.28,,,2772666,321005668.79,21528,F1,1,,,,,
2026-08-18,2026-08-18,CM,NSE,STK,762727,INE586E01020,IWP,EQ,,,,,INDIAN WOOD PRODUCTS CO L,34.0,34.05,33.81,33.81,33.81,34.48,,33.81,,,2872,97405.04,26,F1,1,,,,,
2026-08-18,2026-08-18,CM,NSE,STK,2048,INE09VQ01012,INDIGOPNTS,EQ,,,,,INDIGO PAINTS LIMITED,1161.0,1169.5,1134.3,1150.8,1152.9,1161.0,,1150.59,,,121042,139210023.7,10005,F1,1,,,,,
2026-08-18,2026-08-18,CM,NSE,STK,20988,INE219X23014,INDIGRID,IV,,,,,INDIGRID INFRASTRUCT TRST,176.0,177.0,175.65,176.97,176.8,176.98,,176.97,,,485647,85883067.79,9650,F1,1,,,,,
2026-08-18,2026-08-18,CM,NSE,STK,757845,INE06ST01018,INDIQUBE,EQ,,,,,INDIQUBE SPACES LIMITED,179.51,190.0,178.58,187.12,188.95,178.63,,187.08,,,118008,21817634.9,2490,F1,1,,,,,
2026-08-18,2026-08-18,CM,NSE,STK,9120,INE760F01028,INDOAMIN,BE,,,,,INDO AMINES LIMITED,125.0,125.89,120.0,121.11,122.75,123.79,,121.18,,,73191,9002318.56,765,F1,1,,,,,
2026-08-18,2026-08-18,CM,NSE,STK,8614,INE803D01021,INDOBORAX,EQ,,,,,INDO BORAX & CHEMICAL LTD,421.9,436.45,417.0,433.15,431.7,420.25,,433.09,,,146390,62963710.05,6458,F1,1,,,,,
2026-08-18,2026-08-18,CM,NSE,STK,11987,INE483B01026,ICIL,EQ,,,,,INDO COUNT INDUSTRIES LTD,388.7,462.0,387.05,437.7,435.9,388.7,,437.7,,,25217573,11162630290.4,284081,F1,1,,,,,
2026-08-18,2026-08-18,CM,NSE,STK,29025,INE622H01018,INDOFARM,EQ,,,,,INDO FARM EQUIPMENT LTD,144.15,148.48,141.82,143.33,143.95,144.1,,143.33,,,100822,14545859.72,1840,F1,1,,,,,
2026-08-18,2026-08-18,CM,NSE,STK,10993,INE156A01020,INDORAMA,EQ,,,,,INDO RAMA SYNTHETICS LTD,54.2,59.29,54.1,56.81,56.21,54.76,,56.81,,,1115047,64157082.84,7175,F1,1,,,,,
2026-08-18,2026-08-18,CM,NSE,STK,13275,INE332H01014,INDOTECH,EQ,,,,,INDO TECH TRANSFORM LTD.,3634.9,3788.8,3617.0,3788.8,3788.8,3608.4,,3788.62,,,25073,94388553.9,1885,F1,1,,,,,
2026-08-18,2026-08-18,CM,NSE,STK,25608,INE337M01021,INDOTHAI,EQ,,,,,INDO THAI SEC LTD,69.57,69.57,69.57,69.57,69.57,73.23,,69.52,,,20979,1459509.03,391,F1,1,,,,,
2026-08-18,2026-08-18,CM,NSE,STK,25503,INE250Z01010,INDOUS,EQ,,,,,INDO US BIOTECH LTD,89.99,89.99,84.8,87.0,88.5,84.75,,87.0,,,17991,1579309.35,743,F1,1,,,,,
2026-08-18,2026-08-18,CM,NSE,STK,764301,INE084101034,INDOMIM,EQ,,,,,INDO-MIM LIMITED,910.0,952.75,905.0,952.75,952.75,866.15,,952.7,,,10246021,9660294517.95,143239,F1,1,,,,,
2026-08-18,2026-08-18,CM,NSE,STK,6782,INE567A01028,NIPPOBATRY,EQ,,,,,INDO-NATIONAL LIMITED,331.3,333.3,328.0,329.1,328.5,331.3,,329.1,,,1475,486892.55,106,F1,1,,,,,
2026-08-18,2026-08-18,CM,NSE,STK,11677,INE873D01024,INDOCO,EQ,,,,,INDOCO REMEDIES LTD.,218.74,223.48,217.41,221.16,221.5,218.74,,221.12,,,55379,12241714.88,1540,F1,1,,,,,
2026-08-18,2026-08-18,CM,NSE,STK,757801,INE05J901018,IGCL,EQ,,,,,INDOGULF CROPSCIENCES LTD,71.6,72.79,71.31,72.09,71.7,71.38,,72.06,,,62330,4497077.96,554,F1,1,,,,,
2026-08-18,2026-08-18,CM,NSE,STK,764708,INE716F01012,INDOKEM,EQ,,,,,INDOKEM LTD.,640.0,640.0,572.0,585.5,584.0,590.55,,589.24,,,3563,2076325.2,201,F1,1,,,,,
2026-08-18,2026-08-18,CM,NSE,STK,19955,INE866K01023,WAAREEINDO,EQ,,,,,INDOSOLAR LIMITED,300.65,302.4,296.0,297.55,298.65,300.35,,297.73,,,30065,8977139.5,1168,F1,1,,,,,
2026-08-18,2026-08-18,CM,NSE,STK,3088,INE896L01010,INDOSTAR,EQ,,,,,INDOSTAR CAPITAL FIN LTD,247.0,257.4,246.55,251.4,250.15,247.15,,251.4,,,150009,37979625.95,3385,F1,1,,,,,
2026-08-18,2026-08-18,CM,NSE,STK,14952,INE227G01018,INDOWIND,EQ,,,,,INDOWIND ENERGY LTD,8.87,8.87,7.9,8.39,8.39,8.74,,8.4,,,330267,2767072.43,1194,F1,1,,,,,
2026-08-18,2026-08-18,CM,NSE,STK,11262,INE203G01027,IGL,EQ,,,,,INDRAPRASTHA GAS LTD,151.0,151.58,149.1,149.39,149.5,151.0,,149.4,,,755290,113502583.1,17478,F1,1,,,,,
2026-08-18,2026-08-18,CM,NSE,STK,4751,INE681B01017,INDRAMEDCO,EQ,,,,,INDRAPRASTHA MEDICAL CORP,370.0,370.95,364.95,368.95,368.0,369.75,,368.94,,,135013,49581300.95,3813,F1,1,,,,,
2026-08-18,2026-08-18,CM,NSE,STK,23036,INE0NHL23019,INDUSINVIT,IV,,,,,INDUS INFRA TRUST,134.85,134.85,132.05,133.23,133.1,133.97,,133.26,,,319412,42683159.66,7488,F1,1,,,,,
2026-08-18,2026-08-18,CM,NSE,STK,29135,INE121J01017,INDUSTOWER,EQ,,,,,INDUS TOWERS LIMITED,378.8,379.8,371.5,372.4,372.4,380.0,,372.4,,,4522943,1690458552.65,48146,F1,1,,,,,
2026-08-18,2026-08-18,CM,NSE,STK,5258,INE095A01012,INDUSINDBK,EQ,,,,,INDUSIND BANK LIMITED,1007.0,1019.5,1007.0,1015.0,1015.0,1010.6,,1015.0,,,539358,546945682.0,20140,F1,1,,,,,
2026-08-18,2026-08-18,CM,NSE,STK,762717,INE620D01011,INDPRUD,EQ,,,,,INDUSTRIAL & PRU INV CO L,6200.5,6250.0,6141.0,6198.0,6187.5,6203.0,,6209.78,,,51,316080.5,15,F1,1,,,,,
2026-08-18,2026-08-18,CM,NSE,STK,19525,INE886A01014,IITL,EQ,,,,,INDUSTRIAL INV TRUST LTD,149.9,150.3,147.02,148.09,150.3,150.35,,148.07,,,91829,13690819.77,546,F1,1,,,,,
2026-08-18,2026-08-18,CM,NSE,STK,15036,INE0MRE01011,INFINIUM,SM,,,,,INFINIUM PHARMACHEM LTD,247.5,247.5,241.0,243.1,244.35,239.4,,243.1,,,3500,849775.0,6,F1,500,,,,,
2026-08-18,2026-08-18,CM,NSE,STK,757602,INE0MYZ01012,INFLUX,SM,,,,,INFLUX HEALTHTECH LIMITED,295.0,301.0,295.0,298.7,298.1,297.9,,298.7,,,44400,13229880.0,40,F1,600,,,,,
2026-08-18,2026-08-18,CM,NSE,STK,13751,INE663F01032,NAUKRI,EQ,,,,,INFO EDGE (I) LTD,1345.0,1368.8,1331.1,1354.9,1354.9,1355.8,,1354.9,,,1540395,2091872110.5,45154,F1,1,,,,,
2026-08-18,2026-08-18,CM,NSE,STK,11027,INE344S01016,INFOBEAN,EQ,,,,,INFOBEANS TECHNO. LTD.,158.67,159.89,157.0,158.03,157.51,160.15,,158.03,,,151945,24026248.89,2688,F1,1,,,,,
2026-08-18,2026-08-18,CM,NSE,STK,16588,INE0NNZ01013,INFOLLION,SM,,,,,INFOLLION RESEARCH SER L,159.9,160.1,153.05,154.75,155.0,156.25,,154.75,,,15200,2415480.0,28,F1,400,,,,,
2026-08-18,2026-08-18,CM,NSE,STK,13693,INE669A01022,INFOMEDIA,EQ,,,,,INFOMEDIA PRESS LIMITED,5.48,5.49,4.88,5.17,5.47,5.26,,5.17,,,25231,129915.45,65,F1,1,,,,,
2026-08-18,2026-08-18,CM,NSE,STK,1594,INE009A01021,INFY,EQ,,,,,INFOSYS LIMITED,1124.5,1131.9,1112.5,1115.0,1115.0,1139.9,,1115.0,,,8851110,9884751133.5,197181,F1,1,,,,,
2026-08-18,2026-08-18,CM,NSE,STK,1597,INE177A01018,INGERRAND,EQ,,,,,INGERSOLL-RAND INDIA LTD,4477.3,4725.0,4477.3,4691.0,4698.0,4477.2,,4691.3,,,47469,220660951.8,8574,F1,1,,,,,
2026-08-18,2026-08-18,CM,NSE,STK,25323,INE0S1D01010,INNOMET,ST,,,,,INNOMET ADVANCED MATERI L,218.65,218.65,218.65,218.65,218.65,214.4,,218.65,,,51000,11151150.0,50,F1,600,,,,,
2026-08-18,2026-08-18,CM,NSE,STK,21062,INE0DUT01020,INNOVACAP,EQ,,,,,INNOVA CAPTAB LIMITED,1030.1,1059.7,1030.1,1043.0,1040.2,1038.45,,1043.0,,,27162,28494339.4,5377,F1,1,,,,,
2026-08-18,2026-08-18,CM,NSE,STK,27754,INE403Y01018,INNOVANA,EQ,,,,,INNOVANA THINKLABS LTD,306.05,315.0,290.0,305.25,306.8,307.15,,305.24,,,29791,8995961.4,408,F1,1,,,,,
2026-08-18,2026-08-18,CM,NSE,STK,27266,INE070Y01023,ITTL,ST,,,,,INNOVATIVE TYRE & TUBE LT,65.5,65.5,65.5,65.5,65.5,66.6,,65.5,,,105,6877.5,1,F1,105,,,,,
2026-08-18,2026-08-18,CM,NSE,STK,761528,INE0ADB01012,INNOVISION,EQ,,,,,INNOVISION LIMITED,275.05,280.45,273.5,274.1,273.5,276.9,,274.07,,,13425,3702474.1,648,F1,1,,,,,
2026-08-18,2026-08-18,CM,NSE,STK,12188,INE510W01014,INOXGREEN,EQ,,,,,INOX GREEN ENERGY SER LTD,182.0,182.19,177.41,179.66,178.5,181.54,,179.64,,,1588891,284495758.64,7386,F1,1,,,,,
2026-08-18,2026-08-18,CM,NSE,STK,20607,INE616N01034,INOXINDIA,EQ,,,,,INOX INDIA LIMITED,1949.9,1978.0,1920.0,1958.1,1959.0,1950.8,,1958.01,,,139702,272517286.5,21839,F1,1,,,,,
2026-08-18,2026-08-18,CM,NSE,STK,7852,INE066P01011,INOXWIND,EQ,,,,,INOX WIND LIMITED,78.0,78.19,74.69,74.95,74.95,78.13,,74.95,,,18198825,1377919845.75,57561,F1,1,,,,,
2026-08-18,2026-08-18,CM,NSE,STK,14657,INE070I01018,INSECTICID,EQ,,,,,INSECTICIDES (I) LTD,618.7,625.0,612.0,619.5,624.5,618.7,,619.52,,,9791,6066969.2,775,F1,1,,,,,
2026-08-18,2026-08-18,CM,NSE,STK,761099,INE0LGX01024,INA,EQ,,,,,INSOLATION ENERGY LIMITED,98.68,99.15,93.85,94.86,95.19,98.41,,94.89,,,697214,66790324.53,6420,F1,1,,,,,
2026-08-18,2026-08-18,CM,NSE,STK,13734,INE020G01017,INSPIRISYS,BE,,,,,INSPIRISYS SOLUTIONS LTD,90.0,91.97,88.01,91.49,91.49,91.6,,90.52,,,2317,208507.52,47,F1,1,,,,,
2026-08-18,2026-08-18,CM,NSE,STK,30323,INE418N01035,ESSENTIA,EQ,,,,,INTEGRA ESSENTIA LIMITED,1.26,1.26,1.26,1.26,1.26,1.32,,1.26,,,783375,987052.5,495,F1,1,,,,,
2026-08-18,2026-08-18,CM,NSE,STK,5926,INE306R01017,INTELLECT,EQ,,,,,INTELLECT DESIGN ARENA,695.45,702.6,685.65,695.95,692.8,695.45,,695.9,,,334407,232148021.8,16485,F1,1,,,,,
2026-08-18,2026-08-18,CM,NSE,STK,20071,INE781A01025,INTENTECH,EQ,,,,,INTENSE TECHNOLOGIES LTD,79.0,82.0,79.0,80.34,79.2,79.81,,80.34,,,34413,2786063.9,1397,F1,1,,,,,
2026-08-18,2026-08-18,CM,NSE,STK,24909,INE00M901018,INTERARCH,EQ,,,,,INTERARCH BLDNG SOLTN LTD,1738.8,1739.3,1715.8,1725.1,1719.0,1738.8,,1725.04,,,32697,56498594.6,2331,F1,1,,,,,
2026-08-18,2026-08-18,CM,NSE,STK,11195,INE646L01027,INDIGO,EQ,,,,,INTERGLOBE AVIATION LTD,5220.0,5238.0,5138.0,5220.0,5220.0,5275.5,,5219.99,,,554778,2892101390.5,56263,F1,1,,,,,
2026-08-18,2026-08-18,CM,NSE,STK,22770,INE0OPC01015,INM,SM,,,,,INTERIORS & MORE LIMITED,164.05,164.05,164.05,164.05,164.05,164.05,,164.05,,,600,98430.0,1,F1,600,,,,,
2026-08-18,2026-08-18,CM,NSE,STK,5606,INE575C01027,INTLCONV,EQ,,,,,INTL CONVEYORS LIMITED,78.9,79.03,75.81,76.79,76.25,79.06,,76.74,,,59790,4623347.24,993,F1,1,,,,,
2026-08-18,2026-08-18,CM,NSE,STK,28378,INE0Q9301021,IGIL,EQ,,,,,INTL GEMOLOGICAL INST LTD,353.05,355.1,346.5,349.7,348.35,355.15,,349.48,,,608062,212932336.55,15199,F1,1,,,,,
2026-08-18,2026-08-18,CM,NSE,STK,18479,INE566K01011,ISFT,EQ,,,,,INTRASOFT TECH. LTD,82.25,83.47,80.25,80.31,80.41,82.25,,80.31,,,110158,8944945.78,494,F1,1,,,,,
2026-08-18,2026-08-18,CM,NSE,STK,24870,INE878H01024,INVENTURE,EQ,,,,,INVENTURE GRO & SEC LTD,0.91,0.91,0.9,0.9,0.91,0.9,,0.9,,,475512,429085.7,271,F1,1,,,,,
2026-08-18,2026-08-18,CM,NSE,STK,28125,INE115Q01022,IKS,EQ,,,,,INVENTURUS KNOWLEDGE SO L,1830.2,1875.0,1823.0,1861.6,1863.0,1830.2,,1861.55,,,129336,238433546.4,16556,F1,1,,,,,
2026-08-18,2026-08-18,CM,NSE,STK,18292,INF205KA1BP1,IVZINGOLD,EQ,,,,,INVESCO INDIA GOLD ETF,133.25,133.45,132.5,132.8,133.15,133.25,,132.8,,,9093,1208848.1,140,F1,1,,,,,
2026-08-18,2026-08-18,CM,NSE,STK,24217,INF205KA1CC7,IVZINNIFTY,EQ,,,,,INVESCO INDIA NIFTY ETF,278.92,278.92,277.41,277.59,277.59,279.22,,277.59,,,726,201772.64,33,F1,1,,,,,
2026-08-18,2026-08-18,CM,NSE,STK,762725,INE155E01016,INVPRECQ,BE,,,,,INVESTMENT & PREC CAST L,1220.0,1256.5,1166.0,1256.5,1256.5,1196.7,,1256.5,,,17094,21252344.4,436,F1,1,,,,,
2026-08-18,2026-08-18,CM,NSE,STK,760139,INE0XJ501010,INVICTA,SM,,,,,INVICTA DIAGNOSTIC LTD,71.0,71.0,66.5,67.05,68.0,73.0,,67.05,,,67200,4545680.0,31,F1,1600,,,,,
2026-08-18,2026-08-18,CM,NSE,STK,20413,INE485C01029,IOLCP,EQ,,,,,IOL CHEM AND PHARMA LTD,161.28,162.25,157.8,159.19,158.9,161.28,,159.21,,,1213444,193950862.49,11521,F1,1,,,,,
2026-08-18,2026-08-18,CM,NSE,STK,1630,INE570A01022,IONEXCHANG,EQ,,,,,ION EXCHANGE (INDIA) LTD,374.0,378.7,369.0,370.3,370.0,374.45,,370.3,,,218689,81433103.8,8850,F1,1,,,,,
2026-08-18,2026-08-18,CM,NSE,STK,764713,INE558A01019,IPRINGLTD,EQ,,,,,IP RINGS LTD.,138.5,153.0,138.0,143.07,140.17,134.0,,144.05,,,2174,313757.73,140,F1,1,,,,,
2026-08-18,2026-08-18,CM,NSE,STK,1633,INE571A01038,IPCALAB,EQ,,,,,IPCA LABORATORIES LTD,1877.1,1919.0,1862.3,1882.1,1878.0,1884.6,,1886.67,,,804532,1522041413.6,45680,F1,1,,,,,
2026-08-18,2026-08-18,CM,NSE,STK,15313,INE821I01022,IRB,EQ,,,,,IRB INFRA DEV LTD.,19.16,19.17,19.02,19.03,19.04,19.17,,19.03,,,6032637,115028124.91,16358,F1,1,,,,,
2026-08-18,2026-08-18,CM,NSE,STK,20817,INE183W23014,IRBINVIT,IV,,,,,IRB INVIT FUND,64.81,65.0,63.91,64.08,63.97,64.49,,64.1,,,671668,43332944.12,5181,F1,1,,,,,
2026-08-18,2026-08-18,CM,NSE,STK,4986,INE962Y01021,IRCON,EQ,,,,,IRCON INTERNATIONAL LTD,124.2,124.7,123.1,123.62,123.54,124.57,,123.62,,,946997,117318737.02,11906,F1,1,,,,,
2026-08-18,2026-08-18,CM,NSE,STK,1391,INE202E07138,880IREDA29,N5,,,,,IREDA 8.80NCDTR I SR II B,1117.0,1120.0,1117.0,1120.0,1120.0,1114.5,,1122.0,,,82,91834.0,4,F1,1,,,,,
2026-08-18,2026-08-18,CM,NSE,STK,1393,INE202E07153,880IREDA34,N6,,,,,IREDA 8.80NCDTR I SR IIIB,1279.0,1279.0,1279.0,1279.0,1279.0,1279.0,,1260.0,,,30,38370.0,1,F1,1,,,,,
2026-08-18,2026-08-18,CM,NSE,STK,2275,INE01GN01025,IRISDOREME,EQ,,,,,IRIS CLOTHINGS LIMITED,58.89,59.3,57.66,59.0,59.16,58.3,,59.0,,,1095844,64191286.83,2620,F1,1,,,,,
2026-08-18,2026-08-18,CM,NSE,STK,6489,INE864K01010,IRIS,EQ,,,,,IRIS REGTECH SOLUTION LTD,250.0,257.74,240.1,250.17,252.0,246.76,,250.17,,,70425,17632007.3,1258,F1,1,,,,,
2026-08-18,2026-08-18,CM,NSE,STK,19597,INE07U701015,IRMENERGY,EQ,,,,,IRM ENERGY LIMITED,288.0,293.7,288.0,290.25,289.1,292.1,,290.28,,,46575,13496939.75,1824,F1,1,,,,,
2026-08-18,2026-08-18,CM,NSE,STK,761208,INE413U07442,925ISF28,N0,,,,,ISF 9.25% 2028,9790.0,9794.0,9790.0,9794.0,9794.0,9800.0,,9794.0,,,20,195840.0,2,F1,1,,,,,
2026-08-18,2026-08-18,CM,NSE,STK,760991,INE413U07467,925ISF29,N0,,,,,ISF 9.25% 2029 SR B,9793.0,9793.0,9793.0,9793.0,9793.0,9790.0,,9793.0,,,7,68551.0,1,F1,1,,,,,
2026-08-18,2026-08-18,CM,NSE,STK,757708,INE413U07426,950ISF27C,N0,,,,,ISF 9.50% 2027,9903.0,9995.0,9885.0,9995.0,9995.0,9885.0,,9995.0,,,34,337280.0,4,F1,1,,,,,
2026-08-18,2026-08-18,CM,NSE,STK,759100,INE413U07434,965ISF28,N0,,,,,ISF 9.65% 2028,101112.81,101112.81,101112.81,101112.81,101112.81,100376.33,,101112.81,,,1,101112.81,1,F1,1,,,,,
2026-08-18,2026-08-18,CM,NSE,STK,757890,INE413U07418,975ISF28,N0,,,,,ISF 9.75% NCD 2028,98400.0,100125.0,98400.0,100112.0,100125.0,96611.0,,100112.0,,,17,1676224.0,3,F1,1,,,,,
2026-08-18,2026-08-18,CM,NSE,STK,3329,INE858B01029,ISGEC,EQ,,,,,ISGEC HEAVY ENG LTD,746.05,794.7,740.5,782.2,784.5,746.85,,782.22,,,134385,104686363.35,11624,F1,1,,,,,
2026-08-18,2026-08-18,CM,NSE,STK,30249,INE561M01018,ISHANCH,EQ,,,,,ISHAN DYES N CHEMICALS L,47.9,49.56,46.55,47.04,46.75,47.33,,47.05,,,142217,6856885.12,667,F1,1,,,,,
2026-08-18,2026-08-18,CM,NSE,STK,29251,INE379A01028,ITCHOTELS,EQ,,,,,ITC HOTELS LIMITED,166.0,166.15,164.0,164.43,164.16,166.36,,164.44,,,817909,135009712.32,14976,F1,1,,,,,
2026-08-18,2026-08-18,CM,NSE,STK,1660,INE154A01025,ITC,EQ,,,,,ITC LTD,273.05,273.65,269.15,270.0,270.0,273.05,,270.0,,,14561572,3946338732.7,216235,F1,1,,,,,
2026-08-18,2026-08-18,CM,NSE,STK,1675,INE248A01017,ITI,EQ,,,,,ITI LTD,276.1,282.0,274.25,280.35,280.85,277.25,,280.32,,,233923,65192953.7,6525,F1,1,,,,,
2026-08-18,2026-08-18,CM,NSE,STK,764723,INE478D01014,ITL,EQ,,,,,ITL INDUSTRIES LTD.,327.0,327.0,312.85,320.05,327.0,318.4,,320.2,,,1147,368067.85,42,F1,1,,,,,
2026-08-18,2026-08-18,CM,NSE,STK,759041,INE056801025,IVALUE,EQ,,,,,IVALUE INFOSOLUTIONS LTD,275.6,284.35,275.6,280.3,278.9,279.1,,280.29,,,231932,64881035.45,6225,F1,1,,,,,
2026-08-18,2026-08-18,CM,NSE,STK,8857,INE043C01018,IVP,BE,,,,,IVP LIMITED,174.0,177.7,174.0,175.84,177.0,177.98,,175.89,,,4686,824018.17,52,F1,1,,,,,
2026-08-18,2026-08-18,CM,NSE,STK,757644,INE1AII01014,IWARE,ST,,,,,IWARE SUPPLYCHAIN SER LTD,436.7,443.8,436.7,441.9,443.8,435.4,,441.9,,,6000,2643600.0,9,F1,600,,,,,
2026-08-18,2026-08-18,CM,NSE,STK,14174,INE848A01014,IZMO,EQ,,,,,IZMO LIMITED,912.0,929.0,885.0,903.9,915.0,916.25,,904.03,,,112287,100937254.75,8442,F1,1,,,,,
2026-08-18,2026-08-18,CM,NSE,STK,5633,INE168A01041,J&KBANK,EQ,,,,,J & K BANK LTD.,148.1,151.75,147.68,150.24,150.4,147.97,,150.24,,,2545070,381576081.79,29494,F1,1,,,,,
2026-08-18,2026-08-18,CM,NSE,STK,23056,INE0MB501011,JGCHEM,EQ,,,,,J.G.CHEMICALS LIMITED,605.0,652.4,602.15,645.85,645.0,600.8,,645.8,,,873029,554141177.95,28342,F1,1,,,,,
2026-08-18,2026-08-18,CM,NSE,STK,13211,INE199G01027,JAGRAN,EQ,,,,,JAGRAN PRAKASHAN LIMITED,61.92,62.28,61.4,61.56,61.57,61.92,,61.56,,,184646,11411814.61,2078,F1,1,,,,,
2026-08-18,2026-08-18,CM,NSE,STK,4410,INE048B01035,JAGSNPHARM,EQ,,,,,JAGSONPAL PHARMACEUTICALS,233.53,241.3,229.15,230.89,230.98,233.53,,230.88,,,245501,57725490.74,6181,F1,1,,,,,
2026-08-18,2026-08-18,CM,NSE,STK,11256,INE091G01026,JAIBALAJI,EQ,,,,,JAI BALAJI INDUSTRIES LTD,69.5,70.79,66.47,67.82,67.85,69.96,,67.82,,,1512483,102858614.54,3650,F1,1,,,,,
2026-08-18,2026-08-18,CM,NSE,STK,5143,INE070D01027,JAICORPLTD,EQ,,,,,JAI CORP LIMITED,101.4,101.79,99.8,100.08,99.99,101.2,,100.08,,,246778,24812006.57,2306,F1,1,,,,,
2026-08-18,2026-08-18,CM,NSE,STK,25684,IN9175A01010,JISLDVREQS,EQ,,,,,JAIN DVR EQUITY SHARES,21.0,21.75,20.82,21.01,20.82,21.28,,21.01,,,1341,28240.61,33,F1,1,,,,,
2026-08-18,2026-08-18,CM,NSE,STK,10397,INE175A01038,JISLJALEQS,EQ,,,,,JAIN IRRIGATION SYSTEMS,27.66,27.82,27.41,27.53,27.6,27.73,,27.53,,,1122421,30913772.89,4617,F1,1,,,,,
2026-08-18,2026-08-18,CM,NSE,STK,759244,INE0YD401026,JAINREC,EQ,,,,,JAIN RESOURCE RECYCLING L,303.0,303.3,295.8,296.2,296.0,301.9,,296.2,,,543084,161789391.2,14572,F1,1,,,,,
2026-08-18,2026-08-18,CM,NSE,STK,758303,INE0XIL01012,JAINIK,SM,,,,,JAINIK POWER CABLES LTD,204.0,210.8,204.0,208.0,208.0,210.95,,208.0,,,6000,1247160.0,5,F1,1200,,,,,
2026-08-18,2026-08-18,CM,NSE,STK,11763,INE351F01018,JPPOWER,EQ,,,,,JAIPRAKASH POWER VEN. LTD,17.3,17.4,17.27,17.32,17.31,17.39,,17.32,,,17435781,301972329.08,29556,F1,1,,,,,
2026-08-18,2026-08-18,CM,NSE,STK,20930,INE349X01015,JALAN,ST,,,,,JALAN TRANSOLU. INDIA LTD,1.75,1.75,1.75,1.75,1.75,1.7,,1.75,,,45000,78750.0,5,F1,3000,,,,,
2026-08-18,2026-08-18,CM,NSE,STK,20778,INE039C01032,JAMNAAUTO,EQ,,,,,JAMNA AUTO IND LTD,123.0,124.3,122.0,122.58,122.98,123.33,,122.58,,,965973,118610887.05,7534,F1,1,,,,,
2026-08-18,2026-08-18,CM,NSE,STK,22663,INE953L01027,JSFB,EQ,,,,,JANA SMALL FIN BANK LTD,548.55,579.0,542.0,575.0,575.0,548.85,,575.0,,,899345,509332111.45,21293,F1,1,,,,,
2026-08-18,2026-08-18,CM,NSE,STK,759951,INE00YJ01010,JARO,EQ,,,,,JARO INS OF TEC MG N RE L,451.2,461.7,443.0,445.5,443.8,449.1,,445.56,,,136549,61424140.35,3924,F1,1,,,,,
2026-08-18,2026-08-18,CM,NSE,STK,13982,INE039O01029,JASH,EQ,,,,,JASH ENGINEERING LIMITED,480.0,485.75,475.0,476.6,478.05,480.5,,476.64,,,64171,30737268.75,2812,F1,1,,,,,
2026-08-18,2026-08-18,CM,NSE,STK,25037,INE0SMY01017,JAYBEE,SM,,,,,JAY BEE LAMINATIONS LTD,82.9,84.95,81.35,82.3,82.1,82.7,,82.3,,,16500,1367100.0,27,F1,500,,,,,
2026-08-18,2026-08-18,CM,NSE,STK,1708,INE571B01036,JAYBARMARU,EQ,,,,,JAY BHARAT MARUTI LTD,129.25,132.0,127.1,130.42,130.5,127.72,,130.43,,,265179,34602836.47,3234,F1,1,,,,,
2026-08-18,2026-08-18,CM,NSE,STK,10889,INE0J6801010,KORE,SM,,,,,JAY JALARAM TECHNO LTD,130.05,164.95,130.0,160.0,160.0,151.4,,160.0,,,2250,339225.0,7,F1,250,,,,,
2026-08-18,2026-08-18,CM,NSE,STK,4041,INE785A01026,JAYAGROGN,EQ,,,,,JAYANT AGRO ORGANICS LTD,218.0,221.0,217.3,220.41,218.81,217.68,,220.41,,,2797,613828.75,117,F1,1,,,,,
2026-08-18,2026-08-18,CM,NSE,STK,2331,INE854B01010,JAYNECOIND,EQ,,,,,JAYASWAL NECO INDUSTR LTD,88.69,91.2,88.05,90.23,90.6,88.31,,90.23,,,2964260,266601485.38,21917,F1,1,,,,,
2026-08-18,2026-08-18,CM,NSE,STK,759159,INE1AE401014,JAYESH,SM,,,,,JAYESH LOGISTICS LIMITED,144.9,148.0,133.25,136.9,136.9,144.9,,136.9,,,109000,15328800.0,28,F1,1000,,,,,
2026-08-18,2026-08-18,CM,NSE,STK,760073,INE903A01025,JAYKAY,EQ,,,,,JAYKAY ENTERPRISES LTD,151.95,156.52,150.01,154.53,154.0,150.5,,154.54,,,221637,34170609.5,4461,F1,1,,,,,
2026-08-18,2026-08-18,CM,NSE,STK,1720,INE364A01020,JAYSREETEA,EQ,,,,,JAYSHREE TEA & INDUSTRIES,88.33,89.7,87.1,87.85,88.15,88.32,,87.89,,,43708,3889488.71,910,F1,1,,,,,
2026-08-18,2026-08-18,CM,NSE,STK,11655,INE927D01051,JBMA,EQ,,,,,JBM AUTO LIMITED,621.45,626.55,617.0,619.85,620.3,621.35,,619.84,,,138248,85747592.9,7016,F1,1,,,,,
2026-08-18,2026-08-18,CM,NSE,STK,758115,INE0J5801029,JSLL,EQ,,,,,JEENA SIKHO LIFECARE LTD,510.05,518.0,505.5,507.95,507.0,517.3,,507.93,,,426512,217971051.3,14609,F1,1,,,,,
2026-08-18,2026-08-18,CM,NSE,STK,764728,INE354A01013,JENBURPH,EQ,,,,,JENBURKT PHARMACEUTICAL L,1065.0,1073.9,1040.2,1047.3,1067.6,1045.1,,1048.01,,,327,345360.9,45,F1,1,,,,,
2026-08-18,2026-08-18,CM,NSE,STK,7211,INE982V01025,JETFREIGHT,EQ,,,,,JET FREIGHT LOGISTICS LTD,22.5,22.72,22.4,22.43,22.45,22.73,,22.42,,,59999,1348761.78,235,F1,1,,,,,
2026-08-18,2026-08-18,CM,NSE,STK,18700,INE564T01017,JETKNIT,ST,,,,,JET KNITWEARS LTD.,56.4,56.4,56.4,56.4,56.4,59.35,,56.4,,,750,42300.0,1,F1,750,,,,,
2026-08-18,2026-08-18,CM,NSE,STK,25150,INE0RXB01022,JEYYAM,ST,,,,,JEYYAM GLOBAL FOODS LTD,23.35,23.35,22.95,23.0,23.0,22.85,,23.0,,,10000,231300.0,4,F1,2000,,,,,
2026-08-18,2026-08-18,CM,NSE,STK,10885,INE0LA901015,JFLLIFE,SM,,,,,JFL LIFE SCIENCES LIMITED,12.6,12.75,11.95,11.95,11.95,12.55,,11.95,,,42000,511500.0,7,F1,6000,,,,,
2026-08-18,2026-08-18,CM,NSE,STK,13720,INE544H01014,JHS,EQ,,,,,JHS SVEND. LAB. LTD,8.35,8.73,8.16,8.4,8.29,8.45,,8.4,,,32343,272690.25,227,F1,1,,,,,
2026-08-18,2026-08-18,CM,NSE,STK,24145,INE03DD01011,RETAIL,EQ,,,,,JHS SVENDGAARD RETAIL V L,18.29,18.3,17.5,18.13,18.19,18.23,,18.13,,,2004,36291.59,43,F1,1,,,,,
2026-08-18,2026-08-18,CM,NSE,STK,31507,INE147P01019,JPOLYINVST,EQ,,,,,JIND POL INV & FIN CO LTD,1012.2,1021.4,1001.1,1004.6,1002.0,1006.6,,1003.84,,,4365,4420346.1,433,F1,1,,,,,
2026-08-18,2026-08-18,CM,NSE,STK,13875,INE742C01031,JINDRILL,EQ,,,,,JINDAL DRILLING IND. LTD,587.1,673.55,587.1,651.15,648.85,586.2,,651.14,,,17885822,11722777138.35,318792,F1,1,,,,,
2026-08-18,2026-08-18,CM,NSE,STK,11743,INE796G01012,JINDALPHOT,EQ,,,,,JINDAL PHOTO LIMITED,1057.3,1098.0,1051.1,1065.9,1051.7,1057.6,,1065.76,,,2874,3086681.6,312,F1,1,,,,,
2026-08-18,2026-08-18,CM,NSE,STK,1756,INE197D01010,JINDALPOLY,EQ,,,,,JINDAL POLY FILMS LIMITED,665.0,668.05,644.05,646.65,649.0,665.65,,646.65,,,15581,10210703.75,1184,F1,1,,,,,
2026-08-18,2026-08-18,CM,NSE,STK,3024,INE324A01032,JINDALSAW,EQ,,,,,JINDAL SAW LIMITED,270.65,270.9,266.0,268.65,270.25,270.4,,268.65,,,546329,146522264.95,15032,F1,1,,,,,
2026-08-18,2026-08-18,CM,NSE,STK,11236,INE220G01021,JSL,EQ,,,,,JINDAL STAINLESS LIMITED,744.0,756.0,728.2,732.4,732.8,744.0,,732.38,,,658364,488813819.15,26017,F1,1,,,,,
2026-08-18,2026-08-18,CM,NSE,STK,6733,INE749A01030,JINDALSTEL,EQ,,,,,JINDAL STEEL LIMITED,1119.0,1119.7,1100.0,1101.5,1101.5,1116.1,,1101.5,,,561974,622741326.1,27596,F1,1,,,,,
2026-08-18,2026-08-18,CM,NSE,STK,20642,INE247D01039,JINDWORLD,EQ,,,,,JINDAL WORLDWIDE LTD,35.98,36.74,35.51,36.19,36.02,35.63,,36.19,,,3082346,111279945.31,9845,F1,1,,,,,
2026-08-18,2026-08-18,CM,NSE,STK,759205,INE1FF001016,JKIPL,EQ,,,,,JINKUSHAL INDUSTRIES LTD,98.99,99.89,94.05,97.28,99.0,97.1,,97.29,,,167738,16239716.23,806,F1,1,,,,,
2026-08-18,2026-08-18,CM,NSE,STK,18143,INE758E01017,JIOFIN,EQ,,,,,JIO FIN SERVICES LTD,248.9,248.9,245.8,245.8,245.8,249.75,,245.81,,,9238709,2278274214.0,60961,F1,1,,,,,
2026-08-18,2026-08-18,CM,NSE,STK,19691,INE863T01013,JITFINFRA,EQ,,,,,JITF INFRALOGISTICS LTD,306.0,314.95,300.0,305.05,303.35,306.2,,305.13,,,23697,7299183.1,1430,F1,1,,,,,
2026-08-18,2026-08-18,CM,NSE,STK,13270,INE823G01014,JKCEMENT,EQ,,,,,JK CEMENT LIMITED,5338.0,5399.0,5322.0,5375.5,5355.0,5340.0,,5375.44,,,21124,113405145.0,5884,F1,1,,,,,
2026-08-18,2026-08-18,CM,NSE,STK,13491,INE786A01032,JKLAKSHMI,EQ,,,,,JK LAKSHMI CEMENT LTD,557.0,561.9,553.0,556.0,553.0,557.25,,555.99,,,130440,72717538.75,12917,F1,1,,,,,
2026-08-18,2026-08-18,CM,NSE,STK,11860,INE789E01012,JKPAPER,EQ,,,,,JK PAPER LIMITED,381.4,394.9,375.0,385.45,385.15,380.75,,385.45,,,560909,217140388.75,19578,F1,1,,,,,
2026-08-18,2026-08-18,CM,NSE,STK,14435,INE573A01042,JKTYRE,EQ,,,,,JK TYRE & INDUSTRIES LTD,381.0,384.45,381.0,383.15,383.1,382.0,,383.13,,,262707,100501272.4,7428,F1,1,,,,,
2026-08-18,2026-08-18,CM,NSE,STK,15266,INE576I01022,JKIL,EQ,,,,,JKUMAR INFR.LTD.,509.0,514.9,500.1,502.9,502.0,509.65,,502.89,,,82171,41682808.85,2961,F1,1,,,,,
2026-08-18,2026-08-18,CM,NSE,STK,13637,INE780C01023,JMFINANCIL,EQ,,,,,JM FINANCIAL LIMITED,127.08,128.21,124.72,125.4,125.35,127.91,,125.4,,,1377973,173766149.48,13950,F1,1,,,,,
2026-08-18,2026-08-18,CM,NSE,STK,23621,INE0OAF01028,JNKINDIA,EQ,,,,,JNK INDIA LIMITED,472.7,473.7,461.0,463.95,466.9,476.35,,463.96,,,166370,77359050.5,4475,F1,1,,,,,
2026-08-18,2026-08-18,CM,NSE,STK,16931,INE839G01010,JOCIL,BE,,,,,JOCIL LIMITED,148.5,152.0,146.35,149.96,150.0,148.5,,149.96,,,1867,278555.6,30,F1,1,,,,,
2026-08-18,2026-08-18,CM,NSE,STK,762623,INE515A01019,COCKERILL,EQ,,,,,JOHN COCKERILL INDIA LTD.,8419.0,8550.0,8260.0,8361.5,8400.0,8419.0,,8366.79,,,12747,106585737.0,2855,F1,1,,,,,
2026-08-18,2026-08-18,CM,NSE,STK,758460,INE718I01012,JSWCEMENT,EQ,,,,,JSW CEMENT LIMITED,127.0,127.69,126.76,127.31,127.4,127.6,,127.31,,,471590,60027931.81,8019,F1,1,,,,,
2026-08-18,2026-08-18,CM,NSE,STK,1467,INE133A01011,JSWDULUX,EQ,,,,,JSW DULUX LIMITED,3156.4,3165.0,3088.0,3110.4,3099.0,3139.8,,3110.43,,,10435,32540402.2,3552,F1,1,,,,,
2026-08-18,2026-08-18,CM,NSE,STK,17869,INE121E01018,JSWENERGY,EQ,,,,,JSW ENERGY LIMITED,554.0,556.6,547.7,548.1,548.1,555.5,,548.1,,,1195546,658209068.25,25798,F1,1,,,,,
2026-08-18,2026-08-18,CM,NSE,STK,11880,INE824G01012,JSWHL,EQ,,,,,JSW HOLDINGS LIMITED,11800.0,11918.0,11445.0,11489.0,11525.0,11798.0,,11494.82,,,2559,29645367.0,1092,F1,1,,,,,
2026-08-18,2026-08-18,CM,NSE,STK,19020,INE880J01026,JSWINFRA,EQ,,,,,JSW INFRASTRUCTURE LTD,334.45,336.9,327.5,328.65,329.2,335.4,,328.66,,,1863660,617877072.7,44211,F1,1,,,,,
2026-08-18,2026-08-18,CM,NSE,STK,11723,INE019A01038,JSWSTEEL,EQ,,,,,JSW STEEL LIMITED,1275.0,1285.8,1265.0,1267.6,1267.6,1277.8,,1267.65,,,719017,916382058.9,29042,F1,1,,,,,
2026-08-18,2026-08-18,CM,NSE,STK,3237,INE643A01035,JTEKTINDIA,EQ,,,,,JTEKT INDIA LIMITED,130.1,133.3,129.4,130.04,130.2,130.18,,130.05,,,133707,17533296.29,1882,F1,1,,,,,
2026-08-18,2026-08-18,CM,NSE,STK,7287,INE391J01032,JTLIND,EQ,,,,,JTL INDUSTRIES LIMITED,75.5,76.03,74.52,74.8,74.95,75.33,,74.8,,,858810,64741404.29,7104,F1,1,,,,,
2026-08-18,2026-08-18,CM,NSE,STK,29590,INE03CC01015,JUBLCPL,EQ,,,,,JUBILANT AGRI N CON PRO L,2362.4,2397.9,2142.0,2199.1,2153.0,2342.4,,2199.82,,,16482,37157972.3,1437,F1,1,,,,,
2026-08-18,2026-08-18,CM,NSE,STK,18096,INE797F01020,JUBLFOOD,EQ,,,,,JUBILANT FOODWORKS LTD,509.85,510.6,496.4,500.55,500.55,511.5,,500.55,,,2285057,1150382758.15,27526,F1,1,,,,,
2026-08-18,2026-08-18,CM,NSE,STK,2783,INE0BY001018,JUBLINGREA,EQ,,,,,JUBILANT INGREVIA LIMITED,733.7,737.85,722.75,726.7,729.5,732.8,,726.63,,,135283,98436366.2,9217,F1,1,,,,,
2026-08-18,2026-08-18,CM,NSE,STK,3637,INE700A01033,JUBLPHARMA,EQ,,,,,JUBILANT PHARMOVA LTD,863.95,873.9,860.0,866.0,864.1,866.95,,865.98,,,174172,151301953.25,15280,F1,1,,,,,
2026-08-18,2026-08-18,CM,NSE,STK,7109,INE412C01023,JMA,EQ,,,,,JULLUNDUR MOT AGENCY LTD,89.0,89.5,86.5,87.56,88.5,89.2,,87.56,,,20311,1789527.13,345,F1,1,,,,,
2026-08-18,2026-08-18,CM,NSE,STK,764408,INE05C901015,JNPR,EQ,,,,,JUNIPER GREEN ENERGY LTD,242.18,245.95,238.84,240.59,240.3,241.68,,240.58,,,823202,199131742.52,19455,F1,1,,,,,
2026-08-18,2026-08-18,CM,NSE,STK,22824,INE696F01016,JUNIPER,EQ,,,,,JUNIPER HOTELS LIMITED,196.4,198.5,192.62,197.29,197.9,192.09,,197.28,,,185085,36338749.68,4589,F1,1,,,,,
2026-08-18,2026-08-18,CM,NSE,STK,18553,INE682M01020,JLHL,EQ,,,,,JUPITER LIFE LINE HOSP L,314.0,320.55,310.15,318.2,318.05,315.15,,318.2,,,229946,72764816.45,7638,F1,1,,,,,
2026-08-18,2026-08-18,CM,NSE,STK,20224,INE209L01016,JWL,EQ,,,,,JUPITER WAGONS LIMITED,250.2,253.6,250.0,250.7,251.0,252.65,,250.72,,,295272,74136556.7,7874,F1,1,,,,,
2026-08-18,2026-08-18,CM,NSE,STK,29962,INE599M01018,JUSTDIAL,EQ,,,,,JUSTDIAL LTD.,680.3,683.35,658.0,661.3,660.0,680.3,,661.33,,,174469,116081729.6,8715,F1,1,,,,,
2026-08-18,2026-08-18,CM,NSE,STK,15146,INE668F01031,JYOTHYLAB,EQ,,,,,JYOTHY LABS LIMITED,214.25,216.9,206.54,210.68,209.2,213.93,,210.68,,,1642025,345426323.31,27838,F1,1,,,,,
2026-08-18,2026-08-18,CM,NSE,STK,21334,INE980O01024,JYOTICNC,EQ,,,,,JYOTI CNC AUTOMATION LTD,870.0,947.9,860.05,929.2,940.0,857.95,,929.12,,,5438972,4911871991.85,149767,F1,1,,,,,
2026-08-18,2026-08-18,CM,NSE,STK,758221,INE1M3T01017,JYOTIGLOBL,SM,,,,,JYOTI GLOBAL PLAST LTD,37.55,41.0,37.55,41.0,41.0,39.1,,41.0,,,14000,545100.0,7,F1,2000,,,,,
2026-08-18,2026-08-18,CM,NSE,STK,764733,INE577D01013,JYOTIRES,EQ,,,,,JYOTI RESINS & ADHESIVE L,855.3,869.95,850.0,859.85,863.95,855.5,,858.99,,,3299,2836135.95,421,F1,1,,,,,
2026-08-18,2026-08-18,CM,NSE,STK,1802,INE197A01024,JYOTISTRUC,EQ,,,,,JYOTI STRUCTURES LTD,10.65,10.9,10.6,10.73,10.73,10.65,,10.73,,,2337627,25085486.53,2960,F1,1,,,,,
2026-08-18,2026-08-18,CM,NSE,STK,764743,INE533C01018,KJMCFIN,EQ,,,,,K J M C FINANCIAL SERV L,62.85,62.85,56.21,61.99,61.99,58.85,,61.99,,,3500,217085.3,30,F1,1,,,,,
2026-08-18,2026-08-18,CM,NSE,STK,764748,INE879K01018,KMCSHIL,EQ,,,,,K M C SPECIALITY HOSP I L,143.49,146.0,141.0,141.97,142.7,143.13,,141.88,,,217294,31078891.53,2659,F1,1,,,,,
2026-08-18,2026-08-18,CM,NSE,STK,14667,INE157H01023,KMSUGAR,EQ,,,,,K M SUGAR MILLS LTD,30.19,32.2,30.0,31.38,31.49,29.79,,31.39,,,973691,30461386.69,4750,F1,1,,,,,
2026-08-18,2026-08-18,CM,NSE,STK,27079,INE127T01021,KPEL,EQ,,,,,K.P. ENERGY LIMITED,243.7,264.95,240.0,262.3,263.9,243.75,,262.32,,,859476,219174846.5,17783,F1,1,,,,,
2026-08-18,2026-08-18,CM,NSE,STK,23462,INE0DEZ01013,K2INFRA,ST,,,,,K2 INFRAGEN LIMITED,50.15,50.25,49.65,49.9,49.85,50.0,,49.9,,,7800,390150.0,12,F1,600,,,,,
2026-08-18,2026-08-18,CM,NSE,STK,1805,INE900B01029,KABRAEXTRU,EQ,,,,,KABRA EXTRUSION TECHNIK L,522.95,522.95,504.25,512.6,509.0,520.5,,512.59,,,124007,63539926.9,3974,F1,1,,,,,
2026-08-18,2026-08-18,CM,NSE,STK,1808,INE217B01036,KAJARIACER,EQ,,,,,KAJARIA CERAMICS LTD,1243.9,1249.3,1219.0,1225.8,1222.0,1251.6,,1225.88,,,120873,148757899.6,8462,F1,1,,,,,
2026-08-18,2026-08-18,CM,NSE,STK,1811,INE437B01014,KAKATCEM,EQ,,,,,KAKATIYA CEM SUGAR &IND L,109.5,113.75,109.0,112.75,111.0,109.49,,112.75,,,3643,405004.25,84,F1,1,,,,,
2026-08-18,2026-08-18,CM,NSE,STK,25443,INE0T0L01014,KALANA,SM,,,,,KALANA ISPAT LIMITED,20.8,21.0,20.8,21.0,21.0,20.0,,21.0,,,16000,335200.0,8,F1,2000,,,,,
2026-08-18,2026-08-18,CM,NSE,STK,758558,INE227J01012,KALPATARU,EQ,,,,,KALPATARU LIMITED,286.0,286.0,279.0,280.65,279.6,283.1,,280.65,,,34751,9783779.45,1180,F1,1,,,,,
2026-08-18,2026-08-18,CM,NSE,STK,1814,INE220B01022,KPIL,EQ,,,,,KALPATARU PROJECT INT LTD,1404.0,1413.4,1392.1,1403.5,1404.0,1404.2,,1403.42,,,132037,184836232.8,10413,F1,1,,,,,
2026-08-18,2026-08-18,CM,NSE,STK,2955,INE303R01014,KALYANKJIL,EQ,,,,,KALYAN JEWELLERS IND LTD,610.0,612.4,601.2,601.6,601.6,610.0,,601.61,,,6089064,3686243276.0,69026,F1,1,,,,,
2026-08-18,2026-08-18,CM,NSE,STK,15156,INE314G01014,KALYANIFRG,EQ,,,,,KALYANI FORGE LIMITED,654.75,665.95,634.95,639.2,650.0,651.7,,639.86,,,2604,1677658.5,274,F1,1,,,,,
2026-08-18,2026-08-18,CM,NSE,STK,21119,INE029L01018,KICL,EQ,,,,,KALYANI INVEST CO LTD,5252.5,5369.5,5252.5,5309.5,5295.0,5292.5,,5308.53,,,446,2365744.5,182,F1,1,,,,,
2026-08-18,2026-08-18,CM,NSE,STK,18889,INE907A01026,KSL,EQ,,,,,KALYANI STEELS LIMITED,829.8,842.95,818.85,821.35,820.85,829.8,,821.32,,,25115,20769044.25,1657,F1,1,,,,,
2026-08-18,2026-08-18,CM,NSE,STK,762732,INE411F01010,KAMAHOLD,EQ,,,,,KAMA HOLDINGS LTD.,2462.6,2474.8,2440.0,2448.5,2450.0,2456.4,,2448.56,,,5044,12366541.7,443,F1,1,,,,,
2026-08-18,2026-08-18,CM,NSE,STK,764738,INE344D01018,KAMANWALA,EQ,,,,,KAMANWALA HOUSING CONST L,16.25,16.26,16.25,16.26,16.26,13.55,,17.41,,,4545,73901.49,32,F1,1,,,,,
2026-08-18,2026-08-18,CM,NSE,STK,1826,INE967C01018,KAMATHOTEL,EQ,,,,,KAMAT HOTELS (I) LTD,195.78,195.78,191.22,194.1,195.0,194.64,,194.1,,,32808,6347050.0,996,F1,1,,,,,
2026-08-18,2026-08-18,CM,NSE,STK,13461,INE390H01020,KAMDHENU,BE,,,,,KAMDHENU LIMITED,33.51,33.9,32.99,33.37,33.6,33.85,,33.37,,,218408,7272447.11,739,F1,1,,,,,
2026-08-18,2026-08-18,CM,NSE,STK,13814,INE0BTI01037,KAMOPAINTS,EQ,,,,,KAMDHENU VENTURES LIMITED,4.57,4.57,4.3,4.38,4.38,4.43,,4.35,,,308547,1356837.39,735,F1,1,,,,,
2026-08-18,2026-08-18,CM,NSE,STK,25786,INE879E01037,KANANIIND,EQ,,,,,KANANI INDUSTRIES LTD,1.51,1.52,1.35,1.49,1.5,1.5,,1.49,,,347845,501988.8,353,F1,1,,,,,
2026-08-18,2026-08-18,CM,NSE,STK,762737,INE081G01019,KANCHI,EQ,,,,,KANCHI KARPOORAM LTD.,372.0,376.0,364.0,374.0,373.0,377.65,,374.0,,,3174,1179193.2,40,F1,1,,,,,
2026-08-18,2026-08-18,CM,NSE,STK,765090,INE398L01017,KANCOTEA,EQ,,,,,KANCO TEA & INDS. LTD.,49.6,55.0,46.2,48.48,49.4,49.65,,48.96,,,2063,104564.42,63,F1,1,,,,,
2026-08-18,2026-08-18,CM,NSE,STK,11208,INE0MOT01016,KANDARP,SM,,,,,KANDARP DG SMART BPO LTD,99.0,101.0,98.2,100.0,100.0,97.1,,100.0,,,108000,10717150.0,60,F1,1000,,,,,
2026-08-18,2026-08-18,CM,NSE,STK,9805,INE138C01024,KANORICHEM,BE,,,,,KANORIACHEMICALS-,151.0,153.45,145.65,149.51,149.79,151.3,,149.78,,,22922,3396103.21,140,F1,1,,,,,
2026-08-18,2026-08-18,CM,NSE,STK,1782,INE694E01014,KANPRPLA,EQ,,,,,KANPUR PLASTIPACK LIMITED,263.0,266.39,240.5,244.25,242.3,262.85,,244.25,,,54440,13568272.12,1574,F1,1,,,,,
2026-08-18,2026-08-18,CM,NSE,STK,1196,INE531A01024,KANSAINER,EQ,,,,,KANSAI NEROLAC PAINTS LTD,205.8,207.63,200.11,201.05,201.99,205.8,,201.06,,,177961,35973854.28,5378,F1,1,,,,,
2026-08-18,2026-08-18,CM,NSE,STK,18967,INE542Z01028,KAPSTON,EQ,,,,,KAPSTON SERVICES LIMITED,528.0,549.85,525.0,528.4,535.0,522.7,,528.4,,,93251,49567735.75,3590,F1,1,,,,,
2026-08-18,2026-08-18,CM,NSE,STK,24385,INE725L01011,KARMAENG,EQ,,,,,KARMA ENERGY LIMITED,39.61,40.6,39.0,39.31,39.0,40.52,,39.31,,,1117,44228.71,32,F1,1,,,,,
2026-08-18,2026-08-18,CM,NSE,STK,8054,INE614B01018,KTKBANK,EQ,,,,,KARNATAKA BANK LIMITED,304.2,313.2,304.2,310.75,310.55,306.5,,310.75,,,2278077,706785267.95,55008,F1,1,,,,,
2026-08-18,2026-08-18,CM,NSE,STK,19465,INE0MGA01012,KARNIKA,SM,,,,,KARNIKA INDUSTRIES LTD,113.55,115.0,112.0,114.85,114.85,113.55,,114.85,,,29000,3280750.0,11,F1,1000,,,,,
2026-08-18,2026-08-18,CM,NSE,STK,1838,INE036D01028,KARURVYSYA,EQ,,,,,KARUR VYSYA BANK LTD,333.5,336.15,330.95,333.9,334.5,334.0,,333.9,,,1036685,345514488.4,33052,F1,1,,,,,
2026-08-18,2026-08-18,CM,NSE,STK,24528,INE0SVY01018,KATARIA,SM,,,,,KATARIA INDUSTRIES LTD,97.0,106.0,97.0,102.9,106.0,95.85,,102.9,,,25200,2562210.0,39,F1,600,,,,,
2026-08-18,2026-08-18,CM,NSE,STK,15140,INE234I01028,KAUSHALYA,BE,,,,,KAUSHALYA INFRA DEV LTD.,889.95,912.0,881.0,895.45,904.0,884.4,,895.73,,,50,44648.05,18,F1,1,,,,,
2026-08-18,2026-08-18,CM,NSE,STK,21186,INE0Q2V01012,KLL,SM,,,,,KAUSHALYA LOGISTICS LTD,23.2,23.25,22.3,22.4,22.4,22.5,,22.4,,,6400,144600.0,7,F1,800,,,,,
2026-08-18,2026-08-18,CM,NSE,STK,14972,INE455I01029,KSCL,EQ,,,,,KAVERI SEED CO. LTD.,758.7,779.0,755.8,772.75,763.0,772.3,,772.74,,,251401,193417006.6,15971,F1,1,,,,,
2026-08-18,2026-08-18,CM,NSE,STK,15244,INE641C01019,KAVDEFENCE,EQ,,,,,KAVVERI DFS & WIR TEC LTD,55.6,60.0,54.89,57.53,57.94,56.61,,57.54,,,227616,12997321.29,3112,F1,1,,,,,
2026-08-18,2026-08-18,CM,NSE,STK,21173,INE0RCG01017,KCEIL,SM,,,,,KAY CEE ENERGY & INFRA L,79.95,79.95,76.2,77.65,77.5,76.8,,77.65,,,36500,2835675.0,44,F1,500,,,,,
2026-08-18,2026-08-18,CM,NSE,STK,10276,INE587G01015,KAYA,EQ,,,,,KAYA LIMITED,333.0,345.8,326.25,338.75,335.8,336.65,,338.8,,,52088,17378588.95,2385,F1,1,,,,,
2026-08-18,2026-08-18,CM,NSE,STK,12092,INE918Z01012,KAYNES,EQ,,,,,KAYNES TECHNOLOGY IND LTD,3664.8,3714.2,3640.0,3644.1,3644.1,3651.0,,3644.19,,,514083,1887361841.7,37736,F1,1,,,,,
2026-08-18,2026-08-18,CM,NSE,STK,758868,INE13ZD01013,KAYTEX,SM,,,,,KAYTEX FABRICS LIMITED,58.0,58.0,51.2,54.3,54.3,56.3,,54.3,,,24000,1297000.0,30,F1,800,,,,,
2026-08-18,2026-08-18,CM,NSE,STK,10296,INE0J1E01027,KCK,ST,,,,,KCK INDUSTRIES LTD,15.5,15.5,15.0,15.0,15.0,14.9,,15.0,,,82500,1240125.0,8,F1,2500,,,,,
2026-08-18,2026-08-18,CM,NSE,STK,1841,INE805C01028,KCP,EQ,,,,,KCP LTD,156.2,157.16,150.0,151.22,151.0,155.28,,151.22,,,238462,36212236.53,4481,F1,1,,,,,
2026-08-18,2026-08-18,CM,NSE,STK,8849,INE790B01024,KCPSUGIND,BE,,,,,KCPSUGARINDUS,31.47,32.0,30.5,31.44,31.65,31.12,,31.44,,,223001,6965956.55,400,F1,1,,,,,
2026-08-18,2026-08-18,CM,NSE,STK,14908,INE291D01011,KDDL,EQ,,,,,KDDL LIMITED,4081.9,4128.5,4010.1,4093.5,4064.0,4084.6,,4093.63,,,26917,110370568.6,7164,F1,1,,,,,
2026-08-18,2026-08-18,CM,NSE,STK,13260,INE389H01022,KEC,EQ,,,,,KEC INTL. LIMITED,436.35,438.0,427.0,428.6,427.7,436.35,,428.6,,,1404817,603114838.9,30436,F1,1,,,,,
2026-08-18,2026-08-18,CM,NSE,STK,13310,INE878B01027,KEI,EQ,,,,,KEI INDUSTRIES LTD.,5881.7,5899.0,5722.7,5790.0,5790.0,5873.0,,5790.18,,,311725,1808386925.7,26590,F1,1,,,,,
2026-08-18,2026-08-18,CM,NSE,STK,13430,INE164B01030,KELLTONTEC,EQ,,,,,KELLTON TECH SOL LTD,13.54,13.89,13.45,13.68,13.66,13.54,,13.69,,,1591673,21724830.21,3875,F1,1,,,,,
2026-08-18,2026-08-18,CM,NSE,STK,29547,INE15DO01012,KEN,SM,,,,,KEN ENTERPRISES LIMITED,42.3,42.3,42.0,42.0,42.0,42.0,,42.0,,,4800,202200.0,4,F1,1200,,,,,
2026-08-18,2026-08-18,CM,NSE,STK,11841,INE717A01029,KENNAMET,EQ,,,,,KENNAMETAL INDIA LIMITED,3550.0,3569.0,3480.0,3502.2,3481.1,3551.7,,3502.54,,,14828,52320621.1,3087,F1,1,,,,,
2026-08-18,2026-08-18,CM,NSE,STK,13121,INE202H01019,KERNEX,EQ,,,,,KERNEX MICROSYS(I) LTD,1820.0,1920.0,1756.1,1901.8,1906.0,1751.7,,1901.85,,,1425187,2633221563.5,86725,F1,1,,,,,
2026-08-18,2026-08-18,CM,NSE,STK,4981,INE087A01019,KESORAMIND,BE,,,,,KESORAM INDUSTRIES LTD,11.95,11.95,11.95,11.95,11.95,11.72,,11.86,,,190942,2281756.9,186,F1,1,,,,,
2026-08-18,2026-08-18,CM,NSE,STK,13381,INE401H01017,KKCL,EQ,,,,,KEWAL KIRAN CLOTHING LTD,523.65,525.0,513.2,515.05,514.55,521.0,,515.04,,,50339,26123981.5,2141,F1,1,,,,,
2026-08-18,2026-08-18,CM,NSE,STK,4157,INE681C01015,KEYFINSERV,EQ,,,,,KEYNOTE FIN SERV LTD.,257.9,261.0,254.95,257.45,259.8,257.95,,257.2,,,1145,294639.55,43,F1,1,,,,,
2026-08-18,2026-08-18,CM,NSE,STK,12219,INE263M01029,RUSTOMJEE,EQ,,,,,KEYSTONE REALTORS LIMITED,375.1,378.25,370.2,371.9,371.1,375.1,,371.9,,,31546,11826093.55,1778,F1,1,,,,,
2026-08-18,2026-08-18,CM,NSE,STK,13359,INE138Y01010,KFINTECH,EQ,,,,,KFIN TECHNOLOGIES LIMITED,976.55,979.0,946.0,957.6,957.6,973.0,,957.52,,,1298792,1240561165.9,30243,F1,1,,,,,
2026-08-18,2026-08-18,CM,NSE,STK,433,INE834I01025,KHADIM,BE,,,,,KHADIM INDIA LIMITED,97.4,98.4,96.0,96.32,96.2,97.07,,96.32,,,43442,4215356.13,203,F1,1,,,,,
2026-08-18,2026-08-18,CM,NSE,STK,3912,INE731C01018,KHAITANLTD,EQ,,,,,KHAITAN (INDIA)LTD.,147.04,149.38,141.01,148.19,148.49,147.04,,148.19,,,5052,742149.58,90,F1,1,,,,,
2026-08-18,2026-08-18,CM,NSE,STK,896,INE745B01028,KHAICHEM,EQ,,,,,KHAITAN CHEM & FERT LTD,60.34,63.3,56.11,56.72,56.8,59.75,,56.73,,,1453854,87091782.57,10146,F1,1,,,,,
2026-08-18,2026-08-18,CM,NSE,STK,9641,INE060B01014,KHANDSE,EQ,,,,,KHANDWALA SECURITIES LTD,17.47,17.47,17.47,17.47,17.47,17.25,,17.47,,,1,17.47,1,F1,1,,,,,
2026-08-18,2026-08-18,CM,NSE,STK,9570,INE00UG01014,KHFM,SM,,,,,KHFM HOS FAC MANA SER LTD,45.25,47.9,45.0,45.9,47.9,48.6,,45.9,,,10850,498015.0,6,F1,1550,,,,,
2026-08-18,2026-08-18,CM,NSE,STK,762747,INE338F01015,KLBRENG-B,EQ,,,,,KILBURN ENGINEERING LTD.,346.0,374.4,346.0,362.75,360.5,346.9,,362.77,,,383012,139272537.45,9410,F1,1,,,,,
2026-08-18,2026-08-18,CM,NSE,STK,19941,INE729D01010,KILITCH,BE,,,,,KILITCH DRUGS INDIA LTD,169.0,172.4,163.96,163.96,163.96,172.58,,163.92,,,96347,15993683.81,529,F1,1,,,,,
2026-08-18,2026-08-18,CM,NSE,STK,18944,INE473D01015,KINGFA,EQ,,,,,KINGFA SCI & TEC IND LTD.,6087.5,6087.5,5905.5,5974.5,5950.0,6087.5,,5974.76,,,21586,128835537.0,5966,F1,1,,,,,
2026-08-18,2026-08-18,CM,NSE,STK,19126,INE880L01014,KIOCL,EQ,,,,,KIOCL LIMITED,387.3,391.85,382.1,384.0,384.15,388.15,,384.03,,,63816,24585807.8,3376,F1,1,,,,,
2026-08-18,2026-08-18,CM,NSE,STK,762742,INE555P01013,KIRANVYPAR,EQ,,,,,KIRAN VYAPAR LTD.,200.0,200.0,196.25,196.31,196.3,201.75,,196.58,,,303,59778.0,14,F1,1,,,,,
2026-08-18,2026-08-18,CM,NSE,STK,16639,INE415I01015,KIRIINDUS,EQ,,,,,KIRI INDUSTRIES LIMITED,413.5,413.5,403.8,408.95,409.2,410.45,,408.96,,,191225,78037594.65,4192,F1,1,,,,,
2026-08-18,2026-08-18,CM,NSE,STK,18581,INE732A01036,KIRLOSBROS,EQ,,,,,KIRLOSKAR BROTHERS LTD,1942.9,1951.0,1900.7,1910.0,1902.2,1942.9,,1909.95,,,34824,66834766.3,5680,F1,1,,,,,
2026-08-18,2026-08-18,CM,NSE,STK,18220,INE134B01017,KECL,EQ,,,,,KIRLOSKAR ELECTRIC CO LTD,137.5,139.82,133.35,135.36,134.38,137.5,,135.36,,,163373,22212884.39,2823,F1,1,,,,,
2026-08-18,2026-08-18,CM,NSE,STK,14466,INE884B01025,KIRLFER,EQ,,,,,KIRLOSKAR FERROUS IND LTD,434.0,437.7,429.0,435.85,434.4,433.2,,435.86,,,50317,21804612.8,3425,F1,1,,,,,
2026-08-18,2026-08-18,CM,NSE,STK,19025,INE250A01039,KIRLOSIND,EQ,,,,,KIRLOSKAR INDUSTRIES LTD,3842.9,3844.8,3740.0,3753.3,3740.0,3842.9,,3753.32,,,4203,15872557.7,652,F1,1,,,,,
2026-08-18,2026-08-18,CM,NSE,STK,20936,INE146L01010,KIRLOSENG,EQ,,,,,KIRLOSKAR OIL ENG LTD,2101.5,2130.0,2076.5,2125.7,2123.1,2101.6,,2125.68,,,200593,423378821.7,22093,F1,1,,,,,
2026-08-18,2026-08-18,CM,NSE,STK,15180,INE811A01038,KIRLPNU,EQ,,,,,KIRLOSKAR PNEUMATIC COM L,768.8,776.9,745.7,760.2,763.0,1534.3,,760.15,,,186912,141876163.9,12008,F1,1,,,,,
2026-08-18,2026-08-18,CM,NSE,STK,28899,INE602G01020,KITEX,EQ,,,,,KITEX GARMENTS LTD,128.51,134.07,128.1,128.98,128.75,128.81,,129.0,,,700612,91737866.99,8302,F1,1,,,,,
2026-08-18,2026-08-18,CM,NSE,STK,760923,INE0KNW01016,KNAGRI,EQ,,,,,KN AGRI RESOURCES LIMITED,217.5,228.0,208.79,212.8,214.75,216.19,,212.8,,,58047,12414273.1,711,F1,1,,,,,
2026-08-18,2026-08-18,CM,NSE,STK,763839,INE17QZ01016,KNACK,EQ,,,,,KNACK PACKAGING LIMITED,207.0,208.74,203.05,204.19,204.7,207.56,,204.21,,,535863,110073822.22,7016,F1,1,,,,,
2026-08-18,2026-08-18,CM,NSE,STK,27084,INE0CJD01029,KMEW,EQ,,,,,KNOWLEDGE MARINE & EN W L,2740.0,2745.0,2632.0,2706.2,2720.0,2756.5,,2706.95,,,163110,436731375.9,21603,F1,1,,,,,
2026-08-18,2026-08-18,CM,NSE,STK,758431,INE1JAR25012,KRT,RR,,,,,KNOWLEDGE REALTY TRUST,115.8,116.0,112.0,115.27,115.6,115.48,,115.27,,,817372,94002857.25,8289,F1,1,,,,,
2026-08-18,2026-08-18,CM,NSE,STK,15283,INE634I01029,KNRCON,EQ,,,,,KNR CONSTRU LTD.,134.0,135.22,129.8,130.36,130.4,134.6,,130.36,,,691247,90972656.66,11188,F1,1,,,,,
2026-08-18,2026-08-18,CM,NSE,STK,18754,INE0Q7P01013,KODYTECH,ST,,,,,KODY TECHNOLAB LIMITED,1389.7,1424.0,1382.0,1413.85,1420.0,1396.65,,1413.85,,,16500,23240320.0,77,F1,100,,,,,
2026-08-18,2026-08-18,CM,NSE,STK,3009,INE080B01012,KOHINOOR,EQ,,,,,KOHINOOR FOODS LIMITED,27.8,28.47,26.3,27.42,27.21,27.78,,27.42,,,135394,3695848.6,2227,F1,1,,,,,
2026-08-18,2026-08-18,CM,NSE,STK,16827,INE760A01029,KOKUYOCMLN,EQ,,,,,KOKUYO CAMLIN LIMITED,84.89,85.0,83.62,84.77,84.89,84.73,,84.77,,,18755,1587175.28,423,F1,1,,,,,
2026-08-18,2026-08-18,CM,NSE,STK,15124,INE094I01018,KOLTEPATIL,EQ,,,,,KOLTE PATIL DEV. LTD.,471.65,478.8,466.25,473.95,476.0,471.65,,473.97,,,89987,42508642.25,3651,F1,1,,,,,
2026-08-18,2026-08-18,CM,NSE,STK,22475,INE0QEI01011,KONSTELEC,ST,,,,,KONSTELEC ENGINEERS LTD,58.3,62.0,58.3,62.0,62.0,61.25,,62.0,,,77000,4739250.0,42,F1,1000,,,,,
2026-08-18,2026-08-18,CM,NSE,STK,19287,INE0KZ301010,KONTOR,SM,,,,,KONTOR SPACE LIMITED,60.0,60.0,60.0,60.0,60.0,62.0,,60.0,,,600,36000.0,1,F1,600,,,,,
2026-08-18,2026-08-18,CM,NSE,STK,4951,INE082A01010,KOPRAN,BE,,,,,KOPRAN LTD,201.69,208.5,199.51,201.51,200.07,199.71,,201.51,,,220320,44728931.06,1768,F1,1,,,,,
2026-08-18,2026-08-18,CM,NSE,STK,16758,INE0O4R01018,KDL,SM,,,,,KORE DIGITAL LIMITED,89.2,92.55,84.95,87.55,87.0,91.8,,87.55,,,28050,2448457.5,128,F1,150,,,,,
2026-08-18,2026-08-18,CM,NSE,STK,14858,INF174KA1HJ8,GOLD1,EQ,,,,,KOTAK GOLD ETF,130.89,130.95,127.19,127.67,127.75,127.7,,127.67,,,2096227,267599472.15,6874,F1,1,,,,,
2026-08-18,2026-08-18,CM,NSE,STK,1922,INE237A01036,KOTAKBANK,EQ,,,,,KOTAK MAHINDRA BANK LTD,391.0,392.9,387.65,387.65,387.65,392.7,,387.65,,,5653147,2207051901.0,58035,F1,1,,,,,
2026-08-18,2026-08-18,CM,NSE,STK,18102,INF174K014P6,NIFTY1,EQ,,,,,KOTAK NIFTY ETF,277.28,277.28,268.01,269.09,269.27,270.52,,269.09,,,59872,16119112.2,1120,F1,1,,,,,
2026-08-18,2026-08-18,CM,NSE,STK,15061,INF174KA1A86,PSUBANK,EQ,,,,,KOTAK PSU BANK,87.49,87.59,86.1,86.65,86.1,87.38,,86.65,,,85921,7456041.09,778,F1,1,,,,,
2026-08-18,2026-08-18,CM,NSE,STK,759885,INF174KA1XV0,CHEMICAL,EQ,,,,,KOTAKMAMC - CHEMICAL,30.41,31.18,30.41,30.85,30.88,30.81,,30.85,,,2215646,68399383.99,871,F1,1,,,,,
2026-08-18,2026-08-18,CM,NSE,STK,7412,INF174KA1IA5,ALPHA,EQ,,,,,KOTAKMAMC - KOTAKALPHA,54.18,54.29,53.81,54.06,53.97,54.18,,54.06,,,706087,38133473.45,2065,F1,1,,,,,
2026-08-18,2026-08-18,CM,NSE,STK,10512,INF174KA1ZF8,CONS,EQ,,,,,KOTAKMAMC - KOTAKCONS,12.45,12.47,12.32,12.37,12.45,12.51,,12.37,,,654805,8112243.93,197,F1,1,,,,,
2026-08-18,2026-08-18,CM,NSE,STK,2627,INF174KA1GC5,IT,EQ,,,,,KOTAKMAMC - KOTAKIT,34.95,34.95,33.6,33.69,33.75,34.26,,33.69,,,247367,8351807.8,1265,F1,1,,,,,
2026-08-18,2026-08-18,CM,NSE,STK,13950,INF174KA1LV5,LIQUID1,EQ,,,,,KOTAKMAMC - KOTAKLIQ,1119.65,1119.65,1118.66,1118.66,1118.66,1118.52,,1118.66,,,1362113,1523754993.4,520,F1,1,,,,,
2026-08-18,2026-08-18,CM,NSE,STK,8632,INF174KA1IY5,LOWVOL1,EQ,,,,,KOTAKMAMC - KOTAKLOVOL,21.43,21.51,21.18,21.27,21.18,21.46,,21.27,,,495408,10568314.23,192,F1,1,,,,,
2026-08-18,2026-08-18,CM,NSE,STK,8077,INF174KA1ZC5,MIDCAP,EQ,,,,,KOTAKMAMC - KOTAKMID50,18.71,18.88,18.58,18.64,18.67,18.71,,18.64,,,234519,4371573.0,814,F1,1,,,,,
2026-08-18,2026-08-18,CM,NSE,STK,10676,INF174KA1JF2,MNC,EQ,,,,,KOTAKMAMC - KOTAKMNC,34.74,34.74,34.48,34.5,34.5,34.76,,34.5,,,52636,1819905.3,343,F1,1,,,,,
2026-08-18,2026-08-18,CM,NSE,STK,13082,INF174KA1ZD3,SILVER1,EQ,,,,,KOTAKMAMC - KOTAKSILVE,22.12,22.9,22.12,22.47,22.51,22.69,,22.47,,,4107007,92381970.25,4351,F1,1,,,,,
2026-08-18,2026-08-18,CM,NSE,STK,11457,INF174KA1ZE1,NV20,EQ,,,,,KOTAKMAMC - KTKNV20ETF,14.04,14.06,13.94,14.01,14.02,14.07,,14.01,,,43408,607203.87,169,F1,1,,,,,
2026-08-18,2026-08-18,CM,NSE,STK,30469,INF174KA1VW2,MID150,EQ,,,,,KOTAKMAMC - MID150,23.82,23.84,23.7,23.81,23.84,23.87,,23.81,,,54661,1301204.28,168,F1,1,,,,,
2026-08-18,2026-08-18,CM,NSE,STK,759488,INF174KA1XS6,MOMENTUM30,EQ,,,,,KOTAKMAMC - MOMENTUM30,31.27,31.28,31.07,31.19,31.28,31.27,,31.19,,,80449,2510073.38,68,F1,1,,,,,
2026-08-18,2026-08-18,CM,NSE,STK,29758,INF174KA1VD2,MSCIINDIA,EQ,,,,,KOTAKMAMC - MSCIINDIA,30.27,30.27,30.1,30.16,30.12,30.27,,30.16,,,4053,122221.13,64,F1,1,,,,,
2026-08-18,2026-08-18,CM,NSE,STK,760709,INF174KA1YO3,NEXT50ETF,EQ,,,,,KOTAKMAMC - NEXT50ETF,76.34,76.34,74.45,75.12,75.13,75.97,,75.12,,,23367,1757623.92,136,F1,1,,,,,
2026-08-18,2026-08-18,CM,NSE,STK,29944,INF174KA1UW4,NIFTY100EW,EQ,,,,,KOTAKMAMC - NIFTY100EW,36.77,36.77,35.51,35.64,35.62,35.74,,35.64,,,27419,977571.19,207,F1,1,,,,,
2026-08-18,2026-08-18,CM,NSE,STK,764195,INF174KA1A94,PVTBANK,EQ,,,,,KOTAKMAMC - PVTBANK,27.41,27.5,27.33,27.5,27.5,27.5,,27.5,,,1747,47876.54,9,F1,1,,,,,
2026-08-18,2026-08-18,CM,NSE,STK,757946,INF174KA1WT6,QUALITY30,EQ,,,,,KOTAKMAMC - QUALITY30,21.23,21.35,20.99,21.01,21.04,21.23,,21.01,,,18032,379649.08,65,F1,1,,,,,
2026-08-18,2026-08-18,CM,NSE,STK,5851,INF174KA1ZB7,BANKNIFTY1,EQ,,,,,KOTAKMAMC-KOTAKBKETF,61.38,61.38,59.45,59.63,59.87,59.89,,59.63,,,730567,43466484.1,740,F1,1,,,,,
2026-08-18,2026-08-18,CM,NSE,STK,762752,INE972A01020,KOTIC,EQ,,,,,KOTHARI INDUSTRIAL CORP L,145.95,156.36,143.35,145.08,145.9,143.36,,145.11,,,11873,1749766.64,455,F1,1,,,,,
2026-08-18,2026-08-18,CM,NSE,STK,4594,INE720A01015,KOTHARIPET,EQ,,,,,KOTHARI PETROCHEM LTD,133.5,137.53,133.5,134.99,134.3,133.91,,134.99,,,73090,9900475.43,1415,F1,1,,,,,
2026-08-18,2026-08-18,CM,NSE,STK,5528,INE823A01017,KOTHARIPRO,EQ,,,,,KOTHARI PRODUCTS LTD,68.58,69.43,67.5,67.95,67.62,68.58,,68.05,,,6465,439162.9,266,F1,1,,,,,
2026-08-18,2026-08-18,CM,NSE,STK,11647,INE419A01022,KOTARISUG,EQ,,,,,KOTHARI SUG & CHEM LTD.,26.4,27.3,26.4,26.89,26.89,26.29,,26.89,,,181199,4887234.78,845,F1,1,,,,,
2026-08-18,2026-08-18,CM,NSE,STK,761337,INE0J0B01017,KOTYARK,BE,,,,,KOTYARK INDUSTRIES LTD,36.36,36.36,36.36,36.36,36.36,38.27,,36.36,,,27777,1009971.72,263,F1,1,,,,,
2026-08-18,2026-08-18,CM,NSE,STK,5192,INE177F01017,KOVAI,EQ,,,,,KOVAI MEDICAL CENTER & HO,6181.5,6181.5,5990.0,6013.0,6045.0,6122.0,,6014.25,,,3161,19116789.5,774,F1,1,,,,,
2026-08-18,2026-08-18,CM,NSE,STK,5108,INE542W01025,KPIGREEN,EQ,,,,,KPI GREEN ENERGY LIMITED,302.5,316.3,302.45,308.9,309.0,303.1,,308.89,,,2232623,687877783.85,45336,F1,1,,,,,
2026-08-18,2026-08-18,CM,NSE,STK,9683,INE04I401011,KPITTECH,EQ,,,,,KPIT TECHNOLOGIES LIMITED,609.0,609.05,596.0,596.65,596.65,609.0,,596.62,,,1619307,972712588.3,30901,F1,1,,,,,
2026-08-18,2026-08-18,CM,NSE,STK,14912,INE930H01031,KPRMILL,EQ,,,,,KPR MILL LTD.,1135.6,1140.0,1118.3,1123.5,1123.9,1135.6,,1123.52,,,110490,124814189.6,11176,F1,1,,,,,
2026-08-18,2026-08-18,CM,NSE,STK,10577,INE001B01026,KRBL,EQ,,,,,KRBL LIMITED,394.65,403.8,390.5,393.6,394.0,395.7,,393.6,,,715530,284586267.85,22388,F1,1,,,,,
2026-08-18,2026-08-18,CM,NSE,STK,1937,INE268B01013,KREBSBIO,EQ,,,,,KREBS BIOCHEMICALS & IND,56.77,56.78,55.08,55.79,55.5,54.66,,55.79,,,5203,291452.54,27,F1,1,,,,,
2026-08-18,2026-08-18,CM,NSE,STK,11488,INE524L01026,KRIDHANINF,BE,,,,,KRIDHAN INFRA LIMITED,2.19,2.27,2.15,2.19,2.21,2.19,,2.19,,,58497,127054.93,55,F1,1,,,,,
2026-08-18,2026-08-18,CM,NSE,STK,12847,INE506W01020,KRISHANA,EQ,,,,,KRISHANA PHOSCHEM LIMITED,188.0,190.98,184.1,190.04,190.39,187.27,,190.04,,,695996,131125959.12,10287,F1,1,,,,,
2026-08-18,2026-08-18,CM,NSE,STK,16133,INE0NR701018,KRISHCA,SM,,,,,KRISHCA STRAPPING SLTN L,166.0,167.9,165.0,167.4,167.4,166.25,,167.4,,,8000,1334725.0,11,F1,500,,,,,
2026-08-18,2026-08-18,CM,NSE,STK,756782,INE0GGO01015,KRISHIVAL,EQ,,,,,KRISHIVAL FOODS LIMITED,403.0,403.0,350.6,355.75,355.5,408.3,,355.75,,,170859,62964058.75,5074,F1,1,,,,,
2026-08-18,2026-08-18,CM,NSE,STK,761192,INE0J5601015,KRISHNADEF,EQ,,,,,KRISHNA DEF AND ALD IND L,1067.9,1129.0,1067.9,1125.0,1129.0,1062.5,,1125.0,,,137042,151269544.7,12015,F1,1,,,,,
2026-08-18,2026-08-18,CM,NSE,STK,4847,INE967H01025,KIMS,EQ,,,,,KRISHNA INST OF MED SCI L,800.0,808.9,800.0,805.5,804.55,800.4,,805.45,,,217609,174666611.8,13301,F1,1,,,,,
2026-08-18,2026-08-18,CM,NSE,STK,6417,INE479D01038,KRITI,EQ,,,,,KRITI INDUSTRIES IND LTD,66.73,68.94,65.2,65.81,65.98,66.73,,66.47,,,7131,470335.88,94,F1,1,,,,,
2026-08-18,2026-08-18,CM,NSE,STK,11432,INE798K01010,KRITINUT,EQ,,,,,KRITI NUTRIENTS LIMITED,86.99,87.5,84.51,85.79,85.1,85.15,,85.78,,,4162,357418.99,111,F1,1,,,,,
2026-08-18,2026-08-18,CM,NSE,STK,9288,INE00Z501029,KRITIKA,EQ,,,,,KRITIKA WIRES LIMITED,5.54,5.6,5.5,5.52,5.55,5.54,,5.52,,,56033,310181.92,316,F1,1,,,,,
2026-08-18,2026-08-18,CM,NSE,STK,760624,INE1MTV01019,KRMAYURVED,SM,,,,,KRM AYURVEDA LIMITED,274.85,285.0,274.85,281.7,282.95,272.85,,281.7,,,84000,23555300.0,71,F1,1000,,,,,
2026-08-18,2026-08-18,CM,NSE,STK,25643,INE0Q3J01015,KRN,EQ,,,,,KRN HEAT EXCHANGE N REF L,1517.7,1560.0,1475.0,1522.1,1515.0,1539.7,,1522.17,,,425448,642705843.7,27219,F1,1,,,,,
2026-08-18,2026-08-18,CM,NSE,STK,24025,INE0ATZ01017,KRONOX,EQ,,,,,KRONOX LAB SCIENCES LTD,150.1,154.55,144.41,151.7,151.5,151.52,,151.79,,,225530,33551179.39,3932,F1,1,,,,,
2026-08-18,2026-08-18,CM,NSE,STK,25252,INE0O6601022,KROSS,EQ,,,,,KROSS LIMITED,203.5,208.01,201.35,202.5,203.8,205.2,,202.5,,,329794,67471540.61,6545,F1,1,,,,,
2026-08-18,2026-08-18,CM,NSE,STK,5359,INE08LI01020,KRSNAA,EQ,,,,,KRSNAA DIAGNOSTICS LTD,560.0,563.0,537.1,540.2,540.0,558.45,,540.28,,,85637,46871399.25,5205,F1,1,,,,,
2026-08-18,2026-08-18,CM,NSE,STK,23175,INE0QN801017,KRYSTAL,EQ,,,,,KRYSTAL INTEGRATED SER L,620.2,623.7,620.0,620.0,620.0,620.4,,620.0,,,5861,3637072.8,261,F1,1,,,,,
2026-08-18,2026-08-18,CM,NSE,STK,1949,INE999A01023,KSB,EQ,,,,,KSB LIMITED,797.05,801.45,789.65,794.5,791.0,795.25,,794.46,,,38365,30479019.05,4636,F1,1,,,,,
2026-08-18,2026-08-18,CM,NSE,STK,764753,INE953E01022,KSE,EQ,,,,,KSE LTD.,197.9,199.99,196.0,198.82,199.0,194.47,,198.52,,,25704,5098427.4,572,F1,1,,,,,
2026-08-18,2026-08-18,CM,NSE,STK,760433,INE987S01020,KSHINTL,EQ,,,,,KSH INTERNATIONAL LIMITED,1024.3,1030.4,985.25,999.45,1003.3,1022.35,,999.58,,,225378,225037352.75,15549,F1,1,,,,,
2026-08-18,2026-08-18,CM,NSE,STK,10407,INE013801027,KSHITIJPOL,EQ,,,,,KSHITIJ POLYLINE LIMITED,3.04,3.09,2.88,2.91,2.94,3.03,,2.91,,,2109693,6156258.23,1578,F1,1,,,,,
2026-08-18,2026-08-18,CM,NSE,STK,11060,INE0D6I01023,KSOLVES,EQ,,,,,KSOLVES INDIA LIMITED,271.0,273.8,268.0,270.35,270.55,274.1,,270.36,,,26890,7279931.7,1337,F1,1,,,,,
2026-08-18,2026-08-18,CM,NSE,STK,759987,INE1SPP01016,KSR,EQ,,,,,KSR FOOTWEAR LIMITED,29.16,29.8,28.36,28.47,29.4,29.3,,28.47,,,2070,59661.38,53,F1,1,,,,,
2026-08-18,2026-08-18,CM,NSE,STK,13870,INE529I01021,KUANTUM,EQ,,,,,KUANTUM PAPERS LIMITED,80.74,81.28,79.2,79.79,79.99,80.33,,79.8,,,153618,12292531.61,1490,F1,1,,,,,
2026-08-18,2026-08-18,CM,NSE,STK,764116,INE0ISX01025,KUSUMGAR,EQ,,,,,KUSUMGAR LIMITED,590.0,601.0,589.0,595.0,596.0,592.25,,595.03,,,231690,138274609.05,8059,F1,1,,,,,
2026-08-18,2026-08-18,CM,NSE,STK,762757,INE552U01010,KPL,EQ,,,,,KWALITY PHARMACEUTICALS L,3648.0,3654.8,3499.8,3532.6,3544.0,3598.1,,3531.9,,,35819,127166466.8,4956,F1,1,,,,,
2026-08-18,2026-08-18,CM,NSE,STK,760946,INE2KCE01013,KWIL,EQ,,,,,KWALITY WALL'S (INDIA) L,38.93,39.35,37.83,38.1,37.93,38.79,,38.1,,,21856056,845151157.8,47363,F1,1,,,,,
2026-08-18,2026-08-18,CM,NSE,STK,765100,INE341H01023,LKPSEC,EQ,,,,,L K P SECURITIES LTD.,16.44,17.7,16.44,16.76,16.99,16.44,,16.73,,,26512,449019.36,654,F1,1,,,,,
2026-08-18,2026-08-18,CM,NSE,STK,24948,INE498L01015,LTF,EQ,,,,,L&T FINANCE LIMITED,314.0,325.8,307.55,325.1,325.1,315.0,,325.1,,,10165537,3254172895.45,71272,F1,1,,,,,
2026-08-18,2026-08-18,CM,NSE,STK,18564,INE010V01017,LTTS,EQ,,,,,L&T TECHNOLOGY SER. LTD.,3525.2,3562.0,3495.0,3509.9,3508.2,3528.5,,3509.33,,,47263,166905617.1,10450,F1,1,,,,,
2026-08-18,2026-08-18,CM,NSE,STK,14423,INE059D01020,LAOPALA,EQ,,,,,LA OPALA RG LIMITED,191.0,192.42,188.6,189.31,190.0,191.22,,189.32,,,213293,40468096.47,4486,F1,1,,,,,
2026-08-18,2026-08-18,CM,NSE,STK,764758,INE519D01015,LADDERUP,EQ,,,,,LADDERUP FINANCE LTD.,50.9,50.9,50.33,50.33,50.33,49.11,,50.33,,,43,2173.2,4,F1,1,,,,,
2026-08-18,2026-08-18,CM,NSE,STK,5865,INE548Z01017,LAGNAM,EQ,,,,,LAGNAM SPINTEX LIMITED,77.6,79.95,77.4,77.81,77.89,77.94,,77.81,,,40464,3177016.62,385,F1,1,,,,,
2026-08-18,2026-08-18,CM,NSE,STK,762762,INE515C01023,LAHOTIOV,EQ,,,,,LAHOTI OVERSEAS LTD.,42.98,43.5,42.11,42.28,42.99,42.98,,42.28,,,885,37518.99,15,F1,1,,,,,
2026-08-18,2026-08-18,CM,NSE,STK,7902,INE850E01012,LFIC,EQ,,,,,LAKSHMI FIN IND CORP LTD,138.21,145.0,138.21,140.88,140.99,140.7,,140.88,,,470,65935.87,38,F1,1,,,,,
2026-08-18,2026-08-18,CM,NSE,STK,764763,INE938C01019,LAKSHMIMIL,EQ,,,,,LAKSHMI MILLS CO. LTD.,8505.0,8505.0,7900.0,8001.5,8000.0,8067.0,,8053.2,,,69,565524.0,34,F1,1,,,,,
2026-08-18,2026-08-18,CM,NSE,STK,4774,INE651C01018,LAKPRE,BZ,,,,,LAKSHMI PRE SCRE LTD,4.56,4.56,4.56,4.56,4.56,4.56,,4.56,,,25,114.0,1,F1,1,,,,,
2026-08-18,2026-08-18,CM,NSE,STK,25860,INE0VZS01015,LAKSHYA,SM,,,,,LAKSHYA POWERTECH LIMITED,83.85,84.65,82.4,84.3,84.3,81.5,,84.3,,,4000,335760.0,5,F1,800,,,,,
2026-08-18,2026-08-18,CM,NSE,STK,6407,INE112F01022,LAMBODHARA,EQ,,,,,LAMBODHARA TEXTILES LTD.,113.64,113.64,110.35,110.59,111.0,110.1,,110.6,,,4907,546435.04,168,F1,1,,,,,
2026-08-18,2026-08-18,CM,NSE,STK,27225,INE0R0201012,LAMOSAIC,ST,,,,,LAMOSAIC INDIA LIMITED,54.25,56.95,54.0,56.95,56.95,55.8,,56.95,,,49200,2752350.0,38,F1,600,,,,,
2026-08-18,2026-08-18,CM,NSE,STK,9392,INE359U01028,LANCER,EQ,,,,,LANCER CONTAINER LINES L,11.12,11.24,10.58,10.92,10.95,11.07,,10.94,,,148016,1620740.98,404,F1,1,,,,,
2026-08-18,2026-08-18,CM,NSE,STK,23027,INE572G01025,LANCORHOL,EQ,,,,,LANCOR HOLDINGS LIMITED,30.25,30.25,27.8,28.18,27.85,29.29,,28.18,,,134243,3865770.4,1925,F1,1,,,,,
2026-08-18,2026-08-18,CM,NSE,STK,13276,INE559R01029,LANDMARK,EQ,,,,,LANDMARK CARS LIMITED,513.4,519.65,504.25,513.3,509.0,511.0,,513.3,,,118817,60722252.6,4562,F1,1,,,,,
2026-08-18,2026-08-18,CM,NSE,STK,16863,INE197J01017,LPDC,EQ,,,,,LANDMARK PR.DEV.CO.LTD,7.86,7.86,7.25,7.38,7.39,7.87,,7.37,,,96777,728839.76,352,F1,1,,,,,
2026-08-18,2026-08-18,CM,NSE,STK,17376,INE688J01023,LANDSMILL,EQ,,,,,LANDSMILL GREEN LIMITED,0.75,0.78,0.75,0.76,0.77,0.75,,0.76,,,2802194,2142167.54,843,F1,1,,,,,
2026-08-18,2026-08-18,CM,NSE,STK,11483,INE018A01030,LT,EQ,,,,,LARSEN & TOUBRO LTD.,4068.0,4085.0,4050.0,4064.3,4064.3,4086.7,,4064.49,,,1355575,5518324232.2,68981,F1,1,,,,,
2026-08-18,2026-08-18,CM,NSE,STK,21713,INE670X01014,LASA,EQ,,,,,LASA SUPERGENERICS LTD,7.14,7.44,6.75,7.19,7.21,7.14,,7.19,,,25232,179404.76,216,F1,1,,,,,
2026-08-18,2026-08-18,CM,NSE,STK,764126,INE17IR01028,LASERPOWER,EQ,,,,,LASER POWER & INFRA LTD,321.5,331.5,320.4,327.6,327.5,324.35,,327.61,,,2181158,712605999.1,25983,F1,1,,,,,
2026-08-18,2026-08-18,CM,NSE,STK,6818,INE0I7C01011,LATENTVIEW,EQ,,,,,LATENT VIEW ANALYTICS LTD,287.2,289.95,280.4,281.6,280.9,285.5,,281.6,,,510178,144550822.45,11277,F1,1,,,,,
2026-08-18,2026-08-18,CM,NSE,STK,15840,INE262Z01023,LATTEYS,EQ,,,,,LATTEYS INDUSTRIES LTD,23.29,23.85,22.34,23.03,22.9,23.29,,23.03,,,169405,3900403.23,785,F1,1,,,,,
2026-08-18,2026-08-18,CM,NSE,STK,19234,INE947Q01028,LAURUSLABS,EQ,,,,,LAURUS LABS LIMITED,1810.0,1824.6,1802.1,1814.0,1814.0,1809.7,,1814.0,,,1291914,2348331388.4,35171,F1,1,,,,,
2026-08-18,2026-08-18,CM,NSE,STK,6568,INE801V01019,LAXMICOT,EQ,,,,,LAXMI COTSPIN LIMITED,13.41,13.69,13.22,13.46,13.5,13.41,,13.46,,,5759,77441.17,64,F1,1,,,,,
2026-08-18,2026-08-18,CM,NSE,STK,29171,INE0WO601020,LAXMIDENTL,EQ,,,,,LAXMI DENTAL LIMITED,200.0,202.39,197.38,198.39,198.34,200.64,,198.43,,,144665,28855021.53,3264,F1,1,,,,,
2026-08-18,2026-08-18,CM,NSE,STK,19876,INE258Y01016,LGHL,EQ,,,,,LAXMI GOLDORNA HOUSE LTD,177.62,184.78,175.93,180.84,182.0,177.62,,180.84,,,4502,808166.65,281,F1,1,,,,,
2026-08-18,2026-08-18,CM,NSE,STK,758863,INE06WU01026,LAXMIINDIA,EQ,,,,,LAXMI INDIA FINANCE LTD,135.85,135.9,130.02,131.38,131.11,136.56,,131.38,,,155482,20471005.72,1519,F1,1,,,,,
2026-08-18,2026-08-18,CM,NSE,STK,2841,INE576O01020,LXCHEM,EQ,,,,,LAXMI ORGANIC INDUS LTD,179.05,181.09,173.31,174.19,174.08,179.66,,174.19,,,746694,131589013.23,8925,F1,1,,,,,
2026-08-18,2026-08-18,CM,NSE,STK,7529,INE938A01021,LCCINFOTEC,EQ,,,,,LCC INFOTECH LTD,3.81,3.99,3.44,3.84,3.85,3.82,,3.84,,,115295,421991.95,196,F1,1,,,,,
2026-08-18,2026-08-18,CM,NSE,STK,760300,INE0G1L01025,LEMERITE,EQ,,,,,LE MERITE EXPORTS LIMITED,23.49,23.49,22.5,23.01,23.15,23.25,,23.01,,,355691,8143009.54,916,F1,1,,,,,
2026-08-18,2026-08-18,CM,NSE,STK,24067,INE0HV901016,IXIGO,EQ,,,,,LE TRAVENUES TECHNOLOGY L,171.2,174.8,170.25,172.26,171.5,172.51,,172.29,,,348709,60010540.99,10546,F1,1,,,,,
2026-08-18,2026-08-18,CM,NSE,STK,14204,INE0H4B01011,LRRPL,SM,,,,,LEAD REC AND RUB PROD LTD,83.5,83.5,83.5,83.5,83.5,83.5,,83.5,,,1500,125250.0,1,F1,1500,,,,,
2026-08-18,2026-08-18,CM,NSE,STK,764523,INE00GO01025,LEAPIND,EQ,,,,,LEAP INDIA LIMITED,160.0,164.7,158.3,160.3,159.31,155.49,,160.29,,,29119032,4706265223.08,199474,F1,1,,,,,
2026-08-18,2026-08-18,CM,NSE,STK,765095,INE791B01014,LEENEE,EQ,,,,,LEE & NEE SOFTWARES (E) L,7.06,7.97,6.81,7.58,7.75,7.06,,7.6,,,18361,139766.85,146,F1,1,,,,,
2026-08-18,2026-08-18,CM,NSE,STK,757014,INE0AQ201015,THELEELA,EQ,,,,,LEELA PALACES HOTEL LTD,508.95,521.95,503.3,519.15,519.65,503.0,,519.11,,,412429,211277813.75,19601,F1,1,,,,,
2026-08-18,2026-08-18,CM,NSE,STK,2606,INE970X01018,LEMONTREE,EQ,,,,,LEMON TREE HOTELS LTD,109.2,110.13,107.88,109.02,108.9,109.55,,109.02,,,3034796,330237386.02,38055,F1,1,,,,,
2026-08-18,2026-08-18,CM,NSE,STK,759605,INE956O01016,LENSKART,EQ,,,,,LENSKART SOLUTIONS LTD,609.85,640.0,606.85,628.4,628.7,607.6,,628.36,,,10855580,6785548721.3,171490,F1,1,,,,,
2026-08-18,2026-08-18,CM,NSE,STK,14459,INE500X01013,LEXUS,EQ,,,,,LEXUS GRANITO (INDIA) LTD,13.91,14.79,13.07,13.55,13.72,13.58,,13.55,,,12787,171888.67,120,F1,1,,,,,
2026-08-18,2026-08-18,CM,NSE,STK,18321,INE337A01034,LGBBROSLTD,EQ,,,,,LG BALAKRISHNAN & BROS,1602.0,1623.9,1600.0,1603.1,1600.2,1602.8,,1603.54,,,14844,23856159.8,2149,F1,1,,,,,
2026-08-18,2026-08-18,CM,NSE,STK,760213,INE324D01010,LGEINDIA,EQ,,,,,LG ELECTRONICS INDIA LTD,1651.0,1675.0,1640.1,1649.4,1645.0,1667.6,,1649.41,,,812372,1347875479.9,38140,F1,1,,,,,
2026-08-18,2026-08-18,CM,NSE,STK,11082,INE908V01012,LIBAS,EQ,,,,,LIBAS CONSU PRODUCTS LTD,9.95,9.95,9.36,9.77,9.8,9.52,,9.77,,,43087,415284.41,104,F1,1,,,,,
2026-08-18,2026-08-18,CM,NSE,STK,1994,INE557B01019,LIBERTSHOE,EQ,,,,,LIBERTY SHOES LTD,248.95,248.95,242.6,245.15,246.95,248.05,,245.14,,,29617,7253579.55,628,F1,1,,,,,
2026-08-18,2026-08-18,CM,NSE,STK,1997,INE115A01026,LICHSGFIN,EQ,,,,,LIC HOUSING FINANCE LTD,500.0,501.8,495.9,498.8,498.8,498.25,,498.8,,,1854138,924912073.9,30771,F1,1,,,,,
2026-08-18,2026-08-18,CM,NSE,STK,25640,INF767K01SM1,LICMFGOLD,EQ,,,,,LIC MF - LIC GOLD ETF,139.25,139.25,137.15,137.35,137.15,137.5,,137.38,,,46672,6424738.9,414,F1,1,,,,,
2026-08-18,2026-08-18,CM,NSE,STK,11319,INF767K01OS7,LICNETFN50,EQ,,,,,LICNAMC - LICNFENGP,272.38,272.74,271.06,271.06,271.06,273.74,,271.06,,,176,47924.3,24,F1,1,,,,,
2026-08-18,2026-08-18,CM,NSE,STK,11441,INF767K01OT5,LICNETFSEN,EQ,,,,,LICNAMC - LICNFESGP,883.95,883.95,872.12,879.2,879.2,880.61,,879.2,,,35,30653.65,4,F1,1,,,,,
2026-08-18,2026-08-18,CM,NSE,STK,15229,INF767K01PC8,LICNFNHGP,EQ,,,,,LICNAMC - LICNFNHGP,283.97,283.97,277.76,277.86,278.94,281.16,,277.86,,,36,10091.49,14,F1,1,,,,,
2026-08-18,2026-08-18,CM,NSE,STK,6062,INF767K01MV5,LICNETFGSC,EQ,,,,,LICNAMC - LICNMFET,29.47,29.6,29.4,29.51,29.5,29.51,,29.51,,,17390,513968.08,74,F1,1,,,,,
2026-08-18,2026-08-18,CM,NSE,STK,22722,INF767K01RN1,LICNMID100,EQ,,,,,LICNAMC - LICNMID100,63.81,64.48,63.53,63.9,63.82,64.17,,63.91,,,2032,130049.63,67,F1,1,,,,,
2026-08-18,2026-08-18,CM,NSE,STK,9480,INE0J1Y01017,LICI,EQ,,,,,LIFE INSURA CORP OF INDIA,410.1,413.95,407.0,410.0,410.0,410.0,,409.99,,,5374472,2206878134.65,46706,F1,1,,,,,
2026-08-18,2026-08-18,CM,NSE,STK,578,INE060901027,LIKHITHA,EQ,,,,,LIKHITHA INFRASTRUC LTD,207.7,216.9,207.2,208.57,209.0,206.67,,208.62,,,48039,10163443.4,1159,F1,1,,,,,
2026-08-18,2026-08-18,CM,NSE,STK,6951,INE802B01027,LINC,EQ,,,,,LINC LIMITED,99.0,99.0,94.63,95.45,95.5,97.28,,95.45,,,32789,3141908.53,778,F1,1,,,,,
2026-08-18,2026-08-18,CM,NSE,STK,11596,INE405C01035,LINCOLN,EQ,,,,,LINCOLN PHARMA LTD,623.35,627.2,612.35,619.1,617.5,623.35,,619.1,,,28701,17791605.1,1631,F1,1,,,,,
2026-08-18,2026-08-18,CM,NSE,STK,1627,INE473A01011,LINDEINDIA,EQ,,,,,LINDE INDIA LIMITED,6720.0,6870.5,6701.5,6725.5,6711.5,6732.0,,6725.63,,,33874,230220092.0,6906,F1,1,,,,,
2026-08-18,2026-08-18,CM,NSE,STK,17801,INE093R01011,LLOYDSENGG,EQ,,,,,LLOYDS ENGG WORK LIMITED,91.77,94.5,91.6,93.66,94.0,91.21,,93.66,,,10766214,1003569794.83,41382,F1,1,,,,,
2026-08-18,2026-08-18,CM,NSE,STK,25807,INE080I01025,LLOYDSENT,EQ,,,,,LLOYDS ENTERPRISES LTD,75.6,80.9,75.6,79.03,79.4,75.65,,79.04,,,6839394,541819477.01,29576,F1,1,,,,,
2026-08-18,2026-08-18,CM,NSE,STK,11472,INE0DTQ01028,LLOYDS,SM,,,,,LLOYDS LUXURIES LIMITED,61.5,61.5,61.5,61.5,61.5,62.9,,61.5,,,1000,61500.0,1,F1,1000,,,,,
2026-08-18,2026-08-18,CM,NSE,STK,17313,INE281B01032,LLOYDSME,EQ,,,,,LLOYDS METALS N ENERGY L,1938.2,1943.9,1909.0,1938.6,1938.0,1942.0,,1938.59,,,347859,671317578.9,13085,F1,1,,,,,
2026-08-18,2026-08-18,CM,NSE,STK,1979,INE269B01029,LMW,EQ,,,,,LMW LIMITED,19976.0,20130.0,19689.0,19748.0,19760.0,20047.0,,19747.31,,,6432,128140365.0,2622,F1,1,,,,,
2026-08-18,2026-08-18,CM,NSE,STK,3220,INE670K01029,LODHA,EQ,,,,,LODHA DEVELOPERS LIMITED,1254.0,1260.0,1211.1,1211.1,1211.1,1254.0,,1211.13,,,1547121,1900769021.7,33407,F1,1,,,,,
2026-08-18,2026-08-18,CM,NSE,STK,764296,INE0QJW01029,LCL,EQ,,,,,LOHIA CORP LIMITED,546.2,577.7,543.45,573.0,573.6,546.2,,573.08,,,1385067,781628048.25,44743,F1,1,,,,,
2026-08-18,2026-08-18,CM,NSE,STK,13439,INE397H01017,LOKESHMACH,BE,,,,,LOKESH MACHINES LTD,329.8,339.5,329.8,331.35,330.5,329.8,,331.54,,,22250,7387046.6,197,F1,1,,,,,
2026-08-18,2026-08-18,CM,NSE,STK,18232,INE846D01012,LORDSCHLO,EQ,,,,,LORDS CHLORO ALKALI LTD,140.03,142.45,133.0,133.42,134.05,139.98,,133.45,,,29362,3973005.97,1008,F1,1,,,,,
2026-08-18,2026-08-18,CM,NSE,STK,14924,INE740X01023,LAL,EQ,,,,,LORENZINI APPARELS LTD,8.72,8.76,8.6,8.63,8.67,8.72,,8.63,,,7127,61935.39,69,F1,1,,,,,
2026-08-18,2026-08-18,CM,NSE,STK,764768,INE026D01011,LOTUSCHO,EQ,,,,,LOTUS CHOCOLATE CO. LTD.,621.0,633.95,601.0,616.8,615.15,622.05,,617.09,,,2315,1427939.45,200,F1,1,,,,,
2026-08-18,2026-08-18,CM,NSE,STK,16807,INE947I01017,LOTUSEYE,EQ,,,,,LOTUS EYE HOSP & INST L,116.0,118.47,115.06,116.07,116.5,115.83,,116.13,,,6888,798953.88,116,F1,1,,,,,
2026-08-18,2026-08-18,CM,NSE,STK,22415,INE597L01014,LOVABLE,EQ,,,,,LOVABLE LINGERIE LTD,71.82,73.72,71.53,72.09,72.49,72.04,,72.09,,,2942,211903.38,111,F1,1,,,,,
2026-08-18,2026-08-18,CM,NSE,STK,10590,INE970D01010,LOYALTEX,EQ,,,,,LOYAL TEXTILE MILLS LTD,219.0,234.88,214.0,216.9,216.25,221.0,,216.9,,,1091,243838.8,93,F1,1,,,,,
2026-08-18,2026-08-18,CM,NSE,STK,13816,INE818H01020,LTFOODS,EQ,,,,,LT FOODS LIMITED,416.2,429.4,416.2,426.3,425.15,417.15,,426.29,,,512273,217443974.8,20772,F1,1,,,,,
2026-08-18,2026-08-18,CM,NSE,STK,17818,INE214T01019,LTM,EQ,,,,,LTM LIMITED,4630.0,4684.0,4562.2,4562.2,4562.2,4700.0,,4562.25,,,258689,1196538294.5,17511,F1,1,,,,,
2026-08-18,2026-08-18,CM,NSE,STK,14014,INE872H01027,LUMAXTECH,EQ,,,,,LUMAX AUTO TECH LTD,2050.4,2055.0,2000.0,2014.7,2004.1,2049.0,,2014.28,,,101150,204474861.8,14592,F1,1,,,,,
2026-08-18,2026-08-18,CM,NSE,STK,2018,INE162B01018,LUMAXIND,EQ,,,,,LUMAX INDUSTRIES LTD,5792.0,5849.0,5710.0,5726.0,5736.5,5792.0,,5723.47,,,5666,32662283.0,1933,F1,1,,,,,
2026-08-18,2026-08-18,CM,NSE,STK,10440,INE326A01037,LUPIN,EQ,,,,,LUPIN LIMITED,2255.0,2255.0,2220.5,2232.0,2232.0,2259.0,,2231.97,,,694324,1548235223.6,42714,F1,1,,,,,
2026-08-18,2026-08-18,CM,NSE,STK,11301,INE150G01020,LUXIND,EQ,,,,,LUX INDUSTRIES LIMITED,1203.7,1234.9,1198.4,1228.9,1230.1,1209.0,,1228.88,,,39889,48648703.5,3687,F1,1,,,,,
2026-08-18,2026-08-18,CM,NSE,STK,7248,INE933A01014,LYKALABS,BE,,,,,LYKA LABS LTD.,69.39,69.39,69.39,69.39,69.39,68.03,,69.31,,,4570,317112.3,33,F1,1,,,,,
2026-08-18,2026-08-18,CM,NSE,STK,758150,INE08N601015,MBEL,EQ,,,,,M AND B ENGINEERING LTD,285.3,285.3,278.8,284.35,284.9,283.3,,284.45,,,147787,41755556.4,21823,F1,1,,,,,
2026-08-18,2026-08-18,CM,NSE,STK,765120,INE227F01010,MKEXIM,EQ,,,,,M K EXIM (INDIA) LTD.,56.75,56.75,52.0,53.91,53.26,53.91,,54.01,,,1976,105998.48,52,F1,1,,,,,
2026-08-18,2026-08-18,CM,NSE,STK,16736,INE964W01021,MKPL,EQ,,,,,M K PROTEINS LIMITED,4.18,4.19,4.11,4.16,4.11,4.11,,4.16,,,39931,165911.82,277,F1,1,,,,,
2026-08-18,2026-08-18,CM,NSE,STK,22360,INE813V01022,MCL,EQ,,,,,M TEK COPPER LIMITED,60.99,60.99,58.6,59.24,59.0,60.47,,59.24,,,88186,5235161.22,2849,F1,1,,,,,
2026-08-18,2026-08-18,CM,NSE,STK,13285,INE774D01024,M&MFIN,EQ,,,,,M&M FIN. SERVICES LTD,390.0,391.0,382.25,386.2,386.1,388.9,,386.2,,,1441684,556282110.75,43131,F1,1,,,,,
2026-08-18,2026-08-18,CM,NSE,STK,22976,INE0SGC01015,MVKAGRO,SM,,,,,M.V.K. AGRO FOOD PROD LTD,206.7,206.7,206.7,206.7,206.7,217.55,,206.7,,,9900,2046330.0,19,F1,300,,,,,
2026-08-18,2026-08-18,CM,NSE,STK,15017,INE215I01027,MAANALU,EQ,,,,,MAAN ALUMINIUM LIMITED,122.79,122.79,118.0,119.35,119.0,119.33,,119.31,,,44463,5301056.83,773,F1,1,,,,,
2026-08-18,2026-08-18,CM,NSE,STK,762782,INE435D01014,MCCHRLS-B,EQ,,,,,MAC CHARLES (INDIA) LTD.,690.0,690.0,659.95,660.0,660.0,677.1,,660.0,,,240,158779.05,30,F1,1,,,,,
2026-08-18,2026-08-18,CM,NSE,STK,24545,INE0R0J01010,MACOBSTECH,SM,,,,,MACOBS TECHNOLOGIES LTD,217.0,217.0,205.0,205.7,205.0,207.4,,205.7,,,40000,8575880.0,14,F1,800,,,,,
2026-08-18,2026-08-18,CM,NSE,STK,22347,INE155Z01011,MACPOWER,EQ,,,,,MACPOWER CNC MACHINES LTD,1782.5,2000.0,1782.5,1983.6,1981.1,1781.4,,1983.6,,,190829,371760647.6,21959,F1,1,,,,,
2026-08-18,2026-08-18,CM,NSE,STK,762767,INE631R01026,MADHAVIPL,EQ,,,,,MADHAV INFRA PROJECTS L,7.21,7.48,6.95,7.24,7.19,7.04,,7.23,,,110854,782575.96,297,F1,1,,,,,
2026-08-18,2026-08-18,CM,NSE,STK,15151,INE925C01016,MADHAV,EQ,,,,,MADHAV MARBLE & GRANITE,35.87,37.24,35.87,37.1,37.07,35.87,,37.06,,,4469,161875.36,24,F1,1,,,,,
2026-08-18,2026-08-18,CM,NSE,STK,13668,INE378D01032,MADHUCON,BE,,,,,MADHUCON PROJECTS LTD.,5.47,5.48,5.22,5.28,5.25,5.47,,5.24,,,14682,79610.75,64,F1,1,,,,,
2026-08-18,2026-08-18,CM,NSE,STK,18738,INE0P6701019,MADHUSUDAN,ST,,,,,MADHUSUDAN MASALA LIMITED,227.25,229.95,225.0,227.0,227.0,224.8,,227.0,,,7000,1591900.0,7,F1,1000,,,,,
2026-08-18,2026-08-18,CM,NSE,STK,12686,INE900L01028,MBAPL,EQ,,,,,MADHYA BHARAT AGRO P. LTD,165.0,165.99,161.99,162.47,162.09,164.73,,162.47,,,378114,61814882.6,6108,F1,1,,,,,
2026-08-18,2026-08-18,CM,NSE,STK,4911,INE414A01015,MADRASFERT,EQ,,,,,MADRAS FERTILISERS LTD,65.0,65.02,64.25,64.36,64.25,65.03,,64.36,,,23590,1522323.45,355,F1,1,,,,,
2026-08-18,2026-08-18,CM,NSE,STK,762772,INE270B01035,MAFATIND,EQ,,,,,MAFATLAL INDUSTRIES LTD.,122.3,124.44,122.2,122.53,122.26,124.21,,122.51,,,18806,2317035.59,514,F1,1,,,,,
2026-08-18,2026-08-18,CM,NSE,STK,21392,INE347W01011,MAGADSUGAR,EQ,,,,,MAGADH SUGAR & ENERGY LTD,576.0,591.0,560.15,565.5,561.0,570.65,,565.83,,,64874,37645554.75,3328,F1,1,,,,,
2026-08-18,2026-08-18,CM,NSE,STK,29482,INE613C01026,MCLOUD,EQ,,,,,MAGELLANIC CLOUD LIMITED,26.98,29.1,26.84,28.85,28.9,26.77,,28.85,,,9815518,279740941.98,23044,F1,1,,,,,
2026-08-18,2026-08-18,CM,NSE,STK,14957,INE387I01016,MAGNUM,EQ,,,,,MAGNUM VENTURES LTD.,19.27,19.47,19.01,19.1,19.34,19.28,,19.1,,,65718,1263420.44,58,F1,1,,,,,
2026-08-18,2026-08-18,CM,NSE,STK,5239,INE843B01013,MAHAPEXLTD,EQ,,,,,MAHA RASHTRA APEX COPR. L,53.49,58.01,52.61,56.95,56.99,54.09,,56.95,,,64885,3690524.21,548,F1,1,,,,,
2026-08-18,2026-08-18,CM,NSE,STK,24937,INE0US801024,MFML,EQ,,,,,MAHALAXMI FABRIC MILLS LT,18.61,19.84,18.58,18.95,18.6,18.67,,18.95,,,6762,129515.47,76,F1,1,,,,,
2026-08-18,2026-08-18,CM,NSE,STK,7889,INE112D01035,MHLXMIRU,BE,,,,,MAHALAXMI RUBTECH LIMITED,185.2,190.0,180.0,186.0,186.0,186.27,,186.0,,,17254,3234573.67,121,F1,1,,,,,
2026-08-18,2026-08-18,CM,NSE,STK,17531,INE451L01014,MAHASTEEL,BE,,,,,MAHAMAYA STEEL INDS LTD,1107.6,1135.0,1080.5,1123.7,1112.0,1099.1,,1124.0,,,41209,45969389.3,329,F1,1,,,,,
2026-08-18,2026-08-18,CM,NSE,STK,17534,INE002S01010,MGL,EQ,,,,,MAHANAGAR GAS LTD.,1106.0,1118.4,1100.0,1111.4,1113.9,1129.1,,1111.37,,,277306,307744192.5,20219,F1,1,,,,,
2026-08-18,2026-08-18,CM,NSE,STK,2294,INE153A01019,MTNL,EQ,,,,,MAHANAGAR TELEPHONE NIGAM,27.15,27.59,26.9,27.08,26.91,27.08,,27.08,,,870655,23721188.77,3898,F1,1,,,,,
2026-08-18,2026-08-18,CM,NSE,STK,2085,INE288A01013,MAHSCOOTER,EQ,,,,,MAHARASHTRA SCOOTERS LTD,13448.0,13688.0,13121.0,13226.0,13240.0,13449.0,,13226.19,,,2959,39243261.0,1144,F1,1,,,,,
2026-08-18,2026-08-18,CM,NSE,STK,2088,INE271B01025,MAHSEAMLES,EQ,,,,,MAHARASHTRA SEAMLESS LTD,622.0,627.95,616.1,620.9,623.0,622.0,,620.89,,,127306,79076253.3,9660,F1,1,,,,,
2026-08-18,2026-08-18,CM,NSE,STK,758688,INE632Q01018,MRIL,ST,,,,,MAHENDRA REALTO & INFRA L,63.5,63.5,60.0,60.0,60.0,63.0,,60.0,,,3200,197600.0,2,F1,1600,,,,,
2026-08-18,2026-08-18,CM,NSE,STK,9577,INE263W01010,MAHESHWARI,BE,,,,,MAHESHWARI LOGISTICS LTD.,72.72,72.99,70.79,72.5,72.5,72.0,,72.5,,,17674,1274212.31,32,F1,1,,,,,
2026-08-18,2026-08-18,CM,NSE,STK,2839,INE961Y01015,MAHICKRA,SM,,,,,MAHICKRA CHEMICAL LIMITED,294.0,294.0,294.0,294.0,294.0,295.0,,294.0,,,750,220500.0,1,F1,750,,,,,
2026-08-18,2026-08-18,CM,NSE,STK,2031,INE101A01026,M&M,EQ,,,,,MAHINDRA & MAHINDRA LTD,3390.4,3435.0,3390.2,3421.5,3421.5,3390.4,,3421.49,,,1371664,4693338090.1,76990,F1,1,,,,,
2026-08-18,2026-08-18,CM,NSE,STK,17603,INE215D01010,MAHEPC,EQ,,,,,MAHINDRA EPC IRRIG LTD,108.0,108.17,106.5,107.37,107.5,107.31,,107.34,,,15286,1641840.99,424,F1,1,,,,,
2026-08-18,2026-08-18,CM,NSE,STK,17333,INE998I01010,MHRIL,EQ,,,,,MAHINDRA HOLIDAYS LTD,222.65,224.86,220.8,221.39,221.1,224.89,,221.4,,,49704,11055417.49,2131,F1,1,,,,,
2026-08-18,2026-08-18,CM,NSE,STK,8050,INE813A01018,MAHLIFE,EQ,,,,,MAHINDRA LIFESPACE DEVLTD,391.0,391.0,381.1,384.15,382.1,386.65,,384.14,,,92716,35587756.95,3398,F1,1,,,,,
2026-08-18,2026-08-18,CM,NSE,STK,385,INE766P01016,MAHLOG,EQ,,,,,MAHINDRA LOGISTIC LIMITED,402.5,406.35,397.3,404.55,404.75,404.95,,404.55,,,98395,39534735.5,3528,F1,1,,,,,
2026-08-18,2026-08-18,CM,NSE,STK,24538,INE683C01011,MAITHANALL,EQ,,,,,MAITHAN ALLOYS LTD,977.5,992.9,974.15,987.65,992.0,980.0,,987.6,,,26302,25923451.7,1745,F1,1,,,,,
2026-08-18,2026-08-18,CM,NSE,STK,19809,INE0PLQ01011,MAITREYA,SM,,,,,MAITREYA MEDICARE LIMITED,116.0,117.2,110.0,110.5,110.0,115.5,,110.5,,,10400,1164860.0,25,F1,400,,,,,
2026-08-18,2026-08-18,CM,NSE,STK,762780,INE201B01022,MAJESAUT,BE,,,,,MAJESTIC AUTO LTD.,353.05,359.8,349.0,352.55,349.05,362.4,,351.03,,,5325,1883659.7,320,F1,1,,,,,
2026-08-18,2026-08-18,CM,NSE,STK,764773,INE987A01010,MAKERSL,EQ,,,,,MAKERS LABORATORIES LTD.,160.0,162.0,158.0,159.83,159.15,152.59,,160.47,,,717,114741.05,42,F1,1,,,,,
2026-08-18,2026-08-18,CM,NSE,STK,7965,INE389C01015,MALLCOM,EQ,,,,,MALLCOM (INDIA) LIMITED,955.45,977.95,950.05,958.65,955.0,956.0,,958.65,,,2352,2251652.3,172,F1,1,,,,,
2026-08-18,2026-08-18,CM,NSE,STK,13352,INE383H01017,MALUPAPER,EQ,,,,,MALU PAPER MILLS LIMITED,32.25,32.89,32.13,32.58,32.64,31.85,,32.57,,,5904,191634.83,73,F1,1,,,,,
2026-08-18,2026-08-18,CM,NSE,STK,28687,INE0TO701015,MAMATA,EQ,,,,,MAMATA MACHINERY LIMITED,407.3,417.0,400.0,411.15,412.0,405.6,,411.16,,,68286,27917098.25,3293,F1,1,,,,,
2026-08-18,2026-08-18,CM,NSE,STK,7413,INE830Q01018,MANAKCOAT,EQ,,,,,MAN COAT METAL & IND LTD,121.35,129.5,121.0,125.36,125.77,121.88,,125.35,,,1563125,198463273.81,17625,F1,1,,,,,
2026-08-18,2026-08-18,CM,NSE,STK,11884,INE993A01026,MANINDS,EQ,,,,,MAN INDUSTRIES (I) LTD.,630.95,649.95,624.85,645.15,645.3,630.35,,645.12,,,768630,491846210.3,22067,F1,1,,,,,
2026-08-18,2026-08-18,CM,NSE,STK,18226,INE949H01023,MANINFRA,EQ,,,,,MAN INFRA LTD,103.21,108.98,101.7,106.02,106.48,104.12,,105.98,,,5583898,588166985.9,36038,F1,1,,,,,
2026-08-18,2026-08-18,CM,NSE,STK,7420,INE859Q01017,MANAKALUCO,EQ,,,,,MANAK ALUMINIUM CO. LTD.,37.65,38.43,37.25,37.63,37.5,38.11,,37.6,,,48115,1820195.71,821,F1,1,,,,,
2026-08-18,2026-08-18,CM,NSE,STK,15199,INE015D01022,MANAKSIA,EQ,,,,,MANAKSIA LTD.,59.85,60.7,58.52,59.46,59.35,58.87,,59.46,,,27660,1653733.94,299,F1,1,,,,,
2026-08-18,2026-08-18,CM,NSE,STK,7463,INE824Q01011,MANAKSTEEL,EQ,,,,,MANAKSIA STEELS LTD,87.0,88.88,85.0,86.25,87.0,85.03,,86.26,,,51522,4506022.13,666,F1,1,,,,,
2026-08-18,2026-08-18,CM,NSE,STK,13796,INE201A01024,MANALIPETC,EQ,,,,,MANALI PETROCHEMICALS LT,68.0,71.45,66.81,71.06,71.1,67.64,,71.06,,,1999257,140799515.59,11141,F1,1,,,,,
2026-08-18,2026-08-18,CM,NSE,STK,19061,INE522D01027,MANAPPURAM,EQ,,,,,MANAPPURAM FINANCE LTD,348.25,351.95,342.75,346.6,346.6,348.6,,346.58,,,2534288,876476288.75,23479,F1,1,,,,,
2026-08-18,2026-08-18,CM,NSE,STK,21697,INE104Y01012,MANAV,SM,,,,,MANAV INFRA PROJECTS LTD,28.1,28.1,28.1,28.1,28.1,26.9,,28.1,,,8000,224800.0,2,F1,4000,,,,,
2026-08-18,2026-08-18,CM,NSE,STK,25597,INE939X01013,MANBA,EQ,,,,,MANBA FINANCE LIMITED,130.1,132.06,129.5,130.11,131.0,130.52,,130.1,,,66862,8707339.51,746,F1,1,,,,,
2026-08-18,2026-08-18,CM,NSE,STK,765105,INE348N01042,MANBRO,EQ,,,,,MANBRO INDUSTRIES LTD.,54.2,56.0,52.8,53.1,53.0,54.0,,53.17,,,22983,1232946.1,389,F1,1,,,,,
2026-08-18,2026-08-18,CM,NSE,STK,23779,INE0R3T01013,MANDEEP,SM,,,,,MANDEEP AUTO INDUSTRIES L,19.7,19.7,19.7,19.7,19.7,19.7,,19.7,,,2000,39400.0,1,F1,2000,,,,,
2026-08-18,2026-08-18,CM,NSE,STK,24823,INE545L01039,MANCREDIT,EQ,,,,,MANGAL CREDIT N FINCORP L,242.5,243.7,225.0,227.21,229.0,236.73,,227.23,,,169721,39043120.79,1961,F1,1,,,,,
2026-08-18,2026-08-18,CM,NSE,STK,758748,INE0PKD01011,MEIL,EQ,,,,,MANGAL ELECTRICAL IND L,274.9,274.9,265.95,268.7,268.7,269.45,,268.93,,,25897,6981952.4,673,F1,1,,,,,
2026-08-18,2026-08-18,CM,NSE,STK,2106,INE347A01017,MANGLMCEM,EQ,,,,,MANGALAM CEMENT LTD,875.05,884.0,863.05,870.05,873.0,872.55,,870.04,,,26851,23477566.2,1003,F1,1,,,,,
2026-08-18,2026-08-18,CM,NSE,STK,11817,INE584F01014,MANGALAM,EQ,,,,,MANGALAM DRUG & CHEM LTD,28.79,28.79,27.55,27.99,27.99,27.84,,27.99,,,23324,653643.8,141,F1,1,,,,,
2026-08-18,2026-08-18,CM,NSE,STK,1598,INE0APB01032,MGEL,BE,,,,,MANGALAM GLOBAL ENT LTD,14.5,15.0,14.5,14.98,14.99,14.68,,14.91,,,46435,691697.04,145,F1,1,,,,,
2026-08-18,2026-08-18,CM,NSE,STK,6422,INE370D01013,MANORG,EQ,,,,,MANGALAM ORGANICS LIMITED,449.65,450.95,429.1,443.8,442.0,447.65,,443.73,,,19913,8823870.9,797,F1,1,,,,,
2026-08-18,2026-08-18,CM,NSE,STK,764783,INE829S01016,MSL,EQ,,,,,MANGALAM SEEDS LTD.,152.0,152.0,135.0,145.0,145.0,139.0,,140.83,,,471,67757.95,29,F1,1,,,,,
2026-08-18,2026-08-18,CM,NSE,STK,759169,INE0JYY01029,MWL,EQ,,,,,MANGALAM WORLDWIDE LTD,41.08,41.49,40.25,40.72,40.8,40.91,,40.72,,,157349,6402336.55,776,F1,1,,,,,
2026-08-18,2026-08-18,CM,NSE,STK,24629,INE0R3101011,MIEL,SM,,,,,MANGLAM INFRA & ENG LTD,12.1,12.95,12.1,12.95,12.95,12.6,,12.95,,,4000,50100.0,2,F1,2000,,,,,
2026-08-18,2026-08-18,CM,NSE,STK,760174,INE1ERK01013,MANILAM,SM,,,,,MANILAM INDUSTRIES IND L,46.0,48.0,46.0,47.0,48.0,46.1,,47.0,,,6000,282000.0,3,F1,2000,,,,,
2026-08-18,2026-08-18,CM,NSE,STK,764357,INE459N01021,MANIPALHOS,EQ,,,,,MANIPAL HEALTH ENTERPRI L,723.05,738.35,712.95,724.8,725.0,722.9,,724.83,,,1226590,890615626.1,33560,F1,1,,,,,
2026-08-18,2026-08-18,CM,NSE,STK,15380,INE634S01028,MANKIND,EQ,,,,,MANKIND PHARMA LIMITED,2370.0,2395.0,2363.3,2380.0,2380.0,2380.9,,2380.01,,,366118,869583850.8,17545,F1,1,,,,,
2026-08-18,2026-08-18,CM,NSE,STK,19015,INE0KNT01012,MVGJL,EQ,,,,,MANOJ VAIBHAV GEM N JEW L,151.12,153.99,149.4,150.48,150.99,152.64,,150.52,,,50305,7595739.47,1331,F1,1,,,,,
2026-08-18,2026-08-18,CM,NSE,STK,13753,INE784W01015,MANOMAY,EQ,,,,,MANOMAY TEX INDIA LTD,216.8,217.7,208.1,216.55,216.0,215.35,,216.53,,,84379,18294161.04,1038,F1,1,,,,,
2026-08-18,2026-08-18,CM,NSE,STK,10227,INE00VM01036,MANORAMA,EQ,,,,,MANORAMA INDUSTRIES LTD,1953.0,1968.0,1885.0,1901.0,1899.0,1943.4,,1901.0,,,1522653,2925459986.2,78003,F1,1,,,,,
2026-08-18,2026-08-18,CM,NSE,STK,13575,INE867A01022,MANUGRAPH,BE,,,,,MANUGRAPH INDIA LIMITED,16.58,16.84,15.33,16.54,16.51,16.1,,16.68,,,22782,375043.27,108,F1,1,,,,,
2026-08-18,2026-08-18,CM,NSE,STK,2112,INE882A01013,MARALOVER,EQ,,,,,MARAL OVERSEAS LTD,54.4,54.4,52.26,52.7,52.8,53.15,,52.7,,,5407,287012.56,74,F1,1,,,,,
2026-08-18,2026-08-18,CM,NSE,STK,18659,INE182D01020,MARATHON,EQ,,,,,MARATHON NXTGEN REALT LTD,358.8,363.9,344.05,346.85,349.7,358.8,,346.59,,,141211,49273172.55,4100,F1,1,,,,,
2026-08-18,2026-08-18,CM,NSE,STK,760453,INE0TD401015,MARC,SM,,,,,MARC TECHNOCRATS LIMITED,123.25,123.25,121.0,121.1,121.0,120.8,,121.1,,,6000,729240.0,5,F1,1200,,,,,
2026-08-18,2026-08-18,CM,NSE,STK,18773,INE0QP001012,MARCO,SM,,,,,MARCO CABLE & CONDUCTOR L,31.9,31.9,31.9,31.9,31.9,31.95,,31.9,,,1500,47850.0,1,F1,1500,,,,,
2026-08-18,2026-08-18,CM,NSE,STK,4067,INE196A01026,MARICO,EQ,,,,,MARICO LIMITED,851.2,855.6,841.55,841.55,841.55,852.05,,841.56,,,537548,455629188.4,24486,F1,1,,,,,
2026-08-18,2026-08-18,CM,NSE,STK,1328,INE01JE01028,MARINE,EQ,,,,,MARINE ELECTRICAL (I) LTD,367.95,382.0,365.25,376.8,379.3,367.1,,376.8,,,813572,303796316.25,20583,F1,1,,,,,
2026-08-18,2026-08-18,CM,NSE,STK,20410,INE0P1P01017,MARINETRAN,SM,,,,,MARINETRANS INDIA LIMITED,16.45,16.9,16.25,16.9,16.9,17.1,,16.9,,,16000,263400.0,4,F1,4000,,,,,
2026-08-18,2026-08-18,CM,NSE,STK,760204,INE0FW001016,MARKOLINES,EQ,,,,,MARKOLINES PAVEMENT TEC L,171.8,173.25,170.21,171.62,171.7,171.65,,171.61,,,143236,24608973.88,1036,F1,1,,,,,
2026-08-18,2026-08-18,CM,NSE,STK,10579,INE750C01026,MARKSANS,EQ,,,,,MARKSANS PHARMA LIMITED,331.8,336.35,325.2,326.5,326.3,331.45,,326.49,,,3307672,1092929915.1,39756,F1,1,,,,,
2026-08-18,2026-08-18,CM,NSE,STK,761386,INE415B01044,MARSONS,EQ,,,,,MARSONS LIMITED,104.9,105.65,102.0,102.31,102.34,104.8,,102.31,,,1330099,136744652.02,7020,F1,1,,,,,
2026-08-18,2026-08-18,CM,NSE,STK,761042,INE0X7G01013,MARUSHIKA,SM,,,,,MARUSHIKA TECHNOLOGY LTD,111.0,111.0,110.95,111.0,111.0,111.0,,111.0,,,6000,665940.0,3,F1,1200,,,,,
2026-08-18,2026-08-18,CM,NSE,STK,10999,INE585B01010,MARUTI,EQ,,,,,MARUTI SUZUKI INDIA LTD.,13762.0,13890.0,13691.0,13691.0,13691.0,13760.0,,13691.39,,,267433,3687398203.0,46076,F1,1,,,,,
2026-08-18,2026-08-18,CM,NSE,STK,2133,INE575Z01010,MDL,ST,,,,,MARVEL DECOR LIMITED,55.0,56.5,53.2,56.5,56.5,56.0,,56.5,,,10000,544850.0,9,F1,1000,,,,,
2026-08-18,2026-08-18,CM,NSE,STK,199,INE348L01012,MASFIN,EQ,,,,,MAS FINANCIAL SERV LTD,305.4,306.75,302.2,302.95,303.05,305.3,,302.95,,,139122,42156836.1,6779,F1,1,,,,,
2026-08-18,2026-08-18,CM,NSE,STK,18727,INE885F01015,MASKINVEST,EQ,,,,,MASK INVESTMENTS LIMITED,148.13,148.87,148.13,148.13,148.13,148.13,,148.13,,,167,24739.19,5,F1,1,,,,,
2026-08-18,2026-08-18,CM,NSE,STK,24278,INE0SH001010,MASON,SM,,,,,MASON INFRATECH LIMITED,119.2,122.0,116.5,119.0,119.0,121.0,,119.0,,,152000,18297200.0,35,F1,500,,,,,
2026-08-18,2026-08-18,CM,NSE,STK,2124,INE759A01021,MASTEK,EQ,,,,,MASTEK LTD,1811.0,1811.0,1702.0,1717.5,1711.0,1811.8,,1717.5,,,103567,181984191.5,18727,F1,1,,,,,
2026-08-18,2026-08-18,CM,NSE,STK,27047,INE677D01037,MASTERTR,EQ,,,,,MASTER TRUST LIMITED,78.48,78.85,76.99,77.42,77.1,78.48,,77.42,,,174379,13579674.4,1384,F1,1,,,,,
2026-08-18,2026-08-18,CM,NSE,STK,21726,INE866R01028,MATRIMONY,EQ,,,,,MATRIMONY.COM LIMITED,546.0,546.0,534.55,538.45,538.0,543.05,,538.48,,,10712,5780090.25,474,F1,1,,,,,
2026-08-18,2026-08-18,CM,NSE,STK,759945,INE132901013,MGSL,SM,,,,,MATRIX GEO SOLUTIONS LTD,90.95,91.0,86.0,86.0,86.0,91.0,,86.0,,,8400,753540.0,6,F1,1200,,,,,
2026-08-18,2026-08-18,CM,NSE,STK,17022,INE636A01039,MAWANASUG,EQ,,,,,MAWANA SUGARS LIMITED,126.0,130.5,124.15,125.74,124.9,124.06,,125.74,,,813767,103926164.21,8567,F1,1,,,,,
2026-08-18,2026-08-18,CM,NSE,STK,19646,INE03EI01018,MAXESTATES,EQ,,,,,MAX ESTATES LIMITED,472.8,501.45,468.2,477.85,475.2,474.35,,477.8,,,324306,157915732.3,12787,F1,1,,,,,
2026-08-18,2026-08-18,CM,NSE,STK,2142,INE180A01020,MFSL,EQ,,,,,MAX FINANCIAL SERV LTD,1570.0,1587.9,1547.0,1584.5,1584.5,1571.7,,1584.5,,,1054795,1661045839.8,36540,F1,1,,,,,
2026-08-18,2026-08-18,CM,NSE,STK,22377,INE027H01010,MAXHEALTH,EQ,,,,,MAX HEALTHCARE INS LTD,1000.7,1017.0,982.1,1014.4,1014.4,1003.7,,1014.4,,,2219107,2232160967.6,48267,F1,1,,,,,
2026-08-18,2026-08-18,CM,NSE,STK,22428,INE0CG601016,MAXIND,EQ,,,,,MAX INDIA LIMITED,149.27,151.93,147.66,151.13,150.11,150.33,,151.13,,,126167,18945379.42,1736,F1,1,,,,,
2026-08-18,2026-08-18,CM,NSE,STK,21691,INE0ECC01022,MAXPOSURE,SM,,,,,MAXPOSURE LIMITED,31.6,32.0,31.0,32.0,32.0,32.95,,32.0,,,31000,970550.0,23,F1,1000,,,,,
2026-08-18,2026-08-18,CM,NSE,STK,29645,INE10A501018,MAXVOLT,SM,,,,,MAXVOLT ENERGY INDUS L,360.0,363.0,345.0,350.95,353.9,350.15,,350.95,,,37200,13053520.0,84,F1,400,,,,,
2026-08-18,2026-08-18,CM,NSE,STK,757587,INE0ZTO01018,MAYASHEEL,SM,,,,,MAYASHEEL VENTURES LTD,36.0,38.65,36.0,37.3,38.65,38.75,,37.3,,,6000,223950.0,2,F1,3000,,,,,
2026-08-18,2026-08-18,CM,NSE,STK,28906,INE040D01038,MAYURUNIQ,EQ,,,,,MAYUR UNIQUOTERS LTD,737.2,759.8,724.0,726.1,729.95,732.2,,726.14,,,74332,54575607.8,5157,F1,1,,,,,
2026-08-18,2026-08-18,CM,NSE,STK,509,INE249Z01020,MAZDOCK,EQ,,,,,MAZAGON DOCK SHIPBUIL LTD,2569.7,2618.2,2556.1,2587.0,2587.0,2569.7,,2586.97,,,1229574,3188800550.8,48945,F1,1,,,,,
2026-08-18,2026-08-18,CM,NSE,STK,18870,INE885E01042,MAZDA,BE,,,,,MAZDA LIMITED,236.87,239.0,231.11,236.41,238.0,230.9,,236.35,,,5597,1310580.06,146,F1,1,,,,,
2026-08-18,2026-08-18,CM,NSE,STK,18029,INE912H01013,MBLINFRA,EQ,,,,,MBL INFRASTRUCTURE LTD,24.26,24.78,24.04,24.06,24.06,24.38,,24.06,,,27192,657854.75,94,F1,1,,,,,
2026-08-18,2026-08-18,CM,NSE,STK,11943,INE942G01012,MCLEODRUSS,EQ,,,,,MCLEOD RUSSEL INDIA LTD.,44.85,46.99,43.91,45.32,46.08,44.85,,45.39,,,245234,10963761.27,2172,F1,1,,,,,
2026-08-18,2026-08-18,CM,NSE,STK,14574,INE0O4M01019,MCON,SM,,,,,MCON RASAYAN INDIA LTD,47.95,48.5,47.95,48.5,48.5,46.2,,48.5,,,13000,628850.0,10,F1,1000,,,,,
2026-08-18,2026-08-18,CM,NSE,STK,21705,INE456Z01021,MEDIASSIST,EQ,,,,,MEDI ASSIST HEALTH SER L,345.05,348.0,343.0,346.8,346.75,343.5,,346.69,,,54087,18706814.15,2870,F1,1,,,,,
2026-08-18,2026-08-18,CM,NSE,STK,765110,INE442D01010,MEDICAPQ,EQ,,,,,MEDI CAPS LTD.,20.33,27.68,20.33,25.05,25.0,25.26,,25.08,,,1451,38220.74,41,F1,1,,,,,
2026-08-18,2026-08-18,CM,NSE,STK,762802,INE200D01020,MMWL,EQ,,,,,MEDIA MATRIX WORLDWIDE L,15.1,15.9,14.65,14.91,14.9,15.21,,14.91,,,50362,773055.2,149,F1,1,,,,,
2026-08-18,2026-08-18,CM,NSE,STK,6278,INE646B01010,MEDICAMEQ,EQ,,,,,MEDICAMEN BIOTECH LIMITED,219.87,228.0,218.4,225.73,226.0,219.88,,225.76,,,22641,5045423.7,927,F1,1,,,,,
2026-08-18,2026-08-18,CM,NSE,STK,24239,INE0PE401018,MEDIORG,SM,,,,,MEDICAMEN ORGANICS LTD,24.3,24.3,24.3,24.3,24.3,23.15,,24.3,,,24000,583200.0,5,F1,2000,,,,,
2026-08-18,2026-08-18,CM,NSE,STK,9667,INE630Y01024,MEDICO,EQ,,,,,MEDICO REMEDIES LIMITED,44.78,44.78,42.51,42.66,42.62,44.27,,42.67,,,132048,5684654.02,1120,F1,1,,,,,
2026-08-18,2026-08-18,CM,NSE,STK,758423,INE0UOY01019,MEDISTEP,SM,,,,,MEDISTEP HEALTHCARE LTD,18.85,18.85,18.85,18.85,18.85,18.75,,18.85,,,3000,56550.0,1,F1,3000,,,,,
2026-08-18,2026-08-18,CM,NSE,STK,7254,INE804L01022,MEDPLUS,EQ,,,,,MEDPLUS HEALTH SERV LTD,657.05,670.0,653.1,664.85,665.0,656.5,,664.85,,,199554,132645966.6,9146,F1,1,,,,,
2026-08-18,2026-08-18,CM,NSE,STK,760229,INE0VDM01015,MEESHO,EQ,,,,,MEESHO LIMITED,192.01,193.82,190.61,192.95,193.01,193.82,,192.95,,,5326690,1026137194.19,56796,F1,1,,,,,
2026-08-18,2026-08-18,CM,NSE,STK,10971,INE0G1D01014,MEGAFLEX,SM,,,,,MEGA FLEX PLASTICS LTD,95.0,99.75,95.0,99.75,99.75,95.0,,99.75,,,3000,294500.0,3,F1,1000,,,,,
2026-08-18,2026-08-18,CM,NSE,STK,8153,INE00EM01016,MEGASTAR,EQ,,,,,MEGASTAR FOODS LIMITED,317.95,317.95,308.7,308.9,308.8,311.75,,308.9,,,4306,1332635.65,93,F1,1,,,,,
2026-08-18,2026-08-18,CM,NSE,STK,22560,INE531R01010,MEGATHERM,SM,,,,,MEGATHERM INDUCTION LTD,193.5,196.45,188.0,189.35,191.75,193.9,,189.35,,,36400,6964420.0,81,F1,400,,,,,
2026-08-18,2026-08-18,CM,NSE,STK,5394,INE0CT101020,MOL,EQ,,,,,MEGHMANI ORGANICS LIMITED,63.25,63.96,61.38,61.94,62.17,62.97,,61.94,,,1332706,82998668.06,8209,F1,1,,,,,
2026-08-18,2026-08-18,CM,NSE,STK,764778,INE898Q01015,MIIL,EQ,,,,,MEGHNA INFRACON INFRA L,714.95,721.0,693.0,707.9,708.0,682.55,,707.99,,,76476,54178113.35,1314,F1,1,,,,,
2026-08-18,2026-08-18,CM,NSE,STK,6971,INE071D01033,MENONBE,BE,,,,,MENON BEARINGS LIMITED,253.21,253.21,253.21,253.21,253.21,241.16,,255.19,,,29561,7485140.81,190,F1,1,,,,,
2026-08-18,2026-08-18,CM,NSE,STK,762787,INE650G01029,MENNPIS,EQ,,,,,MENON PISTONS LTD.,72.16,73.69,71.12,71.53,72.0,71.81,,71.54,,,51081,3696745.89,896,F1,1,,,,,
2026-08-18,2026-08-18,CM,NSE,STK,25882,INE776I01010,MEP,BZ,,,,,MEP INFRA. DEVELOPERS LTD,0.64,0.64,0.64,0.64,0.64,0.63,,0.64,,,97103,62145.92,20,F1,1,,,,,
2026-08-18,2026-08-18,CM,NSE,STK,762792,INE689O01013,MERCANTILE,EQ,,,,,MERCANTILE VENTURES LTD.,24.9,25.35,23.65,23.97,25.35,24.5,,23.97,,,761,18396.8,21,F1,1,,,,,
2026-08-18,2026-08-18,CM,NSE,STK,763663,INE763M01028,MERCURYEV,EQ,,,,,MERCURY EV-TECH LIMITED,35.2,36.35,34.77,35.13,35.49,35.59,,35.2,,,111246,3947756.46,770,F1,1,,,,,
2026-08-18,2026-08-18,CM,NSE,STK,764275,INE1II801013,METALIC,SM,,,,,METALIC TECHNOFORGE LTD,127.05,133.0,127.05,129.8,127.75,126.75,,129.8,,,124800,16319120.0,76,F1,1600,,,,,
2026-08-18,2026-08-18,CM,NSE,STK,7242,INE317I01021,METROBRAND,EQ,,,,,METRO BRANDS LIMITED,942.0,949.1,927.0,928.6,927.8,942.8,,928.6,,,44445,41428968.2,13148,F1,1,,,,,
2026-08-18,2026-08-18,CM,NSE,STK,762797,INE085D01033,METROGLOBL,EQ,,,,,METROGLOBAL LTD.,157.0,157.0,141.81,149.94,151.85,154.74,,149.79,,,13174,1953772.88,619,F1,1,,,,,
2026-08-18,2026-08-18,CM,NSE,STK,9581,INE112L01020,METROPOLIS,EQ,,,,,METROPOLIS HEALTHCARE LTD,553.0,555.75,545.2,551.95,552.3,550.75,,551.94,,,118593,65356870.3,5892,F1,1,,,,,
2026-08-18,2026-08-18,CM,NSE,STK,763138,INE414G07JY0,852MFL31,N0,,,,,MFL 8.52% 2031 OP I,103107.51,103107.51,103107.51,103107.51,103107.51,102617.24,,103107.51,,,200,20621502.0,1,F1,1,,,,,
2026-08-18,2026-08-18,CM,NSE,STK,7165,INE287C01037,MICEL,BE,,,,,MIC ELECTRONICS LTD,36.38,36.98,36.0,36.26,36.4,36.38,,36.26,,,103027,3733411.3,854,F1,1,,,,,
2026-08-18,2026-08-18,CM,NSE,STK,19887,INE0PZK01014,MICROPRO,SM,,,,,MICROPRO SOFTWARE SOL L,19.3,19.3,18.35,18.9,18.9,19.25,,18.9,,,6400,119840.0,4,F1,1600,,,,,
2026-08-18,2026-08-18,CM,NSE,STK,759517,INE0XAD01024,MIDWESTLTD,EQ,,,,,MIDWEST LIMITED,1127.0,1174.9,1075.3,1159.4,1162.0,1110.0,,1159.41,,,76197,86804384.2,4378,F1,1,,,,,
2026-08-18,2026-08-18,CM,NSE,STK,765125,INE588G01021,MLKFOOD,EQ,,,,,MILKFOOD LTD.,85.9,85.9,75.25,77.61,75.25,81.44,,78.14,,,23394,1907736.25,343,F1,1,,,,,
2026-08-18,2026-08-18,CM,NSE,STK,765272,INE00IT01020,MILKYMIST,EQ,,,,,MILKY MIST DAIRY FOOD L,165.0,181.5,165.0,181.5,181.5,140.0,,181.5,,,92269979,15999020109.03,351646,F1,1,,,,,
2026-08-18,2026-08-18,CM,NSE,STK,765115,INE097E01028,MINALIND,EQ,,,,,MINAL INDUSTRIES LTD.,2.14,2.18,1.71,2.08,2.17,2.06,,2.06,,,113814,219800.9,90,F1,1,,,,,
2026-08-18,2026-08-18,CM,NSE,STK,25897,INE842C01021,MINDACORP,EQ,,,,,MINDA CORPORATION LTD,729.5,765.35,727.8,745.25,746.65,725.15,,745.24,,,1637223,1232151613.65,48723,F1,1,,,,,
2026-08-18,2026-08-18,CM,NSE,STK,22308,INE0CCU25019,MINDSPACE,RR,,,,,MINDSPACE BUSINESS P REIT,498.99,503.7,494.96,496.41,496.65,497.29,,496.39,,,297881,148153927.28,12812,F1,1,,,,,
2026-08-18,2026-08-18,CM,NSE,STK,18049,INE110B01017,MINDTECK,EQ,,,,,MINDTECK (INDIA) LIMITED,174.0,176.53,174.0,174.82,174.4,175.45,,174.82,,,15650,2746008.74,578,F1,1,,,,,
2026-08-18,2026-08-18,CM,NSE,STK,19640,INF769K01KU7,ALPHAETF,EQ,,,,,MIRAEAMC - ALPHAETF,26.83,26.84,26.61,26.79,26.79,26.82,,26.79,,,495578,13258256.18,691,F1,1,,,,,
2026-08-18,2026-08-18,CM,NSE,STK,17419,INF769K01KR3,BANKETF,EQ,,,,,MIRAEAMC - BANKETF,587.38,587.38,583.73,584.69,585.61,587.66,,584.69,,,20265,11848023.05,389,F1,1,,,,,
2026-08-18,2026-08-18,CM,NSE,STK,25725,INF769K01LZ4,BANKPSU,EQ,,,,,MIRAEAMC - BANKPSU,88.09,88.09,87.1,87.2,87.1,88.09,,87.2,,,7756,677929.99,156,F1,1,,,,,
2026-08-18,2026-08-18,CM,NSE,STK,28969,INF769K01NS5,CONSUMER,EQ,,,,,MIRAEAMC - CONSUMER,12.28,12.29,12.2,12.2,12.2,12.28,,12.2,,,343641,4196372.68,297,F1,1,,,,,
2026-08-18,2026-08-18,CM,NSE,STK,761046,INF769K01QC2,DEFENCE,EQ,,,,,MIRAEAMC - DEFENCE,83.49,83.99,82.53,83.52,83.52,82.69,,83.52,,,238146,19868515.19,855,F1,1,,,,,
2026-08-18,2026-08-18,CM,NSE,STK,760412,INF769K01PY8,DIVIDEND,EQ,,,,,MIRAEAMC - DIVIDEND,35.9,35.9,35.59,35.62,35.66,35.91,,35.63,,,12300,440206.77,88,F1,1,,,,,
2026-08-18,2026-08-18,CM,NSE,STK,759780,INF769K01PR2,ENERGY,EQ,,,,,MIRAEAMC - ENERGY,38.9,39.1,38.7,38.82,38.83,38.95,,38.82,,,216978,8443820.83,957,F1,1,,,,,
2026-08-18,2026-08-18,CM,NSE,STK,30121,INF769K01OA1,EQUAL200,EQ,,,,,MIRAEAMC - EQUAL200,14.02,14.03,13.97,13.97,13.99,14.05,,13.97,,,30389,425559.84,48,F1,1,,,,,
2026-08-18,2026-08-18,CM,NSE,STK,757142,INF769K01OO2,EQUAL50,EQ,,,,,MIRAEAMC - EQUAL50,335.37,335.42,333.88,334.59,334.23,336.8,,334.59,,,13628,4561763.84,32,F1,1,,,,,
2026-08-18,2026-08-18,CM,NSE,STK,24461,INF769K01LQ3,EVINDIA,EQ,,,,,MIRAEAMC - EVINDIA,34.23,34.29,34.11,34.18,34.14,34.12,,34.17,,,242503,8294100.2,1393,F1,1,,,,,
2026-08-18,2026-08-18,CM,NSE,STK,760986,INF769K01QA6,HEALTHCARE,EQ,,,,,MIRAEAMC - HEALTHCARE,21.55,21.67,21.53,21.58,21.57,21.55,,21.58,,,14059,303619.79,129,F1,1,,,,,
2026-08-18,2026-08-18,CM,NSE,STK,764333,INF769K01RJ5,HYBRIDETF,EQ,,,,,MIRAEAMC - HYBRIDETF,10.22,10.22,10.13,10.13,10.14,10.17,,10.13,,,15329,155441.34,49,F1,1,,,,,
2026-08-18,2026-08-18,CM,NSE,STK,761030,INF769K01QB4,INFRA,EQ,,,,,MIRAEAMC - INFRA,12.26,12.27,12.22,12.24,12.24,12.28,,12.25,,,25904,316872.03,119,F1,1,,,,,
2026-08-18,2026-08-18,CM,NSE,STK,758595,INF769K01PB6,INTERNET,EQ,,,,,MIRAEAMC - INTERNET,14.28,14.3,14.2,14.22,14.2,14.35,,14.22,,,161334,2295864.21,207,F1,1,,,,,
2026-08-18,2026-08-18,CM,NSE,STK,19633,INF769K01KV5,ITETF,EQ,,,,,MIRAEAMC - ITETF,32.62,32.62,32.03,32.08,32.1,32.66,,32.08,,,363874,11733947.44,990,F1,1,,,,,
2026-08-18,2026-08-18,CM,NSE,STK,17572,INF769K01KS1,LIQUID,EQ,,,,,MIRAEAMC - LIQUID,999.99,1000.0,999.99,999.99,1000.0,999.99,,999.99,,,67728,67727507.0,133,F1,1,,,,,
2026-08-18,2026-08-18,CM,NSE,STK,27075,INF769K01MY5,LIQUIDPLUS,EQ,,,,,MIRAEAMC - LIQUIDPLUS,1099.35,1099.37,1099.35,1099.36,1099.37,1099.21,,1099.36,,,271338,298298926.53,261,F1,1,,,,,
2026-08-18,2026-08-18,CM,NSE,STK,1200,INF769K01GS9,ESG,EQ,,,,,MIRAEAMC - MAESGETF,42.79,42.79,41.75,41.82,41.79,41.95,,41.75,,,4455,186518.66,60,F1,1,,,,,
2026-08-18,2026-08-18,CM,NSE,STK,3507,INF769K01HF4,MAFANG,EQ,,,,,MIRAEAMC - MAFANG,209.43,209.43,209.43,209.43,209.43,211.42,,209.43,,,141506,29635601.58,4519,F1,1,,,,,
2026-08-18,2026-08-18,CM,NSE,STK,5220,INF769K01HI8,BFSI,EQ,,,,,MIRAEAMC - MAFSETF,27.44,27.45,27.15,27.22,27.21,27.31,,27.34,,,71924,1957590.38,664,F1,1,,,,,
2026-08-18,2026-08-18,CM,NSE,STK,14286,INF769K01JP9,GOLDETF,EQ,,,,,MIRAEAMC - MAGOLDETF,148.84,148.91,148.37,148.68,148.73,148.56,,148.68,,,867843,129022003.42,7979,F1,1,,,,,
2026-08-18,2026-08-18,CM,NSE,STK,14938,INF769K01KF8,GSEC10YEAR,EQ,,,,,MIRAEAMC - MAGS813ETF,30.71,30.71,30.49,30.49,30.49,30.61,,30.49,,,1875,57188.51,10,F1,1,,,,,
2026-08-18,2026-08-18,CM,NSE,STK,7074,INF769K01HS7,MAHKTECH,EQ,,,,,MIRAEAMC - MAHKTECH,23.1,23.1,23.1,23.1,23.1,23.26,,23.1,,,333488,7703572.8,327,F1,1,,,,,
2026-08-18,2026-08-18,CM,NSE,STK,8413,INF769K01IC9,MIDCAPETF,EQ,,,,,MIRAEAMC - MAM150ETF,23.98,24.06,23.85,23.93,23.93,23.98,,23.93,,,1408980,33735509.37,4172,F1,1,,,,,
2026-08-18,2026-08-18,CM,NSE,STK,7979,INF769K01IB1,MAKEINDIA,EQ,,,,,MIRAEAMC - MAMFGETF,169.3,169.58,168.66,168.94,168.67,169.29,,168.93,,,85436,14437442.97,905,F1,1,,,,,
2026-08-18,2026-08-18,CM,NSE,STK,6353,INF769K01EG9,NIFTYETF,EQ,,,,,MIRAEAMC - MAN50ETF,265.37,265.37,263.0,263.65,263.45,265.37,,263.63,,,564123,148785186.65,1369,F1,1,,,,,
2026-08-18,2026-08-18,CM,NSE,STK,14786,INF769K01JU9,LOWVOL,EQ,,,,,MIRAEAMC - MANV30F,209.18,209.18,208.5,208.5,208.5,209.6,,208.5,,,160,33402.77,9,F1,1,,,,,
2026-08-18,2026-08-18,CM,NSE,STK,17181,INF769K01FN2,NEXT50,EQ,,,,,MIRAEAMC - MANXT50,771.86,771.86,767.44,769.6,768.5,770.26,,769.58,,,16185,12448744.07,478,F1,1,,,,,
2026-08-18,2026-08-18,CM,NSE,STK,16777,INF769K01KG6,SILVERAG,EQ,,,,,MIRAEAMC - MASILVER,226.34,226.54,225.05,225.68,225.77,227.28,,225.68,,,174759,39446612.2,1997,F1,1,,,,,
2026-08-18,2026-08-18,CM,NSE,STK,5782,INF769K01HP3,MASPTOP50,EQ,,,,,MIRAEAMC - MASPTOP50,81.02,81.02,81.0,81.02,81.02,81.26,,81.02,,,111841,9061355.54,1162,F1,1,,,,,
2026-08-18,2026-08-18,CM,NSE,STK,25744,INF769K01LY7,METAL,EQ,,,,,MIRAEAMC - METAL,13.35,13.44,13.15,13.17,13.17,13.26,,13.17,,,1583334,20892452.37,3566,F1,1,,,,,
2026-08-18,2026-08-18,CM,NSE,STK,23855,INF769K01LJ8,MIDSMALL,EQ,,,,,MIRAEAMC - MIDSMALL,52.35,52.41,52.06,52.33,52.36,52.41,,52.33,,,275362,14376313.83,3777,F1,1,,,,,
2026-08-18,2026-08-18,CM,NSE,STK,764198,INF769K01RC0,MOMMIDCAP,EQ,,,,,MIRAEAMC - MOMMIDCAP,13.1,13.17,13.02,13.1,13.08,13.11,,13.1,,,2303300,30147470.65,1002,F1,1,,,,,
2026-08-18,2026-08-18,CM,NSE,STK,25080,INF769K01LX9,MULTICAP,EQ,,,,,MIRAEAMC - MULTICAP,16.9,17.22,16.85,16.95,16.86,16.94,,16.95,,,1952155,33084143.11,533,F1,1,,,,,
2026-08-18,2026-08-18,CM,NSE,STK,30109,INF769K01ON4,SELECTIPO,EQ,,,,,MIRAEAMC - SELECTIPO,48.44,48.47,48.24,48.38,48.36,48.42,,48.38,,,34245,1656881.32,123,F1,1,,,,,
2026-08-18,2026-08-18,CM,NSE,STK,19224,INF769K01KT9,SENSEXETF,EQ,,,,,MIRAEAMC - SENSEXETF,80.31,80.31,79.74,80.05,79.81,80.32,,80.05,,,32090,2568585.18,233,F1,1,,,,,
2026-08-18,2026-08-18,CM,NSE,STK,759814,INF769K01PQ4,SMALL250,EQ,,,,,MIRAEAMC - SMALL250,18.48,18.48,18.35,18.41,18.43,18.41,,18.41,,,125842,2315704.89,640,F1,1,,,,,
2026-08-18,2026-08-18,CM,NSE,STK,22832,INF769K01LC3,SMALLCAP,EQ,,,,,MIRAEAMC - SMALLCAP,48.5,48.83,48.33,48.77,48.8,48.5,,48.77,,,862900,42040839.83,2136,F1,1,,,,,
2026-08-18,2026-08-18,CM,NSE,STK,760415,INF769K01PZ5,TOP20,EQ,,,,,MIRAEAMC - TOP20,9.03,9.03,8.96,8.96,8.96,9.03,,8.98,,,44196,396926.74,1136,F1,1,,,,,
2026-08-18,2026-08-18,CM,NSE,STK,761511,INF769K01QV2,VALUE,EQ,,,,,MIRAEAMC - VALUE,16.24,16.6,15.93,16.12,16.14,16.24,,16.12,,,168596,2736443.95,274,F1,1,,,,,
2026-08-18,2026-08-18,CM,NSE,STK,4394,INE771A01026,MIRZAINT,EQ,,,,,MIRZA INTERNATIONAL LIMIT,31.43,31.84,31.2,31.43,31.38,31.44,,31.43,,,110841,3479822.71,2321,F1,1,,,,,
2026-08-18,2026-08-18,CM,NSE,STK,2463,INE099Z01011,MIDHANI,EQ,,,,,MISHRA DHATU NIGAM LTD,429.0,439.0,429.0,437.5,437.8,428.6,,437.51,,,1545191,672276333.3,25662,F1,1,,,,,
2026-08-18,2026-08-18,CM,NSE,STK,8475,INE828O01033,MITCON,BE,,,,,MITCON CON & ENG SER LTD,78.0,80.0,76.06,80.0,80.0,78.69,,80.0,,,3498,275885.71,36,F1,1,,,,,
2026-08-18,2026-08-18,CM,NSE,STK,18562,INE997Y01027,MITTAL,EQ,,,,,MITTAL LIFE STYLE LIMITED,0.91,0.91,0.89,0.9,0.91,0.9,,0.9,,,630114,568721.44,271,F1,1,,,,,
2026-08-18,2026-08-18,CM,NSE,STK,13844,INE227C01017,MMFL,EQ,,,,,MM FORGINGS LTD,639.7,687.95,632.8,680.2,675.0,632.3,,680.27,,,935497,627733853.05,34787,F1,1,,,,,
2026-08-18,2026-08-18,CM,NSE,STK,16395,INE511Y01018,MMP,EQ,,,,,MMP INDUSTRIES LIMITED,353.85,383.0,345.0,377.05,379.8,350.0,,377.05,,,191009,70224444.3,6009,F1,1,,,,,
2026-08-18,2026-08-18,CM,NSE,STK,17957,INE123F01029,MMTC,EQ,,,,,MMTC LIMITED,63.45,64.12,62.9,63.54,63.2,63.81,,63.54,,,1193339,75627852.54,6746,F1,1,,,,,
2026-08-18,2026-08-18,CM,NSE,STK,760196,INE1YNB01019,MOBILISE,SM,,,,,MOBILISE APP LAB LIMITED,101.7,101.7,101.7,101.7,101.7,107.05,,101.7,,,12800,1301760.0,5,F1,1600,,,,,
2026-08-18,2026-08-18,CM,NSE,STK,2241,INE794W01014,MODTHREAD,EQ,,,,,MODERN THREADS INDIA LTD,59.9,65.65,56.53,57.47,57.98,57.64,,57.46,,,245705,15031320.36,2277,F1,1,,,,,
2026-08-18,2026-08-18,CM,NSE,STK,760280,INE537F01012,MODINATUR,BE,,,,,MODI NATURALS LIMITED,383.5,383.5,361.65,361.65,361.65,380.65,,361.42,,,30166,11013174.45,287,F1,1,,,,,
2026-08-18,2026-08-18,CM,NSE,STK,2229,INE832A01018,MODIRUBBER,EQ,,,,,MODI RUBBER LTD,115.1,119.8,114.01,114.98,115.13,117.1,,115.03,,,3255,379332.7,132,F1,1,,,,,
2026-08-18,2026-08-18,CM,NSE,STK,759752,INE0L0L01012,MODIS,EQ,,,,,MODIS NAVNIRMAN LTD,415.55,420.0,408.0,408.8,411.0,415.6,,408.8,,,27304,11246795.95,1244,F1,1,,,,,
2026-08-18,2026-08-18,CM,NSE,STK,3325,INE737D01021,MODISONLTD,BE,,,,,MODISON LIMITED,373.9,373.9,357.9,373.9,373.9,356.1,,374.31,,,439834,164002143.7,1816,F1,1,,,,,
2026-08-18,2026-08-18,CM,NSE,STK,29423,INE954E01012,MOHITIND,EQ,,,,,MOHIT INDUSTRIES LTD,22.51,23.63,22.51,23.14,23.4,23.22,,23.14,,,9609,223340.21,123,F1,1,,,,,
2026-08-18,2026-08-18,CM,NSE,STK,765130,INE154B01023,MOHITE,EQ,,,,,MOHITE INDUSTRIES LTD.,2.71,2.71,2.32,2.45,2.4,2.49,,2.45,,,17417,42974.85,72,F1,1,,,,,
2026-08-18,2026-08-18,CM,NSE,STK,20830,INE490G01020,MOIL,EQ,,,,,MOIL LIMITED,271.2,271.8,255.6,257.25,257.95,272.8,,257.25,,,2820394,736072029.3,48041,F1,1,,,,,
2026-08-18,2026-08-18,CM,NSE,STK,3586,INE514Y01020,MOKSH,EQ,,,,,MOKSH ORNAMENTS LIMITED,10.89,10.9,10.4,10.53,10.41,10.73,,10.53,,,119588,1276713.17,285,F1,1,,,,,
2026-08-18,2026-08-18,CM,NSE,STK,764548,INE869T01028,MOLBIO,EQ,,,,,MOLBIO DIAGNOSTICS LTD,1037.0,1177.0,1022.65,1110.9,1091.0,1041.7,,1111.27,,,11279774,12521970182.65,332869,F1,1,,,,,
2026-08-18,2026-08-18,CM,NSE,STK,6713,INE893J01029,MOLDTKPAC,EQ,,,,,MOLD-TEK PACKAGING LTD,684.2,685.45,674.65,678.65,679.2,680.15,,678.67,,,30321,20572494.35,2021,F1,1,,,,,
2026-08-18,2026-08-18,CM,NSE,STK,17629,INE835B01035,MOLDTECH,BE,,,,,MOLD-TEK TECHNOLOGIES LTD,178.29,178.99,171.0,171.5,172.5,179.6,,171.5,,,49769,8654720.5,648,F1,1,,,,,
2026-08-18,2026-08-18,CM,NSE,STK,7679,INE903D01011,MONARCH,EQ,,,,,MONARCH NETWORTH CAP LTD,389.9,389.9,382.75,387.1,385.05,389.05,,387.1,,,118299,45751513.5,1797,F1,1,,,,,
2026-08-18,2026-08-18,CM,NSE,STK,759381,INE296Q01012,MONEYBOXX,EQ,,,,,MONEYBOXX FINANCE LIMITED,58.8,58.8,55.0,56.15,56.25,57.19,,56.19,,,15292,853963.18,455,F1,1,,,,,
2026-08-18,2026-08-18,CM,NSE,STK,756958,INE1DV401010,MONOLITH,SM,,,,,MONOLITHISCH INDIA LTD,1028.05,1044.0,995.0,999.35,995.0,1007.55,,999.35,,,42000,43040237.5,150,F1,250,,,,,
2026-08-18,2026-08-18,CM,NSE,STK,5938,INE950M01013,MONTECARLO,EQ,,,,,MONTE CARLO FASHIONS LTD.,524.3,547.0,521.0,544.05,545.5,524.3,,544.01,,,118030,63040959.5,4430,F1,1,,,,,
2026-08-18,2026-08-18,CM,NSE,STK,2259,INE083A01026,MOREPENLAB,EQ,,,,,MOREPEN LAB. LTD,89.82,92.5,86.0,88.44,87.75,89.82,,88.44,,,34387594,3083495959.37,105067,F1,1,,,,,
2026-08-18,2026-08-18,CM,NSE,STK,15057,INE0N7S01028,MOS,ST,,,,,MOS UTILITY LIMITED,11.1,11.15,10.85,11.15,11.15,10.65,,11.15,,,92000,1021800.0,21,F1,4000,,,,,
2026-08-18,2026-08-18,CM,NSE,STK,29459,INE935B01025,MOSCHIP,EQ,,,,,MOSCHIP TECHNOLOGIES LTD,209.3,211.0,208.34,209.0,209.15,211.72,,208.99,,,835828,174908683.87,10394,F1,1,,,,,
2026-08-18,2026-08-18,CM,NSE,STK,8596,INE0FS801015,MSUMI,EQ,,,,,MOTHERSON SUMI WRNG IND L,40.25,40.7,40.2,40.32,40.46,40.33,,40.32,,,5783732,233672767.61,37957,F1,1,,,,,
2026-08-18,2026-08-18,CM,NSE,STK,21423,INF247L01023,MOM100,EQ,,,,,MOTILAL OS MIDCAP100 ETF,69.19,69.19,68.32,68.61,68.8,68.78,,68.61,,,245979,16874358.76,2045,F1,1,,,,,
2026-08-18,2026-08-18,CM,NSE,STK,22739,INF247L01AP3,MON100,EQ,,,,,MOTILAL OS NASDAQ100 ETF,336.33,336.33,336.33,336.33,336.33,336.81,,336.33,,,399022,134203069.26,1117,F1,1,,,,,
2026-08-18,2026-08-18,CM,NSE,STK,14947,INE338I01027,MOTILALOFS,EQ,,,,,MOTILAL OSWAL FIN LTD,951.0,961.35,933.1,938.0,938.0,955.0,,938.04,,,1041748,981109314.25,29572,F1,1,,,,,
2026-08-18,2026-08-18,CM,NSE,STK,19289,INF247L01536,MOM50,EQ,,,,,MOTILAL OSWAL M50 ETF,254.3,254.51,253.17,254.18,254.51,254.28,,254.18,,,5002,1269575.46,85,F1,1,,,,,
2026-08-18,2026-08-18,CM,NSE,STK,1507,INF247L01AK4,MOGSEC,EQ,,,,,MOTILALAMC - G5,65.82,65.9,65.28,65.74,65.74,65.5,,65.5,,,35586,2324612.33,19,F1,1,,,,,
2026-08-18,2026-08-18,CM,NSE,STK,757669,INF247L01FR8,MOALPHA50,EQ,,,,,MOTILALAMC - MOALPHA50,56.24,56.62,55.79,55.99,55.87,56.24,,55.99,,,9206,515515.2,56,F1,1,,,,,
2026-08-18,2026-08-18,CM,NSE,STK,761693,INF247L01GV8,MOBANK10,EQ,,,,,MOTILALAMC - MOBANK10,16.94,16.94,16.85,16.9,16.91,17.04,,16.9,,,2780,46896.75,61,F1,1,,,,,
2026-08-18,2026-08-18,CM,NSE,STK,30065,INF247L01EV3,MOCAPITAL,EQ,,,,,MOTILALAMC - MOCAPITAL,53.2,53.83,52.75,53.36,53.4,53.6,,53.36,,,932185,49554516.78,2641,F1,1,,,,,
2026-08-18,2026-08-18,CM,NSE,STK,24944,INF247L01DJ0,MODEFENCE,EQ,,,,,MOTILALAMC - MODEFENCE,109.2,110.25,108.01,109.7,110.15,108.22,,109.7,,,1999813,218256013.35,9675,F1,1,,,,,
2026-08-18,2026-08-18,CM,NSE,STK,759374,INF247L01GH7,MOENERGY,EQ,,,,,MOTILALAMC - MOENERGY,39.19,39.19,38.66,38.78,38.91,38.88,,38.78,,,85552,3324781.87,557,F1,1,,,,,
2026-08-18,2026-08-18,CM,NSE,STK,757791,INF247L01FY4,MOGOLD,EQ,,,,,MOTILALAMC - MOGOLD,151.5,151.55,150.85,151.0,151.0,150.85,,151.06,,,26884,4064298.05,566,F1,1,,,,,
2026-08-18,2026-08-18,CM,NSE,STK,10508,INF247L01BB1,MOHEALTH,EQ,,,,,MOTILALAMC - MOHEALTH,51.41,51.82,51.2,51.46,51.35,51.41,,51.47,,,34988,1803378.17,436,F1,1,,,,,
2026-08-18,2026-08-18,CM,NSE,STK,757031,INF247L01FL1,MOINFRA,EQ,,,,,MOTILALAMC - MOINFRA,60.0,60.0,59.59,59.75,59.79,59.79,,59.75,,,758,45266.4,51,F1,1,,,,,
2026-08-18,2026-08-18,CM,NSE,STK,759891,INF247L01GI5,MOIPO,EQ,,,,,MOTILALAMC - MOIPO,48.61,48.61,48.29,48.5,48.5,48.43,,48.5,,,6834,331355.7,26,F1,1,,,,,
2026-08-18,2026-08-18,CM,NSE,STK,8654,INF247L01BL0,MOLOWVOL,EQ,,,,,MOTILALAMC - MOLOWVOL,36.28,37.1,36.28,36.89,36.97,37.22,,36.91,,,50377,1854652.9,86,F1,1,,,,,
2026-08-18,2026-08-18,CM,NSE,STK,25606,INF247L01DK8,MOMENTUM50,EQ,,,,,MOTILALAMC - MOMENTUM50,54.37,54.62,54.16,54.39,54.34,54.38,,54.34,,,900722,49095856.88,1435,F1,1,,,,,
2026-08-18,2026-08-18,CM,NSE,STK,764402,INF247L01HG7,MOMETAL,EQ,,,,,MOTILALAMC - MOMETAL,13.41,13.41,13.04,13.06,13.09,13.15,,13.06,,,8882,116011.0,30,F1,1,,,,,
2026-08-18,2026-08-18,CM,NSE,STK,757099,INF247L01FK3,MOMGF,EQ,,,,,MOTILALAMC - MOMGF,166.52,166.53,165.15,166.09,166.09,166.21,,166.09,,,258,42854.45,20,F1,1,,,,,
2026-08-18,2026-08-18,CM,NSE,STK,757817,INF247L01FQ0,MOMIDMTM,EQ,,,,,MOTILALAMC - MOMIDMTM,65.28,65.8,64.8,65.19,65.29,65.28,,65.19,,,59319,3857538.81,242,F1,1,,,,,
2026-08-18,2026-08-18,CM,NSE,STK,760054,INF247L01GK1,MOMNC,EQ,,,,,MOTILALAMC - MOMNC,33.5,33.66,33.4,33.49,33.49,33.68,,33.49,,,1697,56799.72,17,F1,1,,,,,
2026-08-18,2026-08-18,CM,NSE,STK,8182,INF247L01BK2,MOMOMENTUM,EQ,,,,,MOTILALAMC - MOMOMENTUM,64.0,64.0,62.83,63.04,63.09,63.11,,63.05,,,40332,2538589.8,305,F1,1,,,,,
2026-08-18,2026-08-18,CM,NSE,STK,756900,INF247L01FC0,MON50EQUAL,EQ,,,,,MOTILALAMC - MON50EQUAL,33.82,33.82,33.6,33.63,33.63,33.82,,33.63,,,1321,44428.18,53,F1,1,,,,,
2026-08-18,2026-08-18,CM,NSE,STK,757167,INF247L01FD8,MONEXT50,EQ,,,,,MOTILALAMC - MONEXT50,74.93,75.0,74.3,74.6,75.0,74.99,,74.6,,,11380,846794.94,67,F1,1,,,,,
2026-08-18,2026-08-18,CM,NSE,STK,759371,INF247L01GG9,MONIFTY100,EQ,,,,,MOTILALAMC - MONIFTY100,25.74,25.74,25.5,25.51,25.5,25.74,,25.51,,,38504,984125.88,65,F1,1,,,,,
2026-08-18,2026-08-18,CM,NSE,STK,19237,INF247L01BU1,MONIFTY500,EQ,,,,,MOTILALAMC - MONIFTY500,23.66,24.37,23.66,24.16,24.16,24.27,,24.16,,,1363280,32886857.05,1522,F1,1,,,,,
2026-08-18,2026-08-18,CM,NSE,STK,7422,INF247L01AU3,MONQ50,EQ,,,,,MOTILALAMC - MONQ50,151.2,151.2,151.2,151.2,151.2,151.4,,151.2,,,19945,3015684.0,127,F1,1,,,,,
2026-08-18,2026-08-18,CM,NSE,STK,764405,INF247L01HH5,MOOILGAS,EQ,,,,,MOTILALAMC - MOOILGAS,11.38,11.38,11.22,11.28,11.29,11.27,,11.28,,,4144,46695.08,48,F1,1,,,,,
2026-08-18,2026-08-18,CM,NSE,STK,757431,INF247L01FO5,MOPSE,EQ,,,,,MOTILALAMC - MOPSE,100.61,100.79,100.02,100.53,100.54,100.61,,100.53,,,1279,128088.6,15,F1,1,,,,,
2026-08-18,2026-08-18,CM,NSE,STK,10822,INF247L01BH8,MOQUALITY,EQ,,,,,MOTILALAMC - MOQUALITY,204.77,204.77,202.0,202.49,203.88,204.9,,202.51,,,11534,2343668.96,36,F1,1,,,,,
2026-08-18,2026-08-18,CM,NSE,STK,23184,INF247L01CI4,MOREALTY,EQ,,,,,MOTILALAMC - MOREALTY,92.27,92.27,89.65,90.43,90.45,91.45,,90.43,,,832436,75259515.36,2483,F1,1,,,,,
2026-08-18,2026-08-18,CM,NSE,STK,760001,INF247L01GJ3,MOSERVICE,EQ,,,,,MOTILALAMC - MOSERVICE,31.08,31.1,31.0,31.06,31.06,31.3,,31.06,,,3522,109373.61,57,F1,1,,,,,
2026-08-18,2026-08-18,CM,NSE,STK,758457,INF247L01FZ1,MOSILVER,EQ,,,,,MOTILALAMC - MOSILVER,230.74,230.74,228.23,229.19,229.46,230.87,,229.19,,,39134,8973283.48,1010,F1,1,,,,,
2026-08-18,2026-08-18,CM,NSE,STK,23181,INF247L01CH6,MOSMALL250,EQ,,,,,MOTILALAMC - MOSMALL250,18.41,18.45,18.35,18.39,18.43,18.39,,18.39,,,659947,12144435.27,1751,F1,1,,,,,
2026-08-18,2026-08-18,CM,NSE,STK,757443,INF247L01FP2,MOTOUR,EQ,,,,,MOTILALAMC - MOTOUR,79.75,80.08,79.43,79.81,80.03,80.29,,79.81,,,9230,735041.3,177,F1,1,,,,,
2026-08-18,2026-08-18,CM,NSE,STK,10825,INF247L01BE5,MOVALUE,EQ,,,,,MOTILALAMC - MOVALUE,114.65,114.65,113.5,113.68,113.98,114.48,,113.68,,,37679,4295536.21,553,F1,1,,,,,
2026-08-18,2026-08-18,CM,NSE,STK,20788,INE0FRK01020,MOTISONS,EQ,,,,,MOTISONS JEWELLERS LTD,16.71,17.22,16.29,16.78,16.78,16.54,,16.78,,,134374269,2239821556.09,102698,F1,1,,,,,
2026-08-18,2026-08-18,CM,NSE,STK,8793,INE861B01023,MOTOGENFIN,BE,,,,,MOTOR & GENERAL FINANCE L,26.08,26.92,26.08,26.3,26.9,26.07,,26.3,,,1557,41002.0,19,F1,1,,,,,
2026-08-18,2026-08-18,CM,NSE,STK,757810,INE0XM301010,MMEL,SM,,,,,MOVING MEDIA ENTER LTD,24.75,24.85,24.75,24.75,24.75,24.6,,24.75,,,12000,297200.0,6,F1,2000,,,,,
2026-08-18,2026-08-18,CM,NSE,STK,765135,INE493H01014,MPDL,EQ,,,,,MPDL LTD.,28.6,28.6,28.6,28.6,28.6,26.63,,28.19,,,53,1515.8,4,F1,1,,,,,
2026-08-18,2026-08-18,CM,NSE,STK,4503,INE356A01018,MPHASIS,EQ,,,,,MPHASIS LIMITED,2504.4,2504.4,2432.0,2432.0,2432.0,2510.0,,2432.01,,,504720,1240805723.4,37328,F1,1,,,,,
2026-08-18,2026-08-18,CM,NSE,STK,10578,INE943D01017,MPSLTD,EQ,,,,,MPS LIMITED,2830.0,2849.0,2786.3,2830.3,2849.0,2814.8,,2830.28,,,21475,60582172.6,2796,F1,1,,,,,
2026-08-18,2026-08-18,CM,NSE,STK,2277,INE883A01011,MRF,EQ,,,,,MRF LTD,133015.0,133900.0,132650.0,133505.0,133500.0,133015.0,,133501.07,,,2637,351941480.0,1808,F1,1,,,,,
2026-08-18,2026-08-18,CM,NSE,STK,2283,INE103A01014,MRPL,EQ,,,,,MRPL,177.0,189.0,176.2,177.44,176.95,177.15,,177.43,,,48280540,8868130262.9,258128,F1,1,,,,,
2026-08-18,2026-08-18,CM,NSE,STK,1628,INE495P01020,BECTORFOOD,EQ,,,,,MRS BECTORS FOOD SPE LTD,255.79,263.96,251.5,260.92,260.75,255.3,,260.86,,,2984335,769247350.45,39650,F1,1,,,,,
2026-08-18,2026-08-18,CM,NSE,STK,11919,INE752G01015,MSPL,EQ,,,,,MSP STEEL & POWER LTD.,34.37,34.74,33.81,34.51,34.11,34.47,,34.51,,,414575,14194077.06,2336,F1,1,,,,,
2026-08-18,2026-08-18,CM,NSE,STK,9356,INE255X01014,MSTCLTD,EQ,,,,,MSTC LIMITED,658.15,709.0,655.0,701.55,702.0,653.2,,701.59,,,1266456,867398794.0,30649,F1,1,,,,,
2026-08-18,2026-08-18,CM,NSE,STK,31413,INE472M01018,MTEDUCARE,BE,,,,,MT EDUCARE LTD,1.98,1.99,1.82,1.85,1.85,1.9,,1.85,,,20360,38500.82,51,F1,1,,,,,
2026-08-18,2026-08-18,CM,NSE,STK,2715,INE864I01014,MTARTECH,BE,,,,,MTAR TECHNOLOGIES LIMITED,7051.0,7195.0,6930.0,7132.0,7120.0,7057.0,,7132.31,,,116896,834907004.5,23651,F1,1,,,,,
2026-08-18,2026-08-18,CM,NSE,STK,19783,INE08KJ01020,MUFIN,EQ,,,,,MUFIN GREEN FINANCE LTD,135.4,136.8,135.1,135.82,135.9,135.87,,135.82,,,715955,97333173.16,2704,F1,1,,,,,
2026-08-18,2026-08-18,CM,NSE,STK,11325,INE304A01026,MUKANDLTD,EQ,,,,,MUKAND LTD.,135.99,136.88,134.17,135.69,134.41,135.27,,135.7,,,63185,8578731.12,1134,F1,1,,,,,
2026-08-18,2026-08-18,CM,NSE,STK,764788,INE596B01017,MUKESHB,EQ,,,,,MUKESH BABU FINANC SER L,147.0,147.0,145.0,145.0,145.0,147.0,,145.0,,,1503,217940.99,7,F1,1,,,,,
2026-08-18,2026-08-18,CM,NSE,STK,22980,INE0CG401037,MUKKA,EQ,,,,,MUKKA PROTEINS LIMITED,27.77,28.1,26.55,27.04,27.04,27.53,,27.04,,,568960,15619596.92,2287,F1,1,,,,,
2026-08-18,2026-08-18,CM,NSE,STK,8691,INE374B01019,MUKTAARTS,BE,,,,,MUKTA ARTS LIMITED,56.55,56.55,55.23,55.26,55.26,56.55,,55.26,,,1150,64309.5,3,F1,1,,,,,
2026-08-18,2026-08-18,CM,NSE,STK,31181,INE745G01043,MCX,EQ,,,,,MULTI COMMODITY EXCHANGE,2949.9,3058.0,2916.0,3040.0,3040.0,2933.1,,3039.93,,,3187586,9616067545.2,148599,F1,1,,,,,
2026-08-18,2026-08-18,CM,NSE,STK,759416,INE1K8Y01018,MUNISH,SM,,,,,MUNISH FORGE LIMITED,82.1,82.1,81.0,81.05,81.05,84.0,,81.05,,,26400,2143200.0,18,F1,1200,,,,,
2026-08-18,2026-08-18,CM,NSE,STK,13511,INE672B01032,MUNJALAU,EQ,,,,,MUNJAL AUTO IND. LTD.,121.9,123.9,116.65,118.39,118.5,119.72,,118.41,,,2916371,349172685.87,18259,F1,1,,,,,
2026-08-18,2026-08-18,CM,NSE,STK,2307,INE577A01027,MUNJALSHOW,EQ,,,,,MUNJAL SHOWA LTD,137.31,139.0,135.0,135.38,135.0,136.62,,135.41,,,26890,3660574.66,505,F1,1,,,,,
2026-08-18,2026-08-18,CM,NSE,STK,2313,INE692B01014,MURUDCERA,EQ,,,,,MURUDESHWAR CERAMICS LTD,31.0,31.0,30.12,30.5,30.37,30.49,,30.5,,,12809,391833.28,201,F1,1,,,,,
2026-08-18,2026-08-18,CM,NSE,STK,19877,INE919I01024,RADIOCITY,EQ,,,,,MUSIC BROADCAST LIMITED,6.8,6.82,6.6,6.63,6.63,6.66,,6.63,,,87095,583960.67,152,F1,1,,,,,
2026-08-18,2026-08-18,CM,NSE,STK,10415,INE296G01013,MUTHOOTCAP,EQ,,,,,MUTHOOT CAP SERV LTD,258.69,259.78,251.0,254.27,252.0,258.69,,254.26,,,8161,2082396.56,312,F1,1,,,,,
2026-08-18,2026-08-18,CM,NSE,STK,23650,INE414G01012,MUTHOOTFIN,EQ,,,,,MUTHOOT FINANCE LIMITED,2890.0,2929.1,2875.0,2894.1,2894.1,2888.5,,2894.1,,,499431,1448444738.1,32274,F1,1,,,,,
2026-08-18,2026-08-18,CM,NSE,STK,20831,INE046W01019,MUTHOOTMF,EQ,,,,,MUTHOOT MICROFIN LIMITED,208.12,212.98,206.5,210.29,209.5,208.12,,210.29,,,395203,83173555.42,6380,F1,1,,,,,
2026-08-18,2026-08-18,CM,NSE,STK,764397,INE0OWZ01020,MVELECTRO,EQ,,,,,MV ELECTROSYSTEMS LIMITED,574.0,583.85,556.15,574.1,575.0,570.1,,574.16,,,777088,442996392.0,18331,F1,1,,,,,
2026-08-18,2026-08-18,CM,NSE,STK,25208,INE0RVQ01016,MYMUDRA,SM,,,,,MY MUDRA FINCORP LIMITED,74.3,74.35,74.3,74.35,74.35,74.05,,74.35,,,4800,356820.0,4,F1,1200,,,,,
2026-08-18,2026-08-18,CM,NSE,STK,4377,INE741A01011,MYSORPETRO,EQ,,,,,MYSORE PETRO CHEMICALS L,111.0,127.52,111.0,114.93,116.2,11.25,,115.06,,,86196,10625163.09,1685,F1,1,,,,,
2026-08-18,2026-08-18,CM,NSE,STK,20314,INE740D01017,NRAIL,EQ,,,,,N R AGARWAL INDS LTD,519.0,519.0,499.15,503.95,501.6,509.9,,503.95,,,12055,6104663.1,844,F1,1,,,,,
2026-08-18,2026-08-18,CM,NSE,STK,757492,INE104101014,NRVANDANA,ST,,,,,N R VANDANA TEX IND LTD,67.9,67.9,67.8,67.85,67.85,66.25,,67.85,,,18000,1221750.0,6,F1,3000,,,,,
2026-08-18,2026-08-18,CM,NSE,STK,764798,INE920C01017,NTCIND,EQ,,,,,N T C INDUSTRIES LTD.,146.0,146.0,140.0,142.17,141.0,144.45,,143.3,,,241,34253.99,28,F1,1,,,,,
2026-08-18,2026-08-18,CM,NSE,STK,19111,INE365I01020,NBIFIN,EQ,,,,,N.B.I. IND. FIN. CO. LTD,2099.0,2100.0,2000.0,2010.4,2005.5,2064.0,,2010.4,,,402,816259.5,54,F1,1,,,,,
2026-08-18,2026-08-18,CM,NSE,STK,20425,INE295D01020,NACLIND,EQ,,,,,NACL INDUSTRIES LIMITED,173.97,175.1,170.6,172.4,173.0,173.45,,172.41,,,358338,61875047.05,6967,F1,1,,,,,
2026-08-18,2026-08-18,CM,NSE,STK,18371,INE756C01015,NDGL,EQ,,,,,NAGA DHUNSERI GROUP LTD,2875.0,2875.0,2669.0,2727.9,2725.0,2878.7,,2727.9,,,558,1528535.1,119,F1,1,,,,,
2026-08-18,2026-08-18,CM,NSE,STK,14942,INE245I01016,NAGREEKCAP,EQ,,,,,NAGREEKA CAP & INFR.LTD,24.5,24.5,23.5,23.52,23.5,23.5,,23.51,,,1445,34059.86,30,F1,1,,,,,
2026-08-18,2026-08-18,CM,NSE,STK,14702,INE123B01028,NAGREEKEXP,EQ,,,,,NAGREEKA EXPORTS LTD.,24.95,24.95,23.25,23.6,23.6,24.26,,23.6,,,379031,9153924.73,973,F1,1,,,,,
2026-08-18,2026-08-18,CM,NSE,STK,15360,INE049I01012,NAHARCAP,EQ,,,,,NAHAR CAP & FIN.,255.95,261.05,251.7,257.75,257.55,255.62,,257.75,,,3554,918071.31,92,F1,1,,,,,
2026-08-18,2026-08-18,CM,NSE,STK,13106,INE289A01011,NAHARINDUS,EQ,,,,,NAHAR INDS ENT LTD,120.99,122.0,117.61,119.86,119.99,117.38,,119.84,,,60728,7320862.14,912,F1,1,,,,,
2026-08-18,2026-08-18,CM,NSE,STK,14445,INE308A01027,NAHARPOLY,EQ,,,,,NAHAR POLY FILMS LIMITED,240.8,243.6,235.0,236.3,236.0,237.65,,236.3,,,10550,2516098.35,487,F1,1,,,,,
2026-08-18,2026-08-18,CM,NSE,STK,14440,INE290A01027,NAHARSPING,EQ,,,,,NAHAR SPINNING MILLS LTD.,298.35,307.45,294.0,303.4,305.0,296.7,,303.37,,,83164,24837880.5,2062,F1,1,,,,,
2026-08-18,2026-08-18,CM,NSE,STK,5404,INE236Y01012,NGIL,BE,,,,,NAKODA GROUP OF IND. LTD,41.54,42.4,39.5,40.0,40.0,40.73,,40.0,,,9950,403813.18,38,F1,1,,,,,
2026-08-18,2026-08-18,CM,NSE,STK,11239,INE023A01030,NSIL,EQ,,,,,NALWA SONS INVESTMENT LTD,5515.0,5598.5,5515.0,5558.5,5532.0,5555.0,,5558.5,,,1628,9039959.0,328,F1,1,,,,,
2026-08-18,2026-08-18,CM,NSE,STK,23379,INE0RJM01010,NAMAN,SM,,,,,NAMAN INDUSTRE PRXIMA LTD,40.9,42.65,40.9,42.65,42.65,40.9,,42.65,,,3200,133720.0,4,F1,800,,,,,
2026-08-18,2026-08-18,CM,NSE,STK,25170,INE08NZ01012,NAMOEWASTE,ST,,,,,NAMO EWASTE MANAGEMENT L,282.55,287.95,275.3,280.0,280.0,282.75,,280.0,,,16800,4712440.0,20,F1,800,,,,,
2026-08-18,2026-08-18,CM,NSE,STK,31258,INE875G01048,NDL,EQ,,,,,NANDAN DENIM LIMITED,2.34,2.34,2.25,2.27,2.28,2.33,,2.27,,,1383832,3153699.79,1182,F1,1,,,,,
2026-08-18,2026-08-18,CM,NSE,STK,5516,INE696V01013,JAIPURKURT,EQ,,,,,NANDANI CREATION LIMITED,27.43,27.89,27.05,27.69,27.69,27.43,,27.69,,,958,26212.73,38,F1,1,,,,,
2026-08-18,2026-08-18,CM,NSE,STK,11840,INE410P01011,NH,EQ,,,,,NARAYANA HRUDAYALAYA LTD.,1823.9,1834.9,1799.1,1803.0,1803.0,1828.5,,1802.99,,,233127,422040940.4,21325,F1,1,,,,,
2026-08-18,2026-08-18,CM,NSE,STK,11627,INE117Z01029,NARMADA,EQ,,,,,NARMADA AGROBASE LIMITED,14.38,14.99,14.12,14.88,14.95,14.45,,14.88,,,892148,13051387.64,2353,F1,1,,,,,
2026-08-18,2026-08-18,CM,NSE,STK,3918,INE987B01026,NATCOPHARM,EQ,,,,,NATCO PHARMA LTD.,890.6,901.0,890.0,898.35,900.0,889.8,,898.33,,,281134,251827475.3,21128,F1,1,,,,,
2026-08-18,2026-08-18,CM,NSE,STK,11065,INE448G01010,NATHBIOGEN,EQ,,,,,NATH BIO-GENES (I) LTD,154.47,155.5,154.0,155.17,155.4,154.43,,155.16,,,10341,1600545.99,188,F1,1,,,,,
2026-08-18,2026-08-18,CM,NSE,STK,6364,INE139A01034,NATIONALUM,EQ,,,,,NATIONAL ALUMINIUM CO LTD,386.8,390.85,385.8,388.0,388.0,387.55,,388.0,,,2824411,1097501086.35,32751,F1,1,,,,,
2026-08-18,2026-08-18,CM,NSE,STK,13925,INE870D01012,NFL,EQ,,,,,NATIONAL FERT. LTD,71.22,71.69,70.05,70.23,70.18,71.54,,70.23,,,958299,67589512.43,5351,F1,1,,,,,
2026-08-18,2026-08-18,CM,NSE,STK,762807,INE166R01015,NATIONSTD,EQ,,,,,NATIONAL STAND (INDIA) L,134.0,148.1,134.0,134.0,134.0,141.05,,134.05,,,335324,47735282.49,1866,F1,1,,,,,
2026-08-18,2026-08-18,CM,NSE,STK,29583,INE936B01015,NATCAPSUQ,EQ,,,,,NATURAL CAPSULES LIMITED,148.69,149.35,146.0,146.59,147.2,148.75,,146.74,,,7540,1110812.17,457,F1,1,,,,,
2026-08-18,2026-08-18,CM,NSE,STK,4014,INE725A01030,NAVA,EQ,,,,,NAVA LIMITED,559.65,571.0,557.0,558.9,558.0,559.65,,558.92,,,276543,155603584.25,12413,F1,1,,,,,
2026-08-18,2026-08-18,CM,NSE,STK,14672,INE048G01026,NAVINFLUOR,EQ,,,,,NAVIN FLUORINE INT. LTD,8155.0,8300.0,8151.0,8255.0,8247.5,8151.0,,8255.0,,,107257,884634969.5,18800,F1,1,,,,,
2026-08-18,2026-08-18,CM,NSE,STK,10557,INE278M01019,NAVKARCORP,EQ,,,,,NAVKAR CORPORATION LTD.,99.5,100.0,97.5,97.92,98.06,98.89,,97.93,,,289440,28458367.38,2823,F1,1,,,,,
2026-08-18,2026-08-18,CM,NSE,STK,29149,INE268H01044,NAVKARURB,BE,,,,,NAVKAR URBANSTRUCTURE LTD,0.98,1.01,0.96,0.98,0.99,0.98,,0.98,,,274448,271251.2,256,F1,1,,,,,
2026-08-18,2026-08-18,CM,NSE,STK,2385,INE060A01024,NAVNETEDUL,EQ,,,,,NAVNEET EDUCATION LTD,135.0,135.0,131.78,134.09,134.25,134.54,,134.09,,,78549,10502818.81,1471,F1,1,,,,,
2026-08-18,2026-08-18,CM,NSE,STK,2987,INE418L01047,NAZARA,EQ,,,,,NAZARA TECHNOLOGIES LTD,349.95,356.65,348.75,355.55,354.25,350.1,,355.55,,,1287389,455600696.25,11266,F1,1,,,,,
2026-08-18,2026-08-18,CM,NSE,STK,31415,INE095N01031,NBCC,EQ,,,,,NBCC (INDIA) LIMITED,89.35,89.93,87.7,88.0,88.0,89.75,,88.0,,,6718438,593705859.55,33479,F1,1,,,,,
2026-08-18,2026-08-18,CM,NSE,STK,2319,INE868B01028,NCC,EQ,,,,,NCC LIMITED,138.83,141.0,138.24,140.38,140.5,139.4,,140.37,,,925504,129180226.63,14996,F1,1,,,,,
2026-08-18,2026-08-18,CM,NSE,STK,14490,INE732C01016,NCLIND,EQ,,,,,NCL INDUSTRIES LIMITED,173.0,173.9,169.21,171.78,173.9,172.02,,171.78,,,85022,14615772.37,2611,F1,1,,,,,
2026-08-18,2026-08-18,CM,NSE,STK,14547,INE353A01023,NDLVENTURE,EQ,,,,,NDL VENTURES LIMITED,122.15,122.74,113.95,116.17,116.0,123.56,,116.17,,,57215,6747365.95,671,F1,1,,,,,
2026-08-18,2026-08-18,CM,NSE,STK,22255,INE07OG01012,NDRAUTO,EQ,,,,,NDR AUTO COMPONENTS LTD,803.55,809.95,789.3,794.25,792.1,803.55,,794.25,,,15998,12791935.65,1142,F1,1,,,,,
2026-08-18,2026-08-18,CM,NSE,STK,11427,INE155G01029,NDTV,EQ,,,,,NDTV LTD,75.28,76.99,75.28,75.7,75.5,76.34,,75.7,,,41217,3121056.31,701,F1,1,,,,,
2026-08-18,2026-08-18,CM,NSE,STK,11927,INE023H01027,NECLIFE,EQ,,,,,NECTAR LIFESCIENCES LTD.,11.3,11.5,10.63,10.76,10.8,11.23,,10.75,,,341767,3736043.74,800,F1,1,,,,,
2026-08-18,2026-08-18,CM,NSE,STK,762812,INE605D01012,NEAGI,EQ,,,,,NEELAMALAI AGRO INDS. L,3312.4,3440.0,3312.4,3325.2,3325.2,3295.9,,3319.07,,,102,347109.3,42,F1,1,,,,,
2026-08-18,2026-08-18,CM,NSE,STK,14761,INE189I01024,NELCAST,EQ,,,,,NELCAST LIMITED,116.94,120.15,116.94,118.35,118.0,116.94,,118.32,,,81362,9645123.11,2526,F1,1,,,,,
2026-08-18,2026-08-18,CM,NSE,STK,2388,INE045B01015,NELCO,EQ,,,,,NELCO LTD,1092.3,1098.0,938.6,948.8,945.0,1081.5,,948.82,,,2131064,2072377836.0,67972,F1,1,,,,,
2026-08-18,2026-08-18,CM,NSE,STK,760931,INE21UM01018,NEOCHEM,ST,,,,,NEOCHEM BIO SOLUTIONS LTD,95.0,96.05,95.0,95.65,96.05,94.7,,95.65,,,12000,1146240.0,7,F1,1200,,,,,
2026-08-18,2026-08-18,CM,NSE,STK,9917,INE136S01016,NEOGEN,EQ,,,,,NEOGEN CHEMICALS LIMITED,2251.1,2483.9,2241.0,2328.5,2354.9,2270.1,,2328.42,,,1415053,3382289501.7,137383,F1,1,,,,,
2026-08-18,2026-08-18,CM,NSE,STK,24353,INE0SUN01013,NEPHROCARE,ST,,,,,NEPHRO CARE INDIA LIMITED,78.9,78.9,78.9,78.9,78.9,83.05,,78.9,,,7200,568080.0,13,F1,400,,,,,
2026-08-18,2026-08-18,CM,NSE,STK,760346,INE428V01029,NEPHROPLUS,EQ,,,,,NEPHROCARE HEALTH SERV L,694.9,713.65,691.0,699.1,697.9,694.65,,699.09,,,175409,123455969.55,10449,F1,1,,,,,
2026-08-18,2026-08-18,CM,NSE,STK,757493,INE156901014,NEPTUNE,SM,,,,,NEPTUNE PETROCHEMICALS L,180.0,180.0,177.5,178.95,179.0,180.0,,178.95,,,24000,4280125.0,31,F1,500,,,,,
2026-08-18,2026-08-18,CM,NSE,STK,15409,INE317F01035,NESCO,EQ,,,,,NESCO LTD.,1041.4,1049.3,1030.6,1034.7,1036.0,1046.3,,1034.88,,,20418,21205836.1,2277,F1,1,,,,,
2026-08-18,2026-08-18,CM,NSE,STK,17963,INE239A01024,NESTLEIND,EQ,,,,,NESTLE INDIA LIMITED,1478.0,1479.8,1453.0,1462.5,1462.5,1470.0,,1462.5,,,1815216,2664236156.3,64461,F1,1,,,,,
2026-08-18,2026-08-18,CM,NSE,STK,17433,INE0NT901020,NETWEB,EQ,,,,,NETWEB TECH INDIA LTD,5110.0,5396.4,5092.8,5354.5,5325.0,5212.4,,5354.68,,,2395703,12712617308.5,178003,F1,1,,,,,
2026-08-18,2026-08-18,CM,NSE,STK,756324,INE0FFK01017,NPST,EQ,,,,,NETWORK PEOPLE SRV TECH L,1638.0,1638.0,1540.8,1591.0,1581.0,1622.8,,1590.93,,,39454,62334210.0,4306,F1,1,,,,,
2026-08-18,2026-08-18,CM,NSE,STK,14111,INE870H01013,NETWORK18,EQ,,,,,NETWORK18 MEDIA & INV LTD,29.0,29.0,28.34,28.51,28.42,28.95,,28.51,,,2751991,78653820.52,11859,F1,1,,,,,
2026-08-18,2026-08-18,CM,NSE,STK,30554,INE333I01044,NEUEON,BE,,,,,NEUEON CORPORATION LTD,18.33,18.35,16.7,16.8,17.2,17.55,,16.83,,,57179,989078.24,162,F1,1,,,,,
2026-08-18,2026-08-18,CM,NSE,STK,2406,INE794A01010,NEULANDLAB,EQ,,,,,NEULAND LAB LTD.,23670.0,23881.0,23264.0,23370.0,23399.0,23661.0,,23367.38,,,55362,1300476503.0,18077,F1,1,,,,,
2026-08-18,2026-08-18,CM,NSE,STK,1164,INE619B01017,NEWGEN,EQ,,,,,NEWGEN SOFTWARE TECH LTD,533.1,534.5,526.4,528.45,528.8,534.85,,528.42,,,290297,153677952.2,8929,F1,1,,,,,
2026-08-18,2026-08-18,CM,NSE,STK,19161,INE0PW501021,NEWJAISA,ST,,,,,NEWJAISA TECHNOLOGIES LTD,18.0,18.0,17.5,17.5,17.5,17.85,,17.5,,,21000,372225.0,8,F1,1500,,,,,
2026-08-18,2026-08-18,CM,NSE,STK,28801,INE0TP801012,NMSTEEL,SM,,,,,NEWMALAYALAM STEEL LTD,23.0,23.0,23.0,23.0,23.0,23.0,,23.0,,,3200,73600.0,2,F1,1600,,,,,
2026-08-18,2026-08-18,CM,NSE,STK,9867,INE747B01016,NEXTMEDIA,EQ,,,,,NEXT MEDIAWORKS LIMITED,3.98,3.98,3.7,3.71,3.72,3.91,,3.71,,,38951,145914.26,42,F1,1,,,,,
2026-08-18,2026-08-18,CM,NSE,STK,15815,INE0NDH25011,NXST,RR,,,,,NEXUS SELECT TRUST,169.0,169.45,167.75,167.81,168.0,168.01,,167.81,,,406833,68469435.69,9653,F1,1,,,,,
2026-08-18,2026-08-18,CM,NSE,STK,763536,INE0T1501010,NFPSAMPOOR,SM,,,,,NFP SAMPOORNA FOODS LTD,23.0,23.0,22.2,22.2,22.2,23.0,,22.2,,,12000,271600.0,6,F1,2000,,,,,
2026-08-18,2026-08-18,CM,NSE,STK,10277,INE887E01022,NGLFINE,EQ,,,,,NGL FINE CHEM LIMITED,2940.0,3265.0,2923.2,3023.5,3055.0,2908.4,,3023.52,,,110560,348153953.2,18434,F1,1,,,,,
2026-08-18,2026-08-18,CM,NSE,STK,17400,INE848E01016,NHPC,EQ,,,,,NHPC LTD,76.59,76.99,76.2,76.73,76.73,76.6,,76.73,,,5338983,408667325.97,21449,F1,1,,,,,
2026-08-18,2026-08-18,CM,NSE,STK,29487,INE149O01018,NIBE,EQ,,,,,NIBE LIMITED,1469.0,1480.0,1420.0,1444.4,1439.8,1439.0,,1443.41,,,68883,100410068.5,5244,F1,1,,,,,
2026-08-18,2026-08-18,CM,NSE,STK,764793,INE653C01022,NICCOPAR,EQ,,,,,NICCO PARKS & RESORTS LTD,77.0,77.0,72.0,75.25,75.25,73.0,,75.4,,,268,20148.07,28,F1,1,,,,,
2026-08-18,2026-08-18,CM,NSE,STK,6592,INE0J6L01013,NIDAN,SM,,,,,NIDAN LABS AND HEALTH LTD,13.95,13.95,13.5,13.5,13.5,12.75,,13.5,,,8000,110800.0,8,F1,1000,,,,,
2026-08-18,2026-08-18,CM,NSE,STK,17747,INE342G01023,NIITMTS,EQ,,,,,NIIT LEARNING SYSTEMS LTD,240.0,241.0,234.0,235.53,235.21,239.01,,235.59,,,108219,25489377.81,4838,F1,1,,,,,
2026-08-18,2026-08-18,CM,NSE,STK,11522,INE161A01038,NIITLTD,EQ,,,,,NIIT LIMITED,95.25,95.7,92.89,93.08,93.01,95.63,,93.06,,,407309,38222777.23,3583,F1,1,,,,,
2026-08-18,2026-08-18,CM,NSE,STK,9253,INE937C01029,NILAINFRA,EQ,,,,,NILA INFRASTRUCTURES LTD,7.03,7.13,7.01,7.02,7.02,7.02,,7.02,,,95278,671424.5,282,F1,1,,,,,
2026-08-18,2026-08-18,CM,NSE,STK,7411,INE00S901012,NILASPACES,EQ,,,,,NILA SPACES LIMITED,13.05,13.45,12.5,12.74,12.77,12.87,,12.74,,,1158760,15003988.09,1848,F1,1,,,,,
2026-08-18,2026-08-18,CM,NSE,STK,762817,INE445D01013,NILE,EQ,,,,,NILE LTD.,1463.1,1549.9,1463.1,1525.9,1530.0,1477.6,,1525.59,,,6611,10033589.8,813,F1,1,,,,,
2026-08-18,2026-08-18,CM,NSE,STK,2421,INE310A01015,NILKAMAL,EQ,,,,,NILKAMAL LIMITED,1810.0,1880.0,1776.1,1846.7,1860.0,1810.0,,1846.22,,,37336,68085867.2,4176,F1,1,,,,,
2026-08-18,2026-08-18,CM,NSE,STK,761720,INE875B01015,NIMBSPROJ,EQ,,,,,NIMBUS PROJECTS LIMITED,184.0,186.0,176.6,179.44,184.9,184.0,,179.44,,,29851,5514573.04,56,F1,1,,,,,
2026-08-18,2026-08-18,CM,NSE,STK,14194,INE395U01014,NINSYS,EQ,,,,,NINTEC SYSTEMS LIMITED,735.0,749.3,712.6,729.0,729.0,735.4,,728.59,,,3635,2647707.75,344,F1,1,,,,,
2026-08-18,2026-08-18,CM,NSE,STK,11439,INF204KB15I9,BANKBEES,EQ,,,,,NIP IND ETF BANK BEES,597.03,597.48,593.24,594.86,594.65,598.42,,594.86,,,535231,318121391.06,6564,F1,1,,,,,
2026-08-18,2026-08-18,CM,NSE,STK,2435,INF204KA1LD7,CONSUMBEES,EQ,,,,,NIP IND ETF CONSUMPTION,135.61,135.61,134.02,134.2,134.17,135.23,,134.2,,,51122,6868471.72,880,F1,1,,,,,
2026-08-18,2026-08-18,CM,NSE,STK,2636,INF204KA1MS3,DIVOPPBEES,EQ,,,,,NIP IND ETF DIV OPP,78.98,78.98,77.65,77.77,77.93,78.5,,77.77,,,112680,8770438.23,797,F1,1,,,,,
2026-08-18,2026-08-18,CM,NSE,STK,9847,INF204KB18I3,NV20BEES,EQ,,,,,NIP IND ETF ETF NV20,140.58,140.7,139.59,139.9,139.9,140.96,,139.9,,,6658,931421.56,193,F1,1,,,,,
2026-08-18,2026-08-18,CM,NSE,STK,14428,INF204KB17I5,GOLDBEES,EQ,,,,,NIP IND ETF GOLD BEES,126.85,126.85,126.17,126.43,126.45,126.42,,126.43,,,13766507,1740355788.05,54576,F1,1,,,,,
2026-08-18,2026-08-18,CM,NSE,STK,18284,INF204KB19I1,HNGSNGBEES,EQ,,,,,NIP IND ETF HANGSENG BEES,484.53,485.5,480.0,481.22,480.95,484.53,,481.18,,,138674,66908127.25,4178,F1,1,,,,,
2026-08-18,2026-08-18,CM,NSE,STK,20072,INF732E01268,INFRABEES,EQ,,,,,NIP IND ETF INFRA BEES,977.8,977.8,970.36,973.68,972.51,977.79,,973.7,,,4375,4257650.71,316,F1,1,,,,,
2026-08-18,2026-08-18,CM,NSE,STK,19084,INF204KB15V2,ITBEES,EQ,,,,,NIP IND ETF IT,34.24,34.5,33.55,33.58,33.64,34.24,,33.58,,,9883643,333179282.53,25401,F1,1,,,,,
2026-08-18,2026-08-18,CM,NSE,STK,10939,INF732E01045,JUNIORBEES,EQ,,,,,NIP IND ETF JUNIOR BEES,815.0,815.0,805.01,805.9,805.01,808.27,,805.9,,,262809,212028633.28,6418,F1,1,,,,,
2026-08-18,2026-08-18,CM,NSE,STK,11006,INF732E01037,LIQUIDBEES,EQ,,,,,NIP IND ETF LIQUID BEES,999.99,1000.01,999.99,1000.0,1000.01,999.99,,1000.0,,,2862680,2862688458.01,4076,F1,1,,,,,
2026-08-18,2026-08-18,CM,NSE,STK,17700,INF204KB1882,LTGILTBEES,EQ,,,,,NIP IND ETF LONGTERM GILT,30.07,30.08,29.97,30.02,30.05,30.05,,30.02,,,727798,21854543.64,619,F1,1,,,,,
2026-08-18,2026-08-18,CM,NSE,STK,8506,INF204KB1V68,MID150BEES,EQ,,,,,NIP IND ETF MIDCAP 150,244.99,244.99,241.89,242.35,242.2,242.89,,242.35,,,611444,148118843.96,20823,F1,1,,,,,
2026-08-18,2026-08-18,CM,NSE,STK,29577,INF204K014N5,NIF100BEES,EQ,,,,,NIP IND ETF NIFTY 100,270.68,273.38,267.68,269.25,268.9,270.68,,269.21,,,104961,28279132.5,699,F1,1,,,,,
2026-08-18,2026-08-18,CM,NSE,STK,10576,INF204KB14I2,NIFTYBEES,EQ,,,,,NIP IND ETF NIFTY BEES,278.99,278.99,275.81,276.1,276.1,277.91,,276.09,,,4677291,1292199812.9,41043,F1,1,,,,,
2026-08-18,2026-08-18,CM,NSE,STK,15032,INF204KB16I7,PSUBNKBEES,EQ,,,,,NIP IND ETF PSU BANK BEES,97.64,97.97,96.3,96.52,96.35,97.65,,96.52,,,1507802,145914200.64,6743,F1,1,,,,,
2026-08-18,2026-08-18,CM,NSE,STK,17044,INF732E01128,SHARIABEES,EQ,,,,,NIP IND ETF SHARIAH BEES,470.92,470.92,459.03,460.1,462.0,466.26,,460.31,,,10637,4895889.09,627,F1,1,,,,,
2026-08-18,2026-08-18,CM,NSE,STK,357,INE298J01013,NAM-INDIA,EQ,,,,,NIPPON L I A M LTD,1199.9,1205.0,1161.3,1170.6,1170.6,1202.7,,1170.61,,,1023188,1203286790.5,43548,F1,1,,,,,
2026-08-18,2026-08-18,CM,NSE,STK,757725,INF204KC1FU1,LIQGRWBEES,EQ,,,,,NIPPONAMC - LIQGRWBEES,1052.07,1052.09,1052.07,1052.07,1052.09,1051.95,,1052.07,,,68851,72436510.67,184,F1,1,,,,,
2026-08-18,2026-08-18,CM,NSE,STK,758667,INF204KC1GH6,MANUFGBEES,EQ,,,,,NIPPONAMC - MANUFGBEES,168.79,168.79,166.51,166.85,167.18,167.28,,166.86,,,6858,1145385.12,96,F1,1,,,,,
2026-08-18,2026-08-18,CM,NSE,STK,7880,INF204KC1337,AUTOBEES,EQ,,,,,NIPPONAMC - NETFAUTO,306.21,306.56,302.9,303.77,304.15,303.12,,303.77,,,141414,42935592.67,1956,F1,1,,,,,
2026-08-18,2026-08-18,CM,NSE,STK,4973,INF204KC1089,PHARMABEES,EQ,,,,,NIPPONAMC - NETFPHARMA,27.85,27.85,26.5,27.18,27.25,27.18,,27.19,,,3531468,96031896.15,8690,F1,1,,,,,
2026-08-18,2026-08-18,CM,NSE,STK,8080,INF204KC1402,SILVERBEES,EQ,,,,,NIPPONAMC - NETFSILVER,221.56,222.58,221.16,221.62,221.7,223.61,,221.62,,,11785788,2614901435.12,46830,F1,1,,,,,
2026-08-18,2026-08-18,CM,NSE,STK,757455,INF204KC1EZ3,SNXT30BEES,EQ,,,,,NIPPONAMC - SNXT30BEES,43.7,43.7,43.11,43.33,43.55,43.73,,43.33,,,21687,943433.17,75,F1,1,,,,,
2026-08-18,2026-08-18,CM,NSE,STK,255,INE368I01016,NIRAJ,EQ,,,,,NIRAJ CEMENT STRUC LTD,28.8,28.97,27.8,28.92,28.85,28.61,,29.04,,,58369,1671003.85,234,F1,1,,,,,
2026-08-18,2026-08-18,CM,NSE,STK,18840,INE326T01011,NIRAJISPAT,EQ,,,,,NIRAJ ISPAT IND LTD,225.0,230.0,200.0,212.0,212.0,211.0,,212.0,,,223,50241.75,13,F1,1,,,,,
2026-08-18,2026-08-18,CM,NSE,STK,2433,INE910A01012,NIRLON,EQ,,,,,NIRLON LTD,625.4,626.0,620.15,621.9,622.95,621.5,,621.9,,,4271,2657416.95,341,F1,1,,,,,
2026-08-18,2026-08-18,CM,NSE,STK,14722,INE0OK701014,NIRMAN,SM,,,,,NIRMAN AGRI GENTICS LTD,32.8,32.9,31.4,31.6,31.5,31.35,,31.6,,,11400,363750.0,33,F1,300,,,,,
2026-08-18,2026-08-18,CM,NSE,STK,13300,INE858F01012,NITCO,EQ,,,,,NITCO LIMITED,92.01,93.0,90.8,91.81,91.6,92.54,,91.81,,,487557,44815752.68,2782,F1,1,,,,,
2026-08-18,2026-08-18,CM,NSE,STK,13175,INE229H01012,NITINSPIN,EQ,,,,,NITIN SPINNERS LIMITED,556.75,610.0,554.5,606.9,609.0,553.75,,606.9,,,3703991,2215554582.55,88265,F1,1,,,,,
2026-08-18,2026-08-18,CM,NSE,STK,3247,INE439T01012,NITIRAJ,EQ,,,,,NITIRAJ ENGINEERS LTD,201.19,208.99,201.19,202.46,202.0,203.23,,202.46,,,553,113238.11,38,F1,1,,,,,
2026-08-18,2026-08-18,CM,NSE,STK,762824,INE265B01019,NITTAGELA,EQ,,,,,NITTA GELATIN INDIA LTD.,1597.1,1631.0,1591.5,1599.8,1600.0,1589.1,,1599.81,,,6641,10690414.5,884,F1,1,,,,,
2026-08-18,2026-08-18,CM,NSE,STK,27097,INE995S01015,NIVABUPA,EQ,,,,,NIVA BUPA HEALTH INS CO L,82.11,84.25,82.11,83.74,83.75,82.71,,83.73,,,644696,53935252.15,9060,F1,1,,,,,
2026-08-18,2026-08-18,CM,NSE,STK,2439,INE542C01019,NKIND,EQ,,,,,NK INDUSTRIES LTD,61.85,61.85,59.9,60.02,61.23,60.49,,60.14,,,112,6725.53,8,F1,1,,,,,
2026-08-18,2026-08-18,CM,NSE,STK,8585,INE589A01014,NLCINDIA,EQ,,,,,NLC INDIA LIMITED,277.2,278.7,274.3,276.65,276.6,277.65,,276.65,,,866666,239587094.6,16771,F1,1,,,,,
2026-08-18,2026-08-18,CM,NSE,STK,15332,INE584A01023,NMDC,EQ,,,,,NMDC LTD.,85.03,85.41,83.1,84.19,84.19,85.5,,84.19,,,18390025,1547001594.14,52009,F1,1,,,,,
2026-08-18,2026-08-18,CM,NSE,STK,14180,INE0NNS01018,NSLNISP,EQ,,,,,NMDC STEEL LIMITED,41.0,41.91,40.25,40.49,40.48,41.76,,40.49,,,8519973,347497678.84,27991,F1,1,,,,,
2026-08-18,2026-08-18,CM,NSE,STK,2442,INE163A01018,NOCIL,EQ,,,,,NOCIL LIMITED,162.6,167.33,162.51,162.93,162.62,163.71,,162.93,,,226911,37247069.15,3778,F1,1,,,,,
2026-08-18,2026-08-18,CM,NSE,STK,11214,INE781B01015,NOIDATOLL,BE,,,,,NOIDA TOLL BRIDGE CO LTD,4.04,4.15,3.98,4.07,4.07,4.03,,4.08,,,27494,111087.19,140,F1,1,,,,,
2026-08-18,2026-08-18,CM,NSE,STK,4160,INE369C01017,NORBTEAEXP,EQ,,,,,NORBEN TEA & EXPORTS LTD,66.5,67.6,64.3,66.72,67.5,66.17,,66.72,,,1506,99939.11,35,F1,1,,,,,
2026-08-18,2026-08-18,CM,NSE,STK,13533,INE553C01016,NECCLTD,BE,,,,,NORTH EAST CARRY CORP LTD,14.55,14.9,14.23,14.52,14.6,14.97,,14.53,,,49301,711919.21,307,F1,1,,,,,
2026-08-18,2026-08-18,CM,NSE,STK,25426,INE850M01015,NORTHARC,EQ,,,,,NORTHERN ARC CAPITAL LTD,278.4,295.0,276.5,289.2,290.0,278.7,,289.2,,,974974,277783717.75,15922,F1,1,,,,,
2026-08-18,2026-08-18,CM,NSE,STK,22478,INE02H701025,NOVAAGRI,BE,,,,,NOVA AGRITECH LIMITED,25.4,26.99,24.6,25.52,25.21,25.71,,25.18,,,67636,1738109.13,323,F1,1,,,,,
2026-08-18,2026-08-18,CM,NSE,STK,9007,INE234A01025,NOVARTIND,EQ,,,,,NOVARTIS INDIA LIMITED,1589.1,1601.9,1579.0,1596.5,1601.0,1589.1,,1595.86,,,3787,6023350.6,850,F1,1,,,,,
2026-08-18,2026-08-18,CM,NSE,STK,7553,INE349A01021,NRBBEARING,EQ,,,,,NRB BEARING LIMITED,484.0,491.35,478.45,485.6,485.0,484.05,,485.6,,,506917,245793787.8,14355,F1,1,,,,,
2026-08-18,2026-08-18,CM,NSE,STK,29733,INE047O01014,NIBL,EQ,,,,,NRB INDUS. BEARINGS LTD.,32.21,32.95,31.0,31.43,31.52,32.72,,31.43,,,18101,572651.09,330,F1,1,,,,,
2026-08-18,2026-08-18,CM,NSE,STK,27176,INE0ONG01011,NTPCGREEN,EQ,,,,,NTPC GREEN ENERGY LIMITED,92.09,92.79,91.9,92.17,92.02,92.14,,92.17,,,1292982,119253413.41,11341,F1,1,,,,,
2026-08-18,2026-08-18,CM,NSE,STK,11630,INE733E01010,NTPC,EQ,,,,,NTPC LTD,337.0,339.3,333.9,337.1,337.1,337.0,,337.1,,,9943991,3362374629.2,115642,F1,1,,,,,
2026-08-18,2026-08-18,CM,NSE,STK,10791,INE096B01018,NUCLEUS,EQ,,,,,NUCLEUS SOFTWARE EXPORTS,713.5,720.65,707.05,711.85,708.65,713.8,,711.83,,,10551,7524189.05,1209,F1,1,,,,,
2026-08-18,2026-08-18,CM,NSE,STK,13680,INE0JM501013,NRL,BE,,,,,NUPUR RECYCLERS LIMITED,116.0,116.0,115.0,115.0,115.0,116.0,,115.0,,,63961,7376104.9,128,F1,1,,,,,
2026-08-18,2026-08-18,CM,NSE,STK,2353,INE0DSF01015,NURECA,BE,,,,,NURECA LIMITED,349.3,349.3,327.0,329.9,328.0,340.3,,329.9,,,6463,2141730.05,214,F1,1,,,,,
2026-08-18,2026-08-18,CM,NSE,STK,18721,INE531F01023,NUVAMA,EQ,,,,,NUVAMA WEALTH MANAGE LTD,1727.4,1750.0,1696.4,1746.8,1745.0,1731.2,,1746.7,,,342098,590917419.5,24444,F1,1,,,,,
2026-08-18,2026-08-18,CM,NSE,STK,5426,INE118D01016,NUVOCO,EQ,,,,,NUVOCO VISTAS CORP LTD,331.1,331.45,325.1,326.45,326.75,331.1,,326.49,,,193929,63519537.5,9584,F1,1,,,,,
2026-08-18,2026-08-18,CM,NSE,STK,24298,INE0SF023016,NXT-INFRA,IV,,,,,NXT-INFRA TRUST,96.0,97.0,95.33,97.0,97.0,95.5,,97.0,,,23400000,2231367000.0,66,F1,25000,,,,,
2026-08-18,2026-08-18,CM,NSE,STK,8797,INE426Z01016,OBCL,EQ,,,,,OBCL LIMITED,54.0,54.6,53.16,54.0,54.0,53.99,,54.0,,,20269,1094624.73,24,F1,1,,,,,
2026-08-18,2026-08-18,CM,NSE,STK,20242,INE093I01010,OBEROIRLTY,EQ,,,,,OBEROI REALTY LIMITED,1950.4,1960.7,1858.0,1858.0,1858.0,1931.0,,1858.03,,,1642587,3126212994.9,69395,F1,1,,,,,
2026-08-18,2026-08-18,CM,NSE,STK,25923,INE0YHV01011,OBSCP,SM,,,,,OBSC PERFECTION LIMITED,888.0,888.0,841.0,850.7,849.15,860.15,,850.7,,,47600,40883820.0,114,F1,400,,,,,
2026-08-18,2026-08-18,CM,NSE,STK,25920,INE0PK601023,OCCLLTD,BE,,,,,OCCL LIMITED,158.9,164.81,156.95,164.81,164.81,156.97,,164.51,,,78853,12766518.68,415,F1,1,,,,,
2026-08-18,2026-08-18,CM,NSE,STK,27571,INE054301028,ODIGMA,EQ,,,,,ODIGMA CONSULTANCY SOL L,22.21,22.99,22.21,22.88,22.47,22.64,,22.88,,,10518,237274.38,306,F1,1,,,,,
2026-08-18,2026-08-18,CM,NSE,STK,764803,INE839E01023,ODYCORP,EQ,,,,,ODYSSEY CORPORATION LTD.,7.49,7.49,6.36,6.78,6.64,7.15,,6.88,,,12996,88380.17,91,F1,1,,,,,
2026-08-18,2026-08-18,CM,NSE,STK,2475,INE213A01029,ONGC,EQ,,,,,OIL AND NATURAL GAS CORP.,239.5,241.3,238.02,239.5,239.5,238.49,,239.5,,,14903605,3573489456.94,138575,F1,1,,,,,
2026-08-18,2026-08-18,CM,NSE,STK,8109,INE591A01010,OILCOUNTUB,BE,,,,,OIL COUNTRY TUBULAR LTD.,59.8,59.8,57.8,59.6,59.8,59.6,,59.6,,,12076,714214.09,70,F1,1,,,,,
2026-08-18,2026-08-18,CM,NSE,STK,17438,INE274J01014,OIL,EQ,,,,,OIL INDIA LTD,480.0,487.2,478.7,480.5,480.5,474.65,,480.48,,,5000847,2414841314.55,57053,F1,1,,,,,
2026-08-18,2026-08-18,CM,NSE,STK,24777,INE0LXG01040,OLAELEC,EQ,,,,,OLA ELECTRIC MOBILITY LTD,39.22,39.65,38.5,38.61,38.63,39.22,,38.61,,,18175012,705430012.69,52570,F1,1,,,,,
2026-08-18,2026-08-18,CM,NSE,STK,10637,INE260D01016,OLECTRA,EQ,,,,,OLECTRA GREENTECH LIMITED,1329.0,1337.0,1316.7,1324.1,1323.0,1320.1,,1324.09,,,189197,251011085.2,12841,F1,1,,,,,
2026-08-18,2026-08-18,CM,NSE,STK,759412,INE1BZC01019,OMFREIGHT,BE,,,,,OM FREIGHT FORWARDERS LTD,95.3,95.3,92.15,94.2,94.1,95.31,,94.2,,,2997,280237.63,61,F1,1,,,,,
2026-08-18,2026-08-18,CM,NSE,STK,24231,INE239D01028,OMINFRAL,EQ,,,,,OM INFRA LIMITED,87.0,87.99,85.85,86.75,86.99,86.87,,86.75,,,94141,8203088.47,2115,F1,1,,,,,
2026-08-18,2026-08-18,CM,NSE,STK,762432,INE25E901019,OMPOWER,EQ,,,,,OM POWER TRANSMISSION LTD,167.13,168.0,164.6,167.64,167.25,167.96,,167.63,,,44477,7393706.41,879,F1,1,,,,,
2026-08-18,2026-08-18,CM,NSE,STK,10922,INE090B01011,OMAXAUTO,EQ,,,,,OMAX AUTOS LTD,196.28,199.9,195.41,198.69,199.77,195.24,,198.9,,,27371,5412426.38,883,F1,1,,,,,
2026-08-18,2026-08-18,CM,NSE,STK,14853,INE800H01010,OMAXE,EQ,,,,,OMAXE LIMITED,100.57,104.8,99.75,101.93,102.0,100.83,,101.93,,,2278564,233437906.62,16527,F1,1,,,,,
2026-08-18,2026-08-18,CM,NSE,STK,117,INE338Y01016,OMFURN,SM,,,,,OMFURN INDIA LIMITED,55.0,57.15,54.9,57.1,57.1,54.45,,57.1,,,159600,8831580.0,14,F1,1200,,,,,
2026-08-18,2026-08-18,CM,NSE,STK,760865,INE0UH301010,OMNI,EQ,,,,,OMNITECH ENGINEERING LTD,564.0,587.5,564.0,581.6,580.0,564.45,,581.56,,,442473,255852790.15,15980,F1,1,,,,,
2026-08-18,2026-08-18,CM,NSE,STK,19692,INE00ER01015,ONDOOR,SM,,,,,ON DOOR CONCEPTS LIMITED,244.0,244.0,236.0,236.0,236.0,244.0,,236.0,,,2400,575445.0,7,F1,300,,,,,
2026-08-18,2026-08-18,CM,NSE,STK,6710,INE982J01020,PAYTM,BL,,,,,ONE 97 COMMUNICATIONS LTD,1535.1,1535.1,1535.1,1535.1,1535.1,1367.8,,1535.1,,,19210110,29489439861.0,18,F1,999999999,,,,,
2026-08-18,2026-08-18,CM,NSE,STK,6705,INE982J01020,PAYTM,EQ,,,,,ONE 97 COMMUNICATIONS LTD,1580.2,1599.0,1546.3,1546.3,1546.3,1580.2,,1546.32,,,3848121,6023965863.8,148816,F1,1,,,,,
2026-08-18,2026-08-18,CM,NSE,STK,765242,INE670O01013,ONEGLOBAL,EQ,,,,,ONE GLOBAL SERVICE PROV L,537.05,543.0,537.05,537.05,537.05,565.3,,537.05,,,17961,9655078.85,624,F1,1,,,,,
2026-08-18,2026-08-18,CM,NSE,STK,28046,INE0HLU01028,MOBIKWIK,EQ,,,,,ONE MOBIKWIK SYSTEMS LTD,202.0,204.38,198.5,198.99,198.93,202.83,,198.98,,,798511,159724713.65,8604,F1,1,,,,,
2026-08-18,2026-08-18,CM,NSE,STK,9939,INE840Y01029,ONEPOINT,EQ,,,,,ONE POINT ONE SOL LTD,56.93,57.28,55.76,56.25,56.2,57.21,,56.24,,,767856,43368987.51,12553,F1,1,,,,,
2026-08-18,2026-08-18,CM,NSE,STK,19386,INE0OPS01011,OLIL,SM,,,,,ONECLICK LOGISTICS IND L,410.0,414.95,405.0,414.0,414.0,415.0,,414.0,,,6000,2464380.0,13,F1,400,,,,,
2026-08-18,2026-08-18,CM,NSE,STK,25496,INE912L01015,ONELIFECAP,BE,,,,,ONELIFE CAP ADVISORS LTD,34.52,35.28,33.64,33.79,33.64,35.41,,33.79,,,77480,2622390.58,112,F1,1,,,,,
2026-08-18,2026-08-18,CM,NSE,STK,763294,INE12F801023,KISSHT,EQ,,,,,ONEMI TECHNOLOGY SOL LTD,301.05,306.95,299.9,302.55,302.45,304.6,,302.53,,,452909,136968186.7,8174,F1,1,,,,,
2026-08-18,2026-08-18,CM,NSE,STK,29224,INE013P01021,ONESOURCE,EQ,,,,,ONESOURCE SPECL PHARMA L,1554.0,1570.2,1531.2,1542.3,1539.8,1558.2,,1542.0,,,231526,358429517.9,19615,F1,1,,,,,
2026-08-18,2026-08-18,CM,NSE,STK,2202,INE831A01028,ONIDA,EQ,,,,,ONIDA ELECTRONICS LIMITED,35.76,36.88,35.52,35.68,35.8,36.02,,35.68,,,150788,5423967.36,1518,F1,1,,,,,
2026-08-18,2026-08-18,CM,NSE,STK,764808,INE173M01012,ONIXSOLAR,EQ,,,,,ONIX SOLAR ENERGY LTD.,357.0,357.0,356.65,356.65,356.65,375.4,,356.65,,,1217,434052.5,47,F1,1,,,,,
2026-08-18,2026-08-18,CM,NSE,STK,15282,INE809I01019,ONMOBILE,BE,,,,,ONMOBILE GLOBAL LTD.,60.54,60.54,60.54,60.54,60.54,61.77,,60.63,,,9684,586269.36,115,F1,1,,,,,
2026-08-18,2026-08-18,CM,NSE,STK,2481,INE229A01017,ONWARDTEC,EQ,,,,,ONWARD TECHNOLOGIES LTD,286.75,286.8,282.0,283.65,283.3,286.75,,283.69,,,14701,4174908.6,615,F1,1,,,,,
2026-08-18,2026-08-18,CM,NSE,STK,27143,INE0WVU01018,ONYX,ST,,,,,ONYX BIOTEC LIMITED,39.75,41.0,39.75,41.0,41.0,41.8,,41.0,,,18000,728200.0,9,F1,2000,,,,,
2026-08-18,2026-08-18,CM,NSE,STK,21469,INE350C01017,OPTIEMUS,EQ,,,,,OPTIEMUS INFRACOM LTD,554.35,557.95,543.2,551.15,550.0,554.35,,551.19,,,118199,64916356.6,5388,F1,1,,,,,
2026-08-18,2026-08-18,CM,NSE,STK,764813,INE031G01022,OPTIFIN,EQ,,,,,OPTIMUS FINANCE LTD.,11.41,13.74,11.41,11.76,11.77,11.45,,11.82,,,5730,71502.16,98,F1,1,,,,,
2026-08-18,2026-08-18,CM,NSE,STK,764531,INE1JZB01022,OPTIMYSTIX,ST,,,,,OPTIMYSTIX ENT INDIA LTD,178.0,181.4,173.9,179.15,180.0,182.0,,179.15,,,229600,40543760.0,154,F1,800,,,,,
2026-08-18,2026-08-18,CM,NSE,STK,758903,INE15B101011,OPTIVALUE,ST,,,,,OPTIVALUE TEK CONSULT LTD,177.05,194.5,177.05,192.5,192.5,185.25,,192.5,,,172800,33253600.0,70,F1,1600,,,,,
2026-08-18,2026-08-18,CM,NSE,STK,10738,INE881D01027,OFSS,EQ,,,,,ORACLE FIN SERV SOFT LTD.,11751.0,11840.0,11614.0,11623.0,11623.0,11789.0,,11623.12,,,111496,1309875375.0,16128,F1,1,,,,,
2026-08-18,2026-08-18,CM,NSE,STK,31479,INE231G01010,ORBTEXP,BE,,,,,ORBIT EXPORTS LIMITED,230.73,239.2,227.55,235.47,235.79,230.73,,235.39,,,4109,959736.89,64,F1,1,,,,,
2026-08-18,2026-08-18,CM,NSE,STK,29492,INE215B01022,ORCHASP,EQ,,,,,ORCHASP LIMITED,1.42,1.43,1.38,1.42,1.43,1.4,,1.42,,,141220,198484.89,199,F1,1,,,,,
2026-08-18,2026-08-18,CM,NSE,STK,926,INE191A01027,ORCHPHARMA,EQ,,,,,ORCHID PHARMA LIMITED,999.0,1000.0,951.0,969.2,970.0,998.35,,969.17,,,103600,100231425.75,9684,F1,1,,,,,
2026-08-18,2026-08-18,CM,NSE,STK,17882,INE0OUT01019,ORIANA,SM,,,,,ORIANA POWER LIMITED,1246.0,1267.95,1180.1,1212.45,1214.85,1246.0,,1212.45,,,145425,177264513.75,1368,F1,75,,,,,
2026-08-18,2026-08-18,CM,NSE,STK,10159,INE730A01022,ORICONENT,EQ,,,,,ORICON ENTERPRISES LTD,53.11,57.81,52.31,56.03,54.91,53.38,,56.04,,,832809,45951817.39,1726,F1,1,,,,,
2026-08-18,2026-08-18,CM,NSE,STK,14278,INE607D01018,ORIENTBELL,EQ,,,,,ORIENT BELL LIMITED,349.1,361.9,348.0,349.95,351.0,349.05,,349.95,,,31200,10983310.4,824,F1,1,,,,,
2026-08-18,2026-08-18,CM,NSE,STK,30089,INE876N01018,ORIENTCEM,EQ,,,,,ORIENT CEMENT LTD.,131.89,132.0,130.12,130.54,130.99,131.89,,130.54,,,100991,13224923.95,1414,F1,1,,,,,
2026-08-18,2026-08-18,CM,NSE,STK,13111,INE569C01020,ORIENTCER,EQ,,,,,ORIENT CERATECH LIMITED,43.8,44.69,42.8,43.8,43.99,44.08,,43.81,,,79766,3487977.85,1629,F1,1,,,,,
2026-08-18,2026-08-18,CM,NSE,STK,2972,INE142Z01019,ORIENTELEC,EQ,,,,,ORIENT ELECTRIC LIMITED,187.6,188.31,183.75,184.22,183.75,187.42,,184.21,,,102644,18983050.96,1803,F1,1,,,,,
2026-08-18,2026-08-18,CM,NSE,STK,20110,INE999K01014,GREENPOWER,EQ,,,,,ORIENT GREEN POWER CO LTD,9.52,9.56,9.39,9.42,9.45,9.55,,9.43,,,1444950,13656519.59,3561,F1,1,,,,,
2026-08-18,2026-08-18,CM,NSE,STK,2493,INE750A01020,ORIENTHOT,EQ,,,,,ORIENT HOTELS LTD,122.0,124.04,119.12,121.21,122.0,122.35,,121.21,,,192296,23290031.52,3296,F1,1,,,,,
2026-08-18,2026-08-18,CM,NSE,STK,2496,INE592A01026,ORIENTPPR,EQ,,,,,ORIENT PAPER AND INDS LTD,17.25,17.64,17.02,17.34,17.3,17.1,,17.34,,,283563,4910919.87,899,F1,1,,,,,
2026-08-18,2026-08-18,CM,NSE,STK,18211,INE609C01024,ORIENTLTD,BE,,,,,ORIENT PRESS LIMITED,76.01,78.98,74.49,76.11,75.5,76.01,,76.11,,,1146,88878.34,39,F1,1,,,,,
2026-08-18,2026-08-18,CM,NSE,STK,24961,INE0PPK01015,ORIENTTECH,EQ,,,,,ORIENT TECHNOLOGIES LTD,253.95,255.65,247.35,249.6,248.5,254.85,,249.61,,,141869,35588335.5,3209,F1,1,,,,,
2026-08-18,2026-08-18,CM,NSE,STK,10768,INE959C01023,OAL,EQ,,,,,ORIENTAL AROMATICS LTD,349.5,358.0,339.5,341.95,341.95,349.45,,341.98,,,15287,5279204.45,554,F1,1,,,,,
2026-08-18,2026-08-18,CM,NSE,STK,764818,INE457G01029,ORIRAIL,EQ,,,,,ORIENTAL RAIL INFRA L,110.2,110.5,105.0,107.73,109.0,109.4,,107.49,,,19425,2094862.35,348,F1,1,,,,,
2026-08-18,2026-08-18,CM,NSE,STK,14346,INE998H01012,ORIENTALTL,EQ,,,,,ORIENTAL TRIMEX LTD,5.1,5.12,5.0,5.01,5.01,5.05,,5.02,,,94568,475853.36,275,F1,1,,,,,
2026-08-18,2026-08-18,CM,NSE,STK,19931,INE725E01024,ORISSAMINE,EQ,,,,,ORISSA MIN DEV CO LTD,4825.1,4916.8,4725.0,4747.5,4745.0,4871.1,,4747.49,,,11722,56003746.8,2759,F1,1,,,,,
2026-08-18,2026-08-18,CM,NSE,STK,759569,INE16NZ01023,ORKLAINDIA,EQ,,,,,ORKLA INDIA LIMITED,544.3,551.45,542.3,545.55,542.3,544.3,,545.57,,,43632,23814237.45,4723,F1,1,,,,,
2026-08-18,2026-08-18,CM,NSE,STK,2979,INE749B01020,ORTINGLOBE,EQ,,,,,ORTIN GLOBAL LIMITED,15.1,16.5,15.1,15.79,15.36,15.89,,15.79,,,18953,301097.48,41,F1,1,,,,,
2026-08-18,2026-08-18,CM,NSE,STK,25386,INE0RMF01018,OSELDEVICE,SM,,,,,OSEL DEVICES LIMITED,373.0,375.95,362.25,365.95,364.0,374.85,,365.95,,,36400,13396650.0,137,F1,200,,,,,
2026-08-18,2026-08-18,CM,NSE,STK,12643,INE06IR01021,OSIAHYPER,BE,,,,,OSIA HYPER RETAIL LIMITED,2.7,2.7,2.68,2.7,2.7,2.58,,2.7,,,408435,1102143.87,327,F1,1,,,,,
2026-08-18,2026-08-18,CM,NSE,STK,2514,INE142A01012,OSWALAGRO,EQ,,,,,OSWAL AGRO MILLS LTD,38.4,38.5,36.36,36.77,36.99,37.82,,36.77,,,56877,2126665.74,506,F1,1,,,,,
2026-08-18,2026-08-18,CM,NSE,STK,471,INE143A01010,OSWALGREEN,EQ,,,,,OSWAL GREENTECH LIMITED,21.08,21.4,20.85,20.92,20.89,21.08,,20.93,,,52882,1107502.43,381,F1,1,,,,,
2026-08-18,2026-08-18,CM,NSE,STK,756802,INE0BYP01024,OSWALPUMPS,EQ,,,,,OSWAL PUMPS LIMITED,302.45,303.55,293.8,297.95,298.0,304.0,,297.97,,,793507,235581204.95,11803,F1,1,,,,,
2026-08-18,2026-08-18,CM,NSE,STK,22914,INE0R8M01017,OWAIS,ST,,,,,OWAIS METAL & MINERAL,71.85,72.6,71.25,71.25,71.25,74.95,,71.25,,,14400,1027090.0,86,F1,100,,,,,
2026-08-18,2026-08-18,CM,NSE,STK,765145,INE501F01018,PBMPOLY,EQ,,,,,P B M POLYTEX LTD.,64.8,64.8,58.8,60.42,61.0,63.5,,60.69,,,405,24712.25,27,F1,1,,,,,
2026-08-18,2026-08-18,CM,NSE,STK,25312,INE953R01016,PNGJL,EQ,,,,,P N GADGIL JEWELLERS LTD,614.85,619.4,604.25,607.85,608.5,610.4,,607.85,,,166334,101242611.35,7116,F1,1,,,,,
2026-08-18,2026-08-18,CM,NSE,STK,764845,INE035S01028,POEL,EQ,,,,,P O C L ENTERPRISES LTD.,148.41,165.31,148.41,161.65,162.98,148.41,,161.55,,,43701,6920769.79,1000,F1,1,,,,,
2026-08-18,2026-08-18,CM,NSE,STK,29665,INE0XUS01020,PSRAJ,ST,,,,,P S RAJ STEELS LIMITED,80.3,81.0,79.45,81.0,81.0,83.6,,81.0,,,17500,1399625.0,7,F1,2500,,,,,
2026-08-18,2026-08-18,CM,NSE,STK,2535,INE179A01014,PGHH,EQ,,,,,P&G HYGIENE & HEALTH CARE,8400.0,8410.0,8300.0,8317.0,8314.0,8365.0,,8317.1,,,11764,98042508.0,3108,F1,1,,,,,
2026-08-18,2026-08-18,CM,NSE,STK,759342,INE0S3G01027,PACEDIGITK,EQ,,,,,PACE DIGITEK LIMITED,176.46,178.05,176.0,176.66,176.93,176.46,,176.65,,,402007,71196309.26,4613,F1,1,,,,,
2026-08-18,2026-08-18,CM,NSE,STK,764823,INE883C01025,PACIFICI,EQ,,,,,PACIFIC INDUSTRIES LTD.,141.16,141.16,138.99,138.99,138.99,139.77,,129.25,,,34,4757.76,12,F1,1,,,,,
2026-08-18,2026-08-18,CM,NSE,STK,14413,INE761H01022,PAGEIND,EQ,,,,,PAGE INDUSTRIES LTD,37370.0,37495.0,36425.0,36425.0,36425.0,37360.0,,36428.69,,,46266,1701487515.0,18879,F1,1,,,,,
2026-08-18,2026-08-18,CM,NSE,STK,25468,INE420C01059,PAISALO,EQ,,,,,PAISALO DIGITAL LIMITED,67.9,69.1,67.2,67.57,67.5,67.59,,67.57,,,6916449,470270599.83,14295,F1,1,,,,,
2026-08-18,2026-08-18,CM,NSE,STK,17197,INE551D01018,PAKKA,EQ,,,,,PAKKA LIMITED,92.51,100.63,88.41,95.49,95.0,89.28,,95.52,,,2369403,224949594.92,26356,F1,1,,,,,
2026-08-18,2026-08-18,CM,NSE,STK,21383,INE471W01019,PALASHSECU,EQ,,,,,PALASH SECURITIES LTD,86.51,88.98,84.5,86.46,86.25,89.78,,86.39,,,11363,986745.22,121,F1,1,,,,,
2026-08-18,2026-08-18,CM,NSE,STK,17059,INE218G01033,PALREDTEC,BE,,,,,PALRED TECHNOLOGIES LTD,51.0,55.74,51.0,55.6,55.74,53.09,,55.6,,,9300,513343.87,60,F1,1,,,,,
2026-08-18,2026-08-18,CM,NSE,STK,4055,INE922B01023,PANACEABIO,EQ,,,,,PANACEA BIOTEC LTD,411.45,424.5,401.2,405.85,406.75,413.15,,405.85,,,159241,65359217.2,4485,F1,1,,,,,
2026-08-18,2026-08-18,CM,NSE,STK,16355,INE895W01019,PANACHE,BE,,,,,PANACHE DIGILIFE LIMITED,540.65,559.4,525.0,538.15,551.8,540.65,,538.15,,,8916,4813760.25,210,F1,1,,,,,
2026-08-18,2026-08-18,CM,NSE,STK,25392,INE305C01029,PANAMAPET,EQ,,,,,PANAMA PETROCHEM LTD,491.7,512.2,489.0,502.65,504.5,487.1,,502.65,,,850415,428548239.0,20868,F1,1,,,,,
2026-08-18,2026-08-18,CM,NSE,STK,764828,INE798F01010,PANCHMAHQ,EQ,,,,,PANCHMAHAL STEEL LTD.,331.0,331.0,275.0,286.85,286.85,315.0,,280.92,,,81,23873.8,18,F1,1,,,,,
2026-08-18,2026-08-18,CM,NSE,STK,765140,INE258R01028,PANORAMA,EQ,,,,,PANORAMA STUDIOS INTL. L,47.85,48.03,45.86,46.41,46.06,47.16,,46.57,,,591390,28114074.54,886,F1,1,,,,,
2026-08-18,2026-08-18,CM,NSE,STK,6141,INE697V01011,PANSARI,EQ,,,,,PANSARI DEVELOPERS LTD,318.0,318.0,302.0,314.85,303.0,318.65,,314.85,,,125,38724.5,42,F1,1,,,,,
2026-08-18,2026-08-18,CM,NSE,STK,5631,INE04LG01015,PAR,EQ,,,,,PAR DRUGS AND CHEM LTD,100.91,102.5,98.3,101.24,100.0,100.91,,101.24,,,17995,1808608.87,158,F1,1,,,,,
2026-08-18,2026-08-18,CM,NSE,STK,9741,INE088F01024,PARADEEP,EQ,,,,,PARADEEP PHOSPHATES LTD,146.66,149.65,145.07,147.82,147.55,146.66,,147.82,,,2052905,302404404.07,21397,F1,1,,,,,
2026-08-18,2026-08-18,CM,NSE,STK,17130,INE883N01014,PARAGMILK,EQ,,,,,PARAG MILK FOODS LTD.,208.0,219.98,208.0,211.03,213.0,207.29,,211.04,,,1852610,397876743.75,23200,F1,1,,,,,
2026-08-18,2026-08-18,CM,NSE,STK,19779,INE0N4G01012,PARAGON,SM,,,,,PARAGON FINE S.C. LTD.,48.05,49.8,48.05,49.65,49.7,49.0,,49.65,,,27600,1350480.0,21,F1,1200,,,,,
2026-08-18,2026-08-18,CM,NSE,STK,13951,INE074B01023,PARACABLES,EQ,,,,,PARAMOUNT COMM LTD,63.11,66.0,63.11,63.64,63.96,63.55,,63.63,,,1520266,97942631.42,9766,F1,1,,,,,
2026-08-18,2026-08-18,CM,NSE,STK,5911,INE045601023,PARAS,EQ,,,,,PARAS DEF AND SPCE TECH L,1385.0,1527.3,1384.7,1527.3,1527.3,1388.5,,1527.4,,,5405217,7995873291.7,179035,F1,1,,,,,
2026-08-18,2026-08-18,CM,NSE,STK,3972,INE162C01024,PARASPETRO,EQ,,,,,PARAS PETROFILS LTD.,2.3,2.36,2.24,2.26,2.27,2.3,,2.26,,,259668,592046.68,303,F1,1,,,,,
2026-08-18,2026-08-18,CM,NSE,STK,5460,INE00U801010,PARIN,SM,,,,,PARIN ENTERPRISES LIMITED,725.0,725.0,725.0,725.0,725.0,713.0,,725.0,,,250,181250.0,1,F1,250,,,,,
2026-08-18,2026-08-18,CM,NSE,STK,760351,INE119201023,PARKHOSPS,EQ,,,,,PARK MEDI WORLD LIMITED,276.0,278.85,273.55,276.85,275.3,276.65,,276.83,,,253850,70055373.85,10819,F1,1,,,,,
2026-08-18,2026-08-18,CM,NSE,STK,22649,INE988S01028,PARKHOTELS,EQ,,,,,PARKHOTELS,116.48,117.79,115.5,116.4,116.2,116.48,,116.41,,,102246,11903837.28,1506,F1,1,,,,,
2026-08-18,2026-08-18,CM,NSE,STK,764833,INE383L01019,PARNAXLAB,EQ,,,,,PARNAX LAB LTD.,120.99,123.0,116.0,122.0,122.0,119.65,,120.33,,,1881,228480.44,59,F1,1,,,,,
2026-08-18,2026-08-18,CM,NSE,STK,13795,INE561H01026,PARSVNATH,BE,,,,,PARSVNATH DEVELOPER LTD,1.45,1.45,1.45,1.45,1.45,1.47,,1.45,,,488299,708033.55,157,F1,1,,,,,
2026-08-18,2026-08-18,CM,NSE,STK,758217,INE1H7V01011,PARTH,SM,,,,,PARTH ELEC & ENG LTD,460.0,465.0,455.0,462.8,463.0,459.2,,462.8,,,26000,11963420.0,56,F1,400,,,,,
2026-08-18,2026-08-18,CM,NSE,STK,2599,INE06ZX01015,PARTYCRUS,SM,,,,,PARTY CRUISERS LIMITED,81.0,83.0,81.0,81.0,81.0,83.5,,81.0,,,4000,326400.0,4,F1,1000,,,,,
2026-08-18,2026-08-18,CM,NSE,STK,757955,INE124Y01028,PASHUPATI,EQ,,,,,PASHUPATI COTSPIN LIMITED,85.7,85.7,84.71,85.32,85.45,84.79,,85.32,,,10109,862284.02,1743,F1,1,,,,,
2026-08-18,2026-08-18,CM,NSE,STK,6048,INE818B01023,PASUPTAC,BE,,,,,PASUPATI ACRYLON LIMITED,62.75,64.0,61.1,61.54,61.9,61.08,,61.54,,,77265,4823512.09,376,F1,1,,,,,
2026-08-18,2026-08-18,CM,NSE,STK,17029,INE619A01035,PATANJALI,EQ,,,,,PATANJALI FOODS LIMITED,352.5,353.9,345.8,351.65,351.65,353.9,,351.66,,,3890440,1364832154.1,26539,F1,1,,,,,
2026-08-18,2026-08-18,CM,NSE,STK,11699,INE244B01030,PATELENG,EQ,,,,,PATEL ENGINEERING LTD.,28.4,28.58,27.72,27.84,27.9,28.48,,27.84,,,2937500,82372666.34,8021,F1,1,,,,,
2026-08-18,2026-08-18,CM,NSE,STK,15223,INE529D01014,PATINTLOG,BE,,,,,PATEL INT. LOG. LTD,14.05,14.05,13.35,13.65,13.86,13.7,,13.66,,,75798,1040307.75,177,F1,1,,,,,
2026-08-18,2026-08-18,CM,NSE,STK,759439,INE0R8B01010,PATELRMART,EQ,,,,,PATEL RETAIL LIMITED,228.0,235.99,222.44,228.5,229.55,229.1,,228.61,,,203946,47109431.43,4581,F1,1,,,,,
2026-08-18,2026-08-18,CM,NSE,STK,756963,INE17GV01016,PATILAUTOM,SM,,,,,PATIL AUTOMATION LIMITED,242.5,247.75,228.0,235.45,235.8,237.95,,235.45,,,127800,30250170.0,162,F1,600,,,,,
2026-08-18,2026-08-18,CM,NSE,STK,762834,INE291E01019,PML,EQ,,,,,PAUL MERCHANTS LTD.,500.0,504.9,490.4,504.9,504.9,503.45,,504.9,,,459,228126.1,21,F1,1,,,,,
2026-08-18,2026-08-18,CM,NSE,STK,759969,INE111F01024,PAUSHAKLTD,EQ,,,,,PAUSHAK LIMITED,734.25,759.0,723.05,752.35,758.0,734.2,,752.69,,,43118,32087169.45,3119,F1,1,,,,,
2026-08-18,2026-08-18,CM,NSE,STK,16192,INE07S101038,PAVNAIND,EQ,,,,,PAVNA INDUSTRIES LIMITED,18.92,18.92,17.67,18.15,18.0,18.92,,18.15,,,65817,1193647.53,332,F1,1,,,,,
2026-08-18,2026-08-18,CM,NSE,STK,6656,INE417T01026,POLICYBZR,EQ,,,,,PB FINTECH LIMITED,1728.0,1767.5,1721.1,1747.0,1747.0,1728.1,,1747.0,,,1267107,2223017748.3,35731,F1,1,,,,,
2026-08-18,2026-08-18,CM,NSE,STK,29124,INE785M01021,PCJEWELLER,EQ,,,,,PC JEWELLER LTD,9.78,9.79,9.56,9.62,9.61,9.79,,9.62,,,66270759,641242905.35,26782,F1,1,,,,,
2026-08-18,2026-08-18,CM,NSE,STK,2649,INE602A01031,PCBL,EQ,,,,,PCBL CHEMICAL LIMITED,321.0,329.9,317.35,326.55,327.35,315.45,,326.55,,,4673600,1511902381.6,58267,F1,1,,,,,
2026-08-18,2026-08-18,CM,NSE,STK,5264,INE111Q01021,PDSL,EQ,,,,,PDS LIMITED,375.0,375.4,361.75,363.0,362.65,376.35,,362.97,,,86518,31746352.15,5044,F1,1,,,,,
2026-08-18,2026-08-18,CM,NSE,STK,14260,INE940H01022,PGIL,EQ,,,,,PEARL GLOBAL IND LIMITED,2390.0,2390.5,2351.0,2360.8,2360.5,2378.0,,2360.87,,,37637,89154256.9,8882,F1,1,,,,,
2026-08-18,2026-08-18,CM,NSE,STK,2610,INE844A01013,PEARLPOLY,EQ,,,,,PEARL POLYMERS LTD,16.31,16.5,16.11,16.12,16.12,16.3,,16.12,,,1496,24281.96,23,F1,1,,,,,
2026-08-18,2026-08-18,CM,NSE,STK,25408,INE0VG601013,PELATRO,SM,,,,,PELATRO LIMITED,281.0,287.0,281.0,286.5,286.5,283.5,,286.5,,,1800,512985.0,6,F1,300,,,,,
2026-08-18,2026-08-18,CM,NSE,STK,5358,INE138A01028,PENINLAND,BE,,,,,PENINSULA LAND LIMITED,14.93,15.15,14.93,15.1,15.1,15.22,,15.1,,,30981,463991.05,60,F1,1,,,,,
2026-08-18,2026-08-18,CM,NSE,STK,20621,INE932A01024,PENIND,EQ,,,,,PENNAR INDUSTRIES LTD,151.5,153.45,150.06,152.49,152.7,151.45,,152.5,,,202503,30775940.46,3461,F1,1,,,,,
2026-08-18,2026-08-18,CM,NSE,STK,17132,INE0ORS01017,PENTAGON,SM,,,,,PENTAGON RUBBER LIMITED,50.25,50.25,50.25,50.25,50.25,50.25,,50.25,,,2000,100500.0,2,F1,1000,,,,,
2026-08-18,2026-08-18,CM,NSE,STK,764838,INE418E01018,PERMAGN,EQ,,,,,PERMANENT MAGNETS LTD.,821.0,821.0,784.05,804.75,810.95,813.6,,804.55,,,3492,2794952.85,390,F1,1,,,,,
2026-08-18,2026-08-18,CM,NSE,STK,18365,INE262H01021,PERSISTENT,EQ,,,,,PERSISTENT SYSTEMS LTD,5571.5,5571.5,5442.5,5442.5,5442.5,5570.0,,5442.52,,,353161,1944272347.5,22043,F1,1,,,,,
2026-08-18,2026-08-18,CM,NSE,STK,24290,INE998U01015,PCCL,SM,,,,,PETRO CARBON AND CHEMI L,310.0,320.0,310.0,319.45,320.0,308.45,,319.45,,,25200,7965080.0,52,F1,400,,,,,
2026-08-18,2026-08-18,CM,NSE,STK,11351,INE347G01014,PETRONET,EQ,,,,,PETRONET LNG LIMITED,281.8,286.95,281.8,286.25,286.25,281.8,,286.25,,,2933102,836964449.95,38094,F1,1,,,,,
2026-08-18,2026-08-18,CM,NSE,STK,760824,INE134E07DJ3,PFCL41A,NE,,,,,PFCL 0% 2041 SR V,985.0,985.0,985.0,985.0,985.0,985.0,,985.0,,,3,2955.0,1,F1,1,,,,,
2026-08-18,2026-08-18,CM,NSE,STK,760804,INE134E07DO3,720PFCL36,N6,,,,,PFCL 7.20% 2036 SR II,1020.95,1020.95,1020.95,1020.95,1020.95,1020.95,,1020.95,,,5,5104.75,1,F1,1,,,,,
2026-08-18,2026-08-18,CM,NSE,STK,2643,INE182A01018,PFIZER,EQ,,,,,PFIZER LTD,4818.0,4825.0,4751.2,4799.3,4824.8,4829.1,,4799.32,,,76326,364788863.7,8611,F1,1,,,,,
2026-08-18,2026-08-18,CM,NSE,STK,25358,INE457L01029,PGEL,EQ,,,,,PG ELECTROPLAST LTD,609.0,614.3,594.5,597.0,597.0,614.0,,597.01,,,2081510,1250959981.6,29866,F1,1,,,,,
2026-08-18,2026-08-18,CM,NSE,STK,11612,INE0MLZ01019,PHANTOMFX,SM,,,,,PHANTOM DIGITAL EFF LTD,123.8,133.95,122.85,124.1,123.0,122.4,,124.1,,,39000,4942095.0,90,F1,300,,,,,
2026-08-18,2026-08-18,CM,NSE,STK,2658,INE245B01011,PHOENXINTL,EQ,,,,,PHOENIX INTERNATIONAL LTD,34.8,34.8,29.05,30.17,30.96,32.58,,30.34,,,10208,325408.48,181,F1,1,,,,,
2026-08-18,2026-08-18,CM,NSE,STK,25513,INE0FPO01018,PHOGLOBAL,SM,,,,,PHOENIX OVERSEAS LIMITED,15.5,15.6,15.05,15.5,15.5,15.8,,15.5,,,16000,246600.0,8,F1,2000,,,,,
2026-08-18,2026-08-18,CM,NSE,STK,759723,INE0LP301011,PWL,EQ,,,,,PHYSICSWALLAH LIMITED,119.65,125.0,115.65,122.05,123.3,119.97,,122.06,,,52106492,6352477650.23,195513,F1,1,,,,,
2026-08-18,2026-08-18,CM,NSE,STK,24184,INE603J01030,PIIND,EQ,,,,,PI INDUSTRIES LTD,2490.0,2545.0,2458.6,2515.0,2515.0,2472.0,,2514.88,,,623898,1551869824.7,25472,F1,1,,,,,
2026-08-18,2026-08-18,CM,NSE,STK,757754,INE546C01010,PICCADIL,EQ,,,,,PICCADILY AGRO INDUSTRI L,699.8,709.95,688.5,692.85,692.0,695.45,,692.86,,,401956,280639328.5,16632,F1,1,,,,,
2026-08-18,2026-08-18,CM,NSE,STK,24785,INE0YAL01017,PPSL,SM,,,,,PICTUREPOST STUDIOS LTD,2.75,2.95,2.75,2.95,2.95,2.85,,2.95,,,111000,312600.0,33,F1,3000,,,,,
2026-08-18,2026-08-18,CM,NSE,STK,2664,INE318A01026,PIDILITIND,EQ,,,,,PIDILITE INDUSTRIES LTD,1665.0,1674.0,1657.3,1674.0,1674.0,1669.0,,1674.0,,,655495,1091860552.5,21882,F1,1,,,,,
2026-08-18,2026-08-18,CM,NSE,STK,30835,INE600A01035,PILITA,EQ,,,,,PIL ITALICA LIFESTYLE LTD,8.52,8.52,8.01,8.06,8.03,8.18,,8.06,,,62549,508202.22,166,F1,1,,,,,
2026-08-18,2026-08-18,CM,NSE,STK,11445,INE417C01014,PILANIINVS,EQ,,,,,PILANI INV & IND COR LTD,4444.8,4464.0,4380.0,4385.7,4380.0,4445.1,,4385.84,,,1861,8206435.6,341,F1,1,,,,,
2026-08-18,2026-08-18,CM,NSE,STK,759820,INE15B701018,PINELABS,EQ,,,,,PINE LABS LIMITED,163.35,165.41,159.25,160.32,160.18,162.63,,160.32,,,13598806,2200645458.8,104559,F1,1,,,,,
2026-08-18,2026-08-18,CM,NSE,STK,13463,INE156C01018,PIONEEREMB,EQ,,,,,PIONEER EMBROIDERIES LTD,22.61,22.79,22.56,22.65,22.7,22.78,,22.65,,,6217,140628.58,52,F1,1,,,,,
2026-08-18,2026-08-18,CM,NSE,STK,762832,INE746D01014,PIONRINV,BE,,,,,PIONEER INVESTCORP LTD.,84.5,84.5,80.47,80.47,80.47,84.7,,80.47,,,512,41633.24,12,F1,1,,,,,
2026-08-18,2026-08-18,CM,NSE,STK,759551,INE202B01038,PIRAMALFIN,EQ,,,,,PIRAMAL FINANCE LIMITED,2052.0,2079.8,2038.0,2060.5,2051.1,2066.1,,2060.53,,,176263,363439168.9,16996,F1,1,,,,,
2026-08-18,2026-08-18,CM,NSE,STK,11571,INE0DK501011,PPLPHARMA,EQ,,,,,PIRAMAL PHARMA LIMITED,200.1,211.6,200.1,210.53,210.4,204.73,,210.53,,,5337954,1113672339.82,55816,F1,1,,,,,
2026-08-18,2026-08-18,CM,NSE,STK,14134,INE450D01021,PITTIENG,EQ,,,,,PITTI ENGINEERING LIMITED,1046.55,1059.9,1028.15,1035.8,1040.0,1046.55,,1035.61,,,171313,178705693.0,8405,F1,1,,,,,
2026-08-18,2026-08-18,CM,NSE,STK,9087,INE751B01018,PIXTRANS,EQ,,,,,PIX TRANSMISSIONS LIMITED,1940.1,1953.4,1876.6,1884.8,1890.0,1938.8,,1884.84,,,17367,33062598.6,2793,F1,1,,,,,
2026-08-18,2026-08-18,CM,NSE,STK,13920,INE083C01022,PLASTIBLEN,EQ,,,,,PLASTIBLENDS INDIA LTD,191.3,193.0,188.8,190.71,190.05,191.8,,190.61,,,22233,4235342.91,754,F1,1,,,,,
2026-08-18,2026-08-18,CM,NSE,STK,22930,INE0PT501018,PLATIND,EQ,,,,,PLATINUM INDUSTRIES LTD,216.05,217.83,206.2,209.69,210.35,214.2,,209.67,,,83394,17558518.66,2454,F1,1,,,,,
2026-08-18,2026-08-18,CM,NSE,STK,19458,INE0INJ01017,PLAZACABLE,EQ,,,,,PLAZA WIRES LIMITED,51.6,53.7,51.05,52.38,52.48,53.57,,52.38,,,121729,6370334.68,1088,F1,1,,,,,
2026-08-18,2026-08-18,CM,NSE,STK,8736,INE859A01011,PNBGILTS,EQ,,,,,PNB GILTS LIMITED,80.84,80.9,79.02,79.5,79.45,80.34,,79.5,,,103481,8273464.55,1232,F1,1,,,,,
2026-08-18,2026-08-18,CM,NSE,STK,18908,INE572E01012,PNBHOUSING,EQ,,,,,PNB HOUSING FIN LTD.,1145.9,1153.9,1128.9,1145.8,1145.8,1150.8,,1145.65,,,739039,845121146.4,27453,F1,1,,,,,
2026-08-18,2026-08-18,CM,NSE,STK,9385,INE195J01029,PNCINFRA,EQ,,,,,PNC INFRATECH LTD.,215.15,215.19,210.82,213.96,214.0,215.17,,213.96,,,454469,96629075.63,17894,F1,1,,,,,
2026-08-18,2026-08-18,CM,NSE,STK,760242,INE1RDG01013,PNGSREVA,EQ,,,,,PNGS REVA DIAMOND JEWEL L,567.2,616.0,566.55,574.2,578.0,576.45,,574.27,,,383388,226442368.7,14314,F1,1,,,,,
2026-08-18,2026-08-18,CM,NSE,STK,19036,INE371C01013,PODDARMENT,EQ,,,,,PODDAR PIGMENTS LIMITED,256.8,256.8,251.0,252.4,255.0,253.45,,252.46,,,638,161783.8,72,F1,1,,,,,
2026-08-18,2026-08-18,CM,NSE,STK,17651,INE637C01025,POKARNA,EQ,,,,,POKARNA LIMITED,940.0,950.15,917.0,923.7,924.85,937.8,,923.89,,,43179,40171129.85,2551,F1,1,,,,,
2026-08-18,2026-08-18,CM,NSE,STK,25718,INE205C01021,POLYMED,EQ,,,,,POLY MEDICURE LIMITED,1733.6,1788.4,1722.7,1784.7,1785.9,1733.6,,1784.7,,,224876,398508529.0,23495,F1,1,,,,,
2026-08-18,2026-08-18,CM,NSE,STK,9590,INE455K01017,POLYCAB,EQ,,,,,POLYCAB INDIA LIMITED,9349.5,9349.5,9049.0,9139.0,9139.0,9370.0,,9139.01,,,256413,2352851967.0,28589,F1,1,,,,,
2026-08-18,2026-08-18,CM,NSE,STK,2687,INE633B01018,POLYPLEX,EQ,,,,,POLYPLEX CORPORATION LTD,1217.1,1220.9,1177.9,1182.0,1183.0,1210.8,,1181.95,,,90057,107947478.3,4485,F1,1,,,,,
2026-08-18,2026-08-18,CM,NSE,STK,22711,INE517M01028,POLYSIL,SM,,,,,POLYSIL IRRIGATION SYST L,64.1,64.1,64.1,64.1,64.1,67.45,,64.1,,,14000,897400.0,12,F1,500,,,,,
2026-08-18,2026-08-18,CM,NSE,STK,765150,INE914G01029,POLYSPIN,EQ,,,,,POLYSPIN EXPORTS LTD.,34.79,34.79,28.36,30.65,30.65,31.53,,30.75,,,2118,66508.4,47,F1,1,,,,,
2026-08-18,2026-08-18,CM,NSE,STK,14385,INE063E01061,POCL,EQ,,,,,PONDY OXIDES & CHEM LTD,486.85,503.1,486.0,500.85,501.1,486.75,,500.82,,,437989,218637028.85,9200,F1,1,,,,,
2026-08-18,2026-08-18,CM,NSE,STK,10661,INE838E01017,PONNIERODE,EQ,,,,,PONNIE SUGARS (ERODE) LTD,370.6,377.6,354.0,357.65,360.35,350.75,,357.72,,,185152,67935381.75,6462,F1,1,,,,,
2026-08-18,2026-08-18,CM,NSE,STK,11403,INE511C01022,POONAWALLA,EQ,,,,,POONAWALLA FINCORP LTD,498.0,503.25,494.55,497.9,497.5,497.45,,497.9,,,600068,299293821.8,14614,F1,1,,,,,
2026-08-18,2026-08-18,CM,NSE,STK,23142,INE772T01024,PVSL,EQ,,,,,POPULAR VEHICLES N SER L,114.94,119.8,114.94,118.25,118.37,115.9,,118.29,,,32959,3906030.68,916,F1,1,,,,,
2026-08-18,2026-08-18,CM,NSE,STK,24864,INE0S3H01017,POSITRON,SM,,,,,POSITRON ENERGY LIMITED,169.0,169.0,163.5,166.0,166.5,169.95,,166.0,,,5400,893205.0,16,F1,300,,,,,
2026-08-18,2026-08-18,CM,NSE,STK,14299,INE134E01011,PFC,EQ,,,,,POWER FIN CORP LTD.,375.0,376.55,373.6,374.45,374.45,374.4,,374.45,,,7433916,2786279433.9,96275,F1,1,,,,,
2026-08-18,2026-08-18,CM,NSE,STK,14977,INE752E01010,POWERGRID,EQ,,,,,POWER GRID CORP. LTD.,266.2,268.95,266.05,268.0,268.0,266.15,,268.0,,,6792173,1816990733.7,55386,F1,1,,,,,
2026-08-18,2026-08-18,CM,NSE,STK,15716,INE557Z01018,PIGL,EQ,,,,,POWER INSTRUMENT (G) LTD,105.17,109.38,105.14,106.21,106.0,104.62,,106.22,,,81795,8751280.67,1001,F1,1,,,,,
2026-08-18,2026-08-18,CM,NSE,STK,10473,INE211R01019,POWERMECH,EQ,,,,,POWER MECH PROJECTS LTD.,2452.3,2494.0,2425.3,2443.8,2438.0,2452.3,,2441.93,,,53837,132245597.8,8982,F1,1,,,,,
2026-08-18,2026-08-18,CM,NSE,STK,3494,INE0GGX23010,PGINVIT,IV,,,,,POWERGRID INFRA. INVITS,100.45,100.48,99.89,99.94,99.98,100.3,,99.94,,,1237846,123895183.19,6360,F1,1,,,,,
2026-08-18,2026-08-18,CM,NSE,STK,761680,INE921L01032,POWERICA,EQ,,,,,POWERICA LIMITED,570.0,574.0,553.2,560.65,562.9,560.35,,560.6,,,131838,74655514.25,5123,F1,1,,,,,
2026-08-18,2026-08-18,CM,NSE,STK,15213,INE095I01015,PPAP,BE,,,,,PPAP AUTOMOTIVE LIMITED,274.4,280.9,272.15,275.5,276.75,280.0,,275.53,,,21301,5867982.45,342,F1,1,,,,,
2026-08-18,2026-08-18,CM,NSE,STK,30134,INE0I0M01023,PRABHA,EQ,,,,,PRABHA ENERGY LIMITED,164.31,196.05,163.0,192.2,189.0,163.38,,192.2,,,5359104,1017175788.43,40505,F1,1,,,,,
2026-08-18,2026-08-18,CM,NSE,STK,762842,INE770A01010,PRADPME,BE,,,,,PRADEEP METALS LTD.,506.8,524.05,501.55,524.0,524.0,499.1,,524.0,,,15087,7838646.5,130,F1,1,,,,,
2026-08-18,2026-08-18,CM,NSE,STK,2705,INE074A01025,PRAJIND,EQ,,,,,PRAJ INDUSTRIES LTD,333.15,346.95,332.7,336.5,336.25,334.05,,336.5,,,1435246,489072361.25,30917,F1,1,,,,,
2026-08-18,2026-08-18,CM,NSE,STK,13941,INE505C01016,PRAENG,EQ,,,,,PRAJAY ENG. SYN. LTD.,19.98,19.98,18.8,19.12,19.15,19.8,,19.14,,,61920,1196491.35,241,F1,1,,,,,
2026-08-18,2026-08-18,CM,NSE,STK,2708,INE603A01013,PRAKASH,EQ,,,,,PRAKASH INDUSTRIES LTD,135.0,136.89,132.7,134.97,134.05,134.43,,134.96,,,606010,81752882.17,8498,F1,1,,,,,
2026-08-18,2026-08-18,CM,NSE,STK,10299,INE050001010,PPL,BE,,,,,PRAKASH PIPES LIMITED,269.5,273.0,267.0,271.3,272.9,272.65,,271.25,,,16147,4346655.9,354,F1,1,,,,,
2026-08-18,2026-08-18,CM,NSE,STK,19599,INE696K01024,PRAKASHSTL,EQ,,,,,PRAKASH STEELAGE LTD,3.98,3.99,3.91,3.92,3.92,3.98,,3.92,,,178977,701878.13,287,F1,1,,,,,
2026-08-18,2026-08-18,CM,NSE,STK,18514,INE0O7A01017,PRAMARA,SM,,,,,PRAMARA PROMOTIONS LTD,106.5,116.7,104.5,116.7,116.7,106.1,,116.7,,,56000,6177175.0,75,F1,500,,,,,
2026-08-18,2026-08-18,CM,NSE,STK,25818,INE0VJG01014,PRANIK,SM,,,,,PRANIK LOGISTICS LIMITED,41.55,42.55,41.55,42.55,42.55,40.9,,42.55,,,3200,134560.0,2,F1,1600,,,,,
2026-08-18,2026-08-18,CM,NSE,STK,21840,INE393P01035,DIAMONDYD,EQ,,,,,PRATAAP SNACKS LIMITED,1193.8,1203.8,1180.9,1193.8,1193.0,1190.4,,1193.81,,,11074,13212570.1,1363,F1,1,,,,,
2026-08-18,2026-08-18,CM,NSE,STK,23113,INE0QA601016,PRATHAM,SM,,,,,PRATHAM EPC PROJECTS LTD,124.0,124.0,118.0,120.65,120.65,120.9,,120.65,,,10400,1277320.0,8,F1,400,,,,,
2026-08-18,2026-08-18,CM,NSE,STK,762844,INE722B01019,PRAVEG,EQ,,,,,PRAVEG LTD.,257.65,264.0,246.4,252.95,253.95,258.9,,252.93,,,147168,36968587.1,4672,F1,1,,,,,
2026-08-18,2026-08-18,CM,NSE,STK,1204,INE546Y01022,PRAXIS,EQ,,,,,PRAXIS HOME RETAIL LTD,6.04,6.04,5.35,5.4,5.45,5.87,,5.4,,,554400,3050982.02,660,F1,1,,,,,
2026-08-18,2026-08-18,CM,NSE,STK,12603,INE484I01029,PRECAM,EQ,,,,,PRECISION CAMSHAFTS LTD.,133.75,136.04,132.25,133.16,132.7,134.65,,133.16,,,57774,7750040.7,1726,F1,1,,,,,
2026-08-18,2026-08-18,CM,NSE,STK,7963,INE0HKW01018,PRECISION,ST,,,,,PRECISION METALIKS LTD,7.9,7.9,7.85,7.85,7.85,8.25,,7.85,,,4000,31500.0,2,F1,2000,,,,,
2026-08-18,2026-08-18,CM,NSE,STK,2717,INE372C01037,PRECWIRE,EQ,,,,,PRECISION WIRES INDIA LTD,454.2,462.45,450.65,458.2,459.6,457.75,,458.18,,,383093,175035123.7,15202,F1,1,,,,,
2026-08-18,2026-08-18,CM,NSE,STK,2711,INE283A01014,PRECOT,EQ,,,,,PRECOT LIMITED,698.45,758.0,690.0,741.15,730.0,698.45,,741.15,,,4837,3516435.7,440,F1,1,,,,,
2026-08-18,2026-08-18,CM,NSE,STK,762849,INE001E01012,PREMCO,EQ,,,,,PREMCO GLOBAL LTD.,385.0,385.0,372.5,375.65,375.15,378.35,,375.7,,,472,177032.75,55,F1,1,,,,,
2026-08-18,2026-08-18,CM,NSE,STK,25049,INE0BS701011,PREMIERENE,EQ,,,,,PREMIER ENERGIES LIMITED,1020.0,1029.9,1010.6,1014.7,1014.7,1015.5,,1014.7,,,538817,548620611.6,29556,F1,1,,,,,
2026-08-18,2026-08-18,CM,NSE,STK,17397,INE863B01029,PREMEXPLN,EQ,,,,,PREMIER EXPLOSIVES LTD,674.9,676.0,667.5,668.25,671.5,672.65,,668.26,,,352325,236143727.6,3714,F1,1,,,,,
2026-08-18,2026-08-18,CM,NSE,STK,6248,INE342A01018,PREMIER,BE,,,,,PREMIER LIMITED,2.7,2.83,2.7,2.77,2.77,2.72,,2.77,,,1826,4973.41,10,F1,1,,,,,
2026-08-18,2026-08-18,CM,NSE,STK,3908,INE309M01020,PREMIERPOL,EQ,,,,,PREMIER POLYFILM LTD,85.0,88.0,82.32,86.37,86.99,83.59,,86.38,,,2453055,210527522.53,26508,F1,1,,,,,
2026-08-18,2026-08-18,CM,NSE,STK,23764,INE0CFG01012,PRLIND,SM,,,,,PREMIER ROADLINES LIMITED,43.0,43.6,42.4,43.55,43.55,43.05,,43.55,,,18000,772800.0,13,F1,1000,,,,,
2026-08-18,2026-08-18,CM,NSE,STK,25898,INE0M1F01011,PREMIUM,SM,,,,,PREMIUM PLAST LIMITED,37.95,37.95,37.95,37.95,37.95,36.25,,37.95,,,3000,113850.0,1,F1,3000,,,,,
2026-08-18,2026-08-18,CM,NSE,STK,20498,INE0R1601012,PRESSTONIC,SM,,,,,PRESSTONIC ENGINEERING L,29.5,30.5,28.4,28.85,28.8,29.25,,28.85,,,42400,1227080.0,30,F1,800,,,,,
2026-08-18,2026-08-18,CM,NSE,STK,20302,INE811K01011,PRESTIGE,EQ,,,,,PRESTIGE ESTATE LTD,1588.0,1612.6,1563.1,1590.0,1590.0,1591.9,,1590.0,,,681676,1084170050.7,26883,F1,1,,,,,
2026-08-18,2026-08-18,CM,NSE,STK,19631,INE726V01018,PRICOLLTD,EQ,,,,,PRICOL LIMITED,808.0,813.05,795.35,800.05,799.6,806.55,,800.03,,,323362,259187983.95,20743,F1,1,,,,,
2026-08-18,2026-08-18,CM,NSE,STK,759075,INE0CQA01020,PRIMECAB,ST,,,,,PRIME CABLE INDUSTRIES L,185.0,192.9,183.0,191.45,190.0,185.0,,191.45,,,24000,4543760.0,15,F1,1600,,,,,
2026-08-18,2026-08-18,CM,NSE,STK,13496,INE367G01038,PFOCUS,EQ,,,,,PRIME FOCUS LIMITED,266.05,289.0,264.0,286.25,285.65,266.4,,286.18,,,2789751,791976156.75,48250,F1,1,,,,,
2026-08-18,2026-08-18,CM,NSE,STK,11864,INE032B01021,PRIMESECU,EQ,,,,,PRIME SECURITIES LIMITED,285.4,285.7,280.0,282.2,282.0,283.3,,282.27,,,10289,2904669.7,346,F1,1,,,,,
2026-08-18,2026-08-18,CM,NSE,STK,756925,INE607A01022,PRIMO,EQ,,,,,PRIMO CHEMICALS LIMITED,23.7,23.7,22.75,22.98,22.95,23.28,,22.98,,,116805,2694839.24,1096,F1,1,,,,,
2026-08-18,2026-08-18,CM,NSE,STK,16045,INE689W01016,PRINCEPIPE,EQ,,,,,PRINCE PIPES FITTINGS LTD,285.6,291.45,283.35,289.75,288.1,284.25,,289.77,,,278635,80290384.9,6339,F1,1,,,,,
2026-08-18,2026-08-18,CM,NSE,STK,2739,INE010A01011,PRSMJOHNSN,EQ,,,,,PRISM JOHNSON LIMITED,105.71,106.19,104.1,104.99,104.25,105.33,,104.99,,,279191,29366675.13,3190,F1,1,,,,,
2026-08-18,2026-08-18,CM,NSE,STK,765155,INE286N01028,PRISMX,EQ,,,,,PRISMX GLOBAL VENTURES L,0.55,0.55,0.53,0.54,0.54,0.52,,0.54,,,94707,51143.4,108,F1,1,,,,,
2026-08-18,2026-08-18,CM,NSE,STK,8310,INE974Z01015,PRITI,BE,,,,,PRITI INTERNATIONAL LTD,34.5,34.5,34.0,34.18,34.39,34.56,,34.18,,,8307,284002.56,143,F1,1,,,,,
2026-08-18,2026-08-18,CM,NSE,STK,5296,INE583R01029,PRITIKAUTO,BE,,,,,PRITIKA AUTO INDUS LTD,17.41,17.79,17.4,17.65,17.65,17.49,,17.65,,,83001,1462436.95,269,F1,1,,,,,
2026-08-18,2026-08-18,CM,NSE,STK,9342,INE392B01011,PNC,EQ,,,,,PRITISH NANDY COMMUNICATI,18.1,18.7,17.9,18.15,17.9,18.1,,18.15,,,8843,161105.81,159,F1,1,,,,,
2026-08-18,2026-08-18,CM,NSE,STK,8825,INE959A01019,PRIVISCL,EQ,,,,,PRIVI SPECIALITY CHE LTD,3444.0,3484.2,3409.0,3454.6,3466.8,3449.0,,3454.64,,,88946,306527082.2,12805,F1,1,,,,,
2026-08-18,2026-08-18,CM,NSE,STK,24511,INE0V9N01017,PRIZOR,ST,,,,,PRIZOR VIZTECH LIMITED,832.0,870.0,832.0,839.5,843.5,840.15,,839.5,,,11200,9498000.0,28,F1,400,,,,,
2026-08-18,2026-08-18,CM,NSE,STK,757806,INE0VJT01017,PROFX,SM,,,,,PRO FX TECH LIMITED,79.95,82.0,79.95,82.0,82.0,77.0,,82.0,,,4800,387120.0,3,F1,1600,,,,,
2026-08-18,2026-08-18,CM,NSE,STK,940,INE199A01012,PGHL,EQ,,,,,PROCTER & GAMBLE HEALTH L,5836.5,5853.0,5746.5,5838.0,5810.5,5836.5,,5837.9,,,13004,75464280.5,3142,F1,1,,,,,
2026-08-18,2026-08-18,CM,NSE,STK,764345,INE1FFX01018,PROPSHOP,SM,,,,,PROPSHOP EVENTS AND EXH L,65.85,70.0,59.95,69.85,69.75,66.2,,69.85,,,368000,25059500.0,126,F1,2000,,,,,
2026-08-18,2026-08-18,CM,NSE,STK,758173,INE0BX301013,PROSTARM,EQ,,,,,PROSTARM INFO SYSTEMS LTD,136.6,140.98,131.27,132.22,133.0,135.96,,132.22,,,217948,29486811.67,3263,F1,1,,,,,
2026-08-18,2026-08-18,CM,NSE,STK,29472,INE004A01022,PROTEAN,EQ,,,,,PROTEAN EGOV TECHNO LTD,550.0,554.0,543.2,551.75,551.2,548.5,,551.75,,,153670,84442910.9,6782,F1,1,,,,,
2026-08-18,2026-08-18,CM,NSE,STK,16483,INE0ONE01016,PROV,SM,,,,,PROVENTUS AGROCOM LIMITED,1900.0,1940.0,1900.0,1925.0,1925.0,1905.0,,1925.0,,,1120,2160720.0,13,F1,80,,,,,
2026-08-18,2026-08-18,CM,NSE,STK,28859,INE195N01013,PROZONER,EQ,,,,,PROZONE REALTY LIMITED,43.9,43.9,42.1,42.32,42.1,43.5,,42.32,,,67445,2881811.61,408,F1,1,,,,,
2026-08-18,2026-08-18,CM,NSE,STK,9553,INE00F201020,PRUDENT,EQ,,,,,PRUDENT CORP ADV SER LTD,3352.0,3410.0,3311.1,3354.1,3365.0,3338.0,,3354.17,,,16403,55084409.7,5837,F1,1,,,,,
2026-08-18,2026-08-18,CM,NSE,STK,20528,INE024D01016,PRUDMOULI,BE,,,,,PRUDENTIAL SUGAR CORPORAT,13.81,14.27,13.51,13.57,13.57,13.81,,13.57,,,18888,262733.6,59,F1,1,,,,,
2026-08-18,2026-08-18,CM,NSE,STK,20877,INE488V01015,PSPPROJECT,EQ,,,,,PSP PROJECTS LIMITED,946.0,960.3,937.7,942.35,940.0,947.0,,942.35,,,50924,48309577.05,3381,F1,1,,,,,
2026-08-18,2026-08-18,CM,NSE,STK,22602,INE560K01014,PFS,EQ,,,,,PTC INDIA FIN SERV LTD,28.14,29.6,27.95,28.2,28.44,28.14,,28.2,,,492747,13876293.02,2966,F1,1,,,,,
2026-08-18,2026-08-18,CM,NSE,STK,11355,INE877F01012,PTC,EQ,,,,,PTC INDIA LIMITED,160.99,162.5,158.57,158.89,158.8,160.62,,158.89,,,1401008,222997017.53,15696,F1,1,,,,,
2026-08-18,2026-08-18,CM,NSE,STK,16682,INE596F01018,PTCIL,EQ,,,,,PTC INDUSTRIES LIMITED,20451.0,20453.0,19549.0,19791.0,19690.0,20584.0,,19790.63,,,64760,1287191039.0,18737,F1,1,,,,,
2026-08-18,2026-08-18,CM,NSE,STK,14101,INE034D01049,PTL,EQ,,,,,PTL ENTERPRISES LTD,38.85,38.85,38.48,38.51,38.5,38.65,,38.51,,,37055,1428659.61,470,F1,1,,,,,
2026-08-18,2026-08-18,CM,NSE,STK,15377,INE865T01018,PDMJEPAPER,EQ,,,,,PUDUMJEE PAPER PRO. LTD,87.82,89.9,87.26,88.94,89.02,87.82,,88.93,,,82180,7282001.16,1810,F1,1,,,,,
2026-08-18,2026-08-18,CM,NSE,STK,507,INE335X01014,PULZ,SM,,,,,PULZ ELECTRONICS LIMITED,21.9,21.9,21.35,21.35,21.35,21.9,,21.35,,,6000,129400.0,3,F1,2000,,,,,
2026-08-18,2026-08-18,CM,NSE,STK,21001,INE608A01012,PSB,EQ,,,,,PUNJAB & SIND BANK,23.8,23.8,23.11,23.22,23.2,23.68,,23.22,,,1165360,27204111.46,3939,F1,1,,,,,
2026-08-18,2026-08-18,CM,NSE,STK,4344,INE277B01014,PUNJABCHEM,EQ,,,,,PUNJAB CHEM & CROP PROT L,1125.3,1165.0,1116.7,1133.6,1134.0,1127.3,,1133.61,,,9057,10353187.9,1145,F1,1,,,,,
2026-08-18,2026-08-18,CM,NSE,STK,10666,INE160A01022,PNB,EQ,,,,,PUNJAB NATIONAL BANK,117.0,117.99,116.5,116.5,116.5,117.32,,116.51,,,7856627,919702803.48,41897,F1,1,,,,,
2026-08-18,2026-08-18,CM,NSE,STK,14922,INE323I01011,PURVA,EQ,,,,,PURAVANKARA LIMITED,227.5,231.8,220.13,224.36,222.25,226.6,,224.34,,,1104429,246787622.77,15440,F1,1,,,,,
2026-08-18,2026-08-18,CM,NSE,STK,28044,INE0P5R01014,PURPLEUTED,ST,,,,,PURPLE UNITED SALES LTD,388.95,388.95,385.0,388.95,388.95,370.45,,388.95,,,45000,17483750.0,98,F1,250,,,,,
2026-08-18,2026-08-18,CM,NSE,STK,22938,INE0R6C01012,PURVFLEXI,SM,,,,,PURV FLEXIPACK LIMITED,48.0,48.5,47.35,48.5,48.5,49.8,,48.5,,,16000,759080.0,19,F1,800,,,,,
2026-08-18,2026-08-18,CM,NSE,STK,757683,INE154801018,PUSHPA,SM,,,,,PUSHPA JEWELLERS LIMITED,114.0,115.0,114.0,114.0,114.0,115.0,,114.0,,,8000,916000.0,7,F1,1000,,,,,
2026-08-18,2026-08-18,CM,NSE,STK,4010,INE362A01016,PVP,EQ,,,,,PVP VENTURES LIMITED,36.8,40.9,36.4,40.2,40.8,37.01,,40.2,,,3330020,130546860.91,10409,F1,1,,,,,
2026-08-18,2026-08-18,CM,NSE,STK,13147,INE191H01014,PVRINOX,EQ,,,,,PVR INOX LIMITED,1194.2,1228.8,1188.5,1198.1,1205.0,1192.0,,1198.1,,,463266,559345869.9,29191,F1,1,,,,,
2026-08-18,2026-08-18,CM,NSE,STK,18250,INE0MIS01010,PYRAMID,EQ,,,,,PYRAMID TECHNOPLAST LTD,169.0,169.3,162.02,163.55,162.65,166.69,,163.55,,,73757,12130734.33,1362,F1,1,,,,,
2026-08-18,2026-08-18,CM,NSE,STK,763594,INE1G2W01011,QLINE,SM,,,,,Q-LINE BIOTECH LIMITED,531.7,534.0,522.0,524.05,523.0,529.15,,524.05,,,35600,18810660.0,68,F1,400,,,,,
2026-08-18,2026-08-18,CM,NSE,STK,751653,INE0FMW01018,QMSMEDI,BE,,,,,QMS MEDICAL ALLIED S LTD,139.89,140.89,132.5,135.24,137.0,138.13,,135.24,,,44572,6102114.37,187,F1,1,,,,,
2026-08-18,2026-08-18,CM,NSE,STK,29087,INE0LRY01011,QUADFUTURE,EQ,,,,,QUADRANT FUTURE TEK LTD,350.0,353.1,338.75,341.0,342.8,349.35,,341.11,,,214357,73345906.5,6142,F1,1,,,,,
2026-08-18,2026-08-18,CM,NSE,STK,29711,INE0SII01026,QPOWER,EQ,,,,,QUALITY POWER ELEC EQUP L,1302.9,1357.0,1290.0,1325.1,1324.2,1302.6,,1325.1,,,369801,488075746.7,15133,F1,1,,,,,
2026-08-18,2026-08-18,CM,NSE,STK,15330,INF082J01408,QGOLDHALF,EQ,,,,,QUANTUM GOLD ETF,126.74,128.0,126.51,126.74,126.75,126.73,,126.74,,,158725,20111063.57,772,F1,1,,,,,
2026-08-18,2026-08-18,CM,NSE,STK,16819,INF082J01499,QNIFTY,EQ,,,,,QUANTUM NIFTY 50 ETF,275.16,275.16,266.1,266.74,267.0,268.45,,266.81,,,4134,1104286.81,103,F1,1,,,,,
2026-08-18,2026-08-18,CM,NSE,STK,17704,INE615P01015,QUESS,EQ,,,,,QUESS CORP LIMITED,346.6,350.75,333.35,336.9,333.9,343.9,,336.9,,,935370,320879894.5,31915,F1,1,,,,,
2026-08-18,2026-08-18,CM,NSE,STK,23793,INE0TNW01017,QUESTLAB,SM,,,,,QUEST LABORATORIES LTD,88.05,88.05,88.0,88.05,88.0,88.05,,88.05,,,7200,633900.0,6,F1,1200,,,,,
2026-08-18,2026-08-18,CM,NSE,STK,13131,INE306L01010,QUICKHEAL,BE,,,,,QUICK HEAL TECH LTD,151.3,151.3,143.0,143.89,145.8,149.41,,143.9,,,91964,13402986.6,1074,F1,1,,,,,
2026-08-18,2026-08-18,CM,NSE,STK,15285,INE0K4D01020,QUICKTOUCH,SM,,,,,QUICKTOUCH TECHNOLOGIES L,17.25,17.25,17.25,17.25,17.25,18.15,,17.25,,,4000,69000.0,7,F1,500,,,,,
2026-08-18,2026-08-18,CM,NSE,STK,762854,INE641R01017,QUINT,EQ,,,,,QUINT DIGITAL LTD.,37.06,38.5,36.0,37.36,37.49,37.36,,37.36,,,16736,623946.87,70,F1,1,,,,,
2026-08-18,2026-08-18,CM,NSE,STK,24957,INE0KZF01015,QVCEL,SM,,,,,QVC EXPORTS LIMITED,24.6,26.1,24.5,26.1,26.1,25.15,,26.1,,,9600,238240.0,4,F1,1600,,,,,
2026-08-18,2026-08-18,CM,NSE,STK,23043,INE0NQ801033,RKSWAMY,EQ,,,,,R K SWAMY LIMITED,99.8,101.18,97.01,98.25,98.3,97.47,,98.25,,,46662,4646516.57,924,F1,1,,,,,
2026-08-18,2026-08-18,CM,NSE,STK,757836,INE219Y01026,RMDRIP,BE,,,,,R M DRIP & SPRINK SYS LTD,17.26,17.65,17.19,17.27,17.34,17.87,,17.26,,,147248,2552416.23,605,F1,1,,,,,
2026-08-18,2026-08-18,CM,NSE,STK,762864,INE951M01037,RRIL,EQ,,,,,R R I L LTD.,17.12,18.29,17.12,17.94,18.0,17.54,,17.95,,,16173,289497.67,164,F1,1,,,,,
2026-08-18,2026-08-18,CM,NSE,STK,18566,INE777K01022,RRKABEL,EQ,,,,,R R KABEL LIMITED,2748.6,2870.0,2740.5,2784.9,2790.0,2748.6,,2784.97,,,698009,1965033016.9,50779,F1,1,,,,,
2026-08-18,2026-08-18,CM,NSE,STK,762872,INE616F01022,RSDFIN,BE,,,,,R S D FINANCE LTD.,101.2,101.2,101.17,101.17,101.17,106.49,,101.17,,,324,32779.59,18,F1,1,,,,,
2026-08-18,2026-08-18,CM,NSE,STK,13414,INE411H01032,RSYSTEMS,EQ,,,,,R SYS INTERNATIONAL LTD,240.1,244.95,240.0,242.3,241.65,240.2,,242.3,,,141529,34286133.6,2967,F1,1,,,,,
2026-08-18,2026-08-18,CM,NSE,STK,764855,INE005C01017,RTSPOWR,EQ,,,,,R T S POWER CORPN. LTD.,105.0,113.0,96.0,96.72,99.94,94.73,,96.09,,,1720,170720.41,67,F1,1,,,,,
2026-08-18,2026-08-18,CM,NSE,STK,758981,INE012Q01039,RNBDENIMS,EQ,,,,,R&B DENIMS LIMITED,8.5,8.8,8.4,8.46,8.57,8.58,,8.47,,,216536,1852990.55,1031,F1,1,,,,,
2026-08-18,2026-08-18,CM,NSE,STK,6429,INE165B01029,RSSOFTWARE,EQ,,,,,R. S. SOFTWARE (INDIA) LI,32.4,32.5,30.44,31.79,31.15,31.59,,31.69,,,12261,389172.06,160,F1,1,,,,,
2026-08-18,2026-08-18,CM,NSE,STK,20760,INE324L01013,RPPINFRA,EQ,,,,,R.P.P INFRA PROJECTS LTD,58.35,58.9,57.31,57.51,57.51,58.35,,57.51,,,95574,5544319.3,1425,F1,1,,,,,
2026-08-18,2026-08-18,CM,NSE,STK,762244,INE2PB023011,RIIT,IV,,,,,RAAJMARG INFRA INVEST T,120.05,127.0,118.75,123.16,122.9,119.73,,123.16,,,386144,46894135.96,2907,F1,1,,,,,
2026-08-18,2026-08-18,CM,NSE,STK,15391,INE084Q01012,RACE,EQ,,,,,RACE ECO CHAIN LIMITED,102.73,104.48,101.15,103.86,103.99,102.73,,103.79,,,1769,182030.74,56,F1,1,,,,,
2026-08-18,2026-08-18,CM,NSE,STK,9854,INE02OY01016,RILINFRA,SM,,,,,RACHANA INFRA LTD,37.65,37.7,36.8,36.95,37.0,37.55,,36.95,,,11000,408220.0,44,F1,100,,,,,
2026-08-18,2026-08-18,CM,NSE,STK,27171,INE704B01017,RACLGEAR,EQ,,,,,RACL GEARTECH LIMITED,1350.7,1411.0,1348.9,1399.1,1385.0,1343.4,,1399.26,,,18531,25641737.9,2382,F1,1,,,,,
2026-08-18,2026-08-18,CM,NSE,STK,10932,INE874F01027,RADAAN,EQ,,,,,RADAAN MEDIAWORKS (I) LTD,3.1,3.1,2.97,3.02,2.99,2.97,,3.0,,,9545,29003.1,57,F1,1,,,,,
2026-08-18,2026-08-18,CM,NSE,STK,10343,INE583V01021,RADHIKAJWE,EQ,,,,,RADHIKA JEWELTECH LIMITED,68.23,68.61,65.46,66.39,66.5,67.9,,66.39,,,588642,39158141.34,4490,F1,1,,,,,
2026-08-18,2026-08-18,CM,NSE,STK,13580,INE855R01021,RADIANTCMS,EQ,,,,,RADIANT CASH MGMT SER LTD,35.0,36.23,34.35,34.45,34.51,34.86,,34.45,,,321650,11288487.96,3364,F1,1,,,,,
2026-08-18,2026-08-18,CM,NSE,STK,10990,INE944F01028,RADICO,EQ,,,,,RADICO KHAITAN LTD,4695.0,4732.9,4625.5,4732.9,4732.9,4693.4,,4732.56,,,413785,1938549365.5,37953,F1,1,,,,,
2026-08-18,2026-08-18,CM,NSE,STK,24735,INE912T01018,RPEL,EQ,,,,,RAGHAV PRODUCTIVITY ENH L,1440.0,1518.0,1416.3,1495.2,1500.0,1430.1,,1495.06,,,116005,171861149.2,11813,F1,1,,,,,
2026-08-18,2026-08-18,CM,NSE,STK,9552,INE415G01027,RVNL,EQ,,,,,RAIL VIKAS NIGAM LIMITED,226.2,227.88,225.0,225.0,225.0,228.5,,225.0,,,2172981,490952514.5,23897,F1,1,,,,,
2026-08-18,2026-08-18,CM,NSE,STK,2431,INE0DD101019,RAILTEL,EQ,,,,,RAILTEL CORP OF IND LTD,278.7,279.6,275.0,277.15,277.05,279.95,,277.15,,,325210,90100067.3,9842,F1,1,,,,,
2026-08-18,2026-08-18,CM,NSE,STK,15337,INE855B01025,RAIN,EQ,,,,,RAIN INDUSTRIES LIMITED,205.5,208.5,200.9,203.74,204.0,205.91,,203.75,,,3467534,710964892.09,22608,F1,1,,,,,
2026-08-18,2026-08-18,CM,NSE,STK,9408,INE961O01016,RAINBOW,EQ,,,,,RAINBOW CHILDRENS MED LTD,1475.0,1477.1,1453.0,1458.7,1455.6,1478.5,,1458.65,,,52308,76596278.5,8316,F1,1,,,,,
2026-08-18,2026-08-18,CM,NSE,STK,359,INE294G01026,ROML,EQ,,,,,RAJ OIL MILLS LIMITED,44.06,45.0,44.06,44.17,44.67,44.09,,44.17,,,2043,90351.93,23,F1,1,,,,,
2026-08-18,2026-08-18,CM,NSE,STK,8428,INE533D01032,RAJRILTD,BE,,,,,RAJ RAYON INDUSTRIES LTD,22.36,22.36,21.67,22.02,22.02,21.93,,22.44,,,10186,226710.45,70,F1,1,,,,,
2026-08-18,2026-08-18,CM,NSE,STK,14403,INE952H01027,RAJTV,EQ,,,,,RAJ TV NETWORK LTD,10.43,10.43,10.13,10.29,10.37,10.26,,10.28,,,11719,120159.83,78,F1,1,,,,,
2026-08-18,2026-08-18,CM,NSE,STK,762859,INE296E01026,RAJPALAYAM,EQ,,,,,RAJAPALAYAM MILLS LTD.,836.0,849.55,836.0,843.4,843.0,827.8,,843.43,,,447,377178.4,51,F1,1,,,,,
2026-08-18,2026-08-18,CM,NSE,STK,181,INE610C01014,ARENTERP,EQ,,,,,RAJDARSHAN INDUSTRIES LTD,39.44,39.44,36.76,38.42,39.29,38.36,,38.44,,,1431,54989.75,55,F1,1,,,,,
2026-08-18,2026-08-18,CM,NSE,STK,760461,INE343B01030,RAJESHEXPO,BZ,,,,,RAJESH EXPORTS LTD,82.8,83.0,81.01,81.99,82.45,82.59,,81.97,,,59277,4849646.69,889,F1,1,,,,,
2026-08-18,2026-08-18,CM,NSE,STK,19681,INE0BZQ01011,RCDL,SM,,,,,RAJGOR CASTOR DERIVATI L,26.5,26.5,24.3,26.15,26.3,27.0,,26.15,,,30000,749700.0,7,F1,3000,,,,,
2026-08-18,2026-08-18,CM,NSE,STK,2168,INE00KV01022,RAJMET,EQ,,,,,RAJNANDINI METAL LIMITED,3.29,3.32,3.23,3.3,3.3,3.23,,3.3,,,151216,496997.15,532,F1,1,,,,,
2026-08-18,2026-08-18,CM,NSE,STK,757052,INE535F01024,RAJOOENG,BE,,,,,RAJOO ENGINEERS LIMITED,50.5,51.48,49.0,50.87,51.34,50.17,,50.96,,,175251,8809750.43,735,F1,1,,,,,
2026-08-18,2026-08-18,CM,NSE,STK,27269,INE0VHU01019,RAJPUTANA,SM,,,,,RAJPUTANA BIODIESEL LTD,210.0,210.0,208.0,208.0,208.0,215.0,,208.0,,,1000,209000.0,2,F1,500,,,,,
2026-08-18,2026-08-18,CM,NSE,STK,24707,INE0PCU01012,RAJINDLTD,SM,,,,,RAJPUTANA INDUSTRIES LTD,67.95,70.7,67.8,69.4,68.45,66.5,,69.4,,,10500,720375.0,7,F1,1500,,,,,
2026-08-18,2026-08-18,CM,NSE,STK,761439,INE313L01016,RSL,EQ,,,,,RAJPUTANA STAINLESS LTD,165.0,165.2,163.74,164.95,164.83,164.9,,164.95,,,325012,53578423.7,3480,F1,1,,,,,
2026-08-18,2026-08-18,CM,NSE,STK,18962,INE451D01029,RAJRATAN,EQ,,,,,RAJRATAN GLOBAL WIRE LTD,516.0,519.0,504.25,512.0,513.0,516.8,,511.94,,,53372,27256646.5,2719,F1,1,,,,,
2026-08-18,2026-08-18,CM,NSE,STK,6915,INE760W01023,RPPL,BE,,,,,RAJSHREE POLYPACK LTD,23.78,23.8,22.56,22.74,22.74,22.98,,22.74,,,30216,697109.34,125,F1,1,,,,,
2026-08-18,2026-08-18,CM,NSE,STK,2809,INE562B01019,RAJSREESUG,EQ,,,,,RAJSHREE SUGAR & CHEMICAL,34.65,36.39,34.45,34.96,34.95,34.49,,34.98,,,153455,5458336.41,995,F1,1,,,,,
2026-08-18,2026-08-18,CM,NSE,STK,2816,INE613A01020,RALLIS,EQ,,,,,RALLIS INDIA LTD,212.81,214.17,211.2,213.27,213.0,213.08,,213.27,,,556665,118606590.39,19127,F1,1,,,,,
2026-08-18,2026-08-18,CM,NSE,STK,10485,INE207E01023,RAMRAT,EQ,,,,,RAM RATNA WIRES LIMITED,467.5,478.55,451.8,472.65,475.1,467.5,,472.68,,,158012,73734426.8,5083,F1,1,,,,,
2026-08-18,2026-08-18,CM,NSE,STK,10568,INE809A01032,RAMAPHO,EQ,,,,,RAMA PHOSPHATES LIMITED,120.61,122.9,120.61,121.16,121.86,121.52,,121.15,,,6382,775399.48,277,F1,1,,,,,
2026-08-18,2026-08-18,CM,NSE,STK,10304,INE230R01035,RAMASTEEL,BE,,,,,RAMA STEEL TUBES LIMITED,4.25,4.25,4.25,4.25,4.25,4.33,,4.23,,,524201,2227854.25,1350,F1,1,,,,,
2026-08-18,2026-08-18,CM,NSE,STK,757777,INE14W901010,RTL,SM,,,,,RAMA TELECOM LIMITED,78.0,80.1,78.0,80.05,80.05,83.05,,80.05,,,6000,476300.0,3,F1,2000,,,,,
2026-08-18,2026-08-18,CM,NSE,STK,4587,INE614A01028,RAMCOIND,EQ,,,,,RAMCO INDUSTRIES LIMITED,354.35,356.25,342.1,344.75,347.45,353.45,,344.76,,,178495,62056072.0,4806,F1,1,,,,,
2026-08-18,2026-08-18,CM,NSE,STK,7851,INE246B01019,RAMCOSYS,EQ,,,,,RAMCO SYSTEMS LTD.,593.1,598.0,564.5,564.5,564.5,594.2,,564.46,,,245543,140523335.2,7063,F1,1,,,,,
2026-08-18,2026-08-18,CM,NSE,STK,23565,INE0RJH01010,RBS,SM,,,,,RAMDEVBABA SOLVENT LTD,90.0,94.9,89.0,91.0,91.0,91.4,,91.0,,,12800,1171280.0,14,F1,800,,,,,
2026-08-18,2026-08-18,CM,NSE,STK,11411,INE399G01023,RKFORGE,EQ,,,,,RAMKRISHNA FORGINGS LTD,756.35,759.0,745.05,754.35,750.65,755.0,,754.35,,,858508,646585966.8,26707,F1,1,,,,,
2026-08-18,2026-08-18,CM,NSE,STK,20134,INE874I01013,RAMKY,EQ,,,,,RAMKY INFRA LTD,391.2,392.95,388.0,391.6,391.0,390.05,,391.6,,,25799,10073458.5,774,F1,1,,,,,
2026-08-18,2026-08-18,CM,NSE,STK,2837,INE625B01014,RANASUG,EQ,,,,,RANA SUGARS LTD.,12.97,13.62,12.9,13.3,13.25,12.9,,13.3,,,1043110,13917173.44,2542,F1,1,,,,,
2026-08-18,2026-08-18,CM,NSE,STK,11975,INE050H01012,RML,EQ,,,,,RANE (MADRAS) LIMITED,1094.9,1112.9,1085.0,1100.1,1109.1,1084.7,,1100.13,,,10805,11838786.6,1209,F1,1,,,,,
2026-08-18,2026-08-18,CM,NSE,STK,2844,INE384A01010,RANEHOLDIN,EQ,,,,,RANE HOLDINGS LIMITED,1620.0,1631.8,1558.1,1567.9,1574.0,1600.9,,1567.97,,,21338,33904973.0,2642,F1,1,,,,,
2026-08-18,2026-08-18,CM,NSE,STK,25610,INE0MVO01012,RAPPID,SM,,,,,RAPPID VALVES (INDIA) LTD,305.0,305.9,305.0,305.9,305.9,306.0,,305.9,,,1800,549660.0,3,F1,600,,,,,
2026-08-18,2026-08-18,CM,NSE,STK,22670,INE0J1F01024,RPTECH,EQ,,,,,RASHI PERIPHERALS LIMITED,867.05,871.45,850.0,861.1,859.0,871.85,,861.17,,,238708,204783983.15,16684,F1,1,,,,,
2026-08-18,2026-08-18,CM,NSE,STK,2866,INE027A01015,RCF,EQ,,,,,RASHTRIYA CHEMICALS & FER,123.0,123.1,121.0,121.19,121.12,123.26,,121.19,,,576015,70197562.79,7020,F1,1,,,,,
2026-08-18,2026-08-18,CM,NSE,STK,7177,INE0CLI01024,RATEGAIN,EQ,,,,,RATEGAIN TRAVEL TECHN LTD,955.0,955.35,926.55,935.95,938.0,949.5,,935.96,,,308664,289216263.4,14916,F1,1,,,,,
2026-08-18,2026-08-18,CM,NSE,STK,13451,INE703B01027,RATNAMANI,EQ,,,,,RATNAMANI MET & TUB LTD.,2355.0,2425.0,2352.9,2368.6,2385.0,2353.6,,2368.54,,,62154,148550519.8,16739,F1,1,,,,,
2026-08-18,2026-08-18,CM,NSE,STK,18423,INE05CZ01011,RATNAVEER,EQ,,,,,RATNAVEER PRECISION ENG L,246.08,257.5,242.65,252.19,250.8,244.87,,252.18,,,11984087,3016495162.15,86546,F1,1,,,,,
2026-08-18,2026-08-18,CM,NSE,STK,27297,INE834M01019,RTNINDIA,EQ,,,,,RATTANINDIA ENT LIMITED,30.47,31.45,30.2,30.67,30.66,30.48,,30.67,,,3065043,94278522.9,11204,F1,1,,,,,
2026-08-18,2026-08-18,CM,NSE,STK,17520,INE399K01017,RTNPOWER,EQ,,,,,RATTANINDIA POWER LIMITED,8.31,8.33,8.09,8.12,8.12,8.35,,8.12,,,17010536,139037361.73,16804,F1,1,,,,,
2026-08-18,2026-08-18,CM,NSE,STK,20950,INE722J01012,RKDL,EQ,,,,,RAVI KUMAR DIST. LTD.,18.4,18.97,18.36,18.54,18.4,18.36,,18.47,,,1418,26223.96,38,F1,1,,,,,
2026-08-18,2026-08-18,CM,NSE,STK,1565,INE09E501017,RVHL,EQ,,,,,RAVINDER HEIGHTS LIMITED,43.25,44.04,42.25,42.75,42.25,43.05,,42.74,,,9554,411412.28,103,F1,1,,,,,
2026-08-18,2026-08-18,CM,NSE,STK,24596,INE206N01018,RELTD,EQ,,,,,RAVINDRA ENERGY LIMITED,160.67,163.9,158.01,158.85,158.6,159.87,,158.86,,,128827,20798086.62,2331,F1,1,,,,,
2026-08-18,2026-08-18,CM,NSE,STK,25073,INE02ID01020,RAYMONDLSL,EQ,,,,,RAYMOND LIFESTYLE LIMITED,754.65,762.85,745.0,748.4,747.1,762.1,,748.41,,,109781,82940900.1,8992,F1,1,,,,,
2026-08-18,2026-08-18,CM,NSE,STK,2859,INE301A01014,RAYMOND,EQ,,,,,RAYMOND LTD,649.75,658.0,621.0,625.0,624.2,647.85,,624.99,,,733844,470076823.65,21801,F1,1,,,,,
2026-08-18,2026-08-18,CM,NSE,STK,758551,INE1SY401010,RAYMONDREL,EQ,,,,,RAYMOND REALTY LIMITED,575.8,583.8,574.9,578.0,578.7,581.05,,577.96,,,117902,68184377.4,4032,F1,1,,,,,
2026-08-18,2026-08-18,CM,NSE,STK,18391,INE976G01028,RBLBANK,EQ,,,,,RBL BANK LIMITED,380.5,384.9,376.4,383.0,383.0,381.5,,383.0,,,2330589,888222705.9,26754,F1,1,,,,,
2026-08-18,2026-08-18,CM,NSE,STK,13570,INE0NA301016,RBMINFRA,SM,,,,,RBM INFRACON LIMITED,242.05,242.9,223.0,229.2,232.95,240.85,,229.2,,,27800,6500920.0,114,F1,200,,,,,
2026-08-18,2026-08-18,CM,NSE,STK,20874,INE0PEQ01016,RBZJEWEL,EQ,,,,,RBZ JEWELLERS LIMITED,136.19,138.84,133.5,134.58,133.5,136.19,,134.49,,,47543,6435482.89,1264,F1,1,,,,,
2026-08-18,2026-08-18,CM,NSE,STK,764850,INE0AK901016,RRECL,EQ,,,,,RDB REAL ESTATE CONS L,146.45,146.45,136.3,136.35,136.3,145.0,,136.58,,,894,122050.08,15,F1,1,,,,,
2026-08-18,2026-08-18,CM,NSE,STK,29561,INE10QL01011,READYMIX,SM,,,,,READYMIX CONSTRU MACHI L,102.95,102.95,99.35,100.55,100.0,103.1,,100.55,,,11000,1109050.0,10,F1,1000,,,,,
2026-08-18,2026-08-18,CM,NSE,STK,15355,INE020B01018,RECLTD,EQ,,,,,REC LIMITED,340.0,341.85,338.5,338.5,338.5,340.0,,338.5,,,5976016,2033913871.5,43338,F1,1,,,,,
2026-08-18,2026-08-18,CM,NSE,STK,14255,INE891D01026,REDINGTON,EQ,,,,,REDINGTON LIMITED,334.0,337.2,324.0,326.3,326.0,332.8,,326.3,,,2030364,666299810.5,41072,F1,1,,,,,
2026-08-18,2026-08-18,CM,NSE,STK,17859,INE0LXT01019,REDTAPE,EQ,,,,,REDTAPE LIMITED,121.35,125.3,120.84,124.71,124.94,121.66,,124.73,,,399087,49386417.99,4940,F1,1,,,,,
2026-08-18,2026-08-18,CM,NSE,STK,17764,INE056I01025,REFEX,EQ,,,,,REFEX INDUSTRIES LIMITED,301.0,302.95,297.0,299.45,300.2,302.75,,299.46,,,259732,77818281.05,5049,F1,1,,,,,
2026-08-18,2026-08-18,CM,NSE,STK,23718,INE0TNX01015,REFRACTORY,SM,,,,,REFRACTORY SHAPES LIMITED,25.8,25.8,24.25,24.95,24.95,24.8,,24.95,,,7000,174100.0,6,F1,1000,,,,,
2026-08-18,2026-08-18,CM,NSE,STK,758680,INE0MHO01029,REGAAL,EQ,,,,,REGAAL RESOURCES LIMITED,90.28,101.5,88.65,99.53,100.0,90.46,,99.53,,,2975990,292126988.85,21335,F1,1,,,,,
2026-08-18,2026-08-18,CM,NSE,STK,4130,INE277C01012,REGENCERAM,EQ,,,,,REGENCY CERAMICS LTD.,35.8,37.03,35.2,36.8,36.77,35.43,,36.73,,,3751,135314.2,75,F1,1,,,,,
2026-08-18,2026-08-18,CM,NSE,STK,24225,INE131B01039,RELAXO,EQ,,,,,RELAXO FOOT LTD.,394.8,397.0,378.15,383.95,383.0,391.2,,383.96,,,345402,132533523.85,12956,F1,1,,,,,
2026-08-18,2026-08-18,CM,NSE,STK,3172,INF204KC1030,GILT5YBEES,EQ,,,,,RELCAPAMC - NETFGILT5Y,66.25,66.37,66.11,66.23,66.21,66.26,,66.23,,,91103,6032155.74,410,F1,1,,,,,
2026-08-18,2026-08-18,CM,NSE,STK,24378,INE375Y01018,RELIABLE,EQ,,,,,RELIABLE DATA SERVICE LTD,140.0,142.0,138.0,140.77,138.0,138.74,,140.83,,,208670,29117715.28,612,F1,1,,,,,
2026-08-18,2026-08-18,CM,NSE,STK,9652,INE750D01016,RELCHEMQ,EQ,,,,,RELIANCE CHEMOTEX IND LTD,118.8,118.9,114.03,115.51,116.0,115.6,,115.44,,,3010,349537.92,166,F1,1,,,,,
2026-08-18,2026-08-18,CM,NSE,STK,13188,INE330H01018,RCOM,BE,,,,,RELIANCE COMMUNICATIONS L,0.81,0.81,0.8,0.8,0.8,0.81,,0.8,,,3203697,2575117.07,1839,F1,1,,,,,
2026-08-18,2026-08-18,CM,NSE,STK,759204,INE217K01011,RHFL,BZ,,,,,RELIANCE HOME FINANCE LTD,1.77,1.78,1.73,1.74,1.75,1.78,,1.74,,,435640,763756.83,807,F1,1,,,,,
2026-08-18,2026-08-18,CM,NSE,STK,2912,INE046A01015,RIIL,EQ,,,,,RELIANCE INDUSTRIAL INFRA,749.95,751.85,735.9,738.65,737.5,747.05,,738.65,,,25399,18828471.7,1619,F1,1,,,,,
2026-08-18,2026-08-18,CM,NSE,STK,2885,INE002A01018,RELIANCE,EQ,,,,,RELIANCE INDUSTRIES LTD,1314.0,1328.6,1311.2,1322.0,1322.0,1316.0,,1321.99,,,10180567,13466467033.1,198021,F1,1,,,,,
2026-08-18,2026-08-18,CM,NSE,STK,4791,INE036A01016,RELINFRA,BE,,,,,RELIANCE INFRASTRUCTU LTD,64.47,64.47,64.47,64.47,64.47,65.78,,64.41,,,139005,8961652.35,334,F1,1,,,,,
2026-08-18,2026-08-18,CM,NSE,STK,15259,INE614G01033,RPOWER,EQ,,,,,RELIANCE POWER LTD.,22.53,22.74,22.37,22.45,22.43,22.72,,22.45,,,13059635,293318474.01,25482,F1,1,,,,,
2026-08-18,2026-08-18,CM,NSE,STK,15068,INE621H01010,RELIGARE,EQ,,,,,RELIGARE ENTER. LTD.,230.0,235.25,229.0,231.55,233.0,231.1,,231.55,,,1967477,455198436.95,13372,F1,1,,,,,
2026-08-18,2026-08-18,CM,NSE,STK,3965,INE474C01023,REMSONSIND,EQ,,,,,REMSONS INDUSTRIES LTD,81.49,83.39,80.96,82.4,82.31,81.89,,82.34,,,112716,9232461.35,1698,F1,1,,,,,
2026-08-18,2026-08-18,CM,NSE,STK,16154,INE0O5T01011,REMUS,SM,,,,,REMUS PHARMACEUTICALS L,904.0,904.0,883.5,893.8,897.0,907.3,,893.8,,,2800,2499385.0,27,F1,100,,,,,
2026-08-18,2026-08-18,CM,NSE,STK,15129,INE722H01024,RGL,EQ,,,,,RENAISSANCE GLOBAL LTD,121.9,125.85,120.2,124.9,125.36,121.9,,124.91,,,434403,53357969.62,4698,F1,1,,,,,
2026-08-18,2026-08-18,CM,NSE,STK,758157,INE0VZX01015,RNPL,SM,,,,,RENOL POLYCHEM LIMITED,80.75,80.75,80.5,80.5,80.5,78.85,,80.5,,,3600,290340.0,3,F1,1200,,,,,
2026-08-18,2026-08-18,CM,NSE,STK,29598,INE612J01015,REPCOHOME,EQ,,,,,REPCO HOME FINANCE LTD,349.6,352.0,346.45,350.1,351.55,349.6,,350.1,,,101784,35576146.85,4185,F1,1,,,,,
2026-08-18,2026-08-18,CM,NSE,STK,13126,INE461B01014,REPRO,EQ,,,,,REPRO INDIA LIMITED,334.75,343.95,326.5,330.25,329.15,325.15,,330.26,,,15316,5126483.3,1005,F1,1,,,,,
2026-08-18,2026-08-18,CM,NSE,STK,20323,INE688D01026,RESPONIND,EQ,,,,,RESPONSIVE INDUSTRIES LTD,159.68,160.22,156.41,158.09,157.99,159.01,,158.1,,,79679,12595101.77,2070,F1,1,,,,,
2026-08-18,2026-08-18,CM,NSE,STK,1494,INE07T201019,RBA,EQ,,,,,RESTAURANT BRAND ASIA LTD,99.8,108.41,99.5,106.34,104.0,99.59,,106.35,,,17134006,1784041646.56,66117,F1,1,,,,,
2026-08-18,2026-08-18,CM,NSE,STK,25157,INE0DAB01012,RVTH,EQ,,,,,REVATHI EQUIPMENT INDIA L,747.75,762.95,717.0,730.0,730.0,747.7,,730.0,,,1613,1188009.15,74,F1,1,,,,,
2026-08-18,2026-08-18,CM,NSE,STK,759062,INE0KKN01029,RHETAN,EQ,,,,,RHETAN TMT LIMITED,21.41,21.54,21.41,21.43,21.43,21.28,,21.43,,,7421414,159020143.37,2436,F1,1,,,,,
2026-08-18,2026-08-18,CM,NSE,STK,31163,INE743M01012,RHIM,EQ,,,,,RHI MAGNESITA INDIA LTD,375.7,381.45,372.25,380.0,380.5,374.25,,380.0,,,434035,164345975.2,9773,F1,1,,,,,
2026-08-18,2026-08-18,CM,NSE,STK,2909,INE209B01025,RICOAUTO,EQ,,,,,RICO AUTO INDUSTRIES LTD,132.45,137.5,132.0,133.32,133.2,132.9,,133.31,,,2049113,275731749.45,17296,F1,1,,,,,
2026-08-18,2026-08-18,CM,NSE,STK,764121,INE302D01024,RIR,EQ,,,,,RIR POWER ELECTRONICS L,176.8,176.8,168.0,170.35,170.15,173.94,,170.41,,,139576,23916157.63,3397,F1,1,,,,,
2026-08-18,2026-08-18,CM,NSE,STK,18417,INE0N2P01017,RISHABH,EQ,,,,,RISHABH INSTRUMENTS LTD,700.0,703.8,651.75,665.75,665.8,694.6,,665.78,,,711835,476498863.05,25854,F1,1,,,,,
2026-08-18,2026-08-18,CM,NSE,STK,8944,INE01EG01016,RITCO,EQ,,,,,RITCO LOGISTICS LIMITED,288.05,318.4,288.05,313.0,314.5,292.5,,313.01,,,381642,119105928.05,8264,F1,1,,,,,
2026-08-18,2026-08-18,CM,NSE,STK,3761,INE320J01015,RITES,EQ,,,,,RITES LIMITED,221.74,222.87,218.0,218.49,218.5,221.72,,218.49,,,242345,53171745.47,7312,F1,1,,,,,
2026-08-18,2026-08-18,CM,NSE,STK,1547,INE786W01010,RKEC,EQ,,,,,RKEC PROJECTS LIMITED,24.3,24.3,22.52,22.81,22.75,23.41,,22.81,,,59826,1379785.29,370,F1,1,,,,,
2026-08-18,2026-08-18,CM,NSE,STK,762346,INE655V01019,RMC,EQ,,,,,RMC SWITCHGEARS LIMITED,260.05,265.85,246.9,253.85,260.0,259.7,,253.89,,,89354,22584619.2,2909,F1,1,,,,,
2026-08-18,2026-08-18,CM,NSE,STK,24589,INE0SA001017,RNFI,SM,,,,,RNFI SERVICES LIMITED,275.0,275.0,268.15,269.95,270.25,272.4,,269.95,,,35400,9589140.0,53,F1,600,,,,,
2026-08-18,2026-08-18,CM,NSE,STK,15157,INE508K01013,RHL,EQ,,,,,ROBUST HOTELS LIMITED,168.0,170.0,167.0,169.47,169.72,166.35,,169.45,,,3822,641996.93,38,F1,1,,,,,
2026-08-18,2026-08-18,CM,NSE,STK,20289,INE0PTR01012,ROCKINGDCE,SM,,,,,ROCKINGDEALS CIRCU ECO L,163.0,168.0,160.0,161.7,160.0,167.45,,161.7,,,7500,1218637.5,28,F1,250,,,,,
2026-08-18,2026-08-18,CM,NSE,STK,5279,INE645S01024,ROLEXRINGS,EQ,,,,,ROLEX RINGS LIMITED,180.19,182.5,175.68,177.06,176.45,179.46,,177.06,,,2031379,364450664.69,18621,F1,1,,,,,
2026-08-18,2026-08-18,CM,NSE,STK,19108,INE927A01040,ROLLT,BE,,,,,ROLLATAINERS LIMITED,3.21,3.31,3.11,3.16,3.11,3.17,,3.16,,,385304,1230527.08,242,F1,1,,,,,
2026-08-18,2026-08-18,CM,NSE,STK,19410,INE02A801020,ROSSARI,EQ,,,,,ROSSARI BIOTECH LIMITED,498.6,498.9,490.8,495.9,492.2,496.15,,495.91,,,37955,18751464.05,1906,F1,1,,,,,
2026-08-18,2026-08-18,CM,NSE,STK,28913,INE847C01020,ROSSELLIND,EQ,,,,,ROSSELL INDIA LIMITED,55.53,57.5,55.04,56.9,57.0,56.17,,56.9,,,50191,2843684.31,528,F1,1,,,,,
2026-08-18,2026-08-18,CM,NSE,STK,27353,INE0OJW01016,ROSSTECH,EQ,,,,,ROSSELL TECHSYS LIMITED,1116.05,1172.0,1092.5,1103.55,1100.0,1108.9,,1103.43,,,899502,1014981625.2,59043,F1,1,,,,,
2026-08-18,2026-08-18,CM,NSE,STK,9049,INE535D01037,ROTO,EQ,,,,,ROTO PUMPS LIMITED,65.99,66.7,65.49,66.34,66.15,65.68,,66.34,,,226640,14959078.27,1478,F1,1,,,,,
2026-08-18,2026-08-18,CM,NSE,STK,128,INE450U01017,ROUTE,EQ,,,,,ROUTE MOBILE LIMITED,507.3,507.5,497.2,499.45,498.05,508.6,,499.52,,,159772,80253340.35,5767,F1,1,,,,,
2026-08-18,2026-08-18,CM,NSE,STK,20167,INE0PDJ01013,ROXHITECH,SM,,,,,ROX HI TECH LIMITED,54.4,55.8,53.6,55.45,55.45,56.45,,55.45,,,20800,1140000.0,13,F1,1600,,,,,
2026-08-18,2026-08-18,CM,NSE,STK,29727,INE0EO401019,ROYALARC,SM,,,,,ROYAL ARC ELECTRODES LTD,177.0,177.0,177.0,177.0,177.0,176.35,,177.0,,,8400,1486800.0,5,F1,1200,,,,,
2026-08-18,2026-08-18,CM,NSE,STK,13182,INE283H01019,ROHLTD,EQ,,,,,ROYAL ORCHID HOTELS LTD,307.4,312.8,300.65,304.55,306.4,307.7,,304.55,,,46156,14029239.05,1343,F1,1,,,,,
2026-08-18,2026-08-18,CM,NSE,STK,16725,INE105J01010,RPGLIFE,EQ,,,,,RPG LIFE SCIENCES LTD,2741.3,2770.0,2663.0,2702.7,2696.0,2741.3,,2703.21,,,11456,31201296.2,1465,F1,1,,,,,
2026-08-18,2026-08-18,CM,NSE,STK,8119,INE425Y01011,RPSGVENT,EQ,,,,,RPSG VENTURES LIMITED,888.75,890.0,873.0,875.25,875.0,887.25,,875.25,,,22399,19707136.8,750,F1,1,,,,,
2026-08-18,2026-08-18,CM,NSE,STK,7292,INE611A01016,RSWM,BE,,,,,RSWM LIMITED,196.0,203.05,192.0,200.25,202.0,194.52,,200.22,,,28026,5586974.34,258,F1,1,,,,,
2026-08-18,2026-08-18,CM,NSE,STK,24730,INE642C01025,RUBFILA,EQ,,,,,RUBFILA INTERNATIONAL LTD,67.5,70.0,67.5,68.84,69.44,67.36,,68.85,,,14395,991253.98,318,F1,1,,,,,
2026-08-18,2026-08-18,CM,NSE,STK,759316,INE506V01022,RUBICON,EQ,,,,,RUBICON RESEARCH LIMITED,1789.3,1819.0,1750.0,1804.1,1813.0,1798.7,,1804.16,,,687518,1230616000.8,44812,F1,1,,,,,
2026-08-18,2026-08-18,CM,NSE,STK,4566,INE413B01023,RUCHINFRA,EQ,,,,,RUCHI INFRASTRUCTURE LTD,5.81,5.97,5.72,5.75,5.73,5.81,,5.75,,,23152,135004.45,90,F1,1,,,,,
2026-08-18,2026-08-18,CM,NSE,STK,13821,INE803H01014,RUCHIRA,EQ,,,,,RUCHIRA PAPERS LIMITED,102.05,105.26,102.05,104.62,104.79,102.05,,104.63,,,37592,3924049.73,667,F1,1,,,,,
2026-08-18,2026-08-18,CM,NSE,STK,760392,INE027T01023,RUDRA,EQ,,,,,RUDRA GLOBAL INFRA PROD L,24.45,24.45,22.7,22.97,23.0,23.8,,22.96,,,133806,3130220.98,601,F1,1,,,,,
2026-08-18,2026-08-18,CM,NSE,STK,1486,INE364Z01019,REPL,BE,,,,,RUDRABHISHEK ENTERP LTD,64.0,65.0,61.75,61.75,61.75,64.0,,61.75,,,5133,321617.67,67,F1,1,,,,,
2026-08-18,2026-08-18,CM,NSE,STK,23830,INE0R7301013,RULKA,SM,,,,,RULKA ELECTRICALS LIMITED,109.0,112.0,104.0,109.7,109.95,109.1,,109.7,,,9900,1074345.0,25,F1,300,,,,,
2026-08-18,2026-08-18,CM,NSE,STK,25724,INE895B01021,RUPA,EQ,,,,,RUPA & COMPANY LTD,148.0,151.68,148.0,149.97,150.0,149.1,,149.97,,,87669,13142103.13,2722,F1,1,,,,,
2026-08-18,2026-08-18,CM,NSE,STK,24595,INE573K01025,RUSHIL,EQ,,,,,RUSHIL DECOR LIMITED,16.8,17.06,16.5,16.72,16.67,16.78,,16.71,,,293246,4912246.46,786,F1,1,,,,,
2026-08-18,2026-08-18,CM,NSE,STK,24674,INE0BSN01013,SATECH,SM,,,,,S A TECH SOFTWARE INDIA L,33.3,33.8,32.6,32.85,32.6,35.6,,32.85,,,13000,431050.0,12,F1,1000,,,,,
2026-08-18,2026-08-18,CM,NSE,STK,20698,INE807K01035,SCHAND,EQ,,,,,S CHAND AND COMPANY LTD,138.9,138.9,134.9,137.1,136.26,137.86,,137.16,,,47191,6449138.01,1271,F1,1,,,,,
2026-08-18,2026-08-18,CM,NSE,STK,25528,INE0X6F01017,SDREAMS,SM,,,,,S D RETAIL LIMITED,85.0,85.0,81.0,81.6,81.0,83.0,,81.6,,,7000,575300.0,6,F1,1000,,,,,
2026-08-18,2026-08-18,CM,NSE,STK,11212,INE500L01026,SHK,EQ,,,,,S H KELKAR AND CO. LTD.,163.99,165.0,158.12,159.48,159.88,164.25,,159.47,,,591761,95048279.77,8892,F1,1,,,,,
2026-08-18,2026-08-18,CM,NSE,STK,20542,INE0F3301020,SJLOGISTIC,SM,,,,,S J LOGISTICS (INDIA) LTD,326.0,346.9,323.0,344.25,346.8,326.0,,344.25,,,183250,62103400.0,455,F1,250,,,,,
2026-08-18,2026-08-18,CM,NSE,STK,764940,INE159L01013,SVGLOBAL,EQ,,,,,S V GLOBAL MILL LTD.,143.5,143.5,115.55,133.0,133.0,143.61,,133.0,,,21,2532.25,8,F1,1,,,,,
2026-08-18,2026-08-18,CM,NSE,STK,2951,INE902B01017,S&SPOWER,EQ,,,,,S&S POWER SWITCHGEARS LTD,296.0,296.0,270.0,277.7,274.05,297.7,,277.83,,,10586,2926001.05,459,F1,1,,,,,
2026-08-18,2026-08-18,CM,NSE,STK,18252,INE212I01016,SPAL,EQ,,,,,S. P. APPARELS LIMITED,940.7,961.65,934.6,952.45,952.4,932.45,,952.46,,,51059,48530900.5,4892,F1,1,,,,,
2026-08-18,2026-08-18,CM,NSE,STK,11634,INE658G01014,SALSTEEL,EQ,,,,,S.A.L. STEEL LTD.,74.0,75.9,71.1,72.02,71.7,71.87,,72.04,,,1744512,128321771.63,12181,F1,1,,,,,
2026-08-18,2026-08-18,CM,NSE,STK,19112,INE0PSK01027,SAAKSHI,ST,,,,,SAAKSHI MEDTEC N PANELS L,299.7,299.7,295.2,297.0,297.0,297.65,,297.0,,,10800,3208110.0,13,F1,600,,,,,
2026-08-18,2026-08-18,CM,NSE,STK,759057,INE13B501022,SAATVIKGL,EQ,,,,,SAATVIK GREEN ENERGY LTD,405.65,417.95,399.45,401.45,402.1,402.65,,401.42,,,133321,54286690.15,3870,F1,1,,,,,
2026-08-18,2026-08-18,CM,NSE,STK,757409,INE1ARD01016,SACHEEROME,SM,,,,,SACHEEROME LIMITED,469.0,503.95,465.0,488.65,488.35,466.45,,488.65,,,51600,25136385.0,135,F1,300,,,,,
2026-08-18,2026-08-18,CM,NSE,STK,13236,INE226H01026,SADBHAV,EQ,,,,,SADBHAV ENGINEERING LTD,8.26,8.44,7.85,7.95,7.95,8.26,,7.95,,,326564,2632848.87,731,F1,1,,,,,
2026-08-18,2026-08-18,CM,NSE,STK,10622,INE764L01010,SADBHIN,BE,,,,,SADBHAV INFRA PROJ LTD.,2.75,2.9,2.72,2.84,2.83,2.81,,2.84,,,176606,494471.63,210,F1,1,,,,,
2026-08-18,2026-08-18,CM,NSE,STK,15349,INE888C01040,SADHNANIQ,BE,,,,,SADHANA NITROCHEM LIMITED,3.08,3.08,3.03,3.03,3.03,3.09,,3.07,,,1273284,3871848.02,436,F1,1,,,,,
2026-08-18,2026-08-18,CM,NSE,STK,22897,INE0K5H01010,SADHAV,SM,,,,,SADHAV SHIPPING LIMITED,116.25,120.0,114.5,118.05,120.0,116.25,,118.05,,,21600,2523300.0,34,F1,600,,,,,
2026-08-18,2026-08-18,CM,NSE,STK,13035,INE429E01023,SAFARI,EQ,,,,,SAFARI IND (INDIA) LTD,1497.3,1511.9,1477.0,1482.8,1485.0,1497.3,,1482.9,,,16308,24277100.1,3567,F1,1,,,,,
2026-08-18,2026-08-18,CM,NSE,STK,757583,INE17D601016,SAFEENTP,SM,,,,,SAFE ENTER RETAIL FIX LTD,260.0,260.0,253.2,256.1,255.7,254.75,,256.1,,,17500,4504775.0,33,F1,500,,,,,
2026-08-18,2026-08-18,CM,NSE,STK,14068,INE229C01021,SAGCEM,EQ,,,,,SAGAR CEMENTS LIMITED,169.0,172.78,167.9,168.29,168.0,169.01,,168.29,,,20803,3511427.47,672,F1,1,,,,,
2026-08-18,2026-08-18,CM,NSE,STK,8175,INE976T01013,SAGARDEEP,EQ,,,,,SAGARDEEP ALLOYS LIMITED,24.4,24.4,23.63,23.7,23.65,24.02,,23.7,,,1693,40413.28,59,F1,1,,,,,
2026-08-18,2026-08-18,CM,NSE,STK,27052,INE0W2G01015,SAGILITY,EQ,,,,,SAGILITY LIMITED,42.41,42.77,41.92,42.16,42.25,42.4,,42.16,,,11644898,491972954.65,36893,F1,1,,,,,
2026-08-18,2026-08-18,CM,NSE,STK,24478,INE0P4701011,SAHAJSOLAR,SM,,,,,SAHAJ SOLAR LIMITED,105.0,107.8,105.0,105.3,105.0,105.25,,105.3,,,12000,1269420.0,27,F1,400,,,,,
2026-08-18,2026-08-18,CM,NSE,STK,16711,INE0LEX01011,SAHANA,SM,,,,,SAHANA SYSTEM LIMITED,785.85,815.0,782.0,814.05,814.0,785.85,,814.05,,,22800,18229620.0,129,F1,150,,,,,
2026-08-18,2026-08-18,CM,NSE,STK,25671,INE0RBQ01018,SAHASRA,ST,,,,,SAHASRA ELECTRONIC SOLU L,319.8,320.0,313.1,313.25,313.1,319.95,,313.25,,,21600,6834860.0,50,F1,400,,,,,
2026-08-18,2026-08-18,CM,NSE,STK,14900,INE280H01015,SAHYADRI,EQ,,,,,SAHYADRI INDUSTRIES LTD,388.0,393.95,374.0,375.55,376.0,388.15,,375.54,,,20137,7665913.9,1357,F1,1,,,,,
2026-08-18,2026-08-18,CM,NSE,STK,764865,INE531X01018,SAICAPI,EQ,,,,,SAI CAPITAL LTD.,149.0,154.95,148.0,151.33,149.1,149.95,,151.18,,,247,37098.81,25,F1,1,,,,,
2026-08-18,2026-08-18,CM,NSE,STK,27839,INE570L01029,SAILIFE,EQ,,,,,SAI LIFE SCIENCES LIMITED,1428.8,1473.0,1423.5,1440.1,1443.4,1416.4,,1440.05,,,450784,651968275.7,34508,F1,1,,,,,
2026-08-18,2026-08-18,CM,NSE,STK,761675,INE0H9F01037,SAIPARENT,EQ,,,,,SAI PARENTERALS LIMITED,558.95,558.95,540.6,542.05,543.8,551.95,,542.03,,,60708,33072679.35,2666,F1,1,,,,,
2026-08-18,2026-08-18,CM,NSE,STK,18755,INE438K01021,KALAMANDIR,EQ,,,,,SAI SILKS (KALAMANDIR) L,87.0,87.0,85.5,85.72,85.5,86.16,,85.72,,,199617,17170539.6,1878,F1,1,,,,,
2026-08-18,2026-08-18,CM,NSE,STK,764880,INE068B01017,SEKURITIND,EQ,,,,,SAINT GOBAIN SEKUR IND L,118.2,124.65,117.1,121.66,120.8,117.61,,121.63,,,43443,5271735.38,540,F1,1,,,,,
2026-08-18,2026-08-18,CM,NSE,STK,25715,INE00MT01022,SAJHOTELS,ST,,,,,SAJ HOTELS LIMITED,42.0,42.0,42.0,42.0,42.0,42.55,,42.0,,,2000,84000.0,1,F1,2000,,,,,
2026-08-18,2026-08-18,CM,NSE,STK,9539,INE732S01012,SAKAR,EQ,,,,,SAKAR HEALTHCARE LIMITED,902.45,902.8,878.0,893.7,899.0,905.35,,893.7,,,61515,54681867.85,3960,F1,1,,,,,
2026-08-18,2026-08-18,CM,NSE,STK,11794,INE667G01023,SAKSOFT,EQ,,,,,SAKSOFT LIMITED,165.0,167.78,162.21,166.36,165.81,164.95,,166.36,,,440873,72551206.96,7473,F1,1,,,,,
2026-08-18,2026-08-18,CM,NSE,STK,2969,INE623A01011,SAKHTISUG,EQ,,,,,SAKTHI SUGARS LTD,17.75,18.75,17.65,18.39,18.29,17.63,,18.4,,,482690,8850504.34,1670,F1,1,,,,,
2026-08-18,2026-08-18,CM,NSE,STK,13251,INE190H01024,SAKUMA,EQ,,,,,SAKUMA EXPORTS LIMITED,1.6,1.62,1.54,1.57,1.58,1.6,,1.56,,,1115173,1756687.27,1008,F1,1,,,,,
2026-08-18,2026-08-18,CM,NSE,STK,21362,INE170V01027,SALASAR,EQ,,,,,SALASAR TECHNO ENGG. LTD.,6.04,6.17,5.99,6.07,6.09,6.07,,6.07,,,5174251,31429334.79,4362,F1,1,,,,,
2026-08-18,2026-08-18,CM,NSE,STK,17351,INE498E01010,SALONA,EQ,,,,,SALONA COTSPIN LTD.,259.91,274.99,259.91,269.49,271.0,261.21,,269.49,,,1477,395373.21,80,F1,1,,,,,
2026-08-18,2026-08-18,CM,NSE,STK,11399,INE457F01013,SALZERELEC,EQ,,,,,SALZER ELECTRONICS LTD,573.45,578.5,566.0,568.1,570.95,570.3,,568.12,,,31402,17872665.8,1600,F1,1,,,,,
2026-08-18,2026-08-18,CM,NSE,STK,4127,INE699B01027,SAMBHAAV,EQ,,,,,SAMBHAAV MEDIA LTD,6.48,6.5,6.25,6.36,6.36,6.35,,6.36,,,26679,170596.05,100,F1,1,,,,,
2026-08-18,2026-08-18,CM,NSE,STK,757767,INE12NJ01018,SAMBHV,EQ,,,,,SAMBHV STEEL TUBES LTD,120.0,124.9,119.52,124.34,124.21,119.88,,124.34,,,1781158,219404274.6,12351,F1,1,,,,,
2026-08-18,2026-08-18,CM,NSE,STK,21096,INE0PZA01015,SAIFL,SM,,,,,SAMEERA AGRO AND INFRA L,4.95,5.05,4.95,5.0,5.0,5.0,,5.0,,,60000,300400.0,14,F1,4000,,,,,
2026-08-18,2026-08-18,CM,NSE,STK,18614,INE08U801020,SAMHI,EQ,,,,,SAMHI HOTELS LIMITED,159.0,161.24,158.6,160.03,159.4,159.41,,160.03,,,438145,70065036.44,5658,F1,1,,,,,
2026-08-18,2026-08-18,CM,NSE,STK,30125,INE148I01020,SAMMAANCAP,EQ,,,,,SAMMAAN CAPITAL LIMITED,153.33,153.95,145.0,150.23,149.59,153.33,,150.21,,,23129231,3455373484.53,93547,F1,1,,,,,
2026-08-18,2026-08-18,CM,NSE,STK,27303,INE735M01018,SAMPANN,EQ,,,,,SAMPANN UTPADAN INDIA LTD,26.8,26.8,25.97,26.42,26.47,26.3,,26.42,,,14006,368662.22,110,F1,1,,,,,
2026-08-18,2026-08-18,CM,NSE,STK,4204,INE775A01035,MOTHERSON,EQ,,,,,SAMVRDHNA MTHRSN INTL LTD,168.1,170.9,168.1,170.4,170.4,168.06,,170.38,,,12696084,2157374401.19,63330,F1,1,,,,,
2026-08-18,2026-08-18,CM,NSE,STK,28805,INE0JPD01013,SANATHAN,EQ,,,,,SANATHAN TEXTILES LIMITED,461.05,463.45,449.75,454.6,457.9,463.5,,454.61,,,48969,22352928.25,4898,F1,1,,,,,
2026-08-18,2026-08-18,CM,NSE,STK,2988,INE583B01015,SANDESH,EQ,,,,,SANDESH LTD,1080.9,1094.95,1060.0,1060.5,1060.0,1081.85,,1060.53,,,1700,1816960.15,185,F1,1,,,,,
2026-08-18,2026-08-18,CM,NSE,STK,2397,INE278H01035,SANDHAR,EQ,,,,,SANDHAR TECHNOLOGIES LTD,633.0,639.8,625.0,631.8,631.0,632.55,,631.8,,,91956,58024199.35,4626,F1,1,,,,,
2026-08-18,2026-08-18,CM,NSE,STK,18359,INE149K01016,SANDUMA,EQ,,,,,SANDUR MANG & IRON ORES L,201.0,203.4,199.21,200.0,199.5,200.89,,200.0,,,287962,57822815.86,5046,F1,1,,,,,
2026-08-18,2026-08-18,CM,NSE,STK,4184,INE495C01010,SANGAMIND,EQ,,,,,SANGAM (INDIA) LTD,586.2,600.8,584.0,588.75,586.7,592.45,,588.74,,,15927,9389885.55,900,F1,1,,,,,
2026-08-18,2026-08-18,CM,NSE,STK,14058,INE989A01032,SANGHVIMOV,EQ,,,,,SANGHVI MOVERS LTD,508.0,522.9,504.05,520.75,521.85,506.95,,520.81,,,312166,160856489.05,12913,F1,1,,,,,
2026-08-18,2026-08-18,CM,NSE,STK,11033,INE753W01010,SANGINITA,BE,,,,,SANGINITA CHEMICALS LTD,59.53,59.53,59.53,59.53,59.53,56.7,,59.53,,,31343,1865848.79,113,F1,1,,,,,
2026-08-18,2026-08-18,CM,NSE,STK,25222,INE0UOS01011,SANOFICONR,EQ,,,,,SANOFI CONS HEALTHC IND L,4384.8,4384.8,4311.0,4336.6,4328.0,4363.0,,4336.69,,,2260,9806859.3,748,F1,1,,,,,
2026-08-18,2026-08-18,CM,NSE,STK,1442,INE058A01010,SANOFI,EQ,,,,,SANOFI INDIA LIMITED,3197.4,3258.0,3178.1,3242.1,3247.0,3197.4,,3241.77,,,13116,42249323.4,3183,F1,1,,,,,
2026-08-18,2026-08-18,CM,NSE,STK,5751,INE953O01021,SANSERA,EQ,,,,,SANSERA ENGINEERING LTD,4000.0,4040.4,3942.5,4003.2,3990.0,4002.0,,4003.37,,,172483,690085189.1,25166,F1,1,,,,,
2026-08-18,2026-08-18,CM,NSE,STK,24582,INE08NE01025,SANSTAR,EQ,,,,,SANSTAR LIMITED,109.03,110.19,106.91,107.29,106.95,109.19,,107.31,,,136937,14818494.06,2258,F1,1,,,,,
2026-08-18,2026-08-18,CM,NSE,STK,46,INE890C01046,SANWARIA,BZ,,,,,SANWARIA CONSUMER LIMITED,0.2,0.2,0.19,0.19,0.2,0.19,,0.19,,,992931,197171.38,214,F1,1,,,,,
2026-08-18,2026-08-18,CM,NSE,STK,6718,INE806T01020,SAPPHIRE,EQ,,,,,SAPPHIRE FOODS INDIA LTD,234.5,234.9,229.05,231.99,230.67,234.68,,232.0,,,890093,206282844.03,24356,F1,1,,,,,
2026-08-18,2026-08-18,CM,NSE,STK,19863,INE0PUC01020,SARTELE,SM,,,,,SAR TELEVENTURE LIMITED,102.5,102.5,98.8,99.55,100.5,100.9,,99.55,,,101000,10146500.0,163,F1,500,,,,,
2026-08-18,2026-08-18,CM,NSE,STK,762985,INE967G01019,ZSARACOM,EQ,,,,,SARASWATI COMM (INDIA) L,13414.0,13418.0,12660.0,13076.0,13089.0,12841.0,,13074.38,,,123,1603495.0,77,F1,1,,,,,
2026-08-18,2026-08-18,CM,NSE,STK,24856,INE0PQ101010,SSDL,EQ,,,,,SARASWATI SAREE DEPOT LTD,60.35,62.37,60.35,60.84,60.6,61.38,,60.83,,,26977,1649924.23,603,F1,1,,,,,
2026-08-18,2026-08-18,CM,NSE,STK,17758,INE385C01021,SARDAEN,EQ,,,,,SARDA ENERGY & MIN LTD,522.7,524.0,516.2,518.15,517.0,521.15,,518.15,,,215053,111875425.15,7567,F1,1,,,,,
2026-08-18,2026-08-18,CM,NSE,STK,4892,INE979A01025,SAREGAMA,EQ,,,,,SAREGAMA INDIA LIMITED,520.1,524.8,512.0,513.95,513.0,523.4,,513.95,,,332669,171612879.25,14343,F1,1,,,,,
2026-08-18,2026-08-18,CM,NSE,STK,14043,INE453D01025,SARLAPOLY,EQ,,,,,SARLA PERF. FIBERS LTD,101.8,102.88,100.0,101.22,101.25,101.61,,101.18,,,65712,6650485.42,775,F1,1,,,,,
2026-08-18,2026-08-18,CM,NSE,STK,6843,INE017W01010,SMLT,EQ,,,,,SARTHAK METALS LIMITED,69.0,71.98,69.0,69.28,70.35,70.29,,69.32,,,4098,288145.93,92,F1,1,,,,,
2026-08-18,2026-08-18,CM,NSE,STK,12913,INE324X01026,SARVESHWAR,EQ,,,,,SARVESHWAR FOODS LIMITED,3.5,3.5,3.42,3.43,3.43,3.5,,3.43,,,690456,2379667.24,1169,F1,1,,,,,
2026-08-18,2026-08-18,CM,NSE,STK,11983,INE231F01020,SASKEN,EQ,,,,,SASKEN TECHNOLOGIES LTD,1919.5,1960.0,1910.4,1943.0,1921.0,1919.5,,1942.84,,,11305,21832940.8,1800,F1,1,,,,,
2026-08-18,2026-08-18,CM,NSE,STK,29151,INE0NB801022,SATKARTAR,SM,,,,,SAT KARTAR LIFE LIMITED,122.0,122.0,118.0,121.05,121.0,122.0,,121.05,,,10400,1246480.0,12,F1,800,,,,,
2026-08-18,2026-08-18,CM,NSE,STK,24697,INE0RFP01011,SSEGL,SM,,,,,SATHLOKHAR SYN E&C GLOB L,353.1,364.9,350.0,350.1,350.0,353.3,,350.1,,,92800,32878020.0,240,F1,200,,,,,
2026-08-18,2026-08-18,CM,NSE,STK,11045,INE170E01023,SATIA,EQ,,,,,SATIA INDUSTRIES LIMITED,59.99,60.47,58.0,58.56,58.23,59.24,,58.57,,,102820,6074596.47,1737,F1,1,,,,,
2026-08-18,2026-08-18,CM,NSE,STK,10453,INE836B01017,SATIN,EQ,,,,,SATIN CREDIT NET LTD,228.73,230.6,223.91,228.79,230.6,228.73,,228.79,,,318091,72478760.24,5400,F1,1,,,,,
2026-08-18,2026-08-18,CM,NSE,STK,758960,INE14DW01018,SATTVAENGG,SM,,,,,SATTVA ENGINEERING CSTN L,75.0,75.0,74.95,74.95,74.95,73.95,,74.95,,,4800,359920.0,3,F1,1600,,,,,
2026-08-18,2026-08-18,CM,NSE,STK,3018,INE626A01014,SAURASHCEM,EQ,,,,,SAURASHTRA CEMENT LIMITED,59.06,59.5,58.0,58.72,58.99,58.72,,58.72,,,76942,4515837.19,1006,F1,1,,,,,
2026-08-18,2026-08-18,CM,NSE,STK,3021,INE035D01020,SOTL,EQ,,,,,SAVITA OIL TECHNOLO. LTD,690.85,725.0,688.6,718.4,718.0,692.65,,718.4,,,353723,251838725.5,14905,F1,1,,,,,
2026-08-18,2026-08-18,CM,NSE,STK,757704,INE0UCN01017,SAVY,SM,,,,,SAVY INFRA AND LOGI LTD,135.0,135.0,125.0,126.0,125.0,132.0,,126.0,,,6000,775920.0,5,F1,1200,,,,,
2026-08-18,2026-08-18,CM,NSE,STK,758444,INE10VS01016,SAWALIYA,SM,,,,,SAWALIYA FOOD PRODUCTS L,285.0,287.0,279.05,279.05,279.05,281.7,,279.05,,,61800,17412000.0,56,F1,600,,,,,
2026-08-18,2026-08-18,CM,NSE,STK,762879,INE318C01014,SAYAJIHOTL,EQ,,,,,SAYAJI HOTELS LTD.,315.0,315.4,310.0,315.4,315.4,310.3,,315.4,,,93,28896.15,12,F1,1,,,,,
2026-08-18,2026-08-18,CM,NSE,STK,764875,INE327G01032,SAYAJIIND,EQ,,,,,SAYAJI INDUSTRIES LTD.,114.8,115.36,109.7,109.7,109.7,114.8,,114.35,,,1038,116039.16,198,F1,1,,,,,
2026-08-18,2026-08-18,CM,NSE,STK,6792,INE04AK01028,SBC,EQ,,,,,SBC EXPORTS LIMITED,38.65,39.0,38.56,38.66,38.7,38.75,,38.66,,,6977822,270161645.34,5171,F1,1,,,,,
2026-08-18,2026-08-18,CM,NSE,STK,18026,INE423Y01016,SBFC,EQ,,,,,SBFC FINANCE LIMITED,93.17,94.53,93.17,93.67,93.55,93.95,,93.67,,,582128,54625347.14,8991,F1,1,,,,,
2026-08-18,2026-08-18,CM,NSE,STK,17971,INE018E01016,SBICARD,EQ,,,,,SBI CARDS & PAY SER LTD,642.0,643.15,613.9,615.0,615.0,641.75,,615.0,,,2769735,1724966418.25,58441,F1,1,,,,,
2026-08-18,2026-08-18,CM,NSE,STK,764173,INE640G01020,SBIFUNDS,EQ,,,,,SBI FUNDS MANAGEMENT LTD,556.5,562.35,552.0,554.85,553.9,557.25,,554.86,,,1616546,897532473.25,42268,F1,1,,,,,
2026-08-18,2026-08-18,CM,NSE,STK,21808,INE123W01016,SBILIFE,EQ,,,,,SBI LIFE INSURANCE CO LTD,1789.0,1796.5,1762.5,1778.0,1778.0,1790.4,,1778.0,,,584461,1041604019.0,32001,F1,1,,,,,
2026-08-18,2026-08-18,CM,NSE,STK,17272,INF200KA16D8,SETFGOLD,EQ,,,,,SBI-ETF GOLD,127.2,131.4,127.2,130.38,130.39,130.47,,130.38,,,2779431,362349437.43,7836,F1,1,,,,,
2026-08-18,2026-08-18,CM,NSE,STK,10176,INF200KA1FS1,SETFNIF50,EQ,,,,,SBI-ETF NIFTY 50,269.28,269.28,260.6,260.94,261.0,262.72,,260.95,,,421677,110119187.93,8275,F1,1,,,,,
2026-08-18,2026-08-18,CM,NSE,STK,7361,INF200KA1580,SETFNIFBK,EQ,,,,,SBI-ETF NIFTY BANK,592.55,593.74,588.46,589.97,590.7,593.59,,589.89,,,43554,25724693.23,672,F1,1,,,,,
2026-08-18,2026-08-18,CM,NSE,STK,7353,INF200KA1598,SETFNN50,EQ,,,,,SBI-ETF NIFTY NEXT 50,821.02,821.02,796.44,798.66,799.0,801.0,,798.66,,,44912,35854163.7,2353,F1,1,,,,,
2026-08-18,2026-08-18,CM,NSE,STK,19705,INF200KA13Z8,LIQUIDSBI,EQ,,,,,SBIAMC - LIQUIDSBI,1000.0,1000.01,999.99,1000.01,1000.01,999.99,,1000.01,,,1495,1494993.17,18,F1,1,,,,,
2026-08-18,2026-08-18,CM,NSE,STK,30290,INF200KB1712,SBIBPB,EQ,,,,,SBIAMC - SBIBPB,51.65,51.65,49.55,50.26,50.15,50.65,,50.27,,,73923,3710225.58,365,F1,1,,,,,
2026-08-18,2026-08-18,CM,NSE,STK,5168,INF200KA1X17,SBIETFCON,EQ,,,,,SBIAMC - SBIETFCON,123.46,125.01,123.46,124.78,124.86,125.45,,124.78,,,1382,172275.71,93,F1,1,,,,,
2026-08-18,2026-08-18,CM,NSE,STK,740,INF200KA1S14,SBIETFIT,EQ,,,,,SBIAMC - SBIETFIT,339.85,340.15,335.31,336.34,337.09,341.85,,336.34,,,11036,3716948.06,309,F1,1,,,,,
2026-08-18,2026-08-18,CM,NSE,STK,722,INF200KA1S22,SBIETFPB,EQ,,,,,SBIAMC - SBIETFPB,279.84,282.0,277.57,278.01,277.58,279.02,,278.01,,,25021,6968509.41,87,F1,1,,,,,
2026-08-18,2026-08-18,CM,NSE,STK,7218,INF200KA1WX6,SBIETFQLTY,EQ,,,,,SBIAMC - SBIETFQLTY,227.6,227.6,224.75,225.4,225.39,227.61,,225.4,,,2405,543190.73,57,F1,1,,,,,
2026-08-18,2026-08-18,CM,NSE,STK,758496,INF200KB1969,SBILIQETF,EQ,,,,,SBIAMC - SBILIQETF,1052.12,1052.26,1052.12,1052.25,1052.26,1052.12,,1052.25,,,73786,77641616.31,88,F1,1,,,,,
2026-08-18,2026-08-18,CM,NSE,STK,761095,INF200KB1AJ0,SBIMIDMOM,EQ,,,,,SBIAMC - SBIMIDMOM,64.3,64.34,63.89,64.28,64.26,64.38,,64.28,,,263065,16889902.59,181,F1,1,,,,,
2026-08-18,2026-08-18,CM,NSE,STK,24524,INF200KB1282,SBINEQWETF,EQ,,,,,SBIAMC - SBINEQWETF,34.1,34.25,33.5,33.69,33.72,33.94,,33.7,,,25251,851009.44,215,F1,1,,,,,
2026-08-18,2026-08-18,CM,NSE,STK,761741,INF200KB1AK8,SBINMID150,EQ,,,,,SBIAMC - SBINMID150,23.47,23.56,23.39,23.55,23.56,23.47,,23.56,,,7216,169159.52,99,F1,1,,,,,
2026-08-18,2026-08-18,CM,NSE,STK,24366,INF200KB1217,SBISILVER,EQ,,,,,SBIAMC - SBISILVER,231.49,231.49,226.56,227.17,227.3,229.2,,227.17,,,595004,135211020.94,4487,F1,1,,,,,
2026-08-18,2026-08-18,CM,NSE,STK,763543,INF200KB1AY9,SBISMLETF,EQ,,,,,SBIAMC - SBISMLETF,18.67,18.67,18.32,18.37,18.47,18.36,,18.37,,,49591,912984.69,217,F1,1,,,,,
2026-08-18,2026-08-18,CM,NSE,STK,763546,INF200KB1AX1,SBIVALETF,EQ,,,,,SBIAMC - SBIVALETF,14.98,14.98,14.8,14.81,14.88,14.91,,14.81,,,5779,85735.37,41,F1,1,,,,,
2026-08-18,2026-08-18,CM,NSE,STK,17395,INF200KA1JT1,SETF10GILT,EQ,,,,,SBIAMC - SETF10GILT,265.22,266.72,265.01,265.39,265.4,266.01,,265.39,,,1990,527845.09,33,F1,1,,,,,
2026-08-18,2026-08-18,CM,NSE,STK,762887,INE099G01011,SCANSTL,BE,,,,,SCAN STEELS LTD.,60.52,65.25,59.53,62.69,63.0,62.23,,62.68,,,141316,8930728.1,355,F1,1,,,,,
2026-08-18,2026-08-18,CM,NSE,STK,1011,INE513A01022,SCHAEFFLER,EQ,,,,,SCHAEFFLER INDIA LIMITED,4013.2,4099.9,4012.6,4073.3,4075.3,4028.9,,4073.34,,,107257,435728672.3,26614,F1,1,,,,,
2026-08-18,2026-08-18,CM,NSE,STK,31234,INE839M01018,SCHNEIDER,EQ,,,,,SCHNEIDER ELECTRIC INFRA,1212.2,1279.9,1212.2,1274.4,1279.0,1212.2,,1274.43,,,1205149,1521271790.5,47025,F1,1,,,,,
2026-08-18,2026-08-18,CM,NSE,STK,757468,INE148I07XU9,SCL0182025,NC,,,,,SCL 0% 2028 SR VI,1032.5,1032.5,1032.5,1032.5,1032.5,1032.0,,1032.5,,,2,2065.0,1,F1,1,,,,,
2026-08-18,2026-08-18,CM,NSE,STK,757497,INE148I07XY1,995SCL2035,NM,,,,,SCL 9.95% 2035 SR XII,990.0,990.0,990.0,990.0,990.0,990.0,,990.0,,,10,9900.0,1,F1,1,,,,,
2026-08-18,2026-08-18,CM,NSE,STK,30210,INE148I07WC9,SCL19325A,N1,,,,,SCL SR III,1113.5,1113.5,1100.0,1100.4,1100.0,1086.3,,1100.4,,,100,110040.5,2,F1,1,,,,,
2026-08-18,2026-08-18,CM,NSE,STK,757478,INE090501011,SCODATUBES,EQ,,,,,SCODA TUBES LIMITED,129.15,132.0,128.0,128.91,128.98,129.68,,128.92,,,165867,21552117.74,2303,F1,1,,,,,
2026-08-18,2026-08-18,CM,NSE,STK,761658,IN1020260023,807AP51,SG,,,,,SDL AP 8.07% 2051,100.0,100.0,100.0,100.0,100.0,100.27,,100.0,,,100,10000.0,1,F1,100,,,,,
2026-08-18,2026-08-18,CM,NSE,STK,10765,IN1220220082,765AS32,SG,,,,,SDL AS 7.65% 2032,102.48,102.48,102.48,102.48,102.48,100.1,,102.48,,,100,10248.0,1,F1,100,,,,,
2026-08-18,2026-08-18,CM,NSE,STK,22864,IN3520230225,745CG33,SG,,,,,SDL CG 7.45% 2033,100.0,100.0,100.0,100.0,100.0,100.0,,100.0,,,100,10000.0,1,F1,100,,,,,
2026-08-18,2026-08-18,CM,NSE,STK,21152,IN1520230179,747GJ28,SG,,,,,SDL GJ 7.47% 2028,100.25,100.25,100.25,100.25,100.25,97.7,,100.25,,,100,10025.0,1,F1,100,,,,,
2026-08-18,2026-08-18,CM,NSE,STK,23815,IN1620240037,742HR34,SG,,,,,SDL HR 7.42% 2034,95.0,95.0,95.0,95.0,95.0,100.0,,95.0,,,200,19000.0,1,F1,100,,,,,
2026-08-18,2026-08-18,CM,NSE,STK,758192,IN2020250113,724KL41,SG,,,,,SDL KL 7.24% 2041,91.0,91.0,91.0,91.0,91.0,95.0,,91.0,,,100,9100.0,1,F1,100,,,,,
2026-08-18,2026-08-18,CM,NSE,STK,22751,IN2220230238,746MH35,SG,,,,,SDL MH 7.46% 2035,95.0,95.0,95.0,95.0,95.0,95.0,,95.0,,,100,9500.0,1,F1,100,,,,,
2026-08-18,2026-08-18,CM,NSE,STK,764145,IN3120260077,739TN34A,SG,,,,,SDL TN 7.39% 2034,94.08,94.08,94.08,94.08,94.08,96.0,,94.08,,,100,9408.0,1,F1,100,,,,,
2026-08-18,2026-08-18,CM,NSE,STK,759337,IN3120250318,744TN55A,SG,,,,,SDL TN 7.44% 2055,90.0,90.0,90.0,90.0,90.0,92.0,,90.0,,,100,9000.0,1,F1,100,,,,,
2026-08-18,2026-08-18,CM,NSE,STK,20643,INE027E07972,935LTF29,N5,,,,,SE RE NCD 9.35% SR.V OP2,1108.99,1108.99,1108.99,1108.99,1108.99,1086.17,,1098.0,,,1,1108.99,1,F1,1,,,,,
2026-08-18,2026-08-18,CM,NSE,STK,2616,INE497B01018,SEAMECLTD,EQ,,,,,SEAMEC LIMITED,1561.2,1599.0,1560.4,1574.7,1579.9,1561.1,,1574.74,,,59689,94267200.2,5010,F1,1,,,,,
2026-08-18,2026-08-18,CM,NSE,STK,7666,INE477L07AP4,IIFLHFZC27,NB,,,,,SEC RE NCD 0% SR.V,1438.75,1438.8,1438.75,1438.79,1438.8,1436.0,,1438.79,,,200,287759.95,2,F1,1,,,,,
2026-08-18,2026-08-18,CM,NSE,STK,13858,INE530B07278,IIFLZC28A,NU,,,,,SEC RE NCD 0% SR.VII,1320.0,1320.0,1320.0,1320.0,1320.0,1325.0,,1320.0,,,5,6600.0,2,F1,1,,,,,
2026-08-18,2026-08-18,CM,NSE,STK,17043,INE530B07369,IIFLZC28B,Y1,,,,,SEC RE NCD 0% SR.VII,1272.0,1272.0,1272.0,1272.0,1272.0,1272.0,,1272.0,,,10,12720.0,1,F1,1,,,,,
2026-08-18,2026-08-18,CM,NSE,STK,20779,INE413U07269,1003ISFL28,N4,,,,,SEC RE NCD 10.03% SR 5,1012.3,1012.3,1007.0,1007.01,1007.01,1002.0,,1007.01,,,1434,1447143.98,21,F1,1,,,,,
2026-08-18,2026-08-18,CM,NSE,STK,25566,INE148I07UR1,1003SCL31A,N1,,,,,SEC RE NCD 10.03% SR X,995.0,995.0,995.0,995.0,995.0,995.0,,995.0,,,397,395015.0,2,F1,1,,,,,
2026-08-18,2026-08-18,CM,NSE,STK,14034,INE244L07283,1030SFIL28,NM,,,,,SEC RE NCD 10.30% SR.VII,435.8,435.8,435.8,435.8,435.8,435.8,,435.8,,,25,10895.0,1,F1,1,,,,,
2026-08-18,2026-08-18,CM,NSE,STK,25916,INE583D07513,1040UCL27B,N1,,,,,SEC RE NCD 10.40% SR III,1001.0,1008.0,1001.0,1008.0,1008.0,1001.81,,1008.0,,,100,100450.0,2,F1,1,,,,,
2026-08-18,2026-08-18,CM,NSE,STK,23123,INE342T07460,1065NFL27,NC,,,,,SEC RE NCD 10.65% SR.IV,1000.01,1019.0,1000.01,1018.99,1018.99,1011.0,,1014.5,,,134,135251.65,8,F1,1,,,,,
2026-08-18,2026-08-18,CM,NSE,STK,20120,INE148I07QZ2,980SCL33,NX,,,,,SEC RE NCD 10.75% SR XI,948.0,948.0,948.0,948.0,948.0,850.3,,948.0,,,13,12324.0,1,F1,1,,,,,
2026-08-18,2026-08-18,CM,NSE,STK,23125,INE342T07445,1119NFL27,ND,,,,,SEC RE NCD 11.19% SR.V,1045.33,1045.33,1045.33,1045.33,1045.33,1045.33,,1045.33,,,1000,1045330.0,5,F1,1,,,,,
2026-08-18,2026-08-18,CM,NSE,STK,3433,INE219X07223,79IGT28,NF,,,,,SEC RE NCD 7.90% SR.III,1015.0,1015.0,1015.0,1015.0,1015.0,1010.01,,1015.0,,,75,76125.0,1,F1,1,,,,,
2026-08-18,2026-08-18,CM,NSE,STK,11658,INE0H7R07017,79NHIT35,N1,,,,,SEC RE NCD 7.90% STRPP A,309.16,310.2,309.16,310.2,310.2,309.01,,310.6,,,822,254561.31,7,F1,1,,,,,
2026-08-18,2026-08-18,CM,NSE,STK,11665,INE0H7R07025,79NHIT40,N2,,,,,SEC RE NCD 7.90% STRPP B,310.0,317.97,310.0,314.0,314.0,310.0,,314.0,,,24,7473.77,5,F1,1,,,,,
2026-08-18,2026-08-18,CM,NSE,STK,11669,INE0H7R07033,79NHIT47,N3,,,,,SEC RE NCD 7.90% STRPP C,434.49,434.49,423.97,429.0,429.0,416.35,,429.0,,,1082,459838.04,8,F1,1,,,,,
2026-08-18,2026-08-18,CM,NSE,STK,3476,INE219X07280,797IGT31,NL,,,,,SEC RE NCD 7.97% SR.VI,1020.0,1020.0,1020.0,1020.0,1020.0,1020.0,,1020.0,,,110,112200.0,8,F1,1,,,,,
2026-08-18,2026-08-18,CM,NSE,STK,7648,INE477L07AN9,820IIFL27,N9,,,,,SEC RE NCD 8.20% SR.III,990.0,990.2,990.0,990.0,990.0,990.0,,990.0,,,100,99000.2,8,F1,1,,,,,
2026-08-18,2026-08-18,CM,NSE,STK,3464,INE219X07264,82IGT31,NJ,,,,,SEC RE NCD 8.20% SR.V,1030.0,1030.0,1028.35,1028.38,1028.35,1035.0,,1028.38,,,50,51419.15,2,F1,1,,,,,
2026-08-18,2026-08-18,CM,NSE,STK,6197,INE530B07161,842IIFL26,NL,,,,,SEC RE NCD 8.42% SR.V,999.97,999.97,999.97,999.97,999.97,993.25,,999.97,,,5,4999.85,1,F1,1,,,,,
2026-08-18,2026-08-18,CM,NSE,STK,7668,INE477L07AQ2,843IHFL29,NC,,,,,SEC RE NCD 8.43% SR.VI,978.2,978.2,978.2,978.2,978.2,980.02,,978.2,,,31,30324.2,1,F1,1,,,,,
2026-08-18,2026-08-18,CM,NSE,STK,17039,INE530B07385,865IFL28,NZ,,,,,SEC RE NCD 8.65% SR.V,995.0,995.0,983.7,983.7,983.7,983.85,,984.35,,,110,109337.0,2,F1,1,,,,,
2026-08-18,2026-08-18,CM,NSE,STK,13852,INE530B07310,865IIFL28,NS,,,,,SEC RE NCD 8.65% SR.V,989.1,990.0,989.0,989.35,990.0,988.0,,989.35,,,1118,1106162.4,10,F1,1,,,,,
2026-08-18,2026-08-18,CM,NSE,STK,7777,INE148I07LE8,889SCFL27,YC,,,,,SEC RE NCD 8.89% SR.VIII,999.0,999.25,999.0,999.25,999.25,998.0,,999.25,,,176,175841.25,4,F1,1,,,,,
2026-08-18,2026-08-18,CM,NSE,STK,28858,INE477L07BC0,9IHFL27,N1,,,,,SEC RE NCD 9% SR IV,1053.62,1053.62,1053.62,1053.62,1053.62,1052.33,,1053.62,,,137,144345.94,1,F1,1,,,,,
2026-08-18,2026-08-18,CM,NSE,STK,17041,INE530B07377,9IIFL28,Y0,,,,,SEC RE NCD 9% SR.VI,1028.0,1028.0,1028.0,1028.0,1028.0,1000.0,,1028.0,,,288,296064.0,2,F1,1,,,,,
2026-08-18,2026-08-18,CM,NSE,STK,13854,INE530B07260,9IIFL28A,NT,,,,,SEC RE NCD 9% SR.VI,1045.0,1045.0,1045.0,1045.0,1045.0,1039.99,,1045.0,,,200,209000.0,2,F1,1,,,,,
2026-08-18,2026-08-18,CM,NSE,STK,23710,INE338I07115,93MOFSL34,N6,,,,,SEC RE NCD 9.30% SR VII,1058.99,1069.0,1058.99,1069.0,1069.0,1058.99,,1069.0,,,52,55087.5,4,F1,1,,,,,
2026-08-18,2026-08-18,CM,NSE,STK,23708,INE338I07107,935MOFSL29,N5,,,,,SEC RE NCD 9.35% SR VI,1048.89,1048.89,1048.89,1048.89,1048.89,1049.0,,1048.89,,,20,20977.8,1,F1,1,,,,,
2026-08-18,2026-08-18,CM,NSE,STK,13497,INE148I07ND6,965SCL25C,N0,,,,,SEC RE NCD 9.39% SR.VIII,404.4,415.0,404.4,415.0,415.0,415.0,,415.0,,,42,17218.0,4,F1,1,,,,,
2026-08-18,2026-08-18,CM,NSE,STK,20075,INE148I07QK4,948SCL26A,NN,,,,,SEC RE NCD 9.48% SR V,333.75,333.75,333.75,333.75,333.75,330.0,,333.75,,,285,95118.75,1,F1,1,,,,,
2026-08-18,2026-08-18,CM,NSE,STK,25552,INE148I07UC3,948SCL27D,N1,,,,,SEC RE NCD 9.48% SR V,1060.0,1060.0,1060.0,1060.0,1060.0,990.0,,1060.0,,,2,2120.0,1,F1,1,,,,,
2026-08-18,2026-08-18,CM,NSE,STK,25294,INE423A07336,956AEL29,N6,,,,,SEC RE NCD 9.56% SR VI,1051.0,1051.0,1050.99,1051.0,1051.0,1040.0,,1051.0,,,55,57804.9,5,F1,1,,,,,
2026-08-18,2026-08-18,CM,NSE,STK,20769,INE413U07236,957ISFL26,N2,,,,,SEC RE NCD 9.57% SR 3,1000.1,1000.1,1000.0,1000.0,1000.0,996.0,,1000.0,,,99,99005.0,3,F1,1,,,,,
2026-08-18,2026-08-18,CM,NSE,STK,25287,INE423A07328,965AEL27,N4,,,,,SEC RE NCD 9.65% SR IV,1104.0,1104.0,1100.0,1100.0,1100.0,1105.0,,1100.0,,,715,786560.0,14,F1,1,,,,,
2026-08-18,2026-08-18,CM,NSE,STK,18487,INE741K07579,970CAGL28,ND,,,,,SEC RE NCD 9.70% SR VII,1020.0,1020.0,1020.0,1020.0,1020.0,1028.99,,1020.0,,,10,10200.0,1,F1,1,,,,,
2026-08-18,2026-08-18,CM,NSE,STK,14038,INE244L07416,985SFIL28,NO,,,,,SEC RE NCD 9.85% SR.VIII,400.3,400.3,400.3,400.3,400.3,420.0,,400.3,,,40,16012.0,2,F1,1,,,,,
2026-08-18,2026-08-18,CM,NSE,STK,20061,INE148I07QI8,990SCL26A,NL,,,,,SEC RE NCD 9.9% SR IV,369.0,369.0,369.0,369.0,369.0,325.2,,369.0,,,7,2583.0,2,F1,1,,,,,
2026-08-18,2026-08-18,CM,NSE,STK,14219,INE00QS24043,IMC1,N1,,,,,SEC RE NCGB 8.25% STRPP B,251.0,251.0,251.0,251.0,251.0,251.0,,251.0,,,100,25100.0,3,F1,1,,,,,
2026-08-18,2026-08-18,CM,NSE,STK,14224,INE00QS24027,IMC1,N2,,,,,SEC RE NCGB 8.25% STRPP C,254.15,254.5,254.15,254.49,254.5,250.0,,254.49,,,1000,254494.75,5,F1,1,,,,,
2026-08-18,2026-08-18,CM,NSE,STK,14228,INE00QS24035,IMC1,N3,,,,,SEC RE NCGB 8.25% STRPP D,252.0,252.01,252.0,252.0,252.0,252.0,,252.0,,,207,52164.62,5,F1,1,,,,,
2026-08-18,2026-08-18,CM,NSE,STK,7975,INE804IA7014,1015ECL29,NR,,,,,SEC RED NCD 10.15% SR. VI,1015.1,1019.0,1013.3,1016.99,1016.99,1020.4,,1016.99,,,108,109770.5,7,F1,1,,,,,
2026-08-18,2026-08-18,CM,NSE,STK,7986,INE804IA7022,1060ECL29,NS,,,,,SEC RED NCD 10.6% SR. VII,1057.4,1079.4,1057.4,1079.4,1079.4,1071.66,,1079.4,,,158,168564.71,3,F1,1,,,,,
2026-08-18,2026-08-18,CM,NSE,STK,16870,INE033L07GS6,81TCHF28,N8,,,,,SEC RED NCD 8.10% SR.IV,1014.99,1014.99,1011.0,1014.89,1014.89,1015.0,,1014.9,,,67,67804.57,5,F1,1,,,,,
2026-08-18,2026-08-18,CM,NSE,STK,16874,INE033L07GU2,84TCHF28,,,,,,SEC RED NCD 8.40% SR.V,1064.9,1064.9,1064.9,1064.9,1064.9,1058.0,,1065.0,,,1,1064.9,1,F1,1,,,,,
2026-08-18,2026-08-18,CM,NSE,STK,17159,INE721A07PK7,875SFL27,ZF,,,,,SEC RED NCD 8.75% SR.III,1024.99,1025.0,1024.99,1025.0,1025.0,1025.0,,1025.0,,,35,35874.7,2,F1,1,,,,,
2026-08-18,2026-08-18,CM,NSE,STK,18626,INE148I07GK5,885SCL26,N9,,,,,SEC RED NCD 8.85% SR. VI,1070.0,1072.0,1070.0,1072.0,1072.0,1072.0,,1072.0,,,500,535800.0,15,F1,1,,,,,
2026-08-18,2026-08-18,CM,NSE,STK,18628,INE148I07GL3,9SCL26BA,,,,,,SEC RED NCD 9.0% SR. VI,1072.0,1072.0,1072.0,1072.0,1072.0,1072.0,,1074.5,,,430,460960.0,2,F1,1,,,,,
2026-08-18,2026-08-18,CM,NSE,STK,8625,INE721A07ON4,957ICCL25,YW,,,,,SEC RED NCD 9.30% SR. II,1065.0,1069.0,1063.0,1068.84,1068.9,1063.0,,1068.84,,,360,384352.0,10,F1,1,,,,,
2026-08-18,2026-08-18,CM,NSE,STK,1001,INE721A07NX5,94SFL28,YL,,,,,SEC RED NCD 9.40% SR. V,1046.9,1046.9,1040.0,1040.0,1040.0,1045.0,,1040.0,,,21,21978.0,2,F1,1,,,,,
2026-08-18,2026-08-18,CM,NSE,STK,4288,INE804I078Y8,943ECL28,NJ,,,,,SEC RED NCD 9.43% SR. VI,1000.0,1002.95,999.5,1002.95,1002.95,1000.99,,1002.95,,,1115,1114471.35,5,F1,1,,,,,
2026-08-18,2026-08-18,CM,NSE,STK,4292,INE804I079Y6,985ECL28,NK,,,,,SEC RED NCD 9.85% SR. VII,1004.84,1004.84,1000.02,1004.78,1004.78,1002.0,,1004.78,,,516,516951.24,12,F1,1,,,,,
2026-08-18,2026-08-18,CM,NSE,STK,19496,INE0BTM01013,SECMARK,EQ,,,,,SECMARK CONSULTANCY LTD,125.0,126.5,124.5,124.97,125.0,127.66,,124.94,,,261,32621.61,10,F1,1,,,,,
2026-08-18,2026-08-18,CM,NSE,STK,11058,INE650K01021,SECURKLOUD,EQ,,,,,SECUREKLOUD TECH LIMITED,18.2,18.58,17.36,18.08,18.0,17.92,,18.07,,,11289,202378.29,169,F1,1,,,,,
2026-08-18,2026-08-18,CM,NSE,STK,761153,INE00XB01019,SEDEMAC,EQ,,,,,SEDEMAC MECHATRONICS LTD,3268.0,3319.9,3215.7,3244.7,3235.8,3240.2,,3244.44,,,116045,378512511.7,20500,F1,1,,,,,
2026-08-18,2026-08-18,CM,NSE,STK,7091,INE955I01044,SEJALLTD,EQ,,,,,SEJAL GLASS LIMITED,684.0,700.0,671.95,679.25,684.0,682.2,,680.2,,,5304,3613326.75,583,F1,1,,,,,
2026-08-18,2026-08-18,CM,NSE,STK,6262,INE105I01020,SELMC,EQ,,,,,SEL MANUFACTURING CO LTD,29.97,29.97,27.37,27.74,27.63,27.21,,27.74,,,18881,542118.54,209,F1,1,,,,,
2026-08-18,2026-08-18,CM,NSE,STK,757982,INE0IJF01013,SELLOWRAP,SM,,,,,SELLOWRAP INDUSTRIES LTD,68.0,69.0,66.0,69.0,69.0,68.0,,69.0,,,4800,324800.0,3,F1,1600,,,,,
2026-08-18,2026-08-18,CM,NSE,STK,11961,INE617A01013,SEMAC,EQ,,,,,SEMAC CONSTRUCTION LTD,307.05,308.4,296.1,299.35,303.95,310.95,,299.31,,,714,214635.7,72,F1,1,,,,,
2026-08-18,2026-08-18,CM,NSE,STK,17271,INE602W01027,SENCO,EQ,,,,,SENCO GOLD LIMITED,341.9,343.9,335.75,336.75,336.65,341.55,,336.75,,,622417,210691339.45,13697,F1,1,,,,,
2026-08-18,2026-08-18,CM,NSE,STK,28888,INE0RB801010,SENORES,EQ,,,,,SENORES PHARMACEUTICALS L,1549.7,1562.9,1525.5,1537.5,1531.0,1545.7,,1537.53,,,238950,368912154.9,24041,F1,1,,,,,
2026-08-18,2026-08-18,CM,NSE,STK,15308,INE964H01014,SEPC,EQ,,,,,SEPC LIMITED,5.85,5.89,5.75,5.77,5.77,5.85,,5.77,,,6799535,39409138.82,5282,F1,1,,,,,
2026-08-18,2026-08-18,CM,NSE,STK,20715,INE027E07BC8,865LTF26,NN,,,,,SERENCD 8.65% SR.VI OP12,1055.1,1061.9,1023.45,1059.0,1059.0,1064.0,,1060.0,,,1354,1401754.3,18,F1,1,,,,,
2026-08-18,2026-08-18,CM,NSE,STK,20687,INE027E07AL1,905LTF27,NF,,,,,SERENCD 9.05% SR.VI OPII,1048.99,1048.99,1048.99,1048.99,1048.99,1031.55,,1049.0,,,1,1048.99,1,F1,1,,,,,
2026-08-18,2026-08-18,CM,NSE,STK,21197,INE306N07LM5,865TCAPS27,N8,,,,,SERENCD8.65%SR.IIICIII&IV,1019.35,1019.35,1015.0,1015.8,1015.8,1017.86,,1016.65,,,128,130140.7,6,F1,1,,,,,
2026-08-18,2026-08-18,CM,NSE,STK,5507,INE782X01033,SERVOTECH,EQ,,,,,SERVOTECH REN POW SYS LTD,82.55,84.9,81.96,82.19,82.0,82.55,,82.19,,,538948,44743178.62,5027,F1,1,,,,,
2026-08-18,2026-08-18,CM,NSE,STK,759934,INE04VU01023,STYL,EQ,,,,,SESHAASAI TECHNOLOGIES L,399.7,401.55,388.15,393.95,394.25,398.3,,393.96,,,83694,33017071.25,3371,F1,1,,,,,
2026-08-18,2026-08-18,CM,NSE,STK,3066,INE630A01024,SESHAPAPER,EQ,,,,,SESHASAYEE PAPER & BOARDS,230.0,232.24,225.23,228.87,231.0,227.28,,228.9,,,41361,9482827.97,1313,F1,1,,,,,
2026-08-18,2026-08-18,CM,NSE,STK,17518,INE878E01021,SETCO,BE,,,,,SETCO AUTOMOTIVE LTD,17.5,17.5,17.15,17.16,17.16,17.5,,17.11,,,121251,2082826.73,111,F1,1,,,,,
2026-08-18,2026-08-18,CM,NSE,STK,18024,INE023M01027,SETUINFRA,BZ,,,,,SETUBANDHAN INFRA LTD,0.43,0.43,0.41,0.43,0.43,0.41,,0.43,,,120406,51751.16,81,F1,1,,,,,
2026-08-18,2026-08-18,CM,NSE,STK,10836,INE573R01012,SEYAIND,BE,,,,,SEYA INDUSTRIES LIMITED,12.72,12.72,12.28,12.44,12.4,12.48,,12.44,,,5392,67782.17,36,F1,1,,,,,
2026-08-18,2026-08-18,CM,NSE,STK,758853,INE618R01015,SGFIN,EQ,,,,,SG FINSERVE LIMITED,658.2,675.0,658.2,668.45,670.0,660.25,,668.47,,,194499,130207209.85,7075,F1,1,,,,,
2026-08-18,2026-08-18,CM,NSE,STK,758889,INE385F01024,SGMART,EQ,,,,,SG MART LIMITED,750.65,809.0,744.0,804.95,804.15,752.3,,804.92,,,907346,708883828.3,26848,F1,1,,,,,
2026-08-18,2026-08-18,CM,NSE,STK,765247,INE967B01028,SGLRES,EQ,,,,,SGL RESOURCES LIMITED,2.59,2.65,2.47,2.47,2.47,2.59,,2.45,,,17830,44856.09,77,F1,1,,,,,
2026-08-18,2026-08-18,CM,NSE,STK,761469,INE12UN01015,SHADOWFAX,EQ,,,,,SHADOWFAX TECHNOLOGIES L,259.3,262.7,252.48,257.38,257.26,258.6,,257.38,,,5282600,1365940769.08,39235,F1,1,,,,,
2026-08-18,2026-08-18,CM,NSE,STK,11856,INE640C01011,SHAHALLOYS,EQ,,,,,SHAH ALLOYS LIMITED,77.26,88.37,74.1,78.58,78.0,74.89,,78.61,,,666283,55429492.65,5208,F1,1,,,,,
2026-08-18,2026-08-18,CM,NSE,STK,20296,INE482J01021,SHAH,EQ,,,,,SHAH METACORP LIMITED,4.02,4.1,3.93,3.96,4.03,4.03,,3.96,,,2802292,11187287.27,2376,F1,1,,,,,
2026-08-18,2026-08-18,CM,NSE,STK,8727,INE151G01028,SHAILY,EQ,,,,,SHAILY ENG PLASTICS LTD,3395.0,3450.0,3350.0,3373.7,3365.0,3396.3,,3373.64,,,67126,227022067.1,12388,F1,1,,,,,
2026-08-18,2026-08-18,CM,NSE,STK,25574,INE908D01010,SHAKTIPUMP,EQ,,,,,SHAKTI PUMPS (I) LTD,502.0,504.15,497.0,498.35,499.0,503.2,,498.34,,,214342,106945130.1,9787,F1,1,,,,,
2026-08-18,2026-08-18,CM,NSE,STK,714,INE597J01018,SHALBY,EQ,,,,,SHALBY LIMITED,152.26,156.2,151.25,152.7,152.4,153.16,,152.7,,,31754,4860017.24,732,F1,1,,,,,
2026-08-18,2026-08-18,CM,NSE,STK,761688,INE861D01011,SAHLIBHFI,EQ,,,,,SHALIBHADRA FINANCE LTD,72.5,72.5,69.3,70.0,70.98,72.0,,70.0,,,12590,888969.34,165,F1,1,,,,,
2026-08-18,2026-08-18,CM,NSE,STK,15346,INE849C01026,SHALPAINTS,BE,,,,,SHALIM PAINTS LTD,86.88,89.9,86.88,86.88,86.88,91.45,,86.03,,,360052,31424288.59,910,F1,1,,,,,
2026-08-18,2026-08-18,CM,NSE,STK,25737,INE01NE01012,SRD,EQ,,,,,SHANKAR LAL RAMPAL LTD,41.49,41.85,40.0,40.43,40.46,41.05,,40.45,,,93989,3831924.9,230,F1,1,,,,,
2026-08-18,2026-08-18,CM,NSE,STK,20321,INE274V01019,SHANKARA,EQ,,,,,SHANKARA BLDG PRODUCT LTD,141.11,142.0,141.01,141.52,141.5,141.1,,141.52,,,57697,8155455.6,338,F1,1,,,,,
2026-08-18,2026-08-18,CM,NSE,STK,760594,INE24OJ01011,BUILDPRO,EQ,,,,,SHANKARA BUILDPRO LIMITED,1240.0,1276.6,1232.0,1270.1,1260.3,1244.2,,1270.08,,,50106,63196460.4,4834,F1,1,,,,,
2026-08-18,2026-08-18,CM,NSE,STK,3078,INE631A01022,SHANTIGEAR,EQ,,,,,SHANTHI GEARS LTD,391.2,396.3,384.0,388.95,390.0,393.35,,388.97,,,17195,6693575.65,1079,F1,1,,,,,
2026-08-18,2026-08-18,CM,NSE,STK,762889,INE440T01028,SEIL,EQ,,,,,SHANTI EDU INITIATIVES L,211.03,211.36,204.51,205.69,205.1,211.03,,205.67,,,136463,28196074.97,1832,F1,1,,,,,
2026-08-18,2026-08-18,CM,NSE,STK,758002,INE06ZD01017,SHANTIGOLD,EQ,,,,,SHANTI GOLD INTERNATION L,269.0,269.97,251.21,253.85,254.15,266.84,,253.86,,,2594669,668209757.9,33428,F1,1,,,,,
2026-08-18,2026-08-18,CM,NSE,STK,764518,INE06ZD20017,SHANTI-RE,BE,,,,,SHANTI GOLD INTL LTD,44.0,44.0,25.65,28.49,27.81,32.92,,28.51,,,178506,5685860.7,1865,F1,1,,,,,
2026-08-18,2026-08-18,CM,NSE,STK,5650,INE933X01016,SHANTI,EQ,,,,,SHANTI OVERSEAS INDIA LTD,6.55,6.55,6.2,6.49,6.5,6.33,,6.49,,,81520,522093.34,101,F1,1,,,,,
2026-08-18,2026-08-18,CM,NSE,STK,762904,INE220Z01013,SHINDL,EQ,,,,,SHARAT INDUSTRIES LTD.,162.29,162.29,159.05,159.21,159.1,161.84,,159.18,,,4367,700375.27,93,F1,1,,,,,
2026-08-18,2026-08-18,CM,NSE,STK,4992,INE221J01015,SHARDACROP,EQ,,,,,SHARDA CROPCHEM LTD.,789.9,794.7,770.05,771.1,773.5,787.1,,771.12,,,168472,130619471.1,9139,F1,1,,,,,
2026-08-18,2026-08-18,CM,NSE,STK,10530,INE597I01028,SHARDAMOTR,EQ,,,,,SHARDA MOTOR INDS LTD,909.0,938.45,903.55,936.2,937.95,909.5,,936.21,,,90044,83603747.25,7523,F1,1,,,,,
2026-08-18,2026-08-18,CM,NSE,STK,762897,INE037B01020,SHARDUL,BE,,,,,SHARDUL SECURITIES LTD.,55.99,55.99,53.51,53.93,53.9,54.9,,53.96,,,32560,1788731.28,188,F1,1,,,,,
2026-08-18,2026-08-18,CM,NSE,STK,104,INE932X01026,SHAREINDIA,EQ,,,,,SHARE IND. SECURITIES LTD,173.74,178.79,171.21,178.08,177.5,174.96,,178.07,,,753662,132508938.18,6775,F1,1,,,,,
2026-08-18,2026-08-18,CM,NSE,STK,19469,INE460Q01014,SCML,SM,,,,,SHARP CHUCKS N MACHINES L,82.5,85.0,82.5,83.5,83.5,84.25,,83.5,,,56000,4663600.0,41,F1,1000,,,,,
2026-08-18,2026-08-18,CM,NSE,STK,759410,INE0YJV01017,SHEEL,ST,,,,,SHEEL BIOTECH LIMITED,63.95,63.95,63.85,63.9,63.9,64.0,,63.9,,,10000,639100.0,5,F1,2000,,,,,
2026-08-18,2026-08-18,CM,NSE,STK,19184,INE916U01025,SFL,EQ,,,,,SHEELA FOAM LIMITED,675.1,680.0,661.9,668.8,664.0,675.1,,668.79,,,154723,103350496.25,12910,F1,1,,,,,
2026-08-18,2026-08-18,CM,NSE,STK,12072,INE501Y01019,SCPL,EQ,,,,,SHEETAL COOL PRODUCTS LTD,654.55,672.65,640.0,662.65,665.5,657.95,,662.65,,,63625,41561000.15,2506,F1,1,,,,,
2026-08-18,2026-08-18,CM,NSE,STK,20415,INE04VX01019,SHEETAL,SM,,,,,SHEETAL UNIVERSAL LIMITED,323.0,323.0,315.0,315.25,315.5,323.75,,315.25,,,2000,638250.0,4,F1,500,,,,,
2026-08-18,2026-08-18,CM,NSE,STK,21099,INE268L01046,SHEKHAWATI,BE,,,,,SHEKHAWATI INDUSTRIES LTD,17.51,19.19,17.47,18.71,19.0,18.38,,18.71,,,26367,489260.71,133,F1,1,,,,,
2026-08-18,2026-08-18,CM,NSE,STK,5072,INE363M01019,SHEMAROO,BE,,,,,SHEMAROO ENTER. LTD.,128.9,131.45,125.32,127.02,127.02,129.1,,126.86,,,4619,589663.28,41,F1,1,,,,,
2026-08-18,2026-08-18,CM,NSE,STK,14176,INE0MM001019,SHERA,ST,,,,,SHERA ENERGY LIMITED,181.95,185.85,177.55,179.9,183.0,177.0,,179.9,,,85000,15573600.0,84,F1,1000,,,,,
2026-08-18,2026-08-18,CM,NSE,STK,764890,INE011D01013,SHERVANI,EQ,,,,,SHERVANI INDUSTRIAL SYN L,302.3,336.95,302.3,307.55,336.95,348.1,,310.39,,,229,69900.55,35,F1,1,,,,,
2026-08-18,2026-08-18,CM,NSE,STK,8394,INE03KJ01013,SHIGAN,SM,,,,,SHIGAN QUANTUM TECH LTD,60.2,64.9,60.2,64.9,64.9,62.0,,64.9,,,4500,284850.0,3,F1,1500,,,,,
2026-08-18,2026-08-18,CM,NSE,STK,759847,INE024F01011,SHILCTECH,EQ,,,,,SHILCHAR TECHNOLOGIES LTD,3861.0,3970.0,3861.0,3944.0,3944.0,3871.0,,3943.77,,,29079,114226504.3,5918,F1,1,,,,,
2026-08-18,2026-08-18,CM,NSE,STK,764895,INE960A01017,SHILGRAVQ,EQ,,,,,SHILP GRAVURES LTD.,164.0,164.0,158.12,161.89,158.12,158.0,,163.09,,,1506,244939.73,16,F1,1,,,,,
2026-08-18,2026-08-18,CM,NSE,STK,17752,INE790G01031,SHILPAMED,EQ,,,,,SHILPA MEDICARE LTD,808.0,823.0,807.8,809.8,811.5,809.3,,809.8,,,606331,494177753.05,24481,F1,1,,,,,
2026-08-18,2026-08-18,CM,NSE,STK,23127,INE0PB301013,SCILAL,EQ,,,,,SHIPPING CORP OF ILA LTD,40.0,40.79,39.62,40.52,40.4,40.19,,40.52,,,261924,10527779.79,1385,F1,1,,,,,
2026-08-18,2026-08-18,CM,NSE,STK,3048,INE109A01011,SCI,EQ,,,,,SHIPPING CORP OF INDIA LT,285.0,297.45,284.1,295.75,296.6,286.4,,295.76,,,2739647,800554489.95,38031,F1,1,,,,,
2026-08-18,2026-08-18,CM,NSE,STK,759747,INE719F01016,SHIVAUM,EQ,,,,,SHIV AUM STEELS LIMITED,446.0,448.95,442.0,442.0,442.0,445.1,,442.0,,,1075,477938.7,40,F1,1,,,,,
2026-08-18,2026-08-18,CM,NSE,STK,765160,INE555C01029,SHIVACEM,EQ,,,,,SHIVA CEMENT LTD.,17.15,17.15,16.55,16.8,16.9,17.21,,16.81,,,34643,582642.38,106,F1,1,,,,,
2026-08-18,2026-08-18,CM,NSE,STK,764900,INE960E01019,SHIVAAGRO,EQ,,,,,SHIVA GLOBAL AGRO INDS. L,45.9,45.9,37.01,40.18,37.26,38.3,,40.47,,,6782,270042.85,240,F1,1,,,,,
2026-08-18,2026-08-18,CM,NSE,STK,1497,INE644Y01017,SHIVAMILLS,EQ,,,,,SHIVA MILLS LIMITED,63.2,63.2,60.25,60.7,60.7,60.28,,60.7,,,536,33323.91,27,F1,1,,,,,
2026-08-18,2026-08-18,CM,NSE,STK,804,INE705C01020,SHIVATEX,EQ,,,,,SHIVA TEXYARN LIMITED,163.6,169.98,162.18,165.86,165.0,161.88,,165.83,,,3052,504306.18,59,F1,1,,,,,
2026-08-18,2026-08-18,CM,NSE,STK,24249,INE0T7B01010,SPCL,SM,,,,,SHIVALIC POWER CONTROL L,63.0,63.0,59.65,61.7,61.7,62.0,,61.7,,,21000,1287360.0,34,F1,600,,,,,
2026-08-18,2026-08-18,CM,NSE,STK,4656,INE386D01027,SBCL,EQ,,,,,SHIVALIK BIMETAL CON. LTD,1029.65,1049.0,1015.9,1026.85,1022.65,1024.6,,1026.89,,,215379,222700247.75,16571,F1,1,,,,,
2026-08-18,2026-08-18,CM,NSE,STK,7026,INE788J01021,SHIVALIK,BE,,,,,SHIVALIK RASAYAN LIMITED,241.9,251.0,241.87,243.96,242.5,254.6,,243.76,,,38788,9414785.43,496,F1,1,,,,,
2026-08-18,2026-08-18,CM,NSE,STK,13757,INE637H01024,SHIVAMAUTO,BE,,,,,SHIVAM AUTO.LTD,16.25,16.25,15.55,15.67,15.8,16.23,,15.67,,,37443,594809.72,162,F1,1,,,,,
2026-08-18,2026-08-18,CM,NSE,STK,758744,INE1DLF01018,SHIVASHRIT,SM,,,,,SHIVASHRIT FOODS LIMITED,125.0,125.0,119.9,121.95,121.95,125.0,,121.95,,,33000,3981350.0,16,F1,1000,,,,,
2026-08-18,2026-08-18,CM,NSE,STK,11813,INE498B01024,SHOPERSTOP,EQ,,,,,SHOPPERS STOP LIMITED,437.2,437.2,428.0,429.55,428.2,432.05,,429.46,,,16934,7301031.5,1545,F1,1,,,,,
2026-08-18,2026-08-18,CM,NSE,STK,764905,INE311M01018,SHRADDHA,EQ,,,,,SHRADDHA PRIME PROJECTS L,164.95,165.0,153.5,155.0,155.0,150.71,,153.7,,,3737,587886.7,96,F1,1,,,,,
2026-08-18,2026-08-18,CM,NSE,STK,708,INE715Y01031,SHRADHA,EQ,,,,,SHRADHA REALTY LIMITED,34.94,34.94,33.45,33.78,33.56,34.14,,33.78,,,14679,497403.36,80,F1,1,,,,,
2026-08-18,2026-08-18,CM,NSE,STK,10588,INE712K01011,SHREEPUSHK,EQ,,,,,SHRE PUSH CHEM & FERT LTD,376.35,380.1,375.15,376.9,375.35,376.35,,376.9,,,15558,5869513.9,567,F1,1,,,,,
2026-08-18,2026-08-18,CM,NSE,STK,762874,INE185C01017,SAPPL,EQ,,,,,SHREE AJIT PULP & PAPER L,304.95,309.0,286.75,288.1,290.0,289.5,,288.29,,,1405,415352.1,77,F1,1,,,,,
2026-08-18,2026-08-18,CM,NSE,STK,3103,INE070A01015,SHREECEM,EQ,,,,,SHREE CEMENT LIMITED,24625.0,24935.0,24545.0,24725.0,24725.0,24535.0,,24725.01,,,39655,979060960.0,10716,F1,1,,,,,
2026-08-18,2026-08-18,CM,NSE,STK,3099,INE232A01011,SHREDIGCEM,EQ,,,,,SHREE DIGVIJAY CEM CO LTD,70.1,71.9,70.0,70.3,70.07,70.47,,70.3,,,87311,6183089.74,865,F1,1,,,,,
2026-08-18,2026-08-18,CM,NSE,STK,764885,INE414Y01015,SGRL,EQ,,,,,SHREE GANESH REMEDIES LTD,512.0,542.0,512.0,524.2,515.5,537.0,,524.51,,,7976,4212416.55,337,F1,1,,,,,
2026-08-18,2026-08-18,CM,NSE,STK,23074,INE0S4Y01010,SHREEKARNI,SM,,,,,SHREE KARNI FABCOM LTD,329.0,358.0,329.0,355.25,356.0,322.05,,355.25,,,20850,7280182.5,52,F1,150,,,,,
2026-08-18,2026-08-18,CM,NSE,STK,20603,INE02S501018,SHREEOSFM,SM,,,,,SHREE OSFM E-MOBILITY LTD,58.0,58.0,58.0,58.0,58.0,59.0,,58.0,,,3000,174000.0,3,F1,1000,,,,,
2026-08-18,2026-08-18,CM,NSE,STK,760188,INE19GK01015,SRTL,EQ,,,,,SHREE RAM TWISTEX LIMITED,39.05,39.7,39.0,39.59,39.4,39.12,,39.59,,,13322,525761.91,190,F1,1,,,,,
2026-08-18,2026-08-18,CM,NSE,STK,7627,INE879A01019,SHREERAMA,EQ,,,,,SHREE RAMA MULTI TECH LTD,47.1,48.92,45.49,46.34,46.34,46.28,,46.29,,,192506,9106527.9,2186,F1,1,,,,,
2026-08-18,2026-08-18,CM,NSE,STK,13565,INE278B01020,RAMANEWS,EQ,,,,,SHREE RAMA NEWSPRINT LTD,32.87,33.9,31.95,33.54,32.59,32.78,,33.54,,,22579,747897.14,212,F1,1,,,,,
2026-08-18,2026-08-18,CM,NSE,STK,12026,INE087H01022,RENUKA,EQ,,,,,SHREE RENUKA SUGARS LTD,23.0,23.92,23.0,23.3,23.35,23.0,,23.3,,,14002263,330001511.21,22072,F1,1,,,,,
2026-08-18,2026-08-18,CM,NSE,STK,25203,INE0S2G01011,BALAJEE,EQ,,,,,SHREE TIRUPATI BALAJEE L,27.97,27.97,26.1,26.85,26.6,27.25,,26.84,,,63681,1696051.16,488,F1,1,,,,,
2026-08-18,2026-08-18,CM,NSE,STK,15126,INE00CE01017,SVLL,BE,,,,,SHREE VASU LOGISTICS LTD,769.0,771.0,758.15,771.0,771.0,756.05,,771.0,,,1832,1407156.2,31,F1,1,,,,,
2026-08-18,2026-08-18,CM,NSE,STK,762159,INE0K3301012,SHREEDHAR,ST,,,,,SHREEDHAR SPINNERS LTD,117.5,117.5,115.0,115.0,115.0,117.5,,115.0,,,4000,465000.0,2,F1,2000,,,,,
2026-08-18,2026-08-18,CM,NSE,STK,759805,INE1FL101016,SHETHJI,ST,,,,,SHREEJI GLOBAL FMCG LTD,167.0,169.4,164.15,165.9,169.4,167.3,,165.9,,,13000,2160050.0,12,F1,1000,,,,,
2026-08-18,2026-08-18,CM,NSE,STK,759448,INE1B6101010,SHREEJISPG,EQ,,,,,SHREEJI SHIPPING GLOBAL L,608.0,633.85,595.45,625.85,624.5,601.8,,625.85,,,1716015,1064729579.85,17366,F1,1,,,,,
2026-08-18,2026-08-18,CM,NSE,STK,14305,INE00IK01029,OSWALSEEDS,EQ,,,,,SHREEOSWAL S AND CHE LTD,13.45,13.56,12.88,12.92,12.95,13.59,,12.92,,,400753,5210891.61,1114,F1,1,,,,,
2026-08-18,2026-08-18,CM,NSE,STK,5718,INE0GTI23014,SHREMINVIT,IV,,,,,SHREM INVIT,102.0,102.01,102.0,102.01,102.01,101.0,,102.01,,,75000,7650250.0,3,F1,25000,,,,,
2026-08-18,2026-08-18,CM,NSE,STK,760252,INE632X01030,SHRENIK,BZ,,,,,SHRENIK LIMITED,0.32,0.32,0.3,0.3,0.31,0.31,,0.3,,,603913,182831.92,204,F1,1,,,,,
2026-08-18,2026-08-18,CM,NSE,STK,3126,INE231C01019,SHREYANIND,EQ,,,,,SHREYANS INDUSTRIES LTD,133.0,134.89,130.12,131.39,132.3,130.22,,131.39,,,4857,638168.27,97,F1,1,,,,,
2026-08-18,2026-08-18,CM,NSE,STK,756409,INE0DM401012,SHRIAHIMSA,ST,,,,,SHRI AHIMSA NATURALS LTD,401.0,404.75,401.0,401.0,401.0,399.9,,401.0,,,9000,3621750.0,13,F1,600,,,,,
2026-08-18,2026-08-18,CM,NSE,STK,762899,INE402H01015,SHBAJRG,EQ,,,,,SHRI BAJRANG ALLIANCE L,184.0,184.0,175.99,177.13,179.47,181.14,,177.13,,,1640,289311.93,39,F1,1,,,,,
2026-08-18,2026-08-18,CM,NSE,STK,758568,INE0NON01025,SHKSIL,SM,,,,,SHRI HARE-KRI SPO IRON L,37.5,37.5,35.95,36.05,36.0,37.5,,36.05,,,22000,795900.0,10,F1,2000,,,,,
2026-08-18,2026-08-18,CM,NSE,STK,764910,INE564J01026,SHRJAGP,EQ,,,,,SHRI JAGDAMBA POLYMERS L,701.05,751.95,686.0,700.8,686.0,728.5,,698.6,,,589,424989.55,77,F1,1,,,,,
2026-08-18,2026-08-18,CM,NSE,STK,760202,INE1V4601019,SHRIKANHA,SM,,,,,SHRI KANHA STAINLESS LTD,21.7,21.7,21.55,21.55,21.55,21.7,,21.55,,,3200,69200.0,2,F1,1600,,,,,
2026-08-18,2026-08-18,CM,NSE,STK,762909,INE997I01012,SHRIKRISH,EQ,,,,,SHRI KRISHNA DEVCON LTD.,38.55,38.97,38.0,38.46,38.2,40.3,,38.46,,,709,27105.15,12,F1,1,,,,,
2026-08-18,2026-08-18,CM,NSE,STK,17684,INE0OMF01015,SHRITECH,SM,,,,,SHRI TECHTEX LIMITED,58.5,58.5,58.5,58.5,58.5,61.9,,58.5,,,4000,234000.0,2,F1,2000,,,,,
2026-08-18,2026-08-18,CM,NSE,STK,765210,INE574G01013,VASUPRADA,EQ,,,,,SHRI VASUPRADA PLANTATI L,99.0,99.0,96.06,96.06,96.06,96.0,,96.06,,,522,51672.12,3,F1,1,,,,,
2026-08-18,2026-08-18,CM,NSE,STK,759093,INE1B3L01017,SHRINGARMS,EQ,,,,,SHRINGAR HOU OF MANGALS L,227.0,229.69,224.0,224.93,224.69,227.24,,224.93,,,289461,65767461.19,2209,F1,1,,,,,
2026-08-18,2026-08-18,CM,NSE,STK,24374,INF680P01422,LIQUIDSHRI,EQ,,,,,SHRIRAM - LIQUIDSHRI,1117.76,1117.78,1117.76,1117.76,1117.76,1117.64,,1117.77,,,20480,22891750.98,14,F1,1,,,,,
2026-08-18,2026-08-18,CM,NSE,STK,4306,INE721A01047,SHRIRAMFIN,EQ,,,,,SHRIRAM FINANCE LIMITED,1114.0,1124.9,1098.6,1108.4,1108.4,1122.0,,1108.41,,,2672734,2967873326.4,99962,F1,1,,,,,
2026-08-18,2026-08-18,CM,NSE,STK,7200,INE217L01019,SHRIRAMPPS,EQ,,,,,SHRIRAM PROPERTIES LTD,76.5,79.49,76.5,77.98,77.8,76.27,,77.98,,,341416,26459327.13,3134,F1,1,,,,,
2026-08-18,2026-08-18,CM,NSE,STK,6451,INE01Z401013,SHUBHLAXMI,SM,,,,,SHUBHLAXMI JEWEL ART LTD,19.2,19.2,19.2,19.2,19.2,19.2,,19.2,,,1000,19200.0,1,F1,1000,,,,,
2026-08-18,2026-08-18,CM,NSE,STK,25240,INE0UL701015,SHUBHSHREE,SM,,,,,SHUBHSHREE BIOFUELS ENE L,320.0,330.0,320.0,330.0,330.0,328.0,,330.0,,,600,195000.0,2,F1,300,,,,,
2026-08-18,2026-08-18,CM,NSE,STK,764537,INE551C01044,SHUKRAPHAR,EQ,,,,,SHUKRA PHARMACEUTICALS L,42.48,42.78,41.51,41.55,41.51,41.44,,41.57,,,1250990,52184211.38,2294,F1,1,,,,,
2026-08-18,2026-08-18,CM,NSE,STK,10192,INE979R01011,SHYAMCENT,BE,,,,,SHYAM CENTURY FERROUS LTD,4.83,5.07,4.76,5.05,5.07,4.83,,5.05,,,55125,273953.43,123,F1,1,,,,,
2026-08-18,2026-08-18,CM,NSE,STK,761213,INE1CRP01016,SHYAMDHANI,ST,,,,,SHYAM DHANI INDUSTRIES L,56.0,57.55,55.1,55.1,55.1,56.0,,55.1,,,26000,1462100.0,12,F1,2000,,,,,
2026-08-18,2026-08-18,CM,NSE,STK,4693,INE810G01011,SHYAMMETL,EQ,,,,,SHYAM METALICS AND ENGY L,996.2,1003.0,985.5,990.6,990.0,986.9,,990.57,,,423011,421854509.8,8074,F1,1,,,,,
2026-08-18,2026-08-18,CM,NSE,STK,13740,INE635A01023,SHYAMTEL,EQ,,,,,SHYAM TELECOM LIMITED,14.5,14.95,13.91,13.94,14.48,15.14,,13.97,,,7220,101899.84,109,F1,1,,,,,
2026-08-18,2026-08-18,CM,NSE,STK,16875,INE176J01011,SICAGEN,EQ,,,,,SICAGEN INDIA LIMITED,56.95,56.95,53.66,54.84,54.95,56.46,,54.87,,,51664,2844263.89,564,F1,1,,,,,
2026-08-18,2026-08-18,CM,NSE,STK,19440,INE075B01020,SICALLOG,BE,,,,,SICAL LOGISTICS LIMITED,109.95,114.0,105.35,111.65,112.49,109.95,,112.05,,,20009,2239218.42,111,F1,1,,,,,
2026-08-18,2026-08-18,CM,NSE,STK,759053,INE0SVO01019,SIDDHICOTS,SM,,,,,SIDDHI COTSPIN LIMITED,27.1,28.4,27.0,28.4,28.4,28.0,,28.4,,,8400,232800.0,7,F1,1200,,,,,
2026-08-18,2026-08-18,CM,NSE,STK,3148,INE0A1E01018,SIDDHIKA,SM,,,,,SIDDHIKA COATINGS LIMITED,225.8,225.8,224.0,224.0,224.0,215.05,,224.0,,,3000,675200.0,6,F1,500,,,,,
2026-08-18,2026-08-18,CM,NSE,STK,756871,INE1NPP01017,ENRIN,EQ,,,,,SIEMENS ENERGY INDIA LTD,3600.0,3639.0,3580.0,3593.2,3584.0,3605.7,,3593.16,,,182373,657413547.2,17851,F1,1,,,,,
2026-08-18,2026-08-18,CM,NSE,STK,3150,INE003A01024,SIEMENS,EQ,,,,,SIEMENS LTD,3940.2,3988.5,3936.4,3957.0,3957.0,3943.0,,3957.0,,,120386,476338302.9,14309,F1,1,,,,,
2026-08-18,2026-08-18,CM,NSE,STK,6663,INE0D0K01022,SIGACHI,EQ,,,,,SIGACHI INDUSTRIES LTD,25.91,30.09,25.91,29.61,29.4,26.35,,29.62,,,10361044,302116705.32,30211,F1,1,,,,,
2026-08-18,2026-08-18,CM,NSE,STK,14793,INE933B01012,SIGMAADV,EQ,,,,,SIGMA ADVANCED SYSTEM LTD,627.1,658.45,622.0,658.45,658.45,627.1,,658.45,,,190567,124020077.55,2253,F1,1,,,,,
2026-08-18,2026-08-18,CM,NSE,STK,16658,INE0A0S01028,SIGMA,EQ,,,,,SIGMA SOLVE LIMITED,45.41,46.3,45.1,45.62,46.1,45.15,,45.58,,,45133,2056560.64,1013,F1,1,,,,,
2026-08-18,2026-08-18,CM,NSE,STK,18743,INE903U01023,SIGNATURE,EQ,,,,,SIGNATUREGLOBAL INDIA LTD,806.0,810.2,792.2,800.95,807.7,805.05,,800.88,,,173951,139896498.5,3855,F1,1,,,,,
2026-08-18,2026-08-18,CM,NSE,STK,4522,INE529F01035,SIGIND,EQ,,,,,SIGNET INDUSTRIES LIMITED,70.85,71.5,65.32,66.85,67.9,71.15,,66.86,,,95414,6473219.32,868,F1,1,,,,,
2026-08-18,2026-08-18,CM,NSE,STK,22656,INE0KGZ01021,SIGNPOST,EQ,,,,,SIGNPOST INDIA LIMITED,266.6,277.05,265.4,273.4,272.2,267.55,,273.35,,,78931,21467167.65,2731,F1,1,,,,,
2026-08-18,2026-08-18,CM,NSE,STK,762914,INE438E01032,SIKA,EQ,,,,,SIKA INTERPLANT SYSTEMS L,1078.9,1078.9,1025.2,1030.1,1028.1,1052.9,,1030.31,,,26842,27988684.7,3190,F1,1,,,,,
2026-08-18,2026-08-18,CM,NSE,STK,6226,INE112X01025,SIKKO,BE,,,,,SIKKO INDUSTRIES LIMITED,5.29,5.45,5.28,5.34,5.3,5.45,,5.34,,,497551,2675875.54,543,F1,1,,,,,
2026-08-18,2026-08-18,CM,NSE,STK,4105,INE923A01015,SILINV,EQ,,,,,SIL INVESTMENTS LIMITED,447.0,454.75,441.0,450.65,449.95,449.65,,450.65,,,1450,652334.9,106,F1,1,,,,,
2026-08-18,2026-08-18,CM,NSE,STK,2492,INE01II01013,SILGO,EQ,,,,,SILGO RETAIL LIMITED,69.97,69.97,68.5,69.14,69.8,68.79,,69.14,,,178641,12341783.23,1319,F1,1,,,,,
2026-08-18,2026-08-18,CM,NSE,STK,23736,INE0STN01015,SILKFLEX,SM,,,,,SILKFLEX POLYMERS INDIA L,207.4,207.4,200.5,200.5,200.5,207.0,,200.5,,,6000,1216500.0,6,F1,1000,,,,,
2026-08-18,2026-08-18,CM,NSE,STK,19097,INE203Y01012,SILLYMONKS,EQ,,,,,SILLY MONKS ENTERTAIN LTD,16.28,16.28,15.45,15.45,15.45,15.59,,15.45,,,7877,122826.11,56,F1,1,,,,,
2026-08-18,2026-08-18,CM,NSE,STK,9422,INE625X01026,SILVERTUC,EQ,,,,,SILVER TOUCH TECHNO LTD,194.33,197.0,192.1,195.47,195.85,197.27,,195.5,,,328326,64026213.05,4814,F1,1,,,,,
2026-08-18,2026-08-18,CM,NSE,STK,758836,INE748T01016,SIMBHALS,BZ,,,,,SIMBHAOLI SUGARS LTD.,7.05,7.17,6.85,7.17,7.17,6.83,,7.22,,,59892,425244.54,124,F1,1,,,,,
2026-08-18,2026-08-18,CM,NSE,STK,763375,INE1K4J01018,SIMCA,SM,,,,,SIMCA ADVERTISING LIMITED,243.0,244.4,238.0,242.55,242.5,244.0,,242.55,,,32400,7852560.0,30,F1,600,,,,,
2026-08-18,2026-08-18,CM,NSE,STK,3162,INE059B01024,SIMPLEXINF,EQ,,,,,SIMPLEX INFRASTRUCTURES L,248.31,261.0,248.31,259.65,260.0,251.31,,259.66,,,85223,21844412.52,1235,F1,1,,,,,
2026-08-18,2026-08-18,CM,NSE,STK,764915,INE167H01014,SIMPLXREA,EQ,,,,,SIMPLEX REALTY LTD.,123.61,136.0,123.61,130.0,130.0,130.11,,130.0,,,10,1254.88,3,F1,1,,,,,
2026-08-18,2026-08-18,CM,NSE,STK,23480,INE985A01022,SINCLAIR,EQ,,,,,SINCLAIRS HOTELS LIMITED,74.72,75.87,74.5,74.98,75.0,74.64,,74.97,,,11794,883781.03,130,F1,1,,,,,
2026-08-18,2026-08-18,CM,NSE,STK,16859,INE325D01025,SINDHUTRAD,EQ,,,,,SINDHU TRADE LINKS LTD,23.6,25.25,23.6,24.99,25.2,23.79,,24.99,,,2323109,57748620.2,2399,F1,1,,,,,
2026-08-18,2026-08-18,CM,NSE,STK,761420,INE638A01035,SINGERIND,EQ,,,,,SINGER INDIA LIMITED,81.0,81.49,78.0,78.7,78.01,80.97,,78.74,,,66886,5320391.27,717,F1,1,,,,,
2026-08-18,2026-08-18,CM,NSE,STK,381,INE129Z01016,SINTERCOM,EQ,,,,,SINTERCOM INDIA LIMITED,83.5,85.0,78.11,83.64,84.94,82.64,,83.64,,,3108,262456.7,39,F1,1,,,,,
2026-08-18,2026-08-18,CM,NSE,STK,11050,INE792Z01011,SIRCA,EQ,,,,,SIRCA PAINT INDIA LIMITED,440.45,448.45,435.3,442.7,441.7,439.45,,442.7,,,920331,406725863.85,9043,F1,1,,,,,
2026-08-18,2026-08-18,CM,NSE,STK,21501,INE285J01028,SIS,EQ,,,,,SIS LIMITED,416.1,420.7,412.45,413.6,414.0,416.45,,413.6,,,117106,48825659.15,8259,F1,1,,,,,
2026-08-18,2026-08-18,CM,NSE,STK,29210,INE965H01011,SITINET,BZ,,,,,SITI NETWORKS LIMITED,0.29,0.3,0.28,0.29,0.3,0.29,,0.29,,,377019,110842.36,233,F1,1,,,,,
2026-08-18,2026-08-18,CM,NSE,STK,14096,INE076B01028,SIYSIL,EQ,,,,,SIYARAM SILK MILLS LTD,634.45,651.85,632.0,643.75,644.0,632.6,,643.83,,,93139,59876346.35,4153,F1,1,,,,,
2026-08-18,2026-08-18,CM,NSE,STK,6643,INE284S01014,SJS,EQ,,,,,SJS ENTERPRISES LIMITED,2446.9,2516.7,2410.2,2500.2,2493.8,2534.5,,2500.14,,,222731,547685326.1,31103,F1,1,,,,,
2026-08-18,2026-08-18,CM,NSE,STK,18883,INE002L01015,SJVN,EQ,,,,,SJVN LTD,66.49,66.85,66.11,66.29,66.22,66.56,,66.29,,,1069394,71013203.4,11239,F1,1,,,,,
2026-08-18,2026-08-18,CM,NSE,STK,760101,INE2J8701016,SKFINDUS,EQ,,,,,SKF IND (INDUSTRIAL) LTD,2745.0,2745.0,2656.0,2667.6,2656.0,2724.6,,2667.56,,,24273,65207171.4,4614,F1,1,,,,,
2026-08-18,2026-08-18,CM,NSE,STK,3186,INE640A01023,SKFINDIA,EQ,,,,,SKF INDIA LTD,1660.5,1678.0,1616.0,1621.4,1619.0,1652.8,,1621.42,,,135424,222943655.3,13540,F1,1,,,,,
2026-08-18,2026-08-18,CM,NSE,STK,9428,INE439E01022,SKIPPER,EQ,,,,,SKIPPER LIMITED,528.05,542.5,525.95,538.95,537.9,530.7,,538.95,,,303278,162418460.0,12297,F1,1,,,,,
2026-08-18,2026-08-18,CM,NSE,STK,4732,INE411D01023,SKMEGGPROD,EQ,,,,,SKM EGG PROD EXPORT(I) LT,259.42,266.0,257.35,258.6,260.0,259.42,,258.6,,,232092,60687208.8,5126,F1,1,,,,,
2026-08-18,2026-08-18,CM,NSE,STK,10325,INE0KZA01016,SKP,SM,,,,,SKP BEARING INDUSTRI. LTD,154.95,159.5,151.4,158.2,159.1,154.0,,158.2,,,15500,2419500.0,26,F1,500,,,,,
2026-08-18,2026-08-18,CM,NSE,STK,13631,INE01IU01018,SKYGOLD,EQ,,,,,SKY GOLD AND DIAMONDS LTD,778.0,800.0,775.0,795.05,793.7,776.4,,795.04,,,703295,553293074.75,16136,F1,1,,,,,
2026-08-18,2026-08-18,CM,NSE,STK,23692,INE0SMA01017,SLONE,ST,,,,,SLONE INFOSYSTEMS LIMITED,141.0,147.0,141.0,146.8,147.0,143.3,,146.8,,,3200,465820.0,8,F1,400,,,,,
2026-08-18,2026-08-18,CM,NSE,STK,757622,INE14GK01016,SMARTEN,ST,,,,,SMARTEN POWER SYSTEMS LTD,52.9,52.95,51.1,52.95,52.95,50.45,,52.95,,,26400,1387740.0,20,F1,1200,,,,,
2026-08-18,2026-08-18,CM,NSE,STK,9893,INE178C01020,SMARTLINK,BE,,,,,SMARTLINK HOLDINGS LTD,227.45,227.45,221.25,222.5,224.5,223.76,,223.2,,,3756,835527.3,38,F1,1,,,,,
2026-08-18,2026-08-18,CM,NSE,STK,757965,INE0NAZ01010,SMARTWORKS,EQ,,,,,SMARTWORKS COWORKING SP L,495.0,515.7,491.6,508.5,507.75,494.95,,508.47,,,140039,70591815.4,6718,F1,1,,,,,
2026-08-18,2026-08-18,CM,NSE,STK,2320,INE103C01036,SMCGLOBAL,EQ,,,,,SMC GLOBAL SECURITIES LTD,80.0,81.34,79.82,80.69,80.75,80.41,,80.69,,,433148,34960512.5,2252,F1,1,,,,,
2026-08-18,2026-08-18,CM,NSE,STK,3387,INE294B01019,SMLMAH,EQ,,,,,SML MAHINDRA LIMITED,5264.5,5398.0,5200.0,5309.5,5286.0,5321.0,,5309.37,,,90518,479489061.0,12584,F1,1,,,,,
2026-08-18,2026-08-18,CM,NSE,STK,14329,INE812G01025,SMSPHARMA,EQ,,,,,SMS PHARMACEUTICALS LTD.,358.1,363.0,352.75,359.35,363.0,358.1,,359.35,,,126543,45190275.4,3209,F1,1,,,,,
2026-08-18,2026-08-18,CM,NSE,STK,847,INE702Y01013,SMVD,SM,,,,,SMVD POLY PACK LIMITED,15.5,15.5,15.5,15.5,15.5,15.3,,15.5,,,4040,62620.0,1,F1,4040,,,,,
2026-08-18,2026-08-18,CM,NSE,STK,758946,INE1OIC01018,SNEHAA,SM,,,,,SNEHAA ORGANICS LIMITED,43.35,45.85,43.35,45.85,45.85,47.0,,45.85,,,2000,89200.0,2,F1,1000,,,,,
2026-08-18,2026-08-18,CM,NSE,STK,4843,INE734N01019,SNOWMAN,EQ,,,,,SNOWMAN LOGISTICS LTD.,38.25,38.9,38.0,38.14,38.02,38.63,,38.14,,,110597,4228369.93,1031,F1,1,,,,,
2026-08-18,2026-08-18,CM,NSE,STK,13826,INE671H01015,SOBHA,EQ,,,,,SOBHA LIMITED,1328.6,1329.9,1301.5,1308.3,1309.5,1321.0,,1308.34,,,42674,56140319.8,4753,F1,1,,,,,
2026-08-18,2026-08-18,CM,NSE,STK,8266,INE728Z01015,SOFTTECH,EQ,,,,,SOFTTECH ENGINEERS LTD,429.0,434.0,405.7,413.4,414.4,427.05,,413.4,,,25770,10947610.2,398,F1,1,,,,,
2026-08-18,2026-08-18,CM,NSE,STK,13332,INE343H01029,SOLARINDS,EQ,,,,,SOLAR INDUSTRIES (I) LTD,20100.0,20422.0,20030.0,20280.0,20280.0,20000.0,,20279.81,,,178203,3599149264.0,35635,F1,1,,,,,
2026-08-18,2026-08-18,CM,NSE,STK,3672,INE624Z01016,SOLARA,EQ,,,,,SOLARA ACTIVE PHA SCI LTD,509.1,559.8,509.1,549.05,553.05,509.1,,549.0,,,673349,364606958.35,20590,F1,1,,,,,
2026-08-18,2026-08-18,CM,NSE,STK,759929,INE0TY101024,SOLARWORLD,EQ,,,,,SOLARWORLD ENERGY SOL LTD,154.25,160.0,154.25,157.66,158.8,153.71,,157.65,,,641371,101635908.33,7311,F1,1,,,,,
2026-08-18,2026-08-18,CM,NSE,STK,759397,INE880Y01017,SOLEX,EQ,,,,,SOLEX ENERGY LIMITED,792.0,840.0,789.95,809.05,810.0,789.0,,808.97,,,77682,62895954.8,7145,F1,1,,,,,
2026-08-18,2026-08-18,CM,NSE,STK,1338,INE480C01038,SDBL,EQ,,,,,SOM DIST & BREW LTD,73.28,74.99,72.9,74.0,74.02,73.43,,73.97,,,534803,39559025.26,4072,F1,1,,,,,
2026-08-18,2026-08-18,CM,NSE,STK,4201,INE314C01013,SOMATEX,EQ,,,,,SOMA TEXTILES & INDUST LT,90.01,90.44,86.5,88.38,88.3,91.0,,88.4,,,15353,1357354.59,245,F1,1,,,,,
2026-08-18,2026-08-18,CM,NSE,STK,3880,INE355A01028,SOMANYCERA,EQ,,,,,SOMANY CERAMICS LIMITED,521.5,522.6,511.0,512.35,514.95,518.9,,512.39,,,195402,101129147.65,6288,F1,1,,,,,
2026-08-18,2026-08-18,CM,NSE,STK,17794,INE323J01019,SOMICONVEY,EQ,,,,,SOMI CONVEYOR BELT. LTD.,83.09,87.0,80.16,85.28,86.0,83.09,,85.29,,,29198,2413913.63,1016,F1,1,,,,,
2026-08-18,2026-08-18,CM,NSE,STK,4684,INE073K01018,SONACOMS,EQ,,,,,SONA BLW PRECISION FRGS L,806.5,827.35,806.0,824.0,824.0,805.1,,824.03,,,2864893,2343913882.8,80244,F1,1,,,,,
2026-08-18,2026-08-18,CM,NSE,STK,762919,INE321M01017,SONAL,EQ,,,,,SONAL MERCANTILE LTD.,87.0,90.8,86.01,90.8,90.8,89.62,,90.8,,,176,15226.84,17,F1,1,,,,,
2026-08-18,2026-08-18,CM,NSE,STK,8806,INE00LM01029,SONAMLTD,EQ,,,,,SONAM LIMITED,58.4,61.94,57.22,60.31,60.93,57.39,,60.31,,,428610,25806328.53,1593,F1,1,,,,,
2026-08-18,2026-08-18,CM,NSE,STK,6596,INE269A01021,SONATSOFTW,EQ,,,,,SONATA SOFTWARE LTD,322.45,322.45,308.0,309.45,309.05,320.4,,309.42,,,1256335,394686055.0,16359,F1,1,,,,,
2026-08-18,2026-08-18,CM,NSE,STK,9463,INE0JZA01018,SONUINFRA,ST,,,,,SONU INFRATECH LIMITED,36.6,36.6,36.5,36.5,36.5,36.5,,36.5,,,4500,164400.0,3,F1,1500,,,,,
2026-08-18,2026-08-18,CM,NSE,STK,9678,INE980Y01015,SOUTHWEST,EQ,,,,,SOUTH WEST PINNACLE LTD,226.96,248.49,218.52,221.35,221.3,226.28,,221.37,,,2433833,563178418.46,31493,F1,1,,,,,
2026-08-18,2026-08-18,CM,NSE,STK,19372,INE970N01027,SPCENET,EQ,,,,,SPACENET ENTERS IND LTD,3.64,3.64,3.36,3.43,3.4,3.59,,3.43,,,997803,3484222.14,813,F1,1,,,,,
2026-08-18,2026-08-18,CM,NSE,STK,758420,IN9572J01019,SSFLPP,E1,,,,,SPANDANA RS.5 PPD UP,122.75,123.5,113.0,114.1,113.0,120.2,,114.11,,,35972,4184342.0,445,F1,1,,,,,
2026-08-18,2026-08-18,CM,NSE,STK,11435,INE572J01011,SPANDANA,EQ,,,,,SPANDANA SPHOORTY FIN LTD,247.5,247.5,240.0,240.35,240.5,247.5,,240.35,,,154385,37386795.05,4628,F1,1,,,,,
2026-08-18,2026-08-18,CM,NSE,STK,760138,INE1CW901027,SPEB,ST,,,,,SPEB ADHESIVES LIMITED,90.9,90.9,87.65,87.65,87.65,90.9,,87.65,,,4000,357100.0,2,F1,2000,,,,,
2026-08-18,2026-08-18,CM,NSE,STK,27111,INE247M01014,SPECIALITY,BE,,,,,SPECIALITY REST LTD,135.8,142.0,131.5,140.94,140.15,135.98,,140.96,,,30070,4115546.85,293,F1,1,,,,,
2026-08-18,2026-08-18,CM,NSE,STK,30457,INE01EO01010,SPECTRUM,BE,,,,,SPECTRUM ELECTRIC IND LTD,2051.2,2231.3,2051.2,2231.3,2231.3,2125.1,,2231.3,,,5337,11706764.4,225,F1,1,,,,,
2026-08-18,2026-08-18,CM,NSE,STK,764920,INE252A01019,SPELS,EQ,,,,,SPEL SEMICONDUCTOR LTD,152.3,152.3,148.01,148.87,149.5,150.68,,148.98,,,21431,3203748.42,792,F1,1,,,,,
2026-08-18,2026-08-18,CM,NSE,STK,8163,INE020801028,SPENCERS,EQ,,,,,SPENCER S RETAIL LIMITED,31.89,31.89,31.0,31.16,31.14,31.27,,31.16,,,29193,911900.4,653,F1,1,,,,,
2026-08-18,2026-08-18,CM,NSE,STK,3252,INE147A01011,SPIC,EQ,,,,,SPIC LTD,67.25,67.77,66.26,66.73,66.85,67.09,,66.73,,,245920,16427942.08,1988,F1,1,,,,,
2026-08-18,2026-08-18,CM,NSE,STK,11935,INE978G01016,SPLIL,EQ,,,,,SPL INDUSTRIES LIMITED,30.98,31.8,29.8,30.14,30.1,31.07,,30.14,,,13899,420713.24,120,F1,1,,,,,
2026-08-18,2026-08-18,CM,NSE,STK,3321,INE937A01023,SPMLINFRA,EQ,,,,,SPML INFRA LIMITED,195.7,198.78,192.99,194.47,195.0,197.0,,194.47,,,145589,28483642.84,2593,F1,1,,,,,
2026-08-18,2026-08-18,CM,NSE,STK,10733,INE885H01029,SPORTKING,EQ,,,,,SPORTKING INDIA LIMITED,207.0,216.0,205.0,214.34,214.76,206.41,,214.35,,,599126,126669117.29,11356,F1,1,,,,,
2026-08-18,2026-08-18,CM,NSE,STK,25306,INE0QR801013,SPPPOLY,SM,,,,,SPP POLYMER LIMITED,11.35,12.35,11.35,12.35,12.35,11.9,,12.35,,,12000,138200.0,6,F1,2000,,,,,
2026-08-18,2026-08-18,CM,NSE,STK,17186,INE526E01018,SHRIPISTON,EQ,,,,,SPR AUTO TECHNOLOGIES LTD,4500.0,4589.0,4410.2,4509.1,4500.0,4436.6,,4509.36,,,130497,586694048.2,23747,F1,1,,,,,
2026-08-18,2026-08-18,CM,NSE,STK,757865,INE19QH01010,SPUNWEB,SM,,,,,SPUNWEB NONWOVEN LIMITED,99.0,100.05,99.0,100.05,100.05,100.0,,100.05,,,4800,477720.0,4,F1,1200,,,,,
2026-08-18,2026-08-18,CM,NSE,STK,14582,INE917H01012,SRHHYPOLTD,EQ,,,,,SREE RAYALSEEMA HHP LTD.,496.05,498.6,486.0,487.15,486.0,496.05,,487.15,,,8821,4323240.6,476,F1,1,,,,,
2026-08-18,2026-08-18,CM,NSE,STK,31837,INE099F01013,SREEL,EQ,,,,,SREELEATHERS LIMITED,261.0,262.0,250.4,254.43,254.49,260.75,,254.51,,,23641,6031009.3,1014,F1,1,,,,,
2026-08-18,2026-08-18,CM,NSE,STK,3273,INE647A01010,SRF,EQ,,,,,SRF LTD,2603.4,2644.7,2603.4,2630.0,2630.0,2616.0,,2630.0,,,238565,627296890.9,21227,F1,1,,,,,
2026-08-18,2026-08-18,CM,NSE,STK,18119,INE559N01010,SRGHFL,EQ,,,,,SRG HOUSING FINANCE L,266.0,268.6,255.05,259.1,256.55,266.35,,258.91,,,4714,1244905.35,145,F1,1,,,,,
2026-08-18,2026-08-18,CM,NSE,STK,7457,INE293B01029,HAVISHA,EQ,,,,,SRI HAVISHA HOSP & INFR L,1.42,1.49,1.33,1.39,1.37,1.4,,1.39,,,148970,210034.73,173,F1,1,,,,,
2026-08-18,2026-08-18,CM,NSE,STK,765165,INE009C01019,SRIKPRIND,EQ,,,,,SRI KPR INDUSTRIES LTD.,20.5,21.48,19.4,20.69,20.6,20.21,,20.67,,,1756,34997.28,34,F1,1,,,,,
2026-08-18,2026-08-18,CM,NSE,STK,758147,INE0V9Q01010,LOTUSDEV,BE,,,,,SRI LOTUS DEVLPRS N RTY L,167.02,172.44,165.0,169.84,168.5,169.97,,169.84,,,512916,87201300.13,1205,F1,1,,,,,
2026-08-18,2026-08-18,CM,NSE,STK,761393,INE0TPJ01019,SPCON,SM,,,,,SRINIBAS PRADHAN CONST L,139.0,150.0,139.0,145.85,150.0,135.0,,145.85,,,3600,516840.0,3,F1,1200,,,,,
2026-08-18,2026-08-18,CM,NSE,STK,18059,INE0ON201012,SSFL,ST,,,,,SRIVARI SPICES N FOODS L,229.0,229.5,215.65,223.35,224.0,226.0,,223.35,,,8000,1787775.0,15,F1,500,,,,,
2026-08-18,2026-08-18,CM,NSE,STK,14416,INE0NPI01014,SRIVASAVI,ST,,,,,SRIVASAVI ADHESIVE TAPE L,81.0,83.5,81.0,83.0,83.0,84.0,,83.0,,,5000,411750.0,5,F1,1000,,,,,
2026-08-18,2026-08-18,CM,NSE,STK,23402,INE0R6Z01013,SRM,EQ,,,,,SRM CONTRACTORS LIMITED,474.8,491.15,473.25,485.45,483.0,471.5,,485.11,,,76445,36889922.85,3761,F1,1,,,,,
2026-08-18,2026-08-18,CM,NSE,STK,29205,INE0RYC01010,STALLION,BE,,,,,STALLION IND FLUOROCHEM L,233.05,243.9,231.9,234.0,234.0,240.9,,234.06,,,343404,81375938.1,3578,F1,1,,,,,
2026-08-18,2026-08-18,CM,NSE,STK,29075,INE0M4D01010,SETL,EQ,,,,,STANDARD ENGNG TCNLGY LTD,310.0,313.8,298.55,308.85,309.0,308.7,,308.85,,,871096,267692868.6,11640,F1,1,,,,,
2026-08-18,2026-08-18,CM,NSE,STK,11297,INE173A01025,SIL,EQ,,,,,STANDARD INDUSTRIES LTD.,20.63,20.98,19.38,19.83,19.95,20.29,,19.83,,,91235,1819822.57,727,F1,1,,,,,
2026-08-18,2026-08-18,CM,NSE,STK,24226,INE01A001028,STANLEY,EQ,,,,,STANLEY LIFESTYLES LTD,135.02,137.9,134.5,135.0,135.6,136.65,,135.0,,,92645,12584324.14,2299,F1,1,,,,,
2026-08-18,2026-08-18,CM,NSE,STK,21091,INE460H01021,STARCEMENT,EQ,,,,,STAR CEMENT LIMITED,197.1,202.04,195.75,199.02,198.99,199.06,,199.01,,,375299,74495355.3,8772,F1,1,,,,,
2026-08-18,2026-08-18,CM,NSE,STK,7083,INE575P01011,STARHEALTH,EQ,,,,,STAR HEALTH & AL INS CO L,578.85,585.8,578.85,583.9,584.7,584.25,,583.9,,,182916,106663259.95,11030,F1,1,,,,,
2026-08-18,2026-08-18,CM,NSE,STK,3291,INE733A01018,STARPAPER,EQ,,,,,STAR PAPER MILLS LTD,145.4,147.99,145.0,146.93,146.0,145.47,,146.93,,,4331,635624.91,188,F1,1,,,,,
2026-08-18,2026-08-18,CM,NSE,STK,9305,INE992I01013,STARTECK,EQ,,,,,STARTECK FINANCE LIMITED,264.7,264.9,255.05,257.3,255.05,259.95,,257.3,,,8611,2215233.45,65,F1,1,,,,,
2026-08-18,2026-08-18,CM,NSE,STK,3045,INE062A01020,SBIN,EQ,,,,,STATE BANK OF INDIA,1059.6,1067.7,1053.0,1053.0,1053.0,1061.2,,1053.01,,,5583771,5901048527.5,152004,F1,1,,,,,
2026-08-18,2026-08-18,CM,NSE,STK,2963,INE114A01011,SAIL,EQ,,,,,STEEL AUTHORITY OF INDIA,173.5,174.67,169.86,170.2,170.2,173.6,,170.2,,,11053548,1897025892.24,64553,F1,1,,,,,
2026-08-18,2026-08-18,CM,NSE,STK,10406,INE395H01011,STEELCITY,EQ,,,,,STEEL CITY SECURITIES LTD,81.98,82.55,81.06,81.23,81.18,81.77,,81.23,,,4041,330437.17,78,F1,1,,,,,
2026-08-18,2026-08-18,CM,NSE,STK,21339,INE503B01021,STEELXIND,EQ,,,,,STEEL EXCHANGE INDIA LTD,10.85,10.89,10.7,10.71,10.72,10.92,,10.71,,,565175,6072552.77,1282,F1,1,,,,,
2026-08-18,2026-08-18,CM,NSE,STK,765170,INE205F01016,STLSTRINF,EQ,,,,,STEEL STRIPS INFRA L,22.78,22.78,17.35,19.1,17.81,18.99,,20.15,,,6166,127842.84,103,F1,1,,,,,
2026-08-18,2026-08-18,CM,NSE,STK,11829,INE802C01033,SSWL,EQ,,,,,STEEL STRIPS WHEELS LTD.,309.5,319.0,309.0,315.25,314.9,309.5,,315.25,,,504291,159014771.1,9843,F1,1,,,,,
2026-08-18,2026-08-18,CM,NSE,STK,6803,INE124E01038,STEELCAS,EQ,,,,,STEELCAST LIMITED,352.95,359.0,348.6,357.75,358.3,352.1,,357.73,,,105385,37242830.8,2665,F1,1,,,,,
2026-08-18,2026-08-18,CM,NSE,STK,21484,INE577L01016,STEL,EQ,,,,,STEL HOLDINGS LIMITED,591.4,595.0,570.0,586.1,585.0,591.4,,586.32,,,6585,3829305.6,328,F1,1,,,,,
2026-08-18,2026-08-18,CM,NSE,STK,6188,INE334A01023,STERTOOLS,BE,,,,,STERLING TOOLS LIMITED,220.1,224.9,215.0,217.5,219.0,221.9,,217.59,,,18598,4081657.2,381,F1,1,,,,,
2026-08-18,2026-08-18,CM,NSE,STK,9313,INE089C01029,STLTECH,BE,,,,,STERLITE TECHNOLOGIES LTD,649.9,670.0,642.55,646.0,647.75,642.45,,645.95,,,1569147,1025944655.35,29032,F1,1,,,,,
2026-08-18,2026-08-18,CM,NSE,STK,13367,INE353H01010,SGL,EQ,,,,,STL GLOBAL LIMITED,9.65,9.95,9.6,9.81,9.8,9.91,,9.81,,,2558,25081.64,45,F1,1,,,,,
2026-08-18,2026-08-18,CM,NSE,STK,758958,INE1VXE01018,STLNETWORK,EQ,,,,,STL NETWORKS LIMITED,25.25,26.0,25.0,25.68,26.0,25.37,,25.63,,,773042,19824726.5,1963,F1,1,,,,,
2026-08-18,2026-08-18,CM,NSE,STK,2107,INE00IN01015,STOVEKRAFT,EQ,,,,,STOVE KRAFT LIMITED,748.5,776.6,740.3,774.25,776.6,748.5,,774.27,,,105788,81487972.65,6590,F1,1,,,,,
2026-08-18,2026-08-18,CM,NSE,STK,761091,INE1XWN01017,STRIDERS,SM,,,,,STRIDERS IMPEX LIMITED,58.05,62.8,58.05,62.8,62.8,62.4,,62.8,,,8000,480640.0,5,F1,1600,,,,,
2026-08-18,2026-08-18,CM,NSE,STK,7374,INE939A01011,STAR,EQ,,,,,STRIDES PHARMA SCI LTD,984.8,984.8,944.1,949.1,949.0,987.1,,948.74,,,242012,231904880.4,14337,F1,1,,,,,
2026-08-18,2026-08-18,CM,NSE,STK,12489,INE00M201021,SWSOLAR,EQ,,,,,STRLNG & WIL REN ENE LTD,203.62,204.0,199.1,199.59,199.52,203.62,,199.59,,,563510,113218008.87,7941,F1,1,,,,,
2026-08-18,2026-08-18,CM,NSE,STK,759587,INE00Q601028,STUDDS,EQ,,,,,STUDDS ACCESSORIES LTD,450.0,451.45,443.6,449.0,448.25,448.05,,448.91,,,56142,25142866.95,1997,F1,1,,,,,
2026-08-18,2026-08-18,CM,NSE,STK,758527,INE17VO01028,STUDIOLSD,SM,,,,,STUDIO LSD LIMITED,8.95,9.0,8.95,8.95,8.95,8.85,,8.95,,,10000,89700.0,5,F1,2000,,,,,
2026-08-18,2026-08-18,CM,NSE,STK,5186,INE239C01020,STYLAMIND,EQ,,,,,STYLAM INDUSTRIES LIMITED,3555.0,3753.0,3545.0,3736.4,3723.7,3582.4,,3736.14,,,97361,357145205.3,19994,F1,1,,,,,
2026-08-18,2026-08-18,CM,NSE,STK,19,INE189B01011,STYRENIX,EQ,,,,,STYRENIX PERFORMANCE LTD,2178.0,2200.0,2147.7,2157.3,2159.8,2181.6,,2157.36,,,28395,61459027.4,3828,F1,1,,,,,
2026-08-18,2026-08-18,CM,NSE,STK,760112,INE0RYR01018,SUBAHOTELS,SM,,,,,SUBA HOTELS LIMITED,111.0,114.4,110.75,114.4,114.4,112.1,,114.4,,,16800,1876500.0,11,F1,1200,,,,,
2026-08-18,2026-08-18,CM,NSE,STK,967,INE754A01055,SUBEXLTD,EQ,,,,,SUBEX LTD,14.11,16.93,14.08,16.49,16.49,14.11,,16.49,,,44677415,731390527.21,181561,F1,1,,,,,
2026-08-18,2026-08-18,CM,NSE,STK,3324,INE287B01021,SUBROS,EQ,,,,,SUBROS LIMITED,760.0,768.95,740.0,746.25,745.85,762.2,,746.26,,,67002,50112724.35,3782,F1,1,,,,,
2026-08-18,2026-08-18,CM,NSE,STK,3327,INE659A01023,SUDARSCHEM,EQ,,,,,SUDARSHAN CHEMICAL INDS L,1092.9,1145.0,1092.9,1130.6,1130.3,1092.9,,1130.55,,,636441,717258089.4,29032,F1,1,,,,,
2026-08-18,2026-08-18,CM,NSE,STK,715,INE492A01029,SUDARCOLOR,EQ,,,,,SUDARSHAN COLORNT IND LTD,409.1,409.35,396.0,400.3,397.6,409.1,,400.34,,,8255,3321204.0,242,F1,1,,,,,
2026-08-18,2026-08-18,CM,NSE,STK,760039,INE0QPI01025,SUDEEPPHRM,EQ,,,,,SUDEEP PHARMA LIMITED,1101.05,1112.4,1085.0,1104.1,1107.0,1101.55,,1103.91,,,68410,74934348.85,4670,F1,1,,,,,
2026-08-18,2026-08-18,CM,NSE,STK,11804,INE450E01029,SUKHJITS,EQ,,,,,SUKHJIT STARCH & CHEM LTD,158.54,161.5,158.34,159.09,159.0,157.84,,159.09,,,6456,1029984.54,235,F1,1,,,,,
2026-08-18,2026-08-18,CM,NSE,STK,13218,INE142Q01026,SULA,EQ,,,,,SULA VINEYARDS LIMITED,149.15,152.49,145.95,146.85,147.35,149.13,,146.86,,,566729,84559314.16,11239,F1,1,,,,,
2026-08-18,2026-08-18,CM,NSE,STK,765175,INE886B01012,SUMEDHA,EQ,,,,,SUMEDHA FISCAL SERVICES L,36.6,45.0,36.6,39.45,39.0,45.01,,38.93,,,6656,256901.41,106,F1,1,,,,,
2026-08-18,2026-08-18,CM,NSE,STK,20790,INE235C01036,SUMEETINDS,EQ,,,,,SUMEET IND LIMITED,14.14,14.28,13.38,13.42,13.38,14.08,,13.42,,,4474212,61070765.41,5993,F1,1,,,,,
2026-08-18,2026-08-18,CM,NSE,STK,11140,INE748Z01013,SUMIT,EQ,,,,,SUMIT WOODS LIMITED,54.7,56.24,51.61,54.67,54.7,53.51,,54.67,,,23195,1257086.66,486,F1,1,,,,,
2026-08-18,2026-08-18,CM,NSE,STK,17105,INE258G01013,SUMICHEM,EQ,,,,,SUMITOMO CHEM INDIA LTD,559.8,566.95,552.0,563.1,561.9,559.8,,563.05,,,359927,202145250.75,12059,F1,1,,,,,
2026-08-18,2026-08-18,CM,NSE,STK,21275,INE519C01017,SUMMITSEC,EQ,,,,,SUMMIT SECURITIES LTD,1430.0,1460.0,1420.9,1428.8,1421.7,1445.7,,1427.1,,,2063,2951030.7,461,F1,1,,,,,
2026-08-18,2026-08-18,CM,NSE,STK,14788,INE232I01014,SPARC,EQ,,,,,SUN PHARMA ADV.RES.CO.LTD,197.36,199.08,191.88,192.93,194.5,197.36,,192.93,,,710149,138114675.55,11368,F1,1,,,,,
2026-08-18,2026-08-18,CM,NSE,STK,3351,INE044A01036,SUNPHARMA,EQ,,,,,SUN PHARMACEUTICAL IND L,1890.0,1899.0,1868.3,1875.1,1875.1,1882.0,,1875.1,,,1819169,3420923606.4,76048,F1,1,,,,,
2026-08-18,2026-08-18,CM,NSE,STK,13404,INE424H01027,SUNTV,EQ,,,,,SUN TV NETWORK LIMITED,485.0,486.95,482.15,482.8,482.7,488.25,,482.8,,,162286,78484529.15,6430,F1,1,,,,,
2026-08-18,2026-08-18,CM,NSE,STK,20956,INE0Q3R01026,SUNCLAY,EQ,,,,,SUNDARAM CLAYTON LIMITED,1288.0,1297.1,1270.1,1292.1,1287.4,1289.8,,1292.1,,,1984,2558192.0,350,F1,1,,,,,
2026-08-18,2026-08-18,CM,NSE,STK,3339,INE660A01013,SUNDARMFIN,EQ,,,,,SUNDARAM FINANCE LTD,4525.0,4658.0,4510.0,4619.6,4622.3,4523.9,,4619.57,,,81086,373454277.0,13088,F1,1,,,,,
2026-08-18,2026-08-18,CM,NSE,STK,18931,INE108E01023,SUNDARAM,EQ,,,,,SUNDARAM MULTI PAP LTD,1.16,1.24,1.15,1.23,1.24,1.13,,1.23,,,1399675,1698416.93,750,F1,1,,,,,
2026-08-18,2026-08-18,CM,NSE,STK,9848,INE073D01013,SUNDRMBRAK,BE,,,,,SUNDARAMBRAKE LININGS LTD,909.9,909.9,860.0,862.5,879.0,899.8,,862.5,,,1369,1194563.1,99,F1,1,,,,,
2026-08-18,2026-08-18,CM,NSE,STK,3345,INE387A01021,SUNDRMFAST,EQ,,,,,SUNDRAM FASTENERS LTD,1210.0,1244.8,1208.7,1228.3,1226.1,1214.75,,1227.35,,,334446,411153767.05,35584,F1,1,,,,,
2026-08-18,2026-08-18,CM,NSE,STK,761202,INE0CTB01014,SOCL,SM,,,,,SUNDREX OIL COMPANY LTD,29.0,29.0,28.9,28.9,28.9,29.0,,28.9,,,9600,277600.0,5,F1,1600,,,,,
2026-08-18,2026-08-18,CM,NSE,STK,1663,INE209A01019,SUNDROP,EQ,,,,,SUNDROP BRANDS LIMITED,665.05,665.05,648.0,649.55,652.0,651.4,,649.45,,,21332,13906802.95,526,F1,1,,,,,
2026-08-18,2026-08-18,CM,NSE,STK,3348,INE947A01014,SUNFLAG,EQ,,,,,SUNFLAG IRON AND STEEL CO,362.9,363.9,355.75,357.4,357.1,360.75,,357.41,,,84805,30505201.2,2229,F1,1,,,,,
2026-08-18,2026-08-18,CM,NSE,STK,18264,INE0O3O01017,SEL,SM,,,,,SUNGARNER ENERGIES LTD,314.0,314.0,298.3,304.75,305.0,314.0,,304.75,,,9800,2944880.0,38,F1,200,,,,,
2026-08-18,2026-08-18,CM,NSE,STK,765180,INE671C01016,SUNLOC,EQ,,,,,SUNIL HEALTHCARE LTD.,75.0,75.0,67.5,68.38,67.5,68.3,,68.38,,,366,26545.5,12,F1,1,,,,,
2026-08-18,2026-08-18,CM,NSE,STK,24868,INE0U2N01013,SUNLITE,SM,,,,,SUNLITE RECYCLING IND LTD,458.1,545.0,457.05,490.2,488.0,463.85,,490.2,,,45000,22529955.0,107,F1,300,,,,,
2026-08-18,2026-08-18,CM,NSE,STK,764925,INE671K01027,SUNRAKSHAK,EQ,,,,,SUNRAKSHAKK INDUS IND L,379.9,380.5,370.05,376.95,377.0,378.4,,377.4,,,6621,2489831.7,183,F1,1,,,,,
2026-08-18,2026-08-18,CM,NSE,STK,765264,INE0PLZ20020,SUN-RE,ST,,,,,SUNREST LIFE LTD,5.8,5.8,5.8,5.8,5.8,9.65,,5.8,,,8000,46400.0,5,F1,1600,,,,,
2026-08-18,2026-08-18,CM,NSE,STK,20213,INE0PLZ01012,SUNREST,SM,,,,,SUNREST LIFESCIENCE LTD,44.0,44.0,39.0,39.05,39.05,44.65,,39.05,,,8000,326320.0,5,F1,1600,,,,,
2026-08-18,2026-08-18,CM,NSE,STK,764930,INE199E01014,SUNSHIEL,EQ,,,,,SUNSHIELD CHEMICALS LTD.,1260.0,1274.8,1225.0,1262.4,1274.0,1228.0,,1273.07,,,1312,1644728.0,124,F1,1,,,,,
2026-08-18,2026-08-18,CM,NSE,STK,757766,INE0SGZ01016,SUNTECH,ST,,,,,SUNTECH INFRA SOLUTIONS L,35.65,35.65,35.65,35.65,35.65,34.8,,35.65,,,1600,57040.0,1,F1,1600,,,,,
2026-08-18,2026-08-18,CM,NSE,STK,17641,INE805D01034,SUNTECK,EQ,,,,,SUNTECK REALTY LIMITED,297.3,300.95,296.1,298.8,298.05,299.55,,298.8,,,102965,30771700.85,4311,F1,1,,,,,
2026-08-18,2026-08-18,CM,NSE,STK,8931,INE662A01027,SUPERSPIN,BE,,,,,SUPER SPINNING MILLS LTD,5.93,5.95,5.9,5.93,5.93,5.88,,5.96,,,10598,62923.28,12,F1,1,,,,,
2026-08-18,2026-08-18,CM,NSE,STK,764935,INE460D01038,SUPTANERY,EQ,,,,,SUPER TANNERY LTD.,7.2,8.19,7.15,8.19,8.19,6.83,,8.27,,,578158,4610398.42,1840,F1,1,,,,,
2026-08-18,2026-08-18,CM,NSE,STK,20616,INE712B01010,SUPERHOUSE,EQ,,,,,SUPERHOUSE LIMITED,167.43,168.2,167.4,168.2,168.2,169.12,,168.2,,,1529,256542.11,24,F1,1,,,,,
2026-08-18,2026-08-18,CM,NSE,STK,3147,INE843L01012,SIEL,EQ,,,,,SUPERIOR INDUSTRIAL ENT L,38.57,38.57,38.57,38.57,38.57,35.07,,38.57,,,4840,186678.8,93,F1,1,,,,,
2026-08-18,2026-08-18,CM,NSE,STK,11689,INE399C01030,SUPRAJIT,EQ,,,,,SUPRAJIT ENGINEERING LTD,517.1,530.85,516.2,527.8,527.95,520.75,,527.79,,,69957,36588130.5,4539,F1,1,,,,,
2026-08-18,2026-08-18,CM,NSE,STK,758997,INE319Z01021,SUPREMEENG,BZ,,,,,SUPREME ENGINEERING LTD,2.41,2.41,2.41,2.41,2.41,2.37,,2.41,,,197315,475529.15,98,F1,1,,,,,
2026-08-18,2026-08-18,CM,NSE,STK,28069,INE0U6N01014,SFML,SM,,,,,SUPREME FACILITY MGMT LTD,21.5,21.5,21.5,21.5,21.5,21.5,,21.5,,,1600,34400.0,1,F1,1600,,,,,
2026-08-18,2026-08-18,CM,NSE,STK,29439,INE822E01011,SUPREME,EQ,,,,,SUPREME HOLDIN N HOSP I L,42.22,42.22,40.92,41.01,41.19,40.71,,41.02,,,6328,260651.89,143,F1,1,,,,,
2026-08-18,2026-08-18,CM,NSE,STK,3363,INE195A01028,SUPREMEIND,EQ,,,,,SUPREME INDUSTRIES LTD,3590.0,3622.8,3580.0,3604.0,3604.0,3590.0,,3604.01,,,105998,382261304.9,12263,F1,1,,,,,
2026-08-18,2026-08-18,CM,NSE,STK,15002,INE550H01011,SUPREMEINF,EQ,,,,,SUPREME INFRA. LTD.,89.3,92.4,86.0,87.06,86.1,90.66,,87.08,,,51896,4614164.82,408,F1,1,,,,,
2026-08-18,2026-08-18,CM,NSE,STK,9617,INE663A01033,SPLPETRO,EQ,,,,,SUPREME PETROCHEM LIMITED,727.95,727.95,705.0,707.0,705.0,723.45,,706.98,,,45433,32324629.45,4455,F1,1,,,,,
2026-08-18,2026-08-18,CM,NSE,STK,21067,INE0QHG01026,SUPREMEPWR,SM,,,,,SUPREME POWER EQUIPMENT L,195.9,230.9,195.9,230.9,230.9,192.45,,230.9,,,318000,70174350.0,484,F1,500,,,,,
2026-08-18,2026-08-18,CM,NSE,STK,7390,INE07RO01027,SUPRIYA,EQ,,,,,SUPRIYA LIFESCIENCE LTD,784.0,824.0,781.6,801.65,803.4,784.0,,801.68,,,388406,313398782.85,17665,F1,1,,,,,
2026-08-18,2026-08-18,CM,NSE,STK,20822,INE843S01025,SURAJEST,EQ,,,,,SURAJ ESTATE DEVELOPERS L,213.06,213.06,208.0,208.19,208.0,211.37,,208.22,,,108902,22825138.83,1069,F1,1,,,,,
2026-08-18,2026-08-18,CM,NSE,STK,24966,INE713C01016,SURAJLTD,EQ,,,,,SURAJ LIMITED,218.01,222.98,207.0,209.45,209.99,218.0,,209.45,,,8703,1833849.04,162,F1,1,,,,,
2026-08-18,2026-08-18,CM,NSE,STK,27334,INE877V01027,SURAKSHA,EQ,,,,,SURAKSHA DIAGNOSTIC LTD,309.5,323.45,309.5,318.3,317.0,308.45,,318.28,,,239783,76292910.0,6404,F1,1,,,,,
2026-08-18,2026-08-18,CM,NSE,STK,21077,INE272L01022,SURANASOL,EQ,,,,,SURANA SOLAR LIMITED,25.7,26.5,25.1,25.43,25.8,25.49,,25.46,,,71147,1840669.52,771,F1,1,,,,,
2026-08-18,2026-08-18,CM,NSE,STK,10700,INE130B01031,SURANAT&P,EQ,,,,,SURANA TELECOM AND POW LT,16.2,16.65,15.6,16.23,16.34,16.19,,16.23,,,47156,758886.12,419,F1,1,,,,,
2026-08-18,2026-08-18,CM,NSE,STK,8513,INE01ZJ01015,SURANI,SM,,,,,SURANI STEEL TUBES LTD.,90.15,90.15,90.15,90.15,90.15,94.2,,90.15,,,200,18030.0,1,F1,200,,,,,
2026-08-18,2026-08-18,CM,NSE,STK,14139,INE05ST01028,SBGLP,EQ,,,,,SURATWWALA BUS GROUP LTD,24.95,25.77,24.9,25.25,24.9,24.95,,25.23,,,27925,702452.24,127,F1,1,,,,,
2026-08-18,2026-08-18,CM,NSE,STK,3375,INE335A01020,SURYAROSNI,EQ,,,,,SURYA ROSHNI LTD,221.27,226.84,221.27,223.44,223.6,221.27,,223.44,,,445729,99716263.17,8086,F1,1,,,,,
2026-08-18,2026-08-18,CM,NSE,STK,11852,INE713B01026,SURYALAXMI,EQ,,,,,SURYALAKSHMI COT MIL LTD,57.94,59.99,56.31,58.64,58.6,57.66,,58.57,,,3245,189327.27,106,F1,1,,,,,
2026-08-18,2026-08-18,CM,NSE,STK,762924,INE132C01027,SURYALA,EQ,,,,,SURYALATA SPINNING MILL L,379.0,385.0,375.0,382.95,382.95,371.35,,383.78,,,313,118275.5,22,F1,1,,,,,
2026-08-18,2026-08-18,CM,NSE,STK,2970,INE428Q01011,SURYODAY,EQ,,,,,SURYODAY SMALL FIN BK LTD,154.01,154.01,151.15,151.92,152.01,154.01,,151.92,,,215534,32761207.46,2981,F1,1,,,,,
2026-08-18,2026-08-18,CM,NSE,STK,13804,INE645H01027,SUTLEJTEX,BE,,,,,SUTLEJ TEXT & INDUS LTD,38.5,39.0,37.72,38.05,38.0,38.06,,38.05,,,23313,896355.19,49,F1,1,,,,,
2026-08-18,2026-08-18,CM,NSE,STK,11233,INE495B01038,SUVEN,EQ,,,,,SUVEN LIFE SCIENCES LTD,333.0,344.2,321.15,339.9,341.95,333.05,,339.99,,,572993,190496776.5,13796,F1,1,,,,,
2026-08-18,2026-08-18,CM,NSE,STK,2998,INE018401013,SUVIDHAA,EQ,,,,,SUVIDHAA INFOSERVE LTD,2.49,2.53,2.43,2.46,2.44,2.49,,2.46,,,115177,285666.08,202,F1,1,,,,,
2026-08-18,2026-08-18,CM,NSE,STK,24851,INE442P01014,SUYOG,EQ,,,,,SUYOG TELEMATICS LIMITED,820.05,834.4,787.3,801.2,794.0,813.85,,800.99,,,25281,20565195.95,1852,F1,1,,,,,
2026-08-18,2026-08-18,CM,NSE,STK,12018,INE040H01021,SUZLON,EQ,,,,,SUZLON ENERGY LIMITED,48.95,48.95,47.47,47.78,47.78,49.0,,47.78,,,62318243,3000470828.52,87115,F1,1,,,,,
2026-08-18,2026-08-18,CM,NSE,STK,5020,INE308E01029,SVPGLOB,EQ,,,,,SVP GLOBAL TEXTILES LTD,3.87,3.89,3.75,3.77,3.77,3.87,,3.77,,,17219,64872.01,58,F1,1,,,,,
2026-08-18,2026-08-18,CM,NSE,STK,27095,INE665A01038,SWANCORP,EQ,,,,,SWAN CORP LIMITED,305.5,307.35,303.95,304.55,304.2,305.2,,304.5,,,798097,243706279.75,6559,F1,1,,,,,
2026-08-18,2026-08-18,CM,NSE,STK,29164,INE542F01020,SWANDEF,BE,,,,,SWAN DEFENCE N HEVY IND L,2422.0,2422.0,2300.0,2379.2,2370.0,2390.5,,2378.05,,,15930,37432558.4,813,F1,1,,,,,
2026-08-18,2026-08-18,CM,NSE,STK,3384,INE277A01016,SWARAJENG,EQ,,,,,SWARAJ ENGINES LTD,3635.0,3635.0,3580.0,3594.0,3597.0,3628.6,,3594.11,,,5045,18143598.8,1148,F1,1,,,,,
2026-08-18,2026-08-18,CM,NSE,STK,764494,INE0GMR01016,SWARAJ,EQ,,,,,SWARAJ SUITING LIMITED,370.0,386.75,368.5,376.15,370.15,369.3,,376.11,,,388900,146117914.45,3304,F1,1,,,,,
2026-08-18,2026-08-18,CM,NSE,STK,765185,INE967A01012,SWARNSAR,EQ,,,,,SWARNSARITA JEWELS IND L,33.4,36.85,33.1,33.98,35.42,36.06,,34.03,,,9179,315265.08,55,F1,1,,,,,
2026-08-18,2026-08-18,CM,NSE,STK,11909,INE409B01013,SWELECTES,EQ,,,,,SWELECT ENERGY SYS LTD,626.85,645.45,617.5,623.85,621.1,629.7,,623.8,,,38843,24502527.0,2691,F1,1,,,,,
2026-08-18,2026-08-18,CM,NSE,STK,27066,INE00H001014,SWIGGY,EQ,,,,,SWIGGY LIMITED,277.8,277.8,272.0,274.0,274.0,278.8,,274.0,,,8346867,2289467692.4,48772,F1,1,,,,,
2026-08-18,2026-08-18,CM,NSE,STK,765190,INE010C01025,SWISSMLTRY,EQ,,,,,SWISS MILITARY CON GOOD L,13.7,14.64,13.11,14.01,14.3,13.36,,13.96,,,115984,1645388.73,494,F1,1,,,,,
2026-08-18,2026-08-18,CM,NSE,STK,24190,INE225D01027,SYMPHONY,EQ,,,,,SYMPHONY LIMITED,621.5,623.95,615.0,615.65,615.5,620.55,,615.6,,,46932,29006676.8,3919,F1,1,,,,,
2026-08-18,2026-08-18,CM,NSE,STK,11992,INE312C01025,SYNCOMF,EQ,,,,,SYNCOM FORMU (I) LTD,15.3,15.95,15.23,15.57,15.6,15.22,,15.57,,,5350174,83417711.77,10105,F1,1,,,,,
2026-08-18,2026-08-18,CM,NSE,STK,5114,INE00QT01015,SGIL,EQ,,,,,SYNERGY GREEN IND. LTD,550.2,559.8,550.0,551.2,551.0,549.65,,551.2,,,14203,7846417.2,456,F1,1,,,,,
2026-08-18,2026-08-18,CM,NSE,STK,10243,INE398R01022,SYNGENE,EQ,,,,,SYNGENE INTERNATIONAL LTD,404.55,408.9,402.3,404.1,403.5,403.0,,404.08,,,335081,136097562.65,11485,F1,1,,,,,
2026-08-18,2026-08-18,CM,NSE,STK,17206,INE0BTR01012,SYNOPTICS,ST,,,,,SYNOPTICS TECHNOLOGIES L,63.75,63.8,63.75,63.75,63.75,67.1,,63.75,,,3000,191280.0,5,F1,600,,,,,
2026-08-18,2026-08-18,CM,NSE,STK,10793,INE0DYJ01015,SYRMA,EQ,,,,,SYRMA SGS TECHNOLOGY LTD,1489.9,1521.0,1488.9,1500.1,1499.9,1467.9,,1500.07,,,2323890,3492373984.2,90131,F1,1,,,,,
2026-08-18,2026-08-18,CM,NSE,STK,14506,INE0O7R01011,SYSTANGO,SM,,,,,SYSTANGO TECHNOLOGIES LTD,221.9,221.9,212.0,214.6,213.6,218.1,,214.6,,,26000,5564280.0,61,F1,400,,,,,
2026-08-18,2026-08-18,CM,NSE,STK,759358,INE356B01024,SYSTMTXC,BE,,,,,SYSTEMATIX CORP SERVICE L,59.25,59.89,58.0,58.1,58.9,59.25,,58.1,,,8991,523783.41,49,F1,1,,,,,
2026-08-18,2026-08-18,CM,NSE,STK,764955,INE284B01028,TGVSL,EQ,,,,,T G V SRAAC LTD.,106.02,107.99,104.75,105.17,105.99,106.54,,105.08,,,81178,8619121.98,987,F1,1,,,,,
2026-08-18,2026-08-18,CM,NSE,STK,14314,INE592B01024,TTL,EQ,,,,,T T LIMITED,6.1,6.8,6.02,6.48,6.56,6.15,,6.48,,,240578,1534200.33,485,F1,1,,,,,
2026-08-18,2026-08-18,CM,NSE,STK,762929,INE524T01011,TAALTECH,EQ,,,,,TAAL TECH LTD.,4248.2,4270.0,4169.4,4196.2,4230.0,4238.8,,4196.6,,,2392,10083979.3,383,F1,1,,,,,
2026-08-18,2026-08-18,CM,NSE,STK,23441,INE0SOY01013,TAC,ST,,,,,TAC INFOSEC LIMITED,420.05,448.75,420.05,429.25,432.15,439.55,,429.25,,,51600,22302710.0,210,F1,200,,,,,
2026-08-18,2026-08-18,CM,NSE,STK,3396,INE123C01018,TAINWALCHM,EQ,,,,,TAINWALA CHEMICAL AND PLA,210.58,217.18,207.2,214.72,216.0,208.5,,214.69,,,5834,1240193.19,150,F1,1,,,,,
2026-08-18,2026-08-18,CM,NSE,STK,9354,INE586B01026,TAJGVK,EQ,,,,,TAJ GVK HOTELS & RESORTS,334.95,347.0,332.5,345.15,346.8,337.5,,345.02,,,142023,48240843.75,3618,F1,1,,,,,
2026-08-18,2026-08-18,CM,NSE,STK,14917,INE142I01023,TAKE,EQ,,,,,TAKE LIMITED,23.8,23.8,22.8,23.31,23.44,23.43,,23.32,,,1387761,32378611.45,2082,F1,1,,,,,
2026-08-18,2026-08-18,CM,NSE,STK,13648,INE187D01029,TALBROAUTO,EQ,,,,,TALBROS AUTO. COMP. LTD,423.5,430.6,420.5,426.95,428.95,423.45,,426.94,,,77394,32971885.65,3455,F1,1,,,,,
2026-08-18,2026-08-18,CM,NSE,STK,762937,INE864J01012,TAMBOLIIN,BE,,,,,TAMBOLI INDUSTRIES LTD.,254.0,262.5,244.0,259.34,256.0,250.81,,259.24,,,40178,9983612.15,187,F1,1,,,,,
2026-08-18,2026-08-18,CM,NSE,STK,10945,INE668A01016,TMB,EQ,,,,,TAMILNAD MERCA BANK LTD,839.0,850.9,836.45,847.1,846.85,843.7,,847.11,,,73206,61783924.65,5173,F1,1,,,,,
2026-08-18,2026-08-18,CM,NSE,STK,3980,INE107A01015,TNPL,EQ,,,,,TAMILNADU NEWSPRT & PAPER,141.0,142.95,136.52,138.07,137.4,140.88,,138.04,,,248504,34792203.53,3327,F1,1,,,,,
2026-08-18,2026-08-18,CM,NSE,STK,3509,INE148A01019,TNPETRO,EQ,,,,,TAMILNADU PETROPRODUCTS L,115.0,118.19,111.78,112.45,112.8,114.16,,112.48,,,834956,96326908.0,10632,F1,1,,,,,
2026-08-18,2026-08-18,CM,NSE,STK,3512,INE141D01018,TNTELE,EQ,,,,,TAMILNADU TELECOMMUNICATI,9.0,9.14,8.91,9.06,9.06,8.96,,9.06,,,16035,144079.1,56,F1,1,,,,,
2026-08-18,2026-08-18,CM,NSE,STK,764945,INE692C01020,TANAA,EQ,,,,,TANEJA AEROSPACE & AVIA L,308.5,317.0,298.1,313.85,314.0,300.95,,314.11,,,8980,2793163.0,393,F1,1,,,,,
2026-08-18,2026-08-18,CM,NSE,STK,756338,INE0Z7N01017,TANKUP,ST,,,,,TANKUP ENGINEERS LIMITED,1190.1,1225.0,1190.1,1225.0,1225.0,1240.0,,1225.0,,,500,603775.0,2,F1,250,,,,,
2026-08-18,2026-08-18,CM,NSE,STK,13976,INE483C01032,TANLA,EQ,,,,,TANLA PLATFORMS LIMITED,571.0,578.5,555.5,576.75,577.5,573.5,,576.75,,,773554,438147225.95,24437,F1,1,,,,,
2026-08-18,2026-08-18,CM,NSE,STK,10986,INE0M7001010,TAPIFRUIT,SM,,,,,TAPI FRUIT PROCESSING LTD,52.0,52.0,52.0,52.0,52.0,50.0,,52.0,,,750,39000.0,1,F1,750,,,,,
2026-08-18,2026-08-18,CM,NSE,STK,23512,INE555Z01020,TARACHAND,EQ,,,,,TARA CHAND INFRA SOLN LTD,47.12,47.44,46.01,46.96,47.0,47.12,,46.96,,,80945,3772649.62,925,F1,1,,,,,
2026-08-18,2026-08-18,CM,NSE,STK,18827,INE747K01017,TARAPUR,EQ,,,,,TARAPUR TRANSFORMERS LTD,14.33,15.68,14.04,15.16,15.04,14.33,,15.22,,,64238,978064.54,527,F1,1,,,,,
2026-08-18,2026-08-18,CM,NSE,STK,1581,INE0EK901012,TARC,EQ,,,,,TARC LIMITED,124.05,124.05,120.1,120.81,120.78,124.36,,120.81,,,377025,45922333.85,3255,F1,1,,,,,
2026-08-18,2026-08-18,CM,NSE,STK,14771,INE924H01018,TARMAT,EQ,,,,,TARMAT LIMITED,56.99,56.99,53.3,53.83,53.97,55.98,,53.83,,,32411,1771593.15,335,F1,1,,,,,
2026-08-18,2026-08-18,CM,NSE,STK,6943,INE144Z01023,TARSONS,EQ,,,,,TARSONS PRODUCTS LIMITED,365.0,365.0,332.0,336.65,338.0,361.5,,336.66,,,1199370,409570585.9,22130,F1,1,,,,,
2026-08-18,2026-08-18,CM,NSE,STK,20092,INE488B01017,TASTYBITE,EQ,,,,,TASTY BITE EATABLES LTD,10098.5,10399.0,9903.5,10142.5,10155.0,10014.5,,10142.02,,,24438,249514651.5,7675,F1,1,,,,,
2026-08-18,2026-08-18,CM,NSE,STK,759265,INE976I01016,TATACAP,EQ,,,,,TATA CAPITAL LIMITED,357.5,363.9,355.1,363.15,363.65,359.25,,363.16,,,854053,307834128.2,18729,F1,1,,,,,
2026-08-18,2026-08-18,CM,NSE,STK,3405,INE092A01019,TATACHEM,EQ,,,,,TATA CHEMICALS LTD,663.0,667.05,651.0,653.0,651.75,662.9,,653.04,,,325477,213839784.2,13687,F1,1,,,,,
2026-08-18,2026-08-18,CM,NSE,STK,3721,INE151A01013,TATACOMM,EQ,,,,,TATA COMMUNICATIONS LTD,1700.1,1709.2,1682.0,1689.8,1690.0,1711.9,,1689.81,,,357284,604940873.2,35020,F1,1,,,,,
2026-08-18,2026-08-18,CM,NSE,STK,11536,INE467B01029,TCS,EQ,,,,,TATA CONSULTANCY SERV LT,2300.0,2307.0,2280.0,2280.0,2280.0,2313.2,,2280.01,,,1797822,4114677787.5,83531,F1,1,,,,,
2026-08-18,2026-08-18,CM,NSE,STK,3432,INE192A01025,TATACONSUM,EQ,,,,,TATA CONSUMER PRODUCT LTD,1075.5,1079.1,1061.6,1061.6,1061.6,1072.6,,1061.61,,,939925,1003897434.1,37897,F1,1,,,,,
2026-08-18,2026-08-18,CM,NSE,STK,3411,INE670A01012,TATAELXSI,EQ,,,,,TATA ELXSI LIMITED,3759.0,3759.0,3656.0,3662.0,3662.0,3760.0,,3661.99,,,192129,707894284.7,17007,F1,1,,,,,
2026-08-18,2026-08-18,CM,NSE,STK,1621,INE672A01026,TATAINVEST,EQ,,,,,TATA INVESTMENT CORP LTD,654.55,659.35,645.3,647.2,648.0,654.55,,647.21,,,175566,114358640.65,11059,F1,1,,,,,
2026-08-18,2026-08-18,CM,NSE,STK,759782,INE1TAE01010,TMCV,EQ,,,,,TATA MOTORS LIMITED,467.0,474.9,463.5,471.65,468.8,470.4,,471.68,,,6376666,2992083094.8,92383,F1,1,,,,,
2026-08-18,2026-08-18,CM,NSE,STK,3456,INE155A01022,TMPV,EQ,,,,,TATA MOTORS PASS VEH LTD,330.5,331.7,322.8,322.8,322.8,330.2,,322.8,,,9865820,3210448719.2,110618,F1,1,,,,,
2026-08-18,2026-08-18,CM,NSE,STK,3426,INE245A01021,TATAPOWER,EQ,,,,,TATA POWER CO LTD,378.4,382.05,378.4,381.0,381.0,381.5,,380.99,,,2827459,1075959748.2,30671,F1,1,,,,,
2026-08-18,2026-08-18,CM,NSE,STK,3499,INE081A01020,TATASTEEL,EQ,,,,,TATA STEEL LIMITED,186.34,187.11,184.33,185.5,185.5,186.0,,185.5,,,13393441,2481938987.78,102914,F1,1,,,,,
2026-08-18,2026-08-18,CM,NSE,STK,20293,INE142M01025,TATATECH,EQ,,,,,TATA TECHNOLOGIES LIMITED,840.0,844.7,815.2,835.8,832.0,841.65,,835.83,,,1516377,1259359890.0,56798,F1,1,,,,,
2026-08-18,2026-08-18,CM,NSE,STK,8954,INE517B01013,TTML,EQ,,,,,TATA TELESERV(MAHARASTRA),38.0,38.35,37.6,37.85,37.89,38.15,,37.86,,,914895,34749769.17,5187,F1,1,,,,,
2026-08-18,2026-08-18,CM,NSE,STK,7838,INF277K015R5,NETF,EQ,,,,,TATAAML - NETF,264.66,264.66,263.0,263.21,263.0,265.2,,263.55,,,860,226717.37,114,F1,1,,,,,
2026-08-18,2026-08-18,CM,NSE,STK,12978,INF277K010X4,NPBET,EQ,,,,,TATAAML - NPBET,283.28,285.5,281.54,285.04,285.5,283.33,,285.04,,,4184,1182603.78,14,F1,1,,,,,
2026-08-18,2026-08-18,CM,NSE,STK,8882,INF277KA1364,TNIDETF,EQ,,,,,TATAAML - TNIDETF,93.12,93.12,89.43,89.72,89.98,90.85,,89.72,,,152705,13702736.44,820,F1,1,,,,,
2026-08-18,2026-08-18,CM,NSE,STK,21401,INF277KA1976,TATAGOLD,EQ,,,,,TATAAML-TATAGOLD,14.47,15.22,14.47,14.85,14.85,14.85,,14.85,,,31734829,471313586.24,61613,F1,1,,,,,
2026-08-18,2026-08-18,CM,NSE,STK,21428,INF277KA1984,TATSILV,EQ,,,,,TATAAML-TATSILV,22.13,22.9,22.13,22.49,22.52,22.7,,22.49,,,24258207,546450031.14,34988,F1,1,,,,,
2026-08-18,2026-08-18,CM,NSE,STK,5162,INE0GK401011,TATVA,EQ,,,,,TATVA CHIN PHARM CHEM LTD,1686.0,1700.8,1639.7,1669.6,1679.0,1685.8,,1669.53,,,83030,137951997.8,8648,F1,1,,,,,
2026-08-18,2026-08-18,CM,NSE,STK,759756,INE0XWS01018,TAURIAN,SM,,,,,TAURIAN MPS LIMITED,445.0,463.0,440.0,461.1,463.0,434.95,,461.1,,,55200,24879040.0,55,F1,800,,,,,
2026-08-18,2026-08-18,CM,NSE,STK,11754,INE053F07835,753IRFC30,NJ,,,,,TAX FREE  7.53% SR. 103 A,1134.01,1134.01,1134.01,1134.01,1134.01,1134.0,,1134.01,,,11,12474.11,1,F1,1,,,,,
2026-08-18,2026-08-18,CM,NSE,STK,15168,INE053F07900,764IRFC31,NO,,,,,TAX FREE  7.64% SR. 108A,1144.07,1144.07,1144.06,1144.06,1144.06,1147.47,,1144.06,,,100,114406.5,2,F1,1,,,,,
2026-08-18,2026-08-18,CM,NSE,STK,14529,INE906B07EP5,769NHAI31,NE,,,,,TAX FREE 7.69% SR. IIB,1151.0,1151.0,1148.36,1148.45,1148.7,1148.36,,1148.45,,,131,150449.64,4,F1,1,,,,,
2026-08-18,2026-08-18,CM,NSE,STK,11757,INE053F07843,750IRFC35,NK,,,,,TAX FREE7.50% SR.104 A,1213.0,1213.0,1213.0,1213.0,1213.0,1208.75,,1213.0,,,13,15769.0,2,F1,1,,,,,
2026-08-18,2026-08-18,CM,NSE,STK,12003,INE906B07EJ8,76NHAI31,,,,,,TAX FREE7.60% SR.IIB,1123.99,1123.99,1123.99,1123.99,1123.99,1116.93,,1123.99,,,1,1123.99,1,F1,1,,,,,
2026-08-18,2026-08-18,CM,NSE,STK,24019,INE0N2D01013,TBI,SM,,,,,TBI CORN LIMITED,62.0,62.0,58.65,60.95,60.95,61.6,,60.95,,,25800,1568730.0,36,F1,600,,,,,
2026-08-18,2026-08-18,CM,NSE,STK,23740,INE673O01025,TBOTEK,EQ,,,,,TBO TEK LIMITED,1720.0,1725.5,1671.5,1708.2,1705.9,1700.0,,1708.15,,,371186,630754560.0,22886,F1,1,,,,,
2026-08-18,2026-08-18,CM,NSE,STK,761814,INE887D01016,TCC,EQ,,,,,TCC CONCEPT LIMITED,252.25,255.45,250.1,253.05,253.9,256.3,,253.05,,,13533,3419499.7,544,F1,1,,,,,
2026-08-18,2026-08-18,CM,NSE,STK,19223,INE586V01016,TCIEXP,EQ,,,,,TCI EXPRESS LIMITED,566.75,573.45,551.5,555.2,552.9,566.75,,554.75,,,36942,20677476.1,2198,F1,1,,,,,
2026-08-18,2026-08-18,CM,NSE,STK,8722,INE911B01018,TCIFINANCE,BE,,,,,TCIFINANCELTD-ROLL SETT,15.46,15.74,15.0,15.32,15.31,15.46,,15.32,,,17529,272258.82,83,F1,1,,,,,
2026-08-18,2026-08-18,CM,NSE,STK,184,INE822C01015,TCPLPACK,EQ,,,,,TCPL PACKAGING LIMITED,4037.9,4264.0,4016.9,4234.8,4253.0,4037.6,,4234.67,,,42484,177058020.1,4902,F1,1,,,,,
2026-08-18,2026-08-18,CM,NSE,STK,25178,INE419M01027,TDPOWERSYS,EQ,,,,,TD POWER SYSTEMS LTD.,1549.0,1597.7,1529.2,1586.6,1585.0,1548.8,,1586.53,,,1797894,2828899465.1,84428,F1,1,,,,,
2026-08-18,2026-08-18,CM,NSE,STK,10717,INE289C01025,TEAMGTY,EQ,,,,,TEAM INDIA GUARANTY LTD,230.0,238.0,226.24,234.97,234.98,224.2,,234.77,,,25080,5892753.51,47,F1,1,,,,,
2026-08-18,2026-08-18,CM,NSE,STK,12716,INE985S01024,TEAMLEASE,EQ,,,,,TEAMLEASE SERVICES LTD.,1228.1,1261.4,1228.1,1246.5,1241.0,1239.6,,1246.17,,,16967,21226836.8,3754,F1,1,,,,,
2026-08-18,2026-08-18,CM,NSE,STK,16996,INE065J01024,TPHQ,EQ,,,,,TEAMO PRODUCTIONS HQ LTD,0.61,0.63,0.54,0.63,0.63,0.58,,0.64,,,33421785,19924914.68,2409,F1,1,,,,,
2026-08-18,2026-08-18,CM,NSE,STK,763571,INE2OL601013,TEAMTECH,ST,,,,,TEAMTECH FORMWORK SOL LTD,113.0,117.7,113.0,117.0,117.0,118.85,,117.0,,,28000,3224800.0,12,F1,2000,,,,,
2026-08-18,2026-08-18,CM,NSE,STK,13538,INE669C01036,TECHM,EQ,,,,,TECH MAHINDRA LIMITED,1605.0,1608.0,1579.9,1592.0,1592.0,1610.0,,1592.0,,,1904893,3023566693.5,49074,F1,1,,,,,
2026-08-18,2026-08-18,CM,NSE,STK,759141,INE0Y5H01014,TECHD,ST,,,,,TECHD CYBERSECURITY LTD,583.8,583.8,565.0,575.0,575.0,579.3,,575.0,,,10500,5992290.0,33,F1,300,,,,,
2026-08-18,2026-08-18,CM,NSE,STK,25652,INE0JQS01019,TECHERA,SM,,,,,TECHERA ENGINEER (IND) L,172.1,178.5,168.55,176.6,176.5,170.95,,176.6,,,43200,7552680.0,46,F1,800,,,,,
2026-08-18,2026-08-18,CM,NSE,STK,6445,INE285K01026,TECHNOE,EQ,,,,,TECHNO ELEC & ENG CO. LTD,965.0,1018.0,957.55,1002.45,1005.0,959.15,,1002.28,,,444335,444415879.35,29268,F1,1,,,,,
2026-08-18,2026-08-18,CM,NSE,STK,14223,INE545H01011,TIIL,EQ,,,,,TECHNOCRAFT IND LTD,3090.0,3359.9,3090.0,3280.2,3279.9,3097.2,,3280.13,,,190168,622203446.7,22684,F1,1,,,,,
2026-08-18,2026-08-18,CM,NSE,STK,764532,INE1D0W01018,TECHNOCRAF,EQ,,,,,TECHNOCRAFT VENTURES LTD,296.0,306.9,292.0,304.79,304.0,299.94,,304.79,,,2132502,639047954.63,27228,F1,1,,,,,
2026-08-18,2026-08-18,CM,NSE,STK,762939,INE314H01012,TECHNVISN,EQ,,,,,TECHNVISION VENTURES LTD.,5122.2,5122.2,4792.9,5014.4,5003.8,5045.1,,5011.33,,,688,3393845.0,179,F1,1,,,,,
2026-08-18,2026-08-18,CM,NSE,STK,3453,INE014B01011,TECILCHEM,EQ,,,,,TECIL CHEMICALS,8.78,8.78,8.1,8.54,8.54,8.39,,8.54,,,5093,43093.24,47,F1,1,,,,,
2026-08-18,2026-08-18,CM,NSE,STK,23530,INE0K6601012,TGL,ST,,,,,TEERTH GOPICON LIMITED,18.1,18.1,18.1,18.1,18.1,19.05,,18.1,,,5400,97740.0,17,F1,200,,,,,
2026-08-18,2026-08-18,CM,NSE,STK,7105,INE011K01018,TEGA,EQ,,,,,TEGA INDUSTRIES LIMITED,1744.0,1744.0,1702.1,1733.9,1735.4,1744.0,,1733.85,,,68894,118976984.4,6437,F1,1,,,,,
2026-08-18,2026-08-18,CM,NSE,STK,763825,INE0R1301019,TEJA,SM,,,,,TEJA ENGINEERING IND L,390.15,390.15,390.15,390.15,390.15,433.5,,390.15,,,3600,1404540.0,6,F1,600,,,,,
2026-08-18,2026-08-18,CM,NSE,STK,29723,INE17WC01013,TEJASCARGO,SM,,,,,TEJAS CARGO INDIA LIMITED,400.5,400.75,400.25,400.25,400.25,406.0,,400.25,,,40400,16178400.0,3,F1,400,,,,,
2026-08-18,2026-08-18,CM,NSE,STK,21131,INE010J01012,TEJASNET,EQ,,,,,TEJAS NETWORKS LIMITED,522.0,529.6,517.3,519.3,519.8,522.85,,519.3,,,757795,395700562.1,19829,F1,1,,,,,
2026-08-18,2026-08-18,CM,NSE,STK,3275,INE869Y01028,TEMBO,EQ,,,,,TEMBO GLOBAL IND LTD,60.35,61.75,59.05,59.75,59.5,60.35,,59.75,,,1565063,94345536.1,4055,F1,1,,,,,
2026-08-18,2026-08-18,CM,NSE,STK,759880,INE19RI01016,TENNIND,EQ,,,,,TENNECO CLEAN AIR INDIA L,548.7,560.0,548.0,550.3,552.0,548.45,,550.29,,,1493025,827631803.15,32323,F1,1,,,,,
2026-08-18,2026-08-18,CM,NSE,STK,19292,INE482B01010,TERASOFT,EQ,,,,,TERA SOFTWARE LIMITED,337.0,357.7,327.0,344.15,347.9,336.7,,344.13,,,24791,8585503.6,1550,F1,1,,,,,
2026-08-18,2026-08-18,CM,NSE,STK,764950,INE390D01011,TERAI,EQ,,,,,TERAI TEA CO. LTD.,124.0,124.0,124.0,124.0,124.0,124.6,,128.48,,,7,868.0,4,F1,1,,,,,
2026-08-18,2026-08-18,CM,NSE,STK,11549,INE435C01024,TEXINFRA,EQ,,,,,TEXMACO INFRA & HOLDG LTD,109.47,109.48,103.5,107.05,107.75,107.85,,107.05,,,120182,12802974.31,1165,F1,1,,,,,
2026-08-18,2026-08-18,CM,NSE,STK,21828,INE621L01012,TEXRAIL,EQ,,,,,TEXMACO RAIL & ENG. LTD.,106.9,106.94,104.2,104.72,104.5,106.89,,104.71,,,601008,63269864.92,6542,F1,1,,,,,
2026-08-18,2026-08-18,CM,NSE,STK,18214,INE141K01013,TEXMOPIPES,EQ,,,,,TEXMO PIPE & PRODUCTS LTD,45.73,45.99,44.26,45.11,45.02,45.62,,45.11,,,27739,1254328.45,253,F1,1,,,,,
2026-08-18,2026-08-18,CM,NSE,STK,10744,INE733E07JT8,737NTPC35C,,,,,,TFB 7.37% 2035 SR. 3A,1378.0,1378.0,1378.0,1378.0,1378.0,1204.0,,1378.0,,,58,79924.0,1,F1,1,,,,,
2026-08-18,2026-08-18,CM,NSE,STK,10751,INE733E07JW2,762NTPC35F,ND,,,,,TFB 7.62% 2035 SR. 3B,1230.0,1230.0,1230.0,1230.0,1230.0,1248.9,,1230.0,,,200,246000.0,1,F1,1,,,,,
2026-08-18,2026-08-18,CM,NSE,STK,14607,INE797H01018,TGBHOTELS,EQ,,,,,TGB BANQUETS&HOTELS LTD,9.5,9.5,9.07,9.2,9.3,9.2,,9.2,,,7361,67681.8,36,F1,1,,,,,
2026-08-18,2026-08-18,CM,NSE,STK,22777,INE0QJL01014,TCL,SM,,,,,THAAI CASTING LIMITED,141.1,143.0,132.5,138.35,137.0,141.55,,138.35,,,54400,7463520.0,61,F1,800,,,,,
2026-08-18,2026-08-18,CM,NSE,STK,762947,INE077P01034,THACKER,BE,,,,,THACKER & CO. LTD.,1028.0,1054.7,1008.0,1054.7,1054.7,1060.0,,1054.7,,,42,43826.6,5,F1,1,,,,,
2026-08-18,2026-08-18,CM,NSE,STK,762949,INE403F01017,THAKDEV,EQ,,,,,THAKKERS DEVELOPERS LTD.,152.0,160.0,140.0,154.79,160.0,154.18,,154.76,,,1102,165742.84,49,F1,1,,,,,
2026-08-18,2026-08-18,CM,NSE,STK,18118,INE085J01014,THANGAMAYL,EQ,,,,,THANGAMAYIL JEWELLERY LTD,5328.0,5499.0,5321.0,5481.5,5471.5,5336.5,,5481.99,,,92660,503056589.5,14036,F1,1,,,,,
2026-08-18,2026-08-18,CM,NSE,STK,9014,INE294Z01018,ANUP,EQ,,,,,THE ANUP ENGINEERING LTD,1832.0,1852.8,1811.9,1825.2,1829.3,1834.5,,1825.27,,,17978,32804014.4,2647,F1,1,,,,,
2026-08-18,2026-08-18,CM,NSE,STK,7930,INE319B01014,BYKE,BE,,,,,THE BYKE HOSPITALITY LTD,31.48,32.3,30.9,31.81,31.31,31.49,,31.83,,,16836,534525.88,68,F1,1,,,,,
2026-08-18,2026-08-18,CM,NSE,STK,13776,INE017A01032,GESHIP,EQ,,,,,THE GE SHPG.LTD,1274.0,1326.0,1269.1,1302.9,1305.0,1274.9,,1302.9,,,1019929,1335337145.4,53559,F1,1,,,,,
2026-08-18,2026-08-18,CM,NSE,STK,17770,INE646C01018,GROBTEA,EQ,,,,,THE GROB TEA COMPANY LTD,953.8,953.8,935.4,944.0,944.0,953.8,,944.0,,,45,42269.3,10,F1,1,,,,,
2026-08-18,2026-08-18,CM,NSE,STK,8568,INE127B01011,HITECHGEAR,BE,,,,,THE HI-TECH GEARS LIMITED,541.6,549.0,523.0,534.55,535.0,544.3,,534.72,,,4798,2555048.25,190,F1,1,,,,,
2026-08-18,2026-08-18,CM,NSE,STK,1515,INE383A01012,INDIACEM,EQ,,,,,THE INDIA CEMENTS LIMITED,376.15,377.95,372.05,374.5,373.5,376.15,,374.51,,,73424,27466525.95,6014,F1,1,,,,,
2026-08-18,2026-08-18,CM,NSE,STK,1512,INE053A01029,INDHOTEL,EQ,,,,,THE INDIAN HOTELS CO. LTD,717.0,721.8,712.5,719.0,719.0,720.0,,719.0,,,1151586,826111729.55,16219,F1,1,,,,,
2026-08-18,2026-08-18,CM,NSE,STK,21427,INE924D01017,THEINVEST,EQ,,,,,THE INVEST TRUST OF IND L,98.0,101.69,97.01,99.09,100.9,98.68,,99.09,,,4700,467140.14,95,F1,1,,,,,
2026-08-18,2026-08-18,CM,NSE,STK,399,INE470Y01017,NIACL,EQ,,,,,THE NEW INDIA ASSU CO LTD,183.6,185.9,182.73,184.08,183.65,183.64,,184.09,,,1033947,190357084.63,13920,F1,1,,,,,
2026-08-18,2026-08-18,CM,NSE,STK,10321,INE431F01018,PKTEA,EQ,,,,,THE P K TEA PROD CO LTD,704.5,733.0,675.25,723.75,729.25,704.5,,723.75,,,77,53552.6,12,F1,1,,,,,
2026-08-18,2026-08-18,CM,NSE,STK,14552,INE211B01039,PHOENIXLTD,EQ,,,,,THE PHOENIX MILLS LTD,1938.1,1940.0,1905.1,1940.0,1940.0,1929.8,,1940.0,,,456494,878489820.5,26134,F1,1,,,,,
2026-08-18,2026-08-18,CM,NSE,STK,2043,INE331A01037,RAMCOCEM,EQ,,,,,THE RAMCO CEMENTS LIMITED,922.6,924.25,897.15,909.8,914.25,922.6,,909.81,,,232980,211698746.45,10218,F1,1,,,,,
2026-08-18,2026-08-18,CM,NSE,STK,10123,INE301D01026,RUBYMILLS,BE,,,,,THE RUBY MILLS LTD,397.95,401.55,384.7,401.55,401.55,382.45,,402.57,,,15176,6036938.2,219,F1,1,,,,,
2026-08-18,2026-08-18,CM,NSE,STK,5948,INE683A01023,SOUTHBANK,EQ,,,,,THE SOUTH INDIAN BANK LTD,45.21,45.5,44.9,45.09,45.14,45.22,,45.09,,,5224750,235532977.44,15783,F1,1,,,,,
2026-08-18,2026-08-18,CM,NSE,STK,10948,INE655A01013,STCINDIA,EQ,,,,,THE STATE TRADING CORPN,116.95,117.69,116.02,116.68,116.55,116.81,,116.68,,,15827,1847790.19,311,F1,1,,,,,
2026-08-18,2026-08-18,CM,NSE,STK,19578,INE071E01023,UGARSUGAR,EQ,,,,,THE UGAR SUGAR WORKS LTD,53.49,55.14,50.16,50.77,51.08,52.18,,50.77,,,1577009,83705050.16,11163,F1,1,,,,,
2026-08-18,2026-08-18,CM,NSE,STK,20481,INE215F01023,WIPL,EQ,,,,,THE WESTERN INDIA PLY LTD,165.97,168.39,161.25,162.18,163.0,165.97,,162.18,,,9774,1595261.52,59,F1,1,,,,,
2026-08-18,2026-08-18,CM,NSE,STK,19279,INE121N01019,THEJO,EQ,,,,,THEJO ENGINEERING LIMITED,2129.0,2142.6,2044.0,2051.4,2055.0,2118.1,,2051.4,,,5961,12447367.5,971,F1,1,,,,,
2026-08-18,2026-08-18,CM,NSE,STK,14485,INE083B01024,THEMISMED,EQ,,,,,THEMIS MEDICARE LTD.,104.44,107.5,104.09,106.82,106.0,104.09,,106.77,,,83550,8821641.38,1248,F1,1,,,,,
2026-08-18,2026-08-18,CM,NSE,STK,3475,INE152A01029,THERMAX,EQ,,,,,THERMAX LTD,4170.0,4188.2,4055.4,4079.9,4075.2,4141.4,,4080.0,,,126453,518784806.4,20870,F1,1,,,,,
2026-08-18,2026-08-18,CM,NSE,STK,25651,INE0SHE01019,THESL,ST,,,,,THINKING HATS ENTER SOL L,19.0,19.0,19.0,19.0,19.0,18.3,,19.0,,,3000,57000.0,1,F1,3000,,,,,
2026-08-18,2026-08-18,CM,NSE,STK,3496,INE338A01024,TIRUMALCHM,EQ,,,,,THIRUMALAI CHEMICALS LTD,155.0,157.39,150.4,151.34,150.5,154.73,,151.33,,,361181,55100007.21,5364,F1,1,,,,,
2026-08-18,2026-08-18,CM,NSE,STK,3481,INE332A01027,THOMASCOOK,EQ,,,,,THOMAS COOK (INDIA) LTD,103.75,104.43,102.0,102.4,103.0,103.68,,102.39,,,444214,45744081.38,4511,F1,1,,,,,
2026-08-18,2026-08-18,CM,NSE,STK,31017,INE480M01011,THOMASCOTT,EQ,,,,,THOMAS SCOTT (INDIA) LTD,293.0,297.15,276.0,278.8,278.1,301.1,,278.69,,,360674,101516643.3,9999,F1,1,,,,,
2026-08-18,2026-08-18,CM,NSE,STK,17032,INE594H01019,THYROCARE,EQ,,,,,THYROCARE TECH LTD,623.4,623.4,603.4,608.25,610.0,618.6,,608.27,,,281037,171419870.55,17341,F1,1,,,,,
2026-08-18,2026-08-18,CM,NSE,STK,759176,INE906O01029,TIGERLOGS,EQ,,,,,TIGER LOGISTICS (INDIA) L,26.8,28.0,26.31,27.98,28.0,27.08,,27.98,,,1144954,31548069.72,3467,F1,1,,,,,
2026-08-18,2026-08-18,CM,NSE,STK,25482,INE440L01017,TIJARIA,EQ,,,,,TIJARIA POLYPIPES LTD,5.67,5.85,5.53,5.68,5.73,5.55,,5.68,,,95181,544139.52,210,F1,1,,,,,
2026-08-18,2026-08-18,CM,NSE,STK,9802,INE806C01018,TIL,BE,,,,,TIL LTD,231.0,232.8,225.15,226.9,226.95,229.85,,226.91,,,172337,39322097.55,680,F1,1,,,,,
2026-08-18,2026-08-18,CM,NSE,STK,19196,INE133E01013,TI,EQ,,,,,TILAKNAGAR INDUSTRIES LTD,583.0,593.0,579.2,582.8,581.2,580.55,,582.79,,,917349,536959694.3,27910,F1,1,,,,,
2026-08-18,2026-08-18,CM,NSE,STK,14707,INE508G01029,TIMETECHNO,EQ,,,,,TIME TECHNOPLAST LTD.,189.0,191.7,185.02,185.67,185.8,189.61,,185.67,,,1402919,262846040.57,20947,F1,1,,,,,
2026-08-18,2026-08-18,CM,NSE,STK,762954,INE064A01026,TIMEX,EQ,,,,,TIMEX GROUP INDIA LTD.,548.0,569.4,545.15,549.2,547.0,541.3,,549.17,,,542921,303103055.85,34071,F1,1,,,,,
2026-08-18,2026-08-18,CM,NSE,STK,14198,INE325A01013,TIMKEN,EQ,,,,,TIMKEN INDIA LTD.,3300.0,3324.7,3289.1,3299.5,3310.0,3290.5,,3299.45,,,10814,35739150.3,4717,F1,1,,,,,
2026-08-18,2026-08-18,CM,NSE,STK,756020,INE015C01016,TINNARUBR,EQ,,,,,TINNA RUBBER AND INFR LTD,1049.0,1080.0,1032.0,1065.1,1079.9,1030.3,,1065.12,,,51796,54351356.7,4959,F1,1,,,,,
2026-08-18,2026-08-18,CM,NSE,STK,11374,INE0LQS01015,TIPSFILMS,EQ,,,,,TIPS FILMS LIMITED,339.85,345.45,332.05,335.85,333.1,341.55,,335.79,,,5512,1863799.95,367,F1,1,,,,,
2026-08-18,2026-08-18,CM,NSE,STK,9117,INE716B01029,TIPSMUSIC,EQ,,,,,TIPS MUSIC LIMITED,656.25,662.4,650.0,655.7,655.5,656.25,,655.7,,,195220,127782476.3,13983,F1,1,,,,,
2026-08-18,2026-08-18,CM,NSE,STK,22284,INE319Y01024,TIRUPATIFL,BE,,,,,TIRUPATI FORGE LIMITED,64.5,67.4,63.24,64.08,65.54,64.24,,64.08,,,379949,24778026.79,1405,F1,1,,,,,
2026-08-18,2026-08-18,CM,NSE,STK,15414,INE615H01020,TITAGARH,EQ,,,,,TITAGARH RAIL SYSTEMS LTD,820.45,848.0,813.5,841.4,839.65,820.95,,841.38,,,435134,360630208.65,20375,F1,1,,,,,
2026-08-18,2026-08-18,CM,NSE,STK,3506,INE280A01028,TITAN,EQ,,,,,TITAN COMPANY LIMITED,5060.0,5094.9,5042.5,5048.6,5048.6,5068.5,,5048.61,,,354873,1794490460.9,44359,F1,1,,,,,
2026-08-18,2026-08-18,CM,NSE,STK,3837,INE932C01012,TOKYOPLAST,EQ,,,,,TOKYO PLAST INTL LTD,79.9,79.9,77.02,77.2,77.2,79.9,,77.45,,,67,5226.29,5,F1,1,,,,,
2026-08-18,2026-08-18,CM,NSE,STK,25262,INE0RWQ01014,TOLINS,EQ,,,,,TOLINS TYRES LIMITED,96.4,97.64,95.0,95.55,96.0,97.08,,95.55,,,32207,3096496.78,804,F1,1,,,,,
2026-08-18,2026-08-18,CM,NSE,STK,3518,INE685A01028,TORNTPHARM,EQ,,,,,TORRENT PHARMACEUTICALS L,4900.0,5009.0,4876.0,4971.0,4971.0,4900.0,,4971.0,,,426573,2123369778.0,38582,F1,1,,,,,
2026-08-18,2026-08-18,CM,NSE,STK,13786,INE813H01021,TORNTPOWER,EQ,,,,,TORRENT POWER LTD,1313.0,1319.0,1259.0,1264.1,1263.5,1312.8,,1264.11,,,356402,454391685.1,36166,F1,1,,,,,
2026-08-18,2026-08-18,CM,NSE,STK,22423,INE336X01012,TOTAL,EQ,,,,,TOTAL TRANSPORT SYS LTD,66.99,70.99,64.1,68.56,68.95,65.07,,68.56,,,54145,3708499.2,332,F1,1,,,,,
2026-08-18,2026-08-18,CM,NSE,STK,16908,INE486Y01013,TOUCHWOOD,EQ,,,,,TOUCHWOOD ENTERTAIN LTD.,62.99,63.95,61.11,61.85,61.71,62.68,,61.85,,,1386,86727.23,48,F1,1,,,,,
2026-08-18,2026-08-18,CM,NSE,STK,3466,INE305A01023,TFCILTD,EQ,,,,,TOURISM FINANCE CORP. OF,121.4,125.99,121.38,123.7,124.3,120.28,,123.7,,,17194399,2126690886.99,47983,F1,1,,,,,
2026-08-18,2026-08-18,CM,NSE,STK,765195,INE457P01020,TOYAMSL,EQ,,,,,TOYAM SPORTS LTD.,0.69,0.69,0.66,0.67,0.68,0.67,,0.67,,,417557,279966.15,145,F1,1,,,,,
2026-08-18,2026-08-18,CM,NSE,STK,9219,INE413G01022,TPLPLASTEH,EQ,,,,,TPL PLASTECH LIMITED,77.02,79.0,76.31,78.76,79.0,77.25,,78.75,,,115355,8962327.22,1072,F1,1,,,,,
2026-08-18,2026-08-18,CM,NSE,STK,11582,INE0HMF01019,TRACXN,EQ,,,,,TRACXN TECHNOLOGIES LTD,29.25,29.72,28.57,29.04,29.0,29.07,,29.03,,,71590,2081717.11,521,F1,1,,,,,
2026-08-18,2026-08-18,CM,NSE,STK,15174,INE763I01026,TARIL,EQ,,,,,TRANS & RECTI. LTD,296.1,299.3,295.15,297.5,297.4,296.3,,297.48,,,603889,179671141.0,10779,F1,1,,,,,
2026-08-18,2026-08-18,CM,NSE,STK,765200,INE330E01023,TRANSCOR,EQ,,,,,TRANSCORP INTERNATIONAL L,23.66,24.73,23.65,24.61,24.11,24.26,,24.55,,,357,8758.04,36,F1,1,,,,,
2026-08-18,2026-08-18,CM,NSE,STK,17795,INE0O3901029,TREL,EQ,,,,,TRANSINDIA REAL ESTATE L,26.05,27.19,26.04,26.79,27.0,26.05,,26.79,,,191146,5123254.71,929,F1,1,,,,,
2026-08-18,2026-08-18,CM,NSE,STK,7669,INE687A01016,TRANSPEK,BE,,,,,TRANSPEK INDUSTRIES LTD,1163.9,1163.9,1112.5,1132.8,1115.0,1138.6,,1132.8,,,4536,5114780.9,236,F1,1,,,,,
2026-08-18,2026-08-18,CM,NSE,STK,10580,INE688A01022,TCI,EQ,,,,,TRANSPORT CORPN OF INDIA,905.6,913.45,901.0,910.3,910.0,907.65,,910.3,,,13317,12072699.45,1758,F1,1,,,,,
2026-08-18,2026-08-18,CM,NSE,STK,28714,INE454P01035,TRANSRAILL,EQ,,,,,TRANSRAIL LIGHTING LTD,463.2,465.6,457.7,459.0,458.45,464.85,,458.99,,,290403,133925656.35,9059,F1,1,,,,,
2026-08-18,2026-08-18,CM,NSE,STK,19801,INE0NVI01020,TRANSTEEL,SM,,,,,TRANSTEEL SEATING TECH L,79.6,86.5,79.4,82.5,82.5,80.05,,82.5,,,51000,4258100.0,43,F1,1000,,,,,
2026-08-18,2026-08-18,CM,NSE,STK,14319,INE804H01012,TFL,EQ,,,,,TRANSWARRANTY FIN. LTD.,11.5,11.55,11.05,11.07,11.07,11.34,,11.07,,,7008,78684.59,60,F1,1,,,,,
2026-08-18,2026-08-18,CM,NSE,STK,8619,INE757B01015,TRANSWORLD,BE,,,,,TRANSWORLD SHIP LINES LTD,159.0,160.0,157.1,157.12,157.1,159.34,,157.12,,,7324,1157562.85,39,F1,1,,,,,
2026-08-18,2026-08-18,CM,NSE,STK,757545,INE103V01028,TRAVELFOOD,EQ,,,,,TRAVEL FOOD SERVICES LTD,1363.0,1389.3,1315.2,1346.4,1352.0,1358.2,,1346.39,,,131141,176306604.3,12455,F1,1,,,,,
2026-08-18,2026-08-18,CM,NSE,STK,25082,INE040M01013,TREEHOUSE,EQ,,,,,TREE HOUSE EDU LTD,6.31,6.31,6.01,6.29,6.3,5.93,,6.28,,,4664,29277.09,88,F1,1,,,,,
2026-08-18,2026-08-18,CM,NSE,STK,7518,INE00CA01015,TREJHARA,EQ,,,,,TREJHARA SOLUTIONS LTD,170.99,170.99,162.01,166.95,167.0,163.76,,166.95,,,18380,3046892.96,414,F1,1,,,,,
2026-08-18,2026-08-18,CM,NSE,STK,1964,INE849A01020,TRENT,EQ,,,,,TRENT LTD,2946.1,2980.4,2932.1,2942.1,2942.1,2946.0,,2942.11,,,718320,2123856257.3,45780,F1,1,,,,,
2026-08-18,2026-08-18,CM,NSE,STK,17987,INE391D01019,TRF,EQ,,,,,TRF LIMITED,230.58,233.27,228.01,231.11,230.45,230.57,,231.18,,,11809,2723786.6,358,F1,1,,,,,
2026-08-18,2026-08-18,CM,NSE,STK,27037,INE760L01018,TBZ,EQ,,,,,TRIB BHIMJI ZAVERI LTD,241.5,252.1,241.45,251.05,250.85,243.7,,251.07,,,437112,108078971.9,6922,F1,1,,,,,
2026-08-18,2026-08-18,CM,NSE,STK,9685,INE064C01022,TRIDENT,EQ,,,,,TRIDENT LIMITED,24.59,25.09,24.4,24.47,24.46,24.57,,24.47,,,3695179,91397338.78,13991,F1,1,,,,,
2026-08-18,2026-08-18,CM,NSE,STK,21078,INE0QD201012,TECHLABS,SM,,,,,TRIDENT TECHLABS LIMITED,120.0,122.0,118.0,119.45,118.0,120.0,,119.45,,,13000,1558850.0,41,F1,125,,,,,
2026-08-18,2026-08-18,CM,NSE,STK,5428,INE948A01012,TRIGYN,EQ,,,,,TRIGYN TECHNOLOGIES LTD,55.3,56.43,54.5,55.51,55.4,55.3,,55.51,,,27389,1518715.89,885,F1,1,,,,,
2026-08-18,2026-08-18,CM,NSE,STK,764960,INE440G01017,TRITONV,EQ,,,,,TRITON VALVES LTD.,1174.9,1190.0,1120.1,1146.1,1154.9,1148.6,,1147.69,,,3434,3984708.9,342,F1,1,,,,,
2026-08-18,2026-08-18,CM,NSE,STK,13081,INE256C01024,TRIVENI,EQ,,,,,TRIVENI ENGG. & INDS. LTD,280.0,284.39,273.75,276.52,279.01,279.64,,276.55,,,1009099,280820712.33,14369,F1,1,,,,,
2026-08-18,2026-08-18,CM,NSE,STK,25584,INE152M01016,TRITURBINE,EQ,,,,,TRIVENI TURBINE LIMITED,597.65,601.9,579.0,581.9,582.0,597.9,,581.91,,,1323165,770349787.35,22445,F1,1,,,,,
2026-08-18,2026-08-18,CM,NSE,STK,24642,INE0SYV01018,TROM,SM,,,,,TROM INDUSTRIES LIMITED,56.1,56.1,53.9,55.45,55.45,56.1,,55.45,,,8400,458970.0,14,F1,600,,,,,
2026-08-18,2026-08-18,CM,NSE,STK,759210,INE0MWH01014,TRUALT,EQ,,,,,TRUALT BIOENERGY LIMITED,483.9,483.9,469.9,474.5,478.0,479.25,,474.5,,,309251,147660331.0,8048,F1,1,,,,,
2026-08-18,2026-08-18,CM,NSE,STK,9378,INE615R01029,TRU,EQ,,,,,TRUCAP FINANCE LIMITED,4.87,4.9,4.35,4.41,4.38,4.48,,4.41,,,222326,1037679.9,636,F1,1,,,,,
2026-08-18,2026-08-18,CM,NSE,STK,23417,INE0SWN01019,TRUST,SM,,,,,TRUST FINTECH LIMITED,26.7,26.7,25.0,25.0,25.0,26.2,,25.0,,,19800,498960.0,20,F1,600,,,,,
2026-08-18,2026-08-18,CM,NSE,STK,757861,INE16VK01010,TSC,ST,,,,,TSC INDIA LIMITED,50.75,50.75,50.7,50.75,50.75,50.75,,50.75,,,18000,913400.0,9,F1,2000,,,,,
2026-08-18,2026-08-18,CM,NSE,STK,2183,INE202Z01029,TSFINV,EQ,,,,,TSF INVESTMENTS LIMITED,420.6,421.4,415.0,416.2,416.7,420.4,,416.2,,,21032,8765344.6,908,F1,1,,,,,
2026-08-18,2026-08-18,CM,NSE,STK,27421,INE1C3207081,935TSIIC28,N0,,,,,TSIIC 9.35% 2028 SR I- B,103000.0,103000.0,102800.0,103000.0,103000.0,103300.0,,103000.0,,,11,1132000.0,6,F1,1,,,,,
2026-08-18,2026-08-18,CM,NSE,STK,11369,INE910C01018,TTKHLTCARE,EQ,,,,,TTK HEALTHCARE LIMITED,1134.0,1155.0,1101.3,1114.1,1105.0,1138.4,,1114.07,,,21545,24165247.4,3052,F1,1,,,,,
2026-08-18,2026-08-18,CM,NSE,STK,3546,INE690A01028,TTKPRESTIG,EQ,,,,,TTK PRESTIGE LTD,590.05,599.0,589.05,594.6,597.85,592.1,,594.56,,,32667,19374379.55,2997,F1,1,,,,,
2026-08-18,2026-08-18,CM,NSE,STK,312,INE974X01010,TIINDIA,EQ,,,,,TUBE INVEST OF INDIA LTD,2755.8,2989.0,2755.8,2959.0,2959.0,2741.4,,2959.03,,,4188005,12284382796.1,195092,F1,1,,,,,
2026-08-18,2026-08-18,CM,NSE,STK,24520,INE0OXV01027,TUNWAL,SM,,,,,TUNWAL E-MOTORS LIMITED,26.4,26.4,26.1,26.1,26.1,26.2,,26.1,,,24000,630800.0,8,F1,2000,,,,,
2026-08-18,2026-08-18,CM,NSE,STK,756090,INE0OC301013,TURTLEMINT,EQ,,,,,TURTLEMINT FINTECH SOLS L,147.15,158.5,144.11,145.75,145.5,150.15,,145.74,,,9091389,1386580439.04,73157,F1,1,,,,,
2026-08-18,2026-08-18,CM,NSE,STK,765205,INE400A01014,TUTIALKA,EQ,,,,,TUTICORIN ALKAL CH & FE L,59.79,59.79,56.17,56.33,56.8,56.71,,56.42,,,2905,167556.21,84,F1,1,,,,,
2026-08-18,2026-08-18,CM,NSE,STK,11275,INE038F01029,TVTODAY,EQ,,,,,TV TODAY NETWORK LTD,110.93,114.05,110.93,113.46,113.55,110.93,,113.45,,,31820,3607062.21,427,F1,1,,,,,
2026-08-18,2026-08-18,CM,NSE,STK,18508,INE871L01013,TVVISION,BE,,,,,TV VISION LIMITED,4.09,4.09,3.76,3.77,3.89,3.95,,3.78,,,46117,175434.51,100,F1,1,,,,,
2026-08-18,2026-08-18,CM,NSE,STK,11265,INE236G01019,TVSELECT,EQ,,,,,TVS ELECTRONICS LTD,450.05,459.45,445.9,450.45,452.9,450.35,,450.42,,,31392,14168063.05,1817,F1,1,,,,,
2026-08-18,2026-08-18,CM,NSE,STK,29008,INE105A01035,TVSHLTD,EQ,,,,,TVS HOLDINGS LIMITED,14136.0,14201.0,13870.0,14096.0,14080.0,14072.0,,14096.18,,,3210,45102485.0,1508,F1,1,,,,,
2026-08-18,2026-08-18,CM,NSE,STK,8479,INE494B01023,TVSMOTOR,EQ,,,,,TVS MOTOR COMPANY  LTD,4373.9,4407.1,4341.2,4356.8,4356.8,4385.9,,4356.8,,,444890,1942817972.8,45943,F1,1,,,,,
2026-08-18,2026-08-18,CM,NSE,STK,761141,INE494B04019,TVSMNCRPS,P1,,,,,TVS MOTOR COMPANY LIMITED,10.55,10.55,10.5,10.5,10.55,10.5,,10.5,,,11212320,118253518.5,579,F1,1,,,,,
2026-08-18,2026-08-18,CM,NSE,STK,14245,INE421C01016,TVSSRICHAK,EQ,,,,,TVS SRICHAKRA LIMITED,4839.8,4930.0,4681.0,4746.8,4735.0,4868.9,,4746.71,,,65248,313081809.7,9684,F1,1,,,,,
2026-08-18,2026-08-18,CM,NSE,STK,18151,INE395N01027,TVSSCS,EQ,,,,,TVS SUPPLY CHAIN SOL L,122.4,123.48,121.25,122.17,122.09,121.48,,122.17,,,278268,34073151.27,6264,F1,1,,,,,
2026-08-18,2026-08-18,CM,NSE,STK,19503,INE388G01026,TICL,BE,,,,,TWAMEV CONS AND INFRA LTD,9.61,9.85,9.35,9.54,9.73,9.61,,9.78,,,16495,156430.55,73,F1,1,,,,,
2026-08-18,2026-08-18,CM,NSE,STK,764970,INE726E01014,UPHOT,EQ,,,,,U P HOTELS LTD.,1448.0,1448.0,1448.0,1448.0,1448.0,1400.0,,1448.0,,,2,2896.0,2,F1,1,,,,,
2026-08-18,2026-08-18,CM,NSE,STK,25629,INE152C01025,UYFINCORP,BE,,,,,U. Y. FINCORP LIMITED,21.79,22.28,20.33,20.37,20.33,21.39,,20.37,,,287353,5981165.04,394,F1,1,,,,,
2026-08-18,2026-08-18,CM,NSE,STK,3570,INE139B01016,UCAL,EQ,,,,,UCAL LIMITED,154.4,156.99,147.02,152.31,152.0,151.87,,152.26,,,131245,20120304.52,1433,F1,1,,,,,
2026-08-18,2026-08-18,CM,NSE,STK,756004,INE583D07596,1050UCL28,NH,,,,,UCL 10.50% SR V,1015.0,1015.0,1009.0,1009.0,1009.0,1013.0,,1009.0,,,117,118749.0,3,F1,1,,,,,
2026-08-18,2026-08-18,CM,NSE,STK,11223,INE691A01018,UCOBANK,EQ,,,,,UCO BANK,25.98,26.13,25.85,25.9,25.85,26.11,,25.9,,,1487265,38619386.87,8808,F1,1,,,,,
2026-08-18,2026-08-18,CM,NSE,STK,764965,INE551B01012,UDAYJEW,EQ,,,,,UDAY JEWELLERY INDS. LTD.,145.65,149.0,144.8,144.97,144.8,145.36,,145.2,,,11329,1661188.84,221,F1,1,,,,,
2026-08-18,2026-08-18,CM,NSE,STK,14871,INE0N0Y01013,USK,EQ,,,,,UDAYSHIVAKUMAR INFRA LTD,21.2,22.85,21.2,22.43,22.54,21.83,,22.55,,,36934,817052.75,233,F1,1,,,,,
2026-08-18,2026-08-18,CM,NSE,STK,1053,INE516A01017,UFLEX,EQ,,,,,UFLEX LIMITED,615.0,630.45,585.55,613.3,608.0,586.05,,613.3,,,6025632,3665615373.0,113333,F1,1,,,,,
2026-08-18,2026-08-18,CM,NSE,STK,9039,INE527H01019,UFO,EQ,,,,,UFO MOVIEZ INDIA LTD.,67.88,67.88,65.78,66.08,66.02,66.47,,66.08,,,28917,1922465.34,750,F1,1,,,,,
2026-08-18,2026-08-18,CM,NSE,STK,5313,INE583D01011,UGROCAP,EQ,,,,,UGRO CAPITAL LIMITED,92.8,93.39,90.5,90.8,90.55,92.75,,90.8,,,364000,33261375.49,1773,F1,1,,,,,
2026-08-18,2026-08-18,CM,NSE,STK,23507,INE899L01030,UEL,EQ,,,,,UJAAS ENERGY LIMITED,211.36,211.36,211.36,211.36,211.36,222.48,,211.49,,,3059,646550.24,192,F1,1,,,,,
2026-08-18,2026-08-18,CM,NSE,STK,15228,INE551W01018,UJJIVANSFB,EQ,,,,,UJJIVAN SMALL FINANC BANK,71.98,72.64,71.13,72.33,72.49,72.21,,72.33,,,11368755,817967597.02,48011,F1,1,,,,,
2026-08-18,2026-08-18,CM,NSE,STK,762961,INE405A01021,ULTRAMAR,EQ,,,,,ULTRAMARINE & PIGMENTS L,396.2,405.0,392.8,401.0,402.0,394.2,,400.89,,,28858,11563953.7,2951,F1,1,,,,,
2026-08-18,2026-08-18,CM,NSE,STK,11532,INE481G01011,ULTRACEMCO,EQ,,,,,ULTRATECH CEMENT LIMITED,11626.0,11674.0,11499.0,11499.0,11499.0,11681.0,,11498.96,,,210406,2432873217.0,25955,F1,1,,,,,
2026-08-18,2026-08-18,CM,NSE,STK,13349,INE067901012,UMA,SM,,,,,UMA CONVERTER LIMITED,14.8,14.85,14.8,14.8,14.8,15.55,,14.8,,,28000,415200.0,4,F1,4000,,,,,
2026-08-18,2026-08-18,CM,NSE,STK,8845,INE0GIU01018,UMAEXPORTS,BE,,,,,UMA EXPORTS LIMITED,22.0,22.3,21.7,22.22,22.3,21.73,,22.35,,,80860,1774012.44,125,F1,1,,,,,
2026-08-18,2026-08-18,CM,NSE,STK,8998,INE398B01018,UMIYA-MRO,EQ,,,,,UMIYA BUILDCON LIMITED,90.0,90.45,88.26,88.43,88.32,89.01,,88.33,,,9062,803197.4,71,F1,1,,,,,
2026-08-18,2026-08-18,CM,NSE,STK,3579,INE351A01035,UNICHEMLAB,EQ,,,,,UNICHEM LABORATORIES LTD,548.8,552.9,521.6,529.6,528.45,543.3,,529.65,,,120244,64748775.8,4299,F1,1,,,,,
2026-08-18,2026-08-18,CM,NSE,STK,24809,INE00U401027,UNIECOM,EQ,,,,,UNICOMMERCE ESOLUTIONS L,84.94,89.18,84.1,87.9,89.18,84.95,,87.91,,,504725,43568346.62,4739,F1,1,,,,,
2026-08-18,2026-08-18,CM,NSE,STK,18582,INE0PRF01011,UNIHEALTH,SM,,,,,UNIHEALTH HOSPITALS LTD,735.0,738.0,700.0,719.6,719.9,714.4,,719.6,,,21000,14939100.0,41,F1,500,,,,,
2026-08-18,2026-08-18,CM,NSE,STK,7791,INE481Z01011,UNIINFO,EQ,,,,,UNIINFO TELECOM SERVI LTD,11.4,12.25,11.25,11.37,11.3,11.69,,11.37,,,6626,75491.63,45,F1,1,,,,,
2026-08-18,2026-08-18,CM,NSE,STK,28960,INE0U3I01011,UNIMECH,EQ,,,,,UNIMECH AEROSPACE N MFG L,1512.4,1552.9,1498.0,1517.4,1518.0,1511.3,,1517.4,,,194130,294819918.6,15926,F1,1,,,,,
2026-08-18,2026-08-18,CM,NSE,STK,10753,INE692A01016,UNIONBANK,EQ,,,,,UNION BANK OF INDIA,187.99,190.58,185.5,185.5,185.5,188.9,,185.5,,,6684017,1249032176.38,41047,F1,1,,,,,
2026-08-18,2026-08-18,CM,NSE,STK,29687,INF582M01KS4,UNIONGOLD,EQ,,,,,UNIONAMC - UNIONGOLD,149.95,151.4,149.15,149.35,149.35,149.25,,149.35,,,3203,479188.2,101,F1,1,,,,,
2026-08-18,2026-08-18,CM,NSE,STK,13057,INE244O01017,UNIPARTS,EQ,,,,,UNIPARTS INDIA LIMITED,801.15,837.7,801.15,825.85,829.0,801.15,,825.84,,,223637,184911271.25,12060,F1,1,,,,,
2026-08-18,2026-08-18,CM,NSE,STK,11293,INE037A01022,UNIENTER,EQ,,,,,UNIPHOS ENTERPRISES LTD,97.5,99.0,96.0,97.85,99.0,95.59,,97.89,,,8142,792161.23,129,F1,1,,,,,
2026-08-18,2026-08-18,CM,NSE,STK,3594,INE694A01020,UNITECH,EQ,,,,,UNITECH LTD,3.98,4.15,3.94,4.01,4.06,3.95,,4.01,,,7059952,28293843.08,9048,F1,1,,,,,
2026-08-18,2026-08-18,CM,NSE,STK,16713,INE686F01025,UBL,EQ,,,,,UNITED BREWERIES LTD,1365.0,1381.2,1349.1,1355.5,1358.0,1367.9,,1355.57,,,61635,84150818.6,7386,F1,1,,,,,
2026-08-18,2026-08-18,CM,NSE,STK,204,INE961D01019,UNIDT,BE,,,,,UNITED DRILLING TOOLS LTD,228.95,231.4,219.0,227.49,228.0,228.95,,227.46,,,9579,2130676.72,120,F1,1,,,,,
2026-08-18,2026-08-18,CM,NSE,STK,3133,INE382M01027,UFBL,BE,,,,,UNITED FOODBRANDS LIMITED,788.9,790.45,768.05,780.35,782.0,762.6,,780.43,,,34438,26820415.9,2103,F1,1,,,,,
2026-08-18,2026-08-18,CM,NSE,STK,25938,INE0SMR01011,UHTL,ST,,,,,UNITED HEAT TRANSFER LTD,112.45,112.45,112.45,112.45,112.45,107.1,,112.45,,,70000,7871500.0,32,F1,2000,,,,,
2026-08-18,2026-08-18,CM,NSE,STK,17999,INE458F01011,UNITEDTEA,EQ,,,,,UNITED NILGIRI TEA LTD,455.25,464.9,451.0,452.05,451.0,455.65,,452.05,,,10119,4584766.6,188,F1,1,,,,,
2026-08-18,2026-08-18,CM,NSE,STK,7564,INE368U01029,UNITEDPOLY,BE,,,,,UNITED POLYFAB GUJ. LTD.,34.99,34.99,33.5,34.53,34.5,33.82,,34.5,,,146376,5005890.8,186,F1,1,,,,,
2026-08-18,2026-08-18,CM,NSE,STK,10447,INE854D01024,UNITDSPR,EQ,,,,,UNITED SPIRITS LIMITED,1550.0,1550.0,1520.0,1520.9,1520.9,1545.0,,1520.93,,,328688,503475360.1,23864,F1,1,,,,,
2026-08-18,2026-08-18,CM,NSE,STK,18979,INE562X01013,UNIVASTU,BE,,,,,UNIVASTU INDIA LIMITED,176.0,177.13,175.05,176.89,177.13,168.7,,176.89,,,222585,39368799.08,1602,F1,1,,,,,
2026-08-18,2026-08-18,CM,NSE,STK,3607,INE279A01012,UNIVCABLES,EQ,,,,,UNIVERSAL CABLES LTD,1725.9,1771.2,1701.0,1745.0,1730.0,1724.6,,1745.04,,,125726,218831951.2,11530,F1,1,,,,,
2026-08-18,2026-08-18,CM,NSE,STK,17661,INE03V001013,UNIVPHOTO,BE,,,,,UNIVERSUS IMAGINGS LTD,460.0,480.0,457.7,468.9,462.65,478.0,,468.9,,,1286,609210.45,44,F1,1,,,,,
2026-08-18,2026-08-18,CM,NSE,STK,14154,INE405E01023,UNOMINDA,EQ,,,,,UNO MINDA LIMITED,1272.5,1281.2,1263.0,1273.0,1273.0,1269.9,,1272.98,,,452660,576308413.0,25015,F1,1,,,,,
2026-08-18,2026-08-18,CM,NSE,STK,18636,INE148I08256,915SCL26,NE,,,,,UNS RED NCD 9.15% SR.IX,1076.0,1076.0,1076.0,1076.0,1076.0,1078.0,,1073.55,,,31,33356.0,2,F1,1,,,,,
2026-08-18,2026-08-18,CM,NSE,STK,2871,INE530B08094,10IIFL28A,NE,,,,,UNSE RE NCD 10% SR.I,1040.5,1040.5,1040.5,1040.5,1040.5,1034.0,,1040.16,,,92,95726.0,3,F1,1,,,,,
2026-08-18,2026-08-18,CM,NSE,STK,2877,INE530B08102,96IIFL28A,NF,,,,,UNSE RE NCD 9.6% SR.II,1003.0,1004.06,1000.2,1003.5,1004.06,1003.9,,1003.5,,,3856,3865699.75,76,F1,1,,,,,
2026-08-18,2026-08-18,CM,NSE,STK,5217,INE477L08162,IIFLZC28C,N6,,,,,UNSEC RE NCD 0% SR.III,1600.0,1600.0,1583.2,1583.2,1583.2,1581.0,,1583.2,,,250,399160.0,2,F1,1,,,,,
2026-08-18,2026-08-18,CM,NSE,STK,5212,INE477L08147,10IIFL28,N4,,,,,UNSEC RE NCD 10% SR.I,1008.45,1009.0,1008.45,1009.0,1009.0,1007.47,,1199.68,,,50,50444.5,3,F1,1,,,,,
2026-08-18,2026-08-18,CM,NSE,STK,5214,INE477L08154,96IIFL28,N5,,,,,UNSEC RE NCD 9.60% SR.II,1001.97,1001.97,1000.0,1001.57,1001.86,1001.34,,1001.57,,,2139,2141698.38,37,F1,1,,,,,
2026-08-18,2026-08-18,CM,NSE,STK,19045,INE866I08279,10IIFL29,N6,,,,,UNSEC RED NCD 10.0% SR. V,1034.9,1034.9,1034.9,1034.9,1034.9,1020.9,,1034.45,,,30,31047.0,2,F1,1,,,,,
2026-08-18,2026-08-18,CM,NSE,STK,19047,INE866I08295,105IIFL29,N7,,,,,UNSEC RED NCD 10.5% SR.VI,1098.0,1098.0,1098.0,1098.0,1098.0,1043.0,,1098.0,,,35,38430.0,1,F1,1,,,,,
2026-08-18,2026-08-18,CM,NSE,STK,19113,INE851I01011,UDS,EQ,,,,,UPDATER SERVICES LIMITED,211.97,212.79,203.12,210.79,212.0,211.72,,210.78,,,266717,55798864.64,5792,F1,1,,,,,
2026-08-18,2026-08-18,CM,NSE,STK,11287,INE628A01036,UPL,EQ,,,,,UPL LIMITED,570.0,570.05,560.0,560.05,560.05,567.1,,560.05,,,1746720,987165294.15,24705,F1,1,,,,,
2026-08-18,2026-08-18,CM,NSE,STK,17081,INE568Z01015,URAVIDEF,BE,,,,,URAVI DEFENCE &TECH LTD,106.5,106.5,103.2,105.09,105.65,106.0,,105.08,,,3280,342494.37,124,F1,1,,,,,
2026-08-18,2026-08-18,CM,NSE,STK,759084,INE0CAZ01013,URBANCO,EQ,,,,,URBAN COMPANY LIMITED,144.56,146.7,143.01,144.97,144.51,144.6,,144.97,,,11131114,1611489845.62,30900,F1,1,,,,,
2026-08-18,2026-08-18,CM,NSE,STK,16888,INE0O0201019,URBAN,SM,,,,,URBAN ENVIRO WASTE MGMT L,145.55,148.0,142.0,143.2,143.0,147.05,,143.2,,,24800,3589240.0,30,F1,800,,,,,
2026-08-18,2026-08-18,CM,NSE,STK,20203,INE550C01020,URJA,EQ,,,,,URJA GLOBAL LIMITED,9.4,9.47,9.36,9.41,9.41,9.46,,9.41,,,508788,4782500.43,1938,F1,1,,,,,
2026-08-18,2026-08-18,CM,NSE,STK,25952,INE0LS001014,USHAFIN,SM,,,,,USHA FINANCIAL SERVICES L,42.0,42.0,42.0,42.0,42.0,42.0,,42.0,,,1600,67200.0,1,F1,1600,,,,,
2026-08-18,2026-08-18,CM,NSE,STK,19142,INE240C01028,UMESLTD,EQ,,,,,USHA MARTIN EDU & SOL LTD,6.02,6.02,5.66,5.88,5.83,6.02,,5.88,,,11809,68935.01,57,F1,1,,,,,
2026-08-18,2026-08-18,CM,NSE,STK,8840,INE228A01035,USHAMART,EQ,,,,,USHA MARTIN LTD.,498.1,504.9,494.0,498.8,500.0,498.05,,498.8,,,500681,250784277.65,18776,F1,1,,,,,
2026-08-18,2026-08-18,CM,NSE,STK,527,INE094J01016,UTIAMC,EQ,,,,,UTI ASSET MNGMT CO LTD,910.0,910.0,893.15,894.6,893.15,907.3,,894.63,,,75764,68056324.9,5674,F1,1,,,,,
2026-08-18,2026-08-18,CM,NSE,STK,764180,INF789F1AG68,LIQUIDBETA,EQ,,,,,UTIAMC - LIQUIDBETA,1004.65,1004.65,1004.63,1004.63,1004.63,1004.49,,1004.63,,,118,118548.02,3,F1,1,,,,,
2026-08-18,2026-08-18,CM,NSE,STK,22440,INF789F1AUV1,BANKBETA,EQ,,,,,UTIAMC-BANKBETA,59.63,59.72,59.25,59.33,59.26,59.77,,59.33,,,1801535,106757422.37,581,F1,1,,,,,
2026-08-18,2026-08-18,CM,NSE,STK,22524,INF789F1AZF3,GILT10BETA,EQ,,,,,UTIAMC-GILT10BETA,26.97,26.97,26.44,26.84,26.84,26.91,,26.84,,,622,16646.67,14,F1,1,,,,,
2026-08-18,2026-08-18,CM,NSE,STK,22521,INF789F1AZE6,GILT5BETA,EQ,,,,,UTIAMC-GILT5BETA,66.76,67.13,65.81,66.4,66.4,66.43,,66.4,,,25765,1699277.84,16,F1,1,,,,,
2026-08-18,2026-08-18,CM,NSE,STK,22488,INF789F1AZD8,ITBETA,EQ,,,,,UTIAMC-ITBETA,325.0,327.62,312.2,320.99,321.25,327.67,,320.92,,,3536,1131954.89,166,F1,1,,,,,
2026-08-18,2026-08-18,CM,NSE,STK,18347,INF789F1AYX9,MIDCAPBETA,EQ,,,,,UTIAMC-MIDCAPBETA,237.84,238.07,235.8,236.0,236.0,237.8,,236.0,,,717,169601.61,30,F1,1,,,,,
2026-08-18,2026-08-18,CM,NSE,STK,21478,INF789F1AUW9,NEXT50BETA,EQ,,,,,UTIAMC-NEXT50BETA,80.03,80.68,80.02,80.2,80.4,80.47,,80.2,,,117114,9412555.82,527,F1,1,,,,,
2026-08-18,2026-08-18,CM,NSE,STK,10511,INF789F1AZC0,NIFTYBETA,EQ,,,,,UTIAMC-NIFTYBETA,273.26,273.26,267.97,268.59,268.8,270.55,,268.59,,,49986,13437011.22,511,F1,1,,,,,
2026-08-18,2026-08-18,CM,NSE,STK,10515,INF789FB1X58,SENSEXBETA,EQ,,,,,UTIAMC-SENSEXBETA,858.0,862.0,856.0,858.23,857.0,857.51,,858.23,,,462,396778.25,123,F1,1,,,,,
2026-08-18,2026-08-18,CM,NSE,STK,15085,INF789F1AYK6,SILVERBETA,EQ,,,,,UTIAMC-SILVERBETA,225.78,225.78,223.27,223.9,223.99,225.93,,223.9,,,386169,86451857.55,2689,F1,1,,,,,
2026-08-18,2026-08-18,CM,NSE,STK,9168,INF789F1AUU3,SNXT50BETA,EQ,,,,,UTIAMC-SNXT50BETA,96.62,97.29,96.14,96.79,96.99,96.62,,96.86,,,484,46775.54,72,F1,1,,,,,
2026-08-18,2026-08-18,CM,NSE,STK,14535,INF789F1AUX7,GOLDBETA,EQ,,,,,UTIAMC-UTIGOLDBETA,128.55,129.1,128.45,128.7,128.6,128.75,,128.71,,,308476,39714401.8,1648,F1,1,,,,,
2026-08-18,2026-08-18,CM,NSE,STK,751580,INE1V1R01014,UTKAL,SM,,,,,UTKAL SPEC INDUS INDIA L,52.65,54.35,50.9,52.95,52.95,51.8,,52.95,,,64000,3407100.0,29,F1,2000,,,,,
2026-08-18,2026-08-18,CM,NSE,STK,17358,INE735W01017,UTKARSHBNK,EQ,,,,,UTKARSH SMALL FIN BANK L,13.91,14.18,13.91,14.05,14.01,14.04,,14.05,,,1567677,21945739.21,3940,F1,1,,,,,
2026-08-18,2026-08-18,CM,NSE,STK,24729,INE06IJ01010,UTSSAV,ST,,,,,UTSSAV CZ GOLD JEWELS LTD,506.0,508.0,500.0,503.2,507.8,505.0,,503.2,,,15000,7582500.0,21,F1,600,,,,,
2026-08-18,2026-08-18,CM,NSE,STK,13376,INE786F01031,UTTAMSUGAR,EQ,,,,,UTTAM SUGAR MILLS LTD.,283.59,296.55,282.08,290.32,290.0,283.0,,290.32,,,559821,163121095.91,12699,F1,1,,,,,
2026-08-18,2026-08-18,CM,NSE,STK,3188,INE0GXK01018,VMARCIND,SM,,,,,V MARC INDIA LIMITED,358.4,368.5,356.7,363.2,364.95,360.2,,363.2,,,198000,71772900.0,109,F1,1500,,,,,
2026-08-18,2026-08-18,CM,NSE,STK,765220,INE222F01029,VTMLTD,EQ,,,,,V T M LTD.,47.99,48.5,46.58,46.79,47.05,46.94,,46.97,,,10316,486886.21,86,F1,1,,,,,
2026-08-18,2026-08-18,CM,NSE,STK,15362,INE951I01027,VGUARD,EQ,,,,,V-GUARD IND LTD.,347.0,350.0,332.5,333.4,333.5,343.95,,333.38,,,868328,294253217.4,17337,F1,1,,,,,
2026-08-18,2026-08-18,CM,NSE,STK,24606,INE0QXL01015,VLINFRA,SM,,,,,V.L.INFRAPROJECTS LIMITED,25.5,26.5,25.45,25.95,26.45,25.85,,25.95,,,30000,775500.0,18,F1,1500,,,,,
2026-08-18,2026-08-18,CM,NSE,STK,14766,INE945H01021,V2RETAIL,EQ,,,,,V2 RETAIL LIMITED,219.25,220.8,217.72,219.58,219.5,218.85,,219.57,,,662694,145449478.72,9522,F1,1,,,,,
2026-08-18,2026-08-18,CM,NSE,STK,20188,INE956G01038,WABAG,EQ,,,,,VA TECH WABAG LTD,1890.0,1995.0,1890.0,1980.6,1994.0,1897.6,,1980.52,,,649541,1260309752.6,40538,F1,1,,,,,
2026-08-18,2026-08-18,CM,NSE,STK,24196,INE694D01016,VADILALIND,EQ,,,,,VADILAL INDUSTRIES LTD,7448.5,7575.0,7311.0,7429.5,7406.0,7411.0,,7429.45,,,23467,174857893.5,6488,F1,1,,,,,
2026-08-18,2026-08-18,CM,NSE,STK,11364,INE884A01027,VAIBHAVGBL,EQ,,,,,VAIBHAV GLOBAL LIMITED,226.85,229.75,222.55,223.5,222.65,226.45,,223.49,,,289169,64836756.8,8416,F1,1,,,,,
2026-08-18,2026-08-18,CM,NSE,STK,8262,INE0JR301013,MADHAVBAUG,ST,,,,,VAIDYA SANE AYUR LAB LTD,165.0,172.0,165.0,165.45,165.0,173.0,,165.45,,,12000,1985560.0,16,F1,400,,,,,
2026-08-18,2026-08-18,CM,NSE,STK,16589,INE972X01022,VAISHALI,EQ,,,,,VAISHALI PHARMA LIMITED,8.6,8.6,8.32,8.41,8.49,8.34,,8.41,,,58949,497575.06,255,F1,1,,,,,
2026-08-18,2026-08-18,CM,NSE,STK,13342,INE051B01021,VAKRANGEE,EQ,,,,,VAKRANGEE LIMITED,5.84,5.87,5.7,5.78,5.8,5.85,,5.78,,,816973,4733102.99,1817,F1,1,,,,,
2026-08-18,2026-08-18,CM,NSE,STK,19218,INE0JWS01017,VALIANTLAB,EQ,,,,,VALIANT LABORATORIES LTD,90.85,90.85,88.27,90.85,90.85,86.53,,91.06,,,405249,36743364.62,966,F1,1,,,,,
2026-08-18,2026-08-18,CM,NSE,STK,334,INE565V01010,VALIANTORG,BE,,,,,VALIANT ORGANICS LIMITED,292.9,319.0,292.9,309.4,310.4,308.3,,310.87,,,88150,26488327.35,800,F1,1,,,,,
2026-08-18,2026-08-18,CM,NSE,STK,18124,INE879I01012,DBREALTY,EQ,,,,,VALOR ESTATE LIMITED,109.0,109.05,105.56,106.48,106.31,108.51,,106.48,,,562777,60149563.88,5716,F1,1,,,,,
2026-08-18,2026-08-18,CM,NSE,STK,763304,INE1E7Y01018,VALUE360,SM,,,,,VALUE 360 COMMUNICATION L,79.8,79.85,75.0,75.0,75.0,76.0,,75.0,,,39600,3004440.0,16,F1,1200,,,,,
2026-08-18,2026-08-18,CM,NSE,STK,13403,INE116G01013,VARDHACRLC,BE,,,,,VARDHAMAN ACRYLICS LTD,44.7,44.7,43.9,44.13,44.0,44.47,,44.13,,,13291,586620.18,130,F1,1,,,,,
2026-08-18,2026-08-18,CM,NSE,STK,11892,INE701A01023,VHL,EQ,,,,,VARDHMAN HOLDINGS LIMITED,3430.0,3519.4,3420.0,3439.5,3447.5,3473.8,,3443.4,,,435,1502214.5,147,F1,1,,,,,
2026-08-18,2026-08-18,CM,NSE,STK,3646,INE835A01029,VARDMNPOLY,EQ,,,,,VARDHMAN POLYTEX LTD.,6.4,6.49,6.14,6.23,6.21,6.19,,6.24,,,228744,1453151.29,389,F1,1,,,,,
2026-08-18,2026-08-18,CM,NSE,STK,27067,INE050M01012,VSSL,EQ,,,,,VARDHMAN SPC STEEL LTD,362.85,364.45,351.0,359.2,359.95,361.55,,359.22,,,150777,53763936.4,5400,F1,1,,,,,
2026-08-18,2026-08-18,CM,NSE,STK,2073,INE825A01020,VTL,EQ,,,,,VARDHMAN TEXTILES LIMITED,606.2,611.0,587.65,598.9,610.0,605.25,,598.89,,,253029,150970563.35,15191,F1,1,,,,,
2026-08-18,2026-08-18,CM,NSE,STK,3857,INE665L01035,VARROC,EQ,,,,,VARROC ENGINEERING LTD.,845.0,862.3,837.0,843.9,847.0,847.75,,843.9,,,314883,266641424.15,17247,F1,1,,,,,
2026-08-18,2026-08-18,CM,NSE,STK,18921,INE200M01039,VBL,EQ,,,,,VARUN BEVERAGES LIMITED,434.9,443.3,434.6,439.3,439.3,433.85,,439.3,,,4034092,1773067160.1,40755,F1,1,,,,,
2026-08-18,2026-08-18,CM,NSE,STK,13771,INE273D01027,VGL,EQ,,,,,VARVEE GLOBAL LIMITED,59.3,59.3,56.0,58.44,58.9,59.3,,58.43,,,30601,1747518.84,448,F1,1,,,,,
2026-08-18,2026-08-18,CM,NSE,STK,16454,INE0N5801013,DENTALKART,SM,,,,,VASA DENTICITY LIMITED,400.35,401.0,397.0,399.0,400.0,409.9,,399.0,,,12750,5095037.5,39,F1,250,,,,,
2026-08-18,2026-08-18,CM,NSE,STK,1274,INE068Z01016,VASA,SM,,,,,VASA RETAIL & OVERSEA LTD,4.25,4.25,4.25,4.25,4.25,4.45,,4.25,,,4000,17000.0,1,F1,4000,,,,,
2026-08-18,2026-08-18,CM,NSE,STK,18110,INE893I01013,VASCONEQ,EQ,,,,,VASCON ENGINEERS LTD,31.29,31.35,30.5,30.67,30.8,31.13,,30.67,,,408114,12559468.79,1485,F1,1,,,,,
2026-08-18,2026-08-18,CM,NSE,STK,25340,INE590L01019,VASWANI,EQ,,,,,VASWANI IND LTD,48.49,48.49,46.78,47.69,47.71,47.96,,47.68,,,23950,1138455.86,224,F1,1,,,,,
2026-08-18,2026-08-18,CM,NSE,STK,9020,INE098201036,VCL,EQ,,,,,VAXTEX COTFAB LIMITED,1.85,1.85,1.85,1.85,1.85,1.77,,1.85,,,223453,413388.05,100,F1,1,,,,,
2026-08-18,2026-08-18,CM,NSE,STK,757413,INE04HY07294,1025VCCL28,N0,,,,,VCCL 10.25% 2028,96769.38,96769.38,96769.38,96769.38,96769.38,94301.0,,96769.38,,,2,193538.76,1,F1,1,,,,,
2026-08-18,2026-08-18,CM,NSE,STK,760049,INE04HY07377,115VCCL28,N0,,,,,VCCL 11.5% 2028 SR C,99500.0,99500.0,99500.0,99500.0,99500.0,99500.0,,99500.0,,,1,99500.0,1,F1,1,,,,,
2026-08-18,2026-08-18,CM,NSE,STK,25814,INE04HY07187,1180VCCL26,N0,,,,,VCCL 11.80% 2026 SR B,100017.11,100017.11,100017.11,100017.11,100017.11,99700.0,,100017.11,,,2,200034.22,1,F1,1,,,,,
2026-08-18,2026-08-18,CM,NSE,STK,759281,INE04HY07344,12VCCL28,N0,,,,,VCCL 12% 2028,100100.0,100100.0,100100.0,100100.0,100100.0,99000.0,,100100.0,,,1,100100.0,1,F1,1,,,,,
2026-08-18,2026-08-18,CM,NSE,STK,25054,INE0U2M01015,VDEAL,SM,,,,,VDEAL SYSTEM LIMITED,158.5,158.5,158.1,158.3,158.1,158.0,,158.3,,,1200,189960.0,2,F1,600,,,,,
2026-08-18,2026-08-18,CM,NSE,STK,8167,INE825V01034,MANYAVAR,EQ,,,,,VEDANT FASHIONS LIMITED,541.85,543.3,530.0,536.9,538.0,541.85,,536.9,,,260410,139368226.6,9063,F1,1,,,,,
2026-08-18,2026-08-18,CM,NSE,STK,750174,INE1CDF01017,VAML,EQ,,,,,VEDANTA ALUMINIUM METAL L,441.5,451.3,438.8,445.95,445.95,441.5,,445.95,,,9182365,4095324764.55,95111,F1,1,,,,,
2026-08-18,2026-08-18,CM,NSE,STK,750290,INE1CLE01013,VISL,EQ,,,,,VEDANTA IRON AND STEEL L,37.9,38.48,37.02,37.41,37.25,37.97,,37.41,,,17356679,654740027.95,39162,F1,1,,,,,
2026-08-18,2026-08-18,CM,NSE,STK,3063,INE205A01025,VEDL,EQ,,,,,VEDANTA LIMITED,268.9,270.5,264.0,264.0,264.0,269.7,,264.0,,,9772133,2602408559.1,63949,F1,1,,,,,
2026-08-18,2026-08-18,CM,NSE,STK,750368,INE704J01044,VOGL,EQ,,,,,VEDANTA OIL AND GAS LTD,37.66,37.97,37.0,37.14,37.17,37.66,,37.14,,,18906816,708929828.99,41277,F1,1,,,,,
2026-08-18,2026-08-18,CM,NSE,STK,750518,INE694L01019,VEDPOWER,EQ,,,,,VEDANTA POWER LIMITED,36.49,37.14,36.13,36.18,36.22,36.59,,36.18,,,17816221,649615970.38,38117,F1,1,,,,,
2026-08-18,2026-08-18,CM,NSE,STK,764980,INE359B01010,VEDAVAAG,EQ,,,,,VEDAVAAG SYSTEMS LTD.,19.16,19.43,18.5,18.98,19.0,19.15,,18.99,,,23007,431907.54,148,F1,1,,,,,
2026-08-18,2026-08-18,CM,NSE,STK,14019,INE484C01030,VEEDOL,EQ,,,,,VEEDOL CORPORATION LTD,1521.6,1525.9,1504.0,1511.3,1510.0,1521.6,,1511.29,,,6403,9680890.5,820,F1,1,,,,,
2026-08-18,2026-08-18,CM,NSE,STK,762969,INE232E01013,VELJAN,BE,,,,,VELJAN DENISON LTD.,1844.9,1845.0,1766.0,1773.7,1815.0,1785.2,,1780.57,,,295,531467.8,58,F1,1,,,,,
2026-08-18,2026-08-18,CM,NSE,STK,3757,INE398A01010,VENKEYS,EQ,,,,,VENKY S (INDIA) LIMITED,1534.9,1546.8,1509.1,1514.8,1521.9,1531.0,,1514.75,,,22957,35037597.2,2353,F1,1,,,,,
2026-08-18,2026-08-18,CM,NSE,STK,28847,INE781S01027,VENTIVE,EQ,,,,,VENTIVE HOSPITALITY LTD,590.0,595.45,580.2,585.7,584.0,592.2,,584.64,,,11577,6815926.25,1102,F1,1,,,,,
2026-08-18,2026-08-18,CM,NSE,STK,9592,INE0JA001018,VENUSPIPES,EQ,,,,,VENUS PIPES & TUBES LTD,1603.7,1603.7,1560.0,1572.2,1583.1,1596.5,,1571.98,,,39349,62189676.8,3032,F1,1,,,,,
2026-08-18,2026-08-18,CM,NSE,STK,13856,INE411B01019,VENUSREM,BE,,,,,VENUS REMEDIES LIMITED,1797.0,1831.9,1761.0,1819.5,1831.0,1803.4,,1819.38,,,26969,48880539.2,1223,F1,1,,,,,
2026-08-18,2026-08-18,CM,NSE,STK,2666,INE709Z01015,VERA,SM,,,,,VERA SYNTHETIC LIMITED,86.25,86.25,86.25,86.25,86.25,82.15,,86.25,,,1500,129375.0,1,F1,1500,,,,,
2026-08-18,2026-08-18,CM,NSE,STK,8890,INE0IQ001011,VERANDA,EQ,,,,,VERANDA LEARNING SOL LTD,238.0,242.8,233.8,240.0,242.8,235.1,,239.99,,,165468,39359998.1,2458,F1,1,,,,,
2026-08-18,2026-08-18,CM,NSE,STK,14491,INE0NLB01018,VERTEXPLUS,SM,,,,,VERTEXPLUS TECHNOLOGIES L,48.0,48.0,48.0,48.0,48.0,48.3,,48.0,,,600,28800.0,1,F1,600,,,,,
2026-08-18,2026-08-18,CM,NSE,STK,18865,INE188Y01031,VERTOZ,BE,,,,,VERTOZ LIMITED,35.8,36.1,35.1,35.66,35.89,35.97,,35.66,,,29064,1040959.1,233,F1,1,,,,,
2026-08-18,2026-08-18,CM,NSE,STK,3676,INE386A01023,VESUVIUS,EQ,,,,,VESUVIUS INDIA LTD,442.4,442.4,430.0,434.9,430.15,440.65,,434.91,,,44335,19353391.35,2046,F1,1,,,,,
2026-08-18,2026-08-18,CM,NSE,STK,8660,INE918N01018,VETO,BE,,,,,VETO SWITCHGEAR CABLE LTD,119.98,124.95,119.0,123.08,122.01,120.21,,123.08,,,15847,1923806.1,224,F1,1,,,,,
2026-08-18,2026-08-18,CM,NSE,STK,22730,INE0QTF01015,VSTL,EQ,,,,,VIBHOR STEEL TUBES LTD,106.87,108.0,105.11,106.44,106.55,106.87,,106.44,,,6346,673921.59,213,F1,1,,,,,
2026-08-18,2026-08-18,CM,NSE,STK,765252,INE761Q01015,VGCL,EQ,,,,,VIBRANT GLOBAL CAPITAL L,57.48,61.5,57.48,58.21,58.21,60.5,,59.9,,,726,42756.32,25,F1,1,,,,,
2026-08-18,2026-08-18,CM,NSE,STK,23386,INE048C01025,VHLTD,BE,,,,,VICEROY HOTELS LIMITED,123.77,129.81,122.65,129.74,129.81,123.63,,129.74,,,288778,35999347.98,372,F1,1,,,,,
2026-08-18,2026-08-18,CM,NSE,STK,760694,INE0F8901022,VICTORYEV,ST,,,,,VICTORY ELEC VEHICL INT L,16.45,16.65,16.45,16.65,16.65,16.45,,16.65,,,6000,99300.0,2,F1,3000,,,,,
2026-08-18,2026-08-18,CM,NSE,STK,13536,INE632C01026,VIDHIING,EQ,,,,,VIDHI SPCLTY F INGRDNTS L,322.7,329.9,313.55,325.9,325.6,319.2,,325.9,,,52151,16811966.5,1442,F1,1,,,,,
2026-08-18,2026-08-18,CM,NSE,STK,760224,INE14UN01029,VIDYAWIRES,EQ,,,,,VIDYA WIRES LIMITED,89.0,89.51,88.0,88.07,88.35,89.4,,88.07,,,462465,40880570.06,4779,F1,1,,,,,
2026-08-18,2026-08-18,CM,NSE,STK,758908,INE1DM601016,VIGOR,ST,,,,,VIGOR PLAST INDIA LIMITED,85.7,92.2,85.7,91.75,91.75,87.85,,91.75,,,28800,2575760.0,17,F1,1600,,,,,
2026-08-18,2026-08-18,CM,NSE,STK,764985,INE362D01010,VIJSOLX,EQ,,,,,VIJAY SOLVEX LTD.,675.0,714.9,675.0,700.0,700.0,692.5,,700.95,,,251,175683.15,25,F1,1,,,,,
2026-08-18,2026-08-18,CM,NSE,STK,5585,INE043W01024,VIJAYA,EQ,,,,,VIJAYA DIAGNOSTIC CEN LTD,1505.0,1521.3,1491.0,1497.3,1492.0,1506.6,,1497.15,,,92774,139756126.6,10931,F1,1,,,,,
2026-08-18,2026-08-18,CM,NSE,STK,760121,INE0WL901019,VIJAYPD,SM,,,,,VIJAYPD CEUTICAL LIMITED,57.65,60.0,57.65,60.0,60.0,59.85,,60.0,,,6000,351500.0,3,F1,2000,,,,,
2026-08-18,2026-08-18,CM,NSE,STK,17695,INE159N01027,VIJIFIN,BE,,,,,VIJI FINANCE LIMITED,12.88,12.88,12.88,12.88,12.88,12.63,,12.97,,,51486,663139.68,40,F1,1,,,,,
2026-08-18,2026-08-18,CM,NSE,STK,25756,INE806A01020,VIKASECO,EQ,,,,,VIKAS ECOTECH LIMITED,1.1,1.1,1.07,1.08,1.08,1.09,,1.08,,,2549314,2761900.13,1276,F1,1,,,,,
2026-08-18,2026-08-18,CM,NSE,STK,9931,INE161L01027,VIKASLIFE,EQ,,,,,VIKAS LIFECARE LIMITED,1.24,1.24,1.22,1.22,1.23,1.23,,1.22,,,1767391,2163179.28,8478,F1,1,,,,,
2026-08-18,2026-08-18,CM,NSE,STK,759453,INE078V01014,VIKRAMSOLR,EQ,,,,,VIKRAM SOLAR LIMITED,185.0,186.75,175.5,177.11,175.9,183.1,,177.12,,,22684269,4103455596.52,142943,F1,1,,,,,
2026-08-18,2026-08-18,CM,NSE,STK,758973,INE01R501028,VIKRAN,EQ,,,,,VIKRAN ENGINEERING LTD,62.48,62.84,60.8,61.09,61.2,62.54,,61.11,,,962402,59387544.25,5764,F1,1,,,,,
2026-08-18,2026-08-18,CM,NSE,STK,23909,INE0AZY01017,VILAS,SM,,,,,VILAS TRANSCORE LIMITED,357.95,360.0,355.85,356.05,356.0,354.9,,356.05,,,10000,3578212.5,31,F1,250,,,,,
2026-08-18,2026-08-18,CM,NSE,STK,16954,INE0L4V01013,VILINBIO,SM,,,,,VILIN BIO MED LIMITED,42.5,42.5,42.5,42.5,42.5,43.0,,42.5,,,4000,170000.0,1,F1,4000,,,,,
2026-08-18,2026-08-18,CM,NSE,STK,13101,INE579C01029,VIMTALABS,EQ,,,,,VIMTA LABS LIMITED,624.0,627.8,617.0,621.2,623.65,623.45,,621.21,,,92845,57626597.65,4572,F1,1,,,,,
2026-08-18,2026-08-18,CM,NSE,STK,17364,INE410B01037,VINATIORGA,EQ,,,,,VINATI ORGANICS LTD,1344.2,1370.8,1333.3,1338.5,1345.0,1344.2,,1338.47,,,26064,35191781.7,3587,F1,1,,,,,
2026-08-18,2026-08-18,CM,NSE,STK,3694,INE707A01012,VINDHYATEL,EQ,,,,,VINDHYA TELELINKS LTD,2494.0,2540.0,2440.0,2485.7,2490.0,2486.6,,2485.89,,,36075,89888359.0,4317,F1,1,,,,,
2026-08-18,2026-08-18,CM,NSE,STK,3807,INE505Y01010,VINEETLAB,EQ,,,,,VINEET LABORATORIES LTD,37.36,37.79,36.0,36.33,36.69,37.36,,36.44,,,152932,5603135.65,635,F1,1,,,,,
2026-08-18,2026-08-18,CM,NSE,STK,763821,INE27V201011,VMOBILE,SM,,,,,VINIT MOBILE LIMITED,68.1,68.2,65.9,65.9,65.9,68.1,,65.9,,,6400,430760.0,8,F1,800,,,,,
2026-08-18,2026-08-18,CM,NSE,STK,12490,INE01KI01027,VINNY,EQ,,,,,VINNY OVERSEAS LIMITED,1.07,1.07,1.05,1.05,1.06,1.06,,1.05,,,172261,182365.36,134,F1,1,,,,,
2026-08-18,2026-08-18,CM,NSE,STK,17905,INE0OSJ01014,VINSYS,ST,,,,,VINSYS IT SERVICES IND LT,580.0,583.0,579.0,579.0,579.0,580.0,,579.0,,,2250,1306000.0,8,F1,250,,,,,
2026-08-18,2026-08-18,CM,NSE,STK,25835,INE498Q01014,VINCOFE,EQ,,,,,VINTAGE COFFEE N BVRGS L,146.15,148.7,143.85,148.16,148.0,146.28,,148.16,,,2360756,344702823.19,16499,F1,1,,,,,
2026-08-18,2026-08-18,CM,NSE,STK,19206,INE0OLS01010,VINYAS,SM,,,,,VINYAS INNOVATIVE TECH L,1414.95,1494.0,1350.0,1462.1,1470.0,1330.55,,1462.1,,,31200,44335060.0,260,F1,100,,,,,
2026-08-18,2026-08-18,CM,NSE,STK,16821,INE250B01029,VINYLINDIA,EQ,,,,,VINYL CHEMICALS (I) LTD.,236.57,243.3,234.94,239.73,236.65,236.57,,239.69,,,7553,1797650.18,437,F1,1,,,,,
2026-08-18,2026-08-18,CM,NSE,STK,14843,INE450G01024,VIPCLOTHNG,EQ,,,,,VIP CLOTHING LIMITED,20.58,20.9,20.0,20.17,20.25,20.59,,20.19,,,22881,462641.62,163,F1,1,,,,,
2026-08-18,2026-08-18,CM,NSE,STK,3703,INE054A01027,VIPIND,EQ,,,,,VIP INDUSTRIES LTD,300.0,311.7,299.8,309.4,310.65,300.5,,309.46,,,293364,89907741.0,6179,F1,1,,,,,
2026-08-18,2026-08-18,CM,NSE,STK,8437,INE946H01037,VIPULLTD,BE,,,,,VIPUL LIMITED,14.87,14.87,14.87,14.87,14.87,14.58,,14.88,,,76589,1138878.43,46,F1,1,,,,,
2026-08-18,2026-08-18,CM,NSE,STK,764990,INE467D01017,VIRAT,EQ,,,,,VIRAT INDUSTRIES LTD.,350.4,350.4,268.05,343.0,343.0,335.0,,330.0,,,330,111236.75,14,F1,1,,,,,
2026-08-18,2026-08-18,CM,NSE,STK,15295,INE539B01017,VIRINCHI,EQ,,,,,VIRINCHI LIMITED,15.57,15.57,14.75,15.04,15.25,15.03,,15.06,,,53428,807323.49,207,F1,1,,,,,
2026-08-18,2026-08-18,CM,NSE,STK,757060,INE0VRH01015,VGINFOTECH,SM,,,,,VIRTUAL GALAXY INFOTECH L,150.0,152.5,149.0,150.8,151.9,151.8,,150.8,,,37000,5572200.0,35,F1,1000,,,,,
2026-08-18,2026-08-18,CM,NSE,STK,765215,INE247C01023,VIRTUALG,EQ,,,,,VIRTUAL GLOBAL EDU LTD,0.41,0.42,0.4,0.42,0.42,0.41,,0.41,,,197952,80408.46,192,F1,1,,,,,
2026-08-18,2026-08-18,CM,NSE,STK,761916,INE0I0T01010,VOEPL,EQ,,,,,VIRTUOSO OPTOELECTRONIC L,495.0,499.5,471.95,477.85,474.9,490.4,,477.84,,,54797,26622407.7,2043,F1,1,,,,,
2026-08-18,2026-08-18,CM,NSE,STK,13295,INE286H01012,VISACHROME,EQ,,,,,VISA CHROME LIMITED,38.41,38.79,37.65,37.89,37.99,38.41,,37.91,,,13045,497170.19,61,F1,1,,,,,
2026-08-18,2026-08-18,CM,NSE,STK,29877,INE370E01029,VIVIDHA,EQ,,,,,VISAGAR POLYTEX LTD,0.54,0.54,0.51,0.53,0.54,0.53,,0.53,,,424742,224345.06,241,F1,1,,,,,
2026-08-18,2026-08-18,CM,NSE,STK,4221,INE392A01021,VISAKAIND,EQ,,,,,VISAKA INDUSTRIES LIMITED,92.4,98.89,92.39,95.5,95.29,92.0,,95.42,,,592817,56713070.69,7155,F1,1,,,,,
2026-08-18,2026-08-18,CM,NSE,STK,18708,INE0OWX01025,VISDEM,SM,,,,,VISDEM TECHNOSYS LIMITED,85.85,86.0,85.85,86.0,86.0,85.85,,86.0,,,9600,824340.0,7,F1,1200,,,,,
2026-08-18,2026-08-18,CM,NSE,STK,11773,INE755Q01025,VISHAL,EQ,,,,,VISHAL FABRICS LTD.,18.48,18.56,17.9,17.98,18.2,18.12,,18.03,,,35825,654684.99,199,F1,1,,,,,
2026-08-18,2026-08-18,CM,NSE,STK,27969,INE01EA01019,VMM,EQ,,,,,VISHAL MEGA MART LIMITED,105.8,106.17,103.67,103.71,103.71,105.5,,103.7,,,5298866,554543024.32,47096,F1,1,,,,,
2026-08-18,2026-08-18,CM,NSE,STK,6908,INE270I01022,VISHNU,EQ,,,,,VISHNU CHEMICALS LIMITED,618.5,662.0,615.15,637.5,636.1,618.25,,637.5,,,577546,372312070.1,18680,F1,1,,,,,
2026-08-18,2026-08-18,CM,NSE,STK,18341,INE0AE001013,VPRPL,EQ,,,,,VISHNU PRAKASH R PUNGLI L,34.91,36.24,34.05,34.76,34.82,34.92,,34.74,,,397938,13898689.87,2171,F1,1,,,,,
2026-08-18,2026-08-18,CM,NSE,STK,19300,INE0PQ001012,VISHNUINFR,SM,,,,,VISHNUSURYA PROJ N INFR L,145.8,145.8,145.8,145.8,145.8,148.0,,145.8,,,1000,145800.0,2,F1,500,,,,,
2026-08-18,2026-08-18,CM,NSE,STK,13702,INE430N01022,VISHWARAJ,EQ,,,,,VISHWARAJ SUGAR IND LTD,5.37,5.62,5.37,5.45,5.48,5.37,,5.45,,,596863,3276796.12,779,F1,1,,,,,
2026-08-18,2026-08-18,CM,NSE,STK,25231,INE0TR001017,VIESL,SM,,,,,VISION INFRA EQUIP SOL L,300.5,309.5,300.15,304.35,304.0,300.35,,304.35,,,16800,5115720.0,19,F1,800,,,,,
2026-08-18,2026-08-18,CM,NSE,STK,761150,INE0L4K01016,VITAL,BE,,,,,VITAL CHEMTECH LIMITED,52.15,53.48,51.3,51.33,52.56,54.0,,51.33,,,13481,697339.51,46,F1,1,,,,,
2026-08-18,2026-08-18,CM,NSE,STK,763637,INE0MEG01014,VIVIANA,BE,,,,,VIVIANA POWER TECH LTD,699.5,716.0,687.1,700.0,700.0,696.05,,700.0,,,16764,11820704.9,299,F1,1,,,,,
2026-08-18,2026-08-18,CM,NSE,STK,761771,INE24H301028,VIVIDEL,ST,,,,,VIVID ELECTROMECH LIMITED,1619.2,1679.0,1553.3,1622.35,1645.0,1635.05,,1622.35,,,24720,39818520.0,95,F1,240,,,,,
2026-08-18,2026-08-18,CM,NSE,STK,11968,INE526G01021,VIVIMEDLAB,BE,,,,,VIVIMED LABS LIMITED,5.3,5.4,5.0,5.4,5.4,5.15,,5.4,,,98838,528962.86,120,F1,1,,,,,
2026-08-18,2026-08-18,CM,NSE,STK,764995,INE380K01017,VIVOBIOT,EQ,,,,,VIVO BIO TECH LTD.,19.66,19.94,19.0,19.1,19.15,19.68,,19.11,,,21477,411391.68,154,F1,1,,,,,
2026-08-18,2026-08-18,CM,NSE,STK,7620,INE0IA701014,VIVO,ST,,,,,VIVO COLLAB SOLUTIONS LTD,160.2,160.2,146.1,146.5,146.5,152.65,,146.5,,,8000,1192000.0,5,F1,1600,,,,,
2026-08-18,2026-08-18,CM,NSE,STK,14296,INE807F01027,VIYASH,EQ,,,,,VIYASH SCIENTIFIC LIMITED,253.1,257.7,252.2,254.95,255.2,252.15,,254.94,,,1369758,349453589.8,21475,F1,1,,,,,
2026-08-18,2026-08-18,CM,NSE,STK,18021,INE03HW01020,VLEGOV,BE,,,,,VL E GOV AND IT SOL LTD,9.54,9.54,9.54,9.54,9.54,9.73,,9.72,,,38145,363903.3,150,F1,1,,,,,
2026-08-18,2026-08-18,CM,NSE,STK,3715,INE709A01018,VLSFINANCE,EQ,,,,,VLS FINANCE LTD,256.65,259.5,251.5,252.75,252.0,256.6,,252.77,,,17367,4415792.45,685,F1,1,,,,,
2026-08-18,2026-08-18,CM,NSE,STK,29284,INE665J01013,VMART,EQ,,,,,VMART RETAIL LTD,793.9,812.6,788.25,809.4,806.45,792.3,,809.38,,,70947,56977608.75,5605,F1,1,,,,,
2026-08-18,2026-08-18,CM,NSE,STK,759152,INE0SJA01013,VMSTMT,EQ,,,,,VMS TMT LIMITED,49.0,49.95,47.1,48.63,48.9,49.85,,48.62,,,38362,1856915.85,705,F1,1,,,,,
2026-08-18,2026-08-18,CM,NSE,STK,14366,INE669E01016,IDEA,EQ,,,,,VODAFONE IDEA LIMITED,13.65,14.31,13.5,14.12,14.12,13.71,,14.12,,,820797167,11410946710.24,764194,F1,1,,,,,
2026-08-18,2026-08-18,CM,NSE,STK,765000,INE285C01015,VOITHPAPR,EQ,,,,,VOITH PAPER FABRICS IND L,1696.0,1696.0,1460.0,1492.3,1512.0,1414.1,,1492.12,,,372,561026.5,39,F1,1,,,,,
2026-08-18,2026-08-18,CM,NSE,STK,29658,INE241X01014,VOLERCAR,SM,,,,,VOLER CAR LIMITED,216.25,216.25,216.0,216.1,216.1,218.0,,216.1,,,3200,691560.0,4,F1,800,,,,,
2026-08-18,2026-08-18,CM,NSE,STK,13577,INE540H01012,VOLTAMP,EQ,,,,,VOLTAMP TRANSFORMERS LTD,9989.0,10138.5,9965.0,10093.5,10065.0,10001.0,,10093.54,,,12530,126278463.0,4753,F1,1,,,,,
2026-08-18,2026-08-18,CM,NSE,STK,3718,INE226A01021,VOLTAS,EQ,,,,,VOLTAS LTD,1262.0,1272.0,1247.0,1252.9,1252.9,1267.0,,1252.9,,,995520,1249858078.7,32504,F1,1,,,,,
2026-08-18,2026-08-18,CM,NSE,STK,24321,INE0S2V01010,VRAJ,EQ,,,,,VRAJ IRON AND STEEL LTD,121.51,125.5,121.01,121.48,121.14,121.5,,121.48,,,10130,1237254.18,708,F1,1,,,,,
2026-08-18,2026-08-18,CM,NSE,STK,8696,INE366I01010,VRLLOG,EQ,,,,,VRL LOGISTICS LIMITED,295.0,302.95,295.0,297.5,297.15,296.2,,297.51,,,128724,38445292.85,7139,F1,1,,,,,
2026-08-18,2026-08-18,CM,NSE,STK,3724,INE710A01016,VSTIND,EQ,,,,,VST INDUSTRIES LTD,215.57,216.07,213.93,214.88,214.0,214.5,,214.88,,,113621,24395874.26,2007,F1,1,,,,,
2026-08-18,2026-08-18,CM,NSE,STK,24292,INE764D01017,VSTTILLERS,EQ,,,,,VST TILLERS TRACTORS LTD,4530.0,4559.8,4444.0,4473.3,4479.0,4527.4,,4473.05,,,6611,29696678.6,2205,F1,1,,,,,
2026-08-18,2026-08-18,CM,NSE,STK,765005,INE855A01019,WHBRADY,EQ,,,,,W H BRADY & CO. LTD.,505.8,507.0,495.3,507.0,507.0,506.95,,507.0,,,5,2520.9,5,F1,1,,,,,
2026-08-18,2026-08-18,CM,NSE,STK,762978,INE765D01022,WPIL,EQ,,,,,W P I L LTD.,433.85,439.4,418.65,426.35,430.0,433.9,,425.9,,,36814,15777601.8,2044,F1,1,,,,,
2026-08-18,2026-08-18,CM,NSE,STK,14828,INE100D01014,WSI,EQ,,,,,W.S.INDUSTRIES (I) LTD.,60.85,61.11,58.2,60.18,61.0,60.83,,60.18,,,52928,3189612.87,1258,F1,1,,,,,
2026-08-18,2026-08-18,CM,NSE,STK,25907,INE377N01017,WAAREEENER,EQ,,,,,WAAREE ENERGIES LIMITED,2706.9,2719.5,2693.0,2709.1,2709.1,2707.0,,2709.09,,,396655,1075110322.3,21665,F1,1,,,,,
2026-08-18,2026-08-18,CM,NSE,STK,756038,INE299N01021,WAAREERTL,EQ,,,,,WAAREE RENEWABLE TECH LTD,897.0,899.35,888.0,890.1,890.0,896.95,,890.12,,,66394,59161458.1,5540,F1,1,,,,,
2026-08-18,2026-08-18,CM,NSE,STK,760259,INE0E7301029,WAKEFIT,EQ,,,,,WAKEFIT INNOVATIONS LTD,124.01,134.79,124.01,131.52,132.0,124.63,,131.52,,,6325818,825625528.32,49384,F1,1,,,,,
2026-08-18,2026-08-18,CM,NSE,STK,3736,INE711A01022,WALCHANNAG,EQ,,,,,WALCHANDNAGAR INDUSTRIES,223.2,225.63,221.82,222.6,222.25,223.91,,222.6,,,472284,105250377.46,6666,F1,1,,,,,
2026-08-18,2026-08-18,CM,NSE,STK,14063,INE107F01022,WANBURY,EQ,,,,,WANBURY LIMITED,252.95,259.6,250.0,254.25,256.0,250.7,,254.26,,,198618,50702600.5,4912,F1,1,,,,,
2026-08-18,2026-08-18,CM,NSE,STK,765225,INE945P01024,WARDINMOBI,EQ,,,,,WARDWIZARD INNO & MOB L,6.16,6.8,6.16,6.28,6.31,6.25,,6.29,,,256613,1612732.78,886,F1,1,,,,,
2026-08-18,2026-08-18,CM,NSE,STK,3745,INE054C01015,WATERBASE,EQ,,,,,WATERBASE LTD.,47.9,47.9,45.5,46.32,47.2,47.11,,46.67,,,8458,398410.04,129,F1,1,,,,,
2026-08-18,2026-08-18,CM,NSE,STK,762163,INE0LZF01013,CORDELIA,EQ,,,,,WATERWAYS LEISURE TOUR L,823.7,833.95,820.5,830.0,831.0,823.2,,829.98,,,73939,61343587.1,3527,F1,1,,,,,
2026-08-18,2026-08-18,CM,NSE,STK,759215,INE0A3007065,1075WCA28,N0,,,,,WCAPL 10.75% 2028,9598.0,9598.0,9598.0,9598.0,9598.0,9860.0,,9598.0,,,1,9598.0,1,F1,1,,,,,
2026-08-18,2026-08-18,CM,NSE,STK,9862,INE082W01014,WEWIN,EQ,,,,,WE WIN LIMITED,46.0,46.0,46.0,46.0,46.0,46.0,,45.8,,,127,5842.0,6,F1,1,,,,,
2026-08-18,2026-08-18,CM,NSE,STK,760482,INF2F0001370,TWCGOLDETF,EQ,,,,,WEALTH - TWCGOLDETF,152.18,152.62,151.93,152.23,152.29,152.33,,152.23,,,16170,2466739.57,404,F1,1,,,,,
2026-08-18,2026-08-18,CM,NSE,STK,1923,INE658T01017,WEALTH,EQ,,,,,WEALTH FRST PORT. MG. LTD,876.0,876.0,852.3,862.45,868.0,876.75,,861.25,,,2871,2482541.35,349,F1,1,,,,,
2026-08-18,2026-08-18,CM,NSE,STK,14602,INE855C01023,WEBELSOLAR,EQ,,,,,WEBSOL ENERGY SYSTEM LTD,81.14,86.94,81.14,86.93,86.94,82.8,,86.96,,,4243102,364209917.28,17026,F1,1,,,,,
2026-08-18,2026-08-18,CM,NSE,STK,3748,INE080A01014,WEIZMANIND,EQ,,,,,WEIZMANN LTD,77.37,78.99,77.1,77.56,77.56,77.29,,77.56,,,383,29644.68,16,F1,1,,,,,
2026-08-18,2026-08-18,CM,NSE,STK,11821,INE191B01025,WELCORP,EQ,,,,,WELSPUN CORP LIMITED,1886.6,1934.9,1882.0,1917.1,1924.0,1882.0,,1917.19,,,712593,1360459949.5,35788,F1,1,,,,,
2026-08-18,2026-08-18,CM,NSE,STK,11626,INE625G01013,WELENT,EQ,,,,,WELSPUN ENTERPRISES LTD.,569.35,578.0,566.0,575.85,576.75,569.4,,575.87,,,208397,119210172.25,6657,F1,1,,,,,
2026-08-18,2026-08-18,CM,NSE,STK,19804,INE389K01018,WELINV,BE,,,,,WELSPUN INV & COMM LTD,1795.1,1885.0,1790.0,1843.2,1849.9,1857.5,,1843.2,,,98196,175785407.5,74,F1,1,,,,,
2026-08-18,2026-08-18,CM,NSE,STK,11253,INE192B01031,WELSPUNLIV,EQ,,,,,WELSPUN LIVING LIMITED,168.3,182.9,167.8,177.79,177.45,168.15,,177.77,,,53708881,9626390405.37,264121,F1,1,,,,,
2026-08-18,2026-08-18,CM,NSE,STK,762971,INE731F01037,WELSPLSOL,EQ,,,,,WELSPUN SPECIALTY SOL L,48.0,48.93,47.25,47.96,47.52,48.47,,47.97,,,175909,8434822.17,1474,F1,1,,,,,
2026-08-18,2026-08-18,CM,NSE,STK,4235,INE274C01019,WENDT,EQ,,,,,WENDT (INDIA) LIMITED,8115.0,8253.5,7985.0,8055.0,8099.5,8110.0,,8055.05,,,5231,42185126.5,1516,F1,1,,,,,
2026-08-18,2026-08-18,CM,NSE,STK,3799,INE976A01021,WSTCSTPAPR,EQ,,,,,WEST COAST PAPER MILLS LT,601.1,644.0,601.1,619.2,617.7,605.5,,619.23,,,365686,228669600.45,13824,F1,1,,,,,
2026-08-18,2026-08-18,CM,NSE,STK,25403,INE0CJF01024,WCIL,EQ,,,,,WESTERN CARRIERS (IND) L,87.9,88.09,85.8,86.27,86.0,87.99,,86.23,,,31346,2716117.43,884,F1,1,,,,,
2026-08-18,2026-08-18,CM,NSE,STK,11580,INE274F01020,WESTLIFE,EQ,,,,,WESTLIFE FOODWORLD LTD,583.1,592.95,578.0,587.75,591.35,579.6,,587.75,,,36576,21489191.7,4454,F1,1,,,,,
2026-08-18,2026-08-18,CM,NSE,STK,759434,INE085001019,WEWORK,EQ,,,,,WEWORK INDIA MANAGEMENT L,707.0,707.0,690.0,696.05,696.0,707.8,,696.05,,,123453,86071604.6,11928,F1,1,,,,,
2026-08-18,2026-08-18,CM,NSE,STK,3766,INE715A01015,WHEELS,EQ,,,,,WHEELS INDIA LTD,1415.0,1452.0,1407.0,1442.6,1442.1,1417.5,,1442.6,,,54296,77722493.8,5218,F1,1,,,,,
2026-08-18,2026-08-18,CM,NSE,STK,18011,INE716A01013,WHIRLPOOL,EQ,,,,,WHIRLPOOL OF INDIA LTD,778.0,785.15,765.15,769.0,769.7,777.35,,768.99,,,158057,122021990.45,8594,F1,1,,,,,
2026-08-18,2026-08-18,CM,NSE,STK,3772,INE210A01017,WILLAMAGOR,EQ,,,,,WILLIAMSON MAGOR,26.0,26.0,24.99,25.15,25.0,24.93,,25.15,,,2813,71562.39,27,F1,1,,,,,
2026-08-18,2026-08-18,CM,NSE,STK,5366,INE0H5O01029,WINDLAS,EQ,,,,,WINDLAS BIOTECH LIMITED,939.0,939.0,911.95,917.95,919.4,933.4,,917.94,,,36703,33805004.8,3463,F1,1,,,,,
2026-08-18,2026-08-18,CM,NSE,STK,24969,INE052A01021,WINDMACHIN,EQ,,,,,WINDSOR MACHINES LIMITED,302.1,322.0,300.0,318.9,319.2,300.4,,318.92,,,1516405,470149064.75,26094,F1,1,,,,,
2026-08-18,2026-08-18,CM,NSE,STK,23714,INE0S3D01016,WINSOL,SM,,,,,WINSOL ENGINEERS LIMITED,110.0,117.8,110.0,114.0,113.15,111.9,,114.0,,,19200,2181820.0,30,F1,400,,,,,
2026-08-18,2026-08-18,CM,NSE,STK,3787,INE075A01022,WIPRO,EQ,,,,,WIPRO LTD,181.9,181.99,178.06,178.06,178.06,181.9,,178.06,,,7074731,1269120344.59,62610,F1,1,,,,,
2026-08-18,2026-08-18,CM,NSE,STK,22725,INE623Y01011,WTICAB,SM,,,,,WISE TRAVEL INDIA LIMITED,102.25,105.95,102.15,105.0,105.0,105.15,,105.0,,,16000,1670700.0,17,F1,500,,,,,
2026-08-18,2026-08-18,CM,NSE,STK,7506,INE049B01025,WOCKPHARMA,EQ,,,,,WOCKHARDT LIMITED,1898.8,1900.4,1855.1,1859.9,1859.0,1898.8,,1859.9,,,476558,890137633.6,46520,F1,1,,,,,
2026-08-18,2026-08-18,CM,NSE,STK,19627,INE0Q9601016,WOMANCART,SM,,,,,WOMANCART LIMITED,105.0,109.0,100.35,108.45,109.0,103.45,,108.45,,,46800,4992080.0,102,F1,400,,,,,
2026-08-18,2026-08-18,CM,NSE,STK,7835,INE02WG01024,WEL,EQ,,,,,WONDER ELECTRICALS LTD,143.71,147.9,140.51,146.24,146.99,145.74,,146.25,,,824447,119970157.43,6826,F1,1,,,,,
2026-08-18,2026-08-18,CM,NSE,STK,3002,INE066O01014,WONDERLA,EQ,,,,,WONDERLA HOLIDAYS LTD.,468.7,486.0,468.05,476.0,476.6,468.7,,475.99,,,149025,71113396.35,7020,F1,1,,,,,
2026-08-18,2026-08-18,CM,NSE,STK,22277,INE196Y01018,WORTHPERI,EQ,,,,,WORTH PERIPHERALS LIMITED,157.88,159.0,152.81,154.54,154.0,155.29,,154.54,,,6710,1048977.16,132,F1,1,,,,,
2026-08-18,2026-08-18,CM,NSE,STK,11705,INE692G01013,XCHANGING,EQ,,,,,XCHANGING SOLUTIONS LTD,62.18,62.55,61.65,62.24,62.55,61.72,,62.24,,,43955,2723970.6,645,F1,1,,,,,
2026-08-18,2026-08-18,CM,NSE,STK,8477,INE01P501012,XELPMOC,EQ,,,,,XELPMOC DESIGN & TECH LTD,79.5,80.18,78.94,79.85,80.0,79.48,,79.85,,,6393,508946.86,245,F1,1,,,,,
2026-08-18,2026-08-18,CM,NSE,STK,11407,INE445C01015,XPROINDIA,EQ,,,,,XPRO INDIA LIMITED,1094.0,1120.0,1080.1,1088.6,1090.0,1103.7,,1088.66,,,53091,57973448.6,2520,F1,1,,,,,
2026-08-18,2026-08-18,CM,NSE,STK,25235,INE547B01028,XTGLOBAL,EQ,,,,,XTGLOBAL INFOTECH LIMITED,30.45,30.45,29.5,29.74,29.52,29.68,,29.74,,,36734,1090063.99,244,F1,1,,,,,
2026-08-18,2026-08-18,CM,NSE,STK,764312,INE0NG701011,XTRANET,EQ,,,,,XTRANET TECHNOLOGIES LTD,159.95,172.5,155.41,168.97,168.0,158.7,,168.93,,,867676,143482035.08,13850,F1,1,,,,,
2026-08-18,2026-08-18,CM,NSE,STK,760870,INE0U0J01015,YAAP,SM,,,,,YAAP DIGITAL LIMITED,138.0,140.0,138.0,139.1,140.0,138.0,,139.1,,,5000,692300.0,5,F1,1000,,,,,
2026-08-18,2026-08-18,CM,NSE,STK,23451,INE0TO601017,YASHOPTICS,SM,,,,,YASH OPTICS & LENS LTD,112.5,112.5,112.5,112.5,112.5,114.0,,112.5,,,1600,180000.0,2,F1,800,,,,,
2026-08-18,2026-08-18,CM,NSE,STK,18131,INE616Z01012,YASHO,EQ,,,,,YASHO INDUSTRIES LIMITED,4400.0,4994.0,4399.9,4915.8,4949.0,4362.3,,4915.78,,,240192,1143814818.0,40510,F1,1,,,,,
2026-08-18,2026-08-18,CM,NSE,STK,17738,INE0JO301016,YATHARTH,EQ,,,,,YATHARTH HOSP & TRA C S L,838.7,859.8,838.0,854.0,857.0,842.85,,853.99,,,218447,186257265.45,13481,F1,1,,,,,
2026-08-18,2026-08-18,CM,NSE,STK,18760,INE0JR601024,YATRA,EQ,,,,,YATRA ONLINE LIMITED,114.5,117.2,112.86,115.5,115.49,113.95,,115.49,,,942576,108512200.23,10910,F1,1,,,,,
2026-08-18,2026-08-18,CM,NSE,STK,11915,INE528G01035,YESBANK,EQ,,,,,YES BANK LIMITED,22.9,22.97,22.45,22.46,22.46,22.92,,22.46,,,49817232,1126301212.97,64577,F1,1,,,,,
2026-08-18,2026-08-18,CM,NSE,STK,765010,INE290E01011,YOGI,EQ,,,,,YOGI LTD.,157.45,174.0,155.0,155.82,174.0,160.9,,156.23,,,1224,191424.5,31,F1,1,,,,,
2026-08-18,2026-08-18,CM,NSE,STK,18040,INE09FA01019,YUDIZ,SM,,,,,YUDIZ SOLUTIONS LIMITED,23.4,23.5,23.4,23.4,23.4,24.6,,23.4,,,7200,168640.0,8,F1,800,,,,,
2026-08-18,2026-08-18,CM,NSE,STK,5501,INE384C01016,YUKEN,EQ,,,,,YUKEN INDIA LIMITED,836.1,892.3,814.1,881.95,880.0,821.95,,881.92,,,23830,20733940.3,1884,F1,1,,,,,
2026-08-18,2026-08-18,CM,NSE,STK,4229,INE116C01012,ZFSTEERING,EQ,,,,,Z F STEERING GEAR (I) LTD,674.6,695.0,663.45,679.8,683.0,673.6,,679.49,,,3477,2369199.75,149,F1,1,,,,,
2026-08-18,2026-08-18,CM,NSE,STK,23976,INE0ISZ01012,ZTECH,SM,,,,,Z-TECH (INDIA) LIMITED,501.05,510.0,497.0,502.7,500.3,499.4,,502.7,,,22800,11518020.0,43,F1,300,,,,,
2026-08-18,2026-08-18,CM,NSE,STK,18608,INE07K301024,ZAGGLE,EQ,,,,,ZAGGLE PREPA OCEAN SER L,160.61,169.9,154.36,165.88,165.94,160.48,,165.88,,,19851829,3277049338.75,157146,F1,1,,,,,
2026-08-18,2026-08-18,CM,NSE,STK,17766,INE0PPS01018,ZEAL,SM,,,,,ZEAL GLOBAL SERVICES LTD,63.5,65.9,63.5,64.05,64.05,63.5,,64.05,,,4200,271110.0,7,F1,600,,,,,
2026-08-18,2026-08-18,CM,NSE,STK,3812,INE256A01028,ZEEL,EQ,,,,,ZEE ENTERTAINMENT ENT LTD,104.87,106.95,103.5,105.32,105.0,104.87,,105.32,,,24564113,2585785573.68,68302,F1,1,,,,,
2026-08-18,2026-08-18,CM,NSE,STK,20856,INE565L01011,ZEELEARN,BE,,,,,ZEE LEARN LIMITED,8.08,8.08,7.8,7.85,7.85,7.98,,7.85,,,148876,1170452.5,324,F1,1,,,,,
2026-08-18,2026-08-18,CM,NSE,STK,14003,INE966H01019,ZEEMEDIA,EQ,,,,,ZEE MEDIA CORPORATION LTD,9.72,9.85,9.3,9.38,9.39,9.7,,9.38,,,9984323,95449824.19,11898,F1,1,,,,,
2026-08-18,2026-08-18,CM,NSE,STK,7508,INE251B01027,ZENTEC,EQ,,,,,ZEN TECHNOLOGIES LIMITED,1860.1,2012.4,1855.2,1982.4,1985.0,1864.5,,1982.37,,,2742695,5403566813.4,139099,F1,1,,,,,
2026-08-18,2026-08-18,CM,NSE,STK,4176,INE058B01018,ZENITHEXPO,EQ,,,,,ZENITH EXPORTS LTD,195.55,204.19,194.29,197.45,197.0,204.51,,197.45,,,1132,224750.41,60,F1,1,,,,,
2026-08-18,2026-08-18,CM,NSE,STK,14562,INE318D01020,ZENITHSTL,EQ,,,,,ZENITH STEEL PIP IND LTD,5.37,5.58,5.37,5.51,5.55,5.48,,5.51,,,28389,156651.0,121,F1,1,,,,,
2026-08-18,2026-08-18,CM,NSE,STK,1076,INE520A01027,ZENSARTECH,EQ,,,,,ZENSAR TECHNOLOGIES  LTD,490.5,493.2,483.0,484.9,483.5,490.75,,484.84,,,477870,232125922.6,15008,F1,1,,,,,
2026-08-18,2026-08-18,CM,NSE,STK,22901,INF0R8F01042,GOLDCASE,EQ,,,,,ZERODHAAMC - GOLDCASE,23.96,24.54,23.96,24.07,24.09,24.06,,24.07,,,5556353,133752917.63,6814,F1,1,,,,,
2026-08-18,2026-08-18,CM,NSE,STK,21750,INF0R8F01034,LIQUIDCASE,EQ,,,,,ZERODHAAMC - LIQUIDCASE,115.51,115.53,115.51,115.51,115.51,115.49,,115.51,,,13077255,1510637817.88,10123,F1,1,,,,,
2026-08-18,2026-08-18,CM,NSE,STK,758705,INF0R8F01133,LTGILTCASE,EQ,,,,,ZERODHAAMC - LTGILTCASE,31.23,31.23,30.54,30.59,30.61,30.62,,30.59,,,74756,2287048.18,125,F1,1,,,,,
2026-08-18,2026-08-18,CM,NSE,STK,24077,INF0R8F01059,MID150CASE,EQ,,,,,ZERODHAAMC - MID150CASE,11.84,12.13,11.75,11.78,11.79,11.84,,11.78,,,892340,10513502.66,3217,F1,1,,,,,
2026-08-18,2026-08-18,CM,NSE,STK,759302,INF0R8F01166,NIFTYCASE,EQ,,,,,ZERODHAAMC - NIFTYCASE,10.02,10.02,9.71,9.74,9.75,9.78,,9.74,,,616924,6006324.36,1690,F1,1,,,,,
2026-08-18,2026-08-18,CM,NSE,STK,30274,INF0R8F01091,SILVERCASE,EQ,,,,,ZERODHAAMC - SILVERCASE,24.3,24.3,23.45,23.51,23.52,23.71,,23.51,,,3495428,82257720.91,4802,F1,1,,,,,
2026-08-18,2026-08-18,CM,NSE,STK,758955,INF0R8F01141,SML100CASE,EQ,,,,,ZERODHAAMC - SML100CASE,11.3,11.3,11.21,11.25,11.27,11.28,,11.25,,,806253,9071051.83,1458,F1,1,,,,,
2026-08-18,2026-08-18,CM,NSE,STK,24081,INF0R8F01067,TOP100CASE,EQ,,,,,ZERODHAAMC - TOP100CASE,10.73,10.81,10.6,10.69,10.68,10.73,,10.69,,,640952,6852125.53,955,F1,1,,,,,
2026-08-18,2026-08-18,CM,NSE,STK,16915,INE342J01019,ZFCVINDIA,EQ,,,,,ZF COM VE CTR SYS IND LTD,2612.0,2691.0,2601.0,2672.7,2670.0,2623.7,,2672.86,,,142083,376948439.8,15710,F1,1,,,,,
2026-08-18,2026-08-18,CM,NSE,STK,12384,INE518E01015,ZIMLAB,EQ,,,,,ZIM LABORATORIES LIMITED,115.0,115.4,110.22,114.51,114.78,115.2,,114.5,,,56724,6408309.08,2511,F1,1,,,,,
2026-08-18,2026-08-18,CM,NSE,STK,3821,INE206B01013,ZODIACLOTH,EQ,,,,,ZODIAC CLOTHING CO. LTD.,74.02,75.0,74.02,74.86,75.0,75.6,,74.83,,,2596,193479.19,78,F1,1,,,,,
2026-08-18,2026-08-18,CM,NSE,STK,7129,INE761Y01019,ZODIAC,EQ,,,,,ZODIAC ENERGY LIMITED,260.0,262.8,251.05,256.05,257.95,256.25,,256.01,,,20013,5127133.55,1220,F1,1,,,,,
2026-08-18,2026-08-18,CM,NSE,STK,11394,INE358U01012,ZOTA,EQ,,,,,ZOTA HEALTH CARE LIMITED,1116.9,1127.2,1076.4,1085.4,1085.0,1111.4,,1085.4,,,100892,111178083.1,5161,F1,1,,,,,
2026-08-18,2026-08-18,CM,NSE,STK,29050,INE840M01016,ZUARI,EQ,,,,,ZUARI AGRO CHEMICALS LTD,222.6,227.62,220.97,225.7,225.13,222.71,,225.7,,,77311,17380160.1,2325,F1,1,,,,,
2026-08-18,2026-08-18,CM,NSE,STK,3827,INE217A01012,ZUARIIND,EQ,,,,,ZUARI INDUSTRIES LIMITED,259.95,269.0,257.05,260.45,260.5,256.45,,260.45,,,100921,26567604.15,2884,F1,1,,,,,
2026-08-18,2026-08-18,CM,NSE,STK,7929,INE010B01027,ZYDUSLIFE,EQ,,,,,ZYDUS LIFESCIENCES LTD,1131.9,1144.1,1115.6,1115.6,1115.6,1131.5,,1115.6,,,810133,912723176.1,23793,F1,1,,,,,
2026-08-18,2026-08-18,CM,NSE,STK,17635,INE768C01028,ZYDUSWELL,EQ,,,,,ZYDUS WELLNESS LIMITED,507.6,509.95,492.1,496.65,496.9,510.15,,496.65,,,201281,100811062.35,10513,F1,1,,,,,
