TradDt,BizDt,Sgmt,Src,FinInstrmTp,FinInstrmId,ISIN,TckrSymb,SctySrs,XpryDt,FininstrmActlXpryDt,StrkPric,OptnTp,FinInstrmNm,OpnPric,HghPric,LwPric,ClsPric,LastPric,PrvsClsgPric,UndrlygPric,SttlmPric,OpnIntrst,ChngInOpnIntrst,TtlTradgVol,TtlTrfVal,TtlNbOfTxsExctd,SsnId,NewBrdLotQty,Rmks,Rsvd1,Rsvd2,Rsvd3,Rsvd4
2026-09-23,2026-09-23,CM,NSE,STK,19078,IN0020200104,SGBJUN28,GB,,,,,2.5%GOLDBONDS2028SR-III,15034.01,15195.0,15034.01,15059.0,15056.0,15033.57,,15059.0,,,23,347021.08,10,F1,1,,,,,
2026-09-23,2026-09-23,CM,NSE,STK,1342,IN0020200286,SGBN28VIII,GB,,,,,2.5%GOLDBONDS2028SR-VIII,15112.0,15165.0,15112.0,15120.0,15120.0,15078.57,,15120.0,,,53,802232.0,12,F1,1,,,,,
2026-09-23,2026-09-23,CM,NSE,STK,3742,IN0020210053,SGBMAY29I,GB,,,,,2.5%GOLDBONDS2029SR-I,15101.0,15188.0,15099.99,15099.99,15099.99,15101.0,,15099.99,,,326,4930654.71,47,F1,1,,,,,
2026-09-23,2026-09-23,CM,NSE,STK,3743,IN0020210061,SGBJUN29II,GB,,,,,2.5%GOLDBONDS2029SR-II,15150.0,15150.0,15090.0,15097.5,15090.0,15139.99,,15097.5,,,207,3128619.79,38,F1,1,,,,,
2026-09-23,2026-09-23,CM,NSE,STK,3800,IN0020210087,SGBJU29III,GB,,,,,2.5%GOLDBONDS2029SR-III,15198.0,15198.0,15066.02,15125.0,15125.0,15065.0,,15130.0,,,52,784949.26,17,F1,1,,,,,
2026-09-23,2026-09-23,CM,NSE,STK,5575,IN0020210145,SGBSEP29VI,GB,,,,,2.5%GOLDBONDS2029SR-VI,15050.0,15165.0,15050.0,15094.54,15070.02,15035.93,,15095.18,,,214,3232891.32,55,F1,1,,,,,
2026-09-23,2026-09-23,CM,NSE,STK,6518,IN0020210178,SGBNV29VII,GB,,,,,2.5%GOLDBONDS2029SR-VII,15105.0,15200.0,15105.0,15106.63,15105.0,15125.01,,15106.34,,,158,2392315.2,28,F1,1,,,,,
2026-09-23,2026-09-23,CM,NSE,STK,5960,IN0020180249,SGBOCT26,GB,,,,,2.50%GOLDBONDS2026SR-II,15150.0,15150.0,15105.0,15105.0,15105.0,15166.33,,15105.0,,,20,302550.0,3,F1,1,,,,,
2026-09-23,2026-09-23,CM,NSE,STK,7654,IN0020180389,SGBDEC26,GB,,,,,2.50%GOLDBONDS2026SR-IV,15100.0,15100.0,15100.0,15100.0,15100.0,15101.0,,15062.75,,,10,151000.0,2,F1,1,,,,,
2026-09-23,2026-09-23,CM,NSE,STK,10261,IN0020190073,SGBJUN27,GB,,,,,2.50%GOLDBONDS2027SR-I,15090.0,15124.99,15030.0,15030.0,15030.0,14980.0,,15072.99,,,72,1087119.8,13,F1,1,,,,,
2026-09-23,2026-09-23,CM,NSE,STK,11154,IN0020190081,SGBJUL27,GB,,,,,2.50%GOLDBONDS2027SR-II,15150.0,15150.0,15001.0,15050.0,15002.0,15399.95,,15050.0,,,14,211022.0,6,F1,1,,,,,
2026-09-23,2026-09-23,CM,NSE,STK,12904,IN0020190107,SGBAUG27,GB,,,,,2.50%GOLDBONDS2027SR-III,15055.01,15089.9,15021.0,15070.0,15070.0,15031.68,,15060.0,,,48,722583.0,23,F1,1,,,,,
2026-09-23,2026-09-23,CM,NSE,STK,13209,IN0020190115,SGBSEP27,GB,,,,,2.50%GOLDBONDS2027SR-IV,14979.73,15049.9,14979.73,15049.9,15049.9,15055.0,,15087.18,,,16,239962.03,4,F1,1,,,,,
2026-09-23,2026-09-23,CM,NSE,STK,8308,IN0020180462,SGBJAN27,GB,,,,,2.50%GOLDBONDS2027SR-V,15150.0,15150.0,15150.0,15150.0,15150.0,15089.99,,15150.0,,,4,60600.0,1,F1,1,,,,,
2026-09-23,2026-09-23,CM,NSE,STK,13981,IN0020190370,SGBOCT27,GB,,,,,2.50%GOLDBONDS2027SR-V,15150.0,15150.0,15105.0,15105.0,15105.0,15200.0,,15105.0,,,18,272430.0,2,F1,1,,,,,
2026-09-23,2026-09-23,CM,NSE,STK,14252,IN0020190388,SGBOCT27VI,GB,,,,,2.50%GOLDBONDS2027SR-VI,15150.0,15150.0,15115.0,15115.0,15115.0,15172.76,,15115.0,,,4,60530.0,2,F1,1,,,,,
2026-09-23,2026-09-23,CM,NSE,STK,15432,IN0020190461,SGBDC27VII,GB,,,,,2.50%GOLDBONDS2027SR-VII,15099.99,15100.0,15090.0,15090.0,15090.0,15100.0,,15104.99,,,15,226409.99,3,F1,1,,,,,
2026-09-23,2026-09-23,CM,NSE,STK,18862,IN0020200062,SGBAPR28I,GB,,,,,2.50%GOLDBONDS2028SR-I,15200.0,15250.0,15135.0,15150.04,15150.0,15199.25,,15150.04,,,632,9583620.68,30,F1,1,,,,,
2026-09-23,2026-09-23,CM,NSE,STK,18972,IN0020200088,SGBMAY28,GB,,,,,2.50%GOLDBONDS2028SR-II,15150.0,15180.0,15070.0,15091.14,15070.0,15077.5,,15091.14,,,71,1074555.03,19,F1,1,,,,,
2026-09-23,2026-09-23,CM,NSE,STK,22242,IN0020200146,SGBJUL28IV,GB,,,,,2.50%GOLDBONDS2028SR-IV,15050.01,15116.99,15025.0,15035.88,15025.0,15047.8,,15044.09,,,221,3331717.51,37,F1,1,,,,,
2026-09-23,2026-09-23,CM,NSE,STK,22385,IN0020200161,SGBAUG28V,GB,,,,,2.50%GOLDBONDS2028SR-V,15100.0,15169.94,15020.0,15044.13,15020.02,15042.33,,15044.2,,,451,6793228.12,94,F1,1,,,,,
2026-09-23,2026-09-23,CM,NSE,STK,149,IN0020200195,SGBSEP28VI,GB,,,,,2.50%GOLDBONDS2028SR-VI,15107.28,15120.0,15024.0,15051.66,15045.0,15032.12,,15051.66,,,207,3121464.79,53,F1,1,,,,,
2026-09-23,2026-09-23,CM,NSE,STK,834,IN0020200203,SGBOC28VII,GB,,,,,2.50%GOLDBONDS2028SR-VII,15180.0,15180.01,15111.0,15180.0,15180.0,15180.0,,15165.0,,,137,2079356.41,8,F1,1,,,,,
2026-09-23,2026-09-23,CM,NSE,STK,17110,IN0020190537,SGBJ28VIII,GB,,,,,2.50%GOLDBONDS2028SR-VIII,15078.99,15078.99,15078.99,15078.99,15078.99,15078.99,,15078.99,,,10,150789.9,2,F1,1,,,,,
2026-09-23,2026-09-23,CM,NSE,STK,18451,IN0020190552,SGBMAR28X,GB,,,,,2.50%GOLDBONDS2028SR-X,15990.0,15990.0,15990.0,15990.0,15990.0,16000.0,,15990.0,,,1,15990.0,1,F1,1,,,,,
2026-09-23,2026-09-23,CM,NSE,STK,5113,IN0020210111,SGBJUL29IV,GB,,,,,2.50%GOLDBONDS2029SR-IV,15186.0,15186.0,15106.19,15133.09,15106.19,15025.51,,15105.69,,,16,242664.68,13,F1,1,,,,,
2026-09-23,2026-09-23,CM,NSE,STK,1920,IN0020200377,SGBJAN29IX,GB,,,,,2.50%GOLDBONDS2029SR-IX,15059.0,15139.49,15059.0,15070.0,15070.0,15060.0,,15072.5,,,122,1841157.74,17,F1,1,,,,,
2026-09-23,2026-09-23,CM,NSE,STK,5455,IN0020210129,SGBAUG29V,GB,,,,,2.50%GOLDBONDS2029SR-V,15065.5,15200.0,15052.0,15107.06,15070.0,15125.0,,15107.06,,,51,770794.3,22,F1,1,,,,,
2026-09-23,2026-09-23,CM,NSE,STK,7098,IN0020210228,SGBD29VIII,GB,,,,,2.50%GOLDBONDS2029SR-VIII,15100.0,15245.0,15097.38,15138.49,15140.0,15200.0,,15138.49,,,270,4084516.23,52,F1,1,,,,,
2026-09-23,2026-09-23,CM,NSE,STK,2003,IN0020200385,SGBJAN29X,GB,,,,,2.50%GOLDBONDS2029SR-X,15243.98,15243.98,15070.0,15076.25,15070.0,15097.47,,15075.35,,,126,1903777.17,34,F1,1,,,,,
2026-09-23,2026-09-23,CM,NSE,STK,2200,IN0020200393,SGBFEB29XI,GB,,,,,2.50%GOLDBONDS2029SR-XI,15057.0,15132.77,15056.01,15100.0,15100.0,15055.58,,15100.0,,,34,513446.22,12,F1,1,,,,,
2026-09-23,2026-09-23,CM,NSE,STK,2810,IN0020200427,SGBMR29XII,GB,,,,,2.50%GOLDBONDS2029SR-XII,15069.0,15150.01,15055.01,15098.36,15100.0,15066.8,,15096.64,,,130,1963888.19,36,F1,1,,,,,
2026-09-23,2026-09-23,CM,NSE,STK,10232,IN0020220045,SGBJUN30,GB,,,,,2.50%GOLDBONDS2030SR-I,15136.0,15351.37,15136.0,15292.17,15310.0,15222.43,,15304.47,,,144,2204191.13,37,F1,1,,,,,
2026-09-23,2026-09-23,CM,NSE,STK,11192,IN0020220078,SGBAUG30,GB,,,,,2.50%GOLDBONDS2030SR-II,15235.0,15450.0,15156.0,15380.0,15380.0,15196.0,,15390.0,,,132,2021422.34,45,F1,1,,,,,
2026-09-23,2026-09-23,CM,NSE,STK,13642,IN0020220110,SGBDE30III,GB,,,,,2.50%GOLDBONDS2030SR-III,15249.99,15298.99,15200.0,15298.0,15298.0,15249.99,,15301.49,,,173,2639046.9,37,F1,1,,,,,
2026-09-23,2026-09-23,CM,NSE,STK,7879,IN0020210236,SGBJAN30IX,GB,,,,,2.50%GOLDBONDS2030SR-IX,15100.0,15295.0,15100.0,15190.1,15190.1,15142.55,,15180.03,,,124,1890793.15,35,F1,1,,,,,
2026-09-23,2026-09-23,CM,NSE,STK,8401,IN0020210319,SGBMAR30X,GB,,,,,2.50%GOLDBONDS2030SR-X,15101.0,15269.98,15101.0,15136.0,15136.0,15142.92,,15136.0,,,38,576205.99,12,F1,1,,,,,
2026-09-23,2026-09-23,CM,NSE,STK,17202,IN0020230069,SGBJUN31I,GB,,,,,2.50%GOLDBONDS2031SR-I,15379.0,15480.0,15321.0,15376.18,15341.5,15379.51,,15376.18,,,477,7328941.04,123,F1,1,,,,,
2026-09-23,2026-09-23,CM,NSE,STK,19456,IN0020230093,SGBSEP31II,GB,,,,,2.50%GOLDBONDS2031SR-II,15316.0,15389.98,15301.01,15356.78,15370.0,15342.99,,15352.64,,,506,7772029.72,162,F1,1,,,,,
2026-09-23,2026-09-23,CM,NSE,STK,22476,IN0020230168,SGBDE31III,GB,,,,,2.50%GOLDBONDS2031SR-III,15480.0,15554.0,15446.41,15481.36,15480.0,15524.18,,15481.36,,,849,13165047.99,241,F1,1,,,,,
2026-09-23,2026-09-23,CM,NSE,STK,14598,IN0020220169,SGBMAR31IV,GB,,,,,2.50%GOLDBONDS2031SR-IV,15355.91,15365.0,15279.51,15350.0,15350.0,15279.51,,15357.5,,,96,1471516.43,31,F1,1,,,,,
2026-09-23,2026-09-23,CM,NSE,STK,22886,IN0020230184,SGBFEB32IV,GB,,,,,2.50%GOLDBONDS2032SR-IV,15741.19,15785.0,15701.05,15713.26,15705.0,15741.18,,15713.88,,,441,6938042.75,147,F1,1,,,,,
2026-09-23,2026-09-23,CM,NSE,STK,16921,INE144J01027,20MICRONS,EQ,,,,,20 MICRONS LTD,220.8,223.95,215.8,219.21,219.0,216.45,,219.25,,,104573,23012738.72,3299,F1,1,,,,,
2026-09-23,2026-09-23,CM,NSE,STK,4,INE253B01015,21STCENMGM,EQ,,,,,21ST CENTURY MGMT SERVICE,39.94,39.95,39.01,39.92,39.9,39.62,,39.9,,,6072,241957.42,118,F1,1,,,,,
2026-09-23,2026-09-23,CM,NSE,STK,13061,INE466L01038,360ONE,EQ,,,,,360 ONE WAM LIMITED,1093.7,1122.0,1082.4,1108.0,1108.0,1073.5,,1107.95,,,3642452,4049269734.2,95307,F1,1,,,,,
2026-09-23,2026-09-23,CM,NSE,STK,30105,INF579M01BB5,GOLD360,EQ,,,,,360ONEAMC - GOLD360,147.45,148.05,147.05,147.35,147.2,147.45,,147.45,,,3856,569205.05,144,F1,1,,,,,
2026-09-23,2026-09-23,CM,NSE,STK,763602,INF579M01BP5,MSCI360,EQ,,,,,360ONEAMC - MSCI360,9.91,10.29,9.9,10.25,10.29,9.91,,10.25,,,2370,23558.24,18,F1,1,,,,,
2026-09-23,2026-09-23,CM,NSE,STK,756150,INF579M01BC3,SILVER360,EQ,,,,,360ONEAMC - SILVER360,227.1,229.5,226.25,226.75,226.86,226.34,,226.75,,,14263,3255084.19,305,F1,1,,,,,
2026-09-23,2026-09-23,CM,NSE,STK,762518,INE994E01018,3BBLACKBIO,EQ,,,,,3B BLACKBIO DX LTD.,1400.0,1440.0,1391.1,1431.6,1430.0,1369.3,,1431.95,,,6553,9242899.2,1115,F1,1,,,,,
2026-09-23,2026-09-23,CM,NSE,STK,6240,INE748C01038,3IINFOLTD,BE,,,,,3I INFOTECH LIMITED,26.03,26.27,25.7,25.74,25.75,26.03,,25.74,,,181329,4710192.02,577,F1,1,,,,,
2026-09-23,2026-09-23,CM,NSE,STK,474,INE470A01017,3MINDIA,EQ,,,,,3M INDIA LIMITED,34225.0,35000.0,34225.0,34615.0,34600.0,34220.0,,34612.07,,,4992,173397635.0,2592,F1,1,,,,,
2026-09-23,2026-09-23,CM,NSE,STK,2595,INE105C01023,3PLAND,EQ,,,,,3P LAND HOLDINGS LIMITED,30.75,31.05,30.35,30.91,30.95,30.74,,30.91,,,2691,82798.65,63,F1,1,,,,,
2026-09-23,2026-09-23,CM,NSE,STK,445,INE618L01018,5PAISA,EQ,,,,,5PAISA CAPITAL LIMITED,317.25,321.7,315.0,318.15,320.0,315.3,,318.15,,,30838,9775108.95,1069,F1,1,,,,,
2026-09-23,2026-09-23,CM,NSE,STK,11868,INE111B01023,63MOONS,EQ,,,,,63 MOONS TECHNOLOGIES LTD,849.8,873.2,831.65,852.95,848.0,841.75,,852.91,,,510000,435303408.55,24250,F1,1,,,,,
2026-09-23,2026-09-23,CM,NSE,STK,19972,INE134E07570,735PFCL35,N1,,,,,7.35% TAX FREE NCD,1206.0,1206.0,1206.0,1206.0,1206.0,1206.01,,1206.0,,,200,241200.0,2,F1,1,,,,,
2026-09-23,2026-09-23,CM,NSE,STK,20052,INE787H07156,740IIFCL33,N1,,,,,7.40% TAX FREETRI SRIII,1148.05,1160.0,1148.05,1160.0,1160.0,1151.37,,1160.0,,,2214,2558123.0,7,F1,1,,,,,
2026-09-23,2026-09-23,CM,NSE,STK,19926,INE020B07JU4,743REC35,NH,,,,,7.43% TAX FREE TRI SR3B,1225.0,1242.0,1225.0,1225.0,1225.0,1210.0,,1225.0,,,1521,1874223.36,8,F1,1,,,,,
2026-09-23,2026-09-23,CM,NSE,STK,19976,INE134E07588,760PFCL35,N3,,,,,7.60% TAX FREE NCD,1225.0,1230.0,1225.0,1230.0,1230.0,1220.0,,1230.0,,,903,1108175.75,26,F1,1,,,,,
2026-09-23,2026-09-23,CM,NSE,STK,20034,INE261F07032,764NABAR31,N2,,,,,7.64% TAX FREE TRI SRIIB,1120.05,1120.05,1115.1,1116.53,1116.0,1120.05,,1116.47,,,487,543443.14,27,F1,1,,,,,
2026-09-23,2026-09-23,CM,NSE,STK,19928,INE031A07AO5,764HUDCO31,N8,,,,,7.64% TAX FREETRI SR2B,1132.0,1132.0,1132.0,1132.0,1132.0,1121.0,,1128.5,,,1,1132.0,1,F1,1,,,,,
2026-09-23,2026-09-23,CM,NSE,STK,19930,INE031A07AT4,769HUDCO31,N9,,,,,7.69% TAX FREETRII SR2B,1138.0,1138.0,1132.25,1138.0,1138.0,1138.0,,1138.0,,,45,51108.25,5,F1,1,,,,,
2026-09-23,2026-09-23,CM,NSE,STK,19924,INE020B07GH7,812REC27,NI,,,,,8.12/8.32% TAX FREE NCD,1028.06,1030.79,1024.85,1030.79,1030.79,1030.5,,1030.79,,,502,514530.09,5,F1,1,,,,,
2026-09-23,2026-09-23,CM,NSE,STK,31240,INE031A07840,82HUDCO27,N2,,,,,8.20 NCD05MAR27 FV 1000,1057.99,1057.99,1054.06,1054.06,1054.06,1052.21,,1059.0,,,3400,3586508.0,12,F1,1,,,,,
2026-09-23,2026-09-23,CM,NSE,STK,20022,INE134E07208,830PFCL27,N5,,,,,8.30% TAX FREE NCD,1087.0,1087.0,1082.32,1082.32,1082.32,1087.0,,1081.72,,,530,573835.1,5,F1,1,,,,,
2026-09-23,2026-09-23,CM,NSE,STK,31762,INE733E07JG5,866NTPC33,N3,,,,,8.66%S-R-NCD SERIES 3A,1250.05,1250.05,1250.05,1250.05,1250.05,1252.05,,1250.05,,,5,6250.25,2,F1,1,,,,,
2026-09-23,2026-09-23,CM,NSE,STK,192,INE906B07DF8,875NHAI29,N6,,,,,8.75% TAX FREE TR I S IIB,1117.8,1120.87,1116.0,1118.05,1118.0,1117.8,,1118.05,,,2219,2481762.91,26,F1,1,,,,,
2026-09-23,2026-09-23,CM,NSE,STK,19968,INE031A07949,876HUDCO28,ND,,,,,8.76% TAX FREETRI SR2B,1142.0,1142.0,1139.02,1139.06,1139.06,1142.0,,1140.04,,,2523,2878216.66,12,F1,1,,,,,
2026-09-23,2026-09-23,CM,NSE,STK,20058,INE787H07370,891IIFCL34,N4,,,,,8.91% TAX FREE NCD,1258.11,1258.11,1258.11,1258.11,1258.11,1264.6,,1261.61,,,1000,1258110.0,1,F1,1,,,,,
2026-09-23,2026-09-23,CM,NSE,STK,31768,INE733E07JJ9,891NTPC33,N6,,,,,8.91%S-R-NCD SERIES 3B,1276.35,1277.1,1276.25,1277.1,1277.1,1287.0,,1277.1,,,847,1081072.25,4,F1,1,,,,,
2026-09-23,2026-09-23,CM,NSE,STK,31487,INE848E07567,892NHPC33,N6,,,,,8.92% SEC RED BOND S3B,1275.0,1275.0,1236.14,1260.0,1260.0,1268.0,,1260.0,,,2100,2632586.0,13,F1,1,,,,,
2026-09-23,2026-09-23,CM,NSE,STK,20028,INE134E07463,892PFCL33,N8,,,,,8.92% TAX FREE NCD,1300.0,1300.0,1280.0,1282.13,1282.0,1282.0,,1282.06,,,1269,1625852.49,21,F1,1,,,,,
2026-09-23,2026-09-23,CM,NSE,STK,19970,INE031A07AB2,901HUDCO34,NE,,,,,9.01% TAX FREETRII SR3B,1288.99,1289.0,1271.0,1287.89,1287.89,1289.0,,1284.95,,,1360,1743452.99,21,F1,1,,,,,
2026-09-23,2026-09-23,CM,NSE,STK,759130,INE08PH01015,ABCOTS,EQ,,,,,A B COTSPIN INDIA LIMITED,209.0,209.0,202.13,203.57,202.5,205.25,,203.57,,,755,153802.73,81,F1,1,,,,,
2026-09-23,2026-09-23,CM,NSE,STK,27016,INE00YB01025,ABINFRA,BE,,,,,A B INFRABUILD LIMITED,12.25,12.7,12.12,12.57,12.5,12.25,,12.57,,,246378,3074540.95,259,F1,1,,,,,
2026-09-23,2026-09-23,CM,NSE,STK,762528,INE850B01026,ABMKNO,EQ,,,,,A B M KNOWLEDGEWARE LTD.,173.34,177.9,171.1,171.41,171.1,173.34,,171.41,,,293,50401.94,12,F1,1,,,,,
2026-09-23,2026-09-23,CM,NSE,STK,762536,INE366C01021,ACSTECH,BE,,,,,A C S TECHNOLOGIES LTD.,76.56,76.56,76.56,76.56,76.56,72.92,,76.75,,,226566,17345892.96,106,F1,1,,,,,
2026-09-23,2026-09-23,CM,NSE,STK,762538,INE701G01012,AKCAPIT,EQ,,,,,A K CAPITAL SERVICES LTD.,1751.3,1760.0,1733.9,1753.9,1759.9,1766.8,,1751.89,,,1197,2094687.7,109,F1,1,,,,,
2026-09-23,2026-09-23,CM,NSE,STK,20906,INE619I01012,A2ZINFRA,EQ,,,,,A2Z INFRA ENGINEERING LTD,14.73,15.19,14.65,14.79,14.81,14.73,,14.79,,,192304,2851320.72,756,F1,1,,,,,
2026-09-23,2026-09-23,CM,NSE,STK,12533,INE0D0U01013,AAATECH,EQ,,,,,AAA TECHNOLOGIES LIMITED,94.0,94.9,90.2,93.56,93.93,93.73,,93.52,,,116561,10909248.59,464,F1,1,,,,,
2026-09-23,2026-09-23,CM,NSE,STK,23729,INE883F01010,AADHARHFC,EQ,,,,,AADHAR HOUSING FINANCE L,457.8,462.4,451.0,454.55,452.3,457.85,,454.51,,,222625,101368338.45,8710,F1,1,,,,,
2026-09-23,2026-09-23,CM,NSE,STK,757579,INE1GYP01013,AAKAAR,SM,,,,,AAKAAR MEDICAL TECHNO LTD,70.0,70.85,68.5,70.0,70.0,67.5,,70.0,,,16000,1117920.0,9,F1,1600,,,,,
2026-09-23,2026-09-23,CM,NSE,STK,235,INE087Z01024,AAKASH,EQ,,,,,AAKASH EXPLORATION SER L,9.0,9.18,8.95,9.13,9.14,8.96,,9.13,,,102979,932585.81,297,F1,1,,,,,
2026-09-23,2026-09-23,CM,NSE,STK,758216,INE124401014,AARADHYA,ST,,,,,AARADHYA DISPOSAL INDUS L,141.0,141.0,138.05,138.05,138.05,141.95,,138.05,,,9600,1343940.0,7,F1,1200,,,,,
2026-09-23,2026-09-23,CM,NSE,STK,5245,INE198H01019,AAREYDRUGS,EQ,,,,,AAREY DRUGS & PHARM LTD,102.37,103.9,100.85,102.63,102.0,102.52,,102.62,,,352115,36317377.49,1184,F1,1,,,,,
2026-09-23,2026-09-23,CM,NSE,STK,761824,INE750R01016,AARNAV,BE,,,,,AARNAV FASHIONS LIMITED,31.98,33.42,30.75,33.42,33.42,31.83,,33.49,,,27416,912431.79,89,F1,1,,,,,
2026-09-23,2026-09-23,CM,NSE,STK,1030,INE721Z01010,AARON,EQ,,,,,AARON INDUSTRIES LIMITED,121.0,124.0,119.63,122.6,122.2,120.48,,122.6,,,7785,948687.93,266,F1,1,,,,,
2026-09-23,2026-09-23,CM,NSE,STK,17164,INE01C001026,AARTECH,BE,,,,,AARTECH SOLONICS LIMITED,52.2,52.2,50.0,50.7,50.16,51.58,,50.65,,,38558,1941011.12,139,F1,1,,,,,
2026-09-23,2026-09-23,CM,NSE,STK,4481,INE767A01016,AARTIDRUGS,EQ,,,,,AARTI DRUGS LTD.,428.95,443.5,428.0,436.25,437.2,425.75,,436.25,,,198653,86874293.85,10861,F1,1,,,,,
2026-09-23,2026-09-23,CM,NSE,STK,7,INE769A01020,AARTIIND,EQ,,,,,AARTI INDUSTRIES LTD,493.0,504.25,489.2,491.35,489.5,496.0,,491.33,,,402389,199590957.9,14299,F1,1,,,,,
2026-09-23,2026-09-23,CM,NSE,STK,13868,INE0LRU01027,AARTIPHARM,EQ,,,,,AARTI PHARMALABS LIMITED,885.0,957.3,885.0,940.1,935.05,883.75,,940.1,,,2945650,2760139164.5,117728,F1,1,,,,,
2026-09-23,2026-09-23,CM,NSE,STK,19263,INE09EO01013,AARTISURF,BE,,,,,AARTI SURFACTANTS LIMITED,514.75,537.0,513.2,530.95,531.65,514.75,,530.95,,,6340,3339435.1,224,F1,1,,,,,
2026-09-23,2026-09-23,CM,NSE,STK,19073,INE754X01016,AARVI,EQ,,,,,AARVI ENCON LIMITED,138.21,140.4,136.0,136.48,136.82,138.18,,136.48,,,8363,1150569.03,191,F1,1,,,,,
2026-09-23,2026-09-23,CM,NSE,STK,763800,INE2FMX01012,AASTHA,EQ,,,,,AASTHA SPINTEX LIMITED,83.0,89.78,83.0,89.77,89.78,81.62,,89.77,,,2984740,262895673.36,14820,F1,1,,,,,
2026-09-23,2026-09-23,CM,NSE,STK,16961,INE0OB201016,AATMAJ,SM,,,,,AATMAJ HEALTHCARE LIMITED,19.9,19.95,19.9,19.9,19.95,19.25,,19.9,,,6000,119500.0,2,F1,2000,,,,,
2026-09-23,2026-09-23,CM,NSE,STK,5385,INE216P01012,AAVAS,EQ,,,,,AAVAS FINANCIERS LIMITED,1313.2,1339.8,1280.3,1285.8,1288.0,1313.1,,1285.79,,,77904,101574938.1,11609,F1,1,,,,,
2026-09-23,2026-09-23,CM,NSE,STK,7759,INE421A01028,ABAN,BE,,,,,ABAN OFFSHORE LTD.,14.4,14.4,13.85,14.02,14.02,14.13,,14.02,,,21988,309149.12,116,F1,1,,,,,
2026-09-23,2026-09-23,CM,NSE,STK,762523,INE365O01028,ABANSENT,EQ,,,,,ABANS ENTERPRISES LTD.,27.7,28.38,26.5,26.86,27.34,27.29,,26.88,,,6771,184607.3,101,F1,1,,,,,
2026-09-23,2026-09-23,CM,NSE,STK,13288,INE00ZE01026,AFSL,EQ,,,,,ABANS FINANCIAL SRVCS LTD,201.0,205.97,201.0,204.56,202.15,201.0,,204.85,,,7352,1485232.59,173,F1,1,,,,,
2026-09-23,2026-09-23,CM,NSE,STK,13,INE117A01022,ABB,EQ,,,,,ABB INDIA LIMITED,7141.5,7185.0,7077.0,7120.0,7120.0,7120.5,,7119.92,,,91561,652394630.5,14446,F1,1,,,,,
2026-09-23,2026-09-23,CM,NSE,STK,17903,INE358A01014,ABBOTINDIA,EQ,,,,,ABBOTT INDIA LIMITED,27225.0,27490.0,26905.0,26935.0,26910.0,27225.0,,26936.71,,,4547,123389685.0,2501,F1,1,,,,,
2026-09-23,2026-09-23,CM,NSE,STK,755941,INE860H07IQ0,8ABCL26,N2,,,,,ABCL 8% SR I,1070.01,1070.01,1070.01,1070.01,1070.01,1070.01,,1038.76,,,1,1070.01,1,F1,1,,,,,
2026-09-23,2026-09-23,CM,NSE,STK,765463,INE1R2M01019,ABH,SM,,,,,ABH HEALTHCARE LIMITED,54.4,55.45,50.25,50.25,50.25,52.85,,50.25,,,158400,8235180.0,117,F1,1200,,,,,
2026-09-23,2026-09-23,CM,NSE,STK,27284,INE0UYG01015,ABHAPOWER,SM,,,,,ABHA POWER N STEEL LTD,24.0,24.85,24.0,24.3,24.3,24.0,,24.3,,,4800,117040.0,3,F1,1600,,,,,
2026-09-23,2026-09-23,CM,NSE,STK,4626,INE0CAJ01017,AILIMITED,SM,,,,,ABHISHEK INTEGRATIONS LTD,15.6,15.6,15.6,15.6,15.6,15.6,,15.6,,,6000,93600.0,2,F1,3000,,,,,
2026-09-23,2026-09-23,CM,NSE,STK,5551,INE251C01025,ABMINTLLTD,BE,,,,,ABM INTERNATIONAL LTD,47.06,47.06,47.06,47.06,47.06,48.02,,47.06,,,547,25741.82,7,F1,1,,,,,
2026-09-23,2026-09-23,CM,NSE,STK,23783,INE0QRV01016,ABSMARINE,SM,,,,,ABS MARINE SERVICES LTD,295.0,306.95,295.0,302.25,300.05,301.05,,302.25,,,35000,10622850.0,66,F1,500,,,,,
2026-09-23,2026-09-23,CM,NSE,STK,22,INE012A01025,ACC,EQ,,,,,ACC LIMITED,1242.6,1254.6,1240.5,1251.4,1254.0,1238.2,,1251.4,,,53120,66402775.2,6590,F1,1,,,,,
2026-09-23,2026-09-23,CM,NSE,STK,7053,INE793A01012,ACCELYA,EQ,,,,,ACCELYA SOLN INDIA LTD,1124.4,1125.0,1114.1,1124.6,1123.9,1118.8,,1124.63,,,4790,5367876.1,465,F1,1,,,,,
2026-09-23,2026-09-23,CM,NSE,STK,20488,INE0Q5D01013,ACCENTMIC,SM,,,,,ACCENT MICROCELL LIMITED,685.0,685.0,669.1,670.35,669.1,676.55,,670.35,,,21500,14494475.0,39,F1,500,,,,,
2026-09-23,2026-09-23,CM,NSE,STK,757024,INE0T8T01010,ACCPL,ST,,,,,ACCRETION PHARMA LIMITED,214.95,214.95,204.25,204.95,205.0,214.95,,204.95,,,13200,2717100.0,10,F1,1200,,,,,
2026-09-23,2026-09-23,CM,NSE,STK,1472,INE648Z01023,ACCURACY,BE,,,,,ACCURACY SHIPPING LIMITED,4.34,4.4,4.2,4.3,4.32,4.37,,4.3,,,91538,391093.0,185,F1,1,,,,,
2026-09-23,2026-09-23,CM,NSE,STK,11779,INE543V01017,ACEINTEG,EQ,,,,,ACE INTEGRATED SOLU. LTD.,17.9,18.0,17.41,17.43,17.41,17.31,,17.43,,,834,14699.65,49,F1,1,,,,,
2026-09-23,2026-09-23,CM,NSE,STK,761112,INE1J6M01010,ACETEC,SM,,,,,ACETECH E-COMMERCE LTD,152.0,153.0,152.0,153.0,153.0,153.0,,153.0,,,3600,549600.0,3,F1,1200,,,,,
2026-09-23,2026-09-23,CM,NSE,STK,27061,INE622W01025,ACMESOLAR,EQ,,,,,ACME SOLAR HOLDINGS LTD,461.6,476.4,445.6,452.3,455.3,458.65,,452.23,,,2719156,1239365039.35,95699,F1,1,,,,,
2026-09-23,2026-09-23,CM,NSE,STK,13587,INE731H01025,ACE,EQ,,,,,ACTION CONST EQUIP LTD,1242.1,1259.1,1225.0,1253.9,1256.0,1241.9,,1253.9,,,259422,323958733.7,22176,F1,1,,,,,
2026-09-23,2026-09-23,CM,NSE,STK,5578,INE00FF01025,ACUTAAS,EQ,,,,,ACUTAAS CHEMICALS LIMITED,3209.1,3276.0,3167.0,3265.2,3265.0,3213.7,,3265.29,,,448482,1449672611.4,58372,F1,1,,,,,
2026-09-23,2026-09-23,CM,NSE,STK,10217,INE931S01010,ADANIENSOL,EQ,,,,,ADANI ENERGY SOLUTION LTD,1386.0,1389.9,1372.6,1380.0,1380.0,1381.7,,1379.98,,,933961,1289107752.0,35382,F1,1,,,,,
2026-09-23,2026-09-23,CM,NSE,STK,25,INE423A01024,ADANIENT,EQ,,,,,ADANI ENTERPRISES LIMITED,3015.5,3023.9,2978.2,2993.2,2993.2,2997.0,,2993.18,,,855435,2565963177.4,35686,F1,1,,,,,
2026-09-23,2026-09-23,CM,NSE,STK,3563,INE364U01010,ADANIGREEN,EQ,,,,,ADANI GREEN ENERGY LTD,1316.9,1317.0,1289.6,1300.9,1300.9,1304.0,,1300.81,,,639643,831864872.0,23815,F1,1,,,,,
2026-09-23,2026-09-23,CM,NSE,STK,15083,INE742F01042,ADANIPORTS,EQ,,,,,ADANI PORT & SEZ LTD,1799.0,1810.1,1790.5,1807.3,1807.3,1795.0,,1807.31,,,1185484,2137100173.1,48881,F1,1,,,,,
2026-09-23,2026-09-23,CM,NSE,STK,17388,INE814H01029,ADANIPOWER,EQ,,,,,ADANI POWER LTD,207.99,208.4,203.5,204.8,204.8,206.96,,204.81,,,20269523,4155119713.43,78841,F1,1,,,,,
2026-09-23,2026-09-23,CM,NSE,STK,6066,INE399L01023,ATGL,EQ,,,,,ADANI TOTAL GAS LIMITED,630.0,633.25,623.05,625.25,625.75,626.25,,625.25,,,944768,591928049.0,27043,F1,1,,,,,
2026-09-23,2026-09-23,CM,NSE,STK,764563,INE757C01021,ADDIND,EQ,,,,,ADDI INDUSTRIES LTD.,76.0,79.9,72.0,74.05,73.08,76.7,,74.05,,,467,35670.92,30,F1,1,,,,,
2026-09-23,2026-09-23,CM,NSE,STK,22468,INE0RDH01021,ADDICTIVE,SM,,,,,ADDICTIVE LEARNING TECH L,44.75,45.55,44.4,45.55,45.55,46.0,,45.55,,,4000,179600.0,6,F1,500,,,,,
2026-09-23,2026-09-23,CM,NSE,STK,19761,INE982B01027,ADFFOODS,EQ,,,,,ADF FOODS LIMITED,263.2,269.35,262.75,268.05,268.0,263.15,,268.05,,,62842,16780889.55,2828,F1,1,,,,,
2026-09-23,2026-09-23,CM,NSE,STK,763156,INE20PL01012,ADISOFT,SM,,,,,ADISOFT TECHNOLOGIES LTD,278.0,292.0,257.0,258.35,259.8,271.45,,258.35,,,219200,59858520.0,249,F1,800,,,,,
2026-09-23,2026-09-23,CM,NSE,STK,6018,INE404A01024,ABSLAMC,EQ,,,,,ADIT BIRL SUN LIF AMC LTD,1027.0,1041.0,1022.5,1026.6,1026.1,1027.0,,1026.61,,,65947,68063951.8,10450,F1,1,,,,,
2026-09-23,2026-09-23,CM,NSE,STK,21614,INE674K01013,ABCAPITAL,EQ,,,,,ADITYA BIRLA CAPITAL LTD.,398.85,402.75,397.6,402.45,402.45,397.0,,402.45,,,1960710,786114313.45,45714,F1,1,,,,,
2026-09-23,2026-09-23,CM,NSE,STK,30108,INE647O01011,ABFRL,EQ,,,,,ADITYA BIRLA FASHION & RT,49.29,49.59,48.9,49.09,49.05,49.22,,49.09,,,2699462,132747444.57,14896,F1,1,,,,,
2026-09-23,2026-09-23,CM,NSE,STK,756843,INE14LE01019,ABLBL,EQ,,,,,ADITYA BIRLA LIFES BRAN L,80.74,82.33,79.65,79.81,79.8,80.74,,79.82,,,1021258,82061230.61,8998,F1,1,,,,,
2026-09-23,2026-09-23,CM,NSE,STK,15239,INE865C01022,BIRLAMONEY,EQ,,,,,ADITYA BIRLA MONEY LTD,118.63,121.51,118.63,120.34,120.75,118.44,,120.35,,,63124,7580873.72,1047,F1,1,,,,,
2026-09-23,2026-09-23,CM,NSE,STK,625,INE055A01016,ABREL,EQ,,,,,ADITYA BIRLA REAL EST LTD,1197.3,1223.0,1197.3,1206.4,1207.4,1201.1,,1206.41,,,186515,225887480.0,21278,F1,1,,,,,
2026-09-23,2026-09-23,CM,NSE,STK,758858,INE819V01029,CPPLUS,EQ,,,,,ADITYA INFOTECH LIMITED,3679.0,3831.9,3679.0,3831.9,3831.9,3649.5,,3831.9,,,305859,1167621881.5,7254,F1,1,,,,,
2026-09-23,2026-09-23,CM,NSE,STK,25984,INE679V01027,AVL,EQ,,,,,ADITYA VISION LIMITED,626.3,629.4,620.6,624.4,622.0,627.1,,624.42,,,52482,32796811.35,3439,F1,1,,,,,
2026-09-23,2026-09-23,CM,NSE,STK,23804,INF209KB18D3,BSLGOLDETF,EQ,,,,,ADITYBIRLA SL GOLD ETF-GR,133.7,133.7,132.76,132.9,132.91,133.06,,132.9,,,188051,25003609.99,1557,F1,1,,,,,
2026-09-23,2026-09-23,CM,NSE,STK,24781,INF209KB19D1,BSLNIFTY,EQ,,,,,ADITYBIRLA SL NIF ETF-GR,28.16,28.16,27.25,27.56,27.5,27.48,,27.56,,,724016,19948370.23,3187,F1,1,,,,,
2026-09-23,2026-09-23,CM,NSE,STK,34,INE045A01017,ADOR,EQ,,,,,ADOR WELDING LTD,1602.0,1622.0,1588.4,1598.0,1594.1,1594.8,,1597.98,,,26565,42606713.7,2612,F1,1,,,,,
2026-09-23,2026-09-23,CM,NSE,STK,4953,INE737B01033,ADROITINFO,EQ,,,,,ADROIT INFOTECH LIMITED,12.54,14.29,12.41,13.53,13.51,12.17,,13.54,,,428270,5744035.68,1521,F1,1,,,,,
2026-09-23,2026-09-23,CM,NSE,STK,760657,INE0ALI01010,ADVAIT,EQ,,,,,ADVAIT ENRGY TRANSITION L,1992.4,2013.5,1965.0,1976.8,1978.6,2005.6,,1976.73,,,35052,69621379.6,4645,F1,1,,,,,
2026-09-23,2026-09-23,CM,NSE,STK,759402,INE1B0W01010,ADVANCE,EQ,,,,,ADVANCE AGROLIFE LIMITED,107.59,121.3,107.59,119.37,120.5,108.14,,119.35,,,531664,61681377.1,6039,F1,1,,,,,
2026-09-23,2026-09-23,CM,NSE,STK,18039,INE837H01020,ADVENZYMES,EQ,,,,,ADVANCED ENZYME TECH LTD,297.0,300.8,295.0,297.0,296.75,296.6,,297.0,,,216525,64423414.05,5579,F1,1,,,,,
2026-09-23,2026-09-23,CM,NSE,STK,14745,INE199C01026,ADVANIHOTR,EQ,,,,,ADVANI HOT.& RES.(I) LTD,47.79,48.7,47.13,47.57,47.6,47.78,,47.56,,,22499,1077852.42,445,F1,1,,,,,
2026-09-23,2026-09-23,CM,NSE,STK,759769,INE28GN01010,ADVENTHTL,EQ,,,,,ADVENT HOTELS INTERNATI L,126.7,131.5,126.4,130.36,131.45,126.76,,130.35,,,162425,20943631.98,2459,F1,1,,,,,
2026-09-23,2026-09-23,CM,NSE,STK,765015,INE178T01024,ADVIKCA,EQ,,,,,ADVIK CAPITAL LTD.,0.95,1.14,0.92,1.01,1.01,0.95,,1.01,,,682962,692321.34,495,F1,1,,,,,
2026-09-23,2026-09-23,CM,NSE,STK,762227,INE1SJO01012,RAMBHAJO,EQ,,,,,ADVIT JEWELS LIMITED,283.68,294.89,281.77,286.1,285.5,284.1,,286.12,,,564484,162653795.01,9158,F1,1,,,,,
2026-09-23,2026-09-23,CM,NSE,STK,40,INE208C01025,AEGISLOG,EQ,,,,,AEGIS LOGISTICS LIMITED,1416.0,1423.8,1388.1,1404.5,1400.1,1424.5,,1404.59,,,447832,629816892.4,23997,F1,1,,,,,
2026-09-23,2026-09-23,CM,NSE,STK,757336,INE0INX01018,AEGISVOPAK,EQ,,,,,AEGIS VOPAK TERMINALS LTD,300.2,308.0,299.2,302.8,302.6,301.4,,302.79,,,1254083,381498752.75,32072,F1,1,,,,,
2026-09-23,2026-09-23,CM,NSE,STK,757870,INE423A07401,AEL17725,,,,,,AEL 0% 2027 SR II,1109.0,1110.0,1109.0,1110.0,1110.0,1105.0,,1109.75,,,23,25518.0,2,F1,1,,,,,
2026-09-23,2026-09-23,CM,NSE,STK,761341,INE423A07500,AEL12126,NI,,,,,AEL 0% 2028 SR II,1070.7,1070.7,1007.1,1007.1,1007.1,991.0,,1023.5,,,104,105411.4,5,F1,1,,,,,
2026-09-23,2026-09-23,CM,NSE,STK,757873,INE423A07419,AEL170725,ND,,,,,AEL 0% 2028 SR V,1102.0,1112.49,1102.0,1112.49,1112.49,1102.0,,1112.49,,,4,4418.49,2,F1,1,,,,,
2026-09-23,2026-09-23,CM,NSE,STK,761345,INE423A07518,862AEL31,NM,,,,,AEL 8.62% 2031 SR VI,1015.0,1020.99,1015.0,1020.99,1020.99,1019.38,,1020.99,,,933,949374.59,13,F1,1,,,,,
2026-09-23,2026-09-23,CM,NSE,STK,761343,INE423A07534,875AEL29,NK,,,,,AEL 8.75% 2029 SR IV,1062.9,1062.9,1062.5,1062.69,1062.5,1062.9,,1062.69,,,97,103081.3,2,F1,1,,,,,
2026-09-23,2026-09-23,CM,NSE,STK,761346,INE423A07526,890AEL31,NN,,,,,AEL 8.90% 2031 SR VII,1062.0,1062.0,1056.12,1058.79,1058.55,1070.0,,1058.85,,,612,648263.69,22,F1,1,,,,,
2026-09-23,2026-09-23,CM,NSE,STK,757872,INE423A07435,915AEL28,NC,,,,,AEL 9.15% 2028 SR IV,1030.0,1030.0,1025.0,1025.0,1025.0,1030.0,,1025.0,,,120,123250.0,3,F1,1,,,,,
2026-09-23,2026-09-23,CM,NSE,STK,760234,INE947N01017,AEQUS,EQ,,,,,AEQUS LIMITED,243.5,245.8,236.17,243.94,243.2,242.87,,243.94,,,3564314,865748010.1,53590,F1,1,,,,,
2026-09-23,2026-09-23,CM,NSE,STK,12015,INE065D01027,AEROENTER,EQ,,,,,AEROFLEX ENTERPRISES LTD,124.75,127.99,123.32,126.51,125.95,123.6,,126.52,,,436225,55043528.83,7356,F1,1,,,,,
2026-09-23,2026-09-23,CM,NSE,STK,18268,INE024001021,AEROFLEX,EQ,,,,,AEROFLEX INDUSTRIES LTD,516.7,539.4,514.25,520.8,521.0,516.7,,520.8,,,939383,495759078.75,28111,F1,1,,,,,
2026-09-23,2026-09-23,CM,NSE,STK,13689,INE035801013,AERONEU,EQ,,,,,AEROFLEX NEU LIMITED,66.55,67.5,66.02,67.2,67.0,66.06,,67.2,,,27894,1859980.4,228,F1,1,,,,,
2026-09-23,2026-09-23,CM,NSE,STK,24830,INE0TSF01011,AESTHETIK,SM,,,,,AESTHETIK ENGINEERS LTD,69.25,69.25,68.75,68.75,68.75,69.75,,68.75,,,2000,138000.0,2,F1,1000,,,,,
2026-09-23,2026-09-23,CM,NSE,STK,9810,INE0BWX01014,AETHER,EQ,,,,,AETHER INDUSTRIES LIMITED,1643.5,1662.0,1633.1,1648.2,1649.0,1643.5,,1648.49,,,103556,170396856.3,15862,F1,1,,,,,
2026-09-23,2026-09-23,CM,NSE,STK,25977,INE101I01011,AFCONS,EQ,,,,,AFCONS INFRASTRUCTURE LTD,262.0,262.7,257.2,258.3,258.5,260.35,,258.3,,,862881,224083989.95,14031,F1,1,,,,,
2026-09-23,2026-09-23,CM,NSE,STK,11343,INE00WC01027,AFFLE,EQ,,,,,AFFLE 3I LIMITED,1585.1,1595.0,1568.1,1584.3,1590.6,1592.3,,1584.37,,,121001,191544657.8,13884,F1,1,,,,,
2026-09-23,2026-09-23,CM,NSE,STK,25855,INE692Z01013,AFFORDABLE,EQ,,,,,AFFORD ROBO & AUTO LTD,173.0,179.3,166.5,174.65,177.2,170.77,,174.87,,,33674,5891472.0,728,F1,1,,,,,
2026-09-23,2026-09-23,CM,NSE,STK,760459,INE916Y07065,1150AFIL28,N0,,,,,AFIL 11.50% 2028 SR 05,9811.25,9811.25,9811.25,9811.25,9811.25,9811.25,,9811.25,,,1,9811.25,1,F1,1,,,,,
2026-09-23,2026-09-23,CM,NSE,STK,760641,INE916Y07073,1150AFIL29,N0,,,,,AFIL 11.50% 2029,9849.5,9849.5,9816.15,9816.15,9816.15,9899.0,,9816.15,,,31,305293.65,4,F1,1,,,,,
2026-09-23,2026-09-23,CM,NSE,STK,759283,INE916Y07057,12AFIL28,N0,,,,,AFIL 12% 2028,9850.0,10025.0,9850.0,10023.94,10024.0,10134.76,,10023.94,,,99,989528.43,17,F1,1,,,,,
2026-09-23,2026-09-23,CM,NSE,STK,14263,INE0MLA01012,AGARWALFT,SM,,,,,AGARWAL FLOAT GLASS I LTD,27.3,28.65,25.95,28.65,28.65,27.3,,28.65,,,12000,327075.0,8,F1,1500,,,,,
2026-09-23,2026-09-23,CM,NSE,STK,3389,INE204E01012,AGARIND,EQ,,,,,AGARWAL INDS CORP LTD.,404.1,425.0,403.4,408.65,410.0,405.8,,408.64,,,86387,35569785.1,3928,F1,1,,,,,
2026-09-23,2026-09-23,CM,NSE,STK,27309,INE0P8X01016,AGARWALTUF,SM,,,,,AGARWAL TOUGH GLASS IND L,158.05,158.05,158.0,158.05,158.05,162.5,,158.05,,,3600,568920.0,3,F1,1200,,,,,
2026-09-23,2026-09-23,CM,NSE,STK,1412,INE415A01038,AGI,EQ,,,,,AGI GREENPAC LIMITED,847.0,850.4,825.0,837.2,836.5,845.7,,837.16,,,188739,158166327.5,12996,F1,1,,,,,
2026-09-23,2026-09-23,CM,NSE,STK,24445,INE976R01033,AGIIL,EQ,,,,,AGI INFRA LIMITED,279.15,279.15,267.65,268.8,268.0,269.3,,268.8,,,7001540,1902445780.55,18873,F1,1,,,,,
2026-09-23,2026-09-23,CM,NSE,STK,10491,INE0LF301013,AGNI,SM,,,,,AGNI GREEN POWER LTD,15.35,15.35,15.35,15.35,15.35,16.0,,15.35,,,2500,38375.0,1,F1,2500,,,,,
2026-09-23,2026-09-23,CM,NSE,STK,11072,INE449G01018,AGRITECH,EQ,,,,,AGRI-TECH (INDIA) LIMITED,96.9,98.79,96.0,97.83,98.65,97.38,,97.83,,,1258,122889.38,72,F1,1,,,,,
2026-09-23,2026-09-23,CM,NSE,STK,9046,INE740V01019,AGROPHOS,EQ,,,,,AGRO PHOS INDIA LIMITED,23.99,24.3,23.65,24.25,24.3,23.97,,24.25,,,18600,450346.72,150,F1,1,,,,,
2026-09-23,2026-09-23,CM,NSE,STK,759202,INE583L01014,AGSTRA,BZ,,,,,AGS TRANSACT TECH LTD,2.19,2.2,2.14,2.19,2.2,2.1,,2.19,,,372843,820096.84,347,F1,1,,,,,
2026-09-23,2026-09-23,CM,NSE,STK,2004,INE00PV01013,AHLADA,EQ,,,,,AHLADA ENGINEERS LIMITED,38.0,42.0,36.25,39.15,39.0,37.28,,39.15,,,17116,677774.83,202,F1,1,,,,,
2026-09-23,2026-09-23,CM,NSE,STK,17833,INE758C01029,AHLUCONT,EQ,,,,,AHLUWALIA CONT IND LTD,582.4,591.85,575.4,580.6,585.25,582.4,,580.57,,,49246,28613112.0,4515,F1,1,,,,,
2026-09-23,2026-09-23,CM,NSE,STK,13086,INE212H01026,AIAENG,EQ,,,,,AIA ENGINEERING LIMITED,3930.0,3976.4,3890.3,3970.0,3971.0,3923.4,,3970.76,,,31467,124188224.5,10027,F1,1,,,,,
2026-09-23,2026-09-23,CM,NSE,STK,23984,INE0RUV01018,AIMTRON,SM,,,,,AIMTRON ELECTRONICS LTD,1840.0,1865.0,1770.0,1813.6,1803.0,1818.1,,1813.6,,,37600,68283690.0,153,F1,200,,,,,
2026-09-23,2026-09-23,CM,NSE,STK,9878,INE805A01014,GOLDTECH,BE,,,,,AION-TECH SOLUTIONS LTD,41.99,44.08,41.99,44.08,44.08,41.99,,44.08,,,17332,754421.91,91,F1,1,,,,,
2026-09-23,2026-09-23,CM,NSE,STK,9897,INE645W01026,AIRAN,EQ,,,,,AIRAN LIMITED,17.1,17.47,16.7,16.78,16.76,17.02,,16.78,,,48993,826248.32,440,F1,1,,,,,
2026-09-23,2026-09-23,CM,NSE,STK,6068,INE801L01010,AIROLAM,EQ,,,,,AIRO LAM LIMITED,87.4,91.66,86.97,90.79,91.64,87.69,,90.79,,,3338,300664.48,57,F1,1,,,,,
2026-09-23,2026-09-23,CM,NSE,STK,8124,INE031B01049,AJANTPHARM,EQ,,,,,AJANTA PHARMA LIMITED,3519.6,3575.1,3518.7,3568.1,3560.0,3519.3,,3567.98,,,30430,108180560.8,6497,F1,1,,,,,
2026-09-23,2026-09-23,CM,NSE,STK,29624,INE274Y01021,AJAXENGG,EQ,,,,,AJAX ENGINEERING LIMITED,560.25,572.45,560.25,569.15,565.7,564.6,,569.2,,,36816,20893241.15,6663,F1,1,,,,,
2026-09-23,2026-09-23,CM,NSE,STK,17307,INE298G01035,AJMERA,EQ,,,,,AJMERA REALTY & INF I LTD,118.99,122.99,118.65,120.63,120.9,119.87,,120.63,,,235230,28615447.98,2773,F1,1,,,,,
2026-09-23,2026-09-23,CM,NSE,STK,3403,INE820Y01021,AJOONI,EQ,,,,,AJOONI BIOTECH LIMITED,3.17,3.29,3.17,3.28,3.28,3.16,,3.28,,,286000,927276.75,409,F1,1,,,,,
2026-09-23,2026-09-23,CM,NSE,STK,21121,INE0PCY01014,AKANKSHA,SM,,,,,AKANKSHA POWER N INFRA L,143.95,151.1,143.95,151.1,151.1,143.95,,151.1,,,65000,9771800.0,40,F1,1000,,,,,
2026-09-23,2026-09-23,CM,NSE,STK,13510,INE737W01013,AKASH,EQ,,,,,AKASH INFRA-PROJECTS LTD,24.75,25.4,24.64,24.76,24.76,24.99,,24.76,,,1427,35395.25,23,F1,1,,,,,
2026-09-23,2026-09-23,CM,NSE,STK,2176,INE00Y801016,AKG,EQ,,,,,AKG EXIM LIMITED,10.48,10.48,9.83,9.97,10.29,10.2,,9.97,,,25308,253231.69,169,F1,1,,,,,
2026-09-23,2026-09-23,CM,NSE,STK,14895,INE642Z01026,AKI,BE,,,,,AKI INDIA LIMITED,6.65,6.74,6.15,6.74,6.74,6.42,,6.75,,,175649,1168827.54,260,F1,1,,,,,
2026-09-23,2026-09-23,CM,NSE,STK,24304,INE0PMR01017,AKIKO,SM,,,,,AKIKO GLOBAL SERVICES L,430.0,445.0,422.0,438.0,438.0,430.0,,438.0,,,19200,8287920.0,16,F1,800,,,,,
2026-09-23,2026-09-23,CM,NSE,STK,24159,INE916Y01027,AFIL,EQ,,,,,AKME FINTRADE (INDIA) LTD,8.32,8.55,8.12,8.22,8.3,8.32,,8.22,,,752891,6237655.35,849,F1,1,,,,,
2026-09-23,2026-09-23,CM,NSE,STK,8595,INE523B01011,AKSHOPTFBR,BE,,,,,AKSH OPTIFIBRE  LTD,7.04,7.4,6.78,6.98,7.08,7.13,,6.98,,,733792,5088438.75,846,F1,1,,,,,
2026-09-23,2026-09-23,CM,NSE,STK,9558,INE256Z01025,AKSHAR,EQ,,,,,AKSHAR SPINTEX LIMITED,0.41,0.42,0.41,0.41,0.41,0.41,,0.41,,,733762,303796.44,192,F1,1,,,,,
2026-09-23,2026-09-23,CM,NSE,STK,20194,INE542B01011,AKSHARCHEM,BE,,,,,AKSHARCHEM INDIA LIMITED,395.9,400.0,382.1,389.95,391.0,395.9,,389.43,,,5641,2210382.55,160,F1,1,,,,,
2026-09-23,2026-09-23,CM,NSE,STK,24715,INE09XN01023,AKUMS,EQ,,,,,AKUMS DRUGS AND PHARMA L,810.0,838.8,810.0,823.3,825.85,807.9,,823.3,,,434249,359518605.65,27853,F1,1,,,,,
2026-09-23,2026-09-23,CM,NSE,STK,9921,INE914E01040,ALANKIT,EQ,,,,,ALANKIT LIMITED,7.8,8.16,7.8,8.04,8.01,7.94,,8.03,,,53018,424589.06,367,F1,1,,,,,
2026-09-23,2026-09-23,CM,NSE,STK,17256,INE155C01010,ALBERTDAVD,EQ,,,,,ALBERT DAVID LIMITED,847.6,885.95,842.0,878.55,876.6,848.9,,878.58,,,5385,4646247.45,373,F1,1,,,,,
2026-09-23,2026-09-23,CM,NSE,STK,79,INE426A01027,ALEMBICLTD,EQ,,,,,ALEMBIC LIMITED,105.9,108.0,105.2,106.04,105.5,104.79,,106.07,,,694993,73955982.52,6670,F1,1,,,,,
2026-09-23,2026-09-23,CM,NSE,STK,25328,INE901L01018,APLLTD,EQ,,,,,ALEMBIC PHARMA LTD,837.0,860.0,837.0,844.4,844.1,840.15,,844.39,,,146755,124587975.65,13052,F1,1,,,,,
2026-09-23,2026-09-23,CM,NSE,STK,764573,INE782D01027,ALFREDHE,EQ,,,,,ALFRED HERBERT INDIA L,2830.0,2830.0,2796.9,2796.9,2796.9,2811.0,,2800.97,,,13,36701.9,13,F1,1,,,,,
2026-09-23,2026-09-23,CM,NSE,STK,761270,INE598D01035,ALGOQUANT,EQ,,,,,ALGOQUANT FINTECH LIMITED,72.27,74.8,71.0,72.1,72.25,72.24,,72.11,,,1356453,98046210.95,6056,F1,1,,,,,
2026-09-23,2026-09-23,CM,NSE,STK,13656,INE062D01024,ALICON,EQ,,,,,ALICON CASTALLOY LIMITED,742.55,749.8,734.3,739.05,738.0,744.5,,739.02,,,50192,37205428.45,2648,F1,1,,,,,
2026-09-23,2026-09-23,CM,NSE,STK,5265,INE03Q201024,ALIVUS,EQ,,,,,ALIVUS LIFE SCIENCES LTD,1381.0,1422.1,1370.0,1383.1,1389.8,1374.2,,1383.11,,,96644,134348288.9,14369,F1,1,,,,,
2026-09-23,2026-09-23,CM,NSE,STK,16959,INE773I01017,ALKALI,EQ,,,,,ALKALI METALS LTD,103.8,103.9,98.12,101.63,101.0,103.2,,101.64,,,169113,17181891.65,2060,F1,1,,,,,
2026-09-23,2026-09-23,CM,NSE,STK,11703,INE540L01014,ALKEM,EQ,,,,,ALKEM LABORATORIES LTD.,5344.0,5445.0,5316.0,5417.5,5417.5,5331.5,,5417.5,,,140012,755583105.0,17334,F1,1,,,,,
2026-09-23,2026-09-23,CM,NSE,STK,4487,INE150B01039,ALKYLAMINE,EQ,,,,,ALKYL AMINES CHEM. LTD,1872.6,1900.0,1864.5,1883.0,1879.1,1863.8,,1882.95,,,36583,69077120.8,5967,F1,1,,,,,
2026-09-23,2026-09-23,CM,NSE,STK,13203,INE0M2X01012,ALLETEC,SM,,,,,ALL E TECHNOLOGIES LTD,130.0,132.25,127.5,129.1,127.5,128.5,,129.1,,,6000,778800.0,15,F1,400,,,,,
2026-09-23,2026-09-23,CM,NSE,STK,758448,INE0GV601021,ALLTIME,EQ,,,,,ALL TIME PLASTICS LIMITED,204.9,206.92,203.71,205.36,204.5,203.73,,205.36,,,34329,7047087.86,1419,F1,1,,,,,
2026-09-23,2026-09-23,CM,NSE,STK,763784,INE1YPB01014,AGL,EQ,,,,,ALLCARGO GLOBAL LIMITED,14.05,14.39,13.84,14.22,14.39,13.94,,14.22,,,1464781,20651988.46,3307,F1,1,,,,,
2026-09-23,2026-09-23,CM,NSE,STK,13501,INE418H01029,ALLCARGO,EQ,,,,,ALLCARGO LOGISTICS LTD,10.93,11.45,10.93,11.38,11.38,10.93,,11.38,,,7049122,79542552.65,9402,F1,1,,,,,
2026-09-23,2026-09-23,CM,NSE,STK,17778,INE0NN701020,ATL,EQ,,,,,ALLCARGO TERMINALS LTD,25.0,26.3,24.86,25.93,26.05,24.35,,25.93,,,796192,20414114.77,5172,F1,1,,,,,
2026-09-23,2026-09-23,CM,NSE,STK,11798,INE835G01018,ALLDIGI,EQ,,,,,ALLDIGI TECH LIMITED,771.0,791.95,771.0,780.25,776.1,784.6,,780.28,,,3923,3058501.9,442,F1,1,,,,,
2026-09-23,2026-09-23,CM,NSE,STK,24308,INE552Z01027,ABDL,EQ,,,,,ALLIED BLEND N DISTILS L,651.75,664.35,647.4,656.4,656.0,647.9,,656.54,,,2319309,1515102975.9,48128,F1,1,,,,,
2026-09-23,2026-09-23,CM,NSE,STK,14813,INE102I01027,ADSL,EQ,,,,,ALLIED DIGITAL SERV. LTD,96.63,98.5,96.12,97.78,98.5,96.44,,97.77,,,76698,7481865.93,1577,F1,1,,,,,
2026-09-23,2026-09-23,CM,NSE,STK,16719,INE326B01035,ALMONDZ,EQ,,,,,ALMONDZ GLOBAL SEC LTD,19.24,20.0,18.7,19.55,19.5,18.65,,19.54,,,407792,7907602.79,951,F1,1,,,,,
2026-09-23,2026-09-23,CM,NSE,STK,17675,INE270A01029,ALOKINDS,EQ,,,,,ALOK INDUSTRIES LIMITED,7.44,7.7,7.35,7.64,7.64,7.34,,7.64,,,22445047,168933818.85,13111,F1,1,,,,,
2026-09-23,2026-09-23,CM,NSE,STK,14848,INE385I01010,ALPA,EQ,,,,,ALPA LABORATORIES LTD,61.5,62.35,59.55,60.39,60.11,61.36,,60.39,,,64455,3909281.02,789,F1,1,,,,,
2026-09-23,2026-09-23,CM,NSE,STK,22688,INE0R4701017,ALPEXSOLAR,SM,,,,,ALPEX SOLAR LIMITED,864.6,864.6,815.65,846.0,849.0,864.3,,846.0,,,61100,51482420.0,445,F1,100,,,,,
2026-09-23,2026-09-23,CM,NSE,STK,14601,INE137C01018,ALPHAGEO,BE,,,,,ALPHAGEO (INDIA) LIMITED,296.1,299.95,292.0,292.5,292.9,296.1,,292.5,,,5589,1642135.3,160,F1,1,,,,,
2026-09-23,2026-09-23,CM,NSE,STK,764186,INE1JCQ01037,ALPINETEX,EQ,,,,,ALPINE TEXWORLD LIMITED,52.36,53.69,51.45,52.44,52.05,52.36,,52.46,,,229195,11968208.22,2194,F1,1,,,,,
2026-09-23,2026-09-23,CM,NSE,STK,764578,INE058F01019,ALUFLUOR,EQ,,,,,ALUFLUORIDE LTD.,538.0,581.75,537.9,577.55,581.75,543.35,,577.35,,,27329,15506029.05,1345,F1,1,,,,,
2026-09-23,2026-09-23,CM,NSE,STK,23474,INE0STM01017,ALUWIND,SM,,,,,ALUWIND INFRA-TECH LTD,52.45,53.0,48.6,52.4,53.0,50.95,,52.4,,,180000,9408000.0,67,F1,1500,,,,,
2026-09-23,2026-09-23,CM,NSE,STK,760740,INE121R01077,AMAGI,EQ,,,,,AMAGI MEDIA LABS LIMITED,583.0,591.0,569.75,578.7,578.9,581.1,,578.51,,,388203,226638222.95,15942,F1,1,,,,,
2026-09-23,2026-09-23,CM,NSE,STK,764583,INE841D01013,AMAL,EQ,,,,,AMAL LTD.,712.45,719.65,701.05,704.3,701.05,711.9,,704.62,,,6891,4892364.1,510,F1,1,,,,,
2026-09-23,2026-09-23,CM,NSE,STK,758910,INE084K01015,AMANTA,BE,,,,,AMANTA HEALTHCARE LIMITED,182.0,189.21,182.0,189.21,189.21,185.5,,188.96,,,39042,7260176.68,141,F1,1,,,,,
2026-09-23,2026-09-23,CM,NSE,STK,100,INE885A01032,ARE&M,EQ,,,,,AMARA RAJA ENERGY MOB LTD,794.0,815.0,794.0,812.85,811.95,793.2,,812.82,,,600363,484855155.85,24125,F1,1,,,,,
2026-09-23,2026-09-23,CM,NSE,STK,764588,INE484D01012,AMARJOTHI,EQ,,,,,AMARJOTHI SPINNING MILL L,149.0,149.74,147.5,148.12,148.1,148.91,,148.12,,,1820,270216.94,27,F1,1,,,,,
2026-09-23,2026-09-23,CM,NSE,STK,763256,INE293601014,AMBAAUTO,SM,,,,,AMBA AUTO SALES AND SER L,95.9,96.1,93.5,95.9,95.9,91.55,,95.9,,,19000,1814400.0,13,F1,1000,,,,,
2026-09-23,2026-09-23,CM,NSE,STK,762546,INE432A01017,AMBALALSA,BE,,,,,AMBALAL SARABHAI ENT L,39.24,40.58,38.8,40.47,40.58,38.65,,40.43,,,55998,2236531.71,193,F1,1,,,,,
2026-09-23,2026-09-23,CM,NSE,STK,4083,INE00C501018,AMBANIORGO,SM,,,,,AMBANI ORGOCHEM LIMITED,112.0,117.0,112.0,112.25,117.0,112.0,,112.25,,,86000,9651300.0,5,F1,1000,,,,,
2026-09-23,2026-09-23,CM,NSE,STK,1185,INE371P01015,AMBER,EQ,,,,,AMBER ENTERPRISES (I) LTD,7020.0,7107.0,7020.0,7064.5,7064.5,7000.0,,7063.55,,,63504,448543399.5,10950,F1,1,,,,,
2026-09-23,2026-09-23,CM,NSE,STK,11496,INE792B01012,AMBICAAGAR,EQ,,,,,AMBICA AGAR & AROMAINDLTD,24.84,25.95,24.6,25.45,25.95,24.83,,25.41,,,14272,361587.0,185,F1,1,,,,,
2026-09-23,2026-09-23,CM,NSE,STK,15234,INE540G01014,AMBIKCO,EQ,,,,,AMBIKA COTTON MILL LTD.,1571.8,1593.5,1567.2,1582.7,1575.1,1577.7,,1582.67,,,4291,6775058.5,684,F1,1,,,,,
2026-09-23,2026-09-23,CM,NSE,STK,1270,INE079A01024,AMBUJACEM,EQ,,,,,AMBUJA CEMENTS LTD,387.3,392.85,387.3,392.75,392.75,386.9,,392.74,,,697717,272874797.5,12743,F1,1,,,,,
2026-09-23,2026-09-23,CM,NSE,STK,14402,INE005I01014,AMDIND,BE,,,,,AMD INDUSTRIES LIMITED,59.0,59.0,57.12,57.58,57.41,59.84,,57.58,,,57497,3319564.12,351,F1,1,,,,,
2026-09-23,2026-09-23,CM,NSE,STK,10898,INE0KT901015,AMEYA,SM,,,,,AMEYA PRECISION ENG LTD,164.95,164.95,159.75,161.9,164.95,157.1,,161.9,,,45000,7397200.0,38,F1,1000,,,,,
2026-09-23,2026-09-23,CM,NSE,STK,19867,INE275D01022,AMNPLST,EQ,,,,,AMINES & PLASTICIZERS LTD,168.81,175.7,167.0,169.0,168.0,169.65,,169.02,,,2132,359719.47,119,F1,1,,,,,
2026-09-23,2026-09-23,CM,NSE,STK,761670,INE05TO01019,AEROPLANE,EQ,,,,,AMIR CHAND JAG KUM (E) L,204.0,211.39,203.25,205.74,205.0,204.8,,205.73,,,661546,137214711.08,9267,F1,1,,,,,
2026-09-23,2026-09-23,CM,NSE,STK,2598,INE606A01024,AMJLAND,EQ,,,,,AMJ LAND HOLDINGS LIMITED,39.75,39.75,37.65,37.97,38.5,37.75,,37.98,,,16007,618473.58,188,F1,1,,,,,
2026-09-23,2026-09-23,CM,NSE,STK,17547,INE098F01031,AMRUTANJAN,EQ,,,,,AMRUTAJAN HEALTH LTD,500.05,513.35,498.0,510.05,510.95,500.05,,510.04,,,34784,17597050.0,2032,F1,1,,,,,
2026-09-23,2026-09-23,CM,NSE,STK,759956,INE549H01021,ARSSBL,EQ,,,,,ANAND RATHI SH N STK BR L,502.0,521.8,497.7,510.8,511.0,496.25,,510.8,,,413000,211085314.35,9757,F1,1,,,,,
2026-09-23,2026-09-23,CM,NSE,STK,7145,INE463V01026,ANANDRATHI,EQ,,,,,ANAND RATHI WEALTH LTD,2179.0,2190.0,2160.0,2169.2,2170.1,2179.0,,2169.24,,,336940,730702747.2,35266,F1,1,,,,,
2026-09-23,2026-09-23,CM,NSE,STK,13620,INE242C01024,ANANTRAJ,EQ,,,,,ANANT RAJ LIMITED,609.9,633.85,607.75,631.8,632.0,610.1,,631.8,,,3329387,2082991025.35,71987,F1,1,,,,,
2026-09-23,2026-09-23,CM,NSE,STK,759363,INE1UA823019,ANANTAM,IV,,,,,ANANTAM HIGHWAYS TRUST,105.66,106.29,105.3,105.49,105.5,105.92,,105.49,,,1528476,161255032.76,722,F1,1,,,,,
2026-09-23,2026-09-23,CM,NSE,STK,764446,INE1J5V01013,ANAWIL,SM,,,,,ANAWIL WIRE AND ENGIN LTD,449.25,449.75,431.3,440.3,440.0,445.6,,440.3,,,104000,45716800.0,247,F1,400,,,,,
2026-09-23,2026-09-23,CM,NSE,STK,758427,INE0VG001016,AMCL,SM,,,,,ANB METAL CAST LIMITED,358.25,365.0,354.5,355.75,358.0,358.9,,355.75,,,21200,7599820.0,48,F1,400,,,,,
2026-09-23,2026-09-23,CM,NSE,STK,15420,INE666E01020,ACL,EQ,,,,,ANDHRA CEMENTS LIMITED,42.49,43.2,42.1,42.58,42.79,42.92,,42.58,,,9773,417427.72,190,F1,1,,,,,
2026-09-23,2026-09-23,CM,NSE,STK,166,INE435A01051,ANDHRAPAP,EQ,,,,,ANDHRA PAPER LIMITED,72.92,73.3,71.0,71.19,71.0,71.43,,71.17,,,286782,20559163.82,3661,F1,1,,,,,
2026-09-23,2026-09-23,CM,NSE,STK,136,INE715B01021,ANDHRSUGAR,EQ,,,,,ANDHRA SUGARS LTD,95.73,97.3,94.92,95.2,95.0,95.35,,95.2,,,213868,20500046.12,6420,F1,1,,,,,
2026-09-23,2026-09-23,CM,NSE,STK,5206,INE449C01025,ANDREWYU,EQ,,,,,ANDREW YULE & CO. LTD.,26.75,28.99,26.13,28.09,28.0,26.49,,28.08,,,506185,14262319.41,3812,F1,1,,,,,
2026-09-23,2026-09-23,CM,NSE,STK,324,INE732I01021,ANGELONE,EQ,,,,,ANGEL ONE LIMITED,295.25,301.1,295.25,300.0,300.0,295.1,,299.95,,,2026293,604893657.9,20676,F1,1,,,,,
2026-09-23,2026-09-23,CM,NSE,STK,482,INE635Y01015,AISL,SM,,,,,ANI INTEGRATED SERV LTD.,56.0,56.0,56.0,56.0,56.0,56.9,,56.0,,,600,33600.0,1,F1,600,,,,,
2026-09-23,2026-09-23,CM,NSE,STK,16657,INE087B01017,ANIKINDS,EQ,,,,,ANIK INDUSTRIES LTD,43.41,46.0,42.6,44.98,45.9,42.99,,45.34,,,8864,394776.96,58,F1,1,,,,,
2026-09-23,2026-09-23,CM,NSE,STK,20453,INE071F01012,APCL,EQ,,,,,ANJANI PORTLAND CEM LTD,98.0,99.0,94.0,95.93,95.5,94.8,,95.93,,,2451,237370.01,136,F1,1,,,,,
2026-09-23,2026-09-23,CM,NSE,STK,25878,INE106I01010,ANKITMETAL,BZ,,,,,ANKIT MET & POW LTD,1.82,1.82,1.82,1.82,1.82,1.79,,1.83,,,12663,23046.66,18,F1,1,,,,,
2026-09-23,2026-09-23,CM,NSE,STK,758968,INE0Y8W01025,AHCL,EQ,,,,,ANLON HEALTHCARE LIMITED,30.3,31.29,26.55,29.68,29.87,28.86,,29.68,,,113090092,3283635456.22,333842,F1,1,,,,,
2026-09-23,2026-09-23,CM,NSE,STK,13657,INE0LR101013,ANLON,SM,,,,,ANLON TECHNOLOGY SOL LTD,858.1,858.1,768.05,769.95,771.9,818.0,,769.95,,,18400,14840220.0,45,F1,400,,,,,
2026-09-23,2026-09-23,CM,NSE,STK,3732,INE02AR01019,ANMOL,BE,,,,,ANMOL INDIA LIMITED,14.03,14.3,13.33,13.85,13.92,14.03,,13.85,,,87630,1201152.54,425,F1,1,,,,,
2026-09-23,2026-09-23,CM,NSE,STK,764471,INE0MGM01017,ANNAPURNA,EQ,,,,,ANNAPURNA SWADISHT LTD,132.9,135.15,130.2,130.68,130.2,131.71,,130.68,,,38808,5121485.28,811,F1,1,,,,,
2026-09-23,2026-09-23,CM,NSE,STK,765502,INE103001017,ANNU,EQ,,,,,ANNU PROJECTS LIMITED,54.4,56.49,52.2,53.04,52.95,54.17,,53.04,,,1682230,90645349.74,13355,F1,1,,,,,
2026-09-23,2026-09-23,CM,NSE,STK,758740,INE0VTV01012,ANONDITA,SM,,,,,ANONDITA MEDICARE LIMITED,1100.0,1110.0,1080.0,1094.6,1095.0,1084.6,,1094.6,,,65600,72021820.0,248,F1,200,,,,,
2026-09-23,2026-09-23,CM,NSE,STK,765020,INE030C01015,ANSALBU,EQ,,,,,ANSAL BUILDWELL LTD.,97.75,107.5,95.6,100.14,101.14,90.12,,100.18,,,179538,18494062.11,2600,F1,1,,,,,
2026-09-23,2026-09-23,CM,NSE,STK,19677,INE436A01026,ANSALAPI,BZ,,,,,ANSAL PROP & INFRA LTD,3.8,3.8,3.7,3.79,3.8,3.73,,3.79,,,73176,278055.9,57,F1,1,,,,,
2026-09-23,2026-09-23,CM,NSE,STK,5194,INE414B01021,ANTGRAPHIC,EQ,,,,,ANTARCTICA LTD,0.72,0.73,0.71,0.73,0.73,0.71,,0.73,,,254770,183681.72,139,F1,1,,,,,
2026-09-23,2026-09-23,CM,NSE,STK,13598,INE818A01017,ANTELOPUS,EQ,,,,,ANTELOPUS SELAN ENRGY LTD,1115.0,1189.2,1110.4,1161.2,1163.0,1110.4,,1161.24,,,1138872,1324510478.2,54937,F1,1,,,,,
2026-09-23,2026-09-23,CM,NSE,STK,757885,INE0CZ201020,ANTHEM,EQ,,,,,ANTHEM BIOSCIENCES LTD,891.7,902.0,879.0,881.9,882.0,891.7,,881.9,,,452800,401479787.85,23695,F1,1,,,,,
2026-09-23,2026-09-23,CM,NSE,STK,1797,INE01BK01022,AWHCL,EQ,,,,,ANTONY WASTE HDG CELL LTD,365.05,404.0,364.3,387.95,386.05,364.3,,387.95,,,1277403,501149891.1,37362,F1,1,,,,,
2026-09-23,2026-09-23,CM,NSE,STK,28314,INE489G01022,ANUHPHR,EQ,,,,,ANUH PHARMA LIMITED,94.26,96.38,93.02,93.39,93.5,93.48,,93.39,,,134416,12650778.16,2321,F1,1,,,,,
2026-09-23,2026-09-23,CM,NSE,STK,2829,INE930P01018,ANURAS,EQ,,,,,ANUPAM RASAYAN INDIA LTD,1200.1,1214.8,1188.1,1193.4,1190.0,1197.9,,1193.39,,,313061,376041301.9,29655,F1,1,,,,,
2026-09-23,2026-09-23,CM,NSE,STK,28983,INE0SI601032,ANYA,SM,,,,,ANYA POLYTECH & FERTI LTD,16.9,17.6,16.9,17.6,17.6,17.0,,17.6,,,30000,515250.0,6,F1,5000,,,,,
2026-09-23,2026-09-23,CM,NSE,STK,11945,INE0MIZ23019,ANZEN,IV,,,,,ANZEN IND ENE YLD PLU TRU,129.0,130.6,129.0,130.0,130.0,129.0,,130.3,,,750000,97227500.0,16,F1,25000,,,,,
2026-09-23,2026-09-23,CM,NSE,STK,758904,INF1J2R01114,AONEGOLD,EQ,,,,,AONEAMC - AONEGOLD,14.25,14.27,14.06,14.09,14.11,14.11,,14.09,,,234977,3320033.15,1518,F1,1,,,,,
2026-09-23,2026-09-23,CM,NSE,STK,30472,INF1J2R01056,AONELIQUID,EQ,,,,,AONEAMC - AONELIQUID,1078.0,1078.02,1078.0,1078.01,1078.02,1077.87,,1078.01,,,26834,28927404.73,126,F1,1,,,,,
2026-09-23,2026-09-23,CM,NSE,STK,757096,INF1J2R01064,AONENIFTY,EQ,,,,,AONEAMC - AONENIFTY,9.71,9.73,9.63,9.69,9.7,9.67,,9.69,,,86750,839596.91,971,F1,1,,,,,
2026-09-23,2026-09-23,CM,NSE,STK,760193,INF1J2R01171,AONESILVER,EQ,,,,,AONEAMC - AONESILVER,8.93,8.98,8.78,8.8,8.81,8.8,,8.8,,,396315,3520551.51,928,F1,1,,,,,
2026-09-23,2026-09-23,CM,NSE,STK,759992,INF1J2R01148,AONETMMQ50,EQ,,,,,AONEAMC - AONETMMQ50,10.3,10.3,10.13,10.21,10.2,10.16,,10.21,,,194288,1981194.93,223,F1,1,,,,,
2026-09-23,2026-09-23,CM,NSE,STK,29975,INF1J2R01015,AONETOTAL,EQ,,,,,AONEAMC - AONETOTAL,11.73,11.76,11.63,11.72,11.69,11.68,,11.72,,,124629,1461412.56,810,F1,1,,,,,
2026-09-23,2026-09-23,CM,NSE,STK,11491,INE372A01015,APARINDS,EQ,,,,,APAR INDUSTRIES LTD.,18300.0,18740.0,17799.0,17876.0,17920.0,18233.0,,17875.86,,,129819,2353896852.0,42882,F1,1,,,,,
2026-09-23,2026-09-23,CM,NSE,STK,154,INE116A01032,APCOTEXIND,EQ,,,,,APCOTEX INDUSTRIES LIMITE,612.0,614.0,593.5,609.8,614.0,609.45,,609.71,,,78328,47580257.8,4017,F1,1,,,,,
2026-09-23,2026-09-23,CM,NSE,STK,27291,INE0T4V01015,APEXECO,ST,,,,,APEX ECOTECH LIMITED,261.0,277.8,257.2,268.8,267.0,268.0,,268.8,,,13600,3679440.0,17,F1,800,,,,,
2026-09-23,2026-09-23,CM,NSE,STK,21623,INE346W01013,APEX,EQ,,,,,APEX FROZEN FOODS LIMITED,356.9,364.1,355.55,362.5,362.75,356.9,,362.44,,,77992,28204752.55,3925,F1,1,,,,,
2026-09-23,2026-09-23,CM,NSE,STK,25780,INE702C01027,APLAPOLLO,EQ,,,,,APL APOLLO TUBES LTD,2199.0,2204.0,2178.0,2195.0,2195.0,2195.0,,2195.0,,,357496,782901682.8,23344,F1,1,,,,,
2026-09-23,2026-09-23,CM,NSE,STK,757178,INE0TLC07085,930APMD27,N0,,,,,APMD 9.30% 2027 STRPP A,77500.0,77500.0,77500.0,77500.0,77500.0,77000.0,,77500.0,,,1,77500.0,1,F1,1,,,,,
2026-09-23,2026-09-23,CM,NSE,STK,757182,INE0TLC07069,930APMD29,N0,,,,,APMD 9.30% 2029 STRPP C,103925.72,103925.72,103925.72,103925.72,103925.72,103950.0,,103925.72,,,3,311777.16,1,F1,1,,,,,
2026-09-23,2026-09-23,CM,NSE,STK,757184,INE0TLC07077,930APMD30,N0,,,,,APMD 9.30% 2030 STRPP D,104837.53,104837.53,104837.53,104837.53,104837.53,104902.06,,104837.53,,,9,943537.77,1,F1,1,,,,,
2026-09-23,2026-09-23,CM,NSE,STK,757170,INE0TLC07101,930APMD32,N0,,,,,APMD 9.30% 2032 STRPP F,106900.0,106900.0,106900.0,106900.0,106900.0,106081.58,,106900.0,,,5,534500.0,5,F1,1,,,,,
2026-09-23,2026-09-23,CM,NSE,STK,157,INE437A01024,APOLLOHOSP,EQ,,,,,APOLLO HOSPITALS ENTER. L,8875.0,9070.5,8865.0,9069.0,9069.0,8835.5,,9068.89,,,419571,3768803213.5,43935,F1,1,,,,,
2026-09-23,2026-09-23,CM,NSE,STK,1134,INE713T01028,APOLLO,EQ,,,,,APOLLO MICRO SYSTEMS LTD,410.0,412.4,402.25,404.6,403.95,406.75,,404.64,,,4669049,1901534281.4,56185,F1,1,,,,,
2026-09-23,2026-09-23,CM,NSE,STK,14361,INE126J01016,APOLLOPIPE,EQ,,,,,APOLLO PIPES LIMITED,526.2,532.45,517.6,522.45,522.95,526.1,,522.49,,,69429,36485372.95,2987,F1,1,,,,,
2026-09-23,2026-09-23,CM,NSE,STK,6302,INE451F01024,APOLSINHOT,EQ,,,,,APOLLO SINDOORI HOTEL LTD,1223.0,1230.9,1212.0,1214.0,1214.0,1223.3,,1214.0,,,269,326935.0,48,F1,1,,,,,
2026-09-23,2026-09-23,CM,NSE,STK,163,INE438A01022,APOLLOTYRE,EQ,,,,,APOLLO TYRES LTD,403.1,406.8,401.35,405.7,406.05,402.55,,405.71,,,751954,303530481.45,30753,F1,1,,,,,
2026-09-23,2026-09-23,CM,NSE,STK,764593,INE217S01014,APOORVA,EQ,,,,,APOORVA LEAS F & INV C L,35.58,35.58,32.25,34.32,34.36,33.89,,34.01,,,1539,50709.81,33,F1,1,,,,,
2026-09-23,2026-09-23,CM,NSE,STK,24638,INE0LQG01010,APRAMEYA,SM,,,,,APRAMEYA ENGINEERING LTD,107.0,110.0,99.95,101.85,100.0,104.95,,101.85,,,19500,2063600.0,32,F1,500,,,,,
2026-09-23,2026-09-23,CM,NSE,STK,760364,INE0M2307321,915APSBC27,N0,,,,,APSBC 9.15% 2027 STRPP B,100500.01,100500.01,100500.01,100500.01,100500.01,100500.01,,100500.01,,,2,201000.02,2,F1,1,,,,,
2026-09-23,2026-09-23,CM,NSE,STK,760372,INE0M2307388,915APSBC31,N0,,,,,APSBC 9.15% 2031 STRPP F,104000.0,104000.0,104000.0,104000.0,104000.0,104000.0,,104000.0,,,2,208000.0,2,F1,1,,,,,
2026-09-23,2026-09-23,CM,NSE,STK,761435,INE1OOJ01011,APSISAERO,ST,,,,,APSIS AEROCOM LIMITED,588.0,588.0,588.0,588.0,588.0,577.3,,588.0,,,1200,705600.0,1,F1,1200,,,,,
2026-09-23,2026-09-23,CM,NSE,STK,10755,INE266F01018,APTECHT,EQ,,,,,APTECH LIMITED,92.48,94.0,91.4,92.06,92.43,91.78,,91.89,,,72405,6696117.13,1001,F1,1,,,,,
2026-09-23,2026-09-23,CM,NSE,STK,5435,INE852O01025,APTUS,EQ,,,,,APTUS VALUE HSG FIN I LTD,243.89,253.23,241.01,251.33,251.0,242.08,,251.31,,,3164338,791846302.55,45880,F1,1,,,,,
2026-09-23,2026-09-23,CM,NSE,STK,23365,INE416A01051,AQYLON,EQ,,,,,AQYLON NEXUS LIMITED,20.39,20.74,18.81,18.81,18.81,19.8,,18.81,,,654709,12708203.11,2163,F1,1,,,,,
2026-09-23,2026-09-23,CM,NSE,STK,19253,INE08NJ01024,ARABIAN,SM,,,,,ARABIAN PETROLEUM LIMITED,88.5,88.5,88.5,88.5,88.5,88.0,,88.5,,,2000,177000.0,1,F1,2000,,,,,
2026-09-23,2026-09-23,CM,NSE,STK,758670,INE0YDV01010,ARCIIL,SM,,,,,ARC INSULATION & INSU LTD,33.5,34.8,33.5,34.65,34.8,33.9,,34.65,,,8000,272700.0,7,F1,1000,,,,,
2026-09-23,2026-09-23,CM,NSE,STK,12024,INE128X01021,ACI,EQ,,,,,ARCHEAN CHEMICAL IND LTD,466.9,478.0,463.05,474.6,476.45,463.05,,474.63,,,262279,123978255.15,10056,F1,1,,,,,
2026-09-23,2026-09-23,CM,NSE,STK,245,INE0CHO01012,ADL,EQ,,,,,ARCHIDPLY DECOR LIMITED,69.41,72.0,69.05,69.87,69.32,69.0,,69.86,,,1168,81466.11,66,F1,1,,,,,
2026-09-23,2026-09-23,CM,NSE,STK,16795,INE877I01016,ARCHIDPLY,EQ,,,,,ARCHIDPLY IND. LTD,109.02,110.97,107.65,109.77,108.3,107.68,,109.71,,,13856,1513404.81,381,F1,1,,,,,
2026-09-23,2026-09-23,CM,NSE,STK,5688,INE731A01020,ARCHIES,EQ,,,,,ARCHIES LTD,12.96,13.19,12.78,12.93,12.81,12.75,,12.94,,,22162,287165.0,94,F1,1,,,,,
2026-09-23,2026-09-23,CM,NSE,STK,764598,INE372M01010,ARCL,EQ,,,,,ARCL ORGANICS LTD.,274.95,274.95,251.0,255.79,258.35,262.06,,256.42,,,3088,819947.93,62,F1,1,,,,,
2026-09-23,2026-09-23,CM,NSE,STK,764480,INE0XNF01022,ARDEE,EQ,,,,,ARDEE INDUSTRIES LIMITED,52.5,53.19,51.6,52.25,52.08,52.08,,52.25,,,3110150,163464492.27,19664,F1,1,,,,,
2026-09-23,2026-09-23,CM,NSE,STK,758700,INE784R01023,ARFIN,EQ,,,,,ARFIN INDIA LIMITED,89.3,92.0,89.0,91.42,91.7,89.28,,91.41,,,1313201,118827149.04,5961,F1,1,,,,,
2026-09-23,2026-09-23,CM,NSE,STK,13092,INE0L2Y01011,ARHAM,SM,,,,,ARHAM TECHNOLOGIES LTD,212.0,215.0,208.15,214.35,215.0,212.0,,214.35,,,28000,5962350.0,24,F1,1000,,,,,
2026-09-23,2026-09-23,CM,NSE,STK,15208,INE298I01015,ARIES,BE,,,,,ARIES AGRO LTD.,469.95,473.0,456.15,466.95,469.0,469.95,,466.68,,,10055,4691119.5,155,F1,1,,,,,
2026-09-23,2026-09-23,CM,NSE,STK,13340,INE0NCC01015,ARIHANTACA,SM,,,,,ARIHANT ACADEMY LIMITED,490.0,500.0,490.0,500.0,500.0,494.0,,500.0,,,9600,4796000.0,7,F1,400,,,,,
2026-09-23,2026-09-23,CM,NSE,STK,3813,INE420B01036,ARIHANTCAP,EQ,,,,,ARIHANT CAPITAL MKTS LTD,93.0,98.8,93.0,94.06,95.35,90.99,,94.06,,,10557223,1015399060.08,74884,F1,1,,,,,
2026-09-23,2026-09-23,CM,NSE,STK,13885,INE413D01011,ARIHANT,EQ,,,,,ARIHANT FOUN & HOU LTD,929.05,929.05,890.0,900.8,890.0,923.9,,901.06,,,1682,1520756.3,205,F1,1,,,,,
2026-09-23,2026-09-23,CM,NSE,STK,20159,INE643K01018,ARIHANTSUP,EQ,,,,,ARIHANT SUPERSTRUCT LTD,236.95,245.95,233.05,239.95,240.0,234.9,,239.95,,,9298,2229060.4,232,F1,1,,,,,
2026-09-23,2026-09-23,CM,NSE,STK,757614,INE0H9P01028,ARIS,EQ,,,,,ARISINFRA SOLUTIONS LTD,141.0,147.39,139.48,143.72,143.99,140.1,,143.73,,,2711866,391180299.36,23184,F1,1,,,,,
2026-09-23,2026-09-23,CM,NSE,STK,13926,INE082101010,ARISTO,SM,,,,,ARISTO BIO T AND LIFESC L,105.85,105.85,105.85,105.85,105.85,112.0,,105.85,,,1600,169360.0,1,F1,800,,,,,
2026-09-23,2026-09-23,CM,NSE,STK,25398,INE0QRL01017,ARKADE,EQ,,,,,ARKADE DEVELOPERS LIMITED,128.99,131.0,127.0,127.73,127.13,128.4,,127.73,,,151561,19503678.84,2389,F1,1,,,,,
2026-09-23,2026-09-23,CM,NSE,STK,17263,INE109C01017,ARMANFIN,EQ,,,,,ARMAN FIN SERV LTD,1950.1,2004.9,1946.2,1968.9,1966.0,1974.9,,1969.13,,,12730,25088953.3,2144,F1,1,,,,,
2026-09-23,2026-09-23,CM,NSE,STK,760752,INE0TZX01019,ARMOUR,ST,,,,,ARMOUR SECURITY (INDIA) L,18.25,18.25,18.25,18.25,18.25,17.4,,18.25,,,4000,73000.0,2,F1,2000,,,,,
2026-09-23,2026-09-23,CM,NSE,STK,14557,INE210C01013,AROGRANITE,EQ,,,,,ARO GRANITE IND. LTD.,23.88,24.7,22.11,24.23,24.27,23.09,,24.19,,,9021,212063.82,180,F1,1,,,,,
2026-09-23,2026-09-23,CM,NSE,STK,9260,INE570D01018,ARROWGREEN,EQ,,,,,ARROW GREENTECH LIMITED,940.05,948.9,888.6,900.0,902.6,913.05,,900.12,,,89479,82431219.5,7499,F1,1,,,,,
2026-09-23,2026-09-23,CM,NSE,STK,29015,INE968D01022,ARSHIYA,BZ,,,,,ARSHIYA LIMITED,0.71,0.72,0.7,0.71,0.72,0.7,,0.71,,,73079,51949.9,61,F1,1,,,,,
2026-09-23,2026-09-23,CM,NSE,STK,6156,INE738V01013,ARTNIRMAN,EQ,,,,,ART NIRMAN LIMITED,41.4,41.4,39.05,40.01,40.47,40.49,,40.01,,,1071,42043.14,16,F1,1,,,,,
2026-09-23,2026-09-23,CM,NSE,STK,761330,INE757T01025,AEPL,EQ,,,,,ARTEMIS ELECTRICALS & P L,16.02,16.76,16.02,16.49,16.61,16.35,,16.48,,,17404,286576.93,178,F1,1,,,,,
2026-09-23,2026-09-23,CM,NSE,STK,16913,INE025R01021,ARTEMISMED,EQ,,,,,ARTEMIS MED SERVICE LTD,342.8,343.8,338.5,341.9,343.8,340.85,,341.9,,,155838,53119935.3,6500,F1,1,,,,,
2026-09-23,2026-09-23,CM,NSE,STK,756896,INE0TTG01017,ARUNAYA,SM,,,,,ARUNAYA ORGANICS LIMITED,14.4,14.4,14.15,14.15,14.15,14.4,,14.15,,,4000,57100.0,2,F1,2000,,,,,
2026-09-23,2026-09-23,CM,NSE,STK,2814,INE006Z01016,ARVEE,EQ,,,,,ARVEE LABORATORIES I LTD,232.5,255.0,231.2,242.18,240.8,236.07,,242.18,,,52699,12857591.09,1286,F1,1,,,,,
2026-09-23,2026-09-23,CM,NSE,STK,9111,INE955V01021,ARVINDFASN,EQ,,,,,ARVIND FASHIONS LIMITED,420.95,427.7,417.0,425.45,427.6,419.4,,425.44,,,364577,153643199.3,14027,F1,1,,,,,
2026-09-23,2026-09-23,CM,NSE,STK,193,INE034A01011,ARVIND,EQ,,,,,ARVIND LIMITED,533.55,550.5,533.0,548.25,545.05,533.55,,548.25,,,639484,348678699.35,30555,F1,1,,,,,
2026-09-23,2026-09-23,CM,NSE,STK,19579,INE0P4T01013,ARVINDPORT,SM,,,,,ARVIND PORT AND INFRA LTD,37.35,37.35,36.05,36.05,36.05,39.0,,36.05,,,9000,332550.0,6,F1,1500,,,,,
2026-09-23,2026-09-23,CM,NSE,STK,10457,INE034S01021,ARVSMART,EQ,,,,,ARVIND SMARTSPACES LTD,625.0,668.8,606.05,634.05,628.0,588.2,,634.04,,,6650986,4307281653.05,142730,F1,1,,,,,
2026-09-23,2026-09-23,CM,NSE,STK,764603,INE032E01017,ARYAMAN,EQ,,,,,ARYAMAN FINANCIAL SERV L,633.75,633.75,611.05,611.05,611.05,633.95,,620.0,,,4,2489.6,2,F1,1,,,,,
2026-09-23,2026-09-23,CM,NSE,STK,5378,INE439A01020,ASAHIINDIA,EQ,,,,,ASAHI INDIA GLASS LIMITED,962.0,985.15,957.25,971.3,968.0,965.15,,969.76,,,262585,254284548.65,9522,F1,1,,,,,
2026-09-23,2026-09-23,CM,NSE,STK,25092,INE228I01012,ASAHISONG,BE,,,,,ASAHI SONGWON COLOR LTD,371.95,385.0,365.15,382.9,380.05,371.2,,382.94,,,13292,5038373.75,251,F1,1,,,,,
2026-09-23,2026-09-23,CM,NSE,STK,24711,INE0LAA01017,ASHALOG,SM,,,,,ASHAPURA LOGISTICS LTD,58.05,60.0,58.0,60.0,60.0,60.05,,60.0,,,6000,353950.0,6,F1,1000,,,,,
2026-09-23,2026-09-23,CM,NSE,STK,203,INE348A01023,ASHAPURMIN,EQ,,,,,ASHAPURA MINECHEM LTD,538.0,545.0,531.1,532.85,531.8,537.35,,532.84,,,199250,107078338.5,7916,F1,1,,,,,
2026-09-23,2026-09-23,CM,NSE,STK,24403,INE365D01021,ASHIANA,EQ,,,,,ASHIANA HOUSING LTD,392.7,393.95,383.1,391.05,390.15,385.0,,391.06,,,67327,26160876.65,2225,F1,1,,,,,
2026-09-23,2026-09-23,CM,NSE,STK,762551,INE094B01013,ASHIKAG,BE,,,,,ASHIKA GLOBAL SEC LTD,397.05,409.95,395.1,403.85,405.0,397.05,,403.86,,,11362,4551393.65,86,F1,1,,,,,
2026-09-23,2026-09-23,CM,NSE,STK,206,INE440A01010,ASHIMASYN,EQ,,,,,ASHIMA LTD,16.0,16.32,15.55,15.81,15.97,15.68,,15.81,,,89060,1414884.06,341,F1,1,,,,,
2026-09-23,2026-09-23,CM,NSE,STK,212,INE208A01029,ASHOKLEY,EQ,,,,,ASHOK LEYLAND LTD,160.99,163.13,160.85,162.89,162.89,160.75,,162.89,,,4011012,651441966.07,34940,F1,1,,,,,
2026-09-23,2026-09-23,CM,NSE,STK,20182,INE442H01029,ASHOKA,EQ,,,,,ASHOKA BUILDCON LTD,111.5,113.09,111.3,112.8,112.93,111.96,,112.79,,,424088,47706803.1,4522,F1,1,,,,,
2026-09-23,2026-09-23,CM,NSE,STK,16943,INE760Y01011,ASHOKAMET,EQ,,,,,ASHOKA METCAST LIMITED,14.3,16.5,14.3,15.54,15.41,14.3,,15.54,,,325089,5161465.89,1103,F1,1,,,,,
2026-09-23,2026-09-23,CM,NSE,STK,765573,INE19FR01012,ASHUTOSH,SM,,,,,ASHUTOSH FIBRE LIMITED,153.35,168.35,152.75,161.45,160.55,150.1,,161.45,,,376800,60796980.0,283,F1,1200,,,,,
2026-09-23,2026-09-23,CM,NSE,STK,760418,INE1A6Q01010,ASHWINI,SM,,,,,ASHWINI CONTAINER MOVER L,158.0,160.95,158.0,160.95,160.95,160.0,,160.95,,,8000,1280800.0,6,F1,1000,,,,,
2026-09-23,2026-09-23,CM,NSE,STK,7030,INE276G01015,ASIANENE,EQ,,,,,ASIAN ENERGY SERVICES LTD,493.6,513.0,488.0,489.7,488.7,489.6,,489.7,,,308700,154434845.65,11158,F1,1,,,,,
2026-09-23,2026-09-23,CM,NSE,STK,14889,INE022I01019,ASIANTILES,EQ,,,,,ASIAN GRANITO IND. LTD.,50.15,52.22,49.61,51.16,51.0,50.09,,51.16,,,2932333,149088076.18,8341,F1,1,,,,,
2026-09-23,2026-09-23,CM,NSE,STK,19438,INE926K01017,AHLEAST,EQ,,,,,ASIAN HOTELS (EAST) LTD,137.85,138.98,135.35,136.36,136.25,135.13,,136.36,,,1584,217907.7,35,F1,1,,,,,
2026-09-23,2026-09-23,CM,NSE,STK,18422,INE363A01022,ASIANHOTNR,EQ,,,,,ASIAN HOTELS (NORTH) LTD,381.9,394.7,378.05,390.45,386.55,385.1,,390.45,,,28435,11072763.5,575,F1,1,,,,,
2026-09-23,2026-09-23,CM,NSE,STK,19370,INE915K01010,AHLWEST,BE,,,,,ASIAN HOTELS (WEST) LTD,522.25,551.0,522.2,530.0,530.0,545.0,,530.0,,,1952,1062124.75,20,F1,1,,,,,
2026-09-23,2026-09-23,CM,NSE,STK,236,INE021A01026,ASIANPAINT,EQ,,,,,ASIAN PAINTS LIMITED,2469.0,2471.9,2448.2,2455.0,2455.0,2448.5,,2454.98,,,398823,980566812.3,33351,F1,1,,,,,
2026-09-23,2026-09-23,CM,NSE,STK,762553,INE194D01017,ASTAR,EQ,,,,,ASIAN STAR CO. LTD.,702.45,733.95,692.1,708.95,698.35,702.45,,708.39,,,987,702899.3,163,F1,1,,,,,
2026-09-23,2026-09-23,CM,NSE,STK,765025,INE822B01017,ASIANTNE,EQ,,,,,ASIAN TEA & EXPORTS LTD.,10.08,10.08,9.21,9.24,9.24,9.38,,9.23,,,10680,99946.67,61,F1,1,,,,,
2026-09-23,2026-09-23,CM,NSE,STK,20152,INE491J01022,ASKAUTOLTD,EQ,,,,,ASK AUTOMOTIVE LIMITED,663.5,678.75,648.0,651.25,652.0,663.4,,651.25,,,327609,216669847.75,17444,F1,1,,,,,
2026-09-23,2026-09-23,CM,NSE,STK,17270,INE991I01015,ASPINWALL,EQ,,,,,ASPINWALL & CO LTD,253.3,262.0,248.75,255.55,257.0,252.35,,255.55,,,2515,647473.4,76,F1,1,,,,,
2026-09-23,2026-09-23,CM,NSE,STK,23396,INE0S7801010,ASPIRE,SM,,,,,ASPIRE & INNOVATIVE ADV L,13.5,13.9,13.25,13.3,13.3,13.25,,13.3,,,22000,301900.0,11,F1,2000,,,,,
2026-09-23,2026-09-23,CM,NSE,STK,765237,INE165G01010,ASSAMENT,EQ,,,,,ASSAM ENTRADE LIMITED,780.0,780.0,780.0,780.0,780.0,788.0,,780.0,,,2,1560.0,2,F1,1,,,,,
2026-09-23,2026-09-23,CM,NSE,STK,766072,INE148G01016,ARCIL,EQ,,,,,ASSET RECONSTRUC CO (I) L,139.95,152.8,138.74,149.76,148.7,138.91,,149.81,,,14251234,2095889199.55,137875,F1,1,,,,,
2026-09-23,2026-09-23,CM,NSE,STK,17598,INE073G01016,ASALCBR,EQ,,,,,ASSO ALCOHOLS & BREW LTD,651.8,662.85,650.0,657.9,659.5,651.8,,657.87,,,26870,17657642.2,2457,F1,1,,,,,
2026-09-23,2026-09-23,CM,NSE,STK,17728,INE563J01010,ASTEC,EQ,,,,,ASTEC LIFESCIENCES LTD,772.5,788.4,750.1,757.45,758.8,794.5,,757.45,,,335710,258664760.6,17438,F1,1,,,,,
2026-09-23,2026-09-23,CM,NSE,STK,1508,INE914M01019,ASTERDM,EQ,,,,,ASTER DM QUALITY CARE LTD,734.35,762.0,734.35,760.05,762.0,750.7,,760.08,,,882021,664117828.15,55326,F1,1,,,,,
2026-09-23,2026-09-23,CM,NSE,STK,11618,INE386C01029,ASTRAMICRO,EQ,,,,,ASTRA MICROWAVE LTD,1612.1,1638.2,1591.8,1602.1,1602.2,1616.3,,1602.07,,,206138,331913010.9,25015,F1,1,,,,,
2026-09-23,2026-09-23,CM,NSE,STK,14418,INE006I01046,ASTRAL,EQ,,,,,ASTRAL LIMITED,1388.9,1404.0,1383.0,1394.8,1394.8,1381.6,,1395.01,,,271088,378872919.7,19598,F1,1,,,,,
2026-09-23,2026-09-23,CM,NSE,STK,5610,INE203A01020,ASTRAZEN,EQ,,,,,ASTRAZENECA PHARMA IND LT,6708.0,6745.0,6656.0,6706.0,6707.0,6711.5,,6706.13,,,3764,25211310.5,1105,F1,1,,,,,
2026-09-23,2026-09-23,CM,NSE,STK,764445,INE646X01014,ASTRON,BZ,,,,,ASTRON PAPER BORD MIL LTD,2.85,2.98,2.85,2.97,2.98,2.84,,2.97,,,18215,53754.99,59,F1,1,,,,,
2026-09-23,2026-09-23,CM,NSE,STK,15649,INE0ALR01029,ATALREAL,EQ,,,,,ATAL REALTECH LIMITED,13.3,14.37,13.01,14.36,14.37,13.07,,14.36,,,8867970,123427340.15,4160,F1,1,,,,,
2026-09-23,2026-09-23,CM,NSE,STK,15404,INE09KD01013,ATAM,EQ,,,,,ATAM VALVES LIMITED,58.27,59.4,58.27,59.24,59.4,58.27,,59.24,,,8442,499207.86,215,F1,1,,,,,
2026-09-23,2026-09-23,CM,NSE,STK,756405,INE0V0Q01019,ATCENERGY,ST,,,,,ATC ENERGIES SYSTEM LTD,21.4,21.8,20.7,21.8,21.8,21.75,,21.8,,,8400,179400.0,7,F1,1200,,,,,
2026-09-23,2026-09-23,CM,NSE,STK,757645,INE0LEZ01016,ATHERENERG,EQ,,,,,ATHER ENERGY LIMITED,1544.0,1545.0,1483.7,1499.4,1499.4,1543.8,,1499.41,,,6687076,10019969522.0,198980,F1,1,,,,,
2026-09-23,2026-09-23,CM,NSE,STK,760953,IN90NN701011,ATLPP,E1,,,,,ATL RE.0.50 PPD UP,9.01,9.49,9.01,9.1,9.1,8.86,,9.12,,,4277,39446.18,25,F1,1,,,,,
2026-09-23,2026-09-23,CM,NSE,STK,759007,INE0Z4F01028,ATLANTAELE,EQ,,,,,ATLANTA ELECTRICALS LTD,1680.0,1707.0,1640.0,1656.3,1659.0,1664.9,,1656.31,,,78945,131324766.5,10588,F1,1,,,,,
2026-09-23,2026-09-23,CM,NSE,STK,13585,INE285H01022,ATLANTAA,EQ,,,,,ATLANTAA LIMITED,35.8,36.48,35.02,35.83,36.0,35.64,,35.83,,,23261,824677.93,447,F1,1,,,,,
2026-09-23,2026-09-23,CM,NSE,STK,4568,INE446A01025,ATLASCYCLE,EQ,,,,,ATLAS CYCLE (HARYANA) LTD,97.15,108.0,97.15,100.46,99.9,93.55,,100.46,,,239595,24665299.17,5011,F1,1,,,,,
2026-09-23,2026-09-23,CM,NSE,STK,22785,INE05DH01017,ATMASTCO,SM,,,,,ATMASTCO LIMITED,126.1,126.5,121.15,121.6,121.25,127.5,,121.6,,,67200,8234300.0,118,F1,400,,,,,
2026-09-23,2026-09-23,CM,NSE,STK,30023,INE951D01028,ATULAUTO,EQ,,,,,ATUL AUTO LIMITED,445.7,461.8,445.5,457.75,460.3,446.6,,457.78,,,96934,44187387.45,4010,F1,1,,,,,
2026-09-23,2026-09-23,CM,NSE,STK,263,INE100A01010,ATUL,EQ,,,,,ATUL LTD,6199.0,6199.0,6095.0,6118.0,6128.0,6176.5,,6118.05,,,13834,84728708.5,4178,F1,1,,,,,
2026-09-23,2026-09-23,CM,NSE,STK,21238,INE949L01017,AUBANK,EQ,,,,,AU SMALL FINANCE BANK LTD,1034.0,1055.8,1032.6,1053.0,1053.0,1036.4,,1053.0,,,1565213,1643565581.8,51068,F1,1,,,,,
2026-09-23,2026-09-23,CM,NSE,STK,765451,INE16W401027,AUGMONT,EQ,,,,,AUGMONT ENTERPRISES LTD,853.0,893.7,846.65,886.3,885.1,853.35,,886.34,,,631751,552862784.8,27926,F1,1,,,,,
2026-09-23,2026-09-23,CM,NSE,STK,12022,INE132H01018,AURIONPRO,EQ,,,,,AURIONPRO SOLN LTD,685.05,709.9,685.05,689.4,698.95,681.9,,689.4,,,126195,88082548.45,7087,F1,1,,,,,
2026-09-23,2026-09-23,CM,NSE,STK,15869,INE0NUL01018,AUROIMPEX,SM,,,,,AURO IMPEX & CHEMICALS L,39.0,39.0,39.0,39.0,39.0,37.15,,39.0,,,6400,249600.0,4,F1,1600,,,,,
2026-09-23,2026-09-23,CM,NSE,STK,275,INE406A01037,AUROPHARMA,EQ,,,,,AUROBINDO PHARMA LTD,1700.0,1724.7,1692.6,1721.5,1721.5,1700.0,,1721.51,,,951081,1625234344.4,50665,F1,1,,,,,
2026-09-23,2026-09-23,CM,NSE,STK,10310,INE898S01029,AURUM,EQ,,,,,AURUM PROPTECH LIMITED,223.8,225.0,220.0,223.19,221.99,222.04,,223.19,,,73019,16239677.8,2380,F1,1,,,,,
2026-09-23,2026-09-23,CM,NSE,STK,31468,INE142K01011,AURUS,EQ,,,,,AURUS GEM CORP LIMITED,4.91,5.0,4.5,4.67,4.68,4.89,,4.67,,,124303,582351.11,276,F1,1,,,,,
2026-09-23,2026-09-23,CM,NSE,STK,4037,INE218C01016,AUSOMENT,EQ,,,,,AUSOM ENTERPRISE LIMITED,147.23,150.0,145.01,147.63,145.01,147.23,,147.49,,,3667,537614.36,147,F1,1,,,,,
2026-09-23,2026-09-23,CM,NSE,STK,764608,INE759F01012,AUSTENG,EQ,,,,,AUSTIN ENGINEERING CO. L,174.8,178.0,163.15,164.19,164.4,162.85,,164.21,,,234205,40295924.44,3987,F1,1,,,,,
2026-09-23,2026-09-23,CM,NSE,STK,21451,INE0P0001010,APS,SM,,,,,AUSTRALIAN PREM SOLAR I L,235.85,243.0,232.1,235.7,235.0,235.85,,235.7,,,11250,2686250.0,39,F1,250,,,,,
2026-09-23,2026-09-23,CM,NSE,STK,23553,INE206F01022,AIIL,EQ,,,,,AUTHUM INVEST & INFRA LTD,545.5,564.8,544.15,561.45,562.6,546.9,,561.53,,,139672,77679339.05,8279,F1,1,,,,,
2026-09-23,2026-09-23,CM,NSE,STK,14106,INE718H01014,AUTOIND,EQ,,,,,AUTOLINE INDUSTRIES LTD,84.84,88.8,84.35,87.79,87.53,84.82,,87.78,,,296038,25722587.11,3587,F1,1,,,,,
2026-09-23,2026-09-23,CM,NSE,STK,764558,INE451C01013,ACGL,EQ,,,,,AUTOMOBILE CORPN OF GOA L,1728.5,1746.0,1725.0,1731.8,1731.0,1728.5,,1731.41,,,379,658151.7,70,F1,1,,,,,
2026-09-23,2026-09-23,CM,NSE,STK,278,INE449A01011,AUTOAXLES,EQ,,,,,AUTOMOTIVE AXLES LIMITED,1670.0,1687.9,1664.6,1682.0,1683.5,1664.4,,1681.45,,,2485,4173740.1,343,F1,1,,,,,
2026-09-23,2026-09-23,CM,NSE,STK,10634,INE900C01027,ASAL,EQ,,,,,AUTOMOTIVE STAMPINGS & AS,449.15,456.55,446.1,452.0,453.5,449.15,,452.01,,,13874,6256268.95,852,F1,1,,,,,
2026-09-23,2026-09-23,CM,NSE,STK,21406,INE349W01017,AVADHSUGAR,EQ,,,,,AVADH SUG & ENERGY LTD,732.0,751.0,725.1,730.8,732.1,732.8,,730.81,,,87245,64475651.1,4710,F1,1,,,,,
2026-09-23,2026-09-23,CM,NSE,STK,15058,INE0LCL01028,AVALON,EQ,,,,,AVALON TECHNOLOGIES LTD,2477.1,2488.8,2426.5,2445.6,2432.0,2468.5,,2445.61,,,165657,406577329.8,16878,F1,1,,,,,
2026-09-23,2026-09-23,CM,NSE,STK,760736,INE1KU201016,AVANA,ST,,,,,AVANA ELECTROSYSTEMS LTD,140.0,140.0,135.05,138.0,138.0,140.0,,138.0,,,12000,1653200.0,6,F1,2000,,,,,
2026-09-23,2026-09-23,CM,NSE,STK,765030,INE758A01072,AVANCE,EQ,,,,,AVANCE TECHNOLOGIES LTD.,0.87,0.88,0.82,0.83,0.84,0.86,,0.83,,,7204800,6061787.88,1607,F1,1,,,,,
2026-09-23,2026-09-23,CM,NSE,STK,24610,INE005B01027,AVANTEL,EQ,,,,,AVANTEL LIMITED,146.89,149.08,143.94,146.17,146.15,146.71,,146.17,,,729108,106796072.09,9067,F1,1,,,,,
2026-09-23,2026-09-23,CM,NSE,STK,7936,INE871C01038,AVANTIFEED,EQ,,,,,AVANTI FEEDS LIMITED,756.9,768.75,753.4,767.2,765.0,753.15,,767.19,,,214188,163693217.75,14115,F1,1,,,,,
2026-09-23,2026-09-23,CM,NSE,STK,19913,INE192R01011,DMART,EQ,,,,,AVENUE SUPERMARTS LIMITED,3776.8,3868.1,3755.1,3834.8,3834.8,3777.0,,3834.8,,,426919,1635824287.7,30937,F1,1,,,,,
2026-09-23,2026-09-23,CM,NSE,STK,16249,INE483S01020,CCAVENUE,EQ,,,,,AVENUESAI LIMITED,16.15,16.34,16.05,16.09,16.12,16.11,,16.09,,,8049310,129981305.9,10572,F1,1,,,,,
2026-09-23,2026-09-23,CM,NSE,STK,15638,INE680Z01018,AVG,BE,,,,,AVG LOGISTICS LIMITED,172.9,172.9,165.0,167.05,168.0,169.55,,167.33,,,6830,1132662.69,110,F1,1,,,,,
2026-09-23,2026-09-23,CM,NSE,STK,25520,INE0TFB01017,AVIANSH,SM,,,,,AVI ANSH TEXTILE LIMITED,102.0,102.0,100.0,100.0,100.0,100.5,,100.0,,,3000,302000.0,3,F1,1000,,,,,
2026-09-23,2026-09-23,CM,NSE,STK,755092,INE0V9I01017,AVIENCE,SM,,,,,AVIENCE BIOMEDICALS LTD,369.5,379.5,351.6,354.45,352.0,345.85,,354.45,,,102600,37574160.0,169,F1,600,,,,,
2026-09-23,2026-09-23,CM,NSE,STK,14064,INE855F01042,ASMS,EQ,,,,,AVIO SMART MRKT STACK LTD,6.68,6.68,6.42,6.47,6.45,6.61,,6.47,,,388816,2532776.62,961,F1,1,,,,,
2026-09-23,2026-09-23,CM,NSE,STK,13557,INE323B01024,AVONMORE,EQ,,,,,AVONMORE CAP&MGT SERV LTD,12.87,13.88,12.81,13.48,13.5,12.87,,13.48,,,375571,5060283.38,870,F1,1,,,,,
2026-09-23,2026-09-23,CM,NSE,STK,23159,INE0R9401019,AVPINFRA,SM,,,,,AVP INFRACON LIMITED,55.3,59.15,55.3,57.4,57.5,55.6,,57.4,,,116800,6679360.0,92,F1,800,,,,,
2026-09-23,2026-09-23,CM,NSE,STK,8827,INE652Z01025,AVROIND,EQ,,,,,AVRO INDIA LIMITED,7.29,7.39,7.02,7.13,7.18,7.24,,7.13,,,205089,1466515.15,824,F1,1,,,,,
2026-09-23,2026-09-23,CM,NSE,STK,14008,INE488D01021,AVTNPL,EQ,,,,,AVT NATURAL PRODUCTS LTD,100.0,102.0,95.8,96.88,97.2,98.26,,96.88,,,1064371,105142835.74,14084,F1,1,,,,,
2026-09-23,2026-09-23,CM,NSE,STK,23864,INE108V01019,AWFIS,EQ,,,,,AWFIS SPACE SOLUTIONS LTD,268.0,271.95,264.3,269.05,269.5,266.55,,269.05,,,505043,135249200.5,11670,F1,1,,,,,
2026-09-23,2026-09-23,CM,NSE,STK,8110,INE699H01024,AWL,EQ,,,,,AWL AGRI BUSINESS LIMITED,183.45,186.9,183.23,186.18,186.23,183.1,,186.18,,,1339573,248719665.91,19822,F1,1,,,,,
2026-09-23,2026-09-23,CM,NSE,STK,5900,INE238A01034,AXISBANK,EQ,,,,,AXIS BANK LIMITED,1242.2,1252.0,1238.9,1243.2,1243.2,1242.7,,1243.2,,,2287837,2850727053.2,64055,F1,1,,,,,
2026-09-23,2026-09-23,CM,NSE,STK,765499,INF846KA1598,ENERGYAXIS,EQ,,,,,AXISAMC - ENERGYAXIS,19.37,19.37,18.88,18.92,18.92,18.89,,18.95,,,19447,368013.91,72,F1,1,,,,,
2026-09-23,2026-09-23,CM,NSE,STK,1044,INF846K01X63,BNKETFAXIS,EQ,,,,,AXISAMC-BNKETFAXIS,581.68,584.85,581.67,584.85,584.85,580.18,,584.85,,,7242,4229718.8,68,F1,1,,,,,
2026-09-23,2026-09-23,CM,NSE,STK,5732,INF846K016C7,CONSUMAXIS,EQ,,,,,AXISAMC-CONSUMAXIS,118.49,119.1,118.35,118.44,118.35,118.47,,118.44,,,145,17221.15,20,F1,1,,,,,
2026-09-23,2026-09-23,CM,NSE,STK,20532,INF846K01W80,GOLDAXIS,EQ,,,,,AXISAMC-GOLDAXIS,125.85,126.35,125.51,125.69,125.74,125.84,,125.69,,,544295,68561814.46,1860,F1,1,,,,,
2026-09-23,2026-09-23,CM,NSE,STK,3608,INF846K01Z12,HEALTHAXIS,EQ,,,,,AXISAMC-HEALTHAXIS,170.32,175.0,170.32,173.88,175.0,171.22,,173.88,,,1915,328641.53,71,F1,1,,,,,
2026-09-23,2026-09-23,CM,NSE,STK,3010,INF846K01Y96,ITAXIS,EQ,,,,,AXISAMC-ITAXIS,318.85,322.0,311.37,313.65,312.37,315.69,,314.27,,,6530,2045298.81,92,F1,1,,,,,
2026-09-23,2026-09-23,CM,NSE,STK,21252,INF846K01W98,NIFTYAXIS,EQ,,,,,AXISAMC-NIFTYAXIS,252.86,260.5,252.86,260.08,260.5,259.35,,260.08,,,221852,57623259.68,248,F1,1,,,,,
2026-09-23,2026-09-23,CM,NSE,STK,14742,INF846K010Q0,SENSEXAXIS,EQ,,,,,AXISAMC-SENSEXAXIS,75.74,77.92,75.74,77.86,77.89,77.69,,77.86,,,3174,246271.54,50,F1,1,,,,,
2026-09-23,2026-09-23,CM,NSE,STK,11193,INF846K011K1,SILVERAXIS,EQ,,,,,AXISAMC-SILVERAXIS,231.91,232.42,228.7,229.19,228.82,229.33,,229.19,,,293036,67504374.15,2357,F1,1,,,,,
2026-09-23,2026-09-23,CM,NSE,STK,30155,INF846KA1119,VALUEAXIS,EQ,,,,,AXISAMC-VALUEAXIS,32.36,32.64,32.2,32.48,32.64,32.04,,32.48,,,34078,1104558.28,216,F1,1,,,,,
2026-09-23,2026-09-23,CM,NSE,STK,9436,INE555B01013,AXISCADES,EQ,,,,,AXISCADES TECH LTD,1905.0,1985.0,1900.0,1940.2,1938.0,1891.1,,1940.16,,,291136,567252819.0,26300,F1,1,,,,,
2026-09-23,2026-09-23,CM,NSE,STK,9902,INE02EZ01022,AXITA,EQ,,,,,AXITA COTTON LIMITED,8.01,8.06,7.99,8.0,8.01,7.99,,8.0,,,264291,2115610.2,405,F1,1,,,,,
2026-09-23,2026-09-23,CM,NSE,STK,764613,INE767C01012,AXTEL,EQ,,,,,AXTEL INDUSTRIES LTD.,434.2,457.7,434.0,450.35,449.5,439.15,,450.37,,,23425,10446370.6,443,F1,1,,,,,
2026-09-23,2026-09-23,CM,NSE,STK,760981,INE501X01029,AYE,EQ,,,,,AYE FINANCE LIMITED,184.7,188.9,179.29,180.66,182.0,183.43,,180.67,,,674407,124047375.31,11557,F1,1,,,,,
2026-09-23,2026-09-23,CM,NSE,STK,10285,INE193B01039,AYMSYNTEX,EQ,,,,,AYM SYNTEX LIMITED,290.0,308.0,288.05,292.8,292.0,295.4,,292.84,,,65117,19526951.75,2215,F1,1,,,,,
2026-09-23,2026-09-23,CM,NSE,STK,20905,INE02IJ01035,AZAD,EQ,,,,,AZAD ENGINEERING LIMITED,2776.2,2804.1,2700.1,2713.2,2711.9,2776.2,,2713.06,,,225494,617343308.1,22087,F1,1,,,,,
2026-09-23,2026-09-23,CM,NSE,STK,765035,INE566M01017,AZADIND,EQ,,,,,AZAD INDIA MOBILITY LTD.,80.98,81.0,79.29,80.93,81.0,78.44,,80.89,,,29970,2399126.43,361,F1,1,,,,,
2026-09-23,2026-09-23,CM,NSE,STK,12153,INE01EE01011,BBTCL,EQ,,,,,B&B TRIPLEWALL CONT LTD,234.7,236.77,227.7,231.3,231.0,234.0,,231.3,,,3777,872886.28,243,F1,1,,,,,
2026-09-23,2026-09-23,CM,NSE,STK,11226,INE116D01028,BAGFILMS,EQ,,,,,B.A.G FILMS AND MEDIA LTD,4.43,4.43,4.25,4.34,4.35,4.31,,4.35,,,102573,442806.45,272,F1,1,,,,,
2026-09-23,2026-09-23,CM,NSE,STK,759420,INE17CQ01015,BAGDIGITAL,SM,,,,,B.A.G.CONVERGENCE LIMITED,101.8,105.0,101.75,105.0,105.0,105.8,,105.0,,,17600,1818720.0,11,F1,1600,,,,,
2026-09-23,2026-09-23,CM,NSE,STK,13290,INE350H01032,BLKASHYAP,EQ,,,,,B.L.KASHYAP & SON LTD,51.9,54.68,51.85,53.97,53.71,51.53,,53.97,,,716221,38550017.53,3552,F1,1,,,,,
2026-09-23,2026-09-23,CM,NSE,STK,25114,INE01FR01028,STYLEBAAZA,EQ,,,,,BAAZAR STYLE RETAIL LTD,367.3,385.2,363.1,378.05,377.0,375.05,,378.03,,,1367688,510048157.1,17041,F1,1,,,,,
2026-09-23,2026-09-23,CM,NSE,STK,20141,INE0QW501012,BABAFP,SM,,,,,BABA FOOD PROCESSING,21.05,23.7,21.0,23.7,23.7,21.65,,23.7,,,11200,254240.0,7,F1,1600,,,,,
2026-09-23,2026-09-23,CM,NSE,STK,17735,INE878I01022,BAFNAPH,BE,,,,,BAFNA PHARMACEUTICALS LTD,336.5,336.5,336.5,336.5,336.5,329.95,,342.2,,,579,194833.5,10,F1,1,,,,,
2026-09-23,2026-09-23,CM,NSE,STK,763363,INE2OVN25015,BAGMANE,RR,,,,,BAGMANE PRIME OFFICE REIT,110.94,110.94,110.05,110.29,110.3,110.39,,110.29,,,525465,58006216.2,6794,F1,1,,,,,
2026-09-23,2026-09-23,CM,NSE,STK,12989,INE029Q01017,BAHETI,SM,,,,,BAHETI RECYCLING IND LTD,765.0,775.0,760.0,761.25,760.0,765.0,,761.25,,,18375,14074050.0,39,F1,375,,,,,
2026-09-23,2026-09-23,CM,NSE,STK,13794,INE020D01022,BAIDFIN,EQ,,,,,BAID FINSERV LIMITED,10.44,10.83,10.41,10.55,10.6,10.55,,10.55,,,45319,477823.55,239,F1,1,,,,,
2026-09-23,2026-09-23,CM,NSE,STK,16669,INE917I01010,BAJAJ-AUTO,EQ,,,,,BAJAJ AUTO LIMITED,11363.0,11425.0,11293.0,11400.0,11400.0,11363.0,,11399.97,,,158704,1802608827.0,16705,F1,1,,,,,
2026-09-23,2026-09-23,CM,NSE,STK,19531,INE933K01021,BAJAJCON,EQ,,,,,BAJAJ CONSUMER CARE LTD,514.0,516.0,502.6,505.85,506.0,513.75,,505.84,,,599193,303634527.5,25871,F1,1,,,,,
2026-09-23,2026-09-23,CM,NSE,STK,15034,INE193E01025,BAJAJELEC,EQ,,,,,BAJAJ ELECT.LTD,323.05,331.5,323.0,329.4,330.15,323.45,,329.4,,,91278,29941192.9,3097,F1,1,,,,,
2026-09-23,2026-09-23,CM,NSE,STK,317,INE296A01032,BAJFINANCE,EQ,,,,,BAJAJ FINANCE LIMITED,1034.7,1043.2,1022.0,1043.2,1043.2,1008.8,,1043.17,,,8618523,8910239923.6,189164,F1,1,,,,,
2026-09-23,2026-09-23,CM,NSE,STK,16675,INE918I01026,BAJAJFINSV,EQ,,,,,BAJAJ FINSERV LTD.,1825.0,1864.8,1825.0,1846.5,1846.5,1823.4,,1846.5,,,746622,1381590759.9,37659,F1,1,,,,,
2026-09-23,2026-09-23,CM,NSE,STK,6863,INE411U01027,BAJAJHCARE,EQ,,,,,BAJAJ HEALTHCARE LIMITED,337.0,357.0,337.0,352.7,352.55,336.1,,352.71,,,438116,153732539.3,14032,F1,1,,,,,
2026-09-23,2026-09-23,CM,NSE,STK,308,INE306A01021,BAJAJHIND,EQ,,,,,BAJAJ HINDUSTHAN SUGAR LT,20.21,20.92,20.0,20.52,20.58,20.29,,20.52,,,12484841,257113369.99,17704,F1,1,,,,,
2026-09-23,2026-09-23,CM,NSE,STK,305,INE118A01012,BAJAJHLDNG,EQ,,,,,BAJAJ HOLDINGS & INVS LTD,11267.0,11449.0,11195.0,11449.0,11449.0,11185.0,,11446.63,,,23489,266433839.0,7563,F1,1,,,,,
2026-09-23,2026-09-23,CM,NSE,STK,25270,INE377Y01014,BAJAJHFL,EQ,,,,,BAJAJ HOUSING FINANCE LTD,83.12,84.28,83.12,83.52,83.53,83.12,,83.52,,,2176881,182141622.66,16622,F1,1,,,,,
2026-09-23,2026-09-23,CM,NSE,STK,762563,INE704G01024,BAJAJST,EQ,,,,,BAJAJ STEEL INDS. LTD.,354.6,354.6,347.1,349.8,352.0,348.05,,349.72,,,3742,1310296.35,290,F1,1,,,,,
2026-09-23,2026-09-23,CM,NSE,STK,20531,INE0KQN01018,BAJEL,EQ,,,,,BAJEL PROJECTS LIMITED,172.5,174.98,171.0,174.06,174.56,172.47,,174.06,,,68789,11915659.9,2125,F1,1,,,,,
2026-09-23,2026-09-23,CM,NSE,STK,13441,INE083D01012,BALPHARMA,EQ,,,,,BAL PHARMA LTD.,108.52,111.58,107.1,108.28,108.1,108.16,,108.23,,,36829,4021074.28,815,F1,1,,,,,
2026-09-23,2026-09-23,CM,NSE,STK,14501,INE050E01027,BALAMINES,EQ,,,,,BALAJI AMINES LIMITED,2154.8,2280.2,2145.0,2271.2,2280.0,2138.9,,2271.14,,,252681,564737006.4,25533,F1,1,,,,,
2026-09-23,2026-09-23,CM,NSE,STK,30030,INE0PQ601019,BALAJIPHOS,SM,,,,,BALAJI PHOSPHATES LIMITED,112.6,112.6,112.6,112.6,112.6,112.05,,112.6,,,1000,112600.0,1,F1,1000,,,,,
2026-09-23,2026-09-23,CM,NSE,STK,9158,INE794B01026,BALAJITELE,EQ,,,,,BALAJI TELEFILMS LIMITED.,94.45,96.72,93.65,94.18,93.77,93.71,,94.18,,,74370,7043689.52,1697,F1,1,,,,,
2026-09-23,2026-09-23,CM,NSE,STK,11309,INE618N01022,BALAXI,EQ,,,,,BALAXI PHARMA LTD,23.12,23.58,22.42,22.94,22.7,23.12,,22.94,,,81169,1857050.52,494,F1,1,,,,,
2026-09-23,2026-09-23,CM,NSE,STK,335,INE787D01026,BALKRISIND,EQ,,,,,BALKRISHNA IND. LTD,2205.0,2225.9,2190.0,2199.6,2196.9,2216.9,,2199.59,,,93043,205419085.1,12519,F1,1,,,,,
2026-09-23,2026-09-23,CM,NSE,STK,10181,INE875R01011,BALKRISHNA,EQ,,,,,BALKRISHNA PAPER MILLS L,16.41,16.55,16.01,16.15,16.01,16.41,,16.16,,,4520,73294.98,64,F1,1,,,,,
2026-09-23,2026-09-23,CM,NSE,STK,338,INE164A01016,BALMLAWRIE,EQ,,,,,BALMER LAWRIE & CO LTD,167.2,168.0,166.61,167.43,167.1,167.43,,167.43,,,46338,7753117.98,976,F1,1,,,,,
2026-09-23,2026-09-23,CM,NSE,STK,762603,INE525F01025,BLIL,EQ,,,,,BALMER LAWRIE INVSTS. L,67.48,67.48,67.01,67.28,67.2,67.35,,67.26,,,37398,2514029.85,1234,F1,1,,,,,
2026-09-23,2026-09-23,CM,NSE,STK,341,INE119A01028,BALRAMCHIN,EQ,,,,,BALRAMPUR CHINI MILLS LTD,661.05,682.9,658.85,676.4,677.2,661.05,,676.43,,,1023714,693238857.55,27064,F1,1,,,,,
2026-09-23,2026-09-23,CM,NSE,STK,23607,INE011E01029,BALUFORGE,EQ,,,,,BALU FORGE INDUSTRIES LTD,509.6,512.4,502.0,506.25,507.5,505.25,,506.26,,,631352,320265722.45,11112,F1,1,,,,,
2026-09-23,2026-09-23,CM,NSE,STK,347,INE655B01011,BANARBEADS,EQ,,,,,BANARAS BEADS LTD,113.5,118.0,112.8,113.28,113.99,111.28,,113.28,,,1110,126122.15,40,F1,1,,,,,
2026-09-23,2026-09-23,CM,NSE,STK,13880,INE213C01025,BANCOINDIA,EQ,,,,,BANCO PRODUCTS (I) LTD,612.0,618.2,607.3,611.75,613.0,605.65,,611.75,,,59280,36352387.2,5700,F1,1,,,,,
2026-09-23,2026-09-23,CM,NSE,STK,2263,INE545U01014,BANDHANBNK,EQ,,,,,BANDHAN BANK LIMITED,185.95,193.0,185.7,191.38,191.38,184.7,,191.37,,,41844761,7965124689.52,140391,F1,1,,,,,
2026-09-23,2026-09-23,CM,NSE,STK,760325,INF194KB1KJ7,GOLDBND,EQ,,,,,BANDHANAMC - GOLDBND,151.05,152.37,150.67,150.95,151.05,151.21,,150.95,,,7955,1201870.17,93,F1,1,,,,,
2026-09-23,2026-09-23,CM,NSE,STK,18783,INF194KA1U07,IDFNIFTYET,EQ,,,,,BANDHANAMC - IDFNIFTYET,258.98,259.94,258.07,259.52,259.52,259.13,,259.52,,,2669,690868.11,29,F1,1,,,,,
2026-09-23,2026-09-23,CM,NSE,STK,760328,INF194KB1KI9,SILVERBND,EQ,,,,,BANDHANAMC - SILVERBND,234.54,234.54,230.42,231.23,231.21,231.26,,231.23,,,11083,2569524.14,136,F1,1,,,,,
2026-09-23,2026-09-23,CM,NSE,STK,15303,INE863I01016,BANG,EQ,,,,,BANG OVERSEAS LTD.,32.6,32.8,31.57,31.78,32.11,32.46,,31.76,,,37947,1210947.31,376,F1,1,,,,,
2026-09-23,2026-09-23,CM,NSE,STK,4668,INE028A01039,BANKBARODA,EQ,,,,,BANK OF BARODA,233.2,237.7,233.2,236.87,236.87,234.35,,236.88,,,5657358,1336501174.88,41680,F1,1,,,,,
2026-09-23,2026-09-23,CM,NSE,STK,4745,INE084A01016,BANKINDIA,EQ,,,,,BANK OF INDIA,137.74,139.74,137.5,139.65,139.65,137.01,,139.64,,,3463585,481348884.55,26752,F1,1,,,,,
2026-09-23,2026-09-23,CM,NSE,STK,11377,INE457A01014,MAHABANK,EQ,,,,,BANK OF MAHARASHTRA,82.65,84.7,82.32,84.11,84.11,82.4,,84.09,,,12282011,1029821768.32,51047,F1,1,,,,,
2026-09-23,2026-09-23,CM,NSE,STK,822,INE862Y01015,BANKA,EQ,,,,,BANKA BIOLOO LIMITED,76.5,76.5,76.2,76.5,76.5,76.14,,76.5,,,695,53164.5,9,F1,1,,,,,
2026-09-23,2026-09-23,CM,NSE,STK,12037,INE186H01022,BASML,BE,,,,,BANNARI AM SPIN MILL LTD.,24.97,25.45,24.5,25.04,25.24,24.73,,24.99,,,24956,621994.9,90,F1,1,,,,,
2026-09-23,2026-09-23,CM,NSE,STK,350,INE459A01010,BANARISUG,EQ,,,,,BANNARI AMMAN SUGARS LTD,3333.0,3400.0,3331.6,3342.8,3333.1,3322.8,,3342.97,,,263,887126.8,119,F1,1,,,,,
2026-09-23,2026-09-23,CM,NSE,STK,24386,INE0B9K01025,BANSALWIRE,EQ,,,,,BANSAL WIRE INDUSTRIES L,315.25,324.0,312.5,315.9,316.05,315.25,,315.89,,,203102,64222301.2,3907,F1,1,,,,,
2026-09-23,2026-09-23,CM,NSE,STK,14511,INE629D01020,BANSWRAS,EQ,,,,,BANSWARA SYNTEX LIMITED,115.21,115.21,110.62,111.28,111.0,113.33,,111.28,,,35341,3957326.1,578,F1,1,,,,,
2026-09-23,2026-09-23,CM,NSE,STK,15073,INE139I01011,BVCL,EQ,,,,,BARAK VALLEY CEM. LTD.,41.97,42.43,41.6,42.12,42.15,41.57,,42.12,,,10537,442752.6,174,F1,1,,,,,
2026-09-23,2026-09-23,CM,NSE,STK,29176,INE0QX401014,BARFLEX,SM,,,,,BARFLEX POLYFILMS LIMITED,60.0,60.0,59.95,60.0,60.0,60.0,,60.0,,,10000,599900.0,4,F1,2000,,,,,
2026-09-23,2026-09-23,CM,NSE,STK,24117,INF251K01TL6,BBNPNBETF,EQ,,,,,BARODABNP - BBNPNBETF,57.08,57.26,56.9,57.19,57.19,56.52,,57.19,,,2734,155617.34,16,F1,1,,,,,
2026-09-23,2026-09-23,CM,NSE,STK,20547,INF251K01SU9,BBNPPGOLD,EQ,,,,,BARODABNP - BBNPPGOLD,147.3,149.3,146.0,146.4,146.4,146.6,,146.4,,,670,98231.35,45,F1,1,,,,,
2026-09-23,2026-09-23,CM,NSE,STK,368,INE373A01013,BASF,EQ,,,,,BASF INDIA LTD,3581.0,3626.4,3570.0,3580.4,3583.7,3572.2,,3580.36,,,12952,46548548.2,2509,F1,1,,,,,
2026-09-23,2026-09-23,CM,NSE,STK,18442,INE0OCC01013,BASILIC,SM,,,,,BASILIC FLY STUDIO LTD,175.0,175.0,168.1,172.5,173.0,172.3,,172.5,,,17700,3023730.0,55,F1,300,,,,,
2026-09-23,2026-09-23,CM,NSE,STK,371,INE176A01028,BATAINDIA,EQ,,,,,BATA INDIA LTD,631.75,644.0,631.75,637.2,639.35,631.75,,637.19,,,117043,74624754.7,6398,F1,1,,,,,
2026-09-23,2026-09-23,CM,NSE,STK,762568,INE177C01022,BATLIBOI,EQ,,,,,BATLIBOI LTD.,83.06,85.95,82.41,84.28,84.99,82.96,,84.27,,,17309,1448510.94,484,F1,1,,,,,
2026-09-23,2026-09-23,CM,NSE,STK,22571,INE0JFJ01011,BAWEJA,SM,,,,,BAWEJA STUDIOS LIMITED,24.9,26.25,24.0,25.9,25.9,24.3,,25.9,,,28000,683680.0,13,F1,800,,,,,
2026-09-23,2026-09-23,CM,NSE,STK,17927,INE462A01022,BAYERCROP,EQ,,,,,BAYER CROPSCIENCE LTD,3775.0,3787.1,3733.0,3762.6,3774.7,3765.8,,3762.47,,,92860,350494936.3,9600,F1,1,,,,,
2026-09-23,2026-09-23,CM,NSE,STK,2513,INE412G01024,BCLIND,EQ,,,,,BCL INDUSTRIES LIMITED,33.58,34.84,32.7,34.14,34.35,33.48,,34.14,,,1248255,42585506.34,5846,F1,1,,,,,
2026-09-23,2026-09-23,CM,NSE,STK,761494,INE00SW01015,BCPL,EQ,,,,,BCPL RAILWAY INFRA LTD,68.97,70.58,68.97,69.47,69.03,69.31,,69.5,,,5970,414215.25,161,F1,1,,,,,
2026-09-23,2026-09-23,CM,NSE,STK,23922,INE639X01027,BEACON,SM,,,,,BEACON TRUSTEESHIP LTD,86.0,87.9,86.0,87.15,87.3,83.75,,87.15,,,14000,1223050.0,13,F1,1000,,,,,
2026-09-23,2026-09-23,CM,NSE,STK,17933,INE520H01022,BEARDSELL,EQ,,,,,BEARDSELL LIMITED,24.99,24.99,24.21,24.75,24.75,24.41,,24.75,,,11349,281383.96,110,F1,1,,,,,
2026-09-23,2026-09-23,CM,NSE,STK,20196,INE844K01012,BEDMUTHA,EQ,,,,,BEDMUTHA INDUST LTD,102.0,105.0,100.5,104.89,104.89,102.57,,104.89,,,5964,608525.7,73,F1,1,,,,,
2026-09-23,2026-09-23,CM,NSE,STK,762573,INE213D01015,BEEKAY,EQ,,,,,BEEKAY STEEL INDS. LTD.,422.3,430.45,417.0,423.25,419.1,420.8,,426.57,,,1077,451669.2,118,F1,1,,,,,
2026-09-23,2026-09-23,CM,NSE,STK,765291,INE1EEM01017,BLEL,EQ,,,,,BEHARI LAL ENGINEERING L,473.8,476.0,463.55,469.6,470.1,469.05,,469.6,,,625105,294019163.0,20151,F1,1,,,,,
2026-09-23,2026-09-23,CM,NSE,STK,757938,INE344T01014,BELLACASA,EQ,,,,,BELLA CASA FASH AND RET L,280.69,285.0,273.99,284.12,284.01,279.3,,284.09,,,25599,7205532.29,1470,F1,1,,,,,
2026-09-23,2026-09-23,CM,NSE,STK,757102,INE894V01022,BELRISE,EQ,,,,,BELRISE INDUSTRIES LTD,246.9,250.9,246.75,249.78,250.0,244.74,,249.77,,,2848133,708994629.16,40067,F1,1,,,,,
2026-09-23,2026-09-23,CM,NSE,STK,15067,INE0N7W01012,BLAL,EQ,,,,,BEML LAND ASSETS LIMITED,164.24,166.7,163.05,165.33,163.95,164.24,,165.33,,,11378,1870130.68,338,F1,1,,,,,
2026-09-23,2026-09-23,CM,NSE,STK,395,INE258A01024,BEML,EQ,,,,,BEML LIMITED,2105.1,2134.0,2086.0,2095.4,2095.0,2096.8,,2095.21,,,204095,430307743.2,15980,F1,1,,,,,
2026-09-23,2026-09-23,CM,NSE,STK,764618,INE664D01019,BENARAS,EQ,,,,,BENARES HOTELS LTD.,10300.0,10625.0,10300.0,10470.0,10351.0,10254.0,,10499.65,,,59,618508.0,22,F1,1,,,,,
2026-09-23,2026-09-23,CM,NSE,STK,762578,INE083K01017,BENGALASM,EQ,,,,,BENGAL & ASSAM CO. LTD.,6142.0,6224.5,6140.0,6182.5,6180.5,6173.5,,6186.43,,,138,853682.5,87,F1,1,,,,,
2026-09-23,2026-09-23,CM,NSE,STK,404,INE463A01038,BERGEPAINT,EQ,,,,,BERGER PAINTS (I) LTD,459.7,462.0,455.3,459.75,458.5,452.6,,459.74,,,320195,147172804.4,18094,F1,1,,,,,
2026-09-23,2026-09-23,CM,NSE,STK,2306,INE052T01021,BESTAGRO,EQ,,,,,BEST AGROLIFE LIMITED,18.35,18.93,18.35,18.59,18.5,18.34,,18.59,,,530764,9871501.74,1683,F1,1,,,,,
2026-09-23,2026-09-23,CM,NSE,STK,759842,INE351Y01019,BETA,EQ,,,,,BETA DRUGS LIMITED,2121.0,2233.9,2105.0,2187.8,2188.0,2105.0,,2187.8,,,29966,65531084.3,4141,F1,1,,,,,
2026-09-23,2026-09-23,CM,NSE,STK,5662,INE0HQI01014,BEWLTD,SM,,,,,BEW ENGINEERING LIMITED,65.35,73.6,64.85,72.9,73.6,61.35,,72.9,,,172000,11943975.0,234,F1,500,,,,,
2026-09-23,2026-09-23,CM,NSE,STK,21113,INE878K01010,BFINVEST,EQ,,,,,BF INVESTMENT LIMITED,447.45,449.5,442.2,446.7,449.0,443.75,,446.7,,,10556,4706142.75,842,F1,1,,,,,
2026-09-23,2026-09-23,CM,NSE,STK,14567,INE243D01012,BFUTILITIE,EQ,,,,,BF UTILITIES LIMITED,528.0,537.45,521.85,530.5,530.0,527.45,,530.5,,,34192,18180869.6,1636,F1,1,,,,,
2026-09-23,2026-09-23,CM,NSE,STK,764183,INF0QA701CI0,BANK10BETF,EQ,,,,,BFAM - BANK10BETF,20.52,20.55,20.45,20.46,20.46,20.5,,20.46,,,12037,246589.59,25,F1,1,,,,,
2026-09-23,2026-09-23,CM,NSE,STK,21986,INF0QA701714,BANKBETF,EQ,,,,,BFAM - BANKBETF,57.27,57.71,57.23,57.64,57.65,57.2,,57.64,,,5950,342670.14,490,F1,1,,,,,
2026-09-23,2026-09-23,CM,NSE,STK,23915,INF0QA701854,LIQUIDBETF,EQ,,,,,BFAM - LIQUIDBETF,1099.92,1099.92,1099.9,1099.9,1099.91,1099.77,,1099.9,,,198382,218203822.58,84,F1,1,,,,,
2026-09-23,2026-09-23,CM,NSE,STK,21959,INF0QA701722,NIFTYBETF,EQ,,,,,BFAM - NIFTYBETF,241.57,242.0,240.37,241.75,240.81,240.6,,241.74,,,3850,929331.45,87,F1,1,,,,,
2026-09-23,2026-09-23,CM,NSE,STK,15193,INE661I01014,BGRENERGY,BE,,,,,BGR ENERGY SYSTEMS LTD,272.0,272.0,257.99,260.6,260.8,271.56,,260.68,,,54104,14142799.07,601,F1,1,,,,,
2026-09-23,2026-09-23,CM,NSE,STK,758228,INE0ZRC01017,BHADORA,ST,,,,,BHADORA INDUSTRIES LTD,129.0,131.9,125.5,127.0,127.0,127.2,,127.0,,,43200,5589120.0,33,F1,1200,,,,,
2026-09-23,2026-09-23,CM,NSE,STK,13400,INE354C01027,BHAGERIA,EQ,,,,,BHAGERIA INDUSTRIES LTD,352.0,356.0,341.4,351.75,348.7,345.25,,351.47,,,147240,51537450.25,2428,F1,1,,,,,
2026-09-23,2026-09-23,CM,NSE,STK,6164,INE414D01027,BHAGCHEM,EQ,,,,,BHAGIRADHA CHEM & INDS L,243.5,249.65,242.55,247.0,247.0,243.85,,247.0,,,91103,22512980.4,1308,F1,1,,,,,
2026-09-23,2026-09-23,CM,NSE,STK,20776,INE458B01036,BHAGYANGR,EQ,,,,,BHAGYANAGAR INDIA LIMITED,430.05,447.35,426.05,444.65,447.35,426.05,,444.67,,,147276,64580919.65,5773,F1,1,,,,,
2026-09-23,2026-09-23,CM,NSE,STK,19556,INE474E01029,BHANDARI,EQ,,,,,BHANDARI HOSIERY EXP LTD,2.93,2.99,2.93,2.95,2.95,2.96,,2.94,,,90463,267574.77,236,F1,1,,,,,
2026-09-23,2026-09-23,CM,NSE,STK,419,INE922A01025,BEPL,EQ,,,,,BHANSALI ENG. POLYMERS LT,130.78,132.15,129.5,130.49,130.8,130.23,,130.49,,,778846,101712656.3,9560,F1,1,,,,,
2026-09-23,2026-09-23,CM,NSE,STK,13761,INE464A01036,BBL,EQ,,,,,BHARAT BIJLEE LTD,2224.9,2258.8,2215.2,2231.1,2234.0,2220.4,,2232.1,,,16265,36356091.1,3222,F1,1,,,,,
2026-09-23,2026-09-23,CM,NSE,STK,760726,INE05XR01022,BHARATCOAL,EQ,,,,,BHARAT COKING COAL LTD,32.34,32.8,32.31,32.62,32.65,32.24,,32.62,,,3495396,113903591.23,12487,F1,1,,,,,
2026-09-23,2026-09-23,CM,NSE,STK,2144,INE171Z01026,BDL,EQ,,,,,BHARAT DYNAMICS LIMITED,1167.5,1183.0,1157.3,1161.0,1161.0,1168.0,,1161.03,,,648782,757054417.0,21892,F1,1,,,,,
2026-09-23,2026-09-23,CM,NSE,STK,383,INE263A01024,BEL,EQ,,,,,BHARAT ELECTRONICS LTD,397.9,399.5,395.6,396.05,396.05,397.9,,396.07,,,6731863,2678699168.8,68383,F1,1,,,,,
2026-09-23,2026-09-23,CM,NSE,STK,422,INE465A01025,BHARATFORG,EQ,,,,,BHARAT FORGE LTD,2010.0,2016.0,1982.5,2004.0,2004.0,2009.0,,2003.99,,,759299,1518971946.0,34319,F1,1,,,,,
2026-09-23,2026-09-23,CM,NSE,STK,9397,INE561C01019,BHARATGEAR,BE,,,,,BHARAT GEARS LTD,100.4,101.65,99.67,101.42,101.25,100.4,,101.42,,,11417,1150665.56,114,F1,1,,,,,
2026-09-23,2026-09-23,CM,NSE,STK,764623,INE365Y01019,BPLPHARMA,EQ,,,,,BHARAT PARENTERALS LTD.,1549.8,1560.3,1511.0,1545.5,1550.0,1531.7,,1542.73,,,2199,3403268.8,167,F1,1,,,,,
2026-09-23,2026-09-23,CM,NSE,STK,526,INE029A01011,BPCL,EQ,,,,,BHARAT PETROLEUM CORP  LT,314.65,315.9,312.55,315.75,315.75,313.6,,315.74,,,2065484,650173667.25,19394,F1,1,,,,,
2026-09-23,2026-09-23,CM,NSE,STK,3834,INE838B01021,BHARATRAS,EQ,,,,,BHARAT RASAYAN LTD,1129.4,1147.9,1125.8,1134.0,1128.2,1129.4,,1133.99,,,7663,8708019.2,1111,F1,1,,,,,
2026-09-23,2026-09-23,CM,NSE,STK,21683,INE727S01012,BRNL,EQ,,,,,BHARAT ROAD NETWORK LTD,16.67,17.41,16.13,16.66,16.9,16.67,,16.66,,,61714,1027101.63,363,F1,1,,,,,
2026-09-23,2026-09-23,CM,NSE,STK,30244,INE415D01024,BHARATSE,EQ,,,,,BHARAT SEATS LIMITED,219.86,222.59,218.6,220.05,219.51,219.86,,220.06,,,78657,17333138.31,3288,F1,1,,,,,
2026-09-23,2026-09-23,CM,NSE,STK,16123,INE316L01019,BHARATWIRE,EQ,,,,,BHARAT WIRE ROPES LTD.,167.89,173.2,167.89,170.1,170.59,167.89,,170.1,,,109975,18808163.29,2426,F1,1,,,,,
2026-09-23,2026-09-23,CM,NSE,STK,10604,INE397D01024,BHARTIARTL,EQ,,,,,BHARTI AIRTEL LIMITED,1818.1,1836.7,1818.0,1833.2,1833.2,1817.2,,1833.2,,,3698253,6761279491.2,101538,F1,1,,,,,
2026-09-23,2026-09-23,CM,NSE,STK,23489,INE343G01021,BHARTIHEXA,EQ,,,,,BHARTI HEXACOM LIMITED,1527.8,1549.0,1521.6,1525.2,1526.1,1534.3,,1525.22,,,69109,105830287.6,17641,F1,1,,,,,
2026-09-23,2026-09-23,CM,NSE,STK,7848,INE828A01016,BIL,EQ,,,,,BHARTIYA INTERNATIONAL,1055.9,1060.0,1031.0,1034.95,1033.0,1050.5,,1034.96,,,4569,4760615.2,527,F1,1,,,,,
2026-09-23,2026-09-23,CM,NSE,STK,438,INE257A01026,BHEL,EQ,,,,,BHEL,427.25,430.0,419.05,423.1,423.1,425.8,,423.1,,,5244031,2213581975.6,58370,F1,1,,,,,
2026-09-23,2026-09-23,CM,NSE,STK,762621,INE274K01012,BTTL,BE,,,,,BHILWARA TECHNICAL TEXT L,39.31,40.44,39.31,40.0,40.0,39.5,,40.0,,,4609,184353.03,15,F1,1,,,,,
2026-09-23,2026-09-23,CM,NSE,STK,18431,INE412U01025,BIGBLOC,EQ,,,,,BIGBLOC CONSTRUCTION LTD,40.75,40.96,39.45,39.97,40.5,40.4,,39.96,,,62239,2483810.28,630,F1,1,,,,,
2026-09-23,2026-09-23,CM,NSE,STK,11966,INE00E101023,BIKAJI,EQ,,,,,BIKAJI FOODS INTERN LTD,554.05,607.5,553.5,591.1,593.0,553.65,,591.09,,,4379438,2609220544.7,118896,F1,1,,,,,
2026-09-23,2026-09-23,CM,NSE,STK,25527,INE0SQH01013,BIKEWO,ST,,,,,BIKEWO GREEN TECH LIMITED,125.3,125.3,125.3,125.3,125.3,127.85,,125.3,,,44000,5513200.0,17,F1,2000,,,,,
2026-09-23,2026-09-23,CM,NSE,STK,13622,INE071A01013,BILVYAPAR,BE,,,,,BIL VYAPAR LIMITED,4.29,4.34,4.13,4.29,4.29,4.23,,4.29,,,4423,18627.08,16,F1,1,,,,,
2026-09-23,2026-09-23,CM,NSE,STK,762586,INE986A01012,BI,BE,,,,,BILCARE LTD.,107.0,107.01,104.86,104.86,104.86,107.0,,108.69,,,5725,603887.67,45,F1,1,,,,,
2026-09-23,2026-09-23,CM,NSE,STK,759806,INE0HOQ01053,GROWW,EQ,,,,,BILLIONBRAINS GARAGE VN L,189.18,190.44,188.0,188.63,188.69,189.18,,188.63,,,12891618,2434734935.83,68822,F1,1,,,,,
2026-09-23,2026-09-23,CM,NSE,STK,762588,INE469A01019,BIMETAL,EQ,,,,,BIMETAL BEARINGS LTD.,661.0,665.0,645.2,660.65,662.15,661.45,,660.58,,,228,150573.85,29,F1,1,,,,,
2026-09-23,2026-09-23,CM,NSE,STK,763598,INE1BKA01015,BMLL,SM,,,,,BIO MEDICA LABORATORIES L,162.9,166.0,162.9,165.95,165.95,160.5,,165.95,,,6000,986850.0,6,F1,1000,,,,,
2026-09-23,2026-09-23,CM,NSE,STK,11373,INE376G01013,BIOCON,EQ,,,,,BIOCON LIMITED.,389.0,397.2,388.6,395.0,395.0,390.0,,394.98,,,2665586,1051763668.05,34056,F1,1,,,,,
2026-09-23,2026-09-23,CM,NSE,STK,4136,INE829A01014,BIOFILCHEM,EQ,,,,,BIOFIL CHEM & PHARMA LTD,32.5,33.0,32.01,32.29,32.12,32.88,,32.28,,,12512,406038.36,194,F1,1,,,,,
2026-09-23,2026-09-23,CM,NSE,STK,760942,INE0XW001014,BIOPOL,SM,,,,,BIOPOL CHEMICALS LIMITED,46.95,49.0,46.75,48.65,48.95,47.45,,48.65,,,42000,2014500.0,32,F1,1200,,,,,
2026-09-23,2026-09-23,CM,NSE,STK,477,INE800A01015,BIRLACABLE,EQ,,,,,BIRLA CABLE LIMITED,375.2,385.25,358.05,361.9,362.0,375.25,,361.91,,,519169,189971731.55,13691,F1,1,,,,,
2026-09-23,2026-09-23,CM,NSE,STK,480,INE340A01012,BIRLACORPN,EQ,,,,,BIRLA CORPORATION LTD,819.5,842.0,819.5,839.95,842.0,817.6,,839.96,,,35065,29278596.5,4203,F1,1,,,,,
2026-09-23,2026-09-23,CM,NSE,STK,762596,INE372E01025,BIRLAPREC,BE,,,,,BIRLA PRECISION TECH L,53.36,56.67,53.31,56.67,56.67,53.98,,56.67,,,94467,5255371.88,402,F1,1,,,,,
2026-09-23,2026-09-23,CM,NSE,STK,1455,INE557A01011,BIRLANU,EQ,,,,,BIRLANU LIMITED,1397.2,1416.7,1373.5,1407.3,1405.0,1385.6,,1407.24,,,5607,7808141.2,1094,F1,1,,,,,
2026-09-23,2026-09-23,CM,NSE,STK,24404,INF209KC1134,ABGSEC,EQ,,,,,BIRLASLAMC - ABGSEC,114.15,114.4,114.02,114.39,114.39,114.15,,114.39,,,464,53071.78,9,F1,1,,,,,
2026-09-23,2026-09-23,CM,NSE,STK,760247,INF209KC1670,ABSL10BANK,EQ,,,,,BIRLASLAMC - ABSL10BANK,166.48,166.8,166.09,166.32,166.8,164.29,,166.32,,,546,90898.43,17,F1,1,,,,,
2026-09-23,2026-09-23,CM,NSE,STK,13987,INF209KB17D5,ABSLBANETF,EQ,,,,,BIRLASLAMC - ABSLBANETF,57.93,58.1,57.79,57.95,57.9,57.75,,57.95,,,270869,15707203.22,204,F1,1,,,,,
2026-09-23,2026-09-23,CM,NSE,STK,14518,INF209KB18T9,ABSLLIQUID,EQ,,,,,BIRLASLAMC - ABSLLIQUID,1000.0,1000.01,999.99,1000.0,1000.01,1000.0,,1000.0,,,3042,3042011.4,24,F1,1,,,,,
2026-09-23,2026-09-23,CM,NSE,STK,761066,INF209KC1662,ABSLMSCIN,EQ,,,,,BIRLASLAMC - ABSLMSCIN,28.94,29.03,28.83,29.03,29.03,28.8,,29.03,,,77,2221.99,5,F1,1,,,,,
2026-09-23,2026-09-23,CM,NSE,STK,7339,INF209KB16D7,ABSLNN50ET,EQ,,,,,BIRLASLAMC - ABSLNN50ET,76.0,76.39,75.88,76.24,76.13,75.97,,76.24,,,5408,411587.48,158,F1,1,,,,,
2026-09-23,2026-09-23,CM,NSE,STK,5957,INF209KB10E8,BSLSENETFG,EQ,,,,,BIRLASLAMC - BSLSENETFG,75.66,75.83,75.17,75.32,75.5,75.16,,75.32,,,931,70260.41,66,F1,1,,,,,
2026-09-23,2026-09-23,CM,NSE,STK,24847,INF209KC1142,GSEC10ABSL,EQ,,,,,BIRLASLAMC - GSEC10ABSL,112.0,112.0,112.0,112.0,112.0,112.1,,112.0,,,1,112.0,1,F1,1,,,,,
2026-09-23,2026-09-23,CM,NSE,STK,6297,INF209KB10C2,HEALTHY,EQ,,,,,BIRLASLAMC - HEALTHY,17.08,17.54,17.08,17.36,17.42,17.24,,17.36,,,636884,11042567.53,815,F1,1,,,,,
2026-09-23,2026-09-23,CM,NSE,STK,10693,INF209KB14K7,MOMENTUM,EQ,,,,,BIRLASLAMC - MOMENTUM,29.98,30.98,29.98,30.94,30.94,30.75,,30.94,,,48982,1514448.68,127,F1,1,,,,,
2026-09-23,2026-09-23,CM,NSE,STK,10690,INF209KB15K4,NIFTYQLITY,EQ,,,,,BIRLASLAMC - NIFTYQLITY,20.39,20.63,20.39,20.56,20.61,20.39,,20.55,,,14102,289628.11,112,F1,1,,,,,
2026-09-23,2026-09-23,CM,NSE,STK,8003,INF209KB19F6,SILVER,EQ,,,,,BIRLASLAMC - SILVER,231.86,233.5,229.68,230.26,230.13,230.01,,230.27,,,635480,147443889.31,5286,F1,1,,,,,
2026-09-23,2026-09-23,CM,NSE,STK,6462,INF209KB11D8,TECH,EQ,,,,,BIRLASLAMC - TECH,31.37,31.5,31.0,31.05,31.25,31.37,,31.05,,,59892,1861456.85,300,F1,1,,,,,
2026-09-23,2026-09-23,CM,NSE,STK,23806,INF209KB19Z4,ABSLPSE,EQ,,,,,BIRLASLAMC-ABSLPSE,9.95,10.09,9.95,10.02,9.97,10.0,,10.02,,,86429,868988.22,270,F1,1,,,,,
2026-09-23,2026-09-23,CM,NSE,STK,6994,INE836A01035,BSOFT,EQ,,,,,BIRLASOFT LIMITED,281.1,282.8,280.0,281.1,280.55,281.15,,281.1,,,572371,160921910.2,10538,F1,1,,,,,
2026-09-23,2026-09-23,CM,NSE,STK,3435,INE676A01027,BBOX,EQ,,,,,BLACK BOX LIMITED,815.0,834.5,803.0,809.85,809.25,810.05,,809.81,,,393313,321156992.6,24092,F1,1,,,,,
2026-09-23,2026-09-23,CM,NSE,STK,762601,INE761G01016,BLACKROSE,BE,,,,,BLACK ROSE INDS. LTD.,114.38,115.99,110.0,114.91,115.98,113.25,,114.69,,,34753,3942509.55,304,F1,1,,,,,
2026-09-23,2026-09-23,CM,NSE,STK,27144,INE0UIZ01018,BLACKBUCK,EQ,,,,,BLACKBUCK LIMITED,628.75,630.25,614.1,616.05,614.75,620.35,,616.03,,,548088,340090392.5,22762,F1,1,,,,,
2026-09-23,2026-09-23,CM,NSE,STK,8132,INE791A01024,BLBLIMITED,EQ,,,,,BLB LIMITED,16.5,17.44,16.15,17.33,17.38,16.22,,17.32,,,310344,5280835.98,1266,F1,1,,,,,
2026-09-23,2026-09-23,CM,NSE,STK,19269,INE416D01022,BLISSGVS,BE,,,,,BLISS GVS PHARMA LTD,684.0,717.0,681.05,699.2,698.9,694.6,,699.12,,,152263,107208366.35,2010,F1,1,,,,,
2026-09-23,2026-09-23,CM,NSE,STK,22566,INE0NLT01010,BLSE,EQ,,,,,BLS E-SERVICES LIMITED,329.0,331.15,319.2,322.45,322.05,328.1,,322.45,,,430157,139443402.95,11192,F1,1,,,,,
2026-09-23,2026-09-23,CM,NSE,STK,17279,INE153T01027,BLS,EQ,,,,,BLS INTL SERVS LTD,229.4,231.2,228.05,230.07,230.21,228.71,,230.08,,,477976,109737756.66,11698,F1,1,,,,,
2026-09-23,2026-09-23,CM,NSE,STK,765040,INE373T01047,BLUECLOUDS,EQ,,,,,BLUE CLOUD SOFTECH SOLU L,19.18,20.15,19.1,19.73,19.72,19.17,,19.73,,,1660415,32548795.74,4736,F1,1,,,,,
2026-09-23,2026-09-23,CM,NSE,STK,7480,INE472B01011,BLUECOAST,EQ,,,,,BLUE COAST HOTELS LIMITED,20.82,20.82,19.83,20.82,20.82,19.83,,20.82,,,41,847.29,12,F1,1,,,,,
2026-09-23,2026-09-23,CM,NSE,STK,495,INE233B01017,BLUEDART,EQ,,,,,BLUE DART EXPRESS LTD,4786.6,4835.0,4780.0,4799.5,4800.0,4786.6,,4799.38,,,4902,23530669.9,1800,F1,1,,,,,
2026-09-23,2026-09-23,CM,NSE,STK,19686,INE0KBH01020,BLUEJET,EQ,,,,,BLUE JET HEALTHCARE LTD,589.95,594.75,578.3,585.75,584.4,587.3,,585.74,,,535536,312982351.55,27868,F1,1,,,,,
2026-09-23,2026-09-23,CM,NSE,STK,23413,INE0SAK01011,BLUEPEBBLE,ST,,,,,BLUE PEBBLE LIMITED,75.0,75.0,75.0,75.0,75.0,76.0,,75.0,,,1200,90000.0,3,F1,400,,,,,
2026-09-23,2026-09-23,CM,NSE,STK,8311,INE472A01039,BLUESTARCO,EQ,,,,,BLUE STAR LIMITED,1533.0,1547.9,1526.2,1532.6,1532.6,1525.0,,1532.69,,,110416,169677547.4,8391,F1,1,,,,,
2026-09-23,2026-09-23,CM,NSE,STK,758185,INE0X3M01010,BLUEWATER,ST,,,,,BLUE WATER LOGISTICS LTD,489.95,500.0,485.0,500.0,500.0,482.0,,500.0,,,11000,5389850.0,10,F1,1000,,,,,
2026-09-23,2026-09-23,CM,NSE,STK,759291,INE304W01038,BLUESTONE,EQ,,,,,BLUESTONE JEWEL LFSTL LTD,941.95,969.9,824.0,855.5,850.0,930.4,,855.34,,,9219890,7992198072.9,267836,F1,1,,,,,
2026-09-23,2026-09-23,CM,NSE,STK,757520,INE0U4101014,BLUSPRING,EQ,,,,,BLUSPRING ENTERPRISES LTD,127.0,138.01,127.0,132.59,133.0,125.47,,132.59,,,675699,91099779.17,3653,F1,1,,,,,
2026-09-23,2026-09-23,CM,NSE,STK,759256,INE965W01036,BMWVENTLTD,EQ,,,,,BMW VENTURES LIMITED,52.49,52.83,50.55,51.2,50.95,51.92,,51.21,,,178615,9274108.88,1172,F1,1,,,,,
2026-09-23,2026-09-23,CM,NSE,STK,762608,INE00HZ01011,BNAGROCHEM,EQ,,,,,BN AGROCHEM LTD.,204.46,208.0,200.85,206.88,200.85,200.85,,206.88,,,1181,243501.11,26,F1,1,,,,,
2026-09-23,2026-09-23,CM,NSE,STK,760821,INE00XL07015,975BNAL28,N0,,,,,BNAL 9.75% 2028 SR TR 1,9800.0,9800.0,9800.0,9800.0,9800.0,9800.0,,9800.0,,,1,9800.0,1,F1,1,,,,,
2026-09-23,2026-09-23,CM,NSE,STK,25017,INE338D01028,BODALCHEM,EQ,,,,,BODAL CHEMICALS LTD,193.9,202.54,193.9,199.53,199.99,192.9,,199.57,,,2073889,414724611.03,12728,F1,1,,,,,
2026-09-23,2026-09-23,CM,NSE,STK,14150,INE0EEJ01023,BTML,EQ,,,,,BODHI TREE MULTIMEDIA LTD,7.2,7.32,6.9,7.15,7.09,7.15,,7.15,,,844976,6077680.78,405,F1,1,,,,,
2026-09-23,2026-09-23,CM,NSE,STK,11640,INE802W01023,BOHRAIND,EQ,,,,,BOHRA INDUSTRIES LIMITED,13.26,13.87,13.26,13.64,13.51,13.26,,13.64,,,2758,37618.64,19,F1,1,,,,,
2026-09-23,2026-09-23,CM,NSE,STK,380,INE050A01025,BBTC,EQ,,,,,BOMBAY BURMAH TRADING COR,1466.0,1480.9,1442.1,1450.2,1454.0,1460.4,,1450.18,,,48883,71240675.8,4055,F1,1,,,,,
2026-09-23,2026-09-23,CM,NSE,STK,513,INE032A01023,BOMDYEING,EQ,,,,,BOMBAY DYEING & MFG. CO L,109.99,113.72,109.71,111.52,111.32,109.58,,111.53,,,471331,52494711.5,4934,F1,1,,,,,
2026-09-23,2026-09-23,CM,NSE,STK,6052,INE0I3Y01014,BMETRICS,SM,,,,,BOMBAY METRICS S C LTD,33.0,34.9,33.0,34.9,34.9,33.0,,34.9,,,1600,54320.0,2,F1,800,,,,,
2026-09-23,2026-09-23,CM,NSE,STK,809,INE032Z01020,BSHSL,EQ,,,,,BOMBAY SUPER HYBRID SEEDS,87.7,87.7,84.9,85.57,84.92,85.64,,85.68,,,5188,448362.21,88,F1,1,,,,,
2026-09-23,2026-09-23,CM,NSE,STK,31040,INE906B07CB9,830NHAI27,N2,,,,,BOND 8.30% PA TAX FREE S2,1001.0,1004.9,1001.0,1004.6,1004.6,1004.96,,1004.6,,,1828,1835871.67,31,F1,1,,,,,
2026-09-23,2026-09-23,CM,NSE,STK,603,INE053F07686,865IRFC29,,,,,,BOND 8.65% PA TF TI-SIIB,1103.01,1115.0,1100.1,1107.0,1107.0,1110.0,,1113.5,,,3450,3827762.9,24,F1,1,,,,,
2026-09-23,2026-09-23,CM,NSE,STK,30990,INE020B07HS2,871REC28,N9,,,,,BOND 8.71% TAX FREE S2B,1127.2,1127.2,1121.12,1126.26,1126.01,1132.99,,1126.32,,,1300,1461601.95,11,F1,1,,,,,
2026-09-23,2026-09-23,CM,NSE,STK,31967,INE557F07108,863NHB34,N3,,,,,BOND 8.76%PA TF TR-I S 3A,6275.0,6275.0,6275.0,6275.0,6275.0,6450.0,,6275.0,,,3,18825.0,1,F1,1,,,,,
2026-09-23,2026-09-23,CM,NSE,STK,1999,INE053F07744,888IRFC29,NE,,,,,BOND 8.88% PA TF TII-SIIB,1129.98,1130.0,1129.86,1130.0,1130.0,1124.0,,1130.0,,,1699,1919804.54,30,F1,1,,,,,
2026-09-23,2026-09-23,CM,NSE,STK,31970,INE557F07132,901NHB34,N6,,,,,BOND 9.01%PA TF TR-I S 3B,6399.0,6489.98,6385.05,6397.11,6391.0,6399.0,,6397.11,,,285,1824377.23,11,F1,1,,,,,
2026-09-23,2026-09-23,CM,NSE,STK,2947,INE020B07IG5,888REC29,NF,,,,,BOND8.88% PA TF TR II S2B,1143.21,1155.49,1140.62,1155.49,1155.49,1158.0,,1145.0,,,1615,1846131.35,7,F1,1,,,,,
2026-09-23,2026-09-23,CM,NSE,STK,761056,INE0B9A01018,BONLON,EQ,,,,,BONLON INDUSTRIES LIMITED,41.0,41.81,40.19,40.93,40.51,40.07,,40.91,,,9103,371671.48,138,F1,1,,,,,
2026-09-23,2026-09-23,CM,NSE,STK,757919,INE16SF01016,BORANA,EQ,,,,,BORANA WEAVES LIMITED,298.0,304.95,293.55,295.5,298.0,292.4,,295.51,,,32247,9635140.9,505,F1,1,,,,,
2026-09-23,2026-09-23,CM,NSE,STK,19401,INE02PY01013,BOROLTD,EQ,,,,,BOROSIL LIMITED,264.4,269.99,262.0,267.5,267.3,263.57,,267.44,,,128862,34358049.93,3254,F1,1,,,,,
2026-09-23,2026-09-23,CM,NSE,STK,3149,INE666D01022,BORORENEW,EQ,,,,,BOROSIL RENEWABLES LTD,476.9,482.75,472.8,475.0,474.8,474.7,,474.81,,,244086,116383444.5,11814,F1,1,,,,,
2026-09-23,2026-09-23,CM,NSE,STK,24014,INE02L001032,BOROSCI,EQ,,,,,BOROSIL SCIENTIFIC LTD,119.5,121.01,117.0,117.74,117.99,119.81,,117.74,,,257217,30529730.59,2419,F1,1,,,,,
2026-09-23,2026-09-23,CM,NSE,STK,4491,INE782A01015,BOSCH-HCIL,EQ,,,,,BOSCH HOME COMFRT IND LTD,1739.9,1776.8,1723.6,1769.8,1768.0,1720.8,,1769.79,,,23705,41713284.4,3163,F1,1,,,,,
2026-09-23,2026-09-23,CM,NSE,STK,2181,INE323A01026,BOSCHLTD,EQ,,,,,BOSCH LIMITED,48290.0,48330.0,47585.0,47955.0,47955.0,48290.0,,47955.0,,,11137,533367565.0,5774,F1,1,,,,,
2026-09-23,2026-09-23,CM,NSE,STK,25122,INE0QNI01012,BOSS,ST,,,,,BOSS PACKAGING SOLU LTD,56.65,56.65,56.65,56.65,56.65,57.1,,56.65,,,4000,226600.0,2,F1,2000,,,,,
2026-09-23,2026-09-23,CM,NSE,STK,530,INE110A01019,BPL,EQ,,,,,BPL LTD,45.78,46.4,44.25,45.09,45.35,45.2,,45.06,,,44133,1995662.19,685,F1,1,,,,,
2026-09-23,2026-09-23,CM,NSE,STK,24905,INE0R4Z01018,BRACEPORT,SM,,,,,BRACE PORT LOGISTICS LTD,65.4,72.85,64.0,70.5,70.5,64.8,,70.5,,,80000,5412560.0,45,F1,1600,,,,,
2026-09-23,2026-09-23,CM,NSE,STK,764628,INE320I01017,BRAHMINFRA,EQ,,,,,BRAHMAPUTRA INFRA L,162.5,162.5,154.0,154.55,155.67,156.51,,154.63,,,13444,2124789.08,566,F1,1,,,,,
2026-09-23,2026-09-23,CM,NSE,STK,24814,INE02RE01045,FIRSTCRY,EQ,,,,,BRAINBEES SOLUTIONS LTD,176.8,183.2,175.63,180.41,180.6,175.08,,180.42,,,3586209,643198101.71,36722,F1,1,,,,,
2026-09-23,2026-09-23,CM,NSE,STK,7780,INE977Y01011,BCONCEPTS,EQ,,,,,BRAND CONCEPTS LIMITED,150.71,156.6,150.7,153.06,152.5,152.58,,153.06,,,2512,385300.86,277,F1,1,,,,,
2026-09-23,2026-09-23,CM,NSE,STK,760972,INE0XUD01014,BRANDMAN,SM,,,,,BRANDMAN RETAIL LIMITED,163.95,164.0,163.9,164.0,164.0,160.0,,164.0,,,3200,524640.0,3,F1,800,,,,,
2026-09-23,2026-09-23,CM,NSE,STK,15184,INE791I01019,BRIGADE,EQ,,,,,BRIGADE ENTER. LTD,616.55,624.9,614.15,616.45,615.5,616.55,,616.41,,,175436,108537094.2,11832,F1,1,,,,,
2026-09-23,2026-09-23,CM,NSE,STK,757794,INE03NU01014,BRIGHOTEL,EQ,,,,,BRIGADE HOTEL VENTURE LTD,56.95,57.35,56.48,57.05,57.25,56.48,,57.06,,,60089,3422540.07,1806,F1,1,,,,,
2026-09-23,2026-09-23,CM,NSE,STK,764633,INE630D01010,BRIGHTBR,EQ,,,,,BRIGHT BROTHERS LTD.,253.0,253.0,249.2,251.1,249.2,252.95,,252.93,,,515,129139.5,29,F1,1,,,,,
2026-09-23,2026-09-23,CM,NSE,STK,8833,INE425B01027,BCG,EQ,,,,,BRIGHTCOM GROUP LIMITED,9.6,9.77,9.54,9.59,9.63,9.6,,9.59,,,4593817,44186482.82,5213,F1,1,,,,,
2026-09-23,2026-09-23,CM,NSE,STK,547,INE216A01030,BRITANNIA,EQ,,,,,BRITANNIA INDUSTRIES LTD,4927.5,4965.0,4905.0,4929.0,4929.0,4918.0,,4929.14,,,207441,1026256489.0,22494,F1,1,,,,,
2026-09-23,2026-09-23,CM,NSE,STK,2203,INE0FDU25010,BIRET,RR,,,,,BROOKFIELD INDIA RET,339.4,339.4,336.11,338.89,338.85,338.98,,338.89,,,232894,78902960.32,10035,F1,1,,,,,
2026-09-23,2026-09-23,CM,NSE,STK,25136,INE650L01011,BROOKS,EQ,,,,,BROOKS LAB LIMITED,60.74,62.49,59.09,61.0,60.6,59.09,,61.21,,,78607,4814722.98,657,F1,1,,,,,
2026-09-23,2026-09-23,CM,NSE,STK,19585,INE118H01025,BSE,EQ,,,,,BSE LIMITED,3249.0,3280.0,3214.2,3270.7,3270.7,3235.0,,3270.7,,,2796681,9088212947.9,118373,F1,1,,,,,
2026-09-23,2026-09-23,CM,NSE,STK,559,INE594B01012,BSL,EQ,,,,,BSL LTD,124.28,125.9,123.01,124.24,124.98,125.54,,124.24,,,2400,298867.32,164,F1,1,,,,,
2026-09-23,2026-09-23,CM,NSE,STK,2716,INE295F01017,BUTTERFLY,EQ,,,,,BTRFLY GANDHI APPL LTD,566.7,577.95,564.3,566.0,565.0,562.3,,565.99,,,9270,5266286.8,541,F1,1,,,,,
2026-09-23,2026-09-23,CM,NSE,STK,15198,INE817H01022,BURNPUR,BE,,,,,BURNPUR CEMENT LIMITED,15.9,16.5,15.33,15.77,15.84,16.12,,15.74,,,61750,978385.04,284,F1,1,,,,,
2026-09-23,2026-09-23,CM,NSE,STK,764643,INE084D01010,CGVAK,EQ,,,,,C G V A K SOFTWARE & EX L,145.0,149.0,145.0,148.67,146.6,145.41,,146.48,,,526,77818.83,48,F1,1,,,,,
2026-09-23,2026-09-23,CM,NSE,STK,760854,INE0SMX01019,CKKRETAIL,SM,,,,,C K K RETAIL MART LIMITED,178.0,178.0,173.0,173.0,173.0,174.75,,173.0,,,1600,280800.0,2,F1,800,,,,,
2026-09-23,2026-09-23,CM,NSE,STK,18372,INE0QBU01012,CPS,SM,,,,,C P S SHAPERS LIMITED,1190.0,1190.0,1150.0,1150.0,1150.0,1185.0,,1150.0,,,8850,10513500.0,3,F1,150,,,,,
2026-09-23,2026-09-23,CM,NSE,STK,7227,INE0BV301023,MAPMYINDIA,EQ,,,,,C.E. INFO SYSTEMS LIMITED,923.9,935.8,894.8,906.8,915.0,922.0,,906.73,,,184879,169277636.9,9989,F1,1,,,,,
2026-09-23,2026-09-23,CM,NSE,STK,27274,INE0U7V01015,C2C,SM,,,,,C2C ADVANCED SYSTEMS LTD,186.0,187.05,181.0,181.35,181.5,187.6,,181.35,,,127350,23289465.0,567,F1,150,,,,,
2026-09-23,2026-09-23,CM,NSE,STK,764255,INE11XY01018,CMLL,EQ,,,,,CALIBER MINING AND LOG L,495.0,513.3,483.95,504.65,502.0,490.9,,504.57,,,514379,258662049.3,18090,F1,1,,,,,
2026-09-23,2026-09-23,CM,NSE,STK,8400,INE526B01014,CALSOFT,BE,,,,,CALIFORNIA SOFTWARE CO LT,38.22,41.0,38.22,40.02,39.8,39.64,,40.02,,,138307,5469260.83,640,F1,1,,,,,
2026-09-23,2026-09-23,CM,NSE,STK,14222,INE627H01017,CTE,BE,,,,,CAMBRIDGE TECH ENTER LTD,43.81,44.8,42.49,43.95,43.95,43.81,,44.42,,,7435,324736.96,51,F1,1,,,,,
2026-09-23,2026-09-23,CM,NSE,STK,6216,INE052I01032,CAMLINFINE,EQ,,,,,CAMLIN FINE SCIENCES LTD,97.9,102.0,96.97,98.69,98.3,96.45,,98.69,,,1115122,110703721.42,11311,F1,1,,,,,
2026-09-23,2026-09-23,CM,NSE,STK,9362,INE278Y01022,CAMPUS,EQ,,,,,CAMPUS ACTIVEWEAR LIMITED,212.0,213.19,210.9,211.05,211.3,211.35,,211.05,,,212531,44964058.52,6904,F1,1,,,,,
2026-09-23,2026-09-23,CM,NSE,STK,583,INE477A01020,CANFINHOME,EQ,,,,,CAN FIN HOMES LTD,761.0,767.4,753.75,757.95,758.0,759.55,,757.95,,,216630,165003267.7,7812,F1,1,,,,,
2026-09-23,2026-09-23,CM,NSE,STK,10794,INE476A01022,CANBK,EQ,,,,,CANARA BANK,123.2,126.3,123.17,126.0,126.0,122.9,,126.0,,,15597011,1954012034.62,72806,F1,1,,,,,
2026-09-23,2026-09-23,CM,NSE,STK,759477,INE01TY01017,CANHLIFE,EQ,,,,,CANARA HSBC LIFE INS CO L,152.98,154.24,150.5,151.63,150.81,153.4,,151.63,,,262543,39929741.82,6246,F1,1,,,,,
2026-09-23,2026-09-23,CM,NSE,STK,759311,INE218I01013,CRAMC,EQ,,,,,CANARA ROBECO AMC LIMITED,230.2,232.0,226.75,230.35,230.25,227.9,,230.36,,,925674,211909374.5,17923,F1,1,,,,,
2026-09-23,2026-09-23,CM,NSE,STK,19368,INE0QG301017,CANARYS,SM,,,,,CANARYS AUTOMATIONS LTD,30.95,32.6,30.95,31.95,31.95,30.5,,31.95,,,408000,12988400.0,90,F1,4000,,,,,
2026-09-23,2026-09-23,CM,NSE,STK,20160,INE068L01024,CANTABIL,EQ,,,,,CANTABIL RETAIL LTD,239.9,241.0,235.81,238.55,238.0,238.85,,238.55,,,169647,40461595.41,2695,F1,1,,,,,
2026-09-23,2026-09-23,CM,NSE,STK,21749,INE264T01014,CAPACITE,EQ,,,,,CAPACITE INFRAPROJECT LTD,195.49,199.74,194.6,198.25,197.8,194.73,,198.26,,,242003,47657738.12,3632,F1,1,,,,,
2026-09-23,2026-09-23,CM,NSE,STK,759867,INE0ILV01024,CAPILLARY,EQ,,,,,CAPILLARY TECHNO INDIA L,550.95,563.5,541.15,545.55,543.55,547.1,,545.58,,,607870,334876817.2,19277,F1,1,,,,,
2026-09-23,2026-09-23,CM,NSE,STK,756015,INE345H01024,CIFL,EQ,,,,,CAPITAL INDIA FINANCE LTD,20.65,24.29,20.65,21.34,21.5,21.27,,21.34,,,516089,11092724.59,1994,F1,1,,,,,
2026-09-23,2026-09-23,CM,NSE,STK,29157,INE0Z8Z23013,CAPINVIT,IV,,,,,CAPITAL INFRA TRUST,76.95,77.29,76.95,77.04,77.13,76.93,,77.05,,,643846,49629177.5,1217,F1,1,,,,,
2026-09-23,2026-09-23,CM,NSE,STK,22675,INE646H01017,CAPITALSFB,EQ,,,,,CAPITAL SMALL FIN BANK L,281.3,286.7,279.05,284.6,285.0,281.3,,284.59,,,33387,9477370.0,665,F1,1,,,,,
2026-09-23,2026-09-23,CM,NSE,STK,19451,INE707C01018,CAPTRUST,BE,,,,,CAPITAL TRUST LIMITED,19.6,19.6,19.01,19.35,19.54,19.5,,19.35,,,23953,463468.61,43,F1,1,,,,,
2026-09-23,2026-09-23,CM,NSE,STK,3906,INE475E01026,CAPLIPOINT,EQ,,,,,CAPLIN POINT LAB LTD.,2777.3,2834.9,2777.2,2793.8,2792.0,2777.3,,2793.57,,,64325,180160763.3,12295,F1,1,,,,,
2026-09-23,2026-09-23,CM,NSE,STK,20329,INE180C01042,CGCL,EQ,,,,,CAPRI GLOBAL CAPITAL LTD,268.0,276.6,268.0,268.6,268.9,267.05,,268.6,,,3923518,1064766854.7,28437,F1,1,,,,,
2026-09-23,2026-09-23,CM,NSE,STK,764203,INE536P01021,CPL,EQ,,,,,CAPTAIN POLYPLAST LIMITED,63.3,63.3,62.05,62.46,62.4,62.7,,62.46,,,25157,1576374.78,334,F1,1,,,,,
2026-09-23,2026-09-23,CM,NSE,STK,595,INE120A01034,CARBORUNIV,EQ,,,,,CARBORUNDUM UNIVERSAL LTD,1217.5,1272.9,1212.5,1264.5,1263.9,1211.3,,1264.42,,,597871,743599789.9,38043,F1,1,,,,,
2026-09-23,2026-09-23,CM,NSE,STK,29113,INE752H01013,CARERATING,EQ,,,,,CARE RATINGS LIMITED,1633.9,1650.0,1623.1,1639.6,1644.4,1627.8,,1639.59,,,18775,30771675.1,4476,F1,1,,,,,
2026-09-23,2026-09-23,CM,NSE,STK,758941,INE0P6P01016,CPEDU,EQ,,,,,CAREER POINT EDUTECH LTD,173.0,181.0,173.0,179.52,176.1,177.35,,179.52,,,4137,737915.56,106,F1,1,,,,,
2026-09-23,2026-09-23,CM,NSE,STK,28879,INE0V7W01012,CARRARO,EQ,,,,,CARRARO INDIA LIMITED,543.0,556.9,538.0,554.6,554.0,542.3,,554.63,,,156054,85874165.35,8784,F1,1,,,,,
2026-09-23,2026-09-23,CM,NSE,STK,5407,INE290S01011,CARTRADE,EQ,,,,,CARTRADE TECH LIMITED,2910.0,3016.0,2910.0,3001.8,2988.0,2907.9,,3001.96,,,183741,547781422.9,26576,F1,1,,,,,
2026-09-23,2026-09-23,CM,NSE,STK,1879,INE482D01024,CARYSIL,EQ,,,,,CARYSIL LIMITED,1067.9,1089.7,1059.1,1085.1,1084.7,1065.3,,1085.07,,,67696,73068702.4,5788,F1,1,,,,,
2026-09-23,2026-09-23,CM,NSE,STK,758129,INE0WL201014,CUDML,SM,,,,,CASH UR DRIVE MARKETING L,103.05,103.95,100.0,100.55,100.0,102.35,,100.55,,,30000,3047950.0,21,F1,1000,,,,,
2026-09-23,2026-09-23,CM,NSE,STK,1250,INE172A01027,CASTROLIND,EQ,,,,,CASTROL INDIA LIMITED,195.95,195.95,190.1,193.23,193.11,195.61,,193.23,,,3637883,702322513.71,32976,F1,1,,,,,
2026-09-23,2026-09-23,CM,NSE,STK,11452,INE421D01022,CCL,EQ,,,,,CCL PRODUCTS (I) LTD,1047.1,1053.9,1028.7,1043.2,1042.0,1050.0,,1043.2,,,235839,244765681.2,18290,F1,1,,,,,
2026-09-23,2026-09-23,CM,NSE,STK,15254,INE482A01020,CEATLTD,EQ,,,,,CEAT LIMITED,3403.0,3474.0,3393.0,3432.2,3430.0,3401.4,,3432.23,,,28791,98966571.4,6029,F1,1,,,,,
2026-09-23,2026-09-23,CM,NSE,STK,757690,INE11J101017,CEDAAR,ST,,,,,CEDAAR TEXTILE LIMITED,11.5,11.5,11.5,11.5,11.5,11.0,,11.5,,,1000,11500.0,1,F1,1000,,,,,
2026-09-23,2026-09-23,CM,NSE,STK,24742,INE0AG901020,CEIGALL,EQ,,,,,CEIGALL INDIA LIMITED,379.05,396.0,377.0,388.85,389.0,377.2,,388.85,,,610450,238028376.25,13155,F1,1,,,,,
2026-09-23,2026-09-23,CM,NSE,STK,761037,INE016Q01014,CEINSYS,EQ,,,,,CEINSYS TECH LIMITED,707.7,715.0,701.05,712.05,714.95,701.5,,711.99,,,36833,26106466.95,2246,F1,1,,,,,
2026-09-23,2026-09-23,CM,NSE,STK,13162,INE185H01016,CELEBRITY,EQ,,,,,CELEBRITY FASHIONS LTD,6.72,6.8,6.32,6.65,6.79,6.79,,6.64,,,25774,169373.9,174,F1,1,,,,,
2026-09-23,2026-09-23,CM,NSE,STK,16950,INE0O0001013,CELLPOINT,SM,,,,,CELL POINT (INDIA) LTD,14.3,16.0,14.3,14.65,14.65,14.1,,14.65,,,9600,140940.0,6,F1,1200,,,,,
2026-09-23,2026-09-23,CM,NSE,STK,18806,INE0OMO01025,CELLECOR,SM,,,,,CELLECOR GADGETS LIMITED,30.1,30.3,29.85,30.0,30.0,30.4,,30.0,,,51000,1532400.0,17,F1,3000,,,,,
2026-09-23,2026-09-23,CM,NSE,STK,19795,INE0LMW01024,CELLO,EQ,,,,,CELLO WORLD LIMITED,320.3,326.55,319.8,324.1,324.6,320.3,,324.1,,,121087,39248487.15,5161,F1,1,,,,,
2026-09-23,2026-09-23,CM,NSE,STK,5622,INE686A01026,CEMPRO,EQ,,,,,CEMINDIA PROJECTS LIMITED,1327.0,1344.6,1305.1,1311.2,1308.3,1319.3,,1311.15,,,196274,259127520.6,16157,F1,1,,,,,
2026-09-23,2026-09-23,CM,NSE,STK,14894,INE483A01010,CENTRALBK,EQ,,,,,CENTRAL BANK OF INDIA,31.32,31.8,31.26,31.63,31.62,31.37,,31.63,,,4418230,139770300.76,17388,F1,1,,,,,
2026-09-23,2026-09-23,CM,NSE,STK,21174,INE736A01011,CDSL,EQ,,,,,CENTRAL DEPO SER (I) LTD,1348.0,1359.5,1347.2,1351.1,1351.1,1348.0,,1351.1,,,400345,542324800.6,18318,F1,1,,,,,
2026-09-23,2026-09-23,CM,NSE,STK,761581,INE05HV01027,CMPDI,EQ,,,,,CENTRAL MINE P N D INST L,209.29,218.76,208.51,213.53,214.0,209.34,,213.54,,,1555190,334369095.48,25057,F1,1,,,,,
2026-09-23,2026-09-23,CM,NSE,STK,2454,INE660C01027,CENTRUM,EQ,,,,,CENTRUM CAPITAL LIMITED,21.85,21.85,20.91,21.21,21.4,21.43,,21.2,,,431850,9152598.63,793,F1,1,,,,,
2026-09-23,2026-09-23,CM,NSE,STK,14982,INE320B01020,CENTUM,EQ,,,,,CENTUM ELECTRONICS LTD,4887.0,4999.5,4760.1,4826.1,4806.0,4858.7,,4826.28,,,196068,956379650.0,36346,F1,1,,,,,
2026-09-23,2026-09-23,CM,NSE,STK,619,INE485A01015,CENTENKA,EQ,,,,,CENTURY ENKA LTD,565.65,584.0,565.65,580.55,581.0,567.4,,580.57,,,33020,19042973.2,2237,F1,1,,,,,
2026-09-23,2026-09-23,CM,NSE,STK,11511,INE281A01026,CENTEXT,EQ,,,,,CENTURY EXTRUSIONS LTD,18.63,18.9,18.25,18.79,18.78,18.63,,18.8,,,252857,4720932.74,826,F1,1,,,,,
2026-09-23,2026-09-23,CM,NSE,STK,766164,INE281A20018,CENTEXT-RE,BE,,,,,CENTURY EXTRUSIONS LTD,2.18,2.25,2.18,2.19,2.18,3.63,,2.19,,,522570,1141913.17,1198,F1,1,,,,,
2026-09-23,2026-09-23,CM,NSE,STK,13305,INE348B01021,CENTURYPLY,EQ,,,,,CENTURY PLYBOARDS (I) LTD,695.0,716.8,695.0,711.9,714.0,695.6,,711.92,,,61115,43319352.7,5539,F1,1,,,,,
2026-09-23,2026-09-23,CM,NSE,STK,15039,INE739E01017,CERA,EQ,,,,,CERA SANITARYWARE LTD,5520.0,5544.0,5501.0,5520.0,5527.0,5501.0,,5520.02,,,3192,17635256.5,990,F1,1,,,,,
2026-09-23,2026-09-23,CM,NSE,STK,628,INE486A01021,CESC,EQ,,,,,CESC LTD,142.55,143.15,142.0,142.56,142.47,142.52,,142.56,,,699865,99893223.69,11204,F1,1,,,,,
2026-09-23,2026-09-23,CM,NSE,STK,760,INE067A01029,CGPOWER,EQ,,,,,CG POWER AND IND SOL LTD,904.45,906.8,890.5,895.0,895.0,896.1,,895.0,,,1329293,1193913766.0,26093,F1,1,,,,,
2026-09-23,2026-09-23,CM,NSE,STK,8546,INE427F01016,CHALET,EQ,,,,,CHALET HOTELS LIMITED,875.0,904.4,871.2,884.05,886.0,872.35,,884.03,,,188427,168156351.45,18429,F1,1,,,,,
2026-09-23,2026-09-23,CM,NSE,STK,3482,INE419D01026,CLSEL,EQ,,,,,CHAMAN LAL SETIA EXP LTD,293.45,298.6,293.0,296.25,297.85,293.4,,296.23,,,35431,10494304.1,1259,F1,1,,,,,
2026-09-23,2026-09-23,CM,NSE,STK,13731,INE06PV01010,CMNL,SM,,,,,CHAMAN METALLICS LIMITED,115.0,116.0,112.5,113.45,113.45,116.0,,113.45,,,36000,4146637.5,16,F1,750,,,,,
2026-09-23,2026-09-23,CM,NSE,STK,637,INE085A01013,CHAMBLFERT,EQ,,,,,CHAMBAL FERTILIZERS LTD,418.5,421.65,417.75,419.6,420.0,418.5,,419.59,,,394631,165661348.55,17483,F1,1,,,,,
2026-09-23,2026-09-23,CM,NSE,STK,29633,INE0B2N01016,CHANDAN,SM,,,,,CHANDAN HEALTHCARE LTD,222.05,226.0,221.0,222.55,223.2,226.25,,222.55,,,35200,7878920.0,44,F1,800,,,,,
2026-09-23,2026-09-23,CM,NSE,STK,18654,INE0PT101017,CHAVDA,SM,,,,,CHAVDA INFRA LIMITED,142.2,142.5,140.0,140.0,140.0,140.0,,140.0,,,131000,18392300.0,84,F1,1000,,,,,
2026-09-23,2026-09-23,CM,NSE,STK,757991,INE0TGX01019,CHEMBONDCH,BE,,,,,CHEMBOND CHEMICAL LIMITED,266.1,267.95,257.25,259.5,262.0,260.4,,258.42,,,2935,764621.25,81,F1,1,,,,,
2026-09-23,2026-09-23,CM,NSE,STK,14618,INE995D01025,CHEMBOND,EQ,,,,,CHEMBOND MATERIALTECH LTD,197.44,197.44,190.02,193.68,192.0,192.77,,193.12,,,8790,1709204.73,597,F1,1,,,,,
2026-09-23,2026-09-23,CM,NSE,STK,276,INE03YM01018,CHEMCON,BE,,,,,CHEMCON SPECIAL CHEM LTD,225.0,230.99,225.0,228.66,227.15,227.4,,228.57,,,24935,5674833.22,483,F1,1,,,,,
2026-09-23,2026-09-23,CM,NSE,STK,765045,INE298W01016,CHEMCRUX,EQ,,,,,CHEMCRUX ENTERPRISES LTD.,78.57,79.9,77.5,78.16,78.0,78.57,,78.08,,,11227,877999.3,183,F1,1,,,,,
2026-09-23,2026-09-23,CM,NSE,STK,2799,INE783X01023,CHEMFAB,EQ,,,,,CHEMFAB ALKALIS LIMITED,359.45,360.45,346.4,351.6,351.2,354.0,,351.58,,,9224,3244648.8,243,F1,1,,,,,
2026-09-23,2026-09-23,CM,NSE,STK,5449,INE488A01050,CHEMPLASTS,EQ,,,,,CHEMPLAST SANMAR LIMITED,198.95,202.39,195.0,199.4,199.0,198.67,,199.45,,,804982,159942951.77,14735,F1,1,,,,,
2026-09-23,2026-09-23,CM,NSE,STK,2049,INE178A01016,CHENNPETRO,EQ,,,,,CHENNAI PETROLEUM CORP LT,1398.5,1423.0,1380.8,1388.6,1384.7,1392.0,,1388.6,,,1081696,1512835503.9,44010,F1,1,,,,,
2026-09-23,2026-09-23,CM,NSE,STK,24625,INE0U1T01012,CHETANA,SM,,,,,CHETANA EDUCATION LIMITED,41.85,41.85,41.85,41.85,41.85,41.9,,41.85,,,1600,66960.0,1,F1,1600,,,,,
2026-09-23,2026-09-23,CM,NSE,STK,9879,INE974B01016,CHEVIOT,EQ,,,,,CHEVIOT COMPANY LIMITED,1171.7,1189.8,1170.7,1176.7,1189.0,1170.4,,1176.7,,,676,797649.0,105,F1,1,,,,,
2026-09-23,2026-09-23,CM,NSE,STK,8866,INE102B01014,CHOICEIN,EQ,,,,,CHOICE INTERNATIONAL LTD,757.85,757.85,750.5,751.85,752.45,760.9,,751.85,,,258470,194533269.1,6152,F1,1,,,,,
2026-09-23,2026-09-23,CM,NSE,STK,759610,INF2KCX01012,CHOICEGOLD,EQ,,,,,CHOICEAMC - CHOICEGOLD,151.0,151.0,149.43,149.87,150.14,149.56,,149.87,,,8181,1229780.35,75,F1,1,,,,,
2026-09-23,2026-09-23,CM,NSE,STK,21740,INE149A01033,CHOLAHLDNG,EQ,,,,,CHOLAMANDALAM FIN HOL LTD,1460.1,1478.0,1446.0,1472.4,1475.0,1459.6,,1472.41,,,233988,342891778.2,21437,F1,1,,,,,
2026-09-23,2026-09-23,CM,NSE,STK,685,INE121A01024,CHOLAFIN,EQ,,,,,CHOLAMANDALAM IN & FIN CO,1760.0,1784.0,1758.7,1774.0,1774.0,1759.1,,1773.98,,,1227152,2174442429.3,44980,F1,1,,,,,
2026-09-23,2026-09-23,CM,NSE,STK,14937,INE536H01010,CIEINDIA,EQ,,,,,CIE AUTOMOTIVE INDIA LTD,392.6,394.65,382.55,384.2,384.35,390.6,,384.18,,,676768,261435820.75,26123,F1,1,,,,,
2026-09-23,2026-09-23,CM,NSE,STK,27161,INE704H01022,CINELINE,EQ,,,,,CINELINE INDIA LIMITED,89.25,92.68,89.0,90.01,90.0,89.16,,90.01,,,14051,1266238.54,278,F1,1,,,,,
2026-09-23,2026-09-23,CM,NSE,STK,8024,INE039B01026,CINEVISTA,EQ,,,,,CINEVISTA LIMITED,14.98,14.98,14.05,14.1,14.45,14.51,,14.1,,,24093,342560.88,175,F1,1,,,,,
2026-09-23,2026-09-23,CM,NSE,STK,694,INE059A01026,CIPLA,EQ,,,,,CIPLA LTD,1382.4,1387.0,1371.8,1383.0,1383.0,1384.1,,1383.0,,,651221,897020664.8,22885,F1,1,,,,,
2026-09-23,2026-09-23,CM,NSE,STK,763149,INE2Q7823014,CITIUSINVT,IV,,,,,CITIUS TRANSNET INV TRUST,119.0,119.3,117.55,118.0,118.0,118.56,,118.0,,,60270,7156533.57,1037,F1,1,,,,,
2026-09-23,2026-09-23,CM,NSE,STK,5701,INE491A01021,CUB,EQ,,,,,CITY UNION BANK LTD,227.0,230.79,224.71,225.34,227.0,227.21,,225.35,,,1269250,288923739.1,18320,F1,1,,,,,
2026-09-23,2026-09-23,CM,NSE,STK,20223,INE201M01029,CLEDUCATE,EQ,,,,,CL EDUCATE LIMITED,55.25,56.49,55.01,56.31,56.4,55.38,,56.31,,,2635,147120.81,65,F1,1,,,,,
2026-09-23,2026-09-23,CM,NSE,STK,758736,INE0UQ601012,CLASSICEIL,SM,,,,,CLASSIC ELECTRODE (IND) L,51.8,52.15,51.8,52.15,52.15,52.45,,52.15,,,3200,166320.0,2,F1,1600,,,,,
2026-09-23,2026-09-23,CM,NSE,STK,754695,INE1QGM01024,CLAYCRAFT,SM,,,,,CLAY CRAFT INDIA LIMITED,164.75,167.0,164.5,164.95,165.9,164.75,,164.95,,,25200,4189050.0,35,F1,600,,,,,
2026-09-23,2026-09-23,CM,NSE,STK,760183,INE647U01026,CLEANMAX,EQ,,,,,CLEAN MAX ENVIRO EN SOL L,1439.0,1481.0,1373.3,1457.5,1454.0,1367.5,,1457.42,,,1550273,2228197952.3,114893,F1,1,,,,,
2026-09-23,2026-09-23,CM,NSE,STK,5049,INE227W01023,CLEAN,EQ,,,,,CLEAN SCIENCE & TECH LTD,838.0,850.0,830.0,836.6,834.15,833.2,,836.47,,,224043,188238437.85,14849,F1,1,,,,,
2026-09-23,2026-09-23,CM,NSE,STK,760143,INE1EF801010,CSSL,SM,,,,,CLEAR SECURED SERVICES L,87.0,89.0,87.0,88.0,88.0,86.75,,88.0,,,10000,878950.0,8,F1,1000,,,,,
2026-09-23,2026-09-23,CM,NSE,STK,30893,INE00WV01027,CMRGREEN,EQ,,,,,CMR GREEN TECHNOLOGIES L,230.6,233.66,226.84,227.73,228.0,229.49,,227.74,,,287593,65981226.38,11669,F1,1,,,,,
2026-09-23,2026-09-23,CM,NSE,STK,7603,INE925R01014,CMSINFO,EQ,,,,,CMS INFO SYSTEMS LIMITED,234.62,237.5,233.0,234.12,233.99,234.62,,234.12,,,482023,113185284.29,12838,F1,1,,,,,
2026-09-23,2026-09-23,CM,NSE,STK,20374,INE522F01014,COALINDIA,EQ,,,,,COAL INDIA LTD,428.25,429.4,421.55,424.55,424.55,428.0,,424.53,,,7956161,3376432466.95,70350,F1,1,,,,,
2026-09-23,2026-09-23,CM,NSE,STK,6006,INE377E01024,COASTCORP,EQ,,,,,COASTAL CORPORATION LTD,38.97,38.97,37.8,38.04,37.8,38.19,,38.04,,,30799,1181623.25,408,F1,1,,,,,
2026-09-23,2026-09-23,CM,NSE,STK,21508,INE704P01025,COCHINSHIP,EQ,,,,,COCHIN SHIPYARD LIMITED,1388.0,1393.2,1369.1,1370.0,1370.0,1388.9,,1370.03,,,402906,554470793.4,17056,F1,1,,,,,
2026-09-23,2026-09-23,CM,NSE,STK,11165,INE335K01011,COFFEEDAY,EQ,,,,,COFFEE DAY ENTERPRISE LTD,30.59,32.0,29.88,31.0,30.92,30.59,,31.02,,,793052,24436267.08,2767,F1,1,,,,,
2026-09-23,2026-09-23,CM,NSE,STK,11543,INE591G01025,COFORGE,EQ,,,,,COFORGE LIMITED,1812.0,1817.4,1774.1,1782.4,1782.4,1803.0,,1782.36,,,1473720,2642156036.7,70801,F1,1,,,,,
2026-09-23,2026-09-23,CM,NSE,STK,17945,INE03QK01018,COHANCE,EQ,,,,,COHANCE LIFESCIENCES LTD,458.95,465.55,451.2,461.45,462.55,452.75,,461.45,,,1107159,506149576.45,42024,F1,1,,,,,
2026-09-23,2026-09-23,CM,NSE,STK,15141,INE259A01022,COLPAL,EQ,,,,,COLGATE PALMOLIVE LTD.,1869.0,1901.3,1863.3,1886.7,1886.7,1869.0,,1886.6,,,271591,513001771.6,14606,F1,1,,,,,
2026-09-23,2026-09-23,CM,NSE,STK,762628,INE819A01049,COMFINTE,EQ,,,,,COMFORT INTECH LTD.,5.85,5.9,5.71,5.73,5.75,5.8,,5.73,,,150694,868826.08,412,F1,1,,,,,
2026-09-23,2026-09-23,CM,NSE,STK,21578,INE073V01015,COMSYN,EQ,,,,,COMMERCIAL SYN BAGS LTD,305.95,310.05,298.75,299.3,299.1,301.25,,299.33,,,1010524,305167250.45,7552,F1,1,,,,,
2026-09-23,2026-09-23,CM,NSE,STK,19513,INE597Z01014,COMMITTED,SM,,,,,COMMITTED CARGO CARE LTD,329.85,329.85,305.0,322.8,322.8,322.7,,322.8,,,11200,3501800.0,6,F1,800,,,,,
2026-09-23,2026-09-23,CM,NSE,STK,764648,INE823B01015,COMPEAU,EQ,,,,,COMPETENT AUTOMOB CO. L,364.0,375.0,364.0,364.4,373.0,364.0,,364.45,,,1049,384228.15,36,F1,1,,,,,
2026-09-23,2026-09-23,CM,NSE,STK,19670,INE070C01037,COMPINFO,BZ,,,,,COMPUAGE INFOCOM LTD,1.1,1.12,1.03,1.1,1.1,1.08,,1.1,,,13948,14678.04,14,F1,1,,,,,
2026-09-23,2026-09-23,CM,NSE,STK,31138,INE453B01029,COMPUSOFT,EQ,,,,,COMPUCOM SOFTWARE LTD,13.49,13.5,13.1,13.35,13.48,13.24,,13.35,,,10773,143479.89,137,F1,1,,,,,
2026-09-23,2026-09-23,CM,NSE,STK,342,INE596I01020,CAMS,EQ,,,,,COMPUTER AGE MNGT SER LTD,706.9,725.05,706.0,723.9,723.9,704.0,,723.9,,,1333519,959904122.5,62552,F1,1,,,,,
2026-09-23,2026-09-23,CM,NSE,STK,18060,INE338H01029,CONCORDBIO,EQ,,,,,CONCORD BIOTECH LIMITED,1540.2,1568.0,1518.9,1560.3,1565.0,1532.4,,1560.26,,,147508,228205491.2,14978,F1,1,,,,,
2026-09-23,2026-09-23,CM,NSE,STK,28764,INE037Z01029,CEWATER,EQ,,,,,CONCORD ENVIRO SYSTEMS L,278.2,280.0,270.6,274.4,272.3,278.75,,273.91,,,47694,13188416.05,2503,F1,1,,,,,
2026-09-23,2026-09-23,CM,NSE,STK,764641,INE700F01024,CFEL,BE,,,,,CONFIDENCE FUTURIST ENE L,48.5,48.5,46.0,47.51,46.55,47.32,,47.57,,,8283,386133.84,72,F1,1,,,,,
2026-09-23,2026-09-23,CM,NSE,STK,10238,INE552D01024,CONFIPET,EQ,,,,,CONFIDENCE PETRO IND LTD.,87.39,92.75,86.77,89.12,88.66,86.76,,89.12,,,5623265,509510298.52,41318,F1,1,,,,,
2026-09-23,2026-09-23,CM,NSE,STK,758453,INE0EAS01014,CONNPLEX,SM,,,,,CONNPLEX CINEMAS LIMITED,264.7,265.7,259.1,264.1,265.5,261.0,,264.1,,,74400,19508040.0,61,F1,800,,,,,
2026-09-23,2026-09-23,CM,NSE,STK,14992,INE429I01024,CCCL,EQ,,,,,CONS. CONST. CONSORT LTD,13.89,13.89,13.06,13.26,13.25,13.6,,13.25,,,411657,5463815.91,1044,F1,1,,,,,
2026-09-23,2026-09-23,CM,NSE,STK,11732,INE025A01027,CONSOFINVT,BE,,,,,CONSO. FIN. & HOLD. LTD.,300.4,309.95,300.0,302.5,302.0,300.25,,302.5,,,5195,1566515.05,29,F1,1,,,,,
2026-09-23,2026-09-23,CM,NSE,STK,4749,INE111A01025,CONCOR,EQ,,,,,CONTAINER CORP OF IND LTD,469.0,473.65,463.15,464.65,464.65,467.0,,464.67,,,1369351,639485209.4,22951,F1,1,,,,,
2026-09-23,2026-09-23,CM,NSE,STK,17477,INE663B01015,CONTROLPR,EQ,,,,,CONTROL PRINT LIMITED,585.05,591.85,580.0,584.55,584.85,589.15,,584.55,,,24800,14472576.7,1038,F1,1,,,,,
2026-09-23,2026-09-23,CM,NSE,STK,8560,INE0HS001028,COOLCAPS,SM,,,,,COOL CAPS INDUSTRIES LTD,25.95,26.9,24.55,24.95,24.95,25.55,,24.95,,,147500,3761000.0,86,F1,1250,,,,,
2026-09-23,2026-09-23,CM,NSE,STK,4007,INE558D01021,CORALFINAC,EQ,,,,,CORAL INDIA FIN & HOUS LT,31.82,32.7,31.52,31.9,32.33,32.14,,31.9,,,3482,111177.26,123,F1,1,,,,,
2026-09-23,2026-09-23,CM,NSE,STK,15271,INE792I01017,CORDSCABLE,EQ,,,,,CORDS CABLE INDUS LTD.,398.0,406.95,342.35,369.65,369.9,382.9,,369.65,,,545284,207318703.55,18103,F1,1,,,,,
2026-09-23,2026-09-23,CM,NSE,STK,739,INE169A01031,COROMANDEL,EQ,,,,,COROMANDEL INTERNTL. LTD,1944.2,1989.0,1936.2,1956.0,1945.0,1944.9,,1955.98,,,144853,284677648.2,17653,F1,1,,,,,
2026-09-23,2026-09-23,CM,NSE,STK,760254,INE02ZQ01018,CORONA,EQ,,,,,CORONA REMEDIES LIMITED,2186.0,2197.3,2152.0,2163.4,2160.9,2181.5,,2163.43,,,16520,35856647.7,2556,F1,1,,,,,
2026-09-23,2026-09-23,CM,NSE,STK,742,INE757A01017,COSMOFIRST,EQ,,,,,COSMO FIRST LIMITED,861.55,883.3,860.0,867.2,862.0,862.75,,867.2,,,39315,34148754.25,3101,F1,1,,,,,
2026-09-23,2026-09-23,CM,NSE,STK,6385,INE652F01027,CCHHL,EQ,,,,,COUNTRY CLUB HOSP HOL LTD,13.09,13.89,12.9,13.42,13.4,12.94,,13.42,,,120817,1613824.67,461,F1,1,,,,,
2026-09-23,2026-09-23,CM,NSE,STK,16989,INE695B01025,COUNCODOS,BE,,,,,COUNTRY CONDO S LIMITED,6.39,6.5,6.16,6.38,6.21,6.33,,6.38,,,20935,133155.21,130,F1,1,,,,,
2026-09-23,2026-09-23,CM,NSE,STK,20086,INE521J01018,CPCAP,EQ,,,,,CP CAPITAL LIMITED,156.79,156.79,150.9,152.95,152.6,151.7,,152.95,,,24373,3745589.63,980,F1,1,,,,,
2026-09-23,2026-09-23,CM,NSE,STK,2328,INF457M01133,CPSEETF,EQ,,,,,CPSE ETF,92.94,93.61,92.77,93.2,93.2,92.94,,93.2,,,413128,38505450.83,9330,F1,1,,,,,
2026-09-23,2026-09-23,CM,NSE,STK,2854,INE00LO01017,CRAFTSMAN,EQ,,,,,CRAFTSMAN AUTOMATION LTD,10600.0,10990.0,10509.0,10904.0,10668.0,10602.0,,10904.9,,,51402,554356214.0,18212,F1,1,,,,,
2026-09-23,2026-09-23,CM,NSE,STK,764653,INE145E01017,CRAVATEX,EQ,,,,,CRAVATEX LTD.,326.1,349.7,323.0,341.7,340.25,326.15,,341.68,,,5646,1927177.3,57,F1,1,,,,,
2026-09-23,2026-09-23,CM,NSE,STK,16419,INE0OFK01019,CRAYONS,SM,,,,,CRAYONS ADVERTISING LTD,24.5,24.5,24.5,24.5,24.5,24.5,,24.5,,,1000,24500.0,1,F1,1000,,,,,
2026-09-23,2026-09-23,CM,NSE,STK,9384,INE230B01021,CREATIVEYE,EQ,,,,,CREATIVE EYE LIMITED,6.68,6.68,5.6,6.19,6.3,6.25,,6.19,,,59489,356769.98,299,F1,1,,,,,
2026-09-23,2026-09-23,CM,NSE,STK,23468,INE0R7401011,CGRAPHICS,SM,,,,,CREATIVE GRAPHICS S IND L,136.1,136.8,133.0,135.15,135.65,137.4,,135.15,,,46400,6262480.0,48,F1,800,,,,,
2026-09-23,2026-09-23,CM,NSE,STK,11155,INE985W01018,CNL,EQ,,,,,CREATIVE NEWTECH LIMITED,1101.0,1151.6,1101.0,1146.1,1149.0,1108.1,,1146.13,,,7197,8181429.5,928,F1,1,,,,,
2026-09-23,2026-09-23,CM,NSE,STK,765303,INE1KPX01025,CREDENT,SM,,,,,CREDENT CONNECT N CARE L,384.9,405.0,371.0,401.7,402.75,376.05,,401.7,,,190200,74890920.0,291,F1,600,,,,,
2026-09-23,2026-09-23,CM,NSE,STK,4421,INE741K01010,CREDITACC,EQ,,,,,CREDITACCESS GRAMEEN LTD,1353.0,1359.8,1343.5,1349.6,1348.9,1357.9,,1349.6,,,145556,196579310.0,16216,F1,1,,,,,
2026-09-23,2026-09-23,CM,NSE,STK,20878,INE220Q01020,MUFTI,EQ,,,,,CREDO BRANDS MARKETING L,73.34,73.89,72.31,73.2,73.15,73.34,,73.2,,,46267,3391370.96,587,F1,1,,,,,
2026-09-23,2026-09-23,CM,NSE,STK,765053,INE716D01033,CRSL,BE,,,,,CRESSANDA RAILWAY SOLUT L,2.62,2.67,2.52,2.53,2.55,2.61,,2.53,,,430257,1102002.15,517,F1,1,,,,,
2026-09-23,2026-09-23,CM,NSE,STK,13900,INE559D01011,CREST,EQ,,,,,CREST VENTURES LIMITED,369.95,370.0,357.55,366.0,360.55,363.7,,366.0,,,2311,840050.55,103,F1,1,,,,,
2026-09-23,2026-09-23,CM,NSE,STK,19097,INE203Y01012,CRESTO,EQ,,,,,CRESTO TECHNO LIMITED,20.0,20.9,16.17,20.14,20.09,19.21,,20.14,,,270186,5085241.09,1189,F1,1,,,,,
2026-09-23,2026-09-23,CM,NSE,STK,757,INE007A01025,CRISIL,EQ,,,,,CRISIL LTD,4525.0,4635.0,4510.5,4605.8,4632.5,4559.8,,4605.78,,,32752,150112158.6,6483,F1,1,,,,,
2026-09-23,2026-09-23,CM,NSE,STK,757850,INE0S4R01014,CRIZAC,EQ,,,,,CRIZAC LIMITED,178.56,180.85,175.8,176.5,177.85,177.03,,176.5,,,226048,40271856.78,4863,F1,1,,,,,
2026-09-23,2026-09-23,CM,NSE,STK,17094,INE299U01018,CROMPTON,EQ,,,,,CROMPT GREA CON ELEC LTD,223.3,226.76,222.6,223.43,223.43,222.0,,223.43,,,2224190,498664040.77,22306,F1,1,,,,,
2026-09-23,2026-09-23,CM,NSE,STK,18263,INE00NH01017,CLSL,ST,,,,,CROP LIFE SCIENCE LIMITED,70.0,70.0,70.0,70.0,70.0,70.05,,70.0,,,2000,140000.0,1,F1,2000,,,,,
2026-09-23,2026-09-23,CM,NSE,STK,8083,INE491V01019,CROWN,EQ,,,,,CROWN LIFTERS LIMITED,130.0,130.32,120.57,122.53,123.4,124.96,,122.53,,,45823,5754359.54,519,F1,1,,,,,
2026-09-23,2026-09-23,CM,NSE,STK,14966,INE679A01013,CSBBANK,EQ,,,,,CSB BANK LIMITED,334.4,337.5,332.75,336.4,336.0,334.95,,336.4,,,447626,150029222.2,19168,F1,1,,,,,
2026-09-23,2026-09-23,CM,NSE,STK,10350,INE718F01018,CSLFINANCE,EQ,,,,,CSL FINANCE LIMITED,222.0,223.0,213.95,216.95,218.0,220.24,,216.94,,,40117,8701249.15,1000,F1,1,,,,,
2026-09-23,2026-09-23,CM,NSE,STK,763753,INE0ZK601013,CSM,EQ,,,,,CSM TECHNOLOGIES LIMITED,105.15,108.27,102.8,103.93,103.05,105.15,,103.92,,,288893,30206279.68,3636,F1,1,,,,,
2026-09-23,2026-09-23,CM,NSE,STK,15078,INE0NR623014,CUBEINVIT,IV,,,,,CUBE HIGHWAYS TRUST,156.89,156.89,155.99,156.01,156.2,156.33,,156.01,,,2363764,369051538.94,1706,F1,1,,,,,
2026-09-23,2026-09-23,CM,NSE,STK,4064,INE144D01012,CUBEXTUB,EQ,,,,,CUBEX TUBINGS LTD,125.82,125.82,117.0,125.82,125.82,104.85,,125.82,,,1061637,132882148.42,3936,F1,1,,,,,
2026-09-23,2026-09-23,CM,NSE,STK,1901,INE298A01020,CUMMINSIND,EQ,,,,,CUMMINS INDIA LTD,5000.0,5053.5,4928.0,5010.0,5010.0,4962.5,,5010.02,,,235682,1180462639.0,32822,F1,1,,,,,
2026-09-23,2026-09-23,CM,NSE,STK,18520,INE509F01029,CUPID,EQ,,,,,CUPID LIMITED,259.45,276.4,255.2,273.85,275.25,258.2,,273.71,,,52637525,14132545448.0,274580,F1,1,,,,,
2026-09-23,2026-09-23,CM,NSE,STK,30191,INE117B01020,CURAA,BE,,,,,CURA TECHNOLOGIES LIMITED,73.0,73.0,70.0,72.0,72.0,72.0,,69.0,,,172,12339.0,9,F1,1,,,,,
2026-09-23,2026-09-23,CM,NSE,STK,759828,INE1BZN01016,CURIS,ST,,,,,CURIS LIFESCIENCES LTD,213.1,222.95,213.1,222.95,222.95,212.35,,222.95,,,12000,2652550.0,12,F1,1000,,,,,
2026-09-23,2026-09-23,CM,NSE,STK,758964,INE1CRQ01014,CURRENT,SM,,,,,CURRENT INFRAPROJECTS LTD,92.0,92.0,89.0,91.0,91.0,87.95,,91.0,,,11200,1020800.0,6,F1,1600,,,,,
2026-09-23,2026-09-23,CM,NSE,STK,11845,INE278G01037,CYBERMEDIA,BE,,,,,CYBER MEDIA (INDIA) LTD.,19.64,20.79,19.51,20.67,20.56,20.04,,20.74,,,34334,692422.16,112,F1,1,,,,,
2026-09-23,2026-09-23,CM,NSE,STK,11447,INE075Z01011,CMRSL,SM,,,,,CYBER MEDIA RES & SER LTD,70.85,70.85,70.85,70.85,70.85,67.5,,70.85,,,800,56680.0,1,F1,800,,,,,
2026-09-23,2026-09-23,CM,NSE,STK,6054,INE214A01019,CYBERTECH,BE,,,,,CYBERTECH SYSTEMS & SOFTW,139.79,139.79,137.0,137.33,138.2,138.36,,137.36,,,7167,984983.48,102,F1,1,,,,,
2026-09-23,2026-09-23,CM,NSE,STK,17187,INE055S01018,CYIENTDLM,EQ,,,,,CYIENT DLM LIMITED,917.7,968.0,915.0,963.5,962.0,917.2,,963.45,,,523966,497607823.25,28024,F1,1,,,,,
2026-09-23,2026-09-23,CM,NSE,STK,5748,INE136B01020,CYIENT,EQ,,,,,CYIENT LIMITED,1076.3,1087.7,1052.0,1072.2,1062.9,1079.0,,1072.13,,,310466,333817058.3,28595,F1,1,,,,,
2026-09-23,2026-09-23,CM,NSE,STK,16902,INE864X01013,DPWIRES,BE,,,,,D P WIRES LIMITED,159.8,161.94,155.5,161.94,161.94,154.23,,161.94,,,16771,2687155.64,187,F1,1,,,,,
2026-09-23,2026-09-23,CM,NSE,STK,17851,INE250K01012,DLINKINDIA,EQ,,,,,D-LINK INDIA LTD,427.0,431.0,422.5,426.1,425.1,423.55,,426.09,,,61110,26037585.55,2293,F1,1,,,,,
2026-09-23,2026-09-23,CM,NSE,STK,936,INE266Y01019,DPABHUSHAN,EQ,,,,,D. P. ABHUSHAN LIMITED,1462.1,1497.0,1449.0,1455.9,1460.0,1469.4,,1455.93,,,23394,34349339.2,2085,F1,1,,,,,
2026-09-23,2026-09-23,CM,NSE,STK,17881,INE950I01011,DBCORP,EQ,,,,,D.B.CORP LTD,184.56,184.56,181.87,182.22,182.09,183.04,,182.22,,,61966,11324408.6,2725,F1,1,,,,,
2026-09-23,2026-09-23,CM,NSE,STK,772,INE016A01026,DABUR,EQ,,,,,DABUR INDIA LTD,388.3,395.45,387.4,387.4,387.4,388.1,,387.41,,,1480659,579536100.25,26981,F1,1,,,,,
2026-09-23,2026-09-23,CM,NSE,STK,762636,INE928C01010,DAICHI,BE,,,,,DAI-ICHI KARKARIA LTD.,325.0,332.0,325.0,328.0,328.0,325.0,,328.0,,,111,36439.6,7,F1,1,,,,,
2026-09-23,2026-09-23,CM,NSE,STK,8075,INE00R701025,DALBHARAT,EQ,,,,,DALMIA BHARAT LIMITED,1741.1,1749.9,1729.1,1744.0,1749.0,1741.6,,1743.99,,,28368,49446601.5,4543,F1,1,,,,,
2026-09-23,2026-09-23,CM,NSE,STK,781,INE495A01022,DALMIASUG,EQ,,,,,DALMIA BHARAT SUG IN LTD,389.0,411.6,388.15,407.75,408.5,388.1,,407.82,,,236658,96003686.75,9920,F1,1,,,,,
2026-09-23,2026-09-23,CM,NSE,STK,28662,INE284H01025,DAMCAPITAL,EQ,,,,,DAM CAPITAL ADVISORS LTD,137.4,142.45,137.4,140.39,140.5,137.7,,140.39,,,218160,30576608.15,3721,F1,1,,,,,
2026-09-23,2026-09-23,CM,NSE,STK,17569,INE497D01022,DAMODARIND,BE,,,,,DAMODAR INDUSTRIES LTD,28.95,29.75,28.95,29.49,29.47,28.87,,29.49,,,7594,224109.21,57,F1,1,,,,,
2026-09-23,2026-09-23,CM,NSE,STK,1110,INE688Y01022,DANGEE,EQ,,,,,DANGEE DUMS LIMITED,2.7,2.83,2.67,2.7,2.7,2.7,,2.7,,,35687,97134.62,89,F1,1,,,,,
2026-09-23,2026-09-23,CM,NSE,STK,25927,INE0YU901016,DANISH,SM,,,,,DANISH POWER LIMITED,986.25,1010.0,963.0,1003.2,1010.0,986.25,,1003.2,,,38700,38061900.0,181,F1,150,,,,,
2026-09-23,2026-09-23,CM,NSE,STK,7358,INE0IX101010,DATAPATTNS,EQ,,,,,DATA PATTERNS INDIA LTD,4504.6,4516.0,4383.0,4422.4,4435.0,4484.9,,4422.44,,,361812,1606057703.3,34864,F1,1,,,,,
2026-09-23,2026-09-23,CM,NSE,STK,11423,INE365B01017,DATAMATICS,EQ,,,,,DATAMATICS GLOBAL SER LTD,766.8,814.9,766.8,789.85,789.0,765.3,,789.78,,,215120,171778974.3,10032,F1,1,,,,,
2026-09-23,2026-09-23,CM,NSE,STK,21794,INE179G01029,DAVANGERE,EQ,,,,,DAVANGERE SUGAR COMPANY L,2.31,2.31,2.16,2.2,2.2,2.26,,2.2,,,12500992,27736225.68,3755,F1,1,,,,,
2026-09-23,2026-09-23,CM,NSE,STK,31111,INE921B01025,DBSTOCKBRO,BE,,,,,DB (INT) STOCK BROKERS,29.0,30.59,28.75,30.0,30.59,29.21,,30.0,,,10180,304521.52,37,F1,1,,,,,
2026-09-23,2026-09-23,CM,NSE,STK,11566,INE0A1101019,DCI,EQ,,,,,DC INFOTECH AND COMUN LTD,275.85,277.25,266.4,268.6,268.9,275.85,,268.61,,,41762,11345914.15,1964,F1,1,,,,,
2026-09-23,2026-09-23,CM,NSE,STK,13725,INE503A01015,DCBBANK,EQ,,,,,DCB BANK LIMITED,218.89,224.71,218.11,223.69,224.0,218.58,,223.69,,,812051,181018456.34,19467,F1,1,,,,,
2026-09-23,2026-09-23,CM,NSE,STK,763717,INE04Q907199,1275DCC28,N0,,,,,DCCL 12.75% 2028,5976.0,5976.0,5976.0,5976.0,5976.0,7470.0,,5976.0,,,1,5976.0,1,F1,1,,,,,
2026-09-23,2026-09-23,CM,NSE,STK,23524,INE0S8401018,DCG,ST,,,,,DCG CABLES & WIRES LTD,70.55,74.35,68.05,74.1,74.0,70.9,,74.1,,,33600,2432460.0,27,F1,1200,,,,,
2026-09-23,2026-09-23,CM,NSE,STK,4775,INE891B01012,DCMFINSERV,EQ,,,,,DCM FINANCIAL SERVICES LT,4.8,5.16,4.8,5.01,4.95,5.09,,5.01,,,7680,38149.21,93,F1,1,,,,,
2026-09-23,2026-09-23,CM,NSE,STK,805,INE498A01018,DCM,EQ,,,,,DCM LTD,76.42,77.79,74.81,75.34,75.0,76.37,,75.19,,,9428,714229.48,263,F1,1,,,,,
2026-09-23,2026-09-23,CM,NSE,STK,11039,INE08KP01019,DCMNVL,EQ,,,,,DCM NOUVELLE LIMITED,179.99,185.0,178.0,179.43,180.0,178.04,,179.43,,,24354,4396436.18,285,F1,1,,,,,
2026-09-23,2026-09-23,CM,NSE,STK,760891,INE0OFM01015,DSFCL,EQ,,,,,DCM SHRIRAM FINE CHEM LTD,29.7,30.25,28.02,30.25,30.25,28.81,,30.48,,,93917,2787539.93,506,F1,1,,,,,
2026-09-23,2026-09-23,CM,NSE,STK,7325,INE843D01027,DCMSRIND,EQ,,,,,DCM SHRIRAM IND LTD,37.6,38.43,37.6,38.01,37.98,37.87,,38.01,,,184417,7020439.29,1644,F1,1,,,,,
2026-09-23,2026-09-23,CM,NSE,STK,760896,INE0OU201013,DCMSIL,EQ,,,,,DCM SHRIRAM INTERNATNL L,70.78,77.46,70.01,77.46,77.46,70.42,,77.47,,,281648,20906539.75,1393,F1,1,,,,,
2026-09-23,2026-09-23,CM,NSE,STK,811,INE499A01024,DCMSHRIRAM,EQ,,,,,DCM SHRIRAM LIMITED,980.0,986.9,975.2,980.0,979.0,979.3,,980.1,,,25367,24917133.9,4359,F1,1,,,,,
2026-09-23,2026-09-23,CM,NSE,STK,817,INE500A01029,DCW,EQ,,,,,DCW LTD,48.5,51.44,48.16,50.02,50.1,48.02,,50.02,,,8719090,438382315.98,37565,F1,1,,,,,
2026-09-23,2026-09-23,CM,NSE,STK,11895,INE0KL801015,DCXINDIA,EQ,,,,,DCX SYSTEMS LIMITED,163.5,166.37,163.5,164.73,164.93,163.5,,164.73,,,187156,30854117.46,3476,F1,1,,,,,
2026-09-23,2026-09-23,CM,NSE,STK,29098,INE0HR601026,DDEVPLSTIK,EQ,,,,,DDEV PLASTIKS IND LTD,262.65,263.55,260.5,262.6,261.5,260.45,,262.6,,,67705,17755735.4,2079,F1,1,,,,,
2026-09-23,2026-09-23,CM,NSE,STK,15449,INE0JWV01011,DENEERS,SM,,,,,DE NEERS TOOLS LIMITED,170.6,175.45,170.0,175.45,175.45,170.6,,175.45,,,20400,3498570.0,28,F1,600,,,,,
2026-09-23,2026-09-23,CM,NSE,STK,4279,INE244A01016,DENORA,EQ,,,,,DE NORA INDIA LIMITED,800.3,817.4,790.0,795.65,791.0,798.4,,796.52,,,4096,3287406.55,586,F1,1,,,,,
2026-09-23,2026-09-23,CM,NSE,STK,14838,INE583C01021,DECCANCE,EQ,,,,,DECCAN CEMENTS LIMITED,567.25,570.5,557.65,560.45,560.0,562.25,,560.45,,,49757,28095879.05,1230,F1,1,,,,,
2026-09-23,2026-09-23,CM,NSE,STK,762638,INE945F01025,DECNGOLD,EQ,,,,,DECCAN GOLD MINES LTD.,226.51,231.68,220.93,222.44,223.5,225.17,,222.44,,,1035225,233569095.9,15856,F1,1,,,,,
2026-09-23,2026-09-23,CM,NSE,STK,25421,INE0S7C01019,DECCANTRAN,SM,,,,,DECCAN TRANSCON LEASING L,21.3,22.35,21.0,21.5,21.5,21.3,,21.5,,,78000,1643700.0,15,F1,1200,,,,,
2026-09-23,2026-09-23,CM,NSE,STK,24154,INE841L01016,DEEDEV,EQ,,,,,DEE DEVELOPMENT ENG LTD,690.0,721.9,690.0,711.15,710.0,691.8,,711.15,,,250940,178417912.7,13180,F1,1,,,,,
2026-09-23,2026-09-23,CM,NSE,STK,22802,INE586O01011,DEEM,ST,,,,,DEEM ROLL TECH LIMITED,47.3,47.3,47.3,47.3,47.3,45.05,,47.3,,,3000,141900.0,3,F1,1000,,,,,
2026-09-23,2026-09-23,CM,NSE,STK,3292,INE0FHS01024,DEEPINDS,EQ,,,,,DEEP INDUSTRIES LIMITED,763.6,785.0,755.4,772.9,776.0,761.6,,772.91,,,335966,259747450.0,18064,F1,1,,,,,
2026-09-23,2026-09-23,CM,NSE,STK,765058,INE00IY01012,DEEP,BE,,,,,DEEP POLYMERS LTD.,45.35,47.5,44.52,46.1,46.1,45.56,,45.65,,,8123,372621.1,51,F1,1,,,,,
2026-09-23,2026-09-23,CM,NSE,STK,765931,INE1M2N01020,DEEPA,EQ,,,,,DEEPA JEWELLERS LIMITED,189.49,197.99,189.0,196.4,196.21,188.43,,196.39,,,3305468,644200492.25,39501,F1,1,,,,,
2026-09-23,2026-09-23,CM,NSE,STK,25892,INE0OPA01027,DBEIL,EQ,,,,,DEEPAK BUILDERS & ENG I L,7.0,7.14,6.31,6.8,6.91,7.0,,6.81,,,368295,2517305.34,1038,F1,1,,,,,
2026-09-23,2026-09-23,CM,NSE,STK,827,INE501A01019,DEEPAKFERT,EQ,,,,,DEEPAK FERTILIZERS & PETR,1349.9,1389.0,1349.8,1386.2,1388.0,1340.4,,1386.19,,,330051,452712796.9,16492,F1,1,,,,,
2026-09-23,2026-09-23,CM,NSE,STK,19943,INE288B01029,DEEPAKNTR,EQ,,,,,DEEPAK NITRITE LTD,1614.0,1639.0,1605.2,1635.8,1635.0,1613.2,,1635.8,,,109445,177786170.2,10474,F1,1,,,,,
2026-09-23,2026-09-23,CM,NSE,STK,22527,INE0SK801018,DELAPLEX,SM,,,,,DELAPLEX LIMITED,91.0,91.0,89.9,90.0,90.0,91.0,,90.0,,,4800,432420.0,5,F1,600,,,,,
2026-09-23,2026-09-23,CM,NSE,STK,9599,INE148O01028,DELHIVERY,EQ,,,,,DELHIVERY LIMITED,430.75,436.8,429.0,435.0,435.0,430.75,,435.0,,,3087778,1340119060.25,59772,F1,1,,,,,
2026-09-23,2026-09-23,CM,NSE,STK,24395,INE726L01027,DELPHIFX,BE,,,,,DELPHI WORLD MONEY LTD,5.63,5.63,5.63,5.63,5.63,5.37,,5.63,,,186505,1050023.15,156,F1,1,,,,,
2026-09-23,2026-09-23,CM,NSE,STK,29092,INE0XRN01019,DELTIC,SM,,,,,DELTA AUTOCORP LIMITED,33.0,34.6,33.0,34.6,34.6,33.0,,34.6,,,3000,102000.0,3,F1,1000,,,,,
2026-09-23,2026-09-23,CM,NSE,STK,15044,INE124G01033,DELTACORP,EQ,,,,,DELTA CORP LIMITED,62.3,69.0,61.77,68.65,68.85,61.77,,68.65,,,17802335,1191631166.68,78734,F1,1,,,,,
2026-09-23,2026-09-23,CM,NSE,STK,1214,INE393A01011,DELTAMAGNT,EQ,,,,,DELTA MANUFACTURING LTD,55.0,56.65,54.45,56.57,56.57,55.0,,56.57,,,695,38589.33,42,F1,1,,,,,
2026-09-23,2026-09-23,CM,NSE,STK,17722,INE947J01015,DEN,EQ,,,,,DEN NETWORKS LTD,26.26,26.96,26.26,26.84,26.9,26.26,,26.84,,,319639,8539056.34,1356,F1,1,,,,,
2026-09-23,2026-09-23,CM,NSE,STK,29256,INE0R4L01018,DENTA,EQ,,,,,DENTA WATER N INFRA SOL L,273.9,278.4,272.75,274.8,275.1,272.65,,274.84,,,74195,20406442.95,1651,F1,1,,,,,
2026-09-23,2026-09-23,CM,NSE,STK,759079,INE0VOV01021,DEVX,EQ,,,,,DEV ACCELERATOR LIMITED,34.81,35.46,34.81,35.0,35.0,35.06,,34.98,,,56997,1997747.16,471,F1,1,,,,,
2026-09-23,2026-09-23,CM,NSE,STK,8146,INE060X01034,DEVIT,EQ,,,,,DEV INFO TECHNOLOGY LTD,23.12,23.99,22.79,23.24,23.05,23.12,,23.24,,,24914,583495.36,504,F1,1,,,,,
2026-09-23,2026-09-23,CM,NSE,STK,5373,INE872J01023,DEVYANI,EQ,,,,,DEVYANI INTERNATIONAL LTD,144.31,144.39,139.2,140.11,139.8,144.51,,140.11,,,1344367,190475732.75,18036,F1,1,,,,,
2026-09-23,2026-09-23,CM,NSE,STK,764661,INE260R01016,DHABRIYA,BE,,,,,DHABRIYA POLYWOOD LTD.,508.0,508.0,485.5,494.7,502.0,505.25,,494.58,,,3914,1949398.35,108,F1,1,,,,,
2026-09-23,2026-09-23,CM,NSE,STK,10893,INE0I3401014,DBOL,EQ,,,,,DHAMPUR BIO ORGANICS LTD,114.24,117.55,114.24,115.63,116.0,114.81,,115.63,,,101634,11810332.07,2774,F1,1,,,,,
2026-09-23,2026-09-23,CM,NSE,STK,857,INE041A01016,DHAMPURSUG,EQ,,,,,DHAMPUR SUGAR MILLS LTD.,165.0,172.09,164.81,168.39,167.9,164.13,,168.39,,,581058,98301439.61,12133,F1,1,,,,,
2026-09-23,2026-09-23,CM,NSE,STK,11359,INE680A01011,DHANBANK,EQ,,,,,DHANLAXMI BANK LIMITED,29.16,30.1,29.16,30.01,30.1,29.18,,30.0,,,385760,11454995.18,1996,F1,1,,,,,
2026-09-23,2026-09-23,CM,NSE,STK,24418,INE0M3I01029,DHANSA,ST,,,,,DHANSA LABS LIMITED,29.0,29.0,29.0,29.0,29.0,29.0,,29.0,,,4000,116000.0,2,F1,2000,,,,,
2026-09-23,2026-09-23,CM,NSE,STK,24409,INE435G01025,DHANUKA,EQ,,,,,DHANUKA AGRITECH LTD,979.9,991.95,965.5,982.65,978.1,966.4,,982.72,,,30647,30043200.95,2987,F1,1,,,,,
2026-09-23,2026-09-23,CM,NSE,STK,760492,INE2HJL01019,DHARARAIL,ST,,,,,DHARA RAIL PROJECTS LTD,140.25,143.0,137.0,142.35,143.0,141.0,,142.35,,,33000,4625950.0,26,F1,1000,,,,,
2026-09-23,2026-09-23,CM,NSE,STK,759203,INE278R01034,DHARAN,BZ,,,,,DHARAN INFRA-EPC LIMITED,0.14,0.15,0.14,0.14,0.15,0.14,,0.14,,,5521492,799415.31,1142,F1,1,,,,,
2026-09-23,2026-09-23,CM,NSE,STK,24747,INE0YRN01025,DHARIWAL,SM,,,,,DHARIWALCORP LIMITED,25.0,25.35,23.75,25.0,25.35,24.9,,25.0,,,585000,14189850.0,43,F1,3000,,,,,
2026-09-23,2026-09-23,CM,NSE,STK,13001,INE00OQ01016,DHARMAJ,EQ,,,,,DHARMAJ CROP GUARD LTD,283.95,302.0,282.0,299.1,301.55,281.6,,299.11,,,108051,31711813.6,4093,F1,1,,,,,
2026-09-23,2026-09-23,CM,NSE,STK,765060,INE715T01031,DHATRE,EQ,,,,,DHATRE UDYOG LTD.,4.3,4.39,4.12,4.15,4.29,4.27,,4.15,,,33591,141499.46,180,F1,1,,,,,
2026-09-23,2026-09-23,CM,NSE,STK,764553,INE01NH01023,DHOOTTRANS,EQ,,,,,DHOOT TRANSMISSION LTD,1674.0,1685.0,1602.1,1615.4,1610.6,1653.2,,1615.35,,,1167338,1926486171.0,60917,F1,1,,,,,
2026-09-23,2026-09-23,CM,NSE,STK,6858,INE506Z01015,DHRUV,EQ,,,,,DHRUV CONSULTANCY SER LTD,21.99,22.55,20.75,21.07,20.85,21.57,,21.09,,,12966,273423.42,173,F1,1,,,,,
2026-09-23,2026-09-23,CM,NSE,STK,22233,INE320L01011,DHUNINV,EQ,,,,,DHUNSERI INVESTMENTS LTD,997.0,1017.0,985.0,1001.75,1017.0,983.6,,1001.75,,,423,421090.95,56,F1,1,,,,,
2026-09-23,2026-09-23,CM,NSE,STK,6239,INE341R01014,DTIL,BE,,,,,DHUNSERI TEA & IND. LTD.,142.9,142.9,140.5,141.22,141.0,142.9,,140.31,,,719,101693.07,29,F1,1,,,,,
2026-09-23,2026-09-23,CM,NSE,STK,15214,INE477B01010,DVL,EQ,,,,,DHUNSERI VENTURES LIMITED,281.9,294.95,281.9,292.2,290.0,283.25,,292.19,,,9043,2617595.4,350,F1,1,,,,,
2026-09-23,2026-09-23,CM,NSE,STK,18644,INE591D01014,DIAMINESQ,EQ,,,,,DIAMINES & CHEMICALS LTD,260.0,260.0,246.6,249.38,251.97,254.85,,249.38,,,5025,1256532.12,162,F1,1,,,,,
2026-09-23,2026-09-23,CM,NSE,STK,18545,INE989C01038,DIACABS,BE,,,,,DIAMOND POWER INFRA LTD,371.8,379.7,365.05,377.85,377.25,370.85,,377.69,,,1102551,410492889.9,9591,F1,1,,,,,
2026-09-23,2026-09-23,CM,NSE,STK,703,INE303A01010,DICIND,EQ,,,,,DIC INDIA LIMITED,669.0,674.0,658.7,665.65,668.0,654.25,,665.45,,,5033,3352556.3,602,F1,1,,,,,
2026-09-23,2026-09-23,CM,NSE,STK,24313,INE0JRD01019,DTL,SM,,,,,DIENSTEN TECH LIMITED,124.15,124.15,124.15,124.15,124.15,124.15,,124.15,,,1200,148980.0,1,F1,1200,,,,,
2026-09-23,2026-09-23,CM,NSE,STK,25672,INE184O01015,DIFFNKG,EQ,,,,,DIFFUSION ENGINEERS LTD,442.1,454.8,438.0,439.3,441.0,441.6,,439.31,,,112607,50085101.9,5056,F1,1,,,,,
2026-09-23,2026-09-23,CM,NSE,STK,10346,INE03JI01017,DGCONTENT,EQ,,,,,DIGICONTENT LIMITED,24.1,25.6,23.86,24.9,25.6,23.92,,24.9,,,1040,25357.92,18,F1,1,,,,,
2026-09-23,2026-09-23,CM,NSE,STK,21247,INE0PSC01024,DIGIDRIVE,EQ,,,,,DIGIDRIVE DISTRIBUTORS L,17.5,18.0,17.32,17.9,18.0,17.76,,17.89,,,14700,263208.23,148,F1,1,,,,,
2026-09-23,2026-09-23,CM,NSE,STK,19138,INE0QJ901011,DIGIKORE,SM,,,,,DIGIKORE STUDIOS LIMITED,35.7,38.5,34.0,37.5,38.5,35.6,,37.5,,,88400,3175940.0,121,F1,400,,,,,
2026-09-23,2026-09-23,CM,NSE,STK,16683,INE927C01020,DIGISPICE,EQ,,,,,DIGISPICE TECHNOLOGIES LT,16.59,16.8,16.11,16.5,16.49,16.4,,16.5,,,89439,1467834.1,282,F1,1,,,,,
2026-09-23,2026-09-23,CM,NSE,STK,757515,INE0U4701011,DIGITIDE,EQ,,,,,DIGITIDE SOLUTIONS LTD,81.2,83.5,80.13,81.13,80.7,81.82,,81.11,,,403826,32843082.52,5381,F1,1,,,,,
2026-09-23,2026-09-23,CM,NSE,STK,6136,INE731U01028,DIGJAMLMTD,BE,,,,,DIGJAM LTD,56.83,56.83,53.99,53.99,53.99,56.83,,53.99,,,13226,721000.45,118,F1,1,,,,,
2026-09-23,2026-09-23,CM,NSE,STK,641,INE016M01021,DNAMEDIA,EQ,,,,,DILIGENT MEDIA CORP LTD.,2.55,2.75,2.45,2.5,2.55,2.55,,2.5,,,99123,252417.86,128,F1,1,,,,,
2026-09-23,2026-09-23,CM,NSE,STK,18086,INE917M01012,DBL,EQ,,,,,DILIP BUILDCON LIMITED,424.0,424.4,412.45,413.55,413.0,423.1,,413.55,,,149163,62212998.95,5382,F1,1,,,,,
2026-09-23,2026-09-23,CM,NSE,STK,762643,INE131C01011,DISAQ,EQ,,,,,DISA INDIA LTD.,12168.0,12200.0,11940.0,12088.0,11950.0,12185.0,,12088.27,,,134,1618007.0,99,F1,1,,,,,
2026-09-23,2026-09-23,CM,NSE,STK,14537,INE836F01026,DISHTV,EQ,,,,,DISH TV INDIA LTD.,2.5,2.54,2.42,2.46,2.45,2.5,,2.46,,,2361940,5847476.45,1728,F1,1,,,,,
2026-09-23,2026-09-23,CM,NSE,STK,21704,INE385W01011,DCAL,EQ,,,,,DISHMAN CARBO AMCIS LTD,170.65,174.46,169.51,173.33,172.2,169.88,,173.34,,,134136,23104778.56,3014,F1,1,,,,,
2026-09-23,2026-09-23,CM,NSE,STK,14479,INE753U01022,DIVGIITTS,EQ,,,,,DIVGI TORQTRANSFER SYST L,1118.8,1186.0,1108.2,1177.1,1179.0,1118.9,,1177.16,,,144698,167074445.4,13054,F1,1,,,,,
2026-09-23,2026-09-23,CM,NSE,STK,10940,INE361B01024,DIVISLAB,EQ,,,,,DIVI S LABORATORIES LTD,9330.0,9624.0,9312.5,9624.0,9624.0,9352.0,,9623.95,,,489382,4653361195.0,50350,F1,1,,,,,
2026-09-23,2026-09-23,CM,NSE,STK,30262,INE0NA501011,DIVINEHIRA,ST,,,,,DIVINE HIRA JEWELLERS LTD,103.8,103.8,96.2,100.0,100.0,101.25,,100.0,,,42000,4097160.0,29,F1,1200,,,,,
2026-09-23,2026-09-23,CM,NSE,STK,24286,INE0SCO01019,DPEL,SM,,,,,DIVINE POWER ENERGY LTD,643.45,650.0,639.0,640.15,639.0,640.15,,640.15,,,18500,11918025.0,32,F1,500,,,,,
2026-09-23,2026-09-23,CM,NSE,STK,25680,INE0QYI01019,DIVYADHAN,ST,,,,,DIVYADHAN RECYCLING IND L,44.05,44.35,44.05,44.35,44.35,42.25,,44.35,,,12000,531600.0,3,F1,2000,,,,,
2026-09-23,2026-09-23,CM,NSE,STK,21690,INE935N01020,DIXON,EQ,,,,,DIXON TECHNO (INDIA) LTD,13084.0,13250.0,13055.0,13200.0,13200.0,13084.0,,13199.99,,,191704,2525229376.0,28890,F1,1,,,,,
2026-09-23,2026-09-23,CM,NSE,STK,12749,INE0B1K01014,DJML,EQ,,,,,DJ MEDIAPRINT & LOG LTD,74.3,74.9,71.25,72.7,71.8,74.45,,72.69,,,112048,8199067.77,1096,F1,1,,,,,
2026-09-23,2026-09-23,CM,NSE,STK,14732,INE271C01023,DLF,EQ,,,,,DLF LIMITED,669.0,681.0,668.0,675.0,675.0,669.5,,674.99,,,2425745,1638484644.8,50627,F1,1,,,,,
2026-09-23,2026-09-23,CM,NSE,STK,6973,INE505A01010,DMCC,EQ,,,,,DMCC SPECIALITY CHEMICALS,290.7,301.4,288.0,296.3,298.35,290.65,,296.3,,,107730,32085131.1,4071,F1,1,,,,,
2026-09-23,2026-09-23,CM,NSE,STK,22533,INE0OGG01015,DHTL,SM,,,,,DOCMODE HEALTH TECH LTD,26.15,27.0,26.15,27.0,27.0,27.5,,27.0,,,41600,1089560.0,15,F1,800,,,,,
2026-09-23,2026-09-23,CM,NSE,STK,4822,INE021O01019,DODLA,EQ,,,,,DODLA DAIRY LIMITED,1047.6,1064.8,1045.0,1048.6,1045.1,1047.6,,1048.6,,,19425,20432239.8,1761,F1,1,,,,,
2026-09-23,2026-09-23,CM,NSE,STK,12124,INE966A01022,DOLATALGO,EQ,,,,,DOLAT ALGOTECH LIMITED,68.3,69.9,67.3,68.72,69.6,68.16,,68.71,,,100410,6859947.93,871,F1,1,,,,,
2026-09-23,2026-09-23,CM,NSE,STK,20560,INE325C01035,DOLLAR,EQ,,,,,DOLLAR INDUSTRIES LIMITED,272.8,276.0,269.0,274.45,272.75,272.8,,274.48,,,44194,12038086.9,1784,F1,1,,,,,
2026-09-23,2026-09-23,CM,NSE,STK,765977,INE0JHH01011,DOLLEX,EQ,,,,,DOLLEX AGROTECH LIMITED,38.0,38.25,36.5,37.75,38.0,36.6,,37.7,,,86114,3263691.9,229,F1,1,,,,,
2026-09-23,2026-09-23,CM,NSE,STK,18139,INE920A01037,DOLPHIN,EQ,,,,,DOLPHIN OFF ENT (IND) L,722.0,749.5,702.65,723.55,722.0,724.3,,723.4,,,105950,76994612.0,7009,F1,1,,,,,
2026-09-23,2026-09-23,CM,NSE,STK,20551,INE321T01012,DOMS,EQ,,,,,DOMS INDUSTRIES LIMITED,2098.8,2147.0,2091.6,2141.5,2145.0,2098.8,,2141.5,,,32015,67992362.8,5898,F1,1,,,,,
2026-09-23,2026-09-23,CM,NSE,STK,13839,INE668D01028,DONEAR,EQ,,,,,DONEAR IND. LIMITED,82.6,83.75,82.16,83.13,83.2,82.5,,83.12,,,13479,1118355.82,139,F1,1,,,,,
2026-09-23,2026-09-23,CM,NSE,STK,15423,INE360C01024,DPSCLTD,BE,,,,,DPSC LIMITED,7.15,7.15,7.01,7.09,7.1,7.12,,7.09,,,42486,301124.56,328,F1,1,,,,,
2026-09-23,2026-09-23,CM,NSE,STK,29452,INE943P01029,AGARWALEYE,EQ,,,,,DR AGARWALS HEALTH CARE L,494.45,498.7,484.8,494.8,497.0,493.05,,494.82,,,329131,161664461.05,13880,F1,1,,,,,
2026-09-23,2026-09-23,CM,NSE,STK,762648,INE934C01018,DRAGARWQ,EQ,,,,,DR. AGARWAL'S EYE HOSP L,5206.5,5253.0,5194.0,5202.0,5194.0,5200.0,,5202.0,,,910,4735513.5,176,F1,1,,,,,
2026-09-23,2026-09-23,CM,NSE,STK,11654,INE600L01024,LALPATHLAB,EQ,,,,,DR. LAL PATH LABS LTD.,1903.0,1930.0,1890.0,1924.3,1930.0,1909.8,,1924.25,,,230347,439587668.9,42768,F1,1,,,,,
2026-09-23,2026-09-23,CM,NSE,STK,881,INE089A01031,DRREDDY,EQ,,,,,DR. REDDY S LABORATORIES,1210.0,1220.5,1205.9,1211.2,1211.2,1211.0,,1211.2,,,987420,1198381997.2,52294,F1,1,,,,,
2026-09-23,2026-09-23,CM,NSE,STK,2645,INE03RS01027,DRCSYSTEMS,EQ,,,,,DRC SYSTEMS INDIA LIMITED,12.76,12.88,12.31,12.67,12.7,12.29,,12.66,,,31414,393960.78,299,F1,1,,,,,
2026-09-23,2026-09-23,CM,NSE,STK,10859,INE0JS101016,DREAMFOLKS,EQ,,,,,DREAMFOLKS SERVICES LTD,63.88,64.25,62.1,63.91,64.24,63.04,,63.9,,,47951,3027816.48,1221,F1,1,,,,,
2026-09-23,2026-09-23,CM,NSE,STK,11271,INE506A01018,DREDGECORP,EQ,,,,,DREDGING CORP OF INDIA,993.8,1022.1,992.7,1017.5,1020.0,993.8,,1017.51,,,53819,54430451.3,4025,F1,1,,,,,
2026-09-23,2026-09-23,CM,NSE,STK,17372,INE0P7201019,DRONE,SM,,,,,DRONE DESTINATION LIMITED,33.95,33.95,33.5,33.5,33.5,33.15,,33.5,,,8000,269300.0,16,F1,500,,,,,
2026-09-23,2026-09-23,CM,NSE,STK,778,INE055C01020,KEEPLEARN,EQ,,,,,DSJ KEEP LEARNING LTD,1.88,1.89,1.81,1.84,1.87,1.84,,1.84,,,11868,21978.01,74,F1,1,,,,,
2026-09-23,2026-09-23,CM,NSE,STK,1927,INF740KA1EU7,LIQUIDETF,EQ,,,,,DSP LIQUID ETF,1000.0,1000.01,999.99,999.99,1000.0,999.99,,999.99,,,165175,165174949.14,169,F1,1,,,,,
2026-09-23,2026-09-23,CM,NSE,STK,761364,INF740KA1YH2,BANK10ADD,EQ,,,,,DSPAMC - BANK10ADD,16.63,16.72,16.57,16.59,16.57,16.56,,16.59,,,18817,313384.63,89,F1,1,,,,,
2026-09-23,2026-09-23,CM,NSE,STK,13644,INF740KA1RX3,BANKADD,EQ,,,,,DSPAMC - DSPBANK,57.82,58.08,57.78,58.01,58.08,57.68,,58.01,,,85517,4962933.77,63,F1,1,,,,,
2026-09-23,2026-09-23,CM,NSE,STK,15356,INF740KA1ZP2,GOLDADD,EQ,,,,,DSPAMC - DSPGOLD,14.71,14.75,14.64,14.65,14.68,14.69,,14.65,,,9154776,134383868.25,3812,F1,1,,,,,
2026-09-23,2026-09-23,CM,NSE,STK,17207,INF740KA1SX1,ITADD,EQ,,,,,DSPAMC - DSPIT,30.37,30.49,30.01,30.17,30.16,30.45,,30.17,,,14942,450068.61,226,F1,1,,,,,
2026-09-23,2026-09-23,CM,NSE,STK,6606,INF740KA1QK2,EQUAL50ADD,EQ,,,,,DSPAMC - DSPNEWETF,333.0,335.92,333.0,334.44,333.66,334.34,,334.46,,,28426,9514686.51,237,F1,1,,,,,
2026-09-23,2026-09-23,CM,NSE,STK,7451,INF740KA1CL0,NIFTYADD,EQ,,,,,DSPAMC - DSPNIFTY,243.92,247.78,243.92,246.62,246.61,246.38,,246.62,,,6083,1502493.5,97,F1,1,,,,,
2026-09-23,2026-09-23,CM,NSE,STK,17616,INF740KA1SY9,PSUBANKADD,EQ,,,,,DSPAMC - DSPPSBKETF,83.84,84.65,83.84,84.44,84.32,83.2,,84.36,,,37270,3145271.18,112,F1,1,,,,,
2026-09-23,2026-09-23,CM,NSE,STK,17576,INF740KA1TA7,PVTBANKADD,EQ,,,,,DSPAMC - DSPPVBKETF,27.82,27.93,27.76,27.77,27.87,27.91,,27.77,,,49593,1381100.66,93,F1,1,,,,,
2026-09-23,2026-09-23,CM,NSE,STK,7456,INF740KA1ZF3,MIDQ50ADD,EQ,,,,,DSPAMC - DSPQ50ETF,24.44,24.47,24.28,24.28,24.4,24.35,,24.28,,,29716,724262.89,90,F1,1,,,,,
2026-09-23,2026-09-23,CM,NSE,STK,17613,INF740KA1SZ6,SENSEXADD,EQ,,,,,DSPAMC - DSPSENXETF,77.22,77.53,77.0,77.06,77.0,77.06,,77.06,,,1463,112893.98,31,F1,1,,,,,
2026-09-23,2026-09-23,CM,NSE,STK,10761,INF740KA1ZQ0,SILVERADD,EQ,,,,,DSPAMC - DSPSILVETF,22.46,22.56,22.17,22.2,22.22,22.18,,22.2,,,6978831,155603934.99,5501,F1,1,,,,,
2026-09-23,2026-09-23,CM,NSE,STK,759368,INF740KA1WU9,FLEXIADD,EQ,,,,,DSPAMC - FLEXIADD,9.89,9.94,9.71,9.74,9.79,9.76,,9.74,,,103672,1011102.05,497,F1,1,,,,,
2026-09-23,2026-09-23,CM,NSE,STK,763530,INF740KA1ZA4,FMCGADD,EQ,,,,,DSPAMC - FMCGADD,45.84,46.65,45.43,45.86,46.65,45.84,,45.87,,,5975,275832.86,58,F1,1,,,,,
2026-09-23,2026-09-23,CM,NSE,STK,22592,INF740KA1ZG1,HEALTHADD,EQ,,,,,DSPAMC - HEALTHADD,16.9,17.05,16.88,16.9,16.88,16.9,,16.83,,,121051,2057022.26,62,F1,1,,,,,
2026-09-23,2026-09-23,CM,NSE,STK,23407,INF740KA1UM0,LIQUIDADD,EQ,,,,,DSPAMC - LIQUIDADD,1145.92,1145.94,1145.92,1145.93,1145.94,1145.78,,1145.93,,,441516,505948216.06,285,F1,1,,,,,
2026-09-23,2026-09-23,CM,NSE,STK,764428,INF740KA1ZH9,MIDBANKADD,EQ,,,,,DSPAMC - MIDBANKADD,17.19,17.31,17.19,17.25,17.31,17.06,,17.25,,,5644,97330.35,18,F1,1,,,,,
2026-09-23,2026-09-23,CM,NSE,STK,760356,INF740KA1WW5,MIDCAPADD,EQ,,,,,DSPAMC - MIDCAPADD,22.89,22.96,22.86,22.86,22.86,22.89,,22.86,,,4503,103189.86,21,F1,1,,,,,
2026-09-23,2026-09-23,CM,NSE,STK,759978,INF740KA1WV7,MSCIADD,EQ,,,,,DSPAMC - MSCIADD,28.91,28.91,28.88,28.88,28.88,28.91,,28.88,,,258,7455.34,6,F1,1,,,,,
2026-09-23,2026-09-23,CM,NSE,STK,29464,INF740KA1VE5,NEXT30ADD,EQ,,,,,DSPAMC - NEXT30ADD,42.1,42.33,42.05,42.25,42.25,42.1,,42.25,,,910,38446.44,38,F1,1,,,,,
2026-09-23,2026-09-23,CM,NSE,STK,760599,INF740KA1XU7,NEXT50ADD,EQ,,,,,DSPAMC - NEXT50ADD,72.7,72.88,72.61,72.88,72.88,72.57,,72.78,,,1066,77490.03,28,F1,1,,,,,
2026-09-23,2026-09-23,CM,NSE,STK,760359,INF740KA1WX3,SMALLADD,EQ,,,,,DSPAMC - SMALLADD,18.45,18.62,18.43,18.56,18.62,18.43,,18.56,,,31383,581484.43,101,F1,1,,,,,
2026-09-23,2026-09-23,CM,NSE,STK,25171,INF740KA1UR9,TOP10ADD,EQ,,,,,DSPAMC - TOP10ADD,84.69,85.09,84.44,84.58,84.44,84.53,,84.58,,,149597,12669670.72,431,F1,1,,,,,
2026-09-23,2026-09-23,CM,NSE,STK,13766,INE0LZO01015,DUCOL,SM,,,,,DUCOL ORGS AND COLOURS LT,126.0,126.0,124.0,124.0,124.0,124.0,,124.0,,,16000,2014400.0,2,F1,800,,,,,
2026-09-23,2026-09-23,CM,NSE,STK,28952,INE741L01018,DUCON,EQ,,,,,DUCON INFRATECHNOLOGIES L,1.57,1.6,1.54,1.6,1.6,1.46,,1.61,,,1509806,2398912.31,273,F1,1,,,,,
2026-09-23,2026-09-23,CM,NSE,STK,5457,INE0HPK01020,DUGLOBAL,SM,,,,,DUDIGITAL GLOBAL LIMITED,20.45,21.2,18.5,19.0,19.0,19.4,,19.0,,,1317500,25204250.0,311,F1,2500,,,,,
2026-09-23,2026-09-23,CM,NSE,STK,24164,INE0OUW01013,DURLAX,SM,,,,,DURLAX TOP SURFACE LTD,62.8,62.8,58.0,60.05,60.0,60.0,,60.05,,,60000,3588700.0,29,F1,2000,,,,,
2026-09-23,2026-09-23,CM,NSE,STK,11667,INE366A01041,DWARKESH,EQ,,,,,DWARIKESH SUGAR IND LTD,41.68,42.84,41.58,41.86,41.92,41.68,,41.86,,,1468253,61914998.48,7637,F1,1,,,,,
2026-09-23,2026-09-23,CM,NSE,STK,25690,INE417B01040,DSSL,EQ,,,,,DYNACONS SYS & SOLN LTD,1055.0,1055.0,1018.0,1030.4,1033.0,1022.2,,1030.38,,,16469,16940615.5,1707,F1,1,,,,,
2026-09-23,2026-09-23,CM,NSE,STK,4525,INE221B01012,DYNAMATECH,EQ,,,,,DYNAMATIC TECHNOLOGIES,12659.0,12966.0,12463.0,12561.0,12650.0,12516.0,,12560.7,,,37310,472905986.0,12351,F1,1,,,,,
2026-09-23,2026-09-23,CM,NSE,STK,10417,INE600Y01019,DYCL,EQ,,,,,DYNAMIC CABLES LIMITED,455.0,482.1,446.05,476.9,480.5,453.75,,476.92,,,762315,357880026.75,20530,F1,1,,,,,
2026-09-23,2026-09-23,CM,NSE,STK,6079,INE0DZ701010,DYNAMIC,SM,,,,,DYNAMIC SRVCS & SEC LTD,145.0,169.0,145.0,147.65,147.65,142.85,,147.65,,,40500,6274975.0,21,F1,500,,,,,
2026-09-23,2026-09-23,CM,NSE,STK,21314,INE256H01015,DYNPRO,EQ,,,,,DYNEMIC PRODUCTS LIMITED,231.08,235.0,227.71,234.58,232.05,231.51,,234.58,,,10982,2543213.01,393,F1,1,,,,,
2026-09-23,2026-09-23,CM,NSE,STK,19267,INE0KFF01017,EFACTOR,SM,,,,,E FACTOR EXPERIENCES LTD,160.0,160.0,150.0,151.05,158.45,156.4,,151.05,,,32800,5097900.0,39,F1,400,,,,,
2026-09-23,2026-09-23,CM,NSE,STK,760531,INE1CEJ01017,E2ERAIL,SM,,,,,E TO E TRANS INFRA LTD,328.8,335.0,315.6,320.75,315.6,325.6,,320.75,,,201600,65966280.0,185,F1,800,,,,,
2026-09-23,2026-09-23,CM,NSE,STK,8940,INE255Z01027,E2E,BE,,,,,E2E NETWORKS LIMITED,612.3,635.15,609.0,635.15,635.15,604.95,,635.11,,,1183557,745526644.95,15990,F1,1,,,,,
2026-09-23,2026-09-23,CM,NSE,STK,765065,INE595R01023,EASTWEST,EQ,,,,,EAST WEST FREIGHT CARRI L,2.41,2.42,2.3,2.39,2.39,2.3,,2.39,,,22527,53567.22,68,F1,1,,,,,
2026-09-23,2026-09-23,CM,NSE,STK,9769,INE962C01035,EASTSILK,BE,,,,,EASTERN SILK INDUSTRIES L,63.95,68.51,63.8,68.51,68.51,65.25,,68.51,,,2717,183133.91,32,F1,1,,,,,
2026-09-23,2026-09-23,CM,NSE,STK,2792,INE07O001026,EASEMYTRIP,EQ,,,,,EASY TRIP PLANNERS LTD,5.99,6.03,5.85,5.87,5.88,5.99,,5.87,,,9224928,54486660.61,7606,F1,1,,,,,
2026-09-23,2026-09-23,CM,NSE,STK,765073,INE432F01032,EBIX,BE,,,,,EBIX LIMITED,18.85,19.25,18.5,18.64,18.64,18.43,,18.71,,,20888,392941.15,84,F1,1,,,,,
2026-09-23,2026-09-23,CM,NSE,STK,759974,INE528S07110,888ECL28,N1,,,,,ECL 8.88% 2028 SR V,987.0,987.0,987.0,987.0,987.0,988.99,,987.94,,,90,88830.0,3,F1,1,,,,,
2026-09-23,2026-09-23,CM,NSE,STK,15179,INE738I01010,ECLERX,EQ,,,,,ECLERX SERVICES LTD,1924.1,1940.0,1909.6,1924.2,1939.8,1924.1,,1924.04,,,60071,115484010.4,8321,F1,1,,,,,
2026-09-23,2026-09-23,CM,NSE,STK,764663,INE316A01038,ECORECO,EQ,,,,,ECO RECYCLING LTD.,425.9,431.8,416.05,419.55,423.5,422.9,,419.88,,,9062,3851222.95,770,F1,1,,,,,
2026-09-23,2026-09-23,CM,NSE,STK,759961,INE0VBS01016,ECOLINE,SM,,,,,ECOLINE EXIM LIMITED,192.0,199.0,191.2,195.5,194.0,187.45,,195.5,,,62000,12077350.0,53,F1,1000,,,,,
2026-09-23,2026-09-23,CM,NSE,STK,25060,INE06HJ01020,ECOSMOBLTY,EQ,,,,,ECOS (INDIA) MOB & HOSP L,108.8,112.0,108.0,109.11,108.83,108.62,,109.23,,,41289,4514493.39,1049,F1,1,,,,,
2026-09-23,2026-09-23,CM,NSE,STK,7196,INF754K01OB1,BBETF0432,EQ,,,,,EDELAMC - BBETF0432,1341.1,1346.0,1332.0,1340.66,1332.0,1343.32,,1340.66,,,537,720148.39,21,F1,1,,,,,
2026-09-23,2026-09-23,CM,NSE,STK,764378,INF754K01XH9,EBANK10,EQ,,,,,EDELAMC - EBANK10,16.45,16.64,16.41,16.64,16.64,16.4,,16.64,,,763,12567.23,9,F1,1,,,,,
2026-09-23,2026-09-23,CM,NSE,STK,25258,INF754K01TE4,EBANKNIFTY,EQ,,,,,EDELAMC - EBANKNIFTY,57.2,57.23,56.99,57.21,57.21,56.95,,57.21,,,261,14930.72,12,F1,1,,,,,
2026-09-23,2026-09-23,CM,NSE,STK,16253,INF754K01KO2,EBBETF0430,EQ,,,,,EDELAMC - EBBETF0430,1611.25,1611.25,1607.15,1609.69,1610.49,1608.23,,1609.66,,,2994,4818994.07,201,F1,1,,,,,
2026-09-23,2026-09-23,CM,NSE,STK,22239,INF754K01LE1,EBBETF0431,EQ,,,,,EDELAMC - EBBETF0431,1431.0,1435.23,1430.01,1431.06,1430.95,1432.9,,1431.06,,,586,839341.68,58,F1,1,,,,,
2026-09-23,2026-09-23,CM,NSE,STK,13139,INF754K01QX0,EBBETF0433,EQ,,,,,EDELAMC - EBBETF0433,1305.0,1312.0,1303.0,1309.84,1312.0,1302.8,,1309.81,,,4211,5506356.53,116,F1,1,,,,,
2026-09-23,2026-09-23,CM,NSE,STK,29019,INF754K01TX4,ECAPINSURE,EQ,,,,,EDELAMC - ECAPINSURE,23.77,23.84,23.52,23.71,23.8,23.57,,23.71,,,22469,531822.4,151,F1,1,,,,,
2026-09-23,2026-09-23,CM,NSE,STK,19933,INF754K01SE6,EGOLD,EQ,,,,,EDELAMC - EGOLD,151.5,151.75,150.45,150.9,150.45,151.1,,150.9,,,36665,5538263.6,408,F1,1,,,,,
2026-09-23,2026-09-23,CM,NSE,STK,759466,INF754K01VW2,ELIQUID,EQ,,,,,EDELAMC - ELIQUID,1048.82,1048.84,1048.82,1048.83,1048.83,1048.7,,1048.83,,,25715,26970506.62,21,F1,1,,,,,
2026-09-23,2026-09-23,CM,NSE,STK,758952,INF754K01VV4,ELM250,EQ,,,,,EDELAMC - ELM250,16.36,16.4,16.14,16.2,16.14,16.26,,16.2,,,43871,714369.94,188,F1,1,,,,,
2026-09-23,2026-09-23,CM,NSE,STK,764367,INF754K01XI7,ELMDIV,EQ,,,,,EDELAMC - ELMDIV,35.7,36.7,35.46,35.76,35.76,35.52,,35.74,,,1472,52729.88,26,F1,1,,,,,
2026-09-23,2026-09-23,CM,NSE,STK,764288,INF754K01XG1,EMETAL,EQ,,,,,EDELAMC - EMETAL,12.99,13.31,12.99,13.23,13.23,12.92,,13.23,,,12959,170570.03,36,F1,1,,,,,
2026-09-23,2026-09-23,CM,NSE,STK,25996,INF754K01TF1,EMULTIMQ,EQ,,,,,EDELAMC - EMULTIMQ,41.38,41.76,41.11,41.32,41.11,41.52,,41.32,,,9962,413505.64,114,F1,1,,,,,
2026-09-23,2026-09-23,CM,NSE,STK,763540,INF754K01XF3,ENEXT50,EQ,,,,,EDELAMC - ENEXT50,72.25,72.25,71.81,72.16,72.16,71.9,,72.16,,,18,1296.52,3,F1,1,,,,,
2026-09-23,2026-09-23,CM,NSE,STK,759998,INF754K01VX0,ENIFTY,EQ,,,,,EDELAMC - ENIFTY,23.04,23.73,23.04,23.65,23.65,23.64,,23.65,,,1107,26162.84,51,F1,1,,,,,
2026-09-23,2026-09-23,CM,NSE,STK,759995,INF754K01VY8,ESENSEX,EQ,,,,,EDELAMC - ESENSEX,75.58,75.68,75.28,75.54,75.53,75.4,,75.54,,,872,65649.46,17,F1,1,,,,,
2026-09-23,2026-09-23,CM,NSE,STK,20257,INF754K01SF3,ESILVER,EQ,,,,,EDELAMC - ESILVER,230.1,233.55,229.25,229.58,229.93,229.6,,229.58,,,23457,5418142.01,1074,F1,1,,,,,
2026-09-23,2026-09-23,CM,NSE,STK,15119,INE532F01054,EDELWEISS,EQ,,,,,EDELWEISS FIN SERV LTD,142.2,146.0,140.05,142.03,142.48,141.16,,142.03,,,15211696,2173012785.64,71262,F1,1,,,,,
2026-09-23,2026-09-23,CM,NSE,STK,758675,INE886D01026,EFCIL,EQ,,,,,EFC (I) LIMITED,179.47,184.0,176.5,183.08,183.0,177.99,,183.08,,,258227,46633017.22,5140,F1,1,,,,,
2026-09-23,2026-09-23,CM,NSE,STK,24435,INE0U9101019,EFFWA,SM,,,,,EFFWA INFRA & RESEARCH L,364.0,375.0,363.05,365.7,363.05,363.9,,365.7,,,10000,3685260.0,18,F1,400,,,,,
2026-09-23,2026-09-23,CM,NSE,STK,910,INE066A01021,EICHERMOT,EQ,,,,,EICHER MOTORS LTD,7468.5,7485.0,7414.0,7470.0,7470.0,7427.0,,7469.9,,,215015,1602404293.0,29281,F1,1,,,,,
2026-09-23,2026-09-23,CM,NSE,STK,916,INE126A01031,EIDPARRY,EQ,,,,,EID PARRY INDIA LTD,695.7,708.2,692.55,701.4,701.0,695.55,,701.44,,,231077,162142132.55,14587,F1,1,,,,,
2026-09-23,2026-09-23,CM,NSE,STK,15399,INE276C01014,EIHAHOTELS,EQ,,,,,EIH ASSOCIATED HOTELS LTD,296.1,300.35,294.4,296.85,295.8,298.8,,296.86,,,8693,2581463.5,583,F1,1,,,,,
2026-09-23,2026-09-23,CM,NSE,STK,919,INE230A01023,EIHOTEL,EQ,,,,,EIH LIMITED,303.0,304.7,300.15,301.15,301.05,303.9,,301.18,,,98871,29836636.65,4698,F1,1,,,,,
2026-09-23,2026-09-23,CM,NSE,STK,4040,INE158B01016,EIMCOELECO,EQ,,,,,EIMCO ELECON (INDIA) LTD,2260.0,2328.8,2250.4,2297.8,2300.0,2256.1,,2297.95,,,17385,39852658.4,2811,F1,1,,,,,
2026-09-23,2026-09-23,CM,NSE,STK,764668,INE0CPR01018,EKI,EQ,,,,,EKI ENERGY SERVICES LTD,69.95,82.54,68.03,82.54,82.54,68.79,,83.01,,,106374,8451752.2,1593,F1,1,,,,,
2026-09-23,2026-09-23,CM,NSE,STK,762653,INE280B01018,ELANTAS,EQ,,,,,ELANTAS BECK INDIA LTD.,14481.0,14510.0,14000.0,14308.0,14400.0,14410.0,,14308.05,,,3349,47714804.0,1445,F1,1,,,,,
2026-09-23,2026-09-23,CM,NSE,STK,762658,INE927X01018,ELCIDIN,EQ,,,,,ELCID INVESTMENTS LTD.,105000.0,105900.0,103220.0,105800.0,105800.0,105000.0,,105800.0,,,11,1154650.0,11,F1,1,,,,,
2026-09-23,2026-09-23,CM,NSE,STK,8953,INE668G01021,ELDEHSG,EQ,,,,,ELDECO HSG & IND LTD.,773.8,789.9,771.0,779.75,780.0,780.0,,779.75,,,423,328794.95,39,F1,1,,,,,
2026-09-23,2026-09-23,CM,NSE,STK,13643,INE205B01031,ELECON,EQ,,,,,ELECON ENG. CO. LTD,420.55,476.9,420.1,466.6,466.3,420.55,,466.57,,,30987016,14335672449.95,428425,F1,1,,,,,
2026-09-23,2026-09-23,CM,NSE,STK,20899,INE0Q1W01012,EFORCE,SM,,,,,ELECTRO FORCE (INDIA) LTD,18.75,19.1,18.7,19.1,19.1,19.15,,19.1,,,4800,90360.0,4,F1,1200,,,,,
2026-09-23,2026-09-23,CM,NSE,STK,11530,INE02YR01019,EMIL,EQ,,,,,ELECTRONICS MART IND LTD,194.35,195.89,186.32,191.32,191.4,192.61,,191.32,,,3823676,735052440.17,47070,F1,1,,,,,
2026-09-23,2026-09-23,CM,NSE,STK,928,INE086A01029,ELECTCAST,EQ,,,,,ELECTROSTEEL CASTINGS LTD,72.8,74.52,72.55,74.22,74.35,72.88,,74.22,,,1390274,102568709.63,12015,F1,1,,,,,
2026-09-23,2026-09-23,CM,NSE,STK,4469,INE822G01016,ELECTHERM,EQ,,,,,ELECTROTHERM (I) LTD.,907.0,942.95,898.65,904.65,909.0,903.85,,904.66,,,14486,13271135.55,785,F1,1,,,,,
2026-09-23,2026-09-23,CM,NSE,STK,29595,INE0R9101015,ELGNZ,SM,,,,,ELEGANZ INTERIORS LIMITED,85.5,86.7,85.5,85.85,86.6,85.5,,85.85,,,9000,772900.0,9,F1,1000,,,,,
2026-09-23,2026-09-23,CM,NSE,STK,937,INE285A01027,ELGIEQUIP,EQ,,,,,ELGI EQUIPMENTS LTD,608.9,619.8,606.1,614.7,615.45,608.95,,614.66,,,252822,155347187.25,17277,F1,1,,,,,
2026-09-23,2026-09-23,CM,NSE,STK,24924,INE819L01012,ELGIRUBCO,EQ,,,,,ELGI RUBBER CO. LTD,58.05,59.88,58.05,59.35,59.6,59.77,,59.35,,,15662,928115.42,303,F1,1,,,,,
2026-09-23,2026-09-23,CM,NSE,STK,13423,INE050401020,ELIN,EQ,,,,,ELIN ELECTRONICS LIMITED,90.65,91.58,89.2,89.95,90.0,90.71,,89.95,,,89944,8093613.34,1421,F1,1,,,,,
2026-09-23,2026-09-23,CM,NSE,STK,762663,INE669R01026,ELITECON,EQ,,,,,ELITECON INTERNATIONAL L,9.09,9.17,8.61,9.13,9.15,8.74,,9.14,,,24189173,220115900.63,23366,F1,1,,,,,
2026-09-23,2026-09-23,CM,NSE,STK,758563,INE236E01022,ELLEN,EQ,,,,,ELLENBARRIE INDUS GASES L,359.6,375.9,357.0,371.3,370.0,357.1,,371.28,,,714065,263106386.65,20262,F1,1,,,,,
2026-09-23,2026-09-23,CM,NSE,STK,4471,INE579B01039,ELPROINTL,EQ,,,,,ELPRO INTERNATIONAL LTD,171.46,172.89,171.08,171.5,171.5,172.24,,171.5,,,3459,593442.32,119,F1,1,,,,,
2026-09-23,2026-09-23,CM,NSE,STK,29229,INE0ZOL01023,EMAPARTNER,SM,,,,,EMA PARTNERS INDIA LTD,82.0,83.9,82.0,82.1,82.0,82.0,,82.1,,,17000,1397900.0,10,F1,1000,,,,,
2026-09-23,2026-09-23,CM,NSE,STK,13517,INE548C01032,EMAMILTD,EQ,,,,,EMAMI LIMITED,392.05,407.65,389.1,391.45,392.0,390.0,,391.45,,,4467324,1788117979.25,75817,F1,1,,,,,
2026-09-23,2026-09-23,CM,NSE,STK,10084,INE830C01026,EMAMIPAP,BE,,,,,EMAMI PAPER MILLS LIMITED,114.9,117.9,113.85,115.6,115.67,113.81,,115.08,,,15632,1798564.44,126,F1,1,,,,,
2026-09-23,2026-09-23,CM,NSE,STK,19277,INE778K01012,EMAMIREAL,EQ,,,,,EMAMI REALTY LIMITED,69.0,71.4,69.0,69.58,69.75,68.0,,69.58,,,38442,2696058.28,349,F1,1,,,,,
2026-09-23,2026-09-23,CM,NSE,STK,14450,INE069I01010,EMBDL,EQ,,,,,EMBASSY DEVELOPMENTS LTD,58.78,61.84,57.72,61.22,60.6,58.43,,61.22,,,4137653,247924790.25,24078,F1,1,,,,,
2026-09-23,2026-09-23,CM,NSE,STK,9383,INE041025011,EMBASSY,RR,,,,,EMBASSY OFFICE PARKS REIT,440.97,440.98,436.22,437.44,437.69,440.97,,437.44,,,373146,163719867.87,14792,F1,1,,,,,
2026-09-23,2026-09-23,CM,NSE,STK,24398,INE168P01015,EMCURE,EQ,,,,,EMCURE PHARMACEUTICALS L,1955.0,1992.3,1955.0,1981.7,1980.0,1975.0,,1981.66,,,37562,74243554.2,5893,F1,1,,,,,
2026-09-23,2026-09-23,CM,NSE,STK,13421,INE296H01011,EMKAY,EQ,,,,,EMKAY GLOBAL FIN SERV LTD,266.75,277.0,262.15,270.6,270.0,264.55,,270.57,,,45325,12332097.95,1140,F1,1,,,,,
2026-09-23,2026-09-23,CM,NSE,STK,10253,INE332S01011,EMKAYTOOLS,SM,,,,,EMKAY TAP & CUT. TOOL LTD,94.15,97.8,94.15,95.0,95.0,94.1,,95.0,,,1050,100170.0,6,F1,150,,,,,
2026-09-23,2026-09-23,CM,NSE,STK,758591,INE0PXC01024,ETL,SM,,,,,EMKAY TOOLS LIMITED,1091.4,1125.0,1065.0,1118.0,1125.0,1070.0,,1118.0,,,1800,1981380.0,7,F1,150,,,,,
2026-09-23,2026-09-23,CM,NSE,STK,18146,INE753K01015,EMMBI,BE,,,,,EMMBI INDUSTRIES LIMITED,90.7,90.8,88.51,88.71,88.65,90.89,,88.71,,,5599,497704.09,60,F1,1,,,,,
2026-09-23,2026-09-23,CM,NSE,STK,759728,INE1C6T01020,EMMVEE,EQ,,,,,EMMVEE PHOTOVOLTAIC PWR L,340.8,341.9,327.1,333.1,332.0,339.75,,333.05,,,2792865,927299123.9,59565,F1,1,,,,,
2026-09-23,2026-09-23,CM,NSE,STK,764673,INE515H01014,EMPIND,EQ,,,,,EMPIRE INDUSTRIES LTD.,1049.9,1080.0,1044.5,1074.8,1074.0,1038.1,,1071.1,,,1503,1597759.8,209,F1,1,,,,,
2026-09-23,2026-09-23,CM,NSE,STK,762670,INE507F01023,EMPOWER,EQ,,,,,EMPOWER INDIA LTD.,2.06,2.06,2.06,2.06,2.06,2.16,,2.06,,,1644283,3387222.98,1162,F1,1,,,,,
2026-09-23,2026-09-23,CM,NSE,STK,18593,INE0OV601013,EMSLIMITED,EQ,,,,,EMS LIMITED,367.2,369.85,363.35,366.35,368.45,365.25,,366.35,,,125060,45826446.9,3890,F1,1,,,,,
2026-09-23,2026-09-23,CM,NSE,STK,9756,INE01QM01018,EMUDHRA,EQ,,,,,EMUDHRA LIMITED,647.0,676.0,630.1,637.8,636.0,649.25,,637.73,,,966799,631989441.6,32772,F1,1,,,,,
2026-09-23,2026-09-23,CM,NSE,STK,760321,INE433T01015,ENCOMPAS,SM,,,,,ENCOMPASS DESIGN INDIA L,255.0,255.0,255.0,255.0,255.0,255.0,,255.0,,,400,102000.0,1,F1,400,,,,,
2026-09-23,2026-09-23,CM,NSE,STK,18822,INE913H01037,ENDURANCE,EQ,,,,,ENDURANCE TECHNO. LTD.,2698.0,2745.6,2656.9,2669.6,2669.4,2693.7,,2669.69,,,57593,155460832.7,17193,F1,1,,,,,
2026-09-23,2026-09-23,CM,NSE,STK,15049,INE306C01019,ENERGYDEV,EQ,,,,,ENERGY DEVE. CO.LTD,14.55,15.14,14.55,14.71,14.69,14.54,,14.72,,,22249,329214.72,313,F1,1,,,,,
2026-09-23,2026-09-23,CM,NSE,STK,23745,INE0S1L01013,EMMIL,SM,,,,,ENERGY MISSION MACH IND L,120.0,129.95,115.75,127.65,128.8,119.8,,127.65,,,30000,3619087.5,76,F1,250,,,,,
2026-09-23,2026-09-23,CM,NSE,STK,23224,INE0S3X01014,ENFUSE,SM,,,,,ENFUSE SOLUTIONS LIMITED,150.0,150.0,150.0,150.0,150.0,150.0,,150.0,,,1200,180000.0,2,F1,600,,,,,
2026-09-23,2026-09-23,CM,NSE,STK,4907,INE510A01028,ENGINERSIN,EQ,,,,,ENGINEERS INDIA LTD,301.4,309.5,292.85,306.2,306.25,302.55,,306.2,,,11229270,3404396744.6,116974,F1,1,,,,,
2026-09-23,2026-09-23,CM,NSE,STK,764678,INE130L01014,ENKEIWHEL,EQ,,,,,ENKEI WHEELS (INDIA) LTD.,393.0,402.0,390.0,399.45,399.45,395.2,,395.98,,,444,176194.95,32,F1,1,,,,,
2026-09-23,2026-09-23,CM,NSE,STK,23230,INE0R9I01021,ENSER,SM,,,,,ENSER COMMUNICATIONS LTD,15.45,15.45,15.0,15.25,15.4,15.45,,15.25,,,80000,1221750.0,16,F1,5000,,,,,
2026-09-23,2026-09-23,CM,NSE,STK,22717,INE010601016,ENTERO,EQ,,,,,ENTERO HEALTHCARE SOLU L,1853.9,1867.0,1821.9,1842.5,1840.1,1841.8,,1842.51,,,164838,303606182.3,17075,F1,1,,,,,
2026-09-23,2026-09-23,CM,NSE,STK,13192,INE265F01028,ENIL,EQ,,,,,ENTERTAIN NET. IND. LTD.,99.5,100.8,99.15,100.17,100.58,99.64,,100.17,,,2106,210814.25,88,F1,1,,,,,
2026-09-23,2026-09-23,CM,NSE,STK,27213,INE0LLY01014,EIEL,EQ,,,,,ENVIRO INFRA ENGINEERS L,201.55,206.19,201.34,203.32,203.4,201.07,,203.33,,,442187,89934213.9,8450,F1,1,,,,,
2026-09-23,2026-09-23,CM,NSE,STK,25412,INE0SUH01015,ENVIRO,SM,,,,,ENVIROTECH SYSTEMS LTD,67.5,76.0,67.05,73.55,76.0,66.4,,73.55,,,35000,2481800.0,32,F1,1000,,,,,
2026-09-23,2026-09-23,CM,NSE,STK,22463,INE0G5901015,EPACK,EQ,,,,,EPACK DURABLE LIMITED,182.0,186.9,181.51,184.82,184.85,181.55,,184.82,,,348177,64362982.82,6074,F1,1,,,,,
2026-09-23,2026-09-23,CM,NSE,STK,759251,INE0MLS01022,EPACKPEB,EQ,,,,,EPACK PREFAB TECHN LTD,251.99,257.38,249.85,253.95,255.55,250.34,,253.93,,,891746,226087633.74,20139,F1,1,,,,,
2026-09-23,2026-09-23,CM,NSE,STK,5382,INE071N01016,EPIGRAL,EQ,,,,,EPIGRAL LIMITED,1105.9,1114.9,1084.2,1093.6,1102.0,1100.9,,1093.7,,,27575,30330642.7,2578,F1,1,,,,,
2026-09-23,2026-09-23,CM,NSE,STK,981,INE255A01020,EPL,EQ,,,,,EPL LIMITED,238.5,240.85,234.2,239.1,239.45,236.65,,239.1,,,1215471,288747476.05,21442,F1,1,,,,,
2026-09-23,2026-09-23,CM,NSE,STK,758349,INE11HF01010,EEPL,ST,,,,,EPPELTONE ENGINEERS LTD,129.6,134.9,129.6,134.9,134.9,129.55,,134.9,,,6000,797900.0,6,F1,1000,,,,,
2026-09-23,2026-09-23,CM,NSE,STK,761217,INE1KEC01023,EPWINDIA,ST,,,,,EPW INDIA LIMITED,235.05,240.5,235.0,240.5,240.5,240.0,,240.5,,,8400,1998660.0,6,F1,1200,,,,,
2026-09-23,2026-09-23,CM,NSE,STK,3553,INE217G01035,EQUIPPP,BE,,,,,EQUIPPP SOC IMP TECH LTD,23.0,23.0,22.4,22.63,22.99,22.78,,22.68,,,6248,140845.12,52,F1,1,,,,,
2026-09-23,2026-09-23,CM,NSE,STK,913,INE063P01018,EQUITASBNK,EQ,,,,,EQUITAS SMALL FIN BNK LTD,72.91,74.06,72.05,72.27,72.3,72.91,,72.27,,,1571676,114564432.72,12305,F1,1,,,,,
2026-09-23,2026-09-23,CM,NSE,STK,21154,INE406M01024,ERIS,EQ,,,,,ERIS LIFESCIENCES LIMITED,1271.2,1285.7,1265.1,1269.9,1269.5,1271.2,,1269.9,,,45891,58332663.4,3204,F1,1,,,,,
2026-09-23,2026-09-23,CM,NSE,STK,955,INE284A01012,ESABINDIA,EQ,,,,,ESAB INDIA LTD,5650.0,5699.0,5590.0,5604.5,5596.0,5654.5,,5604.67,,,2657,14959416.0,1059,F1,1,,,,,
2026-09-23,2026-09-23,CM,NSE,STK,19884,INE818W01011,ESAFSFB,BE,,,,,ESAF SMALL FINANCE BANK L,39.8,41.22,38.7,40.69,40.55,39.46,,40.69,,,566845,22863984.32,1758,F1,1,,,,,
2026-09-23,2026-09-23,CM,NSE,STK,22767,INE0RQZ01017,ESCONET,ST,,,,,ESCONET TECHNOLOGIES LTD,200.1,216.2,195.7,216.2,216.2,205.95,,216.2,,,38400,7983400.0,83,F1,400,,,,,
2026-09-23,2026-09-23,CM,NSE,STK,958,INE042A01014,ESCORTS,EQ,,,,,ESCORTS KUBOTA LIMITED,2803.9,2829.0,2784.9,2796.9,2795.0,2793.6,,2796.92,,,95760,268744606.0,12625,F1,1,,,,,
2026-09-23,2026-09-23,CM,NSE,STK,765553,INE0DRI01029,ESDS,EQ,,,,,ESDS SOFTWARE SOLUTION L,1724.85,1811.05,1706.45,1770.7,1733.7,1724.85,,1771.48,,,3048927,5446387696.8,70370,F1,1,,,,,
2026-09-23,2026-09-23,CM,NSE,STK,24678,INE0SBP01018,ESPRIT,SM,,,,,ESPRIT STONES LIMITED,65.0,65.0,65.0,65.0,65.0,66.0,,65.0,,,1600,104000.0,1,F1,1600,,,,,
2026-09-23,2026-09-23,CM,NSE,STK,25634,INE122M01019,ESSARSHPNG,EQ,,,,,ESSAR SHIPPING LTD,15.61,16.5,15.61,16.38,16.43,15.63,,16.37,,,214690,3498602.7,790,F1,1,,,,,
2026-09-23,2026-09-23,CM,NSE,STK,17084,INE0ITO01014,ESFL,SM,,,,,ESSEN SPECIALITY FILMS L,123.25,123.4,122.0,123.2,123.2,125.85,,123.2,,,10800,1324944.0,23,F1,360,,,,,
2026-09-23,2026-09-23,CM,NSE,STK,24265,INE778B01029,ESTER,EQ,,,,,ESTER INDUSTRIES LTD,86.51,88.59,86.5,88.32,88.51,87.11,,88.32,,,25566,2252075.61,645,F1,1,,,,,
2026-09-23,2026-09-23,CM,NSE,STK,5097,INE758T01015,ETERNAL,EQ,,,,,ETERNAL LIMITED,344.4,344.4,340.55,342.65,342.65,342.0,,342.65,,,18360484,6288247674.35,170827,F1,1,,,,,
2026-09-23,2026-09-23,CM,NSE,STK,9750,INE04TZ01018,ETHOSLTD,EQ,,,,,ETHOS LIMITED,2657.3,2749.0,2617.6,2660.2,2680.0,2613.3,,2660.46,,,84295,227502010.3,17542,F1,1,,,,,
2026-09-23,2026-09-23,CM,NSE,STK,25162,INE0KCE01017,EUREKAFORB,EQ,,,,,EUREKA FORBES LIMITED,377.4,383.0,376.35,378.45,379.8,377.3,,378.38,,,125260,47572006.4,7694,F1,1,,,,,
2026-09-23,2026-09-23,CM,NSE,STK,6042,INE546V01010,EIFFL,BE,,,,,EURO (I) FRESH FOODS LTD,257.45,261.25,257.45,261.25,261.25,256.15,,261.25,,,710,184673.8,11,F1,1,,,,,
2026-09-23,2026-09-23,CM,NSE,STK,757953,INE505V01016,EUROBOND,EQ,,,,,EURO PANEL PRODUCTS LTD,153.11,157.9,146.34,152.22,155.0,153.1,,152.22,,,8543,1295171.43,126,F1,1,,,,,
2026-09-23,2026-09-23,CM,NSE,STK,759797,INE198501012,EUROPRATIK,EQ,,,,,EURO PRATIK SALES LIMITED,219.8,229.0,218.45,220.15,220.0,218.45,,220.19,,,330401,73707485.6,8519,F1,1,,,,,
2026-09-23,2026-09-23,CM,NSE,STK,8886,INE022C01012,EUROTEXIND,BE,,,,,EUROTEX IND & EXPORTS LTD,12.26,12.84,11.65,11.65,11.65,12.26,,11.46,,,1092,13335.91,10,F1,1,,,,,
2026-09-23,2026-09-23,CM,NSE,STK,11782,INE128A01029,EVEREADY,EQ,,,,,EVEREADY INDS. IND.  LTD.,329.05,332.0,325.5,328.5,327.75,329.05,,328.5,,,50486,16604729.3,1979,F1,1,,,,,
2026-09-23,2026-09-23,CM,NSE,STK,6017,INE295A01018,EVERESTIND,BE,,,,,EVEREST INDUSTRIES LTD,432.0,452.85,432.0,445.65,448.0,432.45,,445.61,,,8466,3765280.25,211,F1,1,,,,,
2026-09-23,2026-09-23,CM,NSE,STK,13091,INE184H01027,EKC,EQ,,,,,EVEREST KANTO CYLINDERLTD,100.9,119.33,100.9,113.66,114.05,100.81,,113.65,,,23855254,2723001037.03,148749,F1,1,,,,,
2026-09-23,2026-09-23,CM,NSE,STK,11471,INE369A01029,EXCELINDUS,EQ,,,,,EXCEL INDUSTRIES LTD,957.3,973.3,952.1,963.3,969.0,952.6,,963.18,,,8868,8521453.0,1374,F1,1,,,,,
2026-09-23,2026-09-23,CM,NSE,STK,760007,INE606N01019,EXCELSOFT,EQ,,,,,EXCELSOFT TECHNOLOGIES L,83.96,83.96,80.22,80.94,81.5,82.85,,80.96,,,457531,37376552.27,4166,F1,1,,,,,
2026-09-23,2026-09-23,CM,NSE,STK,22947,INE777F01014,EXICOM,EQ,,,,,EXICOM TELE SYSTEMS LTD,162.35,171.2,162.35,168.09,168.2,161.44,,168.08,,,1676574,283069426.89,16595,F1,1,,,,,
2026-09-23,2026-09-23,CM,NSE,STK,676,INE302A01020,EXIDEIND,EQ,,,,,EXIDE INDUSTRIES LTD,430.05,432.2,423.65,425.95,424.9,429.7,,425.98,,,1111617,475248184.35,27126,F1,1,,,,,
2026-09-23,2026-09-23,CM,NSE,STK,760422,INE19I001020,EXIMROUTES,SM,,,,,EXIM ROUTES LIMITED,87.0,91.45,87.0,90.6,90.5,89.2,,90.6,,,14400,1287520.0,12,F1,800,,,,,
2026-09-23,2026-09-23,CM,NSE,STK,17486,INE201K01015,EXPLEOSOL,EQ,,,,,EXPLEO SOLUTIONS LIMITED,881.4,883.95,866.75,872.45,872.1,877.2,,871.62,,,11577,10138389.2,1051,F1,1,,,,,
2026-09-23,2026-09-23,CM,NSE,STK,5352,INE0GFE01026,EXXARO,EQ,,,,,EXXARO TILES LIMITED,6.27,6.32,6.15,6.27,6.26,6.23,,6.27,,,67787,423999.38,250,F1,1,,,,,
2026-09-23,2026-09-23,CM,NSE,STK,760125,INE0HF201011,FABTECH,EQ,,,,,FABTECH TECHNOLOGIES LTD,148.25,149.8,147.01,148.64,148.0,147.02,,148.66,,,83406,12412063.6,1327,F1,1,,,,,
2026-09-23,2026-09-23,CM,NSE,STK,1008,INE188A01015,FACT,EQ,,,,,FACT LTD,794.75,804.85,792.7,796.7,795.2,798.45,,796.69,,,133669,106707124.4,8100,F1,1,,,,,
2026-09-23,2026-09-23,CM,NSE,STK,1619,INE0DNW01011,FAIRCHEMOR,BE,,,,,FAIRCHEM ORGANICS LIMITED,639.8,639.8,625.0,626.65,625.3,636.6,,626.5,,,3960,2498209.95,306,F1,1,,,,,
2026-09-23,2026-09-23,CM,NSE,STK,24150,INE0PQK01013,FALCONTECH,SM,,,,,FALCON TECHNOPROJ IND LTD,13.4,13.6,12.4,13.0,13.0,13.05,,13.0,,,9600,125220.0,8,F1,1200,,,,,
2026-09-23,2026-09-23,CM,NSE,STK,765368,INE1Q2D01019,FASCINATE,SM,,,,,FASCINATE TEXTILES LTD,55.25,55.3,55.25,55.3,55.3,52.7,,55.3,,,70400,3893000.0,42,F1,800,,,,,
2026-09-23,2026-09-23,CM,NSE,STK,12000,INE963C01033,FAZE3Q,EQ,,,,,FAZE THREE LIMITED,424.0,442.8,424.0,438.05,432.05,422.85,,438.02,,,13944,6044392.3,834,F1,1,,,,,
2026-09-23,2026-09-23,CM,NSE,STK,11999,INE512B01022,FCSSOFT,EQ,,,,,FCS SOFTWARE SOLN. LTD.,1.38,1.39,1.36,1.36,1.37,1.38,,1.36,,,1939753,2665742.82,1011,F1,1,,,,,
2026-09-23,2026-09-23,CM,NSE,STK,4898,INE258B01022,FDC,EQ,,,,,FDC LIMITED,356.5,357.8,349.0,349.95,350.0,356.5,,349.97,,,128884,45457576.15,5888,F1,1,,,,,
2026-09-23,2026-09-23,CM,NSE,STK,20322,INE007N01010,FEDFINA,EQ,,,,,FEDBANK FINANCIAL SER L,153.4,156.0,151.14,153.42,153.5,152.14,,153.42,,,1046301,161136955.12,12730,F1,1,,,,,
2026-09-23,2026-09-23,CM,NSE,STK,762675,INE417D01020,FEDDERSHOL,EQ,,,,,FEDDERS HOLDING LTD.,65.11,69.75,60.71,67.22,67.3,64.8,,67.22,,,32953487,2177031085.4,95216,F1,1,,,,,
2026-09-23,2026-09-23,CM,NSE,STK,1023,INE171A01029,FEDERALBNK,EQ,,,,,FEDERAL BANK LTD,328.45,331.3,325.25,331.3,331.3,327.0,,331.3,,,5137220,1683813496.2,60925,F1,1,,,,,
2026-09-23,2026-09-23,CM,NSE,STK,1190,INE529A01010,FMGOETZE,EQ,,,,,FEDERAL-MOGUL GOETZE (IND,448.5,459.5,445.1,453.55,455.9,446.75,,453.53,,,200283,90941410.75,5640,F1,1,,,,,
2026-09-23,2026-09-23,CM,NSE,STK,573,INE901X01013,FELIX,SM,,,,,FELIX INDUSTRIES LTD.,207.5,208.0,200.6,204.3,204.95,209.4,,204.3,,,33000,6737500.0,52,F1,500,,,,,
2026-09-23,2026-09-23,CM,NSE,STK,762680,INE225B01021,FERMENTA,EQ,,,,,FERMENTA BIOTECH LTD.,470.3,490.0,470.3,475.5,474.5,470.6,,475.33,,,69810,33578087.6,3655,F1,1,,,,,
2026-09-23,2026-09-23,CM,NSE,STK,8159,INE296C01020,FIBERWEB,EQ,,,,,FIBERWEB INDIA LIMITED,26.0,26.89,26.0,26.48,26.6,26.14,,26.48,,,5470,144176.11,95,F1,1,,,,,
2026-09-23,2026-09-23,CM,NSE,STK,9858,INE0LQQ01019,FIDEL,SM,,,,,FIDEL SOFTECH LIMITED,168.0,177.0,168.0,175.25,177.0,168.0,,175.25,,,30000,5181750.0,26,F1,1000,,,,,
2026-09-23,2026-09-23,CM,NSE,STK,13710,INE737H01014,FIEMIND,EQ,,,,,FIEM INDUSTRIES LIMITED,1907.1,1938.0,1897.0,1924.5,1924.9,1906.7,,1924.52,,,67467,129681807.5,11026,F1,1,,,,,
2026-09-23,2026-09-23,CM,NSE,STK,23647,INE185E01021,FILATFASH,EQ,,,,,FILATEX FASHIONS LIMITED,0.18,0.18,0.17,0.18,0.18,0.17,,0.19,,,12407028,2233252.19,637,F1,1,,,,,
2026-09-23,2026-09-23,CM,NSE,STK,24532,INE816B01035,FILATEX,EQ,,,,,FILATEX INDIA LTD,101.24,111.5,100.61,108.72,108.0,101.07,,108.72,,,19496415,2120821546.25,97681,F1,1,,,,,
2026-09-23,2026-09-23,CM,NSE,STK,759776,INE0EDU01014,FINBUD,SM,,,,,FINBUD FINANCIAL SERV LTD,118.8,118.8,113.45,114.5,114.5,116.05,,114.5,,,16000,1843650.0,16,F1,1000,,,,,
2026-09-23,2026-09-23,CM,NSE,STK,3744,INE686Y01026,FINEORG,EQ,,,,,FINE ORGANIC IND. LTD.,5175.0,5189.0,5063.0,5096.5,5100.0,5159.5,,5096.34,,,15254,78154651.0,4710,F1,1,,,,,
2026-09-23,2026-09-23,CM,NSE,STK,6198,INE045J01034,FCL,EQ,,,,,FINEOTEX CHEMICAL LIMITED,57.2,58.09,56.2,56.81,56.88,57.39,,56.81,,,12216676,697171338.8,47438,F1,1,,,,,
2026-09-23,2026-09-23,CM,NSE,STK,759239,INE734I01027,FINKURVE,EQ,,,,,FINKURVE FINANCIAL SERV L,71.69,71.7,69.5,70.12,70.21,70.39,,70.1,,,35900,2527363.95,805,F1,1,,,,,
2026-09-23,2026-09-23,CM,NSE,STK,6579,INE02NC01014,FINOPB,EQ,,,,,FINO PAYMENTS BANK LTD,132.0,134.29,132.0,132.68,132.89,133.02,,132.67,,,272069,36111485.22,3400,F1,1,,,,,
2026-09-23,2026-09-23,CM,NSE,STK,1038,INE235A01022,FINCABLES,EQ,,,,,FINOLEX CABLES LTD,1475.0,1488.4,1441.0,1470.2,1470.0,1468.1,,1470.19,,,594101,871037179.7,31177,F1,1,,,,,
2026-09-23,2026-09-23,CM,NSE,STK,1041,INE183A01024,FINPIPE,EQ,,,,,FINOLEX INDUSTRIES LTD,152.95,155.95,152.05,154.16,154.8,152.94,,154.17,,,604745,93044118.49,9952,F1,1,,,,,
2026-09-23,2026-09-23,CM,NSE,STK,14304,INE684F01012,FSL,EQ,,,,,FIRSTSOURCE SOLU. LTD.,267.0,271.75,267.0,267.85,268.0,269.5,,267.84,,,443067,119121157.75,10802,F1,1,,,,,
2026-09-23,2026-09-23,CM,NSE,STK,757658,INE771F01041,FISCHER,EQ,,,,,FISCHER MEDICAL VENTURE L,33.2,36.15,33.13,35.03,35.0,32.95,,35.03,,,2948354,103144856.36,13693,F1,1,,,,,
2026-09-23,2026-09-23,CM,NSE,STK,12032,INE128S01021,FIVESTAR,EQ,,,,,FIVE-STAR BUS FIN LTD,524.5,552.0,524.5,549.7,548.0,524.85,,549.7,,,871098,472307539.8,43199,F1,1,,,,,
2026-09-23,2026-09-23,CM,NSE,STK,20372,INE00Y201027,FLAIR,EQ,,,,,FLAIR WRITING INDUST LTD,241.5,246.2,232.5,240.79,241.9,241.29,,240.8,,,94056,22551560.8,2745,F1,1,,,,,
2026-09-23,2026-09-23,CM,NSE,STK,25516,INE060J01017,FLEXITUFF,BE,,,,,FLEXITUFF VENTURES INT L,2.73,2.73,2.73,2.73,2.73,2.68,,2.74,,,6852,18705.96,24,F1,1,,,,,
2026-09-23,2026-09-23,CM,NSE,STK,758208,INE0VCK01011,FLYSBS,SM,,,,,FLYSBS AVIATION LIMITED,674.25,680.0,651.05,667.2,669.0,673.2,,667.2,,,62000,41201010.0,200,F1,200,,,,,
2026-09-23,2026-09-23,CM,NSE,STK,760331,INE0SQZ01015,FWSTC,SM,,,,,FLYWINGS SIMULAT T C LTD,170.0,170.0,170.0,170.0,170.0,170.0,,170.0,,,600,102000.0,1,F1,600,,,,,
2026-09-23,2026-09-23,CM,NSE,STK,6839,INE593W01028,FOCUS,BE,,,,,FOCUS LIGHTG & FIXTRS LTD,60.73,60.9,59.51,60.1,59.93,59.97,,60.1,,,35641,2147062.4,155,F1,1,,,,,
2026-09-23,2026-09-23,CM,NSE,STK,22520,INE0Q4701019,FONEBOX,ST,,,,,FONEBOX RETAIL LIMITED,152.1,152.1,152.1,152.1,152.1,144.9,,152.1,,,22000,3346200.0,15,F1,1000,,,,,
2026-09-23,2026-09-23,CM,NSE,STK,6673,INE976E01023,FOODSIN,EQ,,,,,FOODS & INNS LIMITED,53.03,54.19,53.03,53.41,53.4,53.83,,53.45,,,207867,11129597.48,1066,F1,1,,,,,
2026-09-23,2026-09-23,CM,NSE,STK,24917,INE0U2501017,FORCAS,ST,,,,,FORCAS STUDIO LIMITED,226.85,228.0,215.0,220.0,220.0,218.95,,220.0,,,22400,4919600.0,13,F1,1600,,,,,
2026-09-23,2026-09-23,CM,NSE,STK,11573,INE451A01017,FORCEMOT,EQ,,,,,FORCE MOTORS LIMITED,17395.0,17469.0,17304.0,17352.0,17352.0,17275.0,,17353.24,,,31775,552084013.0,9956,F1,1,,,,,
2026-09-23,2026-09-23,CM,NSE,STK,25664,INE0YKW01013,FORGEAUTO,SM,,,,,FORGE AUTO INTERNATION L,103.0,103.0,103.0,103.0,103.0,106.5,,103.0,,,2400,247200.0,2,F1,1200,,,,,
2026-09-23,2026-09-23,CM,NSE,STK,14592,INE061F01013,FORTIS,EQ,,,,,FORTIS HEALTHCARE LTD,895.0,898.4,887.4,894.0,894.0,896.55,,894.0,,,989288,882326943.45,37362,F1,1,,,,,
2026-09-23,2026-09-23,CM,NSE,STK,1073,INE519A01011,FOSECOIND,EQ,,,,,FOSECO INDIA LTD,6630.0,6704.5,6531.5,6555.0,6552.0,6562.0,,6555.2,,,11166,73813677.5,3973,F1,1,,,,,
2026-09-23,2026-09-23,CM,NSE,STK,760961,INE212S01015,FRACTAL,EQ,,,,,FRACTAL ANALYTICS LIMITED,763.0,768.8,756.5,761.65,761.5,761.4,,761.66,,,256784,195745024.75,13742,F1,1,,,,,
2026-09-23,2026-09-23,CM,NSE,STK,764683,INE194R01017,FREDUN,EQ,,,,,FREDUN PHARMACEUTICALS L,1409.0,1410.0,1385.1,1394.0,1390.0,1382.6,,1394.07,,,52582,73587730.2,4515,F1,1,,,,,
2026-09-23,2026-09-23,CM,NSE,STK,25871,INE0SFW01015,FRESHARA,ST,,,,,FRESHARA AGRO EXPORTS LTD,403.0,418.2,398.0,406.0,405.0,408.85,,406.0,,,43800,17713080.0,70,F1,600,,,,,
2026-09-23,2026-09-23,CM,NSE,STK,11501,INE385O01018,FROG,SM,,,,,FROG INNOVATIONS LIMITED,263.3,275.0,263.3,267.1,266.95,272.35,,267.1,,,22400,6034660.0,49,F1,400,,,,,
2026-09-23,2026-09-23,CM,NSE,STK,762685,INE572D01014,FRONTSP,EQ,,,,,FRONTIER SPRINGS LTD.,1175.4,1394.6,1175.4,1394.6,1394.6,1162.2,,1394.6,,,353549,473411651.5,21247,F1,1,,,,,
2026-09-23,2026-09-23,CM,NSE,STK,6545,INE388Y01029,NYKAA,EQ,,,,,FSN E COMMERCE VENTURES,333.55,340.85,332.05,340.85,340.85,333.55,,340.84,,,2246914,759960401.25,29276,F1,1,,,,,
2026-09-23,2026-09-23,CM,NSE,STK,759876,INE12UR01024,UTLSOLAR,EQ,,,,,FUJIYAMA POWER SYSTEMS L,438.0,461.0,431.0,446.1,445.0,434.6,,446.07,,,253333,111464349.9,14447,F1,1,,,,,
2026-09-23,2026-09-23,CM,NSE,STK,11932,INE139R01012,FUSION,EQ,,,,,FUSION FINANCE LIMITED,184.6,186.9,183.03,184.2,183.79,183.6,,184.2,,,157826,29148713.26,3256,F1,1,,,,,
2026-09-23,2026-09-23,CM,NSE,STK,14868,INE452O01016,FLFL,BZ,,,,,FUT LIFESTYLE FASH LTD,1.13,1.2,1.12,1.13,1.18,1.17,,1.13,,,55159,62513.06,77,F1,1,,,,,
2026-09-23,2026-09-23,CM,NSE,STK,13812,INE623B01027,FEL,BZ,,,,,FUTURE ENTERPRISES LTD,0.37,0.37,0.36,0.36,0.36,0.36,,0.36,,,100127,36559.0,68,F1,1,,,,,
2026-09-23,2026-09-23,CM,NSE,STK,30491,IN9623B01058,FELDVR,BZ,,,,,FUTURE ENTERPRISES LTD,2.09,2.14,1.97,2.09,2.09,2.07,,2.09,,,17430,35013.04,38,F1,1,,,,,
2026-09-23,2026-09-23,CM,NSE,STK,21017,INE360L01017,FMNL,EQ,,,,,FUTURE MKT NETWORKS LTD,8.49,8.64,8.01,8.1,8.13,8.43,,8.1,,,492846,3978022.87,685,F1,1,,,,,
2026-09-23,2026-09-23,CM,NSE,STK,1168,INE075D01018,GMBREW,EQ,,,,,G M BREWERIES LTD,948.05,973.0,945.1,968.3,972.0,948.05,,968.33,,,49050,47259297.9,3591,F1,1,,,,,
2026-09-23,2026-09-23,CM,NSE,STK,5054,INE201P01022,GRINFRA,EQ,,,,,G R INFRAPROJECTS LIMITED,808.2,827.8,808.2,825.65,827.0,805.15,,825.66,,,28505,23378011.3,2536,F1,1,,,,,
2026-09-23,2026-09-23,CM,NSE,STK,1129,INE586X01012,GTECJAINX,EQ,,,,,G-TEC JAINX EDUCATION LTD,29.3,29.3,26.55,28.07,28.98,28.43,,28.07,,,7134,197860.79,102,F1,1,,,,,
2026-09-23,2026-09-23,CM,NSE,STK,1085,INE524A01029,GABRIEL,EQ,,,,,GABRIEL INDIA LTD,1475.5,1494.9,1417.3,1428.1,1427.0,1471.4,,1428.06,,,1533195,2231029856.2,73855,F1,1,,,,,
2026-09-23,2026-09-23,CM,NSE,STK,18018,INE224E01028,GATECH,BE,,,,,GACM TECHNOLOGIES LIMITED,0.82,0.82,0.76,0.76,0.76,0.79,,0.76,,,18118023,14435162.45,4947,F1,1,,,,,
2026-09-23,2026-09-23,CM,NSE,STK,27,INE224E01036,GATECHDVR,BE,,,,,GACM TECHNOLOGIES LIMITED,0.48,0.49,0.47,0.48,0.49,0.48,,0.48,,,424402,203415.15,185,F1,1,,,,,
2026-09-23,2026-09-23,CM,NSE,STK,4717,INE129A01019,GAIL,EQ,,,,,GAIL (INDIA) LTD,172.48,173.79,172.0,172.95,172.95,171.84,,172.95,,,3320082,574433974.05,42844,F1,1,,,,,
2026-09-23,2026-09-23,CM,NSE,STK,765396,INE18UN01038,GAJA,EQ,,,,,GAJA ALT ASSET MGT LTD,158.6,158.6,148.41,150.04,149.8,159.34,,150.06,,,1964327,297892857.56,27271,F1,1,,,,,
2026-09-23,2026-09-23,CM,NSE,STK,25244,INE0QTE01018,GAJANAND,SM,,,,,GAJANAND INTERNATIONAL L,7.85,7.85,7.85,7.85,7.85,7.8,,7.85,,,3000,23550.0,1,F1,3000,,,,,
2026-09-23,2026-09-23,CM,NSE,STK,25134,INE0RE001014,GALAPREC,EQ,,,,,GALA PRECISION ENG LTD,1066.5,1175.0,1064.0,1164.2,1173.8,1058.0,,1164.34,,,143631,163068056.0,11969,F1,1,,,,,
2026-09-23,2026-09-23,CM,NSE,STK,1315,INE600K01018,GALAXYSURF,EQ,,,,,GALAXY SURFACTANTS LTD,2210.6,2241.0,2182.6,2222.0,2224.2,2188.0,,2221.96,,,17378,38598154.7,5392,F1,1,,,,,
2026-09-23,2026-09-23,CM,NSE,STK,13337,INE297H01019,GALLANTT,EQ,,,,,GALLANTT ISPAT LIMITED,541.1,562.7,541.1,556.45,558.05,545.7,,556.45,,,71669,39771174.2,4479,F1,1,,,,,
2026-09-23,2026-09-23,CM,NSE,STK,20303,INE717W01049,GANDHAR,EQ,,,,,GANDHAR OIL REFINE IND L,269.0,274.0,266.5,268.4,269.0,269.05,,268.4,,,365423,98638434.95,6156,F1,1,,,,,
2026-09-23,2026-09-23,CM,NSE,STK,14116,INE524B01027,GANDHITUBE,EQ,,,,,GANDHI SPL. TUBES LTD,1014.0,1024.0,990.0,995.05,990.2,1003.2,,994.88,,,27224,27419758.75,2626,F1,1,,,,,
2026-09-23,2026-09-23,CM,NSE,STK,5617,INE388A01029,GANESHBE,BE,,,,,GANESH BENZOPLAST LIMITED,125.22,131.48,125.0,131.08,131.48,125.22,,131.05,,,435311,56932177.65,853,F1,1,,,,,
2026-09-23,2026-09-23,CM,NSE,STK,759012,INE652V01016,GANESHCP,EQ,,,,,GANESH CONSUMER PRODUCT L,167.43,168.07,163.75,164.48,163.75,166.59,,164.49,,,120311,19888173.88,2035,F1,1,,,,,
2026-09-23,2026-09-23,CM,NSE,STK,24439,INE0R8C01018,GGBL,SM,,,,,GANESH GREEN BHARAT LTD,218.0,226.1,215.0,224.7,226.1,216.1,,224.7,,,34500,7642215.0,105,F1,300,,,,,
2026-09-23,2026-09-23,CM,NSE,STK,14339,INE460C01014,GANESHHOU,EQ,,,,,GANESH HOUSING LIMITED,736.95,751.0,736.8,746.1,743.35,736.8,,746.14,,,12216,9100833.9,968,F1,1,,,,,
2026-09-23,2026-09-23,CM,NSE,STK,27339,INE0TVT01024,GANESHIN,SM,,,,,GANESH INFRAWORLD LIMITED,94.8,94.9,91.35,92.65,92.1,93.15,,92.65,,,31200,2923000.0,30,F1,800,,,,,
2026-09-23,2026-09-23,CM,NSE,STK,6944,INE845D01014,GANECOS,EQ,,,,,GANESHA ECOSPHERE LIMITED,998.4,1040.0,998.4,1036.6,1035.0,998.4,,1036.59,,,48904,50175295.4,4807,F1,1,,,,,
2026-09-23,2026-09-23,CM,NSE,STK,4957,INE691Z01023,GANGAFORGE,EQ,,,,,GANGA FORGING LIMITED,1.57,1.58,1.54,1.55,1.56,1.57,,1.55,,,2172488,3375177.09,1221,F1,1,,,,,
2026-09-23,2026-09-23,CM,NSE,STK,21399,INE335W01016,GANGESSECU,EQ,,,,,GANGES SECURITIES LIMITED,114.32,117.0,114.3,115.63,114.3,115.04,,115.63,,,344,39774.07,31,F1,1,,,,,
2026-09-23,2026-09-23,CM,NSE,STK,5475,INE382Z01011,GRSE,EQ,,,,,GARDEN REACH SHIP&ENG LTD,2407.0,2415.3,2376.0,2380.6,2380.0,2399.7,,2380.61,,,190681,455339612.9,14862,F1,1,,,,,
2026-09-23,2026-09-23,CM,NSE,STK,25800,INE0JVO01026,GARUDA,EQ,,,,,GARUDA CONSTRUCT N ENG L,183.45,187.6,181.5,184.48,184.9,181.56,,184.49,,,811718,150257355.26,12446,F1,1,,,,,
2026-09-23,2026-09-23,CM,NSE,STK,7982,INE291A01017,GRWRHITECH,EQ,,,,,GARWARE HI-TECH FILMS LTD,6366.5,6666.0,6240.0,6537.5,6500.0,6366.5,,6537.96,,,105577,685015469.0,25727,F1,1,,,,,
2026-09-23,2026-09-23,CM,NSE,STK,1100,INE276A01018,GARFIBRES,EQ,,,,,GARWARE TECH FIBRES LTD,800.45,806.45,783.0,787.15,789.7,800.45,,787.16,,,19548,15498730.25,2342,F1,1,,,,,
2026-09-23,2026-09-23,CM,NSE,STK,8510,INE079J01017,GATEWAY,EQ,,,,,GATEWAY DISTRIPARKS LTD,52.28,52.94,52.1,52.67,52.56,52.28,,52.67,,,372655,19603439.22,2335,F1,1,,,,,
2026-09-23,2026-09-23,CM,NSE,STK,760178,INE0P8B01020,GAUDIUMIVF,EQ,,,,,GAUDIUM IVF N WOMEN H L,109.12,119.4,109.12,117.69,118.92,111.35,,117.75,,,430439,49730067.35,4842,F1,1,,,,,
2026-09-23,2026-09-23,CM,NSE,STK,3693,INE287Z01012,GAYAHWS,EQ,,,,,GAYATRI HIGHWAYS LIMITED,1.92,1.92,1.87,1.88,1.88,1.9,,1.88,,,156707,296213.23,270,F1,1,,,,,
2026-09-23,2026-09-23,CM,NSE,STK,25023,INE336H01023,GAYAPROJ,EQ,,,,,GAYATRI PROJECTS LTD,23.9,24.36,23.0,24.17,24.25,23.68,,24.18,,,858564,20403654.57,2891,F1,1,,,,,
2026-09-23,2026-09-23,CM,NSE,STK,14052,INE0LVM01018,GRCL,SM,,,,,GAYATRI RUBB AND CHEM LTD,570.0,570.0,546.0,546.0,546.0,570.0,,546.0,,,10250,5735200.0,12,F1,250,,,,,
2026-09-23,2026-09-23,CM,NSE,STK,7862,INE878A01011,GVPIL,EQ,,,,,GE POWER INDIA LIMITED,685.0,694.05,666.0,686.3,690.0,673.1,,686.33,,,180685,123211647.85,8218,F1,1,,,,,
2026-09-23,2026-09-23,CM,NSE,STK,16783,INE200A01026,GVT&D,EQ,,,,,GE VERNOVA T&D INDIA LTD,4381.0,4433.0,4335.2,4417.0,4417.0,4348.0,,4416.94,,,566900,2493683802.6,87820,F1,1,,,,,
2026-09-23,2026-09-23,CM,NSE,STK,13662,INE916G01016,GEECEE,BE,,,,,GEECEE VENTURES LIMITED,376.6,387.3,368.75,377.95,377.95,373.85,,377.49,,,510,191442.75,21,F1,1,,,,,
2026-09-23,2026-09-23,CM,NSE,STK,17922,INE669X01032,GEEKAYWIRE,EQ,,,,,GEEKAY WIRES LIMITED,32.85,33.98,31.1,33.25,33.42,32.73,,33.25,,,471955,15449748.28,1725,F1,1,,,,,
2026-09-23,2026-09-23,CM,NSE,STK,759461,INE06XZ01023,GEMAROMA,EQ,,,,,GEM AROMATICS LIMITED,153.62,157.0,152.86,154.94,155.85,153.72,,154.95,,,54609,8485136.63,1302,F1,1,,,,,
2026-09-23,2026-09-23,CM,NSE,STK,277,INE481Y01014,GICRE,EQ,,,,,GENERAL INS CORP OF INDIA,341.7,345.75,341.5,344.15,343.55,341.2,,344.15,,,284469,97882989.25,10143,F1,1,,,,,
2026-09-23,2026-09-23,CM,NSE,STK,2188,INE854S01022,GENCON,EQ,,,,,GENERIC ENG CONS PROJ LTD,39.16,40.29,39.11,39.31,39.42,39.84,,39.32,,,237708,9490106.98,627,F1,1,,,,,
2026-09-23,2026-09-23,CM,NSE,STK,10905,INE727B01026,GENESYS,EQ,,,,,GENESYS INTL CORPN LTD,280.1,283.8,274.61,281.62,281.25,280.1,,281.59,,,396510,110605058.59,6911,F1,1,,,,,
2026-09-23,2026-09-23,CM,NSE,STK,758842,INE06H201014,GENSOL,BZ,,,,,GENSOL ENGINEERING LTD,16.56,17.14,16.56,16.77,16.97,16.93,,16.79,,,50327,843883.83,488,F1,1,,,,,
2026-09-23,2026-09-23,CM,NSE,STK,6600,INE949P01018,GENUSPAPER,EQ,,,,,GENUS P&B LIMITED,11.2,11.57,11.2,11.34,11.31,11.28,,11.34,,,60793,688925.14,336,F1,1,,,,,
2026-09-23,2026-09-23,CM,NSE,STK,11905,INE955D01029,GENUSPOWER,EQ,,,,,GENUS POWER INFRASTRU LTD,310.0,312.4,306.1,308.35,308.7,309.45,,308.38,,,967695,298391426.6,14637,F1,1,,,,,
2026-09-23,2026-09-23,CM,NSE,STK,31942,INE1W0N01014,GENXAI,SM,,,,,GENXAI ANALYTICS LIMITED,74.5,75.5,73.0,75.4,75.45,73.0,,75.4,,,25200,1882020.0,16,F1,1200,,,,,
2026-09-23,2026-09-23,CM,NSE,STK,11896,INE007B01023,GEOJITFSL,EQ,,,,,GEOJIT FINANCIAL SER L,80.8,83.12,80.8,81.98,82.09,80.64,,81.92,,,263464,21622882.83,2693,F1,1,,,,,
2026-09-23,2026-09-23,CM,NSE,STK,1289,INE538A01037,GFLLIMITED,EQ,,,,,GFL LIMITED,56.0,58.49,56.0,56.74,56.43,56.95,,56.74,,,36697,2079609.41,728,F1,1,,,,,
2026-09-23,2026-09-23,CM,NSE,STK,1127,INE539A01019,GHCL,EQ,,,,,GHCL LIMITED,426.9,432.45,422.15,424.0,422.6,420.3,,424.0,,,108262,46095080.5,6004,F1,1,,,,,
2026-09-23,2026-09-23,CM,NSE,STK,16696,INE0PA801013,GHCLTEXTIL,EQ,,,,,GHCL TEXTILES LIMITED,134.89,137.0,134.25,134.61,134.7,133.92,,134.6,,,479396,64943149.49,9971,F1,1,,,,,
2026-09-23,2026-09-23,CM,NSE,STK,1139,INE289B01019,GICHSGFIN,EQ,,,,,GIC HOUSING FINANCE LTD,139.0,139.79,138.16,139.48,139.35,138.86,,139.49,,,55197,7683728.53,612,F1,1,,,,,
2026-09-23,2026-09-23,CM,NSE,STK,17839,INE047B01011,GILLANDERS,EQ,,,,,GILLANDERS ARBUTHNOT LTD,105.0,106.0,103.02,104.91,106.0,105.0,,104.91,,,4202,439559.81,40,F1,1,,,,,
2026-09-23,2026-09-23,CM,NSE,STK,1576,INE322A01010,GILLETTE,EQ,,,,,GILLETTE INDIA LTD,7009.0,7113.0,6970.0,7094.0,7100.0,7009.0,,7093.67,,,29337,207192831.5,8492,F1,1,,,,,
2026-09-23,2026-09-23,CM,NSE,STK,9294,INE424C01010,GINNIFILA,BE,,,,,GINNIFILAMENTS LTD.,42.45,43.0,41.32,42.95,42.9,41.6,,42.95,,,35575,1513096.36,85,F1,1,,,,,
2026-09-23,2026-09-23,CM,NSE,STK,2365,INE614Z01017,GIRIRAJ,SM,,,,,GIRIRAJ CIVIL DEVP LTD,73.45,80.25,72.65,74.45,75.95,76.45,,74.45,,,12500,940700.0,30,F1,250,,,,,
2026-09-23,2026-09-23,CM,NSE,STK,759048,INE1AG301022,GKENERGY,EQ,,,,,GK ENERGY LIMITED,129.0,129.46,126.41,127.14,126.9,127.77,,127.12,,,264474,33709620.07,3447,F1,1,,,,,
2026-09-23,2026-09-23,CM,NSE,STK,764688,INE265D01015,GKB,EQ,,,,,GKB OPHTHALMICS LTD.,66.38,70.52,66.38,69.73,70.48,68.37,,69.7,,,10666,732086.14,190,F1,1,,,,,
2026-09-23,2026-09-23,CM,NSE,STK,17357,INE528A01020,GKWLIMITED,EQ,,,,,GKW LIMITED,1608.0,1608.8,1599.0,1605.0,1605.0,1565.4,,1605.0,,,238,381291.6,23,F1,1,,,,,
2026-09-23,2026-09-23,CM,NSE,STK,1186,INE068V01023,GLAND,EQ,,,,,GLAND PHARMA LIMITED,2913.0,2938.8,2888.1,2910.2,2891.5,2916.6,,2910.08,,,160041,466810791.0,25282,F1,1,,,,,
2026-09-23,2026-09-23,CM,NSE,STK,766005,INE644Q01039,GLASSWALL,EQ,,,,,GLASS WALL SYSTEM (I) LTD,309.99,314.29,278.37,286.41,282.7,309.29,,286.43,,,35196312,10451408076.94,291324,F1,1,,,,,
2026-09-23,2026-09-23,CM,NSE,STK,1153,INE159A01016,GLAXO,EQ,,,,,GLAXOSMITHKLINE PHARMA LT,2859.6,2922.0,2839.9,2876.9,2880.0,2873.6,,2876.87,,,167009,483167888.1,11844,F1,1,,,,,
2026-09-23,2026-09-23,CM,NSE,STK,7406,INE935A01035,GLENMARK,EQ,,,,,GLENMARK PHARMACEUTICALS,2472.0,2482.6,2453.6,2475.0,2475.0,2461.4,,2475.0,,,597118,1476566465.2,37704,F1,1,,,,,
2026-09-23,2026-09-23,CM,NSE,STK,1415,INE291W01037,GLOBAL,EQ,,,,,GLOBAL EDUCATION LIMITED,134.2,135.6,131.0,134.45,135.44,132.23,,134.45,,,318189,42581587.38,3331,F1,1,,,,,
2026-09-23,2026-09-23,CM,NSE,STK,11956,INE474Q01031,MEDANTA,EQ,,,,,GLOBAL HEALTH LIMITED,1495.3,1499.0,1475.5,1496.1,1499.0,1487.8,,1496.09,,,78256,116582310.7,10636,F1,1,,,,,
2026-09-23,2026-09-23,CM,NSE,STK,17167,INE0PS501019,GLOBALPET,SM,,,,,GLOBAL PET INDUSTRIES LTD,160.0,160.0,160.0,160.0,160.0,165.0,,160.0,,,750,120000.0,1,F1,750,,,,,
2026-09-23,2026-09-23,CM,NSE,STK,14599,INE0JSX01015,GSLSU,EQ,,,,,GLOBAL SURFACES LIMITED,32.0,32.45,31.51,32.43,32.45,30.91,,32.43,,,82751,2679793.21,541,F1,1,,,,,
2026-09-23,2026-09-23,CM,NSE,STK,13735,INE792H01019,GLOBALVECT,EQ,,,,,GLOBAL VEC HELICORP LTD,137.41,139.0,134.25,137.46,138.5,133.41,,137.66,,,6493,891302.93,210,F1,1,,,,,
2026-09-23,2026-09-23,CM,NSE,STK,24932,INE0URU01010,GLOBALE,EQ,,,,,GLOBALE TESSILE LIMITED,11.13,11.41,10.61,11.34,11.34,11.15,,11.34,,,4225,45279.92,28,F1,1,,,,,
2026-09-23,2026-09-23,CM,NSE,STK,758572,INE0V3U01015,GLOBECIVIL,EQ,,,,,GLOBE CIVIL PROJECTS LTD,44.0,45.0,43.0,44.18,43.6,43.66,,44.17,,,24584,1090246.86,413,F1,1,,,,,
2026-09-23,2026-09-23,CM,NSE,STK,393,INE581X01021,GLOBE,EQ,,,,,GLOBE ENTERPRISE (I) LTD,2.27,2.44,2.17,2.24,2.25,2.22,,2.24,,,1630865,3726344.79,753,F1,1,,,,,
2026-09-23,2026-09-23,CM,NSE,STK,761021,INE947T01022,GICL,BE,,,,,GLOBE INTL CARRIERS LTD,23.18,24.0,22.3,23.33,23.8,23.33,,23.33,,,276380,6321074.88,271,F1,1,,,,,
2026-09-23,2026-09-23,CM,NSE,STK,9764,INE00WS01056,GSTL,SM,,,,,GLOBESECURE TECHNO LTD,12.45,12.45,12.05,12.05,12.05,12.45,,12.05,,,5000,61450.0,5,F1,1000,,,,,
2026-09-23,2026-09-23,CM,NSE,STK,17424,INE615I01010,GLOBUSSPR,EQ,,,,,GLOBUS SPIRITS LTD,821.3,835.0,821.3,829.1,828.0,821.3,,829.13,,,60628,50298196.75,6698,F1,1,,,,,
2026-09-23,2026-09-23,CM,NSE,STK,23590,INE350Z01018,GLOSTERLTD,EQ,,,,,GLOSTER LIMITED,562.0,580.0,562.0,578.0,578.0,572.15,,575.3,,,847,484119.75,67,F1,1,,,,,
2026-09-23,2026-09-23,CM,NSE,STK,760116,INE0TQE01026,GLOTTIS,EQ,,,,,GLOTTIS LIMITED,57.25,58.5,57.25,58.1,58.02,57.41,,58.08,,,52488,3045613.51,580,F1,1,,,,,
2026-09-23,2026-09-23,CM,NSE,STK,1570,INE541A01023,GMMPFAUDLR,EQ,,,,,GMM PFAUDLER LIMITED,1470.9,1486.0,1425.6,1432.6,1428.0,1462.3,,1432.65,,,245810,356015808.4,21123,F1,1,,,,,
2026-09-23,2026-09-23,CM,NSE,STK,13528,INE776C01039,GMRAIRPORT,EQ,,,,,GMR AIRPORTS LIMITED,98.58,99.14,97.98,99.14,99.14,98.35,,99.14,,,12088650,1191906069.93,35579,F1,1,,,,,
2026-09-23,2026-09-23,CM,NSE,STK,8529,INE0CU601026,GMRP&UI,EQ,,,,,GMR POW AND URBAN INFRA L,94.6,100.12,94.5,98.13,98.6,95.26,,98.13,,,3658751,360794060.19,21701,F1,1,,,,,
2026-09-23,2026-09-23,CM,NSE,STK,18571,INE934S01014,GNA,EQ,,,,,GNA AXLES LIMITED,561.7,601.0,550.6,596.65,597.0,561.65,,596.68,,,3594624,2091765062.5,73641,F1,1,,,,,
2026-09-23,2026-09-23,CM,NSE,STK,757862,INE18JU01028,EBGNG,EQ,,,,,GNG ELECTRONICS LIMITED,698.8,730.0,697.3,715.15,713.0,692.3,,715.15,,,1292762,929109442.15,52443,F1,1,,,,,
2026-09-23,2026-09-23,CM,NSE,STK,23799,INE03JT01014,GODIGIT,EQ,,,,,GO DIGIT GENERAL INS LTD,240.2,245.6,239.3,245.0,245.0,241.85,,245.0,,,267080,65005202.9,10152,F1,1,,,,,
2026-09-23,2026-09-23,CM,NSE,STK,6964,INE0BJS01011,GOCOLORS,EQ,,,,,GO FASHION INDIA LTD,308.0,323.95,308.0,317.55,318.0,307.9,,317.55,,,89102,28252829.45,3224,F1,1,,,,,
2026-09-23,2026-09-23,CM,NSE,STK,14687,INE426D01013,GOACARBON,EQ,,,,,GOA CARBON LIMITED,381.2,409.0,381.2,402.35,402.5,386.9,,402.36,,,35405,14180409.7,1415,F1,1,,,,,
2026-09-23,2026-09-23,CM,NSE,STK,3963,INE077F01035,GOCLCORP,EQ,,,,,GOCL CORPORATION LIMITED,407.75,413.8,389.15,392.75,392.6,411.05,,392.76,,,281400,111484596.4,10711,F1,1,,,,,
2026-09-23,2026-09-23,CM,NSE,STK,25941,INE497S01012,GODAVARIB,EQ,,,,,GODAVARI BIOREFINERIES L,244.3,244.9,238.05,239.43,240.0,243.4,,239.41,,,49964,12051639.25,1336,F1,1,,,,,
2026-09-23,2026-09-23,CM,NSE,STK,13409,INE177H01039,GPIL,EQ,,,,,GODAWARI POW & ISP LTD,232.89,236.8,232.89,234.68,235.2,232.89,,234.75,,,1428181,335684370.71,19698,F1,1,,,,,
2026-09-23,2026-09-23,CM,NSE,STK,1181,INE260B01028,GODFRYPHLP,EQ,,,,,GODFREY PHILLIPS INDIA LT,1979.9,2019.1,1977.8,2003.0,2003.0,1970.0,,2003.0,,,144961,290418351.0,10284,F1,1,,,,,
2026-09-23,2026-09-23,CM,NSE,STK,144,INE850D01014,GODREJAGRO,EQ,,,,,GODREJ AGROVET LIMITED,654.0,674.95,653.9,670.05,670.2,653.9,,669.98,,,175495,117102455.4,10341,F1,1,,,,,
2026-09-23,2026-09-23,CM,NSE,STK,10099,INE102D01028,GODREJCP,EQ,,,,,GODREJ CONSUMER PRODUCTS,871.5,883.65,871.5,879.75,879.75,873.6,,879.75,,,515092,453587447.05,12425,F1,1,,,,,
2026-09-23,2026-09-23,CM,NSE,STK,10925,INE233A01035,GODREJIND,EQ,,,,,GODREJ INDUSTRIES LTD,1099.6,1117.0,1094.7,1106.0,1115.0,1099.6,,1106.03,,,35933,39769065.5,4092,F1,1,,,,,
2026-09-23,2026-09-23,CM,NSE,STK,17875,INE484J01027,GODREJPROP,EQ,,,,,GODREJ PROPERTIES LTD,1700.9,1720.0,1700.9,1707.6,1707.6,1699.5,,1707.6,,,307495,526261934.0,17971,F1,1,,,,,
2026-09-23,2026-09-23,CM,NSE,STK,765280,IN0020260058,620GS2029,GS,,,,,GOI LOAN   6.20% 2029,99.0,99.0,99.0,99.0,99.0,99.0,,99.0,,,100,9900.0,1,F1,1,,,,,
2026-09-23,2026-09-23,CM,NSE,STK,765281,IN0020260066,657GS2033A,GS,,,,,GOI LOAN   6.57% 2033,100.0,100.0,97.01,99.9,99.9,98.5,,99.9,,,2801,274185.0,5,F1,1,,,,,
2026-09-23,2026-09-23,CM,NSE,STK,27405,IN0020240167,664GS2027,GS,,,,,GOI LOAN   6.64% 2027,101.24,101.5,101.24,101.5,101.5,101.55,,101.5,,,301,30525.5,3,F1,1,,,,,
2026-09-23,2026-09-23,CM,NSE,STK,27127,IN0020240134,692GS2039,GS,,,,,GOI LOAN   6.92% 2039,100.39,100.39,99.0,99.0,99.0,100.39,,99.0,,,180,17831.13,6,F1,1,,,,,
2026-09-23,2026-09-23,CM,NSE,STK,27170,IN0020240142,709GS2074,GS,,,,,GOI LOAN   7.09% 2074,95.25,95.25,95.0,95.25,95.25,95.47,,95.43,,,3292,313361.73,14,F1,1,,,,,
2026-09-23,2026-09-23,CM,NSE,STK,6695,IN0020210186,574GS2026,GS,,,,,GOI LOAN  5.74% 2026,99.49,102.05,99.49,101.2,101.2,102.05,,101.2,,,4,404.79,3,F1,1,,,,,
2026-09-23,2026-09-23,CM,NSE,STK,757753,IN0020250034,591GS2028,GS,,,,,GOI LOAN  5.91% 2028,99.32,99.55,99.32,99.55,99.55,100.0,,99.55,,,200,19887.0,2,F1,1,,,,,
2026-09-23,2026-09-23,CM,NSE,STK,757983,IN0020250067,601GS2030,GS,,,,,GOI LOAN  6.01% 2030,97.75,97.75,97.74,97.74,97.74,97.75,,97.74,,,100,9774.01,2,F1,1,,,,,
2026-09-23,2026-09-23,CM,NSE,STK,760622,IN0020250125,603GS2029,GS,,,,,GOI LOAN  6.03% 2029,98.83,99.25,98.83,99.25,99.25,99.03,,99.25,,,200,19808.0,2,F1,1,,,,,
2026-09-23,2026-09-23,CM,NSE,STK,5012,IN0020210095,610GS2031,GS,,,,,GOI LOAN  6.10% 2031,99.8,99.99,99.8,99.99,99.99,99.99,,99.99,,,16,1596.99,2,F1,1,,,,,
2026-09-23,2026-09-23,CM,NSE,STK,953,IN0020200245,622GS2035,GS,,,,,GOI LOAN  6.22% 2035,95.0,95.0,93.43,93.43,93.43,95.07,,93.43,,,7,658.72,2,F1,1,,,,,
2026-09-23,2026-09-23,CM,NSE,STK,756890,IN0020250026,633GS2035,GS,,,,,GOI LOAN  6.33% 2035,101.0,101.0,101.0,101.0,101.0,98.0,,101.0,,,1,101.0,1,F1,1,,,,,
2026-09-23,2026-09-23,CM,NSE,STK,761020,IN0020250141,636GS2031,GS,,,,,GOI LOAN  6.36% 2031,99.0,99.0,99.0,99.0,99.0,99.5,,99.0,,,100,9900.0,1,F1,1,,,,,
2026-09-23,2026-09-23,CM,NSE,STK,765941,IN0020260074,653GS2031,GS,,,,,GOI LOAN  6.53% 2031,99.8,99.8,98.0,98.01,98.01,97.83,,98.01,,,7578,742717.59,6,F1,1,,,,,
2026-09-23,2026-09-23,CM,NSE,STK,7843,IN0020210244,654GS2032,GS,,,,,GOI LOAN  6.54% 2032,99.8,99.8,99.5,99.5,99.5,99.8,,99.5,,,28,2786.3,2,F1,1,,,,,
2026-09-23,2026-09-23,CM,NSE,STK,956,IN0020200252,667GS2050,GS,,,,,GOI LOAN  6.67% 2050,93.0,93.0,93.0,93.0,93.0,92.7,,93.0,,,349,32457.0,1,F1,1,,,,,
2026-09-23,2026-09-23,CM,NSE,STK,760623,IN0020250133,668GS2033,GS,,,,,GOI LOAN  6.68% 2033,98.5,98.5,98.5,98.5,98.5,100.0,,98.5,,,2,197.0,1,F1,1,,,,,
2026-09-23,2026-09-23,CM,NSE,STK,757847,IN0020250042,668GS2040,GS,,,,,GOI LOAN  6.68% 2040,97.9,97.9,96.51,97.4,97.4,97.1,,97.4,,,13216,1276822.8,6,F1,1,,,,,
2026-09-23,2026-09-23,CM,NSE,STK,2317,IN0020200401,676GS2061,GS,,,,,GOI LOAN  6.76% 2061,90.25,90.25,89.54,89.54,89.54,89.58,,89.54,,,30617,2746349.73,57,F1,1,,,,,
2026-09-23,2026-09-23,CM,NSE,STK,25736,IN0020240126,679GS2034,GS,,,,,GOI LOAN  6.79% 2034,101.1,101.5,101.1,101.5,101.5,101.0,,101.5,,,991,100226.5,2,F1,1,,,,,
2026-09-23,2026-09-23,CM,NSE,STK,22438,IN0020200187,68GS2060,GS,,,,,GOI LOAN  6.8% 2060,92.2,92.2,91.8,91.8,91.8,91.7,,90.34,,,215,19737.8,15,F1,1,,,,,
2026-09-23,2026-09-23,CM,NSE,STK,756014,IN0020250018,690GS2065,GS,,,,,GOI LOAN  6.90% 2065,94.1,94.1,92.85,93.97,93.97,93.31,,93.74,,,8692,816652.27,12,F1,1,,,,,
2026-09-23,2026-09-23,CM,NSE,STK,763340,IN0020260025,694GS2036,GS,,,,,GOI LOAN  6.94% 2036,101.6,102.75,101.01,102.71,102.71,102.88,,102.71,,,3555,362443.75,11,F1,1,,,,,
2026-09-23,2026-09-23,CM,NSE,STK,6817,IN0020210202,695GS2061,GS,,,,,GOI LOAN  6.95% 2061,93.49,93.49,92.02,93.0,93.0,92.99,,93.0,,,5211,484726.93,14,F1,1,,,,,
2026-09-23,2026-09-23,CM,NSE,STK,6696,IN0020210194,699GS2051,GS,,,,,GOI LOAN  6.99% 2051,93.21,95.8,93.21,95.5,95.5,95.6,,95.5,,,5193,495830.62,29,F1,1,,,,,
2026-09-23,2026-09-23,CM,NSE,STK,24072,IN0020240076,702GS2031,GS,,,,,GOI LOAN  7.02% 2031,101.39,101.39,101.39,101.39,101.39,103.65,,101.39,,,100,10139.0,1,F1,1,,,,,
2026-09-23,2026-09-23,CM,NSE,STK,14970,IN0020230010,706GS2028,GS,,,,,GOI LOAN  7.06% 2028,104.3,104.3,104.3,104.3,104.3,104.45,,104.3,,,2400,250320.0,2,F1,1,,,,,
2026-09-23,2026-09-23,CM,NSE,STK,764295,IN0020260041,706GS2041,GS,,,,,GOI LOAN  7.06% 2041,99.1,99.1,99.1,99.1,99.1,99.0,,99.1,,,209,20711.9,3,F1,1,,,,,
2026-09-23,2026-09-23,CM,NSE,STK,24949,IN0020240118,709GS2054,GS,,,,,GOI LOAN  7.09% 2054,100.5,100.5,95.55,95.66,95.6,95.75,,95.66,,,11434,1093845.93,13,F1,1,,,,,
2026-09-23,2026-09-23,CM,NSE,STK,23463,IN0020240019,71GS2034,GS,,,,,GOI LOAN  7.1% 2034,103.5,103.78,103.0,103.75,103.75,104.25,,103.38,,,37703,3883471.29,18,F1,1,,,,,
2026-09-23,2026-09-23,CM,NSE,STK,15050,IN0020230036,717GS2030,GS,,,,,GOI LOAN  7.17% 2030,103.26,103.26,103.26,103.26,103.26,103.22,,103.26,,,2400,247824.0,1,F1,1,,,,,
2026-09-23,2026-09-23,CM,NSE,STK,18025,IN0020230085,718GS2033,GS,,,,,GOI LOAN  7.18% 2033,102.5,102.5,102.5,102.5,102.5,101.6,,102.5,,,1000,102500.0,3,F1,1,,,,,
2026-09-23,2026-09-23,CM,NSE,STK,17398,IN0020230077,718GS2037,GS,,,,,GOI LOAN  7.18% 2037,102.71,103.23,102.71,103.2,103.2,102.2,,103.73,,,3,309.14,3,F1,1,,,,,
2026-09-23,2026-09-23,CM,NSE,STK,23518,IN0020240027,723GS2039,GS,,,,,GOI LOAN  7.23% 2039,101.22,104.0,101.0,103.5,103.5,104.58,,104.0,,,45100,4596288.0,24,F1,1,,,,,
2026-09-23,2026-09-23,CM,NSE,STK,758674,IN0020250075,724GS2055,GS,,,,,GOI LOAN  7.24% 2055,97.25,97.7,97.15,97.7,97.7,96.5,,97.73,,,5982,581722.78,9,F1,1,,,,,
2026-09-23,2026-09-23,CM,NSE,STK,16733,IN0020230044,725GS2063,GS,,,,,GOI LOAN  7.25% 2063,96.92,97.2,96.91,97.14,97.1,96.89,,97.14,,,75322,7306340.67,58,F1,1,,,,,
2026-09-23,2026-09-23,CM,NSE,STK,14051,IN0020220151,726GS2033,GS,,,,,GOI LOAN  7.26% 2033,101.51,102.5,101.5,102.0,102.0,102.4,,102.0,,,113150,11522045.0,9,F1,1,,,,,
2026-09-23,2026-09-23,CM,NSE,STK,16865,IN0020230051,73GS2053,GS,,,,,GOI LOAN  7.3% 2053,98.5,98.75,98.3,98.74,98.74,98.24,,98.74,,,14014,1383733.78,15,F1,1,,,,,
2026-09-23,2026-09-23,CM,NSE,STK,20136,IN0020230135,732GS2030,GS,,,,,GOI LOAN  7.32% 2030,103.55,103.55,103.55,103.55,103.55,103.55,,103.55,,,200,20710.0,2,F1,1,,,,,
2026-09-23,2026-09-23,CM,NSE,STK,19685,IN0020230119,733GS2026,GS,,,,,GOI LOAN  7.33% 2026,102.05,103.3,102.05,102.5,102.5,102.5,,102.5,,,410,41988.0,5,F1,1,,,,,
2026-09-23,2026-09-23,CM,NSE,STK,23558,IN0020240035,734GS2064,GS,,,,,GOI LOAN  7.34% 2064,99.44,99.45,99.3,99.4,99.4,99.19,,99.4,,,22667,2253766.55,25,F1,1,,,,,
2026-09-23,2026-09-23,CM,NSE,STK,10931,IN0020220086,736GS2052,GS,,,,,GOI LOAN  7.36% 2052,99.25,99.25,99.25,99.25,99.25,99.0,,99.25,,,30,2977.5,1,F1,1,,,,,
2026-09-23,2026-09-23,CM,NSE,STK,19566,IN0020230101,737GS2028,GS,,,,,GOI LOAN  7.37% 2028,103.46,105.1,103.46,105.1,105.1,104.5,,105.1,,,1000,104816.0,5,F1,1,,,,,
2026-09-23,2026-09-23,CM,NSE,STK,10981,IN0020220094,74GS2062,GS,,,,,GOI LOAN  7.4% 2062,99.25,99.9,98.1,99.5,99.5,99.35,,99.5,,,7932,783975.38,17,F1,1,,,,,
2026-09-23,2026-09-23,CM,NSE,STK,13194,IN0020220102,741GS2036,GS,,,,,GOI LOAN  7.41% 2036,104.5,104.5,103.01,103.15,104.0,104.4,,103.15,,,5242,540858.79,10,F1,1,,,,,
2026-09-23,2026-09-23,CM,NSE,STK,760649,IN0020250117,743GS2076,GS,,,,,GOI LOAN  7.43% 2076,99.47,99.47,98.4,98.9,99.09,99.24,,98.9,,,8779,868392.16,44,F1,1,,,,,
2026-09-23,2026-09-23,CM,NSE,STK,763146,IN0020260017,750GS2056,GS,,,,,GOI LOAN  7.50% 2056,101.77,102.0,101.77,101.92,102.0,102.8,,101.92,,,4747,483785.44,9,F1,1,,,,,
2026-09-23,2026-09-23,CM,NSE,STK,9585,IN0020220029,754GS2036,GS,,,,,GOI LOAN  7.54% 2036,105.5,105.79,105.5,105.68,105.62,105.64,,105.65,,,251854,26612987.01,123,F1,1,,,,,
2026-09-23,2026-09-23,CM,NSE,STK,766043,IN0020260082,763GS2056,GS,,,,,GOI LOAN  7.63% 2056,100.0,100.0,100.0,100.0,100.0,101.15,,100.0,,,500,50000.0,1,F1,1,,,,,
2026-09-23,2026-09-23,CM,NSE,STK,763489,IN0020260033,771GS2066,GS,,,,,GOI LOAN  7.71% 2066,104.84,104.84,104.1,104.4,104.3,104.24,,104.4,,,6402,666519.88,11,F1,1,,,,,
2026-09-23,2026-09-23,CM,NSE,STK,9047,IN0020220011,710GS2029,GS,,,,,GOI LOAN 7.10% 2029,103.55,104.9,103.55,104.84,104.9,104.19,,104.84,,,2026,211699.09,7,F1,1,,,,,
2026-09-23,2026-09-23,CM,NSE,STK,18474,IN0020200039,719GS2060,GS,,,,,GOI LOAN 7.19% 2060,95.2,95.2,95.2,95.2,95.2,95.2,,95.2,,,404,38460.8,3,F1,1,,,,,
2026-09-23,2026-09-23,CM,NSE,STK,9913,IN0020220037,738GS2027,GS,,,,,GOI LOAN 7.38% 2027,102.76,102.8,102.6,102.7,102.7,102.75,,102.7,,,1025110,105328503.94,30,F1,1,,,,,
2026-09-23,2026-09-23,CM,NSE,STK,6884,IN0020060078,824GS2027,GS,,,,,GOI LOAN 8.24%2027,101.7,101.7,101.7,101.7,101.7,101.41,,101.7,,,50,5085.0,1,F1,1,,,,,
2026-09-23,2026-09-23,CM,NSE,STK,7013,IN0020110063,883GS2041,GS,,,,,GOI LOAN 8.83% 2041,117.0,117.0,111.35,117.0,117.0,117.0,,117.0,,,210,24513.5,4,F1,1,,,,,
2026-09-23,2026-09-23,CM,NSE,STK,7011,IN0020110055,897GS2030,GS,,,,,GOI LOAN 8.97% 2030,112.0,113.0,110.02,113.0,113.0,113.0,,113.0,,,12314,1377987.38,21,F1,1,,,,,
2026-09-23,2026-09-23,CM,NSE,STK,7039,IN0020130053,92GS2030,GS,,,,,GOI LOAN 9.20% 2030,114.75,115.0,114.5,114.5,114.5,114.8,,114.5,,,19000,2181750.0,10,F1,1,,,,,
2026-09-23,2026-09-23,CM,NSE,STK,765551,IN002026Y220,182D040327,TB,,,,,GOI TBILL 182D-04/03/27,97.32,97.32,97.32,97.32,97.32,96.67,,97.32,,,400,38928.0,1,F1,100,,,,,
2026-09-23,2026-09-23,CM,NSE,STK,764153,IN002026Y154,182D140127,TB,,,,,GOI TBILL 182D-14/01/27,98.12,98.12,98.12,98.12,98.12,97.5,,98.12,,,100,9812.0,1,F1,100,,,,,
2026-09-23,2026-09-23,CM,NSE,STK,766095,IN002026Y246,182D180327,TB,,,,,GOI TBILL 182D-18/03/27,96.45,96.7,96.45,96.7,96.7,97.0,,96.7,,,1300,125685.0,3,F1,100,,,,,
2026-09-23,2026-09-23,CM,NSE,STK,764329,IN002026Y170,182D280127,TB,,,,,GOI TBILL 182D-28/01/27,97.89,97.89,97.89,97.89,97.89,97.5,,97.89,,,100,9789.0,1,F1,100,,,,,
2026-09-23,2026-09-23,CM,NSE,STK,760100,IN002025Z369,364D031226,TB,,,,,GOI TBILL 364D-03/12/26,98.7,98.7,98.7,98.7,98.7,98.71,,98.7,,,100,9870.0,1,F1,100,,,,,
2026-09-23,2026-09-23,CM,NSE,STK,764049,IN002026Z144,364D080727,TB,,,,,GOI TBILL 364D-08/07/27,95.32,95.32,95.32,95.32,95.32,94.7,,95.32,,,400,38128.0,1,F1,100,,,,,
2026-09-23,2026-09-23,CM,NSE,STK,759433,IN002025Z286,364D081026,TB,,,,,GOI TBILL 364D-08/10/26,99.21,99.21,99.21,99.21,99.21,99.71,,99.21,,,1000,99210.0,2,F1,100,,,,,
2026-09-23,2026-09-23,CM,NSE,STK,753799,IN002026Z110,364D170627,TB,,,,,GOI TBILL 364D-17/06/27,95.64,95.64,95.64,95.64,95.64,94.71,,95.29,,,100,9564.0,1,F1,100,,,,,
2026-09-23,2026-09-23,CM,NSE,STK,763626,IN002026Z086,364D280527,TB,,,,,GOI TBILL 364D-28/05/27,95.96,95.96,95.96,95.96,95.96,95.93,,95.96,,,100,9596.0,1,F1,100,,,,,
2026-09-23,2026-09-23,CM,NSE,STK,764330,IN002026Z177,364D290727,TB,,,,,GOI TBILL 364D-29/07/27,94.99,94.99,94.99,94.99,94.99,94.05,,94.99,,,200,18998.0,1,F1,100,,,,,
2026-09-23,2026-09-23,CM,NSE,STK,765550,IN002026X222,91D031226,TB,,,,,GOI TBILL 91D-03/12/26,98.58,98.91,98.58,98.91,98.91,98.5,,98.91,,,300,29640.0,2,F1,100,,,,,
2026-09-23,2026-09-23,CM,NSE,STK,764425,IN002026X180,91D051126,TB,,,,,GOI TBILL 91D-05/11/26,99.39,99.39,99.39,99.39,99.39,99.0,,99.39,,,10600,1053534.0,1,F1,100,,,,,
2026-09-23,2026-09-23,CM,NSE,STK,764047,IN002026X149,91D081026,TB,,,,,GOI TBILL 91D-08/10/26,99.71,99.71,99.71,99.71,99.71,99.7,,99.71,,,100,9971.0,1,F1,100,,,,,
2026-09-23,2026-09-23,CM,NSE,STK,764510,IN002026X198,91D121126,TB,,,,,GOI TBILL 91D-12/11/26,99.29,99.29,99.29,99.29,99.29,99.0,,99.29,,,10000,992900.0,1,F1,100,,,,,
2026-09-23,2026-09-23,CM,NSE,STK,764152,IN002026X156,91D151026,TB,,,,,GOI TBILL 91D-15/10/26,99.58,99.58,99.58,99.58,99.58,99.6,,99.58,,,100,9958.0,1,F1,100,,,,,
2026-09-23,2026-09-23,CM,NSE,STK,764328,IN002026X172,91D291026,TB,,,,,GOI TBILL 91D-29/10/26,99.32,99.32,99.32,99.32,99.32,99.3,,99.32,,,100,9932.0,1,F1,100,,,,,
2026-09-23,2026-09-23,CM,NSE,STK,11778,INE887G01027,GOKEX,EQ,,,,,GOKALDAS EXPORTS LTD.,698.0,717.2,698.0,710.25,710.0,695.05,,710.29,,,255593,181922325.0,18604,F1,1,,,,,
2026-09-23,2026-09-23,CM,NSE,STK,14480,INE314T01033,GOKULAGRO,EQ,,,,,GOKUL AGRO RESOURCES LTD,220.12,229.0,220.12,225.81,228.0,221.15,,225.79,,,260169,58713367.19,8719,F1,1,,,,,
2026-09-23,2026-09-23,CM,NSE,STK,16705,INE020J01029,GOKUL,EQ,,,,,GOKUL REFOILS & SOLV LTD,40.59,41.39,39.62,40.42,40.01,40.4,,40.43,,,163693,6713438.39,534,F1,1,,,,,
2026-09-23,2026-09-23,CM,NSE,STK,11619,INE973A01010,GOLDENTOBC,BZ,,,,,GOLDEN TOBACCO LIMITED,23.18,24.5,23.0,23.5,23.5,23.65,,23.5,,,1672,39872.75,47,F1,1,,,,,
2026-09-23,2026-09-23,CM,NSE,STK,11971,INE025B01025,GOLDIAM,EQ,,,,,GOLDIAM INTERNATIONAL LTD,322.0,333.5,321.45,332.6,332.0,319.8,,332.6,,,477829,157213186.2,10052,F1,1,,,,,
2026-09-23,2026-09-23,CM,NSE,STK,1,INE405Y01021,GOLDSTAR,SM,,,,,GOLDSTAR POWER LIMITED,9.45,9.85,9.2,9.7,9.7,9.45,,9.7,,,596250,5701500.0,48,F1,11250,,,,,
2026-09-23,2026-09-23,CM,NSE,STK,6125,INE127I01024,GOODLUCK,EQ,,,,,GOODLUCK INDIA LIMITED,546.1,552.0,533.75,537.1,536.6,538.05,,537.09,,,928120,504105859.1,33847,F1,1,,,,,
2026-09-23,2026-09-23,CM,NSE,STK,1205,INE533A01012,GOODYEAR,EQ,,,,,GOODYEAR INDIA LIMITED,707.05,719.6,705.05,709.7,710.0,706.25,,709.65,,,5945,4220050.25,523,F1,1,,,,,
2026-09-23,2026-09-23,CM,NSE,STK,23066,INE0L9R01028,GOPAL,EQ,,,,,GOPAL SNACKS LIMITED,260.0,274.75,257.0,262.45,260.95,258.35,,262.46,,,345990,91152762.6,18177,F1,1,,,,,
2026-09-23,2026-09-23,CM,NSE,STK,11787,INE705X01026,GOYALALUM,EQ,,,,,GOYAL ALUMINIUMS LIMITED,6.09,6.49,5.52,5.92,5.9,5.97,,5.92,,,230349,1360549.54,994,F1,1,,,,,
2026-09-23,2026-09-23,CM,NSE,STK,19356,INE0QFE01017,GOYALSALT,SM,,,,,GOYAL SALT LIMITED,109.0,109.2,105.65,108.9,109.2,107.65,,108.9,,,10200,1091670.0,9,F1,600,,,,,
2026-09-23,2026-09-23,CM,NSE,STK,24108,INE0S7E01015,GPECO,SM,,,,,GP ECO SOLUTIONS INDIA L,409.8,409.8,400.0,401.7,406.0,403.5,,401.7,,,8800,3543760.0,40,F1,200,,,,,
2026-09-23,2026-09-23,CM,NSE,STK,11584,INE586G01017,GULFPETRO,BE,,,,,GP PETROLEUMS LIMITED,63.27,66.62,62.15,66.38,66.4,63.45,,66.38,,,121748,7891822.55,491,F1,1,,,,,
2026-09-23,2026-09-23,CM,NSE,STK,22846,INE486R01017,GPTHEALTH,EQ,,,,,GPT HEALTHCARE LIMITED,162.79,166.0,160.35,161.5,163.5,162.79,,161.5,,,65970,10715990.38,2101,F1,1,,,,,
2026-09-23,2026-09-23,CM,NSE,STK,17685,INE390G01014,GPTINFRA,EQ,,,,,GPT INFRAPROJECTS LTD,118.99,119.94,115.45,116.29,116.5,118.16,,116.29,,,148368,17293795.7,1999,F1,1,,,,,
2026-09-23,2026-09-23,CM,NSE,STK,763301,INE361K01017,GRADIENTE,BE,,,,,GRADIENTE INFOTAINMENT L,2.36,2.4,2.26,2.26,2.35,2.37,,2.26,,,375585,859143.63,251,F1,1,,,,,
2026-09-23,2026-09-23,CM,NSE,STK,30289,INE12E301017,GCHOTELS,ST,,,,,GRAND CONTINENT HOTELS L,127.0,133.1,125.95,130.0,130.0,126.8,,130.0,,,29400,3822510.0,47,F1,600,,,,,
2026-09-23,2026-09-23,CM,NSE,STK,11079,INE534A01028,GFSTEELS,BE,,,,,GRAND FOUNDRY LTD,29.44,29.44,29.44,29.44,29.44,28.04,,29.44,,,2454,72245.76,14,F1,1,,,,,
2026-09-23,2026-09-23,CM,NSE,STK,762695,INE926B01016,GRANDOAK,EQ,,,,,GRAND OAK CANYONS DIST L,34.7,35.18,34.0,35.06,35.01,33.6,,35.03,,,4167,145456.59,220,F1,1,,,,,
2026-09-23,2026-09-23,CM,NSE,STK,11872,INE101D01020,GRANULES,EQ,,,,,GRANULES INDIA LIMITED,861.95,873.95,857.35,860.25,860.0,864.05,,860.24,,,394983,340807176.8,18114,F1,1,,,,,
2026-09-23,2026-09-23,CM,NSE,STK,20454,INE0POU01017,GRAPHISAD,SM,,,,,GRAPHISADS LIMITED,24.5,25.0,24.5,24.5,24.5,24.65,,24.5,,,7200,178800.0,6,F1,1200,,,,,
2026-09-23,2026-09-23,CM,NSE,STK,592,INE371A01025,GRAPHITE,EQ,,,,,GRAPHITE INDIA LTD,832.0,853.2,815.0,821.0,816.6,827.75,,820.98,,,2358335,1972917514.1,67398,F1,1,,,,,
2026-09-23,2026-09-23,CM,NSE,STK,1232,INE047A01021,GRASIM,EQ,,,,,GRASIM INDUSTRIES LTD,3138.0,3190.0,3127.1,3188.5,3188.5,3128.2,,3188.58,,,411551,1302961088.7,32915,F1,1,,,,,
2026-09-23,2026-09-23,CM,NSE,STK,5200,INE266D01021,GRAUWEIL,EQ,,,,,GRAUER & WEIL IND LTD,83.48,87.6,82.6,86.18,86.1,83.24,,86.19,,,1342329,115398825.39,13985,F1,1,,,,,
2026-09-23,2026-09-23,CM,NSE,STK,762703,INE214F01026,GRAVISSHO,BE,,,,,GRAVISS HOSPITALITY LTD.,33.2,33.2,32.81,32.81,32.81,34.53,,32.88,,,5544,182377.91,50,F1,1,,,,,
2026-09-23,2026-09-23,CM,NSE,STK,20534,INE024L01027,GRAVITA,EQ,,,,,GRAVITA INDIA LIMITED,1571.0,1583.0,1554.5,1561.1,1559.0,1564.9,,1561.11,,,358210,559999281.0,31944,F1,1,,,,,
2026-09-23,2026-09-23,CM,NSE,STK,1235,INE224A01026,GREAVESCOT,EQ,,,,,GREAVES COTTON LTD.,198.75,209.2,197.51,206.01,206.65,199.67,,206.01,,,2224825,457208708.14,31676,F1,1,,,,,
2026-09-23,2026-09-23,CM,NSE,STK,17092,INE0O7P01015,GREENCHEF,SM,,,,,GREENCHEF APPLIANCES LTD,75.95,76.5,73.75,74.35,75.0,74.0,,74.35,,,23200,1746400.0,27,F1,800,,,,,
2026-09-23,2026-09-23,CM,NSE,STK,6848,INE544R01021,GREENLAM,EQ,,,,,GREENLAM INDUSTRIES LTD.,225.07,229.19,223.08,227.83,226.0,226.17,,227.83,,,41627,9451894.17,1402,F1,1,,,,,
2026-09-23,2026-09-23,CM,NSE,STK,759427,INE0PLX01017,GREENLEAF,ST,,,,,GREENLEAF ENVIROTECH LTD,103.0,105.0,103.0,104.95,105.0,106.4,,104.95,,,3000,312950.0,3,F1,1000,,,,,
2026-09-23,2026-09-23,CM,NSE,STK,13810,INE08ZM01014,GREENPANEL,EQ,,,,,GREENPANEL INDUSTRIES LTD,171.0,171.54,167.69,169.08,168.81,170.18,,169.07,,,112565,19081893.78,3387,F1,1,,,,,
2026-09-23,2026-09-23,CM,NSE,STK,3987,INE461C01038,GREENPLY,EQ,,,,,GREENPLY INDUSTRIES LTD,296.95,306.8,296.1,298.4,296.2,296.65,,298.4,,,423550,127241257.8,14878,F1,1,,,,,
2026-09-23,2026-09-23,CM,NSE,STK,758986,INE199P01028,GCSL,EQ,,,,,GRETEX CORPORATE SERVICES,643.0,649.0,638.55,642.7,644.0,639.2,,642.69,,,431390,278082178.8,4293,F1,1,,,,,
2026-09-23,2026-09-23,CM,NSE,STK,13560,INE536A01023,GRINDWELL,EQ,,,,,GRINDWELL NORTON LIMITED,1942.2,1999.4,1942.0,1977.6,1985.0,1941.9,,1977.89,,,22292,44170977.1,4454,F1,1,,,,,
2026-09-23,2026-09-23,CM,NSE,STK,10871,INE192H01020,GRMOVER,EQ,,,,,GRM OVERSEAS LIMITED,80.25,82.2,80.25,81.54,81.51,80.59,,81.54,,,917723,74781342.34,4837,F1,1,,,,,
2026-09-23,2026-09-23,CM,NSE,STK,760971,INE1TY801010,GJL,ST,,,,,GROVER JEWELLS LIMITED,351.15,351.15,351.0,351.0,351.0,334.45,,351.0,,,4800,1685160.0,4,F1,800,,,,,
2026-09-23,2026-09-23,CM,NSE,STK,764285,INF666M01PH7,CEMNTGROWW,EQ,,,,,GROWWAMC - CEMNTGROWW,14.3,14.38,14.08,14.28,14.23,14.3,,14.28,,,44323,630155.1,290,F1,1,,,,,
2026-09-23,2026-09-23,CM,NSE,STK,760051,INF666M01MM4,GROWWCAPM,EQ,,,,,GROWWAMC - GROWWCAPM,11.19,11.39,11.07,11.29,11.29,11.16,,11.29,,,311014,3504947.11,740,F1,1,,,,,
2026-09-23,2026-09-23,CM,NSE,STK,760673,INF666M01NP5,GROWWCHEM,EQ,,,,,GROWWAMC - GROWWCHEM,28.53,29.9,28.53,29.6,29.61,29.27,,29.6,,,29661,876615.16,156,F1,1,,,,,
2026-09-23,2026-09-23,CM,NSE,STK,25758,INF666M01IO8,GROWWDEFNC,EQ,,,,,GROWWAMC - GROWWDEFNC,95.21,95.21,93.77,94.32,94.5,94.27,,94.32,,,134196,12698485.94,1781,F1,1,,,,,
2026-09-23,2026-09-23,CM,NSE,STK,24798,INF666M01IH2,GROWWEV,EQ,,,,,GROWWAMC - GROWWEV,31.41,31.75,31.3,31.5,31.58,31.41,,31.5,,,202614,6391268.25,1284,F1,1,,,,,
2026-09-23,2026-09-23,CM,NSE,STK,25872,INF666M01OE7,GROWWGOLD,EQ,,,,,GROWWAMC - GROWWGOLD,14.75,14.85,14.72,14.74,14.75,14.75,,14.74,,,1202515,17769827.37,2277,F1,1,,,,,
2026-09-23,2026-09-23,CM,NSE,STK,760874,INF666M01OD9,GROWWHOSPI,EQ,,,,,GROWWAMC - GROWWHOSPI,52.85,53.5,52.44,53.2,53.35,52.85,,53.2,,,121823,6459718.06,552,F1,1,,,,,
2026-09-23,2026-09-23,CM,NSE,STK,25447,INF666M01IP5,GROWWLIQID,EQ,,,,,GROWWAMC - GROWWLIQID,110.86,110.87,110.86,110.86,110.87,110.84,,110.86,,,212148,23518981.22,167,F1,1,,,,,
2026-09-23,2026-09-23,CM,NSE,STK,758300,INF666M01LB9,GROWWLOVOL,EQ,,,,,GROWWAMC - GROWWLOVOL,10.32,10.32,10.1,10.19,10.19,10.18,,10.19,,,7317,74169.31,87,F1,1,,,,,
2026-09-23,2026-09-23,CM,NSE,STK,759719,INF666M01MV5,GROWWMC150,EQ,,,,,GROWWAMC - GROWWMC150,227.0,230.65,227.0,230.65,230.65,227.56,,230.65,,,3762,859973.32,24,F1,1,,,,,
2026-09-23,2026-09-23,CM,NSE,STK,760438,INF666M01NI0,GROWWMETAL,EQ,,,,,GROWWAMC - GROWWMETAL,12.36,12.67,12.36,12.6,12.54,12.36,,12.6,,,542690,6822379.0,1074,F1,1,,,,,
2026-09-23,2026-09-23,CM,NSE,STK,756086,INF666M01KJ4,GROWWMOM50,EQ,,,,,GROWWAMC - GROWWMOM50,10.88,10.94,10.83,10.92,10.93,10.88,,10.92,,,41322,450992.77,302,F1,1,,,,,
2026-09-23,2026-09-23,CM,NSE,STK,29872,INF666M01JV1,GROWWN200,EQ,,,,,GROWWAMC - GROWWN200,11.27,11.27,11.04,11.15,11.18,11.05,,11.15,,,29199,325113.7,235,F1,1,,,,,
2026-09-23,2026-09-23,CM,NSE,STK,757814,INF666M01LI4,GROWWNET,EQ,,,,,GROWWAMC - GROWWNET,11.21,11.57,11.05,11.15,11.19,11.11,,11.15,,,402523,4481590.42,661,F1,1,,,,,
2026-09-23,2026-09-23,CM,NSE,STK,758697,INF666M01LL8,GROWWNIFTY,EQ,,,,,GROWWAMC - GROWWNIFTY,9.47,9.58,9.41,9.51,9.53,9.47,,9.51,,,521396,4944410.08,4304,F1,1,,,,,
2026-09-23,2026-09-23,CM,NSE,STK,759458,INF666M01LZ8,GROWWNXT50,EQ,,,,,GROWWAMC - GROWWNXT50,72.28,73.25,70.52,72.02,71.75,71.52,,72.02,,,26606,1923537.56,402,F1,1,,,,,
2026-09-23,2026-09-23,CM,NSE,STK,758165,INF666M01LM6,GROWWPOWER,EQ,,,,,GROWWAMC - GROWWPOWER,11.18,11.23,11.11,11.16,11.23,11.17,,11.16,,,937400,10466919.29,1662,F1,1,,,,,
2026-09-23,2026-09-23,CM,NSE,STK,760976,INF666M01NQ3,GROWWPSE,EQ,,,,,GROWWAMC - GROWWPSE,96.99,98.0,95.97,96.84,97.0,96.99,,96.84,,,10511,1019822.68,125,F1,1,,,,,
2026-09-23,2026-09-23,CM,NSE,STK,761514,INF666M01OG2,GROWWPSUBK,EQ,,,,,GROWWAMC - GROWWPSUBK,80.57,84.5,80.57,83.6,83.5,82.64,,83.6,,,5332,446325.47,130,F1,1,,,,,
2026-09-23,2026-09-23,CM,NSE,STK,29527,INF666M01JJ6,GROWWRAIL,EQ,,,,,GROWWAMC - GROWWRAIL,27.2,27.27,27.0,27.07,27.09,27.16,,27.08,,,297097,8058940.48,2017,F1,1,,,,,
2026-09-23,2026-09-23,CM,NSE,STK,759428,INF666M01MN2,GROWWRLTY,EQ,,,,,GROWWAMC - GROWWRLTY,9.76,9.82,9.64,9.74,9.67,9.56,,9.74,,,255255,2490717.88,460,F1,1,,,,,
2026-09-23,2026-09-23,CM,NSE,STK,759522,INF666M01MO0,GROWWSC250,EQ,,,,,GROWWAMC - GROWWSC250,10.54,10.63,10.51,10.62,10.63,10.54,,10.62,,,121793,1290820.81,373,F1,1,,,,,
2026-09-23,2026-09-23,CM,NSE,STK,756827,INF666M01OF4,GROWWSLVR,EQ,,,,,GROWWAMC - GROWWSLVR,22.84,22.92,22.53,22.57,22.58,22.56,,22.57,,,1279570,29062338.67,1682,F1,1,,,,,
2026-09-23,2026-09-23,CM,NSE,STK,763572,INF666M01OT5,PVTBKGROWW,EQ,,,,,GROWWAMC - PVTBKGROWW,27.14,28.32,27.14,28.03,27.39,27.39,,28.03,,,11550,320535.97,56,F1,1,,,,,
2026-09-23,2026-09-23,CM,NSE,STK,751745,INF666M01PG9,SMALLGROWW,EQ,,,,,GROWWAMC - SMALLGROWW,48.84,49.5,48.84,49.47,49.49,48.84,,49.47,,,5404,265075.28,68,F1,1,,,,,
2026-09-23,2026-09-23,CM,NSE,STK,6543,INE137I01015,GRPLTD,EQ,,,,,GRP LIMITED,2000.0,2009.9,1985.1,2001.2,2008.0,2000.0,,2001.2,,,244,487631.8,88,F1,1,,,,,
2026-09-23,2026-09-23,CM,NSE,STK,23888,INE0SQY01018,GSMFOILS,SM,,,,,GSM FOILS LIMITED,81.9,81.9,77.05,77.6,77.05,81.1,,77.6,,,570000,44582800.0,686,F1,500,,,,,
2026-09-23,2026-09-23,CM,NSE,STK,762239,INE713R01022,GSPCROP,EQ,,,,,GSP CROP SCIENCE LIMITED,487.95,498.8,486.35,488.85,487.1,484.9,,488.83,,,242198,119367187.5,3037,F1,1,,,,,
2026-09-23,2026-09-23,CM,NSE,STK,15347,INE871H01011,GSS,EQ,,,,,GSS INFOTECH LIMITED,10.17,10.89,10.17,10.51,10.58,10.54,,10.52,,,12957,136753.43,226,F1,1,,,,,
2026-09-23,2026-09-23,CM,NSE,STK,13745,INE221H01019,GTLINFRA,EQ,,,,,GTL INFRA.LTD,1.12,1.15,1.12,1.14,1.14,1.12,,1.14,,,17742687,20174532.62,9265,F1,1,,,,,
2026-09-23,2026-09-23,CM,NSE,STK,1162,INE043A01012,GTL,EQ,,,,,GTL LTD,7.05,7.09,6.98,7.03,7.04,6.99,,7.03,,,121517,854791.39,496,F1,1,,,,,
2026-09-23,2026-09-23,CM,NSE,STK,21195,INE869I01013,GTPL,EQ,,,,,GTPL HATHWAY LIMITED,55.61,56.7,54.86,56.07,55.97,55.06,,56.07,,,28237,1569704.19,623,F1,1,,,,,
2026-09-23,2026-09-23,CM,NSE,STK,11606,INE742B01025,GUFICBIO,EQ,,,,,GUFIC BIOSCIENCES LTD.,443.05,446.8,431.45,437.45,437.9,442.15,,437.44,,,87869,38698367.3,2843,F1,1,,,,,
2026-09-23,2026-09-23,CM,NSE,STK,1145,INE162A01010,GIPCL,EQ,,,,,GUJ IND POW CO. LTD,187.36,195.08,185.69,191.64,191.5,186.92,,191.64,,,488506,93217138.29,8166,F1,1,,,,,
2026-09-23,2026-09-23,CM,NSE,STK,1174,INE113A01013,GNFC,EQ,,,,,GUJ NAR VAL FER & CHEM L,601.0,628.1,594.55,623.05,622.5,598.7,,623.05,,,1894770,1171225428.9,44169,F1,1,,,,,
2026-09-23,2026-09-23,CM,NSE,STK,1247,INE026A01025,GSFC,EQ,,,,,GUJ STATE FERT & CHEM LTD,152.79,157.79,151.81,155.34,155.6,152.19,,155.34,,,1011816,156987035.58,14167,F1,1,,,,,
2026-09-23,2026-09-23,CM,NSE,STK,14677,INE826C01016,GUJAPOLLO,EQ,,,,,GUJ. APOLLO IND. LTD.,344.95,344.95,336.5,336.95,338.2,337.4,,336.96,,,3229,1093521.45,175,F1,1,,,,,
2026-09-23,2026-09-23,CM,NSE,STK,1267,INE186A01019,GUJALKALI,EQ,,,,,GUJARAT ALKALIES & CHEM,626.9,634.9,625.0,633.0,634.45,626.55,,633.0,,,44404,28070532.2,2747,F1,1,,,,,
2026-09-23,2026-09-23,CM,NSE,STK,8828,INE036B01030,GAEL,EQ,,,,,GUJARAT AMBUJA EXPORTS LT,157.5,165.0,157.41,163.19,163.5,157.08,,163.19,,,947394,154142664.3,20427,F1,1,,,,,
2026-09-23,2026-09-23,CM,NSE,STK,10599,INE844O01030,GUJENERGY,EQ,,,,,GUJARAT ENERGY LIMITED,231.0,238.74,229.78,237.32,238.0,230.4,,237.33,,,1653518,388912269.83,37494,F1,1,,,,,
2026-09-23,2026-09-23,CM,NSE,STK,13750,INE09N301011,FLUOROCHEM,EQ,,,,,GUJARAT FLUOROCHEM LTD,4487.2,4529.0,4460.0,4476.4,4477.0,4487.2,,4476.2,,,28976,130227820.5,8440,F1,1,,,,,
2026-09-23,2026-09-23,CM,NSE,STK,761197,INE0V0W01025,GKSL,EQ,,,,,GUJARAT KIDNEY N SUP SP L,176.03,180.45,175.0,177.71,177.8,175.17,,177.71,,,561223,100190449.31,8120,F1,1,,,,,
2026-09-23,2026-09-23,CM,NSE,STK,1156,INE540A01017,GLFL,EQ,,,,,GUJARAT LEASE FINANCING L,4.85,5.25,4.85,5.09,5.0,5.09,,5.12,,,3499,17536.68,23,F1,1,,,,,
2026-09-23,2026-09-23,CM,NSE,STK,5204,INE131A01031,GMDCLTD,EQ,,,,,GUJARAT MINERAL DEV CORP,557.0,561.85,554.7,556.7,557.5,563.65,,556.71,,,588607,328341823.65,16439,F1,1,,,,,
2026-09-23,2026-09-23,CM,NSE,STK,762690,INE207H01018,GNRL,EQ,,,,,GUJARAT NATURAL RES L,98.6,99.6,95.0,98.07,98.6,98.42,,98.08,,,1665342,160471586.08,8858,F1,1,,,,,
2026-09-23,2026-09-23,CM,NSE,STK,19731,INE517F01014,GPPL,EQ,,,,,GUJARAT PIPAVAV PORT LTD,165.23,166.35,163.7,164.12,164.13,164.41,,164.12,,,658410,108251637.04,17318,F1,1,,,,,
2026-09-23,2026-09-23,CM,NSE,STK,4548,INE610B01024,GUJRAFFIA,EQ,,,,,GUJARAT RAFFIA INDUST LTD,39.21,41.38,39.2,40.0,39.36,39.21,,39.99,,,5157,204890.76,193,F1,1,,,,,
2026-09-23,2026-09-23,CM,NSE,STK,29731,INE942C01045,GUJTHEM,EQ,,,,,GUJARAT THEMIS BIOSYN LTD,411.75,418.0,408.0,410.75,412.9,411.65,,410.75,,,865520,355689414.6,7966,F1,1,,,,,
2026-09-23,2026-09-23,CM,NSE,STK,4391,INE635Q01029,GULFOILLUB,EQ,,,,,GULF OIL LUB. IND. LTD.,1048.0,1104.3,1048.0,1098.7,1100.0,1050.9,,1098.68,,,68465,74023904.5,4502,F1,1,,,,,
2026-09-23,2026-09-23,CM,NSE,STK,6286,INE255D01024,GULPOLY,EQ,,,,,GULSHAN POLYOLS LIMITED,174.54,177.01,173.03,174.22,175.0,173.1,,174.21,,,63175,11032764.03,2216,F1,1,,,,,
2026-09-23,2026-09-23,CM,NSE,STK,759261,INE1CCX01012,GURUNANAK,SM,,,,,GURUNANAK AGRICULTUR IN L,36.5,36.5,36.5,36.5,36.5,38.0,,36.5,,,1600,58400.0,1,F1,1600,,,,,
2026-09-23,2026-09-23,CM,NSE,STK,13229,INE251H01024,GVKPIL,BE,,,,,GVK POW. & INFRA LTD.,2.53,2.53,2.53,2.53,2.53,2.49,,2.54,,,282179,713912.87,150,F1,1,,,,,
2026-09-23,2026-09-23,CM,NSE,STK,10866,INE382T01030,GVPTECH,BE,,,,,GVP INFOTECH LIMITED,7.69,7.74,7.2,7.55,7.57,7.39,,7.55,,,40970,306527.82,234,F1,1,,,,,
2026-09-23,2026-09-23,CM,NSE,STK,764050,INE724A01017,GYFTR,EQ,,,,,GYFTR LIMITED,169.8,170.48,166.46,168.03,168.9,168.5,,168.07,,,48837,8237639.73,2136,F1,1,,,,,
2026-09-23,2026-09-23,CM,NSE,STK,762712,INE640B01021,HBESD,EQ,,,,,H B ESTATE DEVELOPERS L,71.0,71.0,70.55,70.65,70.65,70.52,,70.65,,,246,17359.05,12,F1,1,,,,,
2026-09-23,2026-09-23,CM,NSE,STK,1672,INE926X01010,HGINFRA,EQ,,,,,H.G.INFRA ENGINEERING LTD,444.0,452.8,444.0,450.7,452.8,444.45,,450.67,,,46742,20979062.5,3932,F1,1,,,,,
2026-09-23,2026-09-23,CM,NSE,STK,760715,INE115S01010,HALDER,EQ,,,,,HALDER VENTURE LIMITED,278.65,283.75,260.0,266.15,266.0,277.3,,266.15,,,60410,16354777.65,1219,F1,1,,,,,
2026-09-23,2026-09-23,CM,NSE,STK,762708,INE506D01020,HALDYNGL,BE,,,,,HALDYN GLASS LTD.,144.3,148.89,141.5,147.83,148.0,143.05,,147.59,,,28450,4135741.25,217,F1,1,,,,,
2026-09-23,2026-09-23,CM,NSE,STK,21551,INE320X01016,HALEOSLABS,EQ,,,,,HALEOS LABS LIMITED,1533.0,1554.0,1488.4,1510.7,1505.0,1500.0,,1510.7,,,1188,1815679.6,213,F1,1,,,,,
2026-09-23,2026-09-23,CM,NSE,STK,765075,INE299D01022,HAMPTON,EQ,,,,,HAMPTON SKY REALTY LTD.,8.17,8.45,8.0,8.09,8.12,8.17,,8.09,,,10823,88709.75,73,F1,1,,,,,
2026-09-23,2026-09-23,CM,NSE,STK,13592,INE596H01014,HGM,EQ,,,,,HANDSON GBL MNGMNT LTD,42.66,43.45,42.0,42.64,42.97,42.66,,42.64,,,7787,333220.47,128,F1,1,,,,,
2026-09-23,2026-09-23,CM,NSE,STK,48,INE419U01012,HAPPSTMNDS,EQ,,,,,HAPPIEST MINDS TECHNO LTD,316.2,320.8,313.85,317.7,316.15,313.4,,317.71,,,632423,200298301.65,17336,F1,1,,,,,
2026-09-23,2026-09-23,CM,NSE,STK,20854,INE330T01021,HAPPYFORGE,EQ,,,,,HAPPY FORGINGS LIMITED,2108.5,2138.9,2091.1,2099.8,2096.0,2108.5,,2099.87,,,82497,174473324.3,13325,F1,1,,,,,
2026-09-23,2026-09-23,CM,NSE,STK,764131,INE1GFG01011,HAPPY,SM,,,,,HAPPY STEELS LIMITED,77.35,77.35,75.4,75.4,75.4,74.75,,75.4,,,22000,1682800.0,11,F1,2000,,,,,
2026-09-23,2026-09-23,CM,NSE,STK,8962,INE626Z01029,HARDWYN,EQ,,,,,HARDWYN INDIA LIMITED,9.1,9.28,9.05,9.22,9.2,9.09,,9.22,,,619192,5664065.76,677,F1,1,,,,,
2026-09-23,2026-09-23,CM,NSE,STK,8968,INE00EV01017,HARIOMPIPE,EQ,,,,,HARIOM PIPE INDUSTRIES L,361.85,367.45,355.8,357.2,357.0,361.85,,357.21,,,113058,40826793.55,4702,F1,1,,,,,
2026-09-23,2026-09-23,CM,NSE,STK,764703,INE400G01011,HRYNSHP,EQ,,,,,HARIYANA SHIP BREAKERS L,99.85,101.9,98.15,99.52,99.52,99.85,,99.09,,,332,33109.98,34,F1,1,,,,,
2026-09-23,2026-09-23,CM,NSE,STK,1313,INE544A01019,HARRMALAYA,EQ,,,,,HARRISON MALAYALAM LTD,180.0,182.68,176.1,178.03,177.4,176.66,,178.07,,,13996,2502653.23,426,F1,1,,,,,
2026-09-23,2026-09-23,CM,NSE,STK,11162,INE0JUS01029,HARSHA,EQ,,,,,HARSHA ENGINEERS INT LTD,469.55,474.0,461.55,464.5,462.3,465.1,,464.5,,,97147,45349071.3,4204,F1,1,,,,,
2026-09-23,2026-09-23,CM,NSE,STK,18154,INE982F01036,HATHWAY,EQ,,,,,HATHWAY CABLE & DATACOM,9.95,10.15,9.95,10.1,10.15,9.99,,10.09,,,1433477,14419436.71,1839,F1,1,,,,,
2026-09-23,2026-09-23,CM,NSE,STK,3892,INE473B01035,HATSUN,EQ,,,,,HATSUN AGRO PRODUCT LTD.,1169.2,1184.3,1148.1,1155.7,1159.9,1168.0,,1155.69,,,23574,27370038.5,2872,F1,1,,,,,
2026-09-23,2026-09-23,CM,NSE,STK,9819,INE176B01034,HAVELLS,EQ,,,,,HAVELLS INDIA LIMITED,1091.1,1098.0,1086.1,1096.5,1096.5,1088.9,,1096.5,,,492115,538316410.9,29928,F1,1,,,,,
2026-09-23,2026-09-23,CM,NSE,STK,4444,INE979B01015,HAWKINCOOK,EQ,,,,,HAWKINS COOKERS LTD,7971.5,8130.0,7971.5,7992.0,7981.5,8009.5,,7992.1,,,1600,12807021.5,451,F1,1,,,,,
2026-09-23,2026-09-23,CM,NSE,STK,764693,INE550F01049,HAZOOR,EQ,,,,,HAZOOR MULTI PROJECTS LTD,19.27,19.3,19.05,19.05,19.05,19.11,,19.05,,,113893,2179453.22,336,F1,1,,,,,
2026-09-23,2026-09-23,CM,NSE,STK,765080,INE638B01025,HBPOR,EQ,,,,,HB PORTFOLIO LTD.,61.99,62.0,61.99,62.0,62.0,61.99,,60.25,,,37,2293.97,6,F1,1,,,,,
2026-09-23,2026-09-23,CM,NSE,STK,4116,INE550B01022,HBSL,EQ,,,,,HB STOCKHOLDINGS LIMITED,55.26,56.5,54.99,55.68,55.85,54.45,,55.67,,,3738,207293.39,58,F1,1,,,,,
2026-09-23,2026-09-23,CM,NSE,STK,13966,INE292B01021,HBLENGINE,EQ,,,,,HBL ENGINEERING LTD,769.8,786.4,758.6,764.35,764.0,767.15,,764.38,,,1528909,1183286892.75,45038,F1,1,,,,,
2026-09-23,2026-09-23,CM,NSE,STK,1327,INE236A01020,HCL-INSYS,EQ,,,,,HCL INFOSYSTEMS LTD,10.94,11.1,10.73,10.93,10.99,10.79,,10.93,,,306094,3353363.22,801,F1,1,,,,,
2026-09-23,2026-09-23,CM,NSE,STK,7229,INE860A01027,HCLTECH,EQ,,,,,HCL TECHNOLOGIES LTD,1270.0,1279.8,1250.0,1256.7,1256.7,1270.4,,1256.7,,,2724431,3439335222.1,65117,F1,1,,,,,
2026-09-23,2026-09-23,CM,NSE,STK,757772,INE756I01012,HDBFS,EQ,,,,,HDB FINANCIAL SERVICES L,674.0,678.15,669.8,670.8,671.5,674.55,,670.8,,,233723,157119287.35,11311,F1,1,,,,,
2026-09-23,2026-09-23,CM,NSE,STK,4244,INE127D01025,HDFCAMC,EQ,,,,,HDFC AMC LIMITED,2426.4,2454.0,2426.0,2448.3,2448.3,2430.0,,2448.3,,,266881,652854407.4,23068,F1,1,,,,,
2026-09-23,2026-09-23,CM,NSE,STK,1333,INE040A01034,HDFCBANK,EQ,,,,,HDFC BANK LTD,735.65,742.8,734.0,737.25,737.25,738.6,,737.26,,,23197231,17154770350.35,225520,F1,1,,,,,
2026-09-23,2026-09-23,CM,NSE,STK,19543,INF179KC1981,HDFCGOLD,EQ,,,,,HDFC GOLD ETF,129.26,129.65,128.81,128.94,128.97,129.26,,128.94,,,2356873,304292355.8,5903,F1,1,,,,,
2026-09-23,2026-09-23,CM,NSE,STK,467,INE795G01014,HDFCLIFE,EQ,,,,,HDFC LIFE INS CO LTD,561.9,565.5,556.4,561.5,561.5,559.2,,561.51,,,2018805,1136308558.55,35379,F1,1,,,,,
2026-09-23,2026-09-23,CM,NSE,STK,14230,INF179KC1EZ4,HDFCBSE500,EQ,,,,,HDFCAMC - HDFCBSE500,36.96,36.97,36.75,36.92,36.8,36.79,,36.92,,,1349938,49700138.94,259,F1,1,,,,,
2026-09-23,2026-09-23,CM,NSE,STK,11241,INF179KC1DJ0,HDFCGROWTH,EQ,,,,,HDFCAMC - HDFCGROWTH,114.04,114.75,113.67,114.12,114.54,114.34,,114.11,,,6815,776825.49,152,F1,1,,,,,
2026-09-23,2026-09-23,CM,NSE,STK,18279,INF179KC1JG3,HDFCLIQUID,EQ,,,,,HDFCAMC - HDFCLIQUID,1079.06,1079.06,1079.04,1079.06,1079.06,1078.92,,1079.06,,,13088,14122669.19,39,F1,1,,,,,
2026-09-23,2026-09-23,CM,NSE,STK,11547,INF179KC1HU8,HDFCLOWVOL,EQ,,,,,HDFCAMC - HDFCLOWVOL,20.05,20.05,19.93,19.93,20.0,19.96,,19.93,,,836,16680.47,44,F1,1,,,,,
2026-09-23,2026-09-23,CM,NSE,STK,14236,INF179KC1HT0,HDFCMID150,EQ,,,,,HDFCAMC - HDFCMID150,23.2,23.29,23.14,23.25,23.29,23.16,,23.25,,,250079,5805187.01,957,F1,1,,,,,
2026-09-23,2026-09-23,CM,NSE,STK,11538,INF179KC1HV6,HDFCMOMENT,EQ,,,,,HDFCAMC - HDFCMOMENT,30.68,30.97,30.6,30.87,30.97,30.69,,30.87,,,65064,2001535.76,399,F1,1,,,,,
2026-09-23,2026-09-23,CM,NSE,STK,10619,INF179KC1HS2,HDFCNEXT50,EQ,,,,,HDFCAMC - HDFCNEXT50,73.67,74.2,73.66,74.12,74.07,73.66,,74.12,,,32428,2399387.95,360,F1,1,,,,,
2026-09-23,2026-09-23,CM,NSE,STK,10633,INF179KC1HR4,HDFCNIF100,EQ,,,,,HDFCAMC - HDFCNIF100,25.42,25.51,25.36,25.45,25.51,25.31,,25.54,,,70609,1799250.78,198,F1,1,,,,,
2026-09-23,2026-09-23,CM,NSE,STK,22433,INF179KC1HY0,HDFCNIFBAN,EQ,,,,,HDFCAMC - HDFCNIFBAN,58.03,58.32,58.02,58.14,58.13,58.03,,58.14,,,277775,16169758.98,344,F1,1,,,,,
2026-09-23,2026-09-23,CM,NSE,STK,12101,INF179KC1IA8,HDFCNIFIT,EQ,,,,,HDFCAMC - HDFCNIFIT,30.97,30.97,30.1,30.26,30.15,30.49,,30.26,,,145162,4404572.27,510,F1,1,,,,,
2026-09-23,2026-09-23,CM,NSE,STK,11591,INF179KC1965,HDFCNIFTY,EQ,,,,,HDFCAMC - HDFCNIFTY,270.56,270.56,263.62,264.65,265.05,263.97,,264.65,,,109200,28887874.59,829,F1,1,,,,,
2026-09-23,2026-09-23,CM,NSE,STK,764336,INF179KC1KT4,HDFCNIMEG,EQ,,,,,HDFCAMC - HDFCNIMEG,131.28,132.99,131.05,132.45,132.58,129.68,,132.45,,,13650,1801158.52,87,F1,1,,,,,
2026-09-23,2026-09-23,CM,NSE,STK,12108,INF179KC1HZ7,HDFCPVTBAN,EQ,,,,,HDFCAMC - HDFCPVTBAN,28.01,28.05,27.86,27.95,28.0,27.88,,27.95,,,111094,3105011.87,304,F1,1,,,,,
2026-09-23,2026-09-23,CM,NSE,STK,11255,INF179KC1DL6,HDFCQUAL,EQ,,,,,HDFCAMC - HDFCQUAL,57.09,57.19,56.9,56.93,56.9,56.82,,56.93,,,4383,249807.73,51,F1,1,,,,,
2026-09-23,2026-09-23,CM,NSE,STK,11593,INF179KC1HX2,HDFCSENSEX,EQ,,,,,HDFCAMC - HDFCSENSEX,85.18,85.23,84.54,85.0,84.54,84.8,,85.0,,,31734,2694064.14,431,F1,1,,,,,
2026-09-23,2026-09-23,CM,NSE,STK,10876,INF179KC1DI2,HDFCSILVER,EQ,,,,,HDFCAMC - HDFCSILVER,222.35,223.45,219.74,220.13,220.14,220.07,,220.13,,,1789966,396963046.1,7697,F1,1,,,,,
2026-09-23,2026-09-23,CM,NSE,STK,14233,INF179KC1FB2,HDFCSML250,EQ,,,,,HDFCAMC - HDFCSML250,184.91,186.39,183.98,185.99,186.35,183.98,,185.99,,,1260149,233769975.49,7549,F1,1,,,,,
2026-09-23,2026-09-23,CM,NSE,STK,11260,INF179KC1DK8,HDFCVALUE,EQ,,,,,HDFCAMC - HDFCVALUE,121.26,122.39,121.26,122.17,122.1,121.26,,122.17,,,6856,837784.46,50,F1,1,,,,,
2026-09-23,2026-09-23,CM,NSE,STK,22595,INF179KC1HW4,HDFCPSUBK,EQ,,,,,HDFCAMC HDFCPSUBK,83.03,84.7,83.03,84.34,84.12,83.44,,84.34,,,30982,2614561.36,170,F1,1,,,,,
2026-09-23,2026-09-23,CM,NSE,STK,19205,INE759V01019,HEADSUP,EQ,,,,,HEADS UP VENTURES LIMITED,6.75,6.88,6.61,6.77,6.78,6.77,,6.77,,,5722,38435.15,85,F1,1,,,,,
2026-09-23,2026-09-23,CM,NSE,STK,20063,INE019J01013,HEALTHX,EQ,,,,,HEALTH X PLATFORM LIMITED,290.0,299.8,290.0,293.3,297.0,289.4,,292.31,,,3099,913222.3,129,F1,1,,,,,
2026-09-23,2026-09-23,CM,NSE,STK,15555,INE075I01017,HCG,EQ,,,,,HEALTHCARE GLOB. ENT. LTD,713.1,723.25,706.2,712.7,706.2,713.1,,712.7,,,81683,58454781.55,11869,F1,1,,,,,
2026-09-23,2026-09-23,CM,NSE,STK,7425,INE558R01013,HECPROJECT,EQ,,,,,HEC INFRA PROJECTS LTD,115.69,117.5,114.0,115.42,115.35,115.68,,115.42,,,6902,799302.86,162,F1,1,,,,,
2026-09-23,2026-09-23,CM,NSE,STK,1336,INE545A01024,HEGAM,EQ,,,,,HEG ADVANCED MATERIAL LTD,233.0,240.95,232.2,237.3,240.95,232.9,,237.21,,,1038595,245690616.0,23144,F1,1,,,,,
2026-09-23,2026-09-23,CM,NSE,STK,2316,INE578A01017,HEIDELBERG,EQ,,,,,HEIDELBERGCEMENT (I) LTD,142.1,142.1,140.94,141.58,141.7,141.13,,141.57,,,82223,11634622.94,1983,F1,1,,,,,
2026-09-23,2026-09-23,CM,NSE,STK,701,INE0AJG01018,HEMIPROP,EQ,,,,,HEMISPHERE PROP IND LTD,119.5,122.28,119.31,120.91,121.09,119.16,,120.91,,,162616,19721821.69,2414,F1,1,,,,,
2026-09-23,2026-09-23,CM,NSE,STK,2614,INE694N01015,HERANBA,EQ,,,,,HERANBA INDUSTRIES LTD,167.68,172.96,167.46,171.49,172.5,166.47,,171.49,,,23980,4094695.99,1253,F1,1,,,,,
2026-09-23,2026-09-23,CM,NSE,STK,4598,INE978A01027,HERITGFOOD,EQ,,,,,HERITAGE FOODS LTD,414.4,427.0,411.15,424.05,426.0,414.7,,424.04,,,338968,142041735.25,9408,F1,1,,,,,
2026-09-23,2026-09-23,CM,NSE,STK,1348,INE158A01026,HEROMOTOCO,EQ,,,,,HERO MOTOCORP LIMITED,5395.0,5448.5,5365.0,5394.0,5394.0,5373.0,,5394.0,,,304703,1646169363.5,27642,F1,1,,,,,
2026-09-23,2026-09-23,CM,NSE,STK,766171,INE012G01022,HEROMOTORS,EQ,,,,,HERO MOTORS LIMITED,82.0,98.4,80.5,98.4,98.4,84.0,,98.43,,,139842838,12763316744.94,446645,F1,1,,,,,
2026-09-23,2026-09-23,CM,NSE,STK,7048,INE782E01017,HESTERBIO,EQ,,,,,HESTER BIOSCIENCES LTD,2178.0,2261.2,2177.4,2241.8,2217.5,2178.7,,2241.98,,,1601,3569615.6,410,F1,1,,,,,
2026-09-23,2026-09-23,CM,NSE,STK,27008,INE750M01017,HEXATRADEX,EQ,,,,,HEXA TRADEX LIMITED,158.81,160.0,158.35,158.95,158.51,158.81,,158.75,,,682,108761.18,29,F1,1,,,,,
2026-09-23,2026-09-23,CM,NSE,STK,750116,INE0JUI01012,HEXAGON,BE,,,,,HEXAGON NUTRITION LIMITED,65.05,67.0,64.69,65.68,65.7,65.07,,65.63,,,129098,8453003.59,523,F1,1,,,,,
2026-09-23,2026-09-23,CM,NSE,STK,29666,INE093A01041,HEXT,EQ,,,,,HEXAWARE TECHNOLOGIES LTD,504.8,509.3,498.25,500.0,498.25,504.2,,499.98,,,124075,62361642.7,6638,F1,1,,,,,
2026-09-23,2026-09-23,CM,NSE,STK,21954,INE548A01028,HFCL,BE,,,,,HFCL LIMITED,221.45,221.45,215.1,217.37,216.48,221.06,,217.36,,,4418862,963807206.49,35613,F1,1,,,,,
2026-09-23,2026-09-23,CM,NSE,STK,25622,INE957N08151,920HFL30,N0,,,,,HFL 9.20% 2030 SR 67,104545.0,104545.0,104545.0,104545.0,104545.0,104649.0,,104545.0,,,5,522725.0,3,F1,1,,,,,
2026-09-23,2026-09-23,CM,NSE,STK,18794,INE0PIC01017,HIGREEN,SM,,,,,HI GREEN CARBON LIMITED,113.9,113.9,107.05,107.75,108.0,108.9,,107.75,,,31200,3392400.0,39,F1,800,,,,,
2026-09-23,2026-09-23,CM,NSE,STK,2868,INE106T01025,HITECH,EQ,,,,,HI-TECH PIPES LIMITED,74.57,76.49,74.57,75.86,76.1,74.62,,75.86,,,331801,25089402.93,3461,F1,1,,,,,
2026-09-23,2026-09-23,CM,NSE,STK,759103,INE00RL01028,HILINFRA,EQ,,,,,HIGHWAY INFRASTRUCTURE L,43.7,43.88,43.2,43.56,43.7,43.26,,43.59,,,59582,2597394.85,596,F1,1,,,,,
2026-09-23,2026-09-23,CM,NSE,STK,9668,INE475B01022,HIKAL,EQ,,,,,HIKAL LIMITED,229.0,240.88,227.1,232.43,232.0,227.0,,232.46,,,1322731,311318795.08,27346,F1,1,,,,,
2026-09-23,2026-09-23,CM,NSE,STK,14627,INE788H01017,HILTON,EQ,,,,,HILTON METAL FORGING LTD,16.59,17.05,16.5,16.73,16.75,16.59,,16.76,,,104278,1748397.73,539,F1,1,,,,,
2026-09-23,2026-09-23,CM,NSE,STK,14334,INE019C01026,HSCL,EQ,,,,,HIMADRI SPECIALITY CHEM L,672.0,674.45,666.4,667.75,667.2,669.45,,667.75,,,1372793,920953124.35,18145,F1,1,,,,,
2026-09-23,2026-09-23,CM,NSE,STK,1360,INE049A01027,HIMATSEIDE,EQ,,,,,HIMATSINGKA SEIDE LTD,63.6,68.38,63.41,67.87,68.3,63.21,,67.86,,,1480818,98825208.9,15429,F1,1,,,,,
2026-09-23,2026-09-23,CM,NSE,STK,765085,INE227B01019,HINDALUMI,EQ,,,,,HIND ALUMINIUM INDS. LTD.,94.5,95.0,92.0,93.78,94.5,94.08,,93.89,,,3123,292156.7,101,F1,1,,,,,
2026-09-23,2026-09-23,CM,NSE,STK,1363,INE038A01020,HINDALCO,EQ,,,,,HINDALCO  INDUSTRIES  LTD,979.5,1003.8,978.2,1003.8,1003.8,973.0,,1003.77,,,5158521,5115554251.9,97602,F1,1,,,,,
2026-09-23,2026-09-23,CM,NSE,STK,4920,INE642Y01029,HINDCON,EQ,,,,,HINDCON CHEMICALS LIMITED,24.56,25.4,24.56,25.21,25.26,24.73,,25.21,,,28851,721090.12,291,F1,1,,,,,
2026-09-23,2026-09-23,CM,NSE,STK,11796,INE05X901010,HPIL,EQ,,,,,HINDPRAKASH INDUSTRY LTD,116.6,121.5,115.11,116.49,116.27,118.71,,116.49,,,2443,286320.33,119,F1,1,,,,,
2026-09-23,2026-09-23,CM,NSE,STK,14712,INE170I01016,HGS,EQ,,,,,HINDUJA GLOBAL SOLS. LTD.,379.65,384.0,376.1,378.5,378.05,379.65,,378.47,,,20489,7768802.1,910,F1,1,,,,,
2026-09-23,2026-09-23,CM,NSE,STK,764698,INE074C01013,HINDADH,EQ,,,,,HINDUSTAN ADHESIVES LTD.,386.7,387.95,377.3,380.4,380.0,384.45,,380.4,,,5308,2020210.25,139,F1,1,,,,,
2026-09-23,2026-09-23,CM,NSE,STK,2303,INE066F01020,HAL,EQ,,,,,HINDUSTAN AERONAUTICS LTD,4810.0,4849.0,4802.0,4836.0,4836.0,4800.0,,4835.99,,,432866,2090961928.7,27087,F1,1,,,,,
2026-09-23,2026-09-23,CM,NSE,STK,1372,INE310C01029,HINDCOMPOS,EQ,,,,,HINDUSTAN COMPOSITES LTD.,376.55,393.8,376.55,389.1,386.5,376.55,,389.1,,,5952,2319254.05,327,F1,1,,,,,
2026-09-23,2026-09-23,CM,NSE,STK,1375,INE549A01026,HCC,EQ,,,,,HINDUSTAN CONSTRUCTION CO,21.75,22.29,21.66,22.17,22.25,21.67,,22.17,,,11996406,263910057.22,19866,F1,1,,,,,
2026-09-23,2026-09-23,CM,NSE,STK,17939,INE531E01026,HINDCOPPER,EQ,,,,,HINDUSTAN COPPER LTD,513.0,521.3,509.4,513.0,512.8,508.2,,513.01,,,6140632,3164711674.95,90388,F1,1,,,,,
2026-09-23,2026-09-23,CM,NSE,STK,12173,INE254N01026,HNDFDS,EQ,,,,,HINDUSTAN FOODS LIMITED,622.0,625.0,612.15,621.1,621.0,622.15,,621.12,,,44647,27681517.65,3880,F1,1,,,,,
2026-09-23,2026-09-23,CM,NSE,STK,19215,INE871K01015,HMVL,BE,,,,,HINDUSTAN MEDIA VENT LTD,83.0,83.0,78.1,78.57,78.15,82.21,,78.57,,,59435,4713583.0,221,F1,1,,,,,
2026-09-23,2026-09-23,CM,NSE,STK,1403,INE345A01011,HINDOILEXP,EQ,,,,,HINDUSTAN OIL EXPLORATION,174.43,178.63,173.0,173.58,174.9,174.83,,173.59,,,350306,61355575.89,6840,F1,1,,,,,
2026-09-23,2026-09-23,CM,NSE,STK,1406,INE094A01015,HINDPETRO,EQ,,,,,HINDUSTAN PETROLEUM CORP,362.5,364.65,358.0,360.0,360.0,360.7,,359.99,,,1968247,711404185.05,25468,F1,1,,,,,
2026-09-23,2026-09-23,CM,NSE,STK,1394,INE030A01027,HINDUNILVR,EQ,,,,,HINDUSTAN UNILEVER LTD.,1938.0,1954.0,1936.0,1950.0,1950.0,1933.8,,1950.0,,,870342,1695321736.5,38393,F1,1,,,,,
2026-09-23,2026-09-23,CM,NSE,STK,1424,INE267A01025,HINDZINC,EQ,,,,,HINDUSTAN ZINC LIMITED,596.0,602.8,592.55,595.45,595.45,590.5,,595.45,,,4064936,2426099088.6,57752,F1,1,,,,,
2026-09-23,2026-09-23,CM,NSE,STK,15883,INE05AN01011,HINDWAREAP,EQ,,,,,HINDWARE HME INOVATON LTD,174.77,181.9,174.77,177.02,177.63,174.77,,177.02,,,132825,23704145.49,5633,F1,1,,,,,
2026-09-23,2026-09-23,CM,NSE,STK,13890,INE835D01023,HIRECT,EQ,,,,,HIRECT LIMITED,1245.0,1259.0,1230.1,1239.9,1242.0,1242.2,,1239.91,,,19164,23843983.6,2329,F1,1,,,,,
2026-09-23,2026-09-23,CM,NSE,STK,19322,INE598C01011,HISARMETAL,EQ,,,,,HISAR METAL IND. LIMITED,156.0,157.85,155.85,156.13,155.85,156.05,,156.13,,,226,35269.37,12,F1,1,,,,,
2026-09-23,2026-09-23,CM,NSE,STK,18457,INE07Y701011,POWERINDIA,EQ,,,,,HITACHI ENERGY INDIA LTD,31565.0,31660.0,31050.0,31150.0,31150.0,31415.0,,31150.0,,,67887,2121301680.0,21384,F1,1,,,,,
2026-09-23,2026-09-23,CM,NSE,STK,15165,INE120D01012,HITECHCORP,BE,,,,,HITECH CORPORATION LTD,328.0,335.0,328.0,334.0,335.0,329.75,,334.0,,,8707,2906960.4,39,F1,1,,,,,
2026-09-23,2026-09-23,CM,NSE,STK,2289,INE461D01028,HLEGLAS,EQ,,,,,HLE GLASCOAT LIMITED,433.0,459.95,422.45,446.85,447.0,445.75,,446.79,,,611311,268054531.75,18899,F1,1,,,,,
2026-09-23,2026-09-23,CM,NSE,STK,1448,INE102A01024,HLVLTD,EQ,,,,,HLV LIMITED,6.44,6.71,6.33,6.59,6.64,6.4,,6.59,,,217455,1440050.82,659,F1,1,,,,,
2026-09-23,2026-09-23,CM,NSE,STK,17053,INE0ECP01024,HMAAGRO,EQ,,,,,HMA AGRO INDUSTRIES LTD,23.91,23.96,23.48,23.61,23.72,23.72,,23.61,,,1717160,40628830.92,2710,F1,1,,,,,
2026-09-23,2026-09-23,CM,NSE,STK,19698,INE262A01018,HMT,BZ,,,,,HMT LTD -,63.02,65.0,63.02,63.73,63.3,64.35,,63.75,,,5492,352001.04,60,F1,1,,,,,
2026-09-23,2026-09-23,CM,NSE,STK,23826,INE0S6S01017,HOACFOODS,ST,,,,,HOAC FOODS INDIA LIMITED,812.0,825.3,812.0,825.3,825.3,809.15,,825.3,,,4500,3673950.0,10,F1,375,,,,,
2026-09-23,2026-09-23,CM,NSE,STK,18649,INE0LXA01019,HOLMARC,SM,,,,,HOLMARC OPTO MECHATRO L,120.0,124.0,120.0,120.0,120.0,120.0,,120.0,,,8250,999750.0,11,F1,750,,,,,
2026-09-23,2026-09-23,CM,NSE,STK,2056,INE481N01025,HOMEFIRST,EQ,,,,,HOME FIRST FIN CO IND LTD,1200.4,1217.3,1198.0,1205.8,1208.0,1212.5,,1205.78,,,41253,49688712.9,4947,F1,1,,,,,
2026-09-23,2026-09-23,CM,NSE,STK,19813,INE0J5401028,HONASA,EQ,,,,,HONASA CONSUMER LIMITED,476.0,488.0,474.0,484.9,484.95,473.65,,484.9,,,712921,343431659.35,22470,F1,1,,,,,
2026-09-23,2026-09-23,CM,NSE,STK,3138,INE634A01018,HONDAPOWER,EQ,,,,,HONDA I POWER PRODUCT LTD,1910.4,1935.0,1910.0,1931.7,1925.9,1916.5,,1931.63,,,1632,3141922.5,360,F1,1,,,,,
2026-09-23,2026-09-23,CM,NSE,STK,3417,INE671A01010,HONAUT,EQ,,,,,HONEYWELL AUTOMATION IND,34050.0,34500.0,33700.0,34275.0,34400.0,34025.0,,34274.87,,,3275,111341475.0,1752,F1,1,,,,,
2026-09-23,2026-09-23,CM,NSE,STK,765356,INE685T01010,HORIZONIND,EQ,,,,,HORIZON INDUSTRIAL PRKS L,52.8,53.65,52.7,53.28,53.27,52.76,,53.28,,,2893202,153940371.39,14764,F1,1,,,,,
2026-09-23,2026-09-23,CM,NSE,STK,17920,INE191I01012,HDIL,BZ,,,,,HOUSING DEV & INFRA LTD,1.47,1.5,1.44,1.47,1.5,1.45,,1.46,,,112012,163193.98,163,F1,1,,,,,
2026-09-23,2026-09-23,CM,NSE,STK,7376,INE0GSL01024,HPAL,EQ,,,,,HP ADHESIVES LIMITED,35.26,36.85,35.05,35.65,36.19,35.39,,35.65,,,35795,1276778.87,576,F1,1,,,,,
2026-09-23,2026-09-23,CM,NSE,STK,29875,INE0VA601019,HPTL,SM,,,,,HP TELECOM INDIA LIMITED,468.0,468.3,461.95,468.3,468.3,446.0,,468.3,,,4800,2232480.0,8,F1,600,,,,,
2026-09-23,2026-09-23,CM,NSE,STK,18679,INE495S01016,HPL,EQ,,,,,HPL ELECTRIC & POWER LTD,280.0,286.0,279.0,280.55,281.0,279.85,,280.56,,,116184,32793384.5,4573,F1,1,,,,,
2026-09-23,2026-09-23,CM,NSE,STK,761506,INF336L01RX2,HSBCGOLD,EQ,,,,,HSBCAMC - HSBCGOLD,132.0,132.68,131.0,131.04,131.56,131.14,,131.04,,,3303,434334.41,59,F1,1,,,,,
2026-09-23,2026-09-23,CM,NSE,STK,20825,INE031A01017,HUDCO,EQ,,,,,HSG & URBAN DEV CORPN LTD,172.4,179.2,172.4,177.92,178.2,172.4,,177.95,,,2918388,515845066.03,34413,F1,1,,,,,
2026-09-23,2026-09-23,CM,NSE,STK,11979,INE501G01024,HTMEDIA,EQ,,,,,HT MEDIA LIMITED,23.85,25.4,23.69,24.86,25.4,24.45,,24.85,,,74352,1822021.34,543,F1,1,,,,,
2026-09-23,2026-09-23,CM,NSE,STK,14203,INE703H01016,HUBTOWN,EQ,,,,,HUBTOWN LIMITED,175.0,180.39,175.0,177.35,177.79,175.61,,177.28,,,242204,43139801.33,3731,F1,1,,,,,
2026-09-23,2026-09-23,CM,NSE,STK,2562,INE275B01026,HUHTAMAKI,EQ,,,,,HUHTAMAKI INDIA LIMITED,244.1,251.9,242.85,250.0,251.45,246.55,,250.03,,,102814,25645808.45,3441,F1,1,,,,,
2026-09-23,2026-09-23,CM,NSE,STK,25708,INE0TO501019,HVAX,SM,,,,,HVAX TECHNOLOGIES LIMITED,725.0,726.8,705.0,715.15,715.15,692.2,,715.15,,,4650,3373515.0,19,F1,150,,,,,
2026-09-23,2026-09-23,CM,NSE,STK,765467,INE0LEG01024,HTEL,EQ,,,,,HY-TECH ENGINEERS LIMITED,72.5,72.79,70.7,71.27,71.39,70.96,,71.28,,,1149415,82239533.01,9812,F1,1,,,,,
2026-09-23,2026-09-23,CM,NSE,STK,12814,INE965B01022,HYBRIDFIN,BE,,,,,HYBRID FINANCIAL SERVICE,16.69,17.19,16.2,16.79,16.74,16.69,,16.8,,,6988,117333.95,30,F1,1,,,,,
2026-09-23,2026-09-23,CM,NSE,STK,25844,INE0V6F01027,HYUNDAI,EQ,,,,,HYUNDAI MOTOR INDIA LTD,2110.8,2110.8,2077.0,2095.0,2095.0,2101.0,,2095.0,,,358724,750212446.9,29474,F1,1,,,,,
2026-09-23,2026-09-23,CM,NSE,STK,14086,INE204A01010,IGPL,EQ,,,,,I G PETROCHEMICALS LTD,560.0,591.9,557.0,588.95,590.0,563.4,,588.94,,,237014,138491803.5,7410,F1,1,,,,,
2026-09-23,2026-09-23,CM,NSE,STK,764718,INE684B01029,ISTLTD,EQ,,,,,I S T LTD.,650.2,666.0,648.95,655.0,655.0,675.75,,651.73,,,335,219298.25,58,F1,1,,,,,
2026-09-23,2026-09-23,CM,NSE,STK,21348,INE0O7401018,IBLFL,SM,,,,,IBL FINANCE LIMITED,61.0,61.0,61.0,61.0,61.0,61.0,,61.0,,,2000,122000.0,1,F1,2000,,,,,
2026-09-23,2026-09-23,CM,NSE,STK,764064,INE0XE501015,ICELCO,SM,,,,,IC ELECTRICALS COMPANY L,125.0,136.9,125.0,134.75,134.5,125.1,,134.75,,,169200,22289340.0,116,F1,1200,,,,,
2026-09-23,2026-09-23,CM,NSE,STK,9610,INE613B01010,ICDSLTD,BE,,,,,ICDSLTD,64.5,64.5,59.2,59.58,59.55,61.9,,59.34,,,4178,254537.28,57,F1,1,,,,,
2026-09-23,2026-09-23,CM,NSE,STK,489,INE520Y01019,ICEMAKE,EQ,,,,,ICE MAKE REFRIGERAT LTD,700.0,710.95,696.0,699.45,697.5,702.1,,699.45,,,17987,12653302.9,1358,F1,1,,,,,
2026-09-23,2026-09-23,CM,NSE,STK,4963,INE090A01021,ICICIBANK,EQ,,,,,ICICI BANK LTD.,1339.9,1344.5,1333.5,1340.0,1340.0,1339.6,,1340.0,,,4758314,6370494129.0,120264,F1,1,,,,,
2026-09-23,2026-09-23,CM,NSE,STK,21770,INE765G01017,ICICIGI,EQ,,,,,ICICI LOMBARD GIC LIMITED,1482.6,1505.0,1482.3,1500.6,1500.6,1480.0,,1500.62,,,708998,1056433025.2,18852,F1,1,,,,,
2026-09-23,2026-09-23,CM,NSE,STK,21254,INF109KC19U5,LOWVOLIETF,EQ,,,,,ICICI PR NIF LW VL 30 ETF,21.22,21.63,21.22,21.4,21.5,21.39,,21.4,,,4847235,103820224.64,9419,F1,1,,,,,
2026-09-23,2026-09-23,CM,NSE,STK,18652,INE726G01019,ICICIPRULI,EQ,,,,,ICICI PRU LIFE INS CO LTD,491.55,491.55,481.5,484.5,484.5,486.65,,484.5,,,750732,364140927.8,20909,F1,1,,,,,
2026-09-23,2026-09-23,CM,NSE,STK,17702,INF109KC10W0,MIDSELIETF,EQ,,,,,ICICI PRUD MIDCAP SEL ETF,19.78,19.9,19.61,19.79,19.87,19.65,,19.79,,,186250,3674432.79,833,F1,1,,,,,
2026-09-23,2026-09-23,CM,NSE,STK,30392,INF109KC16V9,NIF100IETF,EQ,,,,,ICICI PRUD NIFTY 100 ETF,26.56,27.48,26.56,27.43,27.35,27.25,,27.43,,,126599,3471689.28,931,F1,1,,,,,
2026-09-23,2026-09-23,CM,NSE,STK,29553,INF109K012R6,NIFTYIETF,EQ,,,,,ICICI PRUD NIFTY ETF,265.78,266.65,265.0,266.29,266.65,265.42,,266.29,,,320959,85365245.95,7948,F1,1,,,,,
2026-09-23,2026-09-23,CM,NSE,STK,4378,INF346A01034,SENSEXIETF,EQ,,,,,ICICI PRUD SENSEX ETF,869.49,869.49,859.11,861.59,860.51,860.49,,861.61,,,4511,3885310.6,215,F1,1,,,,,
2026-09-23,2026-09-23,CM,NSE,STK,760407,INE346A01027,ICICIAMC,EQ,,,,,ICICI PRUDENTIAL AMC LTD,3151.9,3189.8,3150.4,3179.0,3165.0,3151.2,,3178.8,,,171584,544741688.3,20393,F1,1,,,,,
2026-09-23,2026-09-23,CM,NSE,STK,19679,INF109KC1NT3,GOLDIETF,EQ,,,,,ICICI PRUDENTIAL GOLD ETF,129.5,129.99,129.07,129.21,129.25,129.42,,129.21,,,2501126,323994067.18,19911,F1,1,,,,,
2026-09-23,2026-09-23,CM,NSE,STK,17475,INF109KC11V0,NV20IETF,EQ,,,,,ICICI PRUDENTIAL NV20 ETF,13.26,13.28,13.18,13.21,13.23,13.23,,13.21,,,175820,2324688.03,1317,F1,1,,,,,
2026-09-23,2026-09-23,CM,NSE,STK,522,INF109KB15Y7,ICICIB22,EQ,,,,,ICICIPRAMC - BHARATIWIN,113.23,113.62,112.46,113.36,113.06,112.46,,113.36,,,326462,36986282.58,1792,F1,1,,,,,
2026-09-23,2026-09-23,CM,NSE,STK,30139,INF109K1A021,CASHIETF,EQ,,,,,ICICIPRAMC - CASHIETF,1080.68,1080.7,1080.68,1080.68,1080.68,1080.54,,1080.68,,,158917,171741042.39,108,F1,1,,,,,
2026-09-23,2026-09-23,CM,NSE,STK,755881,INF109K1A153,EVIETF,EQ,,,,,ICICIPRAMC - EVIETF,31.75,31.97,31.6,31.76,31.9,31.69,,31.76,,,109988,3491512.84,515,F1,1,,,,,
2026-09-23,2026-09-23,CM,NSE,STK,13143,INF109KC18O0,GSEC10IETF,EQ,,,,,ICICIPRAMC - ICICI10GS,261.77,264.48,261.77,261.97,262.0,264.6,,261.97,,,12,3152.57,6,F1,1,,,,,
2026-09-23,2026-09-23,CM,NSE,STK,3001,INF109KC1V59,BSE500IETF,EQ,,,,,ICICIPRAMC - ICICI500,37.73,39.08,37.73,38.72,38.71,38.7,,38.72,,,67086,2600691.2,778,F1,1,,,,,
2026-09-23,2026-09-23,CM,NSE,STK,8342,INF109KC14A8,GSEC5IETF,EQ,,,,,ICICIPRAMC - ICICI5GSEC,66.15,66.55,65.98,66.1,66.1,66.09,,66.33,,,18607,1233091.89,42,F1,1,,,,,
2026-09-23,2026-09-23,CM,NSE,STK,22344,INF109KC17V7,ALPL30IETF,EQ,,,,,ICICIPRAMC - ICICIALPLV,27.57,27.57,27.01,27.23,27.07,27.03,,27.23,,,1058368,28718551.73,767,F1,1,,,,,
2026-09-23,2026-09-23,CM,NSE,STK,7844,INF109KC10V2,AUTOIETF,EQ,,,,,ICICIPRAMC - ICICIAUTO,28.89,28.89,28.02,28.2,28.31,28.19,,28.22,,,284070,8003802.02,1498,F1,1,,,,,
2026-09-23,2026-09-23,CM,NSE,STK,11386,INF109KC18U7,PVTBANIETF,EQ,,,,,ICICIPRAMC - ICICIBANKP,27.69,27.78,27.6,27.65,27.77,27.7,,27.66,,,1302707,36085189.48,1116,F1,1,,,,,
2026-09-23,2026-09-23,CM,NSE,STK,13198,INF109KC19O8,COMMOIETF,EQ,,,,,ICICIPRAMC - ICICICOMMO,97.67,98.49,97.6,98.01,97.81,97.67,,98.02,,,15576,1528466.9,333,F1,1,,,,,
2026-09-23,2026-09-23,CM,NSE,STK,6446,INF109KC1V42,CONSUMIETF,EQ,,,,,ICICIPRAMC - ICICICONSU,118.86,119.89,118.86,119.51,119.88,119.04,,119.51,,,6558,785013.37,122,F1,1,,,,,
2026-09-23,2026-09-23,CM,NSE,STK,5306,INF109KC19V3,FMCGIETF,EQ,,,,,ICICIPRAMC - ICICIFMCG,49.2,49.79,49.16,49.71,49.78,49.19,,49.7,,,646494,32085072.49,2269,F1,1,,,,,
2026-09-23,2026-09-23,CM,NSE,STK,10723,INF109KC16E5,INFRAIETF,EQ,,,,,ICICIPRAMC - ICICIINFRA,93.11,93.64,92.66,93.36,93.11,93.09,,93.36,,,592082,55307201.46,3665,F1,1,,,,,
2026-09-23,2026-09-23,CM,NSE,STK,4838,INF109KC1KT9,LIQUIDIETF,EQ,,,,,ICICIPRAMC - ICICILIQ,1000.0,1000.01,997.11,999.95,1000.0,999.99,,999.96,,,683340,683329401.32,296,F1,1,,,,,
2026-09-23,2026-09-23,CM,NSE,STK,17152,INF109KC11W8,MIDCAPIETF,EQ,,,,,ICICIPRAMC - ICICIM150,22.95,23.8,22.95,23.74,23.7,23.54,,23.74,,,437990,10383204.05,1554,F1,1,,,,,
2026-09-23,2026-09-23,CM,NSE,STK,10585,INF109KC17C7,MOM30IETF,EQ,,,,,ICICIPRAMC - ICICIMOM30,30.86,31.2,30.86,31.12,31.15,30.83,,31.12,,,1189643,36909961.66,1237,F1,1,,,,,
2026-09-23,2026-09-23,CM,NSE,STK,4529,INF109KC1NS5,NEXT50IETF,EQ,,,,,ICICIPRAMC - ICICINXT50,77.76,77.76,75.33,76.47,76.48,75.87,,76.47,,,850097,65009045.35,3213,F1,1,,,,,
2026-09-23,2026-09-23,CM,NSE,STK,3626,INF109KC1Q72,HEALTHIETF,EQ,,,,,ICICIPRAMC - ICICIPHARM,172.0,173.33,170.83,172.89,173.28,171.77,,172.84,,,72206,12453497.17,1569,F1,1,,,,,
2026-09-23,2026-09-23,CM,NSE,STK,17808,INF109KC18V5,QUAL30IETF,EQ,,,,,ICICIPRAMC - ICICIQTY30,20.37,20.49,20.27,20.33,20.43,20.37,,20.33,,,32933,670530.74,194,F1,1,,,,,
2026-09-23,2026-09-23,CM,NSE,STK,7942,INF109KC1Y56,SILVERIETF,EQ,,,,,ICICIPRAMC - ICICISILVE,232.06,233.42,229.6,230.09,230.04,230.18,,230.1,,,2047735,474228995.82,10287,F1,1,,,,,
2026-09-23,2026-09-23,CM,NSE,STK,22365,INF109KC16I6,ITIETF,EQ,,,,,ICICIPRAMC - ICICITECH,32.61,32.61,31.45,31.48,31.59,31.82,,31.48,,,1278622,40412079.97,1576,F1,1,,,,,
2026-09-23,2026-09-23,CM,NSE,STK,764364,INF109K1A567,INSUREIETF,EQ,,,,,ICICIPRAMC - INSUREIETF,15.18,15.28,15.08,15.21,15.28,15.17,,15.21,,,75994,1152059.88,100,F1,1,,,,,
2026-09-23,2026-09-23,CM,NSE,STK,11037,INF109KC15I8,BANKIETF,EQ,,,,,ICICIPRAMC - IPRU5008,59.02,59.02,57.5,58.02,58.05,57.86,,58.02,,,322306,18705663.18,915,F1,1,,,,,
2026-09-23,2026-09-23,CM,NSE,STK,24861,INF109KC19W1,METALIETF,EQ,,,,,ICICIPRAMC - METALIETF,13.1,13.38,13.07,13.34,13.36,13.05,,13.34,,,9100169,120859619.81,7749,F1,1,,,,,
2026-09-23,2026-09-23,CM,NSE,STK,24533,INF109KC18W3,OILIETF,EQ,,,,,ICICIPRAMC - OILIETF,11.13,11.2,11.12,11.15,11.18,11.12,,11.15,,,621242,6934359.26,1354,F1,1,,,,,
2026-09-23,2026-09-23,CM,NSE,STK,14584,INF109KC10S8,PSUBNKIETF,EQ,,,,,ICICIPRAMC - PSUBANKICI,83.66,84.85,83.56,84.54,84.32,83.66,,84.54,,,70415,5954729.99,485,F1,1,,,,,
2026-09-23,2026-09-23,CM,NSE,STK,754612,INF109K1A476,SMALLIETF,EQ,,,,,ICICIPRAMC - SMALLIETF,18.28,18.55,18.22,18.49,18.55,18.34,,18.49,,,14497,267408.32,88,F1,1,,,,,
2026-09-23,2026-09-23,CM,NSE,STK,757781,INF109K1A344,TOP15IETF,EQ,,,,,ICICIPRAMC - TOP15IETF,9.48,9.55,9.45,9.48,9.52,9.45,,9.48,,,134798,1277899.7,274,F1,1,,,,,
2026-09-23,2026-09-23,CM,NSE,STK,25851,INF109KC16X5,VAL30IETF,EQ,,,,,ICICIPRAMC - VAL30IETF,14.81,15.04,14.81,15.0,14.97,14.84,,14.99,,,86708,1297607.78,450,F1,1,,,,,
2026-09-23,2026-09-23,CM,NSE,STK,12578,INF109KC17L8,FINIETF,EQ,,,,,ICICIPRAMC-ICICIFIN,32.25,32.42,32.16,32.37,32.27,32.0,,32.37,,,173757,5613872.34,651,F1,1,,,,,
2026-09-23,2026-09-23,CM,NSE,STK,14523,INE725G01011,ICRA,EQ,,,,,ICRA LIMITED,4579.8,4601.9,4515.0,4533.3,4533.1,4579.8,,4533.37,,,13598,61856221.1,2941,F1,1,,,,,
2026-09-23,2026-09-23,CM,NSE,STK,1476,INE008A01015,IDBI,EQ,,,,,IDBI BANK LIMITED,83.05,83.97,82.9,83.39,83.58,82.88,,83.39,,,4228479,352733390.5,21710,F1,1,,,,,
2026-09-23,2026-09-23,CM,NSE,STK,17140,INE349Y01013,IDEAFORGE,EQ,,,,,IDEAFORGE TECHNO LTD,730.0,738.0,718.0,720.45,720.5,741.4,,720.43,,,337370,244795999.9,24170,F1,1,,,,,
2026-09-23,2026-09-23,CM,NSE,STK,24950,INE0T9I01011,IDEALTECHO,SM,,,,,IDEAL TECHNOPLAST IND LTD,95.0,95.0,95.0,95.0,95.0,96.0,,95.0,,,1000,95000.0,1,F1,1000,,,,,
2026-09-23,2026-09-23,CM,NSE,STK,28574,INE0TD101011,IDENTICAL,SM,,,,,IDENTICAL BRAINS STUDIO L,17.2,17.5,17.2,17.5,17.5,17.95,,17.5,,,4000,69400.0,2,F1,2000,,,,,
2026-09-23,2026-09-23,CM,NSE,STK,11184,INE092T01019,IDFCFIRSTB,EQ,,,,,IDFC FIRST BANK LIMITED,85.98,89.61,85.9,87.9,87.9,85.37,,87.9,,,64518343,5693513709.12,132127,F1,1,,,,,
2026-09-23,2026-09-23,CM,NSE,STK,1482,INE076C01018,IFBAGRO,EQ,,,,,IFB AGRO INDUSTRIES LTD,865.9,880.0,861.25,864.8,863.2,865.7,,864.92,,,1763,1528561.9,279,F1,1,,,,,
2026-09-23,2026-09-23,CM,NSE,STK,1485,INE559A01017,IFBIND,EQ,,,,,IFB INDUSTRIES LTD,1213.2,1269.6,1205.0,1258.7,1260.0,1213.1,,1258.49,,,74193,92203449.7,5603,F1,1,,,,,
2026-09-23,2026-09-23,CM,NSE,STK,1491,INE039A01010,IFCI,EQ,,,,,IFCI LTD,76.3,80.07,75.6,79.49,79.95,75.94,,79.48,,,77513063,6079702845.24,177255,F1,1,,,,,
2026-09-23,2026-09-23,CM,NSE,STK,436,INE133Y01011,IFGLEXPOR,EQ,,,,,IFGL REFRACTORIES LIMITED,195.0,199.51,195.0,197.16,197.99,194.65,,197.18,,,20059,3951563.17,733,F1,1,,,,,
2026-09-23,2026-09-23,CM,NSE,STK,759897,INE01XO07017,1225IFL27,N0,,,,,IFL 12.25% 2027,6250.54,6250.54,6171.0,6171.0,6171.0,6480.0,,6171.0,,,12,74926.94,4,F1,1,,,,,
2026-09-23,2026-09-23,CM,NSE,STK,760656,INE01XO07025,1225IFL28,N0,,,,,IFL 12.25% 2028,7500.0,7500.0,7500.0,7500.0,7500.0,7500.0,,7500.0,,,1,7500.0,1,F1,1,,,,,
2026-09-23,2026-09-23,CM,NSE,STK,634,INE188B01013,IGARASHI,EQ,,,,,IGARASHI MOTORS INDIA LTD,425.0,439.65,423.3,431.8,431.9,424.0,,431.8,,,92008,39783000.45,4471,F1,1,,,,,
2026-09-23,2026-09-23,CM,NSE,STK,756154,INE530B07492,1025IIFL30,Y3,,,,,IIFL 10.25% TR I SR IX,1038.5,1038.5,1037.5,1037.5,1037.5,1038.5,,1037.5,,,15,15565.5,2,F1,1,,,,,
2026-09-23,2026-09-23,CM,NSE,STK,761117,INE530B07591,852IIFL29,Y5,,,,,IIFL 8.52% TR I SR II,970.0,975.0,970.0,975.0,975.0,969.84,,975.0,,,62,60295.0,2,F1,1,,,,,
2026-09-23,2026-09-23,CM,NSE,STK,761119,INE530B07617,870IIFL28,Y7,,,,,IIFL 8.70% TR I SR IV,1022.0,1022.0,1022.0,1022.0,1022.0,1021.2,,1022.0,,,25,25550.0,1,F1,1,,,,,
2026-09-23,2026-09-23,CM,NSE,STK,761120,INE530B07575,885IIFL29,Y8,,,,,IIFL 8.85% TR I SR V,1028.0,1028.0,1028.0,1028.0,1028.0,1013.4,,1028.0,,,25,25700.0,1,F1,1,,,,,
2026-09-23,2026-09-23,CM,NSE,STK,756141,INE530B07534,930IIFL27,NX,,,,,IIFL 9:30% TR I SR III,1022.0,1022.0,1022.0,1022.0,1022.0,1022.0,,1022.0,,,2,2044.0,2,F1,1,,,,,
2026-09-23,2026-09-23,CM,NSE,STK,13072,INE489L01022,IIFLCAPS,EQ,,,,,IIFL CAPITAL SERVICES LTD,345.9,356.4,344.1,353.05,354.0,345.05,,353.06,,,2410124,848192903.15,36937,F1,1,,,,,
2026-09-23,2026-09-23,CM,NSE,STK,11809,INE530B01024,IIFL,EQ,,,,,IIFL FINANCE LIMITED,616.75,638.25,613.6,633.3,638.25,617.55,,633.27,,,3608407,2279127393.25,66633,F1,1,,,,,
2026-09-23,2026-09-23,CM,NSE,STK,761122,INE530B07583,IIFL060326,YA,,,,,IIFL TR I SR VII,1020.0,1022.0,1020.0,1022.0,1022.0,1020.0,,1022.0,,,30,30620.0,2,F1,1,,,,,
2026-09-23,2026-09-23,CM,NSE,STK,761123,INE530B07625,IIFL60326,YB,,,,,IIFL TR I SR VIII,1006.2,1006.2,1006.2,1006.2,1006.2,1006.2,,1012.99,,,25,25155.0,2,F1,1,,,,,
2026-09-23,2026-09-23,CM,NSE,STK,16822,INE0LOJ01019,IKIO,EQ,,,,,IKIO TECHNOLOGIES LIMITED,206.8,212.0,205.42,207.89,208.45,205.98,,207.91,,,188483,39353178.03,4735,F1,1,,,,,
2026-09-23,2026-09-23,CM,NSE,STK,9380,INE369I01014,IL&FSENGG,BZ,,,,,IL&FS ENG AND CONS CO LTD,42.29,43.5,42.0,42.0,42.0,42.41,,42.0,,,19869,837910.45,54,F1,1,,,,,
2026-09-23,2026-09-23,CM,NSE,STK,6711,INE050B01023,IVC,EQ,,,,,IL&FS INVESTMENT MANAGERS,7.9,7.9,7.66,7.83,7.86,7.78,,7.83,,,95399,745945.53,806,F1,1,,,,,
2026-09-23,2026-09-23,CM,NSE,STK,9381,INE975G01012,IL&FSTRANS,BZ,,,,,IL&FS TRANS NET LTD,1.9,1.9,1.77,1.83,1.87,1.86,,1.83,,,222346,399174.04,153,F1,1,,,,,
2026-09-23,2026-09-23,CM,NSE,STK,7672,INE172N01012,IMAGICAA,EQ,,,,,IMAGICAAWORLD ENT LTD,52.87,53.5,52.05,52.84,52.81,52.4,,52.84,,,536551,28330317.32,2525,F1,1,,,,,
2026-09-23,2026-09-23,CM,NSE,STK,25881,INE691G01015,IMPEXFERRO,BZ,,,,,IMPEX FERRO TECH LIMITED,5.9,5.91,5.9,5.91,5.91,5.8,,5.91,,,37514,221706.74,32,F1,1,,,,,
2026-09-23,2026-09-23,CM,NSE,STK,17507,INE452L01012,INCREDIBLE,EQ,,,,,INCREDIBLE INDUSTRIES LTD,32.51,33.18,31.8,32.08,32.08,32.51,,31.93,,,3898,125885.24,86,F1,1,,,,,
2026-09-23,2026-09-23,CM,NSE,STK,12009,INE547E01014,IMPAL,EQ,,,,,IND MOTOR PART & ACC LTD,1088.0,1088.0,1050.0,1059.5,1082.0,1075.0,,1060.48,,,8050,8553094.9,654,F1,1,,,,,
2026-09-23,2026-09-23,CM,NSE,STK,4870,INE915B01019,INDSWFTLAB,EQ,,,,,IND SWIFT LABORATORIES LT,409.0,412.0,391.95,405.05,404.1,405.55,,405.05,,,807681,325308719.05,18802,F1,1,,,,,
2026-09-23,2026-09-23,CM,NSE,STK,21957,INE611L01021,INDTERRAIN,EQ,,,,,IND TERRAIN FASHIONS LTD,29.4,29.69,28.55,29.37,29.45,29.2,,29.33,,,18208,533749.08,383,F1,1,,,,,
2026-09-23,2026-09-23,CM,NSE,STK,16933,INE841B01017,INDBANK,EQ,,,,,INDBANK MERCH BANK,25.65,26.39,25.65,26.14,26.25,25.65,,26.13,,,41698,1085552.6,655,F1,1,,,,,
2026-09-23,2026-09-23,CM,NSE,STK,29678,INE0O9T01021,BAJAJINDEF,EQ,,,,,INDEF MANUFACTURING LTD,223.0,228.0,217.12,221.9,221.0,219.02,,221.9,,,34631,7761188.16,741,F1,1,,,,,
2026-09-23,2026-09-23,CM,NSE,STK,23693,INE065X01017,INDGN,EQ,,,,,INDEGENE LIMITED,594.8,602.2,587.25,598.4,597.1,592.1,,598.39,,,279828,166472500.8,13723,F1,1,,,,,
2026-09-23,2026-09-23,CM,NSE,STK,1521,INE560A01023,INDIAGLYCO,EQ,,,,,INDIA GLYCOLS LTD,255.6,262.7,253.0,257.7,258.0,253.6,,257.75,,,615316,158988949.2,10211,F1,1,,,,,
2026-09-23,2026-09-23,CM,NSE,STK,4747,INE092B01025,INDNIPPON,EQ,,,,,INDIA NIPPON ELECT  LTD,1241.9,1310.0,1241.9,1260.7,1254.0,1237.0,,1260.58,,,109262,139892913.7,11705,F1,1,,,,,
2026-09-23,2026-09-23,CM,NSE,STK,4934,INE0D6701023,IPL,EQ,,,,,INDIA PESTICIDES LIMITED,133.9,134.85,133.0,133.52,133.99,133.47,,133.54,,,166962,22306615.39,2423,F1,1,,,,,
2026-09-23,2026-09-23,CM,NSE,STK,20556,INE922K01024,INDIASHLTR,EQ,,,,,INDIA SHELTER FIN CORP L,660.0,675.0,652.05,667.15,661.0,662.15,,667.18,,,85267,56600967.65,5993,F1,1,,,,,
2026-09-23,2026-09-23,CM,NSE,STK,19299,INE353K01014,ITDC,EQ,,,,,INDIA TOUR. DEV. CO. LTD.,705.2,714.75,690.35,702.65,698.3,705.75,,702.59,,,204985,143358266.35,15645,F1,1,,,,,
2026-09-23,2026-09-23,CM,NSE,STK,24999,INE126M01010,IBULLSLTD,EQ,,,,,INDIABULLS LIMITED,29.69,29.99,29.0,29.12,29.1,29.51,,29.12,,,6131763,180156772.57,11989,F1,1,,,,,
2026-09-23,2026-09-23,CM,NSE,STK,10726,INE933S01016,INDIAMART,EQ,,,,,INDIAMART INTERMESH LTD,1644.7,1657.0,1636.0,1652.4,1654.8,1635.2,,1652.36,,,71004,117078618.3,8218,F1,1,,,,,
2026-09-23,2026-09-23,CM,NSE,STK,14309,INE562A01011,INDIANB,EQ,,,,,INDIAN BANK,841.0,851.7,838.85,842.0,842.0,840.8,,842.0,,,975762,823295597.4,27901,F1,1,,,,,
2026-09-23,2026-09-23,CM,NSE,STK,4422,INE061A01014,INDIANCARD,EQ,,,,,INDIAN CARD CLOTHING CO.,208.03,214.84,206.53,208.64,209.1,212.95,,208.64,,,1719,360212.4,118,F1,1,,,,,
2026-09-23,2026-09-23,CM,NSE,STK,23792,INE0RRU01016,IEML,ST,,,,,INDIAN EMULSIFIERS LTD,46.35,46.35,46.35,46.35,46.35,44.15,,46.35,,,51000,2363850.0,61,F1,500,,,,,
2026-09-23,2026-09-23,CM,NSE,STK,220,INE022Q01020,IEX,EQ,,,,,INDIAN ENERGY EXC LTD,112.9,113.9,112.75,113.16,113.16,112.9,,113.17,,,1437722,163050821.14,20091,F1,1,,,,,
2026-09-23,2026-09-23,CM,NSE,STK,1530,INE323C01030,INDIANHUME,EQ,,,,,INDIAN HUME PIPE CO. LTD.,368.2,375.75,359.3,366.25,364.1,367.9,,366.24,,,139861,51310729.5,4692,F1,1,,,,,
2026-09-23,2026-09-23,CM,NSE,STK,19235,INE919H01018,IMFA,EQ,,,,,INDIAN METALS & FERRO,1261.8,1279.0,1249.9,1266.1,1279.0,1252.8,,1266.43,,,75849,96002818.0,8410,F1,1,,,,,
2026-09-23,2026-09-23,CM,NSE,STK,1624,INE242A01010,IOC,EQ,,,,,INDIAN OIL CORP LTD,138.5,138.75,137.1,138.15,138.15,137.8,,138.15,,,6601919,910744576.97,44735,F1,1,,,,,
2026-09-23,2026-09-23,CM,NSE,STK,9348,INE565A01014,IOB,EQ,,,,,INDIAN OVERSEAS BANK,31.83,32.25,31.83,32.13,32.08,31.92,,32.13,,,1360796,43699355.37,8751,F1,1,,,,,
2026-09-23,2026-09-23,CM,NSE,STK,25033,INE0DHF01018,IPHL,SM,,,,,INDIAN PHOSPHATE LIMITED,70.5,71.4,70.5,71.4,71.4,71.0,,71.4,,,4800,340980.0,4,F1,1200,,,,,
2026-09-23,2026-09-23,CM,NSE,STK,13611,INE335Y01020,IRCTC,EQ,,,,,INDIAN RAIL TOUR CORP LTD,469.5,472.1,461.0,463.8,464.8,469.65,,463.83,,,920265,428387967.15,28854,F1,1,,,,,
2026-09-23,2026-09-23,CM,NSE,STK,2029,INE053F01010,IRFC,EQ,,,,,INDIAN RAILWAY FIN CORP L,80.05,81.15,80.05,81.0,81.0,80.0,,81.01,,,5999917,484767005.53,33423,F1,1,,,,,
2026-09-23,2026-09-23,CM,NSE,STK,20261,INE202E01016,IREDA,EQ,,,,,INDIAN RENEWABLE ENERGY,110.6,111.39,110.29,111.0,111.0,110.25,,111.0,,,2079281,230666948.48,15462,F1,1,,,,,
2026-09-23,2026-09-23,CM,NSE,STK,762727,INE586E01020,IWP,EQ,,,,,INDIAN WOOD PRODUCTS CO L,34.47,35.5,34.46,35.34,34.76,34.47,,35.34,,,3719,130130.2,87,F1,1,,,,,
2026-09-23,2026-09-23,CM,NSE,STK,21058,INE0PS301014,INDIFRA,SM,,,,,INDIFRA LIMITED,12.85,12.85,12.85,12.85,12.85,12.25,,12.85,,,2000,25700.0,1,F1,2000,,,,,
2026-09-23,2026-09-23,CM,NSE,STK,2048,INE09VQ01012,INDIGOPNTS,EQ,,,,,INDIGO PAINTS LIMITED,1142.0,1148.0,1132.1,1140.0,1142.0,1142.0,,1140.02,,,33681,38373948.9,5012,F1,1,,,,,
2026-09-23,2026-09-23,CM,NSE,STK,20988,INE219X23014,INDIGRID,IV,,,,,INDIGRID INFRASTRUCT TRST,172.82,173.65,172.05,173.47,173.5,172.82,,173.47,,,347075,60029972.36,3950,F1,1,,,,,
2026-09-23,2026-09-23,CM,NSE,STK,757845,INE06ST01018,INDIQUBE,EQ,,,,,INDIQUBE SPACES LIMITED,190.13,193.0,187.0,192.46,192.2,187.96,,192.36,,,40955,7826226.05,2850,F1,1,,,,,
2026-09-23,2026-09-23,CM,NSE,STK,9120,INE760F01028,INDOAMIN,BE,,,,,INDO AMINES LIMITED,135.8,139.0,134.1,137.07,137.5,134.8,,137.15,,,69250,9497627.08,532,F1,1,,,,,
2026-09-23,2026-09-23,CM,NSE,STK,8614,INE803D01021,INDOBORAX,EQ,,,,,INDO BORAX & CHEMICAL LTD,463.0,471.9,460.0,462.55,462.5,463.55,,462.54,,,40341,18714457.05,2284,F1,1,,,,,
2026-09-23,2026-09-23,CM,NSE,STK,11987,INE483B01026,ICIL,EQ,,,,,INDO COUNT INDUSTRIES LTD,448.85,485.95,446.05,476.55,474.2,448.9,,476.53,,,1924680,911782818.55,56267,F1,1,,,,,
2026-09-23,2026-09-23,CM,NSE,STK,29025,INE622H01018,INDOFARM,EQ,,,,,INDO FARM EQUIPMENT LTD,140.79,146.0,140.01,144.03,143.3,139.9,,144.02,,,364454,52470521.18,5316,F1,1,,,,,
2026-09-23,2026-09-23,CM,NSE,STK,10993,INE156A01020,INDORAMA,EQ,,,,,INDO RAMA SYNTHETICS LTD,104.29,105.54,97.62,100.0,99.99,103.57,,100.0,,,1969705,198547767.25,23336,F1,1,,,,,
2026-09-23,2026-09-23,CM,NSE,STK,13275,INE332H01014,INDOTECH,EQ,,,,,INDO TECH TRANSFORM LTD.,3292.9,3343.9,3279.1,3286.8,3287.9,3279.0,,3286.85,,,6695,22150448.4,1822,F1,1,,,,,
2026-09-23,2026-09-23,CM,NSE,STK,25608,INE337M01021,INDOTHAI,EQ,,,,,INDO THAI SEC LTD,30.9,31.8,30.77,30.77,30.77,32.38,,30.77,,,2927782,90416058.67,5090,F1,1,,,,,
2026-09-23,2026-09-23,CM,NSE,STK,25503,INE250Z01010,INDOUS,EQ,,,,,INDO US BIOTECH LTD,82.8,82.8,78.05,78.1,78.05,78.99,,78.1,,,3148,248089.78,157,F1,1,,,,,
2026-09-23,2026-09-23,CM,NSE,STK,764301,INE084101034,INDOMIM,EQ,,,,,INDO-MIM LIMITED,1226.0,1294.95,1225.0,1251.9,1251.65,1233.3,,1251.85,,,2863505,3629376338.9,97943,F1,1,,,,,
2026-09-23,2026-09-23,CM,NSE,STK,6782,INE567A01028,NIPPOBATRY,EQ,,,,,INDO-NATIONAL LIMITED,318.1,334.0,318.1,329.6,328.35,325.55,,330.19,,,3772,1239942.05,226,F1,1,,,,,
2026-09-23,2026-09-23,CM,NSE,STK,11677,INE873D01024,INDOCO,EQ,,,,,INDOCO REMEDIES LTD.,252.6,259.51,249.5,251.16,252.3,254.51,,251.17,,,118278,30024374.57,3486,F1,1,,,,,
2026-09-23,2026-09-23,CM,NSE,STK,757801,INE05J901018,IGCL,EQ,,,,,INDOGULF CROPSCIENCES LTD,65.17,65.75,63.07,63.55,63.21,64.85,,63.55,,,79146,5051756.93,2265,F1,1,,,,,
2026-09-23,2026-09-23,CM,NSE,STK,764708,INE716F01012,INDOKEM,EQ,,,,,INDOKEM LTD.,610.35,622.4,605.25,614.9,620.0,607.2,,614.08,,,2170,1326996.9,163,F1,1,,,,,
2026-09-23,2026-09-23,CM,NSE,STK,19955,INE866K01023,WAAREEINDO,EQ,,,,,INDOSOLAR LIMITED,261.2,261.2,253.0,255.7,254.75,254.45,,255.62,,,46439,11885216.1,975,F1,1,,,,,
2026-09-23,2026-09-23,CM,NSE,STK,3088,INE896L01010,INDOSTAR,EQ,,,,,INDOSTAR CAPITAL FIN LTD,231.58,233.9,225.25,227.26,227.0,231.58,,227.27,,,65443,15041364.05,1943,F1,1,,,,,
2026-09-23,2026-09-23,CM,NSE,STK,14952,INE227G01018,INDOWIND,EQ,,,,,INDOWIND ENERGY LTD,9.09,9.09,8.82,8.94,8.97,9.0,,8.94,,,74042,660483.69,456,F1,1,,,,,
2026-09-23,2026-09-23,CM,NSE,STK,11262,INE203G01027,IGL,EQ,,,,,INDRAPRASTHA GAS LTD,147.41,148.65,146.23,147.09,147.22,146.68,,147.09,,,1211876,178653549.23,31235,F1,1,,,,,
2026-09-23,2026-09-23,CM,NSE,STK,4751,INE681B01017,INDRAMEDCO,EQ,,,,,INDRAPRASTHA MEDICAL CORP,359.5,379.95,358.95,374.6,378.0,360.95,,374.57,,,272880,101105673.8,7030,F1,1,,,,,
2026-09-23,2026-09-23,CM,NSE,STK,23036,INE0NHL23019,INDUSINVIT,IV,,,,,INDUS INFRA TRUST,133.07,135.79,133.07,133.69,133.4,133.97,,133.69,,,148568,19888284.38,5944,F1,1,,,,,
2026-09-23,2026-09-23,CM,NSE,STK,29135,INE121J01017,INDUSTOWER,EQ,,,,,INDUS TOWERS LIMITED,382.15,388.55,381.2,384.8,384.8,382.1,,384.8,,,4979379,1920660941.4,51384,F1,1,,,,,
2026-09-23,2026-09-23,CM,NSE,STK,5258,INE095A01012,INDUSINDBK,EQ,,,,,INDUSIND BANK LIMITED,951.8,970.8,951.8,959.3,959.3,955.0,,959.3,,,2626452,2526433012.0,54624,F1,1,,,,,
2026-09-23,2026-09-23,CM,NSE,STK,762717,INE620D01011,INDPRUD,EQ,,,,,INDUSTRIAL & PRU INV CO L,6350.0,6350.0,6202.0,6225.0,6225.0,6273.0,,6225.0,,,4,24979.5,4,F1,1,,,,,
2026-09-23,2026-09-23,CM,NSE,STK,19525,INE886A01014,IITL,EQ,,,,,INDUSTRIAL INV TRUST LTD,144.24,145.9,138.48,140.39,139.0,143.4,,140.4,,,122009,17545346.38,2635,F1,1,,,,,
2026-09-23,2026-09-23,CM,NSE,STK,15036,INE0MRE01011,INFINIUM,SM,,,,,INFINIUM PHARMACHEM LTD,268.5,272.0,260.0,266.9,265.0,262.2,,266.9,,,9000,2387900.0,18,F1,500,,,,,
2026-09-23,2026-09-23,CM,NSE,STK,757602,INE0MYZ01012,INFLUX,SM,,,,,INFLUX HEALTHTECH LIMITED,278.75,283.0,275.6,283.0,283.0,275.45,,283.0,,,10200,2860650.0,17,F1,600,,,,,
2026-09-23,2026-09-23,CM,NSE,STK,13751,INE663F01032,NAUKRI,EQ,,,,,INFO EDGE (I) LTD,1295.6,1322.7,1291.1,1297.0,1297.0,1304.0,,1296.93,,,1549637,2023610411.1,69175,F1,1,,,,,
2026-09-23,2026-09-23,CM,NSE,STK,11027,INE344S01016,INFOBEAN,EQ,,,,,INFOBEANS TECHNO. LTD.,151.49,153.5,150.01,151.81,153.5,151.05,,151.81,,,88517,13359760.26,1923,F1,1,,,,,
2026-09-23,2026-09-23,CM,NSE,STK,16588,INE0NNZ01013,INFOLLION,SM,,,,,INFOLLION RESEARCH SER L,154.0,155.55,152.0,152.15,152.0,152.5,,152.15,,,5600,856160.0,14,F1,400,,,,,
2026-09-23,2026-09-23,CM,NSE,STK,13693,INE669A01022,INFOMEDIA,EQ,,,,,INFOMEDIA PRESS LIMITED,5.5,5.5,5.3,5.48,5.48,5.34,,5.48,,,2413,12994.54,22,F1,1,,,,,
2026-09-23,2026-09-23,CM,NSE,STK,1594,INE009A01021,INFY,EQ,,,,,INFOSYS LIMITED,1021.8,1029.4,1015.1,1020.5,1020.5,1029.4,,1020.49,,,5108734,5212680733.8,124303,F1,1,,,,,
2026-09-23,2026-09-23,CM,NSE,STK,1597,INE177A01018,INGERRAND,EQ,,,,,INGERSOLL-RAND INDIA LTD,4146.7,4299.0,4121.2,4228.4,4220.0,4146.7,,4228.4,,,54585,230924441.4,6472,F1,1,,,,,
2026-09-23,2026-09-23,CM,NSE,STK,25323,INE0S1D01010,INNOMET,ST,,,,,INNOMET ADVANCED MATERI L,292.35,292.35,286.55,286.55,286.55,292.35,,286.55,,,16200,4692060.0,25,F1,600,,,,,
2026-09-23,2026-09-23,CM,NSE,STK,21062,INE0DUT01020,INNOVACAP,EQ,,,,,INNOVA CAPTAB LIMITED,1230.0,1353.5,1226.4,1297.6,1294.5,1226.7,,1297.72,,,454203,589788464.2,39083,F1,1,,,,,
2026-09-23,2026-09-23,CM,NSE,STK,27754,INE403Y01018,INNOVANA,EQ,,,,,INNOVANA THINKLABS LTD,304.0,304.0,295.3,299.1,299.0,295.3,,299.1,,,35551,10621992.5,532,F1,1,,,,,
2026-09-23,2026-09-23,CM,NSE,STK,27266,INE070Y01023,ITTL,ST,,,,,INNOVATIVE TYRE & TUBE LT,64.15,64.15,64.15,64.15,64.15,65.45,,64.15,,,420,26943.0,1,F1,105,,,,,
2026-09-23,2026-09-23,CM,NSE,STK,761528,INE0ADB01012,INNOVISION,EQ,,,,,INNOVISION LIMITED,254.0,260.5,249.1,257.05,255.7,254.45,,256.92,,,31843,8086155.25,977,F1,1,,,,,
2026-09-23,2026-09-23,CM,NSE,STK,12188,INE510W01014,INOXGREEN,EQ,,,,,INOX GREEN ENERGY SER LTD,171.41,177.75,169.79,174.81,174.5,171.41,,174.81,,,2391071,416218459.08,24860,F1,1,,,,,
2026-09-23,2026-09-23,CM,NSE,STK,20607,INE616N01034,INOXINDIA,EQ,,,,,INOX INDIA LIMITED,2154.8,2189.0,2144.0,2168.9,2166.0,2133.7,,2168.89,,,144053,312321217.1,21135,F1,1,,,,,
2026-09-23,2026-09-23,CM,NSE,STK,7852,INE066P01011,INOXWIND,EQ,,,,,INOX WIND LIMITED,78.25,78.25,74.8,75.02,75.02,77.9,,75.02,,,17183824,1308160324.88,53299,F1,1,,,,,
2026-09-23,2026-09-23,CM,NSE,STK,14657,INE070I01018,INSECTICID,EQ,,,,,INSECTICIDES (I) LTD,613.2,617.0,606.0,608.9,610.0,611.6,,608.89,,,6894,4216547.65,629,F1,1,,,,,
2026-09-23,2026-09-23,CM,NSE,STK,761099,INE0LGX01024,INA,EQ,,,,,INSOLATION ENERGY LIMITED,94.0,94.01,90.95,91.47,91.29,92.56,,91.47,,,509267,46800264.53,4268,F1,1,,,,,
2026-09-23,2026-09-23,CM,NSE,STK,13730,INE020G01017,INSPIRISYS,EQ,,,,,INSPIRISYS SOLUTIONS LTD,88.11,92.0,88.0,91.69,91.85,88.99,,91.72,,,4405,396107.29,88,F1,1,,,,,
2026-09-23,2026-09-23,CM,NSE,STK,30323,INE418N01035,ESSENTIA,EQ,,,,,INTEGRA ESSENTIA LIMITED,1.04,1.05,1.03,1.03,1.04,1.04,,1.03,,,2710049,2822843.68,762,F1,1,,,,,
2026-09-23,2026-09-23,CM,NSE,STK,757902,INE0YSH01017,INTEGRITY,SM,,,,,INTEGRITY INFRABUILD DE L,174.5,174.5,170.7,170.7,170.7,171.05,,170.7,,,2400,414240.0,2,F1,1200,,,,,
2026-09-23,2026-09-23,CM,NSE,STK,5926,INE306R01017,INTELLECT,EQ,,,,,INTELLECT DESIGN ARENA,648.2,674.35,642.9,668.05,666.8,647.75,,667.96,,,549685,363148574.05,28879,F1,1,,,,,
2026-09-23,2026-09-23,CM,NSE,STK,20071,INE781A01025,INTENTECH,EQ,,,,,INTENSE TECHNOLOGIES LTD,82.0,84.5,79.15,83.69,84.25,81.35,,83.71,,,26912,2216907.66,283,F1,1,,,,,
2026-09-23,2026-09-23,CM,NSE,STK,24909,INE00M901018,INTERARCH,EQ,,,,,INTERARCH BLDNG SOLTN LTD,1716.6,1733.0,1687.2,1693.1,1690.1,1701.6,,1693.06,,,51512,87943011.8,4051,F1,1,,,,,
2026-09-23,2026-09-23,CM,NSE,STK,11195,INE646L01027,INDIGO,EQ,,,,,INTERGLOBE AVIATION LTD,5026.0,5061.0,5000.0,5028.5,5028.5,5030.0,,5028.5,,,581998,2931114862.0,49996,F1,1,,,,,
2026-09-23,2026-09-23,CM,NSE,STK,22770,INE0OPC01015,INM,SM,,,,,INTERIORS & MORE LIMITED,154.0,154.0,140.0,143.0,143.0,151.05,,143.0,,,15000,2174160.0,24,F1,600,,,,,
2026-09-23,2026-09-23,CM,NSE,STK,5606,INE575C01027,INTLCONV,EQ,,,,,INTL CONVEYORS LIMITED,77.1,81.51,77.1,80.99,81.49,77.86,,80.98,,,89727,7165299.51,1467,F1,1,,,,,
2026-09-23,2026-09-23,CM,NSE,STK,28378,INE0Q9301021,IGIL,EQ,,,,,INTL GEMOLOGICAL INST LTD,328.9,333.8,324.0,331.65,332.5,326.95,,331.69,,,525286,172387295.25,22547,F1,1,,,,,
2026-09-23,2026-09-23,CM,NSE,STK,18479,INE566K01011,ISFT,EQ,,,,,INTRASOFT TECH. LTD,104.9,114.95,104.02,107.63,107.14,104.02,,107.61,,,410493,45191559.56,8546,F1,1,,,,,
2026-09-23,2026-09-23,CM,NSE,STK,24870,INE878H01024,INVENTURE,EQ,,,,,INVENTURE GRO & SEC LTD,0.89,0.92,0.89,0.9,0.9,0.89,,0.9,,,1291066,1171464.54,341,F1,1,,,,,
2026-09-23,2026-09-23,CM,NSE,STK,28125,INE115Q01022,IKS,EQ,,,,,INVENTURUS KNOWLEDGE SO L,1881.2,1970.0,1871.0,1937.8,1927.8,1869.2,,1937.54,,,1011998,1967744694.8,70677,F1,1,,,,,
2026-09-23,2026-09-23,CM,NSE,STK,18292,INF205KA1BP1,IVZINGOLD,EQ,,,,,INVESCO INDIA GOLD ETF,132.4,132.4,131.05,131.25,131.35,131.55,,131.25,,,8520,1121310.75,139,F1,1,,,,,
2026-09-23,2026-09-23,CM,NSE,STK,24217,INF205KA1CC7,IVZINNIFTY,EQ,,,,,INVESCO INDIA NIFTY ETF,274.7,274.7,267.97,269.47,269.47,268.0,,269.47,,,711,191060.24,36,F1,1,,,,,
2026-09-23,2026-09-23,CM,NSE,STK,762725,INE155E01016,INVPRECQ,BE,,,,,INVESTMENT & PREC CAST L,1423.2,1423.2,1423.2,1423.2,1423.2,1395.3,,1423.05,,,3678,5234529.6,44,F1,1,,,,,
2026-09-23,2026-09-23,CM,NSE,STK,760139,INE0XJ501010,INVICTA,SM,,,,,INVICTA DIAGNOSTIC LTD,68.0,69.0,68.0,69.0,69.0,67.0,,69.0,,,8000,548400.0,4,F1,1600,,,,,
2026-09-23,2026-09-23,CM,NSE,STK,20413,INE485C01029,IOLCP,EQ,,,,,IOL CHEM AND PHARMA LTD,200.26,211.35,200.01,206.6,207.7,200.39,,206.6,,,3474298,720847285.1,44569,F1,1,,,,,
2026-09-23,2026-09-23,CM,NSE,STK,1630,INE570A01022,IONEXCHANG,EQ,,,,,ION EXCHANGE (INDIA) LTD,430.05,438.9,428.65,430.1,430.55,429.8,,430.09,,,117980,51078586.65,8808,F1,1,,,,,
2026-09-23,2026-09-23,CM,NSE,STK,764713,INE558A01019,IPRINGLTD,EQ,,,,,IP RINGS LTD.,136.22,138.0,133.24,136.89,136.7,135.95,,136.74,,,891,121371.91,52,F1,1,,,,,
2026-09-23,2026-09-23,CM,NSE,STK,1633,INE571A01038,IPCALAB,EQ,,,,,IPCA LABORATORIES LTD,1993.0,1999.4,1948.5,1962.6,1959.5,1992.4,,1962.61,,,159445,313560907.7,18623,F1,1,,,,,
2026-09-23,2026-09-23,CM,NSE,STK,15313,INE821I01022,IRB,EQ,,,,,IRB INFRA DEV LTD.,18.4,18.66,17.51,18.03,17.99,17.98,,18.04,,,36892063,673935817.12,43059,F1,1,,,,,
2026-09-23,2026-09-23,CM,NSE,STK,20817,INE183W23014,IRBINVIT,IV,,,,,IRB INVIT FUND,64.7,64.8,64.2,64.43,64.51,64.6,,64.43,,,294338,18983689.48,2636,F1,1,,,,,
2026-09-23,2026-09-23,CM,NSE,STK,4986,INE962Y01021,IRCON,EQ,,,,,IRCON INTERNATIONAL LTD,108.8,111.4,108.62,110.13,110.28,109.09,,110.13,,,1837678,202452444.0,21033,F1,1,,,,,
2026-09-23,2026-09-23,CM,NSE,STK,1391,INE202E07138,880IREDA29,N5,,,,,IREDA 8.80NCDTR I SR II B,1143.7,1143.7,1115.66,1134.0,1134.0,1143.85,,1133.65,,,2070,2310944.5,10,F1,1,,,,,
2026-09-23,2026-09-23,CM,NSE,STK,1393,INE202E07153,880IREDA34,N6,,,,,IREDA 8.80NCDTR I SR IIIB,1290.0,1290.0,1290.0,1290.0,1290.0,1251.0,,1290.0,,,500,645000.0,1,F1,1,,,,,
2026-09-23,2026-09-23,CM,NSE,STK,2275,INE01GN01025,IRISDOREME,EQ,,,,,IRIS CLOTHINGS LIMITED,66.86,67.0,65.51,66.26,66.3,66.24,,66.26,,,392682,26094556.54,4725,F1,1,,,,,
2026-09-23,2026-09-23,CM,NSE,STK,6489,INE864K01010,IRIS,EQ,,,,,IRIS REGTECH SOLUTION LTD,239.96,240.0,233.0,234.87,234.25,236.43,,234.89,,,17600,4139593.29,424,F1,1,,,,,
2026-09-23,2026-09-23,CM,NSE,STK,19597,INE07U701015,IRMENERGY,EQ,,,,,IRM ENERGY LIMITED,268.0,274.0,268.0,272.9,273.95,268.35,,272.94,,,30224,8206724.2,1506,F1,1,,,,,
2026-09-23,2026-09-23,CM,NSE,STK,763789,INE413U07475,920ISF28,N0,,,,,ISF 9.20% 2028,9600.0,9832.0,9600.0,9832.0,9832.0,9612.11,,9832.0,,,58,563075.72,14,F1,1,,,,,
2026-09-23,2026-09-23,CM,NSE,STK,761208,INE413U07442,925ISF28,N0,,,,,ISF 9.25% 2028,9831.0,9831.0,9831.0,9831.0,9831.0,9822.0,,9831.0,,,15,147465.0,2,F1,1,,,,,
2026-09-23,2026-09-23,CM,NSE,STK,757708,INE413U07426,950ISF27C,N0,,,,,ISF 9.50% 2027,9950.0,9950.0,9900.25,9900.25,9900.25,9950.0,,9900.25,,,41,406047.5,5,F1,1,,,,,
2026-09-23,2026-09-23,CM,NSE,STK,3329,INE858B01029,ISGEC,EQ,,,,,ISGEC HEAVY ENG LTD,843.6,871.1,837.55,867.85,866.0,840.75,,867.82,,,91136,78433034.0,8218,F1,1,,,,,
2026-09-23,2026-09-23,CM,NSE,STK,30249,INE561M01018,ISHANCH,EQ,,,,,ISHAN DYES N CHEMICALS L,51.15,51.98,48.45,49.87,49.1,50.78,,49.88,,,20744,1037776.75,593,F1,1,,,,,
2026-09-23,2026-09-23,CM,NSE,STK,10995,INE0LCW01025,ISHAN,SM,,,,,ISHAN INTERNATIONAL LTD,0.5,0.5,0.5,0.5,0.5,0.5,,0.5,,,144000,72000.0,3,F1,48000,,,,,
2026-09-23,2026-09-23,CM,NSE,STK,22645,INE0R7R01018,ITALIANE,SM,,,,,ITALIAN EDIBLES LIMITED,30.0,31.2,30.0,31.2,31.2,29.75,,31.2,,,8000,246100.0,4,F1,2000,,,,,
2026-09-23,2026-09-23,CM,NSE,STK,29251,INE379A01028,ITCHOTELS,EQ,,,,,ITC HOTELS LIMITED,159.09,162.25,158.6,161.23,161.61,158.6,,161.25,,,1371792,221103553.45,33906,F1,1,,,,,
2026-09-23,2026-09-23,CM,NSE,STK,1660,INE154A01025,ITC,EQ,,,,,ITC LTD,265.85,271.05,265.15,270.15,270.15,265.8,,270.14,,,13142058,3534946143.2,86367,F1,1,,,,,
2026-09-23,2026-09-23,CM,NSE,STK,1675,INE248A01017,ITI,EQ,,,,,ITI LTD,254.0,259.9,252.75,257.2,257.05,253.25,,257.2,,,247138,63451713.75,6546,F1,1,,,,,
2026-09-23,2026-09-23,CM,NSE,STK,764723,INE478D01014,ITL,EQ,,,,,ITL INDUSTRIES LTD.,370.0,370.0,363.0,364.75,367.6,365.75,,364.75,,,760,278191.35,34,F1,1,,,,,
2026-09-23,2026-09-23,CM,NSE,STK,759041,INE056801025,IVALUE,EQ,,,,,IVALUE INFOSOLUTIONS LTD,227.12,235.0,223.85,233.07,235.0,225.48,,233.07,,,303178,70284541.28,5696,F1,1,,,,,
2026-09-23,2026-09-23,CM,NSE,STK,8857,INE043C01018,IVP,BE,,,,,IVP LIMITED,228.6,231.9,224.81,227.96,228.85,230.81,,228.49,,,12669,2883217.63,159,F1,1,,,,,
2026-09-23,2026-09-23,CM,NSE,STK,757644,INE1AII01014,IWARE,ST,,,,,IWARE SUPPLYCHAIN SER LTD,381.05,408.65,381.05,400.25,400.0,389.2,,400.25,,,25200,10054800.0,39,F1,600,,,,,
2026-09-23,2026-09-23,CM,NSE,STK,14174,INE848A01014,IZMO,EQ,,,,,IZMO LIMITED,935.55,944.75,915.15,931.15,929.75,931.55,,931.08,,,64061,59561496.25,4750,F1,1,,,,,
2026-09-23,2026-09-23,CM,NSE,STK,5633,INE168A01041,J&KBANK,EQ,,,,,J & K BANK LTD.,145.5,149.6,145.5,149.25,149.4,145.94,,149.25,,,1272524,188815419.27,20305,F1,1,,,,,
2026-09-23,2026-09-23,CM,NSE,STK,23056,INE0MB501011,JGCHEM,EQ,,,,,J.G.CHEMICALS LIMITED,615.0,637.0,612.75,621.55,622.0,610.35,,621.52,,,380279,238806028.3,16553,F1,1,,,,,
2026-09-23,2026-09-23,CM,NSE,STK,13211,INE199G01027,JAGRAN,EQ,,,,,JAGRAN PRAKASHAN LIMITED,62.89,64.0,62.11,63.41,63.14,62.44,,63.41,,,259841,16383447.83,1976,F1,1,,,,,
2026-09-23,2026-09-23,CM,NSE,STK,4410,INE048B01035,JAGSNPHARM,EQ,,,,,JAGSONPAL PHARMACEUTICALS,227.0,228.4,221.44,225.63,227.9,225.68,,225.64,,,54990,12379376.72,3061,F1,1,,,,,
2026-09-23,2026-09-23,CM,NSE,STK,11256,INE091G01026,JAIBALAJI,EQ,,,,,JAI BALAJI INDUSTRIES LTD,64.5,67.54,63.6,66.78,66.8,64.33,,66.79,,,1003915,66837996.65,4128,F1,1,,,,,
2026-09-23,2026-09-23,CM,NSE,STK,5143,INE070D01027,JAICORPLTD,EQ,,,,,JAI CORP LIMITED,94.4,97.8,94.4,96.73,96.52,94.25,,96.75,,,498373,47915414.91,6528,F1,1,,,,,
2026-09-23,2026-09-23,CM,NSE,STK,25684,IN9175A01010,JISLDVREQS,EQ,,,,,JAIN DVR EQUITY SHARES,20.58,21.0,20.15,20.36,20.2,20.53,,20.39,,,55586,1133313.34,196,F1,1,,,,,
2026-09-23,2026-09-23,CM,NSE,STK,10397,INE175A01038,JISLJALEQS,EQ,,,,,JAIN IRRIGATION SYSTEMS,28.93,29.29,28.75,28.9,28.87,28.93,,28.9,,,2400307,69522709.96,7040,F1,1,,,,,
2026-09-23,2026-09-23,CM,NSE,STK,759244,INE0YD401026,JAINREC,EQ,,,,,JAIN RESOURCE RECYCLING L,293.6,308.3,293.1,302.95,303.15,291.25,,302.94,,,5175026,1570882469.65,79492,F1,1,,,,,
2026-09-23,2026-09-23,CM,NSE,STK,6012,INE02KC01010,JAINAM,SM,,,,,JAINAM FER ALLOYS (I) LTD,197.0,197.0,197.0,197.0,197.0,197.0,,197.0,,,1000,197000.0,1,F1,500,,,,,
2026-09-23,2026-09-23,CM,NSE,STK,758306,INE0XIL01012,JAINIK,ST,,,,,JAINIK POWER CABLES LTD,188.65,193.2,185.0,193.2,193.2,185.0,,193.2,,,12000,2274840.0,9,F1,1200,,,,,
2026-09-23,2026-09-23,CM,NSE,STK,11763,INE351F01018,JPPOWER,EQ,,,,,JAIPRAKASH POWER VEN. LTD,16.2,16.35,16.0,16.04,16.06,16.17,,16.04,,,58181761,940005006.34,1059555,F1,1,,,,,
2026-09-23,2026-09-23,CM,NSE,STK,20930,INE349X01015,JALAN,ST,,,,,JALAN TRANSOLU. INDIA LTD,1.65,1.65,1.65,1.65,1.65,1.7,,1.65,,,504000,831600.0,6,F1,3000,,,,,
2026-09-23,2026-09-23,CM,NSE,STK,20778,INE039C01032,JAMNAAUTO,EQ,,,,,JAMNA AUTO IND LTD,128.13,134.2,127.95,129.55,130.0,127.99,,129.54,,,2732676,357771475.22,32929,F1,1,,,,,
2026-09-23,2026-09-23,CM,NSE,STK,22663,INE953L01027,JSFB,EQ,,,,,JANA SMALL FIN BANK LTD,533.95,551.0,533.95,546.6,547.6,533.7,,546.64,,,1082667,591475939.75,21791,F1,1,,,,,
2026-09-23,2026-09-23,CM,NSE,STK,759951,INE00YJ01010,JARO,EQ,,,,,JARO INS OF TEC MG N RE L,460.45,466.4,460.45,462.5,463.35,460.4,,462.44,,,113920,52810250.7,1667,F1,1,,,,,
2026-09-23,2026-09-23,CM,NSE,STK,13982,INE039O01029,JASH,EQ,,,,,JASH ENGINEERING LIMITED,585.5,594.4,575.25,588.95,589.1,584.75,,588.94,,,492872,289670436.65,17573,F1,1,,,,,
2026-09-23,2026-09-23,CM,NSE,STK,25037,INE0SMY01017,JAYBEE,SM,,,,,JAY BEE LAMINATIONS LTD,87.0,98.0,87.0,95.05,94.0,84.0,,95.05,,,149000,13933825.0,263,F1,500,,,,,
2026-09-23,2026-09-23,CM,NSE,STK,1708,INE571B01036,JAYBARMARU,EQ,,,,,JAY BHARAT MARUTI LTD,110.0,116.1,108.12,116.1,116.1,110.58,,116.12,,,407073,45261521.19,5550,F1,1,,,,,
2026-09-23,2026-09-23,CM,NSE,STK,10892,INE0J6801010,KORE,ST,,,,,JAY JALARAM TECHNO LTD,168.0,172.3,167.0,172.3,172.3,164.1,,172.3,,,16250,2774900.0,36,F1,250,,,,,
2026-09-23,2026-09-23,CM,NSE,STK,4041,INE785A01026,JAYAGROGN,EQ,,,,,JAYANT AGRO ORGANICS LTD,233.92,238.98,232.0,237.12,237.17,233.47,,237.11,,,21040,4970720.48,655,F1,1,,,,,
2026-09-23,2026-09-23,CM,NSE,STK,2331,INE854B01010,JAYNECOIND,EQ,,,,,JAYASWAL NECO INDUSTR LTD,90.5,92.07,90.5,91.36,91.9,90.28,,91.36,,,1604836,146625039.65,9616,F1,1,,,,,
2026-09-23,2026-09-23,CM,NSE,STK,759159,INE1AE401014,JAYESH,SM,,,,,JAYESH LOGISTICS LIMITED,125.4,129.7,125.4,129.5,129.5,125.3,,129.5,,,3000,384600.0,3,F1,1000,,,,,
2026-09-23,2026-09-23,CM,NSE,STK,760073,INE903A01025,JAYKAY,EQ,,,,,JAYKAY ENTERPRISES LTD,192.4,219.35,191.47,212.76,213.3,189.5,,212.76,,,9950063,2112274735.74,140238,F1,1,,,,,
2026-09-23,2026-09-23,CM,NSE,STK,1720,INE364A01020,JAYSREETEA,EQ,,,,,JAYSHREE TEA & INDUSTRIES,89.95,91.0,89.12,89.55,89.5,88.75,,89.55,,,37234,3347620.64,489,F1,1,,,,,
2026-09-23,2026-09-23,CM,NSE,STK,11655,INE927D01051,JBMA,EQ,,,,,JBM AUTO LIMITED,593.5,610.35,593.5,601.8,601.0,593.15,,601.8,,,559877,337600322.05,23838,F1,1,,,,,
2026-09-23,2026-09-23,CM,NSE,STK,758115,INE0J5801029,JSLL,EQ,,,,,JEENA SIKHO LIFECARE LTD,517.4,528.9,516.2,524.3,524.0,515.4,,524.3,,,426083,223182029.3,17445,F1,1,,,,,
2026-09-23,2026-09-23,CM,NSE,STK,764728,INE354A01013,JENBURPH,EQ,,,,,JENBURKT PHARMACEUTICAL L,961.3,979.8,930.0,952.0,946.8,957.2,,952.3,,,2772,2659373.0,327,F1,1,,,,,
2026-09-23,2026-09-23,CM,NSE,STK,7211,INE982V01025,JETFREIGHT,EQ,,,,,JET FREIGHT LOGISTICS LTD,21.8,22.59,21.35,21.67,21.65,22.15,,21.65,,,215128,4722069.31,1449,F1,1,,,,,
2026-09-23,2026-09-23,CM,NSE,STK,25147,INE0RXB01022,JEYYAM,SM,,,,,JEYYAM GLOBAL FOODS LTD,21.7,21.7,20.9,21.05,21.0,21.6,,21.05,,,78000,1648200.0,35,F1,2000,,,,,
2026-09-23,2026-09-23,CM,NSE,STK,10885,INE0LA901015,JFLLIFE,SM,,,,,JFL LIFE SCIENCES LIMITED,10.0,10.0,9.95,9.95,9.95,10.45,,9.95,,,18000,179400.0,2,F1,6000,,,,,
2026-09-23,2026-09-23,CM,NSE,STK,13720,INE544H01014,JHS,EQ,,,,,JHS SVEND. LAB. LTD,8.15,8.6,8.15,8.47,8.42,8.34,,8.45,,,78452,661974.33,370,F1,1,,,,,
2026-09-23,2026-09-23,CM,NSE,STK,24145,INE03DD01011,RETAIL,EQ,,,,,JHS SVENDGAARD RETAIL V L,17.13,17.3,16.5,17.25,17.0,17.11,,17.25,,,3320,56657.05,70,F1,1,,,,,
2026-09-23,2026-09-23,CM,NSE,STK,31507,INE147P01019,JPOLYINVST,EQ,,,,,JIND POL INV & FIN CO LTD,975.45,984.0,972.25,978.95,975.05,972.75,,978.96,,,1063,1037188.55,218,F1,1,,,,,
2026-09-23,2026-09-23,CM,NSE,STK,13875,INE742C01031,JINDRILL,EQ,,,,,JINDAL DRILLING IND. LTD,588.9,609.0,584.0,606.8,606.0,587.65,,606.8,,,247992,148241846.65,10513,F1,1,,,,,
2026-09-23,2026-09-23,CM,NSE,STK,11743,INE796G01012,JINDALPHOT,EQ,,,,,JINDAL PHOTO LIMITED,1116.0,1116.0,1082.0,1084.8,1083.0,1097.2,,1084.8,,,1986,2165522.4,197,F1,1,,,,,
2026-09-23,2026-09-23,CM,NSE,STK,1756,INE197D01010,JINDALPOLY,EQ,,,,,JINDAL POLY FILMS LIMITED,721.95,729.5,705.0,715.2,712.6,721.9,,715.22,,,13978,9976012.4,1035,F1,1,,,,,
2026-09-23,2026-09-23,CM,NSE,STK,3024,INE324A01032,JINDALSAW,EQ,,,,,JINDAL SAW LIMITED,286.85,295.1,286.85,292.6,294.75,286.45,,292.6,,,1218110,356675426.05,25707,F1,1,,,,,
2026-09-23,2026-09-23,CM,NSE,STK,11236,INE220G01021,JSL,EQ,,,,,JINDAL STAINLESS LIMITED,748.95,766.85,744.1,758.55,757.95,743.45,,758.55,,,906824,685512576.15,42992,F1,1,,,,,
2026-09-23,2026-09-23,CM,NSE,STK,6733,INE749A01030,JINDALSTEL,EQ,,,,,JINDAL STEEL LIMITED,1138.2,1187.4,1138.2,1175.3,1175.3,1141.0,,1175.29,,,994851,1166359036.6,30797,F1,1,,,,,
2026-09-23,2026-09-23,CM,NSE,STK,766187,INE1DLO01028,JSIPL,BE,,,,,JINDAL SUPREME (INDIA) L,120.0,126.0,120.0,126.0,126.0,93.0,,127.32,,,3981495,483019340.07,11892,F1,1,,,,,
2026-09-23,2026-09-23,CM,NSE,STK,20642,INE247D01039,JINDWORLD,EQ,,,,,JINDAL WORLDWIDE LTD,52.5,54.34,51.51,52.2,52.03,52.22,,52.2,,,8712868,461268725.96,25564,F1,1,,,,,
2026-09-23,2026-09-23,CM,NSE,STK,759205,INE1FF001016,JKIPL,EQ,,,,,JINKUSHAL INDUSTRIES LTD,99.96,101.55,99.26,100.25,99.7,99.24,,100.25,,,3606,360908.97,125,F1,1,,,,,
2026-09-23,2026-09-23,CM,NSE,STK,18143,INE758E01017,JIOFIN,EQ,,,,,JIO FIN SERVICES LTD,230.7,232.4,230.55,232.15,232.15,230.7,,232.14,,,6949246,1611177460.27,47174,F1,1,,,,,
2026-09-23,2026-09-23,CM,NSE,STK,765307,INF22M001184,NIFTYJBLK,EQ,,,,,JIOBLACKROCKAMC-NIFTYJBLK,12.28,12.28,11.95,12.02,12.04,11.99,,12.02,,,210215,2526487.26,477,F1,1,,,,,
2026-09-23,2026-09-23,CM,NSE,STK,19691,INE863T01013,JITFINFRA,EQ,,,,,JITF INFRALOGISTICS LTD,283.15,289.7,278.1,280.45,281.85,282.7,,280.46,,,23637,6670304.35,853,F1,1,,,,,
2026-09-23,2026-09-23,CM,NSE,STK,18558,INE0N5H01017,JIWANRAM,SM,,,,,JIWANRAM SHEODUTTRA IND L,4.0,4.8,4.0,4.4,4.4,4.0,,4.4,,,48000,208800.0,8,F1,6000,,,,,
2026-09-23,2026-09-23,CM,NSE,STK,13270,INE823G01014,JKCEMENT,EQ,,,,,JK CEMENT LIMITED,5104.0,5160.0,5005.0,5085.0,5010.0,5104.0,,5085.17,,,61858,317265954.5,7156,F1,1,,,,,
2026-09-23,2026-09-23,CM,NSE,STK,13491,INE786A01032,JKLAKSHMI,EQ,,,,,JK LAKSHMI CEMENT LTD,505.6,514.45,505.6,511.2,513.0,507.8,,511.2,,,46467,23788419.45,4109,F1,1,,,,,
2026-09-23,2026-09-23,CM,NSE,STK,11860,INE789E01012,JKPAPER,EQ,,,,,JK PAPER LIMITED,417.4,422.0,413.95,415.25,414.0,416.4,,415.25,,,268928,112344327.9,12856,F1,1,,,,,
2026-09-23,2026-09-23,CM,NSE,STK,14435,INE573A01042,JKTYRE,EQ,,,,,JK TYRE & INDUSTRIES LTD,349.85,358.3,348.6,355.35,356.0,346.5,,355.35,,,764630,270820772.7,21926,F1,1,,,,,
2026-09-23,2026-09-23,CM,NSE,STK,15266,INE576I01022,JKIL,EQ,,,,,JKUMAR INFR.LTD.,478.0,484.95,476.25,479.6,477.3,478.0,,479.57,,,27434,13202244.35,1973,F1,1,,,,,
2026-09-23,2026-09-23,CM,NSE,STK,13637,INE780C01023,JMFINANCIL,EQ,,,,,JM FINANCIAL LIMITED,126.0,127.74,126.0,127.51,127.5,126.31,,127.51,,,1131723,143820523.09,19588,F1,1,,,,,
2026-09-23,2026-09-23,CM,NSE,STK,23621,INE0OAF01028,JNKINDIA,EQ,,,,,JNK INDIA LIMITED,410.2,427.0,410.2,418.4,419.75,413.95,,418.42,,,103325,43274264.55,4412,F1,1,,,,,
2026-09-23,2026-09-23,CM,NSE,STK,16927,INE839G01010,JOCIL,EQ,,,,,JOCIL LIMITED,148.5,151.5,145.41,148.71,151.5,146.4,,148.71,,,1970,290982.69,42,F1,1,,,,,
2026-09-23,2026-09-23,CM,NSE,STK,762623,INE515A01019,COCKERILL,EQ,,,,,JOHN COCKERILL INDIA LTD.,8125.0,8201.0,8068.0,8144.0,8176.0,8178.0,,8144.18,,,3308,26895789.0,986,F1,1,,,,,
2026-09-23,2026-09-23,CM,NSE,STK,758460,INE718I01012,JSWCEMENT,EQ,,,,,JSW CEMENT LIMITED,117.5,119.02,116.71,118.18,118.13,116.7,,118.18,,,2422590,286217797.26,55461,F1,1,,,,,
2026-09-23,2026-09-23,CM,NSE,STK,1467,INE133A01011,JSWDULUX,EQ,,,,,JSW DULUX LIMITED,3186.0,3268.0,3135.0,3160.9,3150.0,3137.1,,3160.89,,,86927,277149328.2,14748,F1,1,,,,,
2026-09-23,2026-09-23,CM,NSE,STK,17869,INE121E01018,JSWENERGY,EQ,,,,,JSW ENERGY LIMITED,517.2,525.85,516.0,521.0,521.0,518.0,,521.0,,,1923195,1004937420.7,43932,F1,1,,,,,
2026-09-23,2026-09-23,CM,NSE,STK,11880,INE824G01012,JSWHL,EQ,,,,,JSW HOLDINGS LIMITED,11307.0,11404.0,11180.0,11333.0,11390.0,11219.0,,11329.63,,,1430,16124801.0,696,F1,1,,,,,
2026-09-23,2026-09-23,CM,NSE,STK,19020,INE880J01026,JSWINFRA,EQ,,,,,JSW INFRASTRUCTURE LTD,369.0,370.2,362.2,363.6,363.6,367.6,,363.6,,,3338113,1219569504.55,68287,F1,1,,,,,
2026-09-23,2026-09-23,CM,NSE,STK,11723,INE019A01038,JSWSTEEL,EQ,,,,,JSW STEEL LIMITED,1273.0,1304.0,1270.8,1297.8,1297.8,1267.0,,1297.8,,,1356042,1751645496.7,69654,F1,1,,,,,
2026-09-23,2026-09-23,CM,NSE,STK,3237,INE643A01035,JTEKTINDIA,EQ,,,,,JTEKT INDIA LIMITED,117.8,122.06,117.8,119.99,120.3,116.49,,119.98,,,262966,31640679.42,3488,F1,1,,,,,
2026-09-23,2026-09-23,CM,NSE,STK,7287,INE391J01032,JTLIND,EQ,,,,,JTL INDUSTRIES LIMITED,89.77,92.85,89.5,91.31,91.2,89.21,,91.31,,,5908069,542986766.68,22811,F1,1,,,,,
2026-09-23,2026-09-23,CM,NSE,STK,29590,INE03CC01015,JUBLCPL,EQ,,,,,JUBILANT AGRI N CON PRO L,2119.7,2244.6,2109.7,2202.4,2188.0,2099.1,,2202.44,,,24809,54551672.8,2903,F1,1,,,,,
2026-09-23,2026-09-23,CM,NSE,STK,18096,INE797F01020,JUBLFOOD,EQ,,,,,JUBILANT FOODWORKS LTD,491.65,493.7,483.3,483.3,483.3,491.1,,483.32,,,625258,305357129.25,24404,F1,1,,,,,
2026-09-23,2026-09-23,CM,NSE,STK,2783,INE0BY001018,JUBLINGREA,EQ,,,,,JUBILANT INGREVIA LIMITED,625.2,643.9,625.0,640.95,642.0,617.6,,640.93,,,414480,264718556.1,19056,F1,1,,,,,
2026-09-23,2026-09-23,CM,NSE,STK,3637,INE700A01033,JUBLPHARMA,EQ,,,,,JUBILANT PHARMOVA LTD,1076.2,1088.1,1052.9,1058.0,1060.0,1070.85,,1058.06,,,135144,144423901.65,15589,F1,1,,,,,
2026-09-23,2026-09-23,CM,NSE,STK,7109,INE412C01023,JMA,EQ,,,,,JULLUNDUR MOT AGENCY LTD,90.75,90.75,88.52,89.89,90.05,90.82,,89.89,,,8068,725248.99,153,F1,1,,,,,
2026-09-23,2026-09-23,CM,NSE,STK,764408,INE05C901015,JNPR,EQ,,,,,JUNIPER GREEN ENERGY LTD,270.0,277.75,261.7,267.3,265.5,268.7,,267.3,,,743855,201625222.35,52561,F1,1,,,,,
2026-09-23,2026-09-23,CM,NSE,STK,22824,INE696F01016,JUNIPER,EQ,,,,,JUNIPER HOTELS LIMITED,224.65,224.95,221.01,221.77,222.4,222.8,,221.78,,,82050,18269521.83,2199,F1,1,,,,,
2026-09-23,2026-09-23,CM,NSE,STK,18553,INE682M01020,JLHL,EQ,,,,,JUPITER LIFE LINE HOSP L,274.05,278.65,271.85,274.05,274.95,274.8,,274.14,,,83065,22776379.8,6113,F1,1,,,,,
2026-09-23,2026-09-23,CM,NSE,STK,20224,INE209L01016,JWL,EQ,,,,,JUPITER WAGONS LIMITED,228.95,234.63,228.95,233.16,233.15,228.63,,233.15,,,858020,199494488.81,15976,F1,1,,,,,
2026-09-23,2026-09-23,CM,NSE,STK,29962,INE599M01018,JUSTDIAL,EQ,,,,,JUSTDIAL LTD.,682.6,698.0,680.25,693.55,691.5,682.6,,693.52,,,124710,86292485.8,6197,F1,1,,,,,
2026-09-23,2026-09-23,CM,NSE,STK,15146,INE668F01031,JYOTHYLAB,EQ,,,,,JYOTHY LABS LIMITED,193.97,195.61,193.32,194.11,194.39,193.97,,194.12,,,215274,41821004.27,7525,F1,1,,,,,
2026-09-23,2026-09-23,CM,NSE,STK,21334,INE980O01024,JYOTICNC,EQ,,,,,JYOTI CNC AUTOMATION LTD,1098.9,1117.6,1077.0,1100.8,1102.0,1084.3,,1100.77,,,1338131,1467752187.65,58512,F1,1,,,,,
2026-09-23,2026-09-23,CM,NSE,STK,758221,INE1M3T01017,JYOTIGLOBL,SM,,,,,JYOTI GLOBAL PLAST LTD,41.6,43.5,41.6,43.5,43.5,43.7,,43.5,,,8000,342900.0,4,F1,2000,,,,,
2026-09-23,2026-09-23,CM,NSE,STK,764733,INE577D01013,JYOTIRES,EQ,,,,,JYOTI RESINS & ADHESIVE L,840.0,854.6,839.7,848.45,854.6,840.0,,848.34,,,4485,3802316.55,350,F1,1,,,,,
2026-09-23,2026-09-23,CM,NSE,STK,1802,INE197A01024,JYOTISTRUC,EQ,,,,,JYOTI STRUCTURES LTD,9.2,9.56,9.2,9.33,9.37,9.19,,9.32,,,4684974,43946237.4,4653,F1,1,,,,,
2026-09-23,2026-09-23,CM,NSE,STK,764743,INE533C01018,KJMCFIN,EQ,,,,,K J M C FINANCIAL SERV L,61.8,61.8,58.71,61.5,61.5,61.8,,61.5,,,2220,132731.25,78,F1,1,,,,,
2026-09-23,2026-09-23,CM,NSE,STK,764748,INE879K01018,KMCSHIL,EQ,,,,,K M C SPECIALITY HOSP I L,160.6,165.0,159.91,162.2,162.64,159.61,,162.27,,,244025,39482241.03,4552,F1,1,,,,,
2026-09-23,2026-09-23,CM,NSE,STK,14667,INE157H01023,KMSUGAR,EQ,,,,,K M SUGAR MILLS LTD,29.08,29.77,28.85,29.5,29.4,28.85,,29.5,,,116949,3439327.01,1206,F1,1,,,,,
2026-09-23,2026-09-23,CM,NSE,STK,27079,INE127T01021,KPEL,EQ,,,,,K.P. ENERGY LIMITED,230.31,231.8,225.46,228.8,229.4,230.94,,228.81,,,225215,51453906.26,6085,F1,1,,,,,
2026-09-23,2026-09-23,CM,NSE,STK,23459,INE0DEZ01013,K2INFRA,SM,,,,,K2 INFRAGEN LIMITED,42.0,43.8,40.2,42.7,43.4,42.8,,42.7,,,40200,1687170.0,64,F1,600,,,,,
2026-09-23,2026-09-23,CM,NSE,STK,1805,INE900B01029,KABRAEXTRU,EQ,,,,,KABRA EXTRUSION TECHNIK L,693.95,732.85,678.55,732.85,732.85,666.25,,732.83,,,402751,287875467.8,15490,F1,1,,,,,
2026-09-23,2026-09-23,CM,NSE,STK,29192,INE0XOW01017,KKJEWELS,SM,,,,,KABRA JEWELS LIMITED,97.5,99.9,94.1,99.55,99.55,97.5,,99.55,,,9000,882400.0,9,F1,1000,,,,,
2026-09-23,2026-09-23,CM,NSE,STK,1808,INE217B01036,KAJARIACER,EQ,,,,,KAJARIA CERAMICS LTD,1186.1,1224.0,1175.7,1216.4,1214.8,1183.6,,1216.4,,,163666,197490749.6,17854,F1,1,,,,,
2026-09-23,2026-09-23,CM,NSE,STK,1811,INE437B01014,KAKATCEM,EQ,,,,,KAKATIYA CEM SUGAR &IND L,109.7,109.75,107.05,107.97,107.99,109.75,,108.4,,,964,104154.75,35,F1,1,,,,,
2026-09-23,2026-09-23,CM,NSE,STK,25443,INE0T0L01014,KALANA,SM,,,,,KALANA ISPAT LIMITED,18.1,18.1,17.7,17.9,17.9,18.6,,17.9,,,34000,609100.0,14,F1,2000,,,,,
2026-09-23,2026-09-23,CM,NSE,STK,758558,INE227J01012,KALPATARU,EQ,,,,,KALPATARU LIMITED,265.1,281.0,262.4,272.55,275.85,268.4,,272.63,,,132733,35782987.2,2175,F1,1,,,,,
2026-09-23,2026-09-23,CM,NSE,STK,1814,INE220B01022,KPIL,EQ,,,,,KALPATARU PROJECT INT LTD,1400.1,1422.0,1389.8,1411.8,1410.7,1400.1,,1411.81,,,105907,148831651.8,12982,F1,1,,,,,
2026-09-23,2026-09-23,CM,NSE,STK,2955,INE303R01014,KALYANKJIL,EQ,,,,,KALYAN JEWELLERS IND LTD,585.0,589.35,582.55,584.25,584.25,583.1,,584.24,,,2741044,1604928344.9,33896,F1,1,,,,,
2026-09-23,2026-09-23,CM,NSE,STK,15160,INE314G01014,KALYANIFRG,BE,,,,,KALYANI FORGE LIMITED,927.25,960.0,911.0,957.6,950.0,927.25,,957.6,,,2244,2117103.55,155,F1,1,,,,,
2026-09-23,2026-09-23,CM,NSE,STK,21119,INE029L01018,KICL,EQ,,,,,KALYANI INVEST CO LTD,4920.5,5048.0,4920.5,5000.0,4986.0,5005.5,,5000.0,,,386,1931475.5,161,F1,1,,,,,
2026-09-23,2026-09-23,CM,NSE,STK,18889,INE907A01026,KSL,EQ,,,,,KALYANI STEELS LIMITED,968.1,1032.9,956.05,998.25,999.5,959.15,,998.17,,,646949,654822518.1,29967,F1,1,,,,,
2026-09-23,2026-09-23,CM,NSE,STK,762732,INE411F01010,KAMAHOLD,EQ,,,,,KAMA HOLDINGS LTD.,2257.7,2257.7,2230.1,2239.2,2233.0,2236.4,,2237.42,,,1734,3884565.4,256,F1,1,,,,,
2026-09-23,2026-09-23,CM,NSE,STK,764738,INE344D01018,KAMANWALA,EQ,,,,,KAMANWALA HOUSING CONST L,17.1,17.1,16.5,16.5,16.5,16.56,,16.5,,,255,4276.1,5,F1,1,,,,,
2026-09-23,2026-09-23,CM,NSE,STK,1826,INE967C01018,KAMATHOTEL,EQ,,,,,KAMAT HOTELS (I) LTD,238.0,246.0,237.1,240.35,239.5,237.05,,240.33,,,112995,27386594.03,4524,F1,1,,,,,
2026-09-23,2026-09-23,CM,NSE,STK,13457,INE390H01020,KAMDHENU,EQ,,,,,KAMDHENU LIMITED,41.17,42.04,39.65,40.77,40.62,41.51,,40.76,,,1666669,67895181.71,6261,F1,1,,,,,
2026-09-23,2026-09-23,CM,NSE,STK,13814,INE0BTI01037,KAMOPAINTS,EQ,,,,,KAMDHENU VENTURES LIMITED,4.26,4.36,4.16,4.27,4.25,4.26,,4.26,,,194143,827472.55,675,F1,1,,,,,
2026-09-23,2026-09-23,CM,NSE,STK,25786,INE879E01037,KANANIIND,EQ,,,,,KANANI INDUSTRIES LTD,1.41,1.43,1.41,1.42,1.43,1.42,,1.44,,,65112,92201.3,139,F1,1,,,,,
2026-09-23,2026-09-23,CM,NSE,STK,762737,INE081G01019,KANCHI,EQ,,,,,KANCHI KARPOORAM LTD.,394.0,394.0,390.0,390.3,394.0,395.45,,390.34,,,530,207141.7,31,F1,1,,,,,
2026-09-23,2026-09-23,CM,NSE,STK,765090,INE398L01017,KANCOTEA,EQ,,,,,KANCO TEA & INDS. LTD.,56.97,56.97,51.0,54.72,54.99,56.85,,54.76,,,375,19949.26,19,F1,1,,,,,
2026-09-23,2026-09-23,CM,NSE,STK,11208,INE0MOT01016,KANDARP,SM,,,,,KANDARP DG SMART BPO LTD,76.2,76.2,70.7,74.4,75.0,73.9,,74.4,,,10000,736400.0,10,F1,1000,,,,,
2026-09-23,2026-09-23,CM,NSE,STK,766021,INE877D01025,KANOHAR,EQ,,,,,KANOHAR ELECTRICALS LTD,888.7,937.7,870.45,907.0,911.1,870.5,,907.04,,,10796574,9731074041.85,303566,F1,1,,,,,
2026-09-23,2026-09-23,CM,NSE,STK,9805,INE138C01024,KANORICHEM,BE,,,,,KANORIACHEMICALS-,176.6,182.24,168.55,182.24,182.24,173.57,,182.58,,,71109,12592186.05,484,F1,1,,,,,
2026-09-23,2026-09-23,CM,NSE,STK,1782,INE694E01014,KANPRPLA,EQ,,,,,KANPUR PLASTIPACK LIMITED,268.9,276.6,252.85,257.05,255.6,266.75,,257.05,,,28977,7600860.2,1115,F1,1,,,,,
2026-09-23,2026-09-23,CM,NSE,STK,1196,INE531A01024,KANSAINER,EQ,,,,,KANSAI NEROLAC PAINTS LTD,181.99,185.0,181.3,182.58,182.05,180.98,,182.58,,,147219,27000569.78,3959,F1,1,,,,,
2026-09-23,2026-09-23,CM,NSE,STK,18967,INE542Z01028,KAPSTON,EQ,,,,,KAPSTON SERVICES LIMITED,570.75,588.5,570.75,585.9,587.0,570.55,,585.9,,,39643,23099814.15,1445,F1,1,,,,,
2026-09-23,2026-09-23,CM,NSE,STK,766056,INE590T01012,KARAMTARA,EQ,,,,,KARAMTARA ENGINEERING L,368.2,371.25,354.15,361.95,365.65,365.1,,361.95,,,2896481,1051490778.05,50975,F1,1,,,,,
2026-09-23,2026-09-23,CM,NSE,STK,24385,INE725L01011,KARMAENG,EQ,,,,,KARMA ENERGY LIMITED,40.2,40.99,39.72,40.18,40.54,40.1,,40.01,,,1654,66782.28,68,F1,1,,,,,
2026-09-23,2026-09-23,CM,NSE,STK,8054,INE614B01018,KTKBANK,EQ,,,,,KARNATAKA BANK LIMITED,331.5,344.0,330.1,343.05,343.0,331.5,,343.05,,,3566531,1211783828.25,39199,F1,1,,,,,
2026-09-23,2026-09-23,CM,NSE,STK,19465,INE0MGA01012,KARNIKA,SM,,,,,KARNIKA INDUSTRIES LTD,121.0,123.4,120.5,120.9,120.5,119.45,,120.9,,,32000,3885500.0,30,F1,1000,,,,,
2026-09-23,2026-09-23,CM,NSE,STK,1838,INE036D01028,KARURVYSYA,EQ,,,,,KARUR VYSYA BANK LTD,322.05,326.0,320.65,324.45,324.15,320.15,,324.45,,,1465001,474107165.25,33689,F1,1,,,,,
2026-09-23,2026-09-23,CM,NSE,STK,24528,INE0SVY01018,KATARIA,SM,,,,,KATARIA INDUSTRIES LTD,150.0,150.0,149.05,149.9,149.9,149.1,,149.9,,,27000,4044330.0,32,F1,600,,,,,
2026-09-23,2026-09-23,CM,NSE,STK,15140,INE234I01028,KAUSHALYA,BE,,,,,KAUSHALYA INFRA DEV LTD.,828.0,862.4,826.0,862.4,862.4,868.75,,862.4,,,205,169615.5,12,F1,1,,,,,
2026-09-23,2026-09-23,CM,NSE,STK,21186,INE0Q2V01012,KLL,SM,,,,,KAUSHALYA LOGISTICS LTD,38.95,41.9,38.95,41.9,41.85,38.1,,41.9,,,417600,17252960.0,227,F1,800,,,,,
2026-09-23,2026-09-23,CM,NSE,STK,14972,INE455I01029,KSCL,EQ,,,,,KAVERI SEED CO. LTD.,705.85,715.0,699.95,710.7,715.0,699.7,,710.66,,,49831,35225438.35,2556,F1,1,,,,,
2026-09-23,2026-09-23,CM,NSE,STK,15248,INE641C01019,KAVDEFENCE,BE,,,,,KAVVERI DFS & WIR TEC LTD,79.7,82.6,79.7,82.35,82.6,78.67,,82.28,,,434401,35721472.11,1506,F1,1,,,,,
2026-09-23,2026-09-23,CM,NSE,STK,21173,INE0RCG01017,KCEIL,SM,,,,,KAY CEE ENERGY & INFRA L,78.85,80.6,78.85,80.45,80.45,77.65,,80.45,,,3000,238250.0,6,F1,500,,,,,
2026-09-23,2026-09-23,CM,NSE,STK,10282,INE587G01015,KAYA,BE,,,,,KAYA LIMITED,347.0,347.0,323.05,327.2,330.0,338.35,,327.17,,,7621,2524977.35,141,F1,1,,,,,
2026-09-23,2026-09-23,CM,NSE,STK,12092,INE918Z01012,KAYNES,EQ,,,,,KAYNES TECHNOLOGY IND LTD,3460.0,3499.0,3428.5,3458.0,3458.0,3455.0,,3457.86,,,804616,2787315807.3,51187,F1,1,,,,,
2026-09-23,2026-09-23,CM,NSE,STK,758868,INE13ZD01013,KAYTEX,SM,,,,,KAYTEX FABRICS LIMITED,56.8,57.95,56.0,57.95,57.95,58.0,,57.95,,,5600,317840.0,7,F1,800,,,,,
2026-09-23,2026-09-23,CM,NSE,STK,10296,INE0J1E01027,KCK,ST,,,,,KCK INDUSTRIES LTD,13.3,13.6,13.0,13.0,13.0,13.65,,13.0,,,55000,720500.0,17,F1,2500,,,,,
2026-09-23,2026-09-23,CM,NSE,STK,1841,INE805C01028,KCP,EQ,,,,,KCP LTD,157.0,158.5,155.41,157.05,156.51,157.4,,157.05,,,96770,15163548.23,1829,F1,1,,,,,
2026-09-23,2026-09-23,CM,NSE,STK,8849,INE790B01024,KCPSUGIND,BE,,,,,KCPSUGARINDUS,29.65,29.9,28.82,29.56,29.16,28.95,,29.48,,,37457,1105941.37,157,F1,1,,,,,
2026-09-23,2026-09-23,CM,NSE,STK,765105,INE348N01042,KDGREEN,EQ,,,,,KD GREEN INDUSTRIES LTD,50.26,52.0,49.97,50.03,50.89,50.01,,50.04,,,59171,2986443.98,566,F1,1,,,,,
2026-09-23,2026-09-23,CM,NSE,STK,14908,INE291D01011,KDDL,EQ,,,,,KDDL LIMITED,3974.0,4270.0,3973.9,4251.9,4270.0,3973.1,,4252.01,,,153006,639393248.8,20567,F1,1,,,,,
2026-09-23,2026-09-23,CM,NSE,STK,13260,INE389H01022,KEC,EQ,,,,,KEC INTL. LIMITED,393.9,403.65,393.9,402.4,401.0,391.55,,402.4,,,891865,356915962.2,21741,F1,1,,,,,
2026-09-23,2026-09-23,CM,NSE,STK,13310,INE878B01027,KEI,EQ,,,,,KEI INDUSTRIES LTD.,4575.0,4760.0,4574.0,4722.5,4722.5,4575.0,,4722.48,,,808984,3801673923.0,57038,F1,1,,,,,
2026-09-23,2026-09-23,CM,NSE,STK,13430,INE164B01030,KELLTONTEC,EQ,,,,,KELLTON TECH SOL LTD,13.73,13.85,13.6,13.76,13.79,13.7,,13.76,,,1761639,24206838.93,3078,F1,1,,,,,
2026-09-23,2026-09-23,CM,NSE,STK,29547,INE15DO01012,KEN,SM,,,,,KEN ENTERPRISES LIMITED,44.3,44.45,43.15,43.95,43.95,43.0,,43.95,,,8400,369420.0,7,F1,1200,,,,,
2026-09-23,2026-09-23,CM,NSE,STK,11841,INE717A01029,KENNAMET,EQ,,,,,KENNAMETAL INDIA LIMITED,4370.0,4394.7,4261.1,4316.7,4315.0,4379.4,,4316.37,,,27181,117380262.8,5902,F1,1,,,,,
2026-09-23,2026-09-23,CM,NSE,STK,13121,INE202H01019,KERNEX,EQ,,,,,KERNEX MICROSYS(I) LTD,1756.0,1756.0,1708.5,1731.0,1735.1,1744.7,,1730.88,,,99303,171650929.0,11192,F1,1,,,,,
2026-09-23,2026-09-23,CM,NSE,STK,4981,INE087A01019,KESORAMIND,BE,,,,,KESORAM INDUSTRIES LTD,11.35,11.79,11.0,11.57,11.5,11.35,,11.58,,,362685,4155875.3,535,F1,1,,,,,
2026-09-23,2026-09-23,CM,NSE,STK,13381,INE401H01017,KKCL,EQ,,,,,KEWAL KIRAN CLOTHING LTD,484.8,487.5,475.1,477.55,476.3,484.8,,477.55,,,15632,7499882.4,918,F1,1,,,,,
2026-09-23,2026-09-23,CM,NSE,STK,4157,INE681C01015,KEYFINSERV,EQ,,,,,KEYNOTE FIN SERV LTD.,240.05,246.8,239.1,244.05,245.95,240.05,,244.05,,,497,121774.4,23,F1,1,,,,,
2026-09-23,2026-09-23,CM,NSE,STK,12219,INE263M01029,RUSTOMJEE,EQ,,,,,KEYSTONE REALTORS LIMITED,361.0,372.3,359.95,365.75,368.9,363.55,,365.72,,,61398,22524128.1,5155,F1,1,,,,,
2026-09-23,2026-09-23,CM,NSE,STK,13359,INE138Y01010,KFINTECH,EQ,,,,,KFIN TECHNOLOGIES LIMITED,897.0,917.35,895.5,911.95,911.95,898.0,,911.94,,,467472,424277627.1,16003,F1,1,,,,,
2026-09-23,2026-09-23,CM,NSE,STK,433,INE834I01025,KHADIM,BE,,,,,KHADIM INDIA LIMITED,123.9,123.9,122.94,122.94,122.94,125.44,,125.45,,,9157,1126721.58,45,F1,1,,,,,
2026-09-23,2026-09-23,CM,NSE,STK,3912,INE731C01018,KHAITANLTD,EQ,,,,,KHAITAN (INDIA)LTD.,151.0,154.39,145.21,153.14,153.14,151.82,,150.35,,,3281,496506.7,157,F1,1,,,,,
2026-09-23,2026-09-23,CM,NSE,STK,896,INE745B01028,KHAICHEM,EQ,,,,,KHAITAN CHEM & FERT LTD,50.02,52.0,49.82,50.13,49.93,50.02,,50.13,,,281525,14240528.74,2196,F1,1,,,,,
2026-09-23,2026-09-23,CM,NSE,STK,9641,INE060B01014,KHANDSE,EQ,,,,,KHANDWALA SECURITIES LTD,18.29,18.29,17.15,18.0,18.1,17.91,,18.0,,,1007,18038.47,28,F1,1,,,,,
2026-09-23,2026-09-23,CM,NSE,STK,9570,INE00UG01014,KHFM,SM,,,,,KHFM HOS FAC MANA SER LTD,42.9,43.45,42.8,43.45,43.45,44.5,,43.45,,,23250,997735.0,6,F1,1550,,,,,
2026-09-23,2026-09-23,CM,NSE,STK,762747,INE338F01015,KLBRENG-B,EQ,,,,,KILBURN ENGINEERING LTD.,519.5,535.0,512.8,518.6,518.0,519.5,,518.65,,,500546,261888979.15,16926,F1,1,,,,,
2026-09-23,2026-09-23,CM,NSE,STK,19941,INE729D01010,KILITCH,BE,,,,,KILITCH DRUGS INDIA LTD,221.62,221.62,221.62,221.62,221.62,211.07,,221.7,,,27667,6131560.54,160,F1,1,,,,,
2026-09-23,2026-09-23,CM,NSE,STK,18944,INE473D01015,KINGFA,EQ,,,,,KINGFA SCI & TEC IND LTD.,6219.5,6300.0,6201.0,6240.5,6221.0,6168.5,,6240.43,,,7818,48906668.0,2771,F1,1,,,,,
2026-09-23,2026-09-23,CM,NSE,STK,19126,INE880L01014,KIOCL,EQ,,,,,KIOCL LIMITED,344.7,351.0,342.75,349.35,351.0,342.55,,349.2,,,49267,17149370.15,2648,F1,1,,,,,
2026-09-23,2026-09-23,CM,NSE,STK,762742,INE555P01013,KIRANVYPAR,EQ,,,,,KIRAN VYAPAR LTD.,218.9,218.9,211.0,215.1,218.65,218.79,,215.37,,,972,209694.49,106,F1,1,,,,,
2026-09-23,2026-09-23,CM,NSE,STK,16639,INE415I01015,KIRIINDUS,EQ,,,,,KIRI INDUSTRIES LIMITED,546.0,577.0,543.6,572.75,569.7,540.5,,572.74,,,1184732,668091389.15,22939,F1,1,,,,,
2026-09-23,2026-09-23,CM,NSE,STK,18581,INE732A01036,KIRLOSBROS,EQ,,,,,KIRLOSKAR BROTHERS LTD,1770.3,1816.0,1769.3,1794.3,1795.7,1775.3,,1794.17,,,29352,52424581.9,5249,F1,1,,,,,
2026-09-23,2026-09-23,CM,NSE,STK,18220,INE134B01017,KECL,EQ,,,,,KIRLOSKAR ELECTRIC CO LTD,122.05,122.05,119.0,120.24,119.6,121.21,,120.24,,,68644,8283144.64,1462,F1,1,,,,,
2026-09-23,2026-09-23,CM,NSE,STK,14466,INE884B01025,KIRLFER,EQ,,,,,KIRLOSKAR FERROUS IND LTD,475.95,486.4,470.0,478.1,476.05,479.85,,478.09,,,126883,61081399.15,7032,F1,1,,,,,
2026-09-23,2026-09-23,CM,NSE,STK,19025,INE250A01039,KIRLOSIND,EQ,,,,,KIRLOSKAR INDUSTRIES LTD,3667.0,3696.5,3655.0,3681.0,3685.0,3667.2,,3680.98,,,4319,15877483.1,578,F1,1,,,,,
2026-09-23,2026-09-23,CM,NSE,STK,20936,INE146L01010,KIRLOSENG,EQ,,,,,KIRLOSKAR OIL ENG LTD,2165.0,2240.0,2120.2,2219.5,2210.0,2165.0,,2219.49,,,395759,860881749.5,35479,F1,1,,,,,
2026-09-23,2026-09-23,CM,NSE,STK,15180,INE811A01038,KIRLPNU,EQ,,,,,KIRLOSKAR PNEUMATIC COM L,706.8,717.0,705.0,711.95,709.0,706.8,,711.57,,,62999,44881191.6,5523,F1,1,,,,,
2026-09-23,2026-09-23,CM,NSE,STK,28899,INE602G01020,KITEX,EQ,,,,,KITEX GARMENTS LTD,120.0,124.16,119.99,121.33,123.48,119.48,,121.33,,,475593,57951173.21,5751,F1,1,,,,,
2026-09-23,2026-09-23,CM,NSE,STK,760923,INE0KNW01016,KNAGRI,EQ,,,,,KN AGRI RESOURCES LIMITED,205.0,213.15,202.3,211.63,212.95,203.95,,211.63,,,10750,2244580.71,283,F1,1,,,,,
2026-09-23,2026-09-23,CM,NSE,STK,763839,INE17QZ01016,KNACK,EQ,,,,,KNACK PACKAGING LIMITED,185.9,188.78,184.0,184.25,184.9,185.55,,184.26,,,370798,68920183.14,4601,F1,1,,,,,
2026-09-23,2026-09-23,CM,NSE,STK,27084,INE0CJD01029,KMEW,EQ,,,,,KNOWLEDGE MARINE & EN W L,3000.2,3020.0,2925.3,2996.6,2975.0,2976.7,,2996.45,,,80182,239089371.0,13033,F1,1,,,,,
2026-09-23,2026-09-23,CM,NSE,STK,758431,INE1JAR25012,KRT,RR,,,,,KNOWLEDGE REALTY TRUST,113.85,113.95,113.1,113.7,113.7,113.9,,113.7,,,1378544,156321404.9,6827,F1,1,,,,,
2026-09-23,2026-09-23,CM,NSE,STK,15283,INE634I01029,KNRCON,EQ,,,,,KNR CONSTRU LTD.,120.25,122.3,120.2,121.77,122.02,120.04,,121.77,,,581131,70548076.36,5931,F1,1,,,,,
2026-09-23,2026-09-23,CM,NSE,STK,18754,INE0Q7P01013,KODYTECH,ST,,,,,KODY TECHNOLAB LIMITED,1500.0,1550.0,1500.0,1533.0,1530.0,1509.7,,1533.0,,,5400,8282290.0,40,F1,100,,,,,
2026-09-23,2026-09-23,CM,NSE,STK,3009,INE080B01012,KOHINOOR,EQ,,,,,KOHINOOR FOODS LIMITED,31.45,32.24,30.67,31.75,31.84,31.06,,31.74,,,215225,6783958.53,3495,F1,1,,,,,
2026-09-23,2026-09-23,CM,NSE,STK,16827,INE760A01029,KOKUYOCMLN,EQ,,,,,KOKUYO CAMLIN LIMITED,75.5,76.8,75.12,76.35,75.95,75.71,,76.37,,,36023,2752758.2,464,F1,1,,,,,
2026-09-23,2026-09-23,CM,NSE,STK,15124,INE094I01018,KOLTEPATIL,EQ,,,,,KOLTE PATIL DEV. LTD.,437.5,442.6,435.4,440.05,441.7,435.55,,440.04,,,47783,21001311.45,2557,F1,1,,,,,
2026-09-23,2026-09-23,CM,NSE,STK,22475,INE0QEI01011,KONSTELEC,ST,,,,,KONSTELEC ENGINEERS LTD,61.0,62.0,58.4,61.9,61.85,59.15,,61.9,,,4000,243250.0,4,F1,1000,,,,,
2026-09-23,2026-09-23,CM,NSE,STK,1919,INE082A01010,KOPRAN,EQ,,,,,KOPRAN LTD,275.4,287.2,275.0,279.42,280.06,276.44,,279.42,,,573639,161747406.97,9899,F1,1,,,,,
2026-09-23,2026-09-23,CM,NSE,STK,16758,INE0O4R01018,KDL,SM,,,,,KORE DIGITAL LIMITED,64.05,64.05,64.05,64.05,64.05,67.4,,64.05,,,8550,547627.5,26,F1,150,,,,,
2026-09-23,2026-09-23,CM,NSE,STK,14858,INF174KA1HJ8,GOLD1,EQ,,,,,KOTAK GOLD ETF,126.5,126.66,125.81,125.96,125.9,125.99,,125.96,,,1728462,218153382.04,5448,F1,1,,,,,
2026-09-23,2026-09-23,CM,NSE,STK,1922,INE237A01036,KOTAKBANK,EQ,,,,,KOTAK MAHINDRA BANK LTD,414.65,417.25,411.35,413.25,413.25,412.65,,413.25,,,8628172,3572584969.9,83373,F1,1,,,,,
2026-09-23,2026-09-23,CM,NSE,STK,18102,INF174K014P6,NIFTY1,EQ,,,,,KOTAK NIFTY ETF,259.86,260.93,258.94,260.14,259.78,259.86,,260.17,,,37795,9834348.34,1075,F1,1,,,,,
2026-09-23,2026-09-23,CM,NSE,STK,15061,INF174KA1A86,PSUBANK,EQ,,,,,KOTAK PSU BANK,82.57,83.82,82.57,83.41,83.18,82.66,,83.41,,,63408,5292848.79,315,F1,1,,,,,
2026-09-23,2026-09-23,CM,NSE,STK,759885,INF174KA1XV0,CHEMICAL,EQ,,,,,KOTAKMAMC - CHEMICAL,29.66,29.79,29.48,29.56,29.66,29.45,,29.56,,,260675,7718171.72,816,F1,1,,,,,
2026-09-23,2026-09-23,CM,NSE,STK,7412,INF174KA1IA5,ALPHA,EQ,,,,,KOTAKMAMC - KOTAKALPHA,54.48,54.48,53.05,53.42,53.28,53.16,,53.42,,,1014532,54043748.76,1973,F1,1,,,,,
2026-09-23,2026-09-23,CM,NSE,STK,10512,INF174KA1ZF8,CONS,EQ,,,,,KOTAKMAMC - KOTAKCONS,11.85,11.93,11.85,11.86,11.85,11.85,,11.86,,,9806,116359.14,81,F1,1,,,,,
2026-09-23,2026-09-23,CM,NSE,STK,2627,INF174KA1GC5,IT,EQ,,,,,KOTAKMAMC - KOTAKIT,31.75,31.76,31.27,31.43,31.58,31.78,,31.43,,,472169,14893562.84,1285,F1,1,,,,,
2026-09-23,2026-09-23,CM,NSE,STK,13950,INF174KA1LV5,LIQUID1,EQ,,,,,KOTAKMAMC - KOTAKLIQ,1123.66,1123.82,1122.62,1123.81,1123.8,1123.66,,1123.81,,,402177,451970530.16,673,F1,1,,,,,
2026-09-23,2026-09-23,CM,NSE,STK,8632,INF174KA1IY5,LOWVOL1,EQ,,,,,KOTAKMAMC - KOTAKLOVOL,20.55,20.57,20.36,20.39,20.36,20.48,,20.39,,,699280,14322548.23,4712,F1,1,,,,,
2026-09-23,2026-09-23,CM,NSE,STK,8077,INF174KA1ZC5,MIDCAP,EQ,,,,,KOTAKMAMC - KOTAKMID50,18.39,18.49,18.26,18.31,18.26,18.22,,18.31,,,166823,3053245.55,594,F1,1,,,,,
2026-09-23,2026-09-23,CM,NSE,STK,10676,INF174KA1JF2,MNC,EQ,,,,,KOTAKMAMC - KOTAKMNC,32.44,32.64,32.36,32.49,32.55,32.28,,32.49,,,26562,863630.9,293,F1,1,,,,,
2026-09-23,2026-09-23,CM,NSE,STK,13082,INF174KA1ZD3,SILVER1,EQ,,,,,KOTAKMAMC - KOTAKSILVE,22.63,22.7,22.3,22.36,22.34,22.35,,22.36,,,5230346,117618802.56,4471,F1,1,,,,,
2026-09-23,2026-09-23,CM,NSE,STK,11457,INF174KA1ZE1,NV20,EQ,,,,,KOTAKMAMC - KTKNV20ETF,13.67,13.67,13.5,13.56,13.62,13.58,,13.56,,,72893,987919.03,272,F1,1,,,,,
2026-09-23,2026-09-23,CM,NSE,STK,30469,INF174KA1VW2,MID150,EQ,,,,,KOTAKMAMC - MID150,23.48,23.48,23.17,23.33,23.37,23.17,,23.33,,,24216,563810.66,140,F1,1,,,,,
2026-09-23,2026-09-23,CM,NSE,STK,759488,INF174KA1XS6,MOMENTUM30,EQ,,,,,KOTAKMAMC - MOMENTUM30,30.87,30.87,30.14,30.53,30.6,30.93,,30.53,,,215721,6582814.3,928,F1,1,,,,,
2026-09-23,2026-09-23,CM,NSE,STK,29758,INF174KA1VD2,MSCIINDIA,EQ,,,,,KOTAKMAMC - MSCIINDIA,29.23,29.31,29.13,29.29,29.3,29.19,,29.29,,,1386,40479.95,66,F1,1,,,,,
2026-09-23,2026-09-23,CM,NSE,STK,760709,INF174KA1YO3,NEXT50ETF,EQ,,,,,KOTAKMAMC - NEXT50ETF,72.87,73.33,72.52,73.2,73.05,72.61,,73.2,,,8198,596573.43,64,F1,1,,,,,
2026-09-23,2026-09-23,CM,NSE,STK,29944,INF174KA1UW4,NIFTY100EW,EQ,,,,,KOTAKMAMC - NIFTY100EW,34.53,34.55,34.4,34.48,34.47,34.53,,34.48,,,25323,873159.7,173,F1,1,,,,,
2026-09-23,2026-09-23,CM,NSE,STK,764195,INF174KA1A94,PVTBANK,EQ,,,,,KOTAKMAMC - PVTBANK,27.47,27.58,27.39,27.39,27.39,27.3,,27.39,,,6185,169419.18,6,F1,1,,,,,
2026-09-23,2026-09-23,CM,NSE,STK,757946,INF174KA1WT6,QUALITY30,EQ,,,,,KOTAKMAMC - QUALITY30,20.05,20.05,19.9,19.95,19.95,19.96,,19.95,,,10142,201995.86,24,F1,1,,,,,
2026-09-23,2026-09-23,CM,NSE,STK,5851,INF174KA1ZB7,BANKNIFTY1,EQ,,,,,KOTAKMAMC-KOTAKBKETF,58.66,58.89,58.5,58.68,58.68,58.4,,58.68,,,600339,35274889.89,594,F1,1,,,,,
2026-09-23,2026-09-23,CM,NSE,STK,762752,INE972A01020,KOTIC,EQ,,,,,KOTHARI INDUSTRIAL CORP L,147.78,152.67,147.0,147.11,147.06,146.89,,147.14,,,31010,4630491.36,1239,F1,1,,,,,
2026-09-23,2026-09-23,CM,NSE,STK,4594,INE720A01015,KOTHARIPET,EQ,,,,,KOTHARI PETROCHEM LTD,134.16,139.0,134.06,136.81,137.99,134.16,,136.81,,,76642,10491399.12,1432,F1,1,,,,,
2026-09-23,2026-09-23,CM,NSE,STK,5528,INE823A01017,KOTHARIPRO,EQ,,,,,KOTHARI PRODUCTS LTD,65.6,76.4,65.6,69.64,69.55,63.67,,69.65,,,132714,9495556.51,1997,F1,1,,,,,
2026-09-23,2026-09-23,CM,NSE,STK,11648,INE419A01022,KOTARISUG,BE,,,,,KOTHARI SUG & CHEM LTD.,26.06,27.5,26.06,27.35,27.35,26.65,,27.35,,,39993,1074572.69,212,F1,1,,,,,
2026-09-23,2026-09-23,CM,NSE,STK,761337,INE0J0B01017,KOTYARK,BE,,,,,KOTYARK INDUSTRIES LTD,31.27,32.89,31.27,32.05,32.0,31.84,,32.07,,,110776,3563404.21,219,F1,1,,,,,
2026-09-23,2026-09-23,CM,NSE,STK,5192,INE177F01017,KOVAI,EQ,,,,,KOVAI MEDICAL CENTER & HO,6182.5,6197.0,6102.0,6160.5,6186.5,6153.5,,6160.71,,,1680,10328641.0,649,F1,1,,,,,
2026-09-23,2026-09-23,CM,NSE,STK,5108,INE542W01025,KPIGREEN,EQ,,,,,KPI GREEN ENERGY LIMITED,346.45,355.0,335.55,350.05,347.15,346.45,,350.04,,,3884369,1346263565.05,68295,F1,1,,,,,
2026-09-23,2026-09-23,CM,NSE,STK,9683,INE04I401011,KPITTECH,EQ,,,,,KPIT TECHNOLOGIES LIMITED,532.0,533.35,525.0,527.0,527.0,529.05,,527.0,,,1154889,610108113.4,25229,F1,1,,,,,
2026-09-23,2026-09-23,CM,NSE,STK,14912,INE930H01031,KPRMILL,EQ,,,,,KPR MILL LTD.,1120.8,1145.5,1117.0,1136.7,1135.0,1120.8,,1136.7,,,130890,148853920.8,11505,F1,1,,,,,
2026-09-23,2026-09-23,CM,NSE,STK,10577,INE001B01026,KRBL,EQ,,,,,KRBL LIMITED,388.0,409.6,387.85,404.85,404.75,389.9,,404.85,,,597218,241304152.85,17920,F1,1,,,,,
2026-09-23,2026-09-23,CM,NSE,STK,1937,INE268B01013,KREBSBIO,EQ,,,,,KREBS BIOCHEMICALS & IND,56.3,59.6,56.3,57.54,56.9,56.86,,57.54,,,3816,218215.85,85,F1,1,,,,,
2026-09-23,2026-09-23,CM,NSE,STK,11480,INE524L01026,KRIDHANINF,EQ,,,,,KRIDHAN INFRA LIMITED,1.86,1.86,1.83,1.84,1.85,1.85,,1.84,,,19835,36743.52,44,F1,1,,,,,
2026-09-23,2026-09-23,CM,NSE,STK,12847,INE506W01020,KRISHANA,EQ,,,,,KRISHANA PHOSCHEM LIMITED,192.0,193.0,186.21,188.15,189.31,189.55,,188.15,,,526685,99410974.97,7318,F1,1,,,,,
2026-09-23,2026-09-23,CM,NSE,STK,16133,INE0NR701018,KRISHCA,SM,,,,,KRISHCA STRAPPING SLTN L,167.0,192.35,162.0,192.35,192.35,160.3,,192.35,,,147000,26726800.0,200,F1,500,,,,,
2026-09-23,2026-09-23,CM,NSE,STK,756782,INE0GGO01015,KRISHIVAL,EQ,,,,,KRISHIVAL FOODS LIMITED,416.8,417.5,413.05,417.35,417.5,415.7,,417.34,,,7240,3010885.7,266,F1,1,,,,,
2026-09-23,2026-09-23,CM,NSE,STK,761192,INE0J5601015,KRISHNADEF,EQ,,,,,KRISHNA DEF AND ALD IND L,1027.6,1048.3,1025.6,1032.9,1034.0,1025.6,,1032.9,,,66368,68761091.2,5885,F1,1,,,,,
2026-09-23,2026-09-23,CM,NSE,STK,4847,INE967H01025,KIMS,EQ,,,,,KRISHNA INST OF MED SCI L,791.7,802.45,791.25,798.05,799.35,789.8,,798.05,,,323371,257917582.55,15548,F1,1,,,,,
2026-09-23,2026-09-23,CM,NSE,STK,6417,INE479D01038,KRITI,EQ,,,,,KRITI INDUSTRIES IND LTD,62.89,66.0,60.11,63.19,65.01,59.75,,63.22,,,45222,2840431.43,304,F1,1,,,,,
2026-09-23,2026-09-23,CM,NSE,STK,11432,INE798K01010,KRITINUT,EQ,,,,,KRITI NUTRIENTS LIMITED,81.99,81.99,79.53,80.21,80.49,80.66,,80.21,,,10008,801868.94,194,F1,1,,,,,
2026-09-23,2026-09-23,CM,NSE,STK,9288,INE00Z501029,KRITIKA,EQ,,,,,KRITIKA WIRES LIMITED,5.15,5.15,4.9,5.0,5.1,5.04,,5.0,,,110757,560181.96,481,F1,1,,,,,
2026-09-23,2026-09-23,CM,NSE,STK,760624,INE1MTV01019,KRMAYURVED,SM,,,,,KRM AYURVEDA LIMITED,307.0,307.0,299.55,302.95,305.55,301.6,,302.95,,,64000,19406650.0,58,F1,1000,,,,,
2026-09-23,2026-09-23,CM,NSE,STK,25643,INE0Q3J01015,KRN,EQ,,,,,KRN HEAT EXCHANGE N REF L,1440.0,1458.0,1407.0,1412.6,1412.0,1420.1,,1412.61,,,159649,228004543.5,19340,F1,1,,,,,
2026-09-23,2026-09-23,CM,NSE,STK,24026,INE0ATZ01017,KRONOX,BE,,,,,KRONOX LAB SCIENCES LTD,180.0,189.0,176.1,187.39,187.0,182.27,,187.25,,,87597,16196640.19,650,F1,1,,,,,
2026-09-23,2026-09-23,CM,NSE,STK,25252,INE0O6601022,KROSS,EQ,,,,,KROSS LIMITED,260.85,283.0,257.5,278.56,279.41,256.13,,278.54,,,6104799,1676737685.74,113352,F1,1,,,,,
2026-09-23,2026-09-23,CM,NSE,STK,5359,INE08LI01020,KRSNAA,EQ,,,,,KRSNAA DIAGNOSTICS LTD,558.0,567.9,557.1,560.05,562.0,557.85,,560.02,,,67117,37789267.8,3194,F1,1,,,,,
2026-09-23,2026-09-23,CM,NSE,STK,23175,INE0QN801017,KRYSTAL,EQ,,,,,KRYSTAL INTEGRATED SER L,638.0,652.4,628.3,643.65,650.0,638.8,,643.65,,,13836,8853646.4,682,F1,1,,,,,
2026-09-23,2026-09-23,CM,NSE,STK,1949,INE999A01023,KSB,EQ,,,,,KSB LIMITED,820.0,825.05,808.05,823.2,823.0,820.15,,823.18,,,111806,91659961.1,10825,F1,1,,,,,
2026-09-23,2026-09-23,CM,NSE,STK,764753,INE953E01022,KSE,EQ,,,,,KSE LTD.,180.02,180.82,175.81,178.79,178.2,179.96,,178.8,,,6217,1112704.51,277,F1,1,,,,,
2026-09-23,2026-09-23,CM,NSE,STK,760433,INE987S01020,KSHINTL,EQ,,,,,KSH INTERNATIONAL LIMITED,1044.95,1083.0,1040.0,1046.8,1051.8,1040.95,,1046.77,,,224075,236918506.5,17672,F1,1,,,,,
2026-09-23,2026-09-23,CM,NSE,STK,10407,INE013801027,KSHITIJPOL,EQ,,,,,KSHITIJ POLYLINE LIMITED,4.83,4.84,4.83,4.83,4.84,4.61,,4.83,,,9790833,47372611.68,5248,F1,1,,,,,
2026-09-23,2026-09-23,CM,NSE,STK,11060,INE0D6I01023,KSOLVES,EQ,,,,,KSOLVES INDIA LIMITED,251.95,260.0,250.75,259.05,259.9,250.75,,259.02,,,28863,7357852.55,1254,F1,1,,,,,
2026-09-23,2026-09-23,CM,NSE,STK,759989,INE1SPP01016,KSR,BE,,,,,KSR FOOTWEAR LIMITED,37.12,39.5,37.11,39.28,38.5,39.06,,39.28,,,70916,2658755.16,170,F1,1,,,,,
2026-09-23,2026-09-23,CM,NSE,STK,13870,INE529I01021,KUANTUM,EQ,,,,,KUANTUM PAPERS LIMITED,85.0,86.5,81.65,82.87,82.61,84.95,,82.86,,,160358,13465935.19,3024,F1,1,,,,,
2026-09-23,2026-09-23,CM,NSE,STK,764116,INE0ISX01025,KUSUMGAR,EQ,,,,,KUSUMGAR LIMITED,616.25,652.0,616.25,635.1,637.0,616.15,,635.09,,,1299181,828941115.5,60360,F1,1,,,,,
2026-09-23,2026-09-23,CM,NSE,STK,762757,INE552U01010,KPL,EQ,,,,,KWALITY PHARMACEUTICALS L,3773.0,3840.0,3705.0,3724.5,3716.0,3752.8,,3724.51,,,40372,151808553.4,6969,F1,1,,,,,
2026-09-23,2026-09-23,CM,NSE,STK,760946,INE2KCE01013,KWIL,EQ,,,,,KWALITY WALL'S (INDIA) L,42.1,43.33,41.78,41.92,41.9,41.99,,41.92,,,8406785,356930693.58,26053,F1,1,,,,,
2026-09-23,2026-09-23,CM,NSE,STK,765100,INE341H01023,LKPSEC,EQ,,,,,L K P SECURITIES LTD.,15.16,15.66,15.0,15.27,15.11,15.31,,15.28,,,2723,41291.99,65,F1,1,,,,,
2026-09-23,2026-09-23,CM,NSE,STK,24948,INE498L01015,LTF,EQ,,,,,L&T FINANCE LIMITED,308.9,312.7,307.75,310.0,310.0,304.9,,310.0,,,5926308,1836451004.35,52706,F1,1,,,,,
2026-09-23,2026-09-23,CM,NSE,STK,18564,INE010V01017,LTTS,EQ,,,,,L&T TECHNOLOGY SER. LTD.,3285.0,3300.0,3198.2,3231.3,3229.9,3293.6,,3231.59,,,48247,156909223.2,9557,F1,1,,,,,
2026-09-23,2026-09-23,CM,NSE,STK,14423,INE059D01020,LAOPALA,EQ,,,,,LA OPALA RG LIMITED,160.0,163.83,160.0,163.06,163.83,160.61,,163.04,,,76706,12452522.52,1862,F1,1,,,,,
2026-09-23,2026-09-23,CM,NSE,STK,764761,INE519D01015,LADDERUP,BE,,,,,LADDERUP FINANCE LTD.,55.01,56.73,55.01,55.95,55.99,57.89,,55.6,,,1452,80778.94,52,F1,1,,,,,
2026-09-23,2026-09-23,CM,NSE,STK,5865,INE548Z01017,LAGNAM,EQ,,,,,LAGNAM SPINTEX LIMITED,74.5,75.0,73.34,75.0,75.0,74.01,,75.0,,,2578,192549.55,41,F1,1,,,,,
2026-09-23,2026-09-23,CM,NSE,STK,762762,INE515C01023,LAHOTIOV,EQ,,,,,LAHOTI OVERSEAS LTD.,40.67,42.0,40.67,40.77,40.77,40.68,,40.77,,,2957,121744.32,44,F1,1,,,,,
2026-09-23,2026-09-23,CM,NSE,STK,7902,INE850E01012,LFIC,EQ,,,,,LAKSHMI FIN IND CORP LTD,138.5,138.69,133.12,136.14,136.99,135.3,,136.14,,,881,120215.07,55,F1,1,,,,,
2026-09-23,2026-09-23,CM,NSE,STK,764763,INE938C01019,LAKSHMIMIL,EQ,,,,,LAKSHMI MILLS CO. LTD.,7943.0,7943.0,7716.0,7716.5,7716.0,7700.0,,7716.5,,,19,148147.0,10,F1,1,,,,,
2026-09-23,2026-09-23,CM,NSE,STK,4774,INE651C01018,LAKPRE,BZ,,,,,LAKSHMI PRE SCRE LTD,4.88,5.05,4.64,5.05,5.05,4.88,,5.05,,,1567,7601.16,12,F1,1,,,,,
2026-09-23,2026-09-23,CM,NSE,STK,25860,INE0VZS01015,LAKSHYA,SM,,,,,LAKSHYA POWERTECH LIMITED,91.0,98.0,90.0,98.0,98.0,89.1,,98.0,,,26400,2518560.0,31,F1,800,,,,,
2026-09-23,2026-09-23,CM,NSE,STK,765361,INE0K9O01026,LALITHAA,EQ,,,,,LALITHAA JEWELLERY MART L,340.0,352.9,340.0,352.9,352.9,336.1,,352.9,,,9509619,3339259655.25,26949,F1,1,,,,,
2026-09-23,2026-09-23,CM,NSE,STK,6407,INE112F01022,LAMBODHARA,EQ,,,,,LAMBODHARA TEXTILES LTD.,117.24,121.0,116.86,119.93,120.49,116.08,,119.93,,,10636,1271103.12,333,F1,1,,,,,
2026-09-23,2026-09-23,CM,NSE,STK,27225,INE0R0201012,LAMOSAIC,ST,,,,,LAMOSAIC INDIA LIMITED,52.05,52.05,49.5,50.15,51.5,51.8,,50.15,,,201600,10219170.0,72,F1,600,,,,,
2026-09-23,2026-09-23,CM,NSE,STK,9392,INE359U01028,LANCER,EQ,,,,,LANCER CONTAINER LINES L,11.9,11.95,11.7,11.78,11.85,11.69,,11.78,,,237499,2802620.43,807,F1,1,,,,,
2026-09-23,2026-09-23,CM,NSE,STK,23030,INE572G01025,LANCORHOL,BE,,,,,LANCOR HOLDINGS LIMITED,33.5,35.99,33.5,34.97,35.78,34.5,,34.99,,,108327,3818348.21,263,F1,1,,,,,
2026-09-23,2026-09-23,CM,NSE,STK,13276,INE559R01029,LANDMARK,EQ,,,,,LANDMARK CARS LIMITED,514.8,518.0,500.65,506.4,509.05,510.5,,506.35,,,57410,29111585.45,3355,F1,1,,,,,
2026-09-23,2026-09-23,CM,NSE,STK,16863,INE197J01017,LPDC,EQ,,,,,LANDMARK PR.DEV.CO.LTD,6.55,6.8,6.35,6.66,6.57,6.58,,6.66,,,19317,128291.27,278,F1,1,,,,,
2026-09-23,2026-09-23,CM,NSE,STK,17376,INE688J01023,LANDSMILL,EQ,,,,,LANDSMILL GREEN LIMITED,0.55,0.55,0.54,0.54,0.55,0.54,,0.54,,,1546188,842207.82,678,F1,1,,,,,
2026-09-23,2026-09-23,CM,NSE,STK,11483,INE018A01030,LT,EQ,,,,,LARSEN & TOUBRO LTD.,3870.0,3945.0,3870.0,3929.9,3929.9,3866.4,,3929.9,,,945462,3705549356.4,63470,F1,1,,,,,
2026-09-23,2026-09-23,CM,NSE,STK,764126,INE17IR01028,LASERPOWER,EQ,,,,,LASER POWER & INFRA LTD,277.0,291.75,275.65,287.4,287.0,275.05,,287.4,,,1452647,414278520.65,20768,F1,1,,,,,
2026-09-23,2026-09-23,CM,NSE,STK,6818,INE0I7C01011,LATENTVIEW,EQ,,,,,LATENT VIEW ANALYTICS LTD,250.55,255.0,250.3,253.4,253.7,250.55,,253.4,,,235148,59504452.75,6695,F1,1,,,,,
2026-09-23,2026-09-23,CM,NSE,STK,15840,INE262Z01023,LATTEYS,EQ,,,,,LATTEYS INDUSTRIES LTD,20.8,20.9,19.7,20.35,20.4,20.48,,20.35,,,53669,1079978.08,315,F1,1,,,,,
2026-09-23,2026-09-23,CM,NSE,STK,19234,INE947Q01028,LAURUSLABS,EQ,,,,,LAURUS LABS LIMITED,2009.5,2037.2,1999.7,2034.0,2034.0,2006.5,,2034.0,,,1363988,2761427475.8,38551,F1,1,,,,,
2026-09-23,2026-09-23,CM,NSE,STK,6568,INE801V01019,LAXMICOT,EQ,,,,,LAXMI COTSPIN LIMITED,13.5,13.5,12.36,13.4,13.2,13.05,,13.4,,,22247,290275.07,214,F1,1,,,,,
2026-09-23,2026-09-23,CM,NSE,STK,29171,INE0WO601020,LAXMIDENTL,EQ,,,,,LAXMI DENTAL LIMITED,194.76,196.6,192.03,195.09,195.2,193.18,,195.1,,,128908,25119628.3,4785,F1,1,,,,,
2026-09-23,2026-09-23,CM,NSE,STK,19876,INE258Y01016,LGHL,EQ,,,,,LAXMI GOLDORNA HOUSE LTD,180.93,182.94,174.1,176.62,177.24,177.38,,176.62,,,7259,1306455.65,290,F1,1,,,,,
2026-09-23,2026-09-23,CM,NSE,STK,758863,INE06WU01026,LAXMIINDIA,EQ,,,,,LAXMI INDIA FINANCE LTD,124.57,126.45,123.42,126.12,126.0,123.73,,126.11,,,97062,12182525.14,1576,F1,1,,,,,
2026-09-23,2026-09-23,CM,NSE,STK,2841,INE576O01020,LXCHEM,EQ,,,,,LAXMI ORGANIC INDUS LTD,178.0,189.0,177.6,188.44,188.35,178.01,,188.43,,,3615692,674315569.93,36027,F1,1,,,,,
2026-09-23,2026-09-23,CM,NSE,STK,7529,INE938A01021,LCCINFOTEC,EQ,,,,,LCC INFOTECH LTD,3.84,3.84,3.66,3.84,3.84,3.66,,3.74,,,67198,257316.84,134,F1,1,,,,,
2026-09-23,2026-09-23,CM,NSE,STK,766044,INE1FPN01026,LCCPROJECT,EQ,,,,,LCC PROJECTS LIMITED,146.9,148.25,142.11,146.59,146.9,147.56,,146.6,,,2358279,342814949.24,29285,F1,1,,,,,
2026-09-23,2026-09-23,CM,NSE,STK,760300,INE0G1L01025,LEMERITE,EQ,,,,,LE MERITE EXPORTS LIMITED,19.26,19.88,19.02,19.88,19.88,18.94,,19.88,,,198181,3890001.57,418,F1,1,,,,,
2026-09-23,2026-09-23,CM,NSE,STK,24067,INE0HV901016,IXIGO,EQ,,,,,LE TRAVENUES TECHNOLOGY L,163.25,169.4,162.44,163.9,164.0,163.28,,163.9,,,2055136,337875403.46,42380,F1,1,,,,,
2026-09-23,2026-09-23,CM,NSE,STK,14204,INE0H4B01011,LRRPL,SM,,,,,LEAD REC AND RUB PROD LTD,95.55,95.55,95.5,95.55,95.55,91.0,,95.55,,,9000,859875.0,6,F1,1500,,,,,
2026-09-23,2026-09-23,CM,NSE,STK,764523,INE00GO01025,LEAPIND,EQ,,,,,LEAP INDIA LIMITED,147.8,150.86,146.25,148.62,148.1,148.44,,148.6,,,1571060,233094090.95,22046,F1,1,,,,,
2026-09-23,2026-09-23,CM,NSE,STK,765098,INE791B01014,LEENEE,BE,,,,,LEE & NEE SOFTWARES (E) L,7.59,8.05,7.46,7.9,7.9,7.74,,7.65,,,7529,57810.61,40,F1,1,,,,,
2026-09-23,2026-09-23,CM,NSE,STK,757014,INE0AQ201015,THELEELA,EQ,,,,,LEELA PALACES HOTEL LTD,540.0,547.0,537.3,544.95,543.5,537.05,,544.95,,,114049,62032957.45,11965,F1,1,,,,,
2026-09-23,2026-09-23,CM,NSE,STK,2606,INE970X01018,LEMONTREE,EQ,,,,,LEMON TREE HOTELS LTD,108.2,108.49,107.5,107.92,108.02,107.51,,107.92,,,1411299,152283896.84,17816,F1,1,,,,,
2026-09-23,2026-09-23,CM,NSE,STK,759605,INE956O01016,LENSKART,EQ,,,,,LENSKART SOLUTIONS LTD,691.2,692.4,681.25,686.7,686.2,691.45,,686.7,,,4785213,3283801808.05,108244,F1,1,,,,,
2026-09-23,2026-09-23,CM,NSE,STK,14459,INE500X01013,LEXUS,EQ,,,,,LEXUS GRANITO (INDIA) LTD,12.89,13.38,12.4,12.5,12.41,12.47,,12.5,,,52072,657839.41,416,F1,1,,,,,
2026-09-23,2026-09-23,CM,NSE,STK,18321,INE337A01034,LGBBROSLTD,EQ,,,,,LG BALAKRISHNAN & BROS,1745.5,1745.5,1719.1,1734.5,1730.0,1730.2,,1734.35,,,14459,25039151.5,2237,F1,1,,,,,
2026-09-23,2026-09-23,CM,NSE,STK,760213,INE324D01010,LGEINDIA,EQ,,,,,LG ELECTRONICS INDIA LTD,1673.9,1715.0,1664.4,1694.2,1688.8,1663.7,,1694.1,,,786043,1332843588.1,56590,F1,1,,,,,
2026-09-23,2026-09-23,CM,NSE,STK,11082,INE908V01012,LIBAS,EQ,,,,,LIBAS CONSU PRODUCTS LTD,12.85,12.85,12.01,12.09,12.35,12.58,,12.09,,,222387,2714432.68,291,F1,1,,,,,
2026-09-23,2026-09-23,CM,NSE,STK,1994,INE557B01019,LIBERTSHOE,EQ,,,,,LIBERTY SHOES LTD,221.54,239.4,218.7,235.48,238.0,218.54,,235.49,,,132090,30772413.56,4314,F1,1,,,,,
2026-09-23,2026-09-23,CM,NSE,STK,1997,INE115A01026,LICHSGFIN,EQ,,,,,LIC HOUSING FINANCE LTD,565.1,576.7,564.05,572.5,572.5,565.0,,572.5,,,3008551,1725543847.6,38561,F1,1,,,,,
2026-09-23,2026-09-23,CM,NSE,STK,25640,INF767K01SM1,LICMFGOLD,EQ,,,,,LIC MF - LIC GOLD ETF,136.55,136.9,135.6,135.9,136.0,135.8,,135.9,,,39754,5418142.55,629,F1,1,,,,,
2026-09-23,2026-09-23,CM,NSE,STK,11319,INF767K01OS7,LICNETFN50,EQ,,,,,LICNAMC - LICNFENGP,263.72,264.37,262.79,263.9,263.9,263.27,,264.45,,,131,34600.95,18,F1,1,,,,,
2026-09-23,2026-09-23,CM,NSE,STK,11441,INF767K01OT5,LICNETFSEN,EQ,,,,,LICNAMC - LICNFESGP,844.27,844.27,844.27,844.27,844.27,843.34,,844.27,,,1,844.27,1,F1,1,,,,,
2026-09-23,2026-09-23,CM,NSE,STK,15229,INF767K01PC8,LICNFNHGP,EQ,,,,,LICNAMC - LICNFNHGP,270.71,275.0,269.66,274.19,274.19,272.55,,274.19,,,276,75012.98,35,F1,1,,,,,
2026-09-23,2026-09-23,CM,NSE,STK,6062,INF767K01MV5,LICNETFGSC,EQ,,,,,LICNAMC - LICNMFET,29.18,29.4,29.18,29.27,29.26,29.21,,29.27,,,3719,109013.03,51,F1,1,,,,,
2026-09-23,2026-09-23,CM,NSE,STK,22722,INF767K01RN1,LICNMID100,EQ,,,,,LICNAMC - LICNMID100,62.49,63.32,62.03,62.75,63.0,61.89,,62.75,,,14881,933748.8,140,F1,1,,,,,
2026-09-23,2026-09-23,CM,NSE,STK,9480,INE0J1Y01017,LICI,EQ,,,,,LIFE INSURA CORP OF INDIA,404.4,407.5,401.65,407.5,407.5,404.55,,407.5,,,3944345,1595724607.85,49033,F1,1,,,,,
2026-09-23,2026-09-23,CM,NSE,STK,578,INE060901027,LIKHITHA,EQ,,,,,LIKHITHA INFRASTRUC LTD,229.9,245.99,226.52,229.21,229.0,227.96,,229.22,,,184606,43498059.16,3065,F1,1,,,,,
2026-09-23,2026-09-23,CM,NSE,STK,6951,INE802B01027,LINC,EQ,,,,,LINC LIMITED,92.37,95.0,90.5,93.85,95.0,92.37,,93.77,,,19605,1807661.2,444,F1,1,,,,,
2026-09-23,2026-09-23,CM,NSE,STK,11596,INE405C01035,LINCOLN,EQ,,,,,LINCOLN PHARMA LTD,595.8,608.25,595.8,603.55,606.5,594.35,,603.53,,,15739,9491310.25,1204,F1,1,,,,,
2026-09-23,2026-09-23,CM,NSE,STK,1627,INE473A01011,LINDEINDIA,EQ,,,,,LINDE INDIA LIMITED,6327.0,6390.0,6250.5,6286.0,6300.0,6320.0,,6286.08,,,13113,82700813.5,3297,F1,1,,,,,
2026-09-23,2026-09-23,CM,NSE,STK,17801,INE093R01011,LLOYDSENGG,EQ,,,,,LLOYDS ENGG WORK LIMITED,86.01,92.75,85.85,91.52,91.63,85.73,,91.52,,,20150065,1820347775.94,80281,F1,1,,,,,
2026-09-23,2026-09-23,CM,NSE,STK,25807,INE080I01025,LLOYDSENT,EQ,,,,,LLOYDS ENTERPRISES LTD,70.7,74.5,70.44,74.15,74.42,70.41,,74.15,,,4441245,325531477.32,23232,F1,1,,,,,
2026-09-23,2026-09-23,CM,NSE,STK,11472,INE0DTQ01028,LLOYDS,SM,,,,,LLOYDS LUXURIES LIMITED,62.0,62.0,62.0,62.0,62.0,60.5,,62.0,,,1000,62000.0,1,F1,1000,,,,,
2026-09-23,2026-09-23,CM,NSE,STK,17313,INE281B01032,LLOYDSME,EQ,,,,,LLOYDS METALS N ENERGY L,1861.1,1911.0,1861.1,1890.9,1895.0,1857.4,,1890.98,,,739451,1400985604.6,43609,F1,1,,,,,
2026-09-23,2026-09-23,CM,NSE,STK,1979,INE269B01029,LMW,EQ,,,,,LMW LIMITED,17077.0,17318.0,17010.0,17126.0,17192.0,17077.0,,17124.49,,,1936,33217348.0,1062,F1,1,,,,,
2026-09-23,2026-09-23,CM,NSE,STK,3220,INE670K01029,LODHA,EQ,,,,,LODHA DEVELOPERS LIMITED,1143.3,1177.5,1143.0,1162.5,1162.5,1144.0,,1162.5,,,1327880,1546283283.7,28472,F1,1,,,,,
2026-09-23,2026-09-23,CM,NSE,STK,764296,INE0QJW01029,LCL,EQ,,,,,LOHIA CORP LIMITED,586.05,598.0,571.3,577.55,575.3,580.3,,577.6,,,359664,209610432.8,23349,F1,1,,,,,
2026-09-23,2026-09-23,CM,NSE,STK,13436,INE397H01017,LOKESHMACH,EQ,,,,,LOKESH MACHINES LTD,335.05,364.0,335.05,359.25,360.0,337.15,,359.25,,,76824,27359585.9,2850,F1,1,,,,,
2026-09-23,2026-09-23,CM,NSE,STK,18232,INE846D01012,LORDSCHLO,EQ,,,,,LORDS CHLORO ALKALI LTD,138.61,142.58,136.0,137.38,138.33,138.3,,137.29,,,11249,1545660.14,344,F1,1,,,,,
2026-09-23,2026-09-23,CM,NSE,STK,14924,INE740X01023,LAL,EQ,,,,,LORENZINI APPARELS LTD,8.74,8.89,8.52,8.57,8.56,8.66,,8.57,,,17230,149015.74,151,F1,1,,,,,
2026-09-23,2026-09-23,CM,NSE,STK,764768,INE026D01011,LOTUSCHO,EQ,,,,,LOTUS CHOCOLATE CO. LTD.,589.95,589.95,533.7,562.4,569.0,586.4,,561.02,,,6277,3519979.6,611,F1,1,,,,,
2026-09-23,2026-09-23,CM,NSE,STK,16807,INE947I01017,LOTUSEYE,EQ,,,,,LOTUS EYE HOSP & INST L,113.11,116.59,113.11,115.24,115.2,114.97,,115.43,,,5314,611674.41,147,F1,1,,,,,
2026-09-23,2026-09-23,CM,NSE,STK,22415,INE597L01014,LOVABLE,EQ,,,,,LOVABLE LINGERIE LTD,72.0,72.4,70.81,71.38,71.48,71.27,,71.38,,,8273,590616.93,260,F1,1,,,,,
2026-09-23,2026-09-23,CM,NSE,STK,10590,INE970D01010,LOYALTEX,EQ,,,,,LOYAL TEXTILE MILLS LTD,222.55,257.94,219.25,231.23,234.85,214.95,,231.07,,,52037,12677097.86,1475,F1,1,,,,,
2026-09-23,2026-09-23,CM,NSE,STK,13816,INE818H01020,LTFOODS,EQ,,,,,LT FOODS LIMITED,421.05,431.75,421.05,430.0,429.9,421.35,,430.0,,,440150,188573047.45,18332,F1,1,,,,,
2026-09-23,2026-09-23,CM,NSE,STK,17818,INE214T01019,LTM,EQ,,,,,LTM LIMITED,4160.0,4190.6,4057.8,4085.0,4085.0,4158.3,,4084.99,,,305311,1253844308.9,26662,F1,1,,,,,
2026-09-23,2026-09-23,CM,NSE,STK,14014,INE872H01027,LUMAXTECH,EQ,,,,,LUMAX AUTO TECH LTD,2135.0,2190.0,2040.0,2044.9,2049.0,2116.4,,2044.92,,,280450,591527589.0,33794,F1,1,,,,,
2026-09-23,2026-09-23,CM,NSE,STK,2018,INE162B01018,LUMAXIND,EQ,,,,,LUMAX INDUSTRIES LTD,5920.0,5964.0,5748.0,5788.0,5765.0,5846.0,,5787.26,,,11965,70132681.5,3462,F1,1,,,,,
2026-09-23,2026-09-23,CM,NSE,STK,765524,INE185Q01025,LUMINO,EQ,,,,,LUMINO INDUSTRIES LIMITED,109.1,111.96,106.6,109.9,109.69,108.27,,109.9,,,13801506,1509710540.53,63166,F1,1,,,,,
2026-09-23,2026-09-23,CM,NSE,STK,10440,INE326A01037,LUPIN,EQ,,,,,LUPIN LIMITED,2125.0,2125.0,2090.1,2102.8,2102.8,2135.0,,2102.8,,,648814,1363111487.8,41407,F1,1,,,,,
2026-09-23,2026-09-23,CM,NSE,STK,11301,INE150G01020,LUXIND,EQ,,,,,LUX INDUSTRIES LIMITED,1167.0,1202.0,1161.2,1186.5,1185.0,1157.5,,1186.5,,,55135,65222332.5,4083,F1,1,,,,,
2026-09-23,2026-09-23,CM,NSE,STK,7248,INE933A01014,LYKALABS,BE,,,,,LYKA LABS LTD.,85.99,87.1,85.99,87.1,87.1,86.7,,86.2,,,13706,1188624.16,58,F1,1,,,,,
2026-09-23,2026-09-23,CM,NSE,STK,758150,INE08N601015,MBEL,EQ,,,,,M AND B ENGINEERING LTD,261.7,266.6,258.1,261.0,260.75,259.25,,260.99,,,118607,31136103.8,4179,F1,1,,,,,
2026-09-23,2026-09-23,CM,NSE,STK,765120,INE227F01010,MKEXIM,EQ,,,,,M K EXIM (INDIA) LTD.,70.0,70.38,66.02,68.13,68.9,68.04,,68.62,,,8695,590792.49,165,F1,1,,,,,
2026-09-23,2026-09-23,CM,NSE,STK,16736,INE964W01021,MKPL,EQ,,,,,M K PROTEINS LIMITED,4.1,4.1,3.98,4.04,4.07,4.03,,4.04,,,45612,183861.63,242,F1,1,,,,,
2026-09-23,2026-09-23,CM,NSE,STK,22360,INE813V01022,MCL,EQ,,,,,M TEK COPPER LIMITED,57.21,63.73,56.51,60.75,60.63,56.35,,60.75,,,247844,15052953.62,3420,F1,1,,,,,
2026-09-23,2026-09-23,CM,NSE,STK,13285,INE774D01024,M&MFIN,EQ,,,,,M&M FIN. SERVICES LTD,351.85,357.0,347.85,348.6,348.2,352.4,,348.6,,,672466,236661484.4,31421,F1,1,,,,,
2026-09-23,2026-09-23,CM,NSE,STK,22976,INE0SGC01015,MVKAGRO,SM,,,,,M.V.K. AGRO FOOD PROD LTD,209.5,209.5,209.5,209.5,209.5,220.5,,209.5,,,16200,3393900.0,28,F1,300,,,,,
2026-09-23,2026-09-23,CM,NSE,STK,15017,INE215I01027,MAANALU,EQ,,,,,MAAN ALUMINIUM LIMITED,105.0,108.45,101.9,103.93,103.9,104.81,,103.93,,,177522,18551068.18,2258,F1,1,,,,,
2026-09-23,2026-09-23,CM,NSE,STK,762782,INE435D01014,MCCHRLS-B,EQ,,,,,MAC CHARLES (INDIA) LTD.,679.65,679.65,610.5,657.1,645.0,654.8,,658.68,,,3649,2360860.0,212,F1,1,,,,,
2026-09-23,2026-09-23,CM,NSE,STK,24545,INE0R0J01010,MACOBSTECH,SM,,,,,MACOBS TECHNOLOGIES LTD,202.0,202.0,202.0,202.0,202.0,193.0,,202.0,,,40000,8080000.0,2,F1,800,,,,,
2026-09-23,2026-09-23,CM,NSE,STK,22347,INE155Z01011,MACPOWER,EQ,,,,,MACPOWER CNC MACHINES LTD,2139.0,2141.9,2030.6,2059.5,2077.0,2096.5,,2059.5,,,43775,90987327.0,5886,F1,1,,,,,
2026-09-23,2026-09-23,CM,NSE,STK,762767,INE631R01026,MADHAVIPL,EQ,,,,,MADHAV INFRA PROJECTS L,7.65,7.78,7.5,7.67,7.74,7.39,,7.7,,,56608,432595.55,248,F1,1,,,,,
2026-09-23,2026-09-23,CM,NSE,STK,15151,INE925C01016,MADHAV,EQ,,,,,MADHAV MARBLE & GRANITE,36.4,36.4,34.17,34.57,34.5,34.46,,34.57,,,2394,82818.4,48,F1,1,,,,,
2026-09-23,2026-09-23,CM,NSE,STK,13671,INE378D01032,MADHUCON,EQ,,,,,MADHUCON PROJECTS LTD.,4.15,4.2,4.05,4.14,4.09,4.07,,4.14,,,13373,55681.6,48,F1,1,,,,,
2026-09-23,2026-09-23,CM,NSE,STK,765476,INE1P5601010,MADHURKNIT,SM,,,,,MADHUR KNIT CRAFTS LTD,44.5,47.9,43.35,45.55,45.0,47.35,,45.55,,,165600,7563120.0,70,F1,1200,,,,,
2026-09-23,2026-09-23,CM,NSE,STK,18738,INE0P6701019,MADHUSUDAN,ST,,,,,MADHUSUDAN MASALA LIMITED,226.15,226.15,225.5,225.55,225.55,229.3,,225.55,,,11000,2483850.0,11,F1,1000,,,,,
2026-09-23,2026-09-23,CM,NSE,STK,12686,INE900L01028,MBAPL,EQ,,,,,MADHYA BHARAT AGRO P. LTD,169.0,170.5,165.09,167.51,167.1,165.68,,167.51,,,806244,135744761.02,8158,F1,1,,,,,
2026-09-23,2026-09-23,CM,NSE,STK,4911,INE414A01015,MADRASFERT,EQ,,,,,MADRAS FERTILISERS LTD,61.35,62.49,60.0,61.47,61.42,61.35,,61.48,,,49965,3078597.24,1062,F1,1,,,,,
2026-09-23,2026-09-23,CM,NSE,STK,762772,INE270B01035,MAFATIND,EQ,,,,,MAFATLAL INDUSTRIES LTD.,120.8,121.85,120.08,121.05,120.8,120.32,,120.96,,,24203,2925039.4,510,F1,1,,,,,
2026-09-23,2026-09-23,CM,NSE,STK,21392,INE347W01011,MAGADSUGAR,EQ,,,,,MAGADH SUGAR & ENERGY LTD,500.0,518.0,500.0,509.2,512.0,500.75,,509.58,,,16374,8378135.1,1555,F1,1,,,,,
2026-09-23,2026-09-23,CM,NSE,STK,29482,INE613C01026,MCLOUD,EQ,,,,,MAGELLANIC CLOUD LIMITED,25.8,25.8,25.0,25.41,25.42,25.18,,25.41,,,930478,23585444.72,2916,F1,1,,,,,
2026-09-23,2026-09-23,CM,NSE,STK,14957,INE387I01016,MAGNUM,EQ,,,,,MAGNUM VENTURES LTD.,19.21,19.29,18.55,19.0,19.03,19.02,,19.0,,,21394,406547.4,153,F1,1,,,,,
2026-09-23,2026-09-23,CM,NSE,STK,17088,INE0O1S01012,MAGSON,SM,,,,,MAGSON RETAIL AND DIST L,180.0,184.0,177.05,180.0,180.0,180.0,,180.0,,,296000,53291050.0,108,F1,1000,,,,,
2026-09-23,2026-09-23,CM,NSE,STK,5239,INE843B01013,MAHAPEXLTD,EQ,,,,,MAHA RASHTRA APEX COPR. L,53.35,54.98,52.67,53.0,53.0,53.79,,53.2,,,9557,510355.85,124,F1,1,,,,,
2026-09-23,2026-09-23,CM,NSE,STK,24937,INE0US801024,MFML,EQ,,,,,MAHALAXMI FABRIC MILLS LT,19.0,19.87,18.0,18.22,18.79,19.26,,18.23,,,22464,413625.08,218,F1,1,,,,,
2026-09-23,2026-09-23,CM,NSE,STK,7889,INE112D01035,MHLXMIRU,BE,,,,,MAHALAXMI RUBTECH LIMITED,164.0,168.0,155.1,156.97,159.9,163.26,,156.98,,,19609,3120456.16,168,F1,1,,,,,
2026-09-23,2026-09-23,CM,NSE,STK,17531,INE451L01014,MAHASTEEL,BE,,,,,MAHAMAYA STEEL INDS LTD,1100.9,1156.8,1065.3,1156.8,1156.8,1101.8,,1156.95,,,4078,4578547.2,361,F1,1,,,,,
2026-09-23,2026-09-23,CM,NSE,STK,17534,INE002S01010,MGL,EQ,,,,,MAHANAGAR GAS LTD.,1068.0,1112.0,1068.0,1092.8,1095.0,1067.3,,1092.76,,,289762,318304410.5,27195,F1,1,,,,,
2026-09-23,2026-09-23,CM,NSE,STK,2294,INE153A01019,MTNL,EQ,,,,,MAHANAGAR TELEPHONE NIGAM,23.89,24.63,23.76,24.36,24.39,23.67,,24.36,,,828289,20092491.12,3569,F1,1,,,,,
2026-09-23,2026-09-23,CM,NSE,STK,2085,INE288A01013,MAHSCOOTER,EQ,,,,,MAHARASHTRA SCOOTERS LTD,13313.0,13485.0,13200.0,13269.0,13200.0,13313.0,,13269.47,,,2712,35996599.0,705,F1,1,,,,,
2026-09-23,2026-09-23,CM,NSE,STK,2088,INE271B01025,MAHSEAMLES,EQ,,,,,MAHARASHTRA SEAMLESS LTD,700.0,729.35,696.65,702.75,703.15,697.35,,702.76,,,439951,311264773.6,19092,F1,1,,,,,
2026-09-23,2026-09-23,CM,NSE,STK,758688,INE632Q01018,MRIL,ST,,,,,MAHENDRA REALTO & INFRA L,76.05,82.0,75.95,80.85,76.05,79.9,,80.85,,,43200,3375040.0,24,F1,1600,,,,,
2026-09-23,2026-09-23,CM,NSE,STK,9576,INE263W01010,MAHESHWARI,EQ,,,,,MAHESHWARI LOGISTICS LTD.,71.7,73.0,71.7,72.83,72.8,71.53,,72.83,,,6431,466867.47,78,F1,1,,,,,
2026-09-23,2026-09-23,CM,NSE,STK,2839,INE961Y01015,MAHICKRA,SM,,,,,MAHICKRA CHEMICAL LIMITED,301.0,301.0,297.0,297.0,297.0,314.5,,297.0,,,2250,671325.0,3,F1,750,,,,,
2026-09-23,2026-09-23,CM,NSE,STK,2031,INE101A01026,M&M,EQ,,,,,MAHINDRA & MAHINDRA LTD,3048.4,3052.0,3022.4,3035.0,3035.0,3044.5,,3035.0,,,2600352,7895250420.5,101519,F1,1,,,,,
2026-09-23,2026-09-23,CM,NSE,STK,17603,INE215D01010,MAHEPC,EQ,,,,,MAHINDRA EPC IRRIG LTD,99.0,101.98,98.0,100.45,100.75,98.75,,100.41,,,18962,1898246.04,648,F1,1,,,,,
2026-09-23,2026-09-23,CM,NSE,STK,17333,INE998I01010,MHRIL,EQ,,,,,MAHINDRA HOLIDAYS LTD,198.9,204.89,198.9,201.39,202.15,199.07,,201.41,,,137743,27835352.53,3314,F1,1,,,,,
2026-09-23,2026-09-23,CM,NSE,STK,8050,INE813A01018,MAHLIFE,EQ,,,,,MAHINDRA LIFESPACE DEVLTD,358.1,361.65,352.15,356.6,356.55,359.05,,356.59,,,86955,30939218.15,8705,F1,1,,,,,
2026-09-23,2026-09-23,CM,NSE,STK,385,INE766P01016,MAHLOG,EQ,,,,,MAHINDRA LOGISTIC LIMITED,401.9,425.0,400.15,416.55,417.75,400.3,,416.65,,,418086,174124687.15,14582,F1,1,,,,,
2026-09-23,2026-09-23,CM,NSE,STK,24538,INE683C01011,MAITHANALL,EQ,,,,,MAITHAN ALLOYS LTD,1000.4,1020.85,995.05,1009.9,1009.0,994.95,,1010.0,,,111790,112687190.35,5450,F1,1,,,,,
2026-09-23,2026-09-23,CM,NSE,STK,19809,INE0PLQ01011,MAITREYA,SM,,,,,MAITREYA MEDICARE LIMITED,113.15,116.6,110.6,116.6,116.6,112.6,,116.6,,,2000,226660.0,3,F1,400,,,,,
2026-09-23,2026-09-23,CM,NSE,STK,762780,INE201B01022,MAJESAUT,BE,,,,,MAJESTIC AUTO LTD.,365.0,373.3,365.0,371.5,372.8,362.25,,371.5,,,1683,621254.5,92,F1,1,,,,,
2026-09-23,2026-09-23,CM,NSE,STK,764773,INE987A01010,MAKERSL,EQ,,,,,MAKERS LABORATORIES LTD.,182.0,187.89,180.1,182.88,182.89,181.26,,183.25,,,1736,316936.65,40,F1,1,,,,,
2026-09-23,2026-09-23,CM,NSE,STK,7965,INE389C01015,MALLCOM,EQ,,,,,MALLCOM (INDIA) LIMITED,951.4,980.0,950.5,975.35,970.1,951.7,,975.28,,,3973,3835230.7,407,F1,1,,,,,
2026-09-23,2026-09-23,CM,NSE,STK,13352,INE383H01017,MALUPAPER,EQ,,,,,MALU PAPER MILLS LIMITED,32.15,32.48,31.9,31.99,31.96,31.98,,31.99,,,9660,309764.2,224,F1,1,,,,,
2026-09-23,2026-09-23,CM,NSE,STK,28687,INE0TO701015,MAMATA,EQ,,,,,MAMATA MACHINERY LIMITED,403.55,427.0,403.55,423.35,422.85,403.55,,423.33,,,178742,75309307.0,6929,F1,1,,,,,
2026-09-23,2026-09-23,CM,NSE,STK,7413,INE830Q01018,MANAKCOAT,EQ,,,,,MAN COAT METAL & IND LTD,132.5,134.99,131.01,131.99,131.1,132.67,,131.96,,,181350,24101455.05,2871,F1,1,,,,,
2026-09-23,2026-09-23,CM,NSE,STK,11884,INE993A01026,MANINDS,EQ,,,,,MAN INDUSTRIES (I) LTD.,875.0,1005.0,866.25,986.7,1000.3,849.9,,986.8,,,10691371,10186758471.7,314119,F1,1,,,,,
2026-09-23,2026-09-23,CM,NSE,STK,18226,INE949H01023,MANINFRA,EQ,,,,,MAN INFRA LTD,123.9,125.47,122.9,124.75,125.0,124.04,,124.76,,,1822660,227041849.03,9400,F1,1,,,,,
2026-09-23,2026-09-23,CM,NSE,STK,7420,INE859Q01017,MANAKALUCO,EQ,,,,,MANAK ALUMINIUM CO. LTD.,35.99,36.39,35.31,35.96,36.0,35.36,,35.96,,,42954,1545735.41,430,F1,1,,,,,
2026-09-23,2026-09-23,CM,NSE,STK,15199,INE015D01022,MANAKSIA,EQ,,,,,MANAKSIA LTD.,65.34,67.9,64.51,66.8,67.4,65.34,,66.8,,,71359,4754339.03,811,F1,1,,,,,
2026-09-23,2026-09-23,CM,NSE,STK,7482,INE824Q01011,MANAKSTEEL,BE,,,,,MANAKSIA STEELS LTD,105.11,108.98,105.1,106.62,106.55,107.25,,106.62,,,17828,1894392.74,148,F1,1,,,,,
2026-09-23,2026-09-23,CM,NSE,STK,13796,INE201A01024,MANALIPETC,EQ,,,,,MANALI PETROCHEMICALS LT,85.69,88.8,84.94,87.69,87.61,84.87,,87.69,,,2077751,181853758.38,14013,F1,1,,,,,
2026-09-23,2026-09-23,CM,NSE,STK,19061,INE522D01027,MANAPPURAM,EQ,,,,,MANAPPURAM FINANCE LTD,320.0,323.0,317.5,320.4,320.4,319.3,,320.4,,,3801599,1217635397.4,48118,F1,1,,,,,
2026-09-23,2026-09-23,CM,NSE,STK,759351,INE0U4H01011,MPEL,SM,,,,,MANAS POLYMER N ENERGIE L,21.5,23.1,20.9,23.1,23.1,22.0,,23.1,,,32000,697840.0,17,F1,1600,,,,,
2026-09-23,2026-09-23,CM,NSE,STK,25597,INE939X01013,MANBA,EQ,,,,,MANBA FINANCE LIMITED,139.48,151.0,137.03,139.19,139.0,136.41,,139.19,,,789795,112634412.41,11060,F1,1,,,,,
2026-09-23,2026-09-23,CM,NSE,STK,23779,INE0R3T01013,MANDEEP,SM,,,,,MANDEEP AUTO INDUSTRIES L,18.4,18.4,18.4,18.4,18.4,18.35,,18.4,,,4000,73600.0,2,F1,2000,,,,,
2026-09-23,2026-09-23,CM,NSE,STK,24823,INE545L01039,MANCREDIT,EQ,,,,,MANGAL CREDIT N FINCORP L,219.3,227.48,219.3,225.17,224.0,222.53,,225.18,,,143066,32326589.21,1594,F1,1,,,,,
2026-09-23,2026-09-23,CM,NSE,STK,758748,INE0PKD01011,MEIL,EQ,,,,,MANGAL ELECTRICAL IND L,274.45,284.0,266.0,274.25,276.0,271.75,,274.31,,,56811,15710471.9,2050,F1,1,,,,,
2026-09-23,2026-09-23,CM,NSE,STK,19137,INE00C401011,MAL,ST,,,,,MANGALAM ALLOYS LIMITED,42.25,43.55,42.25,43.55,43.55,42.55,,43.55,,,9600,410800.0,6,F1,1600,,,,,
2026-09-23,2026-09-23,CM,NSE,STK,2106,INE347A01017,MANGLMCEM,EQ,,,,,MANGALAM CEMENT LTD,1014.6,1052.4,1014.6,1033.3,1039.0,1006.3,,1033.12,,,69168,71799015.2,3263,F1,1,,,,,
2026-09-23,2026-09-23,CM,NSE,STK,11817,INE584F01014,MANGALAM,EQ,,,,,MANGALAM DRUG & CHEM LTD,32.95,34.3,32.06,32.32,32.2,32.24,,32.32,,,39080,1284832.08,405,F1,1,,,,,
2026-09-23,2026-09-23,CM,NSE,STK,1593,INE0APB01032,MGEL,EQ,,,,,MANGALAM GLOBAL ENT LTD,15.41,15.76,15.33,15.49,15.49,15.52,,15.49,,,2068588,32040811.66,635,F1,1,,,,,
2026-09-23,2026-09-23,CM,NSE,STK,6422,INE370D01013,MANORG,EQ,,,,,MANGALAM ORGANICS LIMITED,457.4,460.0,456.0,458.15,460.0,459.5,,458.19,,,1281,586529.05,116,F1,1,,,,,
2026-09-23,2026-09-23,CM,NSE,STK,764783,INE829S01016,MSL,EQ,,,,,MANGALAM SEEDS LTD.,137.0,143.0,131.3,136.0,136.0,138.0,,137.1,,,633,86310.0,30,F1,1,,,,,
2026-09-23,2026-09-23,CM,NSE,STK,759169,INE0JYY01029,MWL,EQ,,,,,MANGALAM WORLDWIDE LTD,42.4,45.0,41.58,44.63,44.31,42.03,,44.66,,,3370765,149326398.26,11859,F1,1,,,,,
2026-09-23,2026-09-23,CM,NSE,STK,24629,INE0R3101011,MIEL,SM,,,,,MANGLAM INFRA & ENG LTD,12.3,12.3,12.3,12.3,12.3,12.3,,12.3,,,2000,24600.0,1,F1,2000,,,,,
2026-09-23,2026-09-23,CM,NSE,STK,766140,INE0KWF01020,MANIKA,BE,,,,,MANIKA PLASTECH LIMITED,40.2,42.97,39.71,42.58,42.7,41.79,,42.58,,,2991728,124405298.69,6716,F1,1,,,,,
2026-09-23,2026-09-23,CM,NSE,STK,760174,INE1ERK01013,MANILAM,SM,,,,,MANILAM INDUSTRIES IND L,40.0,40.0,39.0,39.0,39.0,40.0,,39.0,,,12000,470100.0,5,F1,2000,,,,,
2026-09-23,2026-09-23,CM,NSE,STK,764357,INE459N01021,MANIPALHOS,EQ,,,,,MANIPAL HEALTH ENTERPRI L,751.7,767.0,746.0,760.95,760.6,746.1,,760.96,,,1201772,909685943.0,34868,F1,1,,,,,
2026-09-23,2026-09-23,CM,NSE,STK,766051,INE241U01028,MPIMANIPAL,EQ,,,,,MANIPAL PAYMENT & IDE S L,338.65,406.3,338.05,372.6,371.95,338.6,,372.62,,,8835559,3369123833.35,142988,F1,1,,,,,
2026-09-23,2026-09-23,CM,NSE,STK,15380,INE634S01028,MANKIND,EQ,,,,,MANKIND PHARMA LIMITED,2475.1,2493.0,2458.1,2465.0,2465.0,2480.0,,2465.0,,,352575,871447766.8,25765,F1,1,,,,,
2026-09-23,2026-09-23,CM,NSE,STK,19015,INE0KNT01012,MVGJL,EQ,,,,,MANOJ VAIBHAV GEM N JEW L,213.26,225.0,212.4,221.29,221.5,213.26,,221.28,,,764238,167356800.74,16638,F1,1,,,,,
2026-09-23,2026-09-23,CM,NSE,STK,13753,INE784W01015,MANOMAY,EQ,,,,,MANOMAY TEX INDIA LTD,229.95,229.95,221.43,224.48,223.3,227.35,,224.46,,,146401,33049134.69,5608,F1,1,,,,,
2026-09-23,2026-09-23,CM,NSE,STK,10227,INE00VM01036,MANORAMA,EQ,,,,,MANORAMA INDUSTRIES LTD,1925.3,1955.0,1914.3,1929.4,1920.1,1911.0,,1929.36,,,141711,274159050.5,23747,F1,1,,,,,
2026-09-23,2026-09-23,CM,NSE,STK,13572,INE867A01022,MANUGRAPH,EQ,,,,,MANUGRAPH INDIA LIMITED,20.99,24.26,20.99,23.52,23.2,20.22,,23.52,,,1740711,41339289.58,4082,F1,1,,,,,
2026-09-23,2026-09-23,CM,NSE,STK,2112,INE882A01013,MARALOVER,EQ,,,,,MARAL OVERSEAS LTD,62.5,62.5,60.3,61.11,61.25,61.11,,61.25,,,10749,663673.31,153,F1,1,,,,,
2026-09-23,2026-09-23,CM,NSE,STK,18659,INE182D01020,MARATHON,EQ,,,,,MARATHON NXTGEN REALT LTD,416.0,422.2,416.0,419.4,418.75,417.8,,419.39,,,23856,10013855.05,1471,F1,1,,,,,
2026-09-23,2026-09-23,CM,NSE,STK,760456,INE0TD401015,MARC,ST,,,,,MARC TECHNOCRATS LIMITED,156.95,156.95,148.05,148.05,148.05,150.45,,148.05,,,4800,732000.0,3,F1,1200,,,,,
2026-09-23,2026-09-23,CM,NSE,STK,18773,INE0QP001012,MARCO,SM,,,,,MARCO CABLE & CONDUCTOR L,28.0,29.35,28.0,29.35,29.35,28.5,,29.35,,,9000,261525.0,6,F1,1500,,,,,
2026-09-23,2026-09-23,CM,NSE,STK,4067,INE196A01026,MARICO,EQ,,,,,MARICO LIMITED,830.5,833.2,828.0,832.3,832.3,830.0,,832.3,,,836702,695162409.45,37543,F1,1,,,,,
2026-09-23,2026-09-23,CM,NSE,STK,1328,INE01JE01028,MARINE,EQ,,,,,MARINE ELECTRICAL (I) LTD,404.0,446.9,382.55,425.8,428.5,411.45,,425.8,,,19063839,7788053856.6,186671,F1,1,,,,,
2026-09-23,2026-09-23,CM,NSE,STK,760204,INE0FW001016,MARKOLINES,EQ,,,,,MARKOLINES PAVEMENT TEC L,169.5,171.85,169.27,169.9,169.55,169.24,,169.88,,,92158,15731764.17,715,F1,1,,,,,
2026-09-23,2026-09-23,CM,NSE,STK,10579,INE750C01026,MARKSANS,EQ,,,,,MARKSANS PHARMA LIMITED,332.95,348.95,331.0,347.6,347.15,332.95,,347.6,,,3317178,1134954568.4,58912,F1,1,,,,,
2026-09-23,2026-09-23,CM,NSE,STK,761386,INE415B01044,MARSONS,EQ,,,,,MARSONS LIMITED,128.7,132.1,127.1,128.05,128.52,127.88,,128.04,,,906853,117266334.53,9263,F1,1,,,,,
2026-09-23,2026-09-23,CM,NSE,STK,761042,INE0X7G01013,MARUSHIKA,SM,,,,,MARUSHIKA TECHNOLOGY LTD,116.0,117.0,115.0,116.65,115.0,115.0,,116.65,,,14400,1680000.0,4,F1,1200,,,,,
2026-09-23,2026-09-23,CM,NSE,STK,10999,INE585B01010,MARUTI,EQ,,,,,MARUTI SUZUKI INDIA LTD.,12240.0,12255.0,12106.0,12230.0,12230.0,12190.0,,12229.81,,,220483,2687914221.0,34559,F1,1,,,,,
2026-09-23,2026-09-23,CM,NSE,STK,199,INE348L01012,MASFIN,EQ,,,,,MAS FINANCIAL SERV LTD,289.5,290.05,283.1,284.5,284.9,289.35,,284.51,,,188916,53857527.1,6623,F1,1,,,,,
2026-09-23,2026-09-23,CM,NSE,STK,18727,INE885F01015,MASKINVEST,EQ,,,,,MASK INVESTMENTS LIMITED,148.0,148.0,137.22,146.67,137.22,144.31,,146.67,,,23,3382.74,8,F1,1,,,,,
2026-09-23,2026-09-23,CM,NSE,STK,24278,INE0SH001010,MASON,SM,,,,,MASON INFRATECH LIMITED,111.0,111.15,109.0,111.0,111.0,110.75,,111.0,,,18000,1989850.0,23,F1,500,,,,,
2026-09-23,2026-09-23,CM,NSE,STK,2124,INE759A01021,MASTEK,EQ,,,,,MASTEK LTD,1573.0,1585.0,1557.0,1573.3,1575.1,1567.9,,1573.26,,,54954,86188763.9,6117,F1,1,,,,,
2026-09-23,2026-09-23,CM,NSE,STK,27047,INE677D01037,MASTERTR,EQ,,,,,MASTER TRUST LIMITED,86.46,88.94,86.46,88.14,88.0,86.46,,88.13,,,128635,11312338.04,1346,F1,1,,,,,
2026-09-23,2026-09-23,CM,NSE,STK,21726,INE866R01028,MATRIMONY,EQ,,,,,MATRIMONY.COM LIMITED,555.0,555.0,535.1,544.95,544.0,550.75,,544.95,,,15296,8320949.25,969,F1,1,,,,,
2026-09-23,2026-09-23,CM,NSE,STK,759945,INE132901013,MGSL,SM,,,,,MATRIX GEO SOLUTIONS LTD,70.0,72.0,66.3,69.45,66.3,68.95,,69.45,,,9600,674100.0,7,F1,1200,,,,,
2026-09-23,2026-09-23,CM,NSE,STK,17022,INE636A01039,MAWANASUG,EQ,,,,,MAWANA SUGARS LIMITED,132.53,137.66,131.33,133.07,133.51,131.43,,133.06,,,134159,18031170.32,2832,F1,1,,,,,
2026-09-23,2026-09-23,CM,NSE,STK,19646,INE03EI01018,MAXESTATES,EQ,,,,,MAX ESTATES LIMITED,597.0,605.75,593.0,603.2,602.0,595.05,,603.17,,,56043,33650116.75,3128,F1,1,,,,,
2026-09-23,2026-09-23,CM,NSE,STK,2142,INE180A01020,MFSL,EQ,,,,,MAX FINANCIAL SERV LTD,1562.4,1563.5,1548.1,1562.9,1562.9,1554.2,,1562.9,,,324133,504908081.4,17491,F1,1,,,,,
2026-09-23,2026-09-23,CM,NSE,STK,22377,INE027H01010,MAXHEALTH,EQ,,,,,MAX HEALTHCARE INS LTD,1056.5,1067.3,1053.2,1059.9,1059.9,1056.5,,1059.86,,,1122755,1190505746.4,30582,F1,1,,,,,
2026-09-23,2026-09-23,CM,NSE,STK,22428,INE0CG601016,MAXIND,EQ,,,,,MAX INDIA LIMITED,151.86,152.94,148.53,149.82,149.16,151.86,,149.82,,,28760,4319468.07,652,F1,1,,,,,
2026-09-23,2026-09-23,CM,NSE,STK,21691,INE0ECC01022,MAXPOSURE,SM,,,,,MAXPOSURE LIMITED,39.0,39.0,37.0,37.05,37.05,39.0,,37.05,,,6000,227350.0,6,F1,1000,,,,,
2026-09-23,2026-09-23,CM,NSE,STK,29645,INE10A501018,MAXVOLT,SM,,,,,MAXVOLT ENERGY INDUS L,397.7,411.85,397.7,411.85,411.85,392.25,,411.85,,,67200,27480020.0,141,F1,400,,,,,
2026-09-23,2026-09-23,CM,NSE,STK,757587,INE0ZTO01018,MAYASHEEL,SM,,,,,MAYASHEEL VENTURES LTD,39.8,39.8,33.4,34.5,34.5,35.35,,34.5,,,18000,635100.0,6,F1,3000,,,,,
2026-09-23,2026-09-23,CM,NSE,STK,28906,INE040D01038,MAYURUNIQ,EQ,,,,,MAYUR UNIQUOTERS LTD,730.45,734.1,711.4,722.9,722.0,726.15,,722.91,,,95827,69202809.7,5634,F1,1,,,,,
2026-09-23,2026-09-23,CM,NSE,STK,509,INE249Z01020,MAZDOCK,EQ,,,,,MAZAGON DOCK SHIPBUIL LTD,2210.6,2225.0,2203.5,2211.5,2211.5,2204.0,,2211.57,,,373859,827133402.2,18409,F1,1,,,,,
2026-09-23,2026-09-23,CM,NSE,STK,18870,INE885E01042,MAZDA,BE,,,,,MAZDA LIMITED,243.9,254.85,243.9,254.85,254.85,242.75,,254.85,,,153749,38950685.2,316,F1,1,,,,,
2026-09-23,2026-09-23,CM,NSE,STK,18029,INE912H01013,MBLINFRA,EQ,,,,,MBL INFRASTRUCTURE LTD,22.2,22.49,21.31,21.72,21.78,21.76,,21.72,,,58613,1276784.64,418,F1,1,,,,,
2026-09-23,2026-09-23,CM,NSE,STK,11943,INE942G01012,MCLEODRUSS,EQ,,,,,MCLEOD RUSSEL INDIA LTD.,45.69,47.2,44.96,47.2,47.2,44.96,,47.21,,,128566,5916206.22,735,F1,1,,,,,
2026-09-23,2026-09-23,CM,NSE,STK,13687,INE748A01024,MBECL,BE,,,,,MCNALLY BHARAT ENGIN CO L,438.69,438.69,438.69,438.69,438.69,430.09,,438.69,,,2485,1090144.65,62,F1,1,,,,,
2026-09-23,2026-09-23,CM,NSE,STK,21705,INE456Z01021,MEDIASSIST,EQ,,,,,MEDI ASSIST HEALTH SER L,331.25,337.4,324.5,334.6,334.0,328.6,,334.62,,,516290,169064389.85,9642,F1,1,,,,,
2026-09-23,2026-09-23,CM,NSE,STK,765113,INE442D01010,MEDICAPQ,BE,,,,,MEDI CAPS LTD.,25.34,25.34,24.36,25.09,25.09,25.34,,25.14,,,1800,44825.8,25,F1,1,,,,,
2026-09-23,2026-09-23,CM,NSE,STK,762802,INE200D01020,MMWL,EQ,,,,,MEDIA MATRIX WORLDWIDE L,13.35,13.85,13.28,13.7,13.71,13.29,,13.66,,,35980,486666.68,127,F1,1,,,,,
2026-09-23,2026-09-23,CM,NSE,STK,6281,INE646B01010,MEDICAMEQ,BE,,,,,MEDICAMEN BIOTECH LIMITED,320.95,327.4,315.4,319.95,320.0,319.5,,320.05,,,9512,3067215.3,169,F1,1,,,,,
2026-09-23,2026-09-23,CM,NSE,STK,24239,INE0PE401018,MEDIORG,SM,,,,,MEDICAMEN ORGANICS LTD,23.0,23.0,23.0,23.0,23.0,22.0,,23.0,,,2000,46000.0,1,F1,2000,,,,,
2026-09-23,2026-09-23,CM,NSE,STK,9667,INE630Y01024,MEDICO,EQ,,,,,MEDICO REMEDIES LIMITED,34.15,34.74,31.82,32.65,32.5,33.96,,32.65,,,586464,19272301.19,4274,F1,1,,,,,
2026-09-23,2026-09-23,CM,NSE,STK,758423,INE0UOY01019,MEDISTEP,SM,,,,,MEDISTEP HEALTHCARE LTD,19.0,19.0,18.3,18.3,18.3,19.5,,18.3,,,15000,282900.0,5,F1,3000,,,,,
2026-09-23,2026-09-23,CM,NSE,STK,7254,INE804L01022,MEDPLUS,EQ,,,,,MEDPLUS HEALTH SERV LTD,659.3,677.25,655.2,662.0,662.0,655.55,,661.96,,,113333,75557306.95,9757,F1,1,,,,,
2026-09-23,2026-09-23,CM,NSE,STK,760229,INE0VDM01015,MEESHO,EQ,,,,,MEESHO LIMITED,243.0,244.37,230.94,236.37,237.0,240.19,,236.37,,,29256339,6905214550.36,209262,F1,1,,,,,
2026-09-23,2026-09-23,CM,NSE,STK,8153,INE00EM01016,MEGASTAR,EQ,,,,,MEGASTAR FOODS LIMITED,265.65,281.9,265.65,277.6,278.4,276.1,,278.63,,,1586,441343.9,132,F1,1,,,,,
2026-09-23,2026-09-23,CM,NSE,STK,22560,INE531R01010,MEGATHERM,SM,,,,,MEGATHERM INDUCTION LTD,254.45,266.0,246.0,263.05,262.05,259.9,,263.05,,,26800,6857400.0,58,F1,400,,,,,
2026-09-23,2026-09-23,CM,NSE,STK,5394,INE0CT101020,MOL,EQ,,,,,MEGHMANI ORGANICS LIMITED,61.53,62.45,61.31,61.63,61.61,61.45,,61.63,,,430151,26577135.47,3574,F1,1,,,,,
2026-09-23,2026-09-23,CM,NSE,STK,764778,INE898Q01015,MIIL,EQ,,,,,MEGHNA INFRACON INFRA L,716.75,717.8,686.5,698.1,700.0,710.45,,698.05,,,118649,83283398.25,2580,F1,1,,,,,
2026-09-23,2026-09-23,CM,NSE,STK,6971,INE071D01033,MENONBE,BE,,,,,MENON BEARINGS LIMITED,308.8,310.9,293.7,301.25,300.0,306.7,,301.24,,,43163,13110394.4,592,F1,1,,,,,
2026-09-23,2026-09-23,CM,NSE,STK,762790,INE650G01029,MENNPIS,BE,,,,,MENON PISTONS LTD.,74.18,74.25,72.85,73.99,74.1,73.35,,73.97,,,18142,1335074.72,128,F1,1,,,,,
2026-09-23,2026-09-23,CM,NSE,STK,25882,INE776I01010,MEP,BZ,,,,,MEP INFRA. DEVELOPERS LTD,0.64,0.64,0.64,0.64,0.64,0.63,,0.66,,,19912,12743.68,10,F1,1,,,,,
2026-09-23,2026-09-23,CM,NSE,STK,762792,INE689O01013,MERCANTILE,EQ,,,,,MERCANTILE VENTURES LTD.,21.9,24.5,21.9,22.01,22.0,22.1,,22.01,,,8946,199156.11,81,F1,1,,,,,
2026-09-23,2026-09-23,CM,NSE,STK,763663,INE763M01028,MERCURYEV,EQ,,,,,MERCURY EV-TECH LIMITED,40.22,40.24,38.01,38.72,38.84,39.93,,38.73,,,664358,26215863.43,2864,F1,1,,,,,
2026-09-23,2026-09-23,CM,NSE,STK,764278,INE1II801013,METALIC,ST,,,,,METALIC TECHNOFORGE LTD,163.0,163.55,161.1,163.55,163.55,155.8,,163.55,,,44800,7309760.0,27,F1,1600,,,,,
2026-09-23,2026-09-23,CM,NSE,STK,7242,INE317I01021,METROBRAND,EQ,,,,,METRO BRANDS LIMITED,920.0,920.8,906.0,911.1,907.35,920.3,,911.94,,,27326,24943288.05,5719,F1,1,,,,,
2026-09-23,2026-09-23,CM,NSE,STK,762797,INE085D01033,METROGLOBL,EQ,,,,,METROGLOBAL LTD.,129.07,132.9,129.07,130.38,130.37,132.97,,130.38,,,247,32447.35,16,F1,1,,,,,
2026-09-23,2026-09-23,CM,NSE,STK,9581,INE112L01020,METROPOLIS,EQ,,,,,METROPOLIS HEALTHCARE LTD,591.3,595.45,581.0,585.5,585.0,592.4,,585.5,,,218722,128232061.75,14186,F1,1,,,,,
2026-09-23,2026-09-23,CM,NSE,STK,7165,INE287C01037,MICEL,BE,,,,,MIC ELECTRONICS LTD,34.71,34.71,34.71,34.71,34.71,34.03,,34.85,,,30107,1045013.97,81,F1,1,,,,,
2026-09-23,2026-09-23,CM,NSE,STK,759517,INE0XAD01024,MIDWESTLTD,EQ,,,,,MIDWEST LIMITED,1020.0,1085.0,982.8,993.4,999.0,1018.3,,993.42,,,29595,29716779.1,3035,F1,1,,,,,
2026-09-23,2026-09-23,CM,NSE,STK,765125,INE588G01021,MLKFOOD,EQ,,,,,MILKFOOD LTD.,83.5,87.0,82.0,82.88,82.49,82.45,,82.96,,,2130,177049.64,95,F1,1,,,,,
2026-09-23,2026-09-23,CM,NSE,STK,765272,INE00IT01020,MILKYMIST,EQ,,,,,MILKY MIST DAIRY FOOD L,307.0,317.25,306.15,317.25,317.25,302.15,,317.27,,,4163501,1314268870.61,20627,F1,1,,,,,
2026-09-23,2026-09-23,CM,NSE,STK,765118,INE097E01028,MINALIND,BE,,,,,MINAL INDUSTRIES LTD.,4.86,4.86,4.86,4.86,4.86,4.95,,4.87,,,7003,34034.58,45,F1,1,,,,,
2026-09-23,2026-09-23,CM,NSE,STK,25897,INE842C01021,MINDACORP,EQ,,,,,MINDA CORPORATION LTD,687.05,695.55,682.8,689.05,686.9,685.4,,689.05,,,152854,105474125.8,11419,F1,1,,,,,
2026-09-23,2026-09-23,CM,NSE,STK,22308,INE0CCU25019,MINDSPACE,RR,,,,,MINDSPACE BUSINESS P REIT,506.4,507.0,501.5,502.25,502.41,504.76,,502.26,,,2321405,1172199425.61,10673,F1,1,,,,,
2026-09-23,2026-09-23,CM,NSE,STK,18049,INE110B01017,MINDTECK,EQ,,,,,MINDTECK (INDIA) LIMITED,160.4,161.6,158.11,159.65,159.15,157.94,,159.65,,,14739,2359353.89,795,F1,1,,,,,
2026-09-23,2026-09-23,CM,NSE,STK,19640,INF769K01KU7,ALPHAETF,EQ,,,,,MIRAEAMC - ALPHAETF,26.42,26.52,26.22,26.5,26.52,26.13,,26.5,,,140875,3724783.32,490,F1,1,,,,,
2026-09-23,2026-09-23,CM,NSE,STK,17419,INF769K01KR3,BANKETF,EQ,,,,,MIRAEAMC - BANKETF,574.91,578.08,574.13,576.92,576.11,573.85,,576.72,,,56995,32838745.54,1745,F1,1,,,,,
2026-09-23,2026-09-23,CM,NSE,STK,25725,INF769K01LZ4,BANKPSU,EQ,,,,,MIRAEAMC - BANKPSU,83.59,84.45,83.59,84.16,84.14,83.55,,84.16,,,10850,913929.54,59,F1,1,,,,,
2026-09-23,2026-09-23,CM,NSE,STK,28969,INF769K01NS5,CONSUMER,EQ,,,,,MIRAEAMC - CONSUMER,12.37,12.37,11.83,11.91,11.88,11.84,,11.91,,,116323,1384220.23,244,F1,1,,,,,
2026-09-23,2026-09-23,CM,NSE,STK,761046,INF769K01QC2,DEFENCE,EQ,,,,,MIRAEAMC - DEFENCE,79.51,79.57,78.87,79.1,79.1,79.24,,79.1,,,188347,14897780.73,714,F1,1,,,,,
2026-09-23,2026-09-23,CM,NSE,STK,760412,INF769K01PY8,DIVIDEND,EQ,,,,,MIRAEAMC - DIVIDEND,35.0,35.07,34.92,35.0,35.02,34.86,,35.0,,,1526,53361.16,21,F1,1,,,,,
2026-09-23,2026-09-23,CM,NSE,STK,759780,INF769K01PR2,ENERGY,EQ,,,,,MIRAEAMC - ENERGY,39.16,39.16,37.88,38.13,38.08,38.02,,38.12,,,432395,16465769.28,791,F1,1,,,,,
2026-09-23,2026-09-23,CM,NSE,STK,30121,INF769K01OA1,EQUAL200,EQ,,,,,MIRAEAMC - EQUAL200,13.58,13.65,13.58,13.64,13.65,13.57,,13.64,,,6344,86540.53,28,F1,1,,,,,
2026-09-23,2026-09-23,CM,NSE,STK,757142,INF769K01OO2,EQUAL50,EQ,,,,,MIRAEAMC - EQUAL50,323.66,325.17,323.63,325.16,325.17,323.49,,325.16,,,757,245896.5,21,F1,1,,,,,
2026-09-23,2026-09-23,CM,NSE,STK,24461,INF769K01LQ3,EVINDIA,EQ,,,,,MIRAEAMC - EVINDIA,31.69,31.83,31.65,31.72,31.75,31.64,,31.72,,,68944,2189212.64,1019,F1,1,,,,,
2026-09-23,2026-09-23,CM,NSE,STK,760986,INF769K01QA6,HEALTHCARE,EQ,,,,,MIRAEAMC - HEALTHCARE,21.35,23.8,21.35,22.09,22.09,21.9,,22.1,,,31580,694759.31,170,F1,1,,,,,
2026-09-23,2026-09-23,CM,NSE,STK,764333,INF769K01RJ5,HYBRIDETF,EQ,,,,,MIRAEAMC - HYBRIDETF,9.98,10.08,9.97,10.02,10.02,9.98,,10.02,,,50404,504041.8,35,F1,1,,,,,
2026-09-23,2026-09-23,CM,NSE,STK,761030,INF769K01QB4,INFRA,EQ,,,,,MIRAEAMC - INFRA,11.82,11.89,11.81,11.87,11.88,11.78,,11.87,,,8414,99832.25,102,F1,1,,,,,
2026-09-23,2026-09-23,CM,NSE,STK,758595,INF769K01PB6,INTERNET,EQ,,,,,MIRAEAMC - INTERNET,15.34,15.34,14.94,15.03,15.05,14.97,,15.03,,,155530,2332779.35,209,F1,1,,,,,
2026-09-23,2026-09-23,CM,NSE,STK,19633,INF769K01KV5,ITETF,EQ,,,,,MIRAEAMC - ITETF,30.34,30.34,29.97,30.0,30.04,30.33,,30.0,,,405623,12195711.23,1280,F1,1,,,,,
2026-09-23,2026-09-23,CM,NSE,STK,765313,INF769K01RK3,LARGEMID50,EQ,,,,,MIRAEAMC - LARGEMID50,35.48,35.62,35.48,35.61,35.61,35.46,,35.62,,,584,20752.08,9,F1,1,,,,,
2026-09-23,2026-09-23,CM,NSE,STK,17572,INF769K01KS1,LIQUID,EQ,,,,,MIRAEAMC - LIQUID,1000.0,1000.0,999.99,999.99,1000.0,999.99,,999.99,,,409623,409622273.41,182,F1,1,,,,,
2026-09-23,2026-09-23,CM,NSE,STK,27075,INF769K01MY5,LIQUIDPLUS,EQ,,,,,MIRAEAMC - LIQUIDPLUS,1104.21,1104.37,1104.21,1104.36,1104.37,1104.21,,1104.36,,,136057,150255926.64,305,F1,1,,,,,
2026-09-23,2026-09-23,CM,NSE,STK,1200,INF769K01GS9,ESG,EQ,,,,,MIRAEAMC - MAESGETF,40.22,40.36,40.11,40.29,40.29,40.09,,40.34,,,3312,133364.91,30,F1,1,,,,,
2026-09-23,2026-09-23,CM,NSE,STK,3507,INF769K01HF4,MAFANG,EQ,,,,,MIRAEAMC - MAFANG,242.95,242.95,233.0,234.14,235.9,238.18,,234.15,,,597087,140592810.5,13999,F1,1,,,,,
2026-09-23,2026-09-23,CM,NSE,STK,5220,INF769K01HI8,BFSI,EQ,,,,,MIRAEAMC - MAFSETF,26.99,26.99,26.46,26.58,26.61,26.46,,26.57,,,89631,2383069.69,456,F1,1,,,,,
2026-09-23,2026-09-23,CM,NSE,STK,14286,INF769K01JP9,GOLDETF,EQ,,,,,MIRAEAMC - MAGOLDETF,147.37,147.48,146.59,146.79,146.81,146.96,,146.79,,,1184368,174194299.47,3330,F1,1,,,,,
2026-09-23,2026-09-23,CM,NSE,STK,14938,INF769K01KF8,GSEC10YEAR,EQ,,,,,MIRAEAMC - MAGS813ETF,30.13,30.5,30.13,30.44,30.44,30.12,,30.44,,,727,22061.42,12,F1,1,,,,,
2026-09-23,2026-09-23,CM,NSE,STK,7074,INF769K01HS7,MAHKTECH,EQ,,,,,MIRAEAMC - MAHKTECH,22.35,22.35,21.45,21.86,21.87,22.01,,21.86,,,777289,17014131.17,4674,F1,1,,,,,
2026-09-23,2026-09-23,CM,NSE,STK,8413,INF769K01IC9,MIDCAPETF,EQ,,,,,MIRAEAMC - MAM150ETF,23.43,23.49,23.28,23.43,23.43,23.32,,23.43,,,1114590,26114412.91,3364,F1,1,,,,,
2026-09-23,2026-09-23,CM,NSE,STK,7979,INF769K01IB1,MAKEINDIA,EQ,,,,,MIRAEAMC - MAMFGETF,161.92,163.13,161.75,163.01,163.0,161.65,,163.01,,,19962,3248520.45,264,F1,1,,,,,
2026-09-23,2026-09-23,CM,NSE,STK,6353,INF769K01EG9,NIFTYETF,EQ,,,,,MIRAEAMC - MAN50ETF,254.53,255.8,254.27,255.42,255.14,254.53,,255.42,,,69341,17695349.62,716,F1,1,,,,,
2026-09-23,2026-09-23,CM,NSE,STK,14786,INF769K01JU9,LOWVOL,EQ,,,,,MIRAEAMC - MANV30F,199.91,200.17,199.67,200.09,200.09,199.77,,200.09,,,1760,351889.39,14,F1,1,,,,,
2026-09-23,2026-09-23,CM,NSE,STK,17181,INF769K01FN2,NEXT50,EQ,,,,,MIRAEAMC - MANXT50,745.98,749.15,744.44,748.46,746.99,742.39,,748.47,,,21450,16035892.45,3037,F1,1,,,,,
2026-09-23,2026-09-23,CM,NSE,STK,16777,INF769K01KG6,SILVERAG,EQ,,,,,MIRAEAMC - MASILVER,225.0,227.63,223.87,224.4,224.26,224.07,,224.4,,,165251,37236132.1,1915,F1,1,,,,,
2026-09-23,2026-09-23,CM,NSE,STK,5782,INF769K01HP3,MASPTOP50,EQ,,,,,MIRAEAMC - MASPTOP50,102.0,102.94,93.02,97.56,99.79,98.01,,97.53,,,2051032,201999165.73,22622,F1,1,,,,,
2026-09-23,2026-09-23,CM,NSE,STK,25744,INF769K01LY7,METAL,EQ,,,,,MIRAEAMC - METAL,13.43,13.43,12.78,13.4,13.43,13.11,,13.4,,,2189340,29196622.3,4251,F1,1,,,,,
2026-09-23,2026-09-23,CM,NSE,STK,23855,INF769K01LJ8,MIDSMALL,EQ,,,,,MIRAEAMC - MIDSMALL,51.15,51.6,51.15,51.56,51.6,51.14,,51.55,,,69229,3563086.05,445,F1,1,,,,,
2026-09-23,2026-09-23,CM,NSE,STK,764198,INF769K01RC0,MOMMIDCAP,EQ,,,,,MIRAEAMC - MOMMIDCAP,12.89,13.0,12.85,12.98,13.0,12.82,,12.98,,,747696,9686532.81,522,F1,1,,,,,
2026-09-23,2026-09-23,CM,NSE,STK,25080,INF769K01LX9,MULTICAP,EQ,,,,,MIRAEAMC - MULTICAP,16.52,16.57,16.47,16.53,16.53,16.45,,16.56,,,50466,834320.35,332,F1,1,,,,,
2026-09-23,2026-09-23,CM,NSE,STK,30109,INF769K01ON4,SELECTIPO,EQ,,,,,MIRAEAMC - SELECTIPO,48.85,49.11,48.72,48.93,49.07,48.84,,48.93,,,141493,6922328.25,157,F1,1,,,,,
2026-09-23,2026-09-23,CM,NSE,STK,19224,INF769K01KT9,SENSEXETF,EQ,,,,,MIRAEAMC - SENSEXETF,77.4,77.45,77.04,77.37,77.4,77.12,,77.37,,,9610,742716.33,140,F1,1,,,,,
2026-09-23,2026-09-23,CM,NSE,STK,759814,INF769K01PQ4,SMALL250,EQ,,,,,MIRAEAMC - SMALL250,18.35,18.7,18.34,18.5,18.49,18.35,,18.5,,,145765,2691845.49,502,F1,1,,,,,
2026-09-23,2026-09-23,CM,NSE,STK,22832,INF769K01LC3,SMALLCAP,EQ,,,,,MIRAEAMC - SMALLCAP,48.8,49.27,48.76,49.12,49.16,48.74,,49.12,,,1366686,67145837.33,2530,F1,1,,,,,
2026-09-23,2026-09-23,CM,NSE,STK,760415,INF769K01PZ5,TOP20,EQ,,,,,MIRAEAMC - TOP20,8.64,8.67,8.62,8.65,8.65,8.64,,8.65,,,29905,258560.88,125,F1,1,,,,,
2026-09-23,2026-09-23,CM,NSE,STK,761511,INF769K01QV2,VALUE,EQ,,,,,MIRAEAMC - VALUE,15.83,15.95,15.82,15.94,15.94,15.79,,15.94,,,5761,91504.34,51,F1,1,,,,,
2026-09-23,2026-09-23,CM,NSE,STK,4394,INE771A01026,MIRZAINT,EQ,,,,,MIRZA INTERNATIONAL LIMIT,29.0,29.7,29.0,29.35,29.3,29.12,,29.35,,,148475,4360926.27,1353,F1,1,,,,,
2026-09-23,2026-09-23,CM,NSE,STK,2463,INE099Z01011,MIDHANI,EQ,,,,,MISHRA DHATU NIGAM LTD,415.0,421.9,414.5,416.2,417.0,415.2,,416.2,,,337218,140850068.4,11749,F1,1,,,,,
2026-09-23,2026-09-23,CM,NSE,STK,8469,INE828O01033,MITCON,EQ,,,,,MITCON CON & ENG SER LTD,80.12,92.84,79.1,82.62,90.99,80.12,,82.62,,,102341,8437427.92,181,F1,1,,,,,
2026-09-23,2026-09-23,CM,NSE,STK,18562,INE997Y01027,MITTAL,EQ,,,,,MITTAL LIFE STYLE LIMITED,0.77,0.77,0.74,0.74,0.75,0.76,,0.74,,,2465145,1855951.24,476,F1,1,,,,,
2026-09-23,2026-09-23,CM,NSE,STK,13844,INE227C01017,MMFL,EQ,,,,,MM FORGINGS LTD,599.5,624.5,599.5,614.65,615.0,603.4,,614.66,,,52247,32127786.0,4295,F1,1,,,,,
2026-09-23,2026-09-23,CM,NSE,STK,16395,INE511Y01018,MMP,EQ,,,,,MMP INDUSTRIES LIMITED,463.0,483.95,460.0,464.8,470.0,461.3,,464.8,,,96752,45590876.65,4166,F1,1,,,,,
2026-09-23,2026-09-23,CM,NSE,STK,17957,INE123F01029,MMTC,EQ,,,,,MMTC LIMITED,59.75,60.99,59.75,60.47,60.48,59.67,,60.46,,,861890,52148510.01,6406,F1,1,,,,,
2026-09-23,2026-09-23,CM,NSE,STK,2241,INE794W01014,MODTHREAD,EQ,,,,,MODERN THREADS INDIA LTD,46.1,47.9,45.0,45.92,45.5,46.37,,45.92,,,17661,806450.24,194,F1,1,,,,,
2026-09-23,2026-09-23,CM,NSE,STK,760277,INE537F01012,MODINATUR,EQ,,,,,MODI NATURALS LIMITED,354.25,360.0,351.25,352.65,355.7,355.75,,352.59,,,1006,358432.1,111,F1,1,,,,,
2026-09-23,2026-09-23,CM,NSE,STK,2229,INE832A01018,MODIRUBBER,EQ,,,,,MODI RUBBER LTD,121.81,124.0,118.4,121.51,121.5,122.04,,121.54,,,870,106035.79,62,F1,1,,,,,
2026-09-23,2026-09-23,CM,NSE,STK,759752,INE0L0L01012,MODIS,EQ,,,,,MODIS NAVNIRMAN LTD,347.0,370.0,341.0,356.35,358.35,347.3,,356.38,,,39231,14150619.55,1278,F1,1,,,,,
2026-09-23,2026-09-23,CM,NSE,STK,3325,INE737D01021,MODISONLTD,BE,,,,,MODISON LIMITED,471.6,476.5,465.0,472.8,472.15,468.25,,472.81,,,51232,24172623.35,958,F1,1,,,,,
2026-09-23,2026-09-23,CM,NSE,STK,29423,INE954E01012,MOHITIND,EQ,,,,,MOHIT INDUSTRIES LTD,23.0,23.9,22.9,23.5,23.9,22.87,,23.5,,,18667,438471.53,119,F1,1,,,,,
2026-09-23,2026-09-23,CM,NSE,STK,765130,INE154B01023,MOHITE,EQ,,,,,MOHITE INDUSTRIES LTD.,2.52,2.53,2.42,2.45,2.48,2.47,,2.44,,,31356,76648.37,84,F1,1,,,,,
2026-09-23,2026-09-23,CM,NSE,STK,20830,INE490G01020,MOIL,EQ,,,,,MOIL LIMITED,243.0,251.79,242.55,248.7,249.1,243.2,,248.7,,,633513,157384953.47,9933,F1,1,,,,,
2026-09-23,2026-09-23,CM,NSE,STK,3586,INE514Y01020,MOKSH,EQ,,,,,MOKSH ORNAMENTS LIMITED,10.19,10.25,9.95,10.13,10.13,10.06,,10.13,,,55566,559689.87,188,F1,1,,,,,
2026-09-23,2026-09-23,CM,NSE,STK,764548,INE869T01028,MOLBIO,EQ,,,,,MOLBIO DIAGNOSTICS LTD,1274.7,1338.3,1260.2,1313.2,1309.0,1263.8,,1313.03,,,2192517,2878830943.6,104608,F1,1,,,,,
2026-09-23,2026-09-23,CM,NSE,STK,6713,INE893J01029,MOLDTKPAC,EQ,,,,,MOLD-TEK PACKAGING LTD,641.5,685.8,641.5,679.95,685.8,639.95,,680.02,,,78593,52859436.6,5961,F1,1,,,,,
2026-09-23,2026-09-23,CM,NSE,STK,17629,INE835B01035,MOLDTECH,BE,,,,,MOLD-TEK TECHNOLOGIES LTD,194.44,201.03,191.6,199.88,201.0,194.44,,199.64,,,49478,9733460.02,392,F1,1,,,,,
2026-09-23,2026-09-23,CM,NSE,STK,7679,INE903D01011,MONARCH,EQ,,,,,MONARCH NETWORTH CAP LTD,370.55,370.6,361.0,363.45,367.9,366.9,,363.45,,,42773,15609621.85,1147,F1,1,,,,,
2026-09-23,2026-09-23,CM,NSE,STK,759381,INE296Q01012,MONEYBOXX,EQ,,,,,MONEYBOXX FINANCE LIMITED,57.4,58.4,54.53,54.96,54.53,57.4,,54.95,,,70488,3955341.09,471,F1,1,,,,,
2026-09-23,2026-09-23,CM,NSE,STK,18392,INE0OIP01012,MONOPHARMA,SM,,,,,MONO PHARMACARE LIMITED,8.2,8.2,8.2,8.2,8.2,8.25,,8.2,,,4000,32800.0,2,F1,2000,,,,,
2026-09-23,2026-09-23,CM,NSE,STK,756958,INE1DV401010,MONOLITH,SM,,,,,MONOLITHISCH INDIA LTD,1261.1,1270.0,1196.0,1208.2,1205.0,1282.55,,1208.2,,,44000,54180925.0,172,F1,250,,,,,
2026-09-23,2026-09-23,CM,NSE,STK,5938,INE950M01013,MONTECARLO,EQ,,,,,MONTE CARLO FASHIONS LTD.,528.2,529.9,523.0,527.6,526.85,524.35,,527.62,,,27432,14430552.65,1256,F1,1,,,,,
2026-09-23,2026-09-23,CM,NSE,STK,2259,INE083A01026,MOREPENLAB,EQ,,,,,MOREPEN LAB. LTD,119.48,124.47,118.01,122.35,122.45,119.04,,122.35,,,11266057,1378432759.81,45449,F1,1,,,,,
2026-09-23,2026-09-23,CM,NSE,STK,15051,INE0N7S01028,MOS,SM,,,,,MOS UTILITY LIMITED,7.2,7.3,6.5,7.3,7.3,6.65,,7.3,,,7456000,54246000.0,334,F1,4000,,,,,
2026-09-23,2026-09-23,CM,NSE,STK,29459,INE935B01025,MOSCHIP,EQ,,,,,MOSCHIP TECHNOLOGIES LTD,207.61,210.25,207.0,207.32,207.4,207.37,,207.31,,,808871,168584116.47,11412,F1,1,,,,,
2026-09-23,2026-09-23,CM,NSE,STK,8596,INE0FS801015,MSUMI,EQ,,,,,MOTHERSON SUMI WRNG IND L,35.35,35.51,34.88,34.98,35.01,35.15,,34.98,,,15183566,532595955.7,40826,F1,1,,,,,
2026-09-23,2026-09-23,CM,NSE,STK,21423,INF247L01023,MOM100,EQ,,,,,MOTILAL OS MIDCAP100 ETF,68.54,68.54,65.19,67.29,67.12,66.87,,67.29,,,183430,12328751.86,1758,F1,1,,,,,
2026-09-23,2026-09-23,CM,NSE,STK,22739,INF247L01AP3,MON100,EQ,,,,,MOTILAL OS NASDAQ100 ETF,333.07,333.07,320.55,327.37,328.4,324.95,,327.38,,,780598,254333092.46,15346,F1,1,,,,,
2026-09-23,2026-09-23,CM,NSE,STK,14947,INE338I01027,MOTILALOFS,EQ,,,,,MOTILAL OSWAL FIN LTD,1016.0,1058.0,1009.2,1042.5,1042.5,1007.0,,1042.37,,,2096581,2193339722.9,56550,F1,1,,,,,
2026-09-23,2026-09-23,CM,NSE,STK,19289,INF247L01536,MOM50,EQ,,,,,MOTILAL OSWAL M50 ETF,245.63,246.06,244.5,244.51,244.5,243.74,,244.51,,,8638,2118833.51,114,F1,1,,,,,
2026-09-23,2026-09-23,CM,NSE,STK,1507,INF247L01AK4,MOGSEC,EQ,,,,,MOTILALAMC - G5,65.25,65.49,64.95,65.44,65.44,65.03,,65.46,,,1851,121050.4,41,F1,1,,,,,
2026-09-23,2026-09-23,CM,NSE,STK,757669,INF247L01FR8,MOALPHA50,EQ,,,,,MOTILALAMC - MOALPHA50,56.5,56.83,54.89,55.69,55.42,55.44,,55.69,,,39162,2183157.32,149,F1,1,,,,,
2026-09-23,2026-09-23,CM,NSE,STK,761693,INF247L01GV8,MOBANK10,EQ,,,,,MOTILALAMC - MOBANK10,16.93,16.93,16.59,16.7,16.71,16.77,,16.7,,,2791,46472.43,52,F1,1,,,,,
2026-09-23,2026-09-23,CM,NSE,STK,30065,INF247L01EV3,MOCAPITAL,EQ,,,,,MOTILALAMC - MOCAPITAL,53.18,53.99,52.85,53.88,53.85,52.94,,53.88,,,575974,30875725.64,2127,F1,1,,,,,
2026-09-23,2026-09-23,CM,NSE,STK,24944,INF247L01DJ0,MODEFENCE,EQ,,,,,MOTILALAMC - MODEFENCE,104.4,104.46,103.5,103.76,103.7,103.81,,103.76,,,1076465,112045772.57,5346,F1,1,,,,,
2026-09-23,2026-09-23,CM,NSE,STK,759374,INF247L01GH7,MOENERGY,EQ,,,,,MOTILALAMC - MOENERGY,38.1,38.29,37.86,38.02,38.0,37.91,,38.02,,,136700,5186812.69,424,F1,1,,,,,
2026-09-23,2026-09-23,CM,NSE,STK,757791,INF247L01FY4,MOGOLD,EQ,,,,,MOTILALAMC - MOGOLD,150.7,150.7,148.9,149.1,149.55,149.7,,149.07,,,10597,1585464.45,281,F1,1,,,,,
2026-09-23,2026-09-23,CM,NSE,STK,10508,INF247L01BB1,MOHEALTH,EQ,,,,,MOTILALAMC - MOHEALTH,53.17,53.17,52.6,52.8,52.68,52.65,,52.79,,,54326,2874730.77,413,F1,1,,,,,
2026-09-23,2026-09-23,CM,NSE,STK,757031,INF247L01FL1,MOINFRA,EQ,,,,,MOTILALAMC - MOINFRA,58.14,59.0,58.14,58.32,58.72,57.56,,58.32,,,2057,119990.88,44,F1,1,,,,,
2026-09-23,2026-09-23,CM,NSE,STK,759891,INF247L01GI5,MOIPO,EQ,,,,,MOTILALAMC - MOIPO,49.23,49.84,48.7,48.97,48.97,48.98,,48.97,,,1650,81046.54,45,F1,1,,,,,
2026-09-23,2026-09-23,CM,NSE,STK,8654,INF247L01BL0,MOLOWVOL,EQ,,,,,MOTILALAMC - MOLOWVOL,34.55,37.0,34.55,35.25,35.47,35.25,,35.25,,,736337,25803671.61,84,F1,1,,,,,
2026-09-23,2026-09-23,CM,NSE,STK,25606,INF247L01DK8,MOMENTUM50,EQ,,,,,MOTILALAMC - MOMENTUM50,53.89,54.07,53.65,54.0,54.01,53.53,,54.0,,,290112,15625492.68,8483,F1,1,,,,,
2026-09-23,2026-09-23,CM,NSE,STK,764402,INF247L01HG7,MOMETAL,EQ,,,,,MOTILALAMC - MOMETAL,13.28,13.36,12.82,13.36,13.36,13.02,,13.36,,,15114,198274.0,40,F1,1,,,,,
2026-09-23,2026-09-23,CM,NSE,STK,757099,INF247L01FK3,MOMGF,EQ,,,,,MOTILALAMC - MOMGF,159.4,160.04,158.49,159.93,159.97,159.42,,159.93,,,673,107024.32,22,F1,1,,,,,
2026-09-23,2026-09-23,CM,NSE,STK,757817,INF247L01FQ0,MOMIDMTM,EQ,,,,,MOTILALAMC - MOMIDMTM,63.64,64.4,63.62,64.22,64.04,63.64,,64.22,,,29211,1870449.37,189,F1,1,,,,,
2026-09-23,2026-09-23,CM,NSE,STK,760054,INF247L01GK1,MOMNC,EQ,,,,,MOTILALAMC - MOMNC,31.53,31.63,31.38,31.61,31.61,31.41,,31.61,,,247,7792.42,10,F1,1,,,,,
2026-09-23,2026-09-23,CM,NSE,STK,8182,INF247L01BK2,MOMOMENTUM,EQ,,,,,MOTILALAMC - MOMOMENTUM,60.09,61.97,60.09,61.77,61.69,61.32,,61.77,,,74495,4596665.39,248,F1,1,,,,,
2026-09-23,2026-09-23,CM,NSE,STK,756900,INF247L01FC0,MON50EQUAL,EQ,,,,,MOTILALAMC - MON50EQUAL,32.95,34.0,32.4,33.9,32.73,32.63,,33.9,,,6530,213345.91,61,F1,1,,,,,
2026-09-23,2026-09-23,CM,NSE,STK,757167,INF247L01FD8,MONEXT50,EQ,,,,,MOTILALAMC - MONEXT50,71.0,72.7,70.54,72.69,72.7,71.54,,72.69,,,4257,307543.06,48,F1,1,,,,,
2026-09-23,2026-09-23,CM,NSE,STK,759371,INF247L01GG9,MONIFTY100,EQ,,,,,MOTILALAMC - MONIFTY100,24.74,24.9,24.66,24.67,24.66,24.72,,24.67,,,5815,143774.63,52,F1,1,,,,,
2026-09-23,2026-09-23,CM,NSE,STK,19237,INF247L01BU1,MONIFTY500,EQ,,,,,MOTILALAMC - MONIFTY500,24.02,24.02,23.38,23.52,23.46,23.44,,23.52,,,342348,8048810.24,841,F1,1,,,,,
2026-09-23,2026-09-23,CM,NSE,STK,7422,INF247L01AU3,MONQ50,EQ,,,,,MOTILALAMC - MONQ50,228.28,228.28,202.92,202.92,202.92,253.64,,202.88,,,2862484,602076898.14,27786,F1,1,,,,,
2026-09-23,2026-09-23,CM,NSE,STK,764405,INF247L01HH5,MOOILGAS,EQ,,,,,MOTILALAMC - MOOILGAS,11.37,11.37,10.95,11.06,11.06,11.51,,11.06,,,444509,4921015.58,276,F1,1,,,,,
2026-09-23,2026-09-23,CM,NSE,STK,757431,INF247L01FO5,MOPSE,EQ,,,,,MOTILALAMC - MOPSE,98.42,98.42,98.12,98.42,98.42,98.42,,98.42,,,38,3739.53,11,F1,1,,,,,
2026-09-23,2026-09-23,CM,NSE,STK,10822,INF247L01BH8,MOQUALITY,EQ,,,,,MOTILALAMC - MOQUALITY,193.46,195.28,193.46,195.28,195.28,193.97,,195.28,,,396,77021.48,17,F1,1,,,,,
2026-09-23,2026-09-23,CM,NSE,STK,23184,INF247L01CI4,MOREALTY,EQ,,,,,MOTILALAMC - MOREALTY,86.54,87.85,86.41,87.24,87.69,86.08,,87.24,,,568354,49614239.03,1414,F1,1,,,,,
2026-09-23,2026-09-23,CM,NSE,STK,760001,INF247L01GJ3,MOSERVICE,EQ,,,,,MOTILALAMC - MOSERVICE,30.32,30.38,30.15,30.38,30.38,30.2,,30.38,,,1424,43007.84,26,F1,1,,,,,
2026-09-23,2026-09-23,CM,NSE,STK,758457,INF247L01FZ1,MOSILVER,EQ,,,,,MOTILALAMC - MOSILVER,231.2,231.2,227.32,227.74,227.32,227.71,,227.73,,,21615,4962598.43,516,F1,1,,,,,
2026-09-23,2026-09-23,CM,NSE,STK,23181,INF247L01CH6,MOSMALL250,EQ,,,,,MOTILALAMC - MOSMALL250,18.35,18.53,18.31,18.48,18.48,18.3,,18.48,,,1739141,32103121.33,1720,F1,1,,,,,
2026-09-23,2026-09-23,CM,NSE,STK,757443,INF247L01FP2,MOTOUR,EQ,,,,,MOTILALAMC - MOTOUR,78.45,79.98,78.15,78.33,78.15,78.52,,78.33,,,13409,1051732.86,102,F1,1,,,,,
2026-09-23,2026-09-23,CM,NSE,STK,10825,INF247L01BE5,MOVALUE,EQ,,,,,MOTILALAMC - MOVALUE,110.44,112.23,110.4,111.73,111.9,110.44,,111.74,,,45664,5088816.1,501,F1,1,,,,,
2026-09-23,2026-09-23,CM,NSE,STK,20788,INE0FRK01020,MOTISONS,EQ,,,,,MOTISONS JEWELLERS LTD,18.4,19.15,17.4,18.89,18.9,18.04,,18.89,,,144251390,2668863071.31,158019,F1,1,,,,,
2026-09-23,2026-09-23,CM,NSE,STK,2268,INE861B01023,MOTOGENFIN,EQ,,,,,MOTOR & GENERAL FINANCE L,26.3,26.9,25.72,26.09,26.0,26.28,,26.09,,,16794,439847.31,128,F1,1,,,,,
2026-09-23,2026-09-23,CM,NSE,STK,757810,INE0XM301010,MMEL,SM,,,,,MOVING MEDIA ENTER LTD,28.25,29.35,28.25,29.35,29.35,26.7,,29.35,,,20000,584800.0,9,F1,2000,,,,,
2026-09-23,2026-09-23,CM,NSE,STK,13502,INE0N6D01014,MOXSH,SM,,,,,MOXSH OVERSEAS EDUCON LTD,90.0,94.0,89.1,94.0,94.0,93.5,,94.0,,,4800,436960.0,3,F1,1600,,,,,
2026-09-23,2026-09-23,CM,NSE,STK,765138,INE493H01014,MPDL,BE,,,,,MPDL LTD.,29.24,29.3,28.51,28.51,28.51,30.0,,28.96,,,777,22650.3,10,F1,1,,,,,
2026-09-23,2026-09-23,CM,NSE,STK,4503,INE356A01018,MPHASIS,EQ,,,,,MPHASIS LIMITED,2265.0,2274.3,2229.9,2259.0,2259.0,2265.0,,2258.97,,,219169,492786192.6,16849,F1,1,,,,,
2026-09-23,2026-09-23,CM,NSE,STK,10578,INE943D01017,MPSLTD,EQ,,,,,MPS LIMITED,2619.0,2710.0,2606.0,2691.2,2695.0,2603.2,,2691.12,,,8951,23942494.4,1898,F1,1,,,,,
2026-09-23,2026-09-23,CM,NSE,STK,2277,INE883A01011,MRF,EQ,,,,,MRF LTD,124940.0,125250.0,124415.0,124580.0,124760.0,124770.0,,124579.59,,,2354,293397675.0,1980,F1,1,,,,,
2026-09-23,2026-09-23,CM,NSE,STK,2283,INE103A01014,MRPL,EQ,,,,,MRPL,164.4,169.95,164.3,166.32,166.55,164.44,,166.33,,,5593160,937308619.39,44960,F1,1,,,,,
2026-09-23,2026-09-23,CM,NSE,STK,1628,INE495P01020,BECTORFOOD,EQ,,,,,MRS BECTORS FOOD SPE LTD,218.62,222.5,217.05,219.3,219.5,217.81,,219.29,,,649769,142835029.22,15273,F1,1,,,,,
2026-09-23,2026-09-23,CM,NSE,STK,11919,INE752G01015,MSPL,EQ,,,,,MSP STEEL & POWER LTD.,33.61,36.23,33.61,35.57,35.5,33.39,,35.57,,,1132883,39752043.27,4469,F1,1,,,,,
2026-09-23,2026-09-23,CM,NSE,STK,9356,INE255X01014,MSTCLTD,EQ,,,,,MSTC LIMITED,745.65,760.9,743.55,752.25,753.0,746.95,,752.25,,,143600,108018249.25,5697,F1,1,,,,,
2026-09-23,2026-09-23,CM,NSE,STK,31413,INE472M01018,MTEDUCARE,BE,,,,,MT EDUCARE LTD,1.7,1.73,1.6,1.66,1.68,1.67,,1.66,,,34836,57834.88,40,F1,1,,,,,
2026-09-23,2026-09-23,CM,NSE,STK,2715,INE864I01014,MTARTECH,BE,,,,,MTAR TECHNOLOGIES LIMITED,7173.0,7350.0,7146.0,7286.5,7288.5,7176.0,,7285.09,,,73700,534313005.0,12120,F1,1,,,,,
2026-09-23,2026-09-23,CM,NSE,STK,19783,INE08KJ01020,MUFIN,EQ,,,,,MUFIN GREEN FINANCE LTD,132.6,135.32,132.12,133.11,132.76,132.69,,133.12,,,928541,124290946.57,4883,F1,1,,,,,
2026-09-23,2026-09-23,CM,NSE,STK,11325,INE304A01026,MUKANDLTD,EQ,,,,,MUKAND LTD.,141.41,158.8,141.41,157.11,158.0,141.41,,157.14,,,2525436,387070744.08,17901,F1,1,,,,,
2026-09-23,2026-09-23,CM,NSE,STK,764788,INE596B01017,MUKESHB,EQ,,,,,MUKESH BABU FINANC SER L,130.5,133.0,125.0,132.98,133.0,130.5,,132.98,,,217,27971.1,6,F1,1,,,,,
2026-09-23,2026-09-23,CM,NSE,STK,22981,INE0CG401037,MUKKA,BE,,,,,MUKKA PROTEINS LIMITED,27.41,28.15,26.51,27.1,27.18,27.37,,27.05,,,384790,10497422.26,1238,F1,1,,,,,
2026-09-23,2026-09-23,CM,NSE,STK,8691,INE374B01019,MUKTAARTS,BE,,,,,MUKTA ARTS LIMITED,58.65,58.8,55.0,57.89,57.89,56.0,,57.89,,,27193,1558732.44,104,F1,1,,,,,
2026-09-23,2026-09-23,CM,NSE,STK,31181,INE745G01043,MCX,EQ,,,,,MULTI COMMODITY EXCHANGE,3269.0,3374.0,3237.5,3374.0,3374.0,3262.6,,3373.78,,,2249890,7454687224.8,125537,F1,1,,,,,
2026-09-23,2026-09-23,CM,NSE,STK,759416,INE1K8Y01018,MUNISH,SM,,,,,MUNISH FORGE LIMITED,94.5,94.95,90.0,94.95,94.95,94.5,,94.95,,,19200,1764960.0,16,F1,1200,,,,,
2026-09-23,2026-09-23,CM,NSE,STK,13511,INE672B01032,MUNJALAU,EQ,,,,,MUNJAL AUTO IND. LTD.,104.8,108.97,104.66,107.27,107.4,104.8,,107.26,,,361795,38801319.07,8883,F1,1,,,,,
2026-09-23,2026-09-23,CM,NSE,STK,2307,INE577A01027,MUNJALSHOW,EQ,,,,,MUNJAL SHOWA LTD,133.65,135.87,132.0,133.44,133.7,133.32,,133.42,,,54209,7279545.85,845,F1,1,,,,,
2026-09-23,2026-09-23,CM,NSE,STK,2313,INE692B01014,MURUDCERA,EQ,,,,,MURUDESHWAR CERAMICS LTD,29.0,29.97,28.95,29.06,29.06,29.23,,29.06,,,14709,429250.91,335,F1,1,,,,,
2026-09-23,2026-09-23,CM,NSE,STK,19877,INE919I01024,RADIOCITY,EQ,,,,,MUSIC BROADCAST LIMITED,6.12,6.17,5.9,6.04,6.02,6.09,,6.03,,,138537,833829.04,154,F1,1,,,,,
2026-09-23,2026-09-23,CM,NSE,STK,10415,INE296G01013,MUTHOOTCAP,EQ,,,,,MUTHOOT CAP SERV LTD,225.51,231.12,225.01,227.71,227.25,229.85,,227.89,,,4428,1013063.27,257,F1,1,,,,,
2026-09-23,2026-09-23,CM,NSE,STK,23650,INE414G01012,MUTHOOTFIN,EQ,,,,,MUTHOOT FINANCE LIMITED,2831.0,2856.5,2814.1,2856.5,2856.5,2831.5,,2856.44,,,711064,2019839160.3,91069,F1,1,,,,,
2026-09-23,2026-09-23,CM,NSE,STK,20831,INE046W01019,MUTHOOTMF,EQ,,,,,MUTHOOT MICROFIN LIMITED,188.6,190.87,187.5,189.19,189.99,188.32,,189.17,,,102096,19348373.37,2779,F1,1,,,,,
2026-09-23,2026-09-23,CM,NSE,STK,764397,INE0OWZ01020,MVELECTRO,EQ,,,,,MV ELECTROSYSTEMS LIMITED,875.0,903.75,855.5,871.6,866.05,877.35,,871.64,,,1374608,1202532413.95,37105,F1,1,,,,,
2026-09-23,2026-09-23,CM,NSE,STK,763206,INE0JYY07026,10MWL29,N0,,,,,MWL 10% 2029,100200.0,100200.0,100200.0,100200.0,100200.0,100070.0,,100200.0,,,1,100200.0,1,F1,1,,,,,
2026-09-23,2026-09-23,CM,NSE,STK,25208,INE0RVQ01016,MYMUDRA,SM,,,,,MY MUDRA FINCORP LIMITED,66.95,71.95,66.95,71.3,71.3,64.65,,71.3,,,12000,830280.0,9,F1,1200,,,,,
2026-09-23,2026-09-23,CM,NSE,STK,8220,INE741A01011,MYSORPETRO,BE,,,,,MYSORE PETRO CHEMICALS L,127.76,131.95,126.0,129.89,131.95,127.13,,129.9,,,4335,559681.22,40,F1,1,,,,,
2026-09-23,2026-09-23,CM,NSE,STK,20314,INE740D01017,NRAIL,EQ,,,,,N R AGARWAL INDS LTD,669.85,677.0,650.2,657.9,653.0,652.1,,658.62,,,19435,12933463.1,1778,F1,1,,,,,
2026-09-23,2026-09-23,CM,NSE,STK,764798,INE920C01017,NTCIND,EQ,,,,,N T C INDUSTRIES LTD.,133.81,143.0,131.49,141.63,141.8,133.81,,141.62,,,4487,623367.7,64,F1,1,,,,,
2026-09-23,2026-09-23,CM,NSE,STK,19111,INE365I01020,NBIFIN,EQ,,,,,N.B.I. IND. FIN. CO. LTD,1941.3,1982.3,1937.0,1948.9,1948.5,1948.0,,1948.9,,,5488,10644152.9,81,F1,1,,,,,
2026-09-23,2026-09-23,CM,NSE,STK,20425,INE295D01020,NACLIND,EQ,,,,,NACL INDUSTRIES LIMITED,139.91,145.58,138.13,139.23,139.49,138.62,,139.24,,,1336755,188108163.71,20510,F1,1,,,,,
2026-09-23,2026-09-23,CM,NSE,STK,18371,INE756C01015,NDGL,EQ,,,,,NAGA DHUNSERI GROUP LTD,2590.0,2625.0,2565.0,2579.0,2579.0,2590.0,,2579.0,,,56,145102.2,19,F1,1,,,,,
2026-09-23,2026-09-23,CM,NSE,STK,14942,INE245I01016,NAGREEKCAP,EQ,,,,,NAGREEKA CAP & INFR.LTD,29.04,31.0,28.21,30.2,29.75,28.46,,30.2,,,74186,2202125.59,540,F1,1,,,,,
2026-09-23,2026-09-23,CM,NSE,STK,14702,INE123B01028,NAGREEKEXP,EQ,,,,,NAGREEKA EXPORTS LTD.,22.25,25.4,21.0,24.21,25.0,21.66,,24.22,,,97332,2299903.51,610,F1,1,,,,,
2026-09-23,2026-09-23,CM,NSE,STK,15360,INE049I01012,NAHARCAP,EQ,,,,,NAHAR CAP & FIN.,248.1,256.2,248.1,252.3,253.0,249.95,,252.35,,,2275,571562.55,72,F1,1,,,,,
2026-09-23,2026-09-23,CM,NSE,STK,13106,INE289A01011,NAHARINDUS,EQ,,,,,NAHAR INDS ENT LTD,132.93,133.3,130.55,131.86,131.5,131.71,,131.86,,,8358,1102552.64,396,F1,1,,,,,
2026-09-23,2026-09-23,CM,NSE,STK,14445,INE308A01027,NAHARPOLY,EQ,,,,,NAHAR POLY FILMS LIMITED,235.99,236.0,228.0,228.81,228.05,232.84,,228.73,,,3369,777817.64,156,F1,1,,,,,
2026-09-23,2026-09-23,CM,NSE,STK,14440,INE290A01027,NAHARSPING,EQ,,,,,NAHAR SPINNING MILLS LTD.,278.95,283.0,271.7,277.45,283.0,277.85,,277.41,,,15456,4289227.55,271,F1,1,,,,,
2026-09-23,2026-09-23,CM,NSE,STK,5401,INE236Y01012,NGIL,EQ,,,,,NAKODA GROUP OF IND. LTD,40.9,40.9,38.65,39.78,39.79,39.04,,39.93,,,1886,74438.72,50,F1,1,,,,,
2026-09-23,2026-09-23,CM,NSE,STK,11239,INE023A01030,NSIL,EQ,,,,,NALWA SONS INVESTMENT LTD,5515.0,5648.0,5476.0,5624.0,5638.0,5524.0,,5624.34,,,3677,20530419.0,549,F1,1,,,,,
2026-09-23,2026-09-23,CM,NSE,STK,23379,INE0RJM01010,NAMAN,SM,,,,,NAMAN INDUSTRE PRXIMA LTD,44.1,44.1,44.05,44.1,44.1,42.0,,44.1,,,8000,352760.0,8,F1,800,,,,,
2026-09-23,2026-09-23,CM,NSE,STK,25167,INE08NZ01012,NAMOEWASTE,SM,,,,,NAMO EWASTE MANAGEMENT L,320.1,330.4,307.25,311.75,310.0,316.55,,311.75,,,124800,39564400.0,140,F1,800,,,,,
2026-09-23,2026-09-23,CM,NSE,STK,31258,INE875G01048,NDL,EQ,,,,,NANDAN DENIM LIMITED,2.79,2.82,2.75,2.76,2.77,2.76,,2.76,,,666203,1852186.66,820,F1,1,,,,,
2026-09-23,2026-09-23,CM,NSE,STK,5516,INE696V01013,JAIPURKURT,EQ,,,,,NANDANI CREATION LIMITED,24.79,25.01,24.23,24.95,24.96,24.79,,24.95,,,2305,57026.35,82,F1,1,,,,,
2026-09-23,2026-09-23,CM,NSE,STK,11840,INE410P01011,NH,EQ,,,,,NARAYANA HRUDAYALAYA LTD.,1892.8,1927.2,1872.0,1919.3,1907.0,1883.3,,1919.58,,,104223,198522330.6,14840,F1,1,,,,,
2026-09-23,2026-09-23,CM,NSE,STK,11627,INE117Z01029,NARMADA,EQ,,,,,NARMADA AGROBASE LIMITED,13.46,13.52,13.27,13.34,13.42,13.42,,13.34,,,505348,6766877.57,658,F1,1,,,,,
2026-09-23,2026-09-23,CM,NSE,STK,3918,INE987B01026,NATCOPHARM,EQ,,,,,NATCO PHARMA LTD.,815.15,840.0,811.0,837.6,840.0,815.05,,837.61,,,650820,541716017.3,40793,F1,1,,,,,
2026-09-23,2026-09-23,CM,NSE,STK,11065,INE448G01010,NATHBIOGEN,EQ,,,,,NATH BIO-GENES (I) LTD,148.38,151.9,147.13,148.02,150.0,148.38,,148.01,,,97539,14451032.7,156,F1,1,,,,,
2026-09-23,2026-09-23,CM,NSE,STK,6364,INE139A01034,NATIONALUM,EQ,,,,,NATIONAL ALUMINIUM CO LTD,352.5,363.95,352.5,363.45,363.45,352.2,,363.45,,,6249209,2248029572.8,82761,F1,1,,,,,
2026-09-23,2026-09-23,CM,NSE,STK,13925,INE870D01012,NFL,EQ,,,,,NATIONAL FERT. LTD,66.51,68.0,66.5,67.84,67.6,66.71,,67.84,,,671132,45288550.69,4449,F1,1,,,,,
2026-09-23,2026-09-23,CM,NSE,STK,6531,INE0H7R23014,NHIT,IV,,,,,NATIONAL HIGHW INFRA TRUS,170.0,170.0,170.0,170.0,170.0,170.0,,170.0,,,25000,4250000.0,1,F1,25000,,,,,
2026-09-23,2026-09-23,CM,NSE,STK,762807,INE166R01015,NATIONSTD,EQ,,,,,NATIONAL STAND (INDIA) L,114.0,115.49,112.0,113.38,112.0,114.98,,113.46,,,6340,720928.31,299,F1,1,,,,,
2026-09-23,2026-09-23,CM,NSE,STK,29588,INE936B01015,NATCAPSUQ,BE,,,,,NATURAL CAPSULES LIMITED,173.2,173.86,170.31,172.67,173.0,169.0,,172.67,,,3392,583861.26,55,F1,1,,,,,
2026-09-23,2026-09-23,CM,NSE,STK,4014,INE725A01030,NAVA,EQ,,,,,NAVA LIMITED,551.1,555.25,548.7,553.65,552.1,550.9,,553.65,,,210862,116463323.6,20318,F1,1,,,,,
2026-09-23,2026-09-23,CM,NSE,STK,14672,INE048G01026,NAVINFLUOR,EQ,,,,,NAVIN FLUORINE INT. LTD,8490.0,8495.0,8360.0,8457.5,8463.0,8438.0,,8457.31,,,173778,1461410339.0,22657,F1,1,,,,,
2026-09-23,2026-09-23,CM,NSE,STK,10557,INE278M01019,NAVKARCORP,EQ,,,,,NAVKAR CORPORATION LTD.,89.38,96.06,87.3,87.94,87.91,89.38,,87.94,,,2483269,223595847.97,15071,F1,1,,,,,
2026-09-23,2026-09-23,CM,NSE,STK,29146,INE268H01044,NAVKARURB,EQ,,,,,NAVKAR URBANSTRUCTURE LTD,0.94,0.95,0.92,0.93,0.92,0.91,,0.93,,,1070470,1009990.77,409,F1,1,,,,,
2026-09-23,2026-09-23,CM,NSE,STK,2385,INE060A01024,NAVNETEDUL,EQ,,,,,NAVNEET EDUCATION LTD,123.0,125.9,123.0,123.75,123.5,123.12,,123.75,,,78660,9776486.98,2415,F1,1,,,,,
2026-09-23,2026-09-23,CM,NSE,STK,2987,INE418L01047,NAZARA,EQ,,,,,NAZARA TECHNOLOGIES LTD,370.45,376.15,368.9,372.7,369.0,370.45,,372.7,,,1327663,495907602.55,12973,F1,1,,,,,
2026-09-23,2026-09-23,CM,NSE,STK,31415,INE095N01031,NBCC,EQ,,,,,NBCC (INDIA) LIMITED,81.75,84.28,81.65,83.99,83.99,81.9,,83.99,,,5625306,468431304.23,31851,F1,1,,,,,
2026-09-23,2026-09-23,CM,NSE,STK,2319,INE868B01028,NCC,EQ,,,,,NCC LIMITED,134.55,136.5,134.0,136.05,136.5,134.41,,136.05,,,2256139,305308366.55,24316,F1,1,,,,,
2026-09-23,2026-09-23,CM,NSE,STK,14490,INE732C01016,NCLIND,EQ,,,,,NCL INDUSTRIES LIMITED,175.2,178.0,175.2,176.22,176.0,175.51,,176.22,,,24946,4408257.69,562,F1,1,,,,,
2026-09-23,2026-09-23,CM,NSE,STK,14547,INE353A01023,NDLVENTURE,EQ,,,,,NDL VENTURES LIMITED,125.25,125.25,121.17,124.06,124.88,124.01,,124.06,,,7042,867042.05,217,F1,1,,,,,
2026-09-23,2026-09-23,CM,NSE,STK,22255,INE07OG01012,NDRAUTO,EQ,,,,,NDR AUTO COMPONENTS LTD,769.4,769.4,746.1,763.15,760.0,753.2,,763.25,,,17294,13097115.05,1310,F1,1,,,,,
2026-09-23,2026-09-23,CM,NSE,STK,11427,INE155G01029,NDTV,EQ,,,,,NDTV LTD,72.3,72.31,70.1,71.11,71.05,72.31,,71.11,,,142777,10169568.48,1308,F1,1,,,,,
2026-09-23,2026-09-23,CM,NSE,STK,11927,INE023H01027,NECLIFE,EQ,,,,,NECTAR LIFESCIENCES LTD.,10.98,11.2,10.83,11.06,11.07,10.83,,11.05,,,92820,1023488.11,319,F1,1,,,,,
2026-09-23,2026-09-23,CM,NSE,STK,762812,INE605D01012,NEAGI,EQ,,,,,NEELAMALAI AGRO INDS. L,3468.8,3468.8,3468.8,3468.8,3468.8,3468.8,,3424.43,,,1,3468.8,1,F1,1,,,,,
2026-09-23,2026-09-23,CM,NSE,STK,14761,INE189I01024,NELCAST,EQ,,,,,NELCAST LIMITED,108.81,110.66,106.8,106.98,107.6,108.9,,106.98,,,85930,9286964.56,1754,F1,1,,,,,
2026-09-23,2026-09-23,CM,NSE,STK,2388,INE045B01015,NELCO,EQ,,,,,NELCO LTD,1012.1,1058.8,1012.1,1020.75,1022.0,1011.75,,1020.73,,,511625,530183401.1,20300,F1,1,,,,,
2026-09-23,2026-09-23,CM,NSE,STK,760928,INE21UM01018,NEOCHEM,SM,,,,,NEOCHEM BIO SOLUTIONS LTD,107.7,107.7,102.95,105.85,105.85,105.0,,105.85,,,10800,1137600.0,9,F1,1200,,,,,
2026-09-23,2026-09-23,CM,NSE,STK,9917,INE136S01016,NEOGEN,EQ,,,,,NEOGEN CHEMICALS LIMITED,2405.0,2423.9,2356.0,2392.1,2396.0,2379.2,,2391.61,,,171733,411343482.5,27292,F1,1,,,,,
2026-09-23,2026-09-23,CM,NSE,STK,24350,INE0SUN01013,NEPHROCARE,SM,,,,,NEPHRO CARE INDIA LIMITED,97.6,99.6,96.35,98.45,99.0,96.15,,98.45,,,18400,1811920.0,43,F1,400,,,,,
2026-09-23,2026-09-23,CM,NSE,STK,760346,INE428V01029,NEPHROPLUS,EQ,,,,,NEPHROCARE HEALTH SERV L,755.1,758.4,740.0,741.9,740.1,749.45,,741.96,,,122493,91396228.95,16721,F1,1,,,,,
2026-09-23,2026-09-23,CM,NSE,STK,757493,INE156901014,NEPTUNE,SM,,,,,NEPTUNE PETROCHEMICALS L,181.0,184.9,180.0,184.9,184.9,179.0,,184.9,,,7000,1281425.0,14,F1,500,,,,,
2026-09-23,2026-09-23,CM,NSE,STK,15409,INE317F01035,NESCO,EQ,,,,,NESCO LTD.,1069.0,1094.0,1069.0,1078.5,1074.1,1069.0,,1078.5,,,47959,51768295.6,6316,F1,1,,,,,
2026-09-23,2026-09-23,CM,NSE,STK,17963,INE239A01024,NESTLEIND,EQ,,,,,NESTLE INDIA LIMITED,1370.0,1387.2,1361.6,1387.2,1387.2,1363.9,,1387.17,,,685984,946745679.8,47104,F1,1,,,,,
2026-09-23,2026-09-23,CM,NSE,STK,20406,INE518X01015,CBAZAAR,SM,,,,,NET AVENUE TECHNOLOGIES L,5.0,5.0,5.0,5.0,5.0,4.8,,5.0,,,16000,80000.0,2,F1,8000,,,,,
2026-09-23,2026-09-23,CM,NSE,STK,17433,INE0NT901020,NETWEB,EQ,,,,,NETWEB TECH INDIA LTD,4839.5,4845.0,4700.0,4736.0,4726.5,4817.0,,4735.99,,,549732,2621897763.5,43870,F1,1,,,,,
2026-09-23,2026-09-23,CM,NSE,STK,756324,INE0FFK01017,NPST,EQ,,,,,NETWORK PEOPLE SRV TECH L,1905.3,1905.3,1837.6,1844.7,1846.0,1888.8,,1844.64,,,46146,85879034.7,5937,F1,1,,,,,
2026-09-23,2026-09-23,CM,NSE,STK,14111,INE870H01013,NETWORK18,EQ,,,,,NETWORK18 MEDIA & INV LTD,26.91,27.28,26.82,27.14,27.11,26.91,,27.14,,,2785721,75442956.97,6226,F1,1,,,,,
2026-09-23,2026-09-23,CM,NSE,STK,30554,INE333I01044,NEUEON,BE,,,,,NEUEON CORPORATION LTD,13.06,13.06,13.06,13.06,13.06,12.44,,13.29,,,15468,202012.08,19,F1,1,,,,,
2026-09-23,2026-09-23,CM,NSE,STK,2406,INE794A01010,NEULANDLAB,EQ,,,,,NEULAND LAB LTD.,22605.0,22945.0,22285.0,22490.0,22490.0,22550.0,,22490.05,,,27009,607772035.0,11958,F1,1,,,,,
2026-09-23,2026-09-23,CM,NSE,STK,1164,INE619B01017,NEWGEN,EQ,,,,,NEWGEN SOFTWARE TECH LTD,496.0,514.05,494.45,504.15,506.0,495.7,,504.15,,,688103,347791235.6,21896,F1,1,,,,,
2026-09-23,2026-09-23,CM,NSE,STK,19161,INE0PW501021,NEWJAISA,ST,,,,,NEWJAISA TECHNOLOGIES LTD,18.1,18.1,17.1,17.15,17.15,18.0,,17.15,,,42000,724050.0,23,F1,1500,,,,,
2026-09-23,2026-09-23,CM,NSE,STK,9867,INE747B01016,NEXTMEDIA,EQ,,,,,NEXT MEDIAWORKS LIMITED,3.72,3.84,3.65,3.79,3.82,3.74,,3.79,,,22067,83179.55,106,F1,1,,,,,
2026-09-23,2026-09-23,CM,NSE,STK,15815,INE0NDH25011,NXST,RR,,,,,NEXUS SELECT TRUST,166.78,167.2,165.6,166.21,166.36,166.38,,166.21,,,193889,32261670.62,4327,F1,1,,,,,
2026-09-23,2026-09-23,CM,NSE,STK,763536,INE0T1501010,NFPSAMPOOR,SM,,,,,NFP SAMPOORNA FOODS LTD,21.05,22.95,21.05,22.75,22.95,22.55,,22.75,,,12000,268700.0,6,F1,2000,,,,,
2026-09-23,2026-09-23,CM,NSE,STK,10277,INE887E01022,NGLFINE,EQ,,,,,NGL FINE CHEM LIMITED,2838.1,2858.5,2788.1,2830.4,2839.7,2859.4,,2832.57,,,3251,9214117.1,879,F1,1,,,,,
2026-09-23,2026-09-23,CM,NSE,STK,1765,INE557F07181,893NHB29,N6,,,,,NHB 8.93 NCD TR II SR 2 B,5567.05,5605.0,5565.46,5571.0,5571.0,5580.0,,5571.0,,,207,1152278.91,6,F1,1,,,,,
2026-09-23,2026-09-23,CM,NSE,STK,17400,INE848E01016,NHPC,EQ,,,,,NHPC LTD,76.02,76.85,76.02,76.74,76.74,76.01,,76.74,,,6985170,534911798.17,28664,F1,1,,,,,
2026-09-23,2026-09-23,CM,NSE,STK,29487,INE149O01018,NIBE,EQ,,,,,NIBE LIMITED,1360.0,1383.3,1333.1,1346.9,1345.0,1369.9,,1347.02,,,70122,95280098.0,4823,F1,1,,,,,
2026-09-23,2026-09-23,CM,NSE,STK,764793,INE653C01022,NICCOPAR,EQ,,,,,NICCO PARKS & RESORTS LTD,80.0,83.99,80.0,80.0,80.0,81.5,,80.02,,,485,39558.43,42,F1,1,,,,,
2026-09-23,2026-09-23,CM,NSE,STK,17747,INE342G01023,NIITMTS,EQ,,,,,NIIT LEARNING SYSTEMS LTD,219.45,221.5,216.81,220.27,219.3,217.81,,220.27,,,81817,17945389.17,4535,F1,1,,,,,
2026-09-23,2026-09-23,CM,NSE,STK,11522,INE161A01038,NIITLTD,EQ,,,,,NIIT LIMITED,89.99,92.8,89.75,91.67,92.0,89.52,,91.66,,,166415,15237346.53,2329,F1,1,,,,,
2026-09-23,2026-09-23,CM,NSE,STK,9253,INE937C01029,NILAINFRA,EQ,,,,,NILA INFRASTRUCTURES LTD,6.66,6.88,6.66,6.82,6.83,6.66,,6.83,,,173728,1183182.86,509,F1,1,,,,,
2026-09-23,2026-09-23,CM,NSE,STK,7411,INE00S901012,NILASPACES,EQ,,,,,NILA SPACES LIMITED,12.27,12.27,11.67,11.81,11.86,12.02,,11.81,,,1683147,19940426.78,3221,F1,1,,,,,
2026-09-23,2026-09-23,CM,NSE,STK,762817,INE445D01013,NILE,EQ,,,,,NILE LTD.,1444.0,1464.6,1424.2,1436.6,1432.1,1444.9,,1435.17,,,1589,2289055.9,291,F1,1,,,,,
2026-09-23,2026-09-23,CM,NSE,STK,2421,INE310A01015,NILKAMAL,EQ,,,,,NILKAMAL LIMITED,1859.6,1915.0,1859.6,1880.2,1873.0,1864.8,,1880.16,,,11814,22362870.8,2586,F1,1,,,,,
2026-09-23,2026-09-23,CM,NSE,STK,761720,INE875B01015,NIMBSPROJ,EQ,,,,,NIMBUS PROJECTS LIMITED,188.01,197.0,186.0,194.79,196.8,188.54,,194.79,,,30579,5870934.64,480,F1,1,,,,,
2026-09-23,2026-09-23,CM,NSE,STK,14194,INE395U01014,NINSYS,EQ,,,,,NINTEC SYSTEMS LIMITED,711.05,714.55,705.25,710.3,711.9,711.05,,710.65,,,1759,1251888.25,248,F1,1,,,,,
2026-09-23,2026-09-23,CM,NSE,STK,11439,INF204KB15I9,BANKBEES,EQ,,,,,NIP IND ETF BANK BEES,583.52,586.7,581.01,585.57,586.0,583.52,,585.61,,,251472,147309007.54,4262,F1,1,,,,,
2026-09-23,2026-09-23,CM,NSE,STK,2435,INF204KA1LD7,CONSUMBEES,EQ,,,,,NIP IND ETF CONSUMPTION,128.92,128.96,128.18,128.81,128.9,128.23,,128.81,,,44163,5682372.29,665,F1,1,,,,,
2026-09-23,2026-09-23,CM,NSE,STK,2636,INF204KA1MS3,DIVOPPBEES,EQ,,,,,NIP IND ETF DIV OPP,74.83,74.98,74.48,74.86,74.9,74.58,,74.86,,,16726,1251239.83,438,F1,1,,,,,
2026-09-23,2026-09-23,CM,NSE,STK,9847,INF204KB18I3,NV20BEES,EQ,,,,,NIP IND ETF ETF NV20,135.99,136.04,135.08,135.55,135.37,135.7,,135.55,,,7939,1075406.51,189,F1,1,,,,,
2026-09-23,2026-09-23,CM,NSE,STK,14428,INF204KB17I5,GOLDBEES,EQ,,,,,NIP IND ETF GOLD BEES,125.29,125.51,124.59,124.73,124.75,125.0,,124.74,,,14210476,1776871178.4,68827,F1,1,,,,,
2026-09-23,2026-09-23,CM,NSE,STK,18284,INF204KB19I1,HNGSNGBEES,EQ,,,,,NIP IND ETF HANGSENG BEES,462.58,464.2,460.33,461.52,461.39,462.58,,461.52,,,51605,23841841.07,3150,F1,1,,,,,
2026-09-23,2026-09-23,CM,NSE,STK,20072,INF732E01268,INFRABEES,EQ,,,,,NIP IND ETF INFRA BEES,933.17,940.0,933.15,937.79,935.4,931.64,,937.79,,,10040,9426796.44,345,F1,1,,,,,
2026-09-23,2026-09-23,CM,NSE,STK,19084,INF204KB15V2,ITBEES,EQ,,,,,NIP IND ETF IT,31.86,31.9,31.43,31.47,31.59,31.77,,31.47,,,13779436,435393643.38,25098,F1,1,,,,,
2026-09-23,2026-09-23,CM,NSE,STK,10939,INF732E01045,JUNIORBEES,EQ,,,,,NIP IND ETF JUNIOR BEES,782.44,785.0,778.21,784.54,784.99,778.55,,784.57,,,258317,202527621.33,5289,F1,1,,,,,
2026-09-23,2026-09-23,CM,NSE,STK,11006,INF732E01037,LIQUIDBEES,EQ,,,,,NIP IND ETF LIQUID BEES,1000.0,1000.01,999.99,1000.0,1000.0,1000.0,,1000.0,,,3252975,3252973944.41,3709,F1,1,,,,,
2026-09-23,2026-09-23,CM,NSE,STK,17700,INF204KB1882,LTGILTBEES,EQ,,,,,NIP IND ETF LONGTERM GILT,29.78,29.82,29.77,29.79,29.79,29.74,,29.79,,,969453,28890613.63,483,F1,1,,,,,
2026-09-23,2026-09-23,CM,NSE,STK,8506,INF204KB1V68,MID150BEES,EQ,,,,,NIP IND ETF MIDCAP 150,237.19,237.68,236.25,237.36,237.68,236.21,,237.36,,,309171,73284998.73,4223,F1,1,,,,,
2026-09-23,2026-09-23,CM,NSE,STK,29577,INF204K014N5,NIF100BEES,EQ,,,,,NIP IND ETF NIFTY 100,261.31,261.34,260.03,261.0,261.0,259.98,,260.92,,,5826,1519370.51,413,F1,1,,,,,
2026-09-23,2026-09-23,CM,NSE,STK,10576,INF204KB14I2,NIFTYBEES,EQ,,,,,NIP IND ETF NIFTY BEES,266.64,267.9,265.88,267.59,267.68,266.64,,267.59,,,3169237,847713199.83,25197,F1,1,,,,,
2026-09-23,2026-09-23,CM,NSE,STK,15032,INF204KB16I7,PSUBNKBEES,EQ,,,,,NIP IND ETF PSU BANK BEES,92.15,93.4,92.01,93.19,93.39,92.15,,93.19,,,1081518,100637619.48,3186,F1,1,,,,,
2026-09-23,2026-09-23,CM,NSE,STK,17044,INF732E01128,SHARIABEES,EQ,,,,,NIP IND ETF SHARIAH BEES,435.94,438.46,435.94,437.41,438.46,435.76,,437.42,,,4657,2036317.88,290,F1,1,,,,,
2026-09-23,2026-09-23,CM,NSE,STK,357,INE298J01013,NAM-INDIA,EQ,,,,,NIPPON L I A M LTD,1153.3,1175.8,1153.3,1165.0,1165.0,1159.0,,1165.02,,,494842,578064265.5,17539,F1,1,,,,,
2026-09-23,2026-09-23,CM,NSE,STK,757725,INF204KC1FU1,LIQGRWBEES,EQ,,,,,NIPPONAMC - LIQGRWBEES,1056.45,1056.59,1056.45,1056.58,1056.59,1056.45,,1056.58,,,181780,192066413.61,274,F1,1,,,,,
2026-09-23,2026-09-23,CM,NSE,STK,758667,INF204KC1GH6,MANUFGBEES,EQ,,,,,NIPPONAMC - MANUFGBEES,158.84,161.22,158.84,160.41,161.0,160.44,,160.48,,,6899,1107105.08,71,F1,1,,,,,
2026-09-23,2026-09-23,CM,NSE,STK,7880,INF204KC1337,AUTOBEES,EQ,,,,,NIPPONAMC - NETFAUTO,280.69,281.26,279.3,280.54,280.79,280.12,,280.54,,,88750,24884467.05,1542,F1,1,,,,,
2026-09-23,2026-09-23,CM,NSE,STK,4973,INF204KC1089,PHARMABEES,EQ,,,,,NIPPONAMC - NETFPHARMA,28.37,28.37,27.61,27.89,27.92,27.68,,27.89,,,3305177,91891393.82,7883,F1,1,,,,,
2026-09-23,2026-09-23,CM,NSE,STK,8080,INF204KC1402,SILVERBEES,EQ,,,,,NIPPONAMC - NETFSILVER,222.62,223.63,219.86,220.26,220.29,220.27,,220.26,,,16219218,3598861684.21,45400,F1,1,,,,,
2026-09-23,2026-09-23,CM,NSE,STK,757455,INF204KC1EZ3,SNXT30BEES,EQ,,,,,NIPPONAMC - SNXT30BEES,41.0,42.28,41.0,42.28,42.28,42.06,,42.28,,,1972,83072.48,50,F1,1,,,,,
2026-09-23,2026-09-23,CM,NSE,STK,255,INE368I01016,NIRAJ,EQ,,,,,NIRAJ CEMENT STRUC LTD,28.16,28.87,27.98,27.99,28.0,28.16,,27.99,,,15392,431375.92,55,F1,1,,,,,
2026-09-23,2026-09-23,CM,NSE,STK,18844,INE326T01011,NIRAJISPAT,BE,,,,,NIRAJ ISPAT IND LTD,264.7,275.0,249.0,274.8,274.8,262.1,,274.8,,,1230,310023.65,31,F1,1,,,,,
2026-09-23,2026-09-23,CM,NSE,STK,2433,INE910A01012,NIRLON,EQ,,,,,NIRLON LTD,604.3,615.0,597.0,610.05,612.3,601.35,,609.84,,,5520,3340084.25,627,F1,1,,,,,
2026-09-23,2026-09-23,CM,NSE,STK,14722,INE0OK701014,NIRMAN,SM,,,,,NIRMAN AGRI GENTICS LTD,27.0,27.4,26.75,27.1,27.05,27.0,,27.1,,,4200,113745.0,10,F1,300,,,,,
2026-09-23,2026-09-23,CM,NSE,STK,13300,INE858F01012,NITCO,EQ,,,,,NITCO LIMITED,91.9,93.0,91.44,92.38,93.0,91.89,,92.39,,,561111,51585081.06,2944,F1,1,,,,,
2026-09-23,2026-09-23,CM,NSE,STK,13175,INE229H01012,NITINSPIN,EQ,,,,,NITIN SPINNERS LIMITED,613.75,619.9,610.7,617.8,617.0,608.4,,617.79,,,46585,28695172.3,2906,F1,1,,,,,
2026-09-23,2026-09-23,CM,NSE,STK,3247,INE439T01012,NITIRAJ,EQ,,,,,NITIRAJ ENGINEERS LTD,225.05,230.95,225.05,228.34,228.39,229.33,,228.34,,,827,187895.56,36,F1,1,,,,,
2026-09-23,2026-09-23,CM,NSE,STK,762824,INE265B01019,NITTAGELA,EQ,,,,,NITTA GELATIN INDIA LTD.,1691.6,1737.7,1691.6,1730.2,1734.0,1700.1,,1730.2,,,2246,3849052.8,311,F1,1,,,,,
2026-09-23,2026-09-23,CM,NSE,STK,27097,INE995S01015,NIVABUPA,EQ,,,,,NIVA BUPA HEALTH INS CO L,80.83,80.83,79.92,80.23,80.42,80.83,,80.22,,,390877,31390174.74,7339,F1,1,,,,,
2026-09-23,2026-09-23,CM,NSE,STK,2439,INE542C01019,NKIND,EQ,,,,,NK INDUSTRIES LTD,56.56,57.99,56.51,56.78,56.78,56.55,,56.78,,,485,27495.99,28,F1,1,,,,,
2026-09-23,2026-09-23,CM,NSE,STK,8585,INE589A01014,NLCINDIA,EQ,,,,,NLC INDIA LIMITED,267.0,269.15,265.3,267.1,267.5,267.0,,267.1,,,758960,202767478.2,21151,F1,1,,,,,
2026-09-23,2026-09-23,CM,NSE,STK,15332,INE584A01023,NMDC,EQ,,,,,NMDC LTD.,80.07,82.32,80.07,82.0,82.0,80.2,,82.0,,,11699092,953427489.49,45844,F1,1,,,,,
2026-09-23,2026-09-23,CM,NSE,STK,14180,INE0NNS01018,NSLNISP,EQ,,,,,NMDC STEEL LIMITED,42.61,44.62,42.41,43.95,44.01,42.51,,43.95,,,8502115,373384678.28,26715,F1,1,,,,,
2026-09-23,2026-09-23,CM,NSE,STK,2442,INE163A01018,NOCIL,EQ,,,,,NOCIL LIMITED,194.4,211.2,194.0,206.3,206.19,193.89,,206.33,,,7384798,1519063059.96,58153,F1,1,,,,,
2026-09-23,2026-09-23,CM,NSE,STK,10786,INE781B01015,NOIDATOLL,EQ,,,,,NOIDA TOLL BRIDGE CO LTD,4.0,4.01,3.92,3.93,3.99,4.0,,3.94,,,120653,479217.57,269,F1,1,,,,,
2026-09-23,2026-09-23,CM,NSE,STK,4160,INE369C01017,NORBTEAEXP,EQ,,,,,NORBEN TEA & EXPORTS LTD,65.93,67.39,64.0,65.55,65.55,66.26,,65.55,,,996,65250.83,32,F1,1,,,,,
2026-09-23,2026-09-23,CM,NSE,STK,13533,INE553C01016,NECCLTD,BE,,,,,NORTH EAST CARRY CORP LTD,19.74,19.99,18.71,19.54,19.7,19.66,,19.51,,,72855,1409286.44,187,F1,1,,,,,
2026-09-23,2026-09-23,CM,NSE,STK,25426,INE850M01015,NORTHARC,EQ,,,,,NORTHERN ARC CAPITAL LTD,317.7,317.75,311.4,313.8,314.9,315.9,,313.74,,,587471,184703006.2,14867,F1,1,,,,,
2026-09-23,2026-09-23,CM,NSE,STK,22477,INE02H701025,NOVAAGRI,EQ,,,,,NOVA AGRITECH LIMITED,22.9,23.4,22.9,23.11,23.2,23.08,,23.11,,,29754,689409.28,239,F1,1,,,,,
2026-09-23,2026-09-23,CM,NSE,STK,9007,INE234A01025,NOVARTIND,EQ,,,,,NOVARTIS INDIA LIMITED,1998.0,2099.0,1959.9,2027.4,2035.0,1973.3,,2027.38,,,77712,157580925.7,10817,F1,1,,,,,
2026-09-23,2026-09-23,CM,NSE,STK,7553,INE349A01021,NRBBEARING,EQ,,,,,NRB BEARING LIMITED,519.85,548.8,518.1,541.05,539.55,520.5,,541.04,,,1530829,830016458.15,45852,F1,1,,,,,
2026-09-23,2026-09-23,CM,NSE,STK,29733,INE047O01014,NIBL,EQ,,,,,NRB INDUS. BEARINGS LTD.,34.0,34.3,33.0,33.52,33.5,33.08,,33.52,,,37193,1258979.04,419,F1,1,,,,,
2026-09-23,2026-09-23,CM,NSE,STK,27176,INE0ONG01011,NTPCGREEN,EQ,,,,,NTPC GREEN ENERGY LIMITED,93.78,95.8,93.77,95.42,95.63,93.31,,95.42,,,5223366,497487132.54,41016,F1,1,,,,,
2026-09-23,2026-09-23,CM,NSE,STK,11630,INE733E01010,NTPC,EQ,,,,,NTPC LTD,326.5,329.4,325.0,326.0,326.0,327.8,,326.0,,,10525477,3439123287.9,88503,F1,1,,,,,
2026-09-23,2026-09-23,CM,NSE,STK,10791,INE096B01018,NUCLEUS,EQ,,,,,NUCLEUS SOFTWARE EXPORTS,685.95,695.1,681.05,685.0,684.05,685.95,,685.02,,,9840,6735755.55,1006,F1,1,,,,,
2026-09-23,2026-09-23,CM,NSE,STK,13680,INE0JM501013,NRL,BE,,,,,NUPUR RECYCLERS LIMITED,163.9,166.26,163.69,166.26,166.26,158.35,,166.26,,,78481,12998983.92,599,F1,1,,,,,
2026-09-23,2026-09-23,CM,NSE,STK,2353,INE0DSF01015,NURECA,BE,,,,,NURECA LIMITED,342.4,345.0,333.2,335.6,335.2,336.0,,335.6,,,3503,1178473.45,118,F1,1,,,,,
2026-09-23,2026-09-23,CM,NSE,STK,18721,INE531F01023,NUVAMA,EQ,,,,,NUVAMA WEALTH MANAGE LTD,1669.7,1696.8,1669.6,1688.2,1685.0,1675.7,,1688.19,,,82852,140077897.8,11882,F1,1,,,,,
2026-09-23,2026-09-23,CM,NSE,STK,5426,INE118D01016,NUVOCO,EQ,,,,,NUVOCO VISTAS CORP LTD,338.4,348.75,337.0,344.75,348.1,338.85,,344.74,,,312009,107482281.45,12094,F1,1,,,,,
2026-09-23,2026-09-23,CM,NSE,STK,24298,INE0SF023016,NXT-INFRA,IV,,,,,NXT-INFRA TRUST,99.8,99.8,99.8,99.8,99.8,99.8,,99.8,,,50000,4990000.0,1,F1,25000,,,,,
2026-09-23,2026-09-23,CM,NSE,STK,8797,INE426Z01016,OBCL,EQ,,,,,OBCL LIMITED,59.6,61.0,59.6,60.27,60.11,58.16,,60.27,,,45135,2715647.5,251,F1,1,,,,,
2026-09-23,2026-09-23,CM,NSE,STK,20242,INE093I01010,OBEROIRLTY,EQ,,,,,OBEROI REALTY LIMITED,1842.1,1878.1,1831.0,1850.0,1850.0,1845.6,,1850.0,,,389012,721537386.8,41428,F1,1,,,,,
2026-09-23,2026-09-23,CM,NSE,STK,25923,INE0YHV01011,OBSCP,SM,,,,,OBSC PERFECTION LIMITED,923.0,958.95,921.0,952.6,958.0,916.75,,952.6,,,53600,50469900.0,128,F1,400,,,,,
2026-09-23,2026-09-23,CM,NSE,STK,25920,INE0PK601023,OCCLLTD,BE,,,,,OCCL LIMITED,153.85,157.98,150.0,155.17,156.78,151.34,,155.17,,,50473,7760878.27,274,F1,1,,,,,
2026-09-23,2026-09-23,CM,NSE,STK,27571,INE054301028,ODIGMA,EQ,,,,,ODIGMA CONSULTANCY SOL L,21.0,21.41,20.7,21.1,21.33,20.92,,21.1,,,29650,627592.07,1000,F1,1,,,,,
2026-09-23,2026-09-23,CM,NSE,STK,764803,INE839E01023,ODYCORP,EQ,,,,,ODYSSEY CORPORATION LTD.,7.39,7.39,6.99,7.13,7.14,7.02,,7.13,,,9889,70303.6,178,F1,1,,,,,
2026-09-23,2026-09-23,CM,NSE,STK,2475,INE213A01029,ONGC,EQ,,,,,OIL AND NATURAL GAS CORP.,235.5,236.9,234.2,236.9,236.9,236.13,,236.9,,,8913385,2102898780.13,77058,F1,1,,,,,
2026-09-23,2026-09-23,CM,NSE,STK,8109,INE591A01010,OILCOUNTUB,BE,,,,,OIL COUNTRY TUBULAR LTD.,69.54,69.54,69.45,69.5,69.5,68.18,,69.31,,,48531,3374014.59,83,F1,1,,,,,
2026-09-23,2026-09-23,CM,NSE,STK,17438,INE274J01014,OIL,EQ,,,,,OIL INDIA LTD,467.0,471.45,466.6,470.0,470.0,467.0,,470.0,,,711993,334317655.2,16091,F1,1,,,,,
2026-09-23,2026-09-23,CM,NSE,STK,24777,INE0LXG01040,OLAELEC,EQ,,,,,OLA ELECTRIC MOBILITY LTD,38.25,42.49,38.25,41.87,41.82,37.78,,41.87,,,390177989,16179970183.07,572669,F1,1,,,,,
2026-09-23,2026-09-23,CM,NSE,STK,10637,INE260D01016,OLECTRA,EQ,,,,,OLECTRA GREENTECH LIMITED,1229.0,1295.2,1226.5,1275.9,1278.9,1217.2,,1275.76,,,1782067,2271924604.4,76890,F1,1,,,,,
2026-09-23,2026-09-23,CM,NSE,STK,759412,INE1BZC01019,OMFREIGHT,BE,,,,,OM FREIGHT FORWARDERS LTD,89.9,94.0,86.5,92.26,92.5,90.29,,92.27,,,18987,1737292.5,161,F1,1,,,,,
2026-09-23,2026-09-23,CM,NSE,STK,24231,INE239D01028,OMINFRAL,EQ,,,,,OM INFRA LIMITED,80.58,81.4,77.25,78.34,78.89,78.93,,78.36,,,99989,7925395.12,1527,F1,1,,,,,
2026-09-23,2026-09-23,CM,NSE,STK,762432,INE25E901019,OMPOWER,EQ,,,,,OM POWER TRANSMISSION LTD,170.24,171.53,168.67,170.39,170.75,170.34,,170.39,,,18985,3236320.29,686,F1,1,,,,,
2026-09-23,2026-09-23,CM,NSE,STK,10922,INE090B01011,OMAXAUTO,EQ,,,,,OMAX AUTOS LTD,193.8,209.94,192.21,209.94,209.94,190.86,,209.94,,,199826,40668321.52,1942,F1,1,,,,,
2026-09-23,2026-09-23,CM,NSE,STK,14853,INE800H01010,OMAXE,EQ,,,,,OMAXE LIMITED,117.0,124.9,114.3,123.13,123.09,116.5,,123.12,,,873922,106211165.27,12111,F1,1,,,,,
2026-09-23,2026-09-23,CM,NSE,STK,117,INE338Y01016,OMFURN,SM,,,,,OMFURN INDIA LIMITED,54.1,54.1,53.95,53.95,53.95,56.75,,53.95,,,3600,194400.0,3,F1,1200,,,,,
2026-09-23,2026-09-23,CM,NSE,STK,760865,INE0UH301010,OMNI,EQ,,,,,OMNITECH ENGINEERING LTD,556.0,570.45,551.15,553.7,553.8,562.5,,553.7,,,487489,272326374.4,20213,F1,1,,,,,
2026-09-23,2026-09-23,CM,NSE,STK,19692,INE00ER01015,ONDOOR,SM,,,,,ON DOOR CONCEPTS LIMITED,267.0,268.0,265.1,268.0,268.0,271.75,,268.0,,,5700,1524915.0,10,F1,300,,,,,
2026-09-23,2026-09-23,CM,NSE,STK,6705,INE982J01020,PAYTM,EQ,,,,,ONE 97 COMMUNICATIONS LTD,1814.4,1819.9,1763.3,1775.0,1775.0,1814.4,,1775.0,,,2410487,4285997459.2,96696,F1,1,,,,,
2026-09-23,2026-09-23,CM,NSE,STK,765242,INE670O01013,ONEGLOBAL,EQ,,,,,ONE GLOBAL SERVICE PROV L,547.9,556.95,534.05,543.35,546.0,547.9,,542.56,,,9969,5395984.4,362,F1,1,,,,,
2026-09-23,2026-09-23,CM,NSE,STK,28046,INE0HLU01028,MOBIKWIK,EQ,,,,,ONE MOBIKWIK SYSTEMS LTD,208.48,209.69,202.0,202.93,203.9,209.02,,202.92,,,1411387,288524592.78,18961,F1,1,,,,,
2026-09-23,2026-09-23,CM,NSE,STK,9939,INE840Y01029,ONEPOINT,EQ,,,,,ONE POINT ONE SOL LTD,63.9,70.5,63.6,68.41,68.16,63.2,,68.42,,,21831475,1495649727.33,116383,F1,1,,,,,
2026-09-23,2026-09-23,CM,NSE,STK,19386,INE0OPS01011,OLIL,SM,,,,,ONECLICK LOGISTICS IND L,435.0,439.0,430.0,434.6,434.6,435.85,,434.6,,,4000,1729080.0,10,F1,400,,,,,
2026-09-23,2026-09-23,CM,NSE,STK,25496,INE912L01015,ONELIFECAP,BE,,,,,ONELIFE CAP ADVISORS LTD,34.98,36.0,33.51,35.09,35.0,35.19,,35.09,,,114937,4019587.27,114,F1,1,,,,,
2026-09-23,2026-09-23,CM,NSE,STK,763294,INE12F801023,KISSHT,EQ,,,,,ONEMI TECHNOLOGY SOL LTD,352.7,357.8,347.2,355.15,354.25,352.55,,355.15,,,925450,326513114.35,41041,F1,1,,,,,
2026-09-23,2026-09-23,CM,NSE,STK,29224,INE013P01021,ONESOURCE,EQ,,,,,ONESOURCE SPECL PHARMA L,1595.0,1609.5,1587.9,1596.7,1592.0,1587.9,,1596.72,,,158650,253813818.9,12741,F1,1,,,,,
2026-09-23,2026-09-23,CM,NSE,STK,2202,INE831A01028,ONIDA,EQ,,,,,ONIDA ELECTRONICS LIMITED,35.09,35.75,34.15,34.3,34.34,34.73,,34.3,,,965764,33593258.04,2756,F1,1,,,,,
2026-09-23,2026-09-23,CM,NSE,STK,764808,INE173M01012,ONIXSOLAR,EQ,,,,,ONIX SOLAR ENERGY LTD.,306.5,306.5,306.5,306.5,306.5,322.6,,306.03,,,17334,5312871.0,147,F1,1,,,,,
2026-09-23,2026-09-23,CM,NSE,STK,15282,INE809I01019,ONMOBILE,BE,,,,,ONMOBILE GLOBAL LTD.,53.8,54.7,51.4,52.09,52.74,53.29,,52.0,,,52548,2775068.08,438,F1,1,,,,,
2026-09-23,2026-09-23,CM,NSE,STK,2481,INE229A01017,ONWARDTEC,EQ,,,,,ONWARD TECHNOLOGIES LTD,287.2,296.0,287.0,294.0,293.95,286.6,,294.01,,,33949,9940831.3,1187,F1,1,,,,,
2026-09-23,2026-09-23,CM,NSE,STK,27143,INE0WVU01018,ONYX,ST,,,,,ONYX BIOTEC LIMITED,35.5,36.5,35.5,36.1,35.5,37.0,,36.1,,,22000,793300.0,7,F1,2000,,,,,
2026-09-23,2026-09-23,CM,NSE,STK,21469,INE350C01017,OPTIEMUS,EQ,,,,,OPTIEMUS INFRACOM LTD,800.0,850.65,781.2,828.35,830.8,708.9,,828.35,,,10628491,8699377465.4,203601,F1,1,,,,,
2026-09-23,2026-09-23,CM,NSE,STK,764813,INE031G01022,OPTIFIN,EQ,,,,,OPTIMUS FINANCE LTD.,15.88,17.0,14.69,15.46,15.29,16.7,,15.46,,,1281812,20341110.49,3030,F1,1,,,,,
2026-09-23,2026-09-23,CM,NSE,STK,764528,INE1JZB01022,OPTIMYSTIX,SM,,,,,OPTIMYSTIX ENT INDIA LTD,137.6,137.6,133.0,136.65,137.6,137.6,,136.65,,,8000,1088280.0,8,F1,800,,,,,
2026-09-23,2026-09-23,CM,NSE,STK,758903,INE15B101011,OPTIVALUE,ST,,,,,OPTIVALUE TEK CONSULT LTD,223.45,223.45,223.45,223.45,223.45,212.85,,223.45,,,38400,8580480.0,17,F1,1600,,,,,
2026-09-23,2026-09-23,CM,NSE,STK,10738,INE881D01027,OFSS,EQ,,,,,ORACLE FIN SERV SOFT LTD.,10989.0,11072.0,10801.0,10849.0,10849.0,10989.0,,10849.0,,,174209,1897645510.0,34574,F1,1,,,,,
2026-09-23,2026-09-23,CM,NSE,STK,31479,INE231G01010,ORBTEXP,BE,,,,,ORBIT EXPORTS LIMITED,227.1,234.8,225.1,228.36,228.0,228.32,,228.36,,,3671,835161.65,48,F1,1,,,,,
2026-09-23,2026-09-23,CM,NSE,STK,29492,INE215B01022,ORCHASP,EQ,,,,,ORCHASP LIMITED,1.38,1.43,1.34,1.37,1.39,1.37,,1.37,,,279036,383273.37,374,F1,1,,,,,
2026-09-23,2026-09-23,CM,NSE,STK,926,INE191A01027,ORCHPHARMA,EQ,,,,,ORCHID PHARMA LIMITED,1105.0,1129.2,1090.0,1102.05,1094.0,1107.2,,1102.28,,,134909,149383672.6,11866,F1,1,,,,,
2026-09-23,2026-09-23,CM,NSE,STK,17882,INE0OUT01027,ORIANA,SM,,,,,ORIANA POWER LIMITED,281.0,314.9,275.9,308.3,308.8,275.9,,308.3,,,1024875,306060393.75,2045,F1,375,,,,,
2026-09-23,2026-09-23,CM,NSE,STK,10159,INE730A01022,ORICONENT,EQ,,,,,ORICON ENTERPRISES LTD,55.78,55.8,52.31,53.84,53.52,55.78,,53.9,,,37842,2046121.4,701,F1,1,,,,,
2026-09-23,2026-09-23,CM,NSE,STK,14278,INE607D01018,ORIENTBELL,EQ,,,,,ORIENT BELL LIMITED,386.9,397.95,382.4,391.5,395.8,392.8,,391.57,,,28548,11113514.35,1985,F1,1,,,,,
2026-09-23,2026-09-23,CM,NSE,STK,30089,INE876N01018,ORIENTCEM,EQ,,,,,ORIENT CEMENT LTD.,124.43,125.5,123.31,124.89,125.0,123.19,,124.89,,,144462,18015683.33,1578,F1,1,,,,,
2026-09-23,2026-09-23,CM,NSE,STK,13111,INE569C01020,ORIENTCER,EQ,,,,,ORIENT CERATECH LIMITED,48.6,48.84,47.69,47.7,47.7,48.08,,47.7,,,42804,2049229.84,575,F1,1,,,,,
2026-09-23,2026-09-23,CM,NSE,STK,2972,INE142Z01019,ORIENTELEC,EQ,,,,,ORIENT ELECTRIC LIMITED,165.81,171.9,165.8,168.08,169.2,166.54,,168.09,,,197695,33235830.0,6761,F1,1,,,,,
2026-09-23,2026-09-23,CM,NSE,STK,20110,INE999K01014,GREENPOWER,EQ,,,,,ORIENT GREEN POWER CO LTD,9.18,9.18,9.03,9.08,9.07,9.0,,9.08,,,2257309,20499778.09,3049,F1,1,,,,,
2026-09-23,2026-09-23,CM,NSE,STK,2493,INE750A01020,ORIENTHOT,EQ,,,,,ORIENT HOTELS LTD,144.12,144.38,142.46,143.58,144.0,142.88,,143.58,,,295043,42322754.33,2237,F1,1,,,,,
2026-09-23,2026-09-23,CM,NSE,STK,2496,INE592A01026,ORIENTPPR,EQ,,,,,ORIENT PAPER AND INDS LTD,17.01,17.1,16.75,16.9,16.96,16.99,,16.9,,,185833,3147481.86,987,F1,1,,,,,
2026-09-23,2026-09-23,CM,NSE,STK,18211,INE609C01024,ORIENTLTD,BE,,,,,ORIENT PRESS LIMITED,80.0,81.19,80.0,80.19,80.0,81.89,,80.19,,,3366,269559.85,16,F1,1,,,,,
2026-09-23,2026-09-23,CM,NSE,STK,24961,INE0PPK01015,ORIENTTECH,EQ,,,,,ORIENT TECHNOLOGIES LTD,235.08,239.8,233.5,238.06,238.2,235.08,,238.08,,,76929,18179234.23,2239,F1,1,,,,,
2026-09-23,2026-09-23,CM,NSE,STK,10768,INE959C01023,OAL,EQ,,,,,ORIENTAL AROMATICS LTD,562.0,568.35,548.0,558.35,555.0,556.9,,558.66,,,23735,13327943.6,1299,F1,1,,,,,
2026-09-23,2026-09-23,CM,NSE,STK,764818,INE457G01029,ORIRAIL,EQ,,,,,ORIENTAL RAIL INFRA L,127.0,128.22,124.37,126.81,127.75,126.96,,126.68,,,72334,9154976.26,1964,F1,1,,,,,
2026-09-23,2026-09-23,CM,NSE,STK,14346,INE998H01012,ORIENTALTL,EQ,,,,,ORIENTAL TRIMEX LTD,5.07,5.1,4.9,4.96,4.96,4.98,,4.96,,,140278,695943.07,356,F1,1,,,,,
2026-09-23,2026-09-23,CM,NSE,STK,19931,INE725E01024,ORISSAMINE,EQ,,,,,ORISSA MIN DEV CO LTD,3880.6,3932.8,3825.3,3841.2,3856.0,3879.7,,3841.04,,,8069,31279072.0,1528,F1,1,,,,,
2026-09-23,2026-09-23,CM,NSE,STK,759569,INE16NZ01023,ORKLAINDIA,EQ,,,,,ORKLA INDIA LIMITED,573.0,578.55,556.0,557.45,556.9,569.25,,557.44,,,164395,93223298.2,10962,F1,1,,,,,
2026-09-23,2026-09-23,CM,NSE,STK,2979,INE749B01020,ORTINGLOBE,EQ,,,,,ORTIN GLOBAL LIMITED,14.7,15.19,14.7,15.1,15.19,14.74,,15.1,,,7046,106165.09,65,F1,1,,,,,
2026-09-23,2026-09-23,CM,NSE,STK,25386,INE0RMF01018,OSELDEVICE,SM,,,,,OSEL DEVICES LIMITED,364.95,411.0,364.0,404.65,409.9,361.25,,404.65,,,83800,32499080.0,295,F1,200,,,,,
2026-09-23,2026-09-23,CM,NSE,STK,12643,INE06IR01021,OSIAHYPER,BE,,,,,OSIA HYPER RETAIL LIMITED,2.25,2.3,2.18,2.2,2.2,2.25,,2.2,,,195590,432515.57,317,F1,1,,,,,
2026-09-23,2026-09-23,CM,NSE,STK,2514,INE142A01012,OSWALAGRO,EQ,,,,,OSWAL AGRO MILLS LTD,35.2,35.2,34.21,34.96,34.98,35.12,,34.96,,,13284,462112.17,326,F1,1,,,,,
2026-09-23,2026-09-23,CM,NSE,STK,471,INE143A01010,OSWALGREEN,EQ,,,,,OSWAL GREENTECH LIMITED,19.75,20.3,19.75,20.2,20.06,20.06,,20.15,,,70616,1417569.35,658,F1,1,,,,,
2026-09-23,2026-09-23,CM,NSE,STK,756802,INE0BYP01024,OSWALPUMPS,EQ,,,,,OSWAL PUMPS LIMITED,290.1,296.35,282.3,284.25,284.1,273.6,,284.26,,,2158898,625498637.45,32058,F1,1,,,,,
2026-09-23,2026-09-23,CM,NSE,STK,22914,INE0R8M01017,OWAIS,ST,,,,,OWAIS METAL & MINERAL,77.05,78.6,75.6,75.6,75.6,77.1,,75.6,,,7300,570920.0,38,F1,100,,,,,
2026-09-23,2026-09-23,CM,NSE,STK,765145,INE501F01018,PBMPOLY,EQ,,,,,P B M POLYTEX LTD.,64.0,64.0,63.68,63.68,63.68,65.01,,64.0,,,134,8575.68,7,F1,1,,,,,
2026-09-23,2026-09-23,CM,NSE,STK,25312,INE953R01016,PNGJL,EQ,,,,,P N GADGIL JEWELLERS LTD,598.4,611.0,593.7,605.0,602.6,598.4,,604.99,,,438608,264752443.8,21379,F1,1,,,,,
2026-09-23,2026-09-23,CM,NSE,STK,764845,INE035S01028,POEL,EQ,,,,,P O C L ENTERPRISES LTD.,138.05,143.99,137.41,140.57,142.95,138.05,,140.81,,,17106,2384406.59,446,F1,1,,,,,
2026-09-23,2026-09-23,CM,NSE,STK,2535,INE179A01014,PGHH,EQ,,,,,P&G HYGIENE & HEALTH CARE,7325.0,7325.0,7170.0,7193.5,7190.0,7282.0,,7191.84,,,31383,226645577.5,10293,F1,1,,,,,
2026-09-23,2026-09-23,CM,NSE,STK,759342,INE0S3G01027,PACEDIGITK,EQ,,,,,PACE DIGITEK LIMITED,168.57,172.35,167.54,169.39,169.0,167.74,,169.38,,,1797594,305290278.35,20430,F1,1,,,,,
2026-09-23,2026-09-23,CM,NSE,STK,764823,INE883C01025,PACIFICI,EQ,,,,,PACIFIC INDUSTRIES LTD.,140.0,144.79,138.6,142.34,144.79,140.0,,142.34,,,225,31490.35,15,F1,1,,,,,
2026-09-23,2026-09-23,CM,NSE,STK,14413,INE761H01022,PAGEIND,EQ,,,,,PAGE INDUSTRIES LTD,37480.0,37545.0,37055.0,37340.0,37340.0,37150.0,,37339.89,,,17565,655322400.0,7672,F1,1,,,,,
2026-09-23,2026-09-23,CM,NSE,STK,25468,INE420C01059,PAISALO,EQ,,,,,PAISALO DIGITAL LIMITED,93.88,93.89,89.1,90.39,90.49,93.43,,90.39,,,16379793,1501166468.39,37775,F1,1,,,,,
2026-09-23,2026-09-23,CM,NSE,STK,17197,INE551D01018,PAKKA,EQ,,,,,PAKKA LIMITED,77.02,79.0,76.5,77.15,77.15,77.02,,77.17,,,58981,4585833.6,722,F1,1,,,,,
2026-09-23,2026-09-23,CM,NSE,STK,21383,INE471W01019,PALASHSECU,EQ,,,,,PALASH SECURITIES LTD,87.11,88.9,85.0,85.69,85.69,86.7,,85.69,,,2003,172491.96,169,F1,1,,,,,
2026-09-23,2026-09-23,CM,NSE,STK,17062,INE218G01033,PALREDTEC,EQ,,,,,PALRED TECHNOLOGIES LTD,45.0,49.29,45.0,46.73,46.73,46.95,,46.73,,,1460,71863.04,40,F1,1,,,,,
2026-09-23,2026-09-23,CM,NSE,STK,4055,INE922B01023,PANACEABIO,EQ,,,,,PANACEA BIOTEC LTD,382.6,386.7,378.0,381.75,382.4,382.65,,381.72,,,34025,13019164.55,1698,F1,1,,,,,
2026-09-23,2026-09-23,CM,NSE,STK,16355,INE895W01019,PANACHE,BE,,,,,PANACHE DIGILIFE LIMITED,502.0,519.75,502.0,519.75,519.75,509.6,,519.75,,,6678,3413356.35,53,F1,1,,,,,
2026-09-23,2026-09-23,CM,NSE,STK,25392,INE305C01029,PANAMAPET,EQ,,,,,PANAMA PETROCHEM LTD,481.1,490.9,474.05,480.7,480.5,481.25,,480.7,,,164568,79717266.05,5329,F1,1,,,,,
2026-09-23,2026-09-23,CM,NSE,STK,764828,INE798F01010,PANCHMAHQ,EQ,,,,,PANCHMAHAL STEEL LTD.,291.0,291.0,290.95,290.95,290.95,301.0,,299.0,,,40,11639.85,4,F1,1,,,,,
2026-09-23,2026-09-23,CM,NSE,STK,765140,INE258R01028,PANORAMA,EQ,,,,,PANORAMA STUDIOS INTL. L,56.48,56.99,55.34,56.87,56.57,55.32,,56.82,,,371956,21071455.23,2788,F1,1,,,,,
2026-09-23,2026-09-23,CM,NSE,STK,6141,INE697V01011,PANSARI,EQ,,,,,PANSARI DEVELOPERS LTD,271.65,289.05,271.65,277.0,276.0,278.1,,277.0,,,201,55484.1,12,F1,1,,,,,
2026-09-23,2026-09-23,CM,NSE,STK,5637,INE04LG01015,PAR,BE,,,,,PAR DRUGS AND CHEM LTD,136.79,136.79,131.3,131.92,132.0,137.82,,131.92,,,15475,2052749.75,265,F1,1,,,,,
2026-09-23,2026-09-23,CM,NSE,STK,9741,INE088F01024,PARADEEP,EQ,,,,,PARADEEP PHOSPHATES LTD,154.5,156.34,153.33,154.26,154.3,154.17,,154.19,,,1182398,183038441.22,16160,F1,1,,,,,
2026-09-23,2026-09-23,CM,NSE,STK,17130,INE883N01014,PARAGMILK,EQ,,,,,PARAG MILK FOODS LTD.,281.95,286.2,263.2,268.9,268.0,279.4,,268.81,,,2858071,784656846.5,47549,F1,1,,,,,
2026-09-23,2026-09-23,CM,NSE,STK,19779,INE0N4G01012,PARAGON,SM,,,,,PARAGON FINE S.C. LTD.,55.0,55.5,53.2,53.2,53.2,54.5,,53.2,,,12000,651480.0,10,F1,1200,,,,,
2026-09-23,2026-09-23,CM,NSE,STK,25069,INE0S2W01018,PARAMATRIX,SM,,,,,PARAMATRIX TECHNOLOGIES L,57.2,63.0,57.2,60.0,60.0,55.1,,60.0,,,20400,1247040.0,10,F1,1200,,,,,
2026-09-23,2026-09-23,CM,NSE,STK,13951,INE074B01023,PARACABLES,EQ,,,,,PARAMOUNT COMM LTD,61.49,63.35,61.49,62.29,62.55,61.75,,62.29,,,1209778,75594918.93,7097,F1,1,,,,,
2026-09-23,2026-09-23,CM,NSE,STK,25431,INE0Q6001012,PSFL,SM,,,,,PARAMOUNT SPECIALI FORG L,32.95,33.5,32.5,32.5,32.5,32.35,,32.5,,,12000,395900.0,4,F1,2000,,,,,
2026-09-23,2026-09-23,CM,NSE,STK,5911,INE045601023,PARAS,EQ,,,,,PARAS DEF AND SPCE TECH L,1383.8,1411.0,1362.1,1381.2,1380.0,1375.5,,1381.19,,,526157,727617974.6,28546,F1,1,,,,,
2026-09-23,2026-09-23,CM,NSE,STK,3972,INE162C01024,PARASPETRO,EQ,,,,,PARAS PETROFILS LTD.,2.07,2.12,2.05,2.08,2.08,2.09,,2.08,,,103163,215016.65,260,F1,1,,,,,
2026-09-23,2026-09-23,CM,NSE,STK,5460,INE00U801010,PARIN,SM,,,,,PARIN ENTERPRISES LIMITED,712.0,712.0,685.25,701.2,707.0,697.7,,701.2,,,26500,18407062.5,60,F1,250,,,,,
2026-09-23,2026-09-23,CM,NSE,STK,760351,INE119201023,PARKHOSPS,EQ,,,,,PARK MEDI WORLD LIMITED,286.4,291.45,284.9,286.55,286.9,285.1,,286.54,,,582522,167501268.45,11144,F1,1,,,,,
2026-09-23,2026-09-23,CM,NSE,STK,22649,INE988S01028,PARKHOTELS,EQ,,,,,PARKHOTELS,108.0,108.67,105.51,106.29,107.58,107.75,,106.29,,,186387,19847987.61,2785,F1,1,,,,,
2026-09-23,2026-09-23,CM,NSE,STK,764833,INE383L01019,PARNAXLAB,EQ,,,,,PARNAX LAB LTD.,134.98,134.98,125.0,128.73,128.99,129.22,,128.67,,,44059,5512166.95,83,F1,1,,,,,
2026-09-23,2026-09-23,CM,NSE,STK,13795,INE561H01026,PARSVNATH,BE,,,,,PARSVNATH DEVELOPER LTD,1.93,1.93,1.93,1.93,1.93,1.9,,1.93,,,79427,153294.11,41,F1,1,,,,,
2026-09-23,2026-09-23,CM,NSE,STK,758217,INE1H7V01011,PARTH,SM,,,,,PARTH ELEC & ENG LTD,530.05,547.0,520.05,524.0,523.0,542.0,,524.0,,,10800,5704180.0,27,F1,400,,,,,
2026-09-23,2026-09-23,CM,NSE,STK,2599,INE06ZX01015,PARTYCRUS,SM,,,,,PARTY CRUISERS LIMITED,99.0,99.0,98.0,98.9,98.9,97.1,,98.9,,,16000,1582350.0,16,F1,1000,,,,,
2026-09-23,2026-09-23,CM,NSE,STK,757955,INE124Y01028,PASHUPATI,EQ,,,,,PASHUPATI COTSPIN LIMITED,80.76,82.21,80.2,80.39,80.27,80.2,,80.39,,,198559,15994003.24,4333,F1,1,,,,,
2026-09-23,2026-09-23,CM,NSE,STK,6045,INE818B01023,PASUPTAC,EQ,,,,,PASUPATI ACRYLON LIMITED,77.0,81.29,75.02,79.82,79.26,76.37,,79.83,,,1040321,82046717.78,8039,F1,1,,,,,
2026-09-23,2026-09-23,CM,NSE,STK,17029,INE619A01035,PATANJALI,EQ,,,,,PATANJALI FOODS LIMITED,404.0,412.9,402.05,409.45,409.45,404.0,,409.42,,,4117507,1683762998.45,48169,F1,1,,,,,
2026-09-23,2026-09-23,CM,NSE,STK,758732,INE244B07243,1025PATE28,N0,,,,,PATE 10.25% 2028,99000.0,99000.0,98500.0,98500.0,98500.0,100000.0,,98500.0,,,2,197500.0,2,F1,1,,,,,
2026-09-23,2026-09-23,CM,NSE,STK,11699,INE244B01030,PATELENG,EQ,,,,,PATEL ENGINEERING LTD.,27.0,27.64,26.95,27.27,27.3,26.85,,27.27,,,3111930,84979943.84,9203,F1,1,,,,,
2026-09-23,2026-09-23,CM,NSE,STK,15219,INE529D01014,PATINTLOG,EQ,,,,,PATEL INT. LOG. LTD,14.29,14.53,14.06,14.42,14.31,14.19,,14.41,,,75782,1093928.66,233,F1,1,,,,,
2026-09-23,2026-09-23,CM,NSE,STK,759439,INE0R8B01010,PATELRMART,EQ,,,,,PATEL RETAIL LIMITED,204.34,211.28,204.05,210.33,211.28,205.36,,210.34,,,55309,11542309.01,1295,F1,1,,,,,
2026-09-23,2026-09-23,CM,NSE,STK,756963,INE17GV01016,PATILAUTOM,SM,,,,,PATIL AUTOMATION LIMITED,361.0,370.0,345.1,350.15,353.0,359.8,,350.15,,,64800,23048010.0,104,F1,600,,,,,
2026-09-23,2026-09-23,CM,NSE,STK,762834,INE291E01019,PML,EQ,,,,,PAUL MERCHANTS LTD.,498.85,498.85,474.1,486.0,497.05,498.85,,485.99,,,1239,601395.45,43,F1,1,,,,,
2026-09-23,2026-09-23,CM,NSE,STK,759969,INE111F01024,PAUSHAKLTD,EQ,,,,,PAUSHAK LIMITED,700.95,711.6,680.0,687.2,688.0,700.95,,687.21,,,46827,32486891.1,3100,F1,1,,,,,
2026-09-23,2026-09-23,CM,NSE,STK,16192,INE07S101038,PAVNAIND,EQ,,,,,PAVNA INDUSTRIES LIMITED,15.33,15.83,15.02,15.5,15.4,15.46,,15.5,,,23798,368044.67,239,F1,1,,,,,
2026-09-23,2026-09-23,CM,NSE,STK,6656,INE417T01026,POLICYBZR,EQ,,,,,PB FINTECH LIMITED,1800.0,1904.9,1793.0,1886.3,1886.3,1805.0,,1886.31,,,2477939,4635926186.6,83218,F1,1,,,,,
2026-09-23,2026-09-23,CM,NSE,STK,29124,INE785M01021,PCJEWELLER,EQ,,,,,PC JEWELLER LTD,13.8,14.86,13.64,14.47,14.48,13.58,,14.47,,,867441415,12483313464.52,328550,F1,1,,,,,
2026-09-23,2026-09-23,CM,NSE,STK,2649,INE602A01031,PCBL,EQ,,,,,PCBL CHEMICAL LIMITED,346.55,356.0,344.05,345.45,346.35,347.75,,345.45,,,1432331,501850936.05,27688,F1,1,,,,,
2026-09-23,2026-09-23,CM,NSE,STK,761819,INE389Z07104,9PCPL28A,N0,,,,,PCPL 9% 2028,9451.0,9460.01,9451.0,9460.01,9460.01,9451.0,,9460.01,,,10,94560.06,4,F1,1,,,,,
2026-09-23,2026-09-23,CM,NSE,STK,5264,INE111Q01021,PDSL,EQ,,,,,PDS LIMITED,362.4,364.0,359.05,361.4,361.5,361.45,,361.4,,,67691,24512101.45,3337,F1,1,,,,,
2026-09-23,2026-09-23,CM,NSE,STK,14260,INE940H01022,PGIL,EQ,,,,,PEARL GLOBAL IND LIMITED,1195.0,1309.8,1190.0,1300.8,1309.8,1194.9,,1300.77,,,767765,983196204.5,54667,F1,1,,,,,
2026-09-23,2026-09-23,CM,NSE,STK,2610,INE844A01013,PEARLPOLY,EQ,,,,,PEARL POLYMERS LTD,19.06,19.77,19.06,19.7,19.5,18.83,,19.7,,,47273,926989.44,192,F1,1,,,,,
2026-09-23,2026-09-23,CM,NSE,STK,25408,INE0VG601013,PELATRO,SM,,,,,PELATRO LIMITED,404.5,404.5,392.0,394.5,392.0,394.2,,394.5,,,11400,4534335.0,29,F1,300,,,,,
2026-09-23,2026-09-23,CM,NSE,STK,2256,INE138A01028,PENINLAND,EQ,,,,,PENINSULA LAND LIMITED,17.36,17.7,16.47,17.38,17.5,17.03,,17.38,,,304151,5226415.37,797,F1,1,,,,,
2026-09-23,2026-09-23,CM,NSE,STK,20621,INE932A01024,PENIND,EQ,,,,,PENNAR INDUSTRIES LTD,174.87,185.4,174.15,183.31,183.9,174.14,,183.32,,,1703156,310426994.63,20833,F1,1,,,,,
2026-09-23,2026-09-23,CM,NSE,STK,17139,INE0ORS01017,PENTAGON,ST,,,,,PENTAGON RUBBER LIMITED,92.3,95.75,92.3,95.0,95.0,91.2,,95.0,,,7000,663800.0,5,F1,1000,,,,,
2026-09-23,2026-09-23,CM,NSE,STK,758121,INE925S01012,PERFECT,SZ,,,,,PERFECT INFRAENGINEER LTD,1.6,1.6,1.6,1.6,1.6,1.6,,1.6,,,18000,28800.0,6,F1,3000,,,,,
2026-09-23,2026-09-23,CM,NSE,STK,764838,INE418E01018,PERMAGN,EQ,,,,,PERMANENT MAGNETS LTD.,837.85,839.85,827.2,832.5,830.0,837.85,,831.94,,,3174,2644893.1,235,F1,1,,,,,
2026-09-23,2026-09-23,CM,NSE,STK,18365,INE262H01021,PERSISTENT,EQ,,,,,PERSISTENT SYSTEMS LTD,5400.0,5413.0,5213.5,5240.0,5240.0,5366.0,,5239.93,,,388889,2049237120.0,33273,F1,1,,,,,
2026-09-23,2026-09-23,CM,NSE,STK,24290,INE998U01015,PCCL,SM,,,,,PETRO CARBON AND CHEMI L,449.95,454.0,442.0,453.05,453.9,450.9,,453.05,,,19600,8840440.0,30,F1,400,,,,,
2026-09-23,2026-09-23,CM,NSE,STK,11351,INE347G01014,PETRONET,EQ,,,,,PETRONET LNG LIMITED,282.05,286.9,282.05,285.85,285.85,281.75,,285.84,,,1300396,371383649.25,27193,F1,1,,,,,
2026-09-23,2026-09-23,CM,NSE,STK,760801,INE134E07DP0,7PFCL31,N3,,,,,PFCL 7.00% 2031 SR I,995.05,995.05,995.05,995.05,995.05,1000.05,,995.05,,,70,69653.5,1,F1,1,,,,,
2026-09-23,2026-09-23,CM,NSE,STK,2643,INE182A01018,PFIZER,EQ,,,,,PFIZER LTD,4021.0,4050.0,3991.0,4025.5,4045.0,3998.9,,4025.41,,,17586,70778476.4,4299,F1,1,,,,,
2026-09-23,2026-09-23,CM,NSE,STK,25358,INE457L01029,PGEL,EQ,,,,,PG ELECTROPLAST LTD,522.85,527.5,519.0,521.15,521.15,520.2,,521.16,,,546381,285922489.0,10696,F1,1,,,,,
2026-09-23,2026-09-23,CM,NSE,STK,11612,INE0MLZ01019,PHANTOMFX,SM,,,,,PHANTOM DIGITAL EFF LTD,91.0,96.4,91.0,91.65,92.0,92.95,,91.65,,,28200,2637750.0,58,F1,300,,,,,
2026-09-23,2026-09-23,CM,NSE,STK,2658,INE245B01011,PHOENXINTL,EQ,,,,,PHOENIX INTERNATIONAL LTD,29.0,29.0,27.8,28.16,28.1,28.35,,28.19,,,1955,54979.77,38,F1,1,,,,,
2026-09-23,2026-09-23,CM,NSE,STK,25513,INE0FPO01018,PHOGLOBAL,SM,,,,,PHOENIX OVERSEAS LIMITED,15.3,17.7,15.3,16.3,16.15,14.9,,16.3,,,58000,967400.0,24,F1,2000,,,,,
2026-09-23,2026-09-23,CM,NSE,STK,759723,INE0LP301011,PWL,EQ,,,,,PHYSICSWALLAH LIMITED,137.0,140.0,134.33,136.11,136.3,136.35,,136.11,,,8529874,1168011830.27,57643,F1,1,,,,,
2026-09-23,2026-09-23,CM,NSE,STK,24184,INE603J01030,PIIND,EQ,,,,,PI INDUSTRIES LTD,2407.2,2417.1,2381.0,2386.0,2386.0,2410.0,,2386.06,,,102874,246455288.6,13718,F1,1,,,,,
2026-09-23,2026-09-23,CM,NSE,STK,757754,INE546C01010,PICCADIL,EQ,,,,,PICCADILY AGRO INDUSTRI L,618.8,628.4,611.85,621.6,620.2,614.8,,621.59,,,110953,69005997.25,8741,F1,1,,,,,
2026-09-23,2026-09-23,CM,NSE,STK,2664,INE318A01026,PIDILITIND,EQ,,,,,PIDILITE INDUSTRIES LTD,1575.1,1591.7,1575.1,1588.1,1588.1,1572.7,,1588.1,,,536262,848787339.4,25089,F1,1,,,,,
2026-09-23,2026-09-23,CM,NSE,STK,30835,INE600A01035,PILITA,EQ,,,,,PIL ITALICA LIFESTYLE LTD,7.38,7.73,7.31,7.43,7.4,7.38,,7.43,,,31307,235746.53,154,F1,1,,,,,
2026-09-23,2026-09-23,CM,NSE,STK,11445,INE417C01014,PILANIINVS,EQ,,,,,PILANI INV & IND COR LTD,4008.3,4070.0,4000.0,4041.8,4027.3,4008.3,,4040.07,,,736,2977342.8,190,F1,1,,,,,
2026-09-23,2026-09-23,CM,NSE,STK,759820,INE15B701018,PINELABS,EQ,,,,,PINE LABS LIMITED,196.99,200.7,187.11,188.3,189.1,197.58,,188.3,,,37096342,7157228173.36,212669,F1,1,,,,,
2026-09-23,2026-09-23,CM,NSE,STK,13463,INE156C01018,PIONEEREMB,EQ,,,,,PIONEER EMBROIDERIES LTD,22.06,23.4,21.71,22.24,22.35,22.28,,22.24,,,8501,190387.29,118,F1,1,,,,,
2026-09-23,2026-09-23,CM,NSE,STK,759551,INE202B01038,PIRAMALFIN,EQ,,,,,PIRAMAL FINANCE LIMITED,2200.0,2250.3,2199.9,2226.5,2218.8,2206.7,,2227.26,,,387676,859165914.4,34297,F1,1,,,,,
2026-09-23,2026-09-23,CM,NSE,STK,11571,INE0DK501011,PPLPHARMA,EQ,,,,,PIRAMAL PHARMA LIMITED,210.6,214.47,209.0,210.74,211.0,210.12,,210.74,,,2879998,608583767.33,46852,F1,1,,,,,
2026-09-23,2026-09-23,CM,NSE,STK,14134,INE450D01021,PITTIENG,EQ,,,,,PITTI ENGINEERING LIMITED,1121.9,1175.0,1121.9,1167.1,1159.0,1121.9,,1167.13,,,162348,187583127.0,17388,F1,1,,,,,
2026-09-23,2026-09-23,CM,NSE,STK,9087,INE751B01018,PIXTRANS,EQ,,,,,PIX TRANSMISSIONS LIMITED,1736.0,1818.0,1736.0,1758.7,1756.5,1733.0,,1758.76,,,19427,34571370.0,3179,F1,1,,,,,
2026-09-23,2026-09-23,CM,NSE,STK,13920,INE083C01022,PLASTIBLEN,EQ,,,,,PLASTIBLENDS INDIA LTD,183.7,189.5,183.7,187.5,187.3,185.94,,187.51,,,11036,2069217.89,521,F1,1,,,,,
2026-09-23,2026-09-23,CM,NSE,STK,22930,INE0PT501018,PLATIND,EQ,,,,,PLATINUM INDUSTRIES LTD,216.07,218.17,214.82,216.58,215.5,216.07,,216.53,,,35738,7730539.02,1240,F1,1,,,,,
2026-09-23,2026-09-23,CM,NSE,STK,19458,INE0INJ01017,PLAZACABLE,EQ,,,,,PLAZA WIRES LIMITED,62.35,63.99,61.55,62.84,62.53,62.27,,62.85,,,103082,6477362.73,1358,F1,1,,,,,
2026-09-23,2026-09-23,CM,NSE,STK,8736,INE859A01011,PNBGILTS,EQ,,,,,PNB GILTS LIMITED,76.26,77.79,76.0,76.33,76.19,76.23,,76.33,,,165650,12689406.5,2239,F1,1,,,,,
2026-09-23,2026-09-23,CM,NSE,STK,18908,INE572E01012,PNBHOUSING,EQ,,,,,PNB HOUSING FIN LTD.,1125.1,1149.0,1125.1,1138.5,1138.5,1125.6,,1138.51,,,896182,1019612353.8,33077,F1,1,,,,,
2026-09-23,2026-09-23,CM,NSE,STK,9385,INE195J01029,PNCINFRA,EQ,,,,,PNC INFRATECH LTD.,138.81,142.24,138.01,139.17,139.01,139.62,,139.17,,,1243417,173842624.38,27261,F1,1,,,,,
2026-09-23,2026-09-23,CM,NSE,STK,9342,INE392B01011,PNC,EQ,,,,,PNC MEDIA AND ENT LTD,16.1,17.5,16.1,17.33,17.38,16.42,,17.3,,,24978,425707.69,225,F1,1,,,,,
2026-09-23,2026-09-23,CM,NSE,STK,760242,INE1RDG01013,PNGSREVA,EQ,,,,,PNGS REVA DIAMOND JEWEL L,515.5,527.8,510.65,525.95,522.0,511.7,,525.95,,,91990,47900948.9,4717,F1,1,,,,,
2026-09-23,2026-09-23,CM,NSE,STK,19036,INE371C01013,PODDARMENT,EQ,,,,,PODDAR PIGMENTS LIMITED,288.7,291.0,277.7,281.8,278.5,288.7,,281.8,,,7794,2197180.25,397,F1,1,,,,,
2026-09-23,2026-09-23,CM,NSE,STK,17651,INE637C01025,POKARNA,EQ,,,,,POKARNA LIMITED,737.0,750.0,736.05,741.05,743.0,732.55,,741.06,,,57910,43012105.95,3635,F1,1,,,,,
2026-09-23,2026-09-23,CM,NSE,STK,25718,INE205C01021,POLYMED,EQ,,,,,POLY MEDICURE LIMITED,1699.9,1734.0,1699.9,1726.6,1728.0,1699.0,,1726.63,,,66841,114922219.4,8210,F1,1,,,,,
2026-09-23,2026-09-23,CM,NSE,STK,9590,INE455K01017,POLYCAB,EQ,,,,,POLYCAB INDIA LIMITED,8398.5,8454.0,8367.0,8417.0,8417.0,8350.0,,8416.95,,,226275,1906155544.0,26269,F1,1,,,,,
2026-09-23,2026-09-23,CM,NSE,STK,2687,INE633B01018,POLYPLEX,EQ,,,,,POLYPLEX CORPORATION LTD,1090.0,1128.6,1090.0,1117.1,1120.0,1091.6,,1117.22,,,27586,30803154.6,3815,F1,1,,,,,
2026-09-23,2026-09-23,CM,NSE,STK,22711,INE517M01028,POLYSIL,SM,,,,,POLYSIL IRRIGATION SYST L,56.8,56.8,56.8,56.8,56.8,59.75,,56.8,,,6000,340800.0,7,F1,500,,,,,
2026-09-23,2026-09-23,CM,NSE,STK,765150,INE914G01029,POLYSPIN,EQ,,,,,POLYSPIN EXPORTS LTD.,28.65,32.0,28.65,30.78,30.8,28.51,,30.78,,,1253,38618.06,30,F1,1,,,,,
2026-09-23,2026-09-23,CM,NSE,STK,14385,INE063E01061,POCL,EQ,,,,,PONDY OXIDES & CHEM LTD,476.45,489.0,476.4,487.4,488.7,472.95,,487.4,,,365156,177043280.35,12465,F1,1,,,,,
2026-09-23,2026-09-23,CM,NSE,STK,10661,INE838E01017,PONNIERODE,EQ,,,,,PONNIE SUGARS (ERODE) LTD,362.8,392.8,362.0,375.25,375.8,362.8,,375.29,,,109319,41361963.55,3595,F1,1,,,,,
2026-09-23,2026-09-23,CM,NSE,STK,11403,INE511C01022,POONAWALLA,EQ,,,,,POONAWALLA FINCORP LTD,473.1,483.95,469.0,478.85,479.0,471.9,,478.83,,,1880797,895944570.0,52831,F1,1,,,,,
2026-09-23,2026-09-23,CM,NSE,STK,23142,INE772T01024,PVSL,EQ,,,,,POPULAR VEHICLES N SER L,98.92,100.37,97.6,98.71,98.9,99.92,,98.7,,,56036,5530333.41,800,F1,1,,,,,
2026-09-23,2026-09-23,CM,NSE,STK,24864,INE0S3H01017,POSITRON,SM,,,,,POSITRON ENERGY LIMITED,228.45,234.0,225.0,233.1,234.0,223.45,,233.1,,,19500,4508175.0,64,F1,300,,,,,
2026-09-23,2026-09-23,CM,NSE,STK,14299,INE134E01011,PFC,EQ,,,,,POWER FIN CORP LTD.,345.55,349.95,344.55,346.0,346.0,345.8,,346.0,,,11150266,3874930625.55,119040,F1,1,,,,,
2026-09-23,2026-09-23,CM,NSE,STK,14977,INE752E01010,POWERGRID,EQ,,,,,POWER GRID CORP. LTD.,265.95,270.85,265.95,270.2,270.2,265.95,,270.2,,,6114433,1646182461.5,59995,F1,1,,,,,
2026-09-23,2026-09-23,CM,NSE,STK,15716,INE557Z01018,PIGL,EQ,,,,,POWER INSTRUMENT (G) LTD,100.05,101.75,99.32,99.92,99.56,101.06,,100.11,,,19603,1964259.2,494,F1,1,,,,,
2026-09-23,2026-09-23,CM,NSE,STK,10473,INE211R01019,POWERMECH,EQ,,,,,POWER MECH PROJECTS LTD.,2430.0,2465.0,2414.2,2453.5,2446.9,2443.1,,2453.02,,,21384,52354311.6,4215,F1,1,,,,,
2026-09-23,2026-09-23,CM,NSE,STK,3494,INE0GGX23010,PGINVIT,IV,,,,,POWERGRID INFRA. INVITS,101.15,101.6,101.01,101.47,101.6,101.01,,101.47,,,1003749,101744465.79,4206,F1,1,,,,,
2026-09-23,2026-09-23,CM,NSE,STK,761680,INE921L01032,POWERICA,EQ,,,,,POWERICA LIMITED,553.0,576.2,553.0,570.85,571.0,559.3,,570.76,,,82043,46401636.1,3479,F1,1,,,,,
2026-09-23,2026-09-23,CM,NSE,STK,15213,INE095I01015,PPAP,BE,,,,,PPAP AUTOMOTIVE LIMITED,236.8,244.2,231.0,244.2,244.2,232.6,,244.93,,,12484,3004254.15,193,F1,1,,,,,
2026-09-23,2026-09-23,CM,NSE,STK,30134,INE0I0M01023,PRABHA,EQ,,,,,PRABHA ENERGY LIMITED,235.8,238.83,233.02,234.8,235.0,235.72,,234.8,,,84663,19953507.86,1542,F1,1,,,,,
2026-09-23,2026-09-23,CM,NSE,STK,762842,INE770A01010,PRADPME,BE,,,,,PRADEEP METALS LTD.,517.0,523.75,499.0,509.3,507.3,498.85,,509.3,,,38994,20026174.2,216,F1,1,,,,,
2026-09-23,2026-09-23,CM,NSE,STK,2705,INE074A01025,PRAJIND,EQ,,,,,PRAJ INDUSTRIES LTD,318.0,324.8,318.0,320.15,321.0,317.55,,320.14,,,289121,93021448.0,9034,F1,1,,,,,
2026-09-23,2026-09-23,CM,NSE,STK,13941,INE505C01016,PRAENG,EQ,,,,,PRAJAY ENG. SYN. LTD.,21.55,22.0,20.99,21.38,21.22,21.56,,21.38,,,29712,635365.23,228,F1,1,,,,,
2026-09-23,2026-09-23,CM,NSE,STK,2708,INE603A01013,PRAKASH,EQ,,,,,PRAKASH INDUSTRIES LTD,119.3,120.4,118.51,119.79,119.98,119.12,,119.79,,,429269,51338591.03,5285,F1,1,,,,,
2026-09-23,2026-09-23,CM,NSE,STK,10299,INE050001010,PPL,BE,,,,,PRAKASH PIPES LIMITED,269.05,278.5,269.05,272.25,273.0,273.4,,272.27,,,13404,3668603.45,176,F1,1,,,,,
2026-09-23,2026-09-23,CM,NSE,STK,19599,INE696K01024,PRAKASHSTL,EQ,,,,,PRAKASH STEELAGE LTD,3.72,3.82,3.7,3.72,3.74,3.72,,3.72,,,65249,242922.47,399,F1,1,,,,,
2026-09-23,2026-09-23,CM,NSE,STK,18514,INE0O7A01017,PRAMARA,SM,,,,,PRAMARA PROMOTIONS LTD,91.8,93.1,89.5,93.1,93.1,88.7,,93.1,,,23000,2112775.0,35,F1,500,,,,,
2026-09-23,2026-09-23,CM,NSE,STK,765287,INE2JG601017,PRAMODINI,SM,,,,,PRAMODINI MEDICARE LTD,114.85,117.0,114.0,116.2,116.4,115.1,,116.2,,,56400,6533940.0,47,F1,1200,,,,,
2026-09-23,2026-09-23,CM,NSE,STK,766000,INE0H4201019,PRANAV,EQ,,,,,PRANAV CONSTRUCTIONS LTD,104.0,109.39,103.13,105.85,105.65,102.87,,105.85,,,5998749,638991785.47,48490,F1,1,,,,,
2026-09-23,2026-09-23,CM,NSE,STK,25818,INE0VJG01014,PRANIK,SM,,,,,PRANIK LOGISTICS LIMITED,41.65,41.65,41.65,41.65,41.65,42.15,,41.65,,,1600,66640.0,1,F1,1600,,,,,
2026-09-23,2026-09-23,CM,NSE,STK,766016,INE455U01024,PRASOLCHEM,EQ,,,,,PRASOL CHEMICALS LIMITED,710.0,747.5,707.25,740.9,744.35,704.75,,740.93,,,713648,523541873.2,48926,F1,1,,,,,
2026-09-23,2026-09-23,CM,NSE,STK,21840,INE393P01035,DIAMONDYD,EQ,,,,,PRATAAP SNACKS LIMITED,1113.3,1114.3,1080.3,1088.0,1085.0,1090.3,,1088.05,,,4080,4464823.0,559,F1,1,,,,,
2026-09-23,2026-09-23,CM,NSE,STK,23113,INE0QA601016,PRATHAM,SM,,,,,PRATHAM EPC PROJECTS LTD,121.0,126.0,121.0,125.1,125.4,120.15,,125.1,,,6400,784560.0,9,F1,400,,,,,
2026-09-23,2026-09-23,CM,NSE,STK,762844,INE722B01019,PRAVEG,EQ,,,,,PRAVEG LTD.,253.1,263.7,253.1,261.05,262.75,255.85,,261.24,,,18266,4761938.25,1002,F1,1,,,,,
2026-09-23,2026-09-23,CM,NSE,STK,1204,INE546Y01022,PRAXIS,EQ,,,,,PRAXIS HOME RETAIL LTD,4.44,4.44,4.2,4.28,4.31,4.35,,4.28,,,30589,132031.87,139,F1,1,,,,,
2026-09-23,2026-09-23,CM,NSE,STK,12603,INE484I01029,PRECAM,EQ,,,,,PRECISION CAMSHAFTS LTD.,117.6,127.88,117.6,122.11,122.3,118.87,,122.12,,,1402615,173973170.9,16508,F1,1,,,,,
2026-09-23,2026-09-23,CM,NSE,STK,7963,INE0HKW01018,PRECISION,ST,,,,,PRECISION METALIKS LTD,6.8,6.8,6.8,6.8,6.8,6.55,,6.8,,,2000,13600.0,1,F1,2000,,,,,
2026-09-23,2026-09-23,CM,NSE,STK,2717,INE372C01037,PRECWIRE,EQ,,,,,PRECISION WIRES INDIA LTD,495.0,505.0,488.25,498.85,497.5,491.1,,498.87,,,715914,357238268.1,30566,F1,1,,,,,
2026-09-23,2026-09-23,CM,NSE,STK,2711,INE283A01014,PRECOT,EQ,,,,,PRECOT LIMITED,659.0,697.95,640.0,646.9,643.4,674.6,,646.9,,,14779,9744476.15,359,F1,1,,,,,
2026-09-23,2026-09-23,CM,NSE,STK,762849,INE001E01012,PREMCO,EQ,,,,,PREMCO GLOBAL LTD.,402.05,409.0,400.05,400.75,400.1,402.0,,400.89,,,672,271052.05,93,F1,1,,,,,
2026-09-23,2026-09-23,CM,NSE,STK,25049,INE0BS701011,PREMIERENE,EQ,,,,,PREMIER ENERGIES LIMITED,909.8,919.7,903.5,915.0,915.0,907.2,,914.2,,,930143,850162385.1,18967,F1,1,,,,,
2026-09-23,2026-09-23,CM,NSE,STK,17397,INE863B01029,PREMEXPLN,EQ,,,,,PREMIER EXPLOSIVES LTD,675.9,676.85,668.6,675.15,675.0,674.25,,675.15,,,180909,121785323.3,3355,F1,1,,,,,
2026-09-23,2026-09-23,CM,NSE,STK,6248,INE342A01018,PREMIER,BE,,,,,PREMIER LIMITED,2.89,2.95,2.69,2.85,2.85,2.83,,2.85,,,70271,196202.23,139,F1,1,,,,,
2026-09-23,2026-09-23,CM,NSE,STK,3908,INE309M01020,PREMIERPOL,EQ,,,,,PREMIER POLYFILM LTD,81.7,97.22,81.14,96.72,97.22,81.02,,96.73,,,6517058,613963551.47,41084,F1,1,,,,,
2026-09-23,2026-09-23,CM,NSE,STK,23764,INE0CFG01012,PRLIND,SM,,,,,PREMIER ROADLINES LIMITED,46.15,47.95,44.6,47.9,47.95,46.0,,47.9,,,26000,1235350.0,11,F1,1000,,,,,
2026-09-23,2026-09-23,CM,NSE,STK,25898,INE0M1F01011,PREMIUM,SM,,,,,PREMIUM PLAST LIMITED,42.0,42.0,41.15,41.95,41.95,42.0,,41.95,,,24000,1003950.0,8,F1,3000,,,,,
2026-09-23,2026-09-23,CM,NSE,STK,20498,INE0R1601012,PRESSTONIC,SM,,,,,PRESSTONIC ENGINEERING L,41.95,42.45,39.7,39.85,39.8,41.05,,39.85,,,66400,2695800.0,63,F1,800,,,,,
2026-09-23,2026-09-23,CM,NSE,STK,20302,INE811K01011,PRESTIGE,EQ,,,,,PRESTIGE ESTATE LTD,1479.6,1507.4,1479.1,1490.0,1490.0,1479.6,,1490.0,,,141420,211084068.1,10592,F1,1,,,,,
2026-09-23,2026-09-23,CM,NSE,STK,19631,INE726V01018,PRICOLLTD,EQ,,,,,PRICOL LIMITED,776.3,786.0,760.05,763.65,760.05,768.1,,763.65,,,240689,185259802.2,13316,F1,1,,,,,
2026-09-23,2026-09-23,CM,NSE,STK,759075,INE0CQA01020,PRIMECAB,ST,,,,,PRIME CABLE INDUSTRIES L,168.0,173.7,168.0,169.1,168.05,166.2,,169.1,,,48000,8216400.0,30,F1,1600,,,,,
2026-09-23,2026-09-23,CM,NSE,STK,13496,INE367G01038,PFOCUS,EQ,,,,,PRIME FOCUS LIMITED,362.55,362.8,333.15,337.15,334.2,357.45,,337.11,,,6885605,2359720143.2,95266,F1,1,,,,,
2026-09-23,2026-09-23,CM,NSE,STK,11864,INE032B01021,PRIMESECU,EQ,,,,,PRIME SECURITIES LIMITED,287.05,300.0,286.55,296.35,299.0,290.2,,296.33,,,41199,12129864.65,837,F1,1,,,,,
2026-09-23,2026-09-23,CM,NSE,STK,756925,INE607A01022,PRIMO,EQ,,,,,PRIMO CHEMICALS LIMITED,23.15,23.27,22.6,22.92,23.05,22.69,,22.92,,,45589,1045394.96,423,F1,1,,,,,
2026-09-23,2026-09-23,CM,NSE,STK,16045,INE689W01016,PRINCEPIPE,EQ,,,,,PRINCE PIPES FITTINGS LTD,265.5,268.15,264.55,265.75,266.0,265.25,,265.72,,,67525,17968743.8,2741,F1,1,,,,,
2026-09-23,2026-09-23,CM,NSE,STK,765558,INE15EH01014,PRIORITY,EQ,,,,,PRIORITY JEWELS LIMITED,224.0,268.2,223.8,263.35,266.5,223.5,,263.32,,,1265732,320887910.47,15632,F1,1,,,,,
2026-09-23,2026-09-23,CM,NSE,STK,2739,INE010A01011,PRSMJOHNSN,EQ,,,,,PRISM JOHNSON LIMITED,116.05,116.9,115.65,116.43,116.5,116.08,,116.44,,,181974,21170694.63,2674,F1,1,,,,,
2026-09-23,2026-09-23,CM,NSE,STK,765155,INE286N01028,PRISMX,EQ,,,,,PRISMX GLOBAL VENTURES L,0.55,0.55,0.53,0.53,0.53,0.55,,0.52,,,233005,124556.59,116,F1,1,,,,,
2026-09-23,2026-09-23,CM,NSE,STK,8304,INE974Z01015,PRITI,EQ,,,,,PRITI INTERNATIONAL LTD,33.8,33.8,32.6,33.17,33.01,32.9,,33.17,,,4115,137251.0,119,F1,1,,,,,
2026-09-23,2026-09-23,CM,NSE,STK,5296,INE583R01029,PRITIKAUTO,BE,,,,,PRITIKA AUTO INDUS LTD,15.6,16.37,15.05,16.33,16.36,15.6,,16.33,,,212879,3391199.78,466,F1,1,,,,,
2026-09-23,2026-09-23,CM,NSE,STK,12971,INE0MJQ01020,PRITIKA,SM,,,,,PRITIKA ENG COMPO LTD,63.0,63.0,63.0,63.0,63.0,63.0,,63.0,,,4000,252000.0,2,F1,2000,,,,,
2026-09-23,2026-09-23,CM,NSE,STK,8825,INE959A01019,PRIVISCL,EQ,,,,,PRIVI SPECIALITY CHE LTD,3485.0,3497.0,3402.6,3483.8,3463.3,3515.2,,3483.61,,,235188,812025851.9,44282,F1,1,,,,,
2026-09-23,2026-09-23,CM,NSE,STK,24511,INE0V9N01017,PRIZOR,ST,,,,,PRIZOR VIZTECH LIMITED,1123.8,1128.55,1123.8,1128.55,1128.55,1106.45,,1128.55,,,9600,10807840.0,22,F1,400,,,,,
2026-09-23,2026-09-23,CM,NSE,STK,757806,INE0VJT01017,PROFX,SM,,,,,PRO FX TECH LIMITED,70.0,70.0,70.0,70.0,70.0,70.5,,70.0,,,1600,112000.0,1,F1,1600,,,,,
2026-09-23,2026-09-23,CM,NSE,STK,940,INE199A01012,PGHL,EQ,,,,,PROCTER & GAMBLE HEALTH L,5480.0,5515.5,5410.0,5452.0,5419.5,5459.0,,5451.82,,,17583,95844406.5,3618,F1,1,,,,,
2026-09-23,2026-09-23,CM,NSE,STK,19352,INE994V01012,PROLIFE,SM,,,,,PROLIFE INDUSTRIES LTD,79.0,79.0,79.0,79.0,79.0,80.0,,79.0,,,500,39500.0,1,F1,500,,,,,
2026-09-23,2026-09-23,CM,NSE,STK,764345,INE1FFX01018,PROPSHOP,SM,,,,,PROPSHOP EVENTS AND EXH L,72.4,73.9,71.05,73.0,72.95,70.25,,73.0,,,34000,2472700.0,12,F1,2000,,,,,
2026-09-23,2026-09-23,CM,NSE,STK,758173,INE0BX301013,PROSTARM,EQ,,,,,PROSTARM INFO SYSTEMS LTD,139.4,141.6,131.42,138.08,138.25,127.84,,138.08,,,1923182,264378636.91,19995,F1,1,,,,,
2026-09-23,2026-09-23,CM,NSE,STK,29472,INE004A01022,PROTEAN,EQ,,,,,PROTEAN EGOV TECHNO LTD,629.2,645.0,605.2,636.2,640.0,620.65,,636.15,,,1881519,1171175235.8,52949,F1,1,,,,,
2026-09-23,2026-09-23,CM,NSE,STK,16483,INE0ONE01016,PROV,SM,,,,,PROVENTUS AGROCOM LIMITED,2050.0,2050.0,1890.0,1940.0,1940.0,1887.7,,1940.0,,,1600,3120388.0,20,F1,80,,,,,
2026-09-23,2026-09-23,CM,NSE,STK,28859,INE195N01013,PROZONER,EQ,,,,,PROZONE REALTY LIMITED,51.5,52.99,50.76,52.19,51.72,52.23,,52.17,,,291649,14997843.57,2483,F1,1,,,,,
2026-09-23,2026-09-23,CM,NSE,STK,9553,INE00F201020,PRUDENT,EQ,,,,,PRUDENT CORP ADV SER LTD,3400.0,3498.0,3338.3,3352.7,3342.0,3403.7,,3352.82,,,24467,83204152.9,4159,F1,1,,,,,
2026-09-23,2026-09-23,CM,NSE,STK,20527,INE024D01016,PRUDMOULI,EQ,,,,,PRUDENTIAL SUGAR CORPORAT,14.0,14.0,13.7,13.8,13.96,13.71,,13.86,,,2692,37635.54,28,F1,1,,,,,
2026-09-23,2026-09-23,CM,NSE,STK,20877,INE488V01015,PSPPROJECT,EQ,,,,,PSP PROJECTS LIMITED,834.0,848.25,827.1,832.55,835.1,828.7,,832.56,,,139703,117023815.2,4079,F1,1,,,,,
2026-09-23,2026-09-23,CM,NSE,STK,22602,INE560K01014,PFS,EQ,,,,,PTC INDIA FIN SERV LTD,26.5,27.14,26.43,26.72,26.95,26.43,,26.73,,,485229,13065175.81,4322,F1,1,,,,,
2026-09-23,2026-09-23,CM,NSE,STK,11355,INE877F01012,PTC,EQ,,,,,PTC INDIA LIMITED,156.05,157.4,155.68,157.08,157.24,155.63,,157.08,,,724814,113632284.71,11934,F1,1,,,,,
2026-09-23,2026-09-23,CM,NSE,STK,16682,INE596F01018,PTCIL,EQ,,,,,PTC INDUSTRIES LIMITED,22130.0,22500.0,22130.0,22355.0,22305.0,22130.0,,22354.41,,,7635,170910920.0,3137,F1,1,,,,,
2026-09-23,2026-09-23,CM,NSE,STK,14101,INE034D01049,PTL,EQ,,,,,PTL ENTERPRISES LTD,38.35,38.5,38.11,38.18,38.32,38.35,,38.18,,,37612,1443488.55,385,F1,1,,,,,
2026-09-23,2026-09-23,CM,NSE,STK,15377,INE865T01018,PDMJEPAPER,EQ,,,,,PUDUMJEE PAPER PRO. LTD,99.25,101.45,98.0,98.27,98.0,97.36,,98.28,,,130398,12911397.85,2549,F1,1,,,,,
2026-09-23,2026-09-23,CM,NSE,STK,507,INE335X01014,PULZ,SM,,,,,PULZ ELECTRONICS LIMITED,22.5,22.5,20.45,20.45,20.45,21.5,,20.45,,,18000,373800.0,9,F1,2000,,,,,
2026-09-23,2026-09-23,CM,NSE,STK,21001,INE608A01012,PSB,EQ,,,,,PUNJAB & SIND BANK,21.92,22.24,21.92,22.1,22.11,21.93,,22.1,,,807656,17828207.5,3801,F1,1,,,,,
2026-09-23,2026-09-23,CM,NSE,STK,4344,INE277B01014,PUNJABCHEM,EQ,,,,,PUNJAB CHEM & CROP PROT L,1051.0,1087.0,1051.0,1064.9,1067.8,1066.2,,1064.87,,,4369,4679204.3,631,F1,1,,,,,
2026-09-23,2026-09-23,CM,NSE,STK,10666,INE160A01022,PNB,EQ,,,,,PUNJAB NATIONAL BANK,116.61,118.9,116.61,118.3,118.3,117.0,,118.3,,,12840968,1517447775.85,36389,F1,1,,,,,
2026-09-23,2026-09-23,CM,NSE,STK,14922,INE323I01011,PURVA,EQ,,,,,PURAVANKARA LIMITED,218.79,218.79,215.92,216.82,216.7,216.69,,216.84,,,94686,20534459.15,2677,F1,1,,,,,
2026-09-23,2026-09-23,CM,NSE,STK,765568,INE0I1B01016,PERNIASPOP,EQ,,,,,PURPLE STYLE LABS LIMITED,545.0,559.85,538.05,549.05,546.6,545.75,,549.03,,,129229,71172526.45,5180,F1,1,,,,,
2026-09-23,2026-09-23,CM,NSE,STK,28044,INE0P5R01014,PURPLEUTED,ST,,,,,PURPLE UNITED SALES LTD,472.1,485.85,471.5,483.5,483.5,462.75,,483.5,,,29250,14142425.0,97,F1,250,,,,,
2026-09-23,2026-09-23,CM,NSE,STK,757683,INE154801018,PUSHPA,SM,,,,,PUSHPA JEWELLERS LIMITED,101.2,106.9,92.8,103.0,103.0,106.0,,103.0,,,236000,23573650.0,199,F1,1000,,,,,
2026-09-23,2026-09-23,CM,NSE,STK,4010,INE362A01016,PVP,EQ,,,,,PVP VENTURES LIMITED,66.99,68.61,66.5,68.61,68.61,65.35,,68.66,,,709084,48272411.76,2407,F1,1,,,,,
2026-09-23,2026-09-23,CM,NSE,STK,13147,INE191H01014,PVRINOX,EQ,,,,,PVR INOX LIMITED,1329.3,1329.3,1292.4,1317.5,1308.0,1334.8,,1317.39,,,481134,632309490.5,33903,F1,1,,,,,
2026-09-23,2026-09-23,CM,NSE,STK,18250,INE0MIS01010,PYRAMID,EQ,,,,,PYRAMID TECHNOPLAST LTD,159.6,160.88,155.11,159.33,159.97,157.79,,159.33,,,50286,8027732.84,815,F1,1,,,,,
2026-09-23,2026-09-23,CM,NSE,STK,763594,INE1G2W01011,QLINE,SM,,,,,Q-LINE BIOTECH LIMITED,685.0,710.0,665.0,699.55,702.5,683.25,,699.55,,,72400,49972400.0,172,F1,400,,,,,
2026-09-23,2026-09-23,CM,NSE,STK,751653,INE0FMW01018,QMSMEDI,BE,,,,,QMS MEDICAL ALLIED S LTD,192.8,197.0,184.0,195.1,195.69,192.8,,195.1,,,107134,20747785.88,535,F1,1,,,,,
2026-09-23,2026-09-23,CM,NSE,STK,5875,INE0GOJ01027,QUADPRO,ST,,,,,QUADPRO ITES LIMITED,3.7,3.7,3.7,3.7,3.7,3.55,,3.7,,,24000,88800.0,2,F1,12000,,,,,
2026-09-23,2026-09-23,CM,NSE,STK,29087,INE0LRY01011,QUADFUTURE,EQ,,,,,QUADRANT FUTURE TEK LTD,525.0,537.05,524.8,526.55,526.7,522.4,,526.54,,,298871,158315000.2,10538,F1,1,,,,,
2026-09-23,2026-09-23,CM,NSE,STK,765988,INE1XJ401012,QUALIANCE,ST,,,,,QUALIANCE INTERNATIONAL L,177.0,182.5,177.0,182.5,182.5,173.85,,182.5,,,97000,17669050.0,74,F1,1000,,,,,
2026-09-23,2026-09-23,CM,NSE,STK,14613,INE0O1M01015,QFIL,SM,,,,,QUALITY FOILS (INDIA) LTD,57.0,58.0,57.0,58.0,58.0,60.0,,58.0,,,2000,115000.0,2,F1,1000,,,,,
2026-09-23,2026-09-23,CM,NSE,STK,29711,INE0SII01026,QPOWER,EQ,,,,,QUALITY POWER ELEC EQUP L,1509.0,1566.0,1509.0,1555.6,1557.1,1491.6,,1555.52,,,326604,506047334.3,19343,F1,1,,,,,
2026-09-23,2026-09-23,CM,NSE,STK,15330,INF082J01408,QGOLDHALF,EQ,,,,,QUANTUM GOLD ETF,125.39,125.72,124.95,124.98,124.98,125.2,,124.98,,,61667,7720713.06,524,F1,1,,,,,
2026-09-23,2026-09-23,CM,NSE,STK,16819,INF082J01499,QNIFTY,EQ,,,,,QUANTUM NIFTY 50 ETF,257.8,259.0,257.4,258.62,258.99,257.6,,258.29,,,3050,786545.38,117,F1,1,,,,,
2026-09-23,2026-09-23,CM,NSE,STK,765392,INF966L01EI5,SILVER001,EQ,,,,,QUANT_AMC - SILVER001,23.7,23.94,23.06,23.19,23.2,23.34,,23.19,,,550189,12799071.31,113,F1,1,,,,,
2026-09-23,2026-09-23,CM,NSE,STK,17704,INE615P01015,QUESS,EQ,,,,,QUESS CORP LIMITED,361.0,364.55,356.55,359.0,358.55,360.45,,359.0,,,220486,79513664.05,14936,F1,1,,,,,
2026-09-23,2026-09-23,CM,NSE,STK,23793,INE0TNW01017,QUESTLAB,SM,,,,,QUEST LABORATORIES LTD,72.3,75.9,72.3,75.1,75.1,75.0,,75.1,,,8400,619080.0,7,F1,1200,,,,,
2026-09-23,2026-09-23,CM,NSE,STK,13116,INE306L01010,QUICKHEAL,EQ,,,,,QUICK HEAL TECH LTD,152.48,154.0,150.25,151.57,152.9,152.32,,151.56,,,82002,12459906.78,2330,F1,1,,,,,
2026-09-23,2026-09-23,CM,NSE,STK,15285,INE0K4D01020,QUICKTOUCH,SM,,,,,QUICKTOUCH TECHNOLOGIES L,16.35,16.7,16.15,16.25,16.15,17.0,,16.25,,,6500,105725.0,11,F1,500,,,,,
2026-09-23,2026-09-23,CM,NSE,STK,762857,INE641R01017,QUINT,BE,,,,,QUINT DIGITAL LTD.,82.0,84.58,78.0,84.58,84.58,80.56,,84.58,,,108560,9060998.25,448,F1,1,,,,,
2026-09-23,2026-09-23,CM,NSE,STK,24957,INE0KZF01015,QVCEL,SM,,,,,QVC EXPORTS LIMITED,24.4,24.4,22.45,24.4,24.4,23.25,,24.4,,,14400,344720.0,9,F1,1600,,,,,
2026-09-23,2026-09-23,CM,NSE,STK,23043,INE0NQ801033,RKSWAMY,EQ,,,,,R K SWAMY LIMITED,89.94,94.0,88.0,92.45,92.3,87.8,,92.45,,,39564,3595145.72,514,F1,1,,,,,
2026-09-23,2026-09-23,CM,NSE,STK,757836,INE219Y01026,RMDRIP,BE,,,,,R M DRIP & SPRINK SYS LTD,24.0,24.19,23.5,23.61,23.51,23.72,,23.61,,,298267,7061386.72,529,F1,1,,,,,
2026-09-23,2026-09-23,CM,NSE,STK,762864,INE951M01037,RRIL,EQ,,,,,R R I L LTD.,16.19,16.24,15.8,16.04,16.1,16.11,,16.04,,,28739,457089.62,138,F1,1,,,,,
2026-09-23,2026-09-23,CM,NSE,STK,18566,INE777K01022,RRKABEL,EQ,,,,,R R KABEL LIMITED,2475.0,2519.6,2460.0,2476.7,2480.0,2472.5,,2476.69,,,268514,668139217.3,28557,F1,1,,,,,
2026-09-23,2026-09-23,CM,NSE,STK,762872,INE616F01022,RSDFIN,BE,,,,,R S D FINANCE LTD.,95.0,95.0,87.51,88.07,92.98,91.0,,90.12,,,724,66417.25,21,F1,1,,,,,
2026-09-23,2026-09-23,CM,NSE,STK,13414,INE411H01032,RSYSTEMS,EQ,,,,,R SYS INTERNATIONAL LTD,242.04,246.79,239.12,239.6,239.19,239.45,,239.6,,,320943,77518406.46,4814,F1,1,,,,,
2026-09-23,2026-09-23,CM,NSE,STK,764855,INE005C01017,RTSPOWR,EQ,,,,,R T S POWER CORPN. LTD.,85.51,90.89,85.51,89.0,89.0,90.06,,89.0,,,8753,780389.07,49,F1,1,,,,,
2026-09-23,2026-09-23,CM,NSE,STK,758984,INE012Q01039,RNBDENIMS,BE,,,,,R&B DENIMS LIMITED,9.01,9.17,8.97,9.13,9.14,8.96,,9.13,,,118204,1070079.6,362,F1,1,,,,,
2026-09-23,2026-09-23,CM,NSE,STK,6429,INE165B01029,RSSOFTWARE,EQ,,,,,R. S. SOFTWARE (INDIA) LI,31.05,32.9,31.05,32.39,32.44,31.6,,32.39,,,22923,738754.04,349,F1,1,,,,,
2026-09-23,2026-09-23,CM,NSE,STK,20760,INE324L01013,RPPINFRA,EQ,,,,,R.P.P INFRA PROJECTS LTD,53.94,55.6,53.94,55.05,55.3,54.98,,55.04,,,25033,1379089.24,496,F1,1,,,,,
2026-09-23,2026-09-23,CM,NSE,STK,762244,INE2PB023011,RIIT,IV,,,,,RAAJMARG INFRA INVEST T,119.38,120.45,119.0,119.62,119.8,119.38,,119.62,,,349331,41750588.88,1191,F1,1,,,,,
2026-09-23,2026-09-23,CM,NSE,STK,15391,INE084Q01012,RACE,EQ,,,,,RACE ECO CHAIN LIMITED,143.97,143.97,122.0,122.91,122.11,119.98,,122.92,,,685875,92232749.95,8038,F1,1,,,,,
2026-09-23,2026-09-23,CM,NSE,STK,9854,INE02OY01016,RILINFRA,SM,,,,,RACHANA INFRA LTD,34.45,34.45,33.0,33.05,33.1,33.35,,33.05,,,5100,170550.0,29,F1,100,,,,,
2026-09-23,2026-09-23,CM,NSE,STK,27171,INE704B01017,RACLGEAR,EQ,,,,,RACL GEARTECH LIMITED,1758.0,1795.0,1640.0,1689.6,1690.0,1758.0,,1689.73,,,68163,115907294.6,9768,F1,1,,,,,
2026-09-23,2026-09-23,CM,NSE,STK,10932,INE874F01027,RADAAN,EQ,,,,,RADAAN MEDIAWORKS (I) LTD,2.87,3.44,2.52,3.13,3.11,2.87,,3.13,,,566770,1795861.18,613,F1,1,,,,,
2026-09-23,2026-09-23,CM,NSE,STK,10347,INE583V01021,RADHIKAJWE,BE,,,,,RADHIKA JEWELTECH LIMITED,71.9,73.0,69.21,71.92,72.16,72.15,,71.94,,,222369,15852889.83,1506,F1,1,,,,,
2026-09-23,2026-09-23,CM,NSE,STK,13580,INE855R01021,RADIANTCMS,EQ,,,,,RADIANT CASH MGMT SER LTD,35.24,35.99,33.62,35.54,35.6,35.24,,35.54,,,455125,15958020.4,1944,F1,1,,,,,
2026-09-23,2026-09-23,CM,NSE,STK,10990,INE944F01028,RADICO,EQ,,,,,RADICO KHAITAN LTD,4450.4,4614.1,4450.4,4601.9,4601.9,4448.8,,4601.91,,,528324,2424785946.3,63981,F1,1,,,,,
2026-09-23,2026-09-23,CM,NSE,STK,23445,INE430U01019,RADIOWALLA,ST,,,,,RADIOWALLA NETWORK LTD,27.75,27.75,27.75,27.75,27.75,26.45,,27.75,,,20800,577200.0,5,F1,1600,,,,,
2026-09-23,2026-09-23,CM,NSE,STK,24735,INE912T01018,RPEL,EQ,,,,,RAGHAV PRODUCTIVITY ENH L,1742.0,1783.3,1701.0,1711.7,1715.0,1742.3,,1711.75,,,57548,100126660.0,8525,F1,1,,,,,
2026-09-23,2026-09-23,CM,NSE,STK,9552,INE415G01027,RVNL,EQ,,,,,RAIL VIKAS NIGAM LIMITED,211.8,213.86,210.45,211.77,211.77,211.15,,211.76,,,2894169,613856764.01,26498,F1,1,,,,,
2026-09-23,2026-09-23,CM,NSE,STK,2431,INE0DD101019,RAILTEL,EQ,,,,,RAILTEL CORP OF IND LTD,264.1,270.0,263.3,268.75,269.2,263.9,,268.74,,,570785,152347675.85,13275,F1,1,,,,,
2026-09-23,2026-09-23,CM,NSE,STK,15337,INE855B01025,RAIN,EQ,,,,,RAIN INDUSTRIES LIMITED,219.8,224.7,218.15,221.86,221.3,219.54,,221.85,,,2970299,657765529.83,26373,F1,1,,,,,
2026-09-23,2026-09-23,CM,NSE,STK,9408,INE961O01016,RAINBOW,EQ,,,,,RAINBOW CHILDRENS MED LTD,1429.8,1443.4,1400.6,1406.5,1405.0,1430.9,,1406.52,,,93353,132151414.6,12653,F1,1,,,,,
2026-09-23,2026-09-23,CM,NSE,STK,359,INE294G01026,ROML,EQ,,,,,RAJ OIL MILLS LIMITED,42.0,42.25,41.14,41.87,42.25,41.14,,41.87,,,2617,109611.92,26,F1,1,,,,,
2026-09-23,2026-09-23,CM,NSE,STK,8428,INE533D01032,RAJRILTD,BE,,,,,RAJ RAYON INDUSTRIES LTD,20.15,20.55,19.75,20.17,20.55,20.15,,20.17,,,22653,455140.14,145,F1,1,,,,,
2026-09-23,2026-09-23,CM,NSE,STK,14403,INE952H01027,RAJTV,EQ,,,,,RAJ TV NETWORK LTD,9.55,9.77,9.35,9.77,9.77,9.31,,9.77,,,82629,800879.41,118,F1,1,,,,,
2026-09-23,2026-09-23,CM,NSE,STK,762859,INE296E01026,RAJPALAYAM,EQ,,,,,RAJAPALAYAM MILLS LTD.,769.0,794.95,769.0,790.45,789.95,758.5,,789.87,,,1133,883794.5,30,F1,1,,,,,
2026-09-23,2026-09-23,CM,NSE,STK,181,INE610C01014,ARENTERP,EQ,,,,,RAJDARSHAN INDUSTRIES LTD,34.77,35.75,34.0,34.98,34.98,34.77,,34.98,,,1317,45464.97,56,F1,1,,,,,
2026-09-23,2026-09-23,CM,NSE,STK,760461,INE343B01030,RAJESHEXPO,BZ,,,,,RAJESH EXPORTS LTD,69.0,69.7,66.61,68.53,68.4,68.74,,68.75,,,258109,17631244.87,3452,F1,1,,,,,
2026-09-23,2026-09-23,CM,NSE,STK,765445,INE0BZQ20011,RCDL-RE,ST,,,,,RAJGOR CAST DERIVATI LTD,3.6,4.05,3.6,4.05,4.05,3.4,,4.05,,,486000,1963800.0,59,F1,3000,,,,,
2026-09-23,2026-09-23,CM,NSE,STK,19681,INE0BZQ01011,RCDL,SM,,,,,RAJGOR CASTOR DERIVATI L,15.35,15.5,15.0,15.5,15.5,14.8,,15.5,,,168000,2593800.0,31,F1,3000,,,,,
2026-09-23,2026-09-23,CM,NSE,STK,2168,INE00KV01022,RAJMET,EQ,,,,,RAJNANDINI METAL LIMITED,3.17,3.17,3.11,3.12,3.14,3.14,,3.12,,,293642,920920.28,634,F1,1,,,,,
2026-09-23,2026-09-23,CM,NSE,STK,757052,INE535F01024,RAJOOENG,BE,,,,,RAJOO ENGINEERS LIMITED,55.3,55.8,54.2,55.25,55.32,54.31,,55.25,,,236357,13049014.49,811,F1,1,,,,,
2026-09-23,2026-09-23,CM,NSE,STK,27269,INE0VHU01019,RAJPUTANA,SM,,,,,RAJPUTANA BIODIESEL LTD,198.0,198.0,192.1,198.0,198.0,194.55,,198.0,,,7000,1376200.0,13,F1,500,,,,,
2026-09-23,2026-09-23,CM,NSE,STK,24707,INE0PCU01012,RAJINDLTD,SM,,,,,RAJPUTANA INDUSTRIES LTD,66.0,67.0,66.0,67.0,67.0,64.3,,67.0,,,6000,399750.0,4,F1,1500,,,,,
2026-09-23,2026-09-23,CM,NSE,STK,761439,INE313L01016,RSL,EQ,,,,,RAJPUTANA STAINLESS LTD,187.0,192.65,183.33,184.02,185.36,187.27,,184.03,,,251660,46910355.23,7482,F1,1,,,,,
2026-09-23,2026-09-23,CM,NSE,STK,18962,INE451D01029,RAJRATAN,EQ,,,,,RAJRATAN GLOBAL WIRE LTD,452.0,500.0,452.0,483.2,482.2,450.2,,483.22,,,618194,300306487.75,26203,F1,1,,,,,
2026-09-23,2026-09-23,CM,NSE,STK,6915,INE760W01023,RPPL,BE,,,,,RAJSHREE POLYPACK LTD,19.54,20.51,19.32,20.46,20.5,19.54,,20.46,,,31463,635998.38,92,F1,1,,,,,
2026-09-23,2026-09-23,CM,NSE,STK,2809,INE562B01019,RAJSREESUG,EQ,,,,,RAJSHREE SUGAR & CHEMICAL,32.49,32.88,31.55,32.0,31.9,32.16,,32.0,,,18445,592726.11,303,F1,1,,,,,
2026-09-23,2026-09-23,CM,NSE,STK,2816,INE613A01020,RALLIS,EQ,,,,,RALLIS INDIA LTD,201.52,203.53,201.49,202.62,202.5,201.95,,202.61,,,285026,57712799.48,11890,F1,1,,,,,
2026-09-23,2026-09-23,CM,NSE,STK,10485,INE207E01023,RAMRAT,EQ,,,,,RAM RATNA WIRES LIMITED,569.8,578.2,550.65,558.65,558.3,562.75,,558.65,,,243033,136521415.8,13149,F1,1,,,,,
2026-09-23,2026-09-23,CM,NSE,STK,10568,INE809A01032,RAMAPHO,EQ,,,,,RAMA PHOSPHATES LIMITED,121.2,124.99,120.0,123.21,123.69,120.16,,123.2,,,22878,2805929.65,621,F1,1,,,,,
2026-09-23,2026-09-23,CM,NSE,STK,10304,INE230R01035,RAMASTEEL,BE,,,,,RAMA STEEL TUBES LIMITED,4.6,4.72,4.48,4.66,4.65,4.54,,4.66,,,4512972,20824837.79,4350,F1,1,,,,,
2026-09-23,2026-09-23,CM,NSE,STK,4587,INE614A01028,RAMCOIND,EQ,,,,,RAMCO INDUSTRIES LIMITED,319.15,326.9,319.15,325.95,325.0,320.85,,325.96,,,78432,25384412.6,3778,F1,1,,,,,
2026-09-23,2026-09-23,CM,NSE,STK,7851,INE246B01019,RAMCOSYS,EQ,,,,,RAMCO SYSTEMS LTD.,598.0,612.0,592.4,598.0,595.0,592.4,,597.99,,,99924,60305933.0,3937,F1,1,,,,,
2026-09-23,2026-09-23,CM,NSE,STK,11411,INE399G01023,RKFORGE,EQ,,,,,RAMKRISHNA FORGINGS LTD,714.0,723.05,705.5,710.2,712.5,716.25,,710.19,,,373182,266307922.9,13176,F1,1,,,,,
2026-09-23,2026-09-23,CM,NSE,STK,20134,INE874I01013,RAMKY,EQ,,,,,RAMKY INFRA LTD,319.2,327.7,317.4,325.15,326.55,316.55,,325.13,,,35578,11466353.3,1447,F1,1,,,,,
2026-09-23,2026-09-23,CM,NSE,STK,2837,INE625B01014,RANASUG,EQ,,,,,RANA SUGARS LTD.,14.11,14.39,14.01,14.06,14.06,14.11,,14.06,,,358493,5083238.08,1155,F1,1,,,,,
2026-09-23,2026-09-23,CM,NSE,STK,11975,INE050H01012,RML,EQ,,,,,RANE (MADRAS) LIMITED,1338.1,1380.0,1338.1,1356.7,1350.0,1347.9,,1356.76,,,25789,34983352.0,3508,F1,1,,,,,
2026-09-23,2026-09-23,CM,NSE,STK,2844,INE384A01010,RANEHOLDIN,EQ,,,,,RANE HOLDINGS LIMITED,1575.1,1600.0,1570.0,1591.9,1592.0,1585.6,,1591.88,,,5363,8512761.8,653,F1,1,,,,,
2026-09-23,2026-09-23,CM,NSE,STK,30460,INE0QX901013,RAPIDFLEET,SM,,,,,RAPID FLEET MGT SERVICE L,195.35,205.2,195.35,200.0,200.0,211.0,,200.0,,,9000,1826100.0,15,F1,600,,,,,
2026-09-23,2026-09-23,CM,NSE,STK,25610,INE0MVO01012,RAPPID,SM,,,,,RAPPID VALVES (INDIA) LTD,358.95,362.0,352.55,361.7,361.7,346.1,,361.7,,,38400,13822650.0,60,F1,600,,,,,
2026-09-23,2026-09-23,CM,NSE,STK,22670,INE0J1F01024,RPTECH,EQ,,,,,RASHI PERIPHERALS LIMITED,900.0,900.95,877.6,898.7,894.7,883.55,,898.7,,,382200,341849405.7,19884,F1,1,,,,,
2026-09-23,2026-09-23,CM,NSE,STK,2866,INE027A01015,RCF,EQ,,,,,RASHTRIYA CHEMICALS & FER,107.95,109.98,107.6,109.63,109.8,107.63,,109.63,,,1218290,133017921.99,10373,F1,1,,,,,
2026-09-23,2026-09-23,CM,NSE,STK,7177,INE0CLI01024,RATEGAIN,EQ,,,,,RATEGAIN TRAVEL TECHN LTD,841.3,853.95,828.3,851.8,852.2,837.5,,851.81,,,259610,218973394.2,20181,F1,1,,,,,
2026-09-23,2026-09-23,CM,NSE,STK,13451,INE703B01027,RATNAMANI,EQ,,,,,RATNAMANI MET & TUB LTD.,2771.0,2841.0,2771.0,2800.8,2814.0,2781.7,,2801.43,,,28051,79017269.2,7549,F1,1,,,,,
2026-09-23,2026-09-23,CM,NSE,STK,18423,INE05CZ01011,RATNAVEER,EQ,,,,,RATNAVEER PRECISION ENG L,334.0,343.75,322.1,331.4,331.5,332.3,,331.4,,,7495098,2481203520.65,46856,F1,1,,,,,
2026-09-23,2026-09-23,CM,NSE,STK,27297,INE834M01019,RTNINDIA,EQ,,,,,RATTANINDIA ENT LIMITED,27.47,27.94,27.25,27.45,27.25,27.22,,27.45,,,900767,24875837.84,4626,F1,1,,,,,
2026-09-23,2026-09-23,CM,NSE,STK,17520,INE399K01017,RTNPOWER,EQ,,,,,RATTANINDIA POWER LIMITED,7.09,7.16,7.03,7.11,7.11,7.06,,7.11,,,11771033,83680474.55,9088,F1,1,,,,,
2026-09-23,2026-09-23,CM,NSE,STK,20950,INE722J01012,RKDL,EQ,,,,,RAVI KUMAR DIST. LTD.,19.0,19.0,18.25,18.49,18.42,18.85,,18.51,,,5843,108852.2,94,F1,1,,,,,
2026-09-23,2026-09-23,CM,NSE,STK,1565,INE09E501017,RVHL,EQ,,,,,RAVINDER HEIGHTS LIMITED,40.79,40.79,39.07,39.48,40.05,39.65,,39.5,,,5411,215060.58,128,F1,1,,,,,
2026-09-23,2026-09-23,CM,NSE,STK,24596,INE206N01018,RELTD,EQ,,,,,RAVINDRA ENERGY LIMITED,150.51,151.39,147.4,149.36,148.6,151.26,,149.45,,,76395,11384146.49,1791,F1,1,,,,,
2026-09-23,2026-09-23,CM,NSE,STK,25073,INE02ID01020,RAYMONDLSL,EQ,,,,,RAYMOND LIFESTYLE LIMITED,657.7,685.0,653.1,677.45,678.5,652.8,,677.45,,,513403,346555865.2,25108,F1,1,,,,,
2026-09-23,2026-09-23,CM,NSE,STK,2859,INE301A01014,RAYMOND,EQ,,,,,RAYMOND LTD,1130.05,1137.0,1074.4,1114.65,1125.0,1116.95,,1114.66,,,4461009,4945420515.4,145537,F1,1,,,,,
2026-09-23,2026-09-23,CM,NSE,STK,758551,INE1SY401010,RAYMONDREL,EQ,,,,,RAYMOND REALTY LIMITED,591.0,679.0,591.0,671.45,669.25,589.5,,671.43,,,12802316,8475401662.4,290981,F1,1,,,,,
2026-09-23,2026-09-23,CM,NSE,STK,765936,INE1FCO01014,MOMSBELIEF,EQ,,,,,RAYS OF BELIEF LIMITED,228.85,239.0,224.02,227.7,226.0,228.33,,227.68,,,252520,58996723.27,3654,F1,1,,,,,
2026-09-23,2026-09-23,CM,NSE,STK,18391,INE976G01028,RBLBANK,EQ,,,,,RBL BANK LIMITED,423.2,429.6,422.05,428.0,428.0,423.2,,427.98,,,3651779,1558494240.75,62406,F1,1,,,,,
2026-09-23,2026-09-23,CM,NSE,STK,13570,INE0NA301016,RBMINFRA,SM,,,,,RBM INFRACON LIMITED,269.0,273.35,268.0,270.9,270.9,271.1,,270.9,,,11800,3202720.0,47,F1,200,,,,,
2026-09-23,2026-09-23,CM,NSE,STK,20893,INE0PEQ01016,RBZJEWEL,BE,,,,,RBZ JEWELLERS LIMITED,177.8,183.62,171.3,178.05,181.0,177.78,,178.0,,,106045,18933231.45,891,F1,1,,,,,
2026-09-23,2026-09-23,CM,NSE,STK,764850,INE0AK901016,RRECL,EQ,,,,,RDB REAL ESTATE CONS L,133.0,137.0,133.0,137.0,137.0,137.0,,132.28,,,1120,149229.0,14,F1,1,,,,,
2026-09-23,2026-09-23,CM,NSE,STK,29561,INE10QL01011,READYMIX,SM,,,,,READYMIX CONSTRU MACHI L,70.0,70.0,66.5,67.9,67.9,69.95,,67.9,,,19000,1308250.0,17,F1,1000,,,,,
2026-09-23,2026-09-23,CM,NSE,STK,15355,INE020B01018,RECLTD,EQ,,,,,REC LIMITED,308.0,313.4,307.65,311.5,311.5,307.1,,311.5,,,5448840,1694569051.7,38232,F1,1,,,,,
2026-09-23,2026-09-23,CM,NSE,STK,14255,INE891D01026,REDINGTON,EQ,,,,,REDINGTON LIMITED,412.95,419.5,397.1,400.75,397.95,410.35,,400.76,,,4661529,1905503820.1,81549,F1,1,,,,,
2026-09-23,2026-09-23,CM,NSE,STK,17859,INE0LXT01019,REDTAPE,EQ,,,,,REDTAPE LIMITED,119.3,123.75,117.51,121.1,120.55,118.8,,121.1,,,932477,112573647.46,15429,F1,1,,,,,
2026-09-23,2026-09-23,CM,NSE,STK,17764,INE056I01025,REFEX,EQ,,,,,REFEX INDUSTRIES LIMITED,291.95,292.8,285.05,286.65,286.0,291.0,,286.64,,,232580,67134663.1,4005,F1,1,,,,,
2026-09-23,2026-09-23,CM,NSE,STK,23718,INE0TNX01015,REFRACTORY,SM,,,,,REFRACTORY SHAPES LIMITED,36.55,36.55,36.55,36.55,36.55,34.85,,36.55,,,37000,1352350.0,20,F1,1000,,,,,
2026-09-23,2026-09-23,CM,NSE,STK,758680,INE0MHO01029,REGAAL,EQ,,,,,REGAAL RESOURCES LIMITED,100.0,103.0,93.3,94.56,96.01,97.21,,94.56,,,3705161,367492108.01,34190,F1,1,,,,,
2026-09-23,2026-09-23,CM,NSE,STK,4130,INE277C01012,REGENCERAM,EQ,,,,,REGENCY CERAMICS LTD.,36.75,36.75,30.4,34.89,35.0,33.3,,34.88,,,5232,176605.79,203,F1,1,,,,,
2026-09-23,2026-09-23,CM,NSE,STK,24225,INE131B01039,RELAXO,EQ,,,,,RELAXO FOOT LTD.,293.7,300.95,293.6,298.3,299.2,292.65,,298.3,,,258882,77200270.6,10613,F1,1,,,,,
2026-09-23,2026-09-23,CM,NSE,STK,3172,INF204KC1030,GILT5YBEES,EQ,,,,,RELCAPAMC - NETFGILT5Y,65.9,66.31,65.9,66.05,66.1,65.92,,66.05,,,107350,7092645.67,319,F1,1,,,,,
2026-09-23,2026-09-23,CM,NSE,STK,24378,INE375Y01018,RELIABLE,EQ,,,,,RELIABLE DATA SERVICE LTD,143.98,147.0,142.02,145.7,147.0,142.05,,145.7,,,10930,1574135.62,314,F1,1,,,,,
2026-09-23,2026-09-23,CM,NSE,STK,9652,INE750D01016,RELCHEMQ,EQ,,,,,RELIANCE CHEMOTEX IND LTD,117.03,120.0,117.03,117.71,120.0,117.61,,117.82,,,2158,255809.44,90,F1,1,,,,,
2026-09-23,2026-09-23,CM,NSE,STK,13188,INE330H01018,RCOM,BE,,,,,RELIANCE COMMUNICATIONS L,0.9,0.93,0.89,0.93,0.93,0.89,,0.93,,,2901999,2668004.74,1913,F1,1,,,,,
2026-09-23,2026-09-23,CM,NSE,STK,759204,INE217K01011,RHFL,BZ,,,,,RELIANCE HOME FINANCE LTD,1.73,1.73,1.67,1.69,1.7,1.7,,1.69,,,845626,1425468.89,985,F1,1,,,,,
2026-09-23,2026-09-23,CM,NSE,STK,2912,INE046A01015,RIIL,EQ,,,,,RELIANCE INDUSTRIAL INFRA,711.95,731.0,707.05,719.95,717.05,709.7,,719.94,,,86618,62527815.9,3976,F1,1,,,,,
2026-09-23,2026-09-23,CM,NSE,STK,2885,INE002A01018,RELIANCE,EQ,,,,,RELIANCE INDUSTRIES LTD,1242.0,1252.8,1238.9,1248.0,1248.0,1240.4,,1248.0,,,8352048,10417522387.9,147001,F1,1,,,,,
2026-09-23,2026-09-23,CM,NSE,STK,4791,INE036A01016,RELINFRA,BE,,,,,RELIANCE INFRASTRUCTU LTD,47.06,47.06,47.06,47.06,47.06,48.02,,47.06,,,46344,2180948.64,439,F1,1,,,,,
2026-09-23,2026-09-23,CM,NSE,STK,15259,INE614G01033,RPOWER,EQ,,,,,RELIANCE POWER LTD.,20.81,21.3,20.81,21.03,21.09,20.89,,21.03,,,18429284,387630542.24,29088,F1,1,,,,,
2026-09-23,2026-09-23,CM,NSE,STK,765330,INF205KA1CB9,IVZBANKNF,EQ,,,,,RELIGARAMC - IVZBANKNF,56.46,56.53,56.38,56.53,56.53,56.24,,56.53,,,216,12193.3,5,F1,1,,,,,
2026-09-23,2026-09-23,CM,NSE,STK,765327,INF205KA1CA1,IVZSENSEX,EQ,,,,,RELIGARAMC - IVZSENSEX,74.6,75.11,73.8,75.11,75.11,74.6,,74.8,,,620,46430.79,13,F1,1,,,,,
2026-09-23,2026-09-23,CM,NSE,STK,15068,INE621H01010,RELIGARE,EQ,,,,,RELIGARE ENTER. LTD.,248.55,254.02,248.0,251.77,251.1,249.17,,251.77,,,447019,112248083.42,5460,F1,1,,,,,
2026-09-23,2026-09-23,CM,NSE,STK,3965,INE474C01023,REMSONSIND,EQ,,,,,REMSONS INDUSTRIES LTD,98.2,103.5,96.28,99.87,99.3,97.82,,99.87,,,332855,33193266.95,4515,F1,1,,,,,
2026-09-23,2026-09-23,CM,NSE,STK,16154,INE0O5T01011,REMUS,SM,,,,,REMUS PHARMACEUTICALS L,955.0,989.9,955.0,977.25,983.5,951.15,,977.25,,,13300,12882640.0,54,F1,100,,,,,
2026-09-23,2026-09-23,CM,NSE,STK,15129,INE722H01024,RGL,EQ,,,,,RENAISSANCE GLOBAL LTD,156.78,173.8,155.99,170.48,170.2,156.78,,170.49,,,4184608,703259718.83,42898,F1,1,,,,,
2026-09-23,2026-09-23,CM,NSE,STK,758157,INE0VZX01015,RNPL,SM,,,,,RENOL POLYCHEM LIMITED,54.0,55.1,54.0,54.15,54.15,52.6,,54.15,,,7200,392820.0,6,F1,1200,,,,,
2026-09-23,2026-09-23,CM,NSE,STK,766077,INE08T701025,RENTOMOJO,EQ,,,,,RENTOMOJO LIMITED,527.9,563.0,515.2,521.35,517.6,524.9,,521.36,,,7882264,4256505849.1,150570,F1,1,,,,,
2026-09-23,2026-09-23,CM,NSE,STK,29598,INE612J01015,REPCOHOME,EQ,,,,,REPCO HOME FINANCE LTD,356.0,361.2,354.2,355.85,355.5,357.25,,355.75,,,47082,16773868.95,2061,F1,1,,,,,
2026-09-23,2026-09-23,CM,NSE,STK,13126,INE461B01014,REPRO,EQ,,,,,REPRO INDIA LIMITED,295.0,323.95,295.0,301.35,301.05,298.2,,301.37,,,15927,4921166.8,842,F1,1,,,,,
2026-09-23,2026-09-23,CM,NSE,STK,20323,INE688D01026,RESPONIND,EQ,,,,,RESPONSIVE INDUSTRIES LTD,157.38,167.7,157.38,162.24,161.3,157.38,,162.25,,,1012730,164976554.1,8336,F1,1,,,,,
2026-09-23,2026-09-23,CM,NSE,STK,1494,INE07T201019,RBA,EQ,,,,,RESTAURANT BRAND ASIA LTD,94.11,95.86,93.12,94.86,94.51,93.64,,94.86,,,1931704,182639310.79,16228,F1,1,,,,,
2026-09-23,2026-09-23,CM,NSE,STK,25157,INE0DAB01012,RVTH,EQ,,,,,REVATHI EQUIPMENT INDIA L,718.75,719.0,620.0,641.15,670.0,671.55,,644.4,,,1230,820699.65,96,F1,1,,,,,
2026-09-23,2026-09-23,CM,NSE,STK,29270,INE113601012,REXPRO,SM,,,,,REXPRO ENTERPRISES LTD,34.7,36.6,34.7,36.0,36.0,36.1,,36.0,,,5000,177350.0,5,F1,1000,,,,,
2026-09-23,2026-09-23,CM,NSE,STK,763468,INE0V2V01015,RFBL,ST,,,,,RFBL FLEXI PACK LIMITED,97.5,97.5,97.45,97.5,97.5,92.9,,97.5,,,252000,24569700.0,21,F1,3000,,,,,
2026-09-23,2026-09-23,CM,NSE,STK,759062,INE0KKN01029,RHETAN,EQ,,,,,RHETAN TMT LIMITED,16.79,16.79,16.79,16.79,16.79,17.67,,16.79,,,828372,13908365.88,1415,F1,1,,,,,
2026-09-23,2026-09-23,CM,NSE,STK,31163,INE743M01012,RHIM,EQ,,,,,RHI MAGNESITA INDIA LTD,386.8,401.0,384.05,388.85,388.9,379.2,,388.85,,,4858870,1909842390.65,77573,F1,1,,,,,
2026-09-23,2026-09-23,CM,NSE,STK,2909,INE209B01025,RICOAUTO,EQ,,,,,RICO AUTO INDUSTRIES LTD,128.14,131.24,128.14,129.23,129.03,128.14,,129.23,,,654611,84935535.86,8596,F1,1,,,,,
2026-09-23,2026-09-23,CM,NSE,STK,764121,INE302D01024,RIR,EQ,,,,,RIR POWER ELECTRONICS L,191.37,193.0,188.0,189.75,188.46,191.56,,189.8,,,501113,95226522.68,10222,F1,1,,,,,
2026-09-23,2026-09-23,CM,NSE,STK,18417,INE0N2P01017,RISHABH,EQ,,,,,RISHABH INSTRUMENTS LTD,734.4,752.0,725.75,738.95,739.0,736.55,,738.9,,,96353,70795784.4,5511,F1,1,,,,,
2026-09-23,2026-09-23,CM,NSE,STK,8944,INE01EG01016,RITCO,EQ,,,,,RITCO LOGISTICS LIMITED,287.2,293.4,284.0,289.75,290.0,287.2,,289.83,,,112853,32574800.0,2811,F1,1,,,,,
2026-09-23,2026-09-23,CM,NSE,STK,3761,INE320J01015,RITES,EQ,,,,,RITES LIMITED,205.9,206.18,202.4,204.05,204.17,203.6,,204.06,,,433416,88359627.34,16349,F1,1,,,,,
2026-09-23,2026-09-23,CM,NSE,STK,1547,INE786W01010,RKEC,EQ,,,,,RKEC PROJECTS LIMITED,18.97,19.19,18.5,19.04,19.02,18.43,,19.04,,,36623,693542.78,201,F1,1,,,,,
2026-09-23,2026-09-23,CM,NSE,STK,762346,INE655V01019,RMC,EQ,,,,,RMC SWITCHGEARS LIMITED,226.0,229.85,219.24,221.94,225.9,225.2,,221.87,,,25030,5616847.01,1149,F1,1,,,,,
2026-09-23,2026-09-23,CM,NSE,STK,24589,INE0SA001017,RNFI,SM,,,,,RNFI SERVICES LIMITED,311.25,317.8,309.35,311.0,310.5,316.5,,311.0,,,31800,9918930.0,46,F1,600,,,,,
2026-09-23,2026-09-23,CM,NSE,STK,15157,INE508K01013,RHL,EQ,,,,,ROBUST HOTELS LIMITED,174.0,179.69,173.1,173.1,173.1,174.82,,173.1,,,467,81486.16,19,F1,1,,,,,
2026-09-23,2026-09-23,CM,NSE,STK,20289,INE0PTR01012,ROCKINGDCE,SM,,,,,ROCKINGDEALS CIRCU ECO L,216.2,224.0,213.35,217.0,217.0,218.75,,217.0,,,2250,488837.5,9,F1,250,,,,,
2026-09-23,2026-09-23,CM,NSE,STK,5279,INE645S01024,ROLEXRINGS,EQ,,,,,ROLEX RINGS LIMITED,173.5,187.65,173.42,183.58,182.66,172.5,,183.58,,,7085323,1292243349.75,72741,F1,1,,,,,
2026-09-23,2026-09-23,CM,NSE,STK,19108,INE927A01040,ROLLT,BE,,,,,ROLLATAINERS LIMITED,6.55,6.57,6.02,6.41,6.4,6.26,,6.41,,,874650,5636464.54,1150,F1,1,,,,,
2026-09-23,2026-09-23,CM,NSE,STK,19410,INE02A801020,ROSSARI,EQ,,,,,ROSSARI BIOTECH LIMITED,442.25,474.2,440.95,454.8,453.0,442.25,,454.79,,,128013,57927296.9,5324,F1,1,,,,,
2026-09-23,2026-09-23,CM,NSE,STK,28913,INE847C01020,ROSSELLIND,EQ,,,,,ROSSELL INDIA LIMITED,52.0,52.45,51.68,52.03,51.85,51.92,,52.05,,,27087,1412186.62,511,F1,1,,,,,
2026-09-23,2026-09-23,CM,NSE,STK,27353,INE0OJW01016,ROSSTECH,EQ,,,,,ROSSELL TECHSYS LIMITED,1494.5,1499.8,1425.0,1449.8,1449.6,1494.1,,1449.73,,,276498,402119517.4,24268,F1,1,,,,,
2026-09-23,2026-09-23,CM,NSE,STK,9049,INE535D01037,ROTO,EQ,,,,,ROTO PUMPS LIMITED,62.85,63.63,62.5,63.13,63.43,62.8,,63.14,,,177737,11212775.49,1844,F1,1,,,,,
2026-09-23,2026-09-23,CM,NSE,STK,128,INE450U01017,ROUTE,EQ,,,,,ROUTE MOBILE LIMITED,467.3,497.25,467.3,473.25,473.0,463.95,,473.27,,,1039348,501615377.0,27642,F1,1,,,,,
2026-09-23,2026-09-23,CM,NSE,STK,20167,INE0PDJ01013,ROXHITECH,SM,,,,,ROX HI TECH LIMITED,44.25,47.0,44.25,46.65,47.0,44.05,,46.65,,,9600,439920.0,6,F1,1600,,,,,
2026-09-23,2026-09-23,CM,NSE,STK,13182,INE283H01019,ROHLTD,EQ,,,,,ROYAL ORCHID HOTELS LTD,313.0,313.0,302.35,309.75,310.5,306.0,,309.75,,,25196,7735732.25,769,F1,1,,,,,
2026-09-23,2026-09-23,CM,NSE,STK,16725,INE105J01010,RPGLIFE,EQ,,,,,RPG LIFE SCIENCES LTD,2771.6,3047.2,2727.1,3025.4,3040.0,2746.9,,3025.66,,,143445,424235521.9,14001,F1,1,,,,,
2026-09-23,2026-09-23,CM,NSE,STK,8119,INE425Y01011,RPSGVENT,EQ,,,,,RPSG VENTURES LIMITED,840.0,859.95,828.3,851.75,859.95,841.65,,851.66,,,15423,13062977.7,944,F1,1,,,,,
2026-09-23,2026-09-23,CM,NSE,STK,2794,INE611A01016,RSWM,EQ,,,,,RSWM LIMITED,228.99,229.0,222.0,225.28,226.39,227.01,,225.25,,,71503,16087273.51,1501,F1,1,,,,,
2026-09-23,2026-09-23,CM,NSE,STK,24730,INE642C01025,RUBFILA,EQ,,,,,RUBFILA INTERNATIONAL LTD,66.53,67.19,65.76,66.04,66.3,66.97,,66.06,,,46712,3112044.22,909,F1,1,,,,,
2026-09-23,2026-09-23,CM,NSE,STK,759316,INE506V01022,RUBICON,EQ,,,,,RUBICON RESEARCH LIMITED,1670.0,1682.5,1632.2,1674.8,1679.0,1671.2,,1674.78,,,600567,999251077.5,45681,F1,1,,,,,
2026-09-23,2026-09-23,CM,NSE,STK,4566,INE413B01023,RUCHINFRA,EQ,,,,,RUCHI INFRASTRUCTURE LTD,5.2,5.38,5.06,5.25,5.28,5.01,,5.25,,,117662,619158.66,280,F1,1,,,,,
2026-09-23,2026-09-23,CM,NSE,STK,13821,INE803H01014,RUCHIRA,EQ,,,,,RUCHIRA PAPERS LIMITED,105.1,106.5,105.1,105.77,105.76,105.93,,105.77,,,20838,2199885.37,629,F1,1,,,,,
2026-09-23,2026-09-23,CM,NSE,STK,760392,INE027T01023,RUDRA,EQ,,,,,RUDRA GLOBAL INFRA PROD L,20.47,20.47,19.74,19.81,19.75,20.1,,19.75,,,39703,790723.86,167,F1,1,,,,,
2026-09-23,2026-09-23,CM,NSE,STK,1480,INE364Z01019,REPL,EQ,,,,,RUDRABHISHEK ENTERP LTD,57.1,59.2,57.1,58.23,57.5,57.67,,58.23,,,1861,107949.46,57,F1,1,,,,,
2026-09-23,2026-09-23,CM,NSE,STK,23830,INE0R7301013,RULKA,SM,,,,,RULKA ELECTRICALS LIMITED,106.6,107.5,103.95,105.2,105.2,106.5,,105.2,,,6900,732540.0,18,F1,300,,,,,
2026-09-23,2026-09-23,CM,NSE,STK,25724,INE895B01021,RUPA,EQ,,,,,RUPA & COMPANY LTD,140.0,141.37,137.97,140.63,140.5,138.52,,140.65,,,127805,17890536.75,3529,F1,1,,,,,
2026-09-23,2026-09-23,CM,NSE,STK,24595,INE573K01025,RUSHIL,EQ,,,,,RUSHIL DECOR LIMITED,16.67,17.28,16.67,16.78,16.87,16.7,,16.78,,,180245,3052528.94,545,F1,1,,,,,
2026-09-23,2026-09-23,CM,NSE,STK,764860,INE137M01017,SAB,EQ,,,,,S A B INDUSTRIES LTD.,174.15,174.15,170.0,170.0,170.0,174.15,,170.0,,,2001,340174.15,3,F1,1,,,,,
2026-09-23,2026-09-23,CM,NSE,STK,24674,INE0BSN01013,SATECH,SM,,,,,S A TECH SOFTWARE INDIA L,37.5,37.5,37.5,37.5,37.5,38.0,,37.5,,,1000,37500.0,1,F1,1000,,,,,
2026-09-23,2026-09-23,CM,NSE,STK,20698,INE807K01035,SCHAND,EQ,,,,,S CHAND AND COMPANY LTD,135.37,142.78,133.92,137.86,137.1,133.75,,137.94,,,58188,7998809.09,1870,F1,1,,,,,
2026-09-23,2026-09-23,CM,NSE,STK,25528,INE0X6F01017,SDREAMS,SM,,,,,S D RETAIL LIMITED,83.95,83.95,81.0,81.5,81.5,81.0,,81.5,,,7000,570650.0,7,F1,1000,,,,,
2026-09-23,2026-09-23,CM,NSE,STK,11212,INE500L01026,SHK,EQ,,,,,S H KELKAR AND CO. LTD.,138.88,146.65,138.88,144.45,144.62,138.28,,144.45,,,536940,76877425.57,8886,F1,1,,,,,
2026-09-23,2026-09-23,CM,NSE,STK,20542,INE0F3301020,SJLOGISTIC,SM,,,,,S J LOGISTICS (INDIA) LTD,313.0,323.3,313.0,321.9,321.0,313.95,,321.9,,,14750,4698187.5,51,F1,250,,,,,
2026-09-23,2026-09-23,CM,NSE,STK,764940,INE159L01013,SVGLOBAL,EQ,,,,,S V GLOBAL MILL LTD.,161.9,163.0,146.55,151.93,163.0,155.6,,151.89,,,4466,691697.39,143,F1,1,,,,,
2026-09-23,2026-09-23,CM,NSE,STK,2951,INE902B01017,S&SPOWER,EQ,,,,,S&S POWER SWITCHGEARS LTD,338.0,338.0,314.1,318.05,318.0,325.45,,318.05,,,1967,628823.95,193,F1,1,,,,,
2026-09-23,2026-09-23,CM,NSE,STK,18252,INE212I01016,SPAL,EQ,,,,,S. P. APPARELS LIMITED,984.5,999.0,976.6,989.5,992.9,979.7,,989.38,,,26317,26093605.7,2687,F1,1,,,,,
2026-09-23,2026-09-23,CM,NSE,STK,11634,INE658G01014,SALSTEEL,EQ,,,,,S.A.L. STEEL LTD.,82.95,85.02,81.72,85.02,85.02,80.98,,85.02,,,359860,30248022.69,2037,F1,1,,,,,
2026-09-23,2026-09-23,CM,NSE,STK,19112,INE0PSK01027,SAAKSHI,ST,,,,,SAAKSHI MEDTEC N PANELS L,372.0,381.45,372.0,380.75,380.75,372.0,,380.75,,,7200,2724990.0,11,F1,600,,,,,
2026-09-23,2026-09-23,CM,NSE,STK,759057,INE13B501022,SAATVIKGL,EQ,,,,,SAATVIK GREEN ENERGY LTD,451.7,457.45,445.0,447.6,446.0,446.75,,447.56,,,130510,58836190.75,5582,F1,1,,,,,
2026-09-23,2026-09-23,CM,NSE,STK,757409,INE1ARD01016,SACHEEROME,SM,,,,,SACHEEROME LIMITED,508.4,513.5,491.0,498.55,491.0,508.4,,498.55,,,15900,8045415.0,46,F1,300,,,,,
2026-09-23,2026-09-23,CM,NSE,STK,13236,INE226H01026,SADBHAV,EQ,,,,,SADBHAV ENGINEERING LTD,7.68,7.8,7.55,7.71,7.7,7.68,,7.71,,,84305,645416.81,230,F1,1,,,,,
2026-09-23,2026-09-23,CM,NSE,STK,10618,INE764L01010,SADBHIN,EQ,,,,,SADBHAV INFRA PROJ LTD.,2.59,2.61,2.55,2.59,2.6,2.58,,2.59,,,110108,284251.31,181,F1,1,,,,,
2026-09-23,2026-09-23,CM,NSE,STK,15349,INE888C01040,SADHNANIQ,BE,,,,,SADHANA NITROCHEM LIMITED,2.85,2.92,2.71,2.75,2.8,2.85,,2.75,,,2339394,6468783.87,1281,F1,1,,,,,
2026-09-23,2026-09-23,CM,NSE,STK,22897,INE0K5H01010,SADHAV,SM,,,,,SADHAV SHIPPING LIMITED,107.1,107.1,104.4,105.0,105.0,107.1,,105.0,,,7200,761610.0,11,F1,600,,,,,
2026-09-23,2026-09-23,CM,NSE,STK,13035,INE429E01023,SAFARI,EQ,,,,,SAFARI IND (INDIA) LTD,1498.0,1506.4,1472.1,1491.6,1482.0,1498.5,,1491.49,,,42901,63883924.9,6066,F1,1,,,,,
2026-09-23,2026-09-23,CM,NSE,STK,757583,INE17D601016,SAFEENTP,SM,,,,,SAFE ENTER RETAIL FIX LTD,254.0,255.0,248.4,250.05,249.05,248.1,,250.05,,,87500,21912075.0,159,F1,500,,,,,
2026-09-23,2026-09-23,CM,NSE,STK,14068,INE229C01021,SAGCEM,EQ,,,,,SAGAR CEMENTS LIMITED,153.98,154.88,150.55,152.68,153.2,151.32,,152.71,,,67000,10218587.54,1180,F1,1,,,,,
2026-09-23,2026-09-23,CM,NSE,STK,8175,INE976T01013,SAGARDEEP,EQ,,,,,SAGARDEEP ALLOYS LIMITED,23.1,24.39,23.1,24.36,24.34,23.39,,24.36,,,8632,205922.08,143,F1,1,,,,,
2026-09-23,2026-09-23,CM,NSE,STK,27052,INE0W2G01015,SAGILITY,EQ,,,,,SAGILITY LIMITED,45.7,46.09,45.64,45.99,45.99,45.61,,45.99,,,5919241,271803586.62,12984,F1,1,,,,,
2026-09-23,2026-09-23,CM,NSE,STK,24478,INE0P4701011,SAHAJSOLAR,SM,,,,,SAHAJ SOLAR LIMITED,93.8,93.8,88.0,89.85,89.9,90.2,,89.85,,,28000,2518020.0,53,F1,400,,,,,
2026-09-23,2026-09-23,CM,NSE,STK,16711,INE0LEX01011,SAHANA,SM,,,,,SAHANA SYSTEM LIMITED,840.0,889.0,824.05,863.05,860.0,841.7,,863.05,,,17700,15148867.5,91,F1,150,,,,,
2026-09-23,2026-09-23,CM,NSE,STK,25668,INE0RBQ01018,SAHASRA,SM,,,,,SAHASRA ELECTRONIC SOLU L,389.0,389.0,389.0,389.0,389.0,370.5,,389.0,,,9600,3734400.0,19,F1,400,,,,,
2026-09-23,2026-09-23,CM,NSE,STK,14900,INE280H01015,SAHYADRI,EQ,,,,,SAHYADRI INDUSTRIES LTD,360.25,371.0,354.1,369.6,370.0,360.25,,369.31,,,6499,2358786.35,642,F1,1,,,,,
2026-09-23,2026-09-23,CM,NSE,STK,764865,INE531X01018,SAICAPI,EQ,,,,,SAI CAPITAL LTD.,153.0,159.8,152.0,155.69,158.0,152.52,,155.69,,,578,90739.4,38,F1,1,,,,,
2026-09-23,2026-09-23,CM,NSE,STK,27839,INE570L01029,SAILIFE,EQ,,,,,SAI LIFE SCIENCES LIMITED,1606.9,1633.4,1600.2,1609.6,1610.0,1600.5,,1609.61,,,265789,429000386.8,21694,F1,1,,,,,
2026-09-23,2026-09-23,CM,NSE,STK,761675,INE0H9F01037,SAIPARENT,EQ,,,,,SAI PARENTERALS LIMITED,509.2,514.2,501.65,509.3,508.0,506.65,,509.23,,,62456,31832962.85,2620,F1,1,,,,,
2026-09-23,2026-09-23,CM,NSE,STK,18755,INE438K01021,KALAMANDIR,EQ,,,,,SAI SILKS (KALAMANDIR) L,78.0,81.9,78.0,79.99,80.25,78.08,,79.98,,,913575,73551739.41,9328,F1,1,,,,,
2026-09-23,2026-09-23,CM,NSE,STK,764880,INE068B01017,SEKURITIND,EQ,,,,,SAINT GOBAIN SEKUR IND L,114.2,117.35,113.65,113.82,113.85,114.35,,113.83,,,21432,2457214.68,425,F1,1,,,,,
2026-09-23,2026-09-23,CM,NSE,STK,9539,INE732S01012,SAKAR,EQ,,,,,SAKAR HEALTHCARE LIMITED,1198.0,1229.85,1151.0,1162.65,1163.45,1188.4,,1162.65,,,228348,271680296.45,16465,F1,1,,,,,
2026-09-23,2026-09-23,CM,NSE,STK,11794,INE667G01023,SAKSOFT,EQ,,,,,SAKSOFT LIMITED,145.0,149.01,144.36,147.79,147.9,144.36,,147.8,,,212364,31242939.72,3771,F1,1,,,,,
2026-09-23,2026-09-23,CM,NSE,STK,2969,INE623A01011,SAKHTISUG,EQ,,,,,SAKTHI SUGARS LTD,18.3,18.95,18.1,18.23,18.32,18.3,,18.24,,,228906,4217672.34,687,F1,1,,,,,
2026-09-23,2026-09-23,CM,NSE,STK,13251,INE190H01024,SAKUMA,EQ,,,,,SAKUMA EXPORTS LIMITED,1.53,1.67,1.52,1.67,1.67,1.52,,1.68,,,2655959,4367278.35,1128,F1,1,,,,,
2026-09-23,2026-09-23,CM,NSE,STK,21362,INE170V01027,SALASAR,EQ,,,,,SALASAR TECHNO ENGG. LTD.,4.96,5.03,4.91,4.94,4.94,4.96,,4.94,,,2776406,13757816.54,3189,F1,1,,,,,
2026-09-23,2026-09-23,CM,NSE,STK,17351,INE498E01010,SALONA,EQ,,,,,SALONA COTSPIN LTD.,271.55,278.9,260.1,270.65,274.95,271.5,,270.71,,,807,215325.7,69,F1,1,,,,,
2026-09-23,2026-09-23,CM,NSE,STK,11399,INE457F01013,SALZERELEC,EQ,,,,,SALZER ELECTRONICS LTD,551.45,555.0,545.05,549.05,554.0,545.95,,549.03,,,29178,16039125.1,1382,F1,1,,,,,
2026-09-23,2026-09-23,CM,NSE,STK,756851,INE124101010,SAMAY,ST,,,,,SAMAY PROJECT SERVICES L,47.8,47.8,47.8,47.8,47.8,47.8,,47.8,,,8000,382400.0,2,F1,4000,,,,,
2026-09-23,2026-09-23,CM,NSE,STK,764870,INE304D01012,SAMBANDAM,EQ,,,,,SAMBANDAM SPINNING MILL L,102.5,102.5,102.5,102.5,102.5,101.0,,103.7,,,1229,125972.5,3,F1,1,,,,,
2026-09-23,2026-09-23,CM,NSE,STK,4127,INE699B01027,SAMBHAAV,EQ,,,,,SAMBHAAV MEDIA LTD,5.96,6.15,5.92,5.98,5.99,5.96,,5.98,,,21203,127349.0,128,F1,1,,,,,
2026-09-23,2026-09-23,CM,NSE,STK,757767,INE12NJ01018,SAMBHV,EQ,,,,,SAMBHV STEEL TUBES LTD,152.8,161.0,151.02,158.22,157.59,151.94,,158.23,,,7438082,1167250005.51,65323,F1,1,,,,,
2026-09-23,2026-09-23,CM,NSE,STK,21096,INE0PZA01015,SAIFL,SM,,,,,SAMEERA AGRO AND INFRA L,4.3,4.35,4.25,4.25,4.25,4.3,,4.25,,,144000,614400.0,30,F1,4000,,,,,
2026-09-23,2026-09-23,CM,NSE,STK,18614,INE08U801020,SAMHI,EQ,,,,,SAMHI HOTELS LIMITED,159.63,161.71,159.4,160.01,160.7,159.52,,160.02,,,402854,64581553.99,7195,F1,1,,,,,
2026-09-23,2026-09-23,CM,NSE,STK,30125,INE148I01020,SAMMAANCAP,EQ,,,,,SAMMAAN CAPITAL LIMITED,142.25,145.94,142.25,144.48,144.2,142.36,,144.48,,,3230314,467458063.43,19793,F1,1,,,,,
2026-09-23,2026-09-23,CM,NSE,STK,27303,INE735M01018,SAMPANN,EQ,,,,,SAMPANN UTPADAN INDIA LTD,24.8,24.8,23.87,24.34,24.35,24.1,,24.34,,,21633,522265.57,214,F1,1,,,,,
2026-09-23,2026-09-23,CM,NSE,STK,4204,INE775A01035,MOTHERSON,EQ,,,,,SAMVRDHNA MTHRSN INTL LTD,162.99,165.2,162.33,164.4,164.4,161.77,,164.4,,,7287266,1195810659.81,53501,F1,1,,,,,
2026-09-23,2026-09-23,CM,NSE,STK,28805,INE0JPD01013,SANATHAN,EQ,,,,,SANATHAN TEXTILES LIMITED,474.7,510.0,472.45,506.35,505.0,471.3,,506.39,,,484976,244063793.2,14137,F1,1,,,,,
2026-09-23,2026-09-23,CM,NSE,STK,2988,INE583B01015,SANDESH,EQ,,,,,SANDESH LTD,1021.5,1050.0,1021.4,1027.0,1026.0,1038.7,,1026.99,,,644,668008.7,186,F1,1,,,,,
2026-09-23,2026-09-23,CM,NSE,STK,2397,INE278H01035,SANDHAR,EQ,,,,,SANDHAR TECHNOLOGIES LTD,589.2,595.0,584.6,591.75,592.0,586.3,,591.77,,,78228,46257916.4,3871,F1,1,,,,,
2026-09-23,2026-09-23,CM,NSE,STK,18359,INE149K01016,SANDUMA,EQ,,,,,SANDUR MANG & IRON ORES L,183.99,190.09,183.24,188.06,188.49,183.24,,188.07,,,548326,102907610.78,10758,F1,1,,,,,
2026-09-23,2026-09-23,CM,NSE,STK,4184,INE495C01010,SANGAMIND,EQ,,,,,SANGAM (INDIA) LTD,574.3,576.75,563.1,570.85,568.7,569.3,,570.85,,,8865,5050486.3,665,F1,1,,,,,
2026-09-23,2026-09-23,CM,NSE,STK,18035,INE0OVI01010,SANGANI,SM,,,,,SANGANI HOSPITALS LIMITED,49.5,51.95,49.5,51.1,51.95,49.5,,51.1,,,4500,230025.0,3,F1,1500,,,,,
2026-09-23,2026-09-23,CM,NSE,STK,14058,INE989A01032,SANGHVIMOV,EQ,,,,,SANGHVI MOVERS LTD,438.2,444.2,435.0,441.75,441.1,438.8,,441.78,,,154318,67776162.3,5943,F1,1,,,,,
2026-09-23,2026-09-23,CM,NSE,STK,11033,INE753W01010,SANGINITA,BE,,,,,SANGINITA CHEMICALS LTD,75.39,75.39,75.39,75.39,75.39,73.92,,75.39,,,46946,3539258.94,59,F1,1,,,,,
2026-09-23,2026-09-23,CM,NSE,STK,25222,INE0UOS01011,SANOFICONR,EQ,,,,,SANOFI CONS HEALTHC IND L,3994.0,4035.2,3955.0,4005.4,4006.9,3993.0,,4005.42,,,2377,9485790.1,893,F1,1,,,,,
2026-09-23,2026-09-23,CM,NSE,STK,1442,INE058A01010,SANOFI,EQ,,,,,SANOFI INDIA LIMITED,3061.0,3076.9,3049.0,3052.4,3060.0,3058.8,,3052.45,,,11216,34293761.2,2154,F1,1,,,,,
2026-09-23,2026-09-23,CM,NSE,STK,5751,INE953O01021,SANSERA,EQ,,,,,SANSERA ENGINEERING LTD,4589.1,4743.5,4530.0,4621.4,4619.0,4586.5,,4621.15,,,546223,2535170527.5,95001,F1,1,,,,,
2026-09-23,2026-09-23,CM,NSE,STK,24582,INE08NE01025,SANSTAR,EQ,,,,,SANSTAR LIMITED,111.5,114.76,110.91,111.15,110.95,112.61,,111.15,,,184575,20733005.41,2657,F1,1,,,,,
2026-09-23,2026-09-23,CM,NSE,STK,46,INE890C01046,SANWARIA,BZ,,,,,SANWARIA CONSUMER LIMITED,0.19,0.2,0.19,0.19,0.2,0.19,,0.2,,,419407,81914.1,152,F1,1,,,,,
2026-09-23,2026-09-23,CM,NSE,STK,6718,INE806T01020,SAPPHIRE,EQ,,,,,SAPPHIRE FOODS INDIA LTD,235.19,237.24,230.41,231.48,231.2,237.24,,231.49,,,716679,167100888.92,14311,F1,1,,,,,
2026-09-23,2026-09-23,CM,NSE,STK,19863,INE0PUC01020,SARTELE,SM,,,,,SAR TELEVENTURE LIMITED,75.85,84.0,75.85,83.05,84.0,75.85,,83.05,,,79000,6336550.0,132,F1,500,,,,,
2026-09-23,2026-09-23,CM,NSE,STK,762985,INE967G01019,ZSARACOM,EQ,,,,,SARASWATI COMM (INDIA) L,10400.0,10400.0,10186.0,10294.0,10188.0,10485.0,,10275.2,,,13,133963.0,12,F1,1,,,,,
2026-09-23,2026-09-23,CM,NSE,STK,24856,INE0PQ101010,SSDL,EQ,,,,,SARASWATI SAREE DEPOT LTD,65.95,67.95,65.0,65.62,65.8,65.71,,65.61,,,125706,8339336.92,1569,F1,1,,,,,
2026-09-23,2026-09-23,CM,NSE,STK,17758,INE385C01021,SARDAEN,EQ,,,,,SARDA ENERGY & MIN LTD,507.85,511.0,504.05,505.95,506.0,503.35,,505.95,,,159141,80765448.85,8618,F1,1,,,,,
2026-09-23,2026-09-23,CM,NSE,STK,4892,INE979A01025,SAREGAMA,EQ,,,,,SAREGAMA INDIA LIMITED,505.0,517.2,500.0,507.0,507.2,503.35,,506.99,,,438443,224017732.85,18860,F1,1,,,,,
2026-09-23,2026-09-23,CM,NSE,STK,14043,INE453D01025,SARLAPOLY,EQ,,,,,SARLA PERF. FIBERS LTD,98.4,101.7,97.6,100.03,101.0,99.26,,100.03,,,66846,6649908.9,673,F1,1,,,,,
2026-09-23,2026-09-23,CM,NSE,STK,6843,INE017W01010,SMLT,EQ,,,,,SARTHAK METALS LIMITED,60.16,62.0,59.5,60.61,61.4,60.77,,60.61,,,6155,377593.32,196,F1,1,,,,,
2026-09-23,2026-09-23,CM,NSE,STK,12913,INE324X01026,SARVESHWAR,EQ,,,,,SARVESHWAR FOODS LIMITED,3.7,3.72,3.64,3.66,3.68,3.67,,3.66,,,1124278,4128163.28,1481,F1,1,,,,,
2026-09-23,2026-09-23,CM,NSE,STK,11983,INE231F01020,SASKEN,EQ,,,,,SASKEN TECHNOLOGIES LTD,1789.0,1810.0,1764.1,1780.6,1793.0,1755.6,,1780.76,,,15461,27683932.4,2060,F1,1,,,,,
2026-09-23,2026-09-23,CM,NSE,STK,29151,INE0NB801022,SATKARTAR,SM,,,,,SAT KARTAR LIFE LIMITED,161.05,168.95,157.1,164.55,164.0,160.2,,164.55,,,80000,13248240.0,92,F1,800,,,,,
2026-09-23,2026-09-23,CM,NSE,STK,24697,INE0RFP01011,SSEGL,SM,,,,,SATHLOKHAR SYN E&C GLOB L,388.2,401.95,380.0,386.05,382.8,386.85,,386.05,,,28400,11135430.0,135,F1,200,,,,,
2026-09-23,2026-09-23,CM,NSE,STK,24504,INE0RPM01017,SATIPOLY,SM,,,,,SATI POLY PLAST LIMITED,33.85,34.4,33.85,34.4,34.4,32.8,,34.4,,,2500,85725.0,5,F1,500,,,,,
2026-09-23,2026-09-23,CM,NSE,STK,11045,INE170E01023,SATIA,EQ,,,,,SATIA INDUSTRIES LIMITED,67.6,68.38,66.81,67.24,66.85,67.41,,67.24,,,37855,2557172.68,712,F1,1,,,,,
2026-09-23,2026-09-23,CM,NSE,STK,10453,INE836B01017,SATIN,EQ,,,,,SATIN CREDIT NET LTD,222.64,226.7,221.87,225.3,225.0,223.2,,225.29,,,90821,20377559.61,1995,F1,1,,,,,
2026-09-23,2026-09-23,CM,NSE,STK,758960,INE14DW01018,SATTVAENGG,SM,,,,,SATTVA ENGINEERING CSTN L,61.7,61.7,57.0,58.0,58.0,59.0,,58.0,,,22400,1330160.0,14,F1,1600,,,,,
2026-09-23,2026-09-23,CM,NSE,STK,3018,INE626A01014,SAURASHCEM,EQ,,,,,SAURASHTRA CEMENT LIMITED,52.98,54.0,52.9,53.86,53.8,53.15,,53.85,,,78627,4232754.9,706,F1,1,,,,,
2026-09-23,2026-09-23,CM,NSE,STK,3021,INE035D01020,SOTL,EQ,,,,,SAVITA OIL TECHNOLO. LTD,720.0,748.9,713.1,715.6,717.75,724.35,,715.59,,,247265,180909220.45,10937,F1,1,,,,,
2026-09-23,2026-09-23,CM,NSE,STK,757704,INE0UCN01017,SAVY,SM,,,,,SAVY INFRA AND LOGI LTD,136.05,136.05,136.05,136.05,136.05,136.9,,136.05,,,3600,489780.0,3,F1,1200,,,,,
2026-09-23,2026-09-23,CM,NSE,STK,758444,INE10VS01016,SAWALIYA,SM,,,,,SAWALIYA FOOD PRODUCTS L,158.2,160.0,158.2,159.6,159.6,155.0,,159.6,,,52800,8425920.0,21,F1,600,,,,,
2026-09-23,2026-09-23,CM,NSE,STK,762879,INE318C01014,SAYAJIHOTL,EQ,,,,,SAYAJI HOTELS LTD.,311.0,327.0,311.0,327.0,327.0,309.15,,305.0,,,2,638.0,2,F1,1,,,,,
2026-09-23,2026-09-23,CM,NSE,STK,764875,INE327G01032,SAYAJIIND,EQ,,,,,SAYAJI INDUSTRIES LTD.,121.0,124.0,115.5,122.0,122.0,121.0,,121.98,,,4423,529961.78,35,F1,1,,,,,
2026-09-23,2026-09-23,CM,NSE,STK,6792,INE04AK01028,SBC,EQ,,,,,SBC EXPORTS LIMITED,49.39,49.72,48.62,48.78,48.7,49.23,,48.76,,,9405721,462554959.96,5746,F1,1,,,,,
2026-09-23,2026-09-23,CM,NSE,STK,18026,INE423Y01016,SBFC,EQ,,,,,SBFC FINANCE LIMITED,90.84,92.4,90.56,91.21,91.3,90.41,,91.21,,,1300327,118821571.77,11606,F1,1,,,,,
2026-09-23,2026-09-23,CM,NSE,STK,17971,INE018E01016,SBICARD,EQ,,,,,SBI CARDS & PAY SER LTD,636.0,639.85,633.35,635.0,635.0,634.95,,635.0,,,461549,293528004.05,28416,F1,1,,,,,
2026-09-23,2026-09-23,CM,NSE,STK,764173,INE640G01020,SBIFUNDS,EQ,,,,,SBI FUNDS MANAGEMENT LTD,546.2,556.15,544.6,551.35,552.1,546.0,,551.4,,,674153,370134781.55,25375,F1,1,,,,,
2026-09-23,2026-09-23,CM,NSE,STK,21808,INE123W01016,SBILIFE,EQ,,,,,SBI LIFE INSURANCE CO LTD,1758.0,1770.1,1744.4,1760.0,1760.0,1756.3,,1760.0,,,513341,902994370.2,21435,F1,1,,,,,
2026-09-23,2026-09-23,CM,NSE,STK,17272,INF200KA16D8,SETFGOLD,EQ,,,,,SBI-ETF GOLD,129.21,129.41,128.3,128.64,128.67,128.91,,128.64,,,3518011,453193847.59,7565,F1,1,,,,,
2026-09-23,2026-09-23,CM,NSE,STK,10176,INF200KA1FS1,SETFNIF50,EQ,,,,,SBI-ETF NIFTY 50,252.53,254.25,250.96,252.66,253.03,251.73,,252.67,,,565701,143017918.48,2775,F1,1,,,,,
2026-09-23,2026-09-23,CM,NSE,STK,7361,INF200KA1580,SETFNIFBK,EQ,,,,,SBI-ETF NIFTY BANK,579.08,581.75,578.63,580.67,580.62,578.21,,580.67,,,67220,39045754.12,1447,F1,1,,,,,
2026-09-23,2026-09-23,CM,NSE,STK,7353,INF200KA1598,SETFNN50,EQ,,,,,SBI-ETF NIFTY NEXT 50,771.51,777.5,771.5,776.31,775.75,772.86,,776.31,,,15326,11890929.86,814,F1,1,,,,,
2026-09-23,2026-09-23,CM,NSE,STK,19705,INF200KA13Z8,LIQUIDSBI,EQ,,,,,SBIAMC - LIQUIDSBI,999.99,1000.01,999.99,999.99,1000.01,1000.01,,999.99,,,5571,5570957.68,44,F1,1,,,,,
2026-09-23,2026-09-23,CM,NSE,STK,30290,INF200KB1712,SBIBPB,EQ,,,,,SBIAMC - SBIBPB,48.24,48.66,48.14,48.41,48.53,47.86,,48.43,,,23829,1154916.08,200,F1,1,,,,,
2026-09-23,2026-09-23,CM,NSE,STK,5168,INF200KA1X17,SBIETFCON,EQ,,,,,SBIAMC - SBIETFCON,120.47,120.47,118.81,119.33,119.0,118.93,,119.33,,,1411,168361.55,61,F1,1,,,,,
2026-09-23,2026-09-23,CM,NSE,STK,740,INF200KA1S14,SBIETFIT,EQ,,,,,SBIAMC - SBIETFIT,317.37,319.9,313.75,314.58,315.29,317.37,,314.58,,,5373,1691466.37,250,F1,1,,,,,
2026-09-23,2026-09-23,CM,NSE,STK,722,INF200KA1S22,SBIETFPB,EQ,,,,,SBIAMC - SBIETFPB,276.39,284.19,276.39,280.47,278.66,279.18,,280.47,,,1540989,433223414.96,696,F1,1,,,,,
2026-09-23,2026-09-23,CM,NSE,STK,7218,INF200KA1WX6,SBIETFQLTY,EQ,,,,,SBIAMC - SBIETFQLTY,214.45,214.94,213.86,214.2,214.1,214.19,,214.2,,,41166,8824683.84,77,F1,1,,,,,
2026-09-23,2026-09-23,CM,NSE,STK,758496,INF200KB1969,SBILIQETF,EQ,,,,,SBIAMC - SBILIQETF,1057.04,1057.06,1057.04,1057.04,1057.04,1056.9,,1057.04,,,140951,148991036.8,92,F1,1,,,,,
2026-09-23,2026-09-23,CM,NSE,STK,761095,INF200KB1AJ0,SBIMIDMOM,EQ,,,,,SBIAMC - SBIMIDMOM,63.64,63.69,63.04,63.65,63.61,63.01,,63.65,,,45297,2877266.34,109,F1,1,,,,,
2026-09-23,2026-09-23,CM,NSE,STK,24524,INF200KB1282,SBINEQWETF,EQ,,,,,SBIAMC - SBINEQWETF,32.04,32.84,32.04,32.64,32.75,32.43,,32.64,,,15611,509790.25,182,F1,1,,,,,
2026-09-23,2026-09-23,CM,NSE,STK,761741,INF200KB1AK8,SBINMID150,EQ,,,,,SBIAMC - SBINMID150,23.39,23.39,22.51,23.01,23.0,22.93,,23.01,,,14740,337737.97,110,F1,1,,,,,
2026-09-23,2026-09-23,CM,NSE,STK,24366,INF200KB1217,SBISILVER,EQ,,,,,SBIAMC - SBISILVER,227.5,229.11,225.29,225.79,225.76,225.6,,225.8,,,736321,167450100.66,4314,F1,1,,,,,
2026-09-23,2026-09-23,CM,NSE,STK,763543,INF200KB1AY9,SBISMLETF,EQ,,,,,SBIAMC - SBISMLETF,18.19,18.48,18.19,18.4,18.47,18.28,,18.4,,,54877,1011309.86,182,F1,1,,,,,
2026-09-23,2026-09-23,CM,NSE,STK,763546,INF200KB1AX1,SBIVALETF,EQ,,,,,SBIAMC - SBIVALETF,14.46,14.58,14.46,14.58,14.58,14.46,,14.58,,,2471,35911.32,33,F1,1,,,,,
2026-09-23,2026-09-23,CM,NSE,STK,17395,INF200KA1JT1,SETF10GILT,EQ,,,,,SBIAMC - SETF10GILT,263.1,263.89,263.01,263.59,263.59,262.53,,263.59,,,1501,395524.6,29,F1,1,,,,,
2026-09-23,2026-09-23,CM,NSE,STK,762887,INE099G01011,SCANSTL,BE,,,,,SCAN STEELS LTD.,54.2,54.2,50.75,51.79,51.5,52.82,,51.34,,,40519,2095284.43,163,F1,1,,,,,
2026-09-23,2026-09-23,CM,NSE,STK,1011,INE513A01022,SCHAEFFLER,EQ,,,,,SCHAEFFLER INDIA LIMITED,4054.2,4098.7,4035.3,4085.7,4088.0,4054.2,,4085.62,,,45556,185817327.5,17468,F1,1,,,,,
2026-09-23,2026-09-23,CM,NSE,STK,31234,INE839M01018,SCHNEIDER,EQ,,,,,SCHNEIDER ELECTRIC INFRA,1220.0,1253.6,1205.1,1243.4,1241.0,1214.2,,1243.53,,,298693,367587402.8,19484,F1,1,,,,,
2026-09-23,2026-09-23,CM,NSE,STK,757462,INE148I07XX3,SCL01825,N6,,,,,SCL 0% 2027 SR III,1092.0,1092.0,1092.0,1092.0,1092.0,1089.9,,1092.0,,,9,9828.0,1,F1,1,,,,,
2026-09-23,2026-09-23,CM,NSE,STK,28931,INE148I07VE7,1075SCL34T,N1,,,,,SCL 10.75% 2034 SR XI,1080.0,1089.0,1080.0,1089.0,1089.0,1081.45,,1089.0,,,5429,5875020.0,19,F1,1,,,,,
2026-09-23,2026-09-23,CM,NSE,STK,757458,INE148I07YA9,9SCL27,N2,,,,,SCL 9.00% 2027 SR I,1001.0,1001.0,1001.0,1001.0,1001.0,1004.0,,1001.0,,,25,25025.0,1,F1,1,,,,,
2026-09-23,2026-09-23,CM,NSE,STK,30238,INE148I07WU1,902SCL28,N1,,,,,SCL 9.02% SR V,990.0,1010.0,990.0,1010.0,1010.0,1010.0,,1010.0,,,56,56540.0,3,F1,1,,,,,
2026-09-23,2026-09-23,CM,NSE,STK,30220,INE148I07WH8,925SCL27B,N1,,,,,SCL 9.25% SR II,1003.0,1003.0,1003.0,1003.0,1003.0,1025.37,,1003.0,,,50,50150.0,1,F1,1,,,,,
2026-09-23,2026-09-23,CM,NSE,STK,757612,INE148I07XB9,945SCL29,N0,,,,,SCL 9.45% 2029 SR IV,101918.33,101918.33,101918.33,101918.33,101918.33,100538.7,,101918.33,,,7,713428.31,2,F1,1,,,,,
2026-09-23,2026-09-23,CM,NSE,STK,30230,INE148I07WP1,971SCL30,N1,,,,,SCL 9.71% SR VIII,1011.01,1011.01,1011.0,1011.0,1011.0,1019.34,,1011.0,,,194,196134.5,2,F1,1,,,,,
2026-09-23,2026-09-23,CM,NSE,STK,757478,INE090501011,SCODATUBES,EQ,,,,,SCODA TUBES LIMITED,139.95,145.76,130.72,137.74,138.5,128.85,,137.74,,,2930843,409213532.97,31715,F1,1,,,,,
2026-09-23,2026-09-23,CM,NSE,STK,20171,IN1420230162,77GA33B,SG,,,,,SDL GA 7.7% 2033,100.0,100.0,100.0,100.0,100.0,100.0,,100.0,,,100,10000.0,1,F1,100,,,,,
2026-09-23,2026-09-23,CM,NSE,STK,760004,IN1520250193,707GJ33,SG,,,,,SDL GJ 7.07% 2033,95.95,95.95,95.94,95.94,95.94,95.0,,95.94,,,1000,95944.0,2,F1,100,,,,,
2026-09-23,2026-09-23,CM,NSE,STK,23547,IN1620240011,748HR34,SG,,,,,SDL HR 7.48% 2034,98.91,98.91,98.91,98.91,98.91,98.91,,98.91,,,100,9891.0,1,F1,100,,,,,
2026-09-23,2026-09-23,CM,NSE,STK,25470,IN1920240018,695KA28,SG,,,,,SDL KA 6.95% 2028,95.8,95.8,95.8,95.8,95.8,97.76,,95.8,,,100,9580.0,1,F1,100,,,,,
2026-09-23,2026-09-23,CM,NSE,STK,759165,IN2720250074,677OR29,SG,,,,,SDL OR 6.77% 2029,96.23,96.23,96.23,96.23,96.23,96.23,,96.23,,,200,19246.0,2,F1,100,,,,,
2026-09-23,2026-09-23,CM,NSE,STK,760012,IN2820250131,729PN33,SG,,,,,SDL PN 7.29% 2033,97.19,97.19,97.19,97.19,97.19,97.7,,97.19,,,1000,97190.0,2,F1,100,,,,,
2026-09-23,2026-09-23,CM,NSE,STK,19162,IN3120230245,752TN33,SG,,,,,SDL TN 7.52% 2033,99.66,99.66,99.66,99.66,99.66,99.66,,99.66,,,100,9966.0,1,F1,100,,,,,
2026-09-23,2026-09-23,CM,NSE,STK,19745,IN3120230302,768TN30A,SG,,,,,SDL TN 7.68% 2030,101.03,101.03,101.03,101.03,101.03,98.7,,101.03,,,500,50515.0,2,F1,100,,,,,
2026-09-23,2026-09-23,CM,NSE,STK,2616,INE497B01018,SEAMECLTD,EQ,,,,,SEAMEC LIMITED,1745.0,1764.7,1722.2,1752.7,1748.0,1734.7,,1752.69,,,26431,46106500.5,3527,F1,1,,,,,
2026-09-23,2026-09-23,CM,NSE,STK,6207,INE530B07187,IIFLZC26,NN,,,,,SEC RE NCD 0% SR.VII,1500.0,1500.0,1500.0,1500.0,1500.0,1509.99,,1500.0,,,142,213000.0,2,F1,1,,,,,
2026-09-23,2026-09-23,CM,NSE,STK,13858,INE530B07278,IIFLZC28A,NU,,,,,SEC RE NCD 0% SR.VII,1350.0,1350.0,1350.0,1350.0,1350.0,1350.0,,1350.0,,,40,54000.0,1,F1,1,,,,,
2026-09-23,2026-09-23,CM,NSE,STK,7674,INE477L07AS8,IIFLHF29,NE,,,,,SEC RE NCD 0% SR.VIII,1404.3,1525.0,1404.3,1458.4,1414.0,1435.62,,1458.4,,,146,207808.04,15,F1,1,,,,,
2026-09-23,2026-09-23,CM,NSE,STK,20771,INE413U07277,10ISFL26,N3,,,,,SEC RE NCD 10% SR 4,1070.8,1070.8,1070.8,1070.8,1070.8,1069.8,,1070.8,,,25,26770.0,1,F1,1,,,,,
2026-09-23,2026-09-23,CM,NSE,STK,20779,INE413U07269,1003ISFL28,N4,,,,,SEC RE NCD 10.03% SR 5,1005.0,1005.0,1005.0,1005.0,1005.0,1009.77,,1005.0,,,5,5025.0,1,F1,1,,,,,
2026-09-23,2026-09-23,CM,NSE,STK,15253,INE244L07523,890SFIL23A,NZ,,,,,SEC RE NCD 10.03% SR.VIII,400.0,439.9,309.0,439.9,439.9,383.73,,419.95,,,486,186121.8,3,F1,1,,,,,
2026-09-23,2026-09-23,CM,NSE,STK,17542,INE148I07OW4,1015SCL28B,AZ,,,,,SEC RE NCD 10.15% SR VII,840.8,840.8,840.8,840.8,840.8,1028.69,,840.8,,,8,6726.4,2,F1,1,,,,,
2026-09-23,2026-09-23,CM,NSE,STK,23952,INE148I07TR3,1015SCL29,ZL,,,,,SEC RE NCD 10.15% SR VII,1024.9,1024.9,1024.9,1024.9,1024.9,950.2,,1025.95,,,30,30747.0,2,F1,1,,,,,
2026-09-23,2026-09-23,CM,NSE,STK,21056,INE148I07RZ0,835SCL23B,YM,,,,,SEC RE NCD 10.25% SR XII,1009.0,1009.0,1009.0,1009.0,1009.0,1005.0,,1009.0,,,80,80720.0,3,F1,1,,,,,
2026-09-23,2026-09-23,CM,NSE,STK,18906,INE148I07PV3,888SCL25E,N4,,,,,SEC RE NCD 10.25% SR XII,1060.0,1060.0,864.0,864.0,864.0,1080.0,,972.0,,,138,122520.0,5,F1,1,,,,,
2026-09-23,2026-09-23,CM,NSE,STK,20130,INE148I07RB1,965SCL25F,NZ,,,,,SEC RE NCD 10.25% SR XII,840.0,840.0,820.0,820.0,820.0,840.0,,820.0,,,10,8220.0,2,F1,1,,,,,
2026-09-23,2026-09-23,CM,NSE,STK,15249,INE244L07556,1003SFIL28,NX,,,,,SEC RE NCD 10.50% SR.VII,450.0,450.0,382.0,415.0,415.0,400.5,,474.54,,,239,98210.3,5,F1,1,,,,,
2026-09-23,2026-09-23,CM,NSE,STK,23123,INE342T07460,1065NFL27,NC,,,,,SEC RE NCD 10.65% SR.IV,1009.05,1015.99,1009.0,1015.99,1015.99,1014.99,,1015.99,,,47,47667.83,6,F1,1,,,,,
2026-09-23,2026-09-23,CM,NSE,STK,3451,INE219X07249,769IGT28,NH,,,,,SEC RE NCD 7.69% SR.IV,1014.0,1014.0,1014.0,1014.0,1014.0,1012.0,,1014.0,,,10,10140.0,1,F1,1,,,,,
2026-09-23,2026-09-23,CM,NSE,STK,11658,INE0H7R07017,79NHIT35,N1,,,,,SEC RE NCD 7.90% STRPP A,310.1,310.1,310.1,310.1,310.1,309.86,,310.1,,,540,167454.0,3,F1,1,,,,,
2026-09-23,2026-09-23,CM,NSE,STK,11665,INE0H7R07025,79NHIT40,N2,,,,,SEC RE NCD 7.90% STRPP B,310.0,310.0,310.0,310.0,310.0,311.0,,310.0,,,77,23870.0,1,F1,1,,,,,
2026-09-23,2026-09-23,CM,NSE,STK,11669,INE0H7R07033,79NHIT47,N3,,,,,SEC RE NCD 7.90% STRPP C,421.75,422.0,421.75,421.85,422.0,421.82,,421.85,,,417,175911.5,3,F1,1,,,,,
2026-09-23,2026-09-23,CM,NSE,STK,7648,INE477L07AN9,820IIFL27,N9,,,,,SEC RE NCD 8.20% SR.III,992.66,992.66,992.01,992.01,992.01,992.55,,992.01,,,1120,1111752.11,25,F1,1,,,,,
2026-09-23,2026-09-23,CM,NSE,STK,3464,INE219X07264,82IGT31,NJ,,,,,SEC RE NCD 8.20% SR.V,1035.06,1035.12,1035.06,1035.11,1035.11,1042.9,,1035.11,,,240,248416.14,13,F1,1,,,,,
2026-09-23,2026-09-23,CM,NSE,STK,6197,INE530B07161,842IIFL26,NL,,,,,SEC RE NCD 8.42% SR.V,996.81,997.0,995.2,996.99,997.0,996.8,,996.99,,,612,609833.6,23,F1,1,,,,,
2026-09-23,2026-09-23,CM,NSE,STK,7668,INE477L07AQ2,843IHFL29,NC,,,,,SEC RE NCD 8.43% SR.VI,984.01,984.01,984.01,984.01,984.01,985.37,,984.01,,,50,49200.5,1,F1,1,,,,,
2026-09-23,2026-09-23,CM,NSE,STK,17039,INE530B07385,865IFL28,NZ,,,,,SEC RE NCD 8.65% SR.V,982.02,982.02,982.02,982.02,982.02,981.01,,982.02,,,300,294606.0,1,F1,1,,,,,
2026-09-23,2026-09-23,CM,NSE,STK,13852,INE530B07310,865IIFL28,NS,,,,,SEC RE NCD 8.65% SR.V,988.0,988.5,985.0,988.5,988.5,988.5,,988.5,,,399,393478.0,8,F1,1,,,,,
2026-09-23,2026-09-23,CM,NSE,STK,5160,INE516Y07428,9PFL31A,,,,,,SEC RE NCD 9% SR.V,1040.0,1045.0,1040.0,1045.0,1045.0,1037.0,,1042.25,,,200,208559.0,4,F1,1,,,,,
2026-09-23,2026-09-23,CM,NSE,STK,13854,INE530B07260,9IIFL28A,NT,,,,,SEC RE NCD 9% SR.VI,1049.8,1049.8,1049.8,1049.8,1049.8,1041.5,,1049.8,,,1,1049.8,1,F1,1,,,,,
2026-09-23,2026-09-23,CM,NSE,STK,28872,INE477L07BH9,925IHFL29,N1,,,,,SEC RE NCD 9.25% SR VII,1044.8,1044.8,1044.8,1044.8,1044.8,1000.0,,1044.8,,,180,188064.0,1,F1,1,,,,,
2026-09-23,2026-09-23,CM,NSE,STK,9262,INE148I07LT6,925SCL27,YR,,,,,SEC RE NCD 9.25% SR.VII,1024.0,1024.0,1024.0,1024.0,1024.0,1024.95,,1024.0,,,45,46080.0,7,F1,1,,,,,
2026-09-23,2026-09-23,CM,NSE,STK,23708,INE338I07107,935MOFSL29,N5,,,,,SEC RE NCD 9.35% SR VI,1050.0,1050.0,1049.98,1049.99,1050.0,1040.0,,1049.99,,,233,244648.34,3,F1,1,,,,,
2026-09-23,2026-09-23,CM,NSE,STK,25552,INE148I07UC3,948SCL27D,N1,,,,,SEC RE NCD 9.48% SR V,990.5,990.5,990.5,990.5,990.5,1015.0,,990.5,,,1,990.5,1,F1,1,,,,,
2026-09-23,2026-09-23,CM,NSE,STK,24137,INE413U07327,957IIFLS27,,,,,,SEC RE NCD 9.57% SR III,1000.0,1000.0,1000.0,1000.0,1000.0,1003.0,,1000.0,,,50,50000.0,5,F1,1,,,,,
2026-09-23,2026-09-23,CM,NSE,STK,25287,INE423A07328,965AEL27,N4,,,,,SEC RE NCD 9.65% SR IV,1014.9,1014.9,1011.55,1011.55,1011.55,1014.5,,1011.55,,,4,4056.25,2,F1,1,,,,,
2026-09-23,2026-09-23,CM,NSE,STK,18487,INE741K07579,970CAGL28,ND,,,,,SEC RE NCD 9.70% SR VII,1020.0,1020.0,1012.0,1015.0,1015.0,1025.0,,1015.0,,,196,198601.1,8,F1,1,,,,,
2026-09-23,2026-09-23,CM,NSE,STK,13487,INE148I07NG9,894SCL27,ZY,,,,,SEC RE NCD 9.80% SR.VII,695.0,695.0,695.0,695.0,695.0,690.0,,695.0,,,10,6950.0,1,F1,1,,,,,
2026-09-23,2026-09-23,CM,NSE,STK,14038,INE244L07416,985SFIL28,NO,,,,,SEC RE NCD 9.85% SR.VIII,381.01,381.01,381.01,381.01,381.01,415.0,,381.01,,,25,9525.25,1,F1,1,,,,,
2026-09-23,2026-09-23,CM,NSE,STK,25296,INE423A07344,99AEL29,N7,,,,,SEC RE NCD 9.90% SR VII,1068.0,1068.0,1067.99,1067.99,1067.99,1054.0,,1067.99,,,2,2135.99,2,F1,1,,,,,
2026-09-23,2026-09-23,CM,NSE,STK,17964,INE121A07RI0,CIFC28,NB,,,,,SEC RE NCD SR 6,1300.0,1300.0,1300.0,1300.0,1300.0,1281.0,,1300.0,,,295,383500.0,2,F1,1,,,,,
2026-09-23,2026-09-23,CM,NSE,STK,23704,INE338I07099,0MOFSL27,N3,,,,,SEC RE NCD SR IV,1223.0,1223.0,1214.0,1223.0,1223.0,1223.0,,1223.0,,,90,109710.0,6,F1,1,,,,,
2026-09-23,2026-09-23,CM,NSE,STK,18498,INE741K07546,CAGL28,NE,,,,,SEC RE NCD SR VIII,1365.0,1365.0,1365.0,1365.0,1365.0,1365.0,,1365.0,,,34,46410.0,1,F1,1,,,,,
2026-09-23,2026-09-23,CM,NSE,STK,14219,INE00QS24043,IMC1,N1,,,,,SEC RE NCGB 8.25% STRPP B,250.3,251.7,250.01,251.67,251.0,251.4,,251.67,,,1553,389919.46,18,F1,1,,,,,
2026-09-23,2026-09-23,CM,NSE,STK,14224,INE00QS24027,IMC1,N2,,,,,SEC RE NCGB 8.25% STRPP C,250.0,250.3,250.0,250.3,250.3,250.0,,250.3,,,93,23277.6,7,F1,1,,,,,
2026-09-23,2026-09-23,CM,NSE,STK,14228,INE00QS24035,IMC1,N3,,,,,SEC RE NCGB 8.25% STRPP D,251.0,251.7,251.0,251.7,251.7,251.7,,251.7,,,641,161276.7,10,F1,1,,,,,
2026-09-23,2026-09-23,CM,NSE,STK,7975,INE804IA7014,1015ECL29,NR,,,,,SEC RED NCD 10.15% SR. VI,1020.0,1020.0,1018.5,1019.4,1019.5,1020.48,,1019.4,,,302,307632.0,6,F1,1,,,,,
2026-09-23,2026-09-23,CM,NSE,STK,7986,INE804IA7022,1060ECL29,NS,,,,,SEC RED NCD 10.6% SR. VII,1074.12,1081.24,1074.0,1080.0,1080.0,1132.0,,1077.5,,,345,370945.24,9,F1,1,,,,,
2026-09-23,2026-09-23,CM,NSE,STK,16870,INE033L07GS6,81TCHF28,N8,,,,,SEC RED NCD 8.10% SR.IV,1015.0,1015.0,1015.0,1015.0,1015.0,1019.98,,1015.0,,,8,8120.0,3,F1,1,,,,,
2026-09-23,2026-09-23,CM,NSE,STK,498,INE721A07NU1,903SFL28,YI,,,,,SEC RED NCD 9.03% SR. II,1034.0,1035.0,1027.01,1027.01,1027.01,1027.0,,1027.01,,,430,444680.2,7,F1,1,,,,,
2026-09-23,2026-09-23,CM,NSE,STK,6149,INE721A07OC7,930SFL28,YP,,,,,SEC RED NCD 9.30% SR. II,1040.0,1040.0,1040.0,1040.0,1040.0,1033.01,,1040.0,,,250,260000.0,2,F1,1,,,,,
2026-09-23,2026-09-23,CM,NSE,STK,8625,INE721A07ON4,957ICCL25,YW,,,,,SEC RED NCD 9.30% SR. II,1045.0,1045.0,1036.0,1036.0,1036.0,1045.0,,1036.0,,,266,276570.0,3,F1,1,,,,,
2026-09-23,2026-09-23,CM,NSE,STK,1001,INE721A07NX5,94SFL28,YL,,,,,SEC RED NCD 9.40% SR. V,1040.0,1040.01,1040.0,1040.01,1040.01,1038.6,,1040.98,,,57,59280.05,5,F1,1,,,,,
2026-09-23,2026-09-23,CM,NSE,STK,4288,INE804I078Y8,943ECL28,NJ,,,,,SEC RED NCD 9.43% SR. VI,1006.0,1006.0,1006.0,1006.0,1006.0,1005.0,,1006.0,,,60,60360.0,1,F1,1,,,,,
2026-09-23,2026-09-23,CM,NSE,STK,8642,INE721A07OQ7,97SFL29,YZ,,,,,SEC RED NCD 9.70% SR. V,1091.51,1096.0,1090.0,1095.05,1095.05,1091.0,,1095.05,,,402,439128.9,11,F1,1,,,,,
2026-09-23,2026-09-23,CM,NSE,STK,4292,INE804I079Y6,985ECL28,NK,,,,,SEC RED NCD 9.85% SR. VII,1010.0,1010.0,1005.05,1008.84,1009.99,1009.99,,1008.84,,,168,169486.34,4,F1,1,,,,,
2026-09-23,2026-09-23,CM,NSE,STK,19496,INE0BTM01013,SECMARK,EQ,,,,,SECMARK CONSULTANCY LTD,143.8,143.8,137.47,141.03,141.07,136.11,,141.03,,,1930,272178.75,48,F1,1,,,,,
2026-09-23,2026-09-23,CM,NSE,STK,11058,INE650K01021,SECURKLOUD,EQ,,,,,SECUREKLOUD TECH LIMITED,16.9,17.29,16.51,16.61,16.96,16.85,,16.61,,,10593,177032.28,125,F1,1,,,,,
2026-09-23,2026-09-23,CM,NSE,STK,761153,INE00XB01019,SEDEMAC,EQ,,,,,SEDEMAC MECHATRONICS LTD,3028.2,3080.0,2980.0,3035.2,3075.0,3034.3,,3035.67,,,63985,193706281.7,9647,F1,1,,,,,
2026-09-23,2026-09-23,CM,NSE,STK,7091,INE955I01044,SEJALLTD,EQ,,,,,SEJAL GLASS LIMITED,666.3,699.6,651.0,699.6,699.6,666.3,,702.11,,,7610,5218330.4,465,F1,1,,,,,
2026-09-23,2026-09-23,CM,NSE,STK,757982,INE0IJF01013,SELLOWRAP,SM,,,,,SELLOWRAP INDUSTRIES LTD,67.5,67.5,67.5,67.5,67.5,67.5,,67.5,,,1600,108000.0,1,F1,1600,,,,,
2026-09-23,2026-09-23,CM,NSE,STK,11961,INE617A01013,SEMAC,EQ,,,,,SEMAC CONSTRUCTION LTD,288.4,288.4,265.05,265.65,265.6,279.0,,265.63,,,970,261473.15,78,F1,1,,,,,
2026-09-23,2026-09-23,CM,NSE,STK,17271,INE602W01027,SENCO,EQ,,,,,SENCO GOLD LIMITED,338.35,346.35,337.1,342.25,342.0,337.35,,342.24,,,1218885,414917249.25,27960,F1,1,,,,,
2026-09-23,2026-09-23,CM,NSE,STK,28888,INE0RB801010,SENORES,EQ,,,,,SENORES PHARMACEUTICALS L,1377.1,1417.9,1377.0,1383.4,1382.9,1379.9,,1383.44,,,134952,188345362.0,11858,F1,1,,,,,
2026-09-23,2026-09-23,CM,NSE,STK,15308,INE964H01014,SEPC,EQ,,,,,SEPC LIMITED,5.18,5.35,5.15,5.22,5.23,5.16,,5.22,,,12308628,64324003.24,5840,F1,1,,,,,
2026-09-23,2026-09-23,CM,NSE,STK,20715,INE027E07BC8,865LTF26,NN,,,,,SERENCD 8.65% SR.VI OP12,1060.1,1067.0,1050.12,1059.33,1060.0,1060.01,,1059.63,,,480,506893.27,14,F1,1,,,,,
2026-09-23,2026-09-23,CM,NSE,STK,20691,INE027E07AN7,87LTF27,NH,,,,,SERENCD 8.70% SR.VII OPII,1006.0,1006.1,1006.0,1006.1,1006.1,1049.0,,1006.1,,,34,34204.9,3,F1,1,,,,,
2026-09-23,2026-09-23,CM,NSE,STK,20655,INE027E07998,898LTF29,N7,,,,,SERENCD 8.98% SR.VI OP2,1092.0,1092.0,1066.0,1066.5,1066.0,1069.0,,1067.2,,,56,59950.0,7,F1,1,,,,,
2026-09-23,2026-09-23,CM,NSE,STK,21197,INE306N07LM5,865TCAPS27,N8,,,,,SERENCD8.65%SR.IIICIII&IV,1014.05,1020.0,1000.0,1010.69,1020.0,1014.0,,1010.7,,,2329,2349523.65,93,F1,1,,,,,
2026-09-23,2026-09-23,CM,NSE,STK,5507,INE782X01033,SERVOTECH,EQ,,,,,SERVOTECH REN POW SYS LTD,70.65,71.9,70.5,71.67,71.43,70.64,,71.67,,,406657,29034459.44,4343,F1,1,,,,,
2026-09-23,2026-09-23,CM,NSE,STK,759934,INE04VU01023,STYL,EQ,,,,,SESHAASAI TECHNOLOGIES L,360.05,366.2,358.05,359.8,360.0,361.25,,359.84,,,39184,14167746.4,2134,F1,1,,,,,
2026-09-23,2026-09-23,CM,NSE,STK,3066,INE630A01024,SESHAPAPER,EQ,,,,,SESHASAYEE PAPER & BOARDS,246.69,250.99,246.69,247.95,247.01,246.94,,247.95,,,20258,5032061.45,608,F1,1,,,,,
2026-09-23,2026-09-23,CM,NSE,STK,17518,INE878E01021,SETCO,BE,,,,,SETCO AUTOMOTIVE LTD,17.12,17.79,16.75,17.04,17.28,17.04,,17.12,,,33370,572158.29,178,F1,1,,,,,
2026-09-23,2026-09-23,CM,NSE,STK,18024,INE023M01027,SETUINFRA,BZ,,,,,SETUBANDHAN INFRA LTD,0.57,0.57,0.57,0.57,0.57,0.58,,0.61,,,10596,6039.72,19,F1,1,,,,,
2026-09-23,2026-09-23,CM,NSE,STK,10836,INE573R01012,SEYAIND,BE,,,,,SEYA INDUSTRIES LIMITED,13.91,13.91,13.66,13.9,13.91,13.64,,13.9,,,16218,225317.8,131,F1,1,,,,,
2026-09-23,2026-09-23,CM,NSE,STK,758853,INE618R01015,SGFIN,EQ,,,,,SG FINSERVE LIMITED,629.0,637.65,620.0,622.15,622.1,624.6,,622.19,,,128081,80260006.15,6208,F1,1,,,,,
2026-09-23,2026-09-23,CM,NSE,STK,758889,INE385F01024,SGMART,EQ,,,,,SG MART LIMITED,721.0,742.95,720.15,731.45,730.15,721.8,,731.46,,,166323,121741028.75,9908,F1,1,,,,,
2026-09-23,2026-09-23,CM,NSE,STK,765247,INE967B01028,SGLRES,EQ,,,,,SGL RESOURCES LIMITED,2.46,2.52,2.28,2.44,2.45,2.4,,2.46,,,93094,224715.61,238,F1,1,,,,,
2026-09-23,2026-09-23,CM,NSE,STK,761469,INE12UN01015,SHADOWFAX,EQ,,,,,SHADOWFAX TECHNOLOGIES L,285.0,290.45,282.5,285.75,284.4,283.05,,285.72,,,5096655,1457585421.5,105413,F1,1,,,,,
2026-09-23,2026-09-23,CM,NSE,STK,11859,INE640C01011,SHAHALLOYS,BE,,,,,SHAH ALLOYS LIMITED,89.98,92.9,89.98,91.45,90.5,89.98,,91.45,,,35746,3279722.86,166,F1,1,,,,,
2026-09-23,2026-09-23,CM,NSE,STK,20296,INE482J01021,SHAH,EQ,,,,,SHAH METACORP LIMITED,3.24,3.29,3.22,3.25,3.25,3.25,,3.25,,,1707745,5564185.36,660,F1,1,,,,,
2026-09-23,2026-09-23,CM,NSE,STK,8727,INE151G01028,SHAILY,EQ,,,,,SHAILY ENG PLASTICS LTD,3172.2,3229.0,3151.0,3211.0,3220.0,3168.8,,3210.81,,,181675,580163949.4,18971,F1,1,,,,,
2026-09-23,2026-09-23,CM,NSE,STK,25574,INE908D01010,SHAKTIPUMP,EQ,,,,,SHAKTI PUMPS (I) LTD,470.0,479.75,470.0,476.8,476.2,469.1,,476.8,,,331661,157990412.45,14792,F1,1,,,,,
2026-09-23,2026-09-23,CM,NSE,STK,714,INE597J01018,SHALBY,EQ,,,,,SHALBY LIMITED,136.35,150.62,136.0,145.67,148.0,136.7,,145.66,,,224182,32229090.56,4584,F1,1,,,,,
2026-09-23,2026-09-23,CM,NSE,STK,761688,INE861D01011,SAHLIBHFI,EQ,,,,,SHALIBHADRA FINANCE LTD,78.5,78.5,75.5,76.03,76.99,77.36,,76.0,,,29319,2242658.55,631,F1,1,,,,,
2026-09-23,2026-09-23,CM,NSE,STK,15346,INE849C01026,SHALPAINTS,BE,,,,,SHALIM PAINTS LTD,77.78,81.0,77.78,79.09,79.6,77.64,,79.34,,,34505,2741746.34,243,F1,1,,,,,
2026-09-23,2026-09-23,CM,NSE,STK,25737,INE01NE01012,SRD,EQ,,,,,SHANKAR LAL RAMPAL LTD,40.5,40.9,39.4,40.88,40.9,40.32,,40.87,,,99577,4003513.1,353,F1,1,,,,,
2026-09-23,2026-09-23,CM,NSE,STK,20321,INE274V01019,SHANKARA,EQ,,,,,SHANKARA BLDG PRODUCT LTD,141.39,144.38,141.39,143.39,142.4,141.39,,143.39,,,32951,4713799.85,497,F1,1,,,,,
2026-09-23,2026-09-23,CM,NSE,STK,760594,INE24OJ01011,BUILDPRO,EQ,,,,,SHANKARA BUILDPRO LIMITED,1314.8,1332.8,1280.6,1292.3,1286.4,1310.8,,1292.29,,,27400,35600218.6,3142,F1,1,,,,,
2026-09-23,2026-09-23,CM,NSE,STK,765382,INE1WFC01025,SHANKESH,EQ,,,,,SHANKESH JEWELLERS LTD,91.46,96.9,91.42,94.32,94.34,91.09,,94.32,,,4538664,430820765.03,29803,F1,1,,,,,
2026-09-23,2026-09-23,CM,NSE,STK,3078,INE631A01022,SHANTIGEAR,EQ,,,,,SHANTHI GEARS LTD,664.3,680.55,655.5,668.05,669.9,673.7,,668.05,,,42582,28446217.75,2309,F1,1,,,,,
2026-09-23,2026-09-23,CM,NSE,STK,762889,INE440T01028,SEIL,EQ,,,,,SHANTI EDU INITIATIVES L,194.54,198.88,192.0,197.86,197.5,191.74,,197.86,,,309195,60658281.75,3012,F1,1,,,,,
2026-09-23,2026-09-23,CM,NSE,STK,758002,INE06ZD01017,SHANTIGOLD,EQ,,,,,SHANTI GOLD INTERNATION L,258.95,293.7,256.0,288.07,284.5,258.04,,288.11,,,12582362,3554933403.78,178570,F1,1,,,,,
2026-09-23,2026-09-23,CM,NSE,STK,765577,INE1ZEE01019,SHANTIINOR,SM,,,,,SHANTI INORGANICS LIMITED,174.9,188.0,174.9,181.1,180.0,173.95,,181.1,,,225600,41093360.0,128,F1,1600,,,,,
2026-09-23,2026-09-23,CM,NSE,STK,5650,INE933X01016,SHANTI,EQ,,,,,SHANTI OVERSEAS INDIA LTD,5.84,5.84,5.4,5.7,5.7,5.56,,5.7,,,15934,90012.13,80,F1,1,,,,,
2026-09-23,2026-09-23,CM,NSE,STK,762904,INE220Z01013,SHINDL,EQ,,,,,SHARAT INDUSTRIES LTD.,163.42,166.0,160.68,164.13,166.0,162.53,,164.09,,,129807,21140506.42,820,F1,1,,,,,
2026-09-23,2026-09-23,CM,NSE,STK,4992,INE221J01015,SHARDACROP,EQ,,,,,SHARDA CROPCHEM LTD.,750.5,765.7,748.05,758.05,762.0,747.35,,758.08,,,82837,62848759.6,6020,F1,1,,,,,
2026-09-23,2026-09-23,CM,NSE,STK,10530,INE597I01028,SHARDAMOTR,EQ,,,,,SHARDA MOTOR INDS LTD,990.0,1024.95,968.2,971.85,971.7,985.75,,971.86,,,161127,160065205.6,14923,F1,1,,,,,
2026-09-23,2026-09-23,CM,NSE,STK,762897,INE037B01020,SHARDUL,BE,,,,,SHARDUL SECURITIES LTD.,54.8,55.2,54.2,54.8,55.09,55.2,,54.77,,,11430,625897.86,49,F1,1,,,,,
2026-09-23,2026-09-23,CM,NSE,STK,104,INE932X01026,SHAREINDIA,EQ,,,,,SHARE IND. SECURITIES LTD,223.32,223.67,217.0,219.98,218.5,223.32,,219.94,,,1845463,405435198.9,20963,F1,1,,,,,
2026-09-23,2026-09-23,CM,NSE,STK,19469,INE460Q01014,SCML,SM,,,,,SHARP CHUCKS N MACHINES L,77.0,77.0,75.0,77.0,77.0,79.0,,77.0,,,5000,382000.0,4,F1,1000,,,,,
2026-09-23,2026-09-23,CM,NSE,STK,19184,INE916U01025,SFL,EQ,,,,,SHEELA FOAM LIMITED,654.9,654.9,638.0,643.1,643.0,648.25,,643.07,,,164118,105468020.95,12918,F1,1,,,,,
2026-09-23,2026-09-23,CM,NSE,STK,12081,INE501Y01019,SCPL,BE,,,,,SHEETAL COOL PRODUCTS LTD,658.0,663.0,645.0,650.0,657.8,659.5,,654.81,,,2320,1526809.0,88,F1,1,,,,,
2026-09-23,2026-09-23,CM,NSE,STK,20415,INE04VX01019,SHEETAL,SM,,,,,SHEETAL UNIVERSAL LIMITED,347.0,355.0,340.0,354.95,355.0,355.0,,354.95,,,4500,1575950.0,8,F1,500,,,,,
2026-09-23,2026-09-23,CM,NSE,STK,21099,INE268L01046,SHEKHAWATI,BE,,,,,SHEKHAWATI INDUSTRIES LTD,24.82,24.85,24.82,24.85,24.85,23.67,,25.28,,,45108,1120698.93,119,F1,1,,,,,
2026-09-23,2026-09-23,CM,NSE,STK,5072,INE363M01019,SHEMAROO,BE,,,,,SHEMAROO ENTER. LTD.,120.66,123.95,119.56,123.79,123.75,121.25,,123.79,,,18085,2231423.26,47,F1,1,,,,,
2026-09-23,2026-09-23,CM,NSE,STK,14172,INE0MM001019,SHERA,SM,,,,,SHERA ENERGY LIMITED,180.0,184.9,180.0,181.65,182.0,182.05,,181.65,,,29000,5291300.0,29,F1,1000,,,,,
2026-09-23,2026-09-23,CM,NSE,STK,764890,INE011D01013,SHERVANI,EQ,,,,,SHERVANI INDUSTRIAL SYN L,340.0,340.0,308.1,320.1,320.1,343.0,,320.1,,,389,124422.65,30,F1,1,,,,,
2026-09-23,2026-09-23,CM,NSE,STK,8394,INE03KJ01013,SHIGAN,SM,,,,,SHIGAN QUANTUM TECH LTD,62.0,62.0,62.0,62.0,62.0,65.0,,62.0,,,1500,93000.0,1,F1,1500,,,,,
2026-09-23,2026-09-23,CM,NSE,STK,759847,INE024F01011,SHILCTECH,EQ,,,,,SHILCHAR TECHNOLOGIES LTD,4009.0,4200.0,3984.1,4147.6,4141.0,3989.0,,4147.59,,,19084,78245403.3,5397,F1,1,,,,,
2026-09-23,2026-09-23,CM,NSE,STK,764895,INE960A01017,SHILGRAVQ,EQ,,,,,SHILP GRAVURES LTD.,154.57,160.0,144.0,147.67,149.1,154.57,,147.67,,,32843,4914681.98,493,F1,1,,,,,
2026-09-23,2026-09-23,CM,NSE,STK,17752,INE790G01031,SHILPAMED,EQ,,,,,SHILPA MEDICARE LTD,1040.0,1054.0,1010.0,1037.7,1039.95,1033.15,,1037.68,,,613628,634908215.5,37996,F1,1,,,,,
2026-09-23,2026-09-23,CM,NSE,STK,23127,INE0PB301013,SCILAL,EQ,,,,,SHIPPING CORP OF ILA LTD,38.06,38.79,37.92,38.2,38.25,38.27,,38.2,,,353501,13512764.38,1673,F1,1,,,,,
2026-09-23,2026-09-23,CM,NSE,STK,3048,INE109A01011,SCI,EQ,,,,,SHIPPING CORP OF INDIA LT,281.65,282.2,278.7,279.05,278.9,281.1,,279.05,,,888953,248788370.0,11733,F1,1,,,,,
2026-09-23,2026-09-23,CM,NSE,STK,765282,INE0FOO01011,SHIPROCKET,EQ,,,,,SHIPROCKET LIMITED,127.0,128.28,123.97,127.23,128.0,126.19,,127.23,,,3066223,386798601.24,34328,F1,1,,,,,
2026-09-23,2026-09-23,CM,NSE,STK,759747,INE719F01016,SHIVAUM,EQ,,,,,SHIV AUM STEELS LIMITED,519.0,519.0,512.0,513.2,512.0,515.05,,513.2,,,9201,4728736.55,330,F1,1,,,,,
2026-09-23,2026-09-23,CM,NSE,STK,765160,INE555C01029,SHIVACEM,EQ,,,,,SHIVA CEMENT LTD.,15.79,15.82,15.5,15.6,15.61,15.5,,15.63,,,20634,323731.32,149,F1,1,,,,,
2026-09-23,2026-09-23,CM,NSE,STK,764900,INE960E01019,SHIVAAGRO,EQ,,,,,SHIVA GLOBAL AGRO INDS. L,41.2,42.78,38.12,39.74,41.25,40.03,,40.37,,,5592,228492.6,137,F1,1,,,,,
2026-09-23,2026-09-23,CM,NSE,STK,1497,INE644Y01017,SHIVAMILLS,EQ,,,,,SHIVA MILLS LIMITED,61.24,61.24,59.3,59.92,59.9,61.24,,59.92,,,876,52531.26,24,F1,1,,,,,
2026-09-23,2026-09-23,CM,NSE,STK,804,INE705C01020,SHIVATEX,EQ,,,,,SHIVA TEXYARN LIMITED,172.52,173.28,170.75,172.0,172.0,172.07,,172.0,,,436,75152.85,26,F1,1,,,,,
2026-09-23,2026-09-23,CM,NSE,STK,24249,INE0T7B01010,SPCL,SM,,,,,SHIVALIC POWER CONTROL L,68.95,68.95,67.0,67.6,68.0,66.7,,67.6,,,13800,936000.0,20,F1,600,,,,,
2026-09-23,2026-09-23,CM,NSE,STK,4656,INE386D01027,SBCL,EQ,,,,,SHIVALIK BIMETAL CON. LTD,1143.3,1177.8,1130.1,1156.0,1150.1,1126.9,,1155.98,,,358667,413755653.6,22165,F1,1,,,,,
2026-09-23,2026-09-23,CM,NSE,STK,7016,INE788J01021,SHIVALIK,EQ,,,,,SHIVALIK RASAYAN LIMITED,425.0,436.9,423.35,431.65,433.0,416.9,,431.63,,,143393,61864296.2,5541,F1,1,,,,,
2026-09-23,2026-09-23,CM,NSE,STK,13756,INE637H01024,SHIVAMAUTO,EQ,,,,,SHIVAM AUTO.LTD,17.8,18.5,17.6,18.21,18.29,17.75,,18.21,,,94746,1704317.25,503,F1,1,,,,,
2026-09-23,2026-09-23,CM,NSE,STK,758744,INE1DLF01018,SHIVASHRIT,SM,,,,,SHIVASHRIT FOODS LIMITED,114.0,116.9,112.6,113.65,113.5,113.65,,113.65,,,51000,5826500.0,29,F1,1000,,,,,
2026-09-23,2026-09-23,CM,NSE,STK,11813,INE498B01024,SHOPERSTOP,EQ,,,,,SHOPPERS STOP LIMITED,391.35,400.0,388.65,391.1,393.85,392.5,,391.09,,,20604,8112742.5,1947,F1,1,,,,,
2026-09-23,2026-09-23,CM,NSE,STK,764905,INE311M01018,SHRADDHA,EQ,,,,,SHRADDHA PRIME PROJECTS L,142.1,153.3,142.1,149.58,152.49,144.78,,149.58,,,4858,722576.79,102,F1,1,,,,,
2026-09-23,2026-09-23,CM,NSE,STK,708,INE715Y01031,SHRADHA,EQ,,,,,SHRADHA REALTY LIMITED,30.5,30.96,30.01,30.45,30.45,30.78,,30.45,,,2406,73186.92,48,F1,1,,,,,
2026-09-23,2026-09-23,CM,NSE,STK,10588,INE712K01011,SHREEPUSHK,EQ,,,,,SHRE PUSH CHEM & FERT LTD,503.05,517.0,492.2,495.8,499.0,505.85,,495.8,,,50695,25502281.35,2532,F1,1,,,,,
2026-09-23,2026-09-23,CM,NSE,STK,762874,INE185C01017,SAPPL,EQ,,,,,SHREE AJIT PULP & PAPER L,298.7,298.7,271.0,273.1,271.45,272.15,,271.45,,,524,148504.0,48,F1,1,,,,,
2026-09-23,2026-09-23,CM,NSE,STK,3103,INE070A01015,SHREECEM,EQ,,,,,SHREE CEMENT LIMITED,22210.0,22500.0,22210.0,22500.0,22500.0,22200.0,,22500.0,,,10207,228188485.0,5645,F1,1,,,,,
2026-09-23,2026-09-23,CM,NSE,STK,3099,INE232A01011,SHREDIGCEM,EQ,,,,,SHREE DIGVIJAY CEM CO LTD,66.19,69.15,66.19,68.8,68.9,66.92,,68.79,,,133898,9064310.24,1413,F1,1,,,,,
2026-09-23,2026-09-23,CM,NSE,STK,764885,INE414Y01015,SGRL,EQ,,,,,SHREE GANESH REMEDIES LTD,705.1,749.85,705.1,735.55,740.0,704.8,,735.54,,,26491,19371306.0,1259,F1,1,,,,,
2026-09-23,2026-09-23,CM,NSE,STK,23074,INE0S4Y01010,SHREEKARNI,SM,,,,,SHREE KARNI FABCOM LTD,373.0,387.9,373.0,387.9,387.9,377.7,,387.9,,,1350,519120.0,6,F1,150,,,,,
2026-09-23,2026-09-23,CM,NSE,STK,20603,INE02S501018,SHREEOSFM,SM,,,,,SHREE OSFM E-MOBILITY LTD,51.8,51.95,50.1,51.8,51.8,49.95,,51.8,,,9000,464250.0,8,F1,1000,,,,,
2026-09-23,2026-09-23,CM,NSE,STK,760188,INE19GK01015,SRTL,EQ,,,,,SHREE RAM TWISTEX LIMITED,38.5,39.61,38.5,38.9,38.99,38.84,,38.9,,,54296,2116105.42,643,F1,1,,,,,
2026-09-23,2026-09-23,CM,NSE,STK,7627,INE879A01019,SHREERAMA,EQ,,,,,SHREE RAMA MULTI TECH LTD,43.75,46.29,43.72,45.79,45.93,43.69,,45.79,,,86110,3879439.41,1056,F1,1,,,,,
2026-09-23,2026-09-23,CM,NSE,STK,13565,INE278B01020,RAMANEWS,EQ,,,,,SHREE RAMA NEWSPRINT LTD,31.47,32.75,31.3,31.81,31.63,32.11,,31.84,,,32276,1030312.86,280,F1,1,,,,,
2026-09-23,2026-09-23,CM,NSE,STK,12026,INE087H01022,RENUKA,EQ,,,,,SHREE RENUKA SUGARS LTD,22.75,23.74,22.75,23.04,23.1,22.82,,23.04,,,8743486,203656777.47,14071,F1,1,,,,,
2026-09-23,2026-09-23,CM,NSE,STK,21868,INE238Y01018,TIRUPATI,SM,,,,,SHREE TIRUPATI BALAJEE,307.0,307.0,307.0,307.0,307.0,293.0,,307.0,,,125,38375.0,1,F1,125,,,,,
2026-09-23,2026-09-23,CM,NSE,STK,25203,INE0S2G01011,BALAJEE,EQ,,,,,SHREE TIRUPATI BALAJEE L,25.01,25.9,24.9,25.68,25.9,25.19,,25.68,,,26960,687746.0,252,F1,1,,,,,
2026-09-23,2026-09-23,CM,NSE,STK,15121,INE00CE01017,SVLL,EQ,,,,,SHREE VASU LOGISTICS LTD,895.0,895.0,840.0,861.3,855.25,867.65,,861.3,,,4492,3851607.25,144,F1,1,,,,,
2026-09-23,2026-09-23,CM,NSE,STK,762159,INE0K3301012,SHREEDHAR,ST,,,,,SHREEDHAR SPINNERS LTD,184.9,185.9,169.55,172.1,172.1,177.5,,172.1,,,38000,6722000.0,18,F1,2000,,,,,
2026-09-23,2026-09-23,CM,NSE,STK,759802,INE1FL101016,SHETHJI,SM,,,,,SHREEJI GLOBAL FMCG LTD,189.9,190.2,187.0,189.25,189.0,184.4,,189.25,,,39000,7380200.0,9,F1,1000,,,,,
2026-09-23,2026-09-23,CM,NSE,STK,759448,INE1B6101010,SHREEJISPG,EQ,,,,,SHREEJI SHIPPING GLOBAL L,721.25,728.9,720.05,723.75,723.25,719.35,,723.76,,,321372,233008461.4,5292,F1,1,,,,,
2026-09-23,2026-09-23,CM,NSE,STK,14305,INE00IK01029,OSWALSEEDS,EQ,,,,,SHREEOSWAL S AND CHE LTD,14.0,14.3,13.47,13.57,13.55,13.81,,13.57,,,121958,1685400.74,575,F1,1,,,,,
2026-09-23,2026-09-23,CM,NSE,STK,5718,INE0GTI23014,SHREMINVIT,IV,,,,,SHREM INVIT,102.0,102.0,102.0,102.0,102.0,102.0,,102.0,,,200000,20400000.0,5,F1,25000,,,,,
2026-09-23,2026-09-23,CM,NSE,STK,760252,INE632X01030,SHRENIK,BZ,,,,,SHRENIK LIMITED,0.28,0.29,0.28,0.28,0.29,0.28,,0.28,,,145003,41386.71,132,F1,1,,,,,
2026-09-23,2026-09-23,CM,NSE,STK,3126,INE231C01019,SHREYANIND,EQ,,,,,SHREYANS INDUSTRIES LTD,128.0,130.8,127.02,129.1,129.03,127.31,,129.11,,,15638,2019028.76,122,F1,1,,,,,
2026-09-23,2026-09-23,CM,NSE,STK,756406,INE0DM401012,SHRIAHIMSA,SM,,,,,SHRI AHIMSA NATURALS LTD,485.0,485.0,465.5,466.1,466.1,473.95,,466.1,,,7800,3676260.0,13,F1,600,,,,,
2026-09-23,2026-09-23,CM,NSE,STK,762899,INE402H01015,SHBAJRG,EQ,,,,,SHRI BAJRANG ALLIANCE L,154.0,162.84,150.0,161.24,162.73,153.79,,161.54,,,2653,416971.39,128,F1,1,,,,,
2026-09-23,2026-09-23,CM,NSE,STK,758568,INE0NON01025,SHKSIL,SM,,,,,SHRI HARE-KRI SPO IRON L,32.7,33.9,32.0,33.9,33.9,32.85,,33.9,,,10000,330000.0,5,F1,2000,,,,,
2026-09-23,2026-09-23,CM,NSE,STK,764910,INE564J01026,SHRJAGP,EQ,,,,,SHRI JAGDAMBA POLYMERS L,634.0,639.95,625.0,632.25,635.0,630.5,,631.7,,,231,146129.8,30,F1,1,,,,,
2026-09-23,2026-09-23,CM,NSE,STK,760202,INE1V4601019,SHRIKANHA,SM,,,,,SHRI KANHA STAINLESS LTD,20.5,21.1,20.45,21.05,21.05,21.5,,21.05,,,8000,166240.0,5,F1,1600,,,,,
2026-09-23,2026-09-23,CM,NSE,STK,762909,INE997I01012,SHRIKRISH,EQ,,,,,SHRI KRISHNA DEVCON LTD.,35.45,37.71,35.45,35.45,35.45,34.75,,35.45,,,157,5694.01,7,F1,1,,,,,
2026-09-23,2026-09-23,CM,NSE,STK,17684,INE0OMF01015,SHRITECH,SM,,,,,SHRI TECHTEX LIMITED,61.0,61.2,60.85,61.1,60.85,60.7,,61.1,,,12000,732900.0,6,F1,2000,,,,,
2026-09-23,2026-09-23,CM,NSE,STK,765210,INE574G01013,VASUPRADA,EQ,,,,,SHRI VASUPRADA PLANTATI L,100.0,100.0,95.05,95.05,95.05,100.0,,95.05,,,31,2951.5,2,F1,1,,,,,
2026-09-23,2026-09-23,CM,NSE,STK,759093,INE1B3L01017,SHRINGARMS,EQ,,,,,SHRINGAR HOU OF MANGALS L,211.43,212.85,209.6,210.22,210.5,208.56,,210.23,,,381776,80372200.7,1869,F1,1,,,,,
2026-09-23,2026-09-23,CM,NSE,STK,24374,INF680P01422,LIQUIDSHRI,EQ,,,,,SHRIRAM - LIQUIDSHRI,1122.56,1122.58,1122.56,1122.57,1122.58,1122.43,,1122.57,,,11401,12798327.3,25,F1,1,,,,,
2026-09-23,2026-09-23,CM,NSE,STK,4306,INE721A01047,SHRIRAMFIN,EQ,,,,,SHRIRAM FINANCE LIMITED,1012.0,1018.0,1005.5,1010.8,1010.8,1006.0,,1010.8,,,2916356,2944723451.5,72500,F1,1,,,,,
2026-09-23,2026-09-23,CM,NSE,STK,7200,INE217L01019,SHRIRAMPPS,EQ,,,,,SHRIRAM PROPERTIES LTD,71.0,73.48,71.0,72.69,72.1,71.03,,72.69,,,285463,20594574.92,2634,F1,1,,,,,
2026-09-23,2026-09-23,CM,NSE,STK,6451,INE01Z401013,SHUBHLAXMI,SM,,,,,SHUBHLAXMI JEWEL ART LTD,17.5,19.2,17.5,19.2,19.2,18.4,,19.2,,,20000,381200.0,6,F1,1000,,,,,
2026-09-23,2026-09-23,CM,NSE,STK,25240,INE0UL701015,SHUBHSHREE,SM,,,,,SHUBHSHREE BIOFUELS ENE L,350.0,350.0,350.0,350.0,350.0,352.0,,350.0,,,600,210000.0,2,F1,300,,,,,
2026-09-23,2026-09-23,CM,NSE,STK,764537,INE551C01044,SHUKRAPHAR,EQ,,,,,SHUKRA PHARMACEUTICALS L,59.0,59.8,56.0,56.79,56.05,58.59,,56.81,,,3431554,198656767.18,18761,F1,1,,,,,
2026-09-23,2026-09-23,CM,NSE,STK,10192,INE979R01011,SHYAMCENT,BE,,,,,SHYAM CENTURY FERROUS LTD,5.02,5.1,5.0,5.02,5.07,5.04,,5.02,,,84647,424908.88,110,F1,1,,,,,
2026-09-23,2026-09-23,CM,NSE,STK,761210,INE1CRP01016,SHYAMDHANI,SM,,,,,SHYAM DHANI INDUSTRIES L,54.0,55.0,54.0,54.5,55.0,54.0,,54.5,,,12000,650000.0,5,F1,2000,,,,,
2026-09-23,2026-09-23,CM,NSE,STK,4693,INE810G01011,SHYAMMETL,EQ,,,,,SHYAM METALICS AND ENGY L,1099.5,1124.8,1095.6,1105.8,1101.6,1094.1,,1105.83,,,418859,465336086.4,22017,F1,1,,,,,
2026-09-23,2026-09-23,CM,NSE,STK,13740,INE635A01023,SHYAMTEL,EQ,,,,,SHYAM TELECOM LIMITED,10.3,11.25,10.3,11.14,11.14,11.05,,11.14,,,1339,14664.67,27,F1,1,,,,,
2026-09-23,2026-09-23,CM,NSE,STK,16875,INE176J01011,SICAGEN,EQ,,,,,SICAGEN INDIA LIMITED,53.0,53.45,51.25,52.98,53.0,52.05,,52.98,,,22378,1172598.43,134,F1,1,,,,,
2026-09-23,2026-09-23,CM,NSE,STK,19440,INE075B01020,SICALLOG,BE,,,,,SICAL LOGISTICS LIMITED,94.0,96.0,91.52,94.36,93.96,93.76,,94.36,,,51458,4857894.11,148,F1,1,,,,,
2026-09-23,2026-09-23,CM,NSE,STK,759053,INE0SVO01019,SIDDHICOTS,SM,,,,,SIDDHI COTSPIN LIMITED,27.95,28.0,26.5,26.5,26.5,27.55,,26.5,,,4800,131880.0,4,F1,1200,,,,,
2026-09-23,2026-09-23,CM,NSE,STK,756871,INE1NPP01017,ENRIN,EQ,,,,,SIEMENS ENERGY INDIA LTD,3235.0,3276.7,3206.0,3214.4,3207.0,3235.0,,3214.46,,,170478,551672579.0,25945,F1,1,,,,,
2026-09-23,2026-09-23,CM,NSE,STK,3150,INE003A01024,SIEMENS,EQ,,,,,SIEMENS LTD,3878.3,3903.0,3828.0,3886.0,3886.0,3858.0,,3885.71,,,133100,516348475.4,16216,F1,1,,,,,
2026-09-23,2026-09-23,CM,NSE,STK,6663,INE0D0K01022,SIGACHI,EQ,,,,,SIGACHI INDUSTRIES LTD,30.51,31.94,30.51,31.34,31.35,30.61,,31.34,,,2943639,91896038.24,8754,F1,1,,,,,
2026-09-23,2026-09-23,CM,NSE,STK,14797,INE933B01012,SIGMAADV,BE,,,,,SIGMA ADVANCED SYSTEM LTD,959.0,966.6,924.1,936.7,935.0,948.0,,937.14,,,252649,239051021.05,4650,F1,1,,,,,
2026-09-23,2026-09-23,CM,NSE,STK,16658,INE0A0S01028,SIGMA,EQ,,,,,SIGMA SOLVE LIMITED,46.46,46.5,45.85,46.04,45.85,46.46,,46.04,,,78069,3602268.55,591,F1,1,,,,,
2026-09-23,2026-09-23,CM,NSE,STK,18743,INE903U01023,SIGNATURE,EQ,,,,,SIGNATUREGLOBAL INDIA LTD,767.3,780.95,766.0,768.75,766.2,763.1,,768.82,,,183486,141949766.45,5580,F1,1,,,,,
2026-09-23,2026-09-23,CM,NSE,STK,4517,INE529F01035,SIGIND,BE,,,,,SIGNET INDUSTRIES LIMITED,71.0,72.2,70.5,71.8,71.97,71.3,,71.8,,,32161,2302190.84,338,F1,1,,,,,
2026-09-23,2026-09-23,CM,NSE,STK,22656,INE0KGZ01021,SIGNPOST,EQ,,,,,SIGNPOST INDIA LIMITED,268.85,275.6,267.25,273.9,275.6,267.05,,273.83,,,21965,5963054.3,896,F1,1,,,,,
2026-09-23,2026-09-23,CM,NSE,STK,762914,INE438E01032,SIKA,EQ,,,,,SIKA INTERPLANT SYSTEMS L,1089.9,1089.9,1044.2,1059.75,1056.4,1062.8,,1059.65,,,33001,35040455.5,2941,F1,1,,,,,
2026-09-23,2026-09-23,CM,NSE,STK,6226,INE112X01025,SIKKO,BE,,,,,SIKKO INDUSTRIES LIMITED,5.98,6.21,5.88,6.12,6.15,5.99,,6.12,,,735192,4459807.26,640,F1,1,,,,,
2026-09-23,2026-09-23,CM,NSE,STK,4105,INE923A01015,SILINV,EQ,,,,,SIL INVESTMENTS LIMITED,440.8,460.0,440.8,452.8,455.5,440.8,,452.77,,,2531,1128916.65,71,F1,1,,,,,
2026-09-23,2026-09-23,CM,NSE,STK,2492,INE01II01013,SILGO,EQ,,,,,SILGO RETAIL LIMITED,71.0,71.3,69.64,70.43,70.41,70.92,,70.43,,,20664,1453894.66,276,F1,1,,,,,
2026-09-23,2026-09-23,CM,NSE,STK,23736,INE0STN01015,SILKFLEX,SM,,,,,SILKFLEX POLYMERS INDIA L,298.0,298.0,286.35,286.35,286.35,301.4,,286.35,,,19000,5465050.0,19,F1,1000,,,,,
2026-09-23,2026-09-23,CM,NSE,STK,757679,INE0SN801015,SILKY,SM,,,,,SILKY OVERSEAS LIMITED,67.3,69.9,66.1,67.85,66.1,71.35,,67.85,,,4800,326960.0,6,F1,800,,,,,
2026-09-23,2026-09-23,CM,NSE,STK,9422,INE625X01026,SILVERTUC,EQ,,,,,SILVER TOUCH TECHNO LTD,158.0,158.61,151.0,152.99,154.0,155.89,,153.03,,,260207,40372391.83,4690,F1,1,,,,,
2026-09-23,2026-09-23,CM,NSE,STK,758836,INE748T01016,SIMBHALS,BZ,,,,,SIMBHAOLI SUGARS LTD.,6.52,6.52,6.31,6.31,6.31,6.41,,6.31,,,12824,81330.45,40,F1,1,,,,,
2026-09-23,2026-09-23,CM,NSE,STK,763378,INE1K4J01018,SIMCA,ST,,,,,SIMCA ADVERTISING LIMITED,268.6,277.5,268.5,277.25,277.5,271.0,,277.25,,,84000,22995600.0,27,F1,600,,,,,
2026-09-23,2026-09-23,CM,NSE,STK,3162,INE059B01024,SIMPLEXINF,EQ,,,,,SIMPLEX INFRASTRUCTURES L,256.8,265.0,255.0,256.4,255.5,256.3,,256.4,,,161513,41776928.6,2956,F1,1,,,,,
2026-09-23,2026-09-23,CM,NSE,STK,764915,INE167H01014,SIMPLXREA,EQ,,,,,SIMPLEX REALTY LTD.,120.15,126.0,114.17,126.0,126.0,120.17,,134.75,,,423,49079.2,11,F1,1,,,,,
2026-09-23,2026-09-23,CM,NSE,STK,23480,INE985A01022,SINCLAIR,EQ,,,,,SINCLAIRS HOTELS LIMITED,81.79,83.97,81.3,82.04,82.54,81.79,,82.03,,,26798,2193372.8,313,F1,1,,,,,
2026-09-23,2026-09-23,CM,NSE,STK,16859,INE325D01025,SINDHUTRAD,EQ,,,,,SINDHU TRADE LINKS LTD,24.01,24.27,23.77,23.96,24.05,24.11,,23.96,,,211935,5084836.86,790,F1,1,,,,,
2026-09-23,2026-09-23,CM,NSE,STK,761420,INE638A01035,SINGERIND,EQ,,,,,SINGER INDIA LIMITED,76.38,79.85,76.38,79.13,79.5,77.26,,79.12,,,45095,3549548.27,621,F1,1,,,,,
2026-09-23,2026-09-23,CM,NSE,STK,381,INE129Z01016,SINTERCOM,EQ,,,,,SINTERCOM INDIA LIMITED,84.98,84.98,77.52,78.75,77.67,80.49,,78.75,,,9120,740075.53,170,F1,1,,,,,
2026-09-23,2026-09-23,CM,NSE,STK,11050,INE792Z01011,SIRCA,EQ,,,,,SIRCA PAINT INDIA LIMITED,405.9,416.3,405.0,414.4,413.0,404.6,,414.4,,,289848,119547832.4,4416,F1,1,,,,,
2026-09-23,2026-09-23,CM,NSE,STK,21501,INE285J01028,SIS,EQ,,,,,SIS LIMITED,423.95,430.5,419.0,421.45,423.0,424.05,,421.44,,,98041,41724490.75,5465,F1,1,,,,,
2026-09-23,2026-09-23,CM,NSE,STK,29210,INE965H01011,SITINET,BZ,,,,,SITI NETWORKS LIMITED,0.28,0.29,0.27,0.28,0.28,0.28,,0.28,,,1132958,317493.85,233,F1,1,,,,,
2026-09-23,2026-09-23,CM,NSE,STK,14096,INE076B01028,SIYSIL,EQ,,,,,SIYARAM SILK MILLS LTD,539.0,543.4,532.65,540.55,542.9,535.75,,540.47,,,18844,10160782.15,2035,F1,1,,,,,
2026-09-23,2026-09-23,CM,NSE,STK,6643,INE284S01014,SJS,EQ,,,,,SJS ENTERPRISES LIMITED,2310.8,2347.0,2310.4,2334.1,2334.9,2310.8,,2334.09,,,43229,100858523.7,9587,F1,1,,,,,
2026-09-23,2026-09-23,CM,NSE,STK,18883,INE002L01015,SJVN,EQ,,,,,SJVN LTD,63.59,63.59,63.06,63.25,63.27,63.11,,63.25,,,1763204,111508313.99,18492,F1,1,,,,,
2026-09-23,2026-09-23,CM,NSE,STK,760101,INE2J8701016,SKFINDUS,EQ,,,,,SKF IND (INDUSTRIAL) LTD,2813.1,2928.0,2782.0,2885.9,2919.0,2790.8,,2866.33,,,38160,108667934.3,12399,F1,1,,,,,
2026-09-23,2026-09-23,CM,NSE,STK,3186,INE640A01023,SKFINDIA,EQ,,,,,SKF INDIA LTD,1507.2,1534.7,1502.1,1519.8,1523.0,1507.2,,1519.81,,,36312,55141539.3,6831,F1,1,,,,,
2026-09-23,2026-09-23,CM,NSE,STK,9428,INE439E01022,SKIPPER,EQ,,,,,SKIPPER LIMITED,568.0,580.0,562.55,567.5,565.5,561.55,,567.51,,,1071979,613144246.05,38417,F1,1,,,,,
2026-09-23,2026-09-23,CM,NSE,STK,4732,INE411D01023,SKMEGGPROD,EQ,,,,,SKM EGG PROD EXPORT(I) LT,220.95,229.9,220.5,229.75,229.85,221.25,,229.72,,,176443,40220694.55,2882,F1,1,,,,,
2026-09-23,2026-09-23,CM,NSE,STK,10325,INE0KZA01016,SKP,SM,,,,,SKP BEARING INDUSTRI. LTD,163.5,164.9,157.2,163.9,163.9,160.05,,163.9,,,14500,2347375.0,23,F1,500,,,,,
2026-09-23,2026-09-23,CM,NSE,STK,13631,INE01IU01018,SKYGOLD,EQ,,,,,SKY GOLD AND DIAMONDS LTD,814.0,834.45,782.55,794.1,792.0,802.55,,794.1,,,1325607,1068557258.75,55959,F1,1,,,,,
2026-09-23,2026-09-23,CM,NSE,STK,765333,INE0VFE01017,SKYTECH,SM,,,,,SKYTECH INFINITE PLATFM L,29.1,29.1,29.1,29.1,29.1,27.75,,29.1,,,24000,698400.0,13,F1,1600,,,,,
2026-09-23,2026-09-23,CM,NSE,STK,765480,INE0PX301025,SKYWAYS,EQ,,,,,SKYWAYS AIR SERVICES LTD,132.0,132.0,126.81,129.57,130.75,130.32,,129.59,,,4900366,630930552.96,33566,F1,1,,,,,
2026-09-23,2026-09-23,CM,NSE,STK,23692,INE0SMA01017,SLONE,ST,,,,,SLONE INFOSYSTEMS LIMITED,173.25,173.25,161.0,169.65,173.0,169.25,,169.65,,,6800,1139980.0,16,F1,400,,,,,
2026-09-23,2026-09-23,CM,NSE,STK,757619,INE14GK01016,SMARTEN,SM,,,,,SMARTEN POWER SYSTEMS LTD,62.25,62.25,60.0,62.25,62.25,59.3,,62.25,,,96000,5957940.0,45,F1,1200,,,,,
2026-09-23,2026-09-23,CM,NSE,STK,9893,INE178C01020,SMARTLINK,BE,,,,,SMARTLINK HOLDINGS LTD,225.1,225.1,217.05,218.48,218.05,223.97,,218.56,,,2587,570313.15,53,F1,1,,,,,
2026-09-23,2026-09-23,CM,NSE,STK,757965,INE0NAZ01010,SMARTWORKS,EQ,,,,,SMARTWORKS COWORKING SP L,540.8,554.1,539.2,541.05,539.2,543.9,,541.1,,,27592,15029552.5,1195,F1,1,,,,,
2026-09-23,2026-09-23,CM,NSE,STK,2320,INE103C01036,SMCGLOBAL,EQ,,,,,SMC GLOBAL SECURITIES LTD,82.43,89.8,82.35,87.14,87.0,82.43,,87.15,,,2330867,203268469.57,20311,F1,1,,,,,
2026-09-23,2026-09-23,CM,NSE,STK,3387,INE294B01019,SMLMAH,EQ,,,,,SML MAHINDRA LIMITED,6790.0,6898.5,6720.0,6794.0,6808.5,6719.5,,6794.28,,,53537,363254414.5,12367,F1,1,,,,,
2026-09-23,2026-09-23,CM,NSE,STK,14329,INE812G01025,SMSPHARMA,EQ,,,,,SMS PHARMACEUTICALS LTD.,485.8,491.9,477.3,482.95,481.0,483.35,,482.95,,,801318,388589408.95,21604,F1,1,,,,,
2026-09-23,2026-09-23,CM,NSE,STK,847,INE702Y01013,SMVD,SM,,,,,SMVD POLY PACK LIMITED,14.6,14.6,14.6,14.6,14.6,15.35,,14.6,,,8080,117968.0,2,F1,4040,,,,,
2026-09-23,2026-09-23,CM,NSE,STK,758946,INE1OIC01018,SNEHAA,SM,,,,,SNEHAA ORGANICS LIMITED,44.1,44.1,41.75,43.5,43.5,44.0,,43.5,,,4000,171650.0,4,F1,1000,,,,,
2026-09-23,2026-09-23,CM,NSE,STK,4843,INE734N01019,SNOWMAN,EQ,,,,,SNOWMAN LOGISTICS LTD.,34.76,35.5,34.62,35.18,35.5,34.85,,35.2,,,154134,5398641.28,1406,F1,1,,,,,
2026-09-23,2026-09-23,CM,NSE,STK,13826,INE671H01015,SOBHA,EQ,,,,,SOBHA LIMITED,1230.0,1251.0,1222.1,1243.8,1248.1,1230.9,,1243.87,,,43906,54359369.4,7162,F1,1,,,,,
2026-09-23,2026-09-23,CM,NSE,STK,8266,INE728Z01015,SOFTTECH,EQ,,,,,SOFTTECH ENGINEERS LTD,475.0,503.35,475.0,491.85,487.0,498.25,,491.85,,,3096,1522572.45,179,F1,1,,,,,
2026-09-23,2026-09-23,CM,NSE,STK,13332,INE343H01029,SOLARINDS,EQ,,,,,SOLAR INDUSTRIES (I) LTD,20050.0,20370.0,19625.0,19730.0,19730.0,19890.0,,19729.71,,,316329,6334557700.0,54574,F1,1,,,,,
2026-09-23,2026-09-23,CM,NSE,STK,3672,INE624Z01016,SOLARA,EQ,,,,,SOLARA ACTIVE PHA SCI LTD,744.55,759.5,715.0,722.9,728.0,744.55,,722.93,,,491844,360971331.0,20826,F1,1,,,,,
2026-09-23,2026-09-23,CM,NSE,STK,759929,INE0TY101024,SOLARWORLD,EQ,,,,,SOLARWORLD ENERGY SOL LTD,139.39,142.55,137.8,138.52,138.08,139.46,,138.52,,,278134,38837280.48,3850,F1,1,,,,,
2026-09-23,2026-09-23,CM,NSE,STK,759397,INE880Y01017,SOLEX,EQ,,,,,SOLEX ENERGY LIMITED,698.95,770.0,694.25,735.2,731.1,678.95,,735.2,,,1119045,832711711.7,53324,F1,1,,,,,
2026-09-23,2026-09-23,CM,NSE,STK,24879,INE0U0201016,BALCO,SM,,,,,SOLVE PLASTIC PRODUCTS L,19.9,19.9,19.9,19.9,19.9,20.9,,19.9,,,2400,47760.0,2,F1,1200,,,,,
2026-09-23,2026-09-23,CM,NSE,STK,1338,INE480C01038,SDBL,EQ,,,,,SOM DIST & BREW LTD,67.31,68.25,67.31,67.89,68.19,67.45,,67.89,,,158194,10746199.05,1952,F1,1,,,,,
2026-09-23,2026-09-23,CM,NSE,STK,4201,INE314C01013,SOMATEX,EQ,,,,,SOMA TEXTILES & INDUST LT,81.62,83.7,80.02,82.35,83.45,80.02,,82.33,,,6703,547198.71,130,F1,1,,,,,
2026-09-23,2026-09-23,CM,NSE,STK,3880,INE355A01028,SOMANYCERA,EQ,,,,,SOMANY CERAMICS LIMITED,595.0,602.0,581.2,596.3,597.0,594.75,,596.29,,,108719,64371745.25,5255,F1,1,,,,,
2026-09-23,2026-09-23,CM,NSE,STK,17794,INE323J01019,SOMICONVEY,EQ,,,,,SOMI CONVEYOR BELT. LTD.,92.01,93.12,91.0,91.51,92.95,92.66,,91.51,,,11638,1070162.02,156,F1,1,,,,,
2026-09-23,2026-09-23,CM,NSE,STK,4684,INE073K01018,SONACOMS,EQ,,,,,SONA BLW PRECISION FRGS L,808.55,833.0,804.75,833.0,833.0,809.0,,833.0,,,3183807,2620927288.1,81203,F1,1,,,,,
2026-09-23,2026-09-23,CM,NSE,STK,23052,INE0Q6H01012,SONAMAC,SM,,,,,SONA MACHINERY LIMITED,32.0,32.0,31.5,31.5,31.5,32.9,,31.5,,,2000,63500.0,2,F1,1000,,,,,
2026-09-23,2026-09-23,CM,NSE,STK,762919,INE321M01017,SONAL,EQ,,,,,SONAL MERCANTILE LTD.,83.5,83.55,83.5,83.55,83.55,84.01,,83.55,,,201,16783.55,6,F1,1,,,,,
2026-09-23,2026-09-23,CM,NSE,STK,8817,INE00LM01029,SONAMLTD,BE,,,,,SONAM LIMITED,70.0,70.0,66.5,68.02,67.54,67.21,,68.02,,,26033,1758877.8,149,F1,1,,,,,
2026-09-23,2026-09-23,CM,NSE,STK,6596,INE269A01021,SONATSOFTW,EQ,,,,,SONATA SOFTWARE LTD,284.25,286.7,281.5,282.0,282.0,284.45,,282.0,,,317370,89850662.85,7709,F1,1,,,,,
2026-09-23,2026-09-23,CM,NSE,STK,9463,INE0JZA01018,SONUINFRA,ST,,,,,SONU INFRATECH LIMITED,47.3,47.3,45.0,45.0,45.0,47.3,,45.0,,,7500,341625.0,5,F1,1500,,,,,
2026-09-23,2026-09-23,CM,NSE,STK,9678,INE980Y01015,SOUTHWEST,EQ,,,,,SOUTH WEST PINNACLE LTD,190.0,198.0,190.0,194.64,194.22,190.79,,194.64,,,87484,17062080.91,2418,F1,1,,,,,
2026-09-23,2026-09-23,CM,NSE,STK,8521,INE0JW501011,SPRL,SM,,,,,SP REFRACTORIES LIMITED,114.65,114.65,114.65,114.65,114.65,109.2,,114.65,,,800,91720.0,1,F1,800,,,,,
2026-09-23,2026-09-23,CM,NSE,STK,19372,INE970N01027,SPCENET,EQ,,,,,SPACENET ENTERS IND LTD,3.35,3.44,3.28,3.39,3.4,3.29,,3.39,,,460845,1554626.33,548,F1,1,,,,,
2026-09-23,2026-09-23,CM,NSE,STK,11435,INE572J01011,SPANDANA,EQ,,,,,SPANDANA SPHOORTY FIN LTD,227.25,233.32,227.2,232.18,233.0,227.38,,232.13,,,78579,18190597.24,1983,F1,1,,,,,
2026-09-23,2026-09-23,CM,NSE,STK,27111,INE247M01014,SPECIALITY,BE,,,,,SPECIALITY REST LTD,150.0,155.8,148.01,152.45,150.52,149.53,,152.45,,,36639,5602526.33,227,F1,1,,,,,
2026-09-23,2026-09-23,CM,NSE,STK,30457,INE01EO01010,SPECTRUM,BE,,,,,SPECTRUM ELECTRIC IND LTD,3398.9,3398.9,3177.3,3241.6,3241.0,3344.5,,3240.09,,,11852,38103681.7,943,F1,1,,,,,
2026-09-23,2026-09-23,CM,NSE,STK,8163,INE020801028,SPENCERS,EQ,,,,,SPENCER S RETAIL LIMITED,28.35,29.86,28.01,29.44,29.26,28.47,,29.44,,,32720,955876.24,515,F1,1,,,,,
2026-09-23,2026-09-23,CM,NSE,STK,3252,INE147A01011,SPIC,EQ,,,,,SPIC LTD,66.01,67.6,65.75,67.0,67.08,66.09,,67.0,,,356978,23761252.46,2975,F1,1,,,,,
2026-09-23,2026-09-23,CM,NSE,STK,11935,INE978G01016,SPLIL,EQ,,,,,SPL INDUSTRIES LIMITED,30.22,31.4,29.62,30.19,29.76,30.52,,30.19,,,9157,278423.96,118,F1,1,,,,,
2026-09-23,2026-09-23,CM,NSE,STK,3321,INE937A01023,SPMLINFRA,EQ,,,,,SPML INFRA LIMITED,166.9,171.0,166.6,168.58,168.1,166.44,,168.58,,,133400,22572904.53,2035,F1,1,,,,,
2026-09-23,2026-09-23,CM,NSE,STK,10733,INE885H01029,SPORTKING,EQ,,,,,SPORTKING INDIA LIMITED,215.01,221.5,210.0,211.26,210.0,214.49,,211.26,,,203482,43978126.3,5807,F1,1,,,,,
2026-09-23,2026-09-23,CM,NSE,STK,17186,INE526E01018,SHRIPISTON,EQ,,,,,SPR AUTO TECHNOLOGIES LTD,4512.6,4550.6,4469.3,4489.8,4494.0,4512.6,,4489.79,,,22138,99512083.5,5866,F1,1,,,,,
2026-09-23,2026-09-23,CM,NSE,STK,757865,INE19QH01010,SPUNWEB,SM,,,,,SPUNWEB NONWOVEN LIMITED,100.05,101.05,100.0,101.05,101.05,100.0,,101.05,,,15600,1562520.0,7,F1,1200,,,,,
2026-09-23,2026-09-23,CM,NSE,STK,14582,INE917H01012,SRHHYPOLTD,EQ,,,,,SREE RAYALSEEMA HHP LTD.,603.8,620.9,585.05,587.5,590.95,599.25,,587.51,,,48715,29244059.65,3372,F1,1,,,,,
2026-09-23,2026-09-23,CM,NSE,STK,31841,INE099F01013,SREEL,BE,,,,,SREELEATHERS LIMITED,279.9,293.89,276.25,293.89,293.89,279.9,,293.89,,,23728,6932878.66,255,F1,1,,,,,
2026-09-23,2026-09-23,CM,NSE,STK,3273,INE647A01010,SRF,EQ,,,,,SRF LTD,2545.0,2562.0,2540.0,2550.0,2550.0,2538.3,,2549.59,,,73197,186900289.3,9414,F1,1,,,,,
2026-09-23,2026-09-23,CM,NSE,STK,18119,INE559N01010,SRGHFL,EQ,,,,,SRG HOUSING FINANCE L,150.0,158.1,147.85,158.1,158.1,143.75,,158.1,,,46174,7119875.25,603,F1,1,,,,,
2026-09-23,2026-09-23,CM,NSE,STK,7457,INE293B01029,HAVISHA,EQ,,,,,SRI HAVISHA HOSP & INFR L,1.34,1.4,1.34,1.38,1.38,1.36,,1.38,,,25254,34642.81,69,F1,1,,,,,
2026-09-23,2026-09-23,CM,NSE,STK,765168,INE009C01019,SRIKPRIND,BE,,,,,SRI KPR INDUSTRIES LTD.,27.4,28.95,27.4,28.58,28.0,28.78,,28.4,,,4125,114466.1,53,F1,1,,,,,
2026-09-23,2026-09-23,CM,NSE,STK,758147,INE0V9Q01010,LOTUSDEV,BE,,,,,SRI LOTUS DEVLPRS N RTY L,213.84,224.53,213.5,224.46,224.53,213.84,,224.55,,,1269546,281782003.13,6503,F1,1,,,,,
2026-09-23,2026-09-23,CM,NSE,STK,761393,INE0TPJ01019,SPCON,SM,,,,,SRINIBAS PRADHAN CONST L,170.0,185.0,165.0,165.0,165.0,165.0,,165.0,,,37200,6243780.0,9,F1,1200,,,,,
2026-09-23,2026-09-23,CM,NSE,STK,18059,INE0ON201012,SSFL,ST,,,,,SRIVARI SPICES N FOODS L,279.0,280.2,279.0,280.2,280.2,289.95,,280.2,,,1000,279600.0,2,F1,500,,,,,
2026-09-23,2026-09-23,CM,NSE,STK,14416,INE0NPI01014,SRIVASAVI,ST,,,,,SRIVASAVI ADHESIVE TAPE L,81.5,81.55,79.9,81.55,81.55,77.7,,81.55,,,16000,1303050.0,9,F1,1000,,,,,
2026-09-23,2026-09-23,CM,NSE,STK,23402,INE0R6Z01013,SRM,EQ,,,,,SRM CONTRACTORS LIMITED,423.3,425.4,418.95,422.45,424.0,419.8,,422.35,,,33857,14306610.0,1986,F1,1,,,,,
2026-09-23,2026-09-23,CM,NSE,STK,766176,INE1EQW01028,SSRETAIL,EQ,,,,,SS RETAIL LIMITED,624.0,748.8,603.05,748.8,748.8,424.0,,763.96,,,45735525,30745720416.6,729664,F1,1,,,,,
2026-09-23,2026-09-23,CM,NSE,STK,29205,INE0RYC01010,STALLION,BE,,,,,STALLION IND FLUOROCHEM L,226.9,227.0,220.0,224.26,225.0,226.23,,224.3,,,215192,48045007.32,1952,F1,1,,,,,
2026-09-23,2026-09-23,CM,NSE,STK,29075,INE0M4D01010,SETL,EQ,,,,,STANDARD ENGNG TCNLGY LTD,402.5,415.55,402.0,407.0,408.0,402.55,,407.0,,,437953,178897385.0,8742,F1,1,,,,,
2026-09-23,2026-09-23,CM,NSE,STK,11297,INE173A01025,SIL,EQ,,,,,STANDARD INDUSTRIES LTD.,16.25,17.48,16.25,17.13,17.01,16.01,,17.13,,,136655,2317484.76,1398,F1,1,,,,,
2026-09-23,2026-09-23,CM,NSE,STK,24226,INE01A001028,STANLEY,EQ,,,,,STANLEY LIFESTYLES LTD,136.43,137.95,135.0,137.43,137.85,135.43,,137.45,,,34505,4727816.52,850,F1,1,,,,,
2026-09-23,2026-09-23,CM,NSE,STK,21091,INE460H01021,STARCEMENT,EQ,,,,,STAR CEMENT LIMITED,189.35,190.99,187.71,189.23,189.01,189.51,,189.23,,,84627,16030886.25,2114,F1,1,,,,,
2026-09-23,2026-09-23,CM,NSE,STK,7083,INE575P01011,STARHEALTH,EQ,,,,,STAR HEALTH & AL INS CO L,544.6,551.9,542.0,549.2,547.3,544.6,,549.2,,,664468,364434952.8,42077,F1,1,,,,,
2026-09-23,2026-09-23,CM,NSE,STK,3291,INE733A01018,STARPAPER,EQ,,,,,STAR PAPER MILLS LTD,157.71,158.0,155.3,156.27,157.5,156.79,,156.27,,,2666,417752.52,79,F1,1,,,,,
2026-09-23,2026-09-23,CM,NSE,STK,9305,INE992I01013,STARTECK,EQ,,,,,STARTECK FINANCE LIMITED,268.0,268.0,250.1,253.85,258.95,242.0,,253.85,,,621,160049.25,53,F1,1,,,,,
2026-09-23,2026-09-23,CM,NSE,STK,3045,INE062A01020,SBIN,EQ,,,,,STATE BANK OF INDIA,987.0,996.4,986.4,994.1,994.1,987.0,,994.1,,,4522248,4486927140.6,90482,F1,1,,,,,
2026-09-23,2026-09-23,CM,NSE,STK,766065,INE0FRO01022,STEAMHOUSE,EQ,,,,,STEAMHOUSE INDIA LIMITED,112.31,113.55,109.55,110.73,109.78,112.02,,110.74,,,7268558,811863282.73,44953,F1,1,,,,,
2026-09-23,2026-09-23,CM,NSE,STK,2963,INE114A01011,SAIL,EQ,,,,,STEEL AUTHORITY OF INDIA,174.5,185.7,174.5,185.44,185.44,174.01,,185.44,,,41615771,7591795622.91,146880,F1,1,,,,,
2026-09-23,2026-09-23,CM,NSE,STK,10406,INE395H01011,STEELCITY,EQ,,,,,STEEL CITY SECURITIES LTD,84.23,86.0,83.1,84.82,85.8,85.59,,84.82,,,8558,723475.0,211,F1,1,,,,,
2026-09-23,2026-09-23,CM,NSE,STK,21339,INE503B01021,STEELXIND,EQ,,,,,STEEL EXCHANGE INDIA LTD,11.21,12.84,11.21,12.01,12.01,11.18,,12.01,,,43409817,533168765.46,54619,F1,1,,,,,
2026-09-23,2026-09-23,CM,NSE,STK,765170,INE205F01016,STLSTRINF,EQ,,,,,STEEL STRIPS INFRA L,25.4,25.4,23.65,24.01,23.65,23.16,,23.92,,,14638,350030.57,115,F1,1,,,,,
2026-09-23,2026-09-23,CM,NSE,STK,11829,INE802C01033,SSWL,EQ,,,,,STEEL STRIPS WHEELS LTD.,369.5,380.0,367.8,371.95,370.7,364.8,,371.95,,,1061277,396673649.85,33894,F1,1,,,,,
2026-09-23,2026-09-23,CM,NSE,STK,6803,INE124E01038,STEELCAS,EQ,,,,,STEELCAST LIMITED,350.85,361.0,346.55,359.7,359.7,350.15,,359.65,,,268681,95413529.1,11312,F1,1,,,,,
2026-09-23,2026-09-23,CM,NSE,STK,21484,INE577L01016,STEL,EQ,,,,,STEL HOLDINGS LIMITED,684.0,684.0,617.95,640.6,668.05,663.55,,640.07,,,11945,7765136.75,864,F1,1,,,,,
2026-09-23,2026-09-23,CM,NSE,STK,6188,INE334A01023,STERTOOLS,BE,,,,,STERLING TOOLS LIMITED,225.0,228.88,220.1,221.96,222.0,223.02,,222.03,,,16156,3596687.63,214,F1,1,,,,,
2026-09-23,2026-09-23,CM,NSE,STK,9313,INE089C01029,STLTECH,BE,,,,,STERLITE TECHNOLOGIES LTD,839.5,870.95,821.25,867.1,863.0,839.55,,867.1,,,1292464,1102208769.1,38987,F1,1,,,,,
2026-09-23,2026-09-23,CM,NSE,STK,13367,INE353H01010,SGL,EQ,,,,,STL GLOBAL LIMITED,9.07,9.64,8.56,8.93,8.92,9.07,,8.94,,,16455,146808.31,158,F1,1,,,,,
2026-09-23,2026-09-23,CM,NSE,STK,758958,INE1VXE01018,STLNETWORK,EQ,,,,,STL NETWORKS LIMITED,49.65,49.7,48.5,49.7,49.7,47.34,,49.7,,,3086717,153054015.65,2131,F1,1,,,,,
2026-09-23,2026-09-23,CM,NSE,STK,2107,INE00IN01015,STOVEKRAFT,EQ,,,,,STOVE KRAFT LIMITED,834.85,842.9,818.4,829.1,832.0,827.8,,829.1,,,130160,108064721.0,10773,F1,1,,,,,
2026-09-23,2026-09-23,CM,NSE,STK,761091,INE1XWN01017,STRIDERS,SM,,,,,STRIDERS IMPEX LIMITED,54.9,62.75,50.0,51.35,51.95,53.25,,51.35,,,212800,11643920.0,102,F1,1600,,,,,
2026-09-23,2026-09-23,CM,NSE,STK,7374,INE939A01011,STAR,EQ,,,,,STRIDES PHARMA SCI LTD,1217.0,1242.2,1217.0,1223.3,1226.0,1217.4,,1223.36,,,153250,188454250.1,12742,F1,1,,,,,
2026-09-23,2026-09-23,CM,NSE,STK,12489,INE00M201021,SWSOLAR,EQ,,,,,STRLNG & WIL REN ENE LTD,179.26,181.8,178.22,180.76,180.5,178.42,,180.75,,,1333410,240749382.66,13979,F1,1,,,,,
2026-09-23,2026-09-23,CM,NSE,STK,759587,INE00Q601028,STUDDS,EQ,,,,,STUDDS ACCESSORIES LTD,422.0,424.8,412.7,415.75,418.0,421.45,,415.45,,,54012,22511427.45,4191,F1,1,,,,,
2026-09-23,2026-09-23,CM,NSE,STK,758527,INE17VO01028,STUDIOLSD,SM,,,,,STUDIO LSD LIMITED,9.1,9.1,8.7,8.8,8.7,8.85,,8.8,,,48000,424900.0,24,F1,2000,,,,,
2026-09-23,2026-09-23,CM,NSE,STK,5186,INE239C01020,STYLAMIND,EQ,,,,,STYLAM INDUSTRIES LIMITED,3400.0,3423.3,3325.1,3355.6,3360.2,3309.4,,3355.35,,,88259,297955485.0,15697,F1,1,,,,,
2026-09-23,2026-09-23,CM,NSE,STK,19,INE189B01011,STYRENIX,EQ,,,,,STYRENIX PERFORMANCE LTD,2078.3,2154.1,2077.6,2130.1,2136.0,2078.3,,2130.16,,,28464,60569465.6,4536,F1,1,,,,,
2026-09-23,2026-09-23,CM,NSE,STK,760112,INE0RYR01018,SUBAHOTELS,SM,,,,,SUBA HOTELS LIMITED,91.0,92.0,90.25,92.0,92.0,90.05,,92.0,,,9600,874740.0,8,F1,1200,,,,,
2026-09-23,2026-09-23,CM,NSE,STK,967,INE754A01055,SUBEXLTD,EQ,,,,,SUBEX LTD,19.5,22.8,19.48,22.08,22.25,19.37,,22.08,,,70960363,1544937833.9,258222,F1,1,,,,,
2026-09-23,2026-09-23,CM,NSE,STK,3324,INE287B01021,SUBROS,EQ,,,,,SUBROS LIMITED,725.0,742.0,721.6,731.5,731.7,720.65,,731.31,,,52234,38304575.35,3810,F1,1,,,,,
2026-09-23,2026-09-23,CM,NSE,STK,3327,INE659A01023,SUDARSCHEM,EQ,,,,,SUDARSHAN CHEMICAL INDS L,1234.2,1257.5,1229.1,1236.9,1231.0,1230.3,,1237.02,,,71876,89487320.8,6017,F1,1,,,,,
2026-09-23,2026-09-23,CM,NSE,STK,715,INE492A01029,SUDARCOLOR,EQ,,,,,SUDARSHAN COLORNT IND LTD,392.05,394.95,386.7,390.7,386.7,390.2,,390.61,,,2976,1165129.7,192,F1,1,,,,,
2026-09-23,2026-09-23,CM,NSE,STK,760039,INE0QPI01025,SUDEEPPHRM,EQ,,,,,SUDEEP PHARMA LIMITED,1197.0,1210.0,1172.3,1199.6,1195.1,1197.1,,1199.59,,,209732,249935576.1,13259,F1,1,,,,,
2026-09-23,2026-09-23,CM,NSE,STK,11804,INE450E01029,SUKHJITS,EQ,,,,,SUKHJIT STARCH & CHEM LTD,163.3,163.98,160.69,162.58,163.45,161.0,,162.54,,,9597,1556641.16,471,F1,1,,,,,
2026-09-23,2026-09-23,CM,NSE,STK,13218,INE142Q01026,SULA,EQ,,,,,SULA VINEYARDS LIMITED,135.48,138.38,135.48,137.76,138.2,135.48,,137.74,,,171641,23563407.14,3669,F1,1,,,,,
2026-09-23,2026-09-23,CM,NSE,STK,765507,INE11Z001019,SUMAX,SM,,,,,SUMAX ENGINEERING LIMITED,109.85,111.0,105.3,106.6,106.5,108.0,,106.6,,,93600,10049280.0,69,F1,1200,,,,,
2026-09-23,2026-09-23,CM,NSE,STK,765175,INE886B01012,SUMEDHA,EQ,,,,,SUMEDHA FISCAL SERVICES L,44.85,45.0,44.0,44.08,44.08,44.04,,44.09,,,2063,90954.51,19,F1,1,,,,,
2026-09-23,2026-09-23,CM,NSE,STK,20790,INE235C01036,SUMEETINDS,EQ,,,,,SUMEET IND LIMITED,11.05,11.05,11.05,11.05,11.05,10.53,,10.96,,,175844,1943076.2,75,F1,1,,,,,
2026-09-23,2026-09-23,CM,NSE,STK,11140,INE748Z01013,SUMIT,EQ,,,,,SUMIT WOODS LIMITED,51.8,51.8,48.25,49.91,50.26,50.06,,49.91,,,9795,487793.6,217,F1,1,,,,,
2026-09-23,2026-09-23,CM,NSE,STK,17105,INE258G01013,SUMICHEM,EQ,,,,,SUMITOMO CHEM INDIA LTD,459.95,468.0,455.4,464.2,465.0,457.5,,464.2,,,370058,171370457.7,17778,F1,1,,,,,
2026-09-23,2026-09-23,CM,NSE,STK,21275,INE519C01017,SUMMITSEC,EQ,,,,,SUMMIT SECURITIES LTD,1410.0,1410.0,1385.0,1403.7,1400.5,1404.0,,1401.42,,,1357,1899036.3,290,F1,1,,,,,
2026-09-23,2026-09-23,CM,NSE,STK,14788,INE232I01014,SPARC,EQ,,,,,SUN PHARMA ADV.RES.CO.LTD,197.96,208.7,197.07,205.65,205.66,197.96,,205.65,,,1935408,396872505.05,27962,F1,1,,,,,
2026-09-23,2026-09-23,CM,NSE,STK,3351,INE044A01036,SUNPHARMA,EQ,,,,,SUN PHARMACEUTICAL IND L,1846.4,1869.6,1844.0,1865.0,1865.0,1846.4,,1865.0,,,902514,1677514370.2,66824,F1,1,,,,,
2026-09-23,2026-09-23,CM,NSE,STK,13404,INE424H01027,SUNTV,EQ,,,,,SUN TV NETWORK LIMITED,490.1,503.3,485.6,490.2,489.0,490.1,,490.21,,,1771617,871676957.7,42628,F1,1,,,,,
2026-09-23,2026-09-23,CM,NSE,STK,20956,INE0Q3R01026,SUNCLAY,EQ,,,,,SUNDARAM CLAYTON LIMITED,1276.7,1276.7,1250.1,1253.9,1251.0,1252.5,,1253.9,,,1684,2119428.1,180,F1,1,,,,,
2026-09-23,2026-09-23,CM,NSE,STK,3339,INE660A01013,SUNDARMFIN,EQ,,,,,SUNDARAM FINANCE LTD,4729.2,4741.5,4640.0,4654.9,4679.0,4751.9,,4654.91,,,52156,243975362.7,13913,F1,1,,,,,
2026-09-23,2026-09-23,CM,NSE,STK,18931,INE108E01023,SUNDARAM,EQ,,,,,SUNDARAM MULTI PAP LTD,1.19,1.19,1.17,1.17,1.17,1.17,,1.17,,,203956,240206.25,252,F1,1,,,,,
2026-09-23,2026-09-23,CM,NSE,STK,9848,INE073D01013,SUNDRMBRAK,BE,,,,,SUNDARAMBRAKE LININGS LTD,676.9,686.5,672.0,676.55,679.95,690.85,,675.81,,,2007,1358943.5,77,F1,1,,,,,
2026-09-23,2026-09-23,CM,NSE,STK,3345,INE387A01021,SUNDRMFAST,EQ,,,,,SUNDRAM FASTENERS LTD,1190.9,1199.8,1179.8,1185.4,1183.0,1190.9,,1185.39,,,277085,328626240.9,11183,F1,1,,,,,
2026-09-23,2026-09-23,CM,NSE,STK,761202,INE0CTB01014,SOCL,SM,,,,,SUNDREX OIL COMPANY LTD,26.3,28.2,26.3,28.2,28.2,27.4,,28.2,,,8000,222560.0,3,F1,1600,,,,,
2026-09-23,2026-09-23,CM,NSE,STK,1663,INE209A01019,SUNDROP,EQ,,,,,SUNDROP BRANDS LIMITED,748.9,756.65,725.0,744.3,747.0,742.35,,744.3,,,36238,26861795.85,1751,F1,1,,,,,
2026-09-23,2026-09-23,CM,NSE,STK,3348,INE947A01014,SUNFLAG,EQ,,,,,SUNFLAG IRON AND STEEL CO,356.9,390.55,356.55,390.55,390.55,355.05,,390.56,,,912957,347354154.9,13926,F1,1,,,,,
2026-09-23,2026-09-23,CM,NSE,STK,18264,INE0O3O01017,SEL,SM,,,,,SUNGARNER ENERGIES LTD,385.4,385.4,353.55,353.75,353.55,372.15,,353.75,,,3000,1092080.0,12,F1,200,,,,,
2026-09-23,2026-09-23,CM,NSE,STK,24868,INE0U2N01013,SUNLITE,SM,,,,,SUNLITE RECYCLING IND LTD,635.0,649.45,600.0,613.95,618.0,634.15,,613.95,,,37800,23723415.0,95,F1,300,,,,,
2026-09-23,2026-09-23,CM,NSE,STK,764925,INE671K01027,SUNRAKSHAK,EQ,,,,,SUNRAKSHAKK INDUS IND L,363.1,370.0,362.5,366.6,369.3,364.85,,366.68,,,9864,3610870.55,230,F1,1,,,,,
2026-09-23,2026-09-23,CM,NSE,STK,20213,INE0PLZ01012,SUNREST,SM,,,,,SUNREST LIFESCIENCE LTD,38.45,38.45,38.45,38.45,38.45,38.45,,38.45,,,1600,61520.0,1,F1,1600,,,,,
2026-09-23,2026-09-23,CM,NSE,STK,764930,INE199E01014,SUNSHIEL,EQ,,,,,SUNSHIELD CHEMICALS LTD.,1191.8,1215.0,1160.0,1164.3,1167.0,1192.0,,1164.81,,,2201,2594141.3,328,F1,1,,,,,
2026-09-23,2026-09-23,CM,NSE,STK,765387,INE1B3O01011,SUNSHINE,EQ,,,,,SUNSHINE PICTURES LIMITED,441.0,456.0,437.35,441.45,443.0,440.4,,441.44,,,585436,260009353.0,7992,F1,1,,,,,
2026-09-23,2026-09-23,CM,NSE,STK,757763,INE0SGZ01016,SUNTECH,SM,,,,,SUNTECH INFRA SOLUTIONS L,38.0,38.0,37.9,37.9,37.9,37.6,,37.9,,,12800,485920.0,7,F1,1600,,,,,
2026-09-23,2026-09-23,CM,NSE,STK,17641,INE805D01034,SUNTECK,EQ,,,,,SUNTECK REALTY LIMITED,289.2,294.85,288.0,290.1,290.0,287.9,,290.09,,,90649,26406686.35,3525,F1,1,,,,,
2026-09-23,2026-09-23,CM,NSE,STK,8931,INE662A01027,SUPERSPIN,BE,,,,,SUPER SPINNING MILLS LTD,7.42,7.71,7.16,7.57,7.59,7.4,,7.58,,,8199,61452.38,44,F1,1,,,,,
2026-09-23,2026-09-23,CM,NSE,STK,764938,INE460D01038,SUPTANERY,BE,,,,,SUPER TANNERY LTD.,10.3,10.65,10.2,10.65,10.65,10.15,,10.87,,,334986,3535881.59,658,F1,1,,,,,
2026-09-23,2026-09-23,CM,NSE,STK,20616,INE712B01010,SUPERHOUSE,EQ,,,,,SUPERHOUSE LIMITED,172.0,173.0,167.5,168.47,170.0,169.17,,168.4,,,7485,1270999.26,209,F1,1,,,,,
2026-09-23,2026-09-23,CM,NSE,STK,3147,INE843L01012,SIEL,EQ,,,,,SUPERIOR INDUSTRIAL ENT L,30.48,30.48,30.0,30.48,30.48,30.48,,31.14,,,194,5823.95,8,F1,1,,,,,
2026-09-23,2026-09-23,CM,NSE,STK,11689,INE399C01030,SUPRAJIT,EQ,,,,,SUPRAJIT ENGINEERING LTD,483.45,491.55,481.6,485.05,485.6,483.45,,485.1,,,28891,14069796.9,2722,F1,1,,,,,
2026-09-23,2026-09-23,CM,NSE,STK,758997,INE319Z01021,SUPREMEENG,BZ,,,,,SUPREME ENGINEERING LTD,3.79,3.79,3.79,3.79,3.79,3.72,,3.79,,,257823,977149.17,112,F1,1,,,,,
2026-09-23,2026-09-23,CM,NSE,STK,28069,INE0U6N01014,SFML,SM,,,,,SUPREME FACILITY MGMT LTD,20.6,20.8,20.2,20.8,20.8,20.7,,20.8,,,24000,491520.0,13,F1,1600,,,,,
2026-09-23,2026-09-23,CM,NSE,STK,29439,INE822E01011,SUPREME,EQ,,,,,SUPREME HOLDIN N HOSP I L,32.6,33.53,31.21,31.97,32.47,32.19,,32.04,,,71938,2358293.07,443,F1,1,,,,,
2026-09-23,2026-09-23,CM,NSE,STK,3363,INE195A01028,SUPREMEIND,EQ,,,,,SUPREME INDUSTRIES LTD,3477.8,3513.0,3465.1,3497.1,3497.1,3460.5,,3497.02,,,78063,272208715.1,12744,F1,1,,,,,
2026-09-23,2026-09-23,CM,NSE,STK,15002,INE550H01011,SUPREMEINF,EQ,,,,,SUPREME INFRA. LTD.,84.89,84.89,80.61,81.0,80.65,80.5,,80.92,,,12781,1042642.76,221,F1,1,,,,,
2026-09-23,2026-09-23,CM,NSE,STK,9617,INE663A01033,SPLPETRO,EQ,,,,,SUPREME PETROCHEM LIMITED,868.25,899.0,860.55,882.2,881.8,864.75,,882.21,,,387021,342841322.25,27420,F1,1,,,,,
2026-09-23,2026-09-23,CM,NSE,STK,21067,INE0QHG01026,SUPREMEPWR,SM,,,,,SUPREME POWER EQUIPMENT L,203.0,207.55,201.05,205.35,205.0,203.45,,205.35,,,47500,9703800.0,94,F1,500,,,,,
2026-09-23,2026-09-23,CM,NSE,STK,7390,INE07RO01027,SUPRIYA,EQ,,,,,SUPRIYA LIFESCIENCE LTD,945.05,1005.0,945.05,1000.9,1002.0,939.1,,1000.9,,,1007970,999248624.75,55390,F1,1,,,,,
2026-09-23,2026-09-23,CM,NSE,STK,20822,INE843S01025,SURAJEST,EQ,,,,,SURAJ ESTATE DEVELOPERS L,216.5,222.2,213.9,220.41,221.0,217.0,,220.43,,,208291,45593601.73,3809,F1,1,,,,,
2026-09-23,2026-09-23,CM,NSE,STK,24966,INE713C01016,SURAJLTD,EQ,,,,,SURAJ LIMITED,203.43,203.43,197.01,197.01,197.01,202.41,,197.01,,,430,85975.19,30,F1,1,,,,,
2026-09-23,2026-09-23,CM,NSE,STK,27334,INE877V01027,SURAKSHA,EQ,,,,,SURAKSHA DIAGNOSTIC LTD,359.0,359.0,346.0,355.35,355.0,353.4,,354.92,,,72845,25740389.65,3142,F1,1,,,,,
2026-09-23,2026-09-23,CM,NSE,STK,21077,INE272L01022,SURANASOL,EQ,,,,,SURANA SOLAR LIMITED,25.74,25.9,25.11,25.86,25.88,25.53,,25.83,,,25081,639551.7,344,F1,1,,,,,
2026-09-23,2026-09-23,CM,NSE,STK,10700,INE130B01031,SURANAT&P,EQ,,,,,SURANA TELECOM AND POW LT,16.05,16.4,15.9,16.04,16.0,16.19,,16.05,,,67954,1088411.86,676,F1,1,,,,,
2026-09-23,2026-09-23,CM,NSE,STK,8513,INE01ZJ01015,SURANI,SM,,,,,SURANI STEEL TUBES LTD.,100.0,100.0,96.05,96.05,96.05,100.0,,96.05,,,5000,486920.0,15,F1,200,,,,,
2026-09-23,2026-09-23,CM,NSE,STK,14139,INE05ST01028,SBGLP,EQ,,,,,SURATWWALA BUS GROUP LTD,23.81,28.0,23.34,24.31,24.2,23.34,,24.3,,,1163972,30421935.14,8273,F1,1,,,,,
2026-09-23,2026-09-23,CM,NSE,STK,3375,INE335A01020,SURYAROSNI,EQ,,,,,SURYA ROSHNI LTD,212.7,215.5,212.05,214.64,214.8,212.05,,214.65,,,307551,65869431.56,7698,F1,1,,,,,
2026-09-23,2026-09-23,CM,NSE,STK,11852,INE713B01026,SURYALAXMI,EQ,,,,,SURYALAKSHMI COT MIL LTD,57.22,60.0,57.22,58.82,58.8,57.4,,58.72,,,5497,323629.75,113,F1,1,,,,,
2026-09-23,2026-09-23,CM,NSE,STK,762924,INE132C01027,SURYALA,EQ,,,,,SURYALATA SPINNING MILL L,394.75,409.9,382.15,400.05,400.0,390.8,,399.93,,,933,371542.75,34,F1,1,,,,,
2026-09-23,2026-09-23,CM,NSE,STK,2970,INE428Q01011,SURYODAY,EQ,,,,,SURYODAY SMALL FIN BK LTD,146.95,149.9,146.6,149.3,149.85,146.4,,149.3,,,157818,23448089.87,2629,F1,1,,,,,
2026-09-23,2026-09-23,CM,NSE,STK,13804,INE645H01027,SUTLEJTEX,BE,,,,,SUTLEJ TEXT & INDUS LTD,38.86,39.0,38.12,38.95,38.52,38.92,,38.95,,,9324,361003.78,46,F1,1,,,,,
2026-09-23,2026-09-23,CM,NSE,STK,11233,INE495B01038,SUVEN,EQ,,,,,SUVEN LIFE SCIENCES LTD,337.0,343.95,336.8,341.85,342.0,335.45,,341.87,,,276928,94654935.9,7196,F1,1,,,,,
2026-09-23,2026-09-23,CM,NSE,STK,2998,INE018401013,SUVIDHAA,EQ,,,,,SUVIDHAA INFOSERVE LTD,2.24,2.4,2.16,2.19,2.17,2.22,,2.19,,,155367,348962.21,233,F1,1,,,,,
2026-09-23,2026-09-23,CM,NSE,STK,24851,INE442P01014,SUYOG,EQ,,,,,SUYOG TELEMATICS LIMITED,650.6,676.0,649.05,671.55,670.05,644.65,,671.55,,,15611,10435940.75,1133,F1,1,,,,,
2026-09-23,2026-09-23,CM,NSE,STK,12018,INE040H01021,SUZLON,EQ,,,,,SUZLON ENERGY LIMITED,43.0,43.21,41.62,42.39,42.39,43.0,,42.39,,,99322778,4187685145.88,146954,F1,1,,,,,
2026-09-23,2026-09-23,CM,NSE,STK,5020,INE308E01029,SVPGLOB,EQ,,,,,SVP GLOBAL TEXTILES LTD,3.35,3.47,3.21,3.35,3.38,3.34,,3.35,,,40480,134058.89,69,F1,1,,,,,
2026-09-23,2026-09-23,CM,NSE,STK,27095,INE665A01038,SWANCORP,EQ,,,,,SWAN CORP LIMITED,302.15,304.95,299.1,300.05,300.5,302.75,,300.05,,,775263,233757008.6,14508,F1,1,,,,,
2026-09-23,2026-09-23,CM,NSE,STK,29164,INE542F01020,SWANDEF,BE,,,,,SWAN DEFENCE N HEVY IND L,2769.9,2804.9,2720.0,2776.2,2750.0,2722.0,,2775.4,,,36316,100815434.2,1170,F1,1,,,,,
2026-09-23,2026-09-23,CM,NSE,STK,3384,INE277A01016,SWARAJENG,EQ,,,,,SWARAJ ENGINES LTD,3557.0,3581.9,3550.0,3559.3,3558.0,3556.0,,3559.41,,,4678,16642769.8,864,F1,1,,,,,
2026-09-23,2026-09-23,CM,NSE,STK,764496,INE0GMR01016,SWARAJ,BE,,,,,SWARAJ SUITING LIMITED,290.05,307.15,290.05,307.15,307.15,292.55,,311.22,,,102638,31366289.75,549,F1,1,,,,,
2026-09-23,2026-09-23,CM,NSE,STK,765185,INE967A01012,SWARNSAR,EQ,,,,,SWARNSARITA JEWELS IND L,38.21,44.5,38.21,42.04,44.5,39.69,,41.81,,,36942,1536995.39,194,F1,1,,,,,
2026-09-23,2026-09-23,CM,NSE,STK,11909,INE409B01013,SWELECTES,EQ,,,,,SWELECT ENERGY SYS LTD,560.05,589.0,560.0,581.85,579.1,564.95,,581.66,,,10914,6316082.85,887,F1,1,,,,,
2026-09-23,2026-09-23,CM,NSE,STK,27066,INE00H001014,SWIGGY,EQ,,,,,SWIGGY LIMITED,284.3,289.65,276.65,278.5,278.5,284.05,,278.5,,,18748823,5264520235.15,152490,F1,1,,,,,
2026-09-23,2026-09-23,CM,NSE,STK,765193,INE010C01025,SWISSMLTRY,BE,,,,,SWISS MILITARY CON GOOD L,14.5,14.6,13.9,14.03,14.09,14.39,,14.02,,,120242,1696366.76,388,F1,1,,,,,
2026-09-23,2026-09-23,CM,NSE,STK,765485,INE899I01028,SYMBIOTEC,EQ,,,,,SYMBIOTEC PHARMALAB LTD,1127.0,1128.2,1051.65,1062.0,1062.0,1120.9,,1062.01,,,1444410,1557485743.0,72182,F1,1,,,,,
2026-09-23,2026-09-23,CM,NSE,STK,24190,INE225D01027,SYMPHONY,EQ,,,,,SYMPHONY LIMITED,594.0,596.0,586.0,592.6,591.0,590.55,,592.64,,,39027,23067401.75,2150,F1,1,,,,,
2026-09-23,2026-09-23,CM,NSE,STK,11992,INE312C01025,SYNCOMF,EQ,,,,,SYNCOM FORMU (I) LTD,20.57,20.67,19.8,20.01,20.0,20.4,,20.01,,,5293142,106669968.29,9863,F1,1,,,,,
2026-09-23,2026-09-23,CM,NSE,STK,5114,INE00QT01015,SGIL,EQ,,,,,SYNERGY GREEN IND. LTD,660.0,697.95,632.05,668.5,658.6,636.8,,668.53,,,84520,56468118.65,4128,F1,1,,,,,
2026-09-23,2026-09-23,CM,NSE,STK,10243,INE398R01022,SYNGENE,EQ,,,,,SYNGENE INTERNATIONAL LTD,379.4,386.85,375.15,381.85,382.35,377.5,,381.84,,,369046,141113494.35,12673,F1,1,,,,,
2026-09-23,2026-09-23,CM,NSE,STK,17206,INE0BTR01012,SYNOPTICS,ST,,,,,SYNOPTICS TECHNOLOGIES L,44.9,44.9,44.9,44.9,44.9,47.25,,44.9,,,600,26940.0,1,F1,600,,,,,
2026-09-23,2026-09-23,CM,NSE,STK,10793,INE0DYJ01015,SYRMA,EQ,,,,,SYRMA SGS TECHNOLOGY LTD,1750.3,1750.3,1702.1,1719.4,1719.0,1741.8,,1719.45,,,1400218,2416294215.8,88776,F1,1,,,,,
2026-09-23,2026-09-23,CM,NSE,STK,14506,INE0O7R01011,SYSTANGO,SM,,,,,SYSTANGO TECHNOLOGIES LTD,224.1,224.1,221.0,221.1,221.05,226.0,,221.1,,,15200,3373540.0,35,F1,400,,,,,
2026-09-23,2026-09-23,CM,NSE,STK,759358,INE356B01024,SYSTMTXC,BE,,,,,SYSTEMATIX CORP SERVICE L,77.0,77.79,77.0,77.5,77.5,76.3,,77.75,,,2857,221280.88,52,F1,1,,,,,
2026-09-23,2026-09-23,CM,NSE,STK,764955,INE284B01028,TGVSL,EQ,,,,,T G V SRAAC LTD.,106.92,109.35,106.1,108.55,109.35,107.45,,108.46,,,171548,18541624.26,2684,F1,1,,,,,
2026-09-23,2026-09-23,CM,NSE,STK,14314,INE592B01024,TTL,EQ,,,,,T T LIMITED,7.02,7.5,7.02,7.26,7.33,7.29,,7.26,,,413643,2995658.5,458,F1,1,,,,,
2026-09-23,2026-09-23,CM,NSE,STK,762929,INE524T01029,TAALTECH,EQ,,,,,TAAL TECH LTD.,1151.4,1174.7,1080.3,1094.8,1084.0,1185.4,,1094.53,,,101517,113905711.1,10298,F1,1,,,,,
2026-09-23,2026-09-23,CM,NSE,STK,23441,INE0SOY01013,TAC,ST,,,,,TAC INFOSEC LIMITED,513.0,513.0,491.05,494.2,492.2,500.25,,494.2,,,23800,11805140.0,83,F1,200,,,,,
2026-09-23,2026-09-23,CM,NSE,STK,3396,INE123C01018,TAINWALCHM,EQ,,,,,TAINWALA CHEMICAL AND PLA,218.02,222.0,212.29,214.31,214.55,219.29,,213.67,,,2583,561261.0,83,F1,1,,,,,
2026-09-23,2026-09-23,CM,NSE,STK,9354,INE586B01026,TAJGVK,EQ,,,,,TAJ GVK HOTELS & RESORTS,327.65,333.0,327.3,329.9,328.3,328.85,,329.92,,,47479,15680912.4,2051,F1,1,,,,,
2026-09-23,2026-09-23,CM,NSE,STK,14917,INE142I01023,TAKE,EQ,,,,,TAKE LIMITED,16.11,16.39,15.75,15.86,15.9,15.84,,15.86,,,271857,4341305.88,649,F1,1,,,,,
2026-09-23,2026-09-23,CM,NSE,STK,13648,INE187D01029,TALBROAUTO,EQ,,,,,TALBROS AUTO. COMP. LTD,474.7,482.6,465.15,466.9,468.5,475.3,,466.94,,,206297,97333394.2,8726,F1,1,,,,,
2026-09-23,2026-09-23,CM,NSE,STK,762937,INE864J01012,TAMBOLIIN,BE,,,,,TAMBOLI INDUSTRIES LTD.,284.2,304.4,284.2,296.6,295.0,289.95,,296.43,,,4428,1328998.6,35,F1,1,,,,,
2026-09-23,2026-09-23,CM,NSE,STK,10945,INE668A01016,TMB,EQ,,,,,TAMILNAD MERCA BANK LTD,893.0,931.1,886.0,921.4,922.0,883.75,,921.4,,,237718,216566836.05,15922,F1,1,,,,,
2026-09-23,2026-09-23,CM,NSE,STK,3980,INE107A01015,TNPL,EQ,,,,,TAMILNADU NEWSPRT & PAPER,142.05,147.7,142.05,144.37,144.0,142.56,,144.38,,,310131,44940627.12,3775,F1,1,,,,,
2026-09-23,2026-09-23,CM,NSE,STK,3509,INE148A01019,TNPETRO,EQ,,,,,TAMILNADU PETROPRODUCTS L,129.0,130.39,127.83,128.98,128.35,129.0,,128.98,,,486120,62822104.45,11139,F1,1,,,,,
2026-09-23,2026-09-23,CM,NSE,STK,3512,INE141D01018,TNTELE,EQ,,,,,TAMILNADU TELECOMMUNICATI,9.15,9.6,8.42,9.06,9.13,9.11,,9.06,,,44578,398510.27,259,F1,1,,,,,
2026-09-23,2026-09-23,CM,NSE,STK,764945,INE692C01020,TANAA,EQ,,,,,TANEJA AEROSPACE & AVIA L,366.7,375.0,347.1,352.45,349.6,367.05,,352.45,,,183283,66412481.2,8466,F1,1,,,,,
2026-09-23,2026-09-23,CM,NSE,STK,756338,INE0Z7N01017,TANKUP,ST,,,,,TANKUP ENGINEERS LIMITED,1629.0,1629.0,1614.0,1614.0,1614.0,1638.0,,1614.0,,,2500,4054250.0,9,F1,250,,,,,
2026-09-23,2026-09-23,CM,NSE,STK,13976,INE483C01032,TANLA,EQ,,,,,TANLA PLATFORMS LIMITED,489.45,502.7,487.3,500.4,500.0,485.35,,500.37,,,473046,235468720.05,16573,F1,1,,,,,
2026-09-23,2026-09-23,CM,NSE,STK,23512,INE555Z01020,TARACHAND,EQ,,,,,TARA CHAND INFRA SOLN LTD,47.9,47.9,45.16,45.97,46.25,47.08,,45.97,,,78744,3654829.95,731,F1,1,,,,,
2026-09-23,2026-09-23,CM,NSE,STK,18827,INE747K01017,TARAPUR,EQ,,,,,TARAPUR TRANSFORMERS LTD,12.08,12.22,11.88,12.16,12.22,12.08,,12.16,,,25949,315845.88,197,F1,1,,,,,
2026-09-23,2026-09-23,CM,NSE,STK,1581,INE0EK901012,TARC,EQ,,,,,TARC LIMITED,130.66,131.0,128.7,129.65,129.88,130.66,,129.65,,,322713,41847067.86,3024,F1,1,,,,,
2026-09-23,2026-09-23,CM,NSE,STK,14771,INE924H01018,TARMAT,EQ,,,,,TARMAT LIMITED,54.27,55.96,54.25,54.73,55.0,54.22,,54.78,,,5172,283909.5,180,F1,1,,,,,
2026-09-23,2026-09-23,CM,NSE,STK,6943,INE144Z01023,TARSONS,EQ,,,,,TARSONS PRODUCTS LIMITED,326.1,339.25,326.1,335.45,335.0,331.5,,335.49,,,123431,41346633.8,4243,F1,1,,,,,
2026-09-23,2026-09-23,CM,NSE,STK,20092,INE488B01017,TASTYBITE,EQ,,,,,TASTY BITE EATABLES LTD,9823.0,10229.0,9791.0,10180.0,10228.0,9829.0,,10179.17,,,3654,36860429.0,1233,F1,1,,,,,
2026-09-23,2026-09-23,CM,NSE,STK,759265,INE976I01016,TATACAP,EQ,,,,,TATA CAPITAL LIMITED,349.35,352.0,343.0,350.05,350.0,341.1,,350.05,,,3331010,1154488747.1,69021,F1,1,,,,,
2026-09-23,2026-09-23,CM,NSE,STK,3405,INE092A01019,TATACHEM,EQ,,,,,TATA CHEMICALS LTD,677.0,677.9,667.1,669.9,669.35,674.0,,669.96,,,1179765,791449308.55,22552,F1,1,,,,,
2026-09-23,2026-09-23,CM,NSE,STK,3721,INE151A01013,TATACOMM,EQ,,,,,TATA COMMUNICATIONS LTD,1692.9,1708.7,1681.2,1700.6,1699.0,1692.4,,1700.6,,,157911,267826094.3,19438,F1,1,,,,,
2026-09-23,2026-09-23,CM,NSE,STK,11536,INE467B01029,TCS,EQ,,,,,TATA CONSULTANCY SERV LT,2099.0,2104.2,2077.6,2089.6,2089.6,2105.0,,2089.5,,,2228402,4652482720.1,112320,F1,1,,,,,
2026-09-23,2026-09-23,CM,NSE,STK,3432,INE192A01025,TATACONSUM,EQ,,,,,TATA CONSUMER PRODUCT LTD,988.4,997.1,985.0,994.3,994.3,984.1,,994.31,,,850774,844932672.8,34856,F1,1,,,,,
2026-09-23,2026-09-23,CM,NSE,STK,3411,INE670A01012,TATAELXSI,EQ,,,,,TATA ELXSI LIMITED,3220.0,3253.0,3210.0,3212.0,3212.0,3220.0,,3211.98,,,159930,516263057.0,14498,F1,1,,,,,
2026-09-23,2026-09-23,CM,NSE,STK,1621,INE672A01026,TATAINVEST,EQ,,,,,TATA INVESTMENT CORP LTD,681.05,685.95,672.0,674.3,674.0,682.25,,674.31,,,375242,253990005.3,13432,F1,1,,,,,
2026-09-23,2026-09-23,CM,NSE,STK,759782,INE1TAE01010,TMCV,EQ,,,,,TATA MOTORS LIMITED,442.7,452.0,438.5,450.2,450.3,440.1,,450.19,,,11532732,5124844860.75,134651,F1,1,,,,,
2026-09-23,2026-09-23,CM,NSE,STK,3456,INE155A01022,TMPV,EQ,,,,,TATA MOTORS PASS VEH LTD,300.1,302.65,298.7,300.5,300.5,300.05,,300.51,,,4683895,1410775307.0,56675,F1,1,,,,,
2026-09-23,2026-09-23,CM,NSE,STK,3426,INE245A01021,TATAPOWER,EQ,,,,,TATA POWER CO LTD,367.0,369.9,367.0,369.0,369.0,367.0,,368.97,,,1418458,522925011.3,30207,F1,1,,,,,
2026-09-23,2026-09-23,CM,NSE,STK,3499,INE081A01020,TATASTEEL,EQ,,,,,TATA STEEL LIMITED,184.88,191.5,184.87,190.82,190.82,184.97,,190.82,,,39798327,7544119648.53,179963,F1,1,,,,,
2026-09-23,2026-09-23,CM,NSE,STK,20293,INE142M01025,TATATECH,EQ,,,,,TATA TECHNOLOGIES LIMITED,715.55,721.25,709.0,716.45,715.05,715.55,,716.4,,,625279,447817275.2,42263,F1,1,,,,,
2026-09-23,2026-09-23,CM,NSE,STK,8954,INE517B01013,TTML,EQ,,,,,TATA TELESERV(MAHARASTRA),35.64,36.09,35.5,35.63,35.7,35.62,,35.63,,,1081213,38635481.38,6041,F1,1,,,,,
2026-09-23,2026-09-23,CM,NSE,STK,7838,INF277K015R5,NETF,EQ,,,,,TATAAML - NETF,255.9,256.0,254.01,255.17,254.62,254.99,,254.61,,,1481,376912.74,98,F1,1,,,,,
2026-09-23,2026-09-23,CM,NSE,STK,12978,INF277K010X4,NPBET,EQ,,,,,TATAAML - NPBET,285.11,285.64,284.0,284.0,284.0,284.26,,284.0,,,14232,4041996.79,17,F1,1,,,,,
2026-09-23,2026-09-23,CM,NSE,STK,8882,INF277KA1364,TNIDETF,EQ,,,,,TATAAML - TNIDETF,88.58,88.98,88.0,88.8,88.0,88.6,,88.8,,,67844,6014675.77,317,F1,1,,,,,
2026-09-23,2026-09-23,CM,NSE,STK,21401,INF277KA1976,TATAGOLD,EQ,,,,,TATAAML-TATAGOLD,14.71,14.75,14.65,14.67,14.67,14.69,,14.67,,,35154842,516967554.31,50412,F1,1,,,,,
2026-09-23,2026-09-23,CM,NSE,STK,21428,INF277KA1984,TATSILV,EQ,,,,,TATAAML-TATSILV,22.6,22.7,22.32,22.37,22.36,22.36,,22.37,,,33492729,754425805.64,34703,F1,1,,,,,
2026-09-23,2026-09-23,CM,NSE,STK,5162,INE0GK401011,TATVA,EQ,,,,,TATVA CHIN PHARM CHEM LTD,1742.9,1822.0,1713.0,1778.1,1779.1,1744.2,,1778.1,,,100979,181431932.1,10583,F1,1,,,,,
2026-09-23,2026-09-23,CM,NSE,STK,759759,INE0XWS01018,TAURIAN,ST,,,,,TAURIAN MPS LIMITED,582.0,587.6,572.0,582.0,582.0,559.65,,582.0,,,40000,23418440.0,48,F1,800,,,,,
2026-09-23,2026-09-23,CM,NSE,STK,11754,INE053F07835,753IRFC30,NJ,,,,,TAX FREE  7.53% SR. 103 A,1140.0,1140.01,1140.0,1140.0,1140.0,1138.11,,1140.0,,,870,991805.0,11,F1,1,,,,,
2026-09-23,2026-09-23,CM,NSE,STK,15168,INE053F07900,764IRFC31,NO,,,,,TAX FREE  7.64% SR. 108A,1153.9,1154.0,1152.35,1152.5,1153.0,1152.0,,1152.5,,,115,132595.75,7,F1,1,,,,,
2026-09-23,2026-09-23,CM,NSE,STK,14529,INE906B07EP5,769NHAI31,NE,,,,,TAX FREE 7.69% SR. IIB,1083.0,1089.89,1080.5,1085.44,1086.0,1081.0,,1085.44,,,1344,1457967.12,15,F1,1,,,,,
2026-09-23,2026-09-23,CM,NSE,STK,11757,INE053F07843,750IRFC35,NK,,,,,TAX FREE7.50% SR.104 A,1234.0,1234.0,1220.0,1233.99,1233.99,1213.0,,1233.99,,,550,678349.75,4,F1,1,,,,,
2026-09-23,2026-09-23,CM,NSE,STK,12003,INE906B07EJ8,76NHAI31,,,,,,TAX FREE7.60% SR.IIB,1142.87,1142.87,1113.12,1119.73,1120.0,1115.0,,1119.73,,,2124,2371310.14,47,F1,1,,,,,
2026-09-23,2026-09-23,CM,NSE,STK,29111,INE020B07GX4,738REC27TF,N2,,,,,TAXFREE SEC NCD TR1 S2,1075.26,1075.26,1075.25,1075.25,1075.25,1079.99,,1075.25,,,1000,1075252.5,2,F1,1,,,,,
2026-09-23,2026-09-23,CM,NSE,STK,24019,INE0N2D01013,TBI,SM,,,,,TBI CORN LIMITED,77.0,77.0,74.0,74.0,74.0,77.05,,74.0,,,36000,2695440.0,50,F1,600,,,,,
2026-09-23,2026-09-23,CM,NSE,STK,23740,INE673O01025,TBOTEK,EQ,,,,,TBO TEK LIMITED,1700.0,1721.8,1700.0,1704.5,1700.5,1703.7,,1704.46,,,137694,235208566.7,10362,F1,1,,,,,
2026-09-23,2026-09-23,CM,NSE,STK,761814,INE887D01024,TCC,EQ,,,,,TCC CONCEPT LIMITED,53.55,55.0,52.5,53.89,53.9,52.62,,53.89,,,1667565,89941654.77,10420,F1,1,,,,,
2026-09-23,2026-09-23,CM,NSE,STK,19223,INE586V01016,TCIEXP,EQ,,,,,TCI EXPRESS LIMITED,488.55,512.45,488.55,505.6,507.0,486.15,,505.62,,,22609,11364264.75,1888,F1,1,,,,,
2026-09-23,2026-09-23,CM,NSE,STK,4771,INE911B01018,TCIFINANCE,EQ,,,,,TCI FINANCE LTD,15.6,15.6,14.85,15.19,15.2,15.26,,15.19,,,9089,138379.76,127,F1,1,,,,,
2026-09-23,2026-09-23,CM,NSE,STK,184,INE822C01015,TCPLPACK,EQ,,,,,TCPL PACKAGING LIMITED,3814.0,4079.1,3814.0,4003.0,3970.0,3833.8,,4002.89,,,13166,52563568.4,3732,F1,1,,,,,
2026-09-23,2026-09-23,CM,NSE,STK,25178,INE419M01035,TDPOWERSYS,EQ,,,,,TD POWER SYSTEMS LTD.,760.0,783.35,752.15,765.5,763.0,756.4,,765.48,,,1842284,1408665114.3,71833,F1,1,,,,,
2026-09-23,2026-09-23,CM,NSE,STK,10717,INE289C01025,TEAMGTY,EQ,,,,,TEAM INDIA GUARANTY LTD,240.99,241.0,235.0,239.95,241.0,240.77,,240.02,,,186,44429.57,67,F1,1,,,,,
2026-09-23,2026-09-23,CM,NSE,STK,12716,INE985S01024,TEAMLEASE,EQ,,,,,TEAMLEASE SERVICES LTD.,1210.5,1211.0,1186.6,1196.0,1198.9,1201.0,,1195.77,,,7971,9523082.3,2185,F1,1,,,,,
2026-09-23,2026-09-23,CM,NSE,STK,17000,INE065J01024,TPHQ,BE,,,,,TEAMO PRODUCTIONS HQ LTD,0.54,0.54,0.51,0.52,0.52,0.53,,0.52,,,1868199,966944.58,395,F1,1,,,,,
2026-09-23,2026-09-23,CM,NSE,STK,763571,INE2OL601013,TEAMTECH,ST,,,,,TEAMTECH FORMWORK SOL LTD,129.0,136.5,123.5,136.0,136.0,130.0,,136.0,,,94000,12341200.0,40,F1,2000,,,,,
2026-09-23,2026-09-23,CM,NSE,STK,13538,INE669C01036,TECHM,EQ,,,,,TECH MAHINDRA LIMITED,1540.0,1558.0,1539.3,1557.0,1557.0,1551.6,,1556.99,,,851068,1320342921.1,49591,F1,1,,,,,
2026-09-23,2026-09-23,CM,NSE,STK,759138,INE0Y5H01014,TECHD,SM,,,,,TECHD CYBERSECURITY LTD,570.0,574.9,561.0,565.0,565.0,556.8,,565.0,,,11700,6651360.0,38,F1,300,,,,,
2026-09-23,2026-09-23,CM,NSE,STK,25652,INE0JQS01019,TECHERA,SM,,,,,TECHERA ENGINEER (IND) L,153.0,158.7,153.0,158.7,158.7,151.15,,158.7,,,43200,6820480.0,48,F1,800,,,,,
2026-09-23,2026-09-23,CM,NSE,STK,6445,INE285K01026,TECHNOE,EQ,,,,,TECHNO ELEC & ENG CO. LTD,1005.65,1021.8,1005.65,1012.05,1011.0,1005.65,,1012.19,,,71021,72046356.6,7276,F1,1,,,,,
2026-09-23,2026-09-23,CM,NSE,STK,14223,INE545H01011,TIIL,EQ,,,,,TECHNOCRAFT IND LTD,3004.6,3155.3,3000.0,3019.9,3025.0,2983.0,,3019.94,,,47403,145283374.3,9122,F1,1,,,,,
2026-09-23,2026-09-23,CM,NSE,STK,764532,INE1D0W01018,TECHNOCRAF,EQ,,,,,TECHNOCRAFT VENTURES LTD,464.0,482.55,463.05,475.65,474.0,457.5,,475.65,,,2956605,1402920565.2,64973,F1,1,,,,,
2026-09-23,2026-09-23,CM,NSE,STK,762939,INE314H01012,TECHNVISN,EQ,,,,,TECHNVISION VENTURES LTD.,3982.5,4181.5,3982.5,4181.5,4181.5,3982.5,,4181.5,,,550,2275608.5,125,F1,1,,,,,
2026-09-23,2026-09-23,CM,NSE,STK,3453,INE014B01011,TECILCHEM,EQ,,,,,TECIL CHEMICALS,9.48,9.6,8.9,9.5,9.6,9.31,,9.5,,,11556,107694.91,100,F1,1,,,,,
2026-09-23,2026-09-23,CM,NSE,STK,23530,INE0K6601012,TGL,ST,,,,,TEERTH GOPICON LIMITED,14.7,14.8,14.45,14.7,14.7,14.7,,14.7,,,26200,379860.0,66,F1,200,,,,,
2026-09-23,2026-09-23,CM,NSE,STK,7105,INE011K01018,TEGA,EQ,,,,,TEGA INDUSTRIES LIMITED,2067.0,2125.0,2061.5,2078.8,2079.0,2069.0,,2078.76,,,671454,1406496644.9,38882,F1,1,,,,,
2026-09-23,2026-09-23,CM,NSE,STK,763825,INE0R1301019,TEJA,SM,,,,,TEJA ENGINEERING IND L,225.0,225.0,206.05,208.15,206.25,218.8,,208.15,,,22800,4845660.0,34,F1,600,,,,,
2026-09-23,2026-09-23,CM,NSE,STK,21131,INE010J01012,TEJASNET,EQ,,,,,TEJAS NETWORKS LIMITED,517.9,525.4,511.95,521.55,521.5,516.3,,521.57,,,890300,462925498.8,23141,F1,1,,,,,
2026-09-23,2026-09-23,CM,NSE,STK,3275,INE869Y01028,TEMBO,EQ,,,,,TEMBO GLOBAL IND LTD,57.63,61.48,57.3,59.31,59.7,57.36,,59.31,,,1389438,81210118.62,4377,F1,1,,,,,
2026-09-23,2026-09-23,CM,NSE,STK,765426,INE1KZI01025,TEMPSENS,EQ,,,,,TEMPSENS INST (INDIA) LTD,538.0,574.45,538.0,565.65,568.0,537.1,,565.69,,,3639393,2054492087.5,80978,F1,1,,,,,
2026-09-23,2026-09-23,CM,NSE,STK,759880,INE19RI01016,TENNIND,EQ,,,,,TENNECO CLEAN AIR INDIA L,531.0,541.7,516.3,518.6,519.7,532.75,,518.31,,,986500,519352309.35,39546,F1,1,,,,,
2026-09-23,2026-09-23,CM,NSE,STK,19292,INE482B01010,TERASOFT,EQ,,,,,TERA SOFTWARE LIMITED,240.3,246.95,228.6,230.8,231.8,240.8,,230.89,,,37055,8720528.25,1778,F1,1,,,,,
2026-09-23,2026-09-23,CM,NSE,STK,764950,INE390D01011,TERAI,EQ,,,,,TERAI TEA CO. LTD.,115.0,115.0,110.7,111.36,113.0,118.0,,114.41,,,10,1113.6,3,F1,1,,,,,
2026-09-23,2026-09-23,CM,NSE,STK,12827,INE435C01024,TEXINFRA,BL,,,,,TEXMACO INFRA & HOLDG LTD,115.02,115.02,115.02,115.02,115.02,71.0,,115.02,,,12810900,1473509718.0,1,F1,999999999,,,,,
2026-09-23,2026-09-23,CM,NSE,STK,11549,INE435C01024,TEXINFRA,EQ,,,,,TEXMACO INFRA & HOLDG LTD,118.05,126.59,117.69,123.47,123.32,115.02,,123.47,,,2791859,342216930.76,21573,F1,1,,,,,
2026-09-23,2026-09-23,CM,NSE,STK,21828,INE621L01012,TEXRAIL,EQ,,,,,TEXMACO RAIL & ENG. LTD.,119.75,126.7,118.0,124.75,124.8,119.2,,124.75,,,6899587,849451112.93,51627,F1,1,,,,,
2026-09-23,2026-09-23,CM,NSE,STK,18214,INE141K01013,TEXMOPIPES,EQ,,,,,TEXMO PIPE & PRODUCTS LTD,59.25,61.29,59.15,59.63,59.99,59.38,,59.62,,,126916,7586635.09,1390,F1,1,,,,,
2026-09-23,2026-09-23,CM,NSE,STK,10751,INE733E07JW2,762NTPC35F,ND,,,,,TFB 7.62% 2035 SR. 3B,1138.01,1138.01,1138.01,1138.01,1138.01,1169.99,,1138.01,,,156,177529.56,1,F1,1,,,,,
2026-09-23,2026-09-23,CM,NSE,STK,14607,INE797H01018,TGBHOTELS,EQ,,,,,TGB BANQUETS&HOTELS LTD,9.84,10.15,9.36,9.43,9.4,9.64,,9.43,,,72038,708707.15,183,F1,1,,,,,
2026-09-23,2026-09-23,CM,NSE,STK,22777,INE0QJL01014,TCL,SM,,,,,THAAI CASTING LIMITED,131.0,131.0,125.55,130.1,130.0,131.55,,130.1,,,28800,3702880.0,36,F1,800,,,,,
2026-09-23,2026-09-23,CM,NSE,STK,762944,INE077P01034,THACKER,EQ,,,,,THACKER & CO. LTD.,1000.0,1050.0,980.0,1008.0,1050.0,1008.75,,1019.0,,,18,18040.0,8,F1,1,,,,,
2026-09-23,2026-09-23,CM,NSE,STK,762949,INE403F01017,THAKDEV,EQ,,,,,THAKKERS DEVELOPERS LTD.,129.15,137.9,129.15,133.78,137.88,126.36,,133.78,,,1517,203538.67,63,F1,1,,,,,
2026-09-23,2026-09-23,CM,NSE,STK,18118,INE085J01014,THANGAMAYL,EQ,,,,,THANGAMAYIL JEWELLERY LTD,5174.0,5349.5,5173.5,5317.0,5310.0,5119.5,,5316.51,,,85826,454562127.5,17190,F1,1,,,,,
2026-09-23,2026-09-23,CM,NSE,STK,9014,INE294Z01018,ANUP,EQ,,,,,THE ANUP ENGINEERING LTD,1673.0,1728.0,1664.4,1698.4,1700.0,1663.0,,1698.4,,,56184,95405427.4,7109,F1,1,,,,,
2026-09-23,2026-09-23,CM,NSE,STK,7919,INE319B01014,BYKE,EQ,,,,,THE BYKE HOSPITALITY LTD,30.3,30.85,28.75,30.35,30.43,30.31,,30.34,,,75426,2251413.6,500,F1,1,,,,,
2026-09-23,2026-09-23,CM,NSE,STK,13776,INE017A01032,GESHIP,EQ,,,,,THE GE SHPG.LTD,1462.9,1489.1,1459.0,1483.8,1483.2,1462.0,,1483.85,,,411769,608627788.5,36278,F1,1,,,,,
2026-09-23,2026-09-23,CM,NSE,STK,17770,INE646C01018,GROBTEA,EQ,,,,,THE GROB TEA COMPANY LTD,920.0,920.0,900.0,919.35,920.0,904.2,,919.35,,,65,59037.85,12,F1,1,,,,,
2026-09-23,2026-09-23,CM,NSE,STK,8568,INE127B01011,HITECHGEAR,BE,,,,,THE HI-TECH GEARS LIMITED,540.0,560.95,540.0,560.95,560.95,534.25,,560.97,,,2423,1348129.0,43,F1,1,,,,,
2026-09-23,2026-09-23,CM,NSE,STK,1515,INE383A01012,INDIACEM,EQ,,,,,THE INDIA CEMENTS LIMITED,345.0,347.2,339.0,340.05,340.0,340.65,,340.07,,,112453,38438418.55,5574,F1,1,,,,,
2026-09-23,2026-09-23,CM,NSE,STK,1512,INE053A01029,INDHOTEL,EQ,,,,,THE INDIAN HOTELS CO. LTD,738.25,744.0,736.15,743.7,743.7,736.25,,743.69,,,1295095,959830635.95,35781,F1,1,,,,,
2026-09-23,2026-09-23,CM,NSE,STK,21427,INE924D01017,THEINVEST,EQ,,,,,THE INVEST TRUST OF IND L,95.0,95.04,93.0,94.06,94.0,95.25,,94.05,,,10403,976199.61,282,F1,1,,,,,
2026-09-23,2026-09-23,CM,NSE,STK,399,INE470Y01017,NIACL,EQ,,,,,THE NEW INDIA ASSU CO LTD,188.34,193.2,187.5,191.16,191.55,187.41,,191.16,,,2811596,536796505.36,27210,F1,1,,,,,
2026-09-23,2026-09-23,CM,NSE,STK,10318,INE431F01018,PKTEA,BE,,,,,THE P K TEA PROD CO LTD,1046.8,1046.8,956.0,988.15,999.0,997.9,,988.15,,,1354,1354806.3,130,F1,1,,,,,
2026-09-23,2026-09-23,CM,NSE,STK,14552,INE211B01039,PHOENIXLTD,EQ,,,,,THE PHOENIX MILLS LTD,1960.0,2015.3,1954.2,1993.2,1993.2,1953.4,,1993.2,,,639296,1274288056.3,36185,F1,1,,,,,
2026-09-23,2026-09-23,CM,NSE,STK,2043,INE331A01037,RAMCOCEM,EQ,,,,,THE RAMCO CEMENTS LIMITED,883.75,889.65,878.0,885.05,885.9,883.5,,885.07,,,237490,210101710.85,7545,F1,1,,,,,
2026-09-23,2026-09-23,CM,NSE,STK,2939,INE301D01026,RUBYMILLS,EQ,,,,,THE RUBY MILLS LTD,432.0,515.0,432.0,490.2,488.05,459.95,,489.9,,,111992,55539368.9,6017,F1,1,,,,,
2026-09-23,2026-09-23,CM,NSE,STK,5948,INE683A01023,SOUTHBANK,EQ,,,,,THE SOUTH INDIAN BANK LTD,45.26,47.2,45.26,47.08,47.14,45.23,,47.08,,,14551891,677523712.09,43144,F1,1,,,,,
2026-09-23,2026-09-23,CM,NSE,STK,10948,INE655A01013,STCINDIA,EQ,,,,,THE STATE TRADING CORPN,111.85,113.0,111.25,111.98,111.75,111.06,,111.98,,,15098,1692870.43,296,F1,1,,,,,
2026-09-23,2026-09-23,CM,NSE,STK,19578,INE071E01023,UGARSUGAR,EQ,,,,,THE UGAR SUGAR WORKS LTD,55.36,58.64,55.36,57.22,57.11,55.35,,57.22,,,915900,52608548.44,9712,F1,1,,,,,
2026-09-23,2026-09-23,CM,NSE,STK,20481,INE215F01023,WIPL,EQ,,,,,THE WESTERN INDIA PLY LTD,164.9,164.9,160.02,160.91,160.25,159.4,,160.91,,,1666,269521.08,37,F1,1,,,,,
2026-09-23,2026-09-23,CM,NSE,STK,19279,INE121N01019,THEJO,EQ,,,,,THEJO ENGINEERING LIMITED,2194.3,2194.3,2151.2,2173.5,2170.0,2167.9,,2173.5,,,3114,6768029.1,399,F1,1,,,,,
2026-09-23,2026-09-23,CM,NSE,STK,14485,INE083B01024,THEMISMED,EQ,,,,,THEMIS MEDICARE LTD.,125.85,125.85,121.5,121.97,122.1,122.6,,121.97,,,35037,4312531.03,1022,F1,1,,,,,
2026-09-23,2026-09-23,CM,NSE,STK,3475,INE152A01029,THERMAX,EQ,,,,,THERMAX LTD,3460.1,3507.9,3445.1,3464.9,3460.6,3472.2,,3464.86,,,153000,532319173.7,34598,F1,1,,,,,
2026-09-23,2026-09-23,CM,NSE,STK,25651,INE0SHE01019,THESL,ST,,,,,THINKING HATS ENTER SOL L,14.55,14.55,14.55,14.55,14.55,13.9,,14.55,,,6000,87300.0,2,F1,3000,,,,,
2026-09-23,2026-09-23,CM,NSE,STK,3496,INE338A01024,TIRUMALCHM,EQ,,,,,THIRUMALAI CHEMICALS LTD,159.2,171.43,157.37,165.22,165.2,157.32,,165.17,,,2671402,443945461.28,30145,F1,1,,,,,
2026-09-23,2026-09-23,CM,NSE,STK,3481,INE332A01027,THOMASCOOK,EQ,,,,,THOMAS COOK (INDIA) LTD,104.6,106.16,104.6,105.12,105.2,104.85,,105.12,,,237088,24963300.22,2985,F1,1,,,,,
2026-09-23,2026-09-23,CM,NSE,STK,31017,INE480M01011,THOMASCOTT,EQ,,,,,THOMAS SCOTT (INDIA) LTD,236.0,239.4,232.55,235.15,235.0,236.9,,235.13,,,38180,8997573.9,1010,F1,1,,,,,
2026-09-23,2026-09-23,CM,NSE,STK,17032,INE594H01019,THYROCARE,EQ,,,,,THYROCARE TECH LTD,580.0,584.75,572.35,573.75,572.95,577.5,,573.75,,,146553,84556741.1,9605,F1,1,,,,,
2026-09-23,2026-09-23,CM,NSE,STK,759176,INE906O01029,TIGERLOGS,EQ,,,,,TIGER LOGISTICS (INDIA) L,26.95,27.5,26.12,26.87,26.75,26.57,,26.87,,,123476,3292411.57,973,F1,1,,,,,
2026-09-23,2026-09-23,CM,NSE,STK,25486,INE440L01017,TIJARIA,BE,,,,,TIJARIA POLYPIPES LTD,7.15,7.15,6.53,6.53,6.53,6.87,,6.53,,,51070,335365.25,154,F1,1,,,,,
2026-09-23,2026-09-23,CM,NSE,STK,9802,INE806C01018,TIL,BE,,,,,TIL LTD,245.5,260.05,245.5,259.09,257.35,248.07,,259.09,,,96021,24737736.27,583,F1,1,,,,,
2026-09-23,2026-09-23,CM,NSE,STK,19196,INE133E01013,TI,EQ,,,,,TILAKNAGAR INDUSTRIES LTD,573.5,607.8,572.1,601.5,602.4,574.65,,601.5,,,1593921,947028075.05,41974,F1,1,,,,,
2026-09-23,2026-09-23,CM,NSE,STK,14707,INE508G01029,TIMETECHNO,EQ,,,,,TIME TECHNOPLAST LTD.,181.25,183.25,180.01,181.96,182.25,180.59,,181.96,,,3467558,631668893.71,21330,F1,1,,,,,
2026-09-23,2026-09-23,CM,NSE,STK,762954,INE064A01026,TIMEX,EQ,,,,,TIMEX GROUP INDIA LTD.,705.0,748.0,705.0,725.75,725.0,703.8,,725.99,,,1193305,872713812.9,61723,F1,1,,,,,
2026-09-23,2026-09-23,CM,NSE,STK,14198,INE325A01013,TIMKEN,EQ,,,,,TIMKEN INDIA LTD.,3152.0,3299.0,3133.6,3287.9,3295.0,3178.5,,3287.63,,,55180,178670862.9,10700,F1,1,,,,,
2026-09-23,2026-09-23,CM,NSE,STK,756020,INE015C01016,TINNARUBR,EQ,,,,,TINNA RUBBER AND INFR LTD,1016.5,1026.55,1000.0,1007.25,1010.0,1008.1,,1007.25,,,27984,28267071.95,2994,F1,1,,,,,
2026-09-23,2026-09-23,CM,NSE,STK,11374,INE0LQS01015,TIPSFILMS,EQ,,,,,TIPS FILMS LIMITED,327.0,327.0,313.0,314.75,314.95,316.35,,314.85,,,2164,683932.8,207,F1,1,,,,,
2026-09-23,2026-09-23,CM,NSE,STK,9117,INE716B01029,TIPSMUSIC,EQ,,,,,TIPS MUSIC LIMITED,665.0,682.5,660.0,670.5,669.0,661.8,,670.49,,,326612,219869792.65,14381,F1,1,,,,,
2026-09-23,2026-09-23,CM,NSE,STK,22284,INE319Y01024,TIRUPATIFL,BE,,,,,TIRUPATI FORGE LIMITED,78.34,78.34,76.0,78.34,78.34,74.61,,78.34,,,1107996,86664884.09,1217,F1,1,,,,,
2026-09-23,2026-09-23,CM,NSE,STK,15414,INE615H01020,TITAGARH,EQ,,,,,TITAGARH RAIL SYSTEMS LTD,834.95,845.7,827.1,842.05,842.5,834.85,,842.02,,,367272,307280238.0,15707,F1,1,,,,,
2026-09-23,2026-09-23,CM,NSE,STK,3506,INE280A01028,TITAN,EQ,,,,,TITAN COMPANY LIMITED,4928.5,4951.0,4852.5,4880.0,4880.0,4928.5,,4880.0,,,769737,3762125682.5,68371,F1,1,,,,,
2026-09-23,2026-09-23,CM,NSE,STK,3837,INE932C01012,TOKYOPLAST,EQ,,,,,TOKYO PLAST INTL LTD,79.0,79.5,78.0,79.4,79.48,78.4,,79.5,,,2420,189996.76,37,F1,1,,,,,
2026-09-23,2026-09-23,CM,NSE,STK,25262,INE0RWQ01014,TOLINS,EQ,,,,,TOLINS TYRES LIMITED,89.7,93.0,89.48,91.58,91.3,89.6,,91.58,,,34684,3167566.31,739,F1,1,,,,,
2026-09-23,2026-09-23,CM,NSE,STK,3518,INE685A01028,TORNTPHARM,EQ,,,,,TORRENT PHARMACEUTICALS L,4924.0,4992.0,4884.0,4985.0,4985.0,4935.0,,4984.98,,,309574,1533831017.0,23927,F1,1,,,,,
2026-09-23,2026-09-23,CM,NSE,STK,13786,INE813H01021,TORNTPOWER,EQ,,,,,TORRENT POWER LTD,1247.1,1268.0,1247.1,1259.4,1263.4,1246.3,,1259.37,,,156538,197342643.3,14623,F1,1,,,,,
2026-09-23,2026-09-23,CM,NSE,STK,22425,INE336X01012,TOTAL,BE,,,,,TOTAL TRANSPORT SYS LTD,71.99,72.0,69.01,71.5,71.5,72.19,,71.5,,,5650,398219.42,31,F1,1,,,,,
2026-09-23,2026-09-23,CM,NSE,STK,16908,INE486Y01013,TOUCHWOOD,EQ,,,,,TOUCHWOOD ENTERTAIN LTD.,61.97,61.97,61.07,61.85,61.85,61.67,,61.85,,,245,15121.69,9,F1,1,,,,,
2026-09-23,2026-09-23,CM,NSE,STK,3466,INE305A01023,TFCILTD,EQ,,,,,TOURISM FINANCE CORP. OF,141.8,142.99,140.86,141.55,141.0,140.8,,141.55,,,11104195,1571273009.92,32258,F1,1,,,,,
2026-09-23,2026-09-23,CM,NSE,STK,765195,INE457P01020,TOYAMSL,EQ,,,,,TOYAM SPORTS LTD.,0.88,0.88,0.86,0.88,0.88,0.84,,0.89,,,1227535,1080051.07,291,F1,1,,,,,
2026-09-23,2026-09-23,CM,NSE,STK,9219,INE413G01022,TPLPLASTEH,EQ,,,,,TPL PLASTECH LIMITED,65.48,67.38,65.42,67.15,67.17,65.09,,67.16,,,108318,7198628.42,1067,F1,1,,,,,
2026-09-23,2026-09-23,CM,NSE,STK,11582,INE0HMF01019,TRACXN,EQ,,,,,TRACXN TECHNOLOGIES LTD,32.8,33.32,32.69,32.95,32.99,32.69,,32.95,,,164668,5429911.36,3869,F1,1,,,,,
2026-09-23,2026-09-23,CM,NSE,STK,15174,INE763I01026,TARIL,EQ,,,,,TRANS & RECTI. LTD,280.95,289.95,280.95,289.0,289.85,280.75,,289.02,,,1257349,360700324.05,25962,F1,1,,,,,
2026-09-23,2026-09-23,CM,NSE,STK,765200,INE330E01023,TRANSCOR,EQ,,,,,TRANSCORP INTERNATIONAL L,25.0,25.7,24.2,24.28,24.25,24.92,,24.26,,,3261,80818.87,91,F1,1,,,,,
2026-09-23,2026-09-23,CM,NSE,STK,17795,INE0O3901029,TREL,EQ,,,,,TRANSINDIA REAL ESTATE L,27.31,28.39,27.11,27.78,28.19,27.31,,27.77,,,137169,3825202.94,3670,F1,1,,,,,
2026-09-23,2026-09-23,CM,NSE,STK,7669,INE687A01016,TRANSPEK,BE,,,,,TRANSPEK INDUSTRIES LTD,1315.0,1397.0,1301.0,1350.9,1333.0,1338.6,,1350.9,,,1174,1586013.4,108,F1,1,,,,,
2026-09-23,2026-09-23,CM,NSE,STK,10580,INE688A01022,TCI,EQ,,,,,TRANSPORT CORPN OF INDIA,813.45,834.95,813.45,829.75,827.0,813.45,,829.75,,,42256,35027654.9,6432,F1,1,,,,,
2026-09-23,2026-09-23,CM,NSE,STK,28714,INE454P01035,TRANSRAILL,EQ,,,,,TRANSRAIL LIGHTING LTD,478.0,496.0,468.65,488.9,491.5,477.15,,488.88,,,10396978,5035332361.15,171198,F1,1,,,,,
2026-09-23,2026-09-23,CM,NSE,STK,19801,INE0NVI01020,TRANSTEEL,SM,,,,,TRANSTEEL SEATING TECH L,87.95,89.0,85.15,86.65,87.0,86.3,,86.65,,,21000,1830550.0,21,F1,1000,,,,,
2026-09-23,2026-09-23,CM,NSE,STK,14319,INE804H01012,TFL,EQ,,,,,TRANSWARRANTY FIN. LTD.,11.75,12.19,11.65,11.77,11.8,11.75,,11.77,,,1112,13238.96,37,F1,1,,,,,
2026-09-23,2026-09-23,CM,NSE,STK,8619,INE757B01015,TRANSWORLD,BE,,,,,TRANSWORLD SHIP LINES LTD,166.51,166.7,166.51,166.7,166.7,166.51,,166.85,,,6992,1164570.28,22,F1,1,,,,,
2026-09-23,2026-09-23,CM,NSE,STK,757545,INE103V01028,TRAVELFOOD,EQ,,,,,TRAVEL FOOD SERVICES LTD,1230.0,1233.9,1204.6,1214.5,1213.5,1230.3,,1214.5,,,22319,27172493.2,4385,F1,1,,,,,
2026-09-23,2026-09-23,CM,NSE,STK,25082,INE040M01013,TREEHOUSE,EQ,,,,,TREE HOUSE EDU LTD,6.05,6.14,5.84,5.93,5.9,6.05,,5.93,,,10437,61878.64,72,F1,1,,,,,
2026-09-23,2026-09-23,CM,NSE,STK,7518,INE00CA01015,TREJHARA,EQ,,,,,TREJHARA SOLUTIONS LTD,136.97,138.97,132.1,135.22,135.0,136.21,,135.45,,,12151,1634629.06,484,F1,1,,,,,
2026-09-23,2026-09-23,CM,NSE,STK,1964,INE849A01020,TRENT,EQ,,,,,TRENT LTD,2782.9,2794.4,2764.5,2774.0,2774.0,2782.9,,2774.0,,,839769,2332333175.7,36016,F1,1,,,,,
2026-09-23,2026-09-23,CM,NSE,STK,17987,INE391D01019,TRF,EQ,,,,,TRF LIMITED,215.0,221.4,214.0,216.31,215.6,216.06,,216.31,,,9874,2148854.8,612,F1,1,,,,,
2026-09-23,2026-09-23,CM,NSE,STK,27041,INE760L01018,TBZ,BE,,,,,TRIB BHIMJI ZAVERI LTD,685.0,698.6,641.5,692.45,695.0,665.35,,692.47,,,835442,574648383.6,11006,F1,1,,,,,
2026-09-23,2026-09-23,CM,NSE,STK,9685,INE064C01022,TRIDENT,EQ,,,,,TRIDENT LIMITED,22.93,23.54,22.92,23.42,23.41,22.93,,23.42,,,5005602,116703386.91,14034,F1,1,,,,,
2026-09-23,2026-09-23,CM,NSE,STK,21078,INE0QD201012,TECHLABS,SM,,,,,TRIDENT TECHLABS LIMITED,117.95,121.0,115.0,115.95,117.0,120.5,,115.95,,,40125,4688787.5,179,F1,125,,,,,
2026-09-23,2026-09-23,CM,NSE,STK,17210,INE0LWY01029,TRIDHYA,SM,,,,,TRIDHYA TECH LIMITED,6.75,7.05,6.75,7.05,7.05,6.95,,7.05,,,6000,41400.0,2,F1,3000,,,,,
2026-09-23,2026-09-23,CM,NSE,STK,5428,INE948A01012,TRIGYN,EQ,,,,,TRIGYN TECHNOLOGIES LTD,55.98,58.1,55.51,56.14,56.04,55.76,,56.14,,,14943,843002.31,346,F1,1,,,,,
2026-09-23,2026-09-23,CM,NSE,STK,764960,INE440G01017,TRITONV,EQ,,,,,TRITON VALVES LTD.,1062.1,1160.0,1062.1,1133.8,1133.1,1080.1,,1132.86,,,4857,5485357.1,667,F1,1,,,,,
2026-09-23,2026-09-23,CM,NSE,STK,13081,INE256C01024,TRIVENI,EQ,,,,,TRIVENI ENGG. & INDS. LTD,239.5,246.9,238.8,242.35,242.3,239.55,,242.38,,,289387,70403024.1,6540,F1,1,,,,,
2026-09-23,2026-09-23,CM,NSE,STK,25584,INE152M01016,TRITURBINE,EQ,,,,,TRIVENI TURBINE LIMITED,553.9,563.85,552.85,562.1,561.5,550.3,,562.1,,,304911,170319663.95,41226,F1,1,,,,,
2026-09-23,2026-09-23,CM,NSE,STK,24642,INE0SYV01018,TROM,SM,,,,,TROM INDUSTRIES LIMITED,56.95,56.95,53.75,54.1,54.1,54.9,,54.1,,,4800,261120.0,8,F1,600,,,,,
2026-09-23,2026-09-23,CM,NSE,STK,759210,INE0MWH01014,TRUALT,EQ,,,,,TRUALT BIOENERGY LIMITED,418.7,445.0,415.2,438.9,436.05,414.45,,438.81,,,864019,367001713.15,11442,F1,1,,,,,
2026-09-23,2026-09-23,CM,NSE,STK,9378,INE615R01029,TRU,EQ,,,,,TRUCAP FINANCE LIMITED,4.17,4.26,4.15,4.23,4.24,4.17,,4.24,,,26307,110480.39,142,F1,1,,,,,
2026-09-23,2026-09-23,CM,NSE,STK,23417,INE0SWN01019,TRUST,SM,,,,,TRUST FINTECH LIMITED,27.0,27.3,26.2,26.5,26.5,26.2,,26.5,,,6600,176100.0,10,F1,600,,,,,
2026-09-23,2026-09-23,CM,NSE,STK,757861,INE16VK01010,TSC,ST,,,,,TSC INDIA LIMITED,51.3,52.05,51.3,52.05,52.05,54.0,,52.05,,,12000,617200.0,6,F1,2000,,,,,
2026-09-23,2026-09-23,CM,NSE,STK,2183,INE202Z01029,TSFINV,EQ,,,,,TSF INVESTMENTS LIMITED,465.0,465.7,458.0,462.05,462.7,461.35,,462.05,,,66149,30535772.25,6364,F1,1,,,,,
2026-09-23,2026-09-23,CM,NSE,STK,27408,INE1C3207073,935TSI29,N0,,,,,TSI 9.35% 29 SR I-C,101850.01,101850.01,101850.01,101850.01,101850.01,102750.0,,101850.01,,,1,101850.01,1,F1,1,,,,,
2026-09-23,2026-09-23,CM,NSE,STK,27448,INE1C3207065,935TSI30,N0,,,,,TSI 9.35% 30 SR I-D,104520.68,104526.3,104520.68,104526.3,104526.3,104520.68,,104526.3,,,19,1985988.46,7,F1,1,,,,,
2026-09-23,2026-09-23,CM,NSE,STK,27421,INE1C3207081,935TSIIC28,N0,,,,,TSIIC 9.35% 2028 SR I- B,102184.3,102184.3,100910.01,100910.01,100910.01,102000.0,,100910.01,,,6,610743.51,3,F1,1,,,,,
2026-09-23,2026-09-23,CM,NSE,STK,11369,INE910C01018,TTKHLTCARE,EQ,,,,,TTK HEALTHCARE LIMITED,1054.1,1070.3,1046.7,1051.2,1059.9,1050.2,,1051.22,,,24101,25473233.3,2397,F1,1,,,,,
2026-09-23,2026-09-23,CM,NSE,STK,3546,INE690A01028,TTKPRESTIG,EQ,,,,,TTK PRESTIGE LTD,519.15,528.0,517.15,525.8,525.45,517.15,,525.79,,,43374,22697231.35,4762,F1,1,,,,,
2026-09-23,2026-09-23,CM,NSE,STK,312,INE974X01010,TIINDIA,EQ,,,,,TUBE INVEST OF INDIA LTD,2574.0,2603.0,2565.0,2578.6,2578.6,2574.0,,2578.6,,,135053,349462958.4,10701,F1,1,,,,,
2026-09-23,2026-09-23,CM,NSE,STK,24520,INE0OXV01027,TUNWAL,SM,,,,,TUNWAL E-MOTORS LIMITED,25.35,25.9,25.35,25.65,25.7,25.2,,25.65,,,70000,1792900.0,27,F1,2000,,,,,
2026-09-23,2026-09-23,CM,NSE,STK,756090,INE0OC301013,TURTLEMINT,EQ,,,,,TURTLEMINT FINTECH SOLS L,141.36,143.37,135.0,136.3,135.99,140.23,,136.3,,,1014985,141489825.01,14169,F1,1,,,,,
2026-09-23,2026-09-23,CM,NSE,STK,765205,INE400A01014,TUTIALKA,EQ,,,,,TUTICORIN ALKAL CH & FE L,55.34,57.49,55.0,55.64,55.65,55.34,,55.57,,,5587,313696.39,106,F1,1,,,,,
2026-09-23,2026-09-23,CM,NSE,STK,11275,INE038F01029,TVTODAY,EQ,,,,,TV TODAY NETWORK LTD,109.85,110.7,107.15,107.7,107.15,107.67,,107.72,,,57092,6166916.1,584,F1,1,,,,,
2026-09-23,2026-09-23,CM,NSE,STK,18508,INE871L01013,TVVISION,BE,,,,,TV VISION LIMITED,2.91,2.91,2.84,2.91,2.91,2.78,,2.91,,,92299,268439.88,93,F1,1,,,,,
2026-09-23,2026-09-23,CM,NSE,STK,11265,INE236G01019,TVSELECT,EQ,,,,,TVS ELECTRONICS LTD,390.0,400.0,390.0,391.8,390.5,391.15,,391.82,,,46174,18266894.8,2239,F1,1,,,,,
2026-09-23,2026-09-23,CM,NSE,STK,29008,INE105A01035,TVSHLTD,EQ,,,,,TVS HOLDINGS LIMITED,12545.0,12668.0,12361.0,12591.0,12588.0,12543.0,,12590.19,,,4611,57795849.0,2066,F1,1,,,,,
2026-09-23,2026-09-23,CM,NSE,STK,8479,INE494B01023,TVSMOTOR,EQ,,,,,TVS MOTOR COMPANY  LTD,4130.2,4164.8,4100.4,4135.0,4135.0,4140.0,,4135.0,,,862827,3565242737.8,48904,F1,1,,,,,
2026-09-23,2026-09-23,CM,NSE,STK,14245,INE421C01016,TVSSRICHAK,EQ,,,,,TVS SRICHAKRA LIMITED,4651.5,4730.0,4620.5,4651.0,4625.0,4650.0,,4651.55,,,5138,24072666.0,1243,F1,1,,,,,
2026-09-23,2026-09-23,CM,NSE,STK,18151,INE395N01027,TVSSCS,EQ,,,,,TVS SUPPLY CHAIN SOL L,132.02,134.45,131.72,132.48,132.7,132.31,,132.48,,,614308,81580085.78,8695,F1,1,,,,,
2026-09-23,2026-09-23,CM,NSE,STK,19503,INE388G01026,TICL,BE,,,,,TWAMEV CONS AND INFRA LTD,5.56,5.83,5.33,5.83,5.83,5.56,,5.83,,,12226780,69179564.17,923,F1,1,,,,,
2026-09-23,2026-09-23,CM,NSE,STK,764970,INE726E01014,UPHOT,EQ,,,,,U P HOTELS LTD.,1475.0,1500.0,1475.0,1500.0,1500.0,1507.8,,1510.0,,,29,43400.0,4,F1,1,,,,,
2026-09-23,2026-09-23,CM,NSE,STK,25629,INE152C01025,UYFINCORP,BE,,,,,U. Y. FINCORP LIMITED,19.15,19.75,19.15,19.51,19.51,19.15,,19.46,,,74519,1449650.12,165,F1,1,,,,,
2026-09-23,2026-09-23,CM,NSE,STK,7739,INE139B01016,UCAL,BE,,,,,UCAL LIMITED,144.0,145.9,141.2,143.56,144.0,145.12,,143.58,,,9052,1289315.6,111,F1,1,,,,,
2026-09-23,2026-09-23,CM,NSE,STK,755996,INE583D07562,10UCL26,ND,,,,,UCL 10.00% SR I,1010.0,1010.0,1010.0,1010.0,1010.0,995.0,,1010.0,,,1,1010.0,1,F1,1,,,,,
2026-09-23,2026-09-23,CM,NSE,STK,756000,INE583D07604,1015UCL27,NF,,,,,UCL 10.15% SR III,994.01,994.01,994.01,994.01,994.01,999.0,,994.01,,,13,12922.13,1,F1,1,,,,,
2026-09-23,2026-09-23,CM,NSE,STK,755998,INE583D07570,1039UCL26,NE,,,,,UCL 10.39% SR II,1036.3,1036.3,1036.3,1036.3,1036.3,1047.8,,1036.3,,,20,20726.0,4,F1,1,,,,,
2026-09-23,2026-09-23,CM,NSE,STK,756004,INE583D07596,1050UCL28,NH,,,,,UCL 10.50% SR V,1009.01,1009.01,1009.0,1009.0,1009.0,1025.0,,1009.0,,,278,280502.8,7,F1,1,,,,,
2026-09-23,2026-09-23,CM,NSE,STK,11223,INE691A01018,UCOBANK,EQ,,,,,UCO BANK,23.7,24.12,23.7,24.04,24.08,23.72,,24.04,,,3219016,77125696.18,13572,F1,1,,,,,
2026-09-23,2026-09-23,CM,NSE,STK,764965,INE551B01012,UDAYJEW,EQ,,,,,UDAY JEWELLERY INDS. LTD.,148.87,156.5,148.87,153.87,156.0,148.87,,153.87,,,102864,15842937.11,886,F1,1,,,,,
2026-09-23,2026-09-23,CM,NSE,STK,14871,INE0N0Y01013,USK,EQ,,,,,UDAYSHIVAKUMAR INFRA LTD,19.97,20.5,19.7,19.85,19.8,19.97,,19.85,,,26310,525109.13,1857,F1,1,,,,,
2026-09-23,2026-09-23,CM,NSE,STK,1053,INE516A01017,UFLEX,EQ,,,,,UFLEX LIMITED,651.4,675.0,650.0,670.45,672.8,648.15,,670.46,,,150879,100762063.9,5920,F1,1,,,,,
2026-09-23,2026-09-23,CM,NSE,STK,9039,INE527H01019,UFO,EQ,,,,,UFO MOVIEZ INDIA LTD.,61.2,61.5,60.11,60.64,60.6,60.64,,60.64,,,36229,2207926.22,356,F1,1,,,,,
2026-09-23,2026-09-23,CM,NSE,STK,5313,INE583D01011,UGROCAP,EQ,,,,,UGRO CAPITAL LIMITED,82.64,85.7,82.64,84.29,83.6,82.74,,84.29,,,156479,13206538.45,2142,F1,1,,,,,
2026-09-23,2026-09-23,CM,NSE,STK,23507,INE899L01030,UEL,EQ,,,,,UJAAS ENERGY LIMITED,190.1,198.0,186.4,191.86,198.0,191.3,,191.8,,,24169,4638692.33,912,F1,1,,,,,
2026-09-23,2026-09-23,CM,NSE,STK,15228,INE551W01018,UJJIVANSFB,EQ,,,,,UJJIVAN SMALL FINANC BANK,64.5,66.34,64.5,66.01,66.0,64.74,,66.01,,,6091985,400291514.52,30239,F1,1,,,,,
2026-09-23,2026-09-23,CM,NSE,STK,762961,INE405A01021,ULTRAMAR,EQ,,,,,ULTRAMARINE & PIGMENTS L,427.4,441.3,422.6,439.15,436.75,423.9,,439.08,,,52370,22777411.5,2634,F1,1,,,,,
2026-09-23,2026-09-23,CM,NSE,STK,11532,INE481G01011,ULTRACEMCO,EQ,,,,,ULTRATECH CEMENT LIMITED,11050.0,11198.0,11044.0,11155.0,11155.0,11000.0,,11155.02,,,218031,2427923282.0,22558,F1,1,,,,,
2026-09-23,2026-09-23,CM,NSE,STK,8845,INE0GIU01018,UMAEXPORTS,BE,,,,,UMA EXPORTS LIMITED,20.41,20.41,20.41,20.41,20.41,20.01,,21.21,,,1774,36207.34,9,F1,1,,,,,
2026-09-23,2026-09-23,CM,NSE,STK,8998,INE398B01018,UMIYA-MRO,EQ,,,,,UMIYA BUILDCON LIMITED,97.5,97.5,94.5,95.1,94.5,97.29,,95.1,,,11302,1084230.59,386,F1,1,,,,,
2026-09-23,2026-09-23,CM,NSE,STK,3579,INE351A01035,UNICHEMLAB,EQ,,,,,UNICHEM LABORATORIES LTD,539.0,576.0,539.0,573.2,574.0,538.75,,573.19,,,294887,167157646.35,12643,F1,1,,,,,
2026-09-23,2026-09-23,CM,NSE,STK,24809,INE00U401027,UNIECOM,EQ,,,,,UNICOMMERCE ESOLUTIONS L,85.24,86.3,82.97,83.26,83.15,86.32,,83.27,,,516602,43433379.52,6381,F1,1,,,,,
2026-09-23,2026-09-23,CM,NSE,STK,18582,INE0PRF01011,UNIHEALTH,SM,,,,,UNIHEALTH HOSPITALS LTD,649.0,649.0,612.0,626.85,638.4,651.85,,626.85,,,30500,19182550.0,55,F1,500,,,,,
2026-09-23,2026-09-23,CM,NSE,STK,7791,INE481Z01011,UNIINFO,EQ,,,,,UNIINFO TELECOM SERVI LTD,11.4,11.4,11.4,11.4,11.4,11.45,,11.4,,,1,11.4,1,F1,1,,,,,
2026-09-23,2026-09-23,CM,NSE,STK,25633,INE0B2801011,UNILEX,SM,,,,,UNILEX COLOURS AND CHEM L,28.0,30.5,28.0,30.3,30.5,27.0,,30.3,,,22400,664320.0,14,F1,1600,,,,,
2026-09-23,2026-09-23,CM,NSE,STK,28960,INE0U3I01011,UNIMECH,EQ,,,,,UNIMECH AEROSPACE N MFG L,1765.4,1777.0,1710.2,1716.1,1721.0,1732.5,,1716.08,,,221674,385833532.2,23318,F1,1,,,,,
2026-09-23,2026-09-23,CM,NSE,STK,10753,INE692A01016,UNIONBANK,EQ,,,,,UNION BANK OF INDIA,178.0,180.55,178.0,180.0,180.0,178.0,,179.99,,,5681838,1019377216.02,37745,F1,1,,,,,
2026-09-23,2026-09-23,CM,NSE,STK,29687,INF582M01KS4,UNIONGOLD,EQ,,,,,UNIONAMC - UNIONGOLD,147.9,150.0,147.4,147.4,147.4,147.9,,147.4,,,1434,212450.8,46,F1,1,,,,,
2026-09-23,2026-09-23,CM,NSE,STK,13057,INE244O01017,UNIPARTS,EQ,,,,,UNIPARTS INDIA LIMITED,860.1,872.65,849.55,861.2,858.0,851.7,,861.24,,,120514,103760182.55,8708,F1,1,,,,,
2026-09-23,2026-09-23,CM,NSE,STK,11293,INE037A01022,UNIENTER,EQ,,,,,UNIPHOS ENTERPRISES LTD,91.1,91.15,89.5,91.09,91.09,91.15,,91.09,,,5224,473204.67,71,F1,1,,,,,
2026-09-23,2026-09-23,CM,NSE,STK,3594,INE694A01020,UNITECH,EQ,,,,,UNITECH LTD,4.1,4.23,4.09,4.17,4.14,4.09,,4.17,,,2708184,11293913.6,1636,F1,1,,,,,
2026-09-23,2026-09-23,CM,NSE,STK,16713,INE686F01025,UBL,EQ,,,,,UNITED BREWERIES LTD,1215.0,1248.1,1215.0,1242.3,1244.3,1215.2,,1242.14,,,61203,75646163.0,6502,F1,1,,,,,
2026-09-23,2026-09-23,CM,NSE,STK,201,INE961D01019,UNIDT,EQ,,,,,UNITED DRILLING TOOLS LTD,211.0,254.9,211.0,235.24,236.95,212.42,,235.31,,,330560,79064742.39,4432,F1,1,,,,,
2026-09-23,2026-09-23,CM,NSE,STK,3133,INE382M01027,UFBL,BE,,,,,UNITED FOODBRANDS LIMITED,711.0,730.0,711.0,722.1,721.0,720.3,,721.95,,,12015,8651945.0,874,F1,1,,,,,
2026-09-23,2026-09-23,CM,NSE,STK,25938,INE0SMR01011,UHTL,ST,,,,,UNITED HEAT TRANSFER LTD,199.7,199.7,199.7,199.7,199.7,195.8,,199.7,,,12000,2396400.0,6,F1,2000,,,,,
2026-09-23,2026-09-23,CM,NSE,STK,17999,INE458F01011,UNITEDTEA,EQ,,,,,UNITED NILGIRI TEA LTD,427.4,432.35,424.05,428.0,428.0,427.35,,428.0,,,840,359077.85,53,F1,1,,,,,
2026-09-23,2026-09-23,CM,NSE,STK,7560,INE368U01029,UNITEDPOLY,EQ,,,,,UNITED POLYFAB GUJ. LTD.,46.74,46.75,45.05,45.94,45.66,45.57,,45.96,,,112261,5165409.91,670,F1,1,,,,,
2026-09-23,2026-09-23,CM,NSE,STK,10447,INE854D01024,UNITDSPR,EQ,,,,,UNITED SPIRITS LIMITED,1398.0,1442.0,1397.1,1441.0,1441.0,1398.0,,1441.0,,,767514,1097199604.2,34554,F1,1,,,,,
2026-09-23,2026-09-23,CM,NSE,STK,18979,INE562X01013,UNIVASTU,BE,,,,,UNIVASTU INDIA LIMITED,148.17,152.0,145.0,145.71,147.01,148.17,,145.71,,,36599,5412996.23,311,F1,1,,,,,
2026-09-23,2026-09-23,CM,NSE,STK,3607,INE279A01012,UNIVCABLES,EQ,,,,,UNIVERSAL CABLES LTD,1482.0,1519.9,1470.4,1508.8,1513.0,1478.2,,1508.72,,,62316,93282636.3,5404,F1,1,,,,,
2026-09-23,2026-09-23,CM,NSE,STK,17661,INE03V001013,UNIVPHOTO,BE,,,,,UNIVERSUS IMAGINGS LTD,585.0,595.0,575.05,577.05,575.2,589.65,,577.06,,,1036,607160.5,60,F1,1,,,,,
2026-09-23,2026-09-23,CM,NSE,STK,14154,INE405E01023,UNOMINDA,EQ,,,,,UNO MINDA LIMITED,1235.0,1244.9,1220.3,1223.1,1223.1,1226.0,,1223.11,,,742953,918524683.9,28216,F1,1,,,,,
2026-09-23,2026-09-23,CM,NSE,STK,2883,INE530B08110,IIFLZC28,NG,,,,,UNSE RE NCD 0% SR.III,1665.9,1671.8,1665.9,1671.8,1671.8,1671.8,,1671.8,,,156,260470.4,2,F1,1,,,,,
2026-09-23,2026-09-23,CM,NSE,STK,2871,INE530B08094,10IIFL28A,NE,,,,,UNSE RE NCD 10% SR.I,1049.98,1049.98,1048.96,1048.96,1048.96,1042.0,,1049.95,,,25,26225.02,3,F1,1,,,,,
2026-09-23,2026-09-23,CM,NSE,STK,2877,INE530B08102,96IIFL28A,NF,,,,,UNSE RE NCD 9.6% SR.II,999.25,1000.0,999.14,999.95,1000.0,1001.0,,999.93,,,413,412888.34,11,F1,1,,,,,
2026-09-23,2026-09-23,CM,NSE,STK,5217,INE477L08162,IIFLZC28C,N6,,,,,UNSEC RE NCD 0% SR.III,1615.0,1615.0,1615.0,1615.0,1615.0,1621.0,,1615.0,,,7,11305.0,1,F1,1,,,,,
2026-09-23,2026-09-23,CM,NSE,STK,5212,INE477L08147,10IIFL28,N4,,,,,UNSEC RE NCD 10% SR.I,1007.5,1007.5,1000.0,1000.0,1000.0,1006.0,,1005.0,,,20,20075.0,2,F1,1,,,,,
2026-09-23,2026-09-23,CM,NSE,STK,5214,INE477L08154,96IIFL28,N5,,,,,UNSEC RE NCD 9.60% SR.II,1000.87,1000.87,1000.79,1000.79,1000.8,998.99,,1000.79,,,236,236188.6,5,F1,1,,,,,
2026-09-23,2026-09-23,CM,NSE,STK,21225,INE306N08292,910TCAP28,,,,,,UNSERENCD9.1%SRIIICIII&IV,1042.9,1043.0,1026.5,1042.0,1042.0,1039.8,,1031.0,,,217,223663.9,10,F1,1,,,,,
2026-09-23,2026-09-23,CM,NSE,STK,19113,INE851I01011,UDS,EQ,,,,,UPDATER SERVICES LIMITED,198.1,208.7,198.1,205.27,206.0,198.14,,205.16,,,135877,27855651.33,3161,F1,1,,,,,
2026-09-23,2026-09-23,CM,NSE,STK,11287,INE628A01036,UPL,EQ,,,,,UPL LIMITED,557.6,560.45,550.1,553.15,553.15,559.9,,553.15,,,3211815,1780111443.4,40208,F1,1,,,,,
2026-09-23,2026-09-23,CM,NSE,STK,17081,INE568Z01015,URAVIDEF,BE,,,,,URAVI DEFENCE &TECH LTD,104.9,104.9,104.15,104.15,104.15,104.9,,103.0,,,1912,199204.3,33,F1,1,,,,,
2026-09-23,2026-09-23,CM,NSE,STK,759084,INE0CAZ01013,URBANCO,EQ,,,,,URBAN COMPANY LIMITED,174.35,177.77,171.9,172.73,173.0,174.21,,172.72,,,5282197,919875838.28,42602,F1,1,,,,,
2026-09-23,2026-09-23,CM,NSE,STK,16888,INE0O0201019,URBAN,SM,,,,,URBAN ENVIRO WASTE MGMT L,117.2,119.0,117.05,117.05,117.05,116.6,,117.05,,,14400,1697000.0,18,F1,800,,,,,
2026-09-23,2026-09-23,CM,NSE,STK,20203,INE550C01020,URJA,EQ,,,,,URJA GLOBAL LIMITED,9.05,9.15,9.0,9.05,9.07,9.04,,9.05,,,485177,4394038.77,1892,F1,1,,,,,
2026-09-23,2026-09-23,CM,NSE,STK,25952,INE0LS001014,USHAFIN,SM,,,,,USHA FINANCIAL SERVICES L,51.0,54.5,51.0,54.15,54.15,51.0,,54.15,,,43200,2325280.0,21,F1,1600,,,,,
2026-09-23,2026-09-23,CM,NSE,STK,19142,INE240C01028,UMESLTD,EQ,,,,,USHA MARTIN EDU & SOL LTD,4.3,4.67,4.3,4.6,4.64,4.57,,4.6,,,40679,186265.16,129,F1,1,,,,,
2026-09-23,2026-09-23,CM,NSE,STK,8840,INE228A01035,USHAMART,EQ,,,,,USHA MARTIN LTD.,533.1,536.5,523.65,535.05,535.5,531.3,,535.04,,,1681147,893582230.15,28494,F1,1,,,,,
2026-09-23,2026-09-23,CM,NSE,STK,4214,INE00NI01015,UCL,ST,,,,,USHANTI COLOUR CHEM LTD,221.4,221.4,221.4,221.4,221.4,225.9,,221.4,,,44000,9741600.0,6,F1,2000,,,,,
2026-09-23,2026-09-23,CM,NSE,STK,527,INE094J01016,UTIAMC,EQ,,,,,UTI ASSET MNGMT CO LTD,921.55,926.35,907.5,909.95,909.0,919.95,,909.95,,,46356,42358757.25,5460,F1,1,,,,,
2026-09-23,2026-09-23,CM,NSE,STK,764180,INF789F1AG68,LIQUIDBETA,EQ,,,,,UTIAMC - LIQUIDBETA,1004.0,1009.1,1003.79,1009.1,1009.1,1008.83,,1009.1,,,61,61543.63,7,F1,1,,,,,
2026-09-23,2026-09-23,CM,NSE,STK,765431,INF789F1AG76,NIF500BETA,EQ,,,,,UTIAMC - NIF500BETA,37.63,37.67,36.78,36.78,36.78,36.72,,36.78,,,24328,896333.36,17,F1,1,,,,,
2026-09-23,2026-09-23,CM,NSE,STK,766104,INF789F1AH42,SECLEDBETA,EQ,,,,,UTIAMC - SECLEDBETA,14.92,14.92,14.3,14.36,14.36,14.31,,14.36,,,21005,301659.31,18,F1,1,,,,,
2026-09-23,2026-09-23,CM,NSE,STK,22440,INF789F1AUV1,BANKBETA,EQ,,,,,UTIAMC-BANKBETA,58.39,58.59,58.23,58.42,58.43,58.21,,58.42,,,197155,11526900.63,208,F1,1,,,,,
2026-09-23,2026-09-23,CM,NSE,STK,22524,INF789F1AZF3,GILT10BETA,EQ,,,,,UTIAMC-GILT10BETA,26.5,26.75,26.36,26.58,26.41,26.6,,26.58,,,183,4852.73,15,F1,1,,,,,
2026-09-23,2026-09-23,CM,NSE,STK,22521,INF789F1AZE6,GILT5BETA,EQ,,,,,UTIAMC-GILT5BETA,65.55,66.59,65.55,66.25,66.25,66.59,,66.25,,,603,39716.77,13,F1,1,,,,,
2026-09-23,2026-09-23,CM,NSE,STK,22488,INF789F1AZD8,ITBETA,EQ,,,,,UTIAMC-ITBETA,300.0,304.9,297.83,299.0,304.89,309.0,,298.95,,,2466,736651.18,107,F1,1,,,,,
2026-09-23,2026-09-23,CM,NSE,STK,18347,INF789F1AYX9,MIDCAPBETA,EQ,,,,,UTIAMC-MIDCAPBETA,232.0,232.0,230.67,230.8,230.8,232.0,,230.8,,,480,111250.02,19,F1,1,,,,,
2026-09-23,2026-09-23,CM,NSE,STK,21478,INF789F1AUW9,NEXT50BETA,EQ,,,,,UTIAMC-NEXT50BETA,77.65,78.41,77.3,78.1,77.91,77.27,,78.05,,,54728,4270729.42,399,F1,1,,,,,
2026-09-23,2026-09-23,CM,NSE,STK,10511,INF789F1AZC0,NIFTYBETA,EQ,,,,,UTIAMC-NIFTYBETA,260.23,260.8,259.21,259.97,260.6,259.33,,259.98,,,23982,6242325.12,299,F1,1,,,,,
2026-09-23,2026-09-23,CM,NSE,STK,10515,INF789FB1X58,SENSEXBETA,EQ,,,,,UTIAMC-SENSEXBETA,828.01,836.0,824.23,828.72,831.0,828.37,,828.72,,,1606,1329909.59,103,F1,1,,,,,
2026-09-23,2026-09-23,CM,NSE,STK,15085,INF789F1AYK6,SILVERBETA,EQ,,,,,UTIAMC-SILVERBETA,223.66,225.7,222.01,222.41,222.1,222.29,,222.41,,,522179,117003943.67,2667,F1,1,,,,,
2026-09-23,2026-09-23,CM,NSE,STK,9168,INF789F1AUU3,SNXT50BETA,EQ,,,,,UTIAMC-SNXT50BETA,92.66,94.35,92.52,93.45,93.01,92.66,,93.45,,,731,68534.2,80,F1,1,,,,,
2026-09-23,2026-09-23,CM,NSE,STK,14535,INF789F1AUX7,GOLDBETA,EQ,,,,,UTIAMC-UTIGOLDBETA,126.4,127.75,126.4,127.1,126.75,127.25,,127.1,,,606078,77106850.9,2193,F1,1,,,,,
2026-09-23,2026-09-23,CM,NSE,STK,751580,INE1V1R01014,UTKAL,SM,,,,,UTKAL SPEC INDUS INDIA L,50.0,50.5,50.0,50.25,50.25,49.95,,50.25,,,10000,502000.0,4,F1,2000,,,,,
2026-09-23,2026-09-23,CM,NSE,STK,17358,INE735W01017,UTKARSHBNK,EQ,,,,,UTKARSH SMALL FIN BANK L,13.81,14.17,13.81,14.07,14.15,13.88,,14.07,,,4419587,61826201.34,4439,F1,1,,,,,
2026-09-23,2026-09-23,CM,NSE,STK,24726,INE06IJ01010,UTSSAV,SM,,,,,UTSSAV CZ GOLD JEWELS LTD,650.5,659.5,640.0,653.25,649.0,652.35,,653.25,,,58200,37850130.0,71,F1,600,,,,,
2026-09-23,2026-09-23,CM,NSE,STK,13376,INE786F01031,UTTAMSUGAR,EQ,,,,,UTTAM SUGAR MILLS LTD.,260.0,272.35,256.35,266.35,265.3,258.25,,266.35,,,222196,59245965.5,5183,F1,1,,,,,
2026-09-23,2026-09-23,CM,NSE,STK,3188,INE0GXK01018,VMARCIND,SM,,,,,V MARC INDIA LIMITED,333.0,342.0,333.0,338.4,338.0,331.7,,338.4,,,100500,34057050.0,66,F1,1500,,,,,
2026-09-23,2026-09-23,CM,NSE,STK,23018,INE0QQM01017,VR,SM,,,,,V R INFRASPACE LIMITED,100.0,100.5,100.0,100.5,100.5,101.0,,100.5,,,800,80200.0,2,F1,400,,,,,
2026-09-23,2026-09-23,CM,NSE,STK,765220,INE222F01029,VTMLTD,EQ,,,,,V T M LTD.,45.89,46.75,41.35,44.5,45.35,45.4,,44.77,,,45862,2089973.4,1135,F1,1,,,,,
2026-09-23,2026-09-23,CM,NSE,STK,15362,INE951I01027,VGUARD,EQ,,,,,V-GUARD IND LTD.,320.5,320.5,314.3,316.4,317.0,320.5,,316.4,,,338894,107192837.5,14775,F1,1,,,,,
2026-09-23,2026-09-23,CM,NSE,STK,14766,INE945H01021,V2RETAIL,EQ,,,,,V2 RETAIL LIMITED,213.18,216.9,212.49,215.63,216.0,213.18,,215.63,,,622820,133798942.77,11931,F1,1,,,,,
2026-09-23,2026-09-23,CM,NSE,STK,20188,INE956G01038,WABAG,EQ,,,,,VA TECH WABAG LTD,2075.0,2075.3,2027.0,2048.7,2053.0,2072.1,,2048.7,,,380343,777147017.5,24327,F1,1,,,,,
2026-09-23,2026-09-23,CM,NSE,STK,764975,INE693D01018,VADILENT,EQ,,,,,VADILAL ENTERPRISES LTD.,10380.0,10380.0,10370.0,10370.0,10370.0,10350.0,,10370.0,,,76,788130.0,2,F1,1,,,,,
2026-09-23,2026-09-23,CM,NSE,STK,24196,INE694D01016,VADILALIND,EQ,,,,,VADILAL INDUSTRIES LTD,7680.0,7680.0,7452.5,7492.0,7490.0,7598.0,,7492.37,,,12252,92241128.5,4471,F1,1,,,,,
2026-09-23,2026-09-23,CM,NSE,STK,11364,INE884A01027,VAIBHAVGBL,EQ,,,,,VAIBHAV GLOBAL LIMITED,208.05,212.0,208.0,209.49,210.0,208.18,,209.5,,,196618,41281134.27,5476,F1,1,,,,,
2026-09-23,2026-09-23,CM,NSE,STK,8262,INE0JR301013,MADHAVBAUG,ST,,,,,VAIDYA SANE AYUR LAB LTD,173.2,176.25,170.0,171.5,171.5,167.9,,171.5,,,6800,1175880.0,14,F1,400,,,,,
2026-09-23,2026-09-23,CM,NSE,STK,16589,INE972X01022,VAISHALI,EQ,,,,,VAISHALI PHARMA LIMITED,8.41,8.97,8.35,8.45,8.4,8.58,,8.45,,,200416,1690724.87,415,F1,1,,,,,
2026-09-23,2026-09-23,CM,NSE,STK,13342,INE051B01021,VAKRANGEE,EQ,,,,,VAKRANGEE LIMITED,5.32,5.37,5.25,5.35,5.34,5.26,,5.35,,,809142,4310486.99,1425,F1,1,,,,,
2026-09-23,2026-09-23,CM,NSE,STK,19220,INE0JWS01017,VALIANTLAB,BE,,,,,VALIANT LABORATORIES LTD,128.65,129.0,120.24,121.24,122.99,126.56,,121.33,,,100822,12598660.56,603,F1,1,,,,,
2026-09-23,2026-09-23,CM,NSE,STK,330,INE565V01010,VALIANTORG,EQ,,,,,VALIANT ORGANICS LIMITED,410.1,428.0,410.1,420.8,421.45,418.35,,420.8,,,71996,30309332.55,2063,F1,1,,,,,
2026-09-23,2026-09-23,CM,NSE,STK,18124,INE879I01012,DBREALTY,EQ,,,,,VALOR ESTATE LIMITED,96.65,101.48,96.4,101.48,101.48,96.65,,101.48,,,1033102,103544099.29,7465,F1,1,,,,,
2026-09-23,2026-09-23,CM,NSE,STK,763304,INE1E7Y01018,VALUE360,SM,,,,,VALUE 360 COMMUNICATION L,62.0,62.1,61.95,62.05,62.1,61.25,,62.05,,,9600,595200.0,8,F1,1200,,,,,
2026-09-23,2026-09-23,CM,NSE,STK,13403,INE116G01013,VARDHACRLC,BE,,,,,VARDHAMAN ACRYLICS LTD,44.0,44.94,43.55,44.48,44.26,44.38,,44.48,,,13023,575550.06,104,F1,1,,,,,
2026-09-23,2026-09-23,CM,NSE,STK,11892,INE701A01023,VHL,EQ,,,,,VARDHMAN HOLDINGS LIMITED,3340.0,3438.0,3336.0,3383.8,3360.0,3342.8,,3383.8,,,409,1382821.1,99,F1,1,,,,,
2026-09-23,2026-09-23,CM,NSE,STK,3646,INE835A01029,VARDMNPOLY,EQ,,,,,VARDHMAN POLYTEX LTD.,5.93,5.95,5.77,5.91,5.95,5.8,,5.91,,,142333,834210.0,353,F1,1,,,,,
2026-09-23,2026-09-23,CM,NSE,STK,27067,INE050M01012,VSSL,EQ,,,,,VARDHMAN SPC STEEL LTD,413.75,416.65,406.85,413.6,413.9,407.8,,413.59,,,103560,42700886.8,4076,F1,1,,,,,
2026-09-23,2026-09-23,CM,NSE,STK,2073,INE825A01020,VTL,EQ,,,,,VARDHMAN TEXTILES LIMITED,554.9,565.0,554.9,561.45,562.4,551.2,,561.47,,,125583,70569402.55,7860,F1,1,,,,,
2026-09-23,2026-09-23,CM,NSE,STK,3857,INE665L01035,VARROC,EQ,,,,,VARROC ENGINEERING LTD.,866.55,877.85,832.25,836.5,836.6,864.5,,836.5,,,317228,269299490.1,21530,F1,1,,,,,
2026-09-23,2026-09-23,CM,NSE,STK,18921,INE200M01039,VBL,EQ,,,,,VARUN BEVERAGES LIMITED,430.1,438.6,429.75,436.15,436.15,430.0,,436.12,,,4205329,1832950310.85,44329,F1,1,,,,,
2026-09-23,2026-09-23,CM,NSE,STK,13771,INE273D01027,VGL,EQ,,,,,VARVEE GLOBAL LIMITED,69.6,72.5,69.17,70.63,70.2,68.34,,70.63,,,345260,24294068.35,1636,F1,1,,,,,
2026-09-23,2026-09-23,CM,NSE,STK,16454,INE0N5801013,DENTALKART,SM,,,,,VASA DENTICITY LIMITED,401.15,415.3,401.1,413.8,415.0,404.5,,413.8,,,79750,32633575.0,112,F1,250,,,,,
2026-09-23,2026-09-23,CM,NSE,STK,18110,INE893I01013,VASCONEQ,EQ,,,,,VASCON ENGINEERS LTD,31.44,33.46,31.4,32.99,32.92,31.44,,32.99,,,942948,30816617.78,3874,F1,1,,,,,
2026-09-23,2026-09-23,CM,NSE,STK,25340,INE590L01019,VASWANI,EQ,,,,,VASWANI IND LTD,46.39,49.5,44.6,45.68,44.65,45.61,,45.71,,,300339,14110141.78,3517,F1,1,,,,,
2026-09-23,2026-09-23,CM,NSE,STK,9027,INE098201036,VCL,BE,,,,,VAXTEX COTFAB LIMITED,1.6,1.64,1.52,1.52,1.52,1.6,,1.52,,,770755,1182344.89,362,F1,1,,,,,
2026-09-23,2026-09-23,CM,NSE,STK,757413,INE04HY07294,1025VCCL28,N0,,,,,VCCL 10.25% 2028,81090.0,84110.56,81090.0,84110.56,84110.56,96000.0,,84110.56,,,3,249311.12,3,F1,1,,,,,
2026-09-23,2026-09-23,CM,NSE,STK,757719,INE04HY07286,115VCCL27,N0,,,,,VCCL 11.5% 2027 SR II,99995.55,99995.55,99995.55,99995.55,99995.55,95110.55,,99995.55,,,1,99995.55,1,F1,1,,,,,
2026-09-23,2026-09-23,CM,NSE,STK,756916,INE04HY07229,12VCCL29B,N0,,,,,VCCL 12% 2029,99500.0,99500.0,99500.0,99500.0,99500.0,98600.0,,99500.0,,,2,199000.0,2,F1,1,,,,,
2026-09-23,2026-09-23,CM,NSE,STK,760558,INE04HY08011,125VCCL31,N0,,,,,VCCL 12.5% 2031,97000.0,97000.0,97000.0,97000.0,97000.0,97000.0,,97000.0,,,4,388000.0,3,F1,1,,,,,
2026-09-23,2026-09-23,CM,NSE,STK,763380,INE04HY07401,115VCCL31A,N0,,,,,VCCL31A 11.5% 2031,9999.0,9999.0,9999.0,9999.0,9999.0,9100.0,,9999.0,,,5,49995.0,3,F1,1,,,,,
2026-09-23,2026-09-23,CM,NSE,STK,25054,INE0U2M01015,VDEAL,SM,,,,,VDEAL SYSTEM LIMITED,122.6,125.0,118.7,121.6,121.6,122.6,,121.6,,,13800,1673430.0,23,F1,600,,,,,
2026-09-23,2026-09-23,CM,NSE,STK,8167,INE825V01034,MANYAVAR,EQ,,,,,VEDANT FASHIONS LIMITED,532.0,542.95,529.05,531.15,531.0,535.35,,531.19,,,87124,46701887.35,5653,F1,1,,,,,
2026-09-23,2026-09-23,CM,NSE,STK,750174,INE1CDF01017,VAML,EQ,,,,,VEDANTA ALUMINIUM METAL L,425.75,440.95,425.75,436.3,438.0,425.35,,436.28,,,11194115,4889622718.55,128985,F1,1,,,,,
2026-09-23,2026-09-23,CM,NSE,STK,750290,INE1CLE01013,VISL,EQ,,,,,VEDANTA IRON AND STEEL L,32.55,33.82,32.47,33.82,33.82,32.21,,33.82,,,10439050,348162135.6,15226,F1,1,,,,,
2026-09-23,2026-09-23,CM,NSE,STK,3063,INE205A01025,VEDL,EQ,,,,,VEDANTA LIMITED,262.8,271.35,262.2,271.0,271.0,263.0,,270.99,,,11735115,3154082776.75,79925,F1,1,,,,,
2026-09-23,2026-09-23,CM,NSE,STK,750368,INE704J01044,VOGL,EQ,,,,,VEDANTA OIL AND GAS LTD,35.29,36.39,34.92,35.86,35.88,35.01,,35.86,,,33407800,1199103022.31,60659,F1,1,,,,,
2026-09-23,2026-09-23,CM,NSE,STK,750518,INE694L01019,VEDPOWER,EQ,,,,,VEDANTA POWER LIMITED,31.29,33.44,31.28,32.98,33.3,31.07,,32.98,,,28255830,927133035.65,79057,F1,1,,,,,
2026-09-23,2026-09-23,CM,NSE,STK,764980,INE359B01010,VEDAVAAG,EQ,,,,,VEDAVAAG SYSTEMS LTD.,22.75,22.75,21.23,22.16,22.3,21.8,,22.26,,,14206,313000.2,123,F1,1,,,,,
2026-09-23,2026-09-23,CM,NSE,STK,14019,INE484C01030,VEEDOL,EQ,,,,,VEEDOL CORPORATION LTD,1376.4,1384.0,1360.0,1365.8,1362.0,1369.9,,1365.7,,,11106,15213825.3,1636,F1,1,,,,,
2026-09-23,2026-09-23,CM,NSE,STK,766098,INE1JTV01015,VEEGALAND,BE,,,,,VEEGALAND DEVELOPERS LTD,139.99,144.0,139.99,142.87,142.98,139.84,,142.86,,,939901,133852655.96,4641,F1,1,,,,,
2026-09-23,2026-09-23,CM,NSE,STK,10710,INE0KTW01013,VEEKAYEM,SM,,,,,VEEKAYEM FASH & APP LTD,102.5,102.55,102.0,102.25,102.55,100.85,,102.25,,,2500,256050.0,4,F1,500,,,,,
2026-09-23,2026-09-23,CM,NSE,STK,762969,INE232E01013,VELJAN,BE,,,,,VELJAN DENISON LTD.,2055.0,2065.3,2005.0,2051.2,2055.0,1996.7,,2066.42,,,608,1244403.8,83,F1,1,,,,,
2026-09-23,2026-09-23,CM,NSE,STK,3757,INE398A01010,VENKEYS,EQ,,,,,VENKY S (INDIA) LIMITED,1675.1,1741.9,1672.1,1692.2,1690.0,1675.9,,1692.26,,,64935,111143360.2,7419,F1,1,,,,,
2026-09-23,2026-09-23,CM,NSE,STK,28847,INE781S01027,VENTIVE,EQ,,,,,VENTIVE HOSPITALITY LTD,579.6,582.0,572.1,578.35,580.0,579.6,,578.35,,,11148,6423014.05,880,F1,1,,,,,
2026-09-23,2026-09-23,CM,NSE,STK,9592,INE0JA001018,VENUSPIPES,EQ,,,,,VENUS PIPES & TUBES LTD,2224.0,2297.8,2204.0,2235.5,2238.0,2223.3,,2235.65,,,156866,352287950.1,17260,F1,1,,,,,
2026-09-23,2026-09-23,CM,NSE,STK,13859,INE411B01019,VENUSREM,EQ,,,,,VENUS REMEDIES LIMITED,1603.4,1679.3,1603.4,1643.7,1644.0,1611.5,,1643.79,,,33367,54924524.7,2409,F1,1,,,,,
2026-09-23,2026-09-23,CM,NSE,STK,8890,INE0IQ001011,VERANDA,EQ,,,,,VERANDA LEARNING SOL LTD,230.0,237.0,227.04,231.5,230.5,230.13,,231.5,,,333658,77807066.09,6095,F1,1,,,,,
2026-09-23,2026-09-23,CM,NSE,STK,10757,INE0KXY23015,VERTIS,IV,,,,,VERTIS INFRASTRUCTURE TST,115.75,115.75,115.75,115.75,115.75,114.5,,115.75,,,375000,43406250.0,15,F1,25000,,,,,
2026-09-23,2026-09-23,CM,NSE,STK,18863,INE188Y01031,VERTOZ,EQ,,,,,VERTOZ LIMITED,36.5,37.95,36.5,36.84,37.0,36.89,,36.84,,,20416,755652.55,259,F1,1,,,,,
2026-09-23,2026-09-23,CM,NSE,STK,3676,INE386A01023,VESUVIUS,EQ,,,,,VESUVIUS INDIA LTD,391.0,399.45,391.0,396.1,396.0,392.75,,396.09,,,91924,36444714.75,7564,F1,1,,,,,
2026-09-23,2026-09-23,CM,NSE,STK,8652,INE918N01018,VETO,EQ,,,,,VETO SWITCHGEAR CABLE LTD,141.44,150.0,137.05,145.57,145.9,139.57,,145.58,,,239302,34575477.19,3428,F1,1,,,,,
2026-09-23,2026-09-23,CM,NSE,STK,14316,INE0MO401019,VIAZ,SM,,,,,VIAZ TYRES LIMITED,76.0,79.0,74.0,79.0,79.0,76.5,,79.0,,,30000,2310100.0,11,F1,2000,,,,,
2026-09-23,2026-09-23,CM,NSE,STK,22730,INE0QTF01015,VSTL,EQ,,,,,VIBHOR STEEL TUBES LTD,114.95,115.08,112.5,113.48,113.65,114.19,,113.47,,,4457,505490.82,320,F1,1,,,,,
2026-09-23,2026-09-23,CM,NSE,STK,765252,INE761Q01015,VGCL,EQ,,,,,VIBRANT GLOBAL CAPITAL L,47.0,48.99,46.25,47.18,47.49,46.9,,46.61,,,3369,159742.3,223,F1,1,,,,,
2026-09-23,2026-09-23,CM,NSE,STK,23386,INE048C01025,VHLTD,BE,,,,,VICEROY HOTELS LIMITED,127.94,127.94,125.0,126.49,126.0,126.18,,126.71,,,53448,6708766.1,145,F1,1,,,,,
2026-09-23,2026-09-23,CM,NSE,STK,760691,INE0F8901022,VICTORYEV,SM,,,,,VICTORY ELEC VEHICL INT L,13.75,13.8,13.75,13.75,13.75,14.15,,13.75,,,18000,247800.0,6,F1,3000,,,,,
2026-09-23,2026-09-23,CM,NSE,STK,13536,INE632C01026,VIDHIING,EQ,,,,,VIDHI SPCLTY F INGRDNTS L,362.95,364.0,354.85,359.85,360.0,359.95,,359.87,,,48059,17243846.8,2453,F1,1,,,,,
2026-09-23,2026-09-23,CM,NSE,STK,760224,INE14UN01029,VIDYAWIRES,EQ,,,,,VIDYA WIRES LIMITED,84.9,89.0,84.9,88.71,89.0,84.77,,88.71,,,1131104,98862710.53,8501,F1,1,,,,,
2026-09-23,2026-09-23,CM,NSE,STK,758898,INE1DM601016,VIGOR,SM,,,,,VIGOR PLAST INDIA LIMITED,101.4,103.7,100.0,102.85,103.7,101.2,,102.85,,,20800,2110800.0,13,F1,1600,,,,,
2026-09-23,2026-09-23,CM,NSE,STK,764985,INE362D01010,VIJSOLX,EQ,,,,,VIJAY SOLVEX LTD.,638.0,638.0,632.0,632.3,632.0,638.0,,632.3,,,52,33040.45,17,F1,1,,,,,
2026-09-23,2026-09-23,CM,NSE,STK,5585,INE043W01024,VIJAYA,EQ,,,,,VIJAYA DIAGNOSTIC CEN LTD,1510.0,1593.6,1505.7,1570.7,1580.0,1516.0,,1570.64,,,209302,327142395.5,24150,F1,1,,,,,
2026-09-23,2026-09-23,CM,NSE,STK,760121,INE0WL901019,VIJAYPD,SM,,,,,VIJAYPD CEUTICAL LIMITED,63.0,65.0,63.0,65.0,65.0,65.0,,65.0,,,16000,1025100.0,8,F1,2000,,,,,
2026-09-23,2026-09-23,CM,NSE,STK,17695,INE159N01027,VIJIFIN,BE,,,,,VIJI FINANCE LIMITED,15.91,15.91,15.91,15.91,15.91,15.6,,16.01,,,95183,1514361.53,64,F1,1,,,,,
2026-09-23,2026-09-23,CM,NSE,STK,25756,INE806A01020,VIKASECO,EQ,,,,,VIKAS ECOTECH LIMITED,1.04,1.06,1.04,1.04,1.04,1.04,,1.04,,,2459356,2577460.88,933,F1,1,,,,,
2026-09-23,2026-09-23,CM,NSE,STK,9931,INE161L01027,VIKASLIFE,EQ,,,,,VIKAS LIFECARE LIMITED,1.27,1.29,1.26,1.28,1.29,1.26,,1.28,,,1508572,1922082.66,7721,F1,1,,,,,
2026-09-23,2026-09-23,CM,NSE,STK,759453,INE078V01014,VIKRAMSOLR,EQ,,,,,VIKRAM SOLAR LIMITED,163.96,164.45,162.61,163.34,163.59,162.35,,163.34,,,1102920,180279655.38,11642,F1,1,,,,,
2026-09-23,2026-09-23,CM,NSE,STK,758973,INE01R501028,VIKRAN,EQ,,,,,VIKRAN ENGINEERING LTD,55.95,56.43,55.51,56.14,56.0,55.38,,56.13,,,1212167,67838246.66,4729,F1,1,,,,,
2026-09-23,2026-09-23,CM,NSE,STK,23909,INE0AZY01017,VILAS,SM,,,,,VILAS TRANSCORE LIMITED,419.95,422.05,401.5,403.85,405.0,419.95,,403.85,,,38750,15944350.0,132,F1,250,,,,,
2026-09-23,2026-09-23,CM,NSE,STK,16960,INE0L4V01013,VILINBIO,ST,,,,,VILIN BIO MED LIMITED,52.3,52.3,52.3,52.3,52.3,55.0,,52.3,,,12000,627600.0,3,F1,4000,,,,,
2026-09-23,2026-09-23,CM,NSE,STK,13101,INE579C01029,VIMTALABS,EQ,,,,,VIMTA LABS LIMITED,612.5,619.0,605.15,610.7,612.0,610.15,,610.66,,,134851,82489621.45,7129,F1,1,,,,,
2026-09-23,2026-09-23,CM,NSE,STK,17364,INE410B01037,VINATIORGA,EQ,,,,,VINATI ORGANICS LTD,1202.0,1241.3,1199.8,1222.8,1224.0,1202.7,,1222.83,,,111759,136472044.3,15566,F1,1,,,,,
2026-09-23,2026-09-23,CM,NSE,STK,3694,INE707A01012,VINDHYATEL,EQ,,,,,VINDHYA TELELINKS LTD,2865.0,2917.0,2850.0,2864.6,2861.4,2865.4,,2864.57,,,39450,113668450.0,5168,F1,1,,,,,
2026-09-23,2026-09-23,CM,NSE,STK,3807,INE505Y01010,VINEETLAB,EQ,,,,,VINEET LABORATORIES LTD,35.6,35.89,34.25,34.82,35.3,34.81,,34.82,,,48043,1681210.38,561,F1,1,,,,,
2026-09-23,2026-09-23,CM,NSE,STK,763821,INE27V201011,VMOBILE,SM,,,,,VINIT MOBILE LIMITED,57.0,59.1,56.6,56.6,56.6,57.2,,56.6,,,7200,421360.0,9,F1,800,,,,,
2026-09-23,2026-09-23,CM,NSE,STK,12490,INE01KI01027,VINNY,EQ,,,,,VINNY OVERSEAS LIMITED,0.93,0.93,0.91,0.92,0.93,0.92,,0.92,,,238328,219887.36,213,F1,1,,,,,
2026-09-23,2026-09-23,CM,NSE,STK,766064,INE1A5U01014,VINOD,ST,,,,,VINOD TEXWORLD LIMITED,72.85,72.85,72.85,72.85,72.85,76.65,,72.85,,,1200,87420.0,1,F1,1200,,,,,
2026-09-23,2026-09-23,CM,NSE,STK,17905,INE0OSJ01014,VINSYS,ST,,,,,VINSYS IT SERVICES IND LT,585.0,600.0,580.0,587.65,600.0,582.9,,587.65,,,7500,4384575.0,27,F1,250,,,,,
2026-09-23,2026-09-23,CM,NSE,STK,25835,INE498Q01014,VINCOFE,EQ,,,,,VINTAGE COFFEE N BVRGS L,174.2,185.0,171.7,183.79,184.7,174.2,,183.77,,,2596563,469399143.96,33539,F1,1,,,,,
2026-09-23,2026-09-23,CM,NSE,STK,19206,INE0OLS01010,VINYAS,SM,,,,,VINYAS INNOVATIVE TECH L,1605.0,1624.0,1588.0,1599.3,1605.0,1589.0,,1599.3,,,17400,27760220.0,53,F1,100,,,,,
2026-09-23,2026-09-23,CM,NSE,STK,16821,INE250B01029,VINYLINDIA,EQ,,,,,VINYL CHEMICALS (I) LTD.,221.88,223.0,219.0,221.54,221.25,220.2,,221.71,,,4415,975638.35,378,F1,1,,,,,
2026-09-23,2026-09-23,CM,NSE,STK,14843,INE450G01024,VIPCLOTHNG,EQ,,,,,VIP CLOTHING LIMITED,21.79,21.98,21.27,21.72,21.98,21.66,,21.72,,,52932,1148534.84,184,F1,1,,,,,
2026-09-23,2026-09-23,CM,NSE,STK,3703,INE054A01027,VIPIND,EQ,,,,,VIP INDUSTRIES LTD,297.3,300.0,296.85,298.9,298.0,297.2,,298.89,,,158141,47211880.25,6688,F1,1,,,,,
2026-09-23,2026-09-23,CM,NSE,STK,8437,INE946H01037,VIPULLTD,BE,,,,,VIPUL LIMITED,11.22,11.36,10.96,11.09,11.0,11.45,,11.1,,,177740,1968873.57,292,F1,1,,,,,
2026-09-23,2026-09-23,CM,NSE,STK,764990,INE467D01017,VIRAT,EQ,,,,,VIRAT INDUSTRIES LTD.,365.0,387.45,364.0,371.2,370.0,376.55,,371.2,,,4658,1744072.45,306,F1,1,,,,,
2026-09-23,2026-09-23,CM,NSE,STK,15295,INE539B01017,VIRINCHI,EQ,,,,,VIRINCHI LIMITED,14.0,14.19,13.81,14.03,14.01,14.0,,14.03,,,59083,825878.4,281,F1,1,,,,,
2026-09-23,2026-09-23,CM,NSE,STK,757060,INE0VRH01015,VGINFOTECH,SM,,,,,VIRTUAL GALAXY INFOTECH L,140.95,140.95,139.0,140.05,140.05,138.7,,140.05,,,17000,2383100.0,16,F1,1000,,,,,
2026-09-23,2026-09-23,CM,NSE,STK,765218,INE247C01023,VIRTUALG,BE,,,,,VIRTUAL GLOBAL EDU LTD,0.47,0.47,0.44,0.45,0.46,0.46,,0.46,,,359982,161670.13,155,F1,1,,,,,
2026-09-23,2026-09-23,CM,NSE,STK,761916,INE0I0T01010,VOEPL,EQ,,,,,VIRTUOSO OPTOELECTRONIC L,494.95,521.0,494.95,515.1,519.0,493.05,,514.65,,,79459,40686429.15,3146,F1,1,,,,,
2026-09-23,2026-09-23,CM,NSE,STK,13295,INE286H01012,VISACHROME,EQ,,,,,VISA CHROME LIMITED,34.81,34.81,34.81,34.81,34.81,33.16,,35.72,,,15590,542687.9,42,F1,1,,,,,
2026-09-23,2026-09-23,CM,NSE,STK,29877,INE370E01029,VIVIDHA,EQ,,,,,VISAGAR POLYTEX LTD,0.52,0.54,0.52,0.52,0.53,0.52,,0.52,,,139801,73964.35,149,F1,1,,,,,
2026-09-23,2026-09-23,CM,NSE,STK,4221,INE392A01021,VISAKAIND,EQ,,,,,VISAKA INDUSTRIES LIMITED,95.0,97.55,94.38,96.08,96.6,94.47,,96.08,,,149545,14347601.91,2129,F1,1,,,,,
2026-09-23,2026-09-23,CM,NSE,STK,24274,INE0BHK01012,VISAMAN,SM,,,,,VISAMAN GLOBAL SALES LTD,33.4,33.4,33.4,33.4,33.4,35.15,,33.4,,,4000,133600.0,4,F1,1000,,,,,
2026-09-23,2026-09-23,CM,NSE,STK,18708,INE0OWX01025,VISDEM,SM,,,,,VISDEM TECHNOSYS LIMITED,85.0,88.4,85.0,88.4,88.4,85.0,,88.4,,,2400,208080.0,2,F1,1200,,,,,
2026-09-23,2026-09-23,CM,NSE,STK,11773,INE755Q01025,VISHAL,EQ,,,,,VISHAL FABRICS LTD.,18.08,18.4,18.05,18.18,18.12,18.19,,18.19,,,175136,3185282.88,391,F1,1,,,,,
2026-09-23,2026-09-23,CM,NSE,STK,27969,INE01EA01019,VMM,EQ,,,,,VISHAL MEGA MART LIMITED,105.0,107.45,104.04,106.0,106.0,104.03,,106.0,,,19978362,2122224741.85,96170,F1,1,,,,,
2026-09-23,2026-09-23,CM,NSE,STK,6908,INE270I01022,VISHNU,EQ,,,,,VISHNU CHEMICALS LIMITED,721.9,730.0,716.15,723.95,725.0,720.9,,723.9,,,33418,24196499.35,2491,F1,1,,,,,
2026-09-23,2026-09-23,CM,NSE,STK,18341,INE0AE001013,VPRPL,EQ,,,,,VISHNU PRAKASH R PUNGLI L,33.9,33.93,32.2,32.83,32.7,33.56,,32.84,,,356561,11819663.54,1907,F1,1,,,,,
2026-09-23,2026-09-23,CM,NSE,STK,19300,INE0PQ001012,VISHNUINFR,SM,,,,,VISHNUSURYA PROJ N INFR L,150.5,150.5,150.5,150.5,150.5,150.5,,150.5,,,1000,150500.0,2,F1,500,,,,,
2026-09-23,2026-09-23,CM,NSE,STK,13702,INE430N01022,VISHWARAJ,EQ,,,,,VISHWARAJ SUGAR IND LTD,5.36,5.46,5.31,5.35,5.37,5.32,,5.35,,,244083,1316388.27,699,F1,1,,,,,
2026-09-23,2026-09-23,CM,NSE,STK,23373,INE0S2E01016,VISHWAS,ST,,,,,VISHWAS AGRI SEEDS LTD,37.05,38.5,36.55,38.5,38.5,38.45,,38.5,,,4800,179360.0,3,F1,1600,,,,,
2026-09-23,2026-09-23,CM,NSE,STK,25231,INE0TR001017,VIESL,SM,,,,,VISION INFRA EQUIP SOL L,375.8,378.7,368.05,370.4,372.95,374.8,,370.4,,,39200,14642240.0,38,F1,800,,,,,
2026-09-23,2026-09-23,CM,NSE,STK,761148,INE0L4K01016,VITAL,EQ,,,,,VITAL CHEMTECH LIMITED,55.49,55.67,53.09,55.66,55.67,53.02,,55.66,,,13392,732990.8,81,F1,1,,,,,
2026-09-23,2026-09-23,CM,NSE,STK,763636,INE0MEG01014,VIVIANA,EQ,,,,,VIVIANA POWER TECH LTD,747.0,747.0,720.0,724.55,724.5,734.0,,724.55,,,17172,12473695.45,1486,F1,1,,,,,
2026-09-23,2026-09-23,CM,NSE,STK,761768,INE24H301028,VIVIDEL,SM,,,,,VIVID ELECTROMECH LIMITED,1753.0,1825.0,1744.25,1763.0,1756.0,1763.5,,1763.0,,,13200,23447916.0,55,F1,240,,,,,
2026-09-23,2026-09-23,CM,NSE,STK,11968,INE526G01021,VIVIMEDLAB,BE,,,,,VIVIMED LABS LIMITED,5.48,5.48,5.28,5.36,5.28,5.38,,5.36,,,23979,127934.35,76,F1,1,,,,,
2026-09-23,2026-09-23,CM,NSE,STK,764995,INE380K01017,VIVOBIOT,EQ,,,,,VIVO BIO TECH LTD.,16.07,16.95,16.07,16.67,16.8,16.71,,16.67,,,8460,140372.17,77,F1,1,,,,,
2026-09-23,2026-09-23,CM,NSE,STK,14296,INE807F01027,VIYASH,EQ,,,,,VIYASH SCIENTIFIC LIMITED,252.9,257.45,251.5,253.75,254.2,251.5,,253.74,,,1936724,493063770.95,31967,F1,1,,,,,
2026-09-23,2026-09-23,CM,NSE,STK,18012,INE03HW01020,VLEGOV,EQ,,,,,VL E GOV AND IT SOL LTD,10.35,10.79,9.88,10.42,10.4,10.29,,10.47,,,137354,1432112.59,471,F1,1,,,,,
2026-09-23,2026-09-23,CM,NSE,STK,3715,INE709A01018,VLSFINANCE,EQ,,,,,VLS FINANCE LTD,240.75,242.4,235.35,241.15,241.0,236.46,,241.22,,,1965,471458.18,97,F1,1,,,,,
2026-09-23,2026-09-23,CM,NSE,STK,29284,INE665J01013,VMART,EQ,,,,,VMART RETAIL LTD,790.3,797.5,781.35,786.6,783.0,795.6,,786.64,,,56513,44668351.75,5159,F1,1,,,,,
2026-09-23,2026-09-23,CM,NSE,STK,759152,INE0SJA01013,VMSTMT,EQ,,,,,VMS TMT LIMITED,47.27,47.51,45.5,45.92,46.2,47.23,,45.97,,,67791,3153842.15,823,F1,1,,,,,
2026-09-23,2026-09-23,CM,NSE,STK,14366,INE669E01016,IDEA,EQ,,,,,VODAFONE IDEA LIMITED,14.26,14.55,14.17,14.52,14.52,14.27,,14.52,,,272140999,3916932401.25,463863,F1,1,,,,,
2026-09-23,2026-09-23,CM,NSE,STK,765000,INE285C01015,VOITHPAPR,EQ,,,,,VOITH PAPER FABRICS IND L,1458.9,1458.9,1430.4,1440.0,1440.0,1440.0,,1441.2,,,619,890905.1,57,F1,1,,,,,
2026-09-23,2026-09-23,CM,NSE,STK,29658,INE241X01014,VOLERCAR,SM,,,,,VOLER CAR LIMITED,222.1,235.0,216.0,226.9,235.0,220.05,,226.9,,,17600,3947560.0,17,F1,800,,,,,
2026-09-23,2026-09-23,CM,NSE,STK,13577,INE540H01012,VOLTAMP,EQ,,,,,VOLTAMP TRANSFORMERS LTD,10797.0,10860.0,10730.0,10799.0,10770.0,10747.0,,10799.03,,,8987,96970675.0,3988,F1,1,,,,,
2026-09-23,2026-09-23,CM,NSE,STK,3718,INE226A01021,VOLTAS,EQ,,,,,VOLTAS LTD,1092.9,1131.4,1090.8,1130.0,1130.0,1100.8,,1130.0,,,791314,881993224.3,27964,F1,1,,,,,
2026-09-23,2026-09-23,CM,NSE,STK,754402,INE0MEG07011,12VPT28A,N0,,,,,VPT 12% 2028,6501.0,6501.0,6501.0,6501.0,6501.0,8110.0,,6501.0,,,1,6501.0,1,F1,1,,,,,
2026-09-23,2026-09-23,CM,NSE,STK,24321,INE0S2V01010,VRAJ,EQ,,,,,VRAJ IRON AND STEEL LTD,126.7,128.99,125.1,127.9,128.97,125.88,,127.9,,,16413,2086161.78,529,F1,1,,,,,
2026-09-23,2026-09-23,CM,NSE,STK,8696,INE366I01010,VRLLOG,EQ,,,,,VRL LOGISTICS LIMITED,291.75,295.2,291.45,291.75,291.45,291.75,,291.75,,,69734,20411998.3,2423,F1,1,,,,,
2026-09-23,2026-09-23,CM,NSE,STK,3724,INE710A01016,VSTIND,EQ,,,,,VST INDUSTRIES LTD,205.69,210.44,205.0,208.8,209.4,205.69,,208.7,,,162276,33662510.37,3708,F1,1,,,,,
2026-09-23,2026-09-23,CM,NSE,STK,24292,INE764D01017,VSTTILLERS,EQ,,,,,VST TILLERS TRACTORS LTD,4326.9,4432.9,4320.0,4425.0,4417.0,4305.4,,4424.85,,,8792,38581061.3,1778,F1,1,,,,,
2026-09-23,2026-09-23,CM,NSE,STK,765005,INE855A01019,WHBRADY,EQ,,,,,W H BRADY & CO. LTD.,462.0,503.6,451.3,502.6,502.8,464.4,,499.72,,,232,113090.2,43,F1,1,,,,,
2026-09-23,2026-09-23,CM,NSE,STK,762978,INE765D01022,WPIL,EQ,,,,,W P I L LTD.,439.35,444.05,434.1,440.0,440.0,439.35,,439.93,,,23281,10199777.25,1370,F1,1,,,,,
2026-09-23,2026-09-23,CM,NSE,STK,14828,INE100D01014,WSI,EQ,,,,,W.S.INDUSTRIES (I) LTD.,58.0,59.75,57.45,58.13,57.62,58.32,,58.13,,,34947,2038604.01,400,F1,1,,,,,
2026-09-23,2026-09-23,CM,NSE,STK,25907,INE377N01017,WAAREEENER,EQ,,,,,WAAREE ENERGIES LIMITED,2505.1,2534.4,2500.0,2512.0,2512.0,2494.8,,2511.8,,,364884,916998391.6,23367,F1,1,,,,,
2026-09-23,2026-09-23,CM,NSE,STK,756038,INE299N01021,WAAREERTL,EQ,,,,,WAAREE RENEWABLE TECH LTD,815.0,860.15,810.0,848.0,853.9,816.95,,848.03,,,453569,383603307.55,24262,F1,1,,,,,
2026-09-23,2026-09-23,CM,NSE,STK,760259,INE0E7301029,WAKEFIT,EQ,,,,,WAKEFIT INNOVATIONS LTD,148.0,150.8,146.0,146.78,147.0,146.86,,146.81,,,148579,21988144.49,2715,F1,1,,,,,
2026-09-23,2026-09-23,CM,NSE,STK,3736,INE711A01022,WALCHANNAG,EQ,,,,,WALCHANDNAGAR INDUSTRIES,199.95,216.0,199.95,212.63,213.38,199.05,,212.63,,,1487437,315065822.26,21672,F1,1,,,,,
2026-09-23,2026-09-23,CM,NSE,STK,5013,INE0G2G01015,WALPAR,SM,,,,,WALPAR NUTRITIONS LIMITED,25.4,25.4,25.4,25.4,25.4,24.2,,25.4,,,2000,50800.0,1,F1,2000,,,,,
2026-09-23,2026-09-23,CM,NSE,STK,14063,INE107F01022,WANBURY,EQ,,,,,WANBURY LIMITED,222.7,241.75,222.65,233.1,233.4,222.7,,233.1,,,256087,59689057.5,5920,F1,1,,,,,
2026-09-23,2026-09-23,CM,NSE,STK,765225,INE945P01024,WARDINMOBI,EQ,,,,,WARDWIZARD INNO & MOB L,5.73,5.73,5.6,5.66,5.69,5.63,,5.66,,,311648,1760939.72,806,F1,1,,,,,
2026-09-23,2026-09-23,CM,NSE,STK,3745,INE054C01015,WATERBASE,EQ,,,,,WATERBASE LTD.,45.06,47.5,45.06,46.66,46.0,45.52,,46.81,,,21745,1004625.75,276,F1,1,,,,,
2026-09-23,2026-09-23,CM,NSE,STK,762163,INE0LZF01039,CORDELIA,EQ,,,,,WATERWAYS LEISURE TOUR L,112.5,115.08,110.26,112.97,112.69,112.18,,112.91,,,1248838,140950495.96,11639,F1,1,,,,,
2026-09-23,2026-09-23,CM,NSE,STK,9862,INE082W01014,WEWIN,EQ,,,,,WE WIN LIMITED,43.99,47.3,43.05,46.76,47.3,43.0,,46.76,,,8968,409971.22,154,F1,1,,,,,
2026-09-23,2026-09-23,CM,NSE,STK,760482,INF2F0001370,TWCGOLDETF,EQ,,,,,WEALTH - TWCGOLDETF,151.0,151.68,149.82,150.51,150.53,150.57,,150.51,,,32309,4862841.48,312,F1,1,,,,,
2026-09-23,2026-09-23,CM,NSE,STK,1923,INE658T01017,WEALTH,EQ,,,,,WEALTH FRST PORT. MG. LTD,826.45,844.95,826.45,840.45,840.65,836.4,,840.45,,,582,488523.2,117,F1,1,,,,,
2026-09-23,2026-09-23,CM,NSE,STK,14602,INE855C01023,WEBELSOLAR,EQ,,,,,WEBSOL ENERGY SYSTEM LTD,72.5,74.32,72.2,73.93,74.01,71.8,,73.93,,,1555207,114320754.44,9962,F1,1,,,,,
2026-09-23,2026-09-23,CM,NSE,STK,3748,INE080A01014,WEIZMANIND,EQ,,,,,WEIZMANN LTD,72.85,73.0,71.1,71.57,71.57,72.8,,71.57,,,171,12322.38,22,F1,1,,,,,
2026-09-23,2026-09-23,CM,NSE,STK,11821,INE191B01025,WELCORP,EQ,,,,,WELSPUN CORP LIMITED,2740.5,2836.0,2736.0,2796.8,2796.5,2731.5,,2796.77,,,1740034,4892677350.0,93912,F1,1,,,,,
2026-09-23,2026-09-23,CM,NSE,STK,11626,INE625G01013,WELENT,EQ,,,,,WELSPUN ENTERPRISES LTD.,783.4,789.85,770.4,774.0,773.35,783.75,,774.01,,,310123,241650381.2,8495,F1,1,,,,,
2026-09-23,2026-09-23,CM,NSE,STK,19804,INE389K01018,WELINV,BE,,,,,WELSPUN INV & COMM LTD,2454.8,2457.0,2408.7,2457.0,2457.0,2408.9,,2363.5,,,128,313345.2,22,F1,1,,,,,
2026-09-23,2026-09-23,CM,NSE,STK,12891,INE192B01031,WELSPUNLIV,BL,,,,,WELSPUN LIVING LIMITED,214.9,214.9,214.9,214.9,214.9,205.21,,214.9,,,24471102,5258839819.8,2,F1,999999999,,,,,
2026-09-23,2026-09-23,CM,NSE,STK,11253,INE192B01031,WELSPUNLIV,EQ,,,,,WELSPUN LIVING LIMITED,229.2,233.0,221.01,223.77,223.5,221.51,,223.77,,,12078998,2735956409.94,95811,F1,1,,,,,
2026-09-23,2026-09-23,CM,NSE,STK,762971,INE731F01037,WELSPLSOL,EQ,,,,,WELSPUN SPECIALTY SOL L,53.18,54.28,53.0,53.59,53.6,53.06,,53.55,,,468338,25125367.51,3903,F1,1,,,,,
2026-09-23,2026-09-23,CM,NSE,STK,4235,INE274C01019,WENDT,EQ,,,,,WENDT (INDIA) LIMITED,8680.0,8815.0,8588.0,8678.5,8689.5,8627.0,,8678.38,,,8377,72780531.0,2450,F1,1,,,,,
2026-09-23,2026-09-23,CM,NSE,STK,3799,INE976A01021,WSTCSTPAPR,EQ,,,,,WEST COAST PAPER MILLS LT,751.0,757.75,742.0,747.25,748.0,749.75,,747.22,,,83716,62654681.75,6437,F1,1,,,,,
2026-09-23,2026-09-23,CM,NSE,STK,25403,INE0CJF01024,WCIL,EQ,,,,,WESTERN CARRIERS (IND) L,95.98,98.18,94.54,97.33,97.77,95.14,,97.33,,,183868,17879797.63,2372,F1,1,,,,,
2026-09-23,2026-09-23,CM,NSE,STK,11580,INE274F01020,WESTLIFE,EQ,,,,,WESTLIFE FOODWORLD LTD,572.05,612.0,559.0,598.7,602.05,574.0,,599.17,,,991841,592332723.6,6811,F1,1,,,,,
2026-09-23,2026-09-23,CM,NSE,STK,759434,INE085001019,WEWORK,EQ,,,,,WEWORK INDIA MANAGEMENT L,671.15,679.9,664.85,668.5,670.0,671.15,,668.5,,,104857,70209254.4,5063,F1,1,,,,,
2026-09-23,2026-09-23,CM,NSE,STK,3766,INE715A01015,WHEELS,EQ,,,,,WHEELS INDIA LTD,2185.3,2320.5,2185.3,2240.3,2243.0,2174.0,,2240.31,,,510095,1150811068.8,27725,F1,1,,,,,
2026-09-23,2026-09-23,CM,NSE,STK,18011,INE716A01013,WHIRLPOOL,EQ,,,,,WHIRLPOOL OF INDIA LTD,723.45,865.25,722.2,865.25,865.25,721.05,,865.27,,,10753329,8795184012.95,216194,F1,1,,,,,
2026-09-23,2026-09-23,CM,NSE,STK,3772,INE210A01017,WILLAMAGOR,EQ,,,,,WILLIAMSON MAGOR,24.0,24.0,22.5,22.78,23.39,23.6,,22.84,,,10733,247150.92,143,F1,1,,,,,
2026-09-23,2026-09-23,CM,NSE,STK,5366,INE0H5O01029,WINDLAS,EQ,,,,,WINDLAS BIOTECH LIMITED,1105.0,1107.65,1070.0,1077.45,1074.05,1102.3,,1077.45,,,95358,103083742.65,9256,F1,1,,,,,
2026-09-23,2026-09-23,CM,NSE,STK,24969,INE052A01021,WINDMACHIN,EQ,,,,,WINDSOR MACHINES LIMITED,300.0,300.5,293.6,295.4,293.6,300.0,,295.75,,,27943,8285037.05,880,F1,1,,,,,
2026-09-23,2026-09-23,CM,NSE,STK,23714,INE0S3D01016,WINSOL,SM,,,,,WINSOL ENGINEERS LIMITED,107.55,111.8,105.2,111.7,111.7,110.9,,111.7,,,5600,605860.0,13,F1,400,,,,,
2026-09-23,2026-09-23,CM,NSE,STK,3787,INE075A01022,WIPRO,EQ,,,,,WIPRO LTD,164.7,165.7,164.1,164.9,164.9,166.0,,164.9,,,10856986,1789715037.09,75493,F1,1,,,,,
2026-09-23,2026-09-23,CM,NSE,STK,22725,INE623Y01011,WTICAB,SM,,,,,WISE TRAVEL INDIA LIMITED,99.7,102.15,98.0,98.0,98.0,99.7,,98.0,,,7500,749050.0,15,F1,500,,,,,
2026-09-23,2026-09-23,CM,NSE,STK,7506,INE049B01025,WOCKPHARMA,EQ,,,,,WOCKHARDT LIMITED,2199.0,2360.0,2182.1,2329.7,2333.0,2185.4,,2329.71,,,3834525,8867277491.9,171824,F1,1,,,,,
2026-09-23,2026-09-23,CM,NSE,STK,25602,INE0OO201011,WOL3D,SM,,,,,WOL 3D INDIA LIMITED,133.05,133.05,132.0,132.0,132.0,138.9,,132.0,,,15000,1982050.0,7,F1,1000,,,,,
2026-09-23,2026-09-23,CM,NSE,STK,19632,INE0Q9601016,WOMANCART,ST,,,,,WOMANCART LIMITED,101.4,105.7,99.2,102.5,104.9,104.35,,102.5,,,28000,2855660.0,62,F1,400,,,,,
2026-09-23,2026-09-23,CM,NSE,STK,7835,INE02WG01024,WEL,EQ,,,,,WONDER ELECTRICALS LTD,81.0,81.79,76.38,76.93,77.02,80.4,,76.93,,,1221695,95670607.05,6867,F1,1,,,,,
2026-09-23,2026-09-23,CM,NSE,STK,3002,INE066O01014,WONDERLA,EQ,,,,,WONDERLA HOLIDAYS LTD.,515.4,515.4,510.0,510.75,512.25,511.15,,510.75,,,26910,13773791.35,2622,F1,1,,,,,
2026-09-23,2026-09-23,CM,NSE,STK,22277,INE196Y01018,WORTHPERI,EQ,,,,,WORTH PERIPHERALS LIMITED,149.99,149.99,144.71,149.21,149.85,148.82,,149.21,,,1746,258926.05,61,F1,1,,,,,
2026-09-23,2026-09-23,CM,NSE,STK,11705,INE692G01013,XCHANGING,EQ,,,,,XCHANGING SOLUTIONS LTD,60.1,61.88,60.1,61.79,61.85,60.32,,61.78,,,60220,3680324.96,1053,F1,1,,,,,
2026-09-23,2026-09-23,CM,NSE,STK,8477,INE01P501012,XELPMOC,EQ,,,,,XELPMOC DESIGN & TECH LTD,73.02,75.29,73.0,74.03,74.0,73.32,,74.05,,,10523,782948.93,141,F1,1,,,,,
2026-09-23,2026-09-23,CM,NSE,STK,11407,INE445C01015,XPROINDIA,EQ,,,,,XPRO INDIA LIMITED,1205.0,1244.0,1202.4,1223.5,1219.0,1201.0,,1223.35,,,80425,98374572.1,10031,F1,1,,,,,
2026-09-23,2026-09-23,CM,NSE,STK,25235,INE547B01028,XTGLOBAL,EQ,,,,,XTGLOBAL INFOTECH LIMITED,30.77,30.99,29.14,29.93,30.2,30.14,,29.94,,,23704,709943.95,275,F1,1,,,,,
2026-09-23,2026-09-23,CM,NSE,STK,764312,INE0NG701011,XTRANET,EQ,,,,,XTRANET TECHNOLOGIES LTD,336.35,337.7,317.65,317.65,317.65,334.36,,317.67,,,1030477,334845240.03,15830,F1,1,,,,,
2026-09-23,2026-09-23,CM,NSE,STK,760870,INE0U0J01015,YAAP,SM,,,,,YAAP DIGITAL LIMITED,124.0,130.0,124.0,126.6,128.3,121.15,,126.6,,,37000,4714000.0,33,F1,1000,,,,,
2026-09-23,2026-09-23,CM,NSE,STK,23451,INE0TO601017,YASHOPTICS,SM,,,,,YASH OPTICS & LENS LTD,133.95,137.0,132.0,134.65,136.0,130.0,,134.65,,,43200,5833560.0,44,F1,800,,,,,
2026-09-23,2026-09-23,CM,NSE,STK,18131,INE616Z01012,YASHO,EQ,,,,,YASHO INDUSTRIES LIMITED,3993.5,4180.0,3902.0,4144.7,4115.5,3959.4,,4144.63,,,59622,244465523.2,13270,F1,1,,,,,
2026-09-23,2026-09-23,CM,NSE,STK,17627,INE08S201019,YCCL,SM,,,,,YASONS CHEMEX CARE LTD,8.25,8.25,8.25,8.25,8.25,8.3,,8.25,,,9000,74250.0,3,F1,3000,,,,,
2026-09-23,2026-09-23,CM,NSE,STK,17738,INE0JO301016,YATHARTH,EQ,,,,,YATHARTH HOSP & TRA C S L,1132.0,1170.0,1123.9,1162.2,1164.0,1129.1,,1162.19,,,551293,633022601.4,31501,F1,1,,,,,
2026-09-23,2026-09-23,CM,NSE,STK,18760,INE0JR601024,YATRA,EQ,,,,,YATRA ONLINE LIMITED,110.01,111.45,107.35,108.74,108.51,108.82,,108.74,,,774397,84609541.39,7660,F1,1,,,,,
2026-09-23,2026-09-23,CM,NSE,STK,11915,INE528G01035,YESBANK,EQ,,,,,YES BANK LIMITED,23.2,23.38,23.17,23.24,23.24,23.2,,23.24,,,46135166,1072689608.95,91522,F1,1,,,,,
2026-09-23,2026-09-23,CM,NSE,STK,765010,INE290E01011,YOGI,EQ,,,,,YOGI LTD.,163.1,163.1,156.0,161.95,162.0,161.0,,161.95,,,2971,475715.2,26,F1,1,,,,,
2026-09-23,2026-09-23,CM,NSE,STK,5501,INE384C01016,YUKEN,EQ,,,,,YUKEN INDIA LIMITED,1141.9,1148.0,1110.05,1138.9,1137.0,1137.95,,1138.87,,,11505,13002533.9,1315,F1,1,,,,,
2026-09-23,2026-09-23,CM,NSE,STK,4229,INE116C01012,ZFSTEERING,EQ,,,,,Z F STEERING GEAR (I) LTD,700.0,709.9,691.0,703.65,709.0,689.7,,703.52,,,3509,2461463.7,279,F1,1,,,,,
2026-09-23,2026-09-23,CM,NSE,STK,23976,INE0ISZ01012,ZTECH,SM,,,,,Z-TECH (INDIA) LIMITED,426.9,445.0,426.9,429.55,433.0,429.5,,429.55,,,40200,17479770.0,92,F1,300,,,,,
2026-09-23,2026-09-23,CM,NSE,STK,18608,INE07K301024,ZAGGLE,EQ,,,,,ZAGGLE PREPA OCEAN SER L,180.87,185.02,178.97,179.86,179.2,179.95,,179.86,,,907401,164560005.04,11610,F1,1,,,,,
2026-09-23,2026-09-23,CM,NSE,STK,17766,INE0PPS01018,ZEAL,SM,,,,,ZEAL GLOBAL SERVICES LTD,75.95,76.0,75.9,76.0,76.0,73.55,,76.0,,,3000,227850.0,5,F1,600,,,,,
2026-09-23,2026-09-23,CM,NSE,STK,3812,INE256A01028,ZEEL,EQ,,,,,ZEE ENTERTAINMENT ENT LTD,78.3,79.04,76.8,77.28,77.39,78.21,,77.28,,,13400743,1041057850.98,40654,F1,1,,,,,
2026-09-23,2026-09-23,CM,NSE,STK,20852,INE565L01011,ZEELEARN,EQ,,,,,ZEE LEARN LIMITED,6.94,6.99,6.11,6.84,6.82,6.81,,6.84,,,308015,2063146.8,690,F1,1,,,,,
2026-09-23,2026-09-23,CM,NSE,STK,14003,INE966H01019,ZEEMEDIA,EQ,,,,,ZEE MEDIA CORPORATION LTD,7.65,7.84,7.42,7.51,7.52,7.56,,7.51,,,1052962,7968891.72,1488,F1,1,,,,,
2026-09-23,2026-09-23,CM,NSE,STK,7508,INE251B01027,ZENTEC,EQ,,,,,ZEN TECHNOLOGIES LIMITED,1673.0,1685.0,1661.1,1672.3,1675.0,1673.8,,1672.31,,,136927,228782071.0,13124,F1,1,,,,,
2026-09-23,2026-09-23,CM,NSE,STK,22803,INE0QWN01013,ZENITHDRUG,SM,,,,,ZENITH DRUGS LIMITED,41.5,49.5,41.0,48.95,49.5,41.35,,48.95,,,28800,1318440.0,31,F1,800,,,,,
2026-09-23,2026-09-23,CM,NSE,STK,4176,INE058B01018,ZENITHEXPO,EQ,,,,,ZENITH EXPORTS LTD,197.0,197.0,197.0,197.0,197.0,197.62,,197.0,,,51,10047.0,1,F1,1,,,,,
2026-09-23,2026-09-23,CM,NSE,STK,14562,INE318D01020,ZENITHSTL,EQ,,,,,ZENITH STEEL PIP IND LTD,5.33,5.44,5.2,5.34,5.33,5.31,,5.34,,,65372,350255.75,213,F1,1,,,,,
2026-09-23,2026-09-23,CM,NSE,STK,1076,INE520A01027,ZENSARTECH,EQ,,,,,ZENSAR TECHNOLOGIES  LTD,435.6,435.6,426.6,430.75,430.65,432.6,,430.75,,,1009826,434199109.7,23001,F1,1,,,,,
2026-09-23,2026-09-23,CM,NSE,STK,22901,INF0R8F01042,GOLDCASE,EQ,,,,,ZERODHAAMC - GOLDCASE,23.87,23.9,23.74,23.76,23.79,23.79,,23.76,,,10005755,238157971.76,6919,F1,1,,,,,
2026-09-23,2026-09-23,CM,NSE,STK,21750,INF0R8F01034,LIQUIDCASE,EQ,,,,,ZERODHAAMC - LIQUIDCASE,116.03,116.05,116.03,116.04,116.04,116.03,,116.04,,,16887025,1959610938.51,10150,F1,1,,,,,
2026-09-23,2026-09-23,CM,NSE,STK,758705,INF0R8F01133,LTGILTCASE,EQ,,,,,ZERODHAAMC - LTGILTCASE,30.5,30.5,30.3,30.37,30.37,30.35,,30.37,,,146167,4442119.75,129,F1,1,,,,,
2026-09-23,2026-09-23,CM,NSE,STK,24077,INF0R8F01059,MID150CASE,EQ,,,,,ZERODHAAMC - MID150CASE,11.75,11.75,11.31,11.56,11.6,11.47,,11.56,,,796587,9187931.8,2626,F1,1,,,,,
2026-09-23,2026-09-23,CM,NSE,STK,759302,INF0R8F01166,NIFTYCASE,EQ,,,,,ZERODHAAMC - NIFTYCASE,9.62,9.62,9.3,9.4,9.42,9.39,,9.4,,,412050,3878915.58,1352,F1,1,,,,,
2026-09-23,2026-09-23,CM,NSE,STK,30274,INF0R8F01091,SILVERCASE,EQ,,,,,ZERODHAAMC - SILVERCASE,23.62,23.7,23.32,23.37,23.37,23.36,,23.37,,,3994735,94087521.99,4515,F1,1,,,,,
2026-09-23,2026-09-23,CM,NSE,STK,758955,INF0R8F01141,SML100CASE,EQ,,,,,ZERODHAAMC - SML100CASE,11.3,11.43,11.29,11.38,11.42,11.29,,11.38,,,1159997,13182845.98,1050,F1,1,,,,,
2026-09-23,2026-09-23,CM,NSE,STK,24081,INF0R8F01067,TOP100CASE,EQ,,,,,ZERODHAAMC - TOP100CASE,10.55,10.55,10.23,10.35,10.35,10.3,,10.35,,,794199,8219473.02,874,F1,1,,,,,
2026-09-23,2026-09-23,CM,NSE,STK,16915,INE342J01019,ZFCVINDIA,EQ,,,,,ZF COM VE CTR SYS IND LTD,2355.1,2365.0,2320.1,2357.2,2356.1,2362.2,,2357.18,,,114999,268991596.2,23302,F1,1,,,,,
2026-09-23,2026-09-23,CM,NSE,STK,12384,INE518E01015,ZIMLAB,EQ,,,,,ZIM LABORATORIES LIMITED,133.7,135.8,130.75,133.56,135.06,133.8,,133.61,,,118261,15773703.37,1634,F1,1,,,,,
2026-09-23,2026-09-23,CM,NSE,STK,3821,INE206B01013,ZODIACLOTH,EQ,,,,,ZODIAC CLOTHING CO. LTD.,70.9,70.9,69.59,69.71,69.67,69.89,,69.62,,,5230,365583.4,96,F1,1,,,,,
2026-09-23,2026-09-23,CM,NSE,STK,7129,INE761Y01019,ZODIAC,EQ,,,,,ZODIAC ENERGY LIMITED,227.72,231.21,226.0,229.94,230.95,227.72,,229.98,,,8604,1969012.29,548,F1,1,,,,,
2026-09-23,2026-09-23,CM,NSE,STK,11394,INE358U01012,ZOTA,EQ,,,,,ZOTA HEALTH CARE LIMITED,1365.0,1396.0,1334.5,1390.6,1395.0,1356.0,,1390.6,,,109803,150647703.0,11088,F1,1,,,,,
2026-09-23,2026-09-23,CM,NSE,STK,29050,INE840M01016,ZUARI,EQ,,,,,ZUARI AGRO CHEMICALS LTD,227.8,227.8,222.61,224.09,223.49,225.72,,224.08,,,77398,17373102.07,2438,F1,1,,,,,
2026-09-23,2026-09-23,CM,NSE,STK,3827,INE217A01012,ZUARIIND,EQ,,,,,ZUARI INDUSTRIES LIMITED,274.95,280.55,271.2,278.9,280.55,275.1,,278.9,,,40853,11343209.25,1246,F1,1,,,,,
2026-09-23,2026-09-23,CM,NSE,STK,7929,INE010B01027,ZYDUSLIFE,EQ,,,,,ZYDUS LIFESCIENCES LTD,1156.0,1175.0,1156.0,1170.1,1170.1,1162.3,,1169.91,,,1088359,1269326263.4,24324,F1,1,,,,,
2026-09-23,2026-09-23,CM,NSE,STK,17635,INE768C01028,ZYDUSWELL,EQ,,,,,ZYDUS WELLNESS LIMITED,519.0,533.15,519.0,531.0,532.0,520.55,,530.92,,,120286,63379468.85,6827,F1,1,,,,,
