TradDt,BizDt,Sgmt,Src,FinInstrmTp,FinInstrmId,ISIN,TckrSymb,SctySrs,XpryDt,FininstrmActlXpryDt,StrkPric,OptnTp,FinInstrmNm,OpnPric,HghPric,LwPric,ClsPric,LastPric,PrvsClsgPric,UndrlygPric,SttlmPric,OpnIntrst,ChngInOpnIntrst,TtlTradgVol,TtlTrfVal,TtlNbOfTxsExctd,SsnId,NewBrdLotQty,Rmks,Rsvd1,Rsvd2,Rsvd3,Rsvd4
2026-09-01,2026-09-01,CM,NSE,STK,19078,IN0020200104,SGBJUN28,GB,,,,,2.5%GOLDBONDS2028SR-III,15250.0,15285.0,15076.0,15141.87,15076.0,15295.69,,15166.91,,,110,1675489.69,35,F1,1,,,,,
2026-09-01,2026-09-01,CM,NSE,STK,1342,IN0020200286,SGBN28VIII,GB,,,,,2.5%GOLDBONDS2028SR-VIII,15213.75,15349.0,15115.01,15160.5,15120.0,15290.2,,15160.5,,,103,1572089.99,32,F1,1,,,,,
2026-09-01,2026-09-01,CM,NSE,STK,3742,IN0020210053,SGBMAY29I,GB,,,,,2.5%GOLDBONDS2029SR-I,15279.99,15299.96,15070.0,15081.0,15070.0,15286.02,,15085.75,,,716,10887441.03,120,F1,1,,,,,
2026-09-01,2026-09-01,CM,NSE,STK,3743,IN0020210061,SGBJUN29II,GB,,,,,2.5%GOLDBONDS2029SR-II,15201.0,15299.0,15100.0,15106.16,15100.0,15300.0,,15099.32,,,175,2663687.22,43,F1,1,,,,,
2026-09-01,2026-09-01,CM,NSE,STK,3800,IN0020210087,SGBJU29III,GB,,,,,2.5%GOLDBONDS2029SR-III,15283.0,15299.99,15065.0,15088.33,15065.0,15283.07,,15088.33,,,75,1139005.7,36,F1,1,,,,,
2026-09-01,2026-09-01,CM,NSE,STK,5575,IN0020210145,SGBSEP29VI,GB,,,,,2.5%GOLDBONDS2029SR-VI,15362.2,15480.0,15131.0,15178.2,15318.0,15362.2,,15198.36,,,172,2633747.39,64,F1,1,,,,,
2026-09-01,2026-09-01,CM,NSE,STK,6518,IN0020210178,SGBNV29VII,GB,,,,,2.5%GOLDBONDS2029SR-VII,15399.0,15399.0,15106.0,15106.72,15107.0,15300.0,,15106.11,,,350,5326754.67,71,F1,1,,,,,
2026-09-01,2026-09-01,CM,NSE,STK,6355,IN0020180314,SGBNOV26,GB,,,,,2.50%GOLDBONDS2026SR-III,15200.0,15300.0,15151.0,15151.0,15151.0,15350.0,,15151.0,,,33,500685.0,12,F1,1,,,,,
2026-09-01,2026-09-01,CM,NSE,STK,10261,IN0020190073,SGBJUN27,GB,,,,,2.50%GOLDBONDS2027SR-I,15151.51,15280.0,15012.0,15025.83,15012.0,15309.91,,15025.83,,,101,1534230.0,29,F1,1,,,,,
2026-09-01,2026-09-01,CM,NSE,STK,11154,IN0020190081,SGBJUL27,GB,,,,,2.50%GOLDBONDS2027SR-II,15300.0,15300.0,15050.0,15050.0,15050.0,15300.0,,15050.0,,,10,151333.02,8,F1,1,,,,,
2026-09-01,2026-09-01,CM,NSE,STK,12904,IN0020190107,SGBAUG27,GB,,,,,2.50%GOLDBONDS2027SR-III,15279.27,15279.27,15014.03,15043.9,15100.0,15279.27,,15076.26,,,175,2657568.54,49,F1,1,,,,,
2026-09-01,2026-09-01,CM,NSE,STK,13209,IN0020190115,SGBSEP27,GB,,,,,2.50%GOLDBONDS2027SR-IV,15295.0,15295.0,15295.0,15295.0,15295.0,15800.21,,15295.0,,,5,76475.0,5,F1,1,,,,,
2026-09-01,2026-09-01,CM,NSE,STK,8308,IN0020180462,SGBJAN27,GB,,,,,2.50%GOLDBONDS2027SR-V,15384.99,15384.99,15010.01,15211.0,15211.0,15374.99,,15171.25,,,7,106267.5,6,F1,1,,,,,
2026-09-01,2026-09-01,CM,NSE,STK,8766,IN0020180561,SGBFEB27,GB,,,,,2.50%GOLDBONDS2027SR-VI,15175.0,15250.0,15010.01,15010.01,15010.01,15594.65,,15010.01,,,29,438706.55,14,F1,1,,,,,
2026-09-01,2026-09-01,CM,NSE,STK,14252,IN0020190388,SGBOCT27VI,GB,,,,,2.50%GOLDBONDS2027SR-VI,15211.0,15211.0,15211.0,15211.0,15211.0,15765.0,,15211.0,,,1,15211.0,1,F1,1,,,,,
2026-09-01,2026-09-01,CM,NSE,STK,15432,IN0020190461,SGBDC27VII,GB,,,,,2.50%GOLDBONDS2027SR-VII,15106.01,15300.01,15100.0,15108.33,15100.0,15300.0,,15108.33,,,48,729649.71,23,F1,1,,,,,
2026-09-01,2026-09-01,CM,NSE,STK,18862,IN0020200062,SGBAPR28I,GB,,,,,2.50%GOLDBONDS2028SR-I,15355.0,15355.0,15110.0,15110.78,15110.0,15315.01,,15108.26,,,246,3750659.78,53,F1,1,,,,,
2026-09-01,2026-09-01,CM,NSE,STK,18972,IN0020200088,SGBMAY28,GB,,,,,2.50%GOLDBONDS2028SR-II,15350.0,15350.0,15060.0,15080.8,15185.0,15328.71,,15080.8,,,145,2207288.06,25,F1,1,,,,,
2026-09-01,2026-09-01,CM,NSE,STK,22242,IN0020200146,SGBJUL28IV,GB,,,,,2.50%GOLDBONDS2028SR-IV,15299.0,15299.99,15053.0,15078.25,15065.0,15260.17,,15078.25,,,326,4956591.59,87,F1,1,,,,,
2026-09-01,2026-09-01,CM,NSE,STK,17664,IN0020190545,SGBFEB28IX,GB,,,,,2.50%GOLDBONDS2028SR-IX,15450.0,15600.0,15200.0,15600.0,15600.0,15597.0,,15600.0,,,7,108095.0,6,F1,1,,,,,
2026-09-01,2026-09-01,CM,NSE,STK,22385,IN0020200161,SGBAUG28V,GB,,,,,2.50%GOLDBONDS2028SR-V,15300.0,15300.0,15060.0,15072.82,15099.98,15270.3,,15064.26,,,800,12133340.72,178,F1,1,,,,,
2026-09-01,2026-09-01,CM,NSE,STK,149,IN0020200195,SGBSEP28VI,GB,,,,,2.50%GOLDBONDS2028SR-VI,15237.5,15470.0,15115.0,15129.78,15115.0,15383.63,,15141.01,,,101,1540331.6,46,F1,1,,,,,
2026-09-01,2026-09-01,CM,NSE,STK,834,IN0020200203,SGBOC28VII,GB,,,,,2.50%GOLDBONDS2028SR-VII,15301.01,15301.01,15101.0,15136.16,15188.0,15325.5,,15136.16,,,49,746187.13,23,F1,1,,,,,
2026-09-01,2026-09-01,CM,NSE,STK,17110,IN0020190537,SGBJ28VIII,GB,,,,,2.50%GOLDBONDS2028SR-VIII,15100.0,15150.0,15100.0,15108.0,15100.0,15225.0,,15108.0,,,12,181330.05,7,F1,1,,,,,
2026-09-01,2026-09-01,CM,NSE,STK,18451,IN0020190552,SGBMAR28X,GB,,,,,2.50%GOLDBONDS2028SR-X,15221.24,15230.0,15221.24,15230.0,15230.0,15590.0,,15226.82,,,44,670076.2,10,F1,1,,,,,
2026-09-01,2026-09-01,CM,NSE,STK,5113,IN0020210111,SGBJUL29IV,GB,,,,,2.50%GOLDBONDS2029SR-IV,15151.8,15274.99,15100.0,15105.72,15100.0,15360.39,,15104.26,,,220,3344056.94,64,F1,1,,,,,
2026-09-01,2026-09-01,CM,NSE,STK,1920,IN0020200377,SGBJAN29IX,GB,,,,,2.50%GOLDBONDS2029SR-IX,15200.0,15250.0,15066.0,15083.59,15066.0,15306.9,,15083.59,,,456,6924242.78,100,F1,1,,,,,
2026-09-01,2026-09-01,CM,NSE,STK,5455,IN0020210129,SGBAUG29V,GB,,,,,2.50%GOLDBONDS2029SR-V,15300.0,15400.0,15245.0,15380.0,15380.0,15398.0,,15300.0,,,67,1025560.32,29,F1,1,,,,,
2026-09-01,2026-09-01,CM,NSE,STK,7098,IN0020210228,SGBD29VIII,GB,,,,,2.50%GOLDBONDS2029SR-VIII,15390.0,15600.0,15150.0,15265.81,15150.0,15391.85,,15258.37,,,189,2899067.89,57,F1,1,,,,,
2026-09-01,2026-09-01,CM,NSE,STK,2003,IN0020200385,SGBJAN29X,GB,,,,,2.50%GOLDBONDS2029SR-X,15336.8,15336.8,15121.8,15121.8,15121.8,15260.5,,15121.8,,,104,1577348.01,37,F1,1,,,,,
2026-09-01,2026-09-01,CM,NSE,STK,2200,IN0020200393,SGBFEB29XI,GB,,,,,2.50%GOLDBONDS2029SR-XI,15300.0,15300.0,15150.0,15150.0,15150.0,15300.0,,15165.0,,,20,303716.0,10,F1,1,,,,,
2026-09-01,2026-09-01,CM,NSE,STK,2810,IN0020200427,SGBMR29XII,GB,,,,,2.50%GOLDBONDS2029SR-XII,15300.0,15339.99,15109.95,15115.5,15115.0,15302.84,,15100.9,,,350,5325927.8,66,F1,1,,,,,
2026-09-01,2026-09-01,CM,NSE,STK,10232,IN0020220045,SGBJUN30,GB,,,,,2.50%GOLDBONDS2030SR-I,15320.0,15495.95,15106.0,15148.33,15150.0,15328.73,,15148.33,,,169,2576681.33,73,F1,1,,,,,
2026-09-01,2026-09-01,CM,NSE,STK,11192,IN0020220078,SGBAUG30,GB,,,,,2.50%GOLDBONDS2030SR-II,15582.07,15582.07,15207.0,15321.28,15207.0,15504.55,,15321.28,,,160,2468793.36,71,F1,1,,,,,
2026-09-01,2026-09-01,CM,NSE,STK,13642,IN0020220110,SGBDE30III,GB,,,,,2.50%GOLDBONDS2030SR-III,15436.01,15520.75,15300.0,15300.0,15300.0,15517.09,,15300.0,,,100,1542698.22,34,F1,1,,,,,
2026-09-01,2026-09-01,CM,NSE,STK,7879,IN0020210236,SGBJAN30IX,GB,,,,,2.50%GOLDBONDS2030SR-IX,15300.0,15350.0,15126.58,15146.27,15150.0,15350.0,,15146.27,,,82,1254962.86,32,F1,1,,,,,
2026-09-01,2026-09-01,CM,NSE,STK,8401,IN0020210319,SGBMAR30X,GB,,,,,2.50%GOLDBONDS2030SR-X,15368.78,15368.78,15176.0,15213.8,15176.0,15368.78,,15213.8,,,211,3222176.78,52,F1,1,,,,,
2026-09-01,2026-09-01,CM,NSE,STK,17202,IN0020230069,SGBJUN31I,GB,,,,,2.50%GOLDBONDS2031SR-I,15564.0,15564.77,15411.01,15470.96,15499.0,15564.77,,15471.96,,,714,11070754.87,181,F1,1,,,,,
2026-09-01,2026-09-01,CM,NSE,STK,19456,IN0020230093,SGBSEP31II,GB,,,,,2.50%GOLDBONDS2031SR-II,16035.36,16035.36,15421.25,15439.54,15484.98,15644.26,,15442.06,,,977,15180134.62,268,F1,1,,,,,
2026-09-01,2026-09-01,CM,NSE,STK,22476,IN0020230168,SGBDE31III,GB,,,,,2.50%GOLDBONDS2031SR-III,15602.0,15735.61,15425.0,15459.85,15470.0,15735.6,,15460.06,,,3108,48384111.5,466,F1,1,,,,,
2026-09-01,2026-09-01,CM,NSE,STK,14598,IN0020220169,SGBMAR31IV,GB,,,,,2.50%GOLDBONDS2031SR-IV,15198.29,15639.99,15198.29,15388.39,15388.39,15587.99,,15388.39,,,128,1983274.47,46,F1,1,,,,,
2026-09-01,2026-09-01,CM,NSE,STK,22886,IN0020230184,SGBFEB32IV,GB,,,,,2.50%GOLDBONDS2032SR-IV,15834.25,15849.99,15600.04,15670.33,15630.0,15834.25,,15667.68,,,1566,24707813.98,329,F1,1,,,,,
2026-09-01,2026-09-01,CM,NSE,STK,16921,INE144J01027,20MICRONS,EQ,,,,,20 MICRONS LTD,216.5,219.58,211.37,213.0,214.31,218.03,,213.0,,,137611,29542178.46,3600,F1,1,,,,,
2026-09-01,2026-09-01,CM,NSE,STK,4,INE253B01015,21STCENMGM,EQ,,,,,21ST CENTURY MGMT SERVICE,40.3,40.3,39.54,39.6,39.58,40.34,,39.6,,,4172,165320.58,48,F1,1,,,,,
2026-09-01,2026-09-01,CM,NSE,STK,13061,INE466L01038,360ONE,EQ,,,,,360 ONE WAM LIMITED,1175.0,1184.3,1147.5,1165.6,1165.6,1175.0,,1165.6,,,2175285,2521067798.6,28043,F1,1,,,,,
2026-09-01,2026-09-01,CM,NSE,STK,30105,INF579M01BB5,GOLD360,EQ,,,,,360ONEAMC - GOLD360,153.45,153.45,147.55,147.9,147.95,149.75,,147.98,,,20057,2988555.4,426,F1,1,,,,,
2026-09-01,2026-09-01,CM,NSE,STK,763602,INF579M01BP5,MSCI360,EQ,,,,,360ONEAMC - MSCI360,10.0,10.2,10.0,10.12,10.13,10.21,,10.12,,,14953,150886.13,29,F1,1,,,,,
2026-09-01,2026-09-01,CM,NSE,STK,756150,INF579M01BC3,SILVER360,EQ,,,,,360ONEAMC - SILVER360,229.78,230.79,224.24,225.44,224.53,229.14,,225.62,,,16764,3826489.87,543,F1,1,,,,,
2026-09-01,2026-09-01,CM,NSE,STK,762518,INE994E01018,3BBLACKBIO,EQ,,,,,3B BLACKBIO DX LTD.,1455.0,1546.8,1451.1,1523.5,1525.0,1447.8,,1523.49,,,40078,60877201.4,3927,F1,1,,,,,
2026-09-01,2026-09-01,CM,NSE,STK,6240,INE748C01038,3IINFOLTD,BE,,,,,3I INFOTECH LIMITED,22.68,23.5,22.45,22.67,22.79,23.02,,22.67,,,138454,3181502.89,585,F1,1,,,,,
2026-09-01,2026-09-01,CM,NSE,STK,474,INE470A01017,3MINDIA,EQ,,,,,3M INDIA LIMITED,33470.0,33695.0,32980.0,33315.0,33200.0,33320.0,,33314.5,,,2999,99828445.0,2010,F1,1,,,,,
2026-09-01,2026-09-01,CM,NSE,STK,2595,INE105C01023,3PLAND,EQ,,,,,3P LAND HOLDINGS LIMITED,31.9,31.9,31.3,31.8,31.8,31.49,,31.7,,,829,26273.12,20,F1,1,,,,,
2026-09-01,2026-09-01,CM,NSE,STK,445,INE618L01018,5PAISA,EQ,,,,,5PAISA CAPITAL LIMITED,353.0,362.55,341.1,344.85,341.75,356.6,,344.92,,,86636,30442733.3,3050,F1,1,,,,,
2026-09-01,2026-09-01,CM,NSE,STK,11868,INE111B01023,63MOONS,EQ,,,,,63 MOONS TECHNOLOGIES LTD,778.05,784.0,768.55,775.55,777.0,778.85,,775.6,,,121930,94646085.05,5237,F1,1,,,,,
2026-09-01,2026-09-01,CM,NSE,STK,29323,INE053F07579,734IRFC28,N4,,,,,7.34 NCD 19FEB28 TR1 SR2,1088.05,1088.05,1088.0,1088.0,1088.0,1087.01,,1088.0,,,151,164288.05,4,F1,1,,,,,
2026-09-01,2026-09-01,CM,NSE,STK,19926,INE020B07JU4,743REC35,NH,,,,,7.43% TAX FREE TRI SR3B,1196.0,1196.0,1196.0,1196.0,1196.0,1195.0,,1196.0,,,60,71760.0,2,F1,1,,,,,
2026-09-01,2026-09-01,CM,NSE,STK,19928,INE031A07AO5,764HUDCO31,N8,,,,,7.64% TAX FREETRI SR2B,1117.1,1118.0,1117.01,1118.0,1118.0,1117.3,,1118.0,,,838,936465.7,30,F1,1,,,,,
2026-09-01,2026-09-01,CM,NSE,STK,19930,INE031A07AT4,769HUDCO31,N9,,,,,7.69% TAX FREETRII SR2B,1135.1,1136.0,1132.25,1136.0,1136.0,1136.1,,1136.0,,,1145,1298216.25,16,F1,1,,,,,
2026-09-01,2026-09-01,CM,NSE,STK,20030,INE202E07229,774IREDA31,N7,,,,,7.74% TAX FREE NCD,1130.0,1130.0,1130.0,1130.0,1130.0,1130.0,,1130.0,,,215,242950.0,3,F1,1,,,,,
2026-09-01,2026-09-01,CM,NSE,STK,31240,INE031A07840,82HUDCO27,N2,,,,,8.20 NCD05MAR27 FV 1000,1056.9,1056.9,1050.25,1050.26,1050.26,1050.17,,1050.26,,,797,838265.75,13,F1,1,,,,,
2026-09-01,2026-09-01,CM,NSE,STK,20022,INE134E07208,830PFCL27,N5,,,,,8.30% TAX FREE NCD,1089.99,1089.99,1089.99,1089.99,1089.99,1085.0,,1089.98,,,20,21799.8,1,F1,1,,,,,
2026-09-01,2026-09-01,CM,NSE,STK,31762,INE733E07JG5,866NTPC33,N3,,,,,8.66%S-R-NCD SERIES 3A,1252.05,1252.05,1252.05,1252.05,1252.05,1251.0,,1252.05,,,5,6260.25,1,F1,1,,,,,
2026-09-01,2026-09-01,CM,NSE,STK,192,INE906B07DF8,875NHAI29,N6,,,,,8.75% TAX FREE TR I S IIB,1110.06,1110.45,1110.0,1110.36,1110.0,1110.03,,1109.3,,,220,244252.46,20,F1,1,,,,,
2026-09-01,2026-09-01,CM,NSE,STK,19968,INE031A07949,876HUDCO28,ND,,,,,8.76% TAX FREETRI SR2B,1134.0,1134.0,1132.0,1132.46,1132.0,1134.96,,1132.18,,,480,543824.9,11,F1,1,,,,,
2026-09-01,2026-09-01,CM,NSE,STK,31768,INE733E07JJ9,891NTPC33,N6,,,,,8.91%S-R-NCD SERIES 3B,1275.0,1275.0,1274.05,1274.05,1274.05,1275.0,,1270.53,,,624,795016.7,5,F1,1,,,,,
2026-09-01,2026-09-01,CM,NSE,STK,20028,INE134E07463,892PFCL33,N8,,,,,8.92% TAX FREE NCD,1290.0,1290.0,1287.9,1287.9,1287.9,1277.0,,1287.9,,,20,25779.0,2,F1,1,,,,,
2026-09-01,2026-09-01,CM,NSE,STK,759130,INE08PH01015,ABCOTS,EQ,,,,,A B COTSPIN INDIA LIMITED,218.9,219.5,208.83,213.11,214.0,214.72,,213.13,,,3782,810363.14,191,F1,1,,,,,
2026-09-01,2026-09-01,CM,NSE,STK,27016,INE00YB01025,ABINFRA,BE,,,,,A B INFRABUILD LIMITED,11.41,11.78,11.01,11.32,11.2,11.44,,11.32,,,458824,5190369.36,450,F1,1,,,,,
2026-09-01,2026-09-01,CM,NSE,STK,762528,INE850B01026,ABMKNO,EQ,,,,,A B M KNOWLEDGEWARE LTD.,197.0,197.0,186.02,186.74,186.02,190.19,,186.74,,,775,147625.32,31,F1,1,,,,,
2026-09-01,2026-09-01,CM,NSE,STK,762536,INE366C01021,ACSTECH,BE,,,,,A C S TECHNOLOGIES LTD.,52.0,52.0,50.0,50.94,50.4,51.42,,51.2,,,82349,4224666.64,209,F1,1,,,,,
2026-09-01,2026-09-01,CM,NSE,STK,762538,INE701G01012,AKCAPIT,EQ,,,,,A K CAPITAL SERVICES LTD.,1718.4,1765.6,1666.9,1733.9,1730.0,1750.9,,1734.22,,,1648,2829063.3,359,F1,1,,,,,
2026-09-01,2026-09-01,CM,NSE,STK,20906,INE619I01012,A2ZINFRA,EQ,,,,,A2Z INFRA ENGINEERING LTD,16.25,16.98,16.25,16.66,16.62,16.75,,16.66,,,97461,1626843.62,235,F1,1,,,,,
2026-09-01,2026-09-01,CM,NSE,STK,12533,INE0D0U01013,AAATECH,EQ,,,,,AAA TECHNOLOGIES LIMITED,95.38,96.44,93.65,93.72,94.0,94.79,,93.72,,,15904,1509617.95,422,F1,1,,,,,
2026-09-01,2026-09-01,CM,NSE,STK,23729,INE883F01010,AADHARHFC,EQ,,,,,AADHAR HOUSING FINANCE L,468.1,479.5,463.8,476.45,475.0,468.1,,476.47,,,289606,137159939.65,15814,F1,1,,,,,
2026-09-01,2026-09-01,CM,NSE,STK,757579,INE1GYP01013,AAKAAR,SM,,,,,AAKAAR MEDICAL TECHNO LTD,67.4,67.4,63.5,63.5,63.5,66.0,,63.5,,,6400,412880.0,4,F1,1600,,,,,
2026-09-01,2026-09-01,CM,NSE,STK,235,INE087Z01024,AAKASH,EQ,,,,,AAKASH EXPLORATION SER L,8.72,8.8,8.52,8.68,8.74,8.64,,8.68,,,28034,243516.35,197,F1,1,,,,,
2026-09-01,2026-09-01,CM,NSE,STK,758120,INE124401014,AARADHYA,SM,,,,,AARADHYA DISPOSAL INDUS L,89.0,93.6,80.0,93.6,93.6,78.0,,93.6,,,150000,13234980.0,65,F1,1200,,,,,
2026-09-01,2026-09-01,CM,NSE,STK,5245,INE198H01019,AAREYDRUGS,EQ,,,,,AAREY DRUGS & PHARM LTD,89.67,92.62,86.41,92.49,92.5,88.21,,92.48,,,716181,63572429.39,1765,F1,1,,,,,
2026-09-01,2026-09-01,CM,NSE,STK,761824,INE750R01016,AARNAV,BE,,,,,AARNAV FASHIONS LIMITED,32.39,33.63,31.23,33.63,33.63,32.03,,33.63,,,44159,1463589.39,128,F1,1,,,,,
2026-09-01,2026-09-01,CM,NSE,STK,1030,INE721Z01010,AARON,EQ,,,,,AARON INDUSTRIES LIMITED,128.2,131.0,126.2,127.59,126.2,130.1,,127.59,,,8935,1149611.22,454,F1,1,,,,,
2026-09-01,2026-09-01,CM,NSE,STK,17164,INE01C001026,AARTECH,BE,,,,,AARTECH SOLONICS LIMITED,48.57,49.65,47.15,48.94,48.98,47.9,,48.94,,,59269,2895041.07,131,F1,1,,,,,
2026-09-01,2026-09-01,CM,NSE,STK,4481,INE767A01016,AARTIDRUGS,EQ,,,,,AARTI DRUGS LTD.,411.85,430.0,410.3,427.1,428.35,411.7,,427.08,,,254941,108323837.55,8650,F1,1,,,,,
2026-09-01,2026-09-01,CM,NSE,STK,7,INE769A01020,AARTIIND,EQ,,,,,AARTI INDUSTRIES LTD,527.0,529.75,518.1,524.85,526.65,524.4,,524.83,,,637770,334067629.45,21634,F1,1,,,,,
2026-09-01,2026-09-01,CM,NSE,STK,13868,INE0LRU01027,AARTIPHARM,EQ,,,,,AARTI PHARMALABS LIMITED,845.0,874.85,836.0,865.2,865.0,845.4,,865.22,,,513635,440808614.1,24707,F1,1,,,,,
2026-09-01,2026-09-01,CM,NSE,STK,19263,INE09EO01013,AARTISURF,BE,,,,,AARTI SURFACTANTS LIMITED,518.9,528.8,494.6,514.45,519.7,520.6,,514.47,,,18525,9443416.4,627,F1,1,,,,,
2026-09-01,2026-09-01,CM,NSE,STK,19073,INE754X01016,AARVI,EQ,,,,,AARVI ENCON LIMITED,141.18,155.38,139.71,148.92,149.75,142.39,,148.92,,,109670,16270859.85,2487,F1,1,,,,,
2026-09-01,2026-09-01,CM,NSE,STK,763800,INE2FMX01012,AASTHA,EQ,,,,,AASTHA SPINTEX LIMITED,82.99,85.0,79.42,83.01,83.0,83.61,,83.01,,,741120,61441388.12,2602,F1,1,,,,,
2026-09-01,2026-09-01,CM,NSE,STK,5385,INE216P01012,AAVAS,EQ,,,,,AAVAS FINANCIERS LIMITED,1261.7,1270.4,1235.7,1248.4,1243.7,1261.2,,1248.39,,,172413,216301731.0,32982,F1,1,,,,,
2026-09-01,2026-09-01,CM,NSE,STK,7759,INE421A01028,ABAN,BE,,,,,ABAN OFFSHORE LTD.,14.83,14.83,14.54,14.54,14.54,14.83,,14.54,,,24637,358519.29,148,F1,1,,,,,
2026-09-01,2026-09-01,CM,NSE,STK,762523,INE365O01028,ABANSENT,EQ,,,,,ABANS ENTERPRISES LTD.,27.29,28.35,26.81,27.93,27.9,27.44,,27.93,,,9830,273077.17,63,F1,1,,,,,
2026-09-01,2026-09-01,CM,NSE,STK,13288,INE00ZE01026,AFSL,EQ,,,,,ABANS FINANCIAL SRVCS LTD,212.1,215.88,202.2,207.73,209.1,212.1,,207.73,,,5139,1059430.57,162,F1,1,,,,,
2026-09-01,2026-09-01,CM,NSE,STK,13,INE117A01022,ABB,EQ,,,,,ABB INDIA LIMITED,7521.5,7524.5,7331.5,7396.0,7396.0,7638.5,,7395.98,,,253254,1871089460.0,33241,F1,1,,,,,
2026-09-01,2026-09-01,CM,NSE,STK,17903,INE358A01014,ABBOTINDIA,EQ,,,,,ABBOTT INDIA LIMITED,25880.0,26215.0,25710.0,26135.0,26215.0,25850.0,,26135.02,,,8754,227693430.0,4608,F1,1,,,,,
2026-09-01,2026-09-01,CM,NSE,STK,755942,INE860H07IR8,ABCL26,N3,,,,,ABCL SR II,1234.8,1234.8,1234.8,1234.8,1234.8,1221.0,,1238.28,,,40,49392.0,3,F1,1,,,,,
2026-09-01,2026-09-01,CM,NSE,STK,755945,INE860H07IU2,ABCL28,N6,,,,,ABCL SR IV,1202.6,1202.6,1172.53,1172.53,1172.53,1231.0,,1172.53,,,40,46961.34,2,F1,1,,,,,
2026-09-01,2026-09-01,CM,NSE,STK,765466,INE1R2M01019,ABH,ST,,,,,ABH HEALTHCARE LIMITED,99.0,99.0,94.05,94.05,94.05,102.0,,94.05,,,217200,21418080.0,44,F1,1200,,,,,
2026-09-01,2026-09-01,CM,NSE,STK,27284,INE0UYG01015,ABHAPOWER,SM,,,,,ABHA POWER N STEEL LTD,24.5,24.5,23.8,23.8,23.8,24.6,,23.8,,,3200,77280.0,2,F1,1600,,,,,
2026-09-01,2026-09-01,CM,NSE,STK,4626,INE0CAJ01017,AILIMITED,SM,,,,,ABHISHEK INTEGRATIONS LTD,19.8,19.8,19.8,19.8,19.8,18.9,,19.8,,,3000,59400.0,1,F1,3000,,,,,
2026-09-01,2026-09-01,CM,NSE,STK,5551,INE251C01025,ABMINTLLTD,BE,,,,,ABM INTERNATIONAL LTD,55.18,55.18,54.11,55.0,55.0,55.18,,55.0,,,915,50027.21,11,F1,1,,,,,
2026-09-01,2026-09-01,CM,NSE,STK,23783,INE0QRV01016,ABSMARINE,SM,,,,,ABS MARINE SERVICES LTD,285.0,294.4,280.5,288.5,288.25,272.3,,288.5,,,132000,38126750.0,202,F1,500,,,,,
2026-09-01,2026-09-01,CM,NSE,STK,22,INE012A01025,ACC,EQ,,,,,ACC LIMITED,1287.9,1288.4,1270.9,1272.3,1273.1,1276.5,,1272.3,,,98545,125993501.1,8492,F1,1,,,,,
2026-09-01,2026-09-01,CM,NSE,STK,7053,INE793A01012,ACCELYA,EQ,,,,,ACCELYA SOLN INDIA LTD,1125.4,1146.2,1121.0,1132.3,1128.4,1127.9,,1132.3,,,7470,8462202.7,718,F1,1,,,,,
2026-09-01,2026-09-01,CM,NSE,STK,20488,INE0Q5D01013,ACCENTMIC,SM,,,,,ACCENT MICROCELL LIMITED,596.65,607.0,596.65,605.9,607.0,596.65,,605.9,,,62500,37735700.0,99,F1,500,,,,,
2026-09-01,2026-09-01,CM,NSE,STK,757024,INE0T8T01010,ACCPL,ST,,,,,ACCRETION PHARMA LIMITED,207.0,207.0,207.0,207.0,207.0,207.0,,207.0,,,1200,248400.0,1,F1,1200,,,,,
2026-09-01,2026-09-01,CM,NSE,STK,1472,INE648Z01023,ACCURACY,BE,,,,,ACCURACY SHIPPING LIMITED,4.43,4.54,4.21,4.21,4.21,4.43,,4.21,,,126149,542250.29,298,F1,1,,,,,
2026-09-01,2026-09-01,CM,NSE,STK,11779,INE543V01017,ACEINTEG,EQ,,,,,ACE INTEGRATED SOLU. LTD.,17.1,19.8,17.1,17.63,17.59,17.05,,17.63,,,11819,214194.61,169,F1,1,,,,,
2026-09-01,2026-09-01,CM,NSE,STK,27061,INE622W01025,ACMESOLAR,EQ,,,,,ACME SOLAR HOLDINGS LTD,398.0,406.8,394.25,403.7,402.0,401.95,,403.71,,,1454893,582748167.5,36800,F1,1,,,,,
2026-09-01,2026-09-01,CM,NSE,STK,13587,INE731H01025,ACE,EQ,,,,,ACTION CONST EQUIP LTD,1110.9,1121.9,1085.9,1093.8,1091.5,1110.5,,1093.69,,,183768,202138951.5,13662,F1,1,,,,,
2026-09-01,2026-09-01,CM,NSE,STK,5578,INE00FF01025,ACUTAAS,EQ,,,,,ACUTAAS CHEMICALS LIMITED,3163.4,3238.8,3150.0,3174.3,3159.0,3160.6,,3174.28,,,333584,1063928864.5,39551,F1,1,,,,,
2026-09-01,2026-09-01,CM,NSE,STK,10217,INE931S01010,ADANIENSOL,EQ,,,,,ADANI ENERGY SOLUTION LTD,1435.0,1444.4,1373.3,1382.0,1382.0,1417.4,,1381.99,,,8161918,11401888412.4,155958,F1,1,,,,,
2026-09-01,2026-09-01,CM,NSE,STK,25,INE423A01024,ADANIENT,EQ,,,,,ADANI ENTERPRISES LIMITED,2910.0,2942.5,2846.0,2863.9,2863.9,2859.1,,2863.9,,,3862408,11164084526.4,149152,F1,1,,,,,
2026-09-01,2026-09-01,CM,NSE,STK,3563,INE364U01010,ADANIGREEN,EQ,,,,,ADANI GREEN ENERGY LTD,1220.0,1271.2,1217.0,1265.0,1265.0,1214.9,,1264.78,,,4309378,5407465143.9,83655,F1,1,,,,,
2026-09-01,2026-09-01,CM,NSE,STK,15083,INE742F01042,ADANIPORTS,EQ,,,,,ADANI PORT & SEZ LTD,1625.0,1655.6,1625.0,1647.5,1647.5,1593.1,,1647.49,,,3770354,6198045005.2,89829,F1,1,,,,,
2026-09-01,2026-09-01,CM,NSE,STK,17388,INE814H01029,ADANIPOWER,EQ,,,,,ADANI POWER LTD,202.0,205.79,201.31,204.36,204.36,198.0,,204.34,,,38032254,7734566299.66,163027,F1,1,,,,,
2026-09-01,2026-09-01,CM,NSE,STK,6066,INE399L01023,ATGL,EQ,,,,,ADANI TOTAL GAS LIMITED,621.65,629.7,610.0,613.65,615.0,621.2,,613.66,,,730043,453059707.6,23910,F1,1,,,,,
2026-09-01,2026-09-01,CM,NSE,STK,764563,INE757C01021,ADDIND,EQ,,,,,ADDI INDUSTRIES LTD.,80.0,83.9,76.95,81.44,83.64,85.0,,82.21,,,373,28973.62,20,F1,1,,,,,
2026-09-01,2026-09-01,CM,NSE,STK,22468,INE0RDH01021,ADDICTIVE,SM,,,,,ADDICTIVE LEARNING TECH L,45.5,46.55,45.5,45.5,45.5,45.95,,45.5,,,5000,230975.0,7,F1,500,,,,,
2026-09-01,2026-09-01,CM,NSE,STK,19761,INE982B01027,ADFFOODS,EQ,,,,,ADF FOODS LIMITED,268.7,272.0,259.65,265.15,263.35,270.2,,265.16,,,135582,35868807.2,4755,F1,1,,,,,
2026-09-01,2026-09-01,CM,NSE,STK,763156,INE20PL01012,ADISOFT,SM,,,,,ADISOFT TECHNOLOGIES LTD,186.5,191.0,183.15,188.8,188.8,193.2,,188.8,,,37600,7029440.0,40,F1,800,,,,,
2026-09-01,2026-09-01,CM,NSE,STK,6018,INE404A01024,ABSLAMC,EQ,,,,,ADIT BIRL SUN LIF AMC LTD,1051.9,1053.3,1012.1,1029.1,1021.0,1051.8,,1029.13,,,303733,311079089.7,43730,F1,1,,,,,
2026-09-01,2026-09-01,CM,NSE,STK,21614,INE674K01013,ABCAPITAL,EQ,,,,,ADITYA BIRLA CAPITAL LTD.,404.5,404.85,390.3,394.45,394.45,409.4,,394.45,,,2580254,1018412353.0,47739,F1,1,,,,,
2026-09-01,2026-09-01,CM,NSE,STK,30108,INE647O01011,ABFRL,EQ,,,,,ADITYA BIRLA FASHION & RT,52.1,52.47,50.6,51.1,51.0,52.1,,51.1,,,3376116,173934797.04,17919,F1,1,,,,,
2026-09-01,2026-09-01,CM,NSE,STK,756843,INE14LE01019,ABLBL,EQ,,,,,ADITYA BIRLA LIFES BRAN L,86.71,87.0,84.15,85.33,85.38,86.71,,85.33,,,667788,57041645.2,8019,F1,1,,,,,
2026-09-01,2026-09-01,CM,NSE,STK,15239,INE865C01022,BIRLAMONEY,EQ,,,,,ADITYA BIRLA MONEY LTD,126.75,129.89,126.6,127.02,127.75,126.75,,127.02,,,26855,3424589.92,483,F1,1,,,,,
2026-09-01,2026-09-01,CM,NSE,STK,625,INE055A01016,ABREL,EQ,,,,,ADITYA BIRLA REAL EST LTD,1355.5,1377.6,1335.6,1357.0,1369.0,1355.5,,1357.05,,,154550,209623956.9,12311,F1,1,,,,,
2026-09-01,2026-09-01,CM,NSE,STK,758858,INE819V01029,CPPLUS,EQ,,,,,ADITYA INFOTECH LIMITED,3566.0,3741.0,3491.1,3726.9,3732.9,3566.0,,3726.43,,,504187,1852064075.3,58923,F1,1,,,,,
2026-09-01,2026-09-01,CM,NSE,STK,25248,INE01YQ01013,AUSL,SM,,,,,ADITYA ULTRA STEEL LTD,23.35,23.5,23.35,23.5,23.5,24.55,,23.5,,,4000,93700.0,2,F1,2000,,,,,
2026-09-01,2026-09-01,CM,NSE,STK,25984,INE679V01027,AVL,EQ,,,,,ADITYA VISION LIMITED,603.35,606.85,591.8,604.1,603.95,600.5,,604.13,,,86864,52259574.0,7465,F1,1,,,,,
2026-09-01,2026-09-01,CM,NSE,STK,23804,INF209KB18D3,BSLGOLDETF,EQ,,,,,ADITYBIRLA SL GOLD ETF-GR,139.21,139.21,133.31,133.67,135.95,135.82,,133.67,,,895717,119990791.75,3644,F1,1,,,,,
2026-09-01,2026-09-01,CM,NSE,STK,24781,INF209KB19D1,BSLNIFTY,EQ,,,,,ADITYBIRLA SL NIF ETF-GR,27.9,29.01,27.9,28.18,28.19,28.31,,28.18,,,1228238,34667359.53,4463,F1,1,,,,,
2026-09-01,2026-09-01,CM,NSE,STK,34,INE045A01017,ADOR,EQ,,,,,ADOR WELDING LTD,1730.0,1733.4,1672.0,1700.8,1700.3,1705.2,,1700.94,,,51304,87145237.7,7062,F1,1,,,,,
2026-09-01,2026-09-01,CM,NSE,STK,4953,INE737B01033,ADROITINFO,EQ,,,,,ADROIT INFOTECH LIMITED,10.48,10.8,10.22,10.46,10.35,10.3,,10.46,,,15956,166132.83,86,F1,1,,,,,
2026-09-01,2026-09-01,CM,NSE,STK,760657,INE0ALI01010,ADVAIT,EQ,,,,,ADVAIT ENRGY TRANSITION L,2170.0,2181.0,2087.1,2121.0,2104.5,2170.7,,2120.93,,,46878,99141978.8,5744,F1,1,,,,,
2026-09-01,2026-09-01,CM,NSE,STK,759402,INE1B0W01010,ADVANCE,EQ,,,,,ADVANCE AGROLIFE LIMITED,117.0,118.6,115.4,116.22,116.69,116.42,,116.27,,,90717,10599265.33,1586,F1,1,,,,,
2026-09-01,2026-09-01,CM,NSE,STK,18039,INE837H01020,ADVENZYMES,EQ,,,,,ADVANCED ENZYME TECH LTD,294.1,298.2,291.5,295.35,295.9,294.1,,295.33,,,161643,47768324.65,3690,F1,1,,,,,
2026-09-01,2026-09-01,CM,NSE,STK,14745,INE199C01026,ADVANIHOTR,EQ,,,,,ADVANI HOT.& RES.(I) LTD,49.88,49.99,49.45,49.55,49.6,49.86,,49.54,,,12199,606023.31,305,F1,1,,,,,
2026-09-01,2026-09-01,CM,NSE,STK,759769,INE28GN01010,ADVENTHTL,EQ,,,,,ADVENT HOTELS INTERNATI L,138.95,139.85,133.5,135.72,135.25,138.95,,135.74,,,84873,11648915.82,1517,F1,1,,,,,
2026-09-01,2026-09-01,CM,NSE,STK,765015,INE178T01024,ADVIKCA,EQ,,,,,ADVIK CAPITAL LTD.,1.17,1.17,1.14,1.15,1.16,1.16,,1.15,,,289220,335423.88,266,F1,1,,,,,
2026-09-01,2026-09-01,CM,NSE,STK,762227,INE1SJO01012,RAMBHAJO,EQ,,,,,ADVIT JEWELS LIMITED,240.32,247.55,233.3,237.07,234.85,240.32,,237.13,,,759953,182703352.37,11348,F1,1,,,,,
2026-09-01,2026-09-01,CM,NSE,STK,40,INE208C01025,AEGISLOG,EQ,,,,,AEGIS LOGISTICS LIMITED,1265.1,1271.0,1180.0,1219.3,1223.0,1264.6,,1219.38,,,1344809,1625544183.0,58893,F1,1,,,,,
2026-09-01,2026-09-01,CM,NSE,STK,757336,INE0INX01018,AEGISVOPAK,EQ,,,,,AEGIS VOPAK TERMINALS LTD,267.9,272.0,260.7,270.1,270.0,268.75,,270.11,,,711022,189269515.9,14514,F1,1,,,,,
2026-09-01,2026-09-01,CM,NSE,STK,761344,INE423A07559,AEL120126,NL,,,,,AEL 0% 2029 SR V,1022.0,1022.0,1021.0,1021.03,1021.0,1021.0,,1021.03,,,16,16348.22,5,F1,1,,,,,
2026-09-01,2026-09-01,CM,NSE,STK,761342,INE423A07492,848AEL29,NJ,,,,,AEL 8.48% 2029 SR III,1015.0,1015.0,1005.02,1010.0,1010.0,1013.26,,1010.0,,,425,428308.2,16,F1,1,,,,,
2026-09-01,2026-09-01,CM,NSE,STK,761345,INE423A07518,862AEL31,NM,,,,,AEL 8.62% 2031 SR VI,1011.0,1011.0,1011.0,1011.0,1011.0,1015.0,,1011.0,,,40,40440.0,4,F1,1,,,,,
2026-09-01,2026-09-01,CM,NSE,STK,761346,INE423A07526,890AEL31,NN,,,,,AEL 8.90% 2031 SR VII,1055.6,1056.9,1055.0,1055.99,1055.51,1055.53,,1055.79,,,1486,1568474.27,17,F1,1,,,,,
2026-09-01,2026-09-01,CM,NSE,STK,757874,INE423A07443,9AEL30,NE,,,,,AEL 9% 2030 SR VI,1025.0,1049.69,1025.0,1049.69,1049.69,1028.05,,1049.69,,,90,92447.52,2,F1,1,,,,,
2026-09-01,2026-09-01,CM,NSE,STK,757872,INE423A07435,915AEL28,NC,,,,,AEL 9.15% 2028 SR IV,1025.0,1025.0,1024.29,1024.8,1024.8,1024.0,,1025.0,,,50,51228.74,4,F1,1,,,,,
2026-09-01,2026-09-01,CM,NSE,STK,760234,INE947N01017,AEQUS,EQ,,,,,AEQUS LIMITED,244.34,248.63,241.35,247.47,245.0,244.34,,247.46,,,2245052,551696058.22,23464,F1,1,,,,,
2026-09-01,2026-09-01,CM,NSE,STK,12015,INE065D01027,AEROENTER,EQ,,,,,AEROFLEX ENTERPRISES LTD,138.0,148.8,137.65,143.39,143.99,138.45,,143.4,,,1336212,191799592.96,17065,F1,1,,,,,
2026-09-01,2026-09-01,CM,NSE,STK,18268,INE024001021,AEROFLEX,EQ,,,,,AEROFLEX INDUSTRIES LTD,526.8,570.5,515.55,552.05,553.9,525.4,,552.07,,,2920944,1602582105.4,63656,F1,1,,,,,
2026-09-01,2026-09-01,CM,NSE,STK,13689,INE035801013,AERONEU,EQ,,,,,AEROFLEX NEU LIMITED,80.07,81.58,77.51,77.97,78.2,80.01,,77.97,,,37739,3025830.37,273,F1,1,,,,,
2026-09-01,2026-09-01,CM,NSE,STK,25065,INE0WL801011,AERON,SM,,,,,AERON COMPOSITE LIMITED,71.05,74.55,71.0,74.15,74.55,71.05,,74.15,,,13000,940400.0,13,F1,1000,,,,,
2026-09-01,2026-09-01,CM,NSE,STK,24830,INE0TSF01011,AESTHETIK,SM,,,,,AESTHETIK ENGINEERS LTD,70.55,70.55,69.0,69.0,69.0,70.25,,69.0,,,4000,279050.0,4,F1,1000,,,,,
2026-09-01,2026-09-01,CM,NSE,STK,9810,INE0BWX01014,AETHER,EQ,,,,,AETHER INDUSTRIES LIMITED,1700.0,1700.0,1667.4,1683.7,1690.0,1691.3,,1683.72,,,102406,172514229.6,10252,F1,1,,,,,
2026-09-01,2026-09-01,CM,NSE,STK,25977,INE101I01011,AFCONS,EQ,,,,,AFCONS INFRASTRUCTURE LTD,284.9,287.5,283.25,285.25,285.0,285.65,,285.25,,,324859,92582420.8,7024,F1,1,,,,,
2026-09-01,2026-09-01,CM,NSE,STK,11343,INE00WC01027,AFFLE,EQ,,,,,AFFLE 3I LIMITED,1590.0,1596.8,1556.0,1565.1,1558.7,1597.9,,1565.13,,,149381,235435265.0,17938,F1,1,,,,,
2026-09-01,2026-09-01,CM,NSE,STK,25855,INE692Z01013,AFFORDABLE,EQ,,,,,AFFORD ROBO & AUTO LTD,160.05,163.96,155.01,157.07,160.0,161.13,,157.78,,,16546,2614720.72,583,F1,1,,,,,
2026-09-01,2026-09-01,CM,NSE,STK,760641,INE916Y07073,1150AFIL29,N0,,,,,AFIL 11.50% 2029,9921.0,9921.0,9921.0,9921.0,9921.0,9887.68,,9921.0,,,1,9921.0,1,F1,1,,,,,
2026-09-01,2026-09-01,CM,NSE,STK,759098,INE916Y07040,12AFIL27A,N0,,,,,AFIL 12% 2027,9900.24,9900.24,9850.74,9850.74,9850.74,9987.8,,9850.74,,,19,187263.06,4,F1,1,,,,,
2026-09-01,2026-09-01,CM,NSE,STK,759446,INE916Y07032,12AFIL27,N0,,,,,AFIL 12% 2027 SR 1,9900.0,10100.0,9900.0,10100.0,10100.0,9900.0,,10100.0,,,22,218960.0,4,F1,1,,,,,
2026-09-01,2026-09-01,CM,NSE,STK,14263,INE0MLA01012,AGARWALFT,SM,,,,,AGARWAL FLOAT GLASS I LTD,29.05,30.4,29.0,30.35,30.35,30.5,,30.35,,,7500,221775.0,5,F1,1500,,,,,
2026-09-01,2026-09-01,CM,NSE,STK,3389,INE204E01012,AGARIND,EQ,,,,,AGARWAL INDS CORP LTD.,456.0,457.3,438.1,442.8,443.45,458.2,,442.93,,,70393,31522293.05,2494,F1,1,,,,,
2026-09-01,2026-09-01,CM,NSE,STK,27309,INE0P8X01016,AGARWALTUF,SM,,,,,AGARWAL TOUGH GLASS IND L,139.95,139.95,131.5,133.8,131.5,138.7,,133.8,,,76800,10387260.0,38,F1,1200,,,,,
2026-09-01,2026-09-01,CM,NSE,STK,1412,INE415A01038,AGI,EQ,,,,,AGI GREENPAC LIMITED,780.95,788.0,770.05,782.25,781.5,776.1,,782.28,,,124438,96981140.9,9255,F1,1,,,,,
2026-09-01,2026-09-01,CM,NSE,STK,24445,INE976R01033,AGIIL,EQ,,,,,AGI INFRA LIMITED,285.0,289.0,281.2,286.1,287.6,285.0,,286.1,,,271445,77638353.8,5084,F1,1,,,,,
2026-09-01,2026-09-01,CM,NSE,STK,10491,INE0LF301013,AGNI,SM,,,,,AGNI GREEN POWER LTD,16.15,16.15,16.0,16.0,16.0,15.5,,16.0,,,5000,80375.0,2,F1,2500,,,,,
2026-09-01,2026-09-01,CM,NSE,STK,11072,INE449G01018,AGRITECH,EQ,,,,,AGRI-TECH (INDIA) LIMITED,106.6,106.6,100.6,101.16,102.37,101.55,,101.18,,,3000,305840.79,125,F1,1,,,,,
2026-09-01,2026-09-01,CM,NSE,STK,9046,INE740V01019,AGROPHOS,EQ,,,,,AGRO PHOS INDIA LIMITED,26.48,26.79,25.3,25.6,25.64,26.35,,25.6,,,20769,536770.68,265,F1,1,,,,,
2026-09-01,2026-09-01,CM,NSE,STK,759202,INE583L01014,AGSTRA,BZ,,,,,AGS TRANSACT TECH LTD,2.03,2.04,1.97,2.01,1.99,1.99,,2.01,,,111822,225762.41,218,F1,1,,,,,
2026-09-01,2026-09-01,CM,NSE,STK,2004,INE00PV01013,AHLADA,EQ,,,,,AHLADA ENGINEERS LIMITED,38.87,38.87,37.11,37.31,37.12,38.68,,37.31,,,6566,247408.15,123,F1,1,,,,,
2026-09-01,2026-09-01,CM,NSE,STK,17833,INE758C01029,AHLUCONT,EQ,,,,,AHLUWALIA CONT IND LTD,620.7,627.9,606.7,612.5,612.0,619.2,,612.5,,,70430,43454286.85,5118,F1,1,,,,,
2026-09-01,2026-09-01,CM,NSE,STK,13086,INE212H01026,AIAENG,EQ,,,,,AIA ENGINEERING LIMITED,4240.0,4256.8,4210.3,4243.2,4245.0,4257.5,,4243.21,,,20642,87440281.4,6092,F1,1,,,,,
2026-09-01,2026-09-01,CM,NSE,STK,23984,INE0RUV01018,AIMTRON,SM,,,,,AIMTRON ELECTRONICS LTD,1611.0,1639.95,1600.0,1602.35,1600.5,1635.8,,1602.35,,,20800,33614750.0,96,F1,200,,,,,
2026-09-01,2026-09-01,CM,NSE,STK,9878,INE805A01014,GOLDTECH,BE,,,,,AION-TECH SOLUTIONS LTD,48.94,48.94,46.65,47.25,47.49,48.29,,47.25,,,8010,380387.45,100,F1,1,,,,,
2026-09-01,2026-09-01,CM,NSE,STK,9897,INE645W01026,AIRAN,EQ,,,,,AIRAN LIMITED,15.0,15.18,14.86,14.92,14.94,14.88,,14.92,,,34343,513851.21,185,F1,1,,,,,
2026-09-01,2026-09-01,CM,NSE,STK,6068,INE801L01010,AIROLAM,EQ,,,,,AIRO LAM LIMITED,88.0,89.0,86.5,86.68,86.51,88.09,,86.68,,,3467,306549.91,54,F1,1,,,,,
2026-09-01,2026-09-01,CM,NSE,STK,8124,INE031B01049,AJANTPHARM,EQ,,,,,AJANTA PHARMA LIMITED,3623.0,3630.7,3467.0,3504.8,3500.0,3601.9,,3504.81,,,87584,307384524.9,17631,F1,1,,,,,
2026-09-01,2026-09-01,CM,NSE,STK,29624,INE274Y01021,AJAXENGG,EQ,,,,,AJAX ENGINEERING LIMITED,574.5,575.7,566.7,573.95,572.5,574.5,,573.94,,,34918,19995510.8,4135,F1,1,,,,,
2026-09-01,2026-09-01,CM,NSE,STK,17307,INE298G01035,AJMERA,EQ,,,,,AJMERA REALTY & INF I LTD,116.5,117.16,115.14,115.67,116.1,116.9,,115.66,,,147515,17101411.43,2061,F1,1,,,,,
2026-09-01,2026-09-01,CM,NSE,STK,3403,INE820Y01021,AJOONI,EQ,,,,,AJOONI BIOTECH LIMITED,3.82,3.85,3.74,3.75,3.76,3.84,,3.75,,,450753,1716871.08,383,F1,1,,,,,
2026-09-01,2026-09-01,CM,NSE,STK,21121,INE0PCY01014,AKANKSHA,SM,,,,,AKANKSHA POWER N INFRA L,121.0,124.05,118.1,118.35,118.1,123.0,,118.35,,,41000,4901350.0,31,F1,1000,,,,,
2026-09-01,2026-09-01,CM,NSE,STK,13510,INE737W01013,AKASH,EQ,,,,,AKASH INFRA-PROJECTS LTD,24.83,24.83,24.32,24.36,24.59,24.8,,24.36,,,4258,104026.16,54,F1,1,,,,,
2026-09-01,2026-09-01,CM,NSE,STK,2176,INE00Y801016,AKG,EQ,,,,,AKG EXIM LIMITED,9.29,9.29,9.1,9.19,9.13,9.02,,9.19,,,7195,66173.57,42,F1,1,,,,,
2026-09-01,2026-09-01,CM,NSE,STK,14890,INE642Z01026,AKI,EQ,,,,,AKI INDIA LIMITED,4.07,4.74,4.05,4.57,4.6,4.15,,4.57,,,1003297,4555082.65,1663,F1,1,,,,,
2026-09-01,2026-09-01,CM,NSE,STK,24304,INE0PMR01017,AKIKO,SM,,,,,AKIKO GLOBAL SERVICES L,382.0,389.25,380.0,383.2,389.0,392.4,,383.2,,,28800,11013960.0,29,F1,800,,,,,
2026-09-01,2026-09-01,CM,NSE,STK,24159,INE916Y01027,AFIL,EQ,,,,,AKME FINTRADE (INDIA) LTD,9.5,9.69,9.41,9.43,9.45,9.47,,9.43,,,131859,1249033.36,288,F1,1,,,,,
2026-09-01,2026-09-01,CM,NSE,STK,8595,INE523B01011,AKSHOPTFBR,BE,,,,,AKSH OPTIFIBRE  LTD,7.36,7.44,7.06,7.42,7.33,7.36,,7.41,,,205273,1496365.11,364,F1,1,,,,,
2026-09-01,2026-09-01,CM,NSE,STK,9558,INE256Z01025,AKSHAR,EQ,,,,,AKSHAR SPINTEX LIMITED,0.42,0.42,0.4,0.41,0.41,0.41,,0.41,,,2436509,1005368.29,284,F1,1,,,,,
2026-09-01,2026-09-01,CM,NSE,STK,20194,INE542B01011,AKSHARCHEM,BE,,,,,AKSHARCHEM INDIA LIMITED,384.65,384.65,384.65,384.65,384.65,366.35,,386.01,,,7294,2805637.1,105,F1,1,,,,,
2026-09-01,2026-09-01,CM,NSE,STK,24715,INE09XN01023,AKUMS,EQ,,,,,AKUMS DRUGS AND PHARMA L,780.5,796.55,771.3,779.05,782.0,776.7,,779.05,,,461075,361422563.6,21314,F1,1,,,,,
2026-09-01,2026-09-01,CM,NSE,STK,9921,INE914E01040,ALANKIT,EQ,,,,,ALANKIT LIMITED,8.07,8.23,8.0,8.07,8.05,8.09,,8.07,,,72141,582682.37,389,F1,1,,,,,
2026-09-01,2026-09-01,CM,NSE,STK,17256,INE155C01010,ALBERTDAVD,EQ,,,,,ALBERT DAVID LIMITED,898.0,908.0,867.55,871.7,872.0,897.9,,871.66,,,7074,6297957.5,724,F1,1,,,,,
2026-09-01,2026-09-01,CM,NSE,STK,18762,INE448V01019,ALCODIS,SM,,,,,ALCOKRAFT DISTILLERIE LTD,67.8,67.8,67.8,67.8,67.8,67.6,,67.8,,,625,42375.0,1,F1,625,,,,,
2026-09-01,2026-09-01,CM,NSE,STK,79,INE426A01027,ALEMBICLTD,EQ,,,,,ALEMBIC LIMITED,99.0,101.87,96.95,98.85,99.0,98.74,,98.85,,,848069,84037982.9,7979,F1,1,,,,,
2026-09-01,2026-09-01,CM,NSE,STK,25328,INE901L01018,APLLTD,EQ,,,,,ALEMBIC PHARMA LTD,835.0,847.85,825.55,843.85,845.0,834.9,,843.89,,,114428,96204145.45,12700,F1,1,,,,,
2026-09-01,2026-09-01,CM,NSE,STK,764573,INE782D01027,ALFREDHE,EQ,,,,,ALFRED HERBERT INDIA L,2947.3,3049.9,2860.9,2889.8,2947.3,2947.3,,2874.93,,,11,32292.8,9,F1,1,,,,,
2026-09-01,2026-09-01,CM,NSE,STK,761270,INE598D01035,ALGOQUANT,EQ,,,,,ALGOQUANT FINTECH LIMITED,64.59,65.39,62.1,63.02,62.99,64.71,,63.02,,,1083176,68811479.33,2565,F1,1,,,,,
2026-09-01,2026-09-01,CM,NSE,STK,13656,INE062D01024,ALICON,EQ,,,,,ALICON CASTALLOY LIMITED,665.0,671.55,652.0,659.65,660.0,665.4,,659.72,,,18536,12296081.25,1454,F1,1,,,,,
2026-09-01,2026-09-01,CM,NSE,STK,5265,INE03Q201024,ALIVUS,EQ,,,,,ALIVUS LIFE SCIENCES LTD,1414.0,1470.0,1407.9,1443.7,1449.0,1405.7,,1443.7,,,395923,568540111.8,22182,F1,1,,,,,
2026-09-01,2026-09-01,CM,NSE,STK,16963,INE773I01017,ALKALI,BE,,,,,ALKALI METALS LTD,64.89,67.41,64.89,67.41,67.41,64.2,,68.21,,,6922,461767.63,66,F1,1,,,,,
2026-09-01,2026-09-01,CM,NSE,STK,11703,INE540L01014,ALKEM,EQ,,,,,ALKEM LABORATORIES LTD.,5329.5,5358.0,5277.0,5300.0,5300.0,5329.5,,5300.0,,,88288,467910484.0,10144,F1,1,,,,,
2026-09-01,2026-09-01,CM,NSE,STK,4487,INE150B01039,ALKYLAMINE,EQ,,,,,ALKYL AMINES CHEM. LTD,1991.0,2059.0,1975.0,2011.0,2000.0,2003.8,,2010.98,,,80010,161445120.4,13495,F1,1,,,,,
2026-09-01,2026-09-01,CM,NSE,STK,13203,INE0M2X01012,ALLETEC,SM,,,,,ALL E TECHNOLOGIES LTD,125.0,129.5,123.9,128.15,129.5,125.3,,128.15,,,16000,2027000.0,38,F1,400,,,,,
2026-09-01,2026-09-01,CM,NSE,STK,758448,INE0GV601021,ALLTIME,EQ,,,,,ALL TIME PLASTICS LIMITED,198.32,215.0,198.18,200.6,200.0,199.69,,200.6,,,647970,134271193.0,14039,F1,1,,,,,
2026-09-01,2026-09-01,CM,NSE,STK,763784,INE1YPB01014,AGL,EQ,,,,,ALLCARGO GLOBAL LIMITED,13.85,13.93,13.51,13.59,13.58,13.83,,13.59,,,3355300,45789896.65,3268,F1,1,,,,,
2026-09-01,2026-09-01,CM,NSE,STK,13501,INE418H01029,ALLCARGO,EQ,,,,,ALLCARGO LOGISTICS LTD,11.96,12.38,11.57,11.92,12.08,11.95,,11.92,,,25577812,308100564.88,26099,F1,1,,,,,
2026-09-01,2026-09-01,CM,NSE,STK,17778,INE0NN701020,ATL,EQ,,,,,ALLCARGO TERMINALS LTD,26.44,26.5,25.0,25.33,25.4,25.88,,25.33,,,266188,6840991.96,2869,F1,1,,,,,
2026-09-01,2026-09-01,CM,NSE,STK,11798,INE835G01018,ALLDIGI,EQ,,,,,ALLDIGI TECH LIMITED,817.6,818.55,804.05,807.8,805.15,813.5,,807.9,,,4779,3875263.85,435,F1,1,,,,,
2026-09-01,2026-09-01,CM,NSE,STK,24308,INE552Z01027,ABDL,EQ,,,,,ALLIED BLEND N DISTILS L,628.8,628.8,613.0,617.2,619.8,618.4,,617.19,,,230238,142627335.5,10565,F1,1,,,,,
2026-09-01,2026-09-01,CM,NSE,STK,14813,INE102I01027,ADSL,EQ,,,,,ALLIED DIGITAL SERV. LTD,105.0,105.89,103.12,103.94,104.0,105.19,,103.96,,,85703,8964567.24,1816,F1,1,,,,,
2026-09-01,2026-09-01,CM,NSE,STK,16719,INE326B01035,ALMONDZ,EQ,,,,,ALMONDZ GLOBAL SEC LTD,17.79,17.84,17.3,17.49,17.57,17.53,,17.48,,,342019,5996292.0,566,F1,1,,,,,
2026-09-01,2026-09-01,CM,NSE,STK,17675,INE270A01029,ALOKINDS,EQ,,,,,ALOK INDUSTRIES LIMITED,8.4,8.6,7.57,7.69,7.73,8.5,,7.69,,,81881769,654981660.92,47138,F1,1,,,,,
2026-09-01,2026-09-01,CM,NSE,STK,14848,INE385I01010,ALPA,EQ,,,,,ALPA LABORATORIES LTD,63.9,63.9,61.0,61.73,62.78,62.73,,61.73,,,15807,979109.88,260,F1,1,,,,,
2026-09-01,2026-09-01,CM,NSE,STK,22688,INE0R4701017,ALPEXSOLAR,SM,,,,,ALPEX SOLAR LIMITED,826.2,854.95,825.0,849.2,854.95,831.7,,849.2,,,29100,24477685.0,211,F1,100,,,,,
2026-09-01,2026-09-01,CM,NSE,STK,14601,INE137C01018,ALPHAGEO,BE,,,,,ALPHAGEO (INDIA) LIMITED,292.0,292.9,280.0,286.45,285.0,291.92,,286.46,,,17504,4983416.55,318,F1,1,,,,,
2026-09-01,2026-09-01,CM,NSE,STK,764186,INE1JCQ01037,ALPINETEX,EQ,,,,,ALPINE TEXWORLD LIMITED,53.4,54.3,51.5,51.95,51.9,53.62,,51.96,,,163406,8627045.24,2162,F1,1,,,,,
2026-09-01,2026-09-01,CM,NSE,STK,764578,INE058F01019,ALUFLUOR,EQ,,,,,ALUFLUORIDE LTD.,478.7,504.0,478.7,496.9,499.9,483.15,,497.43,,,15472,7655296.0,498,F1,1,,,,,
2026-09-01,2026-09-01,CM,NSE,STK,23474,INE0STM01017,ALUWIND,SM,,,,,ALUWIND INFRA-TECH LTD,48.0,48.0,47.0,47.1,47.1,48.15,,47.1,,,6000,283800.0,4,F1,1500,,,,,
2026-09-01,2026-09-01,CM,NSE,STK,760740,INE121R01077,AMAGI,EQ,,,,,AMAGI MEDIA LABS LIMITED,567.5,587.7,549.0,584.25,581.9,567.5,,584.21,,,716012,404705869.65,20872,F1,1,,,,,
2026-09-01,2026-09-01,CM,NSE,STK,764583,INE841D01013,AMAL,EQ,,,,,AMAL LTD.,755.0,759.6,741.6,753.1,756.8,744.25,,752.59,,,6902,5175918.7,487,F1,1,,,,,
2026-09-01,2026-09-01,CM,NSE,STK,758910,INE084K01015,AMANTA,BE,,,,,AMANTA HEALTHCARE LIMITED,190.8,191.0,190.0,190.0,190.0,188.8,,190.9,,,28338,5393264.4,203,F1,1,,,,,
2026-09-01,2026-09-01,CM,NSE,STK,100,INE885A01032,ARE&M,EQ,,,,,AMARA RAJA ENERGY MOB LTD,894.0,907.2,878.0,879.9,881.05,892.65,,879.9,,,439607,389656413.9,24694,F1,1,,,,,
2026-09-01,2026-09-01,CM,NSE,STK,764588,INE484D01012,AMARJOTHI,EQ,,,,,AMARJOTHI SPINNING MILL L,162.95,166.0,157.65,159.18,158.0,162.24,,159.47,,,906,145434.68,33,F1,1,,,,,
2026-09-01,2026-09-01,CM,NSE,STK,763256,INE293601014,AMBAAUTO,SM,,,,,AMBA AUTO SALES AND SER L,110.05,112.0,110.05,111.95,111.95,110.8,,111.95,,,4000,446000.0,3,F1,1000,,,,,
2026-09-01,2026-09-01,CM,NSE,STK,762546,INE432A01017,AMBALALSA,BE,,,,,AMBALAL SARABHAI ENT L,46.0,46.2,43.5,43.92,44.69,45.62,,43.99,,,66453,2991285.78,250,F1,1,,,,,
2026-09-01,2026-09-01,CM,NSE,STK,1185,INE371P01015,AMBER,EQ,,,,,AMBER ENTERPRISES (I) LTD,7640.0,7644.5,7490.0,7508.0,7508.0,7620.0,,7505.06,,,100768,762317131.5,16808,F1,1,,,,,
2026-09-01,2026-09-01,CM,NSE,STK,11496,INE792B01012,AMBICAAGAR,EQ,,,,,AMBICA AGAR & AROMAINDLTD,24.23,24.98,24.16,24.75,24.86,24.28,,24.75,,,6087,149532.66,56,F1,1,,,,,
2026-09-01,2026-09-01,CM,NSE,STK,15234,INE540G01014,AMBIKCO,EQ,,,,,AMBIKA COTTON MILL LTD.,1641.0,1669.9,1616.0,1625.1,1629.8,1639.7,,1625.03,,,12954,21248364.8,1539,F1,1,,,,,
2026-09-01,2026-09-01,CM,NSE,STK,1270,INE079A01024,AMBUJACEM,EQ,,,,,AMBUJA CEMENTS LTD,404.0,407.15,401.0,402.2,402.2,401.15,,402.2,,,1377257,556352563.6,25611,F1,1,,,,,
2026-09-01,2026-09-01,CM,NSE,STK,14398,INE005I01014,AMDIND,EQ,,,,,AMD INDUSTRIES LIMITED,56.65,59.65,55.75,57.02,57.12,56.27,,57.02,,,66205,3836066.47,713,F1,1,,,,,
2026-09-01,2026-09-01,CM,NSE,STK,10898,INE0KT901015,AMEYA,SM,,,,,AMEYA PRECISION ENG LTD,106.75,109.0,106.75,109.0,109.0,112.0,,109.0,,,4000,433750.0,3,F1,1000,,,,,
2026-09-01,2026-09-01,CM,NSE,STK,19867,INE275D01022,AMNPLST,EQ,,,,,AMINES & PLASTICIZERS LTD,184.39,185.93,178.61,181.17,184.9,181.28,,181.18,,,5501,1000806.18,214,F1,1,,,,,
2026-09-01,2026-09-01,CM,NSE,STK,761670,INE05TO01019,AEROPLANE,EQ,,,,,AMIR CHAND JAG KUM (E) L,176.0,178.0,172.0,174.19,174.0,174.33,,174.19,,,228243,39932826.81,3806,F1,1,,,,,
2026-09-01,2026-09-01,CM,NSE,STK,2598,INE606A01024,AMJLAND,EQ,,,,,AMJ LAND HOLDINGS LIMITED,39.9,39.9,38.3,38.45,38.3,39.57,,38.46,,,5193,201662.8,93,F1,1,,,,,
2026-09-01,2026-09-01,CM,NSE,STK,17547,INE098F01031,AMRUTANJAN,EQ,,,,,AMRUTAJAN HEALTH LTD,513.0,514.0,493.2,498.35,501.65,509.35,,498.41,,,50017,25231328.15,3176,F1,1,,,,,
2026-09-01,2026-09-01,CM,NSE,STK,759956,INE549H01021,ARSSBL,EQ,,,,,ANAND RATHI SH N STK BR L,507.0,516.85,502.3,508.8,510.0,508.75,,508.76,,,183696,93725744.4,4638,F1,1,,,,,
2026-09-01,2026-09-01,CM,NSE,STK,7145,INE463V01026,ANANDRATHI,EQ,,,,,ANAND RATHI WEALTH LTD,2213.4,2235.4,2185.0,2197.0,2198.0,2204.2,,2196.98,,,213203,469788968.9,18871,F1,1,,,,,
2026-09-01,2026-09-01,CM,NSE,STK,13620,INE242C01024,ANANTRAJ,EQ,,,,,ANANT RAJ LIMITED,603.9,604.75,584.6,587.8,585.5,603.9,,587.78,,,1114268,659088785.5,23879,F1,1,,,,,
2026-09-01,2026-09-01,CM,NSE,STK,759363,INE1UA823019,ANANTAM,IV,,,,,ANANTAM HIGHWAYS TRUST,104.72,105.99,104.72,105.98,105.98,105.74,,105.98,,,25295,2673982.5,110,F1,1,,,,,
2026-09-01,2026-09-01,CM,NSE,STK,764446,INE1J5V01013,ANAWIL,SM,,,,,ANAWIL WIRE AND ENGIN LTD,409.4,409.4,380.25,384.75,386.95,403.75,,384.75,,,275600,107260400.0,618,F1,400,,,,,
2026-09-01,2026-09-01,CM,NSE,STK,758427,INE0VG001016,AMCL,SM,,,,,ANB METAL CAST LIMITED,357.1,357.1,354.0,357.0,357.0,355.55,,357.0,,,6400,2273140.0,9,F1,400,,,,,
2026-09-01,2026-09-01,CM,NSE,STK,15420,INE666E01020,ACL,EQ,,,,,ANDHRA CEMENTS LIMITED,43.99,44.0,43.51,43.94,43.82,43.72,,43.93,,,4249,186245.85,107,F1,1,,,,,
2026-09-01,2026-09-01,CM,NSE,STK,166,INE435A01051,ANDHRAPAP,EQ,,,,,ANDHRA PAPER LIMITED,61.09,61.71,60.0,60.55,60.6,60.69,,60.55,,,270667,16468400.96,3833,F1,1,,,,,
2026-09-01,2026-09-01,CM,NSE,STK,136,INE715B01021,ANDHRSUGAR,EQ,,,,,ANDHRA SUGARS LTD,99.64,99.9,96.15,96.49,96.5,99.64,,96.49,,,388648,37860158.18,3684,F1,1,,,,,
2026-09-01,2026-09-01,CM,NSE,STK,5206,INE449C01025,ANDREWYU,EQ,,,,,ANDREW YULE & CO. LTD.,27.89,28.65,27.8,28.11,28.16,27.89,,28.1,,,100589,2828192.01,387,F1,1,,,,,
2026-09-01,2026-09-01,CM,NSE,STK,324,INE732I01021,ANGELONE,EQ,,,,,ANGEL ONE LIMITED,286.9,288.25,280.5,281.55,281.55,286.9,,281.55,,,2909391,824091188.0,30320,F1,1,,,,,
2026-09-01,2026-09-01,CM,NSE,STK,16657,INE087B01017,ANIKINDS,EQ,,,,,ANIK INDUSTRIES LTD,47.85,47.85,45.1,45.89,46.48,46.17,,45.89,,,13921,637992.07,63,F1,1,,,,,
2026-09-01,2026-09-01,CM,NSE,STK,20453,INE071F01012,APCL,EQ,,,,,ANJANI PORTLAND CEM LTD,101.0,102.5,100.15,100.19,100.5,100.89,,100.19,,,5140,515954.54,89,F1,1,,,,,
2026-09-01,2026-09-01,CM,NSE,STK,25878,INE106I01010,ANKITMETAL,BZ,,,,,ANKIT MET & POW LTD,1.77,1.77,1.71,1.72,1.72,1.74,,1.72,,,23412,40137.06,41,F1,1,,,,,
2026-09-01,2026-09-01,CM,NSE,STK,758968,INE0Y8W01025,AHCL,EQ,,,,,ANLON HEALTHCARE LIMITED,15.93,15.97,15.37,15.49,15.55,15.86,,15.49,,,1880199,29316393.32,2948,F1,1,,,,,
2026-09-01,2026-09-01,CM,NSE,STK,13657,INE0LR101013,ANLON,SM,,,,,ANLON TECHNOLOGY SOL LTD,634.0,640.0,625.6,632.0,630.0,625.0,,632.0,,,2800,1769700.0,7,F1,400,,,,,
2026-09-01,2026-09-01,CM,NSE,STK,3727,INE02AR01019,ANMOL,EQ,,,,,ANMOL INDIA LIMITED,10.05,10.24,9.96,10.02,10.01,10.09,,10.04,,,36429,365082.31,111,F1,1,,,,,
2026-09-01,2026-09-01,CM,NSE,STK,764471,INE0MGM01017,ANNAPURNA,EQ,,,,,ANNAPURNA SWADISHT LTD,147.3,148.48,143.05,145.76,145.0,148.5,,145.76,,,35855,5233059.93,599,F1,1,,,,,
2026-09-01,2026-09-01,CM,NSE,STK,758740,INE0VTV01012,ANONDITA,SM,,,,,ANONDITA MEDICARE LIMITED,1090.0,1090.0,1041.05,1051.95,1051.3,1075.5,,1051.95,,,147800,155667000.0,362,F1,200,,,,,
2026-09-01,2026-09-01,CM,NSE,STK,765020,INE030C01015,ANSALBU,EQ,,,,,ANSAL BUILDWELL LTD.,85.0,92.4,76.5,78.57,79.78,77.0,,78.57,,,46059,3960682.45,956,F1,1,,,,,
2026-09-01,2026-09-01,CM,NSE,STK,19677,INE436A01026,ANSALAPI,BZ,,,,,ANSAL PROP & INFRA LTD,3.2,3.29,3.2,3.2,3.2,3.26,,3.2,,,13762,44250.12,42,F1,1,,,,,
2026-09-01,2026-09-01,CM,NSE,STK,5194,INE414B01021,ANTGRAPHIC,EQ,,,,,ANTARCTICA LTD,0.78,0.78,0.75,0.75,0.75,0.76,,0.75,,,199813,151928.29,189,F1,1,,,,,
2026-09-01,2026-09-01,CM,NSE,STK,13598,INE818A01017,ANTELOPUS,EQ,,,,,ANTELOPUS SELAN ENRGY LTD,780.1,799.0,780.05,792.65,790.0,784.3,,792.67,,,47544,37646206.15,3064,F1,1,,,,,
2026-09-01,2026-09-01,CM,NSE,STK,757885,INE0CZ201020,ANTHEM,EQ,,,,,ANTHEM BIOSCIENCES LTD,893.2,939.0,893.2,924.5,925.0,893.05,,924.48,,,1326412,1227556398.75,47776,F1,1,,,,,
2026-09-01,2026-09-01,CM,NSE,STK,1797,INE01BK01022,AWHCL,EQ,,,,,ANTONY WASTE HDG CELL LTD,380.05,383.4,375.5,377.35,375.6,383.3,,377.38,,,64871,24590439.15,3026,F1,1,,,,,
2026-09-01,2026-09-01,CM,NSE,STK,28314,INE489G01022,ANUHPHR,EQ,,,,,ANUH PHARMA LIMITED,83.68,83.68,80.92,81.43,81.0,82.04,,81.43,,,61758,5052241.09,1309,F1,1,,,,,
2026-09-01,2026-09-01,CM,NSE,STK,2829,INE930P01018,ANURAS,EQ,,,,,ANUPAM RASAYAN INDIA LTD,1269.0,1270.8,1255.0,1259.8,1255.0,1262.8,,1259.8,,,219299,276845921.8,13181,F1,1,,,,,
2026-09-01,2026-09-01,CM,NSE,STK,28983,INE0SI601032,ANYA,SM,,,,,ANYA POLYTECH & FERTI LTD,14.85,15.6,14.85,15.2,15.6,15.0,,15.2,,,40000,609000.0,8,F1,5000,,,,,
2026-09-01,2026-09-01,CM,NSE,STK,758904,INF1J2R01114,AONEGOLD,EQ,,,,,AONEAMC - AONEGOLD,14.7,14.7,14.12,14.18,14.18,14.35,,14.18,,,828122,11781704.02,1696,F1,1,,,,,
2026-09-01,2026-09-01,CM,NSE,STK,30472,INF1J2R01056,AONELIQUID,EQ,,,,,AONEAMC - AONELIQUID,1075.03,1075.05,1075.03,1075.03,1075.04,1074.89,,1075.03,,,8005,8605677.27,89,F1,1,,,,,
2026-09-01,2026-09-01,CM,NSE,STK,757096,INF1J2R01064,AONENIFTY,EQ,,,,,AONEAMC - AONENIFTY,9.88,10.07,9.88,9.89,9.91,9.96,,9.89,,,247088,2451778.31,1241,F1,1,,,,,
2026-09-01,2026-09-01,CM,NSE,STK,760193,INF1J2R01171,AONESILVER,EQ,,,,,AONEAMC - AONESILVER,8.93,9.02,8.66,8.71,8.73,8.92,,8.71,,,1182475,10390811.27,1625,F1,1,,,,,
2026-09-01,2026-09-01,CM,NSE,STK,759992,INF1J2R01148,AONETMMQ50,EQ,,,,,AONEAMC - AONETMMQ50,10.44,10.44,10.29,10.33,10.35,10.39,,10.33,,,32131,333276.06,256,F1,1,,,,,
2026-09-01,2026-09-01,CM,NSE,STK,29975,INF1J2R01015,AONETOTAL,EQ,,,,,AONEAMC - AONETOTAL,11.99,12.05,11.88,11.9,11.95,11.94,,11.9,,,273082,3260269.48,1438,F1,1,,,,,
2026-09-01,2026-09-01,CM,NSE,STK,11491,INE372A01015,APARINDS,EQ,,,,,APAR INDUSTRIES LTD.,17776.0,17919.0,17301.0,17400.0,17400.0,17702.0,,17399.88,,,88375,1556469458.0,22377,F1,1,,,,,
2026-09-01,2026-09-01,CM,NSE,STK,154,INE116A01032,APCOTEXIND,EQ,,,,,APCOTEX INDUSTRIES LIMITE,649.55,660.0,625.75,639.2,641.0,646.3,,639.18,,,228646,147473045.8,10953,F1,1,,,,,
2026-09-01,2026-09-01,CM,NSE,STK,27291,INE0T4V01015,APEXECO,ST,,,,,APEX ECOTECH LIMITED,257.95,258.0,249.05,249.05,249.05,252.0,,249.05,,,8800,2243200.0,10,F1,800,,,,,
2026-09-01,2026-09-01,CM,NSE,STK,21623,INE346W01013,APEX,EQ,,,,,APEX FROZEN FOODS LIMITED,381.3,389.0,371.5,374.7,375.5,380.0,,374.71,,,171058,64608893.5,10327,F1,1,,,,,
2026-09-01,2026-09-01,CM,NSE,STK,25780,INE702C01027,APLAPOLLO,EQ,,,,,APL APOLLO TUBES LTD,2228.7,2258.8,2214.0,2234.0,2234.0,2223.4,,2233.77,,,642035,1434857973.8,20146,F1,1,,,,,
2026-09-01,2026-09-01,CM,NSE,STK,757184,INE0TLC07077,930APMD30,N0,,,,,APMD 9.30% 2030 STRPP D,104359.6,104359.6,104359.6,104359.6,104359.6,104337.0,,104359.6,,,11,1147955.6,1,F1,1,,,,,
2026-09-01,2026-09-01,CM,NSE,STK,757170,INE0TLC07101,930APMD32,N0,,,,,APMD 9.30% 2032 STRPP F,105400.0,105400.0,105400.0,105400.0,105400.0,103500.0,,105400.0,,,8,843200.0,4,F1,1,,,,,
2026-09-01,2026-09-01,CM,NSE,STK,157,INE437A01024,APOLLOHOSP,EQ,,,,,APOLLO HOSPITALS ENTER. L,8854.5,8867.5,8704.5,8755.0,8755.0,8898.5,,8755.09,,,153262,1342714576.0,22821,F1,1,,,,,
2026-09-01,2026-09-01,CM,NSE,STK,1134,INE713T01028,APOLLO,EQ,,,,,APOLLO MICRO SYSTEMS LTD,387.0,388.65,377.4,379.5,380.0,386.1,,379.49,,,3505166,1343115624.25,32398,F1,1,,,,,
2026-09-01,2026-09-01,CM,NSE,STK,14361,INE126J01016,APOLLOPIPE,EQ,,,,,APOLLO PIPES LIMITED,631.0,633.75,600.9,609.85,604.0,627.05,,609.92,,,288698,176643568.3,9782,F1,1,,,,,
2026-09-01,2026-09-01,CM,NSE,STK,6302,INE451F01024,APOLSINHOT,EQ,,,,,APOLLO SINDOORI HOTEL LTD,1238.0,1238.2,1206.0,1219.5,1210.0,1232.7,,1219.5,,,1038,1262140.1,212,F1,1,,,,,
2026-09-01,2026-09-01,CM,NSE,STK,163,INE438A01022,APOLLOTYRE,EQ,,,,,APOLLO TYRES LTD,441.0,443.7,438.15,442.7,442.65,438.95,,442.7,,,276871,122193818.15,15779,F1,1,,,,,
2026-09-01,2026-09-01,CM,NSE,STK,24638,INE0LQG01010,APRAMEYA,SM,,,,,APRAMEYA ENGINEERING LTD,121.5,127.9,120.05,126.6,126.6,124.05,,126.6,,,6500,796475.0,11,F1,500,,,,,
2026-09-01,2026-09-01,CM,NSE,STK,760364,INE0M2307321,915APSBC27,N0,,,,,APSBC 9.15% 2027 STRPP B,100500.01,100500.01,100500.01,100500.01,100500.01,100500.0,,100500.01,,,5,502500.05,2,F1,1,,,,,
2026-09-01,2026-09-01,CM,NSE,STK,760372,INE0M2307388,915APSBC31,N0,,,,,APSBC 9.15% 2031 STRPP F,104000.0,104209.95,104000.0,104209.95,104209.95,104187.8,,104209.95,,,8,833049.75,5,F1,1,,,,,
2026-09-01,2026-09-01,CM,NSE,STK,760378,INE0M2307412,915APSBC34,N0,,,,,APSBC 9.15% 2034 STRPP I,106000.0,106500.0,106000.0,106500.0,106500.0,106740.0,,106500.0,,,2,212500.0,2,F1,1,,,,,
2026-09-01,2026-09-01,CM,NSE,STK,760380,INE0M2307396,915APSBC35,N0,,,,,APSBC 9.15% 2035 STRPP J,104450.02,104450.02,104450.02,104450.02,104450.02,106079.32,,104450.02,,,10,1044500.2,2,F1,1,,,,,
2026-09-01,2026-09-01,CM,NSE,STK,761435,INE1OOJ01011,APSISAERO,ST,,,,,APSIS AEROCOM LIMITED,576.1,576.1,576.1,576.1,576.1,564.85,,576.1,,,1200,691320.0,1,F1,1200,,,,,
2026-09-01,2026-09-01,CM,NSE,STK,14074,INE266F01018,APTECHT,BE,,,,,APTECH LIMITED,93.67,93.67,90.75,91.41,91.6,91.84,,91.45,,,30218,2765091.98,303,F1,1,,,,,
2026-09-01,2026-09-01,CM,NSE,STK,5435,INE852O01025,APTUS,EQ,,,,,APTUS VALUE HSG FIN I LTD,249.0,254.07,247.15,253.36,253.0,248.85,,253.36,,,731329,184137151.99,15382,F1,1,,,,,
2026-09-01,2026-09-01,CM,NSE,STK,23365,INE416A01051,AQYLON,EQ,,,,,AQYLON NEXUS LIMITED,19.96,22.05,19.96,21.69,21.0,21.01,,21.69,,,5615935,119982741.17,6527,F1,1,,,,,
2026-09-01,2026-09-01,CM,NSE,STK,19253,INE08NJ01024,ARABIAN,SM,,,,,ARABIAN PETROLEUM LIMITED,88.0,88.0,88.0,88.0,88.0,88.0,,88.0,,,2000,176000.0,1,F1,2000,,,,,
2026-09-01,2026-09-01,CM,NSE,STK,758670,INE0YDV01010,ARCIIL,SM,,,,,ARC INSULATION & INSU LTD,38.2,39.0,38.2,39.0,39.0,37.0,,39.0,,,4000,154300.0,3,F1,1000,,,,,
2026-09-01,2026-09-01,CM,NSE,STK,12024,INE128X01021,ACI,EQ,,,,,ARCHEAN CHEMICAL IND LTD,487.35,508.65,482.4,492.65,492.0,485.45,,492.68,,,1602730,799387471.85,52243,F1,1,,,,,
2026-09-01,2026-09-01,CM,NSE,STK,245,INE0CHO01012,ADL,EQ,,,,,ARCHIDPLY DECOR LIMITED,75.0,75.99,70.79,75.42,75.68,75.75,,74.57,,,753,56310.68,48,F1,1,,,,,
2026-09-01,2026-09-01,CM,NSE,STK,16795,INE877I01016,ARCHIDPLY,EQ,,,,,ARCHIDPLY IND. LTD,105.0,105.19,101.17,101.72,101.45,105.93,,101.79,,,20540,2112582.34,546,F1,1,,,,,
2026-09-01,2026-09-01,CM,NSE,STK,5688,INE731A01020,ARCHIES,EQ,,,,,ARCHIES LTD,13.18,13.6,13.16,13.4,13.46,13.12,,13.4,,,13064,175600.28,63,F1,1,,,,,
2026-09-01,2026-09-01,CM,NSE,STK,764598,INE372M01010,ARCL,EQ,,,,,ARCL ORGANICS LTD.,230.0,235.0,225.9,233.0,233.0,237.0,,231.04,,,124,28200.05,16,F1,1,,,,,
2026-09-01,2026-09-01,CM,NSE,STK,764480,INE0XNF01022,ARDEE,EQ,,,,,ARDEE INDUSTRIES LIMITED,58.0,58.61,55.9,56.2,56.5,58.21,,56.2,,,3590794,204355100.0,15056,F1,1,,,,,
2026-09-01,2026-09-01,CM,NSE,STK,758700,INE784R01023,ARFIN,EQ,,,,,ARFIN INDIA LIMITED,86.79,87.96,85.0,85.5,85.0,87.23,,85.51,,,934707,81335329.04,3074,F1,1,,,,,
2026-09-01,2026-09-01,CM,NSE,STK,13092,INE0L2Y01011,ARHAM,SM,,,,,ARHAM TECHNOLOGIES LTD,210.05,212.9,201.0,205.75,209.0,212.95,,205.75,,,33000,6879600.0,32,F1,1000,,,,,
2026-09-01,2026-09-01,CM,NSE,STK,15204,INE298I01015,ARIES,EQ,,,,,ARIES AGRO LTD.,480.35,480.35,442.0,458.85,462.2,474.45,,458.82,,,103326,47340496.85,3969,F1,1,,,,,
2026-09-01,2026-09-01,CM,NSE,STK,13340,INE0NCC01015,ARIHANTACA,SM,,,,,ARIHANT ACADEMY LIMITED,477.0,477.0,477.0,477.0,477.0,480.0,,477.0,,,400,190800.0,1,F1,400,,,,,
2026-09-01,2026-09-01,CM,NSE,STK,3813,INE420B01036,ARIHANTCAP,EQ,,,,,ARIHANT CAPITAL MKTS LTD,77.5,80.65,77.1,80.03,79.7,77.75,,80.03,,,272914,21750864.88,2319,F1,1,,,,,
2026-09-01,2026-09-01,CM,NSE,STK,13885,INE413D01011,ARIHANT,EQ,,,,,ARIHANT FOUN & HOU LTD,902.0,929.35,882.0,900.0,900.0,907.8,,900.24,,,2202,1961729.05,217,F1,1,,,,,
2026-09-01,2026-09-01,CM,NSE,STK,20159,INE643K01018,ARIHANTSUP,EQ,,,,,ARIHANT SUPERSTRUCT LTD,251.1,253.8,244.6,250.15,250.0,252.0,,250.15,,,5622,1404539.45,308,F1,1,,,,,
2026-09-01,2026-09-01,CM,NSE,STK,757614,INE0H9P01028,ARIS,EQ,,,,,ARISINFRA SOLUTIONS LTD,142.6,142.6,127.71,131.68,131.04,142.27,,131.68,,,5907678,776967876.12,42325,F1,1,,,,,
2026-09-01,2026-09-01,CM,NSE,STK,13926,INE082101010,ARISTO,SM,,,,,ARISTO BIO T AND LIFESC L,103.0,103.0,103.0,103.0,103.0,107.0,,103.0,,,800,82400.0,1,F1,800,,,,,
2026-09-01,2026-09-01,CM,NSE,STK,25398,INE0QRL01017,ARKADE,EQ,,,,,ARKADE DEVELOPERS LIMITED,123.98,123.98,120.02,120.72,120.4,123.35,,120.72,,,186349,22759239.65,2295,F1,1,,,,,
2026-09-01,2026-09-01,CM,NSE,STK,17263,INE109C01017,ARMANFIN,EQ,,,,,ARMAN FIN SERV LTD,1980.0,1990.0,1935.1,1952.3,1946.0,1980.7,,1952.3,,,23217,45595406.7,3796,F1,1,,,,,
2026-09-01,2026-09-01,CM,NSE,STK,760752,INE0TZX01019,ARMOUR,ST,,,,,ARMOUR SECURITY (INDIA) L,18.0,18.0,18.0,18.0,18.0,18.05,,18.0,,,18000,324000.0,4,F1,2000,,,,,
2026-09-01,2026-09-01,CM,NSE,STK,14557,INE210C01013,AROGRANITE,EQ,,,,,ARO GRANITE IND. LTD.,24.75,25.4,24.16,24.45,24.45,24.76,,24.33,,,16003,392349.14,135,F1,1,,,,,
2026-09-01,2026-09-01,CM,NSE,STK,9264,INE570D01018,ARROWGREEN,BE,,,,,ARROW GREENTECH LIMITED,701.8,736.65,701.25,734.5,736.65,701.8,,734.54,,,17114,12294906.85,590,F1,1,,,,,
2026-09-01,2026-09-01,CM,NSE,STK,29015,INE968D01022,ARSHIYA,BZ,,,,,ARSHIYA LIMITED,0.74,0.74,0.74,0.74,0.74,0.77,,0.74,,,125326,92741.24,75,F1,1,,,,,
2026-09-01,2026-09-01,CM,NSE,STK,6156,INE738V01013,ARTNIRMAN,EQ,,,,,ART NIRMAN LIMITED,41.4,41.4,38.26,40.7,40.7,40.0,,40.7,,,950,37269.32,13,F1,1,,,,,
2026-09-01,2026-09-01,CM,NSE,STK,761330,INE757T01025,AEPL,EQ,,,,,ARTEMIS ELECTRICALS & P L,15.56,15.56,14.9,15.09,15.34,15.05,,15.09,,,965192,14568443.81,302,F1,1,,,,,
2026-09-01,2026-09-01,CM,NSE,STK,16913,INE025R01021,ARTEMISMED,EQ,,,,,ARTEMIS MED SERVICE LTD,317.45,335.0,315.5,327.95,328.0,317.45,,327.95,,,546257,179115993.65,19508,F1,1,,,,,
2026-09-01,2026-09-01,CM,NSE,STK,756896,INE0TTG01017,ARUNAYA,SM,,,,,ARUNAYA ORGANICS LIMITED,14.45,14.5,14.45,14.5,14.5,14.5,,14.5,,,4000,57900.0,2,F1,2000,,,,,
2026-09-01,2026-09-01,CM,NSE,STK,2814,INE006Z01016,ARVEE,EQ,,,,,ARVEE LABORATORIES I LTD,168.48,168.5,163.8,164.21,164.0,168.48,,164.21,,,1150,189907.53,41,F1,1,,,,,
2026-09-01,2026-09-01,CM,NSE,STK,9111,INE955V01021,ARVINDFASN,EQ,,,,,ARVIND FASHIONS LIMITED,450.05,462.45,445.0,458.8,457.2,452.5,,458.79,,,205486,93463524.75,17062,F1,1,,,,,
2026-09-01,2026-09-01,CM,NSE,STK,193,INE034A01011,ARVIND,EQ,,,,,ARVIND LIMITED,555.65,564.7,552.05,557.1,556.95,555.65,,557.11,,,486221,271898940.05,20273,F1,1,,,,,
2026-09-01,2026-09-01,CM,NSE,STK,19579,INE0P4T01013,ARVINDPORT,SM,,,,,ARVIND PORT AND INFRA LTD,33.8,33.95,33.8,33.95,33.95,33.95,,33.95,,,4500,152325.0,3,F1,1500,,,,,
2026-09-01,2026-09-01,CM,NSE,STK,10457,INE034S01021,ARVSMART,EQ,,,,,ARVIND SMARTSPACES LTD,670.3,670.3,652.0,656.0,656.95,665.55,,656.0,,,46238,30471330.05,2781,F1,1,,,,,
2026-09-01,2026-09-01,CM,NSE,STK,764603,INE032E01017,ARYAMAN,EQ,,,,,ARYAMAN FINANCIAL SERV L,635.0,635.0,625.0,625.0,625.0,649.95,,625.0,,,26,16500.0,2,F1,1,,,,,
2026-09-01,2026-09-01,CM,NSE,STK,5378,INE439A01020,ASAHIINDIA,EQ,,,,,ASAHI INDIA GLASS LIMITED,950.0,956.9,949.5,951.2,952.0,952.05,,951.2,,,74285,70708053.8,6123,F1,1,,,,,
2026-09-01,2026-09-01,CM,NSE,STK,25092,INE228I01012,ASAHISONG,BE,,,,,ASAHI SONGWON COLOR LTD,379.7,385.0,371.1,374.55,375.0,378.75,,374.76,,,7685,2912206.2,157,F1,1,,,,,
2026-09-01,2026-09-01,CM,NSE,STK,24711,INE0LAA01017,ASHALOG,SM,,,,,ASHAPURA LOGISTICS LTD,64.85,64.85,61.8,61.8,61.8,64.85,,61.8,,,3000,189650.0,3,F1,1000,,,,,
2026-09-01,2026-09-01,CM,NSE,STK,203,INE348A01023,ASHAPURMIN,EQ,,,,,ASHAPURA MINECHEM LTD,560.5,577.0,551.25,555.5,555.85,564.45,,555.51,,,329674,184895095.25,15400,F1,1,,,,,
2026-09-01,2026-09-01,CM,NSE,STK,24403,INE365D01021,ASHIANA,EQ,,,,,ASHIANA HOUSING LTD,365.9,369.75,360.1,363.65,363.0,366.9,,363.66,,,26448,9689582.4,1160,F1,1,,,,,
2026-09-01,2026-09-01,CM,NSE,STK,762551,INE094B01013,ASHIKAG,BE,,,,,ASHIKA GLOBAL SEC LTD,427.45,434.0,415.0,429.95,430.0,427.45,,429.93,,,72675,30830413.15,167,F1,1,,,,,
2026-09-01,2026-09-01,CM,NSE,STK,206,INE440A01010,ASHIMASYN,EQ,,,,,ASHIMA LTD,18.54,18.99,17.6,17.67,17.77,18.52,,17.65,,,80364,1443095.07,683,F1,1,,,,,
2026-09-01,2026-09-01,CM,NSE,STK,212,INE208A01029,ASHOKLEY,EQ,,,,,ASHOK LEYLAND LTD,176.5,176.5,168.53,170.53,170.53,175.64,,170.51,,,16860146,2895197135.93,86825,F1,1,,,,,
2026-09-01,2026-09-01,CM,NSE,STK,20182,INE442H01029,ASHOKA,EQ,,,,,ASHOKA BUILDCON LTD,121.49,124.75,119.51,121.75,120.91,120.29,,121.75,,,9607922,1172458080.45,49858,F1,1,,,,,
2026-09-01,2026-09-01,CM,NSE,STK,16943,INE760Y01011,ASHOKAMET,EQ,,,,,ASHOKA METCAST LIMITED,13.78,13.94,13.52,13.63,13.84,13.78,,13.63,,,7113,97830.12,119,F1,1,,,,,
2026-09-01,2026-09-01,CM,NSE,STK,760418,INE1A6Q01010,ASHWINI,SM,,,,,ASHWINI CONTAINER MOVER L,186.5,186.5,183.0,186.5,186.5,184.9,,186.5,,,3000,556000.0,3,F1,1000,,,,,
2026-09-01,2026-09-01,CM,NSE,STK,7030,INE276G01015,ASIANENE,EQ,,,,,ASIAN ENERGY SERVICES LTD,475.85,492.5,467.6,488.4,488.0,471.5,,488.41,,,398711,192780563.15,12767,F1,1,,,,,
2026-09-01,2026-09-01,CM,NSE,STK,14889,INE022I01019,ASIANTILES,EQ,,,,,ASIAN GRANITO IND. LTD.,50.15,50.55,49.76,50.26,50.4,49.61,,50.26,,,8205021,411377652.98,11139,F1,1,,,,,
2026-09-01,2026-09-01,CM,NSE,STK,19438,INE926K01017,AHLEAST,EQ,,,,,ASIAN HOTELS (EAST) LTD,138.1,143.9,137.15,142.2,143.0,138.05,,142.2,,,4748,675711.02,174,F1,1,,,,,
2026-09-01,2026-09-01,CM,NSE,STK,18422,INE363A01022,ASIANHOTNR,EQ,,,,,ASIAN HOTELS (NORTH) LTD,352.0,389.45,346.55,369.2,373.0,366.4,,369.2,,,214552,78338439.15,7320,F1,1,,,,,
2026-09-01,2026-09-01,CM,NSE,STK,19370,INE915K01010,AHLWEST,BE,,,,,ASIAN HOTELS (WEST) LTD,530.35,547.7,525.0,534.65,547.65,549.1,,534.65,,,1223,643971.7,19,F1,1,,,,,
2026-09-01,2026-09-01,CM,NSE,STK,236,INE021A01026,ASIANPAINT,EQ,,,,,ASIAN PAINTS LIMITED,2645.3,2645.3,2545.2,2575.5,2575.5,2653.6,,2575.48,,,1046523,2700972338.9,48776,F1,1,,,,,
2026-09-01,2026-09-01,CM,NSE,STK,765025,INE822B01017,ASIANTNE,EQ,,,,,ASIAN TEA & EXPORTS LTD.,10.22,10.65,9.72,10.17,10.27,10.22,,10.19,,,13782,140663.01,137,F1,1,,,,,
2026-09-01,2026-09-01,CM,NSE,STK,20152,INE491J01022,ASKAUTOLTD,EQ,,,,,ASK AUTOMOTIVE LIMITED,660.0,660.0,631.7,635.65,636.9,659.9,,635.62,,,197446,126976624.4,11188,F1,1,,,,,
2026-09-01,2026-09-01,CM,NSE,STK,17270,INE991I01015,ASPINWALL,EQ,,,,,ASPINWALL & CO LTD,263.0,266.5,257.4,260.05,260.0,263.56,,260.05,,,1722,452844.05,39,F1,1,,,,,
2026-09-01,2026-09-01,CM,NSE,STK,23396,INE0S7801010,ASPIRE,SM,,,,,ASPIRE & INNOVATIVE ADV L,12.85,13.45,12.85,13.45,13.45,13.5,,13.45,,,12000,155900.0,6,F1,2000,,,,,
2026-09-01,2026-09-01,CM,NSE,STK,765237,INE165G01010,ASSAMENT,EQ,,,,,ASSAM ENTRADE LIMITED,857.75,857.75,777.5,800.0,800.0,816.95,,800.0,,,14,10987.75,5,F1,1,,,,,
2026-09-01,2026-09-01,CM,NSE,STK,17598,INE073G01016,ASALCBR,EQ,,,,,ASSO ALCOHOLS & BREW LTD,701.0,706.95,690.0,693.7,697.4,700.8,,693.73,,,17898,12494117.55,1655,F1,1,,,,,
2026-09-01,2026-09-01,CM,NSE,STK,17728,INE563J01010,ASTEC,EQ,,,,,ASTEC LIFESCIENCES LTD,560.0,576.6,555.3,562.4,565.35,560.7,,562.52,,,22629,12812571.1,1817,F1,1,,,,,
2026-09-01,2026-09-01,CM,NSE,STK,1508,INE914M01019,ASTERDM,EQ,,,,,ASTER DM QUALITY CARE LTD,758.5,763.3,752.35,757.8,758.25,756.0,,757.8,,,967322,732586034.4,34289,F1,1,,,,,
2026-09-01,2026-09-01,CM,NSE,STK,11618,INE386C01029,ASTRAMICRO,EQ,,,,,ASTRA MICROWAVE LTD,1666.8,1705.0,1656.4,1686.4,1679.0,1666.0,,1686.35,,,292436,491849310.0,18447,F1,1,,,,,
2026-09-01,2026-09-01,CM,NSE,STK,14418,INE006I01046,ASTRAL,EQ,,,,,ASTRAL LIMITED,1537.5,1538.0,1493.1,1507.0,1507.0,1522.2,,1507.09,,,726492,1102743147.9,47522,F1,1,,,,,
2026-09-01,2026-09-01,CM,NSE,STK,5610,INE203A01020,ASTRAZEN,EQ,,,,,ASTRAZENECA PHARMA IND LT,6995.0,7014.5,6885.5,6917.0,6909.0,6951.5,,6918.47,,,3552,24613107.5,1281,F1,1,,,,,
2026-09-01,2026-09-01,CM,NSE,STK,764445,INE646X01014,ASTRON,BZ,,,,,ASTRON PAPER BORD MIL LTD,3.1,3.1,2.97,3.07,3.08,3.1,,3.07,,,7496,22771.49,57,F1,1,,,,,
2026-09-01,2026-09-01,CM,NSE,STK,15649,INE0ALR01029,ATALREAL,EQ,,,,,ATAL REALTECH LIMITED,33.01,33.47,26.65,26.65,26.65,33.31,,26.63,,,18612147,564485034.6,16491,F1,1,,,,,
2026-09-01,2026-09-01,CM,NSE,STK,15404,INE09KD01013,ATAM,EQ,,,,,ATAM VALVES LIMITED,56.8,56.8,54.09,55.9,56.7,55.96,,55.89,,,15123,834249.43,565,F1,1,,,,,
2026-09-01,2026-09-01,CM,NSE,STK,756405,INE0V0Q01019,ATCENERGY,ST,,,,,ATC ENERGIES SYSTEM LTD,22.8,22.8,22.8,22.8,22.8,22.8,,22.8,,,2400,54720.0,2,F1,1200,,,,,
2026-09-01,2026-09-01,CM,NSE,STK,757645,INE0LEZ01016,ATHERENERG,EQ,,,,,ATHER ENERGY LIMITED,1694.0,1744.0,1671.6,1725.6,1725.6,1717.7,,1725.36,,,9562596,16432981982.2,254766,F1,1,,,,,
2026-09-01,2026-09-01,CM,NSE,STK,760953,IN90NN701011,ATLPP,E1,,,,,ATL RE.0.50 PPD UP,9.27,9.5,9.0,9.22,9.21,9.9,,9.22,,,14539,133049.18,66,F1,1,,,,,
2026-09-01,2026-09-01,CM,NSE,STK,759007,INE0Z4F01028,ATLANTAELE,EQ,,,,,ATLANTA ELECTRICALS LTD,1832.7,1874.5,1813.1,1823.6,1824.6,1830.4,,1823.56,,,169455,312453562.4,22904,F1,1,,,,,
2026-09-01,2026-09-01,CM,NSE,STK,13585,INE285H01022,ATLANTAA,EQ,,,,,ATLANTAA LIMITED,39.45,41.9,38.51,40.68,40.8,38.7,,40.66,,,121504,4946150.85,956,F1,1,,,,,
2026-09-01,2026-09-01,CM,NSE,STK,4568,INE446A01025,ATLASCYCLE,EQ,,,,,ATLAS CYCLE (HARYANA) LTD,95.5,100.5,94.05,95.37,95.06,95.55,,95.33,,,14972,1466285.92,381,F1,1,,,,,
2026-09-01,2026-09-01,CM,NSE,STK,22785,INE05DH01017,ATMASTCO,SM,,,,,ATMASTCO LIMITED,144.0,144.0,142.0,142.25,142.25,145.9,,142.25,,,7600,1085440.0,12,F1,400,,,,,
2026-09-01,2026-09-01,CM,NSE,STK,30023,INE951D01028,ATULAUTO,EQ,,,,,ATUL AUTO LIMITED,490.0,500.0,474.1,476.05,475.0,486.7,,476.08,,,454055,222198518.75,13166,F1,1,,,,,
2026-09-01,2026-09-01,CM,NSE,STK,263,INE100A01010,ATUL,EQ,,,,,ATUL LTD,6392.0,6464.0,6371.0,6452.0,6453.0,6392.0,,6451.91,,,12419,79834297.0,4544,F1,1,,,,,
2026-09-01,2026-09-01,CM,NSE,STK,21238,INE949L01017,AUBANK,EQ,,,,,AU SMALL FINANCE BANK LTD,1083.8,1088.8,1067.6,1079.2,1079.2,1086.2,,1079.2,,,1068952,1152581342.3,22834,F1,1,,,,,
2026-09-01,2026-09-01,CM,NSE,STK,765451,INE16W401027,AUGMONT,EQ,,,,,AUGMONT ENTERPRISES LTD,899.45,899.95,851.0,866.25,866.0,908.15,,866.25,,,3757111,3273986557.5,118548,F1,1,,,,,
2026-09-01,2026-09-01,CM,NSE,STK,12022,INE132H01018,AURIONPRO,EQ,,,,,AURIONPRO SOLN LTD,714.0,715.35,692.0,694.7,696.7,709.2,,694.71,,,231981,163045832.65,16161,F1,1,,,,,
2026-09-01,2026-09-01,CM,NSE,STK,15869,INE0NUL01018,AUROIMPEX,SM,,,,,AURO IMPEX & CHEMICALS L,25.75,26.0,25.75,26.0,26.0,24.8,,26.0,,,9600,248480.0,6,F1,1600,,,,,
2026-09-01,2026-09-01,CM,NSE,STK,275,INE406A01037,AUROPHARMA,EQ,,,,,AUROBINDO PHARMA LTD,1700.0,1700.1,1671.1,1683.3,1683.3,1717.0,,1683.3,,,608791,1025700819.1,30353,F1,1,,,,,
2026-09-01,2026-09-01,CM,NSE,STK,10310,INE898S01029,AURUM,EQ,,,,,AURUM PROPTECH LIMITED,234.0,234.5,220.1,223.93,225.1,231.25,,223.69,,,120342,27306215.94,2898,F1,1,,,,,
2026-09-01,2026-09-01,CM,NSE,STK,31468,INE142K01011,AURUS,EQ,,,,,AURUS GEM CORP LIMITED,4.69,4.78,4.65,4.66,4.66,4.69,,4.66,,,1850,8657.73,28,F1,1,,,,,
2026-09-01,2026-09-01,CM,NSE,STK,4037,INE218C01016,AUSOMENT,EQ,,,,,AUSOM ENTERPRISE LIMITED,149.73,151.68,146.65,149.77,148.1,149.73,,149.78,,,9500,1415642.33,91,F1,1,,,,,
2026-09-01,2026-09-01,CM,NSE,STK,764608,INE759F01012,AUSTENG,EQ,,,,,AUSTIN ENGINEERING CO. L,121.5,125.94,120.6,122.72,122.72,122.65,,123.95,,,705,85383.88,54,F1,1,,,,,
2026-09-01,2026-09-01,CM,NSE,STK,21451,INE0P0001010,APS,SM,,,,,AUSTRALIAN PREM SOLAR I L,252.9,255.0,249.0,250.25,250.0,250.4,,250.25,,,6250,1575612.5,23,F1,250,,,,,
2026-09-01,2026-09-01,CM,NSE,STK,23553,INE206F01022,AIIL,EQ,,,,,AUTHUM INVEST & INFRA LTD,568.95,568.95,536.2,539.3,542.75,560.9,,539.23,,,523103,287414500.5,18486,F1,1,,,,,
2026-09-01,2026-09-01,CM,NSE,STK,14106,INE718H01014,AUTOIND,EQ,,,,,AUTOLINE INDUSTRIES LTD,87.82,88.48,83.55,85.59,85.7,87.17,,85.58,,,142696,12326370.67,1529,F1,1,,,,,
2026-09-01,2026-09-01,CM,NSE,STK,764558,INE451C01013,ACGL,EQ,,,,,AUTOMOBILE CORPN OF GOA L,1800.0,1800.0,1777.1,1787.8,1800.0,1805.0,,1786.61,,,1923,3444019.7,147,F1,1,,,,,
2026-09-01,2026-09-01,CM,NSE,STK,278,INE449A01011,AUTOAXLES,EQ,,,,,AUTOMOTIVE AXLES LIMITED,1729.3,1756.0,1670.0,1690.9,1686.5,1728.6,,1691.34,,,15397,26058385.5,1837,F1,1,,,,,
2026-09-01,2026-09-01,CM,NSE,STK,10634,INE900C01027,ASAL,EQ,,,,,AUTOMOTIVE STAMPINGS & AS,476.0,485.2,471.2,473.6,473.9,476.05,,473.61,,,19429,9242772.05,956,F1,1,,,,,
2026-09-01,2026-09-01,CM,NSE,STK,21406,INE349W01017,AVADHSUGAR,EQ,,,,,AVADH SUG & ENERGY LTD,855.3,868.0,805.05,823.3,819.0,855.3,,823.27,,,134076,111287269.45,6502,F1,1,,,,,
2026-09-01,2026-09-01,CM,NSE,STK,15058,INE0LCL01028,AVALON,EQ,,,,,AVALON TECHNOLOGIES LTD,2370.1,2393.0,2294.2,2318.6,2314.1,2373.3,,2318.61,,,301080,705165294.0,28621,F1,1,,,,,
2026-09-01,2026-09-01,CM,NSE,STK,760736,INE1KU201016,AVANA,ST,,,,,AVANA ELECTROSYSTEMS LTD,153.0,156.4,144.2,156.4,156.4,151.7,,156.4,,,28000,4215300.0,14,F1,2000,,,,,
2026-09-01,2026-09-01,CM,NSE,STK,765030,INE758A01072,AVANCE,EQ,,,,,AVANCE TECHNOLOGIES LTD.,0.87,0.88,0.81,0.82,0.82,0.86,,0.82,,,9823178,8339910.19,2227,F1,1,,,,,
2026-09-01,2026-09-01,CM,NSE,STK,24610,INE005B01027,AVANTEL,EQ,,,,,AVANTEL LIMITED,161.3,161.95,156.0,156.67,157.0,160.15,,156.67,,,746978,118564199.44,9506,F1,1,,,,,
2026-09-01,2026-09-01,CM,NSE,STK,7936,INE871C01038,AVANTIFEED,EQ,,,,,AVANTI FEEDS LIMITED,824.7,842.9,815.4,833.75,834.0,824.7,,833.65,,,278974,231913625.8,16764,F1,1,,,,,
2026-09-01,2026-09-01,CM,NSE,STK,19913,INE192R01011,DMART,EQ,,,,,AVENUE SUPERMARTS LIMITED,3850.0,3850.9,3766.1,3824.0,3824.0,3900.0,,3823.87,,,382602,1452296373.6,37592,F1,1,,,,,
2026-09-01,2026-09-01,CM,NSE,STK,16249,INE483S01020,CCAVENUE,EQ,,,,,AVENUESAI LIMITED,15.04,15.64,15.03,15.31,15.35,15.03,,15.31,,,12431519,190671081.56,14998,F1,1,,,,,
2026-09-01,2026-09-01,CM,NSE,STK,15638,INE680Z01018,AVG,BE,,,,,AVG LOGISTICS LIMITED,175.25,175.25,171.0,174.63,174.97,175.25,,174.63,,,13337,2298607.61,126,F1,1,,,,,
2026-09-01,2026-09-01,CM,NSE,STK,25520,INE0TFB01017,AVIANSH,SM,,,,,AVI ANSH TEXTILE LIMITED,102.0,103.0,102.0,103.0,103.0,101.5,,103.0,,,3000,307500.0,3,F1,1000,,,,,
2026-09-01,2026-09-01,CM,NSE,STK,755092,INE0V9I01017,AVIENCE,SM,,,,,AVIENCE BIOMEDICALS LTD,272.7,281.75,272.7,275.0,275.0,266.7,,275.0,,,23400,6456510.0,32,F1,600,,,,,
2026-09-01,2026-09-01,CM,NSE,STK,14069,INE855F01042,ASMS,BE,,,,,AVIO SMART MRKT STACK LTD,7.02,7.38,7.0,7.24,7.25,7.03,,7.24,,,447967,3228574.98,477,F1,1,,,,,
2026-09-01,2026-09-01,CM,NSE,STK,13557,INE323B01024,AVONMORE,EQ,,,,,AVONMORE CAP&MGT SERV LTD,14.0,14.0,13.2,13.34,13.3,13.79,,13.34,,,185858,2488118.9,695,F1,1,,,,,
2026-09-01,2026-09-01,CM,NSE,STK,23159,INE0R9401019,AVPINFRA,SM,,,,,AVP INFRACON LIMITED,60.0,60.0,58.55,59.4,59.4,58.4,,59.4,,,8800,521840.0,11,F1,800,,,,,
2026-09-01,2026-09-01,CM,NSE,STK,8827,INE652Z01025,AVROIND,EQ,,,,,AVRO INDIA LIMITED,9.29,9.29,8.51,8.64,8.67,9.03,,8.63,,,223687,1959664.14,579,F1,1,,,,,
2026-09-01,2026-09-01,CM,NSE,STK,18693,INE522V01011,AVSL,ST,,,,,AVSL INDUSTRIES LIMITED,119.7,119.7,119.7,119.7,119.7,119.7,,119.7,,,1000,119700.0,1,F1,1000,,,,,
2026-09-01,2026-09-01,CM,NSE,STK,14008,INE488D01021,AVTNPL,EQ,,,,,AVT NATURAL PRODUCTS LTD,94.7,94.7,87.1,88.41,87.51,92.06,,88.45,,,376944,33974507.77,4568,F1,1,,,,,
2026-09-01,2026-09-01,CM,NSE,STK,23864,INE108V01019,AWFIS,EQ,,,,,AWFIS SPACE SOLUTIONS LTD,257.05,268.3,255.55,262.8,263.25,258.9,,262.76,,,317406,83376569.15,8806,F1,1,,,,,
2026-09-01,2026-09-01,CM,NSE,STK,8110,INE699H01024,AWL,EQ,,,,,AWL AGRI BUSINESS LIMITED,192.01,195.5,192.01,194.38,194.2,192.55,,194.38,,,3175886,615808268.22,36498,F1,1,,,,,
2026-09-01,2026-09-01,CM,NSE,STK,5900,INE238A01034,AXISBANK,EQ,,,,,AXIS BANK LIMITED,1274.9,1275.1,1255.0,1258.0,1258.0,1300.0,,1258.0,,,5588158,7071370727.2,214154,F1,1,,,,,
2026-09-01,2026-09-01,CM,NSE,STK,1044,INF846K01X63,BNKETFAXIS,EQ,,,,,AXISAMC-BNKETFAXIS,596.97,596.97,590.04,591.79,591.79,594.0,,591.79,,,122,72317.51,23,F1,1,,,,,
2026-09-01,2026-09-01,CM,NSE,STK,5732,INF846K016C7,CONSUMAXIS,EQ,,,,,AXISAMC-CONSUMAXIS,121.81,122.25,117.6,119.97,119.95,121.1,,119.97,,,2568,311802.92,52,F1,1,,,,,
2026-09-01,2026-09-01,CM,NSE,STK,20532,INF846K01W80,GOLDAXIS,EQ,,,,,AXISAMC-GOLDAXIS,128.29,128.4,125.76,125.91,126.3,127.78,,125.92,,,2033566,258302104.21,8138,F1,1,,,,,
2026-09-01,2026-09-01,CM,NSE,STK,3608,INF846K01Z12,HEALTHAXIS,EQ,,,,,AXISAMC-HEALTHAXIS,170.32,170.44,169.2,169.2,169.35,169.68,,169.2,,,6914,1172567.77,87,F1,1,,,,,
2026-09-01,2026-09-01,CM,NSE,STK,3010,INF846K01Y96,ITAXIS,EQ,,,,,AXISAMC-ITAXIS,342.7,348.0,340.0,343.43,342.23,342.83,,343.43,,,4144,1429262.97,77,F1,1,,,,,
2026-09-01,2026-09-01,CM,NSE,STK,21252,INF846K01W98,NIFTYAXIS,EQ,,,,,AXISAMC-NIFTYAXIS,269.68,269.68,265.35,265.96,266.18,267.01,,265.96,,,6834,1819686.79,289,F1,1,,,,,
2026-09-01,2026-09-01,CM,NSE,STK,14742,INF846K010Q0,SENSEXAXIS,EQ,,,,,AXISAMC-SENSEXAXIS,80.07,80.36,78.3,79.39,78.9,80.07,,79.39,,,8046,642293.1,91,F1,1,,,,,
2026-09-01,2026-09-01,CM,NSE,STK,11193,INF846K011K1,SILVERAXIS,EQ,,,,,AXISAMC-SILVERAXIS,232.65,232.83,225.7,226.12,226.8,232.03,,226.12,,,365753,83565979.59,2675,F1,1,,,,,
2026-09-01,2026-09-01,CM,NSE,STK,30155,INF846KA1119,VALUEAXIS,EQ,,,,,AXISAMC-VALUEAXIS,33.49,33.49,32.51,32.58,32.51,32.68,,32.58,,,37622,1228088.97,314,F1,1,,,,,
2026-09-01,2026-09-01,CM,NSE,STK,9436,INE555B01013,AXISCADES,EQ,,,,,AXISCADES TECH LTD,1675.0,1682.8,1614.4,1644.2,1640.1,1671.2,,1644.09,,,158188,261448747.2,12620,F1,1,,,,,
2026-09-01,2026-09-01,CM,NSE,STK,9902,INE02EZ01022,AXITA,EQ,,,,,AXITA COTTON LIMITED,8.05,8.2,7.95,7.96,7.96,7.89,,7.96,,,944524,7577114.82,888,F1,1,,,,,
2026-09-01,2026-09-01,CM,NSE,STK,764613,INE767C01012,AXTEL,EQ,,,,,AXTEL INDUSTRIES LTD.,392.5,398.5,385.45,397.65,393.5,388.85,,397.54,,,3246,1276960.25,205,F1,1,,,,,
2026-09-01,2026-09-01,CM,NSE,STK,760981,INE501X01029,AYE,EQ,,,,,AYE FINANCE LIMITED,178.3,179.2,171.01,171.7,171.78,179.52,,171.7,,,1443202,251670510.5,21787,F1,1,,,,,
2026-09-01,2026-09-01,CM,NSE,STK,10285,INE193B01039,AYMSYNTEX,EQ,,,,,AYM SYNTEX LIMITED,275.85,306.9,271.25,294.2,291.8,280.45,,294.17,,,652034,192802010.45,17054,F1,1,,,,,
2026-09-01,2026-09-01,CM,NSE,STK,20905,INE02IJ01035,AZAD,EQ,,,,,AZAD ENGINEERING LIMITED,2880.0,2919.0,2815.1,2844.3,2847.0,2861.8,,2844.13,,,440243,1262876735.5,33187,F1,1,,,,,
2026-09-01,2026-09-01,CM,NSE,STK,765035,INE566M01017,AZADIND,EQ,,,,,AZAD INDIA MOBILITY LTD.,91.99,91.99,89.49,90.37,90.7,90.26,,90.29,,,35851,3238677.43,356,F1,1,,,,,
2026-09-01,2026-09-01,CM,NSE,STK,762616,INE489D01011,BNALTD,BE,,,,,B & A LTD.,369.0,371.0,361.0,362.0,362.0,360.45,,365.5,,,4108,1522879.55,6,F1,1,,,,,
2026-09-01,2026-09-01,CM,NSE,STK,12153,INE01EE01011,BBTCL,EQ,,,,,B&B TRIPLEWALL CONT LTD,225.0,225.0,218.85,220.62,222.38,222.02,,220.63,,,7436,1642015.8,417,F1,1,,,,,
2026-09-01,2026-09-01,CM,NSE,STK,11226,INE116D01028,BAGFILMS,EQ,,,,,B.A.G FILMS AND MEDIA LTD,4.4,4.44,4.32,4.36,4.37,4.38,,4.36,,,46601,203647.64,139,F1,1,,,,,
2026-09-01,2026-09-01,CM,NSE,STK,759420,INE17CQ01015,BAGDIGITAL,SM,,,,,B.A.G.CONVERGENCE LIMITED,106.0,108.95,105.0,108.7,108.85,109.0,,108.7,,,27200,2903520.0,9,F1,1600,,,,,
2026-09-01,2026-09-01,CM,NSE,STK,13290,INE350H01032,BLKASHYAP,EQ,,,,,B.L.KASHYAP & SON LTD,56.0,56.87,54.8,55.84,56.1,55.68,,55.83,,,498024,27566334.32,3107,F1,1,,,,,
2026-09-01,2026-09-01,CM,NSE,STK,25114,INE01FR01028,STYLEBAAZA,EQ,,,,,BAAZAR STYLE RETAIL LTD,401.0,405.0,389.0,398.15,401.15,400.85,,398.16,,,501769,199783929.3,6856,F1,1,,,,,
2026-09-01,2026-09-01,CM,NSE,STK,20141,INE0QW501012,BABAFP,SM,,,,,BABA FOOD PROCESSING,22.1,22.1,22.1,22.1,22.1,22.5,,22.1,,,1600,35360.0,1,F1,1600,,,,,
2026-09-01,2026-09-01,CM,NSE,STK,17735,INE878I01022,BAFNAPH,BE,,,,,BAFNA PHARMACEUTICALS LTD,307.0,318.5,301.0,312.6,313.8,304.25,,312.82,,,28133,8833257.0,447,F1,1,,,,,
2026-09-01,2026-09-01,CM,NSE,STK,763363,INE2OVN25015,BAGMANE,RR,,,,,BAGMANE PRIME OFFICE REIT,106.5,106.59,105.8,105.95,105.92,106.69,,105.95,,,388365,41284367.24,6207,F1,1,,,,,
2026-09-01,2026-09-01,CM,NSE,STK,12989,INE029Q01017,BAHETI,SM,,,,,BAHETI RECYCLING IND LTD,869.75,869.75,840.0,843.3,840.0,861.8,,843.3,,,19875,16988062.5,37,F1,375,,,,,
2026-09-01,2026-09-01,CM,NSE,STK,13794,INE020D01022,BAIDFIN,EQ,,,,,BAID FINSERV LIMITED,10.05,10.31,9.9,10.15,10.18,10.15,,10.15,,,75869,771913.48,204,F1,1,,,,,
2026-09-01,2026-09-01,CM,NSE,STK,16669,INE917I01010,BAJAJ-AUTO,EQ,,,,,BAJAJ AUTO LIMITED,12180.0,12470.0,12090.0,12361.0,12361.0,12130.0,,12361.0,,,495029,6111421468.0,65836,F1,1,,,,,
2026-09-01,2026-09-01,CM,NSE,STK,19531,INE933K01021,BAJAJCON,EQ,,,,,BAJAJ CONSUMER CARE LTD,481.35,492.4,469.4,471.95,470.0,474.05,,471.94,,,1247518,599834082.35,45341,F1,1,,,,,
2026-09-01,2026-09-01,CM,NSE,STK,15034,INE193E01025,BAJAJELEC,EQ,,,,,BAJAJ ELECT.LTD,323.75,330.6,323.0,325.85,325.0,324.8,,325.79,,,126133,41161511.7,4983,F1,1,,,,,
2026-09-01,2026-09-01,CM,NSE,STK,317,INE296A01032,BAJFINANCE,EQ,,,,,BAJAJ FINANCE LIMITED,1065.0,1067.0,1047.0,1053.9,1053.9,1057.0,,1053.89,,,4813301,5073961226.3,101532,F1,1,,,,,
2026-09-01,2026-09-01,CM,NSE,STK,16675,INE918I01026,BAJAJFINSV,EQ,,,,,BAJAJ FINSERV LTD.,1998.7,2004.1,1960.1,1972.0,1972.0,2021.0,,1972.0,,,788344,1554463785.5,35731,F1,1,,,,,
2026-09-01,2026-09-01,CM,NSE,STK,6863,INE411U01027,BAJAJHCARE,EQ,,,,,BAJAJ HEALTHCARE LIMITED,333.7,334.2,324.1,329.0,327.1,333.7,,329.01,,,78501,25802719.1,3070,F1,1,,,,,
2026-09-01,2026-09-01,CM,NSE,STK,308,INE306A01021,BAJAJHIND,EQ,,,,,BAJAJ HINDUSTHAN SUGAR LT,22.47,22.54,21.47,21.92,21.75,22.47,,21.92,,,32102812,706353828.96,33567,F1,1,,,,,
2026-09-01,2026-09-01,CM,NSE,STK,305,INE118A01012,BAJAJHLDNG,EQ,,,,,BAJAJ HOLDINGS & INVS LTD,11480.0,11500.0,11282.0,11310.0,11310.0,11644.0,,11310.0,,,44566,505894489.0,11481,F1,1,,,,,
2026-09-01,2026-09-01,CM,NSE,STK,25270,INE377Y01014,BAJAJHFL,EQ,,,,,BAJAJ HOUSING FINANCE LTD,84.0,84.1,82.6,82.85,82.86,84.02,,82.85,,,3146554,261956678.61,27541,F1,1,,,,,
2026-09-01,2026-09-01,CM,NSE,STK,762563,INE704G01024,BAJAJST,EQ,,,,,BAJAJ STEEL INDS. LTD.,357.4,361.75,350.35,351.55,355.4,357.2,,351.72,,,5847,2072355.6,342,F1,1,,,,,
2026-09-01,2026-09-01,CM,NSE,STK,20531,INE0KQN01018,BAJEL,EQ,,,,,BAJEL PROJECTS LIMITED,193.11,193.6,185.0,186.17,186.0,194.12,,186.17,,,174373,32837092.96,3451,F1,1,,,,,
2026-09-01,2026-09-01,CM,NSE,STK,13441,INE083D01012,BALPHARMA,EQ,,,,,BAL PHARMA LTD.,85.0,87.7,84.22,85.45,85.0,85.0,,85.45,,,23149,2000247.03,445,F1,1,,,,,
2026-09-01,2026-09-01,CM,NSE,STK,14501,INE050E01027,BALAMINES,EQ,,,,,BALAJI AMINES LIMITED,2347.2,2457.5,2295.1,2409.7,2400.2,2323.6,,2409.79,,,262817,629808183.1,29055,F1,1,,,,,
2026-09-01,2026-09-01,CM,NSE,STK,30030,INE0PQ601019,BALAJIPHOS,SM,,,,,BALAJI PHOSPHATES LIMITED,90.0,112.55,89.0,108.25,108.0,93.8,,108.25,,,264000,24233150.0,197,F1,1000,,,,,
2026-09-01,2026-09-01,CM,NSE,STK,9158,INE794B01026,BALAJITELE,EQ,,,,,BALAJI TELEFILMS LIMITED.,91.75,92.5,90.92,92.26,92.5,91.9,,92.25,,,70769,6498852.22,849,F1,1,,,,,
2026-09-01,2026-09-01,CM,NSE,STK,11309,INE618N01022,BALAXI,EQ,,,,,BALAXI PHARMA LTD,22.35,23.1,22.35,22.77,22.84,22.34,,22.77,,,22106,502345.11,127,F1,1,,,,,
2026-09-01,2026-09-01,CM,NSE,STK,335,INE787D01026,BALKRISIND,EQ,,,,,BALKRISHNA IND. LTD,2300.9,2352.0,2295.0,2331.8,2335.0,2279.2,,2331.8,,,511138,1190628756.6,47975,F1,1,,,,,
2026-09-01,2026-09-01,CM,NSE,STK,10181,INE875R01011,BALKRISHNA,EQ,,,,,BALKRISHNA PAPER MILLS L,17.01,17.43,16.41,16.97,17.0,17.2,,16.97,,,20202,340329.22,464,F1,1,,,,,
2026-09-01,2026-09-01,CM,NSE,STK,338,INE164A01016,BALMLAWRIE,EQ,,,,,BALMER LAWRIE & CO LTD,175.49,177.72,172.3,176.13,176.0,174.76,,176.13,,,241856,42342132.05,3247,F1,1,,,,,
2026-09-01,2026-09-01,CM,NSE,STK,762603,INE525F01025,BLIL,EQ,,,,,BALMER LAWRIE INVSTS. L,72.3,72.49,72.0,72.18,72.14,71.82,,72.18,,,54581,3942976.03,880,F1,1,,,,,
2026-09-01,2026-09-01,CM,NSE,STK,341,INE119A01028,BALRAMCHIN,EQ,,,,,BALRAMPUR CHINI MILLS LTD,695.95,695.95,658.0,668.85,667.2,693.5,,668.85,,,5571019,3756827843.55,96434,F1,1,,,,,
2026-09-01,2026-09-01,CM,NSE,STK,23607,INE011E01029,BALUFORGE,EQ,,,,,BALU FORGE INDUSTRIES LTD,630.9,638.0,613.0,621.9,620.0,630.6,,621.9,,,1369121,856875374.65,16952,F1,1,,,,,
2026-09-01,2026-09-01,CM,NSE,STK,347,INE655B01011,BANARBEADS,EQ,,,,,BANARAS BEADS LTD,114.1,117.0,113.05,116.4,117.0,114.67,,116.4,,,795,92081.81,62,F1,1,,,,,
2026-09-01,2026-09-01,CM,NSE,STK,13880,INE213C01025,BANCOINDIA,EQ,,,,,BANCO PRODUCTS (I) LTD,624.95,629.95,616.0,620.15,621.0,625.4,,620.12,,,84843,52698621.9,6390,F1,1,,,,,
2026-09-01,2026-09-01,CM,NSE,STK,2263,INE545U01014,BANDHANBNK,EQ,,,,,BANDHAN BANK LIMITED,163.6,164.65,161.65,162.9,162.9,163.5,,162.87,,,5214696,849033398.81,40429,F1,1,,,,,
2026-09-01,2026-09-01,CM,NSE,STK,760325,INF194KB1KJ7,GOLDBND,EQ,,,,,BANDHANAMC - GOLDBND,157.22,157.22,150.8,151.57,150.94,153.39,,151.55,,,26819,4079837.44,267,F1,1,,,,,
2026-09-01,2026-09-01,CM,NSE,STK,18783,INF194KA1U07,IDFNIFTYET,EQ,,,,,BANDHANAMC - IDFNIFTYET,266.34,267.26,265.25,265.41,265.41,266.34,,265.41,,,793,210543.49,43,F1,1,,,,,
2026-09-01,2026-09-01,CM,NSE,STK,760328,INF194KB1KI9,SILVERBND,EQ,,,,,BANDHANAMC - SILVERBND,231.0,234.48,227.83,228.5,229.17,234.3,,228.5,,,60699,13890660.38,459,F1,1,,,,,
2026-09-01,2026-09-01,CM,NSE,STK,15303,INE863I01016,BANG,EQ,,,,,BANG OVERSEAS LTD.,34.76,35.8,34.01,34.27,34.75,34.86,,34.3,,,178597,6251386.31,696,F1,1,,,,,
2026-09-01,2026-09-01,CM,NSE,STK,4668,INE028A01039,BANKBARODA,EQ,,,,,BANK OF BARODA,238.0,240.2,236.68,237.7,237.7,238.6,,237.7,,,13131444,3130275042.8,50087,F1,1,,,,,
2026-09-01,2026-09-01,CM,NSE,STK,4745,INE084A01016,BANKINDIA,EQ,,,,,BANK OF INDIA,142.29,143.65,141.4,142.35,142.35,141.59,,142.35,,,3406860,484640186.36,23653,F1,1,,,,,
2026-09-01,2026-09-01,CM,NSE,STK,11377,INE457A01014,MAHABANK,EQ,,,,,BANK OF MAHARASHTRA,82.0,83.83,82.0,82.7,82.7,82.07,,82.67,,,14196058,1176037528.25,47083,F1,1,,,,,
2026-09-01,2026-09-01,CM,NSE,STK,822,INE862Y01015,BANKA,EQ,,,,,BANKA BIOLOO LIMITED,77.1,80.0,77.1,78.75,78.75,78.57,,78.75,,,1216,95539.05,21,F1,1,,,,,
2026-09-01,2026-09-01,CM,NSE,STK,12037,INE186H01022,BASML,BE,,,,,BANNARI AM SPIN MILL LTD.,25.72,25.89,25.38,25.57,25.7,25.68,,25.59,,,19383,495736.38,65,F1,1,,,,,
2026-09-01,2026-09-01,CM,NSE,STK,350,INE459A01010,BANARISUG,EQ,,,,,BANNARI AMMAN SUGARS LTD,3897.0,3934.7,3745.0,3766.2,3809.9,3925.7,,3766.25,,,1473,5616219.3,308,F1,1,,,,,
2026-09-01,2026-09-01,CM,NSE,STK,24386,INE0B9K01025,BANSALWIRE,EQ,,,,,BANSAL WIRE INDUSTRIES L,315.15,321.7,315.15,319.75,320.0,316.65,,319.74,,,43459,13884044.25,2600,F1,1,,,,,
2026-09-01,2026-09-01,CM,NSE,STK,14511,INE629D01020,BANSWRAS,EQ,,,,,BANSWARA SYNTEX LIMITED,117.5,117.99,113.76,115.54,115.86,115.76,,115.54,,,39803,4600132.03,801,F1,1,,,,,
2026-09-01,2026-09-01,CM,NSE,STK,15073,INE139I01011,BVCL,EQ,,,,,BARAK VALLEY CEM. LTD.,44.84,45.6,43.1,43.5,43.7,44.84,,43.56,,,63845,2824129.05,353,F1,1,,,,,
2026-09-01,2026-09-01,CM,NSE,STK,29176,INE0QX401014,BARFLEX,SM,,,,,BARFLEX POLYFILMS LIMITED,61.0,61.0,58.25,58.25,58.25,60.45,,58.25,,,8000,474600.0,4,F1,2000,,,,,
2026-09-01,2026-09-01,CM,NSE,STK,24117,INF251K01TL6,BBNPNBETF,EQ,,,,,BARODABNP - BBNPNBETF,56.79,58.26,56.79,57.86,57.5,58.0,,57.64,,,2363,137196.5,33,F1,1,,,,,
2026-09-01,2026-09-01,CM,NSE,STK,20547,INF251K01SU9,BBNPPGOLD,EQ,,,,,BARODABNP - BBNPPGOLD,152.15,152.15,146.3,146.85,146.9,148.45,,146.86,,,1764,260777.6,93,F1,1,,,,,
2026-09-01,2026-09-01,CM,NSE,STK,368,INE373A01013,BASF,EQ,,,,,BASF INDIA LTD,3811.3,3811.3,3740.0,3760.8,3765.0,3787.8,,3760.75,,,13391,50455741.5,3871,F1,1,,,,,
2026-09-01,2026-09-01,CM,NSE,STK,18442,INE0OCC01013,BASILIC,SM,,,,,BASILIC FLY STUDIO LTD,201.45,201.65,192.55,195.0,195.0,199.0,,195.0,,,42600,8327400.0,79,F1,300,,,,,
2026-09-01,2026-09-01,CM,NSE,STK,371,INE176A01028,BATAINDIA,EQ,,,,,BATA INDIA LTD,682.4,689.25,675.0,677.35,676.0,682.4,,677.35,,,149599,101912184.7,8243,F1,1,,,,,
2026-09-01,2026-09-01,CM,NSE,STK,762568,INE177C01022,BATLIBOI,EQ,,,,,BATLIBOI LTD.,84.7,86.96,84.7,85.1,85.0,86.32,,85.15,,,25746,2205537.87,682,F1,1,,,,,
2026-09-01,2026-09-01,CM,NSE,STK,22574,INE0JFJ01011,BAWEJA,ST,,,,,BAWEJA STUDIOS LIMITED,24.35,25.0,24.35,25.0,25.0,23.85,,25.0,,,13600,338800.0,15,F1,800,,,,,
2026-09-01,2026-09-01,CM,NSE,STK,17927,INE462A01022,BAYERCROP,EQ,,,,,BAYER CROPSCIENCE LTD,3970.9,4003.7,3951.0,3987.6,3988.0,3970.9,,3987.69,,,14746,58571670.0,3745,F1,1,,,,,
2026-09-01,2026-09-01,CM,NSE,STK,2513,INE412G01024,BCLIND,EQ,,,,,BCL INDUSTRIES LIMITED,36.58,37.05,36.0,36.19,36.09,36.61,,36.19,,,532349,19383790.12,3334,F1,1,,,,,
2026-09-01,2026-09-01,CM,NSE,STK,761494,INE00SW01015,BCPL,EQ,,,,,BCPL RAILWAY INFRA LTD,68.28,69.77,67.3,68.58,68.68,68.28,,68.56,,,7059,481232.1,135,F1,1,,,,,
2026-09-01,2026-09-01,CM,NSE,STK,23922,INE639X01027,BEACON,SM,,,,,BEACON TRUSTEESHIP LTD,85.1,87.0,85.1,85.15,85.15,85.0,,85.15,,,3000,257250.0,3,F1,1000,,,,,
2026-09-01,2026-09-01,CM,NSE,STK,17933,INE520H01022,BEARDSELL,EQ,,,,,BEARDSELL LIMITED,25.36,26.44,25.21,25.79,26.03,25.58,,25.79,,,4436,114494.92,121,F1,1,,,,,
2026-09-01,2026-09-01,CM,NSE,STK,20196,INE844K01012,BEDMUTHA,EQ,,,,,BEDMUTHA INDUST LTD,105.71,107.83,105.01,106.61,106.9,105.25,,106.61,,,4441,472220.27,35,F1,1,,,,,
2026-09-01,2026-09-01,CM,NSE,STK,762573,INE213D01015,BEEKAY,EQ,,,,,BEEKAY STEEL INDS. LTD.,403.1,403.1,392.25,396.85,396.65,403.1,,396.59,,,824,326245.8,52,F1,1,,,,,
2026-09-01,2026-09-01,CM,NSE,STK,765291,INE1EEM01017,BLEL,EQ,,,,,BEHARI LAL ENGINEERING L,441.2,447.0,432.0,436.4,435.0,440.7,,435.86,,,1089456,478615869.5,18152,F1,1,,,,,
2026-09-01,2026-09-01,CM,NSE,STK,757938,INE344T01014,BELLACASA,EQ,,,,,BELLA CASA FASH AND RET L,237.55,260.0,234.01,248.58,247.82,237.51,,248.53,,,13499,3322608.5,432,F1,1,,,,,
2026-09-01,2026-09-01,CM,NSE,STK,757102,INE894V01022,BELRISE,EQ,,,,,BELRISE INDUSTRIES LTD,233.3,233.8,228.6,230.73,231.11,232.34,,230.73,,,2926112,675279329.82,65124,F1,1,,,,,
2026-09-01,2026-09-01,CM,NSE,STK,15067,INE0N7W01012,BLAL,EQ,,,,,BEML LAND ASSETS LIMITED,165.87,166.49,164.8,164.88,165.0,165.98,,164.88,,,26199,4332287.62,387,F1,1,,,,,
2026-09-01,2026-09-01,CM,NSE,STK,395,INE258A01024,BEML,EQ,,,,,BEML LIMITED,1940.0,1979.0,1930.0,1970.2,1970.1,1936.1,,1970.25,,,304165,595903573.2,23562,F1,1,,,,,
2026-09-01,2026-09-01,CM,NSE,STK,764618,INE664D01019,BENARAS,EQ,,,,,BENARES HOTELS LTD.,10200.0,10349.0,10141.0,10312.0,10349.0,10200.0,,10312.0,,,74,755334.0,20,F1,1,,,,,
2026-09-01,2026-09-01,CM,NSE,STK,762578,INE083K01017,BENGALASM,EQ,,,,,BENGAL & ASSAM CO. LTD.,6438.0,6700.0,6422.0,6661.5,6699.5,6438.0,,6657.37,,,1001,6606321.5,230,F1,1,,,,,
2026-09-01,2026-09-01,CM,NSE,STK,404,INE463A01038,BERGEPAINT,EQ,,,,,BERGER PAINTS (I) LTD,500.9,501.1,490.0,490.85,491.4,497.75,,490.87,,,134383,66299711.95,9508,F1,1,,,,,
2026-09-01,2026-09-01,CM,NSE,STK,2306,INE052T01021,BESTAGRO,EQ,,,,,BEST AGROLIFE LIMITED,17.16,17.4,16.8,17.11,17.1,17.16,,17.11,,,351441,6023361.89,1680,F1,1,,,,,
2026-09-01,2026-09-01,CM,NSE,STK,759842,INE351Y01019,BETA,EQ,,,,,BETA DRUGS LIMITED,2277.0,2277.0,2180.0,2206.8,2219.8,2259.9,,2206.8,,,12964,28666559.8,2416,F1,1,,,,,
2026-09-01,2026-09-01,CM,NSE,STK,5662,INE0HQI01014,BEWLTD,SM,,,,,BEW ENGINEERING LIMITED,50.0,50.0,48.0,48.3,48.3,50.0,,48.3,,,50500,2488450.0,43,F1,500,,,,,
2026-09-01,2026-09-01,CM,NSE,STK,21113,INE878K01010,BFINVEST,EQ,,,,,BF INVESTMENT LIMITED,437.3,448.0,437.3,444.4,444.0,441.35,,444.41,,,16151,7178447.35,1063,F1,1,,,,,
2026-09-01,2026-09-01,CM,NSE,STK,14567,INE243D01012,BFUTILITIE,EQ,,,,,BF UTILITIES LIMITED,502.9,505.5,498.8,504.7,505.0,502.9,,504.7,,,32870,16528635.85,1583,F1,1,,,,,
2026-09-01,2026-09-01,CM,NSE,STK,764183,INF0QA701CI0,BANK10BETF,EQ,,,,,BFAM - BANK10BETF,20.9,21.39,20.52,20.74,20.52,20.8,,20.74,,,9190,191693.72,35,F1,1,,,,,
2026-09-01,2026-09-01,CM,NSE,STK,21986,INF0QA701714,BANKBETF,EQ,,,,,BFAM - BANKBETF,60.0,60.0,58.0,58.21,58.58,58.54,,58.21,,,13974,816173.67,254,F1,1,,,,,
2026-09-01,2026-09-01,CM,NSE,STK,23915,INF0QA701854,LIQUIDBETF,EQ,,,,,BFAM - LIQUIDBETF,1096.99,1097.03,1096.99,1097.02,1097.03,1096.88,,1097.02,,,452323,496204916.35,216,F1,1,,,,,
2026-09-01,2026-09-01,CM,NSE,STK,21959,INF0QA701722,NIFTYBETF,EQ,,,,,BFAM - NIFTYBETF,248.55,249.0,246.88,247.21,247.22,248.55,,247.21,,,1213,300194.89,75,F1,1,,,,,
2026-09-01,2026-09-01,CM,NSE,STK,15193,INE661I01014,BGRENERGY,BE,,,,,BGR ENERGY SYSTEMS LTD,246.96,248.0,231.85,233.12,235.0,244.05,,233.16,,,91121,21377431.02,1062,F1,1,,,,,
2026-09-01,2026-09-01,CM,NSE,STK,758228,INE0ZRC01017,BHADORA,ST,,,,,BHADORA INDUSTRIES LTD,113.05,113.05,108.9,110.35,111.0,113.05,,110.35,,,14400,1586220.0,12,F1,1200,,,,,
2026-09-01,2026-09-01,CM,NSE,STK,13427,INE354C01027,BHAGERIA,BE,,,,,BHAGERIA INDUSTRIES LTD,263.2,263.2,263.2,263.2,263.2,250.68,,263.2,,,88629,23327152.8,372,F1,1,,,,,
2026-09-01,2026-09-01,CM,NSE,STK,6164,INE414D01027,BHAGCHEM,EQ,,,,,BHAGIRADHA CHEM & INDS L,280.1,281.0,267.05,269.05,269.0,280.75,,269.08,,,146689,39893304.95,2181,F1,1,,,,,
2026-09-01,2026-09-01,CM,NSE,STK,20776,INE458B01036,BHAGYANGR,EQ,,,,,BHAGYANAGAR INDIA LIMITED,381.3,388.95,377.0,380.0,377.0,384.7,,380.0,,,80991,30935093.65,2486,F1,1,,,,,
2026-09-01,2026-09-01,CM,NSE,STK,19556,INE474E01029,BHANDARI,EQ,,,,,BHANDARI HOSIERY EXP LTD,3.01,3.01,2.95,2.96,2.99,2.98,,2.96,,,69915,208557.19,206,F1,1,,,,,
2026-09-01,2026-09-01,CM,NSE,STK,419,INE922A01025,BEPL,EQ,,,,,BHANSALI ENG. POLYMERS LT,122.3,128.8,122.1,127.16,127.5,121.09,,127.16,,,3436941,435038869.08,25247,F1,1,,,,,
2026-09-01,2026-09-01,CM,NSE,STK,13761,INE464A01036,BBL,EQ,,,,,BHARAT BIJLEE LTD,2376.5,2376.5,2305.6,2319.2,2322.9,2363.5,,2319.23,,,11521,26847009.4,1732,F1,1,,,,,
2026-09-01,2026-09-01,CM,NSE,STK,760726,INE05XR01022,BHARATCOAL,EQ,,,,,BHARAT COKING COAL LTD,33.85,34.04,33.26,33.34,33.38,33.77,,33.34,,,3510944,118000540.67,13016,F1,1,,,,,
2026-09-01,2026-09-01,CM,NSE,STK,2144,INE171Z01026,BDL,EQ,,,,,BHARAT DYNAMICS LIMITED,1272.0,1273.8,1245.2,1250.0,1250.0,1275.0,,1250.0,,,1100052,1381284758.7,48733,F1,1,,,,,
2026-09-01,2026-09-01,CM,NSE,STK,383,INE263A01024,BEL,EQ,,,,,BHARAT ELECTRONICS LTD,414.45,414.45,409.35,411.2,411.2,414.45,,411.2,,,5628444,2315043446.1,75001,F1,1,,,,,
2026-09-01,2026-09-01,CM,NSE,STK,422,INE465A01025,BHARATFORG,EQ,,,,,BHARAT FORGE LTD,2076.0,2076.1,2040.0,2052.2,2052.2,2104.9,,2052.2,,,976086,2004482612.0,31337,F1,1,,,,,
2026-09-01,2026-09-01,CM,NSE,STK,9397,INE561C01019,BHARATGEAR,BE,,,,,BHARAT GEARS LTD,102.88,102.88,100.05,100.3,101.27,101.5,,100.3,,,11151,1125876.1,139,F1,1,,,,,
2026-09-01,2026-09-01,CM,NSE,STK,764623,INE365Y01019,BPLPHARMA,EQ,,,,,BHARAT PARENTERALS LTD.,1565.0,1585.8,1496.1,1507.4,1501.0,1529.8,,1510.69,,,5388,8304958.3,509,F1,1,,,,,
2026-09-01,2026-09-01,CM,NSE,STK,526,INE029A01011,BPCL,EQ,,,,,BHARAT PETROLEUM CORP  LT,317.35,319.7,313.0,317.65,317.65,324.05,,317.65,,,6048491,1924011692.85,37805,F1,1,,,,,
2026-09-01,2026-09-01,CM,NSE,STK,3834,INE838B01021,BHARATRAS,EQ,,,,,BHARAT RASAYAN LTD,1252.2,1257.8,1226.1,1233.0,1240.0,1248.0,,1233.04,,,9653,11968594.8,1388,F1,1,,,,,
2026-09-01,2026-09-01,CM,NSE,STK,21683,INE727S01012,BRNL,EQ,,,,,BHARAT ROAD NETWORK LTD,17.6,17.6,17.1,17.28,17.36,17.25,,17.27,,,8810,152030.33,119,F1,1,,,,,
2026-09-01,2026-09-01,CM,NSE,STK,30244,INE415D01024,BHARATSE,EQ,,,,,BHARAT SEATS LIMITED,227.99,227.99,215.21,219.25,221.0,224.25,,219.21,,,154435,34017547.0,4268,F1,1,,,,,
2026-09-01,2026-09-01,CM,NSE,STK,16123,INE316L01019,BHARATWIRE,EQ,,,,,BHARAT WIRE ROPES LTD.,181.1,183.1,172.15,174.18,172.15,181.71,,173.17,,,385775,68157107.65,7750,F1,1,,,,,
2026-09-01,2026-09-01,CM,NSE,STK,10604,INE397D01024,BHARTIARTL,EQ,,,,,BHARTI AIRTEL LIMITED,1852.0,1877.2,1848.5,1877.2,1877.2,1811.9,,1877.2,,,9900740,18467928231.3,196976,F1,1,,,,,
2026-09-01,2026-09-01,CM,NSE,STK,23489,INE343G01021,BHARTIHEXA,EQ,,,,,BHARTI HEXACOM LIMITED,1545.0,1545.0,1500.0,1511.7,1505.0,1545.5,,1511.81,,,54396,82710807.0,7434,F1,1,,,,,
2026-09-01,2026-09-01,CM,NSE,STK,7848,INE828A01016,BIL,EQ,,,,,BHARTIYA INTERNATIONAL,865.0,949.0,858.1,885.45,883.75,852.2,,885.67,,,64376,58964442.75,3883,F1,1,,,,,
2026-09-01,2026-09-01,CM,NSE,STK,438,INE257A01026,BHEL,EQ,,,,,BHEL,437.25,437.25,423.2,426.55,426.55,442.65,,426.55,,,7144021,3063380668.8,64139,F1,1,,,,,
2026-09-01,2026-09-01,CM,NSE,STK,762621,INE274K01012,BTTL,BE,,,,,BHILWARA TECHNICAL TEXT L,43.0,43.99,41.0,43.19,43.99,43.09,,43.19,,,2186,92474.23,35,F1,1,,,,,
2026-09-01,2026-09-01,CM,NSE,STK,18431,INE412U01025,BIGBLOC,EQ,,,,,BIGBLOC CONSTRUCTION LTD,41.35,43.27,40.8,41.89,42.3,41.35,,41.9,,,59739,2512817.6,836,F1,1,,,,,
2026-09-01,2026-09-01,CM,NSE,STK,11966,INE00E101023,BIKAJI,EQ,,,,,BIKAJI FOODS INTERN LTD,610.3,619.5,592.0,598.3,597.8,625.7,,598.31,,,626123,375778601.8,33593,F1,1,,,,,
2026-09-01,2026-09-01,CM,NSE,STK,25527,INE0SQH01013,BIKEWO,ST,,,,,BIKEWO GREEN TECH LIMITED,104.9,104.9,98.0,101.6,101.7,101.95,,101.6,,,58000,5843200.0,28,F1,2000,,,,,
2026-09-01,2026-09-01,CM,NSE,STK,13622,INE071A01013,BILVYAPAR,BE,,,,,BIL VYAPAR LIMITED,4.12,4.12,3.96,3.99,4.0,4.03,,3.99,,,5661,22495.45,28,F1,1,,,,,
2026-09-01,2026-09-01,CM,NSE,STK,762586,INE986A01012,BI,BE,,,,,BILCARE LTD.,90.8,91.6,86.26,87.26,88.1,90.8,,87.31,,,35725,3168979.61,163,F1,1,,,,,
2026-09-01,2026-09-01,CM,NSE,STK,759806,INE0HOQ01053,GROWW,EQ,,,,,BILLIONBRAINS GARAGE VN L,193.0,193.99,189.01,189.41,189.3,192.06,,189.41,,,25408315,4845744439.69,123770,F1,1,,,,,
2026-09-01,2026-09-01,CM,NSE,STK,762588,INE469A01019,BIMETAL,EQ,,,,,BIMETAL BEARINGS LTD.,640.0,654.95,620.0,640.05,640.0,636.85,,640.05,,,326,208960.0,38,F1,1,,,,,
2026-09-01,2026-09-01,CM,NSE,STK,763598,INE1BKA01015,BMLL,SM,,,,,BIO MEDICA LABORATORIES L,148.0,148.0,145.3,145.35,145.35,145.75,,145.35,,,9000,1310500.0,5,F1,1000,,,,,
2026-09-01,2026-09-01,CM,NSE,STK,11373,INE376G01013,BIOCON,EQ,,,,,BIOCON LIMITED.,407.15,407.95,400.35,401.05,401.05,412.0,,401.05,,,2120745,855247273.8,28205,F1,1,,,,,
2026-09-01,2026-09-01,CM,NSE,STK,4136,INE829A01014,BIOFILCHEM,EQ,,,,,BIOFIL CHEM & PHARMA LTD,32.9,33.68,32.03,32.15,32.05,32.59,,32.16,,,8734,283956.06,157,F1,1,,,,,
2026-09-01,2026-09-01,CM,NSE,STK,760942,INE0XW001014,BIOPOL,SM,,,,,BIOPOL CHEMICALS LIMITED,47.3,52.0,46.15,46.15,46.15,51.25,,46.15,,,523200,25029840.0,288,F1,1200,,,,,
2026-09-01,2026-09-01,CM,NSE,STK,6815,INE800A01015,BIRLACABLE,BE,,,,,BIRLA CABLE LIMITED,314.0,325.35,312.0,325.35,325.35,309.86,,325.35,,,234441,75686958.65,2062,F1,1,,,,,
2026-09-01,2026-09-01,CM,NSE,STK,480,INE340A01012,BIRLACORPN,EQ,,,,,BIRLA CORPORATION LTD,872.7,891.2,870.0,879.55,880.0,872.7,,879.57,,,33058,29096443.3,4099,F1,1,,,,,
2026-09-01,2026-09-01,CM,NSE,STK,762593,INE372E01025,BIRLAPREC,EQ,,,,,BIRLA PRECISION TECH L,45.83,46.49,43.01,43.79,44.0,45.61,,43.77,,,98098,4378665.51,947,F1,1,,,,,
2026-09-01,2026-09-01,CM,NSE,STK,1455,INE557A01011,BIRLANU,EQ,,,,,BIRLANU LIMITED,1444.0,1448.9,1425.0,1437.7,1445.0,1440.5,,1437.87,,,5038,7227081.9,719,F1,1,,,,,
2026-09-01,2026-09-01,CM,NSE,STK,24404,INF209KC1134,ABGSEC,EQ,,,,,BIRLASLAMC - ABGSEC,114.51,114.72,113.68,113.68,113.68,115.01,,114.45,,,27,3094.47,4,F1,1,,,,,
2026-09-01,2026-09-01,CM,NSE,STK,760247,INF209KC1670,ABSL10BANK,EQ,,,,,BIRLASLAMC - ABSL10BANK,168.8,169.88,168.0,168.36,168.0,168.8,,168.36,,,1818,307194.31,21,F1,1,,,,,
2026-09-01,2026-09-01,CM,NSE,STK,13987,INF209KB17D5,ABSLBANETF,EQ,,,,,BIRLASLAMC - ABSLBANETF,59.3,59.31,58.7,58.88,59.18,58.89,,58.9,,,65505,3867313.65,1125,F1,1,,,,,
2026-09-01,2026-09-01,CM,NSE,STK,14518,INF209KB18T9,ABSLLIQUID,EQ,,,,,BIRLASLAMC - ABSLLIQUID,1000.0,1000.01,999.99,1000.0,1000.0,1000.0,,1000.0,,,20719,20719099.97,16,F1,1,,,,,
2026-09-01,2026-09-01,CM,NSE,STK,761066,INF209KC1662,ABSLMSCIN,EQ,,,,,BIRLASLAMC - ABSLMSCIN,29.64,30.32,29.37,29.51,29.51,29.72,,29.47,,,247,7340.77,26,F1,1,,,,,
2026-09-01,2026-09-01,CM,NSE,STK,7339,INF209KB16D7,ABSLNN50ET,EQ,,,,,BIRLASLAMC - ABSLNN50ET,75.38,77.32,75.38,76.79,76.81,77.32,,76.79,,,12129,932312.27,230,F1,1,,,,,
2026-09-01,2026-09-01,CM,NSE,STK,5957,INF209KB10E8,BSLSENETFG,EQ,,,,,BIRLASLAMC - BSLSENETFG,77.5,78.15,77.14,77.82,77.84,77.61,,77.82,,,1189,92160.74,81,F1,1,,,,,
2026-09-01,2026-09-01,CM,NSE,STK,24847,INF209KC1142,GSEC10ABSL,EQ,,,,,BIRLASLAMC - GSEC10ABSL,112.65,112.65,112.65,112.65,112.65,112.06,,112.65,,,5,563.25,1,F1,1,,,,,
2026-09-01,2026-09-01,CM,NSE,STK,6297,INF209KB10C2,HEALTHY,EQ,,,,,BIRLASLAMC - HEALTHY,17.64,17.64,17.0,17.13,17.21,17.21,,17.13,,,199982,3435290.18,2011,F1,1,,,,,
2026-09-01,2026-09-01,CM,NSE,STK,10693,INF209KB14K7,MOMENTUM,EQ,,,,,BIRLASLAMC - MOMENTUM,31.49,31.5,30.76,31.07,30.78,31.49,,31.07,,,159386,4955076.39,368,F1,1,,,,,
2026-09-01,2026-09-01,CM,NSE,STK,10690,INF209KB15K4,NIFTYQLITY,EQ,,,,,BIRLASLAMC - NIFTYQLITY,21.55,21.63,21.34,21.44,21.5,21.45,,21.4,,,168194,3623237.46,166,F1,1,,,,,
2026-09-01,2026-09-01,CM,NSE,STK,8003,INF209KB19F6,SILVER,EQ,,,,,BIRLASLAMC - SILVER,228.2,233.99,227.09,227.52,227.4,233.17,,227.52,,,1026631,236043072.26,11392,F1,1,,,,,
2026-09-01,2026-09-01,CM,NSE,STK,6462,INF209KB11D8,TECH,EQ,,,,,BIRLASLAMC - TECH,34.02,34.5,33.72,34.24,34.24,33.85,,34.24,,,56903,1950474.88,185,F1,1,,,,,
2026-09-01,2026-09-01,CM,NSE,STK,23806,INF209KB19Z4,ABSLPSE,EQ,,,,,BIRLASLAMC-ABSLPSE,10.15,10.15,10.03,10.05,10.15,10.01,,10.05,,,150958,1518557.66,1348,F1,1,,,,,
2026-09-01,2026-09-01,CM,NSE,STK,6994,INE836A01035,BSOFT,EQ,,,,,BIRLASOFT LIMITED,292.0,300.85,290.0,295.8,296.0,291.25,,295.8,,,1358901,404192497.95,32759,F1,1,,,,,
2026-09-01,2026-09-01,CM,NSE,STK,3435,INE676A01027,BBOX,EQ,,,,,BLACK BOX LIMITED,742.45,742.45,711.25,719.95,725.05,747.65,,720.0,,,445043,321251528.35,29136,F1,1,,,,,
2026-09-01,2026-09-01,CM,NSE,STK,762601,INE761G01016,BLACKROSE,BE,,,,,BLACK ROSE INDS. LTD.,116.0,116.28,112.06,113.6,114.99,114.07,,113.44,,,12991,1482908.1,168,F1,1,,,,,
2026-09-01,2026-09-01,CM,NSE,STK,27144,INE0UIZ01018,BLACKBUCK,EQ,,,,,BLACKBUCK LIMITED,588.6,590.7,575.05,580.3,580.85,593.8,,580.29,,,158533,92161117.8,8551,F1,1,,,,,
2026-09-01,2026-09-01,CM,NSE,STK,8132,INE791A01024,BLBLIMITED,EQ,,,,,BLB LIMITED,16.12,16.3,15.65,16.15,16.06,16.09,,16.15,,,130303,2078089.67,298,F1,1,,,,,
2026-09-01,2026-09-01,CM,NSE,STK,19269,INE416D01022,BLISSGVS,BE,,,,,BLISS GVS PHARMA LTD,614.0,635.0,601.0,630.4,631.0,616.75,,630.37,,,414923,254708498.65,3286,F1,1,,,,,
2026-09-01,2026-09-01,CM,NSE,STK,22566,INE0NLT01010,BLSE,EQ,,,,,BLS E-SERVICES LIMITED,330.95,331.0,322.55,327.7,330.0,327.9,,327.69,,,231381,75544901.05,5854,F1,1,,,,,
2026-09-01,2026-09-01,CM,NSE,STK,17279,INE153T01027,BLS,EQ,,,,,BLS INTL SERVS LTD,241.1,242.21,236.33,238.19,239.0,240.56,,238.18,,,1098843,262824499.71,20828,F1,1,,,,,
2026-09-01,2026-09-01,CM,NSE,STK,8650,INE657B01025,BLUECHIP,BE,,,,,BLUE CHIP INDIA LIMITED,2.16,2.16,2.14,2.14,2.14,2.18,,2.14,,,45705,97811.8,40,F1,1,,,,,
2026-09-01,2026-09-01,CM,NSE,STK,765040,INE373T01047,BLUECLOUDS,EQ,,,,,BLUE CLOUD SOFTECH SOLU L,20.26,20.28,19.9,19.99,20.02,20.25,,19.99,,,1271193,25497218.66,3071,F1,1,,,,,
2026-09-01,2026-09-01,CM,NSE,STK,8552,INE472B01011,BLUECOAST,BE,,,,,BLUE COAST HOTELS LIMITED,23.27,23.27,22.5,22.57,22.57,23.34,,22.34,,,760,17355.29,20,F1,1,,,,,
2026-09-01,2026-09-01,CM,NSE,STK,495,INE233B01017,BLUEDART,EQ,,,,,BLUE DART EXPRESS LTD,4920.5,5159.5,4902.5,5105.0,5110.0,4924.0,,5104.97,,,29783,151284400.1,5602,F1,1,,,,,
2026-09-01,2026-09-01,CM,NSE,STK,19686,INE0KBH01020,BLUEJET,EQ,,,,,BLUE JET HEALTHCARE LTD,580.5,599.9,571.4,586.35,587.15,578.75,,586.46,,,691675,406828598.8,20327,F1,1,,,,,
2026-09-01,2026-09-01,CM,NSE,STK,23410,INE0SAK01011,BLUEPEBBLE,SM,,,,,BLUE PEBBLE LIMITED,62.0,63.0,62.0,62.95,62.95,63.0,,62.95,,,5200,325520.0,10,F1,400,,,,,
2026-09-01,2026-09-01,CM,NSE,STK,8311,INE472A01039,BLUESTARCO,EQ,,,,,BLUE STAR LIMITED,1471.0,1499.0,1457.0,1490.9,1490.9,1463.8,,1490.77,,,259707,384920637.3,15550,F1,1,,,,,
2026-09-01,2026-09-01,CM,NSE,STK,758185,INE0X3M01010,BLUEWATER,ST,,,,,BLUE WATER LOGISTICS LTD,485.0,490.0,470.05,483.0,483.0,480.0,,483.0,,,7000,3381000.0,7,F1,1000,,,,,
2026-09-01,2026-09-01,CM,NSE,STK,759291,INE304W01038,BLUESTONE,EQ,,,,,BLUESTONE JEWEL LFSTL LTD,816.1,816.1,786.75,813.25,813.0,817.4,,813.26,,,570871,459462577.65,31335,F1,1,,,,,
2026-09-01,2026-09-01,CM,NSE,STK,757520,INE0U4101014,BLUSPRING,EQ,,,,,BLUSPRING ENTERPRISES LTD,127.35,128.93,120.52,121.47,121.11,126.4,,121.48,,,297341,36793183.37,3618,F1,1,,,,,
2026-09-01,2026-09-01,CM,NSE,STK,759256,INE965W01036,BMWVENTLTD,EQ,,,,,BMW VENTURES LIMITED,56.53,57.7,55.0,55.28,55.5,56.57,,55.29,,,65868,3682387.96,907,F1,1,,,,,
2026-09-01,2026-09-01,CM,NSE,STK,762608,INE00HZ01011,BNAGROCHEM,EQ,,,,,BN AGROCHEM LTD.,228.77,232.0,225.1,229.0,229.0,229.0,,229.0,,,24252,5566914.73,48,F1,1,,,,,
2026-09-01,2026-09-01,CM,NSE,STK,25017,INE338D01028,BODALCHEM,EQ,,,,,BODAL CHEMICALS LTD,122.0,131.25,120.35,126.76,128.1,118.89,,126.75,,,10764398,1355656563.26,69431,F1,1,,,,,
2026-09-01,2026-09-01,CM,NSE,STK,14150,INE0EEJ01023,BTML,EQ,,,,,BODHI TREE MULTIMEDIA LTD,8.49,8.77,8.01,8.06,8.24,8.44,,8.06,,,497677,4089276.49,648,F1,1,,,,,
2026-09-01,2026-09-01,CM,NSE,STK,11640,INE802W01023,BOHRAIND,EQ,,,,,BOHRA INDUSTRIES LIMITED,12.35,13.47,12.1,12.69,12.5,12.35,,12.69,,,44696,571086.41,94,F1,1,,,,,
2026-09-01,2026-09-01,CM,NSE,STK,380,INE050A01025,BBTC,EQ,,,,,BOMBAY BURMAH TRADING COR,1512.1,1545.8,1496.0,1539.0,1532.0,1502.9,,1538.76,,,197902,302494847.6,13809,F1,1,,,,,
2026-09-01,2026-09-01,CM,NSE,STK,513,INE032A01023,BOMDYEING,EQ,,,,,BOMBAY DYEING & MFG. CO L,114.25,115.5,111.86,113.49,112.99,114.25,,113.52,,,570890,64914946.14,5618,F1,1,,,,,
2026-09-01,2026-09-01,CM,NSE,STK,6052,INE0I3Y01014,BMETRICS,SM,,,,,BOMBAY METRICS S C LTD,32.0,33.5,32.0,33.5,33.5,31.05,,33.5,,,4800,159480.0,5,F1,800,,,,,
2026-09-01,2026-09-01,CM,NSE,STK,809,INE032Z01020,BSHSL,EQ,,,,,BOMBAY SUPER HYBRID SEEDS,90.0,91.9,89.0,89.03,89.0,89.98,,89.03,,,6266,562838.02,111,F1,1,,,,,
2026-09-01,2026-09-01,CM,NSE,STK,31040,INE906B07CB9,830NHAI27,N2,,,,,BOND 8.30% PA TAX FREE S2,1086.0,1088.0,1086.0,1086.35,1086.5,1086.0,,1086.35,,,987,1072064.34,15,F1,1,,,,,
2026-09-01,2026-09-01,CM,NSE,STK,31966,INE557F07090,863NHB29,N2,,,,,BOND 8.63%PA TF TR-I S 2A,5608.1,5608.1,5608.0,5608.0,5608.0,5590.0,,5608.0,,,7,39256.1,3,F1,1,,,,,
2026-09-01,2026-09-01,CM,NSE,STK,603,INE053F07686,865IRFC29,,,,,,BOND 8.65% PA TF TI-SIIB,1116.99,1116.99,1106.85,1106.85,1106.85,1107.0,,1106.85,,,605,672183.75,10,F1,1,,,,,
2026-09-01,2026-09-01,CM,NSE,STK,30990,INE020B07HS2,871REC28,N9,,,,,BOND 8.71% TAX FREE S2B,1123.0,1127.9,1123.0,1124.0,1124.0,1125.94,,1119.19,,,1135,1275758.85,14,F1,1,,,,,
2026-09-01,2026-09-01,CM,NSE,STK,1999,INE053F07744,888IRFC29,NE,,,,,BOND 8.88% PA TF TII-SIIB,1129.05,1129.05,1128.5,1128.5,1128.5,1128.5,,1128.5,,,50,56443.25,4,F1,1,,,,,
2026-09-01,2026-09-01,CM,NSE,STK,31970,INE557F07132,901NHB34,N6,,,,,BOND 9.01%PA TF TR-I S 3B,6449.0,6449.0,6351.0,6354.79,6351.0,6357.01,,6354.79,,,177,1125493.0,13,F1,1,,,,,
2026-09-01,2026-09-01,CM,NSE,STK,761056,INE0B9A01018,BONLON,EQ,,,,,BONLON INDUSTRIES LIMITED,42.87,42.87,39.6,41.71,42.47,40.67,,41.74,,,3949,162430.97,136,F1,1,,,,,
2026-09-01,2026-09-01,CM,NSE,STK,757919,INE16SF01016,BORANA,EQ,,,,,BORANA WEAVES LIMITED,308.5,315.0,306.0,309.15,306.1,308.5,,309.15,,,21050,6522996.15,483,F1,1,,,,,
2026-09-01,2026-09-01,CM,NSE,STK,19401,INE02PY01013,BOROLTD,EQ,,,,,BOROSIL LIMITED,244.59,247.43,234.23,241.85,241.5,245.86,,241.89,,,602776,144314745.92,13160,F1,1,,,,,
2026-09-01,2026-09-01,CM,NSE,STK,3149,INE666D01022,BORORENEW,EQ,,,,,BOROSIL RENEWABLES LTD,504.4,505.8,494.6,497.15,499.1,502.6,,497.25,,,336371,168251854.9,10107,F1,1,,,,,
2026-09-01,2026-09-01,CM,NSE,STK,24014,INE02L001032,BOROSCI,EQ,,,,,BOROSIL SCIENTIFIC LTD,123.2,129.95,123.2,127.65,128.7,122.91,,127.63,,,89127,11323994.1,2218,F1,1,,,,,
2026-09-01,2026-09-01,CM,NSE,STK,4491,INE782A01015,BOSCH-HCIL,EQ,,,,,BOSCH HOME COMFRT IND LTD,1747.5,1758.2,1690.0,1745.5,1740.0,1732.4,,1745.47,,,41851,72776585.3,4268,F1,1,,,,,
2026-09-01,2026-09-01,CM,NSE,STK,2181,INE323A01026,BOSCHLTD,EQ,,,,,BOSCH LIMITED,49400.0,49400.0,47805.0,48550.0,48550.0,50000.0,,48549.63,,,53609,2596677840.0,15252,F1,1,,,,,
2026-09-01,2026-09-01,CM,NSE,STK,25119,INE0QNI01012,BOSS,SM,,,,,BOSS PACKAGING SOLU LTD,53.0,53.0,52.9,52.95,53.0,51.95,,52.95,,,6000,317800.0,3,F1,2000,,,,,
2026-09-01,2026-09-01,CM,NSE,STK,530,INE110A01019,BPL,EQ,,,,,BPL LTD,51.45,51.45,49.86,50.02,50.28,51.07,,50.04,,,33259,1678135.66,966,F1,1,,,,,
2026-09-01,2026-09-01,CM,NSE,STK,24905,INE0R4Z01018,BRACEPORT,SM,,,,,BRACE PORT LOGISTICS LTD,57.05,57.05,54.55,54.75,54.55,59.85,,54.75,,,11200,626560.0,7,F1,1600,,,,,
2026-09-01,2026-09-01,CM,NSE,STK,764628,INE320I01017,BRAHMINFRA,EQ,,,,,BRAHMAPUTRA INFRA L,162.0,162.78,156.0,157.41,159.7,159.43,,157.42,,,8922,1413213.2,267,F1,1,,,,,
2026-09-01,2026-09-01,CM,NSE,STK,24814,INE02RE01045,FIRSTCRY,EQ,,,,,BRAINBEES SOLUTIONS LTD,181.6,182.6,176.4,177.67,177.75,182.41,,177.66,,,1115282,199315757.25,22434,F1,1,,,,,
2026-09-01,2026-09-01,CM,NSE,STK,7780,INE977Y01011,BCONCEPTS,EQ,,,,,BRAND CONCEPTS LIMITED,165.08,167.77,160.25,162.75,163.26,164.67,,162.87,,,10683,1753446.97,632,F1,1,,,,,
2026-09-01,2026-09-01,CM,NSE,STK,760972,INE0XUD01014,BRANDMAN,SM,,,,,BRANDMAN RETAIL LIMITED,169.9,183.0,169.0,183.0,183.0,166.4,,183.0,,,48800,8730040.0,54,F1,800,,,,,
2026-09-01,2026-09-01,CM,NSE,STK,15184,INE791I01019,BRIGADE,EQ,,,,,BRIGADE ENTER. LTD,659.9,663.1,634.7,645.1,641.4,655.85,,645.12,,,284854,184448697.3,17887,F1,1,,,,,
2026-09-01,2026-09-01,CM,NSE,STK,757794,INE03NU01014,BRIGHOTEL,EQ,,,,,BRIGADE HOTEL VENTURE LTD,59.21,59.71,58.12,58.32,58.3,58.77,,58.32,,,123274,7227142.44,1551,F1,1,,,,,
2026-09-01,2026-09-01,CM,NSE,STK,764633,INE630D01010,BRIGHTBR,EQ,,,,,BRIGHT BROTHERS LTD.,255.0,260.0,255.0,260.0,260.0,257.13,,253.6,,,3650,931498.75,14,F1,1,,,,,
2026-09-01,2026-09-01,CM,NSE,STK,8833,INE425B01027,BCG,EQ,,,,,BRIGHTCOM GROUP LIMITED,9.09,9.11,8.98,9.0,9.01,9.04,,9.0,,,2958794,26716049.73,2968,F1,1,,,,,
2026-09-01,2026-09-01,CM,NSE,STK,547,INE216A01030,BRITANNIA,EQ,,,,,BRITANNIA INDUSTRIES LTD,5230.0,5256.0,5145.5,5187.0,5187.0,5250.0,,5186.96,,,235479,1222102237.5,22976,F1,1,,,,,
2026-09-01,2026-09-01,CM,NSE,STK,2203,INE0FDU25010,BIRET,RR,,,,,BROOKFIELD INDIA RET,341.99,342.79,341.28,341.86,342.0,341.71,,341.86,,,176335,60293091.96,7378,F1,1,,,,,
2026-09-01,2026-09-01,CM,NSE,STK,25140,INE650L01011,BROOKS,BE,,,,,BROOKS LAB LIMITED,67.95,67.95,64.5,66.47,66.49,66.54,,66.52,,,15066,990498.03,77,F1,1,,,,,
2026-09-01,2026-09-01,CM,NSE,STK,19585,INE118H01025,BSE,EQ,,,,,BSE LIMITED,3300.0,3305.0,3220.5,3242.0,3242.0,3282.0,,3242.0,,,3137016,10184813347.2,157051,F1,1,,,,,
2026-09-01,2026-09-01,CM,NSE,STK,559,INE594B01012,BSL,EQ,,,,,BSL LTD,122.05,125.0,122.05,123.25,122.3,123.06,,123.25,,,1462,180069.76,44,F1,1,,,,,
2026-09-01,2026-09-01,CM,NSE,STK,2716,INE295F01017,BUTTERFLY,EQ,,,,,BTRFLY GANDHI APPL LTD,627.95,633.35,621.0,624.35,625.0,629.0,,624.35,,,14336,8971283.55,640,F1,1,,,,,
2026-09-01,2026-09-01,CM,NSE,STK,24704,INE0SZ301012,BULKCORP,ST,,,,,BULKCORP INTERNATIONAL L,71.6,71.6,71.6,71.6,71.6,68.5,,71.6,,,1200,85920.0,1,F1,1200,,,,,
2026-09-01,2026-09-01,CM,NSE,STK,15194,INE817H01022,BURNPUR,EQ,,,,,BURNPUR CEMENT LIMITED,18.64,18.64,18.64,18.64,18.64,17.76,,18.64,,,40109,747631.76,183,F1,1,,,,,
2026-09-01,2026-09-01,CM,NSE,STK,764643,INE084D01010,CGVAK,EQ,,,,,C G V A K SOFTWARE & EX L,158.7,158.7,151.01,152.99,154.99,149.82,,153.51,,,1989,309873.64,75,F1,1,,,,,
2026-09-01,2026-09-01,CM,NSE,STK,760854,INE0SMX01019,CKKRETAIL,SM,,,,,C K K RETAIL MART LIMITED,160.05,163.05,160.0,160.0,160.0,165.0,,160.0,,,19200,3086840.0,12,F1,800,,,,,
2026-09-01,2026-09-01,CM,NSE,STK,7227,INE0BV301023,MAPMYINDIA,EQ,,,,,C.E. INFO SYSTEMS LIMITED,1004.7,1019.8,989.4,999.6,995.0,1013.4,,999.61,,,132057,132525667.4,11696,F1,1,,,,,
2026-09-01,2026-09-01,CM,NSE,STK,27274,INE0U7V01015,C2C,SM,,,,,C2C ADVANCED SYSTEMS LTD,239.8,241.95,228.0,229.0,230.8,237.45,,229.0,,,48150,11130772.5,249,F1,150,,,,,
2026-09-01,2026-09-01,CM,NSE,STK,764255,INE11XY01018,CMLL,EQ,,,,,CALIBER MINING AND LOG L,504.35,508.45,497.0,501.4,500.0,504.35,,501.45,,,206242,103587056.1,4529,F1,1,,,,,
2026-09-01,2026-09-01,CM,NSE,STK,8341,INE526B01014,CALSOFT,EQ,,,,,CALIFORNIA SOFTWARE CO LT,38.69,39.13,37.61,39.13,39.13,37.27,,39.13,,,513118,19950825.25,1007,F1,1,,,,,
2026-09-01,2026-09-01,CM,NSE,STK,14222,INE627H01017,CTE,BE,,,,,CAMBRIDGE TECH ENTER LTD,45.37,46.95,43.31,44.78,46.31,45.37,,44.8,,,18933,847704.09,136,F1,1,,,,,
2026-09-01,2026-09-01,CM,NSE,STK,6216,INE052I01032,CAMLINFINE,EQ,,,,,CAMLIN FINE SCIENCES LTD,102.75,103.15,101.0,102.14,101.76,102.63,,102.13,,,453916,46331966.46,4313,F1,1,,,,,
2026-09-01,2026-09-01,CM,NSE,STK,9362,INE278Y01022,CAMPUS,EQ,,,,,CAMPUS ACTIVEWEAR LIMITED,225.99,225.99,222.0,223.92,223.0,226.19,,223.92,,,310687,69580053.38,9004,F1,1,,,,,
2026-09-01,2026-09-01,CM,NSE,STK,583,INE477A01020,CANFINHOME,EQ,,,,,CAN FIN HOMES LTD,796.4,812.3,790.0,793.4,795.0,795.3,,793.41,,,210620,168592000.1,13418,F1,1,,,,,
2026-09-01,2026-09-01,CM,NSE,STK,10794,INE476A01022,CANBK,EQ,,,,,CANARA BANK,126.88,127.07,125.16,125.6,125.6,126.9,,125.6,,,9840419,1239668341.21,35522,F1,1,,,,,
2026-09-01,2026-09-01,CM,NSE,STK,759477,INE01TY01017,CANHLIFE,EQ,,,,,CANARA HSBC LIFE INS CO L,155.5,156.99,151.5,154.18,154.0,156.14,,154.18,,,543430,83605406.01,9331,F1,1,,,,,
2026-09-01,2026-09-01,CM,NSE,STK,759311,INE218I01013,CRAMC,EQ,,,,,CANARA ROBECO AMC LIMITED,259.15,259.6,254.05,255.35,254.95,259.3,,255.35,,,370716,95059514.1,14943,F1,1,,,,,
2026-09-01,2026-09-01,CM,NSE,STK,19368,INE0QG301017,CANARYS,SM,,,,,CANARYS AUTOMATIONS LTD,24.4,25.4,24.4,25.3,25.3,24.45,,25.3,,,40000,1008800.0,6,F1,4000,,,,,
2026-09-01,2026-09-01,CM,NSE,STK,20160,INE068L01024,CANTABIL,EQ,,,,,CANTABIL RETAIL LTD,242.41,247.34,240.0,241.92,240.1,242.41,,241.97,,,670337,162396011.12,3736,F1,1,,,,,
2026-09-01,2026-09-01,CM,NSE,STK,21749,INE264T01014,CAPACITE,EQ,,,,,CAPACITE INFRAPROJECT LTD,213.9,214.6,206.57,208.64,209.25,214.0,,208.65,,,178944,37656595.96,3506,F1,1,,,,,
2026-09-01,2026-09-01,CM,NSE,STK,759867,INE0ILV01024,CAPILLARY,EQ,,,,,CAPILLARY TECHNO INDIA L,491.0,501.5,483.65,491.8,492.4,493.9,,491.86,,,162807,80051004.6,4723,F1,1,,,,,
2026-09-01,2026-09-01,CM,NSE,STK,756015,INE345H01024,CIFL,EQ,,,,,CAPITAL INDIA FINANCE LTD,20.98,21.44,20.3,20.38,20.48,20.39,,20.38,,,53100,1090558.33,430,F1,1,,,,,
2026-09-01,2026-09-01,CM,NSE,STK,29157,INE0Z8Z23013,CAPINVIT,IV,,,,,CAPITAL INFRA TRUST,77.1,77.27,76.3,76.36,76.4,76.95,,76.36,,,426980,32684863.02,2730,F1,1,,,,,
2026-09-01,2026-09-01,CM,NSE,STK,22675,INE646H01017,CAPITALSFB,EQ,,,,,CAPITAL SMALL FIN BANK L,280.65,286.9,280.65,284.4,284.9,283.2,,284.4,,,16612,4724040.0,1316,F1,1,,,,,
2026-09-01,2026-09-01,CM,NSE,STK,19451,INE707C01018,CAPTRUST,BE,,,,,CAPITAL TRUST LIMITED,19.46,19.69,18.56,18.82,19.0,19.46,,18.82,,,15252,292246.73,151,F1,1,,,,,
2026-09-01,2026-09-01,CM,NSE,STK,3906,INE475E01026,CAPLIPOINT,EQ,,,,,CAPLIN POINT LAB LTD.,2514.0,2750.0,2511.0,2711.2,2720.0,2517.4,,2711.19,,,1992659,5384720082.2,139243,F1,1,,,,,
2026-09-01,2026-09-01,CM,NSE,STK,20329,INE180C01042,CGCL,EQ,,,,,CAPRI GLOBAL CAPITAL LTD,258.0,258.0,242.3,250.9,252.0,256.46,,250.91,,,2645298,673053951.65,23906,F1,1,,,,,
2026-09-01,2026-09-01,CM,NSE,STK,764203,INE536P01021,CPL,EQ,,,,,CAPTAIN POLYPLAST LIMITED,63.1,65.73,63.1,64.27,63.8,64.49,,64.44,,,123324,7963928.07,1128,F1,1,,,,,
2026-09-01,2026-09-01,CM,NSE,STK,595,INE120A01034,CARBORUNIV,EQ,,,,,CARBORUNDUM UNIVERSAL LTD,1107.0,1125.9,1091.0,1100.5,1104.3,1106.6,,1100.51,,,213988,236593746.1,20158,F1,1,,,,,
2026-09-01,2026-09-01,CM,NSE,STK,29113,INE752H01013,CARERATING,EQ,,,,,CARE RATINGS LIMITED,1758.0,1758.0,1689.4,1705.0,1708.8,1729.0,,1705.01,,,43401,74006077.0,7566,F1,1,,,,,
2026-09-01,2026-09-01,CM,NSE,STK,758941,INE0P6P01016,CPEDU,EQ,,,,,CAREER POINT EDUTECH LTD,183.09,189.0,181.5,183.28,182.15,182.08,,183.31,,,5989,1106383.67,158,F1,1,,,,,
2026-09-01,2026-09-01,CM,NSE,STK,28879,INE0V7W01012,CARRARO,EQ,,,,,CARRARO INDIA LIMITED,557.0,564.35,536.5,542.25,536.5,559.4,,542.29,,,134604,74248170.65,8270,F1,1,,,,,
2026-09-01,2026-09-01,CM,NSE,STK,5407,INE290S01011,CARTRADE,EQ,,,,,CARTRADE TECH LIMITED,2991.5,3043.5,2940.0,2970.1,2960.0,2991.5,,2970.11,,,167127,498916518.0,18614,F1,1,,,,,
2026-09-01,2026-09-01,CM,NSE,STK,1879,INE482D01024,CARYSIL,EQ,,,,,CARYSIL LIMITED,1133.2,1142.7,1108.9,1118.0,1124.9,1128.5,,1117.94,,,33593,37715944.9,4067,F1,1,,,,,
2026-09-01,2026-09-01,CM,NSE,STK,758129,INE0WL201014,CUDML,SM,,,,,CASH UR DRIVE MARKETING L,100.0,103.9,100.0,103.75,103.75,100.75,,103.75,,,15000,1511600.0,15,F1,1000,,,,,
2026-09-01,2026-09-01,CM,NSE,STK,1250,INE172A01027,CASTROLIND,EQ,,,,,CASTROL INDIA LIMITED,184.74,186.45,184.4,186.02,186.06,184.49,,186.02,,,680714,126449472.61,12544,F1,1,,,,,
2026-09-01,2026-09-01,CM,NSE,STK,11452,INE421D01022,CCL,EQ,,,,,CCL PRODUCTS (I) LTD,1084.1,1106.4,1075.6,1100.1,1096.0,1079.8,,1100.1,,,99628,109114502.2,11666,F1,1,,,,,
2026-09-01,2026-09-01,CM,NSE,STK,27134,INE157D07EJ4,1020CCSP27,N0,,,,,CCSP 10.20% 2027 SR 02,108093.27,108093.27,108093.27,108093.27,108093.27,107358.39,,108093.27,,,1,108093.27,1,F1,1,,,,,
2026-09-01,2026-09-01,CM,NSE,STK,757848,INE157D07EN6,985CCSP27,N0,,,,,CCSP 9.85% 2027 SR 03,101471.52,101471.52,101471.52,101471.52,101471.52,100576.07,,101471.52,,,1,101471.52,1,F1,1,,,,,
2026-09-01,2026-09-01,CM,NSE,STK,15254,INE482A01020,CEATLTD,EQ,,,,,CEAT LIMITED,3425.3,3461.7,3386.7,3400.2,3417.7,3419.7,,3400.13,,,43371,148605676.7,7828,F1,1,,,,,
2026-09-01,2026-09-01,CM,NSE,STK,757690,INE11J101017,CEDAAR,ST,,,,,CEDAAR TEXTILE LIMITED,13.65,14.0,13.6,14.0,14.0,14.3,,14.0,,,13000,178850.0,9,F1,1000,,,,,
2026-09-01,2026-09-01,CM,NSE,STK,24742,INE0AG901020,CEIGALL,EQ,,,,,CEIGALL INDIA LIMITED,342.65,349.9,339.15,344.7,344.95,341.35,,344.73,,,452494,156358651.6,6718,F1,1,,,,,
2026-09-01,2026-09-01,CM,NSE,STK,761037,INE016Q01014,CEINSYS,EQ,,,,,CEINSYS TECH LIMITED,710.0,720.9,700.0,704.4,705.25,710.4,,704.37,,,45055,31987288.3,2870,F1,1,,,,,
2026-09-01,2026-09-01,CM,NSE,STK,13162,INE185H01016,CELEBRITY,EQ,,,,,CELEBRITY FASHIONS LTD,6.84,6.84,6.59,6.74,6.76,6.62,,6.74,,,12664,84621.32,88,F1,1,,,,,
2026-09-01,2026-09-01,CM,NSE,STK,16950,INE0O0001013,CELLPOINT,SM,,,,,CELL POINT (INDIA) LTD,14.25,16.25,14.25,16.25,16.25,16.3,,16.25,,,3600,55200.0,3,F1,1200,,,,,
2026-09-01,2026-09-01,CM,NSE,STK,18806,INE0OMO01025,CELLECOR,SM,,,,,CELLECOR GADGETS LIMITED,31.5,31.9,30.4,31.4,31.5,31.5,,31.4,,,777000,24183750.0,123,F1,3000,,,,,
2026-09-01,2026-09-01,CM,NSE,STK,19795,INE0LMW01024,CELLO,EQ,,,,,CELLO WORLD LIMITED,352.3,353.85,347.0,349.4,348.5,352.3,,349.45,,,167515,58615365.9,8608,F1,1,,,,,
2026-09-01,2026-09-01,CM,NSE,STK,5622,INE686A01026,CEMPRO,EQ,,,,,CEMINDIA PROJECTS LIMITED,1244.9,1252.9,1209.0,1244.1,1242.0,1225.6,,1244.18,,,165149,203723160.5,11900,F1,1,,,,,
2026-09-01,2026-09-01,CM,NSE,STK,14894,INE483A01010,CENTRALBK,EQ,,,,,CENTRAL BANK OF INDIA,30.25,30.49,30.14,30.31,30.33,30.22,,30.31,,,3583473,108629201.62,14521,F1,1,,,,,
2026-09-01,2026-09-01,CM,NSE,STK,21174,INE736A01011,CDSL,EQ,,,,,CENTRAL DEPO SER (I) LTD,1400.0,1407.4,1376.0,1391.0,1391.0,1402.5,,1391.0,,,743240,1032891014.2,27730,F1,1,,,,,
2026-09-01,2026-09-01,CM,NSE,STK,761581,INE05HV01027,CMPDI,EQ,,,,,CENTRAL MINE P N D INST L,230.92,231.83,221.1,222.68,222.5,230.92,,222.68,,,2052412,460843966.66,15696,F1,1,,,,,
2026-09-01,2026-09-01,CM,NSE,STK,2454,INE660C01027,CENTRUM,EQ,,,,,CENTRUM CAPITAL LIMITED,22.97,23.03,21.8,22.33,22.45,22.97,,22.33,,,443047,9897047.92,1198,F1,1,,,,,
2026-09-01,2026-09-01,CM,NSE,STK,14982,INE320B01020,CENTUM,EQ,,,,,CENTUM ELECTRONICS LTD,3445.5,3495.0,3405.9,3420.1,3416.6,3445.5,,3420.16,,,18815,64746894.7,5280,F1,1,,,,,
2026-09-01,2026-09-01,CM,NSE,STK,619,INE485A01015,CENTENKA,EQ,,,,,CENTURY ENKA LTD,544.15,554.45,542.0,544.1,545.0,546.8,,544.09,,,16420,8986479.85,1230,F1,1,,,,,
2026-09-01,2026-09-01,CM,NSE,STK,11511,INE281A01026,CENTEXT,EQ,,,,,CENTURY EXTRUSIONS LTD,22.37,22.47,22.03,22.28,22.23,22.21,,22.28,,,88903,1978744.41,494,F1,1,,,,,
2026-09-01,2026-09-01,CM,NSE,STK,13305,INE348B01021,CENTURYPLY,EQ,,,,,CENTURY PLYBOARDS (I) LTD,761.45,763.1,749.75,755.45,758.45,757.25,,755.48,,,32019,24257737.3,3438,F1,1,,,,,
2026-09-01,2026-09-01,CM,NSE,STK,15039,INE739E01017,CERA,EQ,,,,,CERA SANITARYWARE LTD,5762.5,5762.5,5651.0,5717.5,5700.0,5730.5,,5717.55,,,4556,25918153.0,1362,F1,1,,,,,
2026-09-01,2026-09-01,CM,NSE,STK,29016,INE345B01019,CEREBRAINT,BZ,,,,,CEREBRA INT TECH LTD,2.5,2.55,2.4,2.51,2.51,2.5,,2.51,,,104475,259311.26,116,F1,1,,,,,
2026-09-01,2026-09-01,CM,NSE,STK,628,INE486A01021,CESC,EQ,,,,,CESC LTD,146.16,146.5,144.01,145.15,145.1,146.16,,145.15,,,1361771,197539092.63,22459,F1,1,,,,,
2026-09-01,2026-09-01,CM,NSE,STK,760,INE067A01029,CGPOWER,EQ,,,,,CG POWER AND IND SOL LTD,901.95,903.55,881.6,885.5,885.5,916.0,,885.5,,,2969058,2637776513.4,72033,F1,1,,,,,
2026-09-01,2026-09-01,CM,NSE,STK,8546,INE427F01016,CHALET,EQ,,,,,CHALET HOTELS LIMITED,903.0,939.95,891.1,897.5,896.0,903.95,,897.47,,,988080,909294040.15,37841,F1,1,,,,,
2026-09-01,2026-09-01,CM,NSE,STK,3482,INE419D01026,CLSEL,EQ,,,,,CHAMAN LAL SETIA EXP LTD,300.4,309.0,298.05,302.4,300.9,300.65,,302.4,,,101722,30877428.7,4276,F1,1,,,,,
2026-09-01,2026-09-01,CM,NSE,STK,13731,INE06PV01010,CMNL,SM,,,,,CHAMAN METALLICS LIMITED,117.9,117.9,115.0,115.0,115.0,118.0,,115.0,,,3000,349387.5,4,F1,750,,,,,
2026-09-01,2026-09-01,CM,NSE,STK,637,INE085A01013,CHAMBLFERT,EQ,,,,,CHAMBAL FERTILIZERS LTD,408.0,413.85,405.25,412.3,413.85,409.55,,412.3,,,755291,309773742.8,28776,F1,1,,,,,
2026-09-01,2026-09-01,CM,NSE,STK,29541,INE11HG01018,CHAMUNDA,SM,,,,,CHAMUNDA ELECTRICAL LTD,43.95,43.95,43.95,43.95,43.95,43.95,,43.95,,,3000,131850.0,1,F1,3000,,,,,
2026-09-01,2026-09-01,CM,NSE,STK,29633,INE0B2N01016,CHANDAN,SM,,,,,CHANDAN HEALTHCARE LTD,224.0,224.0,218.35,220.15,219.25,222.8,,220.15,,,20800,4590680.0,26,F1,800,,,,,
2026-09-01,2026-09-01,CM,NSE,STK,18654,INE0PT101017,CHAVDA,SM,,,,,CHAVDA INFRA LIMITED,130.0,130.1,126.05,126.75,126.05,129.55,,126.75,,,18000,2305300.0,18,F1,1000,,,,,
2026-09-01,2026-09-01,CM,NSE,STK,757991,INE0TGX01019,CHEMBONDCH,BE,,,,,CHEMBOND CHEMICAL LIMITED,255.4,269.0,255.0,267.6,269.0,256.53,,267.57,,,6595,1725690.3,145,F1,1,,,,,
2026-09-01,2026-09-01,CM,NSE,STK,14618,INE995D01025,CHEMBOND,EQ,,,,,CHEMBOND MATERIALTECH LTD,176.95,176.95,166.6,168.99,169.0,174.47,,169.0,,,5663,969392.88,152,F1,1,,,,,
2026-09-01,2026-09-01,CM,NSE,STK,276,INE03YM01018,CHEMCON,BE,,,,,CHEMCON SPECIAL CHEM LTD,200.76,203.0,196.9,199.32,201.0,200.76,,199.32,,,26158,5214330.63,254,F1,1,,,,,
2026-09-01,2026-09-01,CM,NSE,STK,765045,INE298W01016,CHEMCRUX,EQ,,,,,CHEMCRUX ENTERPRISES LTD.,83.9,83.9,82.0,83.24,83.85,83.23,,83.17,,,4029,335141.05,174,F1,1,,,,,
2026-09-01,2026-09-01,CM,NSE,STK,2799,INE783X01023,CHEMFAB,EQ,,,,,CHEMFAB ALKALIS LIMITED,366.5,366.5,352.4,362.8,360.5,359.95,,362.8,,,3614,1298977.15,153,F1,1,,,,,
2026-09-01,2026-09-01,CM,NSE,STK,5449,INE488A01050,CHEMPLASTS,EQ,,,,,CHEMPLAST SANMAR LIMITED,175.0,178.46,167.55,170.35,170.3,176.52,,170.35,,,398460,67846959.22,9191,F1,1,,,,,
2026-09-01,2026-09-01,CM,NSE,STK,2049,INE178A01016,CHENNPETRO,EQ,,,,,CHENNAI PETROLEUM CORP LT,1380.0,1424.4,1364.2,1387.0,1385.5,1367.4,,1387.01,,,2212980,3090847120.0,75709,F1,1,,,,,
2026-09-01,2026-09-01,CM,NSE,STK,24625,INE0U1T01012,CHETANA,SM,,,,,CHETANA EDUCATION LIMITED,42.8,43.85,42.3,43.85,43.85,42.8,,43.85,,,9600,413440.0,5,F1,1600,,,,,
2026-09-01,2026-09-01,CM,NSE,STK,9879,INE974B01016,CHEVIOT,EQ,,,,,CHEVIOT COMPANY LIMITED,1149.0,1159.0,1120.0,1124.6,1121.0,1134.3,,1123.37,,,572,650757.6,187,F1,1,,,,,
2026-09-01,2026-09-01,CM,NSE,STK,8866,INE102B01014,CHOICEIN,EQ,,,,,CHOICE INTERNATIONAL LTD,779.8,784.5,772.1,774.7,772.15,780.7,,774.7,,,257538,200481648.4,7486,F1,1,,,,,
2026-09-01,2026-09-01,CM,NSE,STK,759610,INF2KCX01012,CHOICEGOLD,EQ,,,,,CHOICEAMC - CHOICEGOLD,156.0,156.0,150.5,150.62,150.75,153.23,,150.62,,,11713,1772571.31,181,F1,1,,,,,
2026-09-01,2026-09-01,CM,NSE,STK,21740,INE149A01033,CHOLAHLDNG,EQ,,,,,CHOLAMANDALAM FIN HOL LTD,1485.1,1496.1,1455.0,1475.0,1470.0,1485.5,,1474.99,,,207051,305401868.1,18330,F1,1,,,,,
2026-09-01,2026-09-01,CM,NSE,STK,685,INE121A01024,CHOLAFIN,EQ,,,,,CHOLAMANDALAM IN & FIN CO,1851.1,1851.5,1794.1,1814.7,1814.7,1857.4,,1814.67,,,1873461,3399685077.4,35939,F1,1,,,,,
2026-09-01,2026-09-01,CM,NSE,STK,14937,INE536H01010,CIEINDIA,EQ,,,,,CIE AUTOMOTIVE INDIA LTD,388.0,393.2,387.55,390.85,392.6,391.05,,390.87,,,267687,104485989.25,9291,F1,1,,,,,
2026-09-01,2026-09-01,CM,NSE,STK,27161,INE704H01022,CINELINE,EQ,,,,,CINELINE INDIA LIMITED,89.9,90.0,87.38,88.95,88.99,88.1,,88.89,,,11750,1043262.65,142,F1,1,,,,,
2026-09-01,2026-09-01,CM,NSE,STK,8024,INE039B01026,CINEVISTA,EQ,,,,,CINEVISTA LIMITED,14.35,14.79,14.35,14.38,14.35,14.42,,14.38,,,9980,144557.96,79,F1,1,,,,,
2026-09-01,2026-09-01,CM,NSE,STK,694,INE059A01026,CIPLA,EQ,,,,,CIPLA LTD,1420.9,1425.7,1406.5,1423.0,1423.0,1409.2,,1422.9,,,880100,1244470998.9,30119,F1,1,,,,,
2026-09-01,2026-09-01,CM,NSE,STK,763149,INE2Q7823014,CITIUSINVT,IV,,,,,CITIUS TRANSNET INV TRUST,115.24,115.58,113.5,114.83,114.02,114.59,,114.83,,,353879,40708204.18,2961,F1,1,,,,,
2026-09-01,2026-09-01,CM,NSE,STK,5701,INE491A01021,CUB,EQ,,,,,CITY UNION BANK LTD,228.01,235.99,225.34,234.99,234.0,229.19,,235.0,,,2919901,679449784.64,45866,F1,1,,,,,
2026-09-01,2026-09-01,CM,NSE,STK,20233,INE201M01029,CLEDUCATE,BE,,,,,CL EDUCATE LIMITED,62.39,63.5,59.4,62.96,63.33,62.09,,62.96,,,17733,1094567.31,137,F1,1,,,,,
2026-09-01,2026-09-01,CM,NSE,STK,758736,INE0UQ601012,CLASSICEIL,SM,,,,,CLASSIC ELECTRODE (IND) L,53.0,57.25,53.0,55.0,55.0,55.0,,55.0,,,17600,987840.0,10,F1,1600,,,,,
2026-09-01,2026-09-01,CM,NSE,STK,754695,INE1QGM01024,CLAYCRAFT,SM,,,,,CLAY CRAFT INDIA LIMITED,159.0,160.0,157.1,157.75,157.8,157.25,,157.75,,,18600,2929830.0,21,F1,600,,,,,
2026-09-01,2026-09-01,CM,NSE,STK,760183,INE647U01026,CLEANMAX,EQ,,,,,CLEAN MAX ENVIRO EN SOL L,1234.0,1257.0,1192.9,1249.5,1248.0,1246.9,,1249.57,,,258964,318809759.0,21598,F1,1,,,,,
2026-09-01,2026-09-01,CM,NSE,STK,5049,INE227W01023,CLEAN,EQ,,,,,CLEAN SCIENCE & TECH LTD,826.0,831.9,817.55,827.1,821.2,822.85,,827.1,,,229094,189082900.5,11252,F1,1,,,,,
2026-09-01,2026-09-01,CM,NSE,STK,760143,INE1EF801010,CSSL,SM,,,,,CLEAR SECURED SERVICES L,92.5,93.9,91.1,93.9,93.9,92.5,,93.9,,,20000,1871000.0,6,F1,1000,,,,,
2026-09-01,2026-09-01,CM,NSE,STK,30893,INE00WV01027,CMRGREEN,EQ,,,,,CMR GREEN TECHNOLOGIES L,232.0,234.8,226.67,231.03,231.15,230.78,,231.02,,,658143,151697709.64,15213,F1,1,,,,,
2026-09-01,2026-09-01,CM,NSE,STK,7603,INE925R01014,CMSINFO,EQ,,,,,CMS INFO SYSTEMS LIMITED,242.7,248.99,242.35,247.67,247.75,243.6,,247.67,,,623561,154130773.0,19821,F1,1,,,,,
2026-09-01,2026-09-01,CM,NSE,STK,20374,INE522F01014,COALINDIA,EQ,,,,,COAL INDIA LTD,401.75,407.2,399.4,401.6,401.6,401.75,,401.61,,,6128444,2464503283.1,57200,F1,1,,,,,
2026-09-01,2026-09-01,CM,NSE,STK,6006,INE377E01024,COASTCORP,EQ,,,,,COASTAL CORPORATION LTD,40.96,41.01,39.35,39.84,39.64,40.96,,39.84,,,70219,2821880.4,626,F1,1,,,,,
2026-09-01,2026-09-01,CM,NSE,STK,21508,INE704P01025,COCHINSHIP,EQ,,,,,COCHIN SHIPYARD LIMITED,1509.9,1513.4,1465.5,1475.9,1475.9,1510.0,,1475.75,,,404766,600956801.4,19081,F1,1,,,,,
2026-09-01,2026-09-01,CM,NSE,STK,11169,INE335K01011,COFFEEDAY,BE,,,,,COFFEE DAY ENTERPRISE LTD,29.5,30.0,28.55,29.08,29.25,29.48,,29.11,,,430259,12630153.12,861,F1,1,,,,,
2026-09-01,2026-09-01,CM,NSE,STK,11543,INE591G01025,COFORGE,EQ,,,,,COFORGE LIMITED,1985.3,1994.2,1961.2,1988.9,1988.9,1985.3,,1988.78,,,2055771,4066036613.5,64713,F1,1,,,,,
2026-09-01,2026-09-01,CM,NSE,STK,17945,INE03QK01018,COHANCE,EQ,,,,,COHANCE LIFESCIENCES LTD,458.6,476.5,455.0,460.0,461.4,455.95,,459.98,,,2194523,1023950401.85,52911,F1,1,,,,,
2026-09-01,2026-09-01,CM,NSE,STK,15141,INE259A01022,COLPAL,EQ,,,,,COLGATE PALMOLIVE LTD.,1872.5,1873.0,1842.0,1859.8,1859.8,1897.6,,1859.77,,,374486,695045764.1,24024,F1,1,,,,,
2026-09-01,2026-09-01,CM,NSE,STK,762628,INE819A01049,COMFINTE,EQ,,,,,COMFORT INTECH LTD.,6.26,6.38,6.0,6.2,6.34,6.06,,6.21,,,220246,1355699.64,883,F1,1,,,,,
2026-09-01,2026-09-01,CM,NSE,STK,21578,INE073V01015,COMSYN,EQ,,,,,COMMERCIAL SYN BAGS LTD,299.0,309.9,290.0,304.35,304.7,297.1,,304.37,,,1215635,361815202.65,11740,F1,1,,,,,
2026-09-01,2026-09-01,CM,NSE,STK,19513,INE597Z01014,COMMITTED,SM,,,,,COMMITTED CARGO CARE LTD,347.95,348.0,347.95,347.95,348.0,342.0,,347.95,,,1600,556760.0,2,F1,800,,,,,
2026-09-01,2026-09-01,CM,NSE,STK,764648,INE823B01015,COMPEAU,EQ,,,,,COMPETENT AUTOMOB CO. L,360.0,365.0,355.0,359.65,360.1,353.7,,360.53,,,2287,826671.5,77,F1,1,,,,,
2026-09-01,2026-09-01,CM,NSE,STK,19670,INE070C01037,COMPINFO,BZ,,,,,COMPUAGE INFOCOM LTD,1.07,1.11,1.04,1.11,1.11,1.07,,1.1,,,22469,23736.8,38,F1,1,,,,,
2026-09-01,2026-09-01,CM,NSE,STK,31138,INE453B01029,COMPUSOFT,EQ,,,,,COMPUCOM SOFTWARE LTD,13.49,13.65,13.3,13.48,13.51,13.45,,13.46,,,19771,266909.27,224,F1,1,,,,,
2026-09-01,2026-09-01,CM,NSE,STK,342,INE596I01020,CAMS,EQ,,,,,COMPUTER AGE MNGT SER LTD,782.95,783.0,750.25,752.0,752.0,782.0,,751.99,,,1008731,767348635.9,29488,F1,1,,,,,
2026-09-01,2026-09-01,CM,NSE,STK,18060,INE338H01029,CONCORDBIO,EQ,,,,,CONCORD BIOTECH LIMITED,1458.9,1499.4,1442.4,1484.3,1487.0,1446.1,,1484.15,,,198238,292042129.2,20702,F1,1,,,,,
2026-09-01,2026-09-01,CM,NSE,STK,28764,INE037Z01029,CEWATER,EQ,,,,,CONCORD ENVIRO SYSTEMS L,268.0,273.4,260.0,262.7,263.9,269.5,,262.74,,,29779,7919984.2,1790,F1,1,,,,,
2026-09-01,2026-09-01,CM,NSE,STK,764638,INE700F01024,CFEL,EQ,,,,,CONFIDENCE FUTURIST ENE L,30.0,31.9,29.0,30.88,30.88,29.41,,30.8,,,69410,2136011.34,186,F1,1,,,,,
2026-09-01,2026-09-01,CM,NSE,STK,10238,INE552D01024,CONFIPET,EQ,,,,,CONFIDENCE PETRO IND LTD.,81.9,81.9,78.6,80.34,80.0,81.37,,80.35,,,1499783,119941671.26,9594,F1,1,,,,,
2026-09-01,2026-09-01,CM,NSE,STK,758453,INE0EAS01014,CONNPLEX,SM,,,,,CONNPLEX CINEMAS LIMITED,219.0,220.9,211.1,211.1,211.1,215.6,,211.1,,,9600,2066680.0,12,F1,800,,,,,
2026-09-01,2026-09-01,CM,NSE,STK,14992,INE429I01024,CCCL,EQ,,,,,CONS. CONST. CONSORT LTD,14.74,14.75,14.31,14.45,14.59,14.54,,14.45,,,218880,3173692.04,497,F1,1,,,,,
2026-09-01,2026-09-01,CM,NSE,STK,11732,INE025A01027,CONSOFINVT,BE,,,,,CONSO. FIN. & HOLD. LTD.,267.0,277.0,264.0,264.0,264.0,264.35,,264.0,,,3589,966739.3,51,F1,1,,,,,
2026-09-01,2026-09-01,CM,NSE,STK,4749,INE111A01025,CONCOR,EQ,,,,,CONTAINER CORP OF IND LTD,516.9,518.75,510.5,514.0,514.0,511.9,,514.0,,,1247573,642546344.5,22291,F1,1,,,,,
2026-09-01,2026-09-01,CM,NSE,STK,2531,INE340Z01019,CONTI,SM,,,,,CONTINENTAL SEED CHEM LTD,11.2,11.65,11.2,11.65,11.65,11.1,,11.65,,,219978,2492750.7,7,F1,3333,,,,,
2026-09-01,2026-09-01,CM,NSE,STK,17477,INE663B01015,CONTROLPR,EQ,,,,,CONTROL PRINT LIMITED,601.0,611.2,592.0,597.8,600.0,601.25,,597.64,,,38147,23002969.35,3183,F1,1,,,,,
2026-09-01,2026-09-01,CM,NSE,STK,8567,INE0HS001028,COOLCAPS,ST,,,,,COOL CAPS INDUSTRIES LTD,20.3,21.75,20.05,21.65,21.75,20.75,,21.65,,,88750,1865687.5,52,F1,1250,,,,,
2026-09-01,2026-09-01,CM,NSE,STK,4007,INE558D01021,CORALFINAC,EQ,,,,,CORAL INDIA FIN & HOUS LT,32.86,34.34,32.0,32.21,32.52,33.01,,32.22,,,16429,538671.53,482,F1,1,,,,,
2026-09-01,2026-09-01,CM,NSE,STK,15271,INE792I01017,CORDSCABLE,EQ,,,,,CORDS CABLE INDUS LTD.,285.0,316.0,282.5,312.95,310.25,282.49,,312.94,,,799500,242840560.0,18102,F1,1,,,,,
2026-09-01,2026-09-01,CM,NSE,STK,739,INE169A01031,COROMANDEL,EQ,,,,,COROMANDEL INTERNTL. LTD,1908.0,1936.8,1890.2,1922.9,1911.2,1905.9,,1923.05,,,59054,113391715.4,8716,F1,1,,,,,
2026-09-01,2026-09-01,CM,NSE,STK,760254,INE02ZQ01018,CORONA,EQ,,,,,CORONA REMEDIES LIMITED,2060.0,2061.1,2021.0,2033.3,2025.0,2050.3,,2033.34,,,32850,66788770.5,2931,F1,1,,,,,
2026-09-01,2026-09-01,CM,NSE,STK,742,INE757A01017,COSMOFIRST,EQ,,,,,COSMO FIRST LIMITED,934.0,996.0,933.0,949.65,948.0,929.2,,949.68,,,458088,445843168.65,20437,F1,1,,,,,
2026-09-01,2026-09-01,CM,NSE,STK,6385,INE652F01027,CCHHL,EQ,,,,,COUNTRY CLUB HOSP HOL LTD,12.6,12.99,12.52,12.77,12.62,12.66,,12.77,,,7806,99395.39,87,F1,1,,,,,
2026-09-01,2026-09-01,CM,NSE,STK,16989,INE695B01025,COUNCODOS,BE,,,,,COUNTRY CONDO S LIMITED,6.67,6.89,6.59,6.72,6.7,6.67,,6.72,,,67780,454683.64,260,F1,1,,,,,
2026-09-01,2026-09-01,CM,NSE,STK,20086,INE521J01018,CPCAP,EQ,,,,,CP CAPITAL LIMITED,119.46,120.5,116.0,117.72,118.9,117.28,,117.74,,,34895,4125747.33,2144,F1,1,,,,,
2026-09-01,2026-09-01,CM,NSE,STK,2328,INF457M01133,CPSEETF,EQ,,,,,CPSE ETF,93.5,93.5,91.93,92.53,92.5,92.58,,92.53,,,518496,48013143.24,6933,F1,1,,,,,
2026-09-01,2026-09-01,CM,NSE,STK,2854,INE00LO01017,CRAFTSMAN,EQ,,,,,CRAFTSMAN AUTOMATION LTD,11221.0,11498.0,11000.0,11253.0,11187.0,11198.5,,11252.3,,,144450,1628449101.0,16565,F1,1,,,,,
2026-09-01,2026-09-01,CM,NSE,STK,764653,INE145E01017,CRAVATEX,EQ,,,,,CRAVATEX LTD.,322.25,322.25,314.1,318.1,315.2,321.1,,326.62,,,181,58086.1,22,F1,1,,,,,
2026-09-01,2026-09-01,CM,NSE,STK,9384,INE230B01021,CREATIVEYE,EQ,,,,,CREATIVE EYE LIMITED,6.01,6.2,5.6,6.09,6.1,6.06,,6.09,,,11781,69647.82,95,F1,1,,,,,
2026-09-01,2026-09-01,CM,NSE,STK,23468,INE0R7401011,CGRAPHICS,SM,,,,,CREATIVE GRAPHICS S IND L,146.05,152.95,144.3,146.8,144.3,144.6,,146.8,,,23200,3445960.0,25,F1,800,,,,,
2026-09-01,2026-09-01,CM,NSE,STK,11155,INE985W01018,CNL,EQ,,,,,CREATIVE NEWTECH LIMITED,1287.6,1300.0,1237.2,1245.5,1242.0,1279.6,,1245.51,,,27761,34995379.7,3249,F1,1,,,,,
2026-09-01,2026-09-01,CM,NSE,STK,765306,INE1KPX01025,CREDENT,ST,,,,,CREDENT CONNECT N CARE L,349.95,363.3,343.0,345.1,345.0,349.65,,345.1,,,84600,29796180.0,116,F1,600,,,,,
2026-09-01,2026-09-01,CM,NSE,STK,4421,INE741K01010,CREDITACC,EQ,,,,,CREDITACCESS GRAMEEN LTD,1365.9,1413.1,1348.6,1393.3,1385.0,1363.5,,1393.3,,,559605,777814650.7,51106,F1,1,,,,,
2026-09-01,2026-09-01,CM,NSE,STK,20878,INE220Q01020,MUFTI,EQ,,,,,CREDO BRANDS MARKETING L,74.84,75.08,70.1,72.81,72.34,74.41,,72.81,,,96536,7047634.92,1590,F1,1,,,,,
2026-09-01,2026-09-01,CM,NSE,STK,765053,INE716D01033,CRSL,BE,,,,,CRESSANDA RAILWAY SOLUT L,2.81,2.88,2.81,2.88,2.88,2.75,,2.88,,,348057,1000906.75,481,F1,1,,,,,
2026-09-01,2026-09-01,CM,NSE,STK,13900,INE559D01011,CREST,EQ,,,,,CREST VENTURES LIMITED,364.1,374.9,363.0,364.45,366.8,364.1,,364.63,,,369,134792.7,52,F1,1,,,,,
2026-09-01,2026-09-01,CM,NSE,STK,757,INE007A01025,CRISIL,EQ,,,,,CRISIL LTD,4821.8,4859.0,4760.1,4829.5,4761.5,4821.8,,4834.04,,,60880,293760086.5,13795,F1,1,,,,,
2026-09-01,2026-09-01,CM,NSE,STK,757850,INE0S4R01014,CRIZAC,EQ,,,,,CRIZAC LIMITED,165.9,167.21,162.11,164.63,164.95,165.46,,164.61,,,435251,71938625.12,8178,F1,1,,,,,
2026-09-01,2026-09-01,CM,NSE,STK,17094,INE299U01018,CROMPTON,EQ,,,,,CROMPT GREA CON ELEC LTD,235.77,235.77,230.2,231.1,231.1,235.9,,231.1,,,3046723,705644318.63,31149,F1,1,,,,,
2026-09-01,2026-09-01,CM,NSE,STK,18263,INE00NH01017,CLSL,ST,,,,,CROP LIFE SCIENCE LIMITED,87.5,87.5,87.5,87.5,87.5,88.3,,87.5,,,4000,350000.0,2,F1,2000,,,,,
2026-09-01,2026-09-01,CM,NSE,STK,8083,INE491V01019,CROWN,EQ,,,,,CROWN LIFTERS LIMITED,107.9,111.4,104.2,109.04,109.0,107.9,,109.04,,,37268,4036227.91,195,F1,1,,,,,
2026-09-01,2026-09-01,CM,NSE,STK,14966,INE679A01013,CSBBANK,EQ,,,,,CSB BANK LIMITED,342.55,342.8,335.15,338.95,337.1,343.55,,338.97,,,653928,221373953.5,9354,F1,1,,,,,
2026-09-01,2026-09-01,CM,NSE,STK,10350,INE718F01018,CSLFINANCE,EQ,,,,,CSL FINANCE LIMITED,240.0,244.43,236.0,236.92,237.5,239.7,,236.94,,,55083,13195811.66,1485,F1,1,,,,,
2026-09-01,2026-09-01,CM,NSE,STK,763753,INE0ZK601013,CSM,EQ,,,,,CSM TECHNOLOGIES LIMITED,96.35,96.79,93.21,94.49,95.28,96.79,,94.51,,,121136,11483268.8,1926,F1,1,,,,,
2026-09-01,2026-09-01,CM,NSE,STK,15078,INE0NR623014,CUBEINVIT,IV,,,,,CUBE HIGHWAYS TRUST,157.05,157.99,156.0,156.27,156.7,157.04,,156.28,,,245274,38526263.08,2686,F1,1,,,,,
2026-09-01,2026-09-01,CM,NSE,STK,4064,INE144D01012,CUBEXTUB,EQ,,,,,CUBEX TUBINGS LTD,78.2,78.2,76.25,76.82,77.53,76.99,,76.83,,,25269,1951105.16,1066,F1,1,,,,,
2026-09-01,2026-09-01,CM,NSE,STK,1901,INE298A01020,CUMMINSIND,EQ,,,,,CUMMINS INDIA LTD,5093.5,5115.0,5054.5,5105.0,5105.0,5105.0,,5104.9,,,430883,2188416445.0,41849,F1,1,,,,,
2026-09-01,2026-09-01,CM,NSE,STK,18520,INE509F01029,CUPID,EQ,,,,,CUPID LIMITED,280.0,282.65,266.5,275.05,275.7,280.46,,275.05,,,17011348,4677343360.95,111152,F1,1,,,,,
2026-09-01,2026-09-01,CM,NSE,STK,30189,INE117B01020,CURAA,EQ,,,,,CURA TECHNOLOGIES LIMITED,64.08,69.0,63.55,67.0,67.0,64.08,,67.29,,,360,23694.3,22,F1,1,,,,,
2026-09-01,2026-09-01,CM,NSE,STK,759825,INE1BZN01016,CURIS,SM,,,,,CURIS LIFESCIENCES LTD,142.9,147.4,137.0,137.5,138.0,136.55,,137.5,,,38000,5503500.0,38,F1,1000,,,,,
2026-09-01,2026-09-01,CM,NSE,STK,758964,INE1CRQ01014,CURRENT,SM,,,,,CURRENT INFRAPROJECTS LTD,92.1,92.1,91.0,91.5,91.0,95.0,,91.5,,,16000,1470240.0,10,F1,1600,,,,,
2026-09-01,2026-09-01,CM,NSE,STK,11842,INE278G01037,CYBERMEDIA,EQ,,,,,CYBER MEDIA (INDIA) LTD.,18.36,19.99,18.1,18.66,18.78,18.36,,18.67,,,96734,1827752.64,485,F1,1,,,,,
2026-09-01,2026-09-01,CM,NSE,STK,11447,INE075Z01011,CMRSL,SM,,,,,CYBER MEDIA RES & SER LTD,68.2,68.25,68.2,68.25,68.25,65.0,,68.25,,,3200,218360.0,4,F1,800,,,,,
2026-09-01,2026-09-01,CM,NSE,STK,6054,INE214A01019,CYBERTECH,BE,,,,,CYBERTECH SYSTEMS & SOFTW,133.07,134.85,132.0,132.91,134.3,133.07,,132.77,,,8575,1141284.1,150,F1,1,,,,,
2026-09-01,2026-09-01,CM,NSE,STK,17187,INE055S01018,CYIENTDLM,EQ,,,,,CYIENT DLM LIMITED,846.0,869.95,837.8,857.2,849.0,843.0,,857.18,,,1322733,1132449878.4,53936,F1,1,,,,,
2026-09-01,2026-09-01,CM,NSE,STK,5748,INE136B01020,CYIENT,EQ,,,,,CYIENT LIMITED,1219.0,1219.0,1145.5,1164.6,1153.0,1174.8,,1164.59,,,1708736,1997386169.5,72006,F1,1,,,,,
2026-09-01,2026-09-01,CM,NSE,STK,16902,INE864X01013,DPWIRES,BE,,,,,D P WIRES LIMITED,157.7,160.0,153.45,158.02,156.01,157.7,,157.96,,,11543,1800517.69,220,F1,1,,,,,
2026-09-01,2026-09-01,CM,NSE,STK,17851,INE250K01012,DLINKINDIA,EQ,,,,,D-LINK INDIA LTD,441.6,442.4,432.3,436.1,436.15,441.6,,436.1,,,49405,21583168.75,1915,F1,1,,,,,
2026-09-01,2026-09-01,CM,NSE,STK,936,INE266Y01019,DPABHUSHAN,EQ,,,,,D. P. ABHUSHAN LIMITED,1476.4,1479.9,1408.0,1416.0,1412.5,1475.1,,1416.29,,,24352,35161387.5,2505,F1,1,,,,,
2026-09-01,2026-09-01,CM,NSE,STK,17881,INE950I01011,DBCORP,EQ,,,,,D.B.CORP LTD,199.88,199.88,196.15,197.76,197.0,199.2,,197.77,,,39339,7788655.2,2268,F1,1,,,,,
2026-09-01,2026-09-01,CM,NSE,STK,772,INE016A01026,DABUR,EQ,,,,,DABUR INDIA LTD,384.0,386.8,381.0,384.0,384.0,381.0,,384.01,,,1394674,536336318.75,21547,F1,1,,,,,
2026-09-01,2026-09-01,CM,NSE,STK,762633,INE928C01010,DAICHI,EQ,,,,,DAI-ICHI KARKARIA LTD.,339.6,344.0,337.0,339.0,339.0,337.95,,338.44,,,4522,1539773.9,85,F1,1,,,,,
2026-09-01,2026-09-01,CM,NSE,STK,8075,INE00R701025,DALBHARAT,EQ,,,,,DALMIA BHARAT LIMITED,1886.0,1886.0,1795.0,1806.6,1795.0,1856.2,,1806.7,,,85376,156386849.8,9057,F1,1,,,,,
2026-09-01,2026-09-01,CM,NSE,STK,781,INE495A01022,DALMIASUG,EQ,,,,,DALMIA BHARAT SUG IN LTD,488.65,488.8,459.1,467.85,468.0,484.15,,467.83,,,240866,113876213.0,7521,F1,1,,,,,
2026-09-01,2026-09-01,CM,NSE,STK,28662,INE284H01025,DAMCAPITAL,EQ,,,,,DAM CAPITAL ADVISORS LTD,145.0,146.93,140.61,141.45,141.9,145.26,,141.46,,,206946,29528406.89,3539,F1,1,,,,,
2026-09-01,2026-09-01,CM,NSE,STK,17569,INE497D01022,DAMODARIND,BE,,,,,DAMODAR INDUSTRIES LTD,27.0,28.0,27.0,27.85,28.0,27.02,,27.85,,,830,23088.0,15,F1,1,,,,,
2026-09-01,2026-09-01,CM,NSE,STK,1110,INE688Y01022,DANGEE,EQ,,,,,DANGEE DUMS LIMITED,2.85,2.92,2.54,2.71,2.71,2.82,,2.71,,,106577,286808.46,182,F1,1,,,,,
2026-09-01,2026-09-01,CM,NSE,STK,25927,INE0YU901016,DANISH,SM,,,,,DANISH POWER LIMITED,831.0,858.0,821.65,850.5,845.15,819.1,,850.5,,,27900,23532465.0,138,F1,150,,,,,
2026-09-01,2026-09-01,CM,NSE,STK,757107,INE04Q901010,DCCL,SM,,,,,DAR CREDIT & CAPITAL LTD,43.5,43.5,43.5,43.5,43.5,44.0,,43.5,,,2000,87000.0,1,F1,2000,,,,,
2026-09-01,2026-09-01,CM,NSE,STK,7358,INE0IX101010,DATAPATTNS,EQ,,,,,DATA PATTERNS INDIA LTD,4525.0,4542.3,4420.9,4515.2,4520.0,4521.5,,4515.2,,,421777,1891123268.9,35293,F1,1,,,,,
2026-09-01,2026-09-01,CM,NSE,STK,11423,INE365B01017,DATAMATICS,EQ,,,,,DATAMATICS GLOBAL SER LTD,781.95,784.6,764.55,771.05,766.1,781.95,,771.05,,,47370,36741437.15,2795,F1,1,,,,,
2026-09-01,2026-09-01,CM,NSE,STK,21794,INE179G01029,DAVANGERE,EQ,,,,,DAVANGERE SUGAR COMPANY L,2.09,2.15,1.99,2.08,2.08,2.08,,2.08,,,15603255,32562612.43,3095,F1,1,,,,,
2026-09-01,2026-09-01,CM,NSE,STK,31111,INE921B01025,DBSTOCKBRO,BE,,,,,DB (INT) STOCK BROKERS,29.0,30.47,28.91,30.46,30.47,29.02,,30.46,,,14616,443414.86,50,F1,1,,,,,
2026-09-01,2026-09-01,CM,NSE,STK,11566,INE0A1101019,DCI,EQ,,,,,DC INFOTECH AND COMUN LTD,370.0,385.65,362.3,369.7,374.0,372.6,,369.75,,,115858,43142760.3,4910,F1,1,,,,,
2026-09-01,2026-09-01,CM,NSE,STK,13725,INE503A01015,DCBBANK,EQ,,,,,DCB BANK LIMITED,217.55,225.62,215.2,224.39,224.95,218.2,,224.39,,,3789148,840745463.38,47392,F1,1,,,,,
2026-09-01,2026-09-01,CM,NSE,STK,761737,INE04Q907181,1275DCCL28,N0,,,,,DCCL 12.75% 2028,9947.0,9957.58,9943.42,9943.42,9943.42,9843.24,,9943.42,,,11,109431.0,3,F1,1,,,,,
2026-09-01,2026-09-01,CM,NSE,STK,23520,INE0S8401018,DCG,SM,,,,,DCG CABLES & WIRES LTD,56.85,68.25,56.85,67.05,67.0,56.9,,67.05,,,150000,9744780.0,115,F1,1200,,,,,
2026-09-01,2026-09-01,CM,NSE,STK,4775,INE891B01012,DCMFINSERV,EQ,,,,,DCM FINANCIAL SERVICES LT,5.35,5.35,5.2,5.22,5.2,5.32,,5.26,,,8548,44781.38,90,F1,1,,,,,
2026-09-01,2026-09-01,CM,NSE,STK,7323,INE498A01018,DCM,BE,,,,,DCM LIMITED,79.0,79.85,77.56,77.67,77.56,79.0,,77.71,,,43818,3423934.38,103,F1,1,,,,,
2026-09-01,2026-09-01,CM,NSE,STK,11039,INE08KP01019,DCMNVL,EQ,,,,,DCM NOUVELLE LIMITED,193.1,194.54,185.0,189.67,190.0,191.74,,189.62,,,31283,5938262.31,399,F1,1,,,,,
2026-09-01,2026-09-01,CM,NSE,STK,760893,INE0OFM01015,DSFCL,BE,,,,,DCM SHRIRAM FINE CHEM LTD,26.93,26.93,26.01,26.07,26.1,26.87,,26.07,,,30409,798428.53,120,F1,1,,,,,
2026-09-01,2026-09-01,CM,NSE,STK,7325,INE843D01027,DCMSRIND,EQ,,,,,DCM SHRIRAM IND LTD,48.69,49.02,46.21,46.61,46.79,48.38,,46.62,,,104770,4939116.31,862,F1,1,,,,,
2026-09-01,2026-09-01,CM,NSE,STK,760896,INE0OU201013,DCMSIL,EQ,,,,,DCM SHRIRAM INTERNATNL L,72.05,73.79,69.0,70.98,71.0,70.6,,70.98,,,85626,6148350.93,1109,F1,1,,,,,
2026-09-01,2026-09-01,CM,NSE,STK,811,INE499A01024,DCMSHRIRAM,EQ,,,,,DCM SHRIRAM LIMITED,1017.1,1042.3,1009.1,1030.4,1035.0,1016.7,,1030.45,,,122199,124990777.8,12602,F1,1,,,,,
2026-09-01,2026-09-01,CM,NSE,STK,817,INE500A01029,DCW,EQ,,,,,DCW LTD,45.53,45.64,44.05,44.58,44.6,45.56,,44.58,,,1359355,60906082.83,8126,F1,1,,,,,
2026-09-01,2026-09-01,CM,NSE,STK,11895,INE0KL801015,DCXINDIA,EQ,,,,,DCX SYSTEMS LIMITED,171.9,174.5,171.0,173.51,173.65,173.07,,173.51,,,225548,38959022.21,3552,F1,1,,,,,
2026-09-01,2026-09-01,CM,NSE,STK,29098,INE0HR601026,DDEVPLSTIK,EQ,,,,,DDEV PLASTIKS IND LTD,278.0,280.95,275.0,278.75,278.0,276.5,,278.75,,,117688,32687249.5,2228,F1,1,,,,,
2026-09-01,2026-09-01,CM,NSE,STK,15449,INE0JWV01011,DENEERS,SM,,,,,DE NEERS TOOLS LIMITED,171.5,172.55,168.05,168.05,168.05,170.45,,168.05,,,7200,1228860.0,12,F1,600,,,,,
2026-09-01,2026-09-01,CM,NSE,STK,4279,INE244A01016,DENORA,EQ,,,,,DE NORA INDIA LIMITED,826.2,826.2,783.3,813.9,811.8,826.05,,813.87,,,3462,2804648.4,318,F1,1,,,,,
2026-09-01,2026-09-01,CM,NSE,STK,14838,INE583C01021,DECCANCE,EQ,,,,,DECCAN CEMENTS LIMITED,574.8,579.9,563.0,574.4,575.0,573.1,,574.4,,,18213,10401084.1,248,F1,1,,,,,
2026-09-01,2026-09-01,CM,NSE,STK,762638,INE945F01025,DECNGOLD,EQ,,,,,DECCAN GOLD MINES LTD.,223.4,224.77,218.21,221.05,220.77,223.34,,221.06,,,835236,184650846.68,12393,F1,1,,,,,
2026-09-01,2026-09-01,CM,NSE,STK,25421,INE0S7C01019,DECCANTRAN,SM,,,,,DECCAN TRANSCON LEASING L,21.1,21.1,21.1,21.1,21.1,21.6,,21.1,,,2400,50640.0,2,F1,1200,,,,,
2026-09-01,2026-09-01,CM,NSE,STK,24154,INE841L01016,DEEDEV,EQ,,,,,DEE DEVELOPMENT ENG LTD,580.3,619.8,580.3,619.8,619.8,590.3,,619.81,,,438089,269462209.8,8979,F1,1,,,,,
2026-09-01,2026-09-01,CM,NSE,STK,22802,INE586O01011,DEEM,ST,,,,,DEEM ROLL TECH LIMITED,41.3,41.3,38.4,38.4,38.4,39.45,,38.4,,,2000,79700.0,2,F1,1000,,,,,
2026-09-01,2026-09-01,CM,NSE,STK,3292,INE0FHS01024,DEEPINDS,EQ,,,,,DEEP INDUSTRIES LIMITED,703.7,704.95,660.0,665.0,664.0,689.85,,664.95,,,333259,225980774.3,10934,F1,1,,,,,
2026-09-01,2026-09-01,CM,NSE,STK,765055,INE00IY01012,DEEP,EQ,,,,,DEEP POLYMERS LTD.,36.0,37.8,35.66,36.1,36.8,36.39,,36.03,,,5304,192637.53,72,F1,1,,,,,
2026-09-01,2026-09-01,CM,NSE,STK,25894,INE0OPA01027,DBEIL,BE,,,,,DEEPAK BUILDERS & ENG I L,6.45,6.53,6.16,6.27,6.35,6.45,,6.26,,,138184,872920.87,363,F1,1,,,,,
2026-09-01,2026-09-01,CM,NSE,STK,827,INE501A01019,DEEPAKFERT,EQ,,,,,DEEPAK FERTILIZERS & PETR,1407.1,1435.9,1399.8,1427.5,1429.0,1407.0,,1427.47,,,143168,203344598.5,12239,F1,1,,,,,
2026-09-01,2026-09-01,CM,NSE,STK,19943,INE288B01029,DEEPAKNTR,EQ,,,,,DEEPAK NITRITE LTD,1751.6,1820.0,1745.2,1782.8,1779.0,1749.4,,1782.81,,,1005828,1805054701.4,46588,F1,1,,,,,
2026-09-01,2026-09-01,CM,NSE,STK,22527,INE0SK801018,DELAPLEX,SM,,,,,DELAPLEX LIMITED,100.15,103.9,96.0,96.6,96.85,108.3,,96.6,,,14400,1403550.0,20,F1,600,,,,,
2026-09-01,2026-09-01,CM,NSE,STK,9599,INE148O01028,DELHIVERY,EQ,,,,,DELHIVERY LIMITED,462.65,464.35,457.2,460.8,460.8,456.2,,460.81,,,1175474,541423000.2,37907,F1,1,,,,,
2026-09-01,2026-09-01,CM,NSE,STK,24395,INE726L01027,DELPHIFX,BE,,,,,DELPHI WORLD MONEY LTD,6.43,6.49,6.2,6.41,6.43,6.43,,6.42,,,85867,542283.48,188,F1,1,,,,,
2026-09-01,2026-09-01,CM,NSE,STK,29092,INE0XRN01019,DELTIC,SM,,,,,DELTA AUTOCORP LIMITED,35.55,35.55,35.25,35.25,35.25,35.75,,35.25,,,2000,70800.0,2,F1,1000,,,,,
2026-09-01,2026-09-01,CM,NSE,STK,15044,INE124G01033,DELTACORP,EQ,,,,,DELTA CORP LIMITED,58.48,61.0,56.5,57.41,57.4,58.47,,57.41,,,1843770,107068914.98,11335,F1,1,,,,,
2026-09-01,2026-09-01,CM,NSE,STK,1214,INE393A01011,DELTAMAGNT,EQ,,,,,DELTA MANUFACTURING LTD,59.4,59.4,57.0,58.45,58.5,57.21,,58.41,,,820,47782.76,59,F1,1,,,,,
2026-09-01,2026-09-01,CM,NSE,STK,17722,INE947J01015,DEN,EQ,,,,,DEN NETWORKS LTD,28.35,28.35,27.51,27.77,27.58,28.27,,27.77,,,409169,11404101.6,1731,F1,1,,,,,
2026-09-01,2026-09-01,CM,NSE,STK,29256,INE0R4L01018,DENTA,EQ,,,,,DENTA WATER N INFRA SOL L,265.0,275.85,265.0,270.35,270.8,272.9,,270.35,,,99201,26904235.85,3479,F1,1,,,,,
2026-09-01,2026-09-01,CM,NSE,STK,759079,INE0VOV01021,DEVX,EQ,,,,,DEV ACCELERATOR LIMITED,34.48,34.75,32.56,32.99,33.55,33.99,,32.99,,,208331,7048726.24,1513,F1,1,,,,,
2026-09-01,2026-09-01,CM,NSE,STK,8146,INE060X01034,DEVIT,EQ,,,,,DEV INFO TECHNOLOGY LTD,24.83,25.55,24.3,25.02,25.09,24.59,,25.03,,,21329,534511.99,168,F1,1,,,,,
2026-09-01,2026-09-01,CM,NSE,STK,5373,INE872J01023,DEVYANI,EQ,,,,,DEVYANI INTERNATIONAL LTD,139.0,139.65,136.51,138.69,138.7,138.77,,138.68,,,1016965,140504675.82,12879,F1,1,,,,,
2026-09-01,2026-09-01,CM,NSE,STK,764661,INE260R01016,DHABRIYA,BE,,,,,DHABRIYA POLYWOOD LTD.,547.0,547.0,522.0,529.8,530.0,548.05,,529.87,,,6566,3491482.5,204,F1,1,,,,,
2026-09-01,2026-09-01,CM,NSE,STK,10893,INE0I3401014,DBOL,EQ,,,,,DHAMPUR BIO ORGANICS LTD,127.46,131.19,126.0,126.76,126.75,127.24,,126.78,,,427906,55024508.1,8450,F1,1,,,,,
2026-09-01,2026-09-01,CM,NSE,STK,857,INE041A01016,DHAMPURSUG,EQ,,,,,DHAMPUR SUGAR MILLS LTD.,179.78,179.78,171.1,172.82,172.4,179.19,,172.8,,,586402,103214541.15,7653,F1,1,,,,,
2026-09-01,2026-09-01,CM,NSE,STK,11359,INE680A01011,DHANBANK,EQ,,,,,DHANLAXMI BANK LIMITED,32.18,32.42,31.95,32.05,32.2,32.11,,32.05,,,327355,10508003.83,1314,F1,1,,,,,
2026-09-01,2026-09-01,CM,NSE,STK,27723,INE0V9V01010,DHANLAXMI,SM,,,,,DHANLAXMI CROP SCIENCE L,24.65,25.6,24.0,24.25,24.25,25.0,,24.25,,,14000,347300.0,7,F1,2000,,,,,
2026-09-01,2026-09-01,CM,NSE,STK,24415,INE0M3I01029,DHANSA,SM,,,,,DHANSA LABS LIMITED,28.0,28.4,26.5,27.0,27.0,27.3,,27.0,,,16000,439800.0,8,F1,2000,,,,,
2026-09-01,2026-09-01,CM,NSE,STK,24409,INE435G01025,DHANUKA,EQ,,,,,DHANUKA AGRITECH LTD,976.0,995.0,956.0,990.35,990.0,976.1,,990.3,,,35231,34406924.15,2353,F1,1,,,,,
2026-09-01,2026-09-01,CM,NSE,STK,760492,INE2HJL01019,DHARARAIL,ST,,,,,DHARA RAIL PROJECTS LTD,149.95,149.95,149.0,149.0,149.0,149.95,,149.0,,,2000,298950.0,2,F1,1000,,,,,
2026-09-01,2026-09-01,CM,NSE,STK,759203,INE278R01034,DHARAN,BZ,,,,,DHARAN INFRA-EPC LIMITED,0.16,0.16,0.14,0.14,0.15,0.15,,0.14,,,9984437,1480588.96,1583,F1,1,,,,,
2026-09-01,2026-09-01,CM,NSE,STK,24747,INE0YRN01025,DHARIWAL,SM,,,,,DHARIWALCORP LIMITED,21.65,21.65,21.65,21.65,21.65,20.65,,21.65,,,120000,2598000.0,14,F1,3000,,,,,
2026-09-01,2026-09-01,CM,NSE,STK,13001,INE00OQ01016,DHARMAJ,EQ,,,,,DHARMAJ CROP GUARD LTD,270.15,271.0,265.8,269.75,270.0,270.0,,269.73,,,55826,15065814.15,1350,F1,1,,,,,
2026-09-01,2026-09-01,CM,NSE,STK,765060,INE715T01031,DHATRE,EQ,,,,,DHATRE UDYOG LTD.,4.26,4.52,4.17,4.35,4.43,4.26,,4.32,,,20130,87379.63,159,F1,1,,,,,
2026-09-01,2026-09-01,CM,NSE,STK,764553,INE01NH01023,DHOOTTRANS,EQ,,,,,DHOOT TRANSMISSION LTD,1490.2,1510.0,1402.8,1450.1,1427.0,1474.6,,1450.7,,,1671879,2463388642.3,50521,F1,1,,,,,
2026-09-01,2026-09-01,CM,NSE,STK,6858,INE506Z01015,DHRUV,EQ,,,,,DHRUV CONSULTANCY SER LTD,23.73,23.84,22.9,23.5,23.5,23.5,,23.5,,,4491,105983.36,22,F1,1,,,,,
2026-09-01,2026-09-01,CM,NSE,STK,22233,INE320L01011,DHUNINV,EQ,,,,,DHUNSERI INVESTMENTS LTD,988.6,1001.5,975.0,987.3,987.0,988.6,,987.3,,,1224,1211744.8,194,F1,1,,,,,
2026-09-01,2026-09-01,CM,NSE,STK,6227,INE341R01014,DTIL,EQ,,,,,DHUNSERI TEA & IND. LTD.,161.69,161.9,153.0,153.5,155.61,161.69,,153.51,,,25172,3922104.05,1233,F1,1,,,,,
2026-09-01,2026-09-01,CM,NSE,STK,15214,INE477B01010,DVL,EQ,,,,,DHUNSERI VENTURES LIMITED,273.6,287.2,273.6,282.5,284.9,272.98,,282.52,,,17456,4931243.6,579,F1,1,,,,,
2026-09-01,2026-09-01,CM,NSE,STK,18644,INE591D01014,DIAMINESQ,EQ,,,,,DIAMINES & CHEMICALS LTD,241.5,245.0,239.74,242.01,244.45,241.57,,242.02,,,8211,1991550.82,170,F1,1,,,,,
2026-09-01,2026-09-01,CM,NSE,STK,18545,INE989C01038,DIACABS,BE,,,,,DIAMOND POWER INFRA LTD,348.4,353.05,338.85,340.6,340.95,347.3,,340.6,,,1102986,379269558.75,11852,F1,1,,,,,
2026-09-01,2026-09-01,CM,NSE,STK,703,INE303A01010,DICIND,EQ,,,,,DIC INDIA LIMITED,597.0,597.0,547.3,553.6,555.5,576.8,,554.13,,,4851,2728187.35,451,F1,1,,,,,
2026-09-01,2026-09-01,CM,NSE,STK,25672,INE184O01015,DIFFNKG,EQ,,,,,DIFFUSION ENGINEERS LTD,480.05,492.0,465.5,477.5,473.0,485.5,,477.53,,,1746855,835531890.3,37554,F1,1,,,,,
2026-09-01,2026-09-01,CM,NSE,STK,10346,INE03JI01017,DGCONTENT,EQ,,,,,DIGICONTENT LIMITED,25.74,25.74,23.9,24.23,23.94,25.2,,24.25,,,17491,429376.33,145,F1,1,,,,,
2026-09-01,2026-09-01,CM,NSE,STK,21247,INE0PSC01024,DIGIDRIVE,EQ,,,,,DIGIDRIVE DISTRIBUTORS L,18.4,18.8,17.54,17.82,17.62,17.71,,17.83,,,17897,323283.04,120,F1,1,,,,,
2026-09-01,2026-09-01,CM,NSE,STK,19138,INE0QJ901011,DIGIKORE,SM,,,,,DIGIKORE STUDIOS LIMITED,39.3,39.45,37.75,39.25,39.45,39.3,,39.25,,,26400,1024400.0,42,F1,400,,,,,
2026-09-01,2026-09-01,CM,NSE,STK,16683,INE927C01020,DIGISPICE,EQ,,,,,DIGISPICE TECHNOLOGIES LT,17.17,17.17,16.71,17.0,16.81,16.99,,17.0,,,31061,525203.69,165,F1,1,,,,,
2026-09-01,2026-09-01,CM,NSE,STK,757515,INE0U4701011,DIGITIDE,EQ,,,,,DIGITIDE SOLUTIONS LTD,96.5,98.01,96.2,97.01,96.88,97.3,,97.01,,,153441,14859009.14,1834,F1,1,,,,,
2026-09-01,2026-09-01,CM,NSE,STK,6127,INE731U01028,DIGJAMLMTD,EQ,,,,,DIGJAM LTD,51.24,51.24,48.5,49.17,49.55,51.24,,49.14,,,5678,279526.24,86,F1,1,,,,,
2026-09-01,2026-09-01,CM,NSE,STK,641,INE016M01021,DNAMEDIA,EQ,,,,,DILIGENT MEDIA CORP LTD.,2.58,2.78,2.58,2.58,2.58,2.66,,2.6,,,46628,121799.93,203,F1,1,,,,,
2026-09-01,2026-09-01,CM,NSE,STK,18086,INE917M01012,DBL,EQ,,,,,DILIP BUILDCON LIMITED,404.85,405.85,392.25,394.8,396.0,404.95,,394.86,,,110025,43864151.85,4440,F1,1,,,,,
2026-09-01,2026-09-01,CM,NSE,STK,762643,INE131C01011,DISAQ,EQ,,,,,DISA INDIA LTD.,12037.0,12118.0,11652.0,11724.0,11795.0,12084.0,,11724.0,,,318,3809925.0,271,F1,1,,,,,
2026-09-01,2026-09-01,CM,NSE,STK,14537,INE836F01026,DISHTV,EQ,,,,,DISH TV INDIA LTD.,2.74,2.74,2.67,2.67,2.67,2.74,,2.67,,,805531,2168358.96,1011,F1,1,,,,,
2026-09-01,2026-09-01,CM,NSE,STK,21704,INE385W01011,DCAL,EQ,,,,,DISHMAN CARBO AMCIS LTD,179.09,188.0,176.42,181.83,180.2,178.34,,181.83,,,597409,109569388.18,11155,F1,1,,,,,
2026-09-01,2026-09-01,CM,NSE,STK,14479,INE753U01022,DIVGIITTS,EQ,,,,,DIVGI TORQTRANSFER SYST L,1189.2,1329.8,1172.2,1268.8,1270.0,1186.7,,1268.83,,,649484,822791675.5,48823,F1,1,,,,,
2026-09-01,2026-09-01,CM,NSE,STK,10940,INE361B01024,DIVISLAB,EQ,,,,,DIVI S LABORATORIES LTD,9251.5,9262.5,9087.0,9165.0,9165.0,9467.0,,9165.0,,,485620,4445920559.0,51497,F1,1,,,,,
2026-09-01,2026-09-01,CM,NSE,STK,30262,INE0NA501011,DIVINEHIRA,ST,,,,,DIVINE HIRA JEWELLERS LTD,116.75,116.75,110.95,115.45,115.45,116.7,,115.45,,,25200,2856240.0,15,F1,1200,,,,,
2026-09-01,2026-09-01,CM,NSE,STK,24286,INE0SCO01019,DPEL,SM,,,,,DIVINE POWER ENERGY LTD,580.0,583.75,574.0,581.0,581.0,577.2,,581.0,,,23500,13615450.0,45,F1,500,,,,,
2026-09-01,2026-09-01,CM,NSE,STK,21690,INE935N01020,DIXON,EQ,,,,,DIXON TECHNO (INDIA) LTD,14780.0,14820.0,14450.0,14461.0,14461.0,14850.0,,14461.47,,,229903,3365322312.0,31949,F1,1,,,,,
2026-09-01,2026-09-01,CM,NSE,STK,12749,INE0B1K01014,DJML,EQ,,,,,DJ MEDIAPRINT & LOG LTD,71.23,72.63,68.25,71.92,70.95,71.63,,71.91,,,115318,8192549.19,1696,F1,1,,,,,
2026-09-01,2026-09-01,CM,NSE,STK,14732,INE271C01023,DLF,EQ,,,,,DLF LIMITED,672.6,676.0,665.95,675.15,675.15,691.05,,675.15,,,3403562,2286188467.65,43343,F1,1,,,,,
2026-09-01,2026-09-01,CM,NSE,STK,6973,INE505A01010,DMCC,EQ,,,,,DMCC SPECIALITY CHEMICALS,288.5,293.95,283.6,286.8,286.4,291.55,,286.73,,,31194,8995486.15,1585,F1,1,,,,,
2026-09-01,2026-09-01,CM,NSE,STK,22533,INE0OGG01015,DHTL,SM,,,,,DOCMODE HEALTH TECH LTD,30.85,32.6,30.85,32.6,32.6,32.45,,32.6,,,5600,179600.0,4,F1,800,,,,,
2026-09-01,2026-09-01,CM,NSE,STK,4822,INE021O01019,DODLA,EQ,,,,,DODLA DAIRY LIMITED,1081.0,1085.0,1057.2,1066.2,1072.0,1080.6,,1066.21,,,21297,22878922.5,3627,F1,1,,,,,
2026-09-01,2026-09-01,CM,NSE,STK,12124,INE966A01022,DOLATALGO,EQ,,,,,DOLAT ALGOTECH LIMITED,71.8,73.77,70.3,70.93,70.9,72.02,,70.93,,,137305,9793579.54,1421,F1,1,,,,,
2026-09-01,2026-09-01,CM,NSE,STK,20560,INE325C01035,DOLLAR,EQ,,,,,DOLLAR INDUSTRIES LIMITED,268.0,271.6,266.0,266.6,266.2,268.95,,266.59,,,54534,14600432.8,1619,F1,1,,,,,
2026-09-01,2026-09-01,CM,NSE,STK,13323,INE0JHH01011,DOLLEX,SM,,,,,DOLLEX AGROTECH LIMITED,36.8,36.8,35.4,36.35,36.35,36.3,,36.35,,,16000,579600.0,4,F1,4000,,,,,
2026-09-01,2026-09-01,CM,NSE,STK,18139,INE920A01037,DOLPHIN,EQ,,,,,DOLPHIN OFF ENT (IND) L,586.85,598.45,582.3,583.3,584.9,583.25,,583.31,,,23068,13526834.6,825,F1,1,,,,,
2026-09-01,2026-09-01,CM,NSE,STK,20551,INE321T01012,DOMS,EQ,,,,,DOMS INDUSTRIES LIMITED,2226.0,2249.0,2221.2,2229.0,2231.7,2232.5,,2228.92,,,14876,33178240.9,4676,F1,1,,,,,
2026-09-01,2026-09-01,CM,NSE,STK,13839,INE668D01028,DONEAR,EQ,,,,,DONEAR IND. LIMITED,85.5,85.5,83.5,84.02,84.02,84.63,,84.02,,,10394,874940.93,123,F1,1,,,,,
2026-09-01,2026-09-01,CM,NSE,STK,15423,INE360C01024,DPSCLTD,BE,,,,,DPSC LIMITED,7.34,7.39,7.05,7.35,7.37,7.19,,7.35,,,63999,465781.33,374,F1,1,,,,,
2026-09-01,2026-09-01,CM,NSE,STK,29452,INE943P01029,AGARWALEYE,EQ,,,,,DR AGARWALS HEALTH CARE L,513.75,518.5,506.15,508.7,510.9,513.2,,508.69,,,139334,71297029.5,9151,F1,1,,,,,
2026-09-01,2026-09-01,CM,NSE,STK,762648,INE934C01018,DRAGARWQ,EQ,,,,,DR. AGARWAL'S EYE HOSP L,5295.0,5321.0,5255.0,5309.5,5321.0,5266.0,,5296.53,,,501,2652489.0,287,F1,1,,,,,
2026-09-01,2026-09-01,CM,NSE,STK,11654,INE600L01024,LALPATHLAB,EQ,,,,,DR. LAL PATH LABS LTD.,1934.8,1938.9,1873.8,1904.4,1899.2,1934.6,,1904.39,,,468711,889985722.9,26147,F1,1,,,,,
2026-09-01,2026-09-01,CM,NSE,STK,881,INE089A01031,DRREDDY,EQ,,,,,DR. REDDY S LABORATORIES,1166.5,1179.9,1166.5,1171.0,1171.0,1154.4,,1171.0,,,556259,652105967.9,25436,F1,1,,,,,
2026-09-01,2026-09-01,CM,NSE,STK,2645,INE03RS01027,DRCSYSTEMS,EQ,,,,,DRC SYSTEMS INDIA LIMITED,14.0,14.45,13.62,13.76,13.91,13.68,,13.76,,,106401,1492011.18,501,F1,1,,,,,
2026-09-01,2026-09-01,CM,NSE,STK,10859,INE0JS101016,DREAMFOLKS,EQ,,,,,DREAMFOLKS SERVICES LTD,66.2,67.4,66.2,66.36,66.45,67.36,,66.36,,,26723,1780928.42,824,F1,1,,,,,
2026-09-01,2026-09-01,CM,NSE,STK,11271,INE506A01018,DREDGECORP,EQ,,,,,DREDGING CORP OF INDIA,1101.8,1112.0,1062.6,1076.7,1080.0,1102.3,,1076.64,,,84130,91458066.7,6626,F1,1,,,,,
2026-09-01,2026-09-01,CM,NSE,STK,17372,INE0P7201019,DRONE,SM,,,,,DRONE DESTINATION LIMITED,34.45,35.3,34.2,34.25,34.25,34.45,,34.25,,,19000,657475.0,37,F1,500,,,,,
2026-09-01,2026-09-01,CM,NSE,STK,6686,INE02CV01017,DRSDILIP,SM,,,,,DRS DILIP ROADLINES LTD.,107.0,107.0,107.0,107.0,107.0,107.0,,107.0,,,800,85600.0,1,F1,800,,,,,
2026-09-01,2026-09-01,CM,NSE,STK,8772,INE891A01022,DSKULKARNI,BE,,,,,DS KULKARNI DEVELOPERS L,18.67,18.67,18.67,18.67,18.67,18.31,,18.67,,,323,6030.41,2,F1,1,,,,,
2026-09-01,2026-09-01,CM,NSE,STK,778,INE055C01020,KEEPLEARN,EQ,,,,,DSJ KEEP LEARNING LTD,1.94,1.94,1.81,1.86,1.86,1.94,,1.9,,,23314,43969.38,62,F1,1,,,,,
2026-09-01,2026-09-01,CM,NSE,STK,1927,INF740KA1EU7,LIQUIDETF,EQ,,,,,DSP LIQUID ETF,1000.0,1000.01,999.99,999.99,1000.0,1000.0,,999.99,,,220732,220731571.24,227,F1,1,,,,,
2026-09-01,2026-09-01,CM,NSE,STK,761364,INF740KA1YH2,BANK10ADD,EQ,,,,,DSPAMC - BANK10ADD,16.91,17.02,16.85,16.89,16.96,16.94,,16.89,,,10318464,174687413.51,897,F1,1,,,,,
2026-09-01,2026-09-01,CM,NSE,STK,13644,INF740KA1RX3,BANKADD,EQ,,,,,DSPAMC - DSPBANK,58.97,59.16,58.63,58.77,58.77,58.97,,58.77,,,1866,109850.23,43,F1,1,,,,,
2026-09-01,2026-09-01,CM,NSE,STK,15356,INF740KA1ZP2,GOLDADD,EQ,,,,,DSPAMC - DSPGOLD,15.34,15.34,14.7,14.73,14.73,14.97,,14.73,,,12181845,180648841.35,5546,F1,1,,,,,
2026-09-01,2026-09-01,CM,NSE,STK,17207,INF740KA1SX1,ITADD,EQ,,,,,DSPAMC - DSPIT,32.58,33.39,32.58,33.15,33.2,32.6,,33.15,,,173677,5774111.51,112,F1,1,,,,,
2026-09-01,2026-09-01,CM,NSE,STK,6606,INF740KA1QK2,EQUAL50ADD,EQ,,,,,DSPAMC - DSPNEWETF,343.86,345.6,342.0,342.71,343.72,343.91,,342.71,,,5952,2043331.63,296,F1,1,,,,,
2026-09-01,2026-09-01,CM,NSE,STK,7451,INF740KA1CL0,NIFTYADD,EQ,,,,,DSPAMC - DSPNIFTY,253.1,254.86,252.71,253.06,252.75,254.19,,253.06,,,4398,1115791.85,181,F1,1,,,,,
2026-09-01,2026-09-01,CM,NSE,STK,17616,INF740KA1SY9,PSUBANKADD,EQ,,,,,DSPAMC - DSPPSBKETF,86.66,86.79,85.57,85.72,85.66,86.23,,85.71,,,21917,1889320.89,251,F1,1,,,,,
2026-09-01,2026-09-01,CM,NSE,STK,17576,INF740KA1TA7,PVTBANKADD,EQ,,,,,DSPAMC - DSPPVBKETF,28.23,28.41,28.01,28.08,28.01,28.16,,28.08,,,246374,6957293.05,298,F1,1,,,,,
2026-09-01,2026-09-01,CM,NSE,STK,7456,INF740KA1ZF3,MIDQ50ADD,EQ,,,,,DSPAMC - DSPQ50ETF,25.89,26.0,25.25,25.44,25.38,25.64,,25.44,,,68941,1750817.41,194,F1,1,,,,,
2026-09-01,2026-09-01,CM,NSE,STK,17613,INF740KA1SZ6,SENSEXADD,EQ,,,,,DSPAMC - DSPSENXETF,79.58,79.82,79.07,79.37,79.37,79.31,,79.52,,,153,12131.21,32,F1,1,,,,,
2026-09-01,2026-09-01,CM,NSE,STK,10761,INF740KA1ZQ0,SILVERADD,EQ,,,,,DSPAMC - DSPSILVETF,23.06,27.96,21.88,22.08,21.88,22.5,,22.09,,,4251284,94589577.6,7256,F1,1,,,,,
2026-09-01,2026-09-01,CM,NSE,STK,759368,INF740KA1WU9,FLEXIADD,EQ,,,,,DSPAMC - FLEXIADD,10.21,10.22,10.12,10.15,10.2,10.17,,10.16,,,47189,479909.32,312,F1,1,,,,,
2026-09-01,2026-09-01,CM,NSE,STK,763530,INF740KA1ZA4,FMCGADD,EQ,,,,,DSPAMC - FMCGADD,46.83,46.86,46.48,46.7,46.78,46.83,,46.7,,,45182,2109929.02,104,F1,1,,,,,
2026-09-01,2026-09-01,CM,NSE,STK,765310,INF740KA1ZI7,GSEC10ADD,EQ,,,,,DSPAMC - GSEC10ADD,26.64,26.64,26.49,26.49,26.49,26.51,,26.49,,,185,4903.95,4,F1,1,,,,,
2026-09-01,2026-09-01,CM,NSE,STK,22592,INF740KA1ZG1,HEALTHADD,EQ,,,,,DSPAMC - HEALTHADD,16.93,17.21,16.81,16.83,16.84,16.9,,16.83,,,14905,251510.0,82,F1,1,,,,,
2026-09-01,2026-09-01,CM,NSE,STK,23407,INF740KA1UM0,LIQUIDADD,EQ,,,,,DSPAMC - LIQUIDADD,1142.85,1142.87,1142.85,1142.86,1142.85,1142.7,,1142.86,,,420275,480316311.06,312,F1,1,,,,,
2026-09-01,2026-09-01,CM,NSE,STK,764428,INF740KA1ZH9,MIDBANKADD,EQ,,,,,DSPAMC - MIDBANKADD,17.7,17.7,17.28,17.34,17.4,17.83,,17.34,,,22439,389295.08,103,F1,1,,,,,
2026-09-01,2026-09-01,CM,NSE,STK,760356,INF740KA1WW5,MIDCAPADD,EQ,,,,,DSPAMC - MIDCAPADD,23.66,23.66,23.25,23.33,23.39,23.66,,23.33,,,25460,594089.76,95,F1,1,,,,,
2026-09-01,2026-09-01,CM,NSE,STK,759978,INF740KA1WV7,MSCIADD,EQ,,,,,DSPAMC - MSCIADD,29.53,29.61,29.41,29.55,29.55,29.72,,29.55,,,2630,77583.49,19,F1,1,,,,,
2026-09-01,2026-09-01,CM,NSE,STK,29464,INF740KA1VE5,NEXT30ADD,EQ,,,,,DSPAMC - NEXT30ADD,43.11,43.18,42.59,42.78,42.79,42.9,,42.78,,,21948,939624.33,62,F1,1,,,,,
2026-09-01,2026-09-01,CM,NSE,STK,760599,INF740KA1XU7,NEXT50ADD,EQ,,,,,DSPAMC - NEXT50ADD,73.72,73.73,72.89,73.36,73.52,73.76,,73.59,,,2355,172753.18,29,F1,1,,,,,
2026-09-01,2026-09-01,CM,NSE,STK,760359,INF740KA1WX3,SMALLADD,EQ,,,,,DSPAMC - SMALLADD,18.9,18.9,18.39,18.5,18.5,18.53,,18.5,,,39649,735844.52,130,F1,1,,,,,
2026-09-01,2026-09-01,CM,NSE,STK,25171,INF740KA1UR9,TOP10ADD,EQ,,,,,DSPAMC - TOP10ADD,87.95,88.58,87.3,88.06,88.31,87.6,,88.06,,,132712,11688603.6,416,F1,1,,,,,
2026-09-01,2026-09-01,CM,NSE,STK,13766,INE0LZO01015,DUCOL,SM,,,,,DUCOL ORGS AND COLOURS LT,110.95,117.0,110.95,115.5,117.0,111.1,,115.5,,,4000,453480.0,5,F1,800,,,,,
2026-09-01,2026-09-01,CM,NSE,STK,28952,INE741L01018,DUCON,EQ,,,,,DUCON INFRATECHNOLOGIES L,1.88,2.15,1.79,2.07,2.14,1.89,,2.07,,,1529775,2907203.79,1034,F1,1,,,,,
2026-09-01,2026-09-01,CM,NSE,STK,5457,INE0HPK01020,DUGLOBAL,SM,,,,,DUDIGITAL GLOBAL LIMITED,25.0,25.0,25.0,25.0,25.0,25.0,,25.0,,,2500,62500.0,1,F1,2500,,,,,
2026-09-01,2026-09-01,CM,NSE,STK,24164,INE0OUW01013,DURLAX,SM,,,,,DURLAX TOP SURFACE LTD,65.5,66.6,62.5,63.05,63.0,65.4,,63.05,,,112000,7158100.0,44,F1,2000,,,,,
2026-09-01,2026-09-01,CM,NSE,STK,11667,INE366A01041,DWARKESH,EQ,,,,,DWARIKESH SUGAR IND LTD,52.47,52.5,48.33,49.14,49.05,52.42,,49.14,,,3772601,188860974.13,16097,F1,1,,,,,
2026-09-01,2026-09-01,CM,NSE,STK,25690,INE417B01040,DSSL,EQ,,,,,DYNACONS SYS & SOLN LTD,1065.0,1065.0,1018.0,1020.8,1039.9,1041.3,,1020.76,,,28727,29592987.3,2722,F1,1,,,,,
2026-09-01,2026-09-01,CM,NSE,STK,4525,INE221B01012,DYNAMATECH,EQ,,,,,DYNAMATIC TECHNOLOGIES,11981.0,11981.0,11535.0,11678.0,11677.0,11966.0,,11677.44,,,9545,112150628.0,4097,F1,1,,,,,
2026-09-01,2026-09-01,CM,NSE,STK,10417,INE600Y01019,DYCL,EQ,,,,,DYNAMIC CABLES LIMITED,493.0,560.0,483.7,542.4,543.0,493.2,,542.39,,,10973790,5951457978.7,199935,F1,1,,,,,
2026-09-01,2026-09-01,CM,NSE,STK,6082,INE0DZ701010,DYNAMIC,ST,,,,,DYNAMIC SRVCS & SEC LTD,132.0,132.65,132.0,132.65,132.65,134.65,,132.65,,,1500,198325.0,3,F1,500,,,,,
2026-09-01,2026-09-01,CM,NSE,STK,21314,INE256H01015,DYNPRO,EQ,,,,,DYNEMIC PRODUCTS LIMITED,228.57,235.0,228.0,230.19,231.75,227.5,,230.44,,,5016,1160966.74,568,F1,1,,,,,
2026-09-01,2026-09-01,CM,NSE,STK,19267,INE0KFF01017,EFACTOR,SM,,,,,E FACTOR EXPERIENCES LTD,198.45,198.45,182.05,182.05,182.05,185.45,,182.05,,,4800,892260.0,12,F1,400,,,,,
2026-09-01,2026-09-01,CM,NSE,STK,760531,INE1CEJ01017,E2ERAIL,SM,,,,,E TO E TRANS INFRA LTD,285.5,311.1,283.0,296.5,298.0,285.2,,296.5,,,248000,74312960.0,116,F1,800,,,,,
2026-09-01,2026-09-01,CM,NSE,STK,8940,INE255Z01027,E2E,BE,,,,,E2E NETWORKS LIMITED,649.65,649.65,611.0,620.9,620.0,618.75,,621.05,,,1597894,1021058937.55,19442,F1,1,,,,,
2026-09-01,2026-09-01,CM,NSE,STK,765065,INE595R01023,EASTWEST,EQ,,,,,EAST WEST FREIGHT CARRI L,2.58,2.6,2.31,2.4,2.44,2.51,,2.4,,,84010,204141.18,130,F1,1,,,,,
2026-09-01,2026-09-01,CM,NSE,STK,9769,INE962C01035,EASTSILK,BE,,,,,EASTERN SILK INDUSTRIES L,64.0,64.0,58.67,63.68,63.68,61.75,,63.68,,,819,51152.33,17,F1,1,,,,,
2026-09-01,2026-09-01,CM,NSE,STK,2792,INE07O001026,EASEMYTRIP,EQ,,,,,EASY TRIP PLANNERS LTD,6.1,6.16,5.96,5.99,6.0,6.1,,5.99,,,28049247,169098562.61,10400,F1,1,,,,,
2026-09-01,2026-09-01,CM,NSE,STK,765070,INE432F01032,EBIX,EQ,,,,,EBIX LIMITED,21.21,21.21,19.95,19.99,20.13,21.0,,19.99,,,180580,3616289.87,415,F1,1,,,,,
2026-09-01,2026-09-01,CM,NSE,STK,759974,INE528S07110,888ECL28,N1,,,,,ECL 8.88% 2028 SR V,993.0,993.0,986.01,988.58,988.0,994.85,,988.58,,,212,209524.36,7,F1,1,,,,,
2026-09-01,2026-09-01,CM,NSE,STK,759975,INE528S07128,925ECL28,N2,,,,,ECL 9.25% 2028 SR VI,1017.0,1017.0,1017.0,1017.0,1017.0,1011.0,,1017.0,,,19,19323.0,1,F1,1,,,,,
2026-09-01,2026-09-01,CM,NSE,STK,15179,INE738I01010,ECLERX,EQ,,,,,ECLERX SERVICES LTD,1950.0,1997.7,1892.3,1973.8,1951.2,1976.9,,1973.7,,,298440,577215283.3,27839,F1,1,,,,,
2026-09-01,2026-09-01,CM,NSE,STK,764663,INE316A01038,ECORECO,EQ,,,,,ECO RECYCLING LTD.,470.0,475.9,460.3,464.5,470.0,471.95,,464.98,,,8887,4166320.65,688,F1,1,,,,,
2026-09-01,2026-09-01,CM,NSE,STK,759964,INE0VBS01016,ECOLINE,ST,,,,,ECOLINE EXIM LIMITED,179.95,180.0,179.95,180.0,180.0,180.65,,180.0,,,3000,539950.0,2,F1,1000,,,,,
2026-09-01,2026-09-01,CM,NSE,STK,25060,INE06HJ01020,ECOSMOBLTY,EQ,,,,,ECOS (INDIA) MOB & HOSP L,114.98,115.8,113.9,115.16,115.34,114.13,,115.16,,,58477,6716922.34,811,F1,1,,,,,
2026-09-01,2026-09-01,CM,NSE,STK,7196,INF754K01OB1,BBETF0432,EQ,,,,,EDELAMC - BBETF0432,1342.99,1348.55,1336.03,1338.05,1338.01,1335.03,,1338.05,,,815,1092855.63,55,F1,1,,,,,
2026-09-01,2026-09-01,CM,NSE,STK,764378,INF754K01XH9,EBANK10,EQ,,,,,EDELAMC - EBANK10,17.06,17.06,16.71,16.71,16.71,16.89,,16.73,,,457,7689.95,30,F1,1,,,,,
2026-09-01,2026-09-01,CM,NSE,STK,25258,INF754K01TE4,EBANKNIFTY,EQ,,,,,EDELAMC - EBANKNIFTY,58.11,58.3,57.63,57.95,57.95,57.92,,57.95,,,2833,164575.94,24,F1,1,,,,,
2026-09-01,2026-09-01,CM,NSE,STK,16253,INF754K01KO2,EBBETF0430,EQ,,,,,EDELAMC - EBBETF0430,1609.0,1609.0,1600.54,1606.67,1606.1,1603.67,,1606.71,,,28753,46122209.55,611,F1,1,,,,,
2026-09-01,2026-09-01,CM,NSE,STK,22239,INF754K01LE1,EBBETF0431,EQ,,,,,EDELAMC - EBBETF0431,1440.36,1440.36,1428.75,1433.04,1428.75,1436.39,,1432.94,,,2008,2874686.38,94,F1,1,,,,,
2026-09-01,2026-09-01,CM,NSE,STK,13139,INF754K01QX0,EBBETF0433,EQ,,,,,EDELAMC - EBBETF0433,1312.5,1312.5,1304.11,1310.99,1310.99,1307.91,,1310.99,,,3469,4540351.21,142,F1,1,,,,,
2026-09-01,2026-09-01,CM,NSE,STK,29019,INF754K01TX4,ECAPINSURE,EQ,,,,,EDELAMC - ECAPINSURE,24.21,24.21,23.8,23.88,23.8,24.12,,23.9,,,26648,639250.3,314,F1,1,,,,,
2026-09-01,2026-09-01,CM,NSE,STK,19933,INF754K01SE6,EGOLD,EQ,,,,,EDELAMC - EGOLD,157.95,157.95,151.1,151.65,151.7,154.1,,151.65,,,248113,37996569.35,976,F1,1,,,,,
2026-09-01,2026-09-01,CM,NSE,STK,759466,INF754K01VW2,ELIQUID,EQ,,,,,EDELAMC - ELIQUID,1045.99,1046.0,1045.99,1045.99,1045.99,1045.87,,1045.99,,,16877,17653184.31,23,F1,1,,,,,
2026-09-01,2026-09-01,CM,NSE,STK,758952,INF754K01VV4,ELM250,EQ,,,,,EDELAMC - ELM250,17.47,17.47,16.56,16.65,16.56,17.05,,16.65,,,134603,2252742.8,606,F1,1,,,,,
2026-09-01,2026-09-01,CM,NSE,STK,764367,INF754K01XI7,ELMDIV,EQ,,,,,EDELAMC - ELMDIV,36.99,37.0,36.13,36.2,36.13,36.75,,36.26,,,3015,110001.37,31,F1,1,,,,,
2026-09-01,2026-09-01,CM,NSE,STK,764288,INF754K01XG1,EMETAL,EQ,,,,,EDELAMC - EMETAL,13.2,13.69,13.08,13.28,13.26,13.24,,13.28,,,4694,62232.19,40,F1,1,,,,,
2026-09-01,2026-09-01,CM,NSE,STK,25996,INF754K01TF1,EMULTIMQ,EQ,,,,,EDELAMC - EMULTIMQ,42.3,42.4,41.8,42.11,42.14,42.19,,42.11,,,20939,881896.22,166,F1,1,,,,,
2026-09-01,2026-09-01,CM,NSE,STK,763540,INF754K01XF3,ENEXT50,EQ,,,,,EDELAMC - ENEXT50,73.6,73.6,72.17,72.91,72.91,73.26,,72.91,,,887,64870.71,13,F1,1,,,,,
2026-09-01,2026-09-01,CM,NSE,STK,759998,INF754K01VX0,ENIFTY,EQ,,,,,EDELAMC - ENIFTY,24.36,24.42,24.1,24.42,24.42,24.26,,24.42,,,1787,43308.29,54,F1,1,,,,,
2026-09-01,2026-09-01,CM,NSE,STK,759995,INF754K01VY8,ESENSEX,EQ,,,,,EDELAMC - ESENSEX,77.05,79.0,77.05,78.16,77.52,76.86,,78.16,,,836,64498.84,17,F1,1,,,,,
2026-09-01,2026-09-01,CM,NSE,STK,20257,INF754K01SF3,ESILVER,EQ,,,,,EDELAMC - ESILVER,235.81,237.85,226.93,227.73,227.87,233.48,,227.73,,,313124,71644050.94,1841,F1,1,,,,,
2026-09-01,2026-09-01,CM,NSE,STK,15119,INE532F01054,EDELWEISS,EQ,,,,,EDELWEISS FIN SERV LTD,129.49,132.7,126.99,128.94,128.5,127.31,,128.94,,,10187016,1326059630.69,55640,F1,1,,,,,
2026-09-01,2026-09-01,CM,NSE,STK,758675,INE886D01026,EFCIL,EQ,,,,,EFC (I) LIMITED,208.0,208.0,200.78,201.34,202.0,204.8,,201.33,,,486529,99044147.55,7697,F1,1,,,,,
2026-09-01,2026-09-01,CM,NSE,STK,24438,INE0U9101019,EFFWA,ST,,,,,EFFWA INFRA & RESEARCH L,332.8,336.0,332.8,336.0,336.0,320.0,,336.0,,,14800,4966000.0,35,F1,400,,,,,
2026-09-01,2026-09-01,CM,NSE,STK,910,INE066A01021,EICHERMOT,EQ,,,,,EICHER MOTORS LTD,7975.0,8052.0,7860.0,7970.0,7970.0,7953.5,,7969.95,,,760133,6037910759.0,49349,F1,1,,,,,
2026-09-01,2026-09-01,CM,NSE,STK,916,INE126A01031,EIDPARRY,EQ,,,,,EID PARRY INDIA LTD,800.05,805.75,788.1,795.6,794.6,799.4,,795.43,,,304136,242096074.6,14885,F1,1,,,,,
2026-09-01,2026-09-01,CM,NSE,STK,15399,INE276C01014,EIHAHOTELS,EQ,,,,,EIH ASSOCIATED HOTELS LTD,301.0,303.6,291.2,293.3,294.0,301.1,,293.27,,,23651,6985973.8,1115,F1,1,,,,,
2026-09-01,2026-09-01,CM,NSE,STK,919,INE230A01023,EIHOTEL,EQ,,,,,EIH LIMITED,282.3,296.45,282.15,294.45,294.5,282.3,,294.44,,,430234,124806639.2,18187,F1,1,,,,,
2026-09-01,2026-09-01,CM,NSE,STK,4040,INE158B01016,EIMCOELECO,EQ,,,,,EIMCO ELECON (INDIA) LTD,2184.5,2218.0,2152.2,2193.4,2199.7,2195.4,,2193.15,,,22635,49363286.5,3001,F1,1,,,,,
2026-09-01,2026-09-01,CM,NSE,STK,764668,INE0CPR01018,EKI,EQ,,,,,EKI ENERGY SERVICES LTD,78.94,78.94,71.5,73.69,75.69,73.44,,73.82,,,12589,932427.95,380,F1,1,,,,,
2026-09-01,2026-09-01,CM,NSE,STK,762653,INE280B01018,ELANTAS,EQ,,,,,ELANTAS BECK INDIA LTD.,11625.0,11699.0,11130.0,11297.0,11590.0,11604.5,,11296.8,,,3579,40838449.0,1803,F1,1,,,,,
2026-09-01,2026-09-01,CM,NSE,STK,762658,INE927X01018,ELCIDIN,EQ,,,,,ELCID INVESTMENTS LTD.,107300.0,108990.0,106055.0,106700.0,106700.0,107300.0,,106700.0,,,6,647025.0,6,F1,1,,,,,
2026-09-01,2026-09-01,CM,NSE,STK,8953,INE668G01021,ELDEHSG,EQ,,,,,ELDECO HSG & IND LTD.,794.8,804.5,770.0,783.65,776.0,778.35,,782.77,,,1342,1061702.75,141,F1,1,,,,,
2026-09-01,2026-09-01,CM,NSE,STK,13643,INE205B01031,ELECON,EQ,,,,,ELECON ENG. CO. LTD,411.75,419.0,409.05,412.25,413.25,411.85,,412.27,,,279355,115431138.0,12032,F1,1,,,,,
2026-09-01,2026-09-01,CM,NSE,STK,20899,INE0Q1W01012,EFORCE,SM,,,,,ELECTRO FORCE (INDIA) LTD,20.0,22.2,19.8,21.4,21.4,20.0,,21.4,,,22800,487620.0,18,F1,1200,,,,,
2026-09-01,2026-09-01,CM,NSE,STK,11530,INE02YR01019,EMIL,EQ,,,,,ELECTRONICS MART IND LTD,182.45,182.45,172.08,175.7,178.0,180.61,,175.71,,,957847,170005798.19,13846,F1,1,,,,,
2026-09-01,2026-09-01,CM,NSE,STK,928,INE086A01029,ELECTCAST,EQ,,,,,ELECTROSTEEL CASTINGS LTD,84.4,87.0,83.31,83.83,83.8,83.44,,83.83,,,5555670,473824584.03,33954,F1,1,,,,,
2026-09-01,2026-09-01,CM,NSE,STK,4469,INE822G01016,ELECTHERM,EQ,,,,,ELECTROTHERM (I) LTD.,990.1,1015.3,981.7,997.25,1004.0,990.6,,997.25,,,11055,11032175.75,694,F1,1,,,,,
2026-09-01,2026-09-01,CM,NSE,STK,29595,INE0R9101015,ELGNZ,SM,,,,,ELEGANZ INTERIORS LIMITED,95.0,95.8,90.65,92.8,93.0,97.65,,92.8,,,12000,1116250.0,11,F1,1000,,,,,
2026-09-01,2026-09-01,CM,NSE,STK,937,INE285A01027,ELGIEQUIP,EQ,,,,,ELGI EQUIPMENTS LTD,624.0,631.1,622.15,628.9,628.0,627.35,,628.89,,,341868,214431387.55,18424,F1,1,,,,,
2026-09-01,2026-09-01,CM,NSE,STK,24924,INE819L01012,ELGIRUBCO,EQ,,,,,ELGI RUBBER CO. LTD,58.75,62.4,58.01,60.66,60.36,58.97,,60.66,,,76618,4592599.96,1143,F1,1,,,,,
2026-09-01,2026-09-01,CM,NSE,STK,13423,INE050401020,ELIN,EQ,,,,,ELIN ELECTRONICS LIMITED,99.4,102.99,95.25,96.17,95.6,100.13,,96.18,,,408968,39849515.3,5044,F1,1,,,,,
2026-09-01,2026-09-01,CM,NSE,STK,762663,INE669R01026,ELITECON,EQ,,,,,ELITECON INTERNATIONAL L,10.11,11.17,10.11,10.11,10.11,10.64,,10.11,,,15340431,163492330.52,14222,F1,1,,,,,
2026-09-01,2026-09-01,CM,NSE,STK,758563,INE236E01022,ELLEN,EQ,,,,,ELLENBARRIE INDUS GASES L,318.55,323.0,310.9,315.4,317.0,322.25,,315.42,,,305472,96428045.6,6014,F1,1,,,,,
2026-09-01,2026-09-01,CM,NSE,STK,4471,INE579B01039,ELPROINTL,EQ,,,,,ELPRO INTERNATIONAL LTD,175.0,176.13,173.73,175.01,176.0,173.97,,174.95,,,9627,1680535.66,170,F1,1,,,,,
2026-09-01,2026-09-01,CM,NSE,STK,29229,INE0ZOL01023,EMAPARTNER,SM,,,,,EMA PARTNERS INDIA LTD,92.85,92.85,82.55,83.45,83.95,84.15,,83.45,,,10000,847700.0,10,F1,1000,,,,,
2026-09-01,2026-09-01,CM,NSE,STK,13517,INE548C01032,EMAMILTD,EQ,,,,,EMAMI LIMITED,366.0,379.35,361.15,376.65,377.0,364.0,,376.9,,,1648320,615128760.05,33239,F1,1,,,,,
2026-09-01,2026-09-01,CM,NSE,STK,10084,INE830C01026,EMAMIPAP,BE,,,,,EMAMI PAPER MILLS LIMITED,109.22,112.0,109.22,109.77,110.47,111.43,,109.77,,,12539,1384158.45,208,F1,1,,,,,
2026-09-01,2026-09-01,CM,NSE,STK,19277,INE778K01012,EMAMIREAL,EQ,,,,,EMAMI REALTY LIMITED,69.84,69.84,67.0,68.57,69.15,69.45,,68.57,,,3969,270780.89,222,F1,1,,,,,
2026-09-01,2026-09-01,CM,NSE,STK,14450,INE069I01010,EMBDL,EQ,,,,,EMBASSY DEVELOPMENTS LTD,61.9,62.3,59.2,59.63,59.45,62.07,,59.63,,,2981824,180690692.6,13129,F1,1,,,,,
2026-09-01,2026-09-01,CM,NSE,STK,9383,INE041025011,EMBASSY,RR,,,,,EMBASSY OFFICE PARKS REIT,438.7,440.0,437.42,438.73,438.0,438.48,,438.73,,,247838,108730349.7,10424,F1,1,,,,,
2026-09-01,2026-09-01,CM,NSE,STK,24398,INE168P01015,EMCURE,EQ,,,,,EMCURE PHARMACEUTICALS L,1860.9,1885.0,1835.0,1845.9,1850.0,1855.3,,1845.9,,,114806,212598909.7,10760,F1,1,,,,,
2026-09-01,2026-09-01,CM,NSE,STK,27629,INE0RHD01013,ETML,SM,,,,,EMERALD TYRE MANUF LTD,82.5,82.55,80.4,80.65,80.65,82.45,,80.65,,,8400,688140.0,7,F1,1200,,,,,
2026-09-01,2026-09-01,CM,NSE,STK,13421,INE296H01011,EMKAY,EQ,,,,,EMKAY GLOBAL FIN SERV LTD,259.6,266.9,255.05,264.1,264.5,257.18,,263.94,,,87226,22935400.25,1853,F1,1,,,,,
2026-09-01,2026-09-01,CM,NSE,STK,10253,INE332S01011,EMKAYTOOLS,SM,,,,,EMKAY TAP & CUT. TOOL LTD,101.0,101.0,89.5,90.3,89.6,95.0,,90.3,,,3450,327225.0,20,F1,150,,,,,
2026-09-01,2026-09-01,CM,NSE,STK,758591,INE0PXC01024,ETL,SM,,,,,EMKAY TOOLS LIMITED,1008.25,1067.0,1008.2,1048.0,1048.0,1110.0,,1048.0,,,1050,1087417.5,7,F1,150,,,,,
2026-09-01,2026-09-01,CM,NSE,STK,18146,INE753K01015,EMMBI,BE,,,,,EMMBI INDUSTRIES LIMITED,91.33,94.48,91.0,92.66,92.4,90.3,,92.76,,,23013,2131647.97,228,F1,1,,,,,
2026-09-01,2026-09-01,CM,NSE,STK,759728,INE1C6T01020,EMMVEE,EQ,,,,,EMMVEE PHOTOVOLTAIC PWR L,321.4,323.15,317.4,319.25,319.2,321.75,,319.25,,,877483,280303347.0,16495,F1,1,,,,,
2026-09-01,2026-09-01,CM,NSE,STK,764673,INE515H01014,EMPIND,EQ,,,,,EMPIRE INDUSTRIES LTD.,1220.0,1225.9,1205.0,1209.2,1209.5,1217.4,,1209.13,,,3955,4795178.1,371,F1,1,,,,,
2026-09-01,2026-09-01,CM,NSE,STK,762670,INE507F01023,EMPOWER,EQ,,,,,EMPOWER INDIA LTD.,2.01,2.01,2.01,2.01,2.01,2.11,,2.01,,,4047435,8135344.35,1697,F1,1,,,,,
2026-09-01,2026-09-01,CM,NSE,STK,18593,INE0OV601013,EMSLIMITED,EQ,,,,,EMS LIMITED,372.4,379.0,370.2,372.4,371.0,374.75,,372.36,,,104652,39194990.2,3667,F1,1,,,,,
2026-09-01,2026-09-01,CM,NSE,STK,9756,INE01QM01018,EMUDHRA,EQ,,,,,EMUDHRA LIMITED,555.0,555.0,527.85,533.1,530.05,547.85,,533.11,,,125079,67435312.5,4907,F1,1,,,,,
2026-09-01,2026-09-01,CM,NSE,STK,760321,INE433T01015,ENCOMPAS,SM,,,,,ENCOMPASS DESIGN INDIA L,251.0,253.55,242.0,250.0,250.0,250.9,,250.0,,,5600,1398160.0,7,F1,400,,,,,
2026-09-01,2026-09-01,CM,NSE,STK,18822,INE913H01037,ENDURANCE,EQ,,,,,ENDURANCE TECHNO. LTD.,2888.0,2905.8,2829.3,2841.7,2844.0,2871.2,,2841.71,,,42736,122357479.6,9543,F1,1,,,,,
2026-09-01,2026-09-01,CM,NSE,STK,15049,INE306C01019,ENERGYDEV,EQ,,,,,ENERGY DEVE. CO.LTD,15.88,16.19,15.75,15.78,15.79,15.88,,15.79,,,13623,217072.64,332,F1,1,,,,,
2026-09-01,2026-09-01,CM,NSE,STK,23745,INE0S1L01013,EMMIL,SM,,,,,ENERGY MISSION MACH IND L,121.1,123.0,118.5,121.0,121.0,125.0,,121.0,,,7750,935900.0,25,F1,250,,,,,
2026-09-01,2026-09-01,CM,NSE,STK,23224,INE0S3X01014,ENFUSE,SM,,,,,ENFUSE SOLUTIONS LIMITED,160.0,160.0,158.4,160.0,160.0,160.0,,160.0,,,1800,287040.0,3,F1,600,,,,,
2026-09-01,2026-09-01,CM,NSE,STK,4907,INE510A01028,ENGINERSIN,EQ,,,,,ENGINEERS INDIA LTD,263.0,289.65,260.45,280.05,280.7,261.87,,280.05,,,57537014,16175519409.1,390766,F1,1,,,,,
2026-09-01,2026-09-01,CM,NSE,STK,764678,INE130L01014,ENKEIWHEL,EQ,,,,,ENKEI WHEELS (INDIA) LTD.,400.0,405.0,391.0,400.0,400.0,399.05,,400.0,,,8408,3362967.85,51,F1,1,,,,,
2026-09-01,2026-09-01,CM,NSE,STK,23230,INE0R9I01021,ENSER,SM,,,,,ENSER COMMUNICATIONS LTD,15.5,15.6,14.5,14.9,14.9,14.85,,14.9,,,95000,1427750.0,16,F1,5000,,,,,
2026-09-01,2026-09-01,CM,NSE,STK,22717,INE010601016,ENTERO,EQ,,,,,ENTERO HEALTHCARE SOLU L,1807.8,1829.0,1790.1,1805.0,1814.0,1809.9,,1805.08,,,116123,210277654.6,12464,F1,1,,,,,
2026-09-01,2026-09-01,CM,NSE,STK,13192,INE265F01028,ENIL,EQ,,,,,ENTERTAIN NET. IND. LTD.,101.99,103.9,100.2,100.96,100.2,101.97,,100.99,,,28318,2876813.67,610,F1,1,,,,,
2026-09-01,2026-09-01,CM,NSE,STK,27213,INE0LLY01014,EIEL,EQ,,,,,ENVIRO INFRA ENGINEERS L,196.5,196.82,190.1,190.82,191.93,196.92,,190.82,,,590767,113682895.16,9808,F1,1,,,,,
2026-09-01,2026-09-01,CM,NSE,STK,25412,INE0SUH01015,ENVIRO,SM,,,,,ENVIROTECH SYSTEMS LTD,69.5,70.5,69.1,69.1,69.1,69.5,,69.1,,,8000,556900.0,8,F1,1000,,,,,
2026-09-01,2026-09-01,CM,NSE,STK,22463,INE0G5901015,EPACK,EQ,,,,,EPACK DURABLE LIMITED,187.0,190.91,185.4,187.72,187.5,187.35,,187.71,,,490346,92176067.34,8157,F1,1,,,,,
2026-09-01,2026-09-01,CM,NSE,STK,759251,INE0MLS01022,EPACKPEB,EQ,,,,,EPACK PREFAB TECHN LTD,223.0,225.0,219.41,224.0,224.9,221.7,,224.0,,,362380,80680468.6,6382,F1,1,,,,,
2026-09-01,2026-09-01,CM,NSE,STK,5382,INE071N01016,EPIGRAL,EQ,,,,,EPIGRAL LIMITED,1208.6,1252.9,1198.6,1239.5,1230.2,1203.3,,1239.53,,,66587,81883599.4,8466,F1,1,,,,,
2026-09-01,2026-09-01,CM,NSE,STK,981,INE255A01020,EPL,EQ,,,,,EPL LIMITED,246.0,247.7,237.5,240.35,239.9,262.06,,240.31,,,135432363,32683957403.2,208788,F1,1,,,,,
2026-09-01,2026-09-01,CM,NSE,STK,758349,INE11HF01010,EEPL,ST,,,,,EPPELTONE ENGINEERS LTD,146.55,146.55,140.8,142.25,141.0,146.45,,142.25,,,19000,2705850.0,19,F1,1000,,,,,
2026-09-01,2026-09-01,CM,NSE,STK,761217,INE1KEC01023,EPWINDIA,ST,,,,,EPW INDIA LIMITED,231.0,254.6,230.4,250.0,250.0,242.5,,250.0,,,32400,7844100.0,26,F1,1200,,,,,
2026-09-01,2026-09-01,CM,NSE,STK,3553,INE217G01035,EQUIPPP,BE,,,,,EQUIPPP SOC IMP TECH LTD,22.15,22.45,21.28,22.2,22.4,22.3,,22.21,,,2030,44665.92,15,F1,1,,,,,
2026-09-01,2026-09-01,CM,NSE,STK,913,INE063P01018,EQUITASBNK,EQ,,,,,EQUITAS SMALL FIN BNK LTD,73.97,74.19,73.08,73.42,73.26,73.97,,73.42,,,939445,69207484.1,9996,F1,1,,,,,
2026-09-01,2026-09-01,CM,NSE,STK,21154,INE406M01024,ERIS,EQ,,,,,ERIS LIFESCIENCES LIMITED,1297.2,1312.5,1291.0,1299.9,1295.0,1297.2,,1299.88,,,48468,62940472.2,9096,F1,1,,,,,
2026-09-01,2026-09-01,CM,NSE,STK,955,INE284A01012,ESABINDIA,EQ,,,,,ESAB INDIA LTD,6134.0,6189.5,6014.5,6141.5,6120.0,6119.5,,6140.33,,,7782,47482115.5,3409,F1,1,,,,,
2026-09-01,2026-09-01,CM,NSE,STK,19884,INE818W01011,ESAFSFB,BE,,,,,ESAF SMALL FINANCE BANK L,43.4,43.4,41.05,41.48,41.45,42.97,,41.48,,,585595,24517513.9,1610,F1,1,,,,,
2026-09-01,2026-09-01,CM,NSE,STK,22764,INE0RQZ01017,ESCONET,SM,,,,,ESCONET TECHNOLOGIES LTD,197.65,217.4,197.65,217.4,217.4,197.65,,217.4,,,78000,16697380.0,163,F1,400,,,,,
2026-09-01,2026-09-01,CM,NSE,STK,958,INE042A01014,ESCORTS,EQ,,,,,ESCORTS KUBOTA LIMITED,3050.0,3105.0,2986.0,3016.1,3013.0,2995.0,,3016.08,,,115819,351361327.2,19218,F1,1,,,,,
2026-09-01,2026-09-01,CM,NSE,STK,24678,INE0SBP01018,ESPRIT,SM,,,,,ESPRIT STONES LIMITED,65.0,65.0,65.0,65.0,65.0,66.75,,65.0,,,1600,104000.0,1,F1,1600,,,,,
2026-09-01,2026-09-01,CM,NSE,STK,25634,INE122M01019,ESSARSHPNG,EQ,,,,,ESSAR SHIPPING LTD,16.2,18.0,16.2,16.83,17.79,16.58,,16.82,,,151322,2536872.16,698,F1,1,,,,,
2026-09-01,2026-09-01,CM,NSE,STK,17084,INE0ITO01014,ESFL,SM,,,,,ESSEN SPECIALITY FILMS L,120.6,120.6,118.5,120.15,120.15,120.6,,120.15,,,14400,1722960.0,35,F1,360,,,,,
2026-09-01,2026-09-01,CM,NSE,STK,24265,INE778B01029,ESTER,EQ,,,,,ESTER INDUSTRIES LTD,93.5,95.44,91.0,92.68,93.0,91.73,,92.68,,,121349,11243907.29,2120,F1,1,,,,,
2026-09-01,2026-09-01,CM,NSE,STK,5097,INE758T01015,ETERNAL,EQ,,,,,ETERNAL LIMITED,325.0,329.4,323.0,327.75,327.75,328.1,,327.75,,,21501682,7023675854.3,113465,F1,1,,,,,
2026-09-01,2026-09-01,CM,NSE,STK,9750,INE04TZ01018,ETHOSLTD,EQ,,,,,ETHOS LIMITED,2909.0,2912.8,2860.0,2879.4,2870.0,2898.7,,2879.41,,,21366,61751578.9,6290,F1,1,,,,,
2026-09-01,2026-09-01,CM,NSE,STK,25162,INE0KCE01017,EUREKAFORB,EQ,,,,,EUREKA FORBES LIMITED,432.1,432.5,412.95,427.8,425.5,429.4,,427.78,,,192759,81272400.4,10329,F1,1,,,,,
2026-09-01,2026-09-01,CM,NSE,STK,6042,INE546V01010,EIFFL,BE,,,,,EURO (I) FRESH FOODS LTD,290.05,290.05,290.05,290.05,290.05,295.95,,290.05,,,63,18273.15,6,F1,1,,,,,
2026-09-01,2026-09-01,CM,NSE,STK,757953,INE505V01016,EUROBOND,EQ,,,,,EURO PANEL PRODUCTS LTD,156.9,156.9,147.5,148.02,149.4,150.28,,148.26,,,3776,560768.51,133,F1,1,,,,,
2026-09-01,2026-09-01,CM,NSE,STK,759797,INE198501012,EUROPRATIK,EQ,,,,,EURO PRATIK SALES LIMITED,265.35,265.35,258.4,259.35,259.75,263.7,,259.35,,,177200,46219448.7,1832,F1,1,,,,,
2026-09-01,2026-09-01,CM,NSE,STK,8886,INE022C01012,EUROTEXIND,BE,,,,,EUROTEX IND & EXPORTS LTD,13.99,13.99,13.99,13.99,13.99,13.99,,13.69,,,6,83.94,2,F1,1,,,,,
2026-09-01,2026-09-01,CM,NSE,STK,11782,INE128A01029,EVEREADY,EQ,,,,,EVEREADY INDS. IND.  LTD.,330.5,330.5,322.4,325.1,322.5,329.8,,325.11,,,92060,29993205.15,2418,F1,1,,,,,
2026-09-01,2026-09-01,CM,NSE,STK,6017,INE295A01018,EVERESTIND,BE,,,,,EVEREST INDUSTRIES LTD,420.0,435.0,415.0,420.75,420.0,431.4,,421.29,,,21159,8986048.05,180,F1,1,,,,,
2026-09-01,2026-09-01,CM,NSE,STK,13091,INE184H01027,EKC,EQ,,,,,EVEREST KANTO CYLINDERLTD,107.55,108.3,105.49,105.79,105.8,107.47,,105.8,,,133299,14192348.16,1897,F1,1,,,,,
2026-09-01,2026-09-01,CM,NSE,STK,11471,INE369A01029,EXCELINDUS,EQ,,,,,EXCEL INDUSTRIES LTD,1053.0,1053.0,1004.5,1015.5,1009.0,1046.15,,1015.2,,,6767,6949604.3,920,F1,1,,,,,
2026-09-01,2026-09-01,CM,NSE,STK,760007,INE606N01019,EXCELSOFT,EQ,,,,,EXCELSOFT TECHNOLOGIES L,69.93,70.45,69.6,69.79,69.65,69.93,,69.79,,,156084,10915078.34,1239,F1,1,,,,,
2026-09-01,2026-09-01,CM,NSE,STK,22947,INE777F01014,EXICOM,EQ,,,,,EXICOM TELE SYSTEMS LTD,166.0,166.0,159.0,162.98,163.1,165.99,,162.97,,,870784,140857935.27,10651,F1,1,,,,,
2026-09-01,2026-09-01,CM,NSE,STK,676,INE302A01020,EXIDEIND,EQ,,,,,EXIDE INDUSTRIES LTD,439.1,444.6,434.0,436.25,437.0,440.25,,436.25,,,2106708,924106084.3,41953,F1,1,,,,,
2026-09-01,2026-09-01,CM,NSE,STK,760422,INE19I001020,EXIMROUTES,SM,,,,,EXIM ROUTES LIMITED,110.0,110.0,106.5,108.0,108.0,110.0,,108.0,,,2400,259600.0,3,F1,800,,,,,
2026-09-01,2026-09-01,CM,NSE,STK,17486,INE201K01015,EXPLEOSOL,EQ,,,,,EXPLEO SOLUTIONS LIMITED,857.8,868.95,849.0,854.4,852.1,857.05,,854.47,,,12578,10800012.25,1057,F1,1,,,,,
2026-09-01,2026-09-01,CM,NSE,STK,5352,INE0GFE01026,EXXARO,EQ,,,,,EXXARO TILES LIMITED,7.14,7.24,6.25,6.48,6.42,7.13,,6.48,,,1403583,9369915.87,2519,F1,1,,,,,
2026-09-01,2026-09-01,CM,NSE,STK,760125,INE0HF201011,FABTECH,EQ,,,,,FABTECH TECHNOLOGIES LTD,148.41,149.97,146.22,147.6,149.0,148.41,,147.69,,,27864,4130141.56,788,F1,1,,,,,
2026-09-01,2026-09-01,CM,NSE,STK,1008,INE188A01015,FACT,EQ,,,,,FACT LTD,817.05,829.0,811.2,815.25,817.7,821.25,,815.22,,,172573,141434683.95,9868,F1,1,,,,,
2026-09-01,2026-09-01,CM,NSE,STK,1619,INE0DNW01011,FAIRCHEMOR,BE,,,,,FAIRCHEM ORGANICS LIMITED,674.0,674.0,664.15,664.15,664.15,675.0,,666.7,,,2373,1581659.95,56,F1,1,,,,,
2026-09-01,2026-09-01,CM,NSE,STK,24150,INE0PQK01013,FALCONTECH,SM,,,,,FALCON TECHNOPROJ IND LTD,12.75,12.75,12.75,12.75,12.75,12.75,,12.75,,,1200,15300.0,1,F1,1200,,,,,
2026-09-01,2026-09-01,CM,NSE,STK,765371,INE1Q2D01019,FASCINATE,ST,,,,,FASCINATE TEXTILES LTD,84.55,84.55,84.55,84.55,84.55,88.95,,84.55,,,6400,541120.0,7,F1,800,,,,,
2026-09-01,2026-09-01,CM,NSE,STK,12000,INE963C01033,FAZE3Q,EQ,,,,,FAZE THREE LIMITED,487.45,494.95,483.15,490.55,487.05,487.5,,490.48,,,21672,10639306.4,1078,F1,1,,,,,
2026-09-01,2026-09-01,CM,NSE,STK,11999,INE512B01022,FCSSOFT,EQ,,,,,FCS SOFTWARE SOLN. LTD.,1.49,1.49,1.45,1.45,1.45,1.48,,1.45,,,1245103,1826720.87,1118,F1,1,,,,,
2026-09-01,2026-09-01,CM,NSE,STK,4898,INE258B01022,FDC,EQ,,,,,FDC LIMITED,338.4,340.65,329.05,333.6,335.0,337.2,,333.63,,,230099,77242588.0,9108,F1,1,,,,,
2026-09-01,2026-09-01,CM,NSE,STK,20322,INE007N01010,FEDFINA,EQ,,,,,FEDBANK FINANCIAL SER L,156.45,160.35,154.8,156.21,155.52,157.24,,156.2,,,913152,143417866.97,11202,F1,1,,,,,
2026-09-01,2026-09-01,CM,NSE,STK,762675,INE417D01020,FEDDERSHOL,EQ,,,,,FEDDERS HOLDING LTD.,45.4,46.49,45.15,45.21,45.15,44.69,,45.21,,,1288203,58802839.72,3203,F1,1,,,,,
2026-09-01,2026-09-01,CM,NSE,STK,1023,INE171A01029,FEDERALBNK,EQ,,,,,FEDERAL BANK LTD,350.0,351.75,348.0,349.25,349.25,356.7,,349.25,,,3391394,1185451534.85,69201,F1,1,,,,,
2026-09-01,2026-09-01,CM,NSE,STK,1190,INE529A01010,FMGOETZE,EQ,,,,,FEDERAL-MOGUL GOETZE (IND,632.0,634.2,620.0,624.85,624.95,624.85,,624.85,,,2091800,1308286542.9,30274,F1,1,,,,,
2026-09-01,2026-09-01,CM,NSE,STK,573,INE901X01013,FELIX,SM,,,,,FELIX INDUSTRIES LTD.,177.0,187.0,175.7,184.35,185.45,172.75,,184.35,,,116500,21192575.0,159,F1,500,,,,,
2026-09-01,2026-09-01,CM,NSE,STK,762680,INE225B01021,FERMENTA,EQ,,,,,FERMENTA BIOTECH LTD.,502.9,509.9,477.8,485.8,489.0,500.1,,485.87,,,93488,46040275.95,5692,F1,1,,,,,
2026-09-01,2026-09-01,CM,NSE,STK,8159,INE296C01020,FIBERWEB,EQ,,,,,FIBERWEB INDIA LIMITED,26.1,27.29,25.69,26.15,26.16,26.35,,26.14,,,9566,249953.45,137,F1,1,,,,,
2026-09-01,2026-09-01,CM,NSE,STK,9858,INE0LQQ01019,FIDEL,SM,,,,,FIDEL SOFTECH LIMITED,136.05,142.0,135.05,142.0,142.0,140.0,,142.0,,,4000,555050.0,4,F1,1000,,,,,
2026-09-01,2026-09-01,CM,NSE,STK,13710,INE737H01014,FIEMIND,EQ,,,,,FIEM INDUSTRIES LIMITED,2045.2,2110.4,2031.2,2085.7,2102.0,2036.2,,2085.63,,,106503,221749933.3,12060,F1,1,,,,,
2026-09-01,2026-09-01,CM,NSE,STK,23647,INE185E01021,FILATFASH,EQ,,,,,FILATEX FASHIONS LIMITED,0.18,0.19,0.18,0.18,0.19,0.18,,0.18,,,16623007,3048919.41,2028,F1,1,,,,,
2026-09-01,2026-09-01,CM,NSE,STK,24532,INE816B01035,FILATEX,EQ,,,,,FILATEX INDIA LTD,74.99,75.29,72.6,73.74,73.36,75.17,,73.74,,,1719002,126754187.04,9309,F1,1,,,,,
2026-09-01,2026-09-01,CM,NSE,STK,759776,INE0EDU01014,FINBUD,SM,,,,,FINBUD FINANCIAL SERV LTD,127.1,129.9,127.1,129.9,129.9,128.0,,129.9,,,5000,643900.0,5,F1,1000,,,,,
2026-09-01,2026-09-01,CM,NSE,STK,3744,INE686Y01026,FINEORG,EQ,,,,,FINE ORGANIC IND. LTD.,5282.0,5380.0,5225.5,5255.5,5227.0,5282.8,,5255.01,,,31627,168062941.5,10691,F1,1,,,,,
2026-09-01,2026-09-01,CM,NSE,STK,6198,INE045J01034,FCL,EQ,,,,,FINEOTEX CHEMICAL LIMITED,51.0,51.3,48.0,48.83,48.9,50.79,,48.83,,,13911490,686440076.25,36406,F1,1,,,,,
2026-09-01,2026-09-01,CM,NSE,STK,759239,INE734I01027,FINKURVE,EQ,,,,,FINKURVE FINANCIAL SERV L,72.91,73.67,67.0,67.76,68.77,72.23,,67.78,,,109032,7642513.87,1597,F1,1,,,,,
2026-09-01,2026-09-01,CM,NSE,STK,6579,INE02NC01014,FINOPB,EQ,,,,,FINO PAYMENTS BANK LTD,139.0,139.79,131.83,136.44,135.68,139.38,,136.45,,,334325,45727572.7,3966,F1,1,,,,,
2026-09-01,2026-09-01,CM,NSE,STK,1038,INE235A01022,FINCABLES,EQ,,,,,FINOLEX CABLES LTD,1260.0,1266.4,1224.4,1248.3,1246.5,1247.15,,1248.31,,,641035,798463848.9,31833,F1,1,,,,,
2026-09-01,2026-09-01,CM,NSE,STK,1041,INE183A01024,FINPIPE,EQ,,,,,FINOLEX INDUSTRIES LTD,158.5,158.99,154.8,155.34,155.4,157.72,,155.33,,,464728,72578029.68,13130,F1,1,,,,,
2026-09-01,2026-09-01,CM,NSE,STK,14304,INE684F01012,FSL,EQ,,,,,FIRSTSOURCE SOLU. LTD.,264.7,267.1,257.0,266.0,265.0,264.8,,265.97,,,1357079,355397387.95,24774,F1,1,,,,,
2026-09-01,2026-09-01,CM,NSE,STK,757658,INE771F01041,FISCHER,EQ,,,,,FISCHER MEDICAL VENTURE L,35.48,37.1,34.67,36.77,36.8,35.21,,36.77,,,1152839,41495621.06,3649,F1,1,,,,,
2026-09-01,2026-09-01,CM,NSE,STK,12032,INE128S01021,FIVESTAR,EQ,,,,,FIVE-STAR BUS FIN LTD,535.65,539.8,525.55,538.1,536.0,535.05,,538.1,,,321205,171566866.75,15017,F1,1,,,,,
2026-09-01,2026-09-01,CM,NSE,STK,20372,INE00Y201027,FLAIR,EQ,,,,,FLAIR WRITING INDUST LTD,250.0,251.9,247.21,249.98,250.05,248.65,,249.96,,,59842,14944889.88,1243,F1,1,,,,,
2026-09-01,2026-09-01,CM,NSE,STK,25516,INE060J01017,FLEXITUFF,BE,,,,,FLEXITUFF VENTURES INT L,2.51,2.55,2.45,2.46,2.5,2.54,,2.46,,,52613,131541.62,129,F1,1,,,,,
2026-09-01,2026-09-01,CM,NSE,STK,758208,INE0VCK01011,FLYSBS,SM,,,,,FLYSBS AVIATION LIMITED,618.0,618.1,601.2,606.65,611.0,618.5,,606.65,,,95000,57796020.0,316,F1,200,,,,,
2026-09-01,2026-09-01,CM,NSE,STK,6839,INE593W01028,FOCUS,BE,,,,,FOCUS LIGHTG & FIXTRS LTD,65.68,67.0,64.95,66.14,66.9,65.74,,66.14,,,60651,3962416.89,386,F1,1,,,,,
2026-09-01,2026-09-01,CM,NSE,STK,22517,INE0Q4701019,FONEBOX,SM,,,,,FONEBOX RETAIL LIMITED,100.0,100.0,99.0,99.0,99.0,100.0,,99.0,,,5000,499000.0,5,F1,1000,,,,,
2026-09-01,2026-09-01,CM,NSE,STK,6673,INE976E01023,FOODSIN,EQ,,,,,FOODS & INNS LIMITED,54.74,54.74,53.0,53.46,53.95,54.97,,53.46,,,38335,2068676.71,1059,F1,1,,,,,
2026-09-01,2026-09-01,CM,NSE,STK,24917,INE0U2501017,FORCAS,ST,,,,,FORCAS STUDIO LIMITED,233.0,235.85,226.05,235.85,235.85,224.65,,235.85,,,49600,11623760.0,27,F1,1600,,,,,
2026-09-01,2026-09-01,CM,NSE,STK,11573,INE451A01017,FORCEMOT,EQ,,,,,FORCE MOTORS LIMITED,17580.0,18069.0,17462.0,17722.0,17722.0,17526.0,,17723.79,,,149245,2656989639.0,35300,F1,1,,,,,
2026-09-01,2026-09-01,CM,NSE,STK,25664,INE0YKW01013,FORGEAUTO,SM,,,,,FORGE AUTO INTERNATION L,92.35,92.35,90.5,90.75,90.5,94.25,,90.75,,,6000,546420.0,4,F1,1200,,,,,
2026-09-01,2026-09-01,CM,NSE,STK,14592,INE061F01013,FORTIS,EQ,,,,,FORTIS HEALTHCARE LTD,911.6,921.45,893.0,915.0,915.0,906.9,,914.98,,,1605569,1463420900.85,56385,F1,1,,,,,
2026-09-01,2026-09-01,CM,NSE,STK,1073,INE519A01011,FOSECOIND,EQ,,,,,FOSECO INDIA LTD,6410.0,6490.0,6190.0,6308.5,6332.0,6432.0,,6307.68,,,20790,131873301.5,5008,F1,1,,,,,
2026-09-01,2026-09-01,CM,NSE,STK,760961,INE212S01015,FRACTAL,EQ,,,,,FRACTAL ANALYTICS LIMITED,846.05,850.1,825.0,827.8,826.2,852.15,,827.8,,,213921,179136200.65,17755,F1,1,,,,,
2026-09-01,2026-09-01,CM,NSE,STK,764683,INE194R01017,FREDUN,EQ,,,,,FREDUN PHARMACEUTICALS L,1463.7,1531.0,1450.0,1497.8,1499.9,1446.9,,1497.17,,,24906,37187660.7,2580,F1,1,,,,,
2026-09-01,2026-09-01,CM,NSE,STK,25871,INE0SFW01015,FRESHARA,ST,,,,,FRESHARA AGRO EXPORTS LTD,447.0,464.0,443.0,456.95,458.9,447.25,,456.95,,,36000,16235640.0,47,F1,600,,,,,
2026-09-01,2026-09-01,CM,NSE,STK,11504,INE385O01018,FROG,ST,,,,,FROG INNOVATIONS LIMITED,248.5,260.6,235.8,260.6,260.6,248.2,,260.6,,,76800,19611960.0,158,F1,400,,,,,
2026-09-01,2026-09-01,CM,NSE,STK,762685,INE572D01014,FRONTSP,EQ,,,,,FRONTIER SPRINGS LTD.,1300.0,1300.0,1246.4,1256.2,1252.5,1292.5,,1256.72,,,12369,15662195.4,1572,F1,1,,,,,
2026-09-01,2026-09-01,CM,NSE,STK,6545,INE388Y01029,NYKAA,EQ,,,,,FSN E COMMERCE VENTURES,347.15,347.15,337.0,338.5,338.5,349.55,,338.5,,,8377806,2848007081.95,62585,F1,1,,,,,
2026-09-01,2026-09-01,CM,NSE,STK,759876,INE12UR01024,UTLSOLAR,EQ,,,,,FUJIYAMA POWER SYSTEMS L,461.0,461.0,433.35,439.15,442.0,461.05,,439.14,,,391161,173060474.05,17810,F1,1,,,,,
2026-09-01,2026-09-01,CM,NSE,STK,11932,INE139R01012,FUSION,EQ,,,,,FUSION FINANCE LIMITED,201.57,201.57,194.1,194.65,194.85,200.32,,194.66,,,298034,58492296.42,6901,F1,1,,,,,
2026-09-01,2026-09-01,CM,NSE,STK,14868,INE452O01016,FLFL,BZ,,,,,FUT LIFESTYLE FASH LTD,1.23,1.25,1.15,1.19,1.2,1.2,,1.19,,,17130,20311.34,82,F1,1,,,,,
2026-09-01,2026-09-01,CM,NSE,STK,13812,INE623B01027,FEL,BZ,,,,,FUTURE ENTERPRISES LTD,0.39,0.39,0.38,0.38,0.39,0.38,,0.38,,,254029,98066.6,105,F1,1,,,,,
2026-09-01,2026-09-01,CM,NSE,STK,30491,IN9623B01058,FELDVR,BZ,,,,,FUTURE ENTERPRISES LTD,2.23,2.3,2.23,2.23,2.23,2.23,,2.23,,,486,1089.21,19,F1,1,,,,,
2026-09-01,2026-09-01,CM,NSE,STK,21017,INE360L01017,FMNL,EQ,,,,,FUTURE MKT NETWORKS LTD,10.26,10.75,9.95,10.04,9.95,10.47,,10.05,,,34341,345074.84,114,F1,1,,,,,
2026-09-01,2026-09-01,CM,NSE,STK,1168,INE075D01018,GMBREW,EQ,,,,,G M BREWERIES LTD,877.25,880.0,873.05,876.2,875.2,877.25,,876.21,,,14995,13137032.25,1556,F1,1,,,,,
2026-09-01,2026-09-01,CM,NSE,STK,5054,INE201P01022,GRINFRA,EQ,,,,,G R INFRAPROJECTS LIMITED,876.55,888.4,867.85,882.5,882.65,876.2,,882.56,,,9428,8253387.55,1763,F1,1,,,,,
2026-09-01,2026-09-01,CM,NSE,STK,1135,INE586X01012,GTECJAINX,BE,,,,,G-TEC JAINX EDUCATION LTD,27.0,28.5,27.0,28.28,28.44,27.99,,28.28,,,1705,48221.52,23,F1,1,,,,,
2026-09-01,2026-09-01,CM,NSE,STK,1085,INE524A01029,GABRIEL,EQ,,,,,GABRIEL INDIA LTD,1450.0,1467.9,1402.6,1426.3,1425.0,1437.9,,1426.38,,,647260,932448895.1,41947,F1,1,,,,,
2026-09-01,2026-09-01,CM,NSE,STK,18018,INE224E01028,GATECH,BE,,,,,GACM TECHNOLOGIES LIMITED,1.05,1.05,1.05,1.05,1.05,1.1,,1.06,,,44849106,47091561.3,10922,F1,1,,,,,
2026-09-01,2026-09-01,CM,NSE,STK,27,INE224E01036,GATECHDVR,BE,,,,,GACM TECHNOLOGIES LIMITED,0.58,0.58,0.54,0.54,0.54,0.56,,0.55,,,1903792,1068465.2,533,F1,1,,,,,
2026-09-01,2026-09-01,CM,NSE,STK,4717,INE129A01019,GAIL,EQ,,,,,GAIL (INDIA) LTD,173.41,174.39,172.07,172.69,172.69,177.5,,172.69,,,8008794,1386241127.85,46559,F1,1,,,,,
2026-09-01,2026-09-01,CM,NSE,STK,765396,INE18UN01038,GAJA,EQ,,,,,GAJA ALT ASSET MGT LTD,152.5,164.4,149.51,161.79,161.51,150.97,,161.82,,,6737896,1074893269.18,52982,F1,1,,,,,
2026-09-01,2026-09-01,CM,NSE,STK,25244,INE0QTE01018,GAJANAND,SM,,,,,GAJANAND INTERNATIONAL L,8.05,9.15,8.05,9.15,9.15,9.45,,9.15,,,6000,51600.0,2,F1,3000,,,,,
2026-09-01,2026-09-01,CM,NSE,STK,25134,INE0RE001014,GALAPREC,EQ,,,,,GALA PRECISION ENG LTD,1018.1,1034.5,1000.1,1009.6,1011.0,1025.4,,1009.61,,,29559,29937717.8,3371,F1,1,,,,,
2026-09-01,2026-09-01,CM,NSE,STK,1315,INE600K01018,GALAXYSURF,EQ,,,,,GALAXY SURFACTANTS LTD,2244.3,2280.4,2210.3,2229.4,2228.0,2255.6,,2230.31,,,40040,89730992.2,7991,F1,1,,,,,
2026-09-01,2026-09-01,CM,NSE,STK,13337,INE297H01019,GALLANTT,EQ,,,,,GALLANTT ISPAT LIMITED,563.0,574.65,547.2,552.8,550.0,567.25,,552.81,,,78899,43820368.15,4869,F1,1,,,,,
2026-09-01,2026-09-01,CM,NSE,STK,20303,INE717W01049,GANDHAR,EQ,,,,,GANDHAR OIL REFINE IND L,257.7,268.5,255.05,261.8,262.5,257.72,,261.81,,,2578536,681842213.75,33425,F1,1,,,,,
2026-09-01,2026-09-01,CM,NSE,STK,14116,INE524B01027,GANDHITUBE,EQ,,,,,GANDHI SPL. TUBES LTD,901.4,902.0,887.15,896.6,892.55,900.95,,896.56,,,4413,3950618.15,486,F1,1,,,,,
2026-09-01,2026-09-01,CM,NSE,STK,5617,INE388A01029,GANESHBE,BE,,,,,GANESH BENZOPLAST LIMITED,115.2,120.96,115.2,116.37,116.0,115.2,,116.49,,,152025,18121753.38,1008,F1,1,,,,,
2026-09-01,2026-09-01,CM,NSE,STK,759012,INE652V01016,GANESHCP,EQ,,,,,GANESH CONSUMER PRODUCT L,172.64,174.8,166.75,168.2,168.0,171.15,,168.2,,,116515,19741891.64,1978,F1,1,,,,,
2026-09-01,2026-09-01,CM,NSE,STK,24439,INE0R8C01018,GGBL,SM,,,,,GANESH GREEN BHARAT LTD,229.05,231.9,214.0,217.5,217.85,226.8,,217.5,,,59400,13085490.0,177,F1,300,,,,,
2026-09-01,2026-09-01,CM,NSE,STK,14339,INE460C01014,GANESHHOU,EQ,,,,,GANESH HOUSING LIMITED,775.7,788.45,765.05,775.2,778.3,776.95,,775.2,,,27105,21009360.15,1403,F1,1,,,,,
2026-09-01,2026-09-01,CM,NSE,STK,27351,INE0TVT01024,GANESHIN,ST,,,,,GANESH INFRAWORLD LIMITED,105.95,107.5,101.05,102.8,104.95,106.0,,102.8,,,64800,6768640.0,78,F1,800,,,,,
2026-09-01,2026-09-01,CM,NSE,STK,6944,INE845D01014,GANECOS,EQ,,,,,GANESHA ECOSPHERE LIMITED,1028.1,1031.8,1018.0,1024.6,1020.0,1021.7,,1024.58,,,49268,50387626.5,3932,F1,1,,,,,
2026-09-01,2026-09-01,CM,NSE,STK,757525,INE0ZI101018,GANGABATH,SM,,,,,GANGA BATH FITTINGS LTD,22.05,22.9,20.9,21.8,21.8,21.35,,21.8,,,33000,715650.0,11,F1,3000,,,,,
2026-09-01,2026-09-01,CM,NSE,STK,4957,INE691Z01023,GANGAFORGE,EQ,,,,,GANGA FORGING LIMITED,1.77,1.77,1.74,1.77,1.77,1.69,,1.77,,,2248677,3979655.83,483,F1,1,,,,,
2026-09-01,2026-09-01,CM,NSE,STK,21399,INE335W01016,GANGESSECU,EQ,,,,,GANGES SECURITIES LIMITED,118.0,121.01,116.4,118.03,118.03,117.69,,116.9,,,3685,436412.55,83,F1,1,,,,,
2026-09-01,2026-09-01,CM,NSE,STK,5475,INE382Z01011,GRSE,EQ,,,,,GARDEN REACH SHIP&ENG LTD,2564.0,2571.1,2513.6,2530.2,2532.0,2565.5,,2530.24,,,327932,831733601.9,22527,F1,1,,,,,
2026-09-01,2026-09-01,CM,NSE,STK,25800,INE0JVO01026,GARUDA,EQ,,,,,GARUDA CONSTRUCT N ENG L,173.0,180.5,171.54,179.85,178.66,171.61,,179.85,,,782142,138884476.49,11570,F1,1,,,,,
2026-09-01,2026-09-01,CM,NSE,STK,7982,INE291A01017,GRWRHITECH,EQ,,,,,GARWARE HI-TECH FILMS LTD,7107.0,7288.0,7104.0,7209.5,7180.0,7137.5,,7209.89,,,30911,222487048.0,9315,F1,1,,,,,
2026-09-01,2026-09-01,CM,NSE,STK,1100,INE276A01018,GARFIBRES,EQ,,,,,GARWARE TECH FIBRES LTD,813.85,852.0,808.3,842.7,850.0,813.85,,842.01,,,90917,75612786.85,9020,F1,1,,,,,
2026-09-01,2026-09-01,CM,NSE,STK,8510,INE079J01017,GATEWAY,EQ,,,,,GATEWAY DISTRIPARKS LTD,53.95,53.95,52.5,52.86,52.95,53.79,,52.86,,,1270338,67280912.45,11676,F1,1,,,,,
2026-09-01,2026-09-01,CM,NSE,STK,760179,INE0P8B01020,GAUDIUMIVF,BE,,,,,GAUDIUM IVF N WOMEN H L,128.02,133.89,125.0,127.72,128.9,127.8,,127.76,,,243370,31774442.4,1998,F1,1,,,,,
2026-09-01,2026-09-01,CM,NSE,STK,3693,INE287Z01012,GAYAHWS,EQ,,,,,GAYATRI HIGHWAYS LIMITED,2.05,2.1,1.96,2.02,2.05,1.96,,2.01,,,371576,747635.84,426,F1,1,,,,,
2026-09-01,2026-09-01,CM,NSE,STK,25023,INE336H01023,GAYAPROJ,EQ,,,,,GAYATRI PROJECTS LTD,21.8,21.89,20.59,20.69,20.59,21.63,,20.71,,,400454,8426042.22,1436,F1,1,,,,,
2026-09-01,2026-09-01,CM,NSE,STK,14052,INE0LVM01018,GRCL,SM,,,,,GAYATRI RUBB AND CHEM LTD,580.0,580.0,580.0,580.0,580.0,572.0,,580.0,,,750,435000.0,3,F1,250,,,,,
2026-09-01,2026-09-01,CM,NSE,STK,7862,INE878A01011,GVPIL,EQ,,,,,GE POWER INDIA LIMITED,627.4,638.0,620.0,622.55,620.0,627.4,,622.57,,,107768,67631665.5,4656,F1,1,,,,,
2026-09-01,2026-09-01,CM,NSE,STK,16783,INE200A01026,GVT&D,EQ,,,,,GE VERNOVA T&D INDIA LTD,4400.0,4400.0,4268.8,4324.0,4324.0,4445.2,,4324.01,,,1044144,4505043830.0,92124,F1,1,,,,,
2026-09-01,2026-09-01,CM,NSE,STK,13662,INE916G01016,GEECEE,BE,,,,,GEECEE VENTURES LIMITED,364.0,369.95,361.3,368.55,368.55,369.95,,367.47,,,1511,551289.0,25,F1,1,,,,,
2026-09-01,2026-09-01,CM,NSE,STK,17922,INE669X01032,GEEKAYWIRE,EQ,,,,,GEEKAY WIRES LIMITED,28.15,29.8,27.05,29.09,29.11,26.7,,29.09,,,867412,24951653.48,5977,F1,1,,,,,
2026-09-01,2026-09-01,CM,NSE,STK,759461,INE06XZ01023,GEMAROMA,EQ,,,,,GEM AROMATICS LIMITED,169.5,169.5,166.0,166.69,166.05,168.26,,166.62,,,56296,9409653.28,1126,F1,1,,,,,
2026-09-01,2026-09-01,CM,NSE,STK,277,INE481Y01014,GICRE,EQ,,,,,GENERAL INS CORP OF INDIA,356.5,359.4,354.0,354.75,354.6,354.75,,354.75,,,1430980,509232032.05,23638,F1,1,,,,,
2026-09-01,2026-09-01,CM,NSE,STK,2188,INE854S01022,GENCON,EQ,,,,,GENERIC ENG CONS PROJ LTD,47.75,47.85,43.81,44.93,46.9,47.23,,44.93,,,312963,14433062.29,1567,F1,1,,,,,
2026-09-01,2026-09-01,CM,NSE,STK,10905,INE727B01026,GENESYS,EQ,,,,,GENESYS INTL CORPN LTD,227.35,234.25,220.89,225.93,224.9,227.35,,225.92,,,592909,135155309.88,10480,F1,1,,,,,
2026-09-01,2026-09-01,CM,NSE,STK,758842,INE06H201014,GENSOL,BZ,,,,,GENSOL ENGINEERING LTD,17.84,17.84,17.15,17.23,17.5,17.43,,17.23,,,38350,663864.58,396,F1,1,,,,,
2026-09-01,2026-09-01,CM,NSE,STK,6600,INE949P01018,GENUSPAPER,EQ,,,,,GENUS P&B LIMITED,12.12,12.5,11.9,11.99,12.0,12.12,,11.99,,,83707,1017554.61,328,F1,1,,,,,
2026-09-01,2026-09-01,CM,NSE,STK,11905,INE955D01029,GENUSPOWER,EQ,,,,,GENUS POWER INFRASTRU LTD,336.9,337.95,324.1,327.9,328.4,335.2,,327.9,,,2515432,828611350.7,31810,F1,1,,,,,
2026-09-01,2026-09-01,CM,NSE,STK,31942,INE1W0N01014,GENXAI,SM,,,,,GENXAI ANALYTICS LIMITED,87.8,87.8,84.1,85.05,84.1,84.9,,85.05,,,34800,2996640.0,15,F1,1200,,,,,
2026-09-01,2026-09-01,CM,NSE,STK,11896,INE007B01023,GEOJITFSL,EQ,,,,,GEOJIT FINANCIAL SER L,82.79,84.09,82.15,83.22,83.35,83.32,,83.22,,,272219,22617500.14,2794,F1,1,,,,,
2026-09-01,2026-09-01,CM,NSE,STK,1289,INE538A01037,GFLLIMITED,EQ,,,,,GFL LIMITED,53.8,57.6,53.8,56.3,56.48,54.17,,56.3,,,109094,6150016.54,1845,F1,1,,,,,
2026-09-01,2026-09-01,CM,NSE,STK,1127,INE539A01019,GHCL,EQ,,,,,GHCL LIMITED,436.05,440.0,433.3,435.6,438.35,437.8,,435.62,,,108022,47118946.0,3926,F1,1,,,,,
2026-09-01,2026-09-01,CM,NSE,STK,16696,INE0PA801013,GHCLTEXTIL,EQ,,,,,GHCL TEXTILES LIMITED,136.0,144.0,135.02,140.45,141.14,134.77,,140.45,,,2290225,321877419.04,24048,F1,1,,,,,
2026-09-01,2026-09-01,CM,NSE,STK,1139,INE289B01019,GICHSGFIN,EQ,,,,,GIC HOUSING FINANCE LTD,139.99,144.9,138.02,141.95,140.55,139.19,,141.96,,,105049,14865863.77,1702,F1,1,,,,,
2026-09-01,2026-09-01,CM,NSE,STK,17839,INE047B01011,GILLANDERS,EQ,,,,,GILLANDERS ARBUTHNOT LTD,106.16,109.0,103.63,105.83,106.8,105.52,,105.39,,,7145,761994.85,114,F1,1,,,,,
2026-09-01,2026-09-01,CM,NSE,STK,1576,INE322A01010,GILLETTE,EQ,,,,,GILLETTE INDIA LTD,7325.0,7437.0,7255.0,7419.5,7410.0,7329.0,,7419.62,,,16392,120370213.5,5354,F1,1,,,,,
2026-09-01,2026-09-01,CM,NSE,STK,9294,INE424C01010,GINNIFILA,BE,,,,,GINNIFILAMENTS LTD.,44.39,44.5,43.5,43.54,43.5,43.99,,43.55,,,17177,751233.09,94,F1,1,,,,,
2026-09-01,2026-09-01,CM,NSE,STK,2365,INE614Z01017,GIRIRAJ,SM,,,,,GIRIRAJ CIVIL DEVP LTD,82.5,82.5,78.8,78.8,78.8,82.9,,78.8,,,2000,159387.5,8,F1,250,,,,,
2026-09-01,2026-09-01,CM,NSE,STK,759048,INE1AG301022,GKENERGY,EQ,,,,,GK ENERGY LIMITED,133.18,134.8,130.56,132.08,133.0,133.18,,132.05,,,302913,40152026.02,3534,F1,1,,,,,
2026-09-01,2026-09-01,CM,NSE,STK,764688,INE265D01015,GKB,EQ,,,,,GKB OPHTHALMICS LTD.,67.44,67.44,67.0,67.0,67.0,66.09,,66.0,,,37,2480.76,5,F1,1,,,,,
2026-09-01,2026-09-01,CM,NSE,STK,17357,INE528A01020,GKWLIMITED,EQ,,,,,GKW LIMITED,1558.9,1564.9,1505.5,1550.0,1550.0,1524.7,,1550.0,,,692,1063524.4,94,F1,1,,,,,
2026-09-01,2026-09-01,CM,NSE,STK,1186,INE068V01023,GLAND,EQ,,,,,GLAND PHARMA LIMITED,2885.7,2928.6,2859.3,2875.0,2864.5,2885.8,,2874.25,,,257559,745141153.3,30710,F1,1,,,,,
2026-09-01,2026-09-01,CM,NSE,STK,1153,INE159A01016,GLAXO,EQ,,,,,GLAXOSMITHKLINE PHARMA LT,3040.0,3040.1,2966.4,2996.1,2997.0,3050.1,,2996.08,,,89863,268846418.6,8062,F1,1,,,,,
2026-09-01,2026-09-01,CM,NSE,STK,7406,INE935A01035,GLENMARK,EQ,,,,,GLENMARK PHARMACEUTICALS,2480.0,2494.9,2455.0,2470.4,2470.4,2480.0,,2470.37,,,679565,1680882218.1,33397,F1,1,,,,,
2026-09-01,2026-09-01,CM,NSE,STK,1415,INE291W01037,GLOBAL,EQ,,,,,GLOBAL EDUCATION LIMITED,105.1,111.89,105.1,110.14,109.3,107.02,,110.14,,,76188,8290207.81,777,F1,1,,,,,
2026-09-01,2026-09-01,CM,NSE,STK,11956,INE474Q01031,MEDANTA,EQ,,,,,GLOBAL HEALTH LIMITED,1480.9,1500.1,1448.2,1458.1,1465.0,1479.7,,1458.05,,,256307,378097039.7,26207,F1,1,,,,,
2026-09-01,2026-09-01,CM,NSE,STK,17170,INE0PS501019,GLOBALPET,ST,,,,,GLOBAL PET INDUSTRIES LTD,156.4,156.4,155.0,155.0,155.0,156.4,,155.0,,,1500,233550.0,2,F1,750,,,,,
2026-09-01,2026-09-01,CM,NSE,STK,14599,INE0JSX01015,GSLSU,EQ,,,,,GLOBAL SURFACES LIMITED,25.73,26.23,24.45,24.52,24.46,25.73,,24.54,,,307658,7608385.83,2534,F1,1,,,,,
2026-09-01,2026-09-01,CM,NSE,STK,13735,INE792H01019,GLOBALVECT,EQ,,,,,GLOBAL VEC HELICORP LTD,142.89,147.0,140.05,142.2,144.34,142.51,,142.26,,,3044,434337.44,206,F1,1,,,,,
2026-09-01,2026-09-01,CM,NSE,STK,24932,INE0URU01010,GLOBALE,EQ,,,,,GLOBALE TESSILE LIMITED,11.5,11.5,11.1,11.2,11.2,11.5,,11.2,,,3419,38737.0,19,F1,1,,,,,
2026-09-01,2026-09-01,CM,NSE,STK,758572,INE0V3U01015,GLOBECIVIL,EQ,,,,,GLOBE CIVIL PROJECTS LTD,46.69,48.4,45.6,46.21,46.3,46.69,,46.2,,,129549,6114214.53,794,F1,1,,,,,
2026-09-01,2026-09-01,CM,NSE,STK,393,INE581X01021,GLOBE,EQ,,,,,GLOBE ENTERPRISE (I) LTD,1.95,1.96,1.88,1.9,1.91,1.93,,1.9,,,901436,1736140.38,348,F1,1,,,,,
2026-09-01,2026-09-01,CM,NSE,STK,761025,INE947T01022,GICL,EQ,,,,,GLOBE INTL CARRIERS LTD,23.55,23.89,23.11,23.74,23.75,23.84,,23.74,,,332495,7880992.71,258,F1,1,,,,,
2026-09-01,2026-09-01,CM,NSE,STK,9764,INE00WS01056,GSTL,SM,,,,,GLOBESECURE TECHNO LTD,12.0,12.0,12.0,12.0,12.0,12.15,,12.0,,,1000,12000.0,1,F1,1000,,,,,
2026-09-01,2026-09-01,CM,NSE,STK,17424,INE615I01010,GLOBUSSPR,EQ,,,,,GLOBUS SPIRITS LTD,919.8,924.0,910.0,914.95,913.0,917.3,,915.0,,,122377,111941797.0,6882,F1,1,,,,,
2026-09-01,2026-09-01,CM,NSE,STK,23590,INE350Z01018,GLOSTERLTD,EQ,,,,,GLOSTER LIMITED,604.9,604.9,590.5,591.5,591.5,589.9,,591.5,,,361,214084.3,26,F1,1,,,,,
2026-09-01,2026-09-01,CM,NSE,STK,760116,INE0TQE01026,GLOTTIS,EQ,,,,,GLOTTIS LIMITED,63.26,64.0,62.51,63.01,63.01,63.76,,63.01,,,67595,4267572.88,453,F1,1,,,,,
2026-09-01,2026-09-01,CM,NSE,STK,1570,INE541A01023,GMMPFAUDLR,EQ,,,,,GMM PFAUDLER LIMITED,1047.0,1109.0,1024.8,1083.8,1085.7,1042.45,,1083.82,,,393281,425260334.2,21797,F1,1,,,,,
2026-09-01,2026-09-01,CM,NSE,STK,13528,INE776C01039,GMRAIRPORT,EQ,,,,,GMR AIRPORTS LIMITED,95.5,96.3,93.08,94.12,94.12,93.63,,94.12,,,19748938,1858623973.35,36357,F1,1,,,,,
2026-09-01,2026-09-01,CM,NSE,STK,8529,INE0CU601026,GMRP&UI,EQ,,,,,GMR POW AND URBAN INFRA L,91.34,92.0,89.25,89.91,89.5,90.31,,89.91,,,1140376,102819741.69,9203,F1,1,,,,,
2026-09-01,2026-09-01,CM,NSE,STK,18571,INE934S01014,GNA,EQ,,,,,GNA AXLES LIMITED,544.9,544.9,524.0,532.45,530.0,539.85,,532.43,,,190305,101169100.95,5217,F1,1,,,,,
2026-09-01,2026-09-01,CM,NSE,STK,757862,INE18JU01028,EBGNG,EQ,,,,,GNG ELECTRONICS LIMITED,621.4,669.1,606.3,650.5,647.3,612.5,,650.49,,,1922207,1241731025.9,60505,F1,1,,,,,
2026-09-01,2026-09-01,CM,NSE,STK,23799,INE03JT01014,GODIGIT,EQ,,,,,GO DIGIT GENERAL INS LTD,257.4,262.0,252.1,260.75,260.2,257.4,,260.74,,,167036,42835405.35,7218,F1,1,,,,,
2026-09-01,2026-09-01,CM,NSE,STK,6964,INE0BJS01011,GOCOLORS,EQ,,,,,GO FASHION INDIA LTD,330.0,333.65,320.0,323.45,323.8,327.85,,323.45,,,134208,43795303.0,3855,F1,1,,,,,
2026-09-01,2026-09-01,CM,NSE,STK,14687,INE426D01013,GOACARBON,EQ,,,,,GOA CARBON LIMITED,370.0,379.0,367.05,369.05,368.0,369.55,,369.12,,,14805,5508045.15,1078,F1,1,,,,,
2026-09-01,2026-09-01,CM,NSE,STK,3963,INE077F01035,GOCLCORP,EQ,,,,,GOCL CORPORATION LIMITED,389.9,395.0,384.05,387.35,386.95,392.5,,387.34,,,21846,8498853.4,1157,F1,1,,,,,
2026-09-01,2026-09-01,CM,NSE,STK,25941,INE497S01012,GODAVARIB,EQ,,,,,GODAVARI BIOREFINERIES L,234.35,237.21,231.29,234.95,235.88,234.35,,234.98,,,64800,15174558.12,1560,F1,1,,,,,
2026-09-01,2026-09-01,CM,NSE,STK,13409,INE177H01039,GPIL,EQ,,,,,GODAWARI POW & ISP LTD,245.0,245.39,239.1,243.41,244.5,243.67,,243.4,,,1079861,261342340.2,14819,F1,1,,,,,
2026-09-01,2026-09-01,CM,NSE,STK,1181,INE260B01028,GODFRYPHLP,EQ,,,,,GODFREY PHILLIPS INDIA LT,2104.8,2118.7,2072.0,2078.3,2078.3,2104.8,,2078.31,,,137521,287411370.3,13782,F1,1,,,,,
2026-09-01,2026-09-01,CM,NSE,STK,144,INE850D01014,GODREJAGRO,EQ,,,,,GODREJ AGROVET LIMITED,650.0,695.6,633.7,654.4,652.0,615.3,,654.39,,,10860764,7281763428.85,218291,F1,1,,,,,
2026-09-01,2026-09-01,CM,NSE,STK,10099,INE102D01028,GODREJCP,EQ,,,,,GODREJ CONSUMER PRODUCTS,901.3,905.65,891.1,905.0,905.0,901.3,,904.98,,,691129,621788413.2,24588,F1,1,,,,,
2026-09-01,2026-09-01,CM,NSE,STK,10925,INE233A01035,GODREJIND,EQ,,,,,GODREJ INDUSTRIES LTD,1134.9,1215.9,1128.5,1152.9,1164.6,1134.5,,1152.91,,,465955,547610734.7,35842,F1,1,,,,,
2026-09-01,2026-09-01,CM,NSE,STK,17875,INE484J01027,GODREJPROP,EQ,,,,,GODREJ PROPERTIES LTD,2023.2,2023.2,1965.0,1978.0,1978.0,2014.7,,1978.21,,,329259,651574779.7,20260,F1,1,,,,,
2026-09-01,2026-09-01,CM,NSE,STK,765280,IN0020260058,620GS2029,GS,,,,,GOI LOAN   6.20% 2029,99.84,99.85,99.5,99.8,99.8,99.75,,99.8,,,7867,785231.94,7,F1,1,,,,,
2026-09-01,2026-09-01,CM,NSE,STK,27405,IN0020240167,664GS2027,GS,,,,,GOI LOAN   6.64% 2027,101.4,101.4,101.4,101.4,101.4,101.6,,101.4,,,290,29406.0,2,F1,1,,,,,
2026-09-01,2026-09-01,CM,NSE,STK,27170,IN0020240142,709GS2074,GS,,,,,GOI LOAN   7.09% 2074,96.0,96.0,95.25,95.25,95.25,95.44,,95.25,,,19899,1896286.5,24,F1,1,,,,,
2026-09-01,2026-09-01,CM,NSE,STK,757753,IN0020250034,591GS2028,GS,,,,,GOI LOAN  5.91% 2028,99.7,99.7,99.7,99.7,99.7,99.5,,99.7,,,6000,598200.0,1,F1,1,,,,,
2026-09-01,2026-09-01,CM,NSE,STK,757983,IN0020250067,601GS2030,GS,,,,,GOI LOAN  6.01% 2030,99.0,99.0,99.0,99.0,99.0,98.2,,99.0,,,1985,196515.0,3,F1,1,,,,,
2026-09-01,2026-09-01,CM,NSE,STK,5012,IN0020210095,610GS2031,GS,,,,,GOI LOAN  6.10% 2031,99.99,99.99,99.99,99.99,99.99,99.99,,99.99,,,1,99.99,1,F1,1,,,,,
2026-09-01,2026-09-01,CM,NSE,STK,756890,IN0020250026,633GS2035,GS,,,,,GOI LOAN  6.33% 2035,96.71,101.0,96.71,101.0,101.0,101.0,,101.0,,,21,2038.1,5,F1,1,,,,,
2026-09-01,2026-09-01,CM,NSE,STK,761020,IN0020250141,636GS2031,GS,,,,,GOI LOAN  6.36% 2031,100.5,100.5,100.0,100.0,100.0,99.75,,100.0,,,200,20050.0,3,F1,1,,,,,
2026-09-01,2026-09-01,CM,NSE,STK,759396,IN0020250091,648GS2035,GS,,,,,GOI LOAN  6.48% 2035,100.0,100.0,99.0,99.1,99.1,100.0,,99.1,,,4400,439630.0,4,F1,1,,,,,
2026-09-01,2026-09-01,CM,NSE,STK,7843,IN0020210244,654GS2032,GS,,,,,GOI LOAN  6.54% 2032,100.0,100.0,100.0,100.0,100.0,99.99,,100.0,,,10000,1000000.0,2,F1,1,,,,,
2026-09-01,2026-09-01,CM,NSE,STK,5577,IN0020210152,667GS2035,GS,,,,,GOI LOAN  6.67% 2035,100.2,100.2,100.2,100.2,100.2,100.7,,100.2,,,16973,1700694.6,2,F1,1,,,,,
2026-09-01,2026-09-01,CM,NSE,STK,956,IN0020200252,667GS2050,GS,,,,,GOI LOAN  6.67% 2050,92.7,92.7,92.25,92.25,92.25,92.55,,92.25,,,36,3321.45,7,F1,1,,,,,
2026-09-01,2026-09-01,CM,NSE,STK,757847,IN0020250042,668GS2040,GS,,,,,GOI LOAN  6.68% 2040,98.0,98.0,97.3,97.89,97.9,98.0,,97.89,,,84722,8296884.2,10,F1,1,,,,,
2026-09-01,2026-09-01,CM,NSE,STK,2317,IN0020200401,676GS2061,GS,,,,,GOI LOAN  6.76% 2061,91.3,91.3,90.31,90.74,90.74,90.6,,90.74,,,89018,8061454.49,59,F1,1,,,,,
2026-09-01,2026-09-01,CM,NSE,STK,25736,IN0020240126,679GS2034,GS,,,,,GOI LOAN  6.79% 2034,100.41,100.41,100.41,100.41,100.41,101.5,,100.41,,,300,30123.0,1,F1,1,,,,,
2026-09-01,2026-09-01,CM,NSE,STK,22438,IN0020200187,68GS2060,GS,,,,,GOI LOAN  6.8% 2060,91.7,91.7,90.5,91.45,91.45,91.2,,91.45,,,30,2736.5,5,F1,1,,,,,
2026-09-01,2026-09-01,CM,NSE,STK,756014,IN0020250018,690GS2065,GS,,,,,GOI LOAN  6.90% 2065,94.0,94.0,93.6,93.7,93.7,93.69,,93.7,,,60689,5687328.75,24,F1,1,,,,,
2026-09-01,2026-09-01,CM,NSE,STK,763340,IN0020260025,694GS2036,GS,,,,,GOI LOAN  6.94% 2036,102.51,102.7,102.51,102.65,102.65,102.51,,102.65,,,4172,427761.44,10,F1,1,,,,,
2026-09-01,2026-09-01,CM,NSE,STK,6817,IN0020210202,695GS2061,GS,,,,,GOI LOAN  6.95% 2061,93.4,93.99,93.4,93.4,93.4,93.5,,93.4,,,3142,293484.58,10,F1,1,,,,,
2026-09-01,2026-09-01,CM,NSE,STK,6696,IN0020210194,699GS2051,GS,,,,,GOI LOAN  6.99% 2051,97.75,97.75,97.68,97.68,97.68,94.6,,97.68,,,12,1172.54,4,F1,1,,,,,
2026-09-01,2026-09-01,CM,NSE,STK,23854,IN0020240043,702GS2027,GS,,,,,GOI LOAN  7.02% 2027,102.4,102.4,102.4,102.4,102.4,101.91,,102.4,,,2200,225280.0,1,F1,1,,,,,
2026-09-01,2026-09-01,CM,NSE,STK,23919,IN0020240050,704GS2029,GS,,,,,GOI LOAN  7.04% 2029,103.0,103.0,103.0,103.0,103.0,102.25,,103.0,,,300,30900.0,1,F1,1,,,,,
2026-09-01,2026-09-01,CM,NSE,STK,14970,IN0020230010,706GS2028,GS,,,,,GOI LOAN  7.06% 2028,103.88,104.34,103.88,104.34,104.34,103.85,,104.34,,,400,41598.0,2,F1,1,,,,,
2026-09-01,2026-09-01,CM,NSE,STK,764295,IN0020260041,706GS2041,GS,,,,,GOI LOAN  7.06% 2041,99.71,100.25,98.58,100.25,100.25,100.0,,100.25,,,3290,326632.2,3,F1,1,,,,,
2026-09-01,2026-09-01,CM,NSE,STK,24949,IN0020240118,709GS2054,GS,,,,,GOI LOAN  7.09% 2054,95.8,95.8,95.6,95.7,95.7,95.8,,95.7,,,17537,1678357.49,20,F1,1,,,,,
2026-09-01,2026-09-01,CM,NSE,STK,23463,IN0020240019,71GS2034,GS,,,,,GOI LOAN  7.1% 2034,108.67,108.67,108.67,108.67,108.67,103.89,,108.67,,,1,108.67,1,F1,1,,,,,
2026-09-01,2026-09-01,CM,NSE,STK,15050,IN0020230036,717GS2030,GS,,,,,GOI LOAN  7.17% 2030,103.5,103.5,103.5,103.5,103.5,104.25,,103.5,,,100,10350.0,1,F1,1,,,,,
2026-09-01,2026-09-01,CM,NSE,STK,17398,IN0020230077,718GS2037,GS,,,,,GOI LOAN  7.18% 2037,103.0,104.71,102.75,104.0,104.0,102.99,,104.0,,,20203,2080861.67,10,F1,1,,,,,
2026-09-01,2026-09-01,CM,NSE,STK,23518,IN0020240027,723GS2039,GS,,,,,GOI LOAN  7.23% 2039,104.58,104.58,104.58,104.58,104.58,105.0,,104.58,,,600,62748.0,2,F1,1,,,,,
2026-09-01,2026-09-01,CM,NSE,STK,758674,IN0020250075,724GS2055,GS,,,,,GOI LOAN  7.24% 2055,97.4,97.7,97.0,97.35,97.35,97.3,,97.38,,,22028,2141967.92,51,F1,1,,,,,
2026-09-01,2026-09-01,CM,NSE,STK,16733,IN0020230044,725GS2063,GS,,,,,GOI LOAN  7.25% 2063,97.58,97.58,96.9,96.95,96.96,97.23,,96.95,,,188328,18268772.6,247,F1,1,,,,,
2026-09-01,2026-09-01,CM,NSE,STK,10722,IN0020220060,726GS2032,GS,,,,,GOI LOAN  7.26% 2032,103.0,103.0,102.5,103.0,103.0,103.0,,103.0,,,11030,1135840.0,4,F1,1,,,,,
2026-09-01,2026-09-01,CM,NSE,STK,16865,IN0020230051,73GS2053,GS,,,,,GOI LOAN  7.3% 2053,99.0,99.0,98.65,98.65,98.65,99.1,,98.65,,,20038,1980947.6,24,F1,1,,,,,
2026-09-01,2026-09-01,CM,NSE,STK,20136,IN0020230135,732GS2030,GS,,,,,GOI LOAN  7.32% 2030,103.61,104.0,103.61,104.0,104.0,103.75,,104.0,,,200,20761.0,2,F1,1,,,,,
2026-09-01,2026-09-01,CM,NSE,STK,19685,IN0020230119,733GS2026,GS,,,,,GOI LOAN  7.33% 2026,101.8,101.85,101.8,101.85,101.85,102.11,,101.85,,,500,50920.0,2,F1,1,,,,,
2026-09-01,2026-09-01,CM,NSE,STK,23558,IN0020240035,734GS2064,GS,,,,,GOI LOAN  7.34% 2064,99.2,99.8,99.0,99.1,99.1,99.61,,99.1,,,141555,14063581.55,135,F1,1,,,,,
2026-09-01,2026-09-01,CM,NSE,STK,10931,IN0020220086,736GS2052,GS,,,,,GOI LOAN  7.36% 2052,102.2,102.2,102.2,102.2,102.2,102.25,,102.2,,,999,102097.8,2,F1,1,,,,,
2026-09-01,2026-09-01,CM,NSE,STK,10981,IN0020220094,74GS2062,GS,,,,,GOI LOAN  7.4% 2062,103.95,103.95,103.95,103.95,103.95,103.95,,103.95,,,27,2806.65,3,F1,1,,,,,
2026-09-01,2026-09-01,CM,NSE,STK,13194,IN0020220102,741GS2036,GS,,,,,GOI LOAN  7.41% 2036,105.8,105.8,104.6,105.0,105.0,105.2,,105.0,,,3121,327572.93,11,F1,1,,,,,
2026-09-01,2026-09-01,CM,NSE,STK,760649,IN0020250117,743GS2076,GS,,,,,GOI LOAN  7.43% 2076,99.7,99.74,99.28,99.73,99.74,99.42,,99.74,,,304759,30273996.56,129,F1,1,,,,,
2026-09-01,2026-09-01,CM,NSE,STK,19808,IN0020230127,746GS2073,GS,,,,,GOI LOAN  7.46% 2073,102.99,102.99,101.5,101.5,101.5,101.34,,101.5,,,501,50852.99,2,F1,1,,,,,
2026-09-01,2026-09-01,CM,NSE,STK,763146,IN0020260017,750GS2056,GS,,,,,GOI LOAN  7.50% 2056,100.5,102.9,100.5,101.57,101.57,100.5,,101.57,,,615,62403.38,27,F1,1,,,,,
2026-09-01,2026-09-01,CM,NSE,STK,9585,IN0020220029,754GS2036,GS,,,,,GOI LOAN  7.54% 2036,106.4,106.45,106.06,106.08,106.16,106.25,,106.08,,,318050,33774331.57,143,F1,1,,,,,
2026-09-01,2026-09-01,CM,NSE,STK,763489,IN0020260033,771GS2066,GS,,,,,GOI LOAN  7.71% 2066,104.22,104.3,103.66,103.88,103.88,103.99,,103.88,,,30863,3205203.58,23,F1,1,,,,,
2026-09-01,2026-09-01,CM,NSE,STK,6833,IN0020010081,1018GS2026,GS,,,,,GOI LOAN 10.18% 2026,104.6,104.6,104.6,104.6,104.6,104.5,,104.8,,,650,67990.0,1,F1,1,,,,,
2026-09-01,2026-09-01,CM,NSE,STK,13472,IN0020190362,645GS2029,GS,,,,,GOI LOAN 6.45% 2029,102.0,102.0,101.6,101.6,101.6,101.65,,101.6,,,2,203.6,2,F1,1,,,,,
2026-09-01,2026-09-01,CM,NSE,STK,7193,IN0020160092,662GS2051,GS,,,,,GOI LOAN 6.62% 2051,92.0,92.0,92.0,92.0,92.0,93.0,,92.0,,,20,1840.0,1,F1,1,,,,,
2026-09-01,2026-09-01,CM,NSE,STK,7184,IN0020160068,706GS2046,GS,,,,,GOI LOAN 7.06% 2046,106.0,106.0,106.0,106.0,106.0,103.0,,106.0,,,1,106.0,1,F1,1,,,,,
2026-09-01,2026-09-01,CM,NSE,STK,9047,IN0020220011,710GS2029,GS,,,,,GOI LOAN 7.10% 2029,104.1,104.39,104.1,104.17,104.15,104.23,,104.17,,,12001,1251082.15,10,F1,1,,,,,
2026-09-01,2026-09-01,CM,NSE,STK,9913,IN0020220037,738GS2027,GS,,,,,GOI LOAN 7.38% 2027,102.43,102.7,102.27,102.4,102.4,102.31,,102.4,,,34901,3577950.66,26,F1,1,,,,,
2026-09-01,2026-09-01,CM,NSE,STK,7124,IN0020150044,813GS2045,GS,,,,,GOI LOAN 8.13% 2045,113.99,113.99,113.99,113.99,113.99,113.99,,113.99,,,86,9803.14,2,F1,1,,,,,
2026-09-01,2026-09-01,CM,NSE,STK,6884,IN0020060078,824GS2027,GS,,,,,GOI LOAN 8.24%2027,103.0,103.6,100.66,103.6,103.6,103.0,,103.6,,,4429,454224.4,6,F1,1,,,,,
2026-09-01,2026-09-01,CM,NSE,STK,7039,IN0020130053,92GS2030,GS,,,,,GOI LOAN 9.20% 2030,115.49,115.5,114.5,115.5,115.5,114.42,,115.5,,,15889,1825857.76,19,F1,1,,,,,
2026-09-01,2026-09-01,CM,NSE,STK,760941,IN002025Z450,364D110227,TB,,,,,GOI TBILL 364D-11/02/27,96.78,96.9,96.78,96.9,96.9,97.17,,96.9,,,200,19368.0,2,F1,100,,,,,
2026-09-01,2026-09-01,CM,NSE,STK,31717,IN002026X107,91D100926,TB,,,,,GOI TBILL 91D-10/09/26,99.81,99.81,99.81,99.81,99.81,99.79,,99.81,,,2000,199620.0,1,F1,100,,,,,
2026-09-01,2026-09-01,CM,NSE,STK,765324,IN002026X206,91D191126,TB,,,,,GOI TBILL 91D-19/11/26,98.52,98.7,98.35,98.35,98.35,98.71,,98.35,,,1300,128074.0,5,F1,100,,,,,
2026-09-01,2026-09-01,CM,NSE,STK,765442,IN002026X214,91D271126,TB,,,,,GOI TBILL 91D-27/11/26,98.49,98.49,98.25,98.25,98.25,98.71,,98.13,,,1000,98322.0,2,F1,100,,,,,
2026-09-01,2026-09-01,CM,NSE,STK,764328,IN002026X172,91D291026,TB,,,,,GOI TBILL 91D-29/10/26,98.89,99.0,98.89,99.0,99.0,98.78,,99.0,,,3300,326590.0,8,F1,100,,,,,
2026-09-01,2026-09-01,CM,NSE,STK,11778,INE887G01027,GOKEX,EQ,,,,,GOKALDAS EXPORTS LTD.,780.9,786.2,772.65,780.5,783.5,780.9,,780.59,,,124248,96847555.3,8933,F1,1,,,,,
2026-09-01,2026-09-01,CM,NSE,STK,14480,INE314T01033,GOKULAGRO,EQ,,,,,GOKUL AGRO RESOURCES LTD,245.6,245.6,235.01,236.58,238.4,244.1,,236.59,,,430312,102454765.27,11432,F1,1,,,,,
2026-09-01,2026-09-01,CM,NSE,STK,16705,INE020J01029,GOKUL,EQ,,,,,GOKUL REFOILS & SOLV LTD,41.2,42.26,40.38,41.53,40.93,41.65,,41.52,,,256692,10706797.21,2525,F1,1,,,,,
2026-09-01,2026-09-01,CM,NSE,STK,11619,INE973A01010,GOLDENTOBC,BZ,,,,,GOLDEN TOBACCO LIMITED,24.53,25.1,24.46,24.46,24.46,24.05,,24.01,,,5136,127616.66,30,F1,1,,,,,
2026-09-01,2026-09-01,CM,NSE,STK,11971,INE025B01025,GOLDIAM,EQ,,,,,GOLDIAM INTERNATIONAL LTD,348.9,349.05,340.85,342.4,341.8,348.65,,342.39,,,348336,119838669.95,7868,F1,1,,,,,
2026-09-01,2026-09-01,CM,NSE,STK,1,INE405Y01021,GOLDSTAR,SM,,,,,GOLDSTAR POWER LIMITED,7.5,7.5,7.5,7.5,7.5,7.5,,7.5,,,11250,84375.0,1,F1,11250,,,,,
2026-09-01,2026-09-01,CM,NSE,STK,6125,INE127I01024,GOODLUCK,EQ,,,,,GOODLUCK INDIA LIMITED,465.0,465.15,450.0,452.9,451.2,464.4,,452.9,,,393025,178752266.6,10164,F1,1,,,,,
2026-09-01,2026-09-01,CM,NSE,STK,1205,INE533A01012,GOODYEAR,EQ,,,,,GOODYEAR INDIA LIMITED,743.35,743.35,732.05,736.25,738.5,743.35,,736.73,,,4047,2981889.2,667,F1,1,,,,,
2026-09-01,2026-09-01,CM,NSE,STK,23066,INE0L9R01028,GOPAL,EQ,,,,,GOPAL SNACKS LIMITED,273.0,277.9,269.1,270.3,269.6,274.75,,270.31,,,165765,45273056.65,4396,F1,1,,,,,
2026-09-01,2026-09-01,CM,NSE,STK,11787,INE705X01026,GOYALALUM,EQ,,,,,GOYAL ALUMINIUMS LIMITED,6.42,6.42,6.26,6.29,6.31,6.28,,6.29,,,31214,197043.39,273,F1,1,,,,,
2026-09-01,2026-09-01,CM,NSE,STK,19356,INE0QFE01017,GOYALSALT,SM,,,,,GOYAL SALT LIMITED,105.1,106.5,104.0,106.5,106.5,106.0,,106.5,,,3600,377790.0,6,F1,600,,,,,
2026-09-01,2026-09-01,CM,NSE,STK,24113,INE0S7E01015,GPECO,ST,,,,,GP ECO SOLUTIONS INDIA L,404.0,408.7,400.0,400.1,400.1,404.0,,400.1,,,8200,3296010.0,19,F1,200,,,,,
2026-09-01,2026-09-01,CM,NSE,STK,11584,INE586G01017,GULFPETRO,BE,,,,,GP PETROLEUMS LIMITED,67.62,68.9,65.99,67.51,68.45,67.62,,67.51,,,208543,13963822.12,491,F1,1,,,,,
2026-09-01,2026-09-01,CM,NSE,STK,22846,INE486R01017,GPTHEALTH,EQ,,,,,GPT HEALTHCARE LIMITED,151.75,153.29,151.0,151.63,151.78,153.01,,151.63,,,40575,6169540.86,1037,F1,1,,,,,
2026-09-01,2026-09-01,CM,NSE,STK,17685,INE390G01014,GPTINFRA,EQ,,,,,GPT INFRAPROJECTS LTD,110.55,111.59,107.35,107.72,107.6,110.66,,107.72,,,111339,12185326.31,1688,F1,1,,,,,
2026-09-01,2026-09-01,CM,NSE,STK,763299,INE361K01017,GRADIENTE,EQ,,,,,GRADIENTE INFOTAINMENT L,2.62,2.62,2.57,2.59,2.58,2.59,,2.59,,,405560,1053063.81,209,F1,1,,,,,
2026-09-01,2026-09-01,CM,NSE,STK,30289,INE12E301017,GCHOTELS,ST,,,,,GRAND CONTINENT HOTELS L,92.9,96.8,92.9,93.8,93.55,93.3,,93.8,,,70200,6614730.0,78,F1,600,,,,,
2026-09-01,2026-09-01,CM,NSE,STK,762695,INE926B01016,GRANDOAK,EQ,,,,,GRAND OAK CANYONS DIST L,36.7,37.0,35.15,36.23,36.23,36.43,,36.23,,,369,13222.0,20,F1,1,,,,,
2026-09-01,2026-09-01,CM,NSE,STK,11872,INE101D01020,GRANULES,EQ,,,,,GRANULES INDIA LIMITED,828.5,840.9,824.1,837.2,838.0,828.5,,837.21,,,346212,287881541.25,24974,F1,1,,,,,
2026-09-01,2026-09-01,CM,NSE,STK,20454,INE0POU01017,GRAPHISAD,SM,,,,,GRAPHISADS LIMITED,27.1,27.1,26.2,26.2,26.2,27.1,,26.2,,,9600,254760.0,8,F1,1200,,,,,
2026-09-01,2026-09-01,CM,NSE,STK,592,INE371A01025,GRAPHITE,EQ,,,,,GRAPHITE INDIA LTD,706.8,755.5,706.8,732.9,733.8,702.55,,732.9,,,6472464,4794474744.85,149197,F1,1,,,,,
2026-09-01,2026-09-01,CM,NSE,STK,1232,INE047A01021,GRASIM,EQ,,,,,GRASIM INDUSTRIES LTD,3337.0,3337.0,3287.1,3305.0,3305.0,3371.0,,3305.0,,,818556,2705772583.8,32147,F1,1,,,,,
2026-09-01,2026-09-01,CM,NSE,STK,5200,INE266D01021,GRAUWEIL,EQ,,,,,GRAUER & WEIL IND LTD,72.4,72.4,68.75,69.25,69.9,71.63,,69.26,,,409135,28770515.43,4450,F1,1,,,,,
2026-09-01,2026-09-01,CM,NSE,STK,762700,INE214F01026,GRAVISSHO,EQ,,,,,GRAVISS HOSPITALITY LTD.,29.99,29.99,27.9,28.2,28.14,29.82,,28.24,,,11098,311922.29,70,F1,1,,,,,
2026-09-01,2026-09-01,CM,NSE,STK,20534,INE024L01027,GRAVITA,EQ,,,,,GRAVITA INDIA LIMITED,1798.0,1822.1,1771.0,1781.9,1782.0,1800.2,,1781.88,,,123419,220889467.9,13365,F1,1,,,,,
2026-09-01,2026-09-01,CM,NSE,STK,1235,INE224A01026,GREAVESCOT,EQ,,,,,GREAVES COTTON LTD.,197.8,199.99,194.03,197.8,197.8,197.8,,197.81,,,1030615,203557160.33,12632,F1,1,,,,,
2026-09-01,2026-09-01,CM,NSE,STK,17092,INE0O7P01015,GREENCHEF,SM,,,,,GREENCHEF APPLIANCES LTD,59.8,60.0,57.65,57.65,57.65,58.0,,57.65,,,4000,237840.0,5,F1,800,,,,,
2026-09-01,2026-09-01,CM,NSE,STK,6848,INE544R01021,GREENLAM,EQ,,,,,GREENLAM INDUSTRIES LTD.,246.2,247.6,241.4,242.61,241.4,247.9,,242.61,,,64371,15702123.13,1939,F1,1,,,,,
2026-09-01,2026-09-01,CM,NSE,STK,759427,INE0PLX01017,GREENLEAF,ST,,,,,GREENLEAF ENVIROTECH LTD,107.8,107.8,107.7,107.7,107.7,113.35,,107.7,,,8000,861750.0,7,F1,1000,,,,,
2026-09-01,2026-09-01,CM,NSE,STK,13810,INE08ZM01014,GREENPANEL,EQ,,,,,GREENPANEL INDUSTRIES LTD,158.49,164.1,157.32,160.09,159.51,156.58,,160.09,,,1371358,219770697.26,46055,F1,1,,,,,
2026-09-01,2026-09-01,CM,NSE,STK,3987,INE461C01038,GREENPLY,EQ,,,,,GREENPLY INDUSTRIES LTD,290.0,291.6,285.5,286.2,285.5,290.2,,286.21,,,56331,16238860.25,1559,F1,1,,,,,
2026-09-01,2026-09-01,CM,NSE,STK,758986,INE199P01028,GCSL,EQ,,,,,GRETEX CORPORATE SERVICES,555.95,564.5,551.0,562.9,564.5,556.55,,562.9,,,484271,271986862.5,3773,F1,1,,,,,
2026-09-01,2026-09-01,CM,NSE,STK,18741,INE985P01012,GRETEX,SM,,,,,GRETEX INDUSTRIES LTD.,260.0,260.0,260.0,260.0,260.0,272.0,,260.0,,,750,195000.0,1,F1,750,,,,,
2026-09-01,2026-09-01,CM,NSE,STK,13560,INE536A01023,GRINDWELL,EQ,,,,,GRINDWELL NORTON LIMITED,2012.9,2014.7,1965.2,1983.3,1990.0,2023.0,,1983.51,,,31019,61717397.2,8085,F1,1,,,,,
2026-09-01,2026-09-01,CM,NSE,STK,10871,INE192H01020,GRMOVER,EQ,,,,,GRM OVERSEAS LIMITED,86.51,87.06,85.05,85.29,85.4,86.47,,85.29,,,1039802,89347763.06,3991,F1,1,,,,,
2026-09-01,2026-09-01,CM,NSE,STK,760971,INE1TY801010,GJL,ST,,,,,GROVER JEWELLS LIMITED,236.0,236.0,235.0,235.0,235.0,245.35,,235.0,,,1600,376800.0,2,F1,800,,,,,
2026-09-01,2026-09-01,CM,NSE,STK,764285,INF666M01PH7,CEMNTGROWW,EQ,,,,,GROWWAMC - CEMNTGROWW,14.89,14.98,14.52,14.68,14.64,14.73,,14.68,,,191871,2811491.6,748,F1,1,,,,,
2026-09-01,2026-09-01,CM,NSE,STK,760051,INF666M01MM4,GROWWCAPM,EQ,,,,,GROWWAMC - GROWWCAPM,11.5,11.57,11.31,11.37,11.33,11.5,,11.37,,,435784,4973025.64,959,F1,1,,,,,
2026-09-01,2026-09-01,CM,NSE,STK,760673,INF666M01NP5,GROWWCHEM,EQ,,,,,GROWWAMC - GROWWCHEM,30.78,30.78,29.91,30.0,30.0,30.59,,30.0,,,60572,1822579.14,419,F1,1,,,,,
2026-09-01,2026-09-01,CM,NSE,STK,25758,INF666M01IO8,GROWWDEFNC,EQ,,,,,GROWWAMC - GROWWDEFNC,97.29,97.46,96.01,96.75,96.8,97.29,,96.75,,,246944,23845661.8,3117,F1,1,,,,,
2026-09-01,2026-09-01,CM,NSE,STK,24798,INF666M01IH2,GROWWEV,EQ,,,,,GROWWAMC - GROWWEV,34.06,34.06,32.85,33.17,33.19,33.39,,33.17,,,605315,20171692.81,2416,F1,1,,,,,
2026-09-01,2026-09-01,CM,NSE,STK,25872,INF666M01OE7,GROWWGOLD,EQ,,,,,GROWWAMC - GROWWGOLD,15.37,15.37,14.77,14.8,14.82,15.0,,14.8,,,1597880,23841423.95,4359,F1,1,,,,,
2026-09-01,2026-09-01,CM,NSE,STK,760874,INF666M01OD9,GROWWHOSPI,EQ,,,,,GROWWAMC - GROWWHOSPI,52.43,52.63,52.03,52.21,52.04,52.4,,52.21,,,655640,34187200.52,1111,F1,1,,,,,
2026-09-01,2026-09-01,CM,NSE,STK,25447,INF666M01IP5,GROWWLIQID,EQ,,,,,GROWWAMC - GROWWLIQID,110.58,110.59,110.58,110.58,110.59,110.56,,110.58,,,241149,26667507.82,256,F1,1,,,,,
2026-09-01,2026-09-01,CM,NSE,STK,758300,INF666M01LB9,GROWWLOVOL,EQ,,,,,GROWWAMC - GROWWLOVOL,10.41,10.45,10.25,10.38,10.41,10.42,,10.38,,,10649,110657.12,95,F1,1,,,,,
2026-09-01,2026-09-01,CM,NSE,STK,759719,INF666M01MV5,GROWWMC150,EQ,,,,,GROWWAMC - GROWWMC150,235.03,239.23,233.85,234.07,234.07,235.7,,234.07,,,548,128833.66,23,F1,1,,,,,
2026-09-01,2026-09-01,CM,NSE,STK,760438,INF666M01NI0,GROWWMETAL,EQ,,,,,GROWWAMC - GROWWMETAL,12.74,12.74,12.43,12.52,12.58,12.62,,12.52,,,286061,3610734.92,1296,F1,1,,,,,
2026-09-01,2026-09-01,CM,NSE,STK,756086,INF666M01KJ4,GROWWMOM50,EQ,,,,,GROWWAMC - GROWWMOM50,11.33,11.33,10.93,11.02,11.05,11.12,,11.02,,,343659,3789374.89,698,F1,1,,,,,
2026-09-01,2026-09-01,CM,NSE,STK,29872,INF666M01JV1,GROWWN200,EQ,,,,,GROWWAMC - GROWWN200,11.3,11.49,11.22,11.28,11.42,11.4,,11.28,,,38858,440442.1,289,F1,1,,,,,
2026-09-01,2026-09-01,CM,NSE,STK,757814,INF666M01LI4,GROWWNET,EQ,,,,,GROWWAMC - GROWWNET,11.04,11.04,10.69,10.77,10.77,10.84,,10.77,,,471216,5096065.71,721,F1,1,,,,,
2026-09-01,2026-09-01,CM,NSE,STK,758697,INF666M01LL8,GROWWNIFTY,EQ,,,,,GROWWAMC - GROWWNIFTY,9.88,9.88,9.71,9.72,9.75,9.74,,9.72,,,530939,5172207.89,3707,F1,1,,,,,
2026-09-01,2026-09-01,CM,NSE,STK,759458,INF666M01LZ8,GROWWNXT50,EQ,,,,,GROWWAMC - GROWWNXT50,73.65,73.85,73.0,73.35,73.37,73.7,,73.35,,,5394,396265.39,82,F1,1,,,,,
2026-09-01,2026-09-01,CM,NSE,STK,758165,INF666M01LM6,GROWWPOWER,EQ,,,,,GROWWAMC - GROWWPOWER,11.49,11.49,11.12,11.16,11.18,11.19,,11.16,,,1670679,18644963.58,3347,F1,1,,,,,
2026-09-01,2026-09-01,CM,NSE,STK,760976,INF666M01NQ3,GROWWPSE,EQ,,,,,GROWWAMC - GROWWPSE,97.0,98.48,96.4,96.64,97.44,97.17,,96.64,,,3550,344088.17,107,F1,1,,,,,
2026-09-01,2026-09-01,CM,NSE,STK,761514,INF666M01OG2,GROWWPSUBK,EQ,,,,,GROWWAMC - GROWWPSUBK,85.5,86.29,85.0,85.46,85.5,85.82,,85.46,,,4678,400092.75,101,F1,1,,,,,
2026-09-01,2026-09-01,CM,NSE,STK,29527,INF666M01JJ6,GROWWRAIL,EQ,,,,,GROWWAMC - GROWWRAIL,28.44,28.44,28.1,28.17,28.23,28.21,,28.17,,,393033,11072519.45,2632,F1,1,,,,,
2026-09-01,2026-09-01,CM,NSE,STK,759428,INF666M01MN2,GROWWRLTY,EQ,,,,,GROWWAMC - GROWWRLTY,10.03,10.11,9.91,9.96,9.92,10.05,,9.96,,,233558,2327319.81,679,F1,1,,,,,
2026-09-01,2026-09-01,CM,NSE,STK,759522,INF666M01MO0,GROWWSC250,EQ,,,,,GROWWAMC - GROWWSC250,10.84,10.84,10.56,10.65,10.66,10.63,,10.65,,,81553,867008.2,563,F1,1,,,,,
2026-09-01,2026-09-01,CM,NSE,STK,756827,INF666M01OF4,GROWWSLVR,EQ,,,,,GROWWAMC - GROWWSLVR,23.43,23.43,22.22,22.27,22.3,22.86,,22.27,,,1786480,40360103.72,3060,F1,1,,,,,
2026-09-01,2026-09-01,CM,NSE,STK,763572,INF666M01OT5,PVTBKGROWW,EQ,,,,,GROWWAMC - PVTBKGROWW,28.22,28.22,27.51,27.73,27.65,27.92,,27.73,,,17433,485391.92,346,F1,1,,,,,
2026-09-01,2026-09-01,CM,NSE,STK,751745,INF666M01PG9,SMALLGROWW,EQ,,,,,GROWWAMC - SMALLGROWW,49.96,49.96,48.76,49.1,49.0,48.98,,49.1,,,3685,180403.08,103,F1,1,,,,,
2026-09-01,2026-09-01,CM,NSE,STK,6543,INE137I01015,GRPLTD,EQ,,,,,GRP LIMITED,1970.4,2040.0,1959.9,2025.6,2035.0,1965.5,,2025.77,,,1864,3758175.8,280,F1,1,,,,,
2026-09-01,2026-09-01,CM,NSE,STK,23888,INE0SQY01018,GSMFOILS,SM,,,,,GSM FOILS LIMITED,129.6,129.6,129.6,129.6,129.6,123.45,,129.6,,,36500,4730400.0,33,F1,500,,,,,
2026-09-01,2026-09-01,CM,NSE,STK,762239,INE713R01022,GSPCROP,EQ,,,,,GSP CROP SCIENCE LIMITED,631.25,645.0,597.15,621.7,620.5,639.5,,621.69,,,187642,115956399.85,7792,F1,1,,,,,
2026-09-01,2026-09-01,CM,NSE,STK,15347,INE871H01011,GSS,EQ,,,,,GSS INFOTECH LIMITED,12.12,12.43,11.75,11.9,11.81,12.12,,11.9,,,288106,3490089.81,327,F1,1,,,,,
2026-09-01,2026-09-01,CM,NSE,STK,13745,INE221H01019,GTLINFRA,EQ,,,,,GTL INFRA.LTD,1.18,1.19,1.15,1.15,1.17,1.17,,1.15,,,52128924,60702401.95,15440,F1,1,,,,,
2026-09-01,2026-09-01,CM,NSE,STK,1162,INE043A01012,GTL,EQ,,,,,GTL LTD,7.2,7.28,7.04,7.07,7.12,7.21,,7.07,,,194118,1383973.3,738,F1,1,,,,,
2026-09-01,2026-09-01,CM,NSE,STK,21195,INE869I01013,GTPL,EQ,,,,,GTPL HATHWAY LIMITED,57.98,57.98,56.5,57.14,56.5,57.73,,57.14,,,46295,2648232.73,486,F1,1,,,,,
2026-09-01,2026-09-01,CM,NSE,STK,11606,INE742B01025,GUFICBIO,EQ,,,,,GUFIC BIOSCIENCES LTD.,416.35,426.25,414.6,421.05,421.0,416.35,,421.03,,,97459,40899774.65,5329,F1,1,,,,,
2026-09-01,2026-09-01,CM,NSE,STK,1145,INE162A01010,GIPCL,EQ,,,,,GUJ IND POW CO. LTD,198.0,201.5,196.0,198.8,199.5,199.36,,198.78,,,488311,97238905.58,8312,F1,1,,,,,
2026-09-01,2026-09-01,CM,NSE,STK,1174,INE113A01013,GNFC,EQ,,,,,GUJ NAR VAL FER & CHEM L,577.0,586.5,572.55,576.0,577.85,574.75,,576.0,,,379437,219753404.75,16054,F1,1,,,,,
2026-09-01,2026-09-01,CM,NSE,STK,1247,INE026A01025,GSFC,EQ,,,,,GUJ STATE FERT & CHEM LTD,158.0,160.17,157.55,158.75,158.7,158.15,,158.75,,,833892,132763434.07,12886,F1,1,,,,,
2026-09-01,2026-09-01,CM,NSE,STK,14677,INE826C01016,GUJAPOLLO,EQ,,,,,GUJ. APOLLO IND. LTD.,348.1,349.5,333.15,335.65,334.0,340.85,,335.6,,,22857,7708820.0,554,F1,1,,,,,
2026-09-01,2026-09-01,CM,NSE,STK,1267,INE186A01019,GUJALKALI,EQ,,,,,GUJARAT ALKALIES & CHEM,699.9,735.0,699.9,713.3,720.0,699.4,,713.29,,,143928,103362168.55,12589,F1,1,,,,,
2026-09-01,2026-09-01,CM,NSE,STK,8828,INE036B01030,GAEL,EQ,,,,,GUJARAT AMBUJA EXPORTS LT,174.1,176.45,169.61,172.03,172.5,176.92,,172.02,,,829190,143015415.39,12766,F1,1,,,,,
2026-09-01,2026-09-01,CM,NSE,STK,10599,INE844O01030,GUJENERGY,EQ,,,,,GUJARAT ENERGY LIMITED,248.9,257.98,248.9,254.3,254.7,247.7,,254.3,,,1912693,487136131.78,34520,F1,1,,,,,
2026-09-01,2026-09-01,CM,NSE,STK,13750,INE09N301011,FLUOROCHEM,EQ,,,,,GUJARAT FLUOROCHEM LTD,4709.9,4820.0,4684.3,4740.1,4727.1,4693.5,,4740.06,,,88065,419185235.9,17463,F1,1,,,,,
2026-09-01,2026-09-01,CM,NSE,STK,761197,INE0V0W01025,GKSL,EQ,,,,,GUJARAT KIDNEY N SUP SP L,159.35,169.0,156.66,162.45,162.55,158.14,,162.45,,,1728913,282562662.83,17475,F1,1,,,,,
2026-09-01,2026-09-01,CM,NSE,STK,1156,INE540A01017,GLFL,EQ,,,,,GUJARAT LEASE FINANCING L,6.17,6.17,5.66,5.93,5.66,5.9,,5.94,,,4749,28140.16,26,F1,1,,,,,
2026-09-01,2026-09-01,CM,NSE,STK,5204,INE131A01031,GMDCLTD,EQ,,,,,GUJARAT MINERAL DEV CORP,564.7,573.9,558.8,562.25,562.85,563.05,,562.23,,,1018206,576574463.2,32904,F1,1,,,,,
2026-09-01,2026-09-01,CM,NSE,STK,762690,INE207H01018,GNRL,EQ,,,,,GUJARAT NATURAL RES L,95.47,97.0,94.5,95.56,95.5,95.47,,95.58,,,39190,3738104.18,731,F1,1,,,,,
2026-09-01,2026-09-01,CM,NSE,STK,19731,INE517F01014,GPPL,EQ,,,,,GUJARAT PIPAVAV PORT LTD,168.9,170.7,168.0,169.02,168.9,167.56,,169.01,,,2611554,441870864.16,39599,F1,1,,,,,
2026-09-01,2026-09-01,CM,NSE,STK,4548,INE610B01024,GUJRAFFIA,EQ,,,,,GUJARAT RAFFIA INDUST LTD,40.04,41.99,39.45,39.96,39.45,40.04,,39.96,,,1245,50456.79,25,F1,1,,,,,
2026-09-01,2026-09-01,CM,NSE,STK,29731,INE942C01045,GUJTHEM,EQ,,,,,GUJARAT THEMIS BIOSYN LTD,423.9,426.95,415.0,419.95,416.25,422.2,,419.95,,,705471,296752636.8,8139,F1,1,,,,,
2026-09-01,2026-09-01,CM,NSE,STK,4391,INE635Q01029,GULFOILLUB,EQ,,,,,GULF OIL LUB. IND. LTD.,1129.1,1143.7,1119.2,1132.8,1132.0,1121.8,,1132.76,,,56441,63959371.4,6760,F1,1,,,,,
2026-09-01,2026-09-01,CM,NSE,STK,6286,INE255D01024,GULPOLY,EQ,,,,,GULSHAN POLYOLS LIMITED,190.56,193.3,186.21,188.28,187.78,190.53,,188.27,,,214258,40576096.83,3528,F1,1,,,,,
2026-09-01,2026-09-01,CM,NSE,STK,759261,INE1CCX01012,GURUNANAK,SM,,,,,GURUNANAK AGRICULTUR IN L,36.9,36.9,36.9,36.9,36.9,36.0,,36.9,,,1600,59040.0,1,F1,1600,,,,,
2026-09-01,2026-09-01,CM,NSE,STK,13229,INE251H01024,GVKPIL,BE,,,,,GVK POW. & INFRA LTD.,2.11,2.12,2.05,2.08,2.1,2.08,,2.08,,,1468407,3066314.09,833,F1,1,,,,,
2026-09-01,2026-09-01,CM,NSE,STK,10865,INE382T01030,GVPTECH,EQ,,,,,GVP INFOTECH LIMITED,8.75,8.94,8.16,8.23,8.26,8.59,,8.23,,,110129,926617.82,552,F1,1,,,,,
2026-09-01,2026-09-01,CM,NSE,STK,764050,INE724A01017,GYFTR,EQ,,,,,GYFTR LIMITED,174.5,188.0,170.0,182.15,183.85,174.63,,182.18,,,216367,39401740.35,2750,F1,1,,,,,
2026-09-01,2026-09-01,CM,NSE,STK,762712,INE640B01021,HBESD,EQ,,,,,H B ESTATE DEVELOPERS L,75.0,75.95,75.0,75.27,75.1,75.0,,75.27,,,528,39731.69,11,F1,1,,,,,
2026-09-01,2026-09-01,CM,NSE,STK,1672,INE926X01010,HGINFRA,EQ,,,,,H.G.INFRA ENGINEERING LTD,486.15,489.95,480.35,481.85,484.85,490.05,,481.83,,,65514,31715867.8,3913,F1,1,,,,,
2026-09-01,2026-09-01,CM,NSE,STK,760715,INE115S01010,HALDER,EQ,,,,,HALDER VENTURE LIMITED,310.0,310.0,272.8,292.25,277.05,290.2,,292.25,,,23233,6858855.25,184,F1,1,,,,,
2026-09-01,2026-09-01,CM,NSE,STK,762708,INE506D01020,HALDYNGL,BE,,,,,HALDYN GLASS LTD.,140.79,141.0,137.2,139.52,137.51,140.79,,139.23,,,76271,10631734.15,364,F1,1,,,,,
2026-09-01,2026-09-01,CM,NSE,STK,21551,INE320X01016,HALEOSLABS,EQ,,,,,HALEOS LABS LIMITED,1542.0,1542.0,1465.0,1480.0,1480.0,1464.8,,1480.0,,,1374,2044180.2,44,F1,1,,,,,
2026-09-01,2026-09-01,CM,NSE,STK,765075,INE299D01022,HAMPTON,EQ,,,,,HAMPTON SKY REALTY LTD.,8.31,8.31,8.0,8.03,8.15,8.27,,8.05,,,9867,80694.65,69,F1,1,,,,,
2026-09-01,2026-09-01,CM,NSE,STK,13592,INE596H01014,HGM,EQ,,,,,HANDSON GBL MNGMNT LTD,46.6,50.8,44.6,48.67,48.4,45.1,,48.67,,,47035,2253084.84,411,F1,1,,,,,
2026-09-01,2026-09-01,CM,NSE,STK,48,INE419U01012,HAPPSTMNDS,EQ,,,,,HAPPIEST MINDS TECHNO LTD,404.0,404.0,356.95,362.7,360.9,406.95,,362.7,,,15538393,5743840118.5,243502,F1,1,,,,,
2026-09-01,2026-09-01,CM,NSE,STK,20854,INE330T01021,HAPPYFORGE,EQ,,,,,HAPPY FORGINGS LIMITED,2449.0,2470.0,2345.0,2420.4,2424.0,2412.0,,2420.39,,,132544,320238768.2,27332,F1,1,,,,,
2026-09-01,2026-09-01,CM,NSE,STK,757665,INE0TLP01015,WHITEFORCE,SM,,,,,HAPPY SQUARE OUTSOURC S L,40.5,40.5,40.05,40.5,40.5,44.7,,40.5,,,4800,193680.0,3,F1,1600,,,,,
2026-09-01,2026-09-01,CM,NSE,STK,764131,INE1GFG01011,HAPPY,SM,,,,,HAPPY STEELS LIMITED,85.65,87.9,85.05,86.65,86.0,85.65,,86.65,,,28000,2416200.0,14,F1,2000,,,,,
2026-09-01,2026-09-01,CM,NSE,STK,8962,INE626Z01029,HARDWYN,EQ,,,,,HARDWYN INDIA LIMITED,9.05,9.13,8.96,9.03,9.0,9.04,,9.03,,,2835807,25652374.87,1621,F1,1,,,,,
2026-09-01,2026-09-01,CM,NSE,STK,8968,INE00EV01017,HARIOMPIPE,EQ,,,,,HARIOM PIPE INDUSTRIES L,345.3,350.0,340.0,342.55,342.5,345.3,,342.53,,,67406,23203095.4,2026,F1,1,,,,,
2026-09-01,2026-09-01,CM,NSE,STK,764703,INE400G01011,HRYNSHP,EQ,,,,,HARIYANA SHIP BREAKERS L,102.65,102.68,97.8,100.05,100.05,102.67,,100.1,,,1116,111353.54,52,F1,1,,,,,
2026-09-01,2026-09-01,CM,NSE,STK,1313,INE544A01019,HARRMALAYA,EQ,,,,,HARRISON MALAYALAM LTD,200.0,200.0,190.45,193.07,193.75,196.9,,193.07,,,10983,2134523.95,462,F1,1,,,,,
2026-09-01,2026-09-01,CM,NSE,STK,11162,INE0JUS01029,HARSHA,EQ,,,,,HARSHA ENGINEERS INT LTD,460.0,460.0,443.25,453.7,452.6,455.9,,453.7,,,348002,156849764.75,13674,F1,1,,,,,
2026-09-01,2026-09-01,CM,NSE,STK,18154,INE982F01036,HATHWAY,EQ,,,,,HATHWAY CABLE & DATACOM,10.69,10.7,10.45,10.5,10.54,10.64,,10.5,,,1072807,11312356.79,2220,F1,1,,,,,
2026-09-01,2026-09-01,CM,NSE,STK,3895,INE473B01035,HATSUN,BL,,,,,HATSUN AGRO PRODUCT LTD.,1192.0,1192.0,1192.0,1192.0,1192.0,1129.55,,1192.0,,,825000,983400000.0,2,F1,999999999,,,,,
2026-09-01,2026-09-01,CM,NSE,STK,3892,INE473B01035,HATSUN,EQ,,,,,HATSUN AGRO PRODUCT LTD.,1175.1,1219.4,1156.0,1178.5,1184.9,1190.45,,1178.6,,,121102,144712214.0,9937,F1,1,,,,,
2026-09-01,2026-09-01,CM,NSE,STK,9819,INE176B01034,HAVELLS,EQ,,,,,HAVELLS INDIA LIMITED,1229.0,1229.0,1212.2,1222.8,1222.8,1244.1,,1222.83,,,1005951,1227902410.3,38326,F1,1,,,,,
2026-09-01,2026-09-01,CM,NSE,STK,4444,INE979B01015,HAWKINCOOK,EQ,,,,,HAWKINS COOKERS LTD,8160.0,8235.0,8101.0,8152.0,8151.0,8116.5,,8150.77,,,346,2817710.0,123,F1,1,,,,,
2026-09-01,2026-09-01,CM,NSE,STK,764693,INE550F01049,HAZOOR,EQ,,,,,HAZOOR MULTI PROJECTS LTD,19.75,19.97,19.2,19.39,19.42,19.73,,19.44,,,133778,2617322.08,481,F1,1,,,,,
2026-09-01,2026-09-01,CM,NSE,STK,765080,INE638B01025,HBPOR,EQ,,,,,HB PORTFOLIO LTD.,58.91,61.5,58.91,59.99,59.71,60.46,,59.99,,,1424,87283.18,30,F1,1,,,,,
2026-09-01,2026-09-01,CM,NSE,STK,4116,INE550B01022,HBSL,EQ,,,,,HB STOCKHOLDINGS LIMITED,54.61,55.0,53.73,54.06,54.06,53.54,,54.83,,,350,18842.19,17,F1,1,,,,,
2026-09-01,2026-09-01,CM,NSE,STK,13966,INE292B01021,HBLENGINE,EQ,,,,,HBL ENGINEERING LTD,657.35,669.4,653.2,659.2,660.95,657.35,,659.21,,,709804,468817464.45,23136,F1,1,,,,,
2026-09-01,2026-09-01,CM,NSE,STK,1327,INE236A01020,HCL-INSYS,EQ,,,,,HCL INFOSYSTEMS LTD,10.85,10.93,10.35,10.46,10.52,10.74,,10.47,,,168664,1791604.82,776,F1,1,,,,,
2026-09-01,2026-09-01,CM,NSE,STK,7229,INE860A01027,HCLTECH,EQ,,,,,HCL TECHNOLOGIES LTD,1316.1,1368.0,1313.1,1351.4,1351.4,1312.2,,1351.4,,,4031856,5445172209.6,103062,F1,1,,,,,
2026-09-01,2026-09-01,CM,NSE,STK,757772,INE756I01012,HDBFS,EQ,,,,,HDB FINANCIAL SERVICES L,677.25,680.35,668.0,675.3,675.45,682.35,,675.3,,,1611454,1087255653.9,16346,F1,1,,,,,
2026-09-01,2026-09-01,CM,NSE,STK,4244,INE127D01025,HDFCAMC,EQ,,,,,HDFC AMC LIMITED,2580.5,2580.5,2526.0,2544.9,2544.9,2622.1,,2544.91,,,936933,2383041091.3,38313,F1,1,,,,,
2026-09-01,2026-09-01,CM,NSE,STK,1333,INE040A01034,HDFCBANK,EQ,,,,,HDFC BANK LTD,705.05,715.45,698.5,711.9,711.9,709.0,,711.9,,,44417092,31442010162.85,509180,F1,1,,,,,
2026-09-01,2026-09-01,CM,NSE,STK,19543,INF179KC1981,HDFCGOLD,EQ,,,,,HDFC GOLD ETF,135.11,135.11,129.5,129.71,129.74,131.82,,129.71,,,5938508,772893574.15,15162,F1,1,,,,,
2026-09-01,2026-09-01,CM,NSE,STK,467,INE795G01014,HDFCLIFE,EQ,,,,,HDFC LIFE INS CO LTD,540.0,544.25,537.4,540.3,540.3,543.35,,540.3,,,3064468,1657200131.3,28760,F1,1,,,,,
2026-09-01,2026-09-01,CM,NSE,STK,14230,INF179KC1EZ4,HDFCBSE500,EQ,,,,,HDFCAMC - HDFCBSE500,38.0,38.16,37.46,37.56,37.64,37.82,,37.56,,,1255609,47156727.73,426,F1,1,,,,,
2026-09-01,2026-09-01,CM,NSE,STK,11241,INF179KC1DJ0,HDFCGROWTH,EQ,,,,,HDFCAMC - HDFCGROWTH,121.08,121.78,119.13,120.24,119.91,121.23,,120.24,,,93296,11248844.85,233,F1,1,,,,,
2026-09-01,2026-09-01,CM,NSE,STK,18279,INF179KC1JG3,HDFCLIQUID,EQ,,,,,HDFCAMC - HDFCLIQUID,1076.12,1076.14,1076.12,1076.13,1076.12,1076.0,,1076.13,,,12014,12928613.33,48,F1,1,,,,,
2026-09-01,2026-09-01,CM,NSE,STK,11547,INF179KC1HU8,HDFCLOWVOL,EQ,,,,,HDFCAMC - HDFCLOWVOL,20.73,20.77,20.62,20.69,20.69,20.73,,20.69,,,14000,289816.04,63,F1,1,,,,,
2026-09-01,2026-09-01,CM,NSE,STK,14236,INF179KC1HT0,HDFCMID150,EQ,,,,,HDFCAMC - HDFCMID150,23.8,23.95,23.49,23.56,23.57,23.64,,23.57,,,244263,5764822.33,1570,F1,1,,,,,
2026-09-01,2026-09-01,CM,NSE,STK,11538,INF179KC1HV6,HDFCMOMENT,EQ,,,,,HDFCAMC - HDFCMOMENT,31.51,31.57,30.92,31.01,31.09,31.33,,31.02,,,219655,6838357.79,941,F1,1,,,,,
2026-09-01,2026-09-01,CM,NSE,STK,10619,INF179KC1HS2,HDFCNEXT50,EQ,,,,,HDFCAMC - HDFCNEXT50,75.49,75.49,73.63,74.14,74.06,75.02,,74.14,,,357190,26548670.89,960,F1,1,,,,,
2026-09-01,2026-09-01,CM,NSE,STK,10633,INF179KC1HR4,HDFCNIF100,EQ,,,,,HDFCAMC - HDFCNIF100,26.72,26.72,25.92,26.0,26.09,26.11,,26.0,,,28828,751491.86,325,F1,1,,,,,
2026-09-01,2026-09-01,CM,NSE,STK,22433,INF179KC1HY0,HDFCNIFBAN,EQ,,,,,HDFCAMC - HDFCNIFBAN,59.15,59.5,58.87,59.0,59.33,59.15,,59.0,,,79841,4727482.22,1631,F1,1,,,,,
2026-09-01,2026-09-01,CM,NSE,STK,12101,INF179KC1IA8,HDFCNIFIT,EQ,,,,,HDFCAMC - HDFCNIFIT,33.09,33.65,32.97,33.43,33.35,32.97,,33.43,,,767263,25656620.58,314,F1,1,,,,,
2026-09-01,2026-09-01,CM,NSE,STK,11591,INF179KC1965,HDFCNIFTY,EQ,,,,,HDFCAMC - HDFCNIFTY,265.06,272.53,265.06,270.87,271.16,271.86,,270.87,,,67866,18396878.7,1125,F1,1,,,,,
2026-09-01,2026-09-01,CM,NSE,STK,764336,INF179KC1KT4,HDFCNIMEG,EQ,,,,,HDFCAMC - HDFCNIMEG,132.39,133.39,131.16,131.69,132.07,132.29,,131.69,,,32828,4324613.56,76,F1,1,,,,,
2026-09-01,2026-09-01,CM,NSE,STK,12108,INF179KC1HZ7,HDFCPVTBAN,EQ,,,,,HDFCAMC - HDFCPVTBAN,28.79,28.79,28.11,28.14,28.11,28.26,,28.13,,,528261,14955865.03,418,F1,1,,,,,
2026-09-01,2026-09-01,CM,NSE,STK,11255,INF179KC1DL6,HDFCQUAL,EQ,,,,,HDFCAMC - HDFCQUAL,59.68,59.89,59.05,59.14,59.26,59.05,,59.14,,,6295,373393.72,89,F1,1,,,,,
2026-09-01,2026-09-01,CM,NSE,STK,11593,INF179KC1HX2,HDFCSENSEX,EQ,,,,,HDFCAMC - HDFCSENSEX,87.01,88.6,87.01,87.38,87.58,87.29,,87.37,,,39852,3490135.09,612,F1,1,,,,,
2026-09-01,2026-09-01,CM,NSE,STK,10876,INF179KC1DI2,HDFCSILVER,EQ,,,,,HDFCAMC - HDFCSILVER,223.89,223.89,217.0,217.42,217.5,223.01,,217.42,,,5724309,1258219274.93,18556,F1,1,,,,,
2026-09-01,2026-09-01,CM,NSE,STK,14233,INF179KC1FB2,HDFCSML250,EQ,,,,,HDFCAMC - HDFCSML250,186.18,187.29,184.15,185.65,185.65,185.36,,185.65,,,7719160,1430494108.97,71219,F1,1,,,,,
2026-09-01,2026-09-01,CM,NSE,STK,11260,INF179KC1DK8,HDFCVALUE,EQ,,,,,HDFCAMC - HDFCVALUE,125.62,126.17,125.15,125.56,125.7,125.63,,125.57,,,1384,173785.53,63,F1,1,,,,,
2026-09-01,2026-09-01,CM,NSE,STK,22595,INF179KC1HW4,HDFCPSUBK,EQ,,,,,HDFCAMC HDFCPSUBK,86.36,86.79,84.64,85.73,85.44,86.14,,85.73,,,40291,3463424.81,244,F1,1,,,,,
2026-09-01,2026-09-01,CM,NSE,STK,19205,INE759V01019,HEADSUP,EQ,,,,,HEADS UP VENTURES LIMITED,6.9,6.9,6.72,6.85,6.87,6.87,,6.85,,,355,2432.81,51,F1,1,,,,,
2026-09-01,2026-09-01,CM,NSE,STK,20063,INE019J01013,HEALTHX,EQ,,,,,HEALTH X PLATFORM LIMITED,304.6,305.0,295.3,297.9,297.0,301.4,,297.9,,,3582,1076417.55,83,F1,1,,,,,
2026-09-01,2026-09-01,CM,NSE,STK,15555,INE075I01017,HCG,EQ,,,,,HEALTHCARE GLOB. ENT. LTD,735.0,737.95,701.5,704.4,703.05,733.3,,704.51,,,270089,192036843.9,17043,F1,1,,,,,
2026-09-01,2026-09-01,CM,NSE,STK,7425,INE558R01013,HECPROJECT,EQ,,,,,HEC INFRA PROJECTS LTD,119.57,121.49,115.53,116.37,118.12,119.57,,116.37,,,4575,540350.45,153,F1,1,,,,,
2026-09-01,2026-09-01,CM,NSE,STK,1336,INE545A01024,HEG,EQ,,,,,HEG LTD,732.4,753.9,721.1,729.9,728.0,728.8,,729.88,,,3707105,2751166683.05,79262,F1,1,,,,,
2026-09-01,2026-09-01,CM,NSE,STK,2316,INE578A01017,HEIDELBERG,EQ,,,,,HEIDELBERGCEMENT (I) LTD,157.7,159.99,157.7,158.1,158.0,157.41,,158.11,,,204831,32529395.39,1925,F1,1,,,,,
2026-09-01,2026-09-01,CM,NSE,STK,701,INE0AJG01018,HEMIPROP,EQ,,,,,HEMISPHERE PROP IND LTD,128.12,128.8,126.7,127.15,127.75,128.72,,127.15,,,154322,19672947.43,2133,F1,1,,,,,
2026-09-01,2026-09-01,CM,NSE,STK,2614,INE694N01015,HERANBA,EQ,,,,,HERANBA INDUSTRIES LTD,172.58,180.0,170.59,175.96,175.11,172.58,,175.96,,,75220,13258051.98,1773,F1,1,,,,,
2026-09-01,2026-09-01,CM,NSE,STK,4598,INE978A01027,HERITGFOOD,EQ,,,,,HERITAGE FOODS LTD,362.55,364.5,351.5,353.7,358.0,361.3,,353.72,,,199186,71156238.8,6591,F1,1,,,,,
2026-09-01,2026-09-01,CM,NSE,STK,1348,INE158A01026,HEROMOTOCO,EQ,,,,,HERO MOTOCORP LIMITED,5610.0,5659.0,5495.5,5555.0,5555.0,5450.0,,5554.96,,,1231011,6868567635.0,58450,F1,1,,,,,
2026-09-01,2026-09-01,CM,NSE,STK,7048,INE782E01017,HESTERBIO,EQ,,,,,HESTER BIOSCIENCES LTD,2257.5,2283.3,2182.0,2200.5,2182.0,2258.9,,2200.58,,,5008,11111563.2,743,F1,1,,,,,
2026-09-01,2026-09-01,CM,NSE,STK,27008,INE750M01017,HEXATRADEX,EQ,,,,,HEXA TRADEX LIMITED,161.29,161.29,158.25,158.72,158.25,160.49,,158.72,,,720,114634.54,15,F1,1,,,,,
2026-09-01,2026-09-01,CM,NSE,STK,750116,INE0JUI01012,HEXAGON,BE,,,,,HEXAGON NUTRITION LIMITED,67.23,67.9,65.95,66.19,66.63,67.4,,66.26,,,103313,6881925.22,536,F1,1,,,,,
2026-09-01,2026-09-01,CM,NSE,STK,29666,INE093A01041,HEXT,EQ,,,,,HEXAWARE TECHNOLOGIES LTD,555.5,555.5,543.8,551.1,550.0,554.75,,551.15,,,132636,72986167.8,9223,F1,1,,,,,
2026-09-01,2026-09-01,CM,NSE,STK,21951,INE548A01028,HFCL,EQ,,,,,HFCL LIMITED,252.0,252.9,236.64,236.64,236.64,249.09,,236.61,,,12772540,3093972717.07,79594,F1,1,,,,,
2026-09-01,2026-09-01,CM,NSE,STK,18794,INE0PIC01017,HIGREEN,SM,,,,,HI GREEN CARBON LIMITED,125.25,129.0,125.25,128.75,128.5,127.45,,128.75,,,3200,407800.0,4,F1,800,,,,,
2026-09-01,2026-09-01,CM,NSE,STK,2868,INE106T01025,HITECH,EQ,,,,,HI-TECH PIPES LIMITED,78.95,80.9,78.8,79.67,79.72,78.95,,79.67,,,484384,38643517.75,4783,F1,1,,,,,
2026-09-01,2026-09-01,CM,NSE,STK,759103,INE00RL01028,HILINFRA,EQ,,,,,HIGHWAY INFRASTRUCTURE L,44.99,44.99,43.92,44.19,44.82,44.53,,44.19,,,70388,3129454.89,592,F1,1,,,,,
2026-09-01,2026-09-01,CM,NSE,STK,9668,INE475B01022,HIKAL,EQ,,,,,HIKAL LIMITED,201.0,205.0,197.01,198.54,199.5,201.41,,198.54,,,211546,42249938.01,5804,F1,1,,,,,
2026-09-01,2026-09-01,CM,NSE,STK,14627,INE788H01017,HILTON,EQ,,,,,HILTON METAL FORGING LTD,19.11,19.99,19.11,19.32,19.2,19.33,,19.32,,,70590,1377687.15,268,F1,1,,,,,
2026-09-01,2026-09-01,CM,NSE,STK,14334,INE019C01026,HSCL,EQ,,,,,HIMADRI SPECIALITY CHEM L,660.35,684.55,650.1,680.85,676.0,659.2,,680.85,,,14160503,9520392935.4,118355,F1,1,,,,,
2026-09-01,2026-09-01,CM,NSE,STK,1360,INE049A01027,HIMATSEIDE,EQ,,,,,HIMATSINGKA SEIDE LTD,69.53,70.5,68.69,69.27,69.12,69.5,,69.27,,,304253,21124082.89,3084,F1,1,,,,,
2026-09-01,2026-09-01,CM,NSE,STK,765085,INE227B01019,HINDALUMI,EQ,,,,,HIND ALUMINIUM INDS. LTD.,97.0,100.5,95.0,97.8,97.7,97.39,,97.81,,,21225,2094844.01,182,F1,1,,,,,
2026-09-01,2026-09-01,CM,NSE,STK,1363,INE038A01020,HINDALCO,EQ,,,,,HINDALCO  INDUSTRIES  LTD,1023.0,1033.9,1010.0,1014.4,1014.4,1015.45,,1014.4,,,2765114,2817970832.1,39421,F1,1,,,,,
2026-09-01,2026-09-01,CM,NSE,STK,4920,INE642Y01029,HINDCON,EQ,,,,,HINDCON CHEMICALS LIMITED,24.6,24.6,23.1,23.47,23.69,23.57,,23.47,,,18087,425704.29,195,F1,1,,,,,
2026-09-01,2026-09-01,CM,NSE,STK,11796,INE05X901010,HPIL,EQ,,,,,HINDPRAKASH INDUSTRY LTD,122.35,124.8,120.2,121.17,121.1,122.35,,121.17,,,893,108629.14,30,F1,1,,,,,
2026-09-01,2026-09-01,CM,NSE,STK,14712,INE170I01016,HGS,EQ,,,,,HINDUJA GLOBAL SOLS. LTD.,400.55,402.15,391.0,393.7,395.5,400.55,,393.66,,,20971,8292245.35,1089,F1,1,,,,,
2026-09-01,2026-09-01,CM,NSE,STK,764698,INE074C01013,HINDADH,EQ,,,,,HINDUSTAN ADHESIVES LTD.,348.05,357.45,345.0,346.1,345.15,347.8,,348.85,,,2683,940969.05,135,F1,1,,,,,
2026-09-01,2026-09-01,CM,NSE,STK,2303,INE066F01020,HAL,EQ,,,,,HINDUSTAN AERONAUTICS LTD,4801.6,4819.6,4771.6,4807.6,4807.6,4801.6,,4807.62,,,492865,2363857395.4,35140,F1,1,,,,,
2026-09-01,2026-09-01,CM,NSE,STK,1372,INE310C01029,HINDCOMPOS,EQ,,,,,HINDUSTAN COMPOSITES LTD.,404.0,410.0,404.0,405.2,405.05,407.5,,405.27,,,1452,589414.0,126,F1,1,,,,,
2026-09-01,2026-09-01,CM,NSE,STK,1375,INE549A01026,HCC,EQ,,,,,HINDUSTAN CONSTRUCTION CO,23.88,24.25,23.17,23.36,23.42,23.83,,23.36,,,30351930,717939980.77,28639,F1,1,,,,,
2026-09-01,2026-09-01,CM,NSE,STK,17939,INE531E01026,HINDCOPPER,EQ,,,,,HINDUSTAN COPPER LTD,529.3,536.9,517.0,526.65,526.0,525.35,,526.63,,,13697101,7204850358.15,137726,F1,1,,,,,
2026-09-01,2026-09-01,CM,NSE,STK,12173,INE254N01026,HNDFDS,EQ,,,,,HINDUSTAN FOODS LIMITED,672.0,672.0,640.0,644.1,647.5,658.2,,644.13,,,56027,36422265.35,4922,F1,1,,,,,
2026-09-01,2026-09-01,CM,NSE,STK,19215,INE871K01015,HMVL,BE,,,,,HINDUSTAN MEDIA VENT LTD,88.03,89.0,86.0,86.57,86.51,88.03,,86.57,,,4721,412835.67,61,F1,1,,,,,
2026-09-01,2026-09-01,CM,NSE,STK,1403,INE345A01011,HINDOILEXP,EQ,,,,,HINDUSTAN OIL EXPLORATION,162.45,174.99,162.0,169.0,167.9,162.06,,169.0,,,2830998,481285225.96,28611,F1,1,,,,,
2026-09-01,2026-09-01,CM,NSE,STK,1406,INE094A01015,HINDPETRO,EQ,,,,,HINDUSTAN PETROLEUM CORP,361.0,364.55,358.1,363.1,363.1,365.75,,363.1,,,1725511,624945593.2,33178,F1,1,,,,,
2026-09-01,2026-09-01,CM,NSE,STK,1394,INE030A01027,HINDUNILVR,EQ,,,,,HINDUSTAN UNILEVER LTD.,1987.0,2003.0,1980.0,1994.8,1994.8,1967.4,,1994.8,,,922778,1835618132.1,40059,F1,1,,,,,
2026-09-01,2026-09-01,CM,NSE,STK,1424,INE267A01025,HINDZINC,EQ,,,,,HINDUSTAN ZINC LIMITED,604.15,608.95,593.05,597.0,597.0,595.45,,596.97,,,5675069,3401176798.75,61401,F1,1,,,,,
2026-09-01,2026-09-01,CM,NSE,STK,15883,INE05AN01011,HINDWAREAP,EQ,,,,,HINDWARE HME INOVATON LTD,187.0,190.55,181.2,182.11,182.0,186.98,,182.11,,,127373,23430088.22,3467,F1,1,,,,,
2026-09-01,2026-09-01,CM,NSE,STK,13890,INE835D01023,HIRECT,EQ,,,,,HIRECT LIMITED,1215.8,1264.7,1203.8,1248.2,1251.0,1221.9,,1248.38,,,54711,67445639.8,4667,F1,1,,,,,
2026-09-01,2026-09-01,CM,NSE,STK,19322,INE598C01011,HISARMETAL,EQ,,,,,HISAR METAL IND. LIMITED,154.55,166.0,151.56,159.54,162.0,157.34,,159.54,,,2885,457509.57,167,F1,1,,,,,
2026-09-01,2026-09-01,CM,NSE,STK,18457,INE07Y701011,POWERINDIA,EQ,,,,,HITACHI ENERGY INDIA LTD,33450.0,33450.0,32400.0,32640.0,32640.0,33760.0,,32641.93,,,100880,3296275275.0,25287,F1,1,,,,,
2026-09-01,2026-09-01,CM,NSE,STK,15165,INE120D01012,HITECHCORP,BE,,,,,HITECH CORPORATION LTD,331.75,338.0,331.75,337.65,338.0,334.6,,337.65,,,13707,4605767.5,82,F1,1,,,,,
2026-09-01,2026-09-01,CM,NSE,STK,2289,INE461D01028,HLEGLAS,EQ,,,,,HLE GLASCOAT LIMITED,311.65,319.95,311.65,316.75,316.0,314.6,,316.74,,,70734,22345838.5,2105,F1,1,,,,,
2026-09-01,2026-09-01,CM,NSE,STK,1448,INE102A01024,HLVLTD,EQ,,,,,HLV LIMITED,6.45,6.59,6.31,6.34,6.35,6.5,,6.34,,,266885,1706961.99,631,F1,1,,,,,
2026-09-01,2026-09-01,CM,NSE,STK,17053,INE0ECP01024,HMAAGRO,EQ,,,,,HMA AGRO INDUSTRIES LTD,20.9,21.11,20.78,20.92,20.9,20.98,,20.92,,,640790,13399685.69,1528,F1,1,,,,,
2026-09-01,2026-09-01,CM,NSE,STK,19698,INE262A01018,HMT,BZ,,,,,HMT LTD -,61.4,64.27,61.4,64.27,64.27,61.21,,64.57,,,23878,1517392.99,152,F1,1,,,,,
2026-09-01,2026-09-01,CM,NSE,STK,23826,INE0S6S01017,HOACFOODS,ST,,,,,HOAC FOODS INDIA LIMITED,879.95,914.0,879.95,914.0,914.0,870.9,,914.0,,,5625,5044106.25,15,F1,375,,,,,
2026-09-01,2026-09-01,CM,NSE,STK,18649,INE0LXA01019,HOLMARC,SM,,,,,HOLMARC OPTO MECHATRO L,107.0,107.15,105.0,105.0,105.0,102.05,,105.0,,,15000,1603087.5,12,F1,750,,,,,
2026-09-01,2026-09-01,CM,NSE,STK,2056,INE481N01025,HOMEFIRST,EQ,,,,,HOME FIRST FIN CO IND LTD,1160.0,1188.9,1151.9,1182.8,1179.4,1164.7,,1182.76,,,112117,130792067.8,18943,F1,1,,,,,
2026-09-01,2026-09-01,CM,NSE,STK,19813,INE0J5401028,HONASA,EQ,,,,,HONASA CONSUMER LIMITED,483.35,485.9,469.05,473.5,473.25,480.9,,473.48,,,800865,382344679.85,25000,F1,1,,,,,
2026-09-01,2026-09-01,CM,NSE,STK,3138,INE634A01018,HONDAPOWER,EQ,,,,,HONDA I POWER PRODUCT LTD,2029.6,2029.6,1981.0,1993.4,2010.0,2018.0,,1993.54,,,3548,7098302.4,707,F1,1,,,,,
2026-09-01,2026-09-01,CM,NSE,STK,3417,INE671A01010,HONAUT,EQ,,,,,HONEYWELL AUTOMATION IND,35710.0,36320.0,35420.0,35580.0,35465.0,35530.0,,35583.37,,,3376,120858505.0,2216,F1,1,,,,,
2026-09-01,2026-09-01,CM,NSE,STK,765356,INE685T01010,HORIZONIND,EQ,,,,,HORIZON INDUSTRIAL PRKS L,56.9,58.3,55.11,55.37,55.33,56.89,,55.38,,,5863251,329479743.75,27457,F1,1,,,,,
2026-09-01,2026-09-01,CM,NSE,STK,17920,INE191I01012,HDIL,BZ,,,,,HOUSING DEV & INFRA LTD,1.47,1.53,1.47,1.5,1.5,1.49,,1.5,,,99232,149290.42,150,F1,1,,,,,
2026-09-01,2026-09-01,CM,NSE,STK,7376,INE0GSL01024,HPAL,EQ,,,,,HP ADHESIVES LIMITED,35.49,35.49,34.2,34.93,34.95,35.0,,34.93,,,35587,1236427.56,800,F1,1,,,,,
2026-09-01,2026-09-01,CM,NSE,STK,29875,INE0VA601019,HPTL,SM,,,,,HP TELECOM INDIA LIMITED,346.85,346.85,315.0,315.0,315.0,330.35,,315.0,,,3000,1021440.0,4,F1,600,,,,,
2026-09-01,2026-09-01,CM,NSE,STK,18679,INE495S01016,HPL,EQ,,,,,HPL ELECTRIC & POWER LTD,301.6,306.1,296.85,299.8,299.0,303.1,,299.78,,,84595,25471269.05,3306,F1,1,,,,,
2026-09-01,2026-09-01,CM,NSE,STK,21107,INE0R3501012,HRHNEXT,SM,,,,,HRH NEXT SERVICES LIMITED,23.5,23.5,23.5,23.5,23.5,24.7,,23.5,,,1500,35250.0,1,F1,1500,,,,,
2026-09-01,2026-09-01,CM,NSE,STK,761506,INF336L01RX2,HSBCGOLD,EQ,,,,,HSBCAMC - HSBCGOLD,134.5,134.5,131.7,132.04,132.25,133.84,,132.04,,,6326,844445.54,87,F1,1,,,,,
2026-09-01,2026-09-01,CM,NSE,STK,20825,INE031A01017,HUDCO,EQ,,,,,HSG & URBAN DEV CORPN LTD,180.0,183.89,177.3,178.58,179.74,182.05,,178.56,,,1726314,309489415.31,22958,F1,1,,,,,
2026-09-01,2026-09-01,CM,NSE,STK,11979,INE501G01024,HTMEDIA,EQ,,,,,HT MEDIA LIMITED,26.46,27.5,26.11,26.88,26.7,26.35,,26.88,,,157208,4250424.32,671,F1,1,,,,,
2026-09-01,2026-09-01,CM,NSE,STK,14203,INE703H01016,HUBTOWN,EQ,,,,,HUBTOWN LIMITED,182.0,182.95,179.03,180.33,181.5,182.3,,180.35,,,198378,35814075.99,2944,F1,1,,,,,
2026-09-01,2026-09-01,CM,NSE,STK,2562,INE275B01026,HUHTAMAKI,EQ,,,,,HUHTAMAKI INDIA LIMITED,263.2,263.2,253.5,258.95,259.8,262.9,,258.95,,,116595,30221432.0,3320,F1,1,,,,,
2026-09-01,2026-09-01,CM,NSE,STK,765468,INE0LEG01024,HTEL,BE,,,,,HY-TECH ENGINEERS LIMITED,75.0,78.75,71.25,78.75,78.75,53.0,,78.6,,,10216470,766598892.82,37463,F1,1,,,,,
2026-09-01,2026-09-01,CM,NSE,STK,12814,INE965B01022,HYBRIDFIN,BE,,,,,HYBRID FINANCIAL SERVICE,17.0,17.15,16.8,16.96,16.96,17.25,,16.96,,,3093,52152.16,24,F1,1,,,,,
2026-09-01,2026-09-01,CM,NSE,STK,25844,INE0V6F01027,HYUNDAI,EQ,,,,,HYUNDAI MOTOR INDIA LTD,2227.0,2260.0,2156.2,2179.8,2179.8,2205.0,,2179.22,,,604868,1330967812.6,40073,F1,1,,,,,
2026-09-01,2026-09-01,CM,NSE,STK,14086,INE204A01010,IGPL,EQ,,,,,I G PETROCHEMICALS LTD,535.1,552.9,532.05,548.35,549.9,534.8,,548.32,,,124180,67829722.6,6029,F1,1,,,,,
2026-09-01,2026-09-01,CM,NSE,STK,764718,INE684B01029,ISTLTD,EQ,,,,,I S T LTD.,640.0,669.3,605.0,646.15,646.4,645.55,,646.15,,,854,551710.7,90,F1,1,,,,,
2026-09-01,2026-09-01,CM,NSE,STK,764064,INE0XE501015,ICELCO,SM,,,,,IC ELECTRICALS COMPANY L,122.95,122.95,113.5,117.05,116.55,122.95,,117.05,,,165600,19586460.0,98,F1,1200,,,,,
2026-09-01,2026-09-01,CM,NSE,STK,6977,INE613B01010,ICDSLTD,EQ,,,,,ICDS LTD,40.41,49.22,39.51,49.22,49.22,41.02,,49.22,,,31810,1549608.5,286,F1,1,,,,,
2026-09-01,2026-09-01,CM,NSE,STK,489,INE520Y01019,ICEMAKE,EQ,,,,,ICE MAKE REFRIGERAT LTD,752.45,752.45,730.0,733.45,730.35,749.3,,733.45,,,9026,6654305.0,877,F1,1,,,,,
2026-09-01,2026-09-01,CM,NSE,STK,4963,INE090A01021,ICICIBANK,EQ,,,,,ICICI BANK LTD.,1442.9,1446.7,1422.8,1438.0,1438.0,1454.0,,1438.0,,,10627608,15226197713.1,143205,F1,1,,,,,
2026-09-01,2026-09-01,CM,NSE,STK,21770,INE765G01017,ICICIGI,EQ,,,,,ICICI LOMBARD GIC LIMITED,1565.0,1573.4,1542.3,1566.9,1566.9,1566.9,,1566.9,,,446492,695370636.3,15325,F1,1,,,,,
2026-09-01,2026-09-01,CM,NSE,STK,21254,INF109KC19U5,LOWVOLIETF,EQ,,,,,ICICI PR NIF LW VL 30 ETF,22.61,22.61,22.0,22.13,22.23,22.17,,22.13,,,1340431,29817332.63,1586,F1,1,,,,,
2026-09-01,2026-09-01,CM,NSE,STK,18652,INE726G01019,ICICIPRULI,EQ,,,,,ICICI PRU LIFE INS CO LTD,507.0,507.0,495.0,495.45,495.45,517.05,,495.45,,,2199838,1099676212.5,39888,F1,1,,,,,
2026-09-01,2026-09-01,CM,NSE,STK,17702,INF109KC10W0,MIDSELIETF,EQ,,,,,ICICI PRUD MIDCAP SEL ETF,20.38,20.39,19.5,19.97,20.01,20.05,,19.97,,,381010,7634280.23,879,F1,1,,,,,
2026-09-01,2026-09-01,CM,NSE,STK,30392,INF109KC16V9,NIF100IETF,EQ,,,,,ICICI PRUD NIFTY 100 ETF,28.12,28.25,28.0,28.06,28.1,28.13,,28.06,,,70667,1987526.6,1405,F1,1,,,,,
2026-09-01,2026-09-01,CM,NSE,STK,29553,INF109K012R6,NIFTYIETF,EQ,,,,,ICICI PRUD NIFTY ETF,277.4,277.4,271.81,272.12,272.15,273.42,,272.12,,,544523,148477349.29,11017,F1,1,,,,,
2026-09-01,2026-09-01,CM,NSE,STK,4378,INF346A01034,SENSEXIETF,EQ,,,,,ICICI PRUD SENSEX ETF,881.91,890.0,881.91,885.91,883.5,887.02,,885.92,,,4948,4379691.64,414,F1,1,,,,,
2026-09-01,2026-09-01,CM,NSE,STK,760407,INE346A01027,ICICIAMC,EQ,,,,,ICICI PRUDENTIAL AMC LTD,3069.9,3071.9,3008.0,3038.1,3030.0,3065.1,,3038.09,,,835278,2541505543.9,57748,F1,1,,,,,
2026-09-01,2026-09-01,CM,NSE,STK,19679,INF109KC1NT3,GOLDIETF,EQ,,,,,ICICI PRUDENTIAL GOLD ETF,134.0,134.0,129.55,129.73,129.7,131.72,,129.73,,,7664223,1000410568.98,40562,F1,1,,,,,
2026-09-01,2026-09-01,CM,NSE,STK,17475,INF109KC11V0,NV20IETF,EQ,,,,,ICICI PRUDENTIAL NV20 ETF,13.83,13.83,13.5,13.55,13.54,13.56,,13.55,,,278349,3784218.85,1922,F1,1,,,,,
2026-09-01,2026-09-01,CM,NSE,STK,522,INF109KB15Y7,ICICIB22,EQ,,,,,ICICIPRAMC - BHARATIWIN,112.2,116.0,112.2,113.64,113.6,113.78,,113.64,,,534195,60785451.54,3168,F1,1,,,,,
2026-09-01,2026-09-01,CM,NSE,STK,30139,INF109K1A021,CASHIETF,EQ,,,,,ICICIPRAMC - CASHIETF,1079.65,1079.65,1077.71,1077.71,1077.71,1077.58,,1077.71,,,140831,151776919.58,103,F1,1,,,,,
2026-09-01,2026-09-01,CM,NSE,STK,755881,INF109K1A153,EVIETF,EQ,,,,,ICICIPRAMC - EVIETF,33.6,33.63,32.92,33.1,33.29,33.54,,33.1,,,124434,4132400.07,919,F1,1,,,,,
2026-09-01,2026-09-01,CM,NSE,STK,13143,INF109KC18O0,GSEC10IETF,EQ,,,,,ICICIPRAMC - ICICI10GS,265.05,265.05,262.01,263.5,263.5,265.71,,263.5,,,6819,1794409.84,10,F1,1,,,,,
2026-09-01,2026-09-01,CM,NSE,STK,3001,INF109KC1V59,BSE500IETF,EQ,,,,,ICICIPRAMC - ICICI500,39.67,39.7,39.42,39.51,39.53,39.67,,39.5,,,160624,6359039.38,1250,F1,1,,,,,
2026-09-01,2026-09-01,CM,NSE,STK,8342,INF109KC14A8,GSEC5IETF,EQ,,,,,ICICIPRAMC - ICICI5GSEC,66.0,66.84,65.91,66.01,66.01,66.01,,66.26,,,729,48305.46,32,F1,1,,,,,
2026-09-01,2026-09-01,CM,NSE,STK,22344,INF109KC17V7,ALPL30IETF,EQ,,,,,ICICIPRAMC - ICICIALPLV,27.91,28.09,27.67,27.77,27.67,27.92,,27.77,,,435315,12139431.69,1057,F1,1,,,,,
2026-09-01,2026-09-01,CM,NSE,STK,7844,INF109KC10V2,AUTOIETF,EQ,,,,,ICICIPRAMC - ICICIAUTO,30.03,30.15,29.32,29.46,29.6,29.96,,29.46,,,723144,21480655.17,3612,F1,1,,,,,
2026-09-01,2026-09-01,CM,NSE,STK,11386,INF109KC18U7,PVTBANIETF,EQ,,,,,ICICIPRAMC - ICICIBANKP,28.1,28.23,27.6,27.93,27.87,28.05,,27.93,,,3850107,107979188.1,1738,F1,1,,,,,
2026-09-01,2026-09-01,CM,NSE,STK,13198,INF109KC19O8,COMMOIETF,EQ,,,,,ICICIPRAMC - ICICICOMMO,99.32,99.48,98.5,98.85,98.75,98.9,,98.86,,,30625,3029914.93,546,F1,1,,,,,
2026-09-01,2026-09-01,CM,NSE,STK,6446,INF109KC1V42,CONSUMIETF,EQ,,,,,ICICIPRAMC - ICICICONSU,122.65,123.3,121.7,122.08,121.7,122.56,,122.08,,,8727,1069595.42,279,F1,1,,,,,
2026-09-01,2026-09-01,CM,NSE,STK,5306,INF109KC19V3,FMCGIETF,EQ,,,,,ICICIPRAMC - ICICIFMCG,50.25,50.5,49.7,49.78,49.84,50.1,,49.78,,,4747626,236724956.52,7693,F1,1,,,,,
2026-09-01,2026-09-01,CM,NSE,STK,10723,INF109KC16E5,INFRAIETF,EQ,,,,,ICICIPRAMC - ICICIINFRA,94.6,95.59,94.18,94.49,94.18,94.6,,94.49,,,834793,78850036.91,11518,F1,1,,,,,
2026-09-01,2026-09-01,CM,NSE,STK,4838,INF109KC1KT9,LIQUIDIETF,EQ,,,,,ICICIPRAMC - ICICILIQ,1000.0,1000.01,999.99,999.99,1000.0,999.99,,999.99,,,410103,410102692.85,207,F1,1,,,,,
2026-09-01,2026-09-01,CM,NSE,STK,17152,INF109KC11W8,MIDCAPIETF,EQ,,,,,ICICIPRAMC - ICICIM150,24.36,24.39,24.01,24.1,24.15,24.25,,24.1,,,903571,21853847.01,3052,F1,1,,,,,
2026-09-01,2026-09-01,CM,NSE,STK,10585,INF109KC17C7,MOM30IETF,EQ,,,,,ICICIPRAMC - ICICIMOM30,32.32,32.32,31.0,31.29,31.3,31.54,,31.29,,,619898,19457997.02,2439,F1,1,,,,,
2026-09-01,2026-09-01,CM,NSE,STK,4529,INF109KC1NS5,NEXT50IETF,EQ,,,,,ICICIPRAMC - ICICINXT50,78.05,78.05,76.76,77.02,77.22,77.4,,77.03,,,562721,43447037.93,6150,F1,1,,,,,
2026-09-01,2026-09-01,CM,NSE,STK,3626,INF109KC1Q72,HEALTHIETF,EQ,,,,,ICICIPRAMC - ICICIPHARM,172.77,172.77,170.56,171.16,171.4,171.07,,171.16,,,87858,15042035.15,1515,F1,1,,,,,
2026-09-01,2026-09-01,CM,NSE,STK,17808,INF109KC18V5,QUAL30IETF,EQ,,,,,ICICIPRAMC - ICICIQTY30,21.32,23.0,21.03,21.49,21.4,21.22,,21.49,,,48546,1038728.56,225,F1,1,,,,,
2026-09-01,2026-09-01,CM,NSE,STK,7942,INF109KC1Y56,SILVERIETF,EQ,,,,,ICICIPRAMC - ICICISILVE,233.69,233.96,227.02,227.47,227.35,233.18,,227.47,,,3784482,873010327.85,23462,F1,1,,,,,
2026-09-01,2026-09-01,CM,NSE,STK,22365,INF109KC16I6,ITIETF,EQ,,,,,ICICIPRAMC - ICICITECH,34.47,35.05,34.31,34.8,34.75,34.31,,34.8,,,745507,25915771.49,1515,F1,1,,,,,
2026-09-01,2026-09-01,CM,NSE,STK,764364,INF109K1A567,INSUREIETF,EQ,,,,,ICICIPRAMC - INSUREIETF,15.3,15.75,15.15,15.43,15.23,15.3,,15.43,,,586610,8975238.2,305,F1,1,,,,,
2026-09-01,2026-09-01,CM,NSE,STK,11037,INF109KC15I8,BANKIETF,EQ,,,,,ICICIPRAMC - IPRU5008,58.85,59.34,58.71,58.9,58.98,59.03,,58.9,,,677022,39979516.36,2877,F1,1,,,,,
2026-09-01,2026-09-01,CM,NSE,STK,24861,INF109KC19W1,METALIETF,EQ,,,,,ICICIPRAMC - METALIETF,13.12,13.48,13.12,13.23,13.25,13.33,,13.23,,,6560445,87366388.76,10550,F1,1,,,,,
2026-09-01,2026-09-01,CM,NSE,STK,24533,INF109KC18W3,OILIETF,EQ,,,,,ICICIPRAMC - OILIETF,11.22,11.33,11.2,11.27,11.23,11.22,,11.27,,,736794,8317509.54,1766,F1,1,,,,,
2026-09-01,2026-09-01,CM,NSE,STK,14584,INF109KC10S8,PSUBNKIETF,EQ,,,,,ICICIPRAMC - PSUBANKICI,86.47,87.1,86.01,86.24,86.54,86.54,,86.24,,,68390,5917357.17,779,F1,1,,,,,
2026-09-01,2026-09-01,CM,NSE,STK,754612,INF109K1A476,SMALLIETF,EQ,,,,,ICICIPRAMC - SMALLIETF,18.08,18.54,18.08,18.47,18.48,18.45,,18.47,,,20220,372197.71,120,F1,1,,,,,
2026-09-01,2026-09-01,CM,NSE,STK,757781,INF109K1A344,TOP15IETF,EQ,,,,,ICICIPRAMC - TOP15IETF,9.95,10.0,9.83,9.86,9.9,9.86,,9.86,,,63958,631037.45,204,F1,1,,,,,
2026-09-01,2026-09-01,CM,NSE,STK,25851,INF109KC16X5,VAL30IETF,EQ,,,,,ICICIPRAMC - VAL30IETF,15.06,15.24,15.03,15.08,15.13,15.08,,15.08,,,382469,5784715.26,692,F1,1,,,,,
2026-09-01,2026-09-01,CM,NSE,STK,12578,INF109KC17L8,FINIETF,EQ,,,,,ICICIPRAMC-ICICIFIN,33.09,33.09,32.56,32.65,32.76,32.99,,32.65,,,303728,9946010.17,1707,F1,1,,,,,
2026-09-01,2026-09-01,CM,NSE,STK,14523,INE725G01011,ICRA,EQ,,,,,ICRA LIMITED,4928.2,5023.0,4922.5,5011.9,5017.0,4916.4,,5011.69,,,31390,156478502.5,5601,F1,1,,,,,
2026-09-01,2026-09-01,CM,NSE,STK,1476,INE008A01015,IDBI,EQ,,,,,IDBI BANK LIMITED,91.3,94.15,89.25,92.06,91.85,90.88,,92.06,,,11861429,1088003032.39,45424,F1,1,,,,,
2026-09-01,2026-09-01,CM,NSE,STK,17140,INE349Y01013,IDEAFORGE,EQ,,,,,IDEAFORGE TECHNO LTD,795.25,809.0,777.6,783.6,783.0,795.25,,783.66,,,305312,240922631.5,17617,F1,1,,,,,
2026-09-01,2026-09-01,CM,NSE,STK,28574,INE0TD101011,IDENTICAL,SM,,,,,IDENTICAL BRAINS STUDIO L,17.4,17.45,17.0,17.0,17.0,17.5,,17.0,,,14000,241500.0,4,F1,2000,,,,,
2026-09-01,2026-09-01,CM,NSE,STK,11184,INE092T01019,IDFCFIRSTB,EQ,,,,,IDFC FIRST BANK LIMITED,85.2,85.2,84.1,84.9,84.9,85.97,,84.9,,,11579195,980447835.22,56194,F1,1,,,,,
2026-09-01,2026-09-01,CM,NSE,STK,1482,INE076C01018,IFBAGRO,EQ,,,,,IFB AGRO INDUSTRIES LTD,910.5,929.2,880.35,899.4,905.1,899.2,,899.14,,,8956,7992855.8,638,F1,1,,,,,
2026-09-01,2026-09-01,CM,NSE,STK,1485,INE559A01017,IFBIND,EQ,,,,,IFB INDUSTRIES LTD,1331.4,1338.9,1291.2,1301.4,1299.9,1331.4,,1301.55,,,59069,77603147.9,5591,F1,1,,,,,
2026-09-01,2026-09-01,CM,NSE,STK,1491,INE039A01010,IFCI,EQ,,,,,IFCI LTD,89.94,90.19,86.25,87.26,87.08,89.7,,87.26,,,22192116,1947973920.21,61444,F1,1,,,,,
2026-09-01,2026-09-01,CM,NSE,STK,436,INE133Y01011,IFGLEXPOR,EQ,,,,,IFGL REFRACTORIES LIMITED,210.05,213.02,207.0,207.91,208.7,210.37,,207.92,,,22386,4686579.32,1150,F1,1,,,,,
2026-09-01,2026-09-01,CM,NSE,STK,760656,INE01XO07025,1225IFL28,N0,,,,,IFL 12.25% 2028,7600.0,7600.0,7600.0,7600.0,7600.0,7351.0,,7600.0,,,2,15200.0,2,F1,1,,,,,
2026-09-01,2026-09-01,CM,NSE,STK,634,INE188B01013,IGARASHI,EQ,,,,,IGARASHI MOTORS INDIA LTD,416.5,428.0,416.0,421.05,419.0,419.95,,421.05,,,51592,21761781.2,2347,F1,1,,,,,
2026-09-01,2026-09-01,CM,NSE,STK,761117,INE530B07591,852IIFL29,Y5,,,,,IIFL 8.52% TR I SR II,992.0,992.0,963.0,963.0,963.0,991.0,,963.0,,,135,132975.0,3,F1,1,,,,,
2026-09-01,2026-09-01,CM,NSE,STK,756144,INE530B07476,975IIFL28,Y0,,,,,IIFL 9.75% TR I SR VI,1044.05,1044.05,1044.05,1044.05,1044.05,1042.81,,1044.05,,,63,65775.15,2,F1,1,,,,,
2026-09-01,2026-09-01,CM,NSE,STK,13072,INE489L01022,IIFLCAPS,EQ,,,,,IIFL CAPITAL SERVICES LTD,337.2,342.8,334.5,340.15,340.0,336.95,,340.15,,,869199,295745420.75,11537,F1,1,,,,,
2026-09-01,2026-09-01,CM,NSE,STK,11809,INE530B01024,IIFL,EQ,,,,,IIFL FINANCE LIMITED,645.05,651.0,628.0,639.15,643.15,646.75,,639.13,,,1501350,956948585.25,46842,F1,1,,,,,
2026-09-01,2026-09-01,CM,NSE,STK,761124,INE530B07641,IIFL06326,YC,,,,,IIFL TR I SR IX,980.0,980.0,980.0,980.0,980.0,1000.0,,980.0,,,10,9800.0,1,F1,1,,,,,
2026-09-01,2026-09-01,CM,NSE,STK,761122,INE530B07583,IIFL060326,YA,,,,,IIFL TR I SR VII,1020.0,1020.0,1020.0,1020.0,1020.0,1020.0,,1020.0,,,25,25500.0,1,F1,1,,,,,
2026-09-01,2026-09-01,CM,NSE,STK,16822,INE0LOJ01019,IKIO,EQ,,,,,IKIO TECHNOLOGIES LIMITED,215.48,216.93,206.1,207.53,206.1,215.48,,207.51,,,215560,45200496.73,4853,F1,1,,,,,
2026-09-01,2026-09-01,CM,NSE,STK,9380,INE369I01014,IL&FSENGG,BZ,,,,,IL&FS ENG AND CONS CO LTD,35.2,35.55,34.52,35.0,35.0,35.56,,35.59,,,28135,988950.68,40,F1,1,,,,,
2026-09-01,2026-09-01,CM,NSE,STK,6711,INE050B01023,IVC,EQ,,,,,IL&FS INVESTMENT MANAGERS,9.06,9.47,9.06,9.32,9.36,9.05,,9.32,,,1370966,12726004.9,2683,F1,1,,,,,
2026-09-01,2026-09-01,CM,NSE,STK,9381,INE975G01012,IL&FSTRANS,BZ,,,,,IL&FS TRANS NET LTD,2.3,2.3,2.19,2.23,2.28,2.22,,2.23,,,37187,83424.51,65,F1,1,,,,,
2026-09-01,2026-09-01,CM,NSE,STK,7672,INE172N01012,IMAGICAA,EQ,,,,,IMAGICAAWORLD ENT LTD,56.38,56.94,54.65,55.0,55.31,56.29,,55.0,,,802066,44461415.09,4429,F1,1,,,,,
2026-09-01,2026-09-01,CM,NSE,STK,25881,INE691G01015,IMPEXFERRO,BZ,,,,,IMPEX FERRO TECH LIMITED,4.46,4.46,4.46,4.46,4.46,4.38,,4.59,,,7736,34502.56,12,F1,1,,,,,
2026-09-01,2026-09-01,CM,NSE,STK,17507,INE452L01012,INCREDIBLE,EQ,,,,,INCREDIBLE INDUSTRIES LTD,32.49,33.14,32.1,32.81,33.14,32.04,,32.83,,,9648,313108.86,82,F1,1,,,,,
2026-09-01,2026-09-01,CM,NSE,STK,12009,INE547E01014,IMPAL,EQ,,,,,IND MOTOR PART & ACC LTD,1050.0,1135.0,1050.0,1131.4,1133.0,1072.6,,1131.4,,,7544,8360552.8,556,F1,1,,,,,
2026-09-01,2026-09-01,CM,NSE,STK,4870,INE915B01019,INDSWFTLAB,EQ,,,,,IND SWIFT LABORATORIES LT,368.45,389.5,361.9,368.15,364.0,364.87,,368.16,,,1383073,520778495.15,27205,F1,1,,,,,
2026-09-01,2026-09-01,CM,NSE,STK,21957,INE611L01021,INDTERRAIN,EQ,,,,,IND TERRAIN FASHIONS LTD,30.01,30.96,30.0,30.82,30.1,30.11,,30.82,,,15764,475636.51,75,F1,1,,,,,
2026-09-01,2026-09-01,CM,NSE,STK,16933,INE841B01017,INDBANK,EQ,,,,,INDBANK MERCH BANK,31.75,31.75,31.12,31.27,31.21,31.64,,31.28,,,22505,704273.02,256,F1,1,,,,,
2026-09-01,2026-09-01,CM,NSE,STK,29678,INE0O9T01021,BAJAJINDEF,EQ,,,,,INDEF MANUFACTURING LTD,218.1,228.0,218.1,224.51,224.48,220.61,,224.53,,,11276,2524998.58,333,F1,1,,,,,
2026-09-01,2026-09-01,CM,NSE,STK,23693,INE065X01017,INDGN,EQ,,,,,INDEGENE LIMITED,610.05,614.45,597.1,605.4,609.0,611.65,,605.43,,,949276,573419589.7,33328,F1,1,,,,,
2026-09-01,2026-09-01,CM,NSE,STK,1521,INE560A01023,INDIAGLYCO,EQ,,,,,INDIA GLYCOLS LTD,1149.8,1173.7,1097.5,1111.7,1106.2,1147.3,,1111.72,,,880527,995889572.3,40344,F1,1,,,,,
2026-09-01,2026-09-01,CM,NSE,STK,4747,INE092B01025,INDNIPPON,EQ,,,,,INDIA NIPPON ELECT  LTD,1050.6,1092.2,1045.1,1072.1,1075.0,1050.6,,1072.22,,,16317,17427273.0,2484,F1,1,,,,,
2026-09-01,2026-09-01,CM,NSE,STK,4934,INE0D6701023,IPL,EQ,,,,,INDIA PESTICIDES LIMITED,137.25,138.4,136.5,138.24,138.4,136.86,,138.23,,,52476,7219873.35,1046,F1,1,,,,,
2026-09-01,2026-09-01,CM,NSE,STK,20556,INE922K01024,INDIASHLTR,EQ,,,,,INDIA SHELTER FIN CORP L,650.0,653.0,626.0,628.9,629.0,650.0,,628.93,,,101042,64118593.9,8372,F1,1,,,,,
2026-09-01,2026-09-01,CM,NSE,STK,19299,INE353K01014,ITDC,EQ,,,,,INDIA TOUR. DEV. CO. LTD.,640.2,677.6,637.15,644.75,645.0,640.2,,644.75,,,231214,152091058.75,19490,F1,1,,,,,
2026-09-01,2026-09-01,CM,NSE,STK,24999,INE126M01010,IBULLSLTD,EQ,,,,,INDIABULLS LIMITED,26.25,26.39,25.25,25.44,25.49,26.25,,25.44,,,5991756,154780712.71,12421,F1,1,,,,,
2026-09-01,2026-09-01,CM,NSE,STK,10726,INE933S01016,INDIAMART,EQ,,,,,INDIAMART INTERMESH LTD,1757.0,1774.0,1757.0,1764.4,1760.0,1755.4,,1764.45,,,33507,59104144.8,4336,F1,1,,,,,
2026-09-01,2026-09-01,CM,NSE,STK,14309,INE562A01011,INDIANB,EQ,,,,,INDIAN BANK,889.0,890.5,874.05,881.75,881.75,898.75,,881.74,,,1602957,1413912581.65,40493,F1,1,,,,,
2026-09-01,2026-09-01,CM,NSE,STK,4422,INE061A01014,INDIANCARD,EQ,,,,,INDIAN CARD CLOTHING CO.,210.0,212.9,208.0,211.47,208.0,208.68,,211.47,,,2289,484128.7,38,F1,1,,,,,
2026-09-01,2026-09-01,CM,NSE,STK,23792,INE0RRU01016,IEML,ST,,,,,INDIAN EMULSIFIERS LTD,40.7,44.8,40.6,42.45,42.45,42.7,,42.45,,,49000,2097800.0,56,F1,500,,,,,
2026-09-01,2026-09-01,CM,NSE,STK,220,INE022Q01020,IEX,EQ,,,,,INDIAN ENERGY EXC LTD,120.5,120.5,118.8,119.2,119.2,120.5,,119.2,,,2633916,314640734.95,28959,F1,1,,,,,
2026-09-01,2026-09-01,CM,NSE,STK,1530,INE323C01030,INDIANHUME,EQ,,,,,INDIAN HUME PIPE CO. LTD.,380.65,381.7,370.1,372.15,370.15,380.9,,372.15,,,28221,10588328.9,1435,F1,1,,,,,
2026-09-01,2026-09-01,CM,NSE,STK,19235,INE919H01018,IMFA,EQ,,,,,INDIAN METALS & FERRO,1322.3,1333.7,1296.0,1301.1,1299.0,1317.6,,1301.19,,,110596,145148287.6,11385,F1,1,,,,,
2026-09-01,2026-09-01,CM,NSE,STK,1624,INE242A01010,IOC,EQ,,,,,INDIAN OIL CORP LTD,136.34,137.9,135.15,136.53,136.53,139.13,,136.53,,,9536764,1303366888.69,57708,F1,1,,,,,
2026-09-01,2026-09-01,CM,NSE,STK,9348,INE565A01014,IOB,EQ,,,,,INDIAN OVERSEAS BANK,32.5,32.51,32.06,32.27,32.39,32.47,,32.27,,,1775290,57328780.1,9855,F1,1,,,,,
2026-09-01,2026-09-01,CM,NSE,STK,25033,INE0DHF01018,IPHL,SM,,,,,INDIAN PHOSPHATE LIMITED,72.55,79.0,70.35,76.4,76.4,74.35,,76.4,,,49200,3750480.0,38,F1,1200,,,,,
2026-09-01,2026-09-01,CM,NSE,STK,13611,INE335Y01020,IRCTC,EQ,,,,,INDIAN RAIL TOUR CORP LTD,481.45,484.35,480.15,481.35,482.4,481.25,,481.35,,,398860,192375353.45,16663,F1,1,,,,,
2026-09-01,2026-09-01,CM,NSE,STK,2029,INE053F01010,IRFC,EQ,,,,,INDIAN RAILWAY FIN CORP L,83.34,83.75,82.16,82.5,82.5,83.34,,82.5,,,7766605,644645611.72,49569,F1,1,,,,,
2026-09-01,2026-09-01,CM,NSE,STK,20261,INE202E01016,IREDA,EQ,,,,,INDIAN RENEWABLE ENERGY,115.68,115.85,114.15,114.2,114.2,116.5,,114.2,,,3727060,427314143.63,29995,F1,1,,,,,
2026-09-01,2026-09-01,CM,NSE,STK,762727,INE586E01020,IWP,EQ,,,,,INDIAN WOOD PRODUCTS CO L,36.5,36.5,34.2,34.49,34.45,34.89,,34.5,,,1210,42472.35,41,F1,1,,,,,
2026-09-01,2026-09-01,CM,NSE,STK,21058,INE0PS301014,INDIFRA,SM,,,,,INDIFRA LIMITED,12.85,12.85,12.85,12.85,12.85,12.25,,12.85,,,2000,25700.0,1,F1,2000,,,,,
2026-09-01,2026-09-01,CM,NSE,STK,2048,INE09VQ01012,INDIGOPNTS,EQ,,,,,INDIGO PAINTS LIMITED,1140.7,1188.0,1140.7,1172.4,1175.0,1152.9,,1172.37,,,104762,122791448.4,23606,F1,1,,,,,
2026-09-01,2026-09-01,CM,NSE,STK,20988,INE219X23014,INDIGRID,IV,,,,,INDIGRID INFRASTRUCT TRST,176.47,176.48,174.72,175.06,175.18,175.6,,175.05,,,499653,87619925.3,9313,F1,1,,,,,
2026-09-01,2026-09-01,CM,NSE,STK,757845,INE06ST01018,INDIQUBE,EQ,,,,,INDIQUBE SPACES LIMITED,189.4,192.39,185.11,190.05,191.0,191.8,,189.94,,,215999,40822342.04,5750,F1,1,,,,,
2026-09-01,2026-09-01,CM,NSE,STK,9120,INE760F01028,INDOAMIN,BE,,,,,INDO AMINES LIMITED,121.7,122.45,119.51,120.47,121.0,120.44,,120.59,,,25936,3130287.83,260,F1,1,,,,,
2026-09-01,2026-09-01,CM,NSE,STK,8614,INE803D01021,INDOBORAX,EQ,,,,,INDO BORAX & CHEMICAL LTD,508.5,538.4,499.05,516.05,512.5,508.45,,516.02,,,621600,325942773.8,25571,F1,1,,,,,
2026-09-01,2026-09-01,CM,NSE,STK,11987,INE483B01026,ICIL,EQ,,,,,INDO COUNT INDUSTRIES LTD,470.95,471.2,428.2,433.45,436.0,469.45,,433.45,,,1222333,542309319.75,36673,F1,1,,,,,
2026-09-01,2026-09-01,CM,NSE,STK,29025,INE622H01018,INDOFARM,EQ,,,,,INDO FARM EQUIPMENT LTD,136.05,138.9,134.0,134.83,134.21,136.65,,134.84,,,76570,10427156.28,1592,F1,1,,,,,
2026-09-01,2026-09-01,CM,NSE,STK,10993,INE156A01020,INDORAMA,EQ,,,,,INDO RAMA SYNTHETICS LTD,65.71,72.0,65.71,68.01,67.85,65.92,,68.01,,,2138883,149268088.85,20741,F1,1,,,,,
2026-09-01,2026-09-01,CM,NSE,STK,13275,INE332H01014,INDOTECH,EQ,,,,,INDO TECH TRANSFORM LTD.,3711.3,3813.6,3690.9,3702.2,3714.5,3703.3,,3702.23,,,18934,70537206.1,2754,F1,1,,,,,
2026-09-01,2026-09-01,CM,NSE,STK,25608,INE337M01021,INDOTHAI,EQ,,,,,INDO THAI SEC LTD,41.69,41.69,41.69,41.69,41.69,43.88,,41.69,,,741668,30920138.92,999,F1,1,,,,,
2026-09-01,2026-09-01,CM,NSE,STK,25503,INE250Z01010,INDOUS,EQ,,,,,INDO US BIOTECH LTD,82.72,84.27,78.43,79.09,78.75,79.47,,78.29,,,2288,183638.39,180,F1,1,,,,,
2026-09-01,2026-09-01,CM,NSE,STK,764301,INE084101034,INDOMIM,EQ,,,,,INDO-MIM LIMITED,875.45,878.35,846.9,858.85,855.0,875.45,,858.85,,,687363,592345739.25,24286,F1,1,,,,,
2026-09-01,2026-09-01,CM,NSE,STK,6782,INE567A01028,NIPPOBATRY,EQ,,,,,INDO-NATIONAL LIMITED,328.0,333.95,325.0,328.05,329.5,326.85,,328.05,,,2111,696908.8,144,F1,1,,,,,
2026-09-01,2026-09-01,CM,NSE,STK,11677,INE873D01024,INDOCO,EQ,,,,,INDOCO REMEDIES LTD.,243.34,245.85,239.0,243.84,241.1,243.34,,243.83,,,65892,16011133.15,1710,F1,1,,,,,
2026-09-01,2026-09-01,CM,NSE,STK,757801,INE05J901018,IGCL,EQ,,,,,INDOGULF CROPSCIENCES LTD,72.21,72.98,71.0,71.98,72.85,71.7,,71.98,,,51999,3729594.59,441,F1,1,,,,,
2026-09-01,2026-09-01,CM,NSE,STK,764708,INE716F01012,INDOKEM,EQ,,,,,INDOKEM LTD.,610.0,624.0,600.05,607.45,600.05,606.1,,607.09,,,3222,1960943.7,191,F1,1,,,,,
2026-09-01,2026-09-01,CM,NSE,STK,19955,INE866K01023,WAAREEINDO,EQ,,,,,INDOSOLAR LIMITED,268.8,275.6,263.0,268.1,265.8,268.7,,268.12,,,78190,21053198.55,2067,F1,1,,,,,
2026-09-01,2026-09-01,CM,NSE,STK,3088,INE896L01010,INDOSTAR,EQ,,,,,INDOSTAR CAPITAL FIN LTD,253.66,259.99,250.0,252.08,251.2,249.3,,252.1,,,406509,103416240.44,4148,F1,1,,,,,
2026-09-01,2026-09-01,CM,NSE,STK,14952,INE227G01018,INDOWIND,EQ,,,,,INDOWIND ENERGY LTD,9.2,9.26,9.02,9.04,9.03,9.24,,9.04,,,55476,505830.94,368,F1,1,,,,,
2026-09-01,2026-09-01,CM,NSE,STK,11262,INE203G01027,IGL,EQ,,,,,INDRAPRASTHA GAS LTD,150.99,150.99,148.74,149.85,149.55,150.49,,149.84,,,803681,120383808.93,13759,F1,1,,,,,
2026-09-01,2026-09-01,CM,NSE,STK,4751,INE681B01017,INDRAMEDCO,EQ,,,,,INDRAPRASTHA MEDICAL CORP,363.0,363.05,355.8,357.8,359.2,363.05,,357.8,,,283282,101776622.7,10690,F1,1,,,,,
2026-09-01,2026-09-01,CM,NSE,STK,23036,INE0NHL23019,INDUSINVIT,IV,,,,,INDUS INFRA TRUST,134.5,134.5,132.56,133.12,133.22,133.47,,133.13,,,312443,41829855.65,3896,F1,1,,,,,
2026-09-01,2026-09-01,CM,NSE,STK,29135,INE121J01017,INDUSTOWER,EQ,,,,,INDUS TOWERS LIMITED,386.0,386.2,373.0,375.0,375.0,388.8,,375.0,,,5558555,2096256434.85,42835,F1,1,,,,,
2026-09-01,2026-09-01,CM,NSE,STK,5258,INE095A01012,INDUSINDBK,EQ,,,,,INDUSIND BANK LIMITED,1004.0,1004.0,985.0,992.6,992.6,1016.6,,992.6,,,1742567,1725788654.5,27545,F1,1,,,,,
2026-09-01,2026-09-01,CM,NSE,STK,762717,INE620D01011,INDPRUD,EQ,,,,,INDUSTRIAL & PRU INV CO L,6215.5,6375.0,6215.5,6232.0,6225.0,6392.0,,6237.63,,,55,343420.0,13,F1,1,,,,,
2026-09-01,2026-09-01,CM,NSE,STK,19525,INE886A01014,IITL,EQ,,,,,INDUSTRIAL INV TRUST LTD,156.17,158.2,151.1,153.0,155.84,157.7,,153.01,,,93467,14696285.79,903,F1,1,,,,,
2026-09-01,2026-09-01,CM,NSE,STK,15036,INE0MRE01011,INFINIUM,SM,,,,,INFINIUM PHARMACHEM LTD,270.5,270.5,252.0,261.7,265.0,263.0,,261.7,,,4500,1177475.0,9,F1,500,,,,,
2026-09-01,2026-09-01,CM,NSE,STK,757602,INE0MYZ01012,INFLUX,SM,,,,,INFLUX HEALTHTECH LIMITED,292.0,297.5,288.05,292.55,288.05,293.35,,292.55,,,22800,6696630.0,33,F1,600,,,,,
2026-09-01,2026-09-01,CM,NSE,STK,13751,INE663F01032,NAUKRI,EQ,,,,,INFO EDGE (I) LTD,1335.0,1371.7,1327.2,1356.0,1356.0,1313.0,,1356.0,,,1564601,2123698179.7,68394,F1,1,,,,,
2026-09-01,2026-09-01,CM,NSE,STK,11027,INE344S01016,INFOBEAN,EQ,,,,,INFOBEANS TECHNO. LTD.,160.0,161.82,156.2,157.52,157.49,161.47,,157.52,,,378069,60016544.36,7099,F1,1,,,,,
2026-09-01,2026-09-01,CM,NSE,STK,16588,INE0NNZ01013,INFOLLION,SM,,,,,INFOLLION RESEARCH SER L,157.0,160.1,151.05,159.5,159.0,157.0,,159.5,,,14800,2345300.0,32,F1,400,,,,,
2026-09-01,2026-09-01,CM,NSE,STK,13693,INE669A01022,INFOMEDIA,EQ,,,,,INFOMEDIA PRESS LIMITED,5.13,5.35,5.13,5.27,5.27,5.21,,5.28,,,419,2206.42,20,F1,1,,,,,
2026-09-01,2026-09-01,CM,NSE,STK,1594,INE009A01021,INFY,EQ,,,,,INFOSYS LIMITED,1128.0,1156.0,1125.6,1156.0,1156.0,1133.8,,1155.98,,,13516123,15481378653.4,163276,F1,1,,,,,
2026-09-01,2026-09-01,CM,NSE,STK,1597,INE177A01018,INGERRAND,EQ,,,,,INGERSOLL-RAND INDIA LTD,4845.0,4847.4,4722.5,4794.0,4815.0,4848.5,,4793.98,,,17247,82388684.9,3709,F1,1,,,,,
2026-09-01,2026-09-01,CM,NSE,STK,25323,INE0S1D01010,INNOMET,ST,,,,,INNOMET ADVANCED MATERI L,266.25,266.25,266.25,266.25,266.25,261.05,,266.25,,,8400,2236500.0,12,F1,600,,,,,
2026-09-01,2026-09-01,CM,NSE,STK,21062,INE0DUT01020,INNOVACAP,EQ,,,,,INNOVA CAPTAB LIMITED,1074.0,1107.9,1052.1,1068.1,1069.8,1078.1,,1067.83,,,73347,79448104.0,11829,F1,1,,,,,
2026-09-01,2026-09-01,CM,NSE,STK,27754,INE403Y01018,INNOVANA,EQ,,,,,INNOVANA THINKLABS LTD,309.0,314.9,299.95,300.0,301.0,304.35,,300.0,,,1991,604932.5,102,F1,1,,,,,
2026-09-01,2026-09-01,CM,NSE,STK,761528,INE0ADB01012,INNOVISION,EQ,,,,,INNOVISION LIMITED,268.55,271.5,263.0,263.3,263.1,274.25,,263.26,,,15103,4012455.95,977,F1,1,,,,,
2026-09-01,2026-09-01,CM,NSE,STK,12188,INE510W01014,INOXGREEN,EQ,,,,,INOX GREEN ENERGY SER LTD,166.87,166.87,158.73,160.29,162.5,166.87,,160.29,,,818326,131826239.23,8406,F1,1,,,,,
2026-09-01,2026-09-01,CM,NSE,STK,20607,INE616N01034,INOXINDIA,EQ,,,,,INOX INDIA LIMITED,2130.0,2200.0,2088.2,2165.9,2160.0,2134.2,,2165.79,,,387635,834563567.8,45156,F1,1,,,,,
2026-09-01,2026-09-01,CM,NSE,STK,7852,INE066P01011,INOXWIND,EQ,,,,,INOX WIND LIMITED,70.37,70.37,69.1,69.5,69.5,70.37,,69.5,,,8168944,569158572.55,28249,F1,1,,,,,
2026-09-01,2026-09-01,CM,NSE,STK,14657,INE070I01018,INSECTICID,EQ,,,,,INSECTICIDES (I) LTD,609.0,615.9,594.15,598.35,595.1,610.85,,597.84,,,14085,8504086.2,1373,F1,1,,,,,
2026-09-01,2026-09-01,CM,NSE,STK,761099,INE0LGX01024,INA,EQ,,,,,INSOLATION ENERGY LIMITED,92.09,93.7,89.0,89.6,89.85,91.58,,89.6,,,504829,45657337.48,4695,F1,1,,,,,
2026-09-01,2026-09-01,CM,NSE,STK,19154,INE0NDX01019,INSPIRE,SM,,,,,INSPIRE FILMS LIMITED,7.75,8.5,7.75,8.05,8.15,8.15,,8.05,,,8000,64300.0,4,F1,2000,,,,,
2026-09-01,2026-09-01,CM,NSE,STK,13730,INE020G01017,INSPIRISYS,EQ,,,,,INSPIRISYS SOLUTIONS LTD,89.5,92.4,85.9,86.21,85.9,89.04,,86.2,,,6091,537123.43,106,F1,1,,,,,
2026-09-01,2026-09-01,CM,NSE,STK,30323,INE418N01035,ESSENTIA,EQ,,,,,INTEGRA ESSENTIA LIMITED,1.03,1.06,1.03,1.04,1.06,1.03,,1.04,,,3144152,3294186.2,865,F1,1,,,,,
2026-09-01,2026-09-01,CM,NSE,STK,11903,INE02EE01019,IPSL,SM,,,,,INTEGRATED PERSO SER LTD,210.0,210.0,210.0,210.0,210.0,215.6,,210.0,,,500,105000.0,1,F1,500,,,,,
2026-09-01,2026-09-01,CM,NSE,STK,5926,INE306R01017,INTELLECT,EQ,,,,,INTELLECT DESIGN ARENA,680.95,716.45,677.3,694.7,693.3,680.95,,694.7,,,945906,665323162.45,33560,F1,1,,,,,
2026-09-01,2026-09-01,CM,NSE,STK,20071,INE781A01025,INTENTECH,EQ,,,,,INTENSE TECHNOLOGIES LTD,80.12,82.49,80.12,81.2,80.82,81.88,,81.2,,,11321,919924.97,333,F1,1,,,,,
2026-09-01,2026-09-01,CM,NSE,STK,24909,INE00M901018,INTERARCH,EQ,,,,,INTERARCH BLDNG SOLTN LTD,1697.0,1759.8,1697.0,1722.6,1726.0,1704.5,,1722.71,,,44677,77165950.6,4108,F1,1,,,,,
2026-09-01,2026-09-01,CM,NSE,STK,11195,INE646L01027,INDIGO,EQ,,,,,INTERGLOBE AVIATION LTD,5065.0,5106.5,5010.0,5052.0,5052.0,5234.0,,5052.01,,,788457,3989156184.0,76310,F1,1,,,,,
2026-09-01,2026-09-01,CM,NSE,STK,5606,INE575C01027,INTLCONV,EQ,,,,,INTL CONVEYORS LIMITED,80.8,81.74,78.15,79.51,79.5,79.48,,79.5,,,44732,3577270.04,1151,F1,1,,,,,
2026-09-01,2026-09-01,CM,NSE,STK,28378,INE0Q9301021,IGIL,EQ,,,,,INTL GEMOLOGICAL INST LTD,346.0,346.0,337.05,339.75,339.5,340.95,,339.75,,,357722,121764982.2,14713,F1,1,,,,,
2026-09-01,2026-09-01,CM,NSE,STK,18479,INE566K01011,ISFT,EQ,,,,,INTRASOFT TECH. LTD,94.39,96.85,92.13,93.21,94.0,94.39,,93.21,,,124640,11776675.46,716,F1,1,,,,,
2026-09-01,2026-09-01,CM,NSE,STK,24870,INE878H01024,INVENTURE,EQ,,,,,INVENTURE GRO & SEC LTD,0.96,0.96,0.92,0.92,0.93,0.95,,0.92,,,1199919,1125086.51,463,F1,1,,,,,
2026-09-01,2026-09-01,CM,NSE,STK,28125,INE115Q01022,IKS,EQ,,,,,INVENTURUS KNOWLEDGE SO L,1770.0,1788.0,1725.0,1740.8,1760.0,1734.3,,1740.88,,,142656,249863753.8,11971,F1,1,,,,,
2026-09-01,2026-09-01,CM,NSE,STK,18292,INF205KA1BP1,IVZINGOLD,EQ,,,,,INVESCO INDIA GOLD ETF,137.2,137.2,131.25,131.9,131.55,133.9,,131.86,,,15618,2076999.95,271,F1,1,,,,,
2026-09-01,2026-09-01,CM,NSE,STK,24217,INF205KA1CC7,IVZINNIFTY,EQ,,,,,INVESCO INDIA NIFTY ETF,268.61,277.33,268.61,275.76,275.76,275.5,,275.76,,,180,49616.94,34,F1,1,,,,,
2026-09-01,2026-09-01,CM,NSE,STK,762725,INE155E01016,INVPRECQ,BE,,,,,INVESTMENT & PREC CAST L,1290.0,1290.0,1281.0,1281.0,1281.0,1285.0,,1280.0,,,955,1225923.0,35,F1,1,,,,,
2026-09-01,2026-09-01,CM,NSE,STK,760139,INE0XJ501010,INVICTA,SM,,,,,INVICTA DIAGNOSTIC LTD,69.9,72.0,68.05,70.0,70.0,68.55,,70.0,,,36800,2601520.0,22,F1,1600,,,,,
2026-09-01,2026-09-01,CM,NSE,STK,20413,INE485C01029,IOLCP,EQ,,,,,IOL CHEM AND PHARMA LTD,193.99,198.4,187.32,190.48,191.09,193.69,,190.48,,,3579084,691967424.07,41668,F1,1,,,,,
2026-09-01,2026-09-01,CM,NSE,STK,1630,INE570A01022,IONEXCHANG,EQ,,,,,ION EXCHANGE (INDIA) LTD,363.0,373.0,360.75,367.6,367.5,363.85,,367.61,,,222653,81616295.65,10511,F1,1,,,,,
2026-09-01,2026-09-01,CM,NSE,STK,764713,INE558A01019,IPRINGLTD,EQ,,,,,IP RINGS LTD.,159.9,187.0,150.3,176.7,173.6,156.78,,176.72,,,115821,20708755.16,2448,F1,1,,,,,
2026-09-01,2026-09-01,CM,NSE,STK,1633,INE571A01038,IPCALAB,EQ,,,,,IPCA LABORATORIES LTD,1985.0,1994.2,1949.3,1987.6,1983.5,1974.9,,1987.54,,,216317,428186948.8,24488,F1,1,,,,,
2026-09-01,2026-09-01,CM,NSE,STK,15313,INE821I01022,IRB,EQ,,,,,IRB INFRA DEV LTD.,19.39,19.58,19.06,19.35,19.35,19.36,,19.35,,,28854306,554853115.7,38892,F1,1,,,,,
2026-09-01,2026-09-01,CM,NSE,STK,20817,INE183W23014,IRBINVIT,IV,,,,,IRB INVIT FUND,64.8,64.8,64.35,64.71,64.73,64.85,,64.71,,,913096,59109730.0,4878,F1,1,,,,,
2026-09-01,2026-09-01,CM,NSE,STK,4986,INE962Y01021,IRCON,EQ,,,,,IRCON INTERNATIONAL LTD,119.37,121.55,118.55,119.08,119.35,119.37,,119.1,,,1273640,152417555.96,18331,F1,1,,,,,
2026-09-01,2026-09-01,CM,NSE,STK,1391,INE202E07138,880IREDA29,N5,,,,,IREDA 8.80NCDTR I SR II B,1115.0,1116.0,1115.0,1116.0,1116.0,1114.0,,1130.0,,,69,76965.0,6,F1,1,,,,,
2026-09-01,2026-09-01,CM,NSE,STK,2275,INE01GN01025,IRISDOREME,EQ,,,,,IRIS CLOTHINGS LIMITED,58.39,58.89,57.5,57.85,57.5,58.48,,57.85,,,670259,38781876.54,2636,F1,1,,,,,
2026-09-01,2026-09-01,CM,NSE,STK,6489,INE864K01010,IRIS,EQ,,,,,IRIS REGTECH SOLUTION LTD,249.99,254.8,242.52,250.04,245.0,248.97,,250.01,,,28955,7232578.02,1433,F1,1,,,,,
2026-09-01,2026-09-01,CM,NSE,STK,19597,INE07U701015,IRMENERGY,EQ,,,,,IRM ENERGY LIMITED,290.0,290.0,278.0,280.4,283.0,284.8,,280.02,,,72665,20549893.9,2578,F1,1,,,,,
2026-09-01,2026-09-01,CM,NSE,STK,760901,INE413U07459,920ISF28B,N0,,,,,ISF 9.20% 2028 SR A,9861.72,9861.72,9500.0,9500.0,9500.0,9872.72,,9500.0,,,7,68670.32,3,F1,1,,,,,
2026-09-01,2026-09-01,CM,NSE,STK,761208,INE413U07442,925ISF28,N0,,,,,ISF 9.25% 2028,9600.0,9800.0,9600.0,9788.46,9800.0,9900.0,,9788.46,,,38,367933.0,8,F1,1,,,,,
2026-09-01,2026-09-01,CM,NSE,STK,3329,INE858B01029,ISGEC,EQ,,,,,ISGEC HEAVY ENG LTD,792.5,794.0,765.0,778.25,778.55,790.65,,778.26,,,47878,37154756.75,6029,F1,1,,,,,
2026-09-01,2026-09-01,CM,NSE,STK,30249,INE561M01018,ISHANCH,EQ,,,,,ISHAN DYES N CHEMICALS L,44.4,45.06,43.67,44.22,44.45,43.62,,44.23,,,21204,941471.32,314,F1,1,,,,,
2026-09-01,2026-09-01,CM,NSE,STK,10995,INE0LCW01025,ISHAN,SM,,,,,ISHAN INTERNATIONAL LTD,0.5,0.5,0.5,0.5,0.5,0.5,,0.5,,,96000,48000.0,2,F1,48000,,,,,
2026-09-01,2026-09-01,CM,NSE,STK,22645,INE0R7R01018,ITALIANE,SM,,,,,ITALIAN EDIBLES LIMITED,33.2,33.2,33.15,33.15,33.15,34.1,,33.15,,,4000,132700.0,2,F1,2000,,,,,
2026-09-01,2026-09-01,CM,NSE,STK,29251,INE379A01028,ITCHOTELS,EQ,,,,,ITC HOTELS LIMITED,160.28,162.36,160.04,161.58,161.3,160.09,,161.58,,,1333614,215056804.24,18051,F1,1,,,,,
2026-09-01,2026-09-01,CM,NSE,STK,1660,INE154A01025,ITC,EQ,,,,,ITC LTD,261.5,268.2,261.5,266.6,266.6,255.5,,266.6,,,31258553,8304791882.35,225390,F1,1,,,,,
2026-09-01,2026-09-01,CM,NSE,STK,1675,INE248A01017,ITI,EQ,,,,,ITI LTD,269.05,271.45,267.35,268.55,268.3,270.95,,268.55,,,168047,45285113.8,4932,F1,1,,,,,
2026-09-01,2026-09-01,CM,NSE,STK,764723,INE478D01014,ITL,EQ,,,,,ITL INDUSTRIES LTD.,352.1,369.95,352.1,363.95,365.0,372.6,,363.94,,,1366,494684.0,53,F1,1,,,,,
2026-09-01,2026-09-01,CM,NSE,STK,759041,INE056801025,IVALUE,EQ,,,,,IVALUE INFOSOLUTIONS LTD,248.0,249.0,235.0,236.35,236.8,247.7,,236.37,,,193304,46507920.16,5253,F1,1,,,,,
2026-09-01,2026-09-01,CM,NSE,STK,8857,INE043C01018,IVP,BE,,,,,IVP LIMITED,207.0,208.95,200.0,205.84,207.5,200.93,,205.95,,,30954,6364483.43,344,F1,1,,,,,
2026-09-01,2026-09-01,CM,NSE,STK,757644,INE1AII01014,IWARE,ST,,,,,IWARE SUPPLYCHAIN SER LTD,427.9,443.85,427.9,440.25,443.0,429.1,,440.25,,,9000,3930780.0,14,F1,600,,,,,
2026-09-01,2026-09-01,CM,NSE,STK,14174,INE848A01014,IZMO,EQ,,,,,IZMO LIMITED,833.0,916.3,818.4,916.3,916.3,833.0,,916.38,,,399394,359921065.05,11515,F1,1,,,,,
2026-09-01,2026-09-01,CM,NSE,STK,5633,INE168A01041,J&KBANK,EQ,,,,,J & K BANK LTD.,146.7,148.88,146.3,147.38,147.0,147.68,,147.38,,,2581059,380929500.91,22210,F1,1,,,,,
2026-09-01,2026-09-01,CM,NSE,STK,23056,INE0MB501011,JGCHEM,EQ,,,,,J.G.CHEMICALS LIMITED,638.0,639.6,610.7,626.3,629.2,633.3,,626.09,,,329827,206637170.05,13858,F1,1,,,,,
2026-09-01,2026-09-01,CM,NSE,STK,13211,INE199G01027,JAGRAN,EQ,,,,,JAGRAN PRAKASHAN LIMITED,61.43,61.61,60.87,61.17,61.1,61.08,,61.17,,,163408,9987415.88,40566,F1,1,,,,,
2026-09-01,2026-09-01,CM,NSE,STK,4410,INE048B01035,JAGSNPHARM,EQ,,,,,JAGSONPAL PHARMACEUTICALS,241.0,244.38,237.31,239.63,241.49,240.84,,239.59,,,64710,15543524.67,2267,F1,1,,,,,
2026-09-01,2026-09-01,CM,NSE,STK,11256,INE091G01026,JAIBALAJI,EQ,,,,,JAI BALAJI INDUSTRIES LTD,72.57,74.2,69.87,70.44,71.1,72.16,,70.44,,,1174414,84752909.05,6237,F1,1,,,,,
2026-09-01,2026-09-01,CM,NSE,STK,5143,INE070D01027,JAICORPLTD,EQ,,,,,JAI CORP LIMITED,99.34,99.74,97.47,98.35,98.9,98.62,,98.35,,,254379,25069903.79,3290,F1,1,,,,,
2026-09-01,2026-09-01,CM,NSE,STK,25684,IN9175A01010,JISLDVREQS,EQ,,,,,JAIN DVR EQUITY SHARES,21.5,21.5,20.67,20.97,21.0,20.54,,20.97,,,19539,414616.94,127,F1,1,,,,,
2026-09-01,2026-09-01,CM,NSE,STK,10397,INE175A01038,JISLJALEQS,EQ,,,,,JAIN IRRIGATION SYSTEMS,28.24,28.48,27.88,28.07,28.0,28.28,,28.07,,,1469037,41394032.51,3710,F1,1,,,,,
2026-09-01,2026-09-01,CM,NSE,STK,759244,INE0YD401026,JAINREC,EQ,,,,,JAIN RESOURCE RECYCLING L,276.8,293.7,276.8,280.7,280.0,276.8,,280.71,,,3005766,852831042.8,55791,F1,1,,,,,
2026-09-01,2026-09-01,CM,NSE,STK,6012,INE02KC01010,JAINAM,SM,,,,,JAINAM FER ALLOYS (I) LTD,227.0,227.0,226.0,226.0,226.0,234.0,,226.0,,,1000,226500.0,2,F1,500,,,,,
2026-09-01,2026-09-01,CM,NSE,STK,758303,INE0XIL01012,JAINIK,SM,,,,,JAINIK POWER CABLES LTD,201.05,208.2,196.0,200.05,200.05,209.75,,200.05,,,20400,4113480.0,16,F1,1200,,,,,
2026-09-01,2026-09-01,CM,NSE,STK,11763,INE351F01018,JPPOWER,EQ,,,,,JAIPRAKASH POWER VEN. LTD,16.45,17.04,16.41,16.56,16.6,16.45,,16.56,,,41409814,690097267.57,36314,F1,1,,,,,
2026-09-01,2026-09-01,CM,NSE,STK,20930,INE349X01015,JALAN,ST,,,,,JALAN TRANSOLU. INDIA LTD,1.85,1.85,1.85,1.85,1.85,1.9,,1.85,,,3000,5550.0,1,F1,3000,,,,,
2026-09-01,2026-09-01,CM,NSE,STK,20778,INE039C01032,JAMNAAUTO,EQ,,,,,JAMNA AUTO IND LTD,121.4,123.7,119.5,120.85,121.2,121.4,,120.85,,,1350968,164300069.59,11247,F1,1,,,,,
2026-09-01,2026-09-01,CM,NSE,STK,22663,INE953L01027,JSFB,EQ,,,,,JANA SMALL FIN BANK LTD,537.5,541.45,524.7,529.8,527.15,537.5,,529.81,,,521780,277181552.8,11996,F1,1,,,,,
2026-09-01,2026-09-01,CM,NSE,STK,759951,INE00YJ01010,JARO,EQ,,,,,JARO INS OF TEC MG N RE L,459.0,462.15,451.8,453.05,452.1,459.55,,453.04,,,99551,45701572.7,1726,F1,1,,,,,
2026-09-01,2026-09-01,CM,NSE,STK,13982,INE039O01029,JASH,EQ,,,,,JASH ENGINEERING LIMITED,466.2,475.0,454.1,457.7,454.1,465.55,,457.71,,,117263,54284204.75,6203,F1,1,,,,,
2026-09-01,2026-09-01,CM,NSE,STK,25037,INE0SMY01017,JAYBEE,SM,,,,,JAY BEE LAMINATIONS LTD,88.15,89.0,86.05,86.05,86.05,88.45,,86.05,,,11500,1012450.0,18,F1,500,,,,,
2026-09-01,2026-09-01,CM,NSE,STK,1708,INE571B01036,JAYBARMARU,EQ,,,,,JAY BHARAT MARUTI LTD,126.48,127.58,123.61,124.8,125.3,124.85,,124.8,,,245029,30612617.18,2084,F1,1,,,,,
2026-09-01,2026-09-01,CM,NSE,STK,10889,INE0J6801010,KORE,SM,,,,,JAY JALARAM TECHNO LTD,130.65,130.65,108.1,111.8,110.8,118.8,,111.8,,,53750,6358325.0,99,F1,250,,,,,
2026-09-01,2026-09-01,CM,NSE,STK,4041,INE785A01026,JAYAGROGN,EQ,,,,,JAYANT AGRO ORGANICS LTD,235.0,236.0,227.04,229.42,227.11,232.93,,229.39,,,8469,1951379.52,446,F1,1,,,,,
2026-09-01,2026-09-01,CM,NSE,STK,2331,INE854B01010,JAYNECOIND,EQ,,,,,JAYASWAL NECO INDUSTR LTD,98.52,99.85,95.6,96.88,97.0,98.41,,96.88,,,2823288,275982057.59,21570,F1,1,,,,,
2026-09-01,2026-09-01,CM,NSE,STK,759159,INE1AE401014,JAYESH,SM,,,,,JAYESH LOGISTICS LIMITED,138.0,138.4,134.0,138.0,138.0,135.0,,138.0,,,119000,16355200.0,68,F1,1000,,,,,
2026-09-01,2026-09-01,CM,NSE,STK,760073,INE903A01025,JAYKAY,EQ,,,,,JAYKAY ENTERPRISES LTD,149.25,166.79,149.11,161.97,160.2,149.57,,161.98,,,1773771,287366028.79,21032,F1,1,,,,,
2026-09-01,2026-09-01,CM,NSE,STK,1720,INE364A01020,JAYSREETEA,EQ,,,,,JAYSHREE TEA & INDUSTRIES,96.7,102.0,96.6,98.12,98.0,96.29,,98.12,,,92379,9173343.97,1351,F1,1,,,,,
2026-09-01,2026-09-01,CM,NSE,STK,11655,INE927D01051,JBMA,EQ,,,,,JBM AUTO LIMITED,623.0,628.0,610.25,621.85,628.0,624.1,,621.89,,,250021,154574850.4,14000,F1,1,,,,,
2026-09-01,2026-09-01,CM,NSE,STK,758115,INE0J5801029,JSLL,EQ,,,,,JEENA SIKHO LIFECARE LTD,513.05,513.25,501.2,503.45,502.0,511.05,,503.46,,,332462,168717470.3,13319,F1,1,,,,,
2026-09-01,2026-09-01,CM,NSE,STK,764728,INE354A01013,JENBURPH,EQ,,,,,JENBURKT PHARMACEUTICAL L,1037.0,1051.0,1037.0,1048.0,1048.0,1051.2,,1044.0,,,2402,2518043.8,39,F1,1,,,,,
2026-09-01,2026-09-01,CM,NSE,STK,7211,INE982V01025,JETFREIGHT,EQ,,,,,JET FREIGHT LOGISTICS LTD,21.81,22.54,21.44,21.59,21.7,21.94,,21.59,,,124481,2735634.77,1424,F1,1,,,,,
2026-09-01,2026-09-01,CM,NSE,STK,25150,INE0RXB01022,JEYYAM,ST,,,,,JEYYAM GLOBAL FOODS LTD,22.3,22.75,22.1,22.65,22.65,23.25,,22.65,,,40000,888400.0,13,F1,2000,,,,,
2026-09-01,2026-09-01,CM,NSE,STK,10885,INE0LA901015,JFLLIFE,SM,,,,,JFL LIFE SCIENCES LIMITED,10.55,10.55,10.55,10.55,10.55,10.65,,10.55,,,6000,63300.0,1,F1,6000,,,,,
2026-09-01,2026-09-01,CM,NSE,STK,13720,INE544H01014,JHS,EQ,,,,,JHS SVEND. LAB. LTD,8.42,8.42,7.85,7.91,7.95,8.06,,7.9,,,78830,627452.52,310,F1,1,,,,,
2026-09-01,2026-09-01,CM,NSE,STK,24145,INE03DD01011,RETAIL,EQ,,,,,JHS SVENDGAARD RETAIL V L,17.5,17.5,15.81,17.09,17.15,17.69,,17.08,,,3138,52711.85,62,F1,1,,,,,
2026-09-01,2026-09-01,CM,NSE,STK,31507,INE147P01019,JPOLYINVST,EQ,,,,,JIND POL INV & FIN CO LTD,987.9,1033.0,985.45,1011.8,1019.0,990.4,,1011.83,,,11259,11397937.55,1195,F1,1,,,,,
2026-09-01,2026-09-01,CM,NSE,STK,13875,INE742C01031,JINDRILL,EQ,,,,,JINDAL DRILLING IND. LTD,623.0,625.5,606.0,615.65,619.0,620.4,,615.62,,,151856,93453837.5,7806,F1,1,,,,,
2026-09-01,2026-09-01,CM,NSE,STK,11743,INE796G01012,JINDALPHOT,EQ,,,,,JINDAL PHOTO LIMITED,1017.1,1069.6,1004.2,1012.0,1020.0,1017.1,,1012.12,,,4098,4206839.5,487,F1,1,,,,,
2026-09-01,2026-09-01,CM,NSE,STK,1756,INE197D01010,JINDALPOLY,EQ,,,,,JINDAL POLY FILMS LIMITED,631.35,694.45,620.1,694.45,694.45,631.35,,694.81,,,142561,96313960.5,3526,F1,1,,,,,
2026-09-01,2026-09-01,CM,NSE,STK,3024,INE324A01032,JINDALSAW,EQ,,,,,JINDAL SAW LIMITED,310.0,319.5,306.4,309.75,310.0,309.65,,309.73,,,4110071,1284070450.55,66927,F1,1,,,,,
2026-09-01,2026-09-01,CM,NSE,STK,11236,INE220G01021,JSL,EQ,,,,,JINDAL STAINLESS LIMITED,700.5,738.65,700.5,734.0,735.0,702.15,,733.97,,,1070564,782121379.45,57902,F1,1,,,,,
2026-09-01,2026-09-01,CM,NSE,STK,6733,INE749A01030,JINDALSTEL,EQ,,,,,JINDAL STEEL LIMITED,1175.7,1175.7,1147.0,1160.0,1160.0,1192.9,,1159.96,,,517597,601727431.4,18931,F1,1,,,,,
2026-09-01,2026-09-01,CM,NSE,STK,20642,INE247D01039,JINDWORLD,EQ,,,,,JINDAL WORLDWIDE LTD,39.35,44.25,39.35,42.08,41.98,38.31,,42.08,,,120393999,5098174095.48,293163,F1,1,,,,,
2026-09-01,2026-09-01,CM,NSE,STK,759205,INE1FF001016,JKIPL,EQ,,,,,JINKUSHAL INDUSTRIES LTD,107.1,109.0,105.16,108.4,107.0,106.17,,108.3,,,27392,2952621.92,544,F1,1,,,,,
2026-09-01,2026-09-01,CM,NSE,STK,18143,INE758E01017,JIOFIN,EQ,,,,,JIO FIN SERVICES LTD,240.0,240.01,235.01,235.85,235.85,241.35,,235.85,,,10397855,2463656469.63,70439,F1,1,,,,,
2026-09-01,2026-09-01,CM,NSE,STK,765307,INF22M001184,NIFTYJBLK,EQ,,,,,JIOBLACKROCKAMC-NIFTYJBLK,12.36,12.54,12.26,12.32,12.4,12.23,,12.32,,,119459,1471539.71,700,F1,1,,,,,
2026-09-01,2026-09-01,CM,NSE,STK,19691,INE863T01013,JITFINFRA,EQ,,,,,JITF INFRALOGISTICS LTD,306.6,314.25,306.6,310.25,309.5,311.35,,310.25,,,8069,2508603.95,500,F1,1,,,,,
2026-09-01,2026-09-01,CM,NSE,STK,18558,INE0N5H01017,JIWANRAM,SM,,,,,JIWANRAM SHEODUTTRA IND L,4.8,4.8,4.35,4.5,4.5,4.5,,4.5,,,54000,241200.0,9,F1,6000,,,,,
2026-09-01,2026-09-01,CM,NSE,STK,13270,INE823G01014,JKCEMENT,EQ,,,,,JK CEMENT LIMITED,5157.5,5157.5,4999.0,5078.5,5040.0,5133.0,,5078.51,,,58279,296009321.0,6833,F1,1,,,,,
2026-09-01,2026-09-01,CM,NSE,STK,13491,INE786A01032,JKLAKSHMI,EQ,,,,,JK LAKSHMI CEMENT LTD,536.0,536.0,521.0,524.1,523.5,530.9,,524.04,,,141706,74527024.6,11641,F1,1,,,,,
2026-09-01,2026-09-01,CM,NSE,STK,11860,INE789E01012,JKPAPER,EQ,,,,,JK PAPER LIMITED,396.95,403.8,391.65,401.05,403.0,396.25,,401.01,,,388249,154592904.9,10859,F1,1,,,,,
2026-09-01,2026-09-01,CM,NSE,STK,14435,INE573A01042,JKTYRE,EQ,,,,,JK TYRE & INDUSTRIES LTD,378.85,379.15,372.7,373.95,373.5,378.85,,373.96,,,275683,103376760.55,9119,F1,1,,,,,
2026-09-01,2026-09-01,CM,NSE,STK,15266,INE576I01022,JKIL,EQ,,,,,JKUMAR INFR.LTD.,490.0,494.0,486.0,486.45,486.0,490.15,,486.44,,,53718,26282980.85,1955,F1,1,,,,,
2026-09-01,2026-09-01,CM,NSE,STK,13637,INE780C01023,JMFINANCIL,EQ,,,,,JM FINANCIAL LIMITED,128.15,130.84,127.3,128.25,127.5,127.99,,128.26,,,1946799,250862310.94,15711,F1,1,,,,,
2026-09-01,2026-09-01,CM,NSE,STK,23621,INE0OAF01028,JNKINDIA,EQ,,,,,JNK INDIA LIMITED,428.9,433.6,419.05,430.75,433.5,433.75,,430.83,,,109104,46500073.85,3109,F1,1,,,,,
2026-09-01,2026-09-01,CM,NSE,STK,16931,INE839G01010,JOCIL,BE,,,,,JOCIL LIMITED,149.1,150.25,148.2,148.74,148.2,148.02,,148.74,,,3790,568121.25,24,F1,1,,,,,
2026-09-01,2026-09-01,CM,NSE,STK,762623,INE515A01019,COCKERILL,EQ,,,,,JOHN COCKERILL INDIA LTD.,8171.0,8191.0,7900.0,7968.5,8020.0,8174.5,,7967.09,,,6824,54635556.5,1819,F1,1,,,,,
2026-09-01,2026-09-01,CM,NSE,STK,758460,INE718I01012,JSWCEMENT,EQ,,,,,JSW CEMENT LIMITED,126.02,126.1,123.8,124.75,124.75,126.02,,124.72,,,534258,66681219.27,10529,F1,1,,,,,
2026-09-01,2026-09-01,CM,NSE,STK,1467,INE133A01011,JSWDULUX,EQ,,,,,JSW DULUX LIMITED,3165.0,3169.0,3100.0,3143.4,3150.0,3164.5,,3143.35,,,20050,62879967.0,7357,F1,1,,,,,
2026-09-01,2026-09-01,CM,NSE,STK,17869,INE121E01018,JSWENERGY,EQ,,,,,JSW ENERGY LIMITED,524.0,526.6,514.45,518.0,518.0,520.4,,518.0,,,2290101,1191352813.3,52094,F1,1,,,,,
2026-09-01,2026-09-01,CM,NSE,STK,11880,INE824G01012,JSWHL,EQ,,,,,JSW HOLDINGS LIMITED,12027.0,12027.0,11660.0,11716.0,11718.0,12027.0,,11722.69,,,2551,30055802.0,1424,F1,1,,,,,
2026-09-01,2026-09-01,CM,NSE,STK,19020,INE880J01026,JSWINFRA,EQ,,,,,JSW INFRASTRUCTURE LTD,344.0,347.1,331.6,334.8,335.0,340.0,,334.81,,,2534947,855038746.85,37769,F1,1,,,,,
2026-09-01,2026-09-01,CM,NSE,STK,11723,INE019A01038,JSWSTEEL,EQ,,,,,JSW STEEL LIMITED,1314.6,1328.0,1307.1,1313.5,1313.5,1307.7,,1313.49,,,1134147,1490943696.6,29076,F1,1,,,,,
2026-09-01,2026-09-01,CM,NSE,STK,3237,INE643A01035,JTEKTINDIA,EQ,,,,,JTEKT INDIA LIMITED,124.26,126.97,124.13,125.72,125.37,124.67,,125.69,,,106982,13465389.06,1692,F1,1,,,,,
2026-09-01,2026-09-01,CM,NSE,STK,7287,INE391J01032,JTLIND,EQ,,,,,JTL INDUSTRIES LIMITED,90.21,91.6,86.9,87.97,88.1,89.93,,87.97,,,4266731,381810522.1,27140,F1,1,,,,,
2026-09-01,2026-09-01,CM,NSE,STK,29590,INE03CC01015,JUBLCPL,EQ,,,,,JUBILANT AGRI N CON PRO L,2332.2,2369.9,2191.5,2222.0,2215.0,2315.4,,2221.99,,,17415,39676444.8,1799,F1,1,,,,,
2026-09-01,2026-09-01,CM,NSE,STK,18096,INE797F01020,JUBLFOOD,EQ,,,,,JUBILANT FOODWORKS LTD,487.0,492.5,481.3,484.4,484.4,496.0,,484.39,,,686008,332862720.05,12143,F1,1,,,,,
2026-09-01,2026-09-01,CM,NSE,STK,2783,INE0BY001018,JUBLINGREA,EQ,,,,,JUBILANT INGREVIA LIMITED,679.05,695.95,671.55,693.25,693.55,674.9,,693.25,,,704096,477339758.75,15317,F1,1,,,,,
2026-09-01,2026-09-01,CM,NSE,STK,3637,INE700A01033,JUBLPHARMA,EQ,,,,,JUBILANT PHARMOVA LTD,882.0,914.75,873.6,907.6,900.6,881.9,,907.63,,,313570,280952771.85,21701,F1,1,,,,,
2026-09-01,2026-09-01,CM,NSE,STK,7109,INE412C01023,JMA,EQ,,,,,JULLUNDUR MOT AGENCY LTD,94.9,94.9,90.3,91.27,90.5,92.67,,91.27,,,7897,728462.88,227,F1,1,,,,,
2026-09-01,2026-09-01,CM,NSE,STK,764408,INE05C901015,JNPR,EQ,,,,,JUNIPER GREEN ENERGY LTD,260.9,268.45,258.35,262.35,261.0,264.78,,262.28,,,842779,221631950.3,14473,F1,1,,,,,
2026-09-01,2026-09-01,CM,NSE,STK,22824,INE696F01016,JUNIPER,EQ,,,,,JUNIPER HOTELS LIMITED,212.0,215.39,210.5,214.14,212.15,214.36,,214.14,,,280745,59880866.17,6607,F1,1,,,,,
2026-09-01,2026-09-01,CM,NSE,STK,18553,INE682M01020,JLHL,EQ,,,,,JUPITER LIFE LINE HOSP L,295.0,299.0,290.3,293.15,294.0,295.6,,293.15,,,129831,38264231.65,6763,F1,1,,,,,
2026-09-01,2026-09-01,CM,NSE,STK,20224,INE209L01016,JWL,EQ,,,,,JUPITER WAGONS LIMITED,241.51,251.92,239.66,242.36,242.5,240.55,,242.35,,,1162581,284877279.69,23071,F1,1,,,,,
2026-09-01,2026-09-01,CM,NSE,STK,29962,INE599M01018,JUSTDIAL,EQ,,,,,JUSTDIAL LTD.,710.2,729.0,696.9,705.65,703.7,710.2,,705.66,,,460607,327797980.25,13740,F1,1,,,,,
2026-09-01,2026-09-01,CM,NSE,STK,15146,INE668F01031,JYOTHYLAB,EQ,,,,,JYOTHY LABS LIMITED,205.01,206.5,202.32,204.81,204.5,203.47,,204.82,,,505833,103501940.49,13202,F1,1,,,,,
2026-09-01,2026-09-01,CM,NSE,STK,21334,INE980O01024,JYOTICNC,EQ,,,,,JYOTI CNC AUTOMATION LTD,994.95,1016.0,974.8,989.1,988.0,994.95,,989.09,,,662073,655218279.35,28338,F1,1,,,,,
2026-09-01,2026-09-01,CM,NSE,STK,764733,INE577D01013,JYOTIRES,EQ,,,,,JYOTI RESINS & ADHESIVE L,881.95,888.3,865.15,870.95,869.55,878.15,,871.58,,,6970,6082496.0,845,F1,1,,,,,
2026-09-01,2026-09-01,CM,NSE,STK,1802,INE197A01024,JYOTISTRUC,EQ,,,,,JYOTI STRUCTURES LTD,10.01,10.05,9.77,9.84,9.88,10.01,,9.84,,,4956011,49071375.55,4311,F1,1,,,,,
2026-09-01,2026-09-01,CM,NSE,STK,764743,INE533C01018,KJMCFIN,EQ,,,,,K J M C FINANCIAL SERV L,66.1,68.9,63.63,64.1,64.1,66.1,,64.1,,,638,41290.7,18,F1,1,,,,,
2026-09-01,2026-09-01,CM,NSE,STK,764748,INE879K01018,KMCSHIL,EQ,,,,,K M C SPECIALITY HOSP I L,136.51,137.4,132.11,133.32,133.0,135.52,,133.32,,,85988,11510626.83,1548,F1,1,,,,,
2026-09-01,2026-09-01,CM,NSE,STK,14667,INE157H01023,KMSUGAR,EQ,,,,,K M SUGAR MILLS LTD,32.23,32.86,31.06,31.39,31.23,32.49,,31.39,,,182424,5799048.16,1296,F1,1,,,,,
2026-09-01,2026-09-01,CM,NSE,STK,27079,INE127T01021,KPEL,EQ,,,,,K.P. ENERGY LIMITED,245.5,246.35,239.0,241.75,241.93,244.6,,241.77,,,208887,50558701.1,4737,F1,1,,,,,
2026-09-01,2026-09-01,CM,NSE,STK,23462,INE0DEZ01013,K2INFRA,ST,,,,,K2 INFRAGEN LIMITED,49.4,50.85,49.4,49.8,49.65,48.75,,49.8,,,7200,360510.0,12,F1,600,,,,,
2026-09-01,2026-09-01,CM,NSE,STK,1805,INE900B01029,KABRAEXTRU,EQ,,,,,KABRA EXTRUSION TECHNIK L,603.3,605.35,572.0,579.4,575.0,600.3,,579.43,,,192747,112634894.5,8195,F1,1,,,,,
2026-09-01,2026-09-01,CM,NSE,STK,29192,INE0XOW01017,KKJEWELS,SM,,,,,KABRA JEWELS LIMITED,99.8,100.0,97.0,98.0,98.0,96.6,,98.0,,,5000,494700.0,5,F1,1000,,,,,
2026-09-01,2026-09-01,CM,NSE,STK,1808,INE217B01036,KAJARIACER,EQ,,,,,KAJARIA CERAMICS LTD,1244.8,1255.8,1220.0,1229.0,1230.0,1244.8,,1229.08,,,168804,209211419.0,17307,F1,1,,,,,
2026-09-01,2026-09-01,CM,NSE,STK,1811,INE437B01014,KAKATCEM,EQ,,,,,KAKATIYA CEM SUGAR &IND L,114.0,116.1,112.15,112.3,113.89,116.75,,112.39,,,1342,152461.07,60,F1,1,,,,,
2026-09-01,2026-09-01,CM,NSE,STK,25443,INE0T0L01014,KALANA,SM,,,,,KALANA ISPAT LIMITED,21.5,22.25,21.3,21.3,21.3,22.4,,21.3,,,16000,343300.0,8,F1,2000,,,,,
2026-09-01,2026-09-01,CM,NSE,STK,758558,INE227J01012,KALPATARU,EQ,,,,,KALPATARU LIMITED,278.9,280.0,274.0,278.1,279.0,277.6,,278.07,,,21127,5855366.85,840,F1,1,,,,,
2026-09-01,2026-09-01,CM,NSE,STK,1814,INE220B01022,KPIL,EQ,,,,,KALPATARU PROJECT INT LTD,1409.9,1429.5,1394.1,1408.4,1408.0,1400.9,,1408.42,,,290071,408823756.6,17730,F1,1,,,,,
2026-09-01,2026-09-01,CM,NSE,STK,2955,INE303R01014,KALYANKJIL,EQ,,,,,KALYAN JEWELLERS IND LTD,609.45,614.6,569.05,573.0,573.0,601.0,,573.03,,,13219538,7678542046.05,151195,F1,1,,,,,
2026-09-01,2026-09-01,CM,NSE,STK,15156,INE314G01014,KALYANIFRG,EQ,,,,,KALYANI FORGE LIMITED,974.7,1097.15,974.7,1083.9,1097.15,914.3,,1084.02,,,210769,222857562.8,11563,F1,1,,,,,
2026-09-01,2026-09-01,CM,NSE,STK,21119,INE029L01018,KICL,EQ,,,,,KALYANI INVEST CO LTD,5146.5,5249.5,5146.5,5177.0,5155.0,5178.5,,5177.0,,,498,2584035.5,188,F1,1,,,,,
2026-09-01,2026-09-01,CM,NSE,STK,18889,INE907A01026,KSL,EQ,,,,,KALYANI STEELS LIMITED,907.55,923.0,896.0,900.0,903.4,909.75,,899.99,,,65015,58992667.55,4290,F1,1,,,,,
2026-09-01,2026-09-01,CM,NSE,STK,762732,INE411F01010,KAMAHOLD,EQ,,,,,KAMA HOLDINGS LTD.,2365.1,2365.2,2350.0,2352.7,2350.0,2363.2,,2352.39,,,4907,11566484.7,677,F1,1,,,,,
2026-09-01,2026-09-01,CM,NSE,STK,764738,INE344D01018,KAMANWALA,EQ,,,,,KAMANWALA HOUSING CONST L,16.95,16.95,15.0,16.66,16.8,17.0,,16.54,,,5629,91631.07,72,F1,1,,,,,
2026-09-01,2026-09-01,CM,NSE,STK,1826,INE967C01018,KAMATHOTEL,EQ,,,,,KAMAT HOTELS (I) LTD,226.7,239.78,220.39,233.89,232.61,225.09,,233.89,,,126273,29479923.34,3141,F1,1,,,,,
2026-09-01,2026-09-01,CM,NSE,STK,13461,INE390H01020,KAMDHENU,BE,,,,,KAMDHENU LIMITED,36.8,38.0,36.0,36.16,36.0,36.58,,36.16,,,1698440,62783655.39,1855,F1,1,,,,,
2026-09-01,2026-09-01,CM,NSE,STK,13814,INE0BTI01037,KAMOPAINTS,EQ,,,,,KAMDHENU VENTURES LIMITED,4.5,4.58,4.41,4.48,4.5,4.48,,4.48,,,132758,596958.55,409,F1,1,,,,,
2026-09-01,2026-09-01,CM,NSE,STK,25786,INE879E01037,KANANIIND,EQ,,,,,KANANI INDUSTRIES LTD,1.5,1.59,1.5,1.56,1.55,1.52,,1.56,,,325331,505428.1,442,F1,1,,,,,
2026-09-01,2026-09-01,CM,NSE,STK,762737,INE081G01019,KANCHI,EQ,,,,,KANCHI KARPOORAM LTD.,421.0,421.0,405.9,411.5,412.95,421.1,,410.39,,,2602,1069985.95,94,F1,1,,,,,
2026-09-01,2026-09-01,CM,NSE,STK,765090,INE398L01017,KANCOTEA,EQ,,,,,KANCO TEA & INDS. LTD.,57.8,57.8,52.2,55.55,55.55,55.7,,52.58,,,467,24824.58,27,F1,1,,,,,
2026-09-01,2026-09-01,CM,NSE,STK,11208,INE0MOT01016,KANDARP,SM,,,,,KANDARP DG SMART BPO LTD,91.5,91.5,90.95,91.0,91.0,95.05,,91.0,,,9000,819450.0,7,F1,1000,,,,,
2026-09-01,2026-09-01,CM,NSE,STK,9805,INE138C01024,KANORICHEM,BE,,,,,KANORIACHEMICALS-,158.99,160.45,155.05,156.18,156.5,159.08,,156.51,,,15347,2423921.05,152,F1,1,,,,,
2026-09-01,2026-09-01,CM,NSE,STK,1782,INE694E01014,KANPRPLA,EQ,,,,,KANPUR PLASTIPACK LIMITED,269.9,269.9,260.55,262.2,261.5,267.71,,262.18,,,14481,3800081.9,513,F1,1,,,,,
2026-09-01,2026-09-01,CM,NSE,STK,1196,INE531A01024,KANSAINER,EQ,,,,,KANSAI NEROLAC PAINTS LTD,192.9,196.47,192.11,194.75,194.38,192.81,,194.74,,,186115,36172639.07,6228,F1,1,,,,,
2026-09-01,2026-09-01,CM,NSE,STK,18967,INE542Z01028,KAPSTON,EQ,,,,,KAPSTON SERVICES LIMITED,592.0,593.0,560.55,572.3,579.0,586.8,,572.3,,,117957,68370740.8,5292,F1,1,,,,,
2026-09-01,2026-09-01,CM,NSE,STK,24385,INE725L01011,KARMAENG,EQ,,,,,KARMA ENERGY LIMITED,37.99,38.79,37.0,37.28,37.06,37.99,,37.28,,,8244,307927.19,143,F1,1,,,,,
2026-09-01,2026-09-01,CM,NSE,STK,8054,INE614B01018,KTKBANK,EQ,,,,,KARNATAKA BANK LIMITED,335.15,338.7,329.1,330.9,332.1,335.15,,330.9,,,1561768,520544106.05,22092,F1,1,,,,,
2026-09-01,2026-09-01,CM,NSE,STK,19465,INE0MGA01012,KARNIKA,SM,,,,,KARNIKA INDUSTRIES LTD,115.0,118.0,114.5,116.85,117.5,115.05,,116.85,,,58000,6745550.0,41,F1,1000,,,,,
2026-09-01,2026-09-01,CM,NSE,STK,1838,INE036D01028,KARURVYSYA,EQ,,,,,KARUR VYSYA BANK LTD,349.05,351.85,344.9,347.6,347.0,347.6,,347.6,,,1349065,469241640.65,24117,F1,1,,,,,
2026-09-01,2026-09-01,CM,NSE,STK,24528,INE0SVY01018,KATARIA,SM,,,,,KATARIA INDUSTRIES LTD,106.95,106.95,105.05,105.05,105.05,104.95,,105.05,,,3600,379350.0,4,F1,600,,,,,
2026-09-01,2026-09-01,CM,NSE,STK,15140,INE234I01028,KAUSHALYA,BE,,,,,KAUSHALYA INFRA DEV LTD.,854.05,880.0,854.0,876.9,876.9,857.75,,855.0,,,297,254774.45,16,F1,1,,,,,
2026-09-01,2026-09-01,CM,NSE,STK,21186,INE0Q2V01012,KLL,SM,,,,,KAUSHALYA LOGISTICS LTD,22.5,22.95,22.5,22.95,22.95,21.75,,22.95,,,8000,183240.0,9,F1,800,,,,,
2026-09-01,2026-09-01,CM,NSE,STK,14972,INE455I01029,KSCL,EQ,,,,,KAVERI SEED CO. LTD.,765.5,772.0,760.0,761.6,763.8,765.5,,761.37,,,56484,43158372.45,2960,F1,1,,,,,
2026-09-01,2026-09-01,CM,NSE,STK,15244,INE641C01019,KAVDEFENCE,EQ,,,,,KAVVERI DFS & WIR TEC LTD,56.21,57.26,55.6,56.05,56.0,56.2,,56.04,,,115900,6513546.5,2505,F1,1,,,,,
2026-09-01,2026-09-01,CM,NSE,STK,21173,INE0RCG01017,KCEIL,SM,,,,,KAY CEE ENERGY & INFRA L,80.05,82.5,78.7,80.0,79.0,81.6,,80.0,,,13000,1049600.0,21,F1,500,,,,,
2026-09-01,2026-09-01,CM,NSE,STK,10282,INE587G01015,KAYA,BE,,,,,KAYA LIMITED,339.95,339.95,327.0,327.15,328.65,337.3,,327.15,,,3033,996301.8,90,F1,1,,,,,
2026-09-01,2026-09-01,CM,NSE,STK,12092,INE918Z01012,KAYNES,EQ,,,,,KAYNES TECHNOLOGY IND LTD,3678.3,3691.8,3582.0,3600.5,3600.5,3685.0,,3600.47,,,1133014,4116103521.1,73521,F1,1,,,,,
2026-09-01,2026-09-01,CM,NSE,STK,758868,INE13ZD01013,KAYTEX,SM,,,,,KAYTEX FABRICS LIMITED,56.0,56.0,56.0,56.0,56.0,55.4,,56.0,,,1600,89600.0,2,F1,800,,,,,
2026-09-01,2026-09-01,CM,NSE,STK,10296,INE0J1E01027,KCK,ST,,,,,KCK INDUSTRIES LTD,15.25,15.25,14.8,14.8,14.8,15.0,,14.8,,,172500,2592500.0,25,F1,2500,,,,,
2026-09-01,2026-09-01,CM,NSE,STK,1841,INE805C01028,KCP,EQ,,,,,KCP LTD,166.2,169.8,162.92,167.89,168.9,166.91,,167.89,,,152486,25355888.27,2989,F1,1,,,,,
2026-09-01,2026-09-01,CM,NSE,STK,8849,INE790B01024,KCPSUGIND,BE,,,,,KCPSUGARINDUS,32.99,33.69,32.1,32.25,32.8,32.56,,32.25,,,102090,3385792.11,428,F1,1,,,,,
2026-09-01,2026-09-01,CM,NSE,STK,14908,INE291D01011,KDDL,EQ,,,,,KDDL LIMITED,3921.0,3968.8,3820.1,3877.4,3863.1,3929.6,,3877.33,,,20428,79387666.9,4590,F1,1,,,,,
2026-09-01,2026-09-01,CM,NSE,STK,13260,INE389H01022,KEC,EQ,,,,,KEC INTL. LIMITED,416.8,421.5,414.85,417.0,416.9,416.5,,416.98,,,358407,149705619.2,13005,F1,1,,,,,
2026-09-01,2026-09-01,CM,NSE,STK,13310,INE878B01027,KEI,EQ,,,,,KEI INDUSTRIES LTD.,5575.0,5608.5,5301.5,5348.0,5348.0,5740.3,,5347.56,,,658512,3571993087.5,68211,F1,1,,,,,
2026-09-01,2026-09-01,CM,NSE,STK,13430,INE164B01030,KELLTONTEC,EQ,,,,,KELLTON TECH SOL LTD,14.35,14.35,13.92,13.98,13.95,14.07,,13.98,,,1848817,26014357.89,3607,F1,1,,,,,
2026-09-01,2026-09-01,CM,NSE,STK,11841,INE717A01029,KENNAMET,EQ,,,,,KENNAMETAL INDIA LIMITED,4415.0,4630.0,4364.1,4558.2,4533.0,4396.1,,4558.47,,,51754,233691493.4,10100,F1,1,,,,,
2026-09-01,2026-09-01,CM,NSE,STK,13121,INE202H01019,KERNEX,EQ,,,,,KERNEX MICROSYS(I) LTD,1730.0,1743.0,1611.6,1634.3,1649.0,1735.9,,1634.34,,,441886,732764083.9,27268,F1,1,,,,,
2026-09-01,2026-09-01,CM,NSE,STK,4981,INE087A01019,KESORAMIND,BE,,,,,KESORAM INDUSTRIES LTD,11.0,11.1,11.0,11.1,11.1,11.1,,11.06,,,83592,923189.49,182,F1,1,,,,,
2026-09-01,2026-09-01,CM,NSE,STK,13381,INE401H01017,KKCL,EQ,,,,,KEWAL KIRAN CLOTHING LTD,504.75,515.0,494.0,510.2,510.6,503.8,,510.08,,,37085,18778481.05,1884,F1,1,,,,,
2026-09-01,2026-09-01,CM,NSE,STK,4157,INE681C01015,KEYFINSERV,EQ,,,,,KEYNOTE FIN SERV LTD.,257.25,257.25,250.3,251.7,253.85,258.5,,251.7,,,806,204610.85,23,F1,1,,,,,
2026-09-01,2026-09-01,CM,NSE,STK,12219,INE263M01029,RUSTOMJEE,EQ,,,,,KEYSTONE REALTORS LIMITED,381.15,381.15,370.0,376.05,376.75,378.95,,376.05,,,23452,8806757.55,2026,F1,1,,,,,
2026-09-01,2026-09-01,CM,NSE,STK,13359,INE138Y01010,KFINTECH,EQ,,,,,KFIN TECHNOLOGIES LIMITED,961.1,961.1,931.0,937.5,937.5,970.0,,937.71,,,577543,544435314.15,20257,F1,1,,,,,
2026-09-01,2026-09-01,CM,NSE,STK,433,INE834I01025,KHADIM,BE,,,,,KHADIM INDIA LIMITED,115.83,118.48,113.84,118.47,118.47,116.16,,118.8,,,181311,21011821.36,188,F1,1,,,,,
2026-09-01,2026-09-01,CM,NSE,STK,3912,INE731C01018,KHAITANLTD,EQ,,,,,KHAITAN (INDIA)LTD.,142.0,150.0,137.0,149.45,148.1,139.12,,149.46,,,4483,640656.42,129,F1,1,,,,,
2026-09-01,2026-09-01,CM,NSE,STK,896,INE745B01028,KHAICHEM,EQ,,,,,KHAITAN CHEM & FERT LTD,55.97,56.38,54.7,55.02,54.85,55.55,,55.02,,,105919,5894169.94,848,F1,1,,,,,
2026-09-01,2026-09-01,CM,NSE,STK,9641,INE060B01014,KHANDSE,EQ,,,,,KHANDWALA SECURITIES LTD,17.5,18.4,17.5,17.97,18.0,17.03,,17.97,,,673,12098.95,96,F1,1,,,,,
2026-09-01,2026-09-01,CM,NSE,STK,9570,INE00UG01014,KHFM,SM,,,,,KHFM HOS FAC MANA SER LTD,52.8,52.8,44.0,44.9,46.5,47.2,,44.9,,,12400,566680.0,8,F1,1550,,,,,
2026-09-01,2026-09-01,CM,NSE,STK,762747,INE338F01015,KLBRENG-B,EQ,,,,,KILBURN ENGINEERING LTD.,431.0,432.75,420.0,424.25,429.0,428.55,,424.28,,,101876,43273262.85,3985,F1,1,,,,,
2026-09-01,2026-09-01,CM,NSE,STK,19941,INE729D01010,KILITCH,BE,,,,,KILITCH DRUGS INDIA LTD,175.5,175.99,170.0,170.55,170.55,174.64,,170.93,,,17524,3008257.47,132,F1,1,,,,,
2026-09-01,2026-09-01,CM,NSE,STK,18944,INE473D01015,KINGFA,EQ,,,,,KINGFA SCI & TEC IND LTD.,6042.0,6070.0,5920.0,6030.0,6000.0,6050.5,,6029.91,,,7223,43347866.5,3133,F1,1,,,,,
2026-09-01,2026-09-01,CM,NSE,STK,19126,INE880L01014,KIOCL,EQ,,,,,KIOCL LIMITED,380.6,396.45,380.0,383.95,383.25,381.2,,383.95,,,179097,69592220.1,5791,F1,1,,,,,
2026-09-01,2026-09-01,CM,NSE,STK,762742,INE555P01013,KIRANVYPAR,EQ,,,,,KIRAN VYAPAR LTD.,201.69,202.5,197.5,198.99,198.1,201.69,,198.99,,,15507,3103548.29,15,F1,1,,,,,
2026-09-01,2026-09-01,CM,NSE,STK,16639,INE415I01015,KIRIINDUS,EQ,,,,,KIRI INDUSTRIES LIMITED,533.7,536.45,510.0,515.95,515.35,530.9,,515.96,,,979987,512846394.9,22115,F1,1,,,,,
2026-09-01,2026-09-01,CM,NSE,STK,18581,INE732A01036,KIRLOSBROS,EQ,,,,,KIRLOSKAR BROTHERS LTD,1898.8,1906.6,1875.7,1886.3,1888.0,1900.2,,1886.05,,,27592,52078749.5,4630,F1,1,,,,,
2026-09-01,2026-09-01,CM,NSE,STK,18220,INE134B01017,KECL,EQ,,,,,KIRLOSKAR ELECTRIC CO LTD,131.0,131.21,125.03,126.34,125.62,130.25,,126.34,,,110483,14130226.25,2262,F1,1,,,,,
2026-09-01,2026-09-01,CM,NSE,STK,14466,INE884B01025,KIRLFER,EQ,,,,,KIRLOSKAR FERROUS IND LTD,450.0,456.15,444.2,449.8,450.0,452.2,,449.82,,,26921,12138464.75,1850,F1,1,,,,,
2026-09-01,2026-09-01,CM,NSE,STK,19025,INE250A01039,KIRLOSIND,EQ,,,,,KIRLOSKAR INDUSTRIES LTD,3710.0,3835.0,3710.0,3740.4,3728.0,3737.9,,3740.44,,,7027,26404466.8,1495,F1,1,,,,,
2026-09-01,2026-09-01,CM,NSE,STK,20936,INE146L01010,KIRLOSENG,EQ,,,,,KIRLOSKAR OIL ENG LTD,2099.0,2145.0,2077.2,2138.3,2141.3,2099.4,,2138.32,,,385511,814875234.7,32755,F1,1,,,,,
2026-09-01,2026-09-01,CM,NSE,STK,15180,INE811A01038,KIRLPNU,EQ,,,,,KIRLOSKAR PNEUMATIC COM L,719.05,743.85,706.65,740.4,743.0,714.6,,740.39,,,307429,224472781.65,20820,F1,1,,,,,
2026-09-01,2026-09-01,CM,NSE,STK,28899,INE602G01020,KITEX,EQ,,,,,KITEX GARMENTS LTD,126.8,126.8,124.8,126.0,125.91,127.22,,126.0,,,253067,31799181.67,3066,F1,1,,,,,
2026-09-01,2026-09-01,CM,NSE,STK,760923,INE0KNW01016,KNAGRI,EQ,,,,,KN AGRI RESOURCES LIMITED,219.0,219.0,212.04,214.99,212.04,217.42,,214.99,,,4804,1031944.31,150,F1,1,,,,,
2026-09-01,2026-09-01,CM,NSE,STK,763839,INE17QZ01016,KNACK,EQ,,,,,KNACK PACKAGING LIMITED,191.29,195.84,189.5,190.21,190.0,190.35,,190.21,,,700022,134424526.21,11421,F1,1,,,,,
2026-09-01,2026-09-01,CM,NSE,STK,27084,INE0CJD01029,KMEW,EQ,,,,,KNOWLEDGE MARINE & EN W L,2935.0,2990.0,2893.8,2936.0,2925.1,2924.4,,2935.86,,,59031,173126168.1,8688,F1,1,,,,,
2026-09-01,2026-09-01,CM,NSE,STK,758431,INE1JAR25012,KRT,RR,,,,,KNOWLEDGE REALTY TRUST,109.72,109.99,109.24,109.58,109.55,110.47,,109.58,,,17088005,1873158796.22,14164,F1,1,,,,,
2026-09-01,2026-09-01,CM,NSE,STK,15283,INE634I01029,KNRCON,EQ,,,,,KNR CONSTRU LTD.,121.11,121.9,115.25,117.68,118.04,121.19,,117.68,,,1890101,225227727.0,36857,F1,1,,,,,
2026-09-01,2026-09-01,CM,NSE,STK,18754,INE0Q7P01013,KODYTECH,ST,,,,,KODY TECHNOLAB LIMITED,1500.0,1511.0,1451.0,1502.0,1500.0,1489.45,,1502.0,,,5700,8466605.0,47,F1,100,,,,,
2026-09-01,2026-09-01,CM,NSE,STK,3009,INE080B01012,KOHINOOR,EQ,,,,,KOHINOOR FOODS LIMITED,33.96,34.49,32.3,33.04,32.58,33.96,,33.04,,,105109,3520348.5,1212,F1,1,,,,,
2026-09-01,2026-09-01,CM,NSE,STK,16827,INE760A01029,KOKUYOCMLN,EQ,,,,,KOKUYO CAMLIN LIMITED,79.34,81.0,77.91,78.54,78.0,79.34,,78.54,,,92664,7330718.8,1347,F1,1,,,,,
2026-09-01,2026-09-01,CM,NSE,STK,15124,INE094I01018,KOLTEPATIL,EQ,,,,,KOLTE PATIL DEV. LTD.,442.75,447.45,432.65,436.2,435.0,446.8,,436.2,,,73167,32094345.95,3679,F1,1,,,,,
2026-09-01,2026-09-01,CM,NSE,STK,22475,INE0QEI01011,KONSTELEC,ST,,,,,KONSTELEC ENGINEERS LTD,62.0,65.2,61.2,65.2,65.2,64.05,,65.2,,,69000,4433850.0,46,F1,1000,,,,,
2026-09-01,2026-09-01,CM,NSE,STK,19287,INE0KZ301010,KONTOR,SM,,,,,KONTOR SPACE LIMITED,55.5,57.0,51.0,55.95,56.0,55.5,,55.95,,,13800,746250.0,17,F1,600,,,,,
2026-09-01,2026-09-01,CM,NSE,STK,1919,INE082A01010,KOPRAN,EQ,,,,,KOPRAN LTD,217.83,226.75,214.0,217.58,217.5,217.83,,217.59,,,477030,105419870.21,7170,F1,1,,,,,
2026-09-01,2026-09-01,CM,NSE,STK,16758,INE0O4R01018,KDL,SM,,,,,KORE DIGITAL LIMITED,91.7,94.65,88.7,90.85,91.0,91.25,,90.85,,,18600,1714890.0,97,F1,150,,,,,
2026-09-01,2026-09-01,CM,NSE,STK,14858,INF174KA1HJ8,GOLD1,EQ,,,,,KOTAK GOLD ETF,131.89,131.89,126.24,126.58,126.45,128.68,,126.58,,,1541753,196654540.22,9794,F1,1,,,,,
2026-09-01,2026-09-01,CM,NSE,STK,1922,INE237A01036,KOTAKBANK,EQ,,,,,KOTAK MAHINDRA BANK LTD,420.8,429.1,420.75,425.0,425.0,419.4,,425.0,,,7669677,3263253942.15,88465,F1,1,,,,,
2026-09-01,2026-09-01,CM,NSE,STK,18102,INF174K014P6,NIFTY1,EQ,,,,,KOTAK NIFTY ETF,267.32,268.31,266.14,266.54,267.03,267.32,,266.54,,,37590,10042822.95,1385,F1,1,,,,,
2026-09-01,2026-09-01,CM,NSE,STK,15061,INF174KA1A86,PSUBANK,EQ,,,,,KOTAK PSU BANK,86.04,86.04,84.76,85.16,85.4,85.27,,85.19,,,1060607,90474756.49,1146,F1,1,,,,,
2026-09-01,2026-09-01,CM,NSE,STK,759885,INF174KA1XV0,CHEMICAL,EQ,,,,,KOTAKMAMC - CHEMICAL,30.83,30.83,29.99,30.04,30.26,30.08,,30.04,,,231002,6960676.29,1879,F1,1,,,,,
2026-09-01,2026-09-01,CM,NSE,STK,7412,INF174KA1IA5,ALPHA,EQ,,,,,KOTAKMAMC - KOTAKALPHA,55.39,55.39,54.09,54.43,54.5,54.87,,54.43,,,1088932,59341122.77,3683,F1,1,,,,,
2026-09-01,2026-09-01,CM,NSE,STK,10512,INF174KA1ZF8,CONS,EQ,,,,,KOTAKMAMC - KOTAKCONS,12.19,12.24,12.1,12.12,12.18,12.24,,12.12,,,22288,271599.95,168,F1,1,,,,,
2026-09-01,2026-09-01,CM,NSE,STK,2627,INF174KA1GC5,IT,EQ,,,,,KOTAKMAMC - KOTAKIT,34.33,35.0,33.92,34.72,34.67,34.32,,34.72,,,588067,20428720.28,962,F1,1,,,,,
2026-09-01,2026-09-01,CM,NSE,STK,13950,INF174KA1LV5,LIQUID1,EQ,,,,,KOTAKMAMC - KOTAKLIQ,1121.8,1122.28,1120.6,1120.75,1120.75,1120.6,,1120.75,,,1190271,1334002639.29,2529,F1,1,,,,,
2026-09-01,2026-09-01,CM,NSE,STK,8632,INF174KA1IY5,LOWVOL1,EQ,,,,,KOTAKMAMC - KOTAKLOVOL,21.13,21.3,21.05,21.14,21.26,21.13,,21.14,,,69794,1477828.99,130,F1,1,,,,,
2026-09-01,2026-09-01,CM,NSE,STK,8077,INF174KA1ZC5,MIDCAP,EQ,,,,,KOTAKMAMC - KOTAKMID50,18.69,19.2,18.6,18.66,18.7,18.69,,18.66,,,504064,9417869.67,994,F1,1,,,,,
2026-09-01,2026-09-01,CM,NSE,STK,10676,INF174KA1JF2,MNC,EQ,,,,,KOTAKMAMC - KOTAKMNC,33.82,33.88,33.43,33.67,33.63,33.89,,33.67,,,76794,2587215.19,557,F1,1,,,,,
2026-09-01,2026-09-01,CM,NSE,STK,13082,INF174KA1ZD3,SILVER1,EQ,,,,,KOTAKMAMC - KOTAKSILVE,23.2,23.2,22.0,22.09,22.09,22.64,,22.09,,,7155295,160072855.3,6815,F1,1,,,,,
2026-09-01,2026-09-01,CM,NSE,STK,11457,INF174KA1ZE1,NV20,EQ,,,,,KOTAKMAMC - KTKNV20ETF,13.93,14.06,13.77,13.85,13.94,13.93,,13.85,,,74088,1030797.12,226,F1,1,,,,,
2026-09-01,2026-09-01,CM,NSE,STK,30469,INF174KA1VW2,MID150,EQ,,,,,KOTAKMAMC - MID150,24.25,24.25,23.5,23.95,23.71,23.81,,23.95,,,58274,1383212.57,259,F1,1,,,,,
2026-09-01,2026-09-01,CM,NSE,STK,759488,INF174KA1XS6,MOMENTUM30,EQ,,,,,KOTAKMAMC - MOMENTUM30,31.68,31.68,30.53,30.69,30.81,31.06,,30.69,,,15529,478152.69,128,F1,1,,,,,
2026-09-01,2026-09-01,CM,NSE,STK,29758,INF174KA1VD2,MSCIINDIA,EQ,,,,,KOTAKMAMC - MSCIINDIA,30.23,30.78,29.69,30.23,29.69,30.08,,30.23,,,18622,556924.73,160,F1,1,,,,,
2026-09-01,2026-09-01,CM,NSE,STK,760709,INF174KA1YO3,NEXT50ETF,EQ,,,,,KOTAKMAMC - NEXT50ETF,75.97,75.97,73.35,73.62,73.7,74.02,,73.62,,,8875,654409.58,128,F1,1,,,,,
2026-09-01,2026-09-01,CM,NSE,STK,29944,INF174KA1UW4,NIFTY100EW,EQ,,,,,KOTAKMAMC - NIFTY100EW,36.09,36.09,34.76,35.1,34.97,35.38,,35.1,,,346312,12141043.07,379,F1,1,,,,,
2026-09-01,2026-09-01,CM,NSE,STK,764195,INF174KA1A94,PVTBANK,EQ,,,,,KOTAKMAMC - PVTBANK,28.02,28.02,27.63,27.64,27.92,27.96,,27.64,,,206212,5717827.94,479,F1,1,,,,,
2026-09-01,2026-09-01,CM,NSE,STK,757946,INF174KA1WT6,QUALITY30,EQ,,,,,KOTAKMAMC - QUALITY30,20.94,20.97,20.86,20.86,20.86,20.91,,20.86,,,2040,42657.03,34,F1,1,,,,,
2026-09-01,2026-09-01,CM,NSE,STK,5851,INF174KA1ZB7,BANKNIFTY1,EQ,,,,,KOTAKMAMC-KOTAKBKETF,59.65,60.0,59.19,59.31,59.41,59.65,,59.31,,,450214,26822114.01,1721,F1,1,,,,,
2026-09-01,2026-09-01,CM,NSE,STK,762752,INE972A01020,KOTIC,EQ,,,,,KOTHARI INDUSTRIAL CORP L,145.0,145.8,139.35,140.78,140.89,143.43,,140.85,,,8975,1275524.22,334,F1,1,,,,,
2026-09-01,2026-09-01,CM,NSE,STK,4594,INE720A01015,KOTHARIPET,EQ,,,,,KOTHARI PETROCHEM LTD,131.84,134.59,130.0,130.9,131.45,131.09,,130.9,,,46584,6153310.05,1029,F1,1,,,,,
2026-09-01,2026-09-01,CM,NSE,STK,5528,INE823A01017,KOTHARIPRO,EQ,,,,,KOTHARI PRODUCTS LTD,68.76,68.76,66.52,66.97,67.8,67.1,,66.98,,,8952,601676.2,129,F1,1,,,,,
2026-09-01,2026-09-01,CM,NSE,STK,11648,INE419A01022,KOTARISUG,BE,,,,,KOTHARI SUG & CHEM LTD.,32.94,32.94,31.34,31.34,31.4,32.98,,31.34,,,88200,2814172.29,475,F1,1,,,,,
2026-09-01,2026-09-01,CM,NSE,STK,761337,INE0J0B01017,KOTYARK,BE,,,,,KOTYARK INDUSTRIES LTD,33.33,33.33,31.7,31.84,31.88,33.34,,31.86,,,169412,5458557.53,578,F1,1,,,,,
2026-09-01,2026-09-01,CM,NSE,STK,5192,INE177F01017,KOVAI,EQ,,,,,KOVAI MEDICAL CENTER & HO,6081.0,6104.5,6005.0,6036.0,6038.0,6074.5,,6035.97,,,1824,11048695.0,651,F1,1,,,,,
2026-09-01,2026-09-01,CM,NSE,STK,5108,INE542W01025,KPIGREEN,EQ,,,,,KPI GREEN ENERGY LIMITED,304.6,309.45,303.55,307.8,308.0,304.6,,307.81,,,1230691,377108995.55,18546,F1,1,,,,,
2026-09-01,2026-09-01,CM,NSE,STK,9683,INE04I401011,KPITTECH,EQ,,,,,KPIT TECHNOLOGIES LIMITED,585.2,594.3,581.0,590.0,590.0,585.0,,590.0,,,1026752,605494532.55,26626,F1,1,,,,,
2026-09-01,2026-09-01,CM,NSE,STK,14912,INE930H01031,KPRMILL,EQ,,,,,KPR MILL LTD.,1185.0,1186.8,1142.2,1158.5,1160.0,1177.6,,1158.46,,,255676,296319276.8,24650,F1,1,,,,,
2026-09-01,2026-09-01,CM,NSE,STK,10577,INE001B01026,KRBL,EQ,,,,,KRBL LIMITED,422.0,428.4,418.25,424.1,423.95,422.25,,424.12,,,550570,233070811.45,11451,F1,1,,,,,
2026-09-01,2026-09-01,CM,NSE,STK,1937,INE268B01013,KREBSBIO,EQ,,,,,KREBS BIOCHEMICALS & IND,56.29,56.29,53.8,54.49,55.5,56.29,,54.49,,,8958,490582.05,90,F1,1,,,,,
2026-09-01,2026-09-01,CM,NSE,STK,11488,INE524L01026,KRIDHANINF,BE,,,,,KRIDHAN INFRA LIMITED,2.0,2.1,1.99,2.04,2.06,2.0,,2.05,,,45763,94061.06,52,F1,1,,,,,
2026-09-01,2026-09-01,CM,NSE,STK,12847,INE506W01020,KRISHANA,EQ,,,,,KRISHANA PHOSCHEM LIMITED,191.8,193.0,189.5,192.23,191.62,191.03,,192.23,,,238927,45749393.3,4715,F1,1,,,,,
2026-09-01,2026-09-01,CM,NSE,STK,16133,INE0NR701018,KRISHCA,SM,,,,,KRISHCA STRAPPING SLTN L,154.0,162.0,154.0,158.15,158.2,156.45,,158.15,,,27000,4301400.0,48,F1,500,,,,,
2026-09-01,2026-09-01,CM,NSE,STK,756782,INE0GGO01015,KRISHIVAL,EQ,,,,,KRISHIVAL FOODS LIMITED,410.95,412.75,409.25,411.35,412.4,410.95,,411.07,,,8470,3483738.2,269,F1,1,,,,,
2026-09-01,2026-09-01,CM,NSE,STK,761192,INE0J5601015,KRISHNADEF,EQ,,,,,KRISHNA DEF AND ALD IND L,1001.1,1013.6,985.7,1001.7,1003.6,1004.8,,1001.7,,,60634,60643982.7,5770,F1,1,,,,,
2026-09-01,2026-09-01,CM,NSE,STK,4847,INE967H01025,KIMS,EQ,,,,,KRISHNA INST OF MED SCI L,753.1,764.25,752.15,758.4,763.0,755.5,,758.41,,,679770,514511212.9,26989,F1,1,,,,,
2026-09-01,2026-09-01,CM,NSE,STK,6417,INE479D01038,KRITI,EQ,,,,,KRITI INDUSTRIES IND LTD,61.9,62.8,60.01,60.56,61.49,60.38,,60.53,,,7345,448688.86,186,F1,1,,,,,
2026-09-01,2026-09-01,CM,NSE,STK,11432,INE798K01010,KRITINUT,EQ,,,,,KRITI NUTRIENTS LIMITED,90.0,90.0,86.11,86.65,86.36,87.16,,86.65,,,9259,809668.32,185,F1,1,,,,,
2026-09-01,2026-09-01,CM,NSE,STK,9288,INE00Z501029,KRITIKA,EQ,,,,,KRITIKA WIRES LIMITED,5.19,5.46,5.19,5.35,5.4,5.38,,5.35,,,109404,584847.98,376,F1,1,,,,,
2026-09-01,2026-09-01,CM,NSE,STK,760624,INE1MTV01019,KRMAYURVED,SM,,,,,KRM AYURVEDA LIMITED,288.0,308.95,288.0,296.95,295.0,285.4,,296.95,,,198000,59300250.0,173,F1,1000,,,,,
2026-09-01,2026-09-01,CM,NSE,STK,25643,INE0Q3J01015,KRN,EQ,,,,,KRN HEAT EXCHANGE N REF L,1574.8,1589.0,1495.0,1527.4,1525.2,1553.1,,1527.26,,,262416,403355524.3,20122,F1,1,,,,,
2026-09-01,2026-09-01,CM,NSE,STK,24026,INE0ATZ01017,KRONOX,BE,,,,,KRONOX LAB SCIENCES LTD,175.01,186.0,171.11,181.19,182.55,177.34,,181.2,,,197177,35945981.06,1248,F1,1,,,,,
2026-09-01,2026-09-01,CM,NSE,STK,25252,INE0O6601022,KROSS,EQ,,,,,KROSS LIMITED,212.65,214.53,207.0,209.03,208.3,212.71,,209.04,,,152348,32036973.35,3541,F1,1,,,,,
2026-09-01,2026-09-01,CM,NSE,STK,5359,INE08LI01020,KRSNAA,EQ,,,,,KRSNAA DIAGNOSTICS LTD,550.45,563.5,550.45,559.95,561.5,553.65,,559.94,,,31587,17570214.25,2104,F1,1,,,,,
2026-09-01,2026-09-01,CM,NSE,STK,23175,INE0QN801017,KRYSTAL,EQ,,,,,KRYSTAL INTEGRATED SER L,631.4,670.1,630.1,647.35,644.0,626.75,,647.35,,,23924,15654920.45,1654,F1,1,,,,,
2026-09-01,2026-09-01,CM,NSE,STK,1949,INE999A01023,KSB,EQ,,,,,KSB LIMITED,808.35,843.0,808.35,828.2,827.0,807.25,,828.21,,,444531,368776059.7,28950,F1,1,,,,,
2026-09-01,2026-09-01,CM,NSE,STK,764753,INE953E01022,KSE,EQ,,,,,KSE LTD.,175.02,178.9,175.02,177.86,177.71,180.3,,177.86,,,8819,1562681.55,448,F1,1,,,,,
2026-09-01,2026-09-01,CM,NSE,STK,760433,INE987S01020,KSHINTL,EQ,,,,,KSH INTERNATIONAL LIMITED,948.45,965.0,945.0,953.0,951.85,947.05,,953.11,,,159834,152674043.5,14347,F1,1,,,,,
2026-09-01,2026-09-01,CM,NSE,STK,10407,INE013801027,KSHITIJPOL,EQ,,,,,KSHITIJ POLYLINE LIMITED,3.04,3.04,2.85,2.86,2.88,2.99,,2.86,,,934734,2725196.51,1056,F1,1,,,,,
2026-09-01,2026-09-01,CM,NSE,STK,765409,INE013820027,KSHITIJ-RE,BE,,,,,KSHITIJ POLYLINE LTD,0.05,0.05,0.05,0.05,0.05,0.04,,0.05,,,2879332,143966.6,831,F1,1,,,,,
2026-09-01,2026-09-01,CM,NSE,STK,11060,INE0D6I01023,KSOLVES,EQ,,,,,KSOLVES INDIA LIMITED,273.0,284.95,270.0,281.3,280.5,268.3,,281.28,,,86101,24005434.3,3403,F1,1,,,,,
2026-09-01,2026-09-01,CM,NSE,STK,759987,INE1SPP01016,KSR,EQ,,,,,KSR FOOTWEAR LIMITED,28.59,29.78,28.03,28.65,28.65,28.59,,28.65,,,10368,300145.57,140,F1,1,,,,,
2026-09-01,2026-09-01,CM,NSE,STK,13870,INE529I01021,KUANTUM,EQ,,,,,KUANTUM PAPERS LIMITED,71.52,72.51,70.35,71.62,72.1,72.12,,71.62,,,114225,8166347.45,1189,F1,1,,,,,
2026-09-01,2026-09-01,CM,NSE,STK,764116,INE0ISX01025,KUSUMGAR,EQ,,,,,KUSUMGAR LIMITED,579.1,581.95,561.1,565.1,571.8,581.45,,565.19,,,254968,145408140.75,8380,F1,1,,,,,
2026-09-01,2026-09-01,CM,NSE,STK,762757,INE552U01010,KPL,EQ,,,,,KWALITY PHARMACEUTICALS L,3299.3,3447.8,3265.0,3390.5,3400.0,3277.0,,3390.13,,,34248,115087843.4,5463,F1,1,,,,,
2026-09-01,2026-09-01,CM,NSE,STK,760946,INE2KCE01013,KWIL,EQ,,,,,KWALITY WALL'S (INDIA) L,45.5,45.75,43.36,44.35,44.42,45.38,,44.35,,,15778275,703545359.89,43196,F1,1,,,,,
2026-09-01,2026-09-01,CM,NSE,STK,765100,INE341H01023,LKPSEC,EQ,,,,,L K P SECURITIES LTD.,15.7,15.9,15.06,15.18,15.7,15.45,,15.29,,,3510,53709.41,74,F1,1,,,,,
2026-09-01,2026-09-01,CM,NSE,STK,24948,INE498L01015,LTF,EQ,,,,,L&T FINANCE LIMITED,315.25,316.0,305.3,309.05,309.05,321.0,,309.05,,,9359609,2890840162.65,84172,F1,1,,,,,
2026-09-01,2026-09-01,CM,NSE,STK,18564,INE010V01017,LTTS,EQ,,,,,L&T TECHNOLOGY SER. LTD.,3630.0,3630.0,3542.0,3587.8,3576.1,3608.4,,3587.6,,,36036,129038777.8,8261,F1,1,,,,,
2026-09-01,2026-09-01,CM,NSE,STK,14423,INE059D01020,LAOPALA,EQ,,,,,LA OPALA RG LIMITED,172.01,174.29,171.5,173.3,173.51,173.61,,173.3,,,58884,10197304.95,2002,F1,1,,,,,
2026-09-01,2026-09-01,CM,NSE,STK,764758,INE519D01015,LADDERUP,EQ,,,,,LADDERUP FINANCE LTD.,50.0,50.0,49.6,49.6,49.6,49.4,,48.81,,,59,2946.4,2,F1,1,,,,,
2026-09-01,2026-09-01,CM,NSE,STK,5865,INE548Z01017,LAGNAM,EQ,,,,,LAGNAM SPINTEX LIMITED,76.05,78.0,75.22,75.93,76.0,76.38,,75.93,,,12565,964771.98,118,F1,1,,,,,
2026-09-01,2026-09-01,CM,NSE,STK,762762,INE515C01023,LAHOTIOV,EQ,,,,,LAHOTI OVERSEAS LTD.,40.29,42.0,40.29,41.99,42.0,40.29,,41.99,,,2572,106928.67,42,F1,1,,,,,
2026-09-01,2026-09-01,CM,NSE,STK,7902,INE850E01012,LFIC,EQ,,,,,LAKSHMI FIN IND CORP LTD,140.99,140.99,130.7,133.01,134.0,134.09,,133.01,,,2884,389792.09,114,F1,1,,,,,
2026-09-01,2026-09-01,CM,NSE,STK,764763,INE938C01019,LAKSHMIMIL,EQ,,,,,LAKSHMI MILLS CO. LTD.,8000.0,8100.0,7901.0,8000.0,8000.0,8000.0,,7960.0,,,27,215943.0,17,F1,1,,,,,
2026-09-01,2026-09-01,CM,NSE,STK,4774,INE651C01018,LAKPRE,BZ,,,,,LAKSHMI PRE SCRE LTD,4.9,4.9,4.9,4.9,4.9,4.67,,4.9,,,3160,15484.0,10,F1,1,,,,,
2026-09-01,2026-09-01,CM,NSE,STK,25860,INE0VZS01015,LAKSHYA,SM,,,,,LAKSHYA POWERTECH LIMITED,85.0,85.0,85.0,85.0,85.0,85.0,,85.0,,,2400,204000.0,3,F1,800,,,,,
2026-09-01,2026-09-01,CM,NSE,STK,765361,INE0K9O01026,LALITHAA,EQ,,,,,LALITHAA JEWELLERY MART L,259.35,283.65,257.0,267.6,267.8,257.89,,267.6,,,32021090,8797576923.6,195774,F1,1,,,,,
2026-09-01,2026-09-01,CM,NSE,STK,6407,INE112F01022,LAMBODHARA,EQ,,,,,LAMBODHARA TEXTILES LTD.,142.43,145.0,138.16,141.38,142.0,141.38,,141.39,,,15961,2273907.14,314,F1,1,,,,,
2026-09-01,2026-09-01,CM,NSE,STK,27225,INE0R0201012,LAMOSAIC,ST,,,,,LAMOSAIC INDIA LIMITED,58.1,59.85,57.7,59.75,59.75,59.6,,59.75,,,19200,1123380.0,22,F1,600,,,,,
2026-09-01,2026-09-01,CM,NSE,STK,9392,INE359U01028,LANCER,EQ,,,,,LANCER CONTAINER LINES L,13.45,13.45,11.57,12.61,12.66,13.12,,12.61,,,1206915,15326533.3,2922,F1,1,,,,,
2026-09-01,2026-09-01,CM,NSE,STK,23027,INE572G01025,LANCORHOL,EQ,,,,,LANCOR HOLDINGS LIMITED,33.47,34.34,32.5,33.46,33.0,33.37,,33.42,,,204188,6788721.23,1332,F1,1,,,,,
2026-09-01,2026-09-01,CM,NSE,STK,13276,INE559R01029,LANDMARK,EQ,,,,,LANDMARK CARS LIMITED,510.65,524.9,503.2,505.95,510.0,517.45,,505.96,,,37484,19133982.25,2104,F1,1,,,,,
2026-09-01,2026-09-01,CM,NSE,STK,16863,INE197J01017,LPDC,EQ,,,,,LANDMARK PR.DEV.CO.LTD,6.94,7.04,6.58,6.67,6.65,6.94,,6.68,,,16502,111745.71,157,F1,1,,,,,
2026-09-01,2026-09-01,CM,NSE,STK,17376,INE688J01023,LANDSMILL,EQ,,,,,LANDSMILL GREEN LIMITED,0.68,0.7,0.68,0.68,0.69,0.68,,0.68,,,1692243,1158150.88,882,F1,1,,,,,
2026-09-01,2026-09-01,CM,NSE,STK,11483,INE018A01030,LT,EQ,,,,,LARSEN & TOUBRO LTD.,4038.0,4038.0,3980.1,3980.1,3980.1,4044.9,,3980.12,,,944703,3790759519.3,56508,F1,1,,,,,
2026-09-01,2026-09-01,CM,NSE,STK,21713,INE670X01014,LASA,EQ,,,,,LASA SUPERGENERICS LTD,6.92,7.04,6.7,6.76,6.7,6.92,,6.76,,,27177,186127.17,172,F1,1,,,,,
2026-09-01,2026-09-01,CM,NSE,STK,764126,INE17IR01028,LASERPOWER,EQ,,,,,LASER POWER & INFRA LTD,315.4,318.5,300.0,311.35,312.0,314.3,,311.32,,,815644,252280822.55,11939,F1,1,,,,,
2026-09-01,2026-09-01,CM,NSE,STK,6818,INE0I7C01011,LATENTVIEW,EQ,,,,,LATENT VIEW ANALYTICS LTD,268.55,276.65,268.55,272.55,273.25,269.8,,272.55,,,441369,120362373.8,12841,F1,1,,,,,
2026-09-01,2026-09-01,CM,NSE,STK,15840,INE262Z01023,LATTEYS,EQ,,,,,LATTEYS INDUSTRIES LTD,22.0,22.28,20.5,20.8,20.71,21.71,,20.8,,,44748,941162.06,420,F1,1,,,,,
2026-09-01,2026-09-01,CM,NSE,STK,19234,INE947Q01028,LAURUSLABS,EQ,,,,,LAURUS LABS LIMITED,1888.9,1895.0,1837.4,1861.6,1861.6,1915.0,,1861.59,,,3530385,6559922720.7,99460,F1,1,,,,,
2026-09-01,2026-09-01,CM,NSE,STK,6568,INE801V01019,LAXMICOT,EQ,,,,,LAXMI COTSPIN LIMITED,13.01,13.19,12.41,12.76,13.0,12.89,,12.76,,,3858,49510.1,103,F1,1,,,,,
2026-09-01,2026-09-01,CM,NSE,STK,29171,INE0WO601020,LAXMIDENTL,EQ,,,,,LAXMI DENTAL LIMITED,196.95,197.98,189.45,192.95,197.98,195.5,,192.83,,,126962,24509455.71,3220,F1,1,,,,,
2026-09-01,2026-09-01,CM,NSE,STK,19876,INE258Y01016,LGHL,EQ,,,,,LAXMI GOLDORNA HOUSE LTD,183.9,183.9,178.45,179.64,179.9,179.45,,179.64,,,6287,1144161.62,240,F1,1,,,,,
2026-09-01,2026-09-01,CM,NSE,STK,758863,INE06WU01026,LAXMIINDIA,EQ,,,,,LAXMI INDIA FINANCE LTD,129.43,131.15,126.0,127.04,127.95,129.92,,127.11,,,83552,10743718.06,1422,F1,1,,,,,
2026-09-01,2026-09-01,CM,NSE,STK,2841,INE576O01020,LXCHEM,EQ,,,,,LAXMI ORGANIC INDUS LTD,166.94,167.95,164.0,164.9,164.3,166.57,,164.81,,,590358,97872969.5,8898,F1,1,,,,,
2026-09-01,2026-09-01,CM,NSE,STK,7529,INE938A01021,LCCINFOTEC,EQ,,,,,LCC INFOTECH LTD,3.62,3.75,3.5,3.6,3.6,3.55,,3.6,,,24341,88652.78,124,F1,1,,,,,
2026-09-01,2026-09-01,CM,NSE,STK,760300,INE0G1L01025,LEMERITE,EQ,,,,,LE MERITE EXPORTS LIMITED,21.41,21.51,21.0,21.0,21.35,21.24,,21.0,,,133020,2833984.86,215,F1,1,,,,,
2026-09-01,2026-09-01,CM,NSE,STK,24067,INE0HV901016,IXIGO,EQ,,,,,LE TRAVENUES TECHNOLOGY L,162.1,163.41,157.75,158.57,159.38,163.02,,158.59,,,712970,114255567.19,22537,F1,1,,,,,
2026-09-01,2026-09-01,CM,NSE,STK,764523,INE00GO01025,LEAPIND,EQ,,,,,LEAP INDIA LIMITED,166.75,166.75,157.55,159.47,159.6,167.82,,159.46,,,10616983,1708027505.58,66354,F1,1,,,,,
2026-09-01,2026-09-01,CM,NSE,STK,765095,INE791B01014,LEENEE,EQ,,,,,LEE & NEE SOFTWARES (E) L,9.61,10.0,9.45,9.51,9.45,10.12,,9.52,,,26200,252459.6,146,F1,1,,,,,
2026-09-01,2026-09-01,CM,NSE,STK,757014,INE0AQ201015,THELEELA,EQ,,,,,LEELA PALACES HOTEL LTD,577.55,578.8,561.2,575.35,575.8,570.4,,575.34,,,358404,205881251.15,18787,F1,1,,,,,
2026-09-01,2026-09-01,CM,NSE,STK,2606,INE970X01018,LEMONTREE,EQ,,,,,LEMON TREE HOTELS LTD,106.25,107.1,105.71,106.15,106.22,106.25,,106.15,,,1816566,193193687.7,20018,F1,1,,,,,
2026-09-01,2026-09-01,CM,NSE,STK,759605,INE956O01016,LENSKART,EQ,,,,,LENSKART SOLUTIONS LTD,664.0,671.0,650.2,663.75,661.0,662.4,,663.75,,,10496508,6947442073.2,203560,F1,1,,,,,
2026-09-01,2026-09-01,CM,NSE,STK,14459,INE500X01013,LEXUS,EQ,,,,,LEXUS GRANITO (INDIA) LTD,13.87,14.43,13.0,13.38,13.0,13.85,,13.38,,,23309,316899.23,132,F1,1,,,,,
2026-09-01,2026-09-01,CM,NSE,STK,18321,INE337A01034,LGBBROSLTD,EQ,,,,,LG BALAKRISHNAN & BROS,1692.4,1714.9,1672.3,1702.9,1700.0,1692.4,,1703.04,,,33636,56828566.7,6324,F1,1,,,,,
2026-09-01,2026-09-01,CM,NSE,STK,760213,INE324D01010,LGEINDIA,EQ,,,,,LG ELECTRONICS INDIA LTD,1699.0,1703.0,1656.5,1665.6,1660.0,1697.8,,1665.62,,,316904,532659276.2,37973,F1,1,,,,,
2026-09-01,2026-09-01,CM,NSE,STK,11082,INE908V01012,LIBAS,EQ,,,,,LIBAS CONSU PRODUCTS LTD,10.79,10.89,10.35,10.63,10.51,10.54,,10.63,,,9622,101996.32,101,F1,1,,,,,
2026-09-01,2026-09-01,CM,NSE,STK,1994,INE557B01019,LIBERTSHOE,EQ,,,,,LIBERTY SHOES LTD,244.45,244.45,238.51,239.45,241.8,242.05,,239.46,,,11222,2701724.94,504,F1,1,,,,,
2026-09-01,2026-09-01,CM,NSE,STK,1997,INE115A01026,LICHSGFIN,EQ,,,,,LIC HOUSING FINANCE LTD,538.4,538.4,526.35,534.9,534.9,538.4,,534.9,,,2000075,1065320456.1,14836,F1,1,,,,,
2026-09-01,2026-09-01,CM,NSE,STK,25640,INF767K01SM1,LICMFGOLD,EQ,,,,,LIC MF - LIC GOLD ETF,139.75,139.75,136.7,137.1,137.75,138.9,,137.09,,,76250,10525784.75,1021,F1,1,,,,,
2026-09-01,2026-09-01,CM,NSE,STK,11319,INF767K01OS7,LICNETFN50,EQ,,,,,LICNAMC - LICNFENGP,270.53,271.01,268.17,269.95,269.95,270.53,,269.95,,,2449,661019.93,29,F1,1,,,,,
2026-09-01,2026-09-01,CM,NSE,STK,11441,INF767K01OT5,LICNETFSEN,EQ,,,,,LICNAMC - LICNFESGP,874.15,874.69,872.0,872.0,872.0,873.0,,872.0,,,9,7865.2,6,F1,1,,,,,
2026-09-01,2026-09-01,CM,NSE,STK,15229,INF767K01PC8,LICNFNHGP,EQ,,,,,LICNAMC - LICNFNHGP,277.66,278.16,274.24,274.35,274.24,277.88,,274.35,,,142,39181.24,17,F1,1,,,,,
2026-09-01,2026-09-01,CM,NSE,STK,6062,INF767K01MV5,LICNETFGSC,EQ,,,,,LICNAMC - LICNMFET,29.35,29.59,29.35,29.35,29.35,29.35,,29.35,,,7655,225213.18,120,F1,1,,,,,
2026-09-01,2026-09-01,CM,NSE,STK,22722,INF767K01RN1,LICNMID100,EQ,,,,,LICNAMC - LICNMID100,64.28,64.32,63.26,63.81,63.9,63.67,,63.81,,,6118,390358.14,89,F1,1,,,,,
2026-09-01,2026-09-01,CM,NSE,STK,9480,INE0J1Y01017,LICI,EQ,,,,,LIFE INSURA CORP OF INDIA,418.85,418.9,409.95,412.15,412.15,418.0,,412.15,,,3609510,1493371796.55,28080,F1,1,,,,,
2026-09-01,2026-09-01,CM,NSE,STK,578,INE060901027,LIKHITHA,EQ,,,,,LIKHITHA INFRASTRUC LTD,208.5,209.26,201.1,204.23,206.1,207.48,,204.25,,,52878,10888674.61,1012,F1,1,,,,,
2026-09-01,2026-09-01,CM,NSE,STK,6951,INE802B01027,LINC,EQ,,,,,LINC LIMITED,93.6,97.01,93.6,94.35,95.4,94.61,,94.36,,,23030,2199670.08,330,F1,1,,,,,
2026-09-01,2026-09-01,CM,NSE,STK,11596,INE405C01035,LINCOLN,EQ,,,,,LINCOLN PHARMA LTD,613.0,613.85,604.0,609.65,611.9,606.75,,609.8,,,24220,14726949.95,1656,F1,1,,,,,
2026-09-01,2026-09-01,CM,NSE,STK,1627,INE473A01011,LINDEINDIA,EQ,,,,,LINDE INDIA LIMITED,6380.0,6446.5,6332.0,6373.0,6385.5,6385.5,,6373.25,,,24328,155158872.0,6015,F1,1,,,,,
2026-09-01,2026-09-01,CM,NSE,STK,17801,INE093R01011,LLOYDSENGG,EQ,,,,,LLOYDS ENGG WORK LIMITED,86.2,86.87,83.48,84.27,84.07,86.44,,84.27,,,4683049,399344122.0,19846,F1,1,,,,,
2026-09-01,2026-09-01,CM,NSE,STK,25807,INE080I01025,LLOYDSENT,EQ,,,,,LLOYDS ENTERPRISES LTD,72.0,72.99,71.05,71.34,71.47,72.35,,71.34,,,1747021,125429730.69,7859,F1,1,,,,,
2026-09-01,2026-09-01,CM,NSE,STK,11472,INE0DTQ01028,LLOYDS,SM,,,,,LLOYDS LUXURIES LIMITED,57.0,57.0,57.0,57.0,57.0,60.0,,57.0,,,6000,342000.0,6,F1,1000,,,,,
2026-09-01,2026-09-01,CM,NSE,STK,17313,INE281B01032,LLOYDSME,EQ,,,,,LLOYDS METALS N ENERGY L,1802.0,1817.9,1781.0,1790.0,1784.0,1794.6,,1789.73,,,291373,524768300.7,23837,F1,1,,,,,
2026-09-01,2026-09-01,CM,NSE,STK,1979,INE269B01029,LMW,EQ,,,,,LMW LIMITED,18920.0,19451.0,18875.0,19011.0,18875.0,18975.0,,19011.17,,,6303,120284385.0,2689,F1,1,,,,,
2026-09-01,2026-09-01,CM,NSE,STK,3220,INE670K01029,LODHA,EQ,,,,,LODHA DEVELOPERS LIMITED,1214.9,1231.8,1180.0,1193.9,1193.9,1198.6,,1193.91,,,1844689,2215624775.4,42818,F1,1,,,,,
2026-09-01,2026-09-01,CM,NSE,STK,764296,INE0QJW01029,LCL,EQ,,,,,LOHIA CORP LIMITED,545.0,549.9,532.0,543.8,542.35,551.45,,543.79,,,320829,174042346.2,16940,F1,1,,,,,
2026-09-01,2026-09-01,CM,NSE,STK,13436,INE397H01017,LOKESHMACH,EQ,,,,,LOKESH MACHINES LTD,341.7,354.8,332.3,346.25,344.0,345.25,,346.23,,,94109,32565855.5,1885,F1,1,,,,,
2026-09-01,2026-09-01,CM,NSE,STK,18232,INE846D01012,LORDSCHLO,EQ,,,,,LORDS CHLORO ALKALI LTD,138.93,138.93,135.1,136.46,135.26,135.96,,136.44,,,5526,754387.57,260,F1,1,,,,,
2026-09-01,2026-09-01,CM,NSE,STK,14924,INE740X01023,LAL,EQ,,,,,LORENZINI APPARELS LTD,9.48,9.48,8.91,8.97,8.91,9.13,,8.97,,,27356,246097.98,120,F1,1,,,,,
2026-09-01,2026-09-01,CM,NSE,STK,764768,INE026D01011,LOTUSCHO,EQ,,,,,LOTUS CHOCOLATE CO. LTD.,624.15,634.45,618.3,621.85,623.95,634.8,,621.19,,,1787,1116231.5,187,F1,1,,,,,
2026-09-01,2026-09-01,CM,NSE,STK,16807,INE947I01017,LOTUSEYE,EQ,,,,,LOTUS EYE HOSP & INST L,110.42,110.42,108.47,108.77,108.5,109.08,,108.77,,,13244,1449752.5,345,F1,1,,,,,
2026-09-01,2026-09-01,CM,NSE,STK,22415,INE597L01014,LOVABLE,EQ,,,,,LOVABLE LINGERIE LTD,73.25,74.9,72.12,72.78,72.53,73.2,,72.81,,,28118,2063692.96,786,F1,1,,,,,
2026-09-01,2026-09-01,CM,NSE,STK,10590,INE970D01010,LOYALTEX,EQ,,,,,LOYAL TEXTILE MILLS LTD,218.0,218.0,205.0,205.27,217.5,218.0,,216.21,,,166,34509.47,12,F1,1,,,,,
2026-09-01,2026-09-01,CM,NSE,STK,13816,INE818H01020,LTFOODS,EQ,,,,,LT FOODS LIMITED,448.05,448.05,433.15,437.0,437.9,446.55,,436.97,,,372814,163563077.6,15037,F1,1,,,,,
2026-09-01,2026-09-01,CM,NSE,STK,17818,INE214T01019,LTM,EQ,,,,,LTM LIMITED,4540.0,4648.4,4514.9,4625.0,4625.0,4540.0,,4624.73,,,265080,1219267180.5,28188,F1,1,,,,,
2026-09-01,2026-09-01,CM,NSE,STK,14014,INE872H01027,LUMAXTECH,EQ,,,,,LUMAX AUTO TECH LTD,2106.4,2148.7,2044.7,2060.0,2045.1,2078.5,,2059.96,,,386798,814151022.9,36600,F1,1,,,,,
2026-09-01,2026-09-01,CM,NSE,STK,2018,INE162B01018,LUMAXIND,EQ,,,,,LUMAX INDUSTRIES LTD,6285.5,6545.0,6190.0,6422.5,6451.0,6233.5,,6422.96,,,64094,411842487.5,20124,F1,1,,,,,
2026-09-01,2026-09-01,CM,NSE,STK,10440,INE326A01037,LUPIN,EQ,,,,,LUPIN LIMITED,2190.2,2190.2,2137.6,2153.0,2153.0,2188.4,,2152.98,,,1298356,2787141756.6,31875,F1,1,,,,,
2026-09-01,2026-09-01,CM,NSE,STK,11301,INE150G01020,LUXIND,EQ,,,,,LUX INDUSTRIES LIMITED,1222.0,1225.8,1186.0,1192.8,1195.0,1210.2,,1192.86,,,15463,18621553.8,1754,F1,1,,,,,
2026-09-01,2026-09-01,CM,NSE,STK,7248,INE933A01014,LYKALABS,BE,,,,,LYKA LABS LTD.,75.36,76.3,73.86,73.86,73.86,75.36,,74.43,,,8003,600317.36,42,F1,1,,,,,
2026-09-01,2026-09-01,CM,NSE,STK,758150,INE08N601015,MBEL,EQ,,,,,M AND B ENGINEERING LTD,269.2,269.95,263.5,265.6,265.9,267.25,,265.59,,,96515,25693675.2,5098,F1,1,,,,,
2026-09-01,2026-09-01,CM,NSE,STK,765120,INE227F01010,MKEXIM,EQ,,,,,M K EXIM (INDIA) LTD.,63.5,63.5,59.01,61.61,63.0,62.08,,61.85,,,25268,1550082.1,243,F1,1,,,,,
2026-09-01,2026-09-01,CM,NSE,STK,16736,INE964W01021,MKPL,EQ,,,,,M K PROTEINS LIMITED,4.17,4.17,4.0,4.03,4.07,4.11,,4.03,,,150290,610392.78,386,F1,1,,,,,
2026-09-01,2026-09-01,CM,NSE,STK,21792,INE105Y01019,MPTODAY,SM,,,,,M P TODAY MEDIA LIMITED,41.55,41.55,41.55,41.55,41.55,43.7,,41.55,,,2000,83100.0,1,F1,2000,,,,,
2026-09-01,2026-09-01,CM,NSE,STK,22360,INE813V01022,MCL,EQ,,,,,M TEK COPPER LIMITED,57.89,58.46,56.5,56.86,56.5,57.66,,56.86,,,35733,2061657.9,2033,F1,1,,,,,
2026-09-01,2026-09-01,CM,NSE,STK,13285,INE774D01024,M&MFIN,EQ,,,,,M&M FIN. SERVICES LTD,373.0,376.2,363.1,364.4,364.0,373.0,,364.4,,,1423593,522744059.7,26982,F1,1,,,,,
2026-09-01,2026-09-01,CM,NSE,STK,22976,INE0SGC01015,MVKAGRO,SM,,,,,M.V.K. AGRO FOOD PROD LTD,204.2,204.2,196.0,204.2,204.2,194.5,,204.2,,,1023000,208863135.0,443,F1,300,,,,,
2026-09-01,2026-09-01,CM,NSE,STK,15017,INE215I01027,MAANALU,EQ,,,,,MAAN ALUMINIUM LIMITED,126.95,127.95,119.0,119.42,119.71,122.67,,119.43,,,218536,27153909.34,3276,F1,1,,,,,
2026-09-01,2026-09-01,CM,NSE,STK,762782,INE435D01014,MCCHRLS-B,EQ,,,,,MAC CHARLES (INDIA) LTD.,697.0,697.0,694.95,694.95,694.95,690.3,,691.24,,,11,7651.5,3,F1,1,,,,,
2026-09-01,2026-09-01,CM,NSE,STK,24545,INE0R0J01010,MACOBSTECH,SM,,,,,MACOBS TECHNOLOGIES LTD,199.95,199.95,196.0,199.95,199.95,197.0,,199.95,,,9600,1914000.0,5,F1,800,,,,,
2026-09-01,2026-09-01,CM,NSE,STK,22347,INE155Z01011,MACPOWER,EQ,,,,,MACPOWER CNC MACHINES LTD,2000.0,2043.9,1885.5,1911.3,1900.0,1989.3,,1911.3,,,50223,98253578.7,6587,F1,1,,,,,
2026-09-01,2026-09-01,CM,NSE,STK,762767,INE631R01026,MADHAVIPL,EQ,,,,,MADHAV INFRA PROJECTS L,8.12,8.25,8.0,8.04,8.11,8.12,,8.05,,,90690,734529.44,337,F1,1,,,,,
2026-09-01,2026-09-01,CM,NSE,STK,15151,INE925C01016,MADHAV,EQ,,,,,MADHAV MARBLE & GRANITE,34.4,35.7,34.4,35.42,35.46,34.52,,35.42,,,923,32161.37,27,F1,1,,,,,
2026-09-01,2026-09-01,CM,NSE,STK,13668,INE378D01032,MADHUCON,BE,,,,,MADHUCON PROJECTS LTD.,4.9,5.11,4.76,4.84,4.82,4.97,,4.84,,,20198,98426.15,65,F1,1,,,,,
2026-09-01,2026-09-01,CM,NSE,STK,765479,INE1P5601010,MADHURKNIT,ST,,,,,MADHUR KNIT CRAFTS LTD,100.0,100.0,95.0,95.0,95.0,100.0,,95.0,,,751200,75096000.0,241,F1,1200,,,,,
2026-09-01,2026-09-01,CM,NSE,STK,18738,INE0P6701019,MADHUSUDAN,ST,,,,,MADHUSUDAN MASALA LIMITED,232.95,232.95,222.35,225.05,225.05,225.75,,225.05,,,12000,2733050.0,12,F1,1000,,,,,
2026-09-01,2026-09-01,CM,NSE,STK,12686,INE900L01028,MBAPL,EQ,,,,,MADHYA BHARAT AGRO P. LTD,162.0,164.7,159.37,160.78,161.0,161.45,,160.78,,,337876,54312833.39,5956,F1,1,,,,,
2026-09-01,2026-09-01,CM,NSE,STK,4911,INE414A01015,MADRASFERT,EQ,,,,,MADRAS FERTILISERS LTD,65.29,66.07,64.0,64.7,64.42,65.29,,64.71,,,70192,4575388.32,1040,F1,1,,,,,
2026-09-01,2026-09-01,CM,NSE,STK,762772,INE270B01035,MAFATIND,EQ,,,,,MAFATLAL INDUSTRIES LTD.,122.96,123.54,121.0,121.77,121.95,122.64,,121.77,,,36702,4476159.51,464,F1,1,,,,,
2026-09-01,2026-09-01,CM,NSE,STK,21392,INE347W01011,MAGADSUGAR,EQ,,,,,MAGADH SUGAR & ENERGY LTD,593.4,598.95,562.05,568.05,573.3,595.0,,568.05,,,26333,15168411.65,1720,F1,1,,,,,
2026-09-01,2026-09-01,CM,NSE,STK,29482,INE613C01026,MCLOUD,EQ,,,,,MAGELLANIC CLOUD LIMITED,26.82,27.7,26.5,26.67,26.67,26.65,,26.67,,,1799874,48451128.4,6308,F1,1,,,,,
2026-09-01,2026-09-01,CM,NSE,STK,14957,INE387I01016,MAGNUM,EQ,,,,,MAGNUM VENTURES LTD.,18.91,19.55,18.55,18.95,19.06,18.97,,18.95,,,17423,328191.83,88,F1,1,,,,,
2026-09-01,2026-09-01,CM,NSE,STK,5239,INE843B01013,MAHAPEXLTD,EQ,,,,,MAHA RASHTRA APEX COPR. L,56.01,60.25,55.25,56.17,56.0,56.66,,56.21,,,24815,1454050.15,404,F1,1,,,,,
2026-09-01,2026-09-01,CM,NSE,STK,24937,INE0US801024,MFML,EQ,,,,,MAHALAXMI FABRIC MILLS LT,18.45,19.0,18.35,18.97,19.0,18.35,,19.16,,,341,6469.25,23,F1,1,,,,,
2026-09-01,2026-09-01,CM,NSE,STK,7889,INE112D01035,MHLXMIRU,BE,,,,,MAHALAXMI RUBTECH LIMITED,179.1,179.1,169.38,172.57,172.89,178.29,,172.57,,,8740,1497915.48,126,F1,1,,,,,
2026-09-01,2026-09-01,CM,NSE,STK,17531,INE451L01014,MAHASTEEL,BE,,,,,MAHAMAYA STEEL INDS LTD,1372.0,1421.0,1305.0,1394.1,1398.0,1373.0,,1394.19,,,11613,15862467.2,550,F1,1,,,,,
2026-09-01,2026-09-01,CM,NSE,STK,17534,INE002S01010,MGL,EQ,,,,,MAHANAGAR GAS LTD.,1073.1,1089.8,1062.0,1077.7,1080.0,1069.3,,1077.68,,,200377,215805134.4,16530,F1,1,,,,,
2026-09-01,2026-09-01,CM,NSE,STK,2294,INE153A01019,MTNL,EQ,,,,,MAHANAGAR TELEPHONE NIGAM,27.22,27.22,26.45,26.68,26.7,27.22,,26.68,,,513071,13709813.05,2608,F1,1,,,,,
2026-09-01,2026-09-01,CM,NSE,STK,2085,INE288A01013,MAHSCOOTER,EQ,,,,,MAHARASHTRA SCOOTERS LTD,13779.0,13889.0,13606.0,13695.0,13700.0,13674.0,,13694.76,,,1547,21175422.0,564,F1,1,,,,,
2026-09-01,2026-09-01,CM,NSE,STK,2088,INE271B01025,MAHSEAMLES,EQ,,,,,MAHARASHTRA SEAMLESS LTD,653.25,664.35,644.0,649.6,650.0,663.2,,649.68,,,227231,148291418.1,14229,F1,1,,,,,
2026-09-01,2026-09-01,CM,NSE,STK,9577,INE263W01010,MAHESHWARI,BE,,,,,MAHESHWARI LOGISTICS LTD.,70.52,72.97,70.52,70.78,70.76,71.63,,70.78,,,4495,319530.1,65,F1,1,,,,,
2026-09-01,2026-09-01,CM,NSE,STK,2839,INE961Y01015,MAHICKRA,SM,,,,,MAHICKRA CHEMICAL LIMITED,273.0,299.0,270.5,286.4,275.0,297.0,,286.4,,,9750,2745712.5,12,F1,750,,,,,
2026-09-01,2026-09-01,CM,NSE,STK,2031,INE101A01026,M&M,EQ,,,,,MAHINDRA & MAHINDRA LTD,3367.0,3368.0,3223.0,3259.0,3259.0,3282.0,,3258.83,,,1887247,6198203929.4,90263,F1,1,,,,,
2026-09-01,2026-09-01,CM,NSE,STK,17603,INE215D01010,MAHEPC,EQ,,,,,MAHINDRA EPC IRRIG LTD,103.0,106.0,102.0,102.3,102.03,102.13,,102.31,,,14085,1461716.52,616,F1,1,,,,,
2026-09-01,2026-09-01,CM,NSE,STK,17333,INE998I01010,MHRIL,EQ,,,,,MAHINDRA HOLIDAYS LTD,209.7,212.09,206.81,208.31,207.83,209.65,,208.34,,,124583,26036820.44,3103,F1,1,,,,,
2026-09-01,2026-09-01,CM,NSE,STK,8050,INE813A01018,MAHLIFE,EQ,,,,,MAHINDRA LIFESPACE DEVLTD,363.9,367.05,355.0,356.95,357.0,365.65,,356.95,,,104343,37638642.0,4243,F1,1,,,,,
2026-09-01,2026-09-01,CM,NSE,STK,385,INE766P01016,MAHLOG,EQ,,,,,MAHINDRA LOGISTIC LIMITED,393.0,393.0,381.45,387.2,388.0,391.45,,387.2,,,116860,45106712.15,7069,F1,1,,,,,
2026-09-01,2026-09-01,CM,NSE,STK,24538,INE683C01011,MAITHANALL,EQ,,,,,MAITHAN ALLOYS LTD,978.85,987.25,968.0,972.75,973.3,976.5,,972.86,,,20951,20474496.05,1733,F1,1,,,,,
2026-09-01,2026-09-01,CM,NSE,STK,19809,INE0PLQ01011,MAITREYA,SM,,,,,MAITREYA MEDICARE LIMITED,120.95,126.85,119.3,120.5,120.5,118.3,,120.5,,,5200,641280.0,13,F1,400,,,,,
2026-09-01,2026-09-01,CM,NSE,STK,762780,INE201B01022,MAJESAUT,BE,,,,,MAJESTIC AUTO LTD.,355.3,359.7,350.65,357.15,356.5,355.35,,357.23,,,1948,693471.8,132,F1,1,,,,,
2026-09-01,2026-09-01,CM,NSE,STK,764773,INE987A01010,MAKERSL,EQ,,,,,MAKERS LABORATORIES LTD.,185.3,189.19,185.2,187.6,188.48,185.19,,187.57,,,3955,740320.5,104,F1,1,,,,,
2026-09-01,2026-09-01,CM,NSE,STK,11218,INE0CDK01019,MAKS,SM,,,,,MAKS ENERGY SOL INDIA LTD,13.1,13.1,13.1,13.1,13.1,13.75,,13.1,,,1500,19650.0,1,F1,1500,,,,,
2026-09-01,2026-09-01,CM,NSE,STK,7965,INE389C01015,MALLCOM,EQ,,,,,MALLCOM (INDIA) LIMITED,979.0,1030.0,970.15,1004.45,1030.0,974.0,,1004.11,,,2306,2281009.55,122,F1,1,,,,,
2026-09-01,2026-09-01,CM,NSE,STK,13352,INE383H01017,MALUPAPER,EQ,,,,,MALU PAPER MILLS LIMITED,31.63,31.98,31.15,31.94,31.94,31.68,,31.94,,,11443,360590.61,51,F1,1,,,,,
2026-09-01,2026-09-01,CM,NSE,STK,28687,INE0TO701015,MAMATA,EQ,,,,,MAMATA MACHINERY LIMITED,399.2,407.7,397.4,401.85,401.25,401.35,,401.86,,,30837,12344819.85,1350,F1,1,,,,,
2026-09-01,2026-09-01,CM,NSE,STK,7413,INE830Q01018,MANAKCOAT,EQ,,,,,MAN COAT METAL & IND LTD,122.2,122.89,118.43,120.46,122.0,122.43,,120.27,,,122266,14740754.6,1953,F1,1,,,,,
2026-09-01,2026-09-01,CM,NSE,STK,11884,INE993A01026,MANINDS,EQ,,,,,MAN INDUSTRIES (I) LTD.,756.0,770.0,737.45,762.75,765.0,752.95,,762.72,,,733833,554531509.15,26038,F1,1,,,,,
2026-09-01,2026-09-01,CM,NSE,STK,18226,INE949H01023,MANINFRA,EQ,,,,,MAN INFRA LTD,123.69,126.44,121.57,124.56,123.75,122.62,,124.55,,,8700614,1081311089.91,44195,F1,1,,,,,
2026-09-01,2026-09-01,CM,NSE,STK,7420,INE859Q01017,MANAKALUCO,EQ,,,,,MANAK ALUMINIUM CO. LTD.,37.85,39.57,37.85,38.34,38.0,38.47,,38.34,,,98394,3817661.54,1019,F1,1,,,,,
2026-09-01,2026-09-01,CM,NSE,STK,15199,INE015D01022,MANAKSIA,EQ,,,,,MANAKSIA LTD.,58.8,58.9,57.32,57.79,58.0,58.73,,57.79,,,35606,2076822.47,358,F1,1,,,,,
2026-09-01,2026-09-01,CM,NSE,STK,7463,INE824Q01011,MANAKSTEEL,EQ,,,,,MANAKSIA STEELS LTD,104.49,104.49,97.19,104.1,104.49,99.52,,104.1,,,1384941,143491643.59,4228,F1,1,,,,,
2026-09-01,2026-09-01,CM,NSE,STK,13796,INE201A01024,MANALIPETC,EQ,,,,,MANALI PETROCHEMICALS LT,84.0,88.0,82.35,84.04,84.89,81.75,,84.04,,,55587097,4782404373.38,175283,F1,1,,,,,
2026-09-01,2026-09-01,CM,NSE,STK,19061,INE522D01027,MANAPPURAM,EQ,,,,,MANAPPURAM FINANCE LTD,342.05,344.45,335.6,337.0,337.0,340.1,,337.02,,,1860620,631286602.15,22291,F1,1,,,,,
2026-09-01,2026-09-01,CM,NSE,STK,21697,INE104Y01012,MANAV,SM,,,,,MANAV INFRA PROJECTS LTD,36.1,36.1,36.1,36.1,36.1,36.0,,36.1,,,4000,144400.0,1,F1,4000,,,,,
2026-09-01,2026-09-01,CM,NSE,STK,25597,INE939X01013,MANBA,EQ,,,,,MANBA FINANCE LIMITED,129.74,131.14,129.0,129.3,130.0,129.73,,129.3,,,54288,7054914.45,609,F1,1,,,,,
2026-09-01,2026-09-01,CM,NSE,STK,765105,INE348N01042,MANBRO,EQ,,,,,MANBRO INDUSTRIES LTD.,51.0,56.65,51.0,54.16,52.76,53.68,,54.13,,,110417,5915224.98,828,F1,1,,,,,
2026-09-01,2026-09-01,CM,NSE,STK,23779,INE0R3T01013,MANDEEP,SM,,,,,MANDEEP AUTO INDUSTRIES L,18.1,18.2,18.1,18.2,18.2,18.15,,18.2,,,18000,326200.0,4,F1,2000,,,,,
2026-09-01,2026-09-01,CM,NSE,STK,24823,INE545L01039,MANCREDIT,EQ,,,,,MANGAL CREDIT N FINCORP L,240.0,241.1,228.22,230.19,228.33,242.74,,230.14,,,41225,9651737.45,1347,F1,1,,,,,
2026-09-01,2026-09-01,CM,NSE,STK,758748,INE0PKD01011,MEIL,EQ,,,,,MANGAL ELECTRICAL IND L,285.3,289.65,281.75,284.95,286.0,287.15,,284.95,,,48695,13879148.65,1187,F1,1,,,,,
2026-09-01,2026-09-01,CM,NSE,STK,19134,INE00C401011,MAL,SM,,,,,MANGALAM ALLOYS LIMITED,31.95,32.0,31.95,32.0,32.0,30.15,,32.0,,,6400,204720.0,4,F1,1600,,,,,
2026-09-01,2026-09-01,CM,NSE,STK,2106,INE347A01017,MANGLMCEM,EQ,,,,,MANGALAM CEMENT LTD,1064.8,1114.0,1064.8,1084.0,1080.3,1071.75,,1084.05,,,255628,281233798.2,9095,F1,1,,,,,
2026-09-01,2026-09-01,CM,NSE,STK,11817,INE584F01014,MANGALAM,EQ,,,,,MANGALAM DRUG & CHEM LTD,32.19,32.19,29.37,29.86,30.48,31.74,,29.87,,,51440,1554278.59,425,F1,1,,,,,
2026-09-01,2026-09-01,CM,NSE,STK,1598,INE0APB01032,MGEL,BE,,,,,MANGALAM GLOBAL ENT LTD,14.11,14.44,14.02,14.33,14.21,14.11,,14.18,,,34999,498724.91,145,F1,1,,,,,
2026-09-01,2026-09-01,CM,NSE,STK,6422,INE370D01013,MANORG,EQ,,,,,MANGALAM ORGANICS LIMITED,528.0,528.0,495.0,496.8,497.05,519.5,,496.8,,,10195,5157807.2,473,F1,1,,,,,
2026-09-01,2026-09-01,CM,NSE,STK,764783,INE829S01016,MSL,EQ,,,,,MANGALAM SEEDS LTD.,135.25,138.0,135.25,138.0,138.0,135.1,,138.0,,,21,2856.75,3,F1,1,,,,,
2026-09-01,2026-09-01,CM,NSE,STK,759169,INE0JYY01029,MWL,EQ,,,,,MANGALAM WORLDWIDE LTD,37.93,38.15,35.91,37.71,38.14,37.92,,37.71,,,569601,21275440.47,2640,F1,1,,,,,
2026-09-01,2026-09-01,CM,NSE,STK,764357,INE459N01021,MANIPALHOS,EQ,,,,,MANIPAL HEALTH ENTERPRI L,766.0,779.95,737.6,746.9,748.0,762.8,,746.85,,,842785,637630781.5,31185,F1,1,,,,,
2026-09-01,2026-09-01,CM,NSE,STK,15380,INE634S01028,MANKIND,EQ,,,,,MANKIND PHARMA LIMITED,2381.4,2381.4,2350.0,2356.5,2356.5,2419.2,,2356.57,,,282979,667067767.6,22548,F1,1,,,,,
2026-09-01,2026-09-01,CM,NSE,STK,19015,INE0KNT01012,MVGJL,EQ,,,,,MANOJ VAIBHAV GEM N JEW L,152.9,174.85,152.15,162.37,161.0,151.03,,162.38,,,648496,106806783.67,9750,F1,1,,,,,
2026-09-01,2026-09-01,CM,NSE,STK,13753,INE784W01015,MANOMAY,EQ,,,,,MANOMAY TEX INDIA LTD,224.32,226.67,219.89,223.64,223.0,223.09,,223.63,,,122746,27418172.91,2554,F1,1,,,,,
2026-09-01,2026-09-01,CM,NSE,STK,10227,INE00VM01036,MANORAMA,EQ,,,,,MANORAMA INDUSTRIES LTD,1881.5,1893.8,1823.2,1834.0,1830.0,1890.8,,1833.97,,,222304,411667623.5,19270,F1,1,,,,,
2026-09-01,2026-09-01,CM,NSE,STK,13575,INE867A01022,MANUGRAPH,BE,,,,,MANUGRAPH INDIA LIMITED,14.7,15.25,14.51,14.54,14.94,14.89,,14.54,,,12744,186836.43,27,F1,1,,,,,
2026-09-01,2026-09-01,CM,NSE,STK,2112,INE882A01013,MARALOVER,EQ,,,,,MARAL OVERSEAS LTD,54.05,56.0,54.05,54.44,55.49,54.5,,54.44,,,8883,487895.08,109,F1,1,,,,,
2026-09-01,2026-09-01,CM,NSE,STK,18659,INE182D01020,MARATHON,EQ,,,,,MARATHON NXTGEN REALT LTD,413.6,439.4,410.1,434.5,433.0,413.05,,434.5,,,344099,147342746.35,10638,F1,1,,,,,
2026-09-01,2026-09-01,CM,NSE,STK,760453,INE0TD401015,MARC,SM,,,,,MARC TECHNOCRATS LIMITED,144.0,149.8,144.0,148.6,148.95,147.0,,148.6,,,14400,2125200.0,12,F1,1200,,,,,
2026-09-01,2026-09-01,CM,NSE,STK,18773,INE0QP001012,MARCO,SM,,,,,MARCO CABLE & CONDUCTOR L,33.85,36.9,33.85,36.8,36.8,34.0,,36.8,,,18000,642975.0,11,F1,1500,,,,,
2026-09-01,2026-09-01,CM,NSE,STK,4067,INE196A01026,MARICO,EQ,,,,,MARICO LIMITED,823.15,840.05,823.15,838.1,838.1,820.0,,838.1,,,3684805,3079350787.35,50642,F1,1,,,,,
2026-09-01,2026-09-01,CM,NSE,STK,1328,INE01JE01028,MARINE,EQ,,,,,MARINE ELECTRICAL (I) LTD,403.0,435.0,400.0,432.6,430.1,400.85,,432.6,,,3913786,1665908859.15,71936,F1,1,,,,,
2026-09-01,2026-09-01,CM,NSE,STK,760204,INE0FW001016,MARKOLINES,EQ,,,,,MARKOLINES PAVEMENT TEC L,174.89,178.75,172.11,173.96,174.0,173.76,,173.96,,,384632,67593080.9,3100,F1,1,,,,,
2026-09-01,2026-09-01,CM,NSE,STK,10579,INE750C01026,MARKSANS,EQ,,,,,MARKSANS PHARMA LIMITED,322.9,324.7,315.5,322.4,322.35,321.6,,322.4,,,1408843,450712686.25,24869,F1,1,,,,,
2026-09-01,2026-09-01,CM,NSE,STK,761386,INE415B01044,MARSONS,EQ,,,,,MARSONS LIMITED,130.38,131.19,122.01,123.99,123.49,130.26,,123.99,,,5620598,710086117.96,27600,F1,1,,,,,
2026-09-01,2026-09-01,CM,NSE,STK,761042,INE0X7G01013,MARUSHIKA,SM,,,,,MARUSHIKA TECHNOLOGY LTD,110.0,110.0,110.0,110.0,110.0,112.65,,110.0,,,1200,132000.0,1,F1,1200,,,,,
2026-09-01,2026-09-01,CM,NSE,STK,10999,INE585B01010,MARUTI,EQ,,,,,MARUTI SUZUKI INDIA LTD.,13540.0,13540.0,12851.0,12950.0,12950.0,13547.0,,12947.34,,,915975,11940179811.0,139177,F1,1,,,,,
2026-09-01,2026-09-01,CM,NSE,STK,199,INE348L01012,MASFIN,EQ,,,,,MAS FINANCIAL SERV LTD,306.6,310.2,299.85,304.5,305.9,304.55,,304.51,,,189847,57653288.25,9734,F1,1,,,,,
2026-09-01,2026-09-01,CM,NSE,STK,18727,INE885F01015,MASKINVEST,EQ,,,,,MASK INVESTMENTS LIMITED,159.0,159.0,146.0,146.0,146.0,152.24,,146.0,,,26,3884.84,4,F1,1,,,,,
2026-09-01,2026-09-01,CM,NSE,STK,24278,INE0SH001010,MASON,SM,,,,,MASON INFRATECH LIMITED,117.05,120.0,116.7,116.9,116.7,117.65,,116.9,,,222000,26522550.0,22,F1,500,,,,,
2026-09-01,2026-09-01,CM,NSE,STK,2124,INE759A01021,MASTEK,EQ,,,,,MASTEK LTD,1748.4,1815.0,1734.5,1802.0,1808.0,1748.4,,1801.91,,,322978,577752164.1,28916,F1,1,,,,,
2026-09-01,2026-09-01,CM,NSE,STK,27047,INE677D01037,MASTERTR,EQ,,,,,MASTER TRUST LIMITED,82.88,83.0,81.02,81.58,81.99,82.27,,81.58,,,159248,13065041.82,977,F1,1,,,,,
2026-09-01,2026-09-01,CM,NSE,STK,21726,INE866R01028,MATRIMONY,EQ,,,,,MATRIMONY.COM LIMITED,518.7,526.85,510.4,519.0,516.25,518.7,,519.0,,,24622,12780769.5,1551,F1,1,,,,,
2026-09-01,2026-09-01,CM,NSE,STK,759945,INE132901013,MGSL,SM,,,,,MATRIX GEO SOLUTIONS LTD,82.0,82.9,71.5,73.0,73.95,81.0,,73.0,,,30000,2248920.0,18,F1,1200,,,,,
2026-09-01,2026-09-01,CM,NSE,STK,17022,INE636A01039,MAWANASUG,EQ,,,,,MAWANA SUGARS LIMITED,149.12,149.98,141.0,142.31,142.02,149.1,,142.31,,,239287,34746961.19,4061,F1,1,,,,,
2026-09-01,2026-09-01,CM,NSE,STK,19646,INE03EI01018,MAXESTATES,EQ,,,,,MAX ESTATES LIMITED,516.0,519.45,494.0,503.0,501.3,512.5,,502.93,,,188064,95052416.65,7456,F1,1,,,,,
2026-09-01,2026-09-01,CM,NSE,STK,2142,INE180A01020,MFSL,EQ,,,,,MAX FINANCIAL SERV LTD,1558.8,1561.1,1525.0,1534.7,1534.7,1573.1,,1534.7,,,302535,465631177.3,17549,F1,1,,,,,
2026-09-01,2026-09-01,CM,NSE,STK,22377,INE027H01010,MAXHEALTH,EQ,,,,,MAX HEALTHCARE INS LTD,1022.0,1022.0,1000.2,1003.0,1003.0,1042.1,,1003.02,,,2829311,2853535034.8,33678,F1,1,,,,,
2026-09-01,2026-09-01,CM,NSE,STK,22428,INE0CG601016,MAXIND,EQ,,,,,MAX INDIA LIMITED,149.9,150.81,147.73,148.97,148.53,150.79,,148.96,,,28568,4266078.26,807,F1,1,,,,,
2026-09-01,2026-09-01,CM,NSE,STK,21691,INE0ECC01022,MAXPOSURE,SM,,,,,MAXPOSURE LIMITED,29.9,29.9,29.0,29.15,29.0,31.4,,29.15,,,8000,234850.0,8,F1,1000,,,,,
2026-09-01,2026-09-01,CM,NSE,STK,29645,INE10A501018,MAXVOLT,SM,,,,,MAXVOLT ENERGY INDUS L,345.0,345.0,337.0,341.6,341.55,348.8,,341.6,,,39200,13374720.0,61,F1,400,,,,,
2026-09-01,2026-09-01,CM,NSE,STK,28906,INE040D01038,MAYURUNIQ,EQ,,,,,MAYUR UNIQUOTERS LTD,754.0,778.4,732.6,742.2,736.05,749.85,,742.26,,,182241,137645671.8,11434,F1,1,,,,,
2026-09-01,2026-09-01,CM,NSE,STK,509,INE249Z01020,MAZDOCK,EQ,,,,,MAZAGON DOCK SHIPBUIL LTD,2481.0,2502.2,2453.3,2485.0,2485.0,2480.0,,2484.73,,,472178,1170400109.4,25693,F1,1,,,,,
2026-09-01,2026-09-01,CM,NSE,STK,18870,INE885E01042,MAZDA,BE,,,,,MAZDA LIMITED,256.7,256.7,246.1,249.4,247.75,251.82,,249.4,,,17181,4281840.6,163,F1,1,,,,,
2026-09-01,2026-09-01,CM,NSE,STK,18029,INE912H01013,MBLINFRA,EQ,,,,,MBL INFRASTRUCTURE LTD,23.29,23.8,22.5,22.84,22.98,22.82,,22.86,,,16481,380843.27,55,F1,1,,,,,
2026-09-01,2026-09-01,CM,NSE,STK,11943,INE942G01012,MCLEODRUSS,EQ,,,,,MCLEOD RUSSEL INDIA LTD.,49.55,50.99,48.31,48.57,48.4,49.55,,48.56,,,172303,8460838.04,1112,F1,1,,,,,
2026-09-01,2026-09-01,CM,NSE,STK,13687,INE748A01024,MBECL,BE,,,,,MCNALLY BHARAT ENGIN CO L,213.0,223.65,213.0,223.65,223.65,10.0,,223.62,,,7359,1645041.6,255,F1,1,,,,,
2026-09-01,2026-09-01,CM,NSE,STK,14574,INE0O4M01019,MCON,SM,,,,,MCON RASAYAN INDIA LTD,46.2,48.0,44.0,44.0,44.0,46.2,,44.0,,,15000,693400.0,12,F1,1000,,,,,
2026-09-01,2026-09-01,CM,NSE,STK,21705,INE456Z01021,MEDIASSIST,EQ,,,,,MEDI ASSIST HEALTH SER L,329.2,341.8,328.0,338.05,335.5,329.2,,338.05,,,160988,54149137.3,6017,F1,1,,,,,
2026-09-01,2026-09-01,CM,NSE,STK,765110,INE442D01010,MEDICAPQ,EQ,,,,,MEDI CAPS LTD.,26.06,27.0,25.21,26.99,26.99,26.49,,26.99,,,1869,49101.58,61,F1,1,,,,,
2026-09-01,2026-09-01,CM,NSE,STK,762802,INE200D01020,MMWL,EQ,,,,,MEDIA MATRIX WORLDWIDE L,14.72,14.73,14.07,14.14,14.07,14.59,,14.14,,,15297,218058.22,170,F1,1,,,,,
2026-09-01,2026-09-01,CM,NSE,STK,6278,INE646B01010,MEDICAMEQ,EQ,,,,,MEDICAMEN BIOTECH LIMITED,263.9,279.0,259.05,267.4,266.0,261.47,,267.44,,,141373,38284297.0,5244,F1,1,,,,,
2026-09-01,2026-09-01,CM,NSE,STK,9667,INE630Y01024,MEDICO,EQ,,,,,MEDICO REMEDIES LIMITED,42.6,42.7,36.9,38.91,39.0,42.35,,38.91,,,1017335,40142558.47,9350,F1,1,,,,,
2026-09-01,2026-09-01,CM,NSE,STK,758423,INE0UOY01019,MEDISTEP,SM,,,,,MEDISTEP HEALTHCARE LTD,22.95,22.95,20.4,21.0,21.25,20.55,,21.0,,,42000,909150.0,13,F1,3000,,,,,
2026-09-01,2026-09-01,CM,NSE,STK,7254,INE804L01022,MEDPLUS,EQ,,,,,MEDPLUS HEALTH SERV LTD,672.25,680.3,661.6,673.05,674.0,672.25,,673.06,,,74772,50009982.4,6689,F1,1,,,,,
2026-09-01,2026-09-01,CM,NSE,STK,760229,INE0VDM01015,MEESHO,EQ,,,,,MEESHO LIMITED,206.0,209.53,201.51,205.15,205.42,205.39,,205.16,,,14086890,2893456008.17,76002,F1,1,,,,,
2026-09-01,2026-09-01,CM,NSE,STK,10971,INE0G1D01014,MEGAFLEX,SM,,,,,MEGA FLEX PLASTICS LTD,95.0,95.0,95.0,95.0,95.0,95.0,,95.0,,,2000,190000.0,2,F1,1000,,,,,
2026-09-01,2026-09-01,CM,NSE,STK,8153,INE00EM01016,MEGASTAR,EQ,,,,,MEGASTAR FOODS LIMITED,305.7,317.9,305.7,309.9,308.45,307.2,,309.9,,,2054,640487.0,123,F1,1,,,,,
2026-09-01,2026-09-01,CM,NSE,STK,22560,INE531R01010,MEGATHERM,SM,,,,,MEGATHERM INDUCTION LTD,208.0,219.85,205.0,216.35,215.05,214.55,,216.35,,,15200,3219220.0,32,F1,400,,,,,
2026-09-01,2026-09-01,CM,NSE,STK,5394,INE0CT101020,MOL,EQ,,,,,MEGHMANI ORGANICS LIMITED,65.4,67.3,63.2,64.85,65.32,63.94,,64.85,,,3734572,244853133.32,24339,F1,1,,,,,
2026-09-01,2026-09-01,CM,NSE,STK,764778,INE898Q01015,MIIL,EQ,,,,,MEGHNA INFRACON INFRA L,723.0,725.0,714.1,722.85,725.0,706.35,,722.71,,,70807,50946135.8,1051,F1,1,,,,,
2026-09-01,2026-09-01,CM,NSE,STK,6971,INE071D01033,MENONBE,BE,,,,,MENON BEARINGS LIMITED,286.9,301.4,278.55,301.4,301.4,287.01,,301.4,,,175931,52735097.45,1097,F1,1,,,,,
2026-09-01,2026-09-01,CM,NSE,STK,762787,INE650G01029,MENNPIS,EQ,,,,,MENON PISTONS LTD.,72.99,75.5,71.31,74.3,74.5,71.59,,74.31,,,83317,6159718.77,1740,F1,1,,,,,
2026-09-01,2026-09-01,CM,NSE,STK,25882,INE776I01010,MEP,BZ,,,,,MEP INFRA. DEVELOPERS LTD,0.74,0.74,0.74,0.74,0.74,0.73,,0.74,,,140317,103834.58,26,F1,1,,,,,
2026-09-01,2026-09-01,CM,NSE,STK,762792,INE689O01013,MERCANTILE,EQ,,,,,MERCANTILE VENTURES LTD.,25.2,26.4,22.25,25.32,25.98,24.99,,25.32,,,105260,2557258.96,278,F1,1,,,,,
2026-09-01,2026-09-01,CM,NSE,STK,763663,INE763M01028,MERCURYEV,EQ,,,,,MERCURY EV-TECH LIMITED,37.98,39.87,35.36,37.64,37.65,38.96,,37.59,,,291206,11042863.59,1431,F1,1,,,,,
2026-09-01,2026-09-01,CM,NSE,STK,764278,INE1II801013,METALIC,ST,,,,,METALIC TECHNOFORGE LTD,140.0,143.8,135.3,139.25,140.8,137.65,,139.25,,,137600,19210000.0,72,F1,1600,,,,,
2026-09-01,2026-09-01,CM,NSE,STK,7242,INE317I01021,METROBRAND,EQ,,,,,METRO BRANDS LIMITED,919.6,924.9,910.0,917.95,920.0,919.6,,917.95,,,20767,19062651.8,3797,F1,1,,,,,
2026-09-01,2026-09-01,CM,NSE,STK,762797,INE085D01033,METROGLOBL,EQ,,,,,METROGLOBAL LTD.,137.35,143.0,135.0,139.85,142.99,138.04,,139.72,,,1677,233599.66,64,F1,1,,,,,
2026-09-01,2026-09-01,CM,NSE,STK,9581,INE112L01020,METROPOLIS,EQ,,,,,METROPOLIS HEALTHCARE LTD,582.0,586.0,571.2,582.25,585.0,582.35,,582.41,,,376476,219212550.4,10846,F1,1,,,,,
2026-09-01,2026-09-01,CM,NSE,STK,7165,INE287C01037,MICEL,BE,,,,,MIC ELECTRONICS LTD,39.02,39.02,39.02,39.02,39.02,39.81,,38.85,,,35716,1393638.32,280,F1,1,,,,,
2026-09-01,2026-09-01,CM,NSE,STK,759517,INE0XAD01024,MIDWESTLTD,EQ,,,,,MIDWEST LIMITED,1125.0,1125.9,1043.4,1058.3,1054.0,1096.8,,1058.43,,,56649,60268364.1,5467,F1,1,,,,,
2026-09-01,2026-09-01,CM,NSE,STK,765125,INE588G01021,MLKFOOD,EQ,,,,,MILKFOOD LTD.,84.01,87.97,82.21,83.88,83.99,86.71,,83.81,,,2773,234027.79,98,F1,1,,,,,
2026-09-01,2026-09-01,CM,NSE,STK,765272,INE00IT01020,MILKYMIST,EQ,,,,,MILKY MIST DAIRY FOOD L,230.79,232.03,221.92,232.03,232.03,210.94,,232.03,,,23925717,5431969136.58,139316,F1,1,,,,,
2026-09-01,2026-09-01,CM,NSE,STK,159,INE376Y01016,MILTON,SM,,,,,MILTON INDUSTRIES LIMITED,39.9,39.9,36.1,36.5,36.5,38.0,,36.5,,,627000,22740410.0,22,F1,2200,,,,,
2026-09-01,2026-09-01,CM,NSE,STK,765118,INE097E01028,MINALIND,BE,,,,,MINAL INDUSTRIES LTD.,4.63,4.63,4.63,4.63,4.63,4.41,,4.63,,,49850,230805.5,65,F1,1,,,,,
2026-09-01,2026-09-01,CM,NSE,STK,25897,INE842C01021,MINDACORP,EQ,,,,,MINDA CORPORATION LTD,712.7,719.85,703.0,712.4,715.0,712.55,,712.43,,,204299,145546353.75,11345,F1,1,,,,,
2026-09-01,2026-09-01,CM,NSE,STK,22308,INE0CCU25019,MINDSPACE,RR,,,,,MINDSPACE BUSINESS P REIT,496.97,500.0,495.85,497.95,498.0,495.85,,497.96,,,407412,202947622.8,8807,F1,1,,,,,
2026-09-01,2026-09-01,CM,NSE,STK,18049,INE110B01017,MINDTECK,EQ,,,,,MINDTECK (INDIA) LIMITED,177.56,177.56,170.71,171.84,171.8,173.36,,171.86,,,23631,4075168.53,535,F1,1,,,,,
2026-09-01,2026-09-01,CM,NSE,STK,19640,INF769K01KU7,ALPHAETF,EQ,,,,,MIRAEAMC - ALPHAETF,26.98,27.0,26.44,26.53,26.57,26.93,,26.53,,,433145,11529629.2,1229,F1,1,,,,,
2026-09-01,2026-09-01,CM,NSE,STK,17419,INF769K01KR3,BANKETF,EQ,,,,,MIRAEAMC - BANKETF,586.46,588.51,583.19,584.26,583.49,587.7,,584.26,,,11328,6627375.04,425,F1,1,,,,,
2026-09-01,2026-09-01,CM,NSE,STK,25725,INF769K01LZ4,BANKPSU,EQ,,,,,MIRAEAMC - BANKPSU,86.0,86.51,85.5,85.72,85.7,86.25,,85.73,,,72011,6214132.1,101,F1,1,,,,,
2026-09-01,2026-09-01,CM,NSE,STK,28969,INF769K01NS5,CONSUMER,EQ,,,,,MIRAEAMC - CONSUMER,12.42,12.42,12.05,12.08,12.11,12.21,,12.08,,,269411,3262910.41,485,F1,1,,,,,
2026-09-01,2026-09-01,CM,NSE,STK,761046,INF769K01QC2,DEFENCE,EQ,,,,,MIRAEAMC - DEFENCE,82.35,82.35,80.36,80.77,80.79,81.55,,80.77,,,289945,23456153.41,878,F1,1,,,,,
2026-09-01,2026-09-01,CM,NSE,STK,760412,INF769K01PY8,DIVIDEND,EQ,,,,,MIRAEAMC - DIVIDEND,35.76,35.79,35.55,35.55,35.55,35.48,,35.6,,,2157,76854.61,38,F1,1,,,,,
2026-09-01,2026-09-01,CM,NSE,STK,759780,INF769K01PR2,ENERGY,EQ,,,,,MIRAEAMC - ENERGY,38.96,38.96,37.9,37.94,37.91,38.0,,37.95,,,1399237,53171238.0,1701,F1,1,,,,,
2026-09-01,2026-09-01,CM,NSE,STK,30121,INF769K01OA1,EQUAL200,EQ,,,,,MIRAEAMC - EQUAL200,13.9,13.93,13.81,13.83,13.83,13.91,,13.83,,,8664,120078.67,63,F1,1,,,,,
2026-09-01,2026-09-01,CM,NSE,STK,757142,INF769K01OO2,EQUAL50,EQ,,,,,MIRAEAMC - EQUAL50,332.25,333.3,330.87,331.69,331.69,332.91,,331.69,,,5190,1723492.9,36,F1,1,,,,,
2026-09-01,2026-09-01,CM,NSE,STK,24461,INF769K01LQ3,EVINDIA,EQ,,,,,MIRAEAMC - EVINDIA,34.14,34.24,32.95,33.15,33.2,33.47,,33.15,,,401981,13350400.79,2257,F1,1,,,,,
2026-09-01,2026-09-01,CM,NSE,STK,760986,INF769K01QA6,HEALTHCARE,EQ,,,,,MIRAEAMC - HEALTHCARE,22.38,22.38,21.65,21.69,21.72,21.73,,21.68,,,51174,1112478.19,218,F1,1,,,,,
2026-09-01,2026-09-01,CM,NSE,STK,764333,INF769K01RJ5,HYBRIDETF,EQ,,,,,MIRAEAMC - HYBRIDETF,10.16,10.16,10.05,10.05,10.05,10.11,,10.05,,,23371,235353.73,80,F1,1,,,,,
2026-09-01,2026-09-01,CM,NSE,STK,761030,INF769K01QB4,INFRA,EQ,,,,,MIRAEAMC - INFRA,12.1,12.1,11.91,11.93,11.94,12.03,,11.93,,,33103,395941.7,283,F1,1,,,,,
2026-09-01,2026-09-01,CM,NSE,STK,758595,INF769K01PB6,INTERNET,EQ,,,,,MIRAEAMC - INTERNET,15.0,15.0,14.51,14.55,14.54,14.63,,14.55,,,258856,3790490.19,274,F1,1,,,,,
2026-09-01,2026-09-01,CM,NSE,STK,19633,INF769K01KV5,ITETF,EQ,,,,,MIRAEAMC - ITETF,32.9,33.41,32.71,33.21,33.36,32.74,,33.21,,,457094,15161020.94,730,F1,1,,,,,
2026-09-01,2026-09-01,CM,NSE,STK,765313,INF769K01RK3,LARGEMID50,EQ,,,,,MIRAEAMC - LARGEMID50,36.74,36.78,36.45,36.52,36.53,36.74,,36.52,,,2132,77819.01,16,F1,1,,,,,
2026-09-01,2026-09-01,CM,NSE,STK,17572,INF769K01KS1,LIQUID,EQ,,,,,MIRAEAMC - LIQUID,999.99,1000.0,999.99,999.99,1000.0,999.99,,999.99,,,154174,154173024.51,226,F1,1,,,,,
2026-09-01,2026-09-01,CM,NSE,STK,27075,INF769K01MY5,LIQUIDPLUS,EQ,,,,,MIRAEAMC - LIQUIDPLUS,1101.22,1101.38,1101.22,1101.37,1101.36,1101.23,,1101.37,,,476688,525012178.96,364,F1,1,,,,,
2026-09-01,2026-09-01,CM,NSE,STK,1200,INF769K01GS9,ESG,EQ,,,,,MIRAEAMC - MAESGETF,41.21,41.41,41.03,41.03,41.14,41.24,,41.03,,,52087,2145040.15,86,F1,1,,,,,
2026-09-01,2026-09-01,CM,NSE,STK,3507,INF769K01HF4,MAFANG,EQ,,,,,MIRAEAMC - MAFANG,211.56,211.56,210.33,211.05,211.0,209.95,,211.01,,,649909,137442762.65,11456,F1,1,,,,,
2026-09-01,2026-09-01,CM,NSE,STK,5220,INF769K01HI8,BFSI,EQ,,,,,MIRAEAMC - MAFSETF,27.24,27.24,26.94,26.99,27.03,27.22,,26.99,,,146614,3972368.5,895,F1,1,,,,,
2026-09-01,2026-09-01,CM,NSE,STK,14286,INF769K01JP9,GOLDETF,EQ,,,,,MIRAEAMC - MAGOLDETF,153.93,153.93,147.35,147.58,147.65,150.18,,147.58,,,1368789,203181777.29,10433,F1,1,,,,,
2026-09-01,2026-09-01,CM,NSE,STK,14938,INF769K01KF8,GSEC10YEAR,EQ,,,,,MIRAEAMC - MAGS813ETF,30.55,30.55,30.39,30.51,30.51,30.55,,30.52,,,883,26844.79,22,F1,1,,,,,
2026-09-01,2026-09-01,CM,NSE,STK,7074,INF769K01HS7,MAHKTECH,EQ,,,,,MIRAEAMC - MAHKTECH,22.63,22.63,22.05,22.52,22.59,22.72,,22.52,,,606162,13638862.69,5459,F1,1,,,,,
2026-09-01,2026-09-01,CM,NSE,STK,8413,INF769K01IC9,MIDCAPETF,EQ,,,,,MIRAEAMC - MAM150ETF,23.92,24.02,23.7,23.75,23.75,23.92,,23.75,,,2925543,69685982.58,7165,F1,1,,,,,
2026-09-01,2026-09-01,CM,NSE,STK,7979,INF769K01IB1,MAKEINDIA,EQ,,,,,MIRAEAMC - MAMFGETF,169.98,169.98,166.11,166.46,166.34,167.62,,166.47,,,22257,3719756.89,474,F1,1,,,,,
2026-09-01,2026-09-01,CM,NSE,STK,6353,INF769K01EG9,NIFTYETF,EQ,,,,,MIRAEAMC - MAN50ETF,260.11,264.55,260.11,260.72,261.89,261.92,,260.72,,,193330,50449438.28,1150,F1,1,,,,,
2026-09-01,2026-09-01,CM,NSE,STK,14786,INF769K01JU9,LOWVOL,EQ,,,,,MIRAEAMC - MANV30F,207.57,207.77,206.33,207.13,207.13,207.57,,207.13,,,423,87609.3,21,F1,1,,,,,
2026-09-01,2026-09-01,CM,NSE,STK,17181,INF769K01FN2,NEXT50,EQ,,,,,MIRAEAMC - MANXT50,761.57,761.57,750.5,752.66,752.79,757.85,,752.64,,,27850,21015954.27,2184,F1,1,,,,,
2026-09-01,2026-09-01,CM,NSE,STK,16777,INF769K01KG6,SILVERAG,EQ,,,,,MIRAEAMC - MASILVER,227.78,227.96,220.83,221.73,221.1,227.11,,221.77,,,296936,66398642.59,3406,F1,1,,,,,
2026-09-01,2026-09-01,CM,NSE,STK,5782,INF769K01HP3,MASPTOP50,EQ,,,,,MIRAEAMC - MASPTOP50,80.49,80.49,80.45,80.48,80.48,80.52,,80.48,,,200386,16128884.83,3476,F1,1,,,,,
2026-09-01,2026-09-01,CM,NSE,STK,25744,INF769K01LY7,METAL,EQ,,,,,MIRAEAMC - METAL,13.69,13.69,13.26,13.29,13.3,13.36,,13.29,,,1455364,19440196.35,4225,F1,1,,,,,
2026-09-01,2026-09-01,CM,NSE,STK,23855,INF769K01LJ8,MIDSMALL,EQ,,,,,MIRAEAMC - MIDSMALL,52.82,52.82,52.0,52.16,52.19,52.41,,52.16,,,320580,16749135.68,1090,F1,1,,,,,
2026-09-01,2026-09-01,CM,NSE,STK,764198,INF769K01RC0,MOMMIDCAP,EQ,,,,,MIRAEAMC - MOMMIDCAP,13.21,13.21,12.99,13.02,13.03,13.17,,13.02,,,2222679,29014468.0,780,F1,1,,,,,
2026-09-01,2026-09-01,CM,NSE,STK,25080,INF769K01LX9,MULTICAP,EQ,,,,,MIRAEAMC - MULTICAP,16.88,16.88,16.7,16.75,16.77,16.8,,16.75,,,112844,1894127.05,528,F1,1,,,,,
2026-09-01,2026-09-01,CM,NSE,STK,30109,INF769K01ON4,SELECTIPO,EQ,,,,,MIRAEAMC - SELECTIPO,49.01,49.01,48.48,48.64,48.55,48.9,,48.64,,,115293,5630210.05,155,F1,1,,,,,
2026-09-01,2026-09-01,CM,NSE,STK,19224,INF769K01KT9,SENSEXETF,EQ,,,,,MIRAEAMC - SENSEXETF,79.5,79.76,79.18,79.35,79.37,79.43,,79.35,,,25541,2027993.13,204,F1,1,,,,,
2026-09-01,2026-09-01,CM,NSE,STK,759814,INF769K01PQ4,SMALL250,EQ,,,,,MIRAEAMC - SMALL250,17.97,18.85,17.97,18.44,18.45,18.44,,18.44,,,252304,4646177.07,785,F1,1,,,,,
2026-09-01,2026-09-01,CM,NSE,STK,22832,INF769K01LC3,SMALLCAP,EQ,,,,,MIRAEAMC - SMALLCAP,49.14,49.14,48.59,48.9,48.94,48.99,,48.9,,,869020,42476153.53,3651,F1,1,,,,,
2026-09-01,2026-09-01,CM,NSE,STK,760415,INF769K01PZ5,TOP20,EQ,,,,,MIRAEAMC - TOP20,8.98,9.0,8.92,8.93,8.92,8.95,,8.92,,,14475,129611.23,110,F1,1,,,,,
2026-09-01,2026-09-01,CM,NSE,STK,761511,INF769K01QV2,VALUE,EQ,,,,,MIRAEAMC - VALUE,16.07,16.11,15.97,15.99,16.0,16.1,,15.99,,,44698,717449.15,113,F1,1,,,,,
2026-09-01,2026-09-01,CM,NSE,STK,4394,INE771A01026,MIRZAINT,EQ,,,,,MIRZA INTERNATIONAL LIMIT,31.7,32.39,31.06,31.29,31.12,31.64,,31.29,,,70850,2236611.74,1181,F1,1,,,,,
2026-09-01,2026-09-01,CM,NSE,STK,2463,INE099Z01011,MIDHANI,EQ,,,,,MISHRA DHATU NIGAM LTD,412.0,426.9,410.4,417.45,420.0,414.15,,417.44,,,995867,418142043.2,18839,F1,1,,,,,
2026-09-01,2026-09-01,CM,NSE,STK,8475,INE828O01033,MITCON,BE,,,,,MITCON CON & ENG SER LTD,78.4,79.2,77.0,79.2,79.2,78.74,,79.2,,,1612,126214.86,24,F1,1,,,,,
2026-09-01,2026-09-01,CM,NSE,STK,18562,INE997Y01027,MITTAL,EQ,,,,,MITTAL LIFE STYLE LIMITED,0.83,0.84,0.81,0.81,0.81,0.82,,0.81,,,741027,609334.82,327,F1,1,,,,,
2026-09-01,2026-09-01,CM,NSE,STK,13844,INE227C01017,MMFL,EQ,,,,,MM FORGINGS LTD,648.0,666.5,640.4,657.45,656.95,650.1,,657.25,,,137691,90367672.65,7969,F1,1,,,,,
2026-09-01,2026-09-01,CM,NSE,STK,16395,INE511Y01018,MMP,EQ,,,,,MMP INDUSTRIES LIMITED,385.0,393.45,366.6,383.25,382.0,393.45,,383.25,,,220762,84309161.35,5861,F1,1,,,,,
2026-09-01,2026-09-01,CM,NSE,STK,17957,INE123F01029,MMTC,EQ,,,,,MMTC LIMITED,62.25,63.25,62.0,62.32,62.29,62.35,,62.32,,,1373089,85904046.66,9351,F1,1,,,,,
2026-09-01,2026-09-01,CM,NSE,STK,760196,INE1YNB01019,MOBILISE,SM,,,,,MOBILISE APP LAB LIMITED,119.7,119.7,119.7,119.7,119.7,115.75,,119.7,,,1600,191520.0,1,F1,1600,,,,,
2026-09-01,2026-09-01,CM,NSE,STK,2241,INE794W01014,MODTHREAD,EQ,,,,,MODERN THREADS INDIA LTD,53.58,53.9,51.26,51.54,51.5,53.58,,51.54,,,5750,299244.97,121,F1,1,,,,,
2026-09-01,2026-09-01,CM,NSE,STK,760277,INE537F01012,MODINATUR,EQ,,,,,MODI NATURALS LIMITED,344.7,347.0,331.3,338.8,331.3,343.7,,338.79,,,13949,4781796.65,984,F1,1,,,,,
2026-09-01,2026-09-01,CM,NSE,STK,2229,INE832A01018,MODIRUBBER,EQ,,,,,MODI RUBBER LTD,132.0,133.0,127.01,128.29,127.53,129.55,,128.29,,,2198,283345.98,83,F1,1,,,,,
2026-09-01,2026-09-01,CM,NSE,STK,759752,INE0L0L01012,MODIS,EQ,,,,,MODIS NAVNIRMAN LTD,378.0,382.45,375.0,377.95,377.8,379.7,,377.9,,,24401,9205293.95,911,F1,1,,,,,
2026-09-01,2026-09-01,CM,NSE,STK,3316,INE737D01021,MODISONLTD,EQ,,,,,MODISON LIMITED,485.0,499.45,466.15,499.45,499.45,454.05,,499.38,,,766487,379087918.6,6757,F1,1,,,,,
2026-09-01,2026-09-01,CM,NSE,STK,1426,INE450S01011,MHHL,SM,,,,,MOHINI HEALTH&HYGIENE LTD,31.55,31.55,31.3,31.3,31.3,31.5,,31.3,,,4500,141525.0,3,F1,1500,,,,,
2026-09-01,2026-09-01,CM,NSE,STK,29423,INE954E01012,MOHITIND,EQ,,,,,MOHIT INDUSTRIES LTD,25.0,25.75,24.2,24.28,24.7,24.08,,24.28,,,7595,188111.18,87,F1,1,,,,,
2026-09-01,2026-09-01,CM,NSE,STK,765130,INE154B01023,MOHITE,EQ,,,,,MOHITE INDUSTRIES LTD.,3.24,3.3,3.0,3.13,3.09,3.24,,3.13,,,167572,525049.67,279,F1,1,,,,,
2026-09-01,2026-09-01,CM,NSE,STK,20830,INE490G01020,MOIL,EQ,,,,,MOIL LIMITED,249.8,256.2,249.01,250.43,250.5,247.8,,250.45,,,916549,231850908.44,16156,F1,1,,,,,
2026-09-01,2026-09-01,CM,NSE,STK,3586,INE514Y01020,MOKSH,EQ,,,,,MOKSH ORNAMENTS LIMITED,10.54,10.94,10.4,10.46,10.42,10.48,,10.46,,,71850,757221.72,292,F1,1,,,,,
2026-09-01,2026-09-01,CM,NSE,STK,764548,INE869T01028,MOLBIO,EQ,,,,,MOLBIO DIAGNOSTICS LTD,1072.3,1089.2,1035.2,1053.3,1052.0,1086.3,,1053.29,,,476294,505273112.4,22457,F1,1,,,,,
2026-09-01,2026-09-01,CM,NSE,STK,6713,INE893J01029,MOLDTKPAC,EQ,,,,,MOLD-TEK PACKAGING LTD,714.75,714.75,688.5,699.95,700.0,709.25,,699.91,,,67408,47599625.05,4619,F1,1,,,,,
2026-09-01,2026-09-01,CM,NSE,STK,17629,INE835B01035,MOLDTECH,BE,,,,,MOLD-TEK TECHNOLOGIES LTD,196.0,197.8,186.2,192.76,194.5,195.98,,194.72,,,45383,8797331.92,532,F1,1,,,,,
2026-09-01,2026-09-01,CM,NSE,STK,7679,INE903D01011,MONARCH,EQ,,,,,MONARCH NETWORTH CAP LTD,380.0,380.0,371.1,374.6,372.0,380.6,,374.6,,,51188,19145032.15,1191,F1,1,,,,,
2026-09-01,2026-09-01,CM,NSE,STK,759381,INE296Q01012,MONEYBOXX,EQ,,,,,MONEYBOXX FINANCE LIMITED,58.08,58.08,56.66,57.01,57.0,57.8,,57.01,,,7061,402916.48,72,F1,1,,,,,
2026-09-01,2026-09-01,CM,NSE,STK,18392,INE0OIP01012,MONOPHARMA,SM,,,,,MONO PHARMACARE LIMITED,8.8,8.8,8.55,8.55,8.55,9.0,,8.55,,,4000,34700.0,2,F1,2000,,,,,
2026-09-01,2026-09-01,CM,NSE,STK,756958,INE1DV401010,MONOLITH,SM,,,,,MONOLITHISCH INDIA LTD,1177.6,1180.0,1131.0,1142.7,1132.0,1177.6,,1142.7,,,55000,63220500.0,203,F1,250,,,,,
2026-09-01,2026-09-01,CM,NSE,STK,5938,INE950M01013,MONTECARLO,EQ,,,,,MONTE CARLO FASHIONS LTD.,533.25,540.5,530.8,539.05,539.4,530.3,,538.99,,,44299,23749536.3,1832,F1,1,,,,,
2026-09-01,2026-09-01,CM,NSE,STK,2259,INE083A01026,MOREPENLAB,EQ,,,,,MOREPEN LAB. LTD,107.16,110.5,100.1,103.65,104.45,107.16,,103.66,,,24688972,2614419127.29,85111,F1,1,,,,,
2026-09-01,2026-09-01,CM,NSE,STK,15057,INE0N7S01028,MOS,ST,,,,,MOS UTILITY LIMITED,8.9,8.95,8.7,8.7,8.7,9.15,,8.7,,,268000,2336800.0,51,F1,4000,,,,,
2026-09-01,2026-09-01,CM,NSE,STK,29459,INE935B01025,MOSCHIP,EQ,,,,,MOSCHIP TECHNOLOGIES LTD,213.49,220.9,212.32,215.26,215.11,214.18,,215.26,,,2493175,541072245.98,28565,F1,1,,,,,
2026-09-01,2026-09-01,CM,NSE,STK,8596,INE0FS801015,MSUMI,EQ,,,,,MOTHERSON SUMI WRNG IND L,36.84,37.3,36.5,37.11,37.15,36.79,,37.11,,,9696378,358901940.37,24155,F1,1,,,,,
2026-09-01,2026-09-01,CM,NSE,STK,21423,INF247L01023,MOM100,EQ,,,,,MOTILAL OS MIDCAP100 ETF,69.48,69.48,68.2,68.31,68.55,68.83,,68.31,,,436136,29899310.56,3163,F1,1,,,,,
2026-09-01,2026-09-01,CM,NSE,STK,22739,INF247L01AP3,MON100,EQ,,,,,MOTILAL OS NASDAQ100 ETF,329.32,329.32,329.32,329.32,329.32,332.2,,329.32,,,112323,36990210.36,3039,F1,1,,,,,
2026-09-01,2026-09-01,CM,NSE,STK,14947,INE338I01027,MOTILALOFS,EQ,,,,,MOTILAL OSWAL FIN LTD,1047.0,1047.9,1008.0,1016.0,1016.0,1042.9,,1015.94,,,501197,514027269.4,22570,F1,1,,,,,
2026-09-01,2026-09-01,CM,NSE,STK,19289,INF247L01536,MOM50,EQ,,,,,MOTILAL OSWAL M50 ETF,252.34,255.0,249.65,250.5,250.03,251.62,,250.68,,,249578,62923853.68,121,F1,1,,,,,
2026-09-01,2026-09-01,CM,NSE,STK,1507,INF247L01AK4,MOGSEC,EQ,,,,,MOTILALAMC - G5,65.39,65.4,65.0,65.34,65.35,65.07,,65.34,,,1552304,101150402.06,364,F1,1,,,,,
2026-09-01,2026-09-01,CM,NSE,STK,757669,INF247L01FR8,MOALPHA50,EQ,,,,,MOTILALAMC - MOALPHA50,58.09,58.09,56.21,56.23,56.24,56.95,,56.23,,,7642,432830.02,95,F1,1,,,,,
2026-09-01,2026-09-01,CM,NSE,STK,761693,INF247L01GV8,MOBANK10,EQ,,,,,MOTILALAMC - MOBANK10,17.25,17.25,16.83,16.86,16.86,16.91,,16.86,,,5206,88203.68,63,F1,1,,,,,
2026-09-01,2026-09-01,CM,NSE,STK,30065,INF247L01EV3,MOCAPITAL,EQ,,,,,MOTILALAMC - MOCAPITAL,54.94,55.16,53.7,53.93,53.88,54.73,,53.93,,,9303076,501973823.72,4519,F1,1,,,,,
2026-09-01,2026-09-01,CM,NSE,STK,24944,INF247L01DJ0,MODEFENCE,EQ,,,,,MOTILALAMC - MODEFENCE,107.5,107.5,105.28,105.72,105.63,106.59,,105.72,,,1270375,134513582.99,9316,F1,1,,,,,
2026-09-01,2026-09-01,CM,NSE,STK,759374,INF247L01GH7,MOENERGY,EQ,,,,,MOTILALAMC - MOENERGY,38.5,38.5,37.85,37.91,38.0,37.96,,37.91,,,75038,2847666.4,688,F1,1,,,,,
2026-09-01,2026-09-01,CM,NSE,STK,757791,INF247L01FY4,MOGOLD,EQ,,,,,MOTILALAMC - MOGOLD,152.6,152.95,149.45,150.1,150.2,152.6,,150.13,,,48636,7354960.1,617,F1,1,,,,,
2026-09-01,2026-09-01,CM,NSE,STK,10508,INF247L01BB1,MOHEALTH,EQ,,,,,MOTILALAMC - MOHEALTH,53.43,53.43,51.74,51.81,51.79,52.13,,51.82,,,48012,2498718.51,620,F1,1,,,,,
2026-09-01,2026-09-01,CM,NSE,STK,757031,INF247L01FL1,MOINFRA,EQ,,,,,MOTILALAMC - MOINFRA,59.47,59.47,57.89,58.08,58.17,59.57,,58.08,,,16072,932602.93,239,F1,1,,,,,
2026-09-01,2026-09-01,CM,NSE,STK,759891,INF247L01GI5,MOIPO,EQ,,,,,MOTILALAMC - MOIPO,49.02,49.09,48.57,48.73,48.74,48.81,,48.73,,,5727,279234.58,34,F1,1,,,,,
2026-09-01,2026-09-01,CM,NSE,STK,8654,INF247L01BL0,MOLOWVOL,EQ,,,,,MOTILALAMC - MOLOWVOL,36.8,37.55,36.04,36.46,36.33,36.45,,36.46,,,2680041,96810795.82,111,F1,1,,,,,
2026-09-01,2026-09-01,CM,NSE,STK,25606,INF247L01DK8,MOMENTUM50,EQ,,,,,MOTILALAMC - MOMENTUM50,55.24,55.3,54.04,54.29,54.58,55.03,,54.29,,,3180864,173493095.01,2849,F1,1,,,,,
2026-09-01,2026-09-01,CM,NSE,STK,764402,INF247L01HG7,MOMETAL,EQ,,,,,MOTILALAMC - MOMETAL,13.26,13.36,13.12,13.18,13.22,13.26,,13.18,,,20813,275718.08,44,F1,1,,,,,
2026-09-01,2026-09-01,CM,NSE,STK,757099,INF247L01FK3,MOMGF,EQ,,,,,MOTILALAMC - MOMGF,165.7,166.0,163.0,164.05,166.0,165.7,,164.05,,,1655,272650.29,24,F1,1,,,,,
2026-09-01,2026-09-01,CM,NSE,STK,757817,INF247L01FQ0,MOMIDMTM,EQ,,,,,MOTILALAMC - MOMIDMTM,65.48,65.48,64.23,64.66,64.7,64.73,,64.66,,,99461,6458376.87,1311,F1,1,,,,,
2026-09-01,2026-09-01,CM,NSE,STK,760054,INF247L01GK1,MOMNC,EQ,,,,,MOTILALAMC - MOMNC,32.94,34.43,32.33,33.55,33.0,32.94,,33.55,,,2324,76581.49,39,F1,1,,,,,
2026-09-01,2026-09-01,CM,NSE,STK,8182,INF247L01BK2,MOMOMENTUM,EQ,,,,,MOTILALAMC - MOMOMENTUM,63.49,63.49,61.92,62.18,62.08,62.78,,62.15,,,44937,2801810.39,579,F1,1,,,,,
2026-09-01,2026-09-01,CM,NSE,STK,756900,INF247L01FC0,MON50EQUAL,EQ,,,,,MOTILALAMC - MON50EQUAL,33.47,33.48,33.14,33.26,33.3,33.35,,33.26,,,4110,136978.15,288,F1,1,,,,,
2026-09-01,2026-09-01,CM,NSE,STK,757167,INF247L01FD8,MONEXT50,EQ,,,,,MOTILALAMC - MONEXT50,73.3,73.32,72.7,72.89,72.76,73.52,,72.89,,,827665,60243976.03,127,F1,1,,,,,
2026-09-01,2026-09-01,CM,NSE,STK,759371,INF247L01GG9,MONIFTY100,EQ,,,,,MOTILALAMC - MONIFTY100,25.41,25.47,25.2,25.28,25.27,25.41,,25.28,,,4653,118092.51,80,F1,1,,,,,
2026-09-01,2026-09-01,CM,NSE,STK,19237,INF247L01BU1,MONIFTY500,EQ,,,,,MOTILALAMC - MONIFTY500,24.55,24.55,23.78,23.8,23.78,23.96,,23.81,,,642691,15344250.78,1833,F1,1,,,,,
2026-09-01,2026-09-01,CM,NSE,STK,7422,INF247L01AU3,MONQ50,EQ,,,,,MOTILALAMC - MONQ50,145.12,145.12,145.12,145.12,145.12,148.04,,145.12,,,23469,3405821.28,215,F1,1,,,,,
2026-09-01,2026-09-01,CM,NSE,STK,764405,INF247L01HH5,MOOILGAS,EQ,,,,,MOTILALAMC - MOOILGAS,11.35,11.35,11.07,11.2,11.2,11.12,,11.2,,,37588,417945.58,31,F1,1,,,,,
2026-09-01,2026-09-01,CM,NSE,STK,757431,INF247L01FO5,MOPSE,EQ,,,,,MOTILALAMC - MOPSE,98.48,99.9,98.3,99.88,99.9,99.95,,99.88,,,1483,146399.35,29,F1,1,,,,,
2026-09-01,2026-09-01,CM,NSE,STK,10822,INF247L01BH8,MOQUALITY,EQ,,,,,MOTILALAMC - MOQUALITY,200.62,202.0,197.13,199.46,199.84,200.62,,199.46,,,476396,95692588.33,81,F1,1,,,,,
2026-09-01,2026-09-01,CM,NSE,STK,23184,INF247L01CI4,MOREALTY,EQ,,,,,MOTILALAMC - MOREALTY,93.5,93.5,88.82,89.29,89.5,90.05,,89.29,,,434767,38830405.31,2374,F1,1,,,,,
2026-09-01,2026-09-01,CM,NSE,STK,760001,INF247L01GJ3,MOSERVICE,EQ,,,,,MOTILALAMC - MOSERVICE,30.94,31.04,30.76,30.77,30.77,31.01,,30.77,,,2735,84316.83,106,F1,1,,,,,
2026-09-01,2026-09-01,CM,NSE,STK,758457,INF247L01FZ1,MOSILVER,EQ,,,,,MOTILALAMC - MOSILVER,234.99,234.99,224.57,225.74,226.8,230.78,,225.98,,,190724,43565955.44,1324,F1,1,,,,,
2026-09-01,2026-09-01,CM,NSE,STK,23181,INF247L01CH6,MOSMALL250,EQ,,,,,MOTILALAMC - MOSMALL250,18.49,18.68,18.33,18.47,18.4,18.49,,18.47,,,6893900,127485689.2,2168,F1,1,,,,,
2026-09-01,2026-09-01,CM,NSE,STK,757443,INF247L01FP2,MOTOUR,EQ,,,,,MOTILALAMC - MOTOUR,78.3,78.3,77.14,77.3,77.43,78.07,,77.3,,,18755,1453212.08,281,F1,1,,,,,
2026-09-01,2026-09-01,CM,NSE,STK,10825,INF247L01BE5,MOVALUE,EQ,,,,,MOTILALAMC - MOVALUE,112.88,113.29,112.0,112.1,112.0,112.31,,112.1,,,72313,8138880.59,792,F1,1,,,,,
2026-09-01,2026-09-01,CM,NSE,STK,20788,INE0FRK01020,MOTISONS,EQ,,,,,MOTISONS JEWELLERS LTD,16.43,16.65,15.67,15.87,15.87,16.24,,15.87,,,16463395,266015515.55,13931,F1,1,,,,,
2026-09-01,2026-09-01,CM,NSE,STK,8793,INE861B01023,MOTOGENFIN,BE,,,,,MOTOR & GENERAL FINANCE L,28.25,29.05,27.5,28.03,27.5,28.04,,28.04,,,32070,919129.63,113,F1,1,,,,,
2026-09-01,2026-09-01,CM,NSE,STK,757810,INE0XM301010,MMEL,SM,,,,,MOVING MEDIA ENTER LTD,24.4,24.4,24.4,24.4,24.4,24.5,,24.4,,,2000,48800.0,1,F1,2000,,,,,
2026-09-01,2026-09-01,CM,NSE,STK,765138,INE493H01014,MPDL,BE,,,,,MPDL LTD.,30.4,30.4,29.45,30.15,30.15,31.0,,30.15,,,3262,96312.48,13,F1,1,,,,,
2026-09-01,2026-09-01,CM,NSE,STK,4503,INE356A01018,MPHASIS,EQ,,,,,MPHASIS LIMITED,2422.7,2523.0,2407.1,2505.5,2505.5,2427.4,,2505.5,,,932222,2329119427.1,41753,F1,1,,,,,
2026-09-01,2026-09-01,CM,NSE,STK,10578,INE943D01017,MPSLTD,EQ,,,,,MPS LIMITED,2670.0,2731.0,2636.0,2652.6,2653.0,2683.8,,2653.15,,,10567,28268106.7,2186,F1,1,,,,,
2026-09-01,2026-09-01,CM,NSE,STK,2277,INE883A01011,MRF,EQ,,,,,MRF LTD,134795.0,134795.0,132115.0,132335.0,132400.0,133745.0,,132335.71,,,2838,376743705.0,2005,F1,1,,,,,
2026-09-01,2026-09-01,CM,NSE,STK,2283,INE103A01014,MRPL,EQ,,,,,MRPL,171.15,177.15,169.99,171.42,171.4,170.37,,171.41,,,13051829,2270843852.82,83259,F1,1,,,,,
2026-09-01,2026-09-01,CM,NSE,STK,1628,INE495P01020,BECTORFOOD,EQ,,,,,MRS BECTORS FOOD SPE LTD,227.01,234.06,223.22,227.75,227.86,226.91,,227.75,,,2607751,595573690.36,34252,F1,1,,,,,
2026-09-01,2026-09-01,CM,NSE,STK,11919,INE752G01015,MSPL,EQ,,,,,MSP STEEL & POWER LTD.,35.16,35.56,33.97,34.17,34.1,35.48,,34.19,,,1030557,35587295.71,3665,F1,1,,,,,
2026-09-01,2026-09-01,CM,NSE,STK,9356,INE255X01014,MSTCLTD,EQ,,,,,MSTC LIMITED,753.95,757.0,720.1,729.55,731.9,751.1,,729.55,,,221074,162979980.3,8467,F1,1,,,,,
2026-09-01,2026-09-01,CM,NSE,STK,31413,INE472M01018,MTEDUCARE,BE,,,,,MT EDUCARE LTD,1.85,1.86,1.75,1.8,1.75,1.78,,1.75,,,59377,109838.54,77,F1,1,,,,,
2026-09-01,2026-09-01,CM,NSE,STK,2715,INE864I01014,MTARTECH,BE,,,,,MTAR TECHNOLOGIES LIMITED,6911.0,7023.5,6750.0,6946.5,6870.0,7043.5,,6945.67,,,96794,668253351.5,13953,F1,1,,,,,
2026-09-01,2026-09-01,CM,NSE,STK,19783,INE08KJ01020,MUFIN,EQ,,,,,MUFIN GREEN FINANCE LTD,136.4,137.49,134.01,134.65,134.3,136.53,,134.69,,,616089,83367101.94,2510,F1,1,,,,,
2026-09-01,2026-09-01,CM,NSE,STK,11325,INE304A01026,MUKANDLTD,EQ,,,,,MUKAND LTD.,137.5,138.2,135.36,136.03,135.36,137.38,,136.03,,,59426,8121867.97,1069,F1,1,,,,,
2026-09-01,2026-09-01,CM,NSE,STK,764788,INE596B01017,MUKESHB,EQ,,,,,MUKESH BABU FINANC SER L,138.55,145.0,134.1,137.0,137.0,138.55,,137.0,,,432403,62690133.72,63,F1,1,,,,,
2026-09-01,2026-09-01,CM,NSE,STK,22980,INE0CG401037,MUKKA,EQ,,,,,MUKKA PROTEINS LIMITED,24.98,27.73,24.61,26.7,26.73,24.81,,26.7,,,2783204,73344895.92,9437,F1,1,,,,,
2026-09-01,2026-09-01,CM,NSE,STK,8691,INE374B01019,MUKTAARTS,BE,,,,,MUKTA ARTS LIMITED,56.7,57.95,56.7,57.0,57.0,56.05,,57.0,,,1966,112425.7,10,F1,1,,,,,
2026-09-01,2026-09-01,CM,NSE,STK,31181,INE745G01043,MCX,EQ,,,,,MULTI COMMODITY EXCHANGE,3360.1,3369.0,3255.2,3303.0,3303.0,3400.0,,3303.0,,,1505861,4982240580.3,70730,F1,1,,,,,
2026-09-01,2026-09-01,CM,NSE,STK,759416,INE1K8Y01018,MUNISH,SM,,,,,MUNISH FORGE LIMITED,91.95,91.95,80.8,82.25,85.0,88.0,,82.25,,,15600,1338960.0,13,F1,1200,,,,,
2026-09-01,2026-09-01,CM,NSE,STK,13511,INE672B01032,MUNJALAU,EQ,,,,,MUNJAL AUTO IND. LTD.,116.4,120.26,114.49,115.46,115.4,115.79,,115.46,,,1201087,140883240.6,13304,F1,1,,,,,
2026-09-01,2026-09-01,CM,NSE,STK,2307,INE577A01027,MUNJALSHOW,EQ,,,,,MUNJAL SHOWA LTD,130.04,132.0,127.37,128.9,129.0,130.39,,128.9,,,39537,5135090.27,544,F1,1,,,,,
2026-09-01,2026-09-01,CM,NSE,STK,2313,INE692B01014,MURUDCERA,EQ,,,,,MURUDESHWAR CERAMICS LTD,30.02,30.6,30.02,30.12,30.15,30.24,,30.11,,,8479,256940.88,81,F1,1,,,,,
2026-09-01,2026-09-01,CM,NSE,STK,19877,INE919I01024,RADIOCITY,EQ,,,,,MUSIC BROADCAST LIMITED,6.64,6.64,6.35,6.41,6.46,6.49,,6.44,,,326948,2109697.19,158,F1,1,,,,,
2026-09-01,2026-09-01,CM,NSE,STK,10415,INE296G01013,MUTHOOTCAP,EQ,,,,,MUTHOOT CAP SERV LTD,248.0,252.0,242.94,245.24,243.65,244.62,,245.42,,,15296,3780776.43,497,F1,1,,,,,
2026-09-01,2026-09-01,CM,NSE,STK,23650,INE414G01012,MUTHOOTFIN,EQ,,,,,MUTHOOT FINANCE LIMITED,3000.0,3009.2,2890.0,2905.0,2905.0,2978.1,,2905.0,,,750967,2200612421.8,49673,F1,1,,,,,
2026-09-01,2026-09-01,CM,NSE,STK,20831,INE046W01019,MUTHOOTMF,EQ,,,,,MUTHOOT MICROFIN LIMITED,204.45,205.36,195.01,196.21,196.0,203.84,,196.2,,,651725,129608849.21,7859,F1,1,,,,,
2026-09-01,2026-09-01,CM,NSE,STK,764397,INE0OWZ01020,MVELECTRO,EQ,,,,,MV ELECTROSYSTEMS LIMITED,757.65,757.7,696.3,713.7,704.0,760.45,,713.54,,,3239338,2376077174.45,69896,F1,1,,,,,
2026-09-01,2026-09-01,CM,NSE,STK,763206,INE0JYY07026,10MWL29,N0,,,,,MWL 10% 2029,99000.0,99000.0,99000.0,99000.0,99000.0,99995.85,,99000.0,,,1,99000.0,1,F1,1,,,,,
2026-09-01,2026-09-01,CM,NSE,STK,25208,INE0RVQ01016,MYMUDRA,SM,,,,,MY MUDRA FINCORP LIMITED,71.0,71.0,70.65,71.0,71.0,70.35,,71.0,,,8400,595560.0,7,F1,1200,,,,,
2026-09-01,2026-09-01,CM,NSE,STK,8220,INE741A01011,MYSORPETRO,BE,,,,,MYSORE PETRO CHEMICALS L,112.88,124.76,112.88,124.76,124.76,118.82,,124.76,,,20017,2402393.62,253,F1,1,,,,,
2026-09-01,2026-09-01,CM,NSE,STK,20314,INE740D01017,NRAIL,EQ,,,,,N R AGARWAL INDS LTD,514.4,514.4,495.0,495.9,495.0,510.0,,495.98,,,5723,2851190.05,364,F1,1,,,,,
2026-09-01,2026-09-01,CM,NSE,STK,757489,INE104101014,NRVANDANA,SM,,,,,N R VANDANA TEX IND LTD,68.9,68.95,68.9,68.95,68.95,68.55,,68.95,,,6000,413550.0,2,F1,3000,,,,,
2026-09-01,2026-09-01,CM,NSE,STK,764798,INE920C01017,NTCIND,EQ,,,,,N T C INDUSTRIES LTD.,139.9,142.0,126.3,133.21,130.01,134.8,,133.04,,,9091,1220033.14,196,F1,1,,,,,
2026-09-01,2026-09-01,CM,NSE,STK,19111,INE365I01020,NBIFIN,EQ,,,,,N.B.I. IND. FIN. CO. LTD,1961.0,1990.0,1950.0,1966.4,1960.0,1961.0,,1966.4,,,160,314278.8,20,F1,1,,,,,
2026-09-01,2026-09-01,CM,NSE,STK,20425,INE295D01020,NACLIND,EQ,,,,,NACL INDUSTRIES LIMITED,170.81,171.5,167.05,168.61,168.88,170.23,,168.6,,,260511,44098106.12,5000,F1,1,,,,,
2026-09-01,2026-09-01,CM,NSE,STK,18371,INE756C01015,NDGL,EQ,,,,,NAGA DHUNSERI GROUP LTD,2895.0,2895.0,2705.0,2733.2,2730.0,2760.6,,2733.2,,,157,432200.9,54,F1,1,,,,,
2026-09-01,2026-09-01,CM,NSE,STK,14942,INE245I01016,NAGREEKCAP,EQ,,,,,NAGREEKA CAP & INFR.LTD,22.7,23.2,22.6,23.18,23.15,22.35,,23.18,,,4835,110055.67,87,F1,1,,,,,
2026-09-01,2026-09-01,CM,NSE,STK,14702,INE123B01028,NAGREEKEXP,EQ,,,,,NAGREEKA EXPORTS LTD.,21.86,22.5,21.86,22.0,22.09,22.02,,22.0,,,4532,99784.46,47,F1,1,,,,,
2026-09-01,2026-09-01,CM,NSE,STK,15360,INE049I01012,NAHARCAP,EQ,,,,,NAHAR CAP & FIN.,253.55,265.0,253.4,258.0,258.8,253.92,,257.98,,,2738,705228.3,81,F1,1,,,,,
2026-09-01,2026-09-01,CM,NSE,STK,13106,INE289A01011,NAHARINDUS,EQ,,,,,NAHAR INDS ENT LTD,136.66,138.8,133.62,134.32,134.6,136.45,,134.3,,,31277,4254169.28,496,F1,1,,,,,
2026-09-01,2026-09-01,CM,NSE,STK,14445,INE308A01027,NAHARPOLY,EQ,,,,,NAHAR POLY FILMS LIMITED,240.75,252.0,240.75,250.13,251.8,243.75,,250.09,,,15743,3893644.95,523,F1,1,,,,,
2026-09-01,2026-09-01,CM,NSE,STK,14440,INE290A01027,NAHARSPING,EQ,,,,,NAHAR SPINNING MILLS LTD.,291.1,306.45,291.1,299.55,299.8,289.45,,299.59,,,103382,31154743.3,2808,F1,1,,,,,
2026-09-01,2026-09-01,CM,NSE,STK,5401,INE236Y01012,NGIL,EQ,,,,,NAKODA GROUP OF IND. LTD,40.96,41.0,39.1,39.5,39.3,40.96,,39.53,,,9175,365068.42,92,F1,1,,,,,
2026-09-01,2026-09-01,CM,NSE,STK,11239,INE023A01030,NSIL,EQ,,,,,NALWA SONS INVESTMENT LTD,5605.5,5799.5,5605.5,5696.0,5690.0,5703.0,,5695.39,,,2061,11789930.0,480,F1,1,,,,,
2026-09-01,2026-09-01,CM,NSE,STK,23379,INE0RJM01010,NAMAN,SM,,,,,NAMAN INDUSTRE PRXIMA LTD,39.9,41.55,38.2,41.55,41.55,39.9,,41.55,,,3200,126280.0,4,F1,800,,,,,
2026-09-01,2026-09-01,CM,NSE,STK,25170,INE08NZ01012,NAMOEWASTE,ST,,,,,NAMO EWASTE MANAGEMENT L,265.0,268.5,260.0,266.95,268.0,270.5,,266.95,,,27200,7199720.0,34,F1,800,,,,,
2026-09-01,2026-09-01,CM,NSE,STK,31258,INE875G01048,NDL,EQ,,,,,NANDAN DENIM LIMITED,2.89,2.95,2.82,2.85,2.86,2.83,,2.85,,,1287786,3710744.61,1634,F1,1,,,,,
2026-09-01,2026-09-01,CM,NSE,STK,5516,INE696V01013,JAIPURKURT,EQ,,,,,NANDANI CREATION LIMITED,26.05,26.9,26.05,26.25,26.25,26.1,,26.25,,,1044,27290.71,31,F1,1,,,,,
2026-09-01,2026-09-01,CM,NSE,STK,11840,INE410P01011,NH,EQ,,,,,NARAYANA HRUDAYALAYA LTD.,1919.8,1949.6,1910.0,1938.7,1934.0,1907.2,,1938.65,,,247059,478902248.3,28581,F1,1,,,,,
2026-09-01,2026-09-01,CM,NSE,STK,11627,INE117Z01029,NARMADA,EQ,,,,,NARMADA AGROBASE LIMITED,13.68,13.99,13.56,13.85,13.96,13.83,,13.85,,,280342,3870208.91,773,F1,1,,,,,
2026-09-01,2026-09-01,CM,NSE,STK,3918,INE987B01026,NATCOPHARM,EQ,,,,,NATCO PHARMA LTD.,841.5,853.75,837.4,849.2,848.0,841.5,,849.21,,,241430,203932191.4,24006,F1,1,,,,,
2026-09-01,2026-09-01,CM,NSE,STK,11065,INE448G01010,NATHBIOGEN,EQ,,,,,NATH BIO-GENES (I) LTD,158.3,158.3,152.0,152.3,152.87,158.2,,152.3,,,13155,2022785.83,343,F1,1,,,,,
2026-09-01,2026-09-01,CM,NSE,STK,6364,INE139A01034,NATIONALUM,EQ,,,,,NATIONAL ALUMINIUM CO LTD,383.0,383.75,368.6,372.0,372.0,381.5,,372.0,,,6155527,2296809800.7,62721,F1,1,,,,,
2026-09-01,2026-09-01,CM,NSE,STK,13925,INE870D01012,NFL,EQ,,,,,NATIONAL FERT. LTD,70.37,71.12,70.02,70.53,70.3,70.37,,70.53,,,450816,31774687.43,3305,F1,1,,,,,
2026-09-01,2026-09-01,CM,NSE,STK,762807,INE166R01015,NATIONSTD,EQ,,,,,NATIONAL STAND (INDIA) L,113.63,113.63,104.0,105.31,106.88,108.22,,105.3,,,94404,10492150.58,1517,F1,1,,,,,
2026-09-01,2026-09-01,CM,NSE,STK,29583,INE936B01015,NATCAPSUQ,EQ,,,,,NATURAL CAPSULES LIMITED,211.36,216.79,192.0,201.37,204.0,212.38,,201.6,,,37412,7576827.44,1329,F1,1,,,,,
2026-09-01,2026-09-01,CM,NSE,STK,4014,INE725A01030,NAVA,EQ,,,,,NAVA LIMITED,569.9,572.5,558.5,563.6,562.0,568.1,,563.55,,,165978,93337909.15,7013,F1,1,,,,,
2026-09-01,2026-09-01,CM,NSE,STK,14672,INE048G01026,NAVINFLUOR,EQ,,,,,NAVIN FLUORINE INT. LTD,8688.0,8700.0,8597.5,8636.0,8635.0,8675.5,,8635.99,,,74062,639791851.5,20013,F1,1,,,,,
2026-09-01,2026-09-01,CM,NSE,STK,10557,INE278M01019,NAVKARCORP,EQ,,,,,NAVKAR CORPORATION LTD.,96.11,97.7,95.11,95.65,95.65,96.03,,95.66,,,158170,15242745.94,1805,F1,1,,,,,
2026-09-01,2026-09-01,CM,NSE,STK,29149,INE268H01044,NAVKARURB,BE,,,,,NAVKAR URBANSTRUCTURE LTD,0.93,0.94,0.88,0.92,0.93,0.91,,0.93,,,240650,222970.27,291,F1,1,,,,,
2026-09-01,2026-09-01,CM,NSE,STK,2385,INE060A01024,NAVNETEDUL,EQ,,,,,NAVNEET EDUCATION LTD,134.6,135.1,133.44,133.95,134.3,134.61,,133.95,,,77766,10416384.73,1434,F1,1,,,,,
2026-09-01,2026-09-01,CM,NSE,STK,2987,INE418L01047,NAZARA,EQ,,,,,NAZARA TECHNOLOGIES LTD,372.7,377.0,360.95,367.65,366.4,372.7,,367.65,,,2574995,949813027.25,36482,F1,1,,,,,
2026-09-01,2026-09-01,CM,NSE,STK,31415,INE095N01031,NBCC,EQ,,,,,NBCC (INDIA) LIMITED,86.0,86.4,85.0,85.2,85.2,86.2,,85.2,,,4390141,375514743.08,26916,F1,1,,,,,
2026-09-01,2026-09-01,CM,NSE,STK,2319,INE868B01028,NCC,EQ,,,,,NCC LIMITED,149.99,151.69,145.6,146.46,146.99,148.37,,146.46,,,2320069,343535282.78,21928,F1,1,,,,,
2026-09-01,2026-09-01,CM,NSE,STK,14490,INE732C01016,NCLIND,EQ,,,,,NCL INDUSTRIES LIMITED,173.0,174.98,172.12,174.15,174.0,173.73,,174.15,,,38438,6682204.92,2733,F1,1,,,,,
2026-09-01,2026-09-01,CM,NSE,STK,14547,INE353A01023,NDLVENTURE,EQ,,,,,NDL VENTURES LIMITED,123.5,124.9,122.4,122.99,123.0,121.96,,122.99,,,6143,759934.77,111,F1,1,,,,,
2026-09-01,2026-09-01,CM,NSE,STK,22255,INE07OG01012,NDRAUTO,EQ,,,,,NDR AUTO COMPONENTS LTD,747.0,747.0,718.55,722.4,720.0,735.6,,722.29,,,11983,8750548.55,1548,F1,1,,,,,
2026-09-01,2026-09-01,CM,NSE,STK,11427,INE155G01029,NDTV,EQ,,,,,NDTV LTD,73.25,73.25,71.1,71.42,71.5,72.2,,71.43,,,61492,4421908.37,878,F1,1,,,,,
2026-09-01,2026-09-01,CM,NSE,STK,11927,INE023H01027,NECLIFE,EQ,,,,,NECTAR LIFESCIENCES LTD.,12.74,12.74,12.1,12.13,12.15,12.54,,12.13,,,284172,3501308.07,453,F1,1,,,,,
2026-09-01,2026-09-01,CM,NSE,STK,27123,INE0N1401016,NEELAM,SM,,,,,NEELAM LINENS & GAR (I) L,7.0,7.0,7.0,7.0,7.0,7.0,,7.0,,,6000,42000.0,1,F1,6000,,,,,
2026-09-01,2026-09-01,CM,NSE,STK,762812,INE605D01012,NEAGI,EQ,,,,,NEELAMALAI AGRO INDS. L,3371.0,3371.0,3370.1,3370.1,3370.1,3496.7,,3351.0,,,50,168517.6,2,F1,1,,,,,
2026-09-01,2026-09-01,CM,NSE,STK,14761,INE189I01024,NELCAST,EQ,,,,,NELCAST LIMITED,118.42,119.88,115.3,116.39,115.3,118.16,,116.39,,,101052,11885128.77,1570,F1,1,,,,,
2026-09-01,2026-09-01,CM,NSE,STK,2388,INE045B01015,NELCO,EQ,,,,,NELCO LTD,950.0,957.0,918.95,924.35,925.6,951.5,,924.36,,,141086,131494372.6,6411,F1,1,,,,,
2026-09-01,2026-09-01,CM,NSE,STK,760928,INE21UM01018,NEOCHEM,SM,,,,,NEOCHEM BIO SOLUTIONS LTD,103.55,103.55,98.5,98.5,98.5,99.0,,98.5,,,19200,1914600.0,15,F1,1200,,,,,
2026-09-01,2026-09-01,CM,NSE,STK,9917,INE136S01016,NEOGEN,EQ,,,,,NEOGEN CHEMICALS LIMITED,2245.3,2247.9,2140.3,2153.9,2140.3,2201.2,,2153.94,,,87588,190542415.8,15039,F1,1,,,,,
2026-09-01,2026-09-01,CM,NSE,STK,24350,INE0SUN01013,NEPHROCARE,SM,,,,,NEPHRO CARE INDIA LIMITED,102.4,104.95,100.0,100.7,100.7,101.85,,100.7,,,35600,3629080.0,68,F1,400,,,,,
2026-09-01,2026-09-01,CM,NSE,STK,760346,INE428V01029,NEPHROPLUS,EQ,,,,,NEPHROCARE HEALTH SERV L,701.0,716.15,682.2,689.6,688.0,682.95,,689.6,,,461009,324061868.0,30785,F1,1,,,,,
2026-09-01,2026-09-01,CM,NSE,STK,757493,INE156901014,NEPTUNE,SM,,,,,NEPTUNE PETROCHEMICALS L,177.0,178.1,177.0,177.0,177.0,178.0,,177.0,,,2500,443550.0,5,F1,500,,,,,
2026-09-01,2026-09-01,CM,NSE,STK,15409,INE317F01035,NESCO,EQ,,,,,NESCO LTD.,1040.4,1054.5,1025.0,1044.0,1054.5,1040.9,,1044.01,,,33325,34692185.2,4541,F1,1,,,,,
2026-09-01,2026-09-01,CM,NSE,STK,17963,INE239A01024,NESTLEIND,EQ,,,,,NESTLE INDIA LIMITED,1514.8,1514.8,1436.0,1438.2,1438.2,1496.5,,1438.21,,,2555542,3716271722.6,52802,F1,1,,,,,
2026-09-01,2026-09-01,CM,NSE,STK,20409,INE518X01015,CBAZAAR,ST,,,,,NET AVENUE TECHNOLOGIES L,4.75,4.75,4.7,4.7,4.7,4.9,,4.7,,,24000,113200.0,3,F1,8000,,,,,
2026-09-01,2026-09-01,CM,NSE,STK,17433,INE0NT901020,NETWEB,EQ,,,,,NETWEB TECH INDIA LTD,5215.0,5315.0,5117.0,5136.5,5152.0,5188.6,,5135.73,,,1421857,7408539441.0,107154,F1,1,,,,,
2026-09-01,2026-09-01,CM,NSE,STK,756324,INE0FFK01017,NPST,EQ,,,,,NETWORK PEOPLE SRV TECH L,1670.6,1710.0,1635.2,1655.6,1650.0,1670.6,,1655.53,,,35959,60093111.9,4145,F1,1,,,,,
2026-09-01,2026-09-01,CM,NSE,STK,14111,INE870H01013,NETWORK18,EQ,,,,,NETWORK18 MEDIA & INV LTD,27.5,28.7,27.32,28.05,28.09,27.23,,28.05,,,7363959,206459892.79,15299,F1,1,,,,,
2026-09-01,2026-09-01,CM,NSE,STK,30554,INE333I01044,NEUEON,BE,,,,,NEUEON CORPORATION LTD,12.8,12.8,12.05,12.05,12.05,12.68,,12.05,,,39651,478252.8,122,F1,1,,,,,
2026-09-01,2026-09-01,CM,NSE,STK,2406,INE794A01010,NEULANDLAB,EQ,,,,,NEULAND LAB LTD.,23010.0,23185.0,22710.0,23025.0,23090.0,23010.0,,23025.39,,,30307,696418575.0,14438,F1,1,,,,,
2026-09-01,2026-09-01,CM,NSE,STK,1164,INE619B01017,NEWGEN,EQ,,,,,NEWGEN SOFTWARE TECH LTD,530.0,541.05,522.6,532.05,530.25,528.85,,532.05,,,1183206,631970339.25,31781,F1,1,,,,,
2026-09-01,2026-09-01,CM,NSE,STK,19161,INE0PW501021,NEWJAISA,ST,,,,,NEWJAISA TECHNOLOGIES LTD,18.3,18.3,18.3,18.3,18.3,17.95,,18.3,,,1500,27450.0,1,F1,1500,,,,,
2026-09-01,2026-09-01,CM,NSE,STK,28801,INE0TP801012,NMSTEEL,SM,,,,,NEWMALAYALAM STEEL LTD,23.0,23.0,22.7,22.85,22.7,23.0,,22.85,,,3200,73120.0,2,F1,1600,,,,,
2026-09-01,2026-09-01,CM,NSE,STK,9867,INE747B01016,NEXTMEDIA,EQ,,,,,NEXT MEDIAWORKS LIMITED,4.86,4.94,4.21,4.27,4.26,4.98,,4.27,,,258331,1168001.7,750,F1,1,,,,,
2026-09-01,2026-09-01,CM,NSE,STK,15815,INE0NDH25011,NXST,RR,,,,,NEXUS SELECT TRUST,167.42,168.2,167.0,167.28,167.0,167.79,,167.28,,,599013,100285765.47,10534,F1,1,,,,,
2026-09-01,2026-09-01,CM,NSE,STK,763536,INE0T1501010,NFPSAMPOOR,SM,,,,,NFP SAMPOORNA FOODS LTD,20.65,20.65,20.65,20.65,20.65,21.65,,20.65,,,2000,41300.0,1,F1,2000,,,,,
2026-09-01,2026-09-01,CM,NSE,STK,10277,INE887E01022,NGLFINE,EQ,,,,,NGL FINE CHEM LIMITED,2640.0,2758.0,2619.2,2657.6,2663.2,2649.5,,2658.92,,,9055,24244389.8,2006,F1,1,,,,,
2026-09-01,2026-09-01,CM,NSE,STK,1765,INE557F07181,893NHB29,N6,,,,,NHB 8.93 NCD TR II SR 2 B,5600.0,5600.0,5600.0,5600.0,5600.0,5600.0,,5600.0,,,2,11200.0,1,F1,1,,,,,
2026-09-01,2026-09-01,CM,NSE,STK,17400,INE848E01016,NHPC,EQ,,,,,NHPC LTD,76.72,77.1,75.46,76.3,76.3,76.72,,76.3,,,11983253,912627184.15,43932,F1,1,,,,,
2026-09-01,2026-09-01,CM,NSE,STK,29487,INE149O01018,NIBE,EQ,,,,,NIBE LIMITED,1369.0,1374.9,1347.1,1355.9,1364.0,1371.6,,1356.01,,,21014,28513137.6,2481,F1,1,,,,,
2026-09-01,2026-09-01,CM,NSE,STK,764793,INE653C01022,NICCOPAR,EQ,,,,,NICCO PARKS & RESORTS LTD,85.09,85.09,82.06,82.06,82.06,85.51,,82.19,,,479,40754.99,13,F1,1,,,,,
2026-09-01,2026-09-01,CM,NSE,STK,6592,INE0J6L01013,NIDAN,SM,,,,,NIDAN LABS AND HEALTH LTD,13.3,13.85,13.0,13.15,13.15,13.2,,13.15,,,8000,105900.0,7,F1,1000,,,,,
2026-09-01,2026-09-01,CM,NSE,STK,17747,INE342G01023,NIITMTS,EQ,,,,,NIIT LEARNING SYSTEMS LTD,227.5,231.56,223.0,230.16,229.5,227.12,,230.16,,,174117,39787485.6,5791,F1,1,,,,,
2026-09-01,2026-09-01,CM,NSE,STK,11522,INE161A01038,NIITLTD,EQ,,,,,NIIT LIMITED,101.35,104.0,100.36,101.25,100.51,101.44,,101.25,,,371160,37816645.01,3542,F1,1,,,,,
2026-09-01,2026-09-01,CM,NSE,STK,9253,INE937C01029,NILAINFRA,EQ,,,,,NILA INFRASTRUCTURES LTD,6.72,6.8,6.62,6.76,6.77,6.74,,6.75,,,251391,1689976.7,499,F1,1,,,,,
2026-09-01,2026-09-01,CM,NSE,STK,7411,INE00S901012,NILASPACES,EQ,,,,,NILA SPACES LIMITED,12.56,13.24,12.48,12.73,12.78,12.55,,12.73,,,1652567,21280345.99,2595,F1,1,,,,,
2026-09-01,2026-09-01,CM,NSE,STK,762817,INE445D01013,NILE,EQ,,,,,NILE LTD.,1502.2,1510.8,1455.2,1474.5,1470.0,1498.2,,1474.63,,,2150,3169756.6,493,F1,1,,,,,
2026-09-01,2026-09-01,CM,NSE,STK,2421,INE310A01015,NILKAMAL,EQ,,,,,NILKAMAL LIMITED,2006.2,2078.0,1998.0,2034.0,2035.0,2006.2,,2034.07,,,27031,55235853.9,3522,F1,1,,,,,
2026-09-01,2026-09-01,CM,NSE,STK,761720,INE875B01015,NIMBSPROJ,EQ,,,,,NIMBUS PROJECTS LIMITED,171.89,174.58,163.52,168.01,169.89,172.12,,168.02,,,96513,16450423.43,319,F1,1,,,,,
2026-09-01,2026-09-01,CM,NSE,STK,14194,INE395U01014,NINSYS,EQ,,,,,NINTEC SYSTEMS LIMITED,724.5,724.5,705.0,710.35,706.05,714.0,,710.45,,,2435,1731669.2,344,F1,1,,,,,
2026-09-01,2026-09-01,CM,NSE,STK,11439,INF204KB15I9,BANKBEES,EQ,,,,,NIP IND ETF BANK BEES,598.0,598.62,592.5,593.79,593.3,595.58,,593.79,,,462594,275338030.16,8241,F1,1,,,,,
2026-09-01,2026-09-01,CM,NSE,STK,2435,INF204KA1LD7,CONSUMBEES,EQ,,,,,NIP IND ETF CONSUMPTION,134.44,134.44,130.86,131.45,131.68,131.8,,131.45,,,51215,6742195.39,1091,F1,1,,,,,
2026-09-01,2026-09-01,CM,NSE,STK,2636,INF204KA1MS3,DIVOPPBEES,EQ,,,,,NIP IND ETF DIV OPP,78.7,78.7,76.54,77.35,77.21,77.16,,77.35,,,19569,1513854.58,733,F1,1,,,,,
2026-09-01,2026-09-01,CM,NSE,STK,9847,INF204KB18I3,NV20BEES,EQ,,,,,NIP IND ETF ETF NV20,142.84,142.84,138.91,139.53,139.0,139.36,,139.53,,,5684,793972.47,203,F1,1,,,,,
2026-09-01,2026-09-01,CM,NSE,STK,14428,INF204KB17I5,GOLDBEES,EQ,,,,,NIP IND ETF GOLD BEES,127.19,127.8,125.02,125.34,125.5,127.32,,125.34,,,35522261,4489811999.32,131724,F1,1,,,,,
2026-09-01,2026-09-01,CM,NSE,STK,18284,INF204KB19I1,HNGSNGBEES,EQ,,,,,NIP IND ETF HANGSENG BEES,470.44,472.0,467.9,469.33,469.97,470.43,,469.32,,,103484,48531573.27,4994,F1,1,,,,,
2026-09-01,2026-09-01,CM,NSE,STK,20072,INF732E01268,INFRABEES,EQ,,,,,NIP IND ETF INFRA BEES,953.22,957.98,947.0,950.4,955.64,953.22,,950.01,,,16687,15893791.29,735,F1,1,,,,,
2026-09-01,2026-09-01,CM,NSE,STK,19084,INF204KB15V2,ITBEES,EQ,,,,,NIP IND ETF IT,35.0,35.0,34.07,34.79,34.85,34.32,,34.79,,,12800211,445290432.69,16052,F1,1,,,,,
2026-09-01,2026-09-01,CM,NSE,STK,10939,INF732E01045,JUNIORBEES,EQ,,,,,NIP IND ETF JUNIOR BEES,809.74,809.74,786.22,788.17,788.55,793.86,,788.14,,,381093,301336751.18,12919,F1,1,,,,,
2026-09-01,2026-09-01,CM,NSE,STK,11006,INF732E01037,LIQUIDBEES,EQ,,,,,NIP IND ETF LIQUID BEES,1000.01,1000.01,999.99,1000.0,1000.01,999.99,,1000.0,,,2440409,2440409434.4,4585,F1,1,,,,,
2026-09-01,2026-09-01,CM,NSE,STK,17700,INF204KB1882,LTGILTBEES,EQ,,,,,NIP IND ETF LONGTERM GILT,29.88,29.88,29.8,29.84,29.85,29.86,,29.84,,,597336,17837721.34,697,F1,1,,,,,
2026-09-01,2026-09-01,CM,NSE,STK,8506,INF204KB1V68,MID150BEES,EQ,,,,,NIP IND ETF MIDCAP 150,244.57,244.57,240.0,240.53,241.25,242.15,,240.54,,,593460,143114621.17,23391,F1,1,,,,,
2026-09-01,2026-09-01,CM,NSE,STK,29577,INF204K014N5,NIF100BEES,EQ,,,,,NIP IND ETF NIFTY 100,270.97,270.97,265.6,266.76,267.25,268.29,,266.76,,,15629,4176814.14,617,F1,1,,,,,
2026-09-01,2026-09-01,CM,NSE,STK,10576,INF204KB14I2,NIFTYBEES,EQ,,,,,NIP IND ETF NIFTY BEES,277.95,277.95,272.68,273.25,273.6,274.87,,273.26,,,5602290,1535400988.65,62757,F1,1,,,,,
2026-09-01,2026-09-01,CM,NSE,STK,15032,INF204KB16I7,PSUBNKBEES,EQ,,,,,NIP IND ETF PSU BANK BEES,95.17,95.89,94.5,94.65,94.7,95.17,,94.68,,,1117723,106446293.13,5525,F1,1,,,,,
2026-09-01,2026-09-01,CM,NSE,STK,17044,INF732E01128,SHARIABEES,EQ,,,,,NIP IND ETF SHARIAH BEES,458.53,465.0,458.53,462.13,464.98,458.53,,462.19,,,5632,2597476.28,470,F1,1,,,,,
2026-09-01,2026-09-01,CM,NSE,STK,357,INE298J01013,NAM-INDIA,EQ,,,,,NIPPON L I A M LTD,1190.0,1209.6,1166.0,1178.9,1178.9,1172.3,,1178.85,,,1257709,1489863268.3,36224,F1,1,,,,,
2026-09-01,2026-09-01,CM,NSE,STK,757725,INF204KC1FU1,LIQGRWBEES,EQ,,,,,NIPPONAMC - LIQGRWBEES,1053.9,1053.91,1053.89,1053.9,1053.91,1053.77,,1053.9,,,29200,30773872.92,228,F1,1,,,,,
2026-09-01,2026-09-01,CM,NSE,STK,758667,INF204KC1GH6,MANUFGBEES,EQ,,,,,NIPPONAMC - MANUFGBEES,165.9,166.38,164.04,164.83,165.29,166.06,,164.86,,,6496,1074727.12,132,F1,1,,,,,
2026-09-01,2026-09-01,CM,NSE,STK,7880,INF204KC1337,AUTOBEES,EQ,,,,,NIPPONAMC - NETFAUTO,298.77,300.98,291.0,292.63,293.25,298.77,,292.63,,,423107,125066999.31,6106,F1,1,,,,,
2026-09-01,2026-09-01,CM,NSE,STK,4973,INF204KC1089,PHARMABEES,EQ,,,,,NIPPONAMC - NETFPHARMA,28.15,28.15,27.38,27.53,27.45,27.6,,27.53,,,4083030,112646796.87,10341,F1,1,,,,,
2026-09-01,2026-09-01,CM,NSE,STK,8080,INF204KC1402,SILVERBEES,EQ,,,,,NIPPONAMC - NETFSILVER,222.37,223.9,217.26,217.72,217.8,223.21,,217.72,,,32758030,7220066705.64,111655,F1,1,,,,,
2026-09-01,2026-09-01,CM,NSE,STK,757455,INF204KC1EZ3,SNXT30BEES,EQ,,,,,NIPPONAMC - SNXT30BEES,42.97,43.04,42.59,42.74,42.81,42.96,,42.74,,,10927,467288.36,86,F1,1,,,,,
2026-09-01,2026-09-01,CM,NSE,STK,255,INE368I01016,NIRAJ,EQ,,,,,NIRAJ CEMENT STRUC LTD,29.6,30.8,29.2,29.27,29.58,29.32,,29.29,,,22788,677038.13,147,F1,1,,,,,
2026-09-01,2026-09-01,CM,NSE,STK,18840,INE326T01011,NIRAJISPAT,EQ,,,,,NIRAJ ISPAT IND LTD,390.0,390.6,390.0,390.6,390.6,355.08,,390.6,,,586,228863.4,24,F1,1,,,,,
2026-09-01,2026-09-01,CM,NSE,STK,2433,INE910A01012,NIRLON,EQ,,,,,NIRLON LTD,654.9,656.0,646.0,649.45,650.0,647.35,,649.47,,,20163,13100020.5,1174,F1,1,,,,,
2026-09-01,2026-09-01,CM,NSE,STK,14722,INE0OK701014,NIRMAN,SM,,,,,NIRMAN AGRI GENTICS LTD,29.0,29.1,28.0,28.55,29.1,29.0,,28.55,,,25500,729105.0,59,F1,300,,,,,
2026-09-01,2026-09-01,CM,NSE,STK,13300,INE858F01012,NITCO,EQ,,,,,NITCO LIMITED,94.31,94.9,91.98,93.43,93.99,93.99,,93.42,,,464402,43369996.74,3326,F1,1,,,,,
2026-09-01,2026-09-01,CM,NSE,STK,13175,INE229H01012,NITINSPIN,EQ,,,,,NITIN SPINNERS LIMITED,636.0,637.85,624.5,630.75,631.0,627.4,,630.68,,,84964,53554203.15,4608,F1,1,,,,,
2026-09-01,2026-09-01,CM,NSE,STK,3247,INE439T01012,NITIRAJ,EQ,,,,,NITIRAJ ENGINEERS LTD,214.5,214.5,201.63,204.5,204.5,204.23,,204.5,,,4273,888106.83,123,F1,1,,,,,
2026-09-01,2026-09-01,CM,NSE,STK,762824,INE265B01019,NITTAGELA,EQ,,,,,NITTA GELATIN INDIA LTD.,1636.0,1644.9,1600.0,1631.4,1643.9,1620.7,,1632.44,,,2055,3336692.9,529,F1,1,,,,,
2026-09-01,2026-09-01,CM,NSE,STK,27097,INE995S01015,NIVABUPA,EQ,,,,,NIVA BUPA HEALTH INS CO L,81.26,83.85,80.15,82.3,82.7,81.26,,82.3,,,1204236,98487297.56,15029,F1,1,,,,,
2026-09-01,2026-09-01,CM,NSE,STK,2439,INE542C01019,NKIND,EQ,,,,,NK INDUSTRIES LTD,56.35,58.11,56.25,57.24,57.2,58.1,,57.13,,,2792,158743.89,223,F1,1,,,,,
2026-09-01,2026-09-01,CM,NSE,STK,8585,INE589A01014,NLCINDIA,EQ,,,,,NLC INDIA LIMITED,271.75,276.0,267.9,274.3,274.1,267.4,,274.3,,,2083618,568966238.1,36299,F1,1,,,,,
2026-09-01,2026-09-01,CM,NSE,STK,15332,INE584A01023,NMDC,EQ,,,,,NMDC LTD.,86.81,87.4,85.1,85.69,85.69,88.2,,85.69,,,11311468,973783137.9,41484,F1,1,,,,,
2026-09-01,2026-09-01,CM,NSE,STK,14180,INE0NNS01018,NSLNISP,EQ,,,,,NMDC STEEL LIMITED,45.7,46.58,45.19,45.61,45.8,46.19,,45.61,,,6442161,295703087.62,21084,F1,1,,,,,
2026-09-01,2026-09-01,CM,NSE,STK,2442,INE163A01018,NOCIL,EQ,,,,,NOCIL LIMITED,171.65,173.76,168.1,169.62,169.0,171.45,,169.64,,,716971,122743823.35,7711,F1,1,,,,,
2026-09-01,2026-09-01,CM,NSE,STK,10786,INE781B01015,NOIDATOLL,EQ,,,,,NOIDA TOLL BRIDGE CO LTD,4.39,4.39,4.15,4.23,4.25,4.21,,4.24,,,38285,162094.94,191,F1,1,,,,,
2026-09-01,2026-09-01,CM,NSE,STK,4160,INE369C01017,NORBTEAEXP,EQ,,,,,NORBEN TEA & EXPORTS LTD,68.7,68.8,65.08,65.46,65.08,68.5,,65.46,,,642,42765.16,39,F1,1,,,,,
2026-09-01,2026-09-01,CM,NSE,STK,13533,INE553C01016,NECCLTD,BE,,,,,NORTH EAST CARRY CORP LTD,16.65,16.68,16.01,16.1,16.29,16.27,,16.05,,,5348,87305.0,72,F1,1,,,,,
2026-09-01,2026-09-01,CM,NSE,STK,25426,INE850M01015,NORTHARC,EQ,,,,,NORTHERN ARC CAPITAL LTD,310.25,310.25,296.0,299.5,299.0,311.65,,299.52,,,3752002,1134676113.0,45050,F1,1,,,,,
2026-09-01,2026-09-01,CM,NSE,STK,22478,INE02H701025,NOVAAGRI,BE,,,,,NOVA AGRITECH LIMITED,25.1,25.6,24.14,24.22,24.2,25.41,,24.13,,,89846,2190355.6,400,F1,1,,,,,
2026-09-01,2026-09-01,CM,NSE,STK,9007,INE234A01025,NOVARTIND,EQ,,,,,NOVARTIS INDIA LIMITED,1546.6,1620.6,1541.6,1582.1,1595.0,1554.4,,1582.25,,,21875,34790705.3,2927,F1,1,,,,,
2026-09-01,2026-09-01,CM,NSE,STK,7553,INE349A01021,NRBBEARING,EQ,,,,,NRB BEARING LIMITED,473.0,473.5,454.05,458.25,459.45,473.85,,458.26,,,263724,121699193.65,8808,F1,1,,,,,
2026-09-01,2026-09-01,CM,NSE,STK,29733,INE047O01014,NIBL,EQ,,,,,NRB INDUS. BEARINGS LTD.,31.5,31.98,30.3,30.82,30.88,30.87,,30.87,,,5146,158282.77,101,F1,1,,,,,
2026-09-01,2026-09-01,CM,NSE,STK,27176,INE0ONG01011,NTPCGREEN,EQ,,,,,NTPC GREEN ENERGY LIMITED,89.65,89.99,89.0,89.21,89.18,89.51,,89.21,,,1561195,139557032.72,21167,F1,1,,,,,
2026-09-01,2026-09-01,CM,NSE,STK,11630,INE733E01010,NTPC,EQ,,,,,NTPC LTD,327.4,328.25,325.05,327.5,327.5,327.4,,327.5,,,7377499,2411226935.95,108982,F1,1,,,,,
2026-09-01,2026-09-01,CM,NSE,STK,10791,INE096B01018,NUCLEUS,EQ,,,,,NUCLEUS SOFTWARE EXPORTS,749.0,749.85,730.0,740.7,740.0,744.4,,740.69,,,37616,27844180.5,1629,F1,1,,,,,
2026-09-01,2026-09-01,CM,NSE,STK,13680,INE0JM501013,NRL,BE,,,,,NUPUR RECYCLERS LIMITED,120.5,120.5,120.05,120.05,120.05,122.5,,120.05,,,32512,3916580.85,98,F1,1,,,,,
2026-09-01,2026-09-01,CM,NSE,STK,2353,INE0DSF01015,NURECA,BE,,,,,NURECA LIMITED,332.45,348.35,324.05,339.0,338.2,331.8,,339.38,,,18296,6262986.3,367,F1,1,,,,,
2026-09-01,2026-09-01,CM,NSE,STK,18721,INE531F01023,NUVAMA,EQ,,,,,NUVAMA WEALTH MANAGE LTD,1770.2,1791.2,1741.3,1785.0,1770.0,1753.6,,1784.85,,,430704,760353820.2,38453,F1,1,,,,,
2026-09-01,2026-09-01,CM,NSE,STK,5426,INE118D01016,NUVOCO,EQ,,,,,NUVOCO VISTAS CORP LTD,318.8,325.25,310.3,322.85,323.0,318.9,,322.84,,,654624,207170243.4,24243,F1,1,,,,,
2026-09-01,2026-09-01,CM,NSE,STK,24298,INE0SF023016,NXT-INFRA,IV,,,,,NXT-INFRA TRUST,97.75,97.75,97.0,97.0,97.0,96.5,,97.0,,,100000,9737500.0,3,F1,25000,,,,,
2026-09-01,2026-09-01,CM,NSE,STK,8797,INE426Z01016,OBCL,EQ,,,,,OBCL LIMITED,54.83,57.97,54.75,55.04,55.99,54.82,,55.04,,,8158,451592.67,46,F1,1,,,,,
2026-09-01,2026-09-01,CM,NSE,STK,20242,INE093I01010,OBEROIRLTY,EQ,,,,,OBEROI REALTY LIMITED,1856.3,1887.2,1846.6,1880.7,1880.7,1868.0,,1880.7,,,211011,395175090.1,21122,F1,1,,,,,
2026-09-01,2026-09-01,CM,NSE,STK,25923,INE0YHV01011,OBSCP,SM,,,,,OBSC PERFECTION LIMITED,873.9,875.25,848.0,860.8,866.0,869.9,,860.8,,,22000,18918000.0,55,F1,400,,,,,
2026-09-01,2026-09-01,CM,NSE,STK,25920,INE0PK601023,OCCLLTD,BE,,,,,OCCL LIMITED,161.8,164.99,161.0,163.01,162.95,158.73,,163.04,,,77220,12594484.05,488,F1,1,,,,,
2026-09-01,2026-09-01,CM,NSE,STK,27571,INE054301028,ODIGMA,EQ,,,,,ODIGMA CONSULTANCY SOL L,22.4,23.55,22.4,23.16,23.34,22.43,,23.15,,,38258,888888.31,367,F1,1,,,,,
2026-09-01,2026-09-01,CM,NSE,STK,764803,INE839E01023,ODYCORP,EQ,,,,,ODYSSEY CORPORATION LTD.,7.53,7.53,7.11,7.12,7.11,7.38,,7.02,,,8625,62753.4,68,F1,1,,,,,
2026-09-01,2026-09-01,CM,NSE,STK,2475,INE213A01029,ONGC,EQ,,,,,OIL AND NATURAL GAS CORP.,233.8,236.6,232.5,236.45,236.45,231.8,,236.46,,,11985775,2820529803.1,67660,F1,1,,,,,
2026-09-01,2026-09-01,CM,NSE,STK,8109,INE591A01010,OILCOUNTUB,BE,,,,,OIL COUNTRY TUBULAR LTD.,66.0,67.23,65.8,67.23,67.23,64.03,,67.31,,,76221,5114061.56,164,F1,1,,,,,
2026-09-01,2026-09-01,CM,NSE,STK,17438,INE274J01014,OIL,EQ,,,,,OIL INDIA LTD,485.0,493.0,484.2,490.0,490.0,483.15,,490.03,,,1788773,876252046.6,26764,F1,1,,,,,
2026-09-01,2026-09-01,CM,NSE,STK,24777,INE0LXG01040,OLAELEC,EQ,,,,,OLA ELECTRIC MOBILITY LTD,41.4,41.65,39.63,40.51,40.37,41.12,,40.51,,,87186035,3553266815.54,138371,F1,1,,,,,
2026-09-01,2026-09-01,CM,NSE,STK,10637,INE260D01016,OLECTRA,EQ,,,,,OLECTRA GREENTECH LIMITED,1283.9,1296.7,1242.0,1247.3,1249.0,1276.7,,1247.32,,,368626,464387127.3,21344,F1,1,,,,,
2026-09-01,2026-09-01,CM,NSE,STK,759412,INE1BZC01019,OMFREIGHT,BE,,,,,OM FREIGHT FORWARDERS LTD,88.6,90.5,86.0,89.94,89.9,89.5,,89.94,,,11488,1018073.43,121,F1,1,,,,,
2026-09-01,2026-09-01,CM,NSE,STK,24231,INE239D01028,OMINFRAL,EQ,,,,,OM INFRA LIMITED,82.63,83.35,81.6,82.04,82.0,82.22,,82.04,,,37136,3059324.38,990,F1,1,,,,,
2026-09-01,2026-09-01,CM,NSE,STK,762432,INE25E901019,OMPOWER,EQ,,,,,OM POWER TRANSMISSION LTD,175.02,176.8,168.42,169.08,169.69,174.16,,168.99,,,62923,10771001.85,1359,F1,1,,,,,
2026-09-01,2026-09-01,CM,NSE,STK,10922,INE090B01011,OMAXAUTO,EQ,,,,,OMAX AUTOS LTD,185.0,190.9,178.15,184.48,185.0,185.55,,184.52,,,129636,23851080.97,2968,F1,1,,,,,
2026-09-01,2026-09-01,CM,NSE,STK,14853,INE800H01010,OMAXE,EQ,,,,,OMAXE LIMITED,126.0,138.1,116.1,126.77,130.3,125.52,,126.8,,,42077140,5293594956.64,241408,F1,1,,,,,
2026-09-01,2026-09-01,CM,NSE,STK,760865,INE0UH301010,OMNI,EQ,,,,,OMNITECH ENGINEERING LTD,541.0,551.0,520.0,535.6,537.0,540.5,,535.58,,,392314,210546441.15,17361,F1,1,,,,,
2026-09-01,2026-09-01,CM,NSE,STK,19692,INE00ER01015,ONDOOR,SM,,,,,ON DOOR CONCEPTS LIMITED,291.15,301.0,291.0,299.0,299.0,301.0,,299.0,,,5100,1510365.0,15,F1,300,,,,,
2026-09-01,2026-09-01,CM,NSE,STK,6705,INE982J01020,PAYTM,EQ,,,,,ONE 97 COMMUNICATIONS LTD,1689.0,1698.6,1616.3,1633.5,1633.5,1717.1,,1633.48,,,2753126,4527153347.2,88191,F1,1,,,,,
2026-09-01,2026-09-01,CM,NSE,STK,765242,INE670O01013,ONEGLOBAL,EQ,,,,,ONE GLOBAL SERVICE PROV L,554.35,554.35,505.95,514.15,516.0,532.55,,514.25,,,20299,10439880.65,945,F1,1,,,,,
2026-09-01,2026-09-01,CM,NSE,STK,28046,INE0HLU01028,MOBIKWIK,EQ,,,,,ONE MOBIKWIK SYSTEMS LTD,190.0,192.48,186.44,187.78,188.0,189.71,,187.76,,,443083,83953731.63,5994,F1,1,,,,,
2026-09-01,2026-09-01,CM,NSE,STK,9939,INE840Y01029,ONEPOINT,EQ,,,,,ONE POINT ONE SOL LTD,54.65,54.9,54.0,54.74,54.25,54.78,,54.73,,,331302,18089919.59,1039,F1,1,,,,,
2026-09-01,2026-09-01,CM,NSE,STK,19386,INE0OPS01011,OLIL,SM,,,,,ONECLICK LOGISTICS IND L,421.0,429.0,407.0,418.2,411.4,420.0,,418.2,,,66000,27120440.0,65,F1,400,,,,,
2026-09-01,2026-09-01,CM,NSE,STK,25496,INE912L01015,ONELIFECAP,BE,,,,,ONELIFE CAP ADVISORS LTD,32.39,33.9,31.5,32.46,32.5,32.39,,32.48,,,50349,1619913.1,52,F1,1,,,,,
2026-09-01,2026-09-01,CM,NSE,STK,763294,INE12F801023,KISSHT,EQ,,,,,ONEMI TECHNOLOGY SOL LTD,306.0,308.45,290.0,295.8,296.5,307.15,,295.8,,,1095751,327913483.9,24557,F1,1,,,,,
2026-09-01,2026-09-01,CM,NSE,STK,29224,INE013P01021,ONESOURCE,EQ,,,,,ONESOURCE SPECL PHARMA L,1529.9,1535.0,1504.1,1527.9,1527.0,1519.1,,1527.86,,,69898,106152015.9,13468,F1,1,,,,,
2026-09-01,2026-09-01,CM,NSE,STK,2202,INE831A01028,ONIDA,EQ,,,,,ONIDA ELECTRONICS LIMITED,36.14,36.2,35.21,35.63,36.0,36.2,,35.63,,,197043,7061511.69,1101,F1,1,,,,,
2026-09-01,2026-09-01,CM,NSE,STK,764808,INE173M01012,ONIXSOLAR,EQ,,,,,ONIX SOLAR ENERGY LTD.,331.85,348.35,331.85,348.35,348.35,331.8,,347.93,,,214098,73019873.9,2245,F1,1,,,,,
2026-09-01,2026-09-01,CM,NSE,STK,15282,INE809I01019,ONMOBILE,BE,,,,,ONMOBILE GLOBAL LTD.,49.5,49.5,49.5,49.5,49.5,50.51,,49.58,,,23440,1160280.0,187,F1,1,,,,,
2026-09-01,2026-09-01,CM,NSE,STK,2481,INE229A01017,ONWARDTEC,EQ,,,,,ONWARD TECHNOLOGIES LTD,291.45,292.5,281.55,283.9,285.0,289.75,,283.89,,,27299,7792774.95,862,F1,1,,,,,
2026-09-01,2026-09-01,CM,NSE,STK,21469,INE350C01017,OPTIEMUS,EQ,,,,,OPTIEMUS INFRACOM LTD,576.85,595.5,571.7,582.8,582.1,574.15,,582.83,,,144221,84319865.85,7725,F1,1,,,,,
2026-09-01,2026-09-01,CM,NSE,STK,764813,INE031G01022,OPTIFIN,EQ,,,,,OPTIMUS FINANCE LTD.,13.67,13.67,12.8,13.2,13.2,13.27,,13.17,,,10095,133254.86,44,F1,1,,,,,
2026-09-01,2026-09-01,CM,NSE,STK,764528,INE1JZB01022,OPTIMYSTIX,SM,,,,,OPTIMYSTIX ENT INDIA LTD,167.0,170.0,162.95,169.85,170.0,169.95,,169.85,,,48800,8201200.0,39,F1,800,,,,,
2026-09-01,2026-09-01,CM,NSE,STK,758903,INE15B101011,OPTIVALUE,ST,,,,,OPTIVALUE TEK CONSULT LTD,174.0,180.0,173.75,173.75,173.75,182.85,,173.75,,,44800,7887680.0,22,F1,1600,,,,,
2026-09-01,2026-09-01,CM,NSE,STK,10738,INE881D01027,OFSS,EQ,,,,,ORACLE FIN SERV SOFT LTD.,12350.0,12353.0,11992.0,12187.0,12187.0,12540.0,,12186.42,,,208347,2544300176.0,33665,F1,1,,,,,
2026-09-01,2026-09-01,CM,NSE,STK,31479,INE231G01010,ORBTEXP,BE,,,,,ORBIT EXPORTS LIMITED,236.99,245.97,236.0,238.97,239.0,237.07,,238.97,,,3092,739867.67,56,F1,1,,,,,
2026-09-01,2026-09-01,CM,NSE,STK,29492,INE215B01022,ORCHASP,EQ,,,,,ORCHASP LIMITED,1.4,1.5,1.38,1.4,1.42,1.37,,1.4,,,222908,317213.94,220,F1,1,,,,,
2026-09-01,2026-09-01,CM,NSE,STK,926,INE191A01027,ORCHPHARMA,EQ,,,,,ORCHID PHARMA LIMITED,974.0,984.95,941.95,947.9,961.0,970.9,,947.76,,,45671,43889263.05,6259,F1,1,,,,,
2026-09-01,2026-09-01,CM,NSE,STK,17882,INE0OUT01019,ORIANA,SM,,,,,ORIANA POWER LIMITED,1237.0,1259.95,1203.95,1240.1,1250.0,1238.0,,1240.1,,,44775,55041705.0,460,F1,75,,,,,
2026-09-01,2026-09-01,CM,NSE,STK,10159,INE730A01022,ORICONENT,EQ,,,,,ORICON ENTERPRISES LTD,54.99,55.6,53.07,53.3,53.9,54.63,,53.32,,,20075,1090033.48,545,F1,1,,,,,
2026-09-01,2026-09-01,CM,NSE,STK,14278,INE607D01018,ORIENTBELL,EQ,,,,,ORIENT BELL LIMITED,390.4,413.35,383.0,390.45,390.0,390.4,,390.41,,,157410,62975550.2,7168,F1,1,,,,,
2026-09-01,2026-09-01,CM,NSE,STK,30089,INE876N01018,ORIENTCEM,EQ,,,,,ORIENT CEMENT LTD.,129.55,133.92,127.5,128.16,128.0,129.55,,128.17,,,241951,31281498.73,2729,F1,1,,,,,
2026-09-01,2026-09-01,CM,NSE,STK,13111,INE569C01020,ORIENTCER,EQ,,,,,ORIENT CERATECH LIMITED,45.98,45.98,43.0,43.2,43.5,44.87,,43.21,,,203450,9022769.94,4886,F1,1,,,,,
2026-09-01,2026-09-01,CM,NSE,STK,2972,INE142Z01019,ORIENTELEC,EQ,,,,,ORIENT ELECTRIC LIMITED,181.13,181.94,176.65,177.66,178.54,179.83,,177.66,,,106717,19020815.4,2055,F1,1,,,,,
2026-09-01,2026-09-01,CM,NSE,STK,20110,INE999K01014,GREENPOWER,EQ,,,,,ORIENT GREEN POWER CO LTD,9.11,9.25,9.07,9.12,9.17,9.19,,9.12,,,1657142,15169296.01,3849,F1,1,,,,,
2026-09-01,2026-09-01,CM,NSE,STK,2493,INE750A01020,ORIENTHOT,EQ,,,,,ORIENT HOTELS LTD,139.15,140.96,137.65,138.65,137.65,139.02,,138.56,,,495717,68884321.64,2960,F1,1,,,,,
2026-09-01,2026-09-01,CM,NSE,STK,2496,INE592A01026,ORIENTPPR,EQ,,,,,ORIENT PAPER AND INDS LTD,16.75,16.94,16.6,16.78,16.66,16.86,,16.78,,,242404,4056364.85,810,F1,1,,,,,
2026-09-01,2026-09-01,CM,NSE,STK,18211,INE609C01024,ORIENTLTD,BE,,,,,ORIENT PRESS LIMITED,82.22,82.22,82.22,82.22,82.22,82.22,,82.22,,,5527,454429.94,4,F1,1,,,,,
2026-09-01,2026-09-01,CM,NSE,STK,24961,INE0PPK01015,ORIENTTECH,EQ,,,,,ORIENT TECHNOLOGIES LTD,237.2,241.0,236.18,238.46,238.62,239.0,,238.44,,,83519,19913787.28,2660,F1,1,,,,,
2026-09-01,2026-09-01,CM,NSE,STK,10768,INE959C01023,OAL,EQ,,,,,ORIENTAL AROMATICS LTD,464.95,469.9,439.95,446.3,441.2,463.9,,446.36,,,66760,30232990.8,3195,F1,1,,,,,
2026-09-01,2026-09-01,CM,NSE,STK,764818,INE457G01029,ORIRAIL,EQ,,,,,ORIENTAL RAIL INFRA L,129.25,130.0,122.1,124.79,124.65,127.81,,124.93,,,97252,12136269.82,1504,F1,1,,,,,
2026-09-01,2026-09-01,CM,NSE,STK,14346,INE998H01012,ORIENTALTL,EQ,,,,,ORIENTAL TRIMEX LTD,5.13,5.13,4.7,4.96,4.95,5.03,,4.96,,,162923,792409.56,624,F1,1,,,,,
2026-09-01,2026-09-01,CM,NSE,STK,19931,INE725E01024,ORISSAMINE,EQ,,,,,ORISSA MIN DEV CO LTD,4325.0,4435.0,4300.0,4325.0,4300.0,4314.4,,4325.05,,,10145,44349969.6,2522,F1,1,,,,,
2026-09-01,2026-09-01,CM,NSE,STK,759569,INE16NZ01023,ORKLAINDIA,EQ,,,,,ORKLA INDIA LIMITED,594.6,606.0,581.5,584.5,581.8,594.6,,584.52,,,248327,147435973.15,12466,F1,1,,,,,
2026-09-01,2026-09-01,CM,NSE,STK,2979,INE749B01020,ORTINGLOBE,EQ,,,,,ORTIN GLOBAL LIMITED,15.34,16.06,14.8,15.86,15.97,15.3,,15.86,,,36130,572376.31,98,F1,1,,,,,
2026-09-01,2026-09-01,CM,NSE,STK,25386,INE0RMF01018,OSELDEVICE,SM,,,,,OSEL DEVICES LIMITED,390.0,393.2,370.05,372.6,376.95,384.85,,372.6,,,28400,10785410.0,119,F1,200,,,,,
2026-09-01,2026-09-01,CM,NSE,STK,12643,INE06IR01021,OSIAHYPER,BE,,,,,OSIA HYPER RETAIL LIMITED,2.47,2.5,2.41,2.45,2.46,2.46,,2.45,,,276513,674222.94,336,F1,1,,,,,
2026-09-01,2026-09-01,CM,NSE,STK,2514,INE142A01012,OSWALAGRO,EQ,,,,,OSWAL AGRO MILLS LTD,37.02,38.75,36.55,36.9,36.84,37.56,,36.91,,,61561,2289706.8,394,F1,1,,,,,
2026-09-01,2026-09-01,CM,NSE,STK,471,INE143A01010,OSWALGREEN,EQ,,,,,OSWAL GREENTECH LIMITED,20.49,20.73,20.12,20.41,20.35,20.11,,20.41,,,98468,2004173.98,570,F1,1,,,,,
2026-09-01,2026-09-01,CM,NSE,STK,756802,INE0BYP01024,OSWALPUMPS,EQ,,,,,OSWAL PUMPS LIMITED,293.8,293.8,289.05,291.35,291.35,292.3,,291.35,,,192081,55904931.35,4127,F1,1,,,,,
2026-09-01,2026-09-01,CM,NSE,STK,22914,INE0R8M01017,OWAIS,ST,,,,,OWAIS METAL & MINERAL,81.05,81.05,81.05,81.05,81.05,79.5,,81.05,,,33400,2707070.0,59,F1,100,,,,,
2026-09-01,2026-09-01,CM,NSE,STK,765145,INE501F01018,PBMPOLY,EQ,,,,,P B M POLYTEX LTD.,56.53,65.0,56.53,64.41,65.0,60.8,,64.41,,,599,37678.74,25,F1,1,,,,,
2026-09-01,2026-09-01,CM,NSE,STK,25312,INE953R01016,PNGJL,EQ,,,,,P N GADGIL JEWELLERS LTD,586.0,595.75,580.25,586.65,586.05,583.9,,586.65,,,551193,324721799.55,20526,F1,1,,,,,
2026-09-01,2026-09-01,CM,NSE,STK,764845,INE035S01028,POEL,EQ,,,,,P O C L ENTERPRISES LTD.,150.44,152.71,148.0,148.42,148.1,150.44,,148.55,,,21825,3270180.38,438,F1,1,,,,,
2026-09-01,2026-09-01,CM,NSE,STK,29665,INE0XUS01020,PSRAJ,ST,,,,,P S RAJ STEELS LIMITED,77.55,77.55,76.35,76.35,76.35,79.75,,76.35,,,12500,962375.0,5,F1,2500,,,,,
2026-09-01,2026-09-01,CM,NSE,STK,2535,INE179A01014,PGHH,EQ,,,,,P&G HYGIENE & HEALTH CARE,7920.0,7980.0,7860.5,7881.5,7884.0,7979.5,,7881.43,,,13275,105136574.5,3105,F1,1,,,,,
2026-09-01,2026-09-01,CM,NSE,STK,759342,INE0S3G01027,PACEDIGITK,EQ,,,,,PACE DIGITEK LIMITED,172.0,172.9,164.92,166.37,166.89,171.64,,166.37,,,748627,126180218.38,9620,F1,1,,,,,
2026-09-01,2026-09-01,CM,NSE,STK,764823,INE883C01025,PACIFICI,EQ,,,,,PACIFIC INDUSTRIES LTD.,140.5,141.94,136.01,136.02,136.02,141.94,,136.02,,,381,52735.43,15,F1,1,,,,,
2026-09-01,2026-09-01,CM,NSE,STK,14413,INE761H01022,PAGEIND,EQ,,,,,PAGE INDUSTRIES LTD,35620.0,35800.0,35385.0,35675.0,35675.0,35800.0,,35650.93,,,15534,552501945.0,6882,F1,1,,,,,
2026-09-01,2026-09-01,CM,NSE,STK,25468,INE420C01059,PAISALO,EQ,,,,,PAISALO DIGITAL LIMITED,67.05,67.34,65.11,67.07,66.96,67.31,,67.09,,,10047532,667436011.37,18313,F1,1,,,,,
2026-09-01,2026-09-01,CM,NSE,STK,17197,INE551D01018,PAKKA,EQ,,,,,PAKKA LIMITED,77.0,78.49,76.19,76.68,76.5,76.19,,76.67,,,56925,4382573.68,1886,F1,1,,,,,
2026-09-01,2026-09-01,CM,NSE,STK,21383,INE471W01019,PALASHSECU,EQ,,,,,PALASH SECURITIES LTD,88.22,91.89,88.0,90.77,91.39,88.22,,90.67,,,648,57686.47,29,F1,1,,,,,
2026-09-01,2026-09-01,CM,NSE,STK,17059,INE218G01033,PALREDTEC,BE,,,,,PALRED TECHNOLOGIES LTD,54.17,54.17,50.46,50.5,50.5,53.11,,50.5,,,2411,121838.23,33,F1,1,,,,,
2026-09-01,2026-09-01,CM,NSE,STK,4055,INE922B01023,PANACEABIO,EQ,,,,,PANACEA BIOTEC LTD,386.5,397.25,384.0,390.9,391.95,387.1,,390.91,,,114701,44679840.6,2743,F1,1,,,,,
2026-09-01,2026-09-01,CM,NSE,STK,16355,INE895W01019,PANACHE,BE,,,,,PANACHE DIGILIFE LIMITED,519.4,519.4,519.4,519.4,519.4,530.0,,519.4,,,4921,2555967.4,32,F1,1,,,,,
2026-09-01,2026-09-01,CM,NSE,STK,25392,INE305C01029,PANAMAPET,EQ,,,,,PANAMA PETROCHEM LTD,471.0,492.8,465.95,487.05,486.9,471.35,,487.06,,,467593,226216726.6,12896,F1,1,,,,,
2026-09-01,2026-09-01,CM,NSE,STK,764828,INE798F01010,PANCHMAHQ,EQ,,,,,PANCHMAHAL STEEL LTD.,283.0,302.5,283.0,292.1,300.0,302.0,,292.38,,,250,73143.95,24,F1,1,,,,,
2026-09-01,2026-09-01,CM,NSE,STK,765140,INE258R01028,PANORAMA,EQ,,,,,PANORAMA STUDIOS INTL. L,41.9,43.86,41.5,42.57,42.7,42.38,,42.77,,,194529,8285433.28,1229,F1,1,,,,,
2026-09-01,2026-09-01,CM,NSE,STK,6141,INE697V01011,PANSARI,EQ,,,,,PANSARI DEVELOPERS LTD,308.0,313.0,303.0,303.8,308.0,302.85,,303.8,,,465,141159.7,18,F1,1,,,,,
2026-09-01,2026-09-01,CM,NSE,STK,5631,INE04LG01015,PAR,EQ,,,,,PAR DRUGS AND CHEM LTD,120.0,140.82,118.52,140.6,140.82,117.35,,140.6,,,619562,83884128.86,7573,F1,1,,,,,
2026-09-01,2026-09-01,CM,NSE,STK,9741,INE088F01024,PARADEEP,EQ,,,,,PARADEEP PHOSPHATES LTD,160.75,162.25,156.61,157.51,157.59,160.04,,157.51,,,3301930,525494644.27,31287,F1,1,,,,,
2026-09-01,2026-09-01,CM,NSE,STK,17130,INE883N01014,PARAGMILK,EQ,,,,,PARAG MILK FOODS LTD.,256.2,262.35,250.9,259.1,258.9,254.42,,259.1,,,2360487,606665049.05,29678,F1,1,,,,,
2026-09-01,2026-09-01,CM,NSE,STK,19779,INE0N4G01012,PARAGON,SM,,,,,PARAGON FINE S.C. LTD.,47.95,48.05,47.95,48.05,48.05,47.25,,48.05,,,7200,345720.0,6,F1,1200,,,,,
2026-09-01,2026-09-01,CM,NSE,STK,25069,INE0S2W01018,PARAMATRIX,SM,,,,,PARAMATRIX TECHNOLOGIES L,58.5,60.35,58.5,60.35,60.35,58.5,,60.35,,,2400,142620.0,2,F1,1200,,,,,
2026-09-01,2026-09-01,CM,NSE,STK,13951,INE074B01023,PARACABLES,EQ,,,,,PARAMOUNT COMM LTD,65.3,66.39,63.0,63.45,63.85,65.34,,63.44,,,3133802,201704706.93,12020,F1,1,,,,,
2026-09-01,2026-09-01,CM,NSE,STK,25716,INE0TG801013,PARAMOUNT,SM,,,,,PARAMOUNT DYE TEC LIMITED,30.4,31.9,30.4,31.9,31.9,30.4,,31.9,,,8400,265440.0,7,F1,1200,,,,,
2026-09-01,2026-09-01,CM,NSE,STK,25431,INE0Q6001012,PSFL,SM,,,,,PARAMOUNT SPECIALI FORG L,31.0,31.5,31.0,31.1,31.1,31.0,,31.1,,,8000,249300.0,4,F1,2000,,,,,
2026-09-01,2026-09-01,CM,NSE,STK,5911,INE045601023,PARAS,EQ,,,,,PARAS DEF AND SPCE TECH L,1430.0,1433.2,1360.8,1380.1,1381.5,1432.9,,1380.12,,,1131108,1575239348.1,51080,F1,1,,,,,
2026-09-01,2026-09-01,CM,NSE,STK,3972,INE162C01024,PARASPETRO,EQ,,,,,PARAS PETROFILS LTD.,2.24,2.24,2.09,2.1,2.11,2.19,,2.1,,,292773,623645.61,373,F1,1,,,,,
2026-09-01,2026-09-01,CM,NSE,STK,5460,INE00U801010,PARIN,SM,,,,,PARIN ENTERPRISES LIMITED,700.0,720.0,677.0,710.0,710.0,710.0,,710.0,,,6500,4592775.0,25,F1,250,,,,,
2026-09-01,2026-09-01,CM,NSE,STK,760351,INE119201023,PARKHOSPS,EQ,,,,,PARK MEDI WORLD LIMITED,286.75,289.95,276.55,280.5,280.5,286.55,,280.5,,,1350014,382151517.4,14397,F1,1,,,,,
2026-09-01,2026-09-01,CM,NSE,STK,22649,INE988S01028,PARKHOTELS,EQ,,,,,PARKHOTELS,112.4,113.36,111.1,111.92,111.99,112.48,,111.91,,,77042,8638411.92,1563,F1,1,,,,,
2026-09-01,2026-09-01,CM,NSE,STK,764833,INE383L01019,PARNAXLAB,EQ,,,,,PARNAX LAB LTD.,130.0,143.9,130.0,140.78,142.5,132.0,,140.49,,,22887,3165326.84,262,F1,1,,,,,
2026-09-01,2026-09-01,CM,NSE,STK,13795,INE561H01026,PARSVNATH,BE,,,,,PARSVNATH DEVELOPER LTD,1.49,1.49,1.49,1.49,1.49,1.47,,1.49,,,830694,1237734.06,111,F1,1,,,,,
2026-09-01,2026-09-01,CM,NSE,STK,758217,INE1H7V01011,PARTH,SM,,,,,PARTH ELEC & ENG LTD,535.0,536.0,525.0,530.05,530.05,528.25,,530.05,,,24000,12764720.0,42,F1,400,,,,,
2026-09-01,2026-09-01,CM,NSE,STK,2599,INE06ZX01015,PARTYCRUS,SM,,,,,PARTY CRUISERS LIMITED,84.0,86.0,84.0,85.0,86.0,85.0,,85.0,,,3000,255000.0,3,F1,1000,,,,,
2026-09-01,2026-09-01,CM,NSE,STK,757955,INE124Y01028,PASHUPATI,EQ,,,,,PASHUPATI COTSPIN LIMITED,84.0,84.69,82.75,83.1,83.3,83.34,,83.03,,,8716,728369.7,700,F1,1,,,,,
2026-09-01,2026-09-01,CM,NSE,STK,6048,INE818B01023,PASUPTAC,BE,,,,,PASUPATI ACRYLON LIMITED,61.99,63.5,60.91,62.73,62.98,61.95,,62.73,,,44980,2794502.0,227,F1,1,,,,,
2026-09-01,2026-09-01,CM,NSE,STK,17029,INE619A01035,PATANJALI,EQ,,,,,PATANJALI FOODS LIMITED,345.0,347.95,342.5,345.8,345.8,345.0,,345.81,,,2399142,829498698.05,19448,F1,1,,,,,
2026-09-01,2026-09-01,CM,NSE,STK,758732,INE244B07243,1025PATE28,N0,,,,,PATE 10.25% 2028,101363.78,101363.78,101363.78,101363.78,101363.78,100000.0,,101363.78,,,3,304091.34,1,F1,1,,,,,
2026-09-01,2026-09-01,CM,NSE,STK,11699,INE244B01030,PATELENG,EQ,,,,,PATEL ENGINEERING LTD.,28.03,28.26,27.7,27.76,27.75,28.03,,27.76,,,1647620,46056470.22,4869,F1,1,,,,,
2026-09-01,2026-09-01,CM,NSE,STK,15223,INE529D01014,PATINTLOG,BE,,,,,PATEL INT. LOG. LTD,12.98,13.25,12.72,12.87,12.82,13.0,,12.77,,,26860,350043.15,104,F1,1,,,,,
2026-09-01,2026-09-01,CM,NSE,STK,759439,INE0R8B01010,PATELRMART,EQ,,,,,PATEL RETAIL LIMITED,226.6,229.5,221.2,223.14,223.1,226.72,,223.18,,,44437,10037395.32,1473,F1,1,,,,,
2026-09-01,2026-09-01,CM,NSE,STK,756963,INE17GV01016,PATILAUTOM,SM,,,,,PATIL AUTOMATION LIMITED,234.0,264.0,227.0,253.0,255.0,227.35,,253.0,,,348600,85980390.0,385,F1,600,,,,,
2026-09-01,2026-09-01,CM,NSE,STK,762834,INE291E01019,PML,EQ,,,,,PAUL MERCHANTS LTD.,481.0,493.0,481.0,492.0,492.0,493.0,,492.0,,,236,115824.85,19,F1,1,,,,,
2026-09-01,2026-09-01,CM,NSE,STK,759969,INE111F01024,PAUSHAKLTD,EQ,,,,,PAUSHAK LIMITED,758.0,824.0,752.5,801.6,803.0,758.05,,801.59,,,134619,107461878.05,9212,F1,1,,,,,
2026-09-01,2026-09-01,CM,NSE,STK,16192,INE07S101038,PAVNAIND,EQ,,,,,PAVNA INDUSTRIES LIMITED,18.42,18.42,16.67,17.17,17.37,18.04,,17.17,,,72205,1267124.59,391,F1,1,,,,,
2026-09-01,2026-09-01,CM,NSE,STK,6656,INE417T01026,POLICYBZR,EQ,,,,,PB FINTECH LIMITED,1845.0,1847.8,1812.1,1829.2,1829.2,1875.0,,1829.2,,,1724303,3167671703.9,34799,F1,1,,,,,
2026-09-01,2026-09-01,CM,NSE,STK,29124,INE785M01021,PCJEWELLER,EQ,,,,,PC JEWELLER LTD,10.98,11.24,10.2,10.32,10.32,10.99,,10.32,,,445157676,4747972836.96,116393,F1,1,,,,,
2026-09-01,2026-09-01,CM,NSE,STK,2649,INE602A01031,PCBL,EQ,,,,,PCBL CHEMICAL LIMITED,317.05,322.7,313.6,317.5,317.0,317.05,,317.49,,,550836,175431405.7,12722,F1,1,,,,,
2026-09-01,2026-09-01,CM,NSE,STK,761819,INE389Z07104,9PCPL28A,N0,,,,,PCPL 9% 2028,9604.0,9604.0,9604.0,9604.0,9604.0,9604.0,,9604.0,,,5,48020.0,5,F1,1,,,,,
2026-09-01,2026-09-01,CM,NSE,STK,5264,INE111Q01021,PDSL,EQ,,,,,PDS LIMITED,368.0,368.0,357.15,359.85,360.0,368.1,,359.89,,,54608,19758446.4,4164,F1,1,,,,,
2026-09-01,2026-09-01,CM,NSE,STK,14260,INE940H01022,PGIL,EQ,,,,,PEARL GLOBAL IND LIMITED,2470.0,2482.0,2339.0,2348.0,2350.0,2463.8,,2348.03,,,67346,160811321.0,10707,F1,1,,,,,
2026-09-01,2026-09-01,CM,NSE,STK,2610,INE844A01013,PEARLPOLY,EQ,,,,,PEARL POLYMERS LTD,15.49,16.09,15.01,15.05,15.01,15.49,,15.05,,,5000,76494.29,64,F1,1,,,,,
2026-09-01,2026-09-01,CM,NSE,STK,25408,INE0VG601013,PELATRO,SM,,,,,PELATRO LIMITED,345.0,350.0,345.0,346.6,346.0,352.95,,346.6,,,4500,1565460.0,14,F1,300,,,,,
2026-09-01,2026-09-01,CM,NSE,STK,5358,INE138A01028,PENINLAND,BE,,,,,PENINSULA LAND LIMITED,15.7,16.34,15.35,15.38,15.4,16.15,,15.38,,,163282,2555297.68,329,F1,1,,,,,
2026-09-01,2026-09-01,CM,NSE,STK,20621,INE932A01024,PENIND,EQ,,,,,PENNAR INDUSTRIES LTD,167.0,170.5,164.58,165.66,165.89,166.13,,165.66,,,421968,70485094.85,6287,F1,1,,,,,
2026-09-01,2026-09-01,CM,NSE,STK,17132,INE0ORS01017,PENTAGON,SM,,,,,PENTAGON RUBBER LIMITED,52.0,52.0,52.0,52.0,52.0,51.0,,52.0,,,2000,104000.0,2,F1,1000,,,,,
2026-09-01,2026-09-01,CM,NSE,STK,758121,INE925S01012,PERFECT,SZ,,,,,PERFECT INFRAENGINEER LTD,1.9,1.95,1.9,1.95,1.95,1.9,,1.95,,,51000,99300.0,11,F1,3000,,,,,
2026-09-01,2026-09-01,CM,NSE,STK,764838,INE418E01018,PERMAGN,EQ,,,,,PERMANENT MAGNETS LTD.,873.6,900.0,872.05,895.1,899.5,882.95,,894.79,,,1525,1353783.25,184,F1,1,,,,,
2026-09-01,2026-09-01,CM,NSE,STK,18365,INE262H01021,PERSISTENT,EQ,,,,,PERSISTENT SYSTEMS LTD,5621.5,5852.5,5603.0,5800.0,5800.0,5594.5,,5799.83,,,592977,3408863591.5,44725,F1,1,,,,,
2026-09-01,2026-09-01,CM,NSE,STK,24290,INE998U01015,PCCL,SM,,,,,PETRO CARBON AND CHEMI L,411.8,415.0,389.05,405.85,410.0,402.0,,405.85,,,30800,12544260.0,67,F1,400,,,,,
2026-09-01,2026-09-01,CM,NSE,STK,11351,INE347G01014,PETRONET,EQ,,,,,PETRONET LNG LIMITED,294.1,296.65,290.4,292.3,292.3,300.6,,292.3,,,1081102,316733506.45,22715,F1,1,,,,,
2026-09-01,2026-09-01,CM,NSE,STK,760801,INE134E07DP0,7PFCL31,N3,,,,,PFCL 7.00% 2031 SR I,1002.0,1002.0,1002.0,1002.0,1002.0,1005.01,,1002.0,,,10,10020.0,1,F1,1,,,,,
2026-09-01,2026-09-01,CM,NSE,STK,2643,INE182A01018,PFIZER,EQ,,,,,PFIZER LTD,4684.4,4707.8,4637.0,4665.9,4670.0,4684.4,,4665.81,,,11992,56017221.5,3973,F1,1,,,,,
2026-09-01,2026-09-01,CM,NSE,STK,25358,INE457L01029,PGEL,EQ,,,,,PG ELECTROPLAST LTD,575.0,578.5,566.0,569.9,569.9,581.0,,569.89,,,728869,416518384.05,17885,F1,1,,,,,
2026-09-01,2026-09-01,CM,NSE,STK,11612,INE0MLZ01019,PHANTOMFX,SM,,,,,PHANTOM DIGITAL EFF LTD,124.0,124.25,118.6,119.95,120.0,119.0,,119.95,,,17100,2068635.0,44,F1,300,,,,,
2026-09-01,2026-09-01,CM,NSE,STK,2658,INE245B01011,PHOENXINTL,EQ,,,,,PHOENIX INTERNATIONAL LTD,30.01,33.0,29.55,31.58,31.73,31.16,,31.58,,,878,27695.53,24,F1,1,,,,,
2026-09-01,2026-09-01,CM,NSE,STK,25513,INE0FPO01018,PHOGLOBAL,SM,,,,,PHOENIX OVERSEAS LIMITED,13.85,13.95,13.85,13.85,13.85,14.15,,13.85,,,10000,138700.0,5,F1,2000,,,,,
2026-09-01,2026-09-01,CM,NSE,STK,759723,INE0LP301011,PWL,EQ,,,,,PHYSICSWALLAH LIMITED,117.0,117.22,113.59,114.94,115.12,116.3,,114.94,,,6598735,759035720.51,41538,F1,1,,,,,
2026-09-01,2026-09-01,CM,NSE,STK,24184,INE603J01030,PIIND,EQ,,,,,PI INDUSTRIES LTD,2391.8,2402.1,2370.7,2397.1,2397.1,2370.0,,2397.05,,,139983,333969216.5,13552,F1,1,,,,,
2026-09-01,2026-09-01,CM,NSE,STK,757754,INE546C01010,PICCADIL,EQ,,,,,PICCADILY AGRO INDUSTRI L,635.1,648.9,628.0,634.0,631.0,635.1,,634.04,,,213536,135966574.55,12057,F1,1,,,,,
2026-09-01,2026-09-01,CM,NSE,STK,24785,INE0YAL01017,PPSL,SM,,,,,PICTUREPOST STUDIOS LTD,2.95,3.0,2.8,3.0,3.0,2.9,,3.0,,,69000,203550.0,22,F1,3000,,,,,
2026-09-01,2026-09-01,CM,NSE,STK,2664,INE318A01026,PIDILITIND,EQ,,,,,PIDILITE INDUSTRIES LTD,1675.0,1675.5,1637.5,1643.5,1643.5,1687.7,,1643.5,,,990170,1631757599.4,41165,F1,1,,,,,
2026-09-01,2026-09-01,CM,NSE,STK,30835,INE600A01035,PILITA,EQ,,,,,PIL ITALICA LIFESTYLE LTD,8.1,8.23,7.9,8.08,8.19,7.94,,8.15,,,35041,284046.13,151,F1,1,,,,,
2026-09-01,2026-09-01,CM,NSE,STK,11445,INE417C01014,PILANIINVS,EQ,,,,,PILANI INV & IND COR LTD,4382.8,4388.3,4312.2,4353.2,4340.0,4353.4,,4353.2,,,718,3112882.0,154,F1,1,,,,,
2026-09-01,2026-09-01,CM,NSE,STK,759820,INE15B701018,PINELABS,EQ,,,,,PINE LABS LIMITED,163.4,163.87,158.47,159.89,160.4,164.03,,159.89,,,6836836,1099630485.37,38584,F1,1,,,,,
2026-09-01,2026-09-01,CM,NSE,STK,13463,INE156C01018,PIONEEREMB,EQ,,,,,PIONEER EMBROIDERIES LTD,21.21,22.28,21.21,21.73,21.72,21.76,,21.73,,,5284,115325.63,34,F1,1,,,,,
2026-09-01,2026-09-01,CM,NSE,STK,762832,INE746D01014,PIONRINV,BE,,,,,PIONEER INVESTCORP LTD.,79.6,79.6,79.5,79.5,79.5,82.85,,79.5,,,558,44391.0,3,F1,1,,,,,
2026-09-01,2026-09-01,CM,NSE,STK,759551,INE202B01038,PIRAMALFIN,EQ,,,,,PIRAMAL FINANCE LIMITED,2295.1,2299.9,2210.0,2226.1,2232.0,2300.4,,2226.11,,,1213854,2732296472.1,55258,F1,1,,,,,
2026-09-01,2026-09-01,CM,NSE,STK,11571,INE0DK501011,PPLPHARMA,EQ,,,,,PIRAMAL PHARMA LIMITED,215.0,216.12,210.5,213.2,213.0,214.4,,213.2,,,3147005,671839937.88,27030,F1,1,,,,,
2026-09-01,2026-09-01,CM,NSE,STK,14134,INE450D01021,PITTIENG,EQ,,,,,PITTI ENGINEERING LIMITED,1106.1,1119.9,1059.5,1074.7,1077.8,1106.35,,1074.68,,,166075,179719105.6,11017,F1,1,,,,,
2026-09-01,2026-09-01,CM,NSE,STK,9087,INE751B01018,PIXTRANS,EQ,,,,,PIX TRANSMISSIONS LIMITED,1821.3,1824.4,1780.0,1785.1,1780.6,1818.6,,1784.99,,,6994,12555407.2,1173,F1,1,,,,,
2026-09-01,2026-09-01,CM,NSE,STK,19492,INE0PXD01014,PLADAINFO,SM,,,,,PLADA INFOTECH SERVICES L,10.35,10.35,10.35,10.35,10.35,9.9,,10.35,,,3000,31050.0,1,F1,3000,,,,,
2026-09-01,2026-09-01,CM,NSE,STK,13920,INE083C01022,PLASTIBLEN,EQ,,,,,PLASTIBLENDS INDIA LTD,186.78,187.75,184.5,185.59,186.99,185.48,,185.6,,,20740,3850023.58,352,F1,1,,,,,
2026-09-01,2026-09-01,CM,NSE,STK,22930,INE0PT501018,PLATIND,EQ,,,,,PLATINUM INDUSTRIES LTD,232.66,235.5,225.91,227.79,228.48,235.3,,227.79,,,40566,9331868.6,1594,F1,1,,,,,
2026-09-01,2026-09-01,CM,NSE,STK,19458,INE0INJ01017,PLAZACABLE,EQ,,,,,PLAZA WIRES LIMITED,57.0,59.37,55.55,58.92,59.37,56.55,,58.98,,,302514,17790135.22,2120,F1,1,,,,,
2026-09-01,2026-09-01,CM,NSE,STK,8736,INE859A01011,PNBGILTS,EQ,,,,,PNB GILTS LIMITED,77.52,77.79,75.86,76.44,76.2,76.96,,76.43,,,168989,12967858.19,1858,F1,1,,,,,
2026-09-01,2026-09-01,CM,NSE,STK,18908,INE572E01012,PNBHOUSING,EQ,,,,,PNB HOUSING FIN LTD.,1140.0,1156.4,1135.0,1152.0,1152.0,1148.7,,1151.93,,,2221980,2550529299.6,31909,F1,1,,,,,
2026-09-01,2026-09-01,CM,NSE,STK,9385,INE195J01029,PNCINFRA,EQ,,,,,PNC INFRATECH LTD.,188.2,192.0,187.5,188.77,188.5,188.15,,188.77,,,265278,50332424.84,7327,F1,1,,,,,
2026-09-01,2026-09-01,CM,NSE,STK,760242,INE1RDG01013,PNGSREVA,EQ,,,,,PNGS REVA DIAMOND JEWEL L,537.25,544.3,492.55,511.25,509.0,536.55,,511.27,,,287474,147795511.15,10616,F1,1,,,,,
2026-09-01,2026-09-01,CM,NSE,STK,19036,INE371C01013,PODDARMENT,EQ,,,,,PODDAR PIGMENTS LIMITED,255.0,256.65,250.3,256.2,256.25,254.75,,256.2,,,3211,814722.95,70,F1,1,,,,,
2026-09-01,2026-09-01,CM,NSE,STK,17651,INE637C01025,POKARNA,EQ,,,,,POKARNA LIMITED,854.85,856.95,838.0,841.95,840.0,854.85,,841.96,,,38548,32646520.4,2022,F1,1,,,,,
2026-09-01,2026-09-01,CM,NSE,STK,25718,INE205C01021,POLYMED,EQ,,,,,POLY MEDICURE LIMITED,1754.9,1765.0,1721.6,1756.4,1750.0,1759.6,,1756.37,,,180195,315063229.2,15239,F1,1,,,,,
2026-09-01,2026-09-01,CM,NSE,STK,9590,INE455K01017,POLYCAB,EQ,,,,,POLYCAB INDIA LIMITED,9200.0,9209.0,8871.0,8895.5,8895.5,9445.0,,8895.9,,,653035,5880556999.5,72556,F1,1,,,,,
2026-09-01,2026-09-01,CM,NSE,STK,2687,INE633B01018,POLYPLEX,EQ,,,,,POLYPLEX CORPORATION LTD,1183.1,1203.9,1175.0,1187.7,1185.0,1182.6,,1187.74,,,59402,70840266.2,5223,F1,1,,,,,
2026-09-01,2026-09-01,CM,NSE,STK,22711,INE517M01028,POLYSIL,SM,,,,,POLYSIL IRRIGATION SYST L,60.9,60.9,60.75,60.9,60.9,58.0,,60.9,,,44500,2709200.0,35,F1,500,,,,,
2026-09-01,2026-09-01,CM,NSE,STK,765150,INE914G01029,POLYSPIN,EQ,,,,,POLYSPIN EXPORTS LTD.,30.44,30.44,30.1,30.1,30.1,30.46,,30.1,,,30,908.1,2,F1,1,,,,,
2026-09-01,2026-09-01,CM,NSE,STK,14385,INE063E01061,POCL,EQ,,,,,PONDY OXIDES & CHEM LTD,499.8,500.5,480.0,484.75,487.8,495.6,,484.77,,,445559,216864442.75,10542,F1,1,,,,,
2026-09-01,2026-09-01,CM,NSE,STK,10661,INE838E01017,PONNIERODE,EQ,,,,,PONNIE SUGARS (ERODE) LTD,406.5,406.5,377.1,380.2,380.0,403.3,,380.2,,,37380,14457825.1,1745,F1,1,,,,,
2026-09-01,2026-09-01,CM,NSE,STK,11403,INE511C01022,POONAWALLA,EQ,,,,,POONAWALLA FINCORP LTD,463.85,467.0,454.9,460.95,460.6,463.8,,460.65,,,1157729,535464333.45,21916,F1,1,,,,,
2026-09-01,2026-09-01,CM,NSE,STK,23142,INE772T01024,PVSL,EQ,,,,,POPULAR VEHICLES N SER L,103.0,106.99,103.0,103.7,103.0,105.02,,103.91,,,21737,2261075.33,776,F1,1,,,,,
2026-09-01,2026-09-01,CM,NSE,STK,24864,INE0S3H01017,POSITRON,SM,,,,,POSITRON ENERGY LIMITED,165.0,168.9,164.0,168.0,168.0,165.0,,168.0,,,4800,804795.0,16,F1,300,,,,,
2026-09-01,2026-09-01,CM,NSE,STK,14299,INE134E01011,PFC,EQ,,,,,POWER FIN CORP LTD.,343.3,347.75,343.2,345.8,345.8,336.3,,345.8,,,8352858,2885590302.1,50421,F1,1,,,,,
2026-09-01,2026-09-01,CM,NSE,STK,14977,INE752E01010,POWERGRID,EQ,,,,,POWER GRID CORP. LTD.,263.3,264.55,261.7,264.55,264.55,263.55,,264.55,,,8499123,2235648115.6,45472,F1,1,,,,,
2026-09-01,2026-09-01,CM,NSE,STK,15716,INE557Z01018,PIGL,EQ,,,,,POWER INSTRUMENT (G) LTD,100.25,102.0,99.0,99.68,100.1,100.16,,99.69,,,40325,4035548.5,525,F1,1,,,,,
2026-09-01,2026-09-01,CM,NSE,STK,10473,INE211R01019,POWERMECH,EQ,,,,,POWER MECH PROJECTS LTD.,2521.0,2528.0,2454.0,2481.0,2480.0,2521.2,,2481.3,,,48114,119651341.1,8915,F1,1,,,,,
2026-09-01,2026-09-01,CM,NSE,STK,3494,INE0GGX23010,PGINVIT,IV,,,,,POWERGRID INFRA. INVITS,100.45,100.45,99.9,100.25,100.45,99.94,,100.26,,,882657,88333742.99,5414,F1,1,,,,,
2026-09-01,2026-09-01,CM,NSE,STK,761680,INE921L01032,POWERICA,EQ,,,,,POWERICA LIMITED,519.0,524.75,509.0,512.35,509.05,519.0,,512.31,,,42474,21877376.0,1883,F1,1,,,,,
2026-09-01,2026-09-01,CM,NSE,STK,15213,INE095I01015,PPAP,BE,,,,,PPAP AUTOMOTIVE LIMITED,262.8,273.0,258.0,269.3,270.0,261.75,,269.26,,,12990,3454026.7,244,F1,1,,,,,
2026-09-01,2026-09-01,CM,NSE,STK,30134,INE0I0M01023,PRABHA,EQ,,,,,PRABHA ENERGY LIMITED,205.78,215.0,201.1,212.56,213.3,204.61,,212.57,,,121456,25158638.65,1705,F1,1,,,,,
2026-09-01,2026-09-01,CM,NSE,STK,762842,INE770A01010,PRADPME,BE,,,,,PRADEEP METALS LTD.,486.0,490.95,480.3,490.35,490.0,495.3,,487.21,,,4344,2110153.85,84,F1,1,,,,,
2026-09-01,2026-09-01,CM,NSE,STK,2705,INE074A01025,PRAJIND,EQ,,,,,PRAJ INDUSTRIES LTD,344.0,346.7,337.4,340.3,341.5,343.9,,340.25,,,428898,146338196.55,11054,F1,1,,,,,
2026-09-01,2026-09-01,CM,NSE,STK,13941,INE505C01016,PRAENG,EQ,,,,,PRAJAY ENG. SYN. LTD.,20.91,25.2,20.91,24.44,24.34,21.49,,24.44,,,530839,12569219.31,1399,F1,1,,,,,
2026-09-01,2026-09-01,CM,NSE,STK,2708,INE603A01013,PRAKASH,EQ,,,,,PRAKASH INDUSTRIES LTD,128.0,128.01,125.0,126.22,125.99,127.4,,126.22,,,256292,32448231.97,3296,F1,1,,,,,
2026-09-01,2026-09-01,CM,NSE,STK,10299,INE050001010,PPL,BE,,,,,PRAKASH PIPES LIMITED,260.1,264.0,258.65,261.55,261.35,261.4,,261.58,,,14974,3901161.05,256,F1,1,,,,,
2026-09-01,2026-09-01,CM,NSE,STK,19599,INE696K01024,PRAKASHSTL,EQ,,,,,PRAKASH STEELAGE LTD,3.85,3.93,3.81,3.87,3.88,3.86,,3.86,,,54237,210050.69,211,F1,1,,,,,
2026-09-01,2026-09-01,CM,NSE,STK,18514,INE0O7A01017,PRAMARA,SM,,,,,PRAMARA PROMOTIONS LTD,119.0,119.0,112.0,112.0,112.0,111.85,,112.0,,,49000,5623375.0,14,F1,500,,,,,
2026-09-01,2026-09-01,CM,NSE,STK,765290,INE2JG601017,PRAMODINI,ST,,,,,PRAMODINI MEDICARE LTD,117.95,118.3,115.05,117.1,117.4,116.5,,117.1,,,45600,5315340.0,30,F1,1200,,,,,
2026-09-01,2026-09-01,CM,NSE,STK,25818,INE0VJG01014,PRANIK,SM,,,,,PRANIK LOGISTICS LIMITED,43.0,43.0,43.0,43.0,43.0,43.0,,43.0,,,1600,68800.0,1,F1,1600,,,,,
2026-09-01,2026-09-01,CM,NSE,STK,21840,INE393P01035,DIAMONDYD,EQ,,,,,PRATAAP SNACKS LIMITED,1147.1,1160.1,1127.6,1144.8,1143.0,1147.1,,1144.8,,,27059,30929920.2,991,F1,1,,,,,
2026-09-01,2026-09-01,CM,NSE,STK,23113,INE0QA601016,PRATHAM,SM,,,,,PRATHAM EPC PROJECTS LTD,122.9,122.9,119.35,119.35,119.35,119.35,,119.35,,,1600,193860.0,4,F1,400,,,,,
2026-09-01,2026-09-01,CM,NSE,STK,762844,INE722B01019,PRAVEG,EQ,,,,,PRAVEG LTD.,267.05,272.0,262.55,265.95,262.55,265.1,,265.62,,,33778,8970765.5,1156,F1,1,,,,,
2026-09-01,2026-09-01,CM,NSE,STK,1204,INE546Y01022,PRAXIS,EQ,,,,,PRAXIS HOME RETAIL LTD,4.82,4.82,4.6,4.69,4.7,4.75,,4.69,,,135235,634750.24,243,F1,1,,,,,
2026-09-01,2026-09-01,CM,NSE,STK,12603,INE484I01029,PRECAM,EQ,,,,,PRECISION CAMSHAFTS LTD.,125.26,127.59,122.1,123.15,123.7,125.46,,123.13,,,133543,16615708.04,2780,F1,1,,,,,
2026-09-01,2026-09-01,CM,NSE,STK,7963,INE0HKW01018,PRECISION,ST,,,,,PRECISION METALIKS LTD,6.75,6.75,6.75,6.75,6.75,6.75,,6.75,,,6000,40500.0,3,F1,2000,,,,,
2026-09-01,2026-09-01,CM,NSE,STK,2717,INE372C01037,PRECWIRE,EQ,,,,,PRECISION WIRES INDIA LTD,505.05,510.95,488.3,497.3,495.5,505.6,,497.3,,,861436,428201646.2,26259,F1,1,,,,,
2026-09-01,2026-09-01,CM,NSE,STK,2711,INE283A01014,PRECOT,EQ,,,,,PRECOT LIMITED,727.0,727.0,691.5,694.9,693.5,704.55,,694.9,,,2423,1702380.0,231,F1,1,,,,,
2026-09-01,2026-09-01,CM,NSE,STK,762849,INE001E01012,PREMCO,EQ,,,,,PREMCO GLOBAL LTD.,380.0,389.0,377.2,382.6,377.2,380.4,,382.6,,,116,44310.8,10,F1,1,,,,,
2026-09-01,2026-09-01,CM,NSE,STK,25049,INE0BS701011,PREMIERENE,EQ,,,,,PREMIER ENERGIES LIMITED,1023.1,1028.8,1011.1,1012.9,1012.9,1036.3,,1012.9,,,506640,516450801.3,22413,F1,1,,,,,
2026-09-01,2026-09-01,CM,NSE,STK,17397,INE863B01029,PREMEXPLN,EQ,,,,,PREMIER EXPLOSIVES LTD,662.15,668.0,662.0,663.95,664.0,662.8,,663.94,,,85642,56863403.95,1664,F1,1,,,,,
2026-09-01,2026-09-01,CM,NSE,STK,6248,INE342A01018,PREMIER,BE,,,,,PREMIER LIMITED,2.98,2.98,2.8,2.9,2.9,2.94,,2.9,,,6998,20086.62,35,F1,1,,,,,
2026-09-01,2026-09-01,CM,NSE,STK,3908,INE309M01020,PREMIERPOL,EQ,,,,,PREMIER POLYFILM LTD,89.82,94.6,89.5,90.44,90.2,90.58,,90.45,,,300461,27652598.49,4116,F1,1,,,,,
2026-09-01,2026-09-01,CM,NSE,STK,23764,INE0CFG01012,PRLIND,SM,,,,,PREMIER ROADLINES LIMITED,42.15,42.15,41.6,41.6,41.6,42.1,,41.6,,,16000,669950.0,14,F1,1000,,,,,
2026-09-01,2026-09-01,CM,NSE,STK,20498,INE0R1601012,PRESSTONIC,SM,,,,,PRESSTONIC ENGINEERING L,33.0,34.2,32.0,33.0,33.0,34.0,,33.0,,,38400,1259600.0,29,F1,800,,,,,
2026-09-01,2026-09-01,CM,NSE,STK,20302,INE811K01011,PRESTIGE,EQ,,,,,PRESTIGE ESTATE LTD,1597.1,1597.1,1548.2,1570.0,1570.0,1633.0,,1570.0,,,701659,1097238757.3,32817,F1,1,,,,,
2026-09-01,2026-09-01,CM,NSE,STK,19631,INE726V01018,PRICOLLTD,EQ,,,,,PRICOL LIMITED,814.95,814.95,783.95,797.0,798.0,803.25,,797.02,,,308540,245252806.65,15069,F1,1,,,,,
2026-09-01,2026-09-01,CM,NSE,STK,759075,INE0CQA01020,PRIMECAB,ST,,,,,PRIME CABLE INDUSTRIES L,202.55,202.55,195.5,198.0,198.0,195.5,,198.0,,,12800,2552880.0,8,F1,1600,,,,,
2026-09-01,2026-09-01,CM,NSE,STK,13496,INE367G01038,PFOCUS,EQ,,,,,PRIME FOCUS LIMITED,287.7,299.4,281.5,286.5,287.95,287.3,,286.5,,,803910,233932267.8,16257,F1,1,,,,,
2026-09-01,2026-09-01,CM,NSE,STK,11864,INE032B01021,PRIMESECU,EQ,,,,,PRIME SECURITIES LIMITED,286.95,296.45,281.15,282.7,285.0,286.95,,282.72,,,37051,10663737.65,590,F1,1,,,,,
2026-09-01,2026-09-01,CM,NSE,STK,756925,INE607A01022,PRIMO,EQ,,,,,PRIMO CHEMICALS LIMITED,21.01,21.65,20.95,21.26,21.16,21.12,,21.27,,,93270,1985241.09,992,F1,1,,,,,
2026-09-01,2026-09-01,CM,NSE,STK,16045,INE689W01016,PRINCEPIPE,EQ,,,,,PRINCE PIPES FITTINGS LTD,294.1,295.35,285.0,291.75,292.0,294.1,,291.74,,,155581,45128079.65,5623,F1,1,,,,,
2026-09-01,2026-09-01,CM,NSE,STK,2739,INE010A01011,PRSMJOHNSN,EQ,,,,,PRISM JOHNSON LIMITED,111.3,112.7,111.0,111.2,111.1,111.22,,111.2,,,322538,35999330.83,4440,F1,1,,,,,
2026-09-01,2026-09-01,CM,NSE,STK,765155,INE286N01028,PRISMX,EQ,,,,,PRISMX GLOBAL VENTURES L,0.54,0.55,0.53,0.53,0.54,0.53,,0.53,,,132128,70986.04,128,F1,1,,,,,
2026-09-01,2026-09-01,CM,NSE,STK,8310,INE974Z01015,PRITI,BE,,,,,PRITI INTERNATIONAL LTD,33.25,33.99,33.25,33.29,33.25,33.25,,33.29,,,1806,60143.69,43,F1,1,,,,,
2026-09-01,2026-09-01,CM,NSE,STK,5296,INE583R01029,PRITIKAUTO,BE,,,,,PRITIKA AUTO INDUS LTD,17.06,17.06,16.55,16.75,16.78,17.06,,16.75,,,89467,1495851.95,357,F1,1,,,,,
2026-09-01,2026-09-01,CM,NSE,STK,9342,INE392B01011,PNC,EQ,,,,,PRITISH NANDY COMMUNICATI,17.31,17.48,16.6,16.89,16.9,17.31,,16.89,,,8774,149932.76,170,F1,1,,,,,
2026-09-01,2026-09-01,CM,NSE,STK,8825,INE959A01019,PRIVISCL,EQ,,,,,PRIVI SPECIALITY CHE LTD,3484.8,3484.8,3309.7,3345.9,3338.0,3474.1,,3345.94,,,125467,422378130.5,20642,F1,1,,,,,
2026-09-01,2026-09-01,CM,NSE,STK,24511,INE0V9N01017,PRIZOR,ST,,,,,PRIZOR VIZTECH LIMITED,1131.25,1131.25,1131.25,1131.25,1131.25,1109.1,,1131.25,,,26000,29412500.0,59,F1,400,,,,,
2026-09-01,2026-09-01,CM,NSE,STK,757806,INE0VJT01017,PROFX,SM,,,,,PRO FX TECH LIMITED,82.0,82.5,80.0,80.0,80.0,78.1,,80.0,,,12800,1037520.0,7,F1,1600,,,,,
2026-09-01,2026-09-01,CM,NSE,STK,940,INE199A01012,PGHL,EQ,,,,,PROCTER & GAMBLE HEALTH L,5741.0,5825.0,5663.5,5776.0,5780.0,5768.0,,5776.28,,,8755,50486768.0,2369,F1,1,,,,,
2026-09-01,2026-09-01,CM,NSE,STK,19352,INE994V01012,PROLIFE,SM,,,,,PROLIFE INDUSTRIES LTD,80.0,80.0,80.0,80.0,80.0,80.5,,80.0,,,1500,120000.0,3,F1,500,,,,,
2026-09-01,2026-09-01,CM,NSE,STK,764345,INE1FFX01018,PROPSHOP,SM,,,,,PROPSHOP EVENTS AND EXH L,69.5,72.25,61.0,66.2,66.0,70.85,,66.2,,,200000,13203500.0,70,F1,2000,,,,,
2026-09-01,2026-09-01,CM,NSE,STK,758173,INE0BX301013,PROSTARM,EQ,,,,,PROSTARM INFO SYSTEMS LTD,137.19,137.19,131.01,131.72,131.2,136.18,,131.72,,,143547,19058203.4,1773,F1,1,,,,,
2026-09-01,2026-09-01,CM,NSE,STK,29472,INE004A01022,PROTEAN,EQ,,,,,PROTEAN EGOV TECHNO LTD,524.3,525.0,507.2,509.9,510.0,520.85,,509.91,,,242188,124403169.25,9467,F1,1,,,,,
2026-09-01,2026-09-01,CM,NSE,STK,16483,INE0ONE01016,PROV,SM,,,,,PROVENTUS AGROCOM LIMITED,1850.0,1885.0,1850.0,1875.0,1875.0,1881.0,,1875.0,,,2560,4740800.0,3,F1,80,,,,,
2026-09-01,2026-09-01,CM,NSE,STK,28859,INE195N01013,PROZONER,EQ,,,,,PROZONE REALTY LIMITED,45.0,45.78,44.0,44.92,45.35,44.92,,44.92,,,299042,13407161.09,1537,F1,1,,,,,
2026-09-01,2026-09-01,CM,NSE,STK,9553,INE00F201020,PRUDENT,EQ,,,,,PRUDENT CORP ADV SER LTD,3700.0,3729.8,3305.4,3352.3,3340.0,3674.4,,3352.09,,,95588,327681533.1,18894,F1,1,,,,,
2026-09-01,2026-09-01,CM,NSE,STK,20528,INE024D01016,PRUDMOULI,BE,,,,,PRUDENTIAL SUGAR CORPORAT,16.78,16.78,16.1,16.42,16.43,16.5,,16.32,,,2335,37706.0,15,F1,1,,,,,
2026-09-01,2026-09-01,CM,NSE,STK,20877,INE488V01015,PSPPROJECT,EQ,,,,,PSP PROJECTS LIMITED,879.7,895.0,866.1,874.5,867.0,876.7,,874.43,,,40894,36008642.3,2423,F1,1,,,,,
2026-09-01,2026-09-01,CM,NSE,STK,22602,INE560K01014,PFS,EQ,,,,,PTC INDIA FIN SERV LTD,27.03,27.42,26.87,26.96,26.87,27.02,,26.96,,,377079,10182117.2,2128,F1,1,,,,,
2026-09-01,2026-09-01,CM,NSE,STK,11355,INE877F01012,PTC,EQ,,,,,PTC INDIA LIMITED,151.95,158.92,151.94,155.2,155.5,150.89,,155.2,,,3061118,479162660.01,23027,F1,1,,,,,
2026-09-01,2026-09-01,CM,NSE,STK,16682,INE596F01018,PTCIL,EQ,,,,,PTC INDUSTRIES LIMITED,21860.0,22945.0,21835.0,22755.0,22665.0,22114.0,,22753.72,,,56171,1265617680.0,21113,F1,1,,,,,
2026-09-01,2026-09-01,CM,NSE,STK,14101,INE034D01049,PTL,EQ,,,,,PTL ENTERPRISES LTD,38.26,38.99,38.16,38.39,38.3,38.65,,38.39,,,20969,807182.87,910,F1,1,,,,,
2026-09-01,2026-09-01,CM,NSE,STK,15377,INE865T01018,PDMJEPAPER,EQ,,,,,PUDUMJEE PAPER PRO. LTD,95.08,95.94,91.01,92.57,92.47,95.21,,92.55,,,130691,12127111.64,2084,F1,1,,,,,
2026-09-01,2026-09-01,CM,NSE,STK,507,INE335X01014,PULZ,SM,,,,,PULZ ELECTRONICS LIMITED,22.4,22.95,22.4,22.95,22.95,22.35,,22.95,,,6000,135500.0,3,F1,2000,,,,,
2026-09-01,2026-09-01,CM,NSE,STK,21001,INE608A01012,PSB,EQ,,,,,PUNJAB & SIND BANK,22.87,22.94,22.51,22.58,22.6,22.89,,22.58,,,890182,20242483.62,3310,F1,1,,,,,
2026-09-01,2026-09-01,CM,NSE,STK,4344,INE277B01014,PUNJABCHEM,EQ,,,,,PUNJAB CHEM & CROP PROT L,1116.5,1122.6,1098.1,1109.3,1110.0,1118.5,,1109.27,,,1918,2129495.5,295,F1,1,,,,,
2026-09-01,2026-09-01,CM,NSE,STK,10666,INE160A01022,PNB,EQ,,,,,PUNJAB NATIONAL BANK,114.49,116.5,114.07,115.22,115.22,114.23,,115.21,,,10969598,1265741477.57,33457,F1,1,,,,,
2026-09-01,2026-09-01,CM,NSE,STK,14922,INE323I01011,PURVA,EQ,,,,,PURAVANKARA LIMITED,213.0,214.0,210.0,212.38,214.0,212.93,,212.38,,,69983,14807078.95,2210,F1,1,,,,,
2026-09-01,2026-09-01,CM,NSE,STK,28044,INE0P5R01014,PURPLEUTED,ST,,,,,PURPLE UNITED SALES LTD,396.2,403.0,387.0,395.3,398.9,402.5,,395.3,,,29750,11698362.5,86,F1,250,,,,,
2026-09-01,2026-09-01,CM,NSE,STK,22938,INE0R6C01012,PURVFLEXI,SM,,,,,PURV FLEXIPACK LIMITED,49.1,50.9,49.0,50.9,50.9,51.55,,50.9,,,4000,197600.0,5,F1,800,,,,,
2026-09-01,2026-09-01,CM,NSE,STK,757683,INE154801018,PUSHPA,SM,,,,,PUSHPA JEWELLERS LIMITED,106.25,111.2,106.25,107.2,107.2,113.4,,107.2,,,8000,878700.0,8,F1,1000,,,,,
2026-09-01,2026-09-01,CM,NSE,STK,4010,INE362A01016,PVP,EQ,,,,,PVP VENTURES LIMITED,67.7,71.9,65.06,65.06,65.06,68.48,,65.04,,,4370907,305973129.98,14489,F1,1,,,,,
2026-09-01,2026-09-01,CM,NSE,STK,13147,INE191H01014,PVRINOX,EQ,,,,,PVR INOX LIMITED,1244.0,1244.0,1211.0,1228.2,1226.4,1207.7,,1228.22,,,838525,1030791910.9,40875,F1,1,,,,,
2026-09-01,2026-09-01,CM,NSE,STK,18250,INE0MIS01010,PYRAMID,EQ,,,,,PYRAMID TECHNOPLAST LTD,158.48,160.48,156.5,158.08,158.44,158.47,,158.08,,,26551,4220229.22,478,F1,1,,,,,
2026-09-01,2026-09-01,CM,NSE,STK,763594,INE1G2W01011,QLINE,SM,,,,,Q-LINE BIOTECH LIMITED,593.0,617.95,583.1,587.05,587.0,595.55,,587.05,,,182000,108346920.0,312,F1,400,,,,,
2026-09-01,2026-09-01,CM,NSE,STK,751653,INE0FMW01018,QMSMEDI,BE,,,,,QMS MEDICAL ALLIED S LTD,159.5,164.7,157.0,161.31,161.99,157.21,,161.31,,,39976,6478405.3,266,F1,1,,,,,
2026-09-01,2026-09-01,CM,NSE,STK,5870,INE0GOJ01027,QUADPRO,SM,,,,,QUADPRO ITES LIMITED,2.45,2.45,2.45,2.45,2.45,2.4,,2.45,,,24000,58800.0,2,F1,12000,,,,,
2026-09-01,2026-09-01,CM,NSE,STK,29087,INE0LRY01011,QUADFUTURE,EQ,,,,,QUADRANT FUTURE TEK LTD,421.55,437.7,412.8,419.15,419.25,421.55,,418.91,,,441477,187240950.7,14090,F1,1,,,,,
2026-09-01,2026-09-01,CM,NSE,STK,29711,INE0SII01026,QPOWER,EQ,,,,,QUALITY POWER ELEC EQUP L,1449.0,1500.0,1440.0,1488.0,1485.4,1435.8,,1488.26,,,305160,449676895.4,16821,F1,1,,,,,
2026-09-01,2026-09-01,CM,NSE,STK,15330,INF082J01408,QGOLDHALF,EQ,,,,,QUANTUM GOLD ETF,127.68,127.86,125.31,125.58,125.65,127.78,,125.58,,,430633,54284377.77,1576,F1,1,,,,,
2026-09-01,2026-09-01,CM,NSE,STK,16819,INF082J01499,QNIFTY,EQ,,,,,QUANTUM NIFTY 50 ETF,264.6,266.0,264.0,264.36,264.4,265.3,,264.36,,,1110,294405.8,146,F1,1,,,,,
2026-09-01,2026-09-01,CM,NSE,STK,765392,INF966L01EI5,SILVER001,EQ,,,,,QUANT_AMC - SILVER001,24.05,24.14,22.98,23.0,23.0,23.58,,23.0,,,38711,902009.6,199,F1,1,,,,,
2026-09-01,2026-09-01,CM,NSE,STK,17704,INE615P01015,QUESS,EQ,,,,,QUESS CORP LIMITED,382.0,386.95,374.8,379.5,384.7,381.75,,379.47,,,560755,213711663.35,26726,F1,1,,,,,
2026-09-01,2026-09-01,CM,NSE,STK,23793,INE0TNW01017,QUESTLAB,SM,,,,,QUEST LABORATORIES LTD,87.25,87.65,85.15,85.65,86.0,87.2,,85.65,,,27600,2386980.0,16,F1,1200,,,,,
2026-09-01,2026-09-01,CM,NSE,STK,13131,INE306L01010,QUICKHEAL,BE,,,,,QUICK HEAL TECH LTD,136.2,139.0,136.0,137.23,137.4,137.0,,137.23,,,37343,5154728.74,573,F1,1,,,,,
2026-09-01,2026-09-01,CM,NSE,STK,15285,INE0K4D01020,QUICKTOUCH,SM,,,,,QUICKTOUCH TECHNOLOGIES L,15.8,15.85,15.8,15.85,15.8,15.8,,15.85,,,3000,47450.0,5,F1,500,,,,,
2026-09-01,2026-09-01,CM,NSE,STK,762854,INE641R01017,QUINT,EQ,,,,,QUINT DIGITAL LTD.,41.4,41.4,39.99,40.97,40.98,41.02,,40.98,,,2670,108754.01,48,F1,1,,,,,
2026-09-01,2026-09-01,CM,NSE,STK,24957,INE0KZF01015,QVCEL,SM,,,,,QVC EXPORTS LIMITED,24.8,24.8,23.6,23.65,23.6,24.8,,23.65,,,28800,688400.0,16,F1,1600,,,,,
2026-09-01,2026-09-01,CM,NSE,STK,23043,INE0NQ801033,RKSWAMY,EQ,,,,,R K SWAMY LIMITED,92.9,92.9,90.0,90.58,90.31,91.79,,90.58,,,33508,3048222.21,754,F1,1,,,,,
2026-09-01,2026-09-01,CM,NSE,STK,757836,INE219Y01026,RMDRIP,BE,,,,,R M DRIP & SPRINK SYS LTD,21.44,22.0,21.44,21.77,21.9,21.33,,21.79,,,360880,7859642.48,1012,F1,1,,,,,
2026-09-01,2026-09-01,CM,NSE,STK,762864,INE951M01037,RRIL,EQ,,,,,R R I L LTD.,16.81,17.3,16.66,16.67,16.67,16.81,,16.73,,,3127,52493.32,35,F1,1,,,,,
2026-09-01,2026-09-01,CM,NSE,STK,18566,INE777K01022,RRKABEL,EQ,,,,,R R KABEL LIMITED,2942.6,2980.0,2834.0,2869.8,2874.0,2928.4,,2869.75,,,520093,1516183307.2,41875,F1,1,,,,,
2026-09-01,2026-09-01,CM,NSE,STK,762872,INE616F01022,RSDFIN,BE,,,,,R S D FINANCE LTD.,97.0,101.0,95.0,97.6,97.6,97.02,,97.6,,,1045,103253.02,44,F1,1,,,,,
2026-09-01,2026-09-01,CM,NSE,STK,13414,INE411H01032,RSYSTEMS,EQ,,,,,R SYS INTERNATIONAL LTD,245.3,257.4,243.36,255.74,255.7,245.3,,255.74,,,464401,117489036.17,9070,F1,1,,,,,
2026-09-01,2026-09-01,CM,NSE,STK,764855,INE005C01017,RTSPOWR,EQ,,,,,R T S POWER CORPN. LTD.,86.6,93.75,86.6,89.08,90.0,86.57,,89.75,,,4669,429518.68,100,F1,1,,,,,
2026-09-01,2026-09-01,CM,NSE,STK,758981,INE012Q01039,RNBDENIMS,EQ,,,,,R&B DENIMS LIMITED,10.83,10.83,10.83,10.83,10.83,10.32,,10.83,,,176886,1915675.38,163,F1,1,,,,,
2026-09-01,2026-09-01,CM,NSE,STK,6429,INE165B01029,RSSOFTWARE,EQ,,,,,R. S. SOFTWARE (INDIA) LI,29.8,30.5,28.4,28.72,28.43,29.74,,28.73,,,70785,2062065.45,652,F1,1,,,,,
2026-09-01,2026-09-01,CM,NSE,STK,20760,INE324L01013,RPPINFRA,EQ,,,,,R.P.P INFRA PROJECTS LTD,56.04,57.3,55.41,56.57,57.3,55.62,,56.53,,,38477,2159508.95,490,F1,1,,,,,
2026-09-01,2026-09-01,CM,NSE,STK,762244,INE2PB023011,RIIT,IV,,,,,RAAJMARG INFRA INVEST T,122.5,122.5,121.0,121.32,121.0,121.49,,121.32,,,399898,48576459.26,1329,F1,1,,,,,
2026-09-01,2026-09-01,CM,NSE,STK,15391,INE084Q01012,RACE,EQ,,,,,RACE ECO CHAIN LIMITED,100.0,103.0,98.55,99.68,98.68,101.0,,99.7,,,25870,2608794.04,172,F1,1,,,,,
2026-09-01,2026-09-01,CM,NSE,STK,9854,INE02OY01016,RILINFRA,SM,,,,,RACHANA INFRA LTD,35.4,36.2,35.4,35.7,35.8,36.2,,35.7,,,5000,178750.0,27,F1,100,,,,,
2026-09-01,2026-09-01,CM,NSE,STK,27171,INE704B01017,RACLGEAR,EQ,,,,,RACL GEARTECH LIMITED,1544.0,1597.0,1521.8,1537.9,1531.5,1535.8,,1537.85,,,60673,94834584.0,9066,F1,1,,,,,
2026-09-01,2026-09-01,CM,NSE,STK,10932,INE874F01027,RADAAN,EQ,,,,,RADAAN MEDIAWORKS (I) LTD,3.1,3.1,2.56,2.9,2.92,3.07,,2.92,,,158918,443980.24,251,F1,1,,,,,
2026-09-01,2026-09-01,CM,NSE,STK,10343,INE583V01021,RADHIKAJWE,EQ,,,,,RADHIKA JEWELTECH LIMITED,67.15,74.5,67.15,71.1,70.59,67.45,,71.1,,,4272940,309128600.55,27087,F1,1,,,,,
2026-09-01,2026-09-01,CM,NSE,STK,13580,INE855R01021,RADIANTCMS,EQ,,,,,RADIANT CASH MGMT SER LTD,39.89,40.49,38.8,39.07,39.45,39.7,,39.08,,,365694,14483487.88,3064,F1,1,,,,,
2026-09-01,2026-09-01,CM,NSE,STK,10990,INE944F01028,RADICO,EQ,,,,,RADICO KHAITAN LTD,4481.4,4540.0,4393.4,4474.3,4474.3,4485.0,,4474.38,,,473936,2114846431.0,32541,F1,1,,,,,
2026-09-01,2026-09-01,CM,NSE,STK,23445,INE430U01019,RADIOWALLA,ST,,,,,RADIOWALLA NETWORK LTD,30.25,30.25,30.25,30.25,30.25,28.85,,30.25,,,11200,338800.0,4,F1,1600,,,,,
2026-09-01,2026-09-01,CM,NSE,STK,24735,INE912T01018,RPEL,EQ,,,,,RAGHAV PRODUCTIVITY ENH L,1798.0,1798.0,1685.2,1727.1,1722.0,1771.2,,1727.32,,,83386,144095388.7,10855,F1,1,,,,,
2026-09-01,2026-09-01,CM,NSE,STK,9552,INE415G01027,RVNL,EQ,,,,,RAIL VIKAS NIGAM LIMITED,210.21,212.23,208.0,208.38,208.38,210.0,,208.38,,,3502970,734968508.74,38953,F1,1,,,,,
2026-09-01,2026-09-01,CM,NSE,STK,2431,INE0DD101019,RAILTEL,EQ,,,,,RAILTEL CORP OF IND LTD,274.55,283.1,274.45,277.9,277.3,275.9,,277.91,,,829423,231420804.6,14423,F1,1,,,,,
2026-09-01,2026-09-01,CM,NSE,STK,15337,INE855B01025,RAIN,EQ,,,,,RAIN INDUSTRIES LIMITED,197.1,209.7,196.72,206.55,206.1,195.35,,206.55,,,7806876,1604789162.85,51717,F1,1,,,,,
2026-09-01,2026-09-01,CM,NSE,STK,9408,INE961O01016,RAINBOW,EQ,,,,,RAINBOW CHILDRENS MED LTD,1420.0,1469.2,1414.3,1446.4,1447.9,1414.7,,1446.36,,,184439,267825170.3,22689,F1,1,,,,,
2026-09-01,2026-09-01,CM,NSE,STK,359,INE294G01026,ROML,EQ,,,,,RAJ OIL MILLS LIMITED,42.63,44.26,42.63,43.15,43.15,42.62,,43.15,,,3185,139129.59,70,F1,1,,,,,
2026-09-01,2026-09-01,CM,NSE,STK,8428,INE533D01032,RAJRILTD,BE,,,,,RAJ RAYON INDUSTRIES LTD,23.71,23.71,22.81,22.81,22.81,23.27,,22.85,,,14131,323356.17,105,F1,1,,,,,
2026-09-01,2026-09-01,CM,NSE,STK,14403,INE952H01027,RAJTV,EQ,,,,,RAJ TV NETWORK LTD,9.97,9.97,9.39,9.39,9.39,9.88,,9.39,,,38390,360844.25,169,F1,1,,,,,
2026-09-01,2026-09-01,CM,NSE,STK,762859,INE296E01026,RAJPALAYAM,EQ,,,,,RAJAPALAYAM MILLS LTD.,800.0,819.75,800.0,810.0,810.0,806.65,,810.0,,,990,801170.95,50,F1,1,,,,,
2026-09-01,2026-09-01,CM,NSE,STK,181,INE610C01014,ARENTERP,EQ,,,,,RAJDARSHAN INDUSTRIES LTD,36.97,36.97,35.1,35.31,35.31,36.97,,34.27,,,872,31034.95,33,F1,1,,,,,
2026-09-01,2026-09-01,CM,NSE,STK,760461,INE343B01030,RAJESHEXPO,BZ,,,,,RAJESH EXPORTS LTD,76.8,77.0,75.3,75.71,75.99,75.93,,75.69,,,78463,5973181.7,863,F1,1,,,,,
2026-09-01,2026-09-01,CM,NSE,STK,765445,INE0BZQ20011,RCDL-RE,ST,,,,,RAJGOR CAST DERIVATI LTD,3.5,4.0,2.9,2.9,2.9,4.8,,2.9,,,393000,1240350.0,87,F1,3000,,,,,
2026-09-01,2026-09-01,CM,NSE,STK,19681,INE0BZQ01011,RCDL,SM,,,,,RAJGOR CASTOR DERIVATI L,15.95,15.95,15.3,15.3,15.3,17.0,,15.3,,,51000,791550.0,17,F1,3000,,,,,
2026-09-01,2026-09-01,CM,NSE,STK,2168,INE00KV01022,RAJMET,EQ,,,,,RAJNANDINI METAL LIMITED,3.09,3.18,3.09,3.11,3.13,3.1,,3.11,,,286357,895973.14,750,F1,1,,,,,
2026-09-01,2026-09-01,CM,NSE,STK,757052,INE535F01024,RAJOOENG,BE,,,,,RAJOO ENGINEERS LIMITED,47.68,49.8,46.51,49.45,49.5,48.09,,49.48,,,365942,17545483.6,1529,F1,1,,,,,
2026-09-01,2026-09-01,CM,NSE,STK,27269,INE0VHU01019,RAJPUTANA,SM,,,,,RAJPUTANA BIODIESEL LTD,237.95,243.95,234.35,242.0,242.0,238.0,,242.0,,,31000,7417800.0,51,F1,500,,,,,
2026-09-01,2026-09-01,CM,NSE,STK,24707,INE0PCU01012,RAJINDLTD,SM,,,,,RAJPUTANA INDUSTRIES LTD,66.2,67.0,64.0,64.8,64.0,65.0,,64.8,,,10500,685950.0,6,F1,1500,,,,,
2026-09-01,2026-09-01,CM,NSE,STK,761439,INE313L01016,RSL,EQ,,,,,RAJPUTANA STAINLESS LTD,177.3,183.53,175.95,176.74,177.5,177.66,,176.76,,,348027,62635616.72,4323,F1,1,,,,,
2026-09-01,2026-09-01,CM,NSE,STK,18962,INE451D01029,RAJRATAN,EQ,,,,,RAJRATAN GLOBAL WIRE LTD,499.9,508.0,490.8,496.7,494.9,497.15,,496.73,,,100568,50025577.25,5507,F1,1,,,,,
2026-09-01,2026-09-01,CM,NSE,STK,6915,INE760W01023,RPPL,BE,,,,,RAJSHREE POLYPACK LTD,23.36,23.36,22.44,23.14,23.15,23.36,,23.14,,,20766,472704.42,99,F1,1,,,,,
2026-09-01,2026-09-01,CM,NSE,STK,2809,INE562B01019,RAJSREESUG,EQ,,,,,RAJSHREE SUGAR & CHEMICAL,38.4,39.8,36.07,36.23,36.4,37.8,,36.23,,,55285,2045541.14,671,F1,1,,,,,
2026-09-01,2026-09-01,CM,NSE,STK,2816,INE613A01020,RALLIS,EQ,,,,,RALLIS INDIA LTD,208.0,210.2,206.2,207.17,207.0,207.19,,207.18,,,352377,73238654.07,10540,F1,1,,,,,
2026-09-01,2026-09-01,CM,NSE,STK,10485,INE207E01023,RAMRAT,EQ,,,,,RAM RATNA WIRES LIMITED,563.8,576.15,555.05,570.2,571.0,563.7,,570.16,,,411062,233348562.4,16665,F1,1,,,,,
2026-09-01,2026-09-01,CM,NSE,STK,10568,INE809A01032,RAMAPHO,EQ,,,,,RAMA PHOSPHATES LIMITED,123.9,124.0,121.76,122.22,121.76,123.36,,122.22,,,10353,1273232.61,294,F1,1,,,,,
2026-09-01,2026-09-01,CM,NSE,STK,10304,INE230R01035,RAMASTEEL,BE,,,,,RAMA STEEL TUBES LIMITED,4.29,4.29,4.25,4.25,4.25,4.33,,4.24,,,496700,2116460.86,1257,F1,1,,,,,
2026-09-01,2026-09-01,CM,NSE,STK,4587,INE614A01028,RAMCOIND,EQ,,,,,RAMCO INDUSTRIES LIMITED,329.5,331.5,319.95,323.7,321.1,328.05,,323.71,,,171089,55498176.7,3469,F1,1,,,,,
2026-09-01,2026-09-01,CM,NSE,STK,7851,INE246B01019,RAMCOSYS,EQ,,,,,RAMCO SYSTEMS LTD.,576.0,597.5,575.0,590.95,591.0,575.25,,590.92,,,131563,77498447.0,5734,F1,1,,,,,
2026-09-01,2026-09-01,CM,NSE,STK,23565,INE0RJH01010,RBS,SM,,,,,RAMDEVBABA SOLVENT LTD,88.5,91.0,88.0,89.15,89.15,88.0,,89.15,,,11200,1003680.0,8,F1,800,,,,,
2026-09-01,2026-09-01,CM,NSE,STK,11411,INE399G01023,RKFORGE,EQ,,,,,RAMKRISHNA FORGINGS LTD,747.8,759.0,737.5,753.6,750.0,743.6,,753.6,,,1216792,912109875.1,26476,F1,1,,,,,
2026-09-01,2026-09-01,CM,NSE,STK,20134,INE874I01013,RAMKY,EQ,,,,,RAMKY INFRA LTD,352.6,360.0,341.05,343.85,342.1,351.4,,343.85,,,104716,36466685.4,3266,F1,1,,,,,
2026-09-01,2026-09-01,CM,NSE,STK,2837,INE625B01014,RANASUG,EQ,,,,,RANA SUGARS LTD.,15.76,16.2,14.75,14.94,15.0,15.64,,14.94,,,370713,5653952.99,1197,F1,1,,,,,
2026-09-01,2026-09-01,CM,NSE,STK,11975,INE050H01012,RML,EQ,,,,,RANE (MADRAS) LIMITED,1127.9,1131.9,1105.0,1117.2,1123.7,1129.7,,1117.2,,,11767,13152128.1,1664,F1,1,,,,,
2026-09-01,2026-09-01,CM,NSE,STK,2844,INE384A01010,RANEHOLDIN,EQ,,,,,RANE HOLDINGS LIMITED,1561.3,1578.8,1550.0,1560.7,1555.4,1566.8,,1560.71,,,7811,12189553.8,844,F1,1,,,,,
2026-09-01,2026-09-01,CM,NSE,STK,30460,INE0QX901013,RAPIDFLEET,SM,,,,,RAPID FLEET MGT SERVICE L,232.25,239.0,232.0,232.5,232.5,236.1,,232.5,,,19800,4616370.0,32,F1,600,,,,,
2026-09-01,2026-09-01,CM,NSE,STK,25610,INE0MVO01012,RAPPID,SM,,,,,RAPPID VALVES (INDIA) LTD,299.05,299.05,298.0,298.5,298.0,304.95,,298.5,,,1800,537660.0,3,F1,600,,,,,
2026-09-01,2026-09-01,CM,NSE,STK,22670,INE0J1F01024,RPTECH,EQ,,,,,RASHI PERIPHERALS LIMITED,816.1,836.4,802.0,809.1,810.0,816.1,,809.08,,,257239,210612820.0,14568,F1,1,,,,,
2026-09-01,2026-09-01,CM,NSE,STK,2866,INE027A01015,RCF,EQ,,,,,RASHTRIYA CHEMICALS & FER,114.79,116.2,114.0,114.51,114.58,113.52,,114.51,,,1301482,149710440.98,12468,F1,1,,,,,
2026-09-01,2026-09-01,CM,NSE,STK,7177,INE0CLI01024,RATEGAIN,EQ,,,,,RATEGAIN TRAVEL TECHN LTD,930.7,939.3,904.15,911.25,908.9,937.7,,911.29,,,395580,363146717.1,19655,F1,1,,,,,
2026-09-01,2026-09-01,CM,NSE,STK,13451,INE703B01027,RATNAMANI,EQ,,,,,RATNAMANI MET & TUB LTD.,2649.7,2682.6,2565.1,2605.1,2610.0,2649.7,,2605.17,,,43960,115367542.2,9842,F1,1,,,,,
2026-09-01,2026-09-01,CM,NSE,STK,18423,INE05CZ01011,RATNAVEER,EQ,,,,,RATNAVEER PRECISION ENG L,307.45,311.0,277.15,291.35,291.0,306.02,,291.35,,,6186602,1837117049.1,39786,F1,1,,,,,
2026-09-01,2026-09-01,CM,NSE,STK,27297,INE834M01019,RTNINDIA,EQ,,,,,RATTANINDIA ENT LIMITED,30.15,30.49,30.0,30.02,30.03,30.04,,30.02,,,839175,25271086.31,3472,F1,1,,,,,
2026-09-01,2026-09-01,CM,NSE,STK,17520,INE399K01017,RTNPOWER,EQ,,,,,RATTANINDIA POWER LIMITED,7.53,7.85,7.43,7.45,7.48,7.5,,7.45,,,26977471,204407375.67,22748,F1,1,,,,,
2026-09-01,2026-09-01,CM,NSE,STK,20950,INE722J01012,RKDL,EQ,,,,,RAVI KUMAR DIST. LTD.,18.76,18.76,18.22,18.63,18.64,18.39,,18.63,,,2053,38018.89,74,F1,1,,,,,
2026-09-01,2026-09-01,CM,NSE,STK,1565,INE09E501017,RVHL,EQ,,,,,RAVINDER HEIGHTS LIMITED,37.75,40.43,37.75,39.24,39.0,38.52,,39.36,,,4181,163270.52,120,F1,1,,,,,
2026-09-01,2026-09-01,CM,NSE,STK,24596,INE206N01018,RELTD,EQ,,,,,RAVINDRA ENERGY LIMITED,161.0,161.5,152.72,153.9,155.0,159.17,,153.9,,,271815,42151555.57,2636,F1,1,,,,,
2026-09-01,2026-09-01,CM,NSE,STK,25073,INE02ID01020,RAYMONDLSL,EQ,,,,,RAYMOND LIFESTYLE LIMITED,666.1,670.8,633.0,637.15,637.8,662.75,,637.16,,,312798,201223650.05,14000,F1,1,,,,,
2026-09-01,2026-09-01,CM,NSE,STK,2859,INE301A01014,RAYMOND,EQ,,,,,RAYMOND LTD,631.5,644.0,626.25,635.3,636.05,631.85,,635.3,,,300895,191310675.8,10875,F1,1,,,,,
2026-09-01,2026-09-01,CM,NSE,STK,758551,INE1SY401010,RAYMONDREL,EQ,,,,,RAYMOND REALTY LIMITED,532.2,541.5,513.1,516.75,519.9,532.2,,516.75,,,453833,238031380.85,10648,F1,1,,,,,
2026-09-01,2026-09-01,CM,NSE,STK,18391,INE976G01028,RBLBANK,EQ,,,,,RBL BANK LIMITED,379.55,383.75,377.8,380.5,380.5,380.35,,380.5,,,2288711,870595201.65,24429,F1,1,,,,,
2026-09-01,2026-09-01,CM,NSE,STK,13570,INE0NA301016,RBMINFRA,SM,,,,,RBM INFRACON LIMITED,236.55,240.05,230.0,234.0,233.0,241.2,,234.0,,,13800,3234870.0,57,F1,200,,,,,
2026-09-01,2026-09-01,CM,NSE,STK,20874,INE0PEQ01016,RBZJEWEL,EQ,,,,,RBZ JEWELLERS LIMITED,162.0,178.42,160.0,169.0,169.0,150.79,,169.01,,,5612930,954471737.39,58650,F1,1,,,,,
2026-09-01,2026-09-01,CM,NSE,STK,764850,INE0AK901016,RRECL,EQ,,,,,RDB REAL ESTATE CONS L,146.34,146.34,130.41,134.15,142.94,144.9,,134.15,,,564,76425.73,34,F1,1,,,,,
2026-09-01,2026-09-01,CM,NSE,STK,29561,INE10QL01011,READYMIX,SM,,,,,READYMIX CONSTRU MACHI L,86.5,86.5,76.6,79.65,81.5,84.4,,79.65,,,53000,4283650.0,46,F1,1000,,,,,
2026-09-01,2026-09-01,CM,NSE,STK,15355,INE020B01018,RECLTD,EQ,,,,,REC LIMITED,318.4,318.4,313.0,314.05,314.05,323.3,,314.05,,,6496998,2045648461.85,48166,F1,1,,,,,
2026-09-01,2026-09-01,CM,NSE,STK,14255,INE891D01026,REDINGTON,EQ,,,,,REDINGTON LIMITED,358.25,358.8,347.05,349.6,349.0,357.75,,349.57,,,3398327,1191717562.45,48464,F1,1,,,,,
2026-09-01,2026-09-01,CM,NSE,STK,17859,INE0LXT01019,REDTAPE,EQ,,,,,REDTAPE LIMITED,123.13,124.79,121.3,122.19,122.15,124.15,,122.22,,,334316,41118369.48,4925,F1,1,,,,,
2026-09-01,2026-09-01,CM,NSE,STK,17764,INE056I01025,REFEX,EQ,,,,,REFEX INDUSTRIES LIMITED,282.75,287.4,276.05,277.6,277.95,282.5,,277.6,,,265132,74673013.7,6709,F1,1,,,,,
2026-09-01,2026-09-01,CM,NSE,STK,23718,INE0TNX01015,REFRACTORY,SM,,,,,REFRACTORY SHAPES LIMITED,26.95,27.85,26.9,27.85,27.85,28.3,,27.85,,,4000,108600.0,4,F1,1000,,,,,
2026-09-01,2026-09-01,CM,NSE,STK,758680,INE0MHO01029,REGAAL,EQ,,,,,REGAAL RESOURCES LIMITED,88.75,90.19,85.45,87.9,88.0,89.02,,87.9,,,236180,20737981.89,2196,F1,1,,,,,
2026-09-01,2026-09-01,CM,NSE,STK,4130,INE277C01012,REGENCERAM,EQ,,,,,REGENCY CERAMICS LTD.,36.0,36.0,34.11,34.49,34.5,33.98,,34.54,,,2600,90948.5,114,F1,1,,,,,
2026-09-01,2026-09-01,CM,NSE,STK,24225,INE131B01039,RELAXO,EQ,,,,,RELAXO FOOT LTD.,358.95,361.75,352.0,359.35,359.0,357.85,,359.41,,,140569,50094449.4,5604,F1,1,,,,,
2026-09-01,2026-09-01,CM,NSE,STK,3172,INF204KC1030,GILT5YBEES,EQ,,,,,RELCAPAMC - NETFGILT5Y,66.29,66.29,65.92,66.04,66.08,66.05,,66.04,,,291766,19273318.24,766,F1,1,,,,,
2026-09-01,2026-09-01,CM,NSE,STK,24378,INE375Y01018,RELIABLE,EQ,,,,,RELIABLE DATA SERVICE LTD,140.0,140.0,134.83,135.98,136.9,137.84,,136.0,,,66335,9088488.41,756,F1,1,,,,,
2026-09-01,2026-09-01,CM,NSE,STK,9652,INE750D01016,RELCHEMQ,EQ,,,,,RELIANCE CHEMOTEX IND LTD,116.5,117.6,112.99,113.19,113.0,113.85,,113.25,,,3523,403327.77,126,F1,1,,,,,
2026-09-01,2026-09-01,CM,NSE,STK,13188,INE330H01018,RCOM,BE,,,,,RELIANCE COMMUNICATIONS L,0.81,0.82,0.8,0.81,0.81,0.81,,0.81,,,2225734,1810301.09,1776,F1,1,,,,,
2026-09-01,2026-09-01,CM,NSE,STK,759204,INE217K01011,RHFL,BZ,,,,,RELIANCE HOME FINANCE LTD,1.84,1.84,1.78,1.81,1.8,1.81,,1.81,,,353664,637658.63,717,F1,1,,,,,
2026-09-01,2026-09-01,CM,NSE,STK,2912,INE046A01015,RIIL,EQ,,,,,RELIANCE INDUSTRIAL INFRA,753.0,756.0,742.05,749.7,751.2,752.45,,749.66,,,39245,29449901.0,2104,F1,1,,,,,
2026-09-01,2026-09-01,CM,NSE,STK,2885,INE002A01018,RELIANCE,EQ,,,,,RELIANCE INDUSTRIES LTD,1285.0,1311.8,1280.0,1309.0,1309.0,1277.0,,1308.96,,,12617528,16399280651.7,187471,F1,1,,,,,
2026-09-01,2026-09-01,CM,NSE,STK,4791,INE036A01016,RELINFRA,BE,,,,,RELIANCE INFRASTRUCTU LTD,59.0,59.21,58.21,58.21,58.21,59.39,,58.21,,,186060,10836196.87,1271,F1,1,,,,,
2026-09-01,2026-09-01,CM,NSE,STK,15259,INE614G01033,RPOWER,EQ,,,,,RELIANCE POWER LTD.,22.11,22.65,22.01,22.26,22.2,22.09,,22.26,,,14834527,329964549.27,30230,F1,1,,,,,
2026-09-01,2026-09-01,CM,NSE,STK,765330,INF205KA1CB9,IVZBANKNF,EQ,,,,,RELIGARAMC - IVZBANKNF,57.47,57.53,57.3,57.3,57.3,57.28,,57.3,,,706,40529.13,6,F1,1,,,,,
2026-09-01,2026-09-01,CM,NSE,STK,765327,INF205KA1CA1,IVZSENSEX,EQ,,,,,RELIGARAMC - IVZSENSEX,76.86,77.3,76.35,76.35,76.35,75.96,,76.35,,,1301,99885.22,31,F1,1,,,,,
2026-09-01,2026-09-01,CM,NSE,STK,15068,INE621H01010,RELIGARE,EQ,,,,,RELIGARE ENTER. LTD.,247.05,254.25,244.3,249.78,251.01,242.8,,249.77,,,2497774,623960763.3,47327,F1,1,,,,,
2026-09-01,2026-09-01,CM,NSE,STK,3965,INE474C01023,REMSONSIND,EQ,,,,,REMSONS INDUSTRIES LTD,100.44,101.69,94.0,97.44,97.98,98.48,,97.38,,,359616,35254911.97,6020,F1,1,,,,,
2026-09-01,2026-09-01,CM,NSE,STK,16154,INE0O5T01011,REMUS,SM,,,,,REMUS PHARMACEUTICALS L,900.0,900.0,866.5,866.6,866.5,899.45,,866.6,,,3800,3365675.0,36,F1,100,,,,,
2026-09-01,2026-09-01,CM,NSE,STK,15129,INE722H01024,RGL,EQ,,,,,RENAISSANCE GLOBAL LTD,135.75,141.47,134.1,136.96,137.8,135.22,,136.96,,,1026778,141685442.3,11441,F1,1,,,,,
2026-09-01,2026-09-01,CM,NSE,STK,758157,INE0VZX01015,RNPL,SM,,,,,RENOL POLYCHEM LIMITED,80.0,80.2,78.0,80.2,80.2,78.25,,80.2,,,6000,476640.0,5,F1,1200,,,,,
2026-09-01,2026-09-01,CM,NSE,STK,29598,INE612J01015,REPCOHOME,EQ,,,,,REPCO HOME FINANCE LTD,362.25,368.6,360.15,362.8,362.65,363.0,,362.8,,,71878,26102369.35,2160,F1,1,,,,,
2026-09-01,2026-09-01,CM,NSE,STK,13126,INE461B01014,REPRO,EQ,,,,,REPRO INDIA LIMITED,310.8,334.8,301.0,328.6,327.5,306.1,,328.61,,,69747,22372229.5,2720,F1,1,,,,,
2026-09-01,2026-09-01,CM,NSE,STK,20323,INE688D01026,RESPONIND,EQ,,,,,RESPONSIVE INDUSTRIES LTD,149.56,152.99,149.0,150.17,150.96,149.05,,150.17,,,83029,12481704.04,3964,F1,1,,,,,
2026-09-01,2026-09-01,CM,NSE,STK,1494,INE07T201019,RBA,EQ,,,,,RESTAURANT BRAND ASIA LTD,98.5,100.8,95.17,99.96,100.72,98.1,,99.97,,,4212089,412007806.78,17474,F1,1,,,,,
2026-09-01,2026-09-01,CM,NSE,STK,25157,INE0DAB01012,RVTH,EQ,,,,,REVATHI EQUIPMENT INDIA L,726.0,745.95,719.95,740.25,741.0,726.2,,741.6,,,773,566488.3,36,F1,1,,,,,
2026-09-01,2026-09-01,CM,NSE,STK,29270,INE113601012,REXPRO,SM,,,,,REXPRO ENTERPRISES LTD,36.45,36.45,36.45,36.45,36.45,37.95,,36.45,,,1000,36450.0,1,F1,1000,,,,,
2026-09-01,2026-09-01,CM,NSE,STK,759062,INE0KKN01029,RHETAN,EQ,,,,,RHETAN TMT LIMITED,19.16,19.44,19.11,19.12,19.13,19.11,,19.12,,,10248180,196423670.11,3900,F1,1,,,,,
2026-09-01,2026-09-01,CM,NSE,STK,31163,INE743M01012,RHIM,EQ,,,,,RHI MAGNESITA INDIA LTD,373.9,377.8,365.6,368.2,367.35,371.6,,368.21,,,274972,101972738.85,10109,F1,1,,,,,
2026-09-01,2026-09-01,CM,NSE,STK,8212,INE0J1P01015,RICHA,ST,,,,,RICHA INFO SYSTEMS LTD,78.45,78.45,78.45,78.45,78.45,75.4,,78.45,,,1000,78450.0,1,F1,1000,,,,,
2026-09-01,2026-09-01,CM,NSE,STK,2909,INE209B01025,RICOAUTO,EQ,,,,,RICO AUTO INDUSTRIES LTD,129.0,130.16,125.64,127.39,127.9,129.62,,127.4,,,572270,73196044.38,5086,F1,1,,,,,
2026-09-01,2026-09-01,CM,NSE,STK,764121,INE302D01024,RIR,EQ,,,,,RIR POWER ELECTRONICS L,160.45,160.46,156.05,157.5,158.99,159.27,,157.56,,,78861,12452391.67,2047,F1,1,,,,,
2026-09-01,2026-09-01,CM,NSE,STK,18417,INE0N2P01017,RISHABH,EQ,,,,,RISHABH INSTRUMENTS LTD,705.45,725.0,687.0,695.7,694.0,705.45,,695.69,,,247671,174503415.0,10270,F1,1,,,,,
2026-09-01,2026-09-01,CM,NSE,STK,8944,INE01EG01016,RITCO,EQ,,,,,RITCO LOGISTICS LIMITED,304.9,307.6,298.25,300.3,300.0,307.45,,300.3,,,65006,19590453.45,1252,F1,1,,,,,
2026-09-01,2026-09-01,CM,NSE,STK,11910,INE0MRA01019,RITEZONE,SM,,,,,RITE ZONE CHEMCON IND LTD,17.9,17.9,17.9,17.9,17.9,17.05,,17.9,,,1600,28640.0,1,F1,1600,,,,,
2026-09-01,2026-09-01,CM,NSE,STK,3761,INE320J01015,RITES,EQ,,,,,RITES LIMITED,217.0,218.43,215.5,216.38,216.38,218.44,,216.38,,,350274,75806247.99,9939,F1,1,,,,,
2026-09-01,2026-09-01,CM,NSE,STK,1547,INE786W01010,RKEC,EQ,,,,,RKEC PROJECTS LIMITED,22.89,22.89,21.21,21.54,21.85,22.28,,21.54,,,35351,771003.07,242,F1,1,,,,,
2026-09-01,2026-09-01,CM,NSE,STK,762346,INE655V01019,RMC,EQ,,,,,RMC SWITCHGEARS LIMITED,240.0,240.35,230.0,232.45,233.0,240.35,,232.3,,,58149,13636104.97,1854,F1,1,,,,,
2026-09-01,2026-09-01,CM,NSE,STK,24589,INE0SA001017,RNFI,SM,,,,,RNFI SERVICES LIMITED,300.05,313.95,298.0,306.5,306.0,296.55,,306.5,,,121800,37299000.0,156,F1,600,,,,,
2026-09-01,2026-09-01,CM,NSE,STK,15157,INE508K01013,RHL,EQ,,,,,ROBUST HOTELS LIMITED,166.5,171.4,165.0,169.45,171.4,165.46,,169.45,,,6977,1174725.24,53,F1,1,,,,,
2026-09-01,2026-09-01,CM,NSE,STK,760033,IN90PTR01010,ROCKPP,E1,,,,,ROCKINGDCE RS.5 PPD UP,72.0,72.0,71.15,71.5,71.15,78.7,,71.5,,,5000,357450.0,4,F1,1000,,,,,
2026-09-01,2026-09-01,CM,NSE,STK,20289,INE0PTR01012,ROCKINGDCE,SM,,,,,ROCKINGDEALS CIRCU ECO L,221.05,245.4,219.75,239.05,240.0,230.1,,239.05,,,12750,2998650.0,44,F1,250,,,,,
2026-09-01,2026-09-01,CM,NSE,STK,5279,INE645S01024,ROLEXRINGS,EQ,,,,,ROLEX RINGS LIMITED,180.6,182.52,176.91,178.68,177.51,180.59,,178.68,,,1101246,198160037.76,18784,F1,1,,,,,
2026-09-01,2026-09-01,CM,NSE,STK,19108,INE927A01040,ROLLT,BE,,,,,ROLLATAINERS LIMITED,3.95,4.05,3.77,4.01,4.0,3.96,,4.01,,,627048,2441786.38,432,F1,1,,,,,
2026-09-01,2026-09-01,CM,NSE,STK,19410,INE02A801020,ROSSARI,EQ,,,,,ROSSARI BIOTECH LIMITED,485.15,488.95,474.5,476.55,476.95,485.15,,476.61,,,73740,35483831.8,3269,F1,1,,,,,
2026-09-01,2026-09-01,CM,NSE,STK,28913,INE847C01020,ROSSELLIND,EQ,,,,,ROSSELL INDIA LIMITED,58.4,58.89,57.61,58.13,57.99,58.46,,58.12,,,56872,3312752.08,718,F1,1,,,,,
2026-09-01,2026-09-01,CM,NSE,STK,27353,INE0OJW01016,ROSSTECH,EQ,,,,,ROSSELL TECHSYS LIMITED,1119.0,1158.0,1096.0,1136.2,1137.0,1109.95,,1136.29,,,229506,258306292.9,14617,F1,1,,,,,
2026-09-01,2026-09-01,CM,NSE,STK,9049,INE535D01037,ROTO,EQ,,,,,ROTO PUMPS LIMITED,63.6,67.4,61.4,65.97,66.0,62.85,,65.98,,,986286,64057858.82,6723,F1,1,,,,,
2026-09-01,2026-09-01,CM,NSE,STK,128,INE450U01017,ROUTE,EQ,,,,,ROUTE MOBILE LIMITED,500.0,511.65,495.95,501.95,502.8,500.0,,501.95,,,143191,72311697.55,5155,F1,1,,,,,
2026-09-01,2026-09-01,CM,NSE,STK,20167,INE0PDJ01013,ROXHITECH,SM,,,,,ROX HI TECH LIMITED,49.95,49.95,46.8,47.4,47.4,49.4,,47.4,,,49600,2342160.0,21,F1,1600,,,,,
2026-09-01,2026-09-01,CM,NSE,STK,29727,INE0EO401019,ROYALARC,SM,,,,,ROYAL ARC ELECTRODES LTD,166.0,169.0,166.0,169.0,169.0,170.0,,169.0,,,2400,402000.0,2,F1,1200,,,,,
2026-09-01,2026-09-01,CM,NSE,STK,13182,INE283H01019,ROHLTD,EQ,,,,,ROYAL ORCHID HOTELS LTD,301.0,303.0,296.6,297.4,297.0,296.35,,297.42,,,10219,3064593.35,552,F1,1,,,,,
2026-09-01,2026-09-01,CM,NSE,STK,16725,INE105J01010,RPGLIFE,EQ,,,,,RPG LIFE SCIENCES LTD,2665.0,2665.0,2578.0,2590.5,2590.8,2629.0,,2590.25,,,5524,14350401.6,1356,F1,1,,,,,
2026-09-01,2026-09-01,CM,NSE,STK,8119,INE425Y01011,RPSGVENT,EQ,,,,,RPSG VENTURES LIMITED,850.2,852.95,834.95,842.35,837.05,848.4,,842.35,,,23016,19386093.35,1076,F1,1,,,,,
2026-09-01,2026-09-01,CM,NSE,STK,7292,INE611A01016,RSWM,BE,,,,,RSWM LIMITED,198.41,201.05,196.14,197.09,198.0,198.41,,197.09,,,44210,8773047.59,225,F1,1,,,,,
2026-09-01,2026-09-01,CM,NSE,STK,24730,INE642C01025,RUBFILA,EQ,,,,,RUBFILA INTERNATIONAL LTD,68.49,69.69,68.0,68.48,68.0,68.69,,68.45,,,13078,901133.67,174,F1,1,,,,,
2026-09-01,2026-09-01,CM,NSE,STK,759316,INE506V01022,RUBICON,EQ,,,,,RUBICON RESEARCH LIMITED,1828.6,1875.0,1795.5,1822.2,1830.0,1819.6,,1820.55,,,249807,458712007.6,23036,F1,1,,,,,
2026-09-01,2026-09-01,CM,NSE,STK,4566,INE413B01023,RUCHINFRA,EQ,,,,,RUCHI INFRASTRUCTURE LTD,5.42,5.8,5.42,5.68,5.68,5.75,,5.63,,,71559,398992.76,252,F1,1,,,,,
2026-09-01,2026-09-01,CM,NSE,STK,13821,INE803H01014,RUCHIRA,EQ,,,,,RUCHIRA PAPERS LIMITED,102.6,103.57,102.53,102.97,102.53,102.53,,102.96,,,13020,1341195.31,444,F1,1,,,,,
2026-09-01,2026-09-01,CM,NSE,STK,760392,INE027T01023,RUDRA,EQ,,,,,RUDRA GLOBAL INFRA PROD L,20.99,21.6,20.01,20.79,20.8,20.59,,20.79,,,519907,10798937.12,368,F1,1,,,,,
2026-09-01,2026-09-01,CM,NSE,STK,1486,INE364Z01019,REPL,BE,,,,,RUDRABHISHEK ENTERP LTD,67.7,67.7,62.15,64.99,64.99,64.85,,64.99,,,7546,489797.31,52,F1,1,,,,,
2026-09-01,2026-09-01,CM,NSE,STK,23830,INE0R7301013,RULKA,SM,,,,,RULKA ELECTRICALS LIMITED,108.05,110.45,108.05,110.0,110.0,110.35,,110.0,,,9900,1084500.0,16,F1,300,,,,,
2026-09-01,2026-09-01,CM,NSE,STK,25724,INE895B01021,RUPA,EQ,,,,,RUPA & COMPANY LTD,147.14,147.97,144.9,145.38,145.0,147.65,,145.38,,,80956,11831563.03,3137,F1,1,,,,,
2026-09-01,2026-09-01,CM,NSE,STK,24595,INE573K01025,RUSHIL,EQ,,,,,RUSHIL DECOR LIMITED,16.4,16.88,16.2,16.24,16.22,16.4,,16.25,,,148799,2430428.77,491,F1,1,,,,,
2026-09-01,2026-09-01,CM,NSE,STK,764860,INE137M01017,SAB,EQ,,,,,S A B INDUSTRIES LTD.,170.0,175.0,170.0,175.0,175.0,170.0,,186.9,,,102,17485.0,3,F1,1,,,,,
2026-09-01,2026-09-01,CM,NSE,STK,24674,INE0BSN01013,SATECH,SM,,,,,S A TECH SOFTWARE INDIA L,39.9,39.9,39.7,39.7,39.7,39.4,,39.7,,,5000,199000.0,5,F1,1000,,,,,
2026-09-01,2026-09-01,CM,NSE,STK,20698,INE807K01035,SCHAND,EQ,,,,,S CHAND AND COMPANY LTD,135.5,138.51,133.01,133.55,133.55,137.76,,133.57,,,36217,4898810.41,835,F1,1,,,,,
2026-09-01,2026-09-01,CM,NSE,STK,11212,INE500L01026,SHK,EQ,,,,,S H KELKAR AND CO. LTD.,151.46,154.29,147.4,148.67,149.1,151.46,,148.66,,,344898,51929891.03,5791,F1,1,,,,,
2026-09-01,2026-09-01,CM,NSE,STK,20542,INE0F3301020,SJLOGISTIC,SM,,,,,S J LOGISTICS (INDIA) LTD,326.65,329.0,323.7,323.8,323.75,328.2,,323.8,,,15000,4890175.0,56,F1,250,,,,,
2026-09-01,2026-09-01,CM,NSE,STK,764940,INE159L01013,SVGLOBAL,EQ,,,,,S V GLOBAL MILL LTD.,126.0,132.0,124.01,131.29,124.23,138.44,,124.98,,,72,9096.87,5,F1,1,,,,,
2026-09-01,2026-09-01,CM,NSE,STK,2951,INE902B01017,S&SPOWER,EQ,,,,,S&S POWER SWITCHGEARS LTD,341.65,341.65,331.0,331.45,331.0,341.6,,331.47,,,1019,342364.15,71,F1,1,,,,,
2026-09-01,2026-09-01,CM,NSE,STK,18252,INE212I01016,SPAL,EQ,,,,,S. P. APPARELS LIMITED,1054.0,1064.5,1003.1,1021.3,1040.0,1050.25,,1021.23,,,82949,85362944.8,7283,F1,1,,,,,
2026-09-01,2026-09-01,CM,NSE,STK,11634,INE658G01014,SALSTEEL,EQ,,,,,S.A.L. STEEL LTD.,80.0,82.73,80.0,82.43,82.06,78.8,,82.41,,,761423,62689155.46,3293,F1,1,,,,,
2026-09-01,2026-09-01,CM,NSE,STK,19112,INE0PSK01027,SAAKSHI,ST,,,,,SAAKSHI MEDTEC N PANELS L,296.0,309.1,290.0,309.0,309.0,294.4,,309.0,,,33000,9955140.0,38,F1,600,,,,,
2026-09-01,2026-09-01,CM,NSE,STK,759057,INE13B501022,SAATVIKGL,EQ,,,,,SAATVIK GREEN ENERGY LTD,414.05,424.7,408.9,420.5,422.0,417.95,,420.53,,,47469,19772438.7,1713,F1,1,,,,,
2026-09-01,2026-09-01,CM,NSE,STK,10985,INE0DZ101013,SABAR,ST,,,,,SABAR FLEX INDIA LIMITED,8.25,8.25,8.25,8.25,8.25,7.9,,8.25,,,45000,371250.0,7,F1,5000,,,,,
2026-09-01,2026-09-01,CM,NSE,STK,757409,INE1ARD01016,SACHEEROME,SM,,,,,SACHEEROME LIMITED,442.0,442.0,405.1,426.6,428.0,442.15,,426.6,,,66300,27949500.0,186,F1,300,,,,,
2026-09-01,2026-09-01,CM,NSE,STK,13236,INE226H01026,SADBHAV,EQ,,,,,SADBHAV ENGINEERING LTD,8.03,8.42,8.03,8.03,8.03,8.45,,8.02,,,716931,5811915.76,565,F1,1,,,,,
2026-09-01,2026-09-01,CM,NSE,STK,10622,INE764L01010,SADBHIN,BE,,,,,SADBHAV INFRA PROJ LTD.,2.65,2.68,2.54,2.58,2.58,2.65,,2.58,,,81704,212729.28,169,F1,1,,,,,
2026-09-01,2026-09-01,CM,NSE,STK,15349,INE888C01040,SADHNANIQ,BE,,,,,SADHANA NITROCHEM LIMITED,2.8,2.8,2.75,2.76,2.76,2.8,,2.75,,,618822,1705912.96,320,F1,1,,,,,
2026-09-01,2026-09-01,CM,NSE,STK,22897,INE0K5H01010,SADHAV,SM,,,,,SADHAV SHIPPING LIMITED,111.0,115.5,105.15,113.85,112.05,110.3,,113.85,,,53400,5958840.0,80,F1,600,,,,,
2026-09-01,2026-09-01,CM,NSE,STK,13035,INE429E01023,SAFARI,EQ,,,,,SAFARI IND (INDIA) LTD,1511.0,1545.5,1505.2,1530.9,1534.9,1511.0,,1530.9,,,52039,79553677.1,5771,F1,1,,,,,
2026-09-01,2026-09-01,CM,NSE,STK,757583,INE17D601016,SAFEENTP,SM,,,,,SAFE ENTER RETAIL FIX LTD,255.65,260.0,251.0,252.0,252.0,256.7,,252.0,,,26500,6773375.0,44,F1,500,,,,,
2026-09-01,2026-09-01,CM,NSE,STK,14068,INE229C01021,SAGCEM,EQ,,,,,SAGAR CEMENTS LIMITED,159.62,165.0,156.41,157.03,156.7,159.62,,157.03,,,43386,6863364.21,1137,F1,1,,,,,
2026-09-01,2026-09-01,CM,NSE,STK,8175,INE976T01013,SAGARDEEP,EQ,,,,,SAGARDEEP ALLOYS LIMITED,23.75,24.38,23.66,23.76,23.68,23.64,,23.76,,,4552,108643.98,61,F1,1,,,,,
2026-09-01,2026-09-01,CM,NSE,STK,27052,INE0W2G01015,SAGILITY,EQ,,,,,SAGILITY LIMITED,47.05,47.12,45.9,46.45,46.45,47.05,,46.44,,,13901435,644434927.02,30120,F1,1,,,,,
2026-09-01,2026-09-01,CM,NSE,STK,24478,INE0P4701011,SAHAJSOLAR,SM,,,,,SAHAJ SOLAR LIMITED,100.0,100.0,95.0,96.7,97.95,99.95,,96.7,,,14400,1406500.0,30,F1,400,,,,,
2026-09-01,2026-09-01,CM,NSE,STK,16711,INE0LEX01011,SAHANA,SM,,,,,SAHANA SYSTEM LIMITED,928.15,949.65,911.0,915.85,911.0,928.15,,915.85,,,16350,15194317.5,94,F1,150,,,,,
2026-09-01,2026-09-01,CM,NSE,STK,25671,INE0RBQ01018,SAHASRA,ST,,,,,SAHASRA ELECTRONIC SOLU L,314.1,316.95,311.0,312.75,311.5,314.4,,312.75,,,16400,5142420.0,31,F1,400,,,,,
2026-09-01,2026-09-01,CM,NSE,STK,14900,INE280H01015,SAHYADRI,EQ,,,,,SAHYADRI INDUSTRIES LTD,359.9,360.0,351.0,352.8,355.95,356.2,,352.8,,,9142,3259188.1,554,F1,1,,,,,
2026-09-01,2026-09-01,CM,NSE,STK,764865,INE531X01018,SAICAPI,EQ,,,,,SAI CAPITAL LTD.,159.8,159.8,146.1,148.15,153.05,154.0,,148.15,,,49,7344.33,12,F1,1,,,,,
2026-09-01,2026-09-01,CM,NSE,STK,27839,INE570L01029,SAILIFE,EQ,,,,,SAI LIFE SCIENCES LIMITED,1460.1,1560.0,1460.1,1518.1,1528.7,1459.7,,1518.11,,,2643744,4035225601.4,103423,F1,1,,,,,
2026-09-01,2026-09-01,CM,NSE,STK,761675,INE0H9F01037,SAIPARENT,EQ,,,,,SAI PARENTERALS LIMITED,520.2,524.05,514.3,518.75,515.0,520.2,,518.75,,,57040,29528346.05,3129,F1,1,,,,,
2026-09-01,2026-09-01,CM,NSE,STK,18755,INE438K01021,KALAMANDIR,EQ,,,,,SAI SILKS (KALAMANDIR) L,85.9,86.49,85.23,85.62,85.58,85.84,,85.62,,,184651,15835021.16,1974,F1,1,,,,,
2026-09-01,2026-09-01,CM,NSE,STK,764880,INE068B01017,SEKURITIND,EQ,,,,,SAINT GOBAIN SEKUR IND L,117.99,118.19,114.47,116.59,115.7,114.45,,116.54,,,27223,3188514.79,379,F1,1,,,,,
2026-09-01,2026-09-01,CM,NSE,STK,25715,INE00MT01022,SAJHOTELS,ST,,,,,SAJ HOTELS LIMITED,37.9,37.9,37.9,37.9,37.9,36.1,,37.9,,,4000,151600.0,2,F1,2000,,,,,
2026-09-01,2026-09-01,CM,NSE,STK,9539,INE732S01012,SAKAR,EQ,,,,,SAKAR HEALTHCARE LIMITED,866.3,999.0,864.0,965.75,980.0,863.35,,965.75,,,1182114,1138832160.3,60304,F1,1,,,,,
2026-09-01,2026-09-01,CM,NSE,STK,11794,INE667G01023,SAKSOFT,EQ,,,,,SAKSOFT LIMITED,155.49,157.0,153.21,154.22,153.43,155.35,,154.22,,,217740,33812541.14,3571,F1,1,,,,,
2026-09-01,2026-09-01,CM,NSE,STK,2969,INE623A01011,SAKHTISUG,EQ,,,,,SAKTHI SUGARS LTD,21.18,21.18,20.32,20.4,20.48,21.2,,20.41,,,175353,3647728.75,1010,F1,1,,,,,
2026-09-01,2026-09-01,CM,NSE,STK,13251,INE190H01024,SAKUMA,EQ,,,,,SAKUMA EXPORTS LIMITED,1.67,1.68,1.61,1.62,1.63,1.66,,1.62,,,800644,1300237.05,837,F1,1,,,,,
2026-09-01,2026-09-01,CM,NSE,STK,21362,INE170V01027,SALASAR,EQ,,,,,SALASAR TECHNO ENGG. LTD.,5.88,5.91,5.82,5.84,5.85,5.91,,5.84,,,1433981,8415724.51,2275,F1,1,,,,,
2026-09-01,2026-09-01,CM,NSE,STK,17351,INE498E01010,SALONA,EQ,,,,,SALONA COTSPIN LTD.,266.0,274.0,263.5,270.0,270.0,266.02,,271.68,,,718,194005.5,41,F1,1,,,,,
2026-09-01,2026-09-01,CM,NSE,STK,11399,INE457F01013,SALZERELEC,EQ,,,,,SALZER ELECTRONICS LTD,545.55,546.65,527.0,538.75,535.0,546.4,,538.78,,,55668,29892245.45,2939,F1,1,,,,,
2026-09-01,2026-09-01,CM,NSE,STK,756851,INE124101010,SAMAY,ST,,,,,SAMAY PROJECT SERVICES L,46.0,46.0,46.0,46.0,46.0,46.0,,46.0,,,4000,184000.0,1,F1,4000,,,,,
2026-09-01,2026-09-01,CM,NSE,STK,764870,INE304D01012,SAMBANDAM,EQ,,,,,SAMBANDAM SPINNING MILL L,116.0,119.0,111.06,113.49,113.5,116.02,,113.6,,,752,85544.17,27,F1,1,,,,,
2026-09-01,2026-09-01,CM,NSE,STK,4127,INE699B01027,SAMBHAAV,EQ,,,,,SAMBHAAV MEDIA LTD,6.06,6.29,5.86,5.98,6.07,6.06,,5.99,,,24917,150750.92,99,F1,1,,,,,
2026-09-01,2026-09-01,CM,NSE,STK,757767,INE12NJ01018,SAMBHV,EQ,,,,,SAMBHV STEEL TUBES LTD,128.75,129.9,125.47,126.93,127.3,127.91,,126.93,,,1005542,128175600.13,20775,F1,1,,,,,
2026-09-01,2026-09-01,CM,NSE,STK,21096,INE0PZA01015,SAIFL,SM,,,,,SAMEERA AGRO AND INFRA L,4.8,4.9,4.65,4.7,4.7,4.8,,4.7,,,316000,1496600.0,59,F1,4000,,,,,
2026-09-01,2026-09-01,CM,NSE,STK,18614,INE08U801020,SAMHI,EQ,,,,,SAMHI HOTELS LIMITED,156.0,156.21,152.35,153.05,152.51,156.36,,153.05,,,844223,129530589.55,15055,F1,1,,,,,
2026-09-01,2026-09-01,CM,NSE,STK,30125,INE148I01020,SAMMAANCAP,EQ,,,,,SAMMAAN CAPITAL LIMITED,146.5,151.2,145.91,147.14,147.36,146.31,,147.13,,,5856185,871777848.82,37437,F1,1,,,,,
2026-09-01,2026-09-01,CM,NSE,STK,27303,INE735M01018,SAMPANN,EQ,,,,,SAMPANN UTPADAN INDIA LTD,26.05,26.68,24.0,24.59,24.42,26.05,,24.57,,,39567,987858.71,393,F1,1,,,,,
2026-09-01,2026-09-01,CM,NSE,STK,4204,INE775A01035,MOTHERSON,EQ,,,,,SAMVRDHNA MTHRSN INTL LTD,170.0,170.0,163.3,165.6,165.6,170.68,,165.6,,,14103203,2343561225.26,53971,F1,1,,,,,
2026-09-01,2026-09-01,CM,NSE,STK,28805,INE0JPD01013,SANATHAN,EQ,,,,,SANATHAN TEXTILES LIMITED,451.95,451.95,428.0,440.25,438.0,452.25,,440.23,,,53599,23669937.2,1642,F1,1,,,,,
2026-09-01,2026-09-01,CM,NSE,STK,2988,INE583B01015,SANDESH,EQ,,,,,SANDESH LTD,1056.1,1097.9,1053.0,1059.4,1056.1,1050.7,,1057.62,,,1378,1470262.0,358,F1,1,,,,,
2026-09-01,2026-09-01,CM,NSE,STK,2397,INE278H01035,SANDHAR,EQ,,,,,SANDHAR TECHNOLOGIES LTD,655.0,676.8,648.0,653.15,651.0,653.55,,653.16,,,250171,165906830.7,9407,F1,1,,,,,
2026-09-01,2026-09-01,CM,NSE,STK,18359,INE149K01016,SANDUMA,EQ,,,,,SANDUR MANG & IRON ORES L,205.0,205.0,198.99,200.4,199.1,202.39,,200.39,,,340989,68614669.08,8123,F1,1,,,,,
2026-09-01,2026-09-01,CM,NSE,STK,4184,INE495C01010,SANGAMIND,EQ,,,,,SANGAM (INDIA) LTD,594.3,597.95,585.15,586.65,586.0,600.2,,586.7,,,10189,5994588.25,690,F1,1,,,,,
2026-09-01,2026-09-01,CM,NSE,STK,14058,INE989A01032,SANGHVIMOV,EQ,,,,,SANGHVI MOVERS LTD,458.25,466.65,448.8,458.05,455.0,457.25,,458.07,,,233054,106661873.9,8693,F1,1,,,,,
2026-09-01,2026-09-01,CM,NSE,STK,11033,INE753W01010,SANGINITA,BE,,,,,SANGINITA CHEMICALS LTD,58.76,58.76,58.76,58.76,58.76,55.97,,58.76,,,75453,4433618.28,169,F1,1,,,,,
2026-09-01,2026-09-01,CM,NSE,STK,25222,INE0UOS01011,SANOFICONR,EQ,,,,,SANOFI CONS HEALTHC IND L,4125.0,4155.7,4107.0,4137.8,4138.0,4140.2,,4137.8,,,1965,8118800.6,536,F1,1,,,,,
2026-09-01,2026-09-01,CM,NSE,STK,1442,INE058A01010,SANOFI,EQ,,,,,SANOFI INDIA LIMITED,3115.0,3190.0,3102.5,3155.0,3165.0,3124.0,,3154.71,,,16301,51342196.0,4670,F1,1,,,,,
2026-09-01,2026-09-01,CM,NSE,STK,5751,INE953O01021,SANSERA,EQ,,,,,SANSERA ENGINEERING LTD,4084.9,4084.9,3861.1,3903.0,3920.0,4018.0,,3902.96,,,224580,884798741.4,23922,F1,1,,,,,
2026-09-01,2026-09-01,CM,NSE,STK,24582,INE08NE01025,SANSTAR,EQ,,,,,SANSTAR LIMITED,110.97,110.97,106.55,107.36,106.8,110.36,,107.36,,,87259,9459893.4,1460,F1,1,,,,,
2026-09-01,2026-09-01,CM,NSE,STK,46,INE890C01046,SANWARIA,BZ,,,,,SANWARIA CONSUMER LIMITED,0.2,0.2,0.18,0.19,0.19,0.19,,0.19,,,721717,139342.64,218,F1,1,,,,,
2026-09-01,2026-09-01,CM,NSE,STK,6718,INE806T01020,SAPPHIRE,EQ,,,,,SAPPHIRE FOODS INDIA LTD,235.49,238.7,228.03,229.96,230.49,234.41,,229.95,,,420140,97041736.8,11003,F1,1,,,,,
2026-09-01,2026-09-01,CM,NSE,STK,19863,INE0PUC01020,SARTELE,SM,,,,,SAR TELEVENTURE LIMITED,94.0,96.4,88.95,90.3,90.0,93.45,,90.3,,,124500,11423400.0,178,F1,500,,,,,
2026-09-01,2026-09-01,CM,NSE,STK,762985,INE967G01019,ZSARACOM,EQ,,,,,SARASWATI COMM (INDIA) L,11034.0,11034.0,10600.0,10702.0,10800.0,10980.0,,10606.36,,,14,150959.0,13,F1,1,,,,,
2026-09-01,2026-09-01,CM,NSE,STK,24856,INE0PQ101010,SSDL,EQ,,,,,SARASWATI SAREE DEPOT LTD,55.91,57.79,55.91,56.23,56.1,56.46,,56.23,,,26635,1512527.73,591,F1,1,,,,,
2026-09-01,2026-09-01,CM,NSE,STK,17758,INE385C01021,SARDAEN,EQ,,,,,SARDA ENERGY & MIN LTD,498.0,504.8,489.5,497.05,495.75,498.9,,497.05,,,331824,164462167.75,14203,F1,1,,,,,
2026-09-01,2026-09-01,CM,NSE,STK,4892,INE979A01025,SAREGAMA,EQ,,,,,SAREGAMA INDIA LIMITED,477.0,496.95,475.3,493.75,493.2,479.9,,493.74,,,443939,216889140.2,21014,F1,1,,,,,
2026-09-01,2026-09-01,CM,NSE,STK,14043,INE453D01025,SARLAPOLY,EQ,,,,,SARLA PERF. FIBERS LTD,99.51,105.0,99.51,103.81,103.6,100.01,,103.78,,,221455,22959096.35,2672,F1,1,,,,,
2026-09-01,2026-09-01,CM,NSE,STK,6843,INE017W01010,SMLT,EQ,,,,,SARTHAK METALS LIMITED,65.0,66.46,64.4,65.61,66.4,64.6,,65.61,,,7345,480888.59,193,F1,1,,,,,
2026-09-01,2026-09-01,CM,NSE,STK,12913,INE324X01026,SARVESHWAR,EQ,,,,,SARVESHWAR FOODS LIMITED,3.36,3.4,3.31,3.33,3.36,3.36,,3.33,,,890835,2981992.55,1416,F1,1,,,,,
2026-09-01,2026-09-01,CM,NSE,STK,11983,INE231F01020,SASKEN,EQ,,,,,SASKEN TECHNOLOGIES LTD,1874.9,1950.0,1874.9,1904.3,1894.1,1899.5,,1904.26,,,15208,29196909.1,2155,F1,1,,,,,
2026-09-01,2026-09-01,CM,NSE,STK,29151,INE0NB801022,SATKARTAR,SM,,,,,SAT KARTAR LIFE LIMITED,126.0,126.0,116.0,116.9,117.5,125.4,,116.9,,,60800,7248640.0,65,F1,800,,,,,
2026-09-01,2026-09-01,CM,NSE,STK,24697,INE0RFP01011,SSEGL,SM,,,,,SATHLOKHAR SYN E&C GLOB L,410.95,410.95,392.55,398.95,401.85,405.8,,398.95,,,47400,18861630.0,136,F1,200,,,,,
2026-09-01,2026-09-01,CM,NSE,STK,24507,INE0RPM01017,SATIPOLY,ST,,,,,SATI POLY PLAST LIMITED,39.0,39.0,39.0,39.0,39.0,39.95,,39.0,,,500,19500.0,1,F1,500,,,,,
2026-09-01,2026-09-01,CM,NSE,STK,11045,INE170E01023,SATIA,EQ,,,,,SATIA INDUSTRIES LIMITED,56.9,57.6,56.45,57.06,57.18,56.88,,57.06,,,36781,2096509.04,658,F1,1,,,,,
2026-09-01,2026-09-01,CM,NSE,STK,10453,INE836B01017,SATIN,EQ,,,,,SATIN CREDIT NET LTD,222.25,225.29,213.06,217.18,217.75,224.02,,217.18,,,322019,70123415.57,6608,F1,1,,,,,
2026-09-01,2026-09-01,CM,NSE,STK,758960,INE14DW01018,SATTVAENGG,SM,,,,,SATTVA ENGINEERING CSTN L,62.0,62.05,61.75,61.75,61.75,61.0,,61.75,,,44800,2777280.0,23,F1,1600,,,,,
2026-09-01,2026-09-01,CM,NSE,STK,3018,INE626A01014,SAURASHCEM,EQ,,,,,SAURASHTRA CEMENT LIMITED,55.89,56.5,55.15,55.54,55.15,55.82,,55.55,,,58225,3254912.3,964,F1,1,,,,,
2026-09-01,2026-09-01,CM,NSE,STK,3021,INE035D01020,SOTL,EQ,,,,,SAVITA OIL TECHNOLO. LTD,691.5,787.75,691.5,771.4,760.2,688.5,,771.4,,,11719498,8918323851.4,271385,F1,1,,,,,
2026-09-01,2026-09-01,CM,NSE,STK,757704,INE0UCN01017,SAVY,SM,,,,,SAVY INFRA AND LOGI LTD,131.8,139.9,130.15,136.7,135.05,137.05,,136.7,,,145200,19255680.0,32,F1,1200,,,,,
2026-09-01,2026-09-01,CM,NSE,STK,758444,INE10VS01016,SAWALIYA,SM,,,,,SAWALIYA FOOD PRODUCTS L,137.7,168.3,137.7,158.0,158.0,153.0,,158.0,,,256200,39540870.0,151,F1,600,,,,,
2026-09-01,2026-09-01,CM,NSE,STK,762879,INE318C01014,SAYAJIHOTL,EQ,,,,,SAYAJI HOTELS LTD.,306.0,316.0,306.0,316.0,316.0,318.55,,316.0,,,57,17492.3,6,F1,1,,,,,
2026-09-01,2026-09-01,CM,NSE,STK,764875,INE327G01032,SAYAJIIND,EQ,,,,,SAYAJI INDUSTRIES LTD.,116.0,124.0,116.0,117.43,121.95,118.66,,117.42,,,830,97985.95,13,F1,1,,,,,
2026-09-01,2026-09-01,CM,NSE,STK,6792,INE04AK01028,SBC,EQ,,,,,SBC EXPORTS LIMITED,42.15,42.64,41.77,42.04,42.05,42.15,,42.04,,,5213096,219524605.09,7328,F1,1,,,,,
2026-09-01,2026-09-01,CM,NSE,STK,18026,INE423Y01016,SBFC,EQ,,,,,SBFC FINANCE LIMITED,98.71,101.9,97.91,99.95,99.72,98.82,,99.98,,,12820956,1286932914.0,18921,F1,1,,,,,
2026-09-01,2026-09-01,CM,NSE,STK,17971,INE018E01016,SBICARD,EQ,,,,,SBI CARDS & PAY SER LTD,653.2,660.35,628.4,632.4,632.4,644.75,,632.39,,,3438291,2215805941.25,36212,F1,1,,,,,
2026-09-01,2026-09-01,CM,NSE,STK,764173,INE640G01020,SBIFUNDS,EQ,,,,,SBI FUNDS MANAGEMENT LTD,576.1,577.2,565.0,566.95,565.9,577.5,,566.96,,,1866287,1066905241.65,31676,F1,1,,,,,
2026-09-01,2026-09-01,CM,NSE,STK,21808,INE123W01016,SBILIFE,EQ,,,,,SBI LIFE INSURANCE CO LTD,1740.5,1753.4,1728.6,1739.3,1739.3,1740.5,,1739.31,,,624181,1086875612.1,35718,F1,1,,,,,
2026-09-01,2026-09-01,CM,NSE,STK,17272,INF200KA16D8,SETFGOLD,EQ,,,,,SBI-ETF GOLD,134.73,134.73,129.01,129.31,129.3,131.45,,129.31,,,6370763,827669414.76,16347,F1,1,,,,,
2026-09-01,2026-09-01,CM,NSE,STK,10176,INF200KA1FS1,SETFNIF50,EQ,,,,,SBI-ETF NIFTY 50,257.9,260.24,257.9,258.44,258.66,259.76,,258.44,,,1016454,263304147.51,5624,F1,1,,,,,
2026-09-01,2026-09-01,CM,NSE,STK,7361,INF200KA1580,SETFNIFBK,EQ,,,,,SBI-ETF NIFTY BANK,590.75,593.94,587.5,588.44,590.85,590.75,,588.47,,,14744,8711410.44,1430,F1,1,,,,,
2026-09-01,2026-09-01,CM,NSE,STK,7353,INF200KA1598,SETFNN50,EQ,,,,,SBI-ETF NIFTY NEXT 50,793.3,797.0,780.1,784.06,783.5,787.71,,784.06,,,24915,19530378.8,1685,F1,1,,,,,
2026-09-01,2026-09-01,CM,NSE,STK,19705,INF200KA13Z8,LIQUIDSBI,EQ,,,,,SBIAMC - LIQUIDSBI,999.99,1000.01,999.99,1000.0,1000.01,999.99,,1000.0,,,636,636004.03,17,F1,1,,,,,
2026-09-01,2026-09-01,CM,NSE,STK,30290,INF200KB1712,SBIBPB,EQ,,,,,SBIAMC - SBIBPB,49.29,49.83,49.15,49.4,49.48,49.29,,49.4,,,61306,3034499.59,383,F1,1,,,,,
2026-09-01,2026-09-01,CM,NSE,STK,5168,INF200KA1X17,SBIETFCON,EQ,,,,,SBIAMC - SBIETFCON,122.16,123.68,121.25,121.5,122.35,122.16,,121.5,,,2274,277840.42,104,F1,1,,,,,
2026-09-01,2026-09-01,CM,NSE,STK,740,INF200KA1S14,SBIETFIT,EQ,,,,,SBIAMC - SBIETFIT,344.15,349.73,342.76,347.27,346.16,344.14,,347.27,,,13596,4733586.45,270,F1,1,,,,,
2026-09-01,2026-09-01,CM,NSE,STK,722,INF200KA1S22,SBIETFPB,EQ,,,,,SBIAMC - SBIETFPB,276.36,285.5,276.36,281.39,281.87,283.45,,281.39,,,2461,698983.71,101,F1,1,,,,,
2026-09-01,2026-09-01,CM,NSE,STK,7218,INF200KA1WX6,SBIETFQLTY,EQ,,,,,SBIAMC - SBIETFQLTY,224.92,225.19,223.31,224.87,224.9,224.22,,224.87,,,2598,583608.82,78,F1,1,,,,,
2026-09-01,2026-09-01,CM,NSE,STK,758496,INF200KB1969,SBILIQETF,EQ,,,,,SBIAMC - SBILIQETF,1054.17,1054.19,1054.17,1054.18,1054.17,1054.05,,1054.18,,,347127,365934362.57,76,F1,1,,,,,
2026-09-01,2026-09-01,CM,NSE,STK,761095,INF200KB1AJ0,SBIMIDMOM,EQ,,,,,SBIAMC - SBIMIDMOM,64.87,65.18,63.72,63.89,63.9,64.54,,63.89,,,17843,1144982.3,239,F1,1,,,,,
2026-09-01,2026-09-01,CM,NSE,STK,24524,INF200KB1282,SBINEQWETF,EQ,,,,,SBIAMC - SBINEQWETF,33.51,33.53,33.21,33.28,33.44,33.45,,33.31,,,38566,1287792.61,233,F1,1,,,,,
2026-09-01,2026-09-01,CM,NSE,STK,761741,INF200KB1AK8,SBINMID150,EQ,,,,,SBIAMC - SBINMID150,23.6,23.71,23.25,23.36,23.38,23.49,,23.36,,,70884,1655371.0,212,F1,1,,,,,
2026-09-01,2026-09-01,CM,NSE,STK,24366,INF200KB1217,SBISILVER,EQ,,,,,SBIAMC - SBISILVER,228.48,229.32,222.5,222.99,222.6,228.47,,222.99,,,1328270,298998189.29,8960,F1,1,,,,,
2026-09-01,2026-09-01,CM,NSE,STK,763543,INF200KB1AY9,SBISMLETF,EQ,,,,,SBIAMC - SBISMLETF,18.46,18.75,18.3,18.36,18.47,18.45,,18.36,,,74407,1367136.21,255,F1,1,,,,,
2026-09-01,2026-09-01,CM,NSE,STK,763546,INF200KB1AX1,SBIVALETF,EQ,,,,,SBIAMC - SBIVALETF,15.0,15.0,14.62,14.64,14.7,15.06,,14.64,,,276895,4061228.14,217,F1,1,,,,,
2026-09-01,2026-09-01,CM,NSE,STK,17395,INF200KA1JT1,SETF10GILT,EQ,,,,,SBIAMC - SETF10GILT,265.25,265.25,263.01,263.52,263.9,264.69,,263.52,,,1150,303296.53,53,F1,1,,,,,
2026-09-01,2026-09-01,CM,NSE,STK,762887,INE099G01011,SCANSTL,BE,,,,,SCAN STEELS LTD.,58.1,59.58,57.0,57.19,57.02,58.84,,57.24,,,34026,1959661.4,201,F1,1,,,,,
2026-09-01,2026-09-01,CM,NSE,STK,1011,INE513A01022,SCHAEFFLER,EQ,,,,,SCHAEFFLER INDIA LIMITED,4011.0,4029.0,3977.0,4000.2,4000.5,4014.8,,4000.13,,,42478,169873660.2,17025,F1,1,,,,,
2026-09-01,2026-09-01,CM,NSE,STK,31234,INE839M01018,SCHNEIDER,EQ,,,,,SCHNEIDER ELECTRIC INFRA,1230.0,1231.4,1163.4,1188.3,1183.0,1219.2,,1188.24,,,379659,451443597.2,38702,F1,1,,,,,
2026-09-01,2026-09-01,CM,NSE,STK,757462,INE148I07XX3,SCL01825,N6,,,,,SCL 0% 2027 SR III,1084.0,1084.0,1084.0,1084.0,1084.0,1084.0,,1084.0,,,25,27100.0,1,F1,1,,,,,
2026-09-01,2026-09-01,CM,NSE,STK,757460,INE148I07XG8,865SCL27,N4,,,,,SCL 8.65% 2027 SR II,999.0,1000.0,999.0,1000.0,1000.0,999.0,,999.0,,,220,219898.0,16,F1,1,,,,,
2026-09-01,2026-09-01,CM,NSE,STK,757458,INE148I07YA9,9SCL27,N2,,,,,SCL 9.00% 2027 SR I,1002.0,1002.0,1002.0,1002.0,1002.0,1002.0,,1002.0,,,47,47094.0,1,F1,1,,,,,
2026-09-01,2026-09-01,CM,NSE,STK,30238,INE148I07WU1,902SCL28,N1,,,,,SCL 9.02% SR V,999.88,999.88,999.88,999.88,999.88,988.49,,998.37,,,72,71991.36,2,F1,1,,,,,
2026-09-01,2026-09-01,CM,NSE,STK,757464,INE148I07XP9,925SCL2028,N8,,,,,SCL 9.25% 2028 SR IV,999.5,999.9,999.5,999.9,999.9,999.36,,999.9,,,200,199940.0,2,F1,1,,,,,
2026-09-01,2026-09-01,CM,NSE,STK,24821,INE148I07TY9,975SCL28A,N0,,,,,SCL 9.75% 2028,100740.66,100740.66,100740.66,100740.66,100740.66,100258.72,,100370.33,,,5,503703.3,1,F1,1,,,,,
2026-09-01,2026-09-01,CM,NSE,STK,30222,INE148I07WI6,990SCL28,N1,,,,,SCL 9.90% SR IV,1047.09,1047.09,1047.09,1047.09,1047.09,1045.24,,1047.09,,,1,1047.09,1,F1,1,,,,,
2026-09-01,2026-09-01,CM,NSE,STK,757497,INE148I07XY1,995SCL2035,NM,,,,,SCL 9.95% 2035 SR XII,1000.0,1000.0,1000.0,1000.0,1000.0,1000.0,,1000.0,,,5,5000.0,2,F1,1,,,,,
2026-09-01,2026-09-01,CM,NSE,STK,757478,INE090501011,SCODATUBES,EQ,,,,,SCODA TUBES LIMITED,128.6,131.24,127.2,130.29,130.0,128.38,,130.29,,,117865,15318640.2,1775,F1,1,,,,,
2026-09-01,2026-09-01,CM,NSE,STK,21164,IN1020230687,774AP36A,SG,,,,,SDL AP 7.74% 2036,94.0,99.75,94.0,99.75,99.75,95.0,,99.75,,,200,19375.0,2,F1,100,,,,,
2026-09-01,2026-09-01,CM,NSE,STK,761658,IN1020260023,807AP51,SG,,,,,SDL AP 8.07% 2051,99.0,99.0,99.0,99.0,99.0,100.0,,99.0,,,100,9900.0,1,F1,100,,,,,
2026-09-01,2026-09-01,CM,NSE,STK,22991,IN1220230214,742AS34,SG,,,,,SDL AS 7.42% 2034,97.0,97.0,97.0,97.0,97.0,95.0,,97.0,,,100,9700.0,1,F1,100,,,,,
2026-09-01,2026-09-01,CM,NSE,STK,21167,IN1320230155,773BR39,SG,,,,,SDL BR 7.73% 2039,98.0,98.0,98.0,98.0,98.0,99.0,,98.0,,,100,9800.0,1,F1,100,,,,,
2026-09-01,2026-09-01,CM,NSE,STK,25351,IN3520240018,70CG29,SG,,,,,SDL CG 7.0% 2029,96.7,96.7,96.7,96.7,96.7,96.7,,96.7,,,100,9670.0,1,F1,100,,,,,
2026-09-01,2026-09-01,CM,NSE,STK,760905,IN1520250284,702GJ31,SG,,,,,SDL GJ 7.02% 2031,93.65,93.65,93.65,93.65,93.65,95.0,,93.65,,,100,9365.0,1,F1,100,,,,,
2026-09-01,2026-09-01,CM,NSE,STK,19907,IN4920230138,758JK50,SG,,,,,SDL JK 7.58% 2050,97.0,97.0,97.0,97.0,97.0,94.67,,97.0,,,100,9700.0,1,F1,100,,,,,
2026-09-01,2026-09-01,CM,NSE,STK,20945,IN1920230159,768KA37,SG,,,,,SDL KA 7.68% 2037,96.0,96.0,96.0,96.0,96.0,97.96,,96.0,,,100,9600.0,1,F1,100,,,,,
2026-09-01,2026-09-01,CM,NSE,STK,758843,IN2220250285,674MH29,SG,,,,,SDL MH 6.74% 2029,96.14,96.14,96.14,96.14,96.14,96.14,,96.14,,,1000,96140.0,1,F1,100,,,,,
2026-09-01,2026-09-01,CM,NSE,STK,25352,IN2220240260,71MH33,SG,,,,,SDL MH 7.1% 2033,93.96,93.96,93.96,93.96,93.96,95.8,,93.96,,,100,9396.0,1,F1,100,,,,,
2026-09-01,2026-09-01,CM,NSE,STK,22751,IN2220230238,746MH35,SG,,,,,SDL MH 7.46% 2035,93.1,93.1,93.0,93.0,93.0,95.0,,93.0,,,200,18610.0,2,F1,100,,,,,
2026-09-01,2026-09-01,CM,NSE,STK,761647,IN2220260029,791MH39,SG,,,,,SDL MH 7.91% 2039,101.0,101.0,101.0,101.0,101.0,101.0,,101.0,,,100,10100.0,1,F1,100,,,,,
2026-09-01,2026-09-01,CM,NSE,STK,21166,IN2820230232,779PN38,SG,,,,,SDL PN 7.79% 2038,98.0,98.0,98.0,98.0,98.0,99.0,,98.0,,,100,9800.0,1,F1,100,,,,,
2026-09-01,2026-09-01,CM,NSE,STK,764145,IN3120260077,739TN34A,SG,,,,,SDL TN 7.39% 2034,92.56,92.56,92.56,92.56,92.56,94.08,,92.56,,,600,55536.0,2,F1,100,,,,,
2026-09-01,2026-09-01,CM,NSE,STK,763285,IN3120260010,750TN32,SG,,,,,SDL TN 7.50% 2032,98.0,98.0,98.0,98.0,98.0,100.0,,98.0,,,1800,176400.0,1,F1,100,,,,,
2026-09-01,2026-09-01,CM,NSE,STK,19162,IN3120230245,752TN33,SG,,,,,SDL TN 7.52% 2033,95.96,98.0,95.96,98.0,98.0,95.82,,98.0,,,200,19396.0,2,F1,100,,,,,
2026-09-01,2026-09-01,CM,NSE,STK,10720,IN3120220139,76TN32,SG,,,,,SDL TN 7.6% 2032,98.69,98.69,98.69,98.69,98.69,100.4,,98.69,,,100,9869.0,1,F1,100,,,,,
2026-09-01,2026-09-01,CM,NSE,STK,20643,INE027E07972,935LTF29,N5,,,,,SE RE NCD 9.35% SR.V OP2,1125.0,1150.0,1100.0,1100.0,1100.0,1130.0,,1103.0,,,654,741800.0,10,F1,1,,,,,
2026-09-01,2026-09-01,CM,NSE,STK,2616,INE497B01018,SEAMECLTD,EQ,,,,,SEAMEC LIMITED,1697.0,1699.9,1642.1,1678.8,1680.0,1674.8,,1678.68,,,60153,101225858.9,6742,F1,1,,,,,
2026-09-01,2026-09-01,CM,NSE,STK,6207,INE530B07187,IIFLZC26,NN,,,,,SEC RE NCD 0% SR.VII,1495.0,1495.0,1495.0,1495.0,1495.0,1495.0,,1495.0,,,100,149500.0,1,F1,1,,,,,
2026-09-01,2026-09-01,CM,NSE,STK,20771,INE413U07277,10ISFL26,N3,,,,,SEC RE NCD 10% SR 4,1062.0,1062.0,1062.0,1062.0,1062.0,1060.0,,1062.0,,,232,246384.0,6,F1,1,,,,,
2026-09-01,2026-09-01,CM,NSE,STK,12465,INE741K07496,10CAGL27,N5,,,,,SEC RE NCD 10% SR. V,1017.0,1017.0,1015.0,1015.0,1015.0,1020.0,,1015.0,,,160,162700.0,2,F1,1,,,,,
2026-09-01,2026-09-01,CM,NSE,STK,20779,INE413U07269,1003ISFL28,N4,,,,,SEC RE NCD 10.03% SR 5,999.0,1014.0,999.0,1014.0,1014.0,1010.6,,1014.0,,,113,114222.0,4,F1,1,,,,,
2026-09-01,2026-09-01,CM,NSE,STK,21028,INE148I07RU1,875SCL23A,YI,,,,,SEC RE NCD 10.03% SR X,1010.0,1010.0,1010.0,1010.0,1010.0,1010.0,,1010.0,,,43,43430.0,1,F1,1,,,,,
2026-09-01,2026-09-01,CM,NSE,STK,20102,INE148I07QR9,1015SCL28,NR,,,,,SEC RE NCD 10.15% SR VII,900.0,900.0,900.0,900.0,900.0,900.0,,900.0,,,14,12600.0,1,F1,1,,,,,
2026-09-01,2026-09-01,CM,NSE,STK,23974,INE148I07TN2,1025SCL34A,ZT,,,,,SEC RE NCD 10.25% SR XII,1015.0,1015.0,1015.0,1015.0,1015.0,1000.01,,1015.0,,,20,20300.0,1,F1,1,,,,,
2026-09-01,2026-09-01,CM,NSE,STK,25575,INE148I07UV3,1025SCL34B,N1,,,,,SEC RE NCD 10.25% SR XII,1000.0,1000.0,1000.0,1000.0,1000.0,990.2,,1000.0,,,50,50000.0,1,F1,1,,,,,
2026-09-01,2026-09-01,CM,NSE,STK,21056,INE148I07RZ0,835SCL23B,YM,,,,,SEC RE NCD 10.25% SR XII,1035.0,1035.0,1035.0,1035.0,1035.0,1030.0,,1035.0,,,6,6210.0,1,F1,1,,,,,
2026-09-01,2026-09-01,CM,NSE,STK,15249,INE244L07556,1003SFIL28,NX,,,,,SEC RE NCD 10.50% SR.VII,479.0,480.0,412.0,451.88,480.0,458.23,,451.88,,,55,24675.0,5,F1,1,,,,,
2026-09-01,2026-09-01,CM,NSE,STK,23123,INE342T07460,1065NFL27,NC,,,,,SEC RE NCD 10.65% SR.IV,1011.0,1020.0,1011.0,1020.0,1020.0,1034.0,,1015.5,,,516,522053.02,19,F1,1,,,,,
2026-09-01,2026-09-01,CM,NSE,STK,18902,INE148I07PT7,1075SCL33A,N2,,,,,SEC RE NCD 10.75% SR XI,988.0,988.0,988.0,988.0,988.0,890.0,,988.0,,,40,39520.0,1,F1,1,,,,,
2026-09-01,2026-09-01,CM,NSE,STK,23125,INE342T07445,1119NFL27,ND,,,,,SEC RE NCD 11.19% SR.V,1054.8,1054.8,1047.2,1054.8,1054.8,1054.8,,1054.8,,,15,15814.4,4,F1,1,,,,,
2026-09-01,2026-09-01,CM,NSE,STK,11658,INE0H7R07017,79NHIT35,N1,,,,,SEC RE NCD 7.90% STRPP A,311.99,312.0,311.0,311.25,311.25,311.96,,310.63,,,2826,880404.25,9,F1,1,,,,,
2026-09-01,2026-09-01,CM,NSE,STK,11665,INE0H7R07025,79NHIT40,N2,,,,,SEC RE NCD 7.90% STRPP B,311.0,314.5,311.0,311.15,311.15,312.02,,311.15,,,368,114459.35,7,F1,1,,,,,
2026-09-01,2026-09-01,CM,NSE,STK,11669,INE0H7R07033,79NHIT47,N3,,,,,SEC RE NCD 7.90% STRPP C,416.35,417.9,416.35,417.66,417.66,416.65,,417.66,,,900,375505.83,9,F1,1,,,,,
2026-09-01,2026-09-01,CM,NSE,STK,3464,INE219X07264,82IGT31,NJ,,,,,SEC RE NCD 8.20% SR.V,1031.0,1031.0,1031.0,1031.0,1031.0,1030.65,,1031.0,,,4,4124.0,1,F1,1,,,,,
2026-09-01,2026-09-01,CM,NSE,STK,6197,INE530B07161,842IIFL26,NL,,,,,SEC RE NCD 8.42% SR.V,999.98,999.98,997.01,997.01,997.01,997.55,,997.01,,,63,62963.1,2,F1,1,,,,,
2026-09-01,2026-09-01,CM,NSE,STK,7668,INE477L07AQ2,843IHFL29,NC,,,,,SEC RE NCD 8.43% SR.VI,985.0,985.0,985.0,985.0,985.0,985.0,,985.0,,,2,1970.0,2,F1,1,,,,,
2026-09-01,2026-09-01,CM,NSE,STK,20435,INE121A07RO8,850CIFCL26,NE,,,,,SEC RE NCD 8.50% SR 3,1060.0,1060.0,1060.0,1060.0,1060.0,950.0,,1060.0,,,100,106000.0,1,F1,1,,,,,
2026-09-01,2026-09-01,CM,NSE,STK,17039,INE530B07385,865IFL28,NZ,,,,,SEC RE NCD 8.65% SR.V,985.0,985.0,985.0,985.0,985.0,990.0,,985.0,,,150,147750.0,1,F1,1,,,,,
2026-09-01,2026-09-01,CM,NSE,STK,13852,INE530B07310,865IIFL28,NS,,,,,SEC RE NCD 8.65% SR.V,996.0,996.1,995.5,996.1,996.1,992.0,,996.1,,,366,364471.06,8,F1,1,,,,,
2026-09-01,2026-09-01,CM,NSE,STK,28852,INE477L07AZ3,885IHL26,N1,,,,,SEC RE NCD 8.85% SR I,1048.2,1048.2,1048.2,1048.2,1048.2,1056.44,,1048.2,,,50,52410.0,2,F1,1,,,,,
2026-09-01,2026-09-01,CM,NSE,STK,28869,INE477L07BG1,89IHFL29,N1,,,,,SEC RE NCD 8.90% SR VI,989.0,989.0,975.0,975.0,975.0,985.0,,975.0,,,21,20489.0,2,F1,1,,,,,
2026-09-01,2026-09-01,CM,NSE,STK,5160,INE516Y07428,9PFL31A,,,,,,SEC RE NCD 9% SR.V,1039.0,1039.0,1038.0,1038.0,1038.0,1038.0,,1038.0,,,29,30104.0,3,F1,1,,,,,
2026-09-01,2026-09-01,CM,NSE,STK,17041,INE530B07377,9IIFL28,Y0,,,,,SEC RE NCD 9% SR.VI,993.7,993.7,993.7,993.7,993.7,1005.0,,993.7,,,49,48691.3,2,F1,1,,,,,
2026-09-01,2026-09-01,CM,NSE,STK,13854,INE530B07260,9IIFL28A,NT,,,,,SEC RE NCD 9% SR.VI,1044.0,1049.99,1037.0,1049.99,1049.99,1040.0,,1048.25,,,2845,2960859.46,63,F1,1,,,,,
2026-09-01,2026-09-01,CM,NSE,STK,23710,INE338I07115,93MOFSL34,N6,,,,,SEC RE NCD 9.30% SR VII,1070.0,1074.99,1065.0,1072.0,1072.0,1070.0,,1072.0,,,500,535852.9,11,F1,1,,,,,
2026-09-01,2026-09-01,CM,NSE,STK,23708,INE338I07107,935MOFSL29,N5,,,,,SEC RE NCD 9.35% SR VI,1049.0,1049.0,1049.0,1049.0,1049.0,1035.1,,1049.0,,,20,20980.0,1,F1,1,,,,,
2026-09-01,2026-09-01,CM,NSE,STK,20075,INE148I07QK4,948SCL26A,NN,,,,,SEC RE NCD 9.48% SR V,333.3,333.9,333.3,333.9,333.9,333.3,,333.9,,,150,49998.0,3,F1,1,,,,,
2026-09-01,2026-09-01,CM,NSE,STK,25552,INE148I07UC3,948SCL27D,N1,,,,,SEC RE NCD 9.48% SR V,990.5,990.5,990.5,990.5,990.5,1060.0,,990.5,,,4,3962.0,1,F1,1,,,,,
2026-09-01,2026-09-01,CM,NSE,STK,25294,INE423A07336,956AEL29,N6,,,,,SEC RE NCD 9.56% SR VI,1049.0,1049.0,1049.0,1049.0,1049.0,1049.0,,1048.5,,,147,154203.0,4,F1,1,,,,,
2026-09-01,2026-09-01,CM,NSE,STK,20769,INE413U07236,957ISFL26,N2,,,,,SEC RE NCD 9.57% SR 3,1001.25,1001.25,1001.25,1001.25,1001.25,990.0,,1001.25,,,110,110137.5,13,F1,1,,,,,
2026-09-01,2026-09-01,CM,NSE,STK,25287,INE423A07328,965AEL27,N4,,,,,SEC RE NCD 9.65% SR IV,1012.0,1013.9,1009.5,1009.53,1009.5,1009.99,,1009.53,,,689,696574.56,16,F1,1,,,,,
2026-09-01,2026-09-01,CM,NSE,STK,18487,INE741K07579,970CAGL28,ND,,,,,SEC RE NCD 9.70% SR VII,1023.69,1023.69,1023.69,1023.69,1023.69,1023.99,,1020.0,,,4,4094.76,1,F1,1,,,,,
2026-09-01,2026-09-01,CM,NSE,STK,23712,INE338I07123,97MOFSL34,N7,,,,,SEC RE NCD 9.70% SR VIII,1109.0,1109.0,1109.0,1109.0,1109.0,1097.0,,1109.0,,,50,55450.0,2,F1,1,,,,,
2026-09-01,2026-09-01,CM,NSE,STK,23958,INE148I07TG6,971SCL29A,ZN,,,,,SEC RE NCD 9.71% SR VIII,960.0,1000.0,960.0,1000.0,1000.0,998.0,,1000.0,,,1000,980000.0,2,F1,1,,,,,
2026-09-01,2026-09-01,CM,NSE,STK,14038,INE244L07416,985SFIL28,NO,,,,,SEC RE NCD 9.85% SR.VIII,425.0,425.0,425.0,425.0,425.0,375.2,,425.0,,,25,10625.0,1,F1,1,,,,,
2026-09-01,2026-09-01,CM,NSE,STK,23950,INE148I07TM4,SCL310524A,ZK,,,,,SEC RE NCD SR VI,1227.9,1227.9,1227.9,1227.9,1227.9,1151.1,,1227.9,,,1,1227.9,1,F1,1,,,,,
2026-09-01,2026-09-01,CM,NSE,STK,19772,INE148I07QB3,SCLZC26C,NB,,,,,SEC RE NCD SR VI,1315.0,1315.0,1314.25,1314.25,1314.25,1314.18,,1314.25,,,60,78858.0,4,F1,1,,,,,
2026-09-01,2026-09-01,CM,NSE,STK,25298,INE423A07385,AEL120924B,N8,,,,,SEC RE NCD SR VIII,1227.9,1227.9,1227.9,1227.9,1227.9,1212.0,,1227.9,,,8,9823.2,1,F1,1,,,,,
2026-09-01,2026-09-01,CM,NSE,STK,14219,INE00QS24043,IMC1,N1,,,,,SEC RE NCGB 8.25% STRPP B,250.0,250.0,250.0,250.0,250.0,247.7,,250.0,,,10,2500.0,1,F1,1,,,,,
2026-09-01,2026-09-01,CM,NSE,STK,14224,INE00QS24027,IMC1,N2,,,,,SEC RE NCGB 8.25% STRPP C,252.0,252.0,250.5,251.0,251.0,251.86,,251.0,,,193,48538.0,3,F1,1,,,,,
2026-09-01,2026-09-01,CM,NSE,STK,14228,INE00QS24035,IMC1,N3,,,,,SEC RE NCGB 8.25% STRPP D,250.0,250.0,250.0,250.0,250.0,256.5,,250.0,,,10,2500.0,1,F1,1,,,,,
2026-09-01,2026-09-01,CM,NSE,STK,7975,INE804IA7014,1015ECL29,NR,,,,,SEC RED NCD 10.15% SR. VI,1017.0,1019.99,1016.02,1016.02,1016.02,1017.95,,1016.0,,,25,25467.42,7,F1,1,,,,,
2026-09-01,2026-09-01,CM,NSE,STK,7986,INE804IA7022,1060ECL29,NS,,,,,SEC RED NCD 10.6% SR. VII,1288.0,1288.0,1288.0,1288.0,1288.0,1079.9,,1288.0,,,50,64400.0,1,F1,1,,,,,
2026-09-01,2026-09-01,CM,NSE,STK,16870,INE033L07GS6,81TCHF28,N8,,,,,SEC RED NCD 8.10% SR.IV,1015.0,1015.0,1009.99,1010.0,1010.0,1018.39,,1005.0,,,215,217174.85,6,F1,1,,,,,
2026-09-01,2026-09-01,CM,NSE,STK,18628,INE148I07GL3,9SCL26BA,,,,,,SEC RED NCD 9.0% SR. VI,1082.5,1082.5,1080.0,1080.0,1080.0,1080.8,,1080.0,,,2,2162.5,2,F1,1,,,,,
2026-09-01,2026-09-01,CM,NSE,STK,8642,INE721A07OQ7,97SFL29,YZ,,,,,SEC RED NCD 9.70% SR. V,1090.9,1091.0,1090.9,1091.0,1091.0,1091.0,,1090.0,,,250,272745.0,4,F1,1,,,,,
2026-09-01,2026-09-01,CM,NSE,STK,4292,INE804I079Y6,985ECL28,NK,,,,,SEC RED NCD 9.85% SR. VII,905.0,1004.99,905.0,1004.87,1004.87,1002.97,,1004.87,,,228,216633.08,4,F1,1,,,,,
2026-09-01,2026-09-01,CM,NSE,STK,19496,INE0BTM01013,SECMARK,EQ,,,,,SECMARK CONSULTANCY LTD,160.8,160.8,146.52,148.51,150.99,163.27,,148.62,,,11345,1718110.98,439,F1,1,,,,,
2026-09-01,2026-09-01,CM,NSE,STK,11058,INE650K01021,SECURKLOUD,EQ,,,,,SECUREKLOUD TECH LIMITED,17.68,18.1,17.25,17.33,17.25,17.51,,17.33,,,22502,392127.82,181,F1,1,,,,,
2026-09-01,2026-09-01,CM,NSE,STK,761153,INE00XB01019,SEDEMAC,EQ,,,,,SEDEMAC MECHATRONICS LTD,3054.0,3057.9,2951.1,2988.6,2970.0,3089.4,,2988.49,,,137622,413268836.5,20390,F1,1,,,,,
2026-09-01,2026-09-01,CM,NSE,STK,7091,INE955I01044,SEJALLTD,EQ,,,,,SEJAL GLASS LIMITED,710.55,714.95,671.65,675.3,679.85,707.0,,675.49,,,9707,6636550.4,766,F1,1,,,,,
2026-09-01,2026-09-01,CM,NSE,STK,6262,INE105I01020,SELMC,EQ,,,,,SEL MANUFACTURING CO LTD,28.99,28.99,27.0,27.11,27.1,27.35,,27.07,,,6524,177715.79,99,F1,1,,,,,
2026-09-01,2026-09-01,CM,NSE,STK,11961,INE617A01013,SEMAC,EQ,,,,,SEMAC CONSTRUCTION LTD,281.0,292.35,276.4,292.0,292.0,281.95,,292.0,,,103,29347.55,15,F1,1,,,,,
2026-09-01,2026-09-01,CM,NSE,STK,17271,INE602W01027,SENCO,EQ,,,,,SENCO GOLD LIMITED,350.0,360.75,347.4,352.75,351.0,348.6,,352.76,,,926985,328127388.15,20618,F1,1,,,,,
2026-09-01,2026-09-01,CM,NSE,STK,28888,INE0RB801010,SENORES,EQ,,,,,SENORES PHARMACEUTICALS L,1442.3,1469.9,1424.3,1454.7,1459.0,1432.8,,1454.65,,,492855,708966887.9,18713,F1,1,,,,,
2026-09-01,2026-09-01,CM,NSE,STK,15308,INE964H01014,SEPC,EQ,,,,,SEPC LIMITED,5.44,5.49,5.33,5.37,5.39,5.44,,5.37,,,9634411,51966240.72,5752,F1,1,,,,,
2026-09-01,2026-09-01,CM,NSE,STK,20691,INE027E07AN7,87LTF27,NH,,,,,SERENCD 8.70% SR.VII OPII,1025.0,1026.0,1025.0,1026.0,1026.0,1025.0,,1026.0,,,11,11276.0,2,F1,1,,,,,
2026-09-01,2026-09-01,CM,NSE,STK,20655,INE027E07998,898LTF29,N7,,,,,SERENCD 8.98% SR.VI OP2,1072.55,1072.55,1066.01,1066.01,1066.01,1072.0,,1069.01,,,51,54427.05,7,F1,1,,,,,
2026-09-01,2026-09-01,CM,NSE,STK,21197,INE306N07LM5,865TCAPS27,N8,,,,,SERENCD8.65%SR.IIICIII&IV,1013.99,1014.0,1000.0,1006.12,1014.0,1011.6,,1006.14,,,1364,1371381.7,45,F1,1,,,,,
2026-09-01,2026-09-01,CM,NSE,STK,17399,INE0P1Q01015,SERVICE,SM,,,,,SERVICE CARE LIMITED,71.75,71.8,68.05,70.05,70.95,71.45,,70.05,,,32000,2233300.0,15,F1,2000,,,,,
2026-09-01,2026-09-01,CM,NSE,STK,5507,INE782X01033,SERVOTECH,EQ,,,,,SERVOTECH REN POW SYS LTD,79.9,79.99,77.98,78.58,78.89,79.79,,78.58,,,307505,24237628.1,4359,F1,1,,,,,
2026-09-01,2026-09-01,CM,NSE,STK,759934,INE04VU01023,STYL,EQ,,,,,SESHAASAI TECHNOLOGIES L,387.0,391.45,381.1,386.8,386.4,385.8,,386.73,,,59704,23017440.45,2643,F1,1,,,,,
2026-09-01,2026-09-01,CM,NSE,STK,3066,INE630A01024,SESHAPAPER,EQ,,,,,SESHASAYEE PAPER & BOARDS,230.0,233.7,226.5,232.52,231.0,229.34,,232.51,,,38263,8812448.69,958,F1,1,,,,,
2026-09-01,2026-09-01,CM,NSE,STK,17518,INE878E01021,SETCO,BE,,,,,SETCO AUTOMOTIVE LTD,18.58,18.58,17.5,17.67,17.9,17.7,,17.67,,,100647,1819485.88,205,F1,1,,,,,
2026-09-01,2026-09-01,CM,NSE,STK,18024,INE023M01027,SETUINFRA,BZ,,,,,SETUBANDHAN INFRA LTD,0.5,0.51,0.49,0.51,0.51,0.49,,0.52,,,19144,9421.49,37,F1,1,,,,,
2026-09-01,2026-09-01,CM,NSE,STK,10836,INE573R01012,SEYAIND,BE,,,,,SEYA INDUSTRIES LIMITED,12.4,12.44,12.1,12.17,12.16,12.2,,12.27,,,11555,143621.71,33,F1,1,,,,,
2026-09-01,2026-09-01,CM,NSE,STK,758853,INE618R01015,SGFIN,EQ,,,,,SG FINSERVE LIMITED,688.6,698.0,674.2,682.3,680.4,688.65,,682.35,,,173924,119155054.55,6108,F1,1,,,,,
2026-09-01,2026-09-01,CM,NSE,STK,758889,INE385F01024,SGMART,EQ,,,,,SG MART LIMITED,803.3,859.95,796.65,835.05,834.0,803.3,,835.05,,,519733,432263507.45,20186,F1,1,,,,,
2026-09-01,2026-09-01,CM,NSE,STK,765247,INE967B01028,SGLRES,EQ,,,,,SGL RESOURCES LIMITED,2.48,2.48,2.29,2.42,2.44,2.38,,2.4,,,57635,136504.36,98,F1,1,,,,,
2026-09-01,2026-09-01,CM,NSE,STK,761469,INE12UN01015,SHADOWFAX,EQ,,,,,SHADOWFAX TECHNOLOGIES L,260.0,260.1,254.75,257.2,257.55,258.48,,257.17,,,2501002,643193249.55,34464,F1,1,,,,,
2026-09-01,2026-09-01,CM,NSE,STK,11856,INE640C01011,SHAHALLOYS,EQ,,,,,SHAH ALLOYS LIMITED,107.0,116.0,106.1,113.0,113.0,107.69,,112.95,,,451947,50889566.18,4502,F1,1,,,,,
2026-09-01,2026-09-01,CM,NSE,STK,20296,INE482J01021,SHAH,EQ,,,,,SHAH METACORP LIMITED,3.61,3.8,3.49,3.67,3.67,3.61,,3.67,,,4819906,17198420.66,1760,F1,1,,,,,
2026-09-01,2026-09-01,CM,NSE,STK,8727,INE151G01028,SHAILY,EQ,,,,,SHAILY ENG PLASTICS LTD,3244.0,3285.0,3186.0,3266.3,3275.5,3272.3,,3265.2,,,180382,582897488.8,31205,F1,1,,,,,
2026-09-01,2026-09-01,CM,NSE,STK,25574,INE908D01010,SHAKTIPUMP,EQ,,,,,SHAKTI PUMPS (I) LTD,486.4,487.1,476.0,477.95,479.3,486.4,,477.95,,,282810,135922444.95,13287,F1,1,,,,,
2026-09-01,2026-09-01,CM,NSE,STK,714,INE597J01018,SHALBY,EQ,,,,,SHALBY LIMITED,153.55,156.18,151.45,153.65,154.75,155.27,,153.66,,,47389,7286365.0,1113,F1,1,,,,,
2026-09-01,2026-09-01,CM,NSE,STK,761688,INE861D01011,SAHLIBHFI,EQ,,,,,SHALIBHADRA FINANCE LTD,77.85,83.4,75.0,75.58,83.4,77.7,,75.65,,,602619,45553166.84,1013,F1,1,,,,,
2026-09-01,2026-09-01,CM,NSE,STK,15346,INE849C01026,SHALPAINTS,BE,,,,,SHALIM PAINTS LTD,80.99,80.99,78.85,79.38,79.99,80.84,,79.4,,,57146,4550187.92,303,F1,1,,,,,
2026-09-01,2026-09-01,CM,NSE,STK,25737,INE01NE01012,SRD,EQ,,,,,SHANKAR LAL RAMPAL LTD,40.01,40.27,38.5,39.62,39.54,39.95,,39.62,,,30239,1203092.32,158,F1,1,,,,,
2026-09-01,2026-09-01,CM,NSE,STK,20321,INE274V01019,SHANKARA,EQ,,,,,SHANKARA BLDG PRODUCT LTD,146.14,147.44,146.0,146.59,146.51,146.14,,146.59,,,58499,8572161.59,330,F1,1,,,,,
2026-09-01,2026-09-01,CM,NSE,STK,760594,INE24OJ01011,BUILDPRO,EQ,,,,,SHANKARA BUILDPRO LIMITED,1249.9,1280.0,1245.8,1272.4,1274.0,1254.0,,1272.37,,,31355,39757502.3,1639,F1,1,,,,,
2026-09-01,2026-09-01,CM,NSE,STK,765382,INE1WFC01025,SHANKESH,EQ,,,,,SHANKESH JEWELLERS LTD,93.01,96.6,90.35,91.77,91.5,93.22,,91.85,,,5213503,486643125.4,26228,F1,1,,,,,
2026-09-01,2026-09-01,CM,NSE,STK,19752,INE0Q9Q01017,SHANTHALA,SM,,,,,SHANTHALA FMCG PRODUCTS L,16.6,16.6,16.6,16.6,16.6,16.6,,16.6,,,1200,19920.0,1,F1,1200,,,,,
2026-09-01,2026-09-01,CM,NSE,STK,3078,INE631A01022,SHANTIGEAR,EQ,,,,,SHANTHI GEARS LTD,525.5,537.0,521.05,530.65,531.5,525.5,,530.55,,,63901,33768721.95,2009,F1,1,,,,,
2026-09-01,2026-09-01,CM,NSE,STK,762889,INE440T01028,SEIL,EQ,,,,,SHANTI EDU INITIATIVES L,200.0,202.9,198.51,200.5,201.0,203.26,,200.54,,,311964,62417408.17,1738,F1,1,,,,,
2026-09-01,2026-09-01,CM,NSE,STK,758002,INE06ZD01017,SHANTIGOLD,EQ,,,,,SHANTI GOLD INTERNATION L,246.8,247.39,233.41,234.78,236.2,246.67,,234.78,,,1503906,358342386.62,18866,F1,1,,,,,
2026-09-01,2026-09-01,CM,NSE,STK,5650,INE933X01016,SHANTI,EQ,,,,,SHANTI OVERSEAS INDIA LTD,6.7,6.7,6.3,6.35,6.47,6.59,,6.35,,,15107,97431.03,82,F1,1,,,,,
2026-09-01,2026-09-01,CM,NSE,STK,762904,INE220Z01013,SHINDL,EQ,,,,,SHARAT INDUSTRIES LTD.,161.8,162.93,160.0,162.21,160.1,162.79,,162.21,,,466149,75425137.64,1025,F1,1,,,,,
2026-09-01,2026-09-01,CM,NSE,STK,4992,INE221J01015,SHARDACROP,EQ,,,,,SHARDA CROPCHEM LTD.,770.0,791.75,765.95,788.3,790.0,766.9,,788.3,,,179555,140722353.9,11574,F1,1,,,,,
2026-09-01,2026-09-01,CM,NSE,STK,10530,INE597I01028,SHARDAMOTR,EQ,,,,,SHARDA MOTOR INDS LTD,882.9,901.0,877.25,884.3,889.45,882.9,,884.47,,,33399,29770444.45,3951,F1,1,,,,,
2026-09-01,2026-09-01,CM,NSE,STK,762897,INE037B01020,SHARDUL,BE,,,,,SHARDUL SECURITIES LTD.,52.0,52.88,52.0,52.77,52.77,51.96,,52.39,,,5817,303242.05,43,F1,1,,,,,
2026-09-01,2026-09-01,CM,NSE,STK,104,INE932X01026,SHAREINDIA,EQ,,,,,SHARE IND. SECURITIES LTD,172.71,175.27,170.05,170.8,170.8,172.71,,170.8,,,251210,43405605.47,2534,F1,1,,,,,
2026-09-01,2026-09-01,CM,NSE,STK,19184,INE916U01025,SFL,EQ,,,,,SHEELA FOAM LIMITED,641.75,649.5,632.5,644.75,641.45,641.75,,644.71,,,111433,71708557.5,11693,F1,1,,,,,
2026-09-01,2026-09-01,CM,NSE,STK,12081,INE501Y01019,SCPL,BE,,,,,SHEETAL COOL PRODUCTS LTD,632.0,651.0,622.5,644.0,648.9,634.75,,645.82,,,5480,3540916.15,184,F1,1,,,,,
2026-09-01,2026-09-01,CM,NSE,STK,20415,INE04VX01019,SHEETAL,SM,,,,,SHEETAL UNIVERSAL LIMITED,335.5,342.5,335.5,339.0,342.0,335.0,,339.0,,,2000,678000.0,4,F1,500,,,,,
2026-09-01,2026-09-01,CM,NSE,STK,21099,INE268L01046,SHEKHAWATI,BE,,,,,SHEKHAWATI INDUSTRIES LTD,16.44,16.8,15.62,15.98,15.7,16.44,,15.91,,,20562,327315.79,88,F1,1,,,,,
2026-09-01,2026-09-01,CM,NSE,STK,5072,INE363M01019,SHEMAROO,BE,,,,,SHEMAROO ENTER. LTD.,124.0,128.0,123.5,126.16,126.34,125.0,,126.16,,,10147,1264987.41,64,F1,1,,,,,
2026-09-01,2026-09-01,CM,NSE,STK,14172,INE0MM001019,SHERA,SM,,,,,SHERA ENERGY LIMITED,176.1,177.6,173.05,174.65,175.0,176.05,,174.65,,,29000,5060350.0,28,F1,1000,,,,,
2026-09-01,2026-09-01,CM,NSE,STK,764890,INE011D01013,SHERVANI,EQ,,,,,SHERVANI INDUSTRIAL SYN L,307.2,307.2,307.2,307.2,307.2,306.5,,308.62,,,2,614.4,2,F1,1,,,,,
2026-09-01,2026-09-01,CM,NSE,STK,8394,INE03KJ01013,SHIGAN,SM,,,,,SHIGAN QUANTUM TECH LTD,71.0,74.0,71.0,71.0,71.0,77.5,,71.0,,,6000,430500.0,4,F1,1500,,,,,
2026-09-01,2026-09-01,CM,NSE,STK,759847,INE024F01011,SHILCTECH,EQ,,,,,SHILCHAR TECHNOLOGIES LTD,4050.0,4062.0,3980.0,4014.4,3992.0,4042.9,,4014.27,,,12306,49382403.6,3373,F1,1,,,,,
2026-09-01,2026-09-01,CM,NSE,STK,764895,INE960A01017,SHILGRAVQ,EQ,,,,,SHILP GRAVURES LTD.,155.0,160.0,148.0,153.72,152.83,155.87,,153.6,,,6903,1046739.92,190,F1,1,,,,,
2026-09-01,2026-09-01,CM,NSE,STK,17752,INE790G01031,SHILPAMED,EQ,,,,,SHILPA MEDICARE LTD,950.0,952.0,874.0,889.7,893.45,949.3,,889.68,,,2236296,2013270496.4,80249,F1,1,,,,,
2026-09-01,2026-09-01,CM,NSE,STK,23127,INE0PB301013,SCILAL,EQ,,,,,SHIPPING CORP OF ILA LTD,39.7,40.12,39.7,40.03,40.1,39.7,,40.05,,,124337,4969135.31,781,F1,1,,,,,
2026-09-01,2026-09-01,CM,NSE,STK,3048,INE109A01011,SCI,EQ,,,,,SHIPPING CORP OF INDIA LT,290.5,296.8,284.8,287.5,289.15,289.6,,287.52,,,2956735,858397136.55,32304,F1,1,,,,,
2026-09-01,2026-09-01,CM,NSE,STK,765282,INE0FOO01011,SHIPROCKET,EQ,,,,,SHIPROCKET LIMITED,140.49,143.22,132.33,134.25,133.0,138.89,,134.26,,,11319607,1535045147.62,52209,F1,1,,,,,
2026-09-01,2026-09-01,CM,NSE,STK,759747,INE719F01016,SHIVAUM,EQ,,,,,SHIV AUM STEELS LIMITED,447.0,450.0,447.0,448.35,448.35,446.0,,448.35,,,622,279216.05,14,F1,1,,,,,
2026-09-01,2026-09-01,CM,NSE,STK,765160,INE555C01029,SHIVACEM,EQ,,,,,SHIVA CEMENT LTD.,16.12,16.44,16.0,16.04,16.07,16.12,,16.05,,,42593,685542.55,210,F1,1,,,,,
2026-09-01,2026-09-01,CM,NSE,STK,764900,INE960E01019,SHIVAAGRO,EQ,,,,,SHIVA GLOBAL AGRO INDS. L,39.15,42.39,39.15,40.84,40.84,42.5,,40.49,,,4275,175516.21,38,F1,1,,,,,
2026-09-01,2026-09-01,CM,NSE,STK,1497,INE644Y01017,SHIVAMILLS,EQ,,,,,SHIVA MILLS LIMITED,62.39,62.39,60.71,62.34,62.34,62.39,,64.17,,,3004,184862.18,47,F1,1,,,,,
2026-09-01,2026-09-01,CM,NSE,STK,804,INE705C01020,SHIVATEX,EQ,,,,,SHIVA TEXYARN LIMITED,181.17,187.99,172.15,178.33,179.45,181.17,,178.39,,,21172,3873290.79,560,F1,1,,,,,
2026-09-01,2026-09-01,CM,NSE,STK,24249,INE0T7B01010,SPCL,SM,,,,,SHIVALIC POWER CONTROL L,61.25,61.6,60.95,60.95,60.95,61.6,,60.95,,,7800,477720.0,13,F1,600,,,,,
2026-09-01,2026-09-01,CM,NSE,STK,4656,INE386D01027,SBCL,EQ,,,,,SHIVALIK BIMETAL CON. LTD,1084.9,1095.2,1034.1,1047.9,1043.0,1070.0,,1047.9,,,308201,327459663.6,20008,F1,1,,,,,
2026-09-01,2026-09-01,CM,NSE,STK,7026,INE788J01021,SHIVALIK,BE,,,,,SHIVALIK RASAYAN LIMITED,330.5,338.3,325.0,338.05,336.0,322.19,,338.76,,,55819,18794227.55,861,F1,1,,,,,
2026-09-01,2026-09-01,CM,NSE,STK,13756,INE637H01024,SHIVAMAUTO,EQ,,,,,SHIVAM AUTO.LTD,18.15,18.49,17.51,17.94,17.99,17.63,,17.94,,,59740,1084943.34,302,F1,1,,,,,
2026-09-01,2026-09-01,CM,NSE,STK,758744,INE1DLF01018,SHIVASHRIT,SM,,,,,SHIVASHRIT FOODS LIMITED,122.15,122.15,116.6,120.0,120.0,127.0,,120.0,,,41000,4896650.0,27,F1,1000,,,,,
2026-09-01,2026-09-01,CM,NSE,STK,11813,INE498B01024,SHOPERSTOP,EQ,,,,,SHOPPERS STOP LIMITED,383.25,390.0,379.25,386.35,390.0,383.85,,386.29,,,13437,5165404.45,1065,F1,1,,,,,
2026-09-01,2026-09-01,CM,NSE,STK,764905,INE311M01018,SHRADDHA,EQ,,,,,SHRADDHA PRIME PROJECTS L,165.5,165.5,157.65,160.72,160.25,165.82,,160.73,,,9552,1540641.34,454,F1,1,,,,,
2026-09-01,2026-09-01,CM,NSE,STK,708,INE715Y01031,SHRADHA,EQ,,,,,SHRADHA REALTY LIMITED,32.05,32.35,31.53,31.85,31.85,31.84,,31.85,,,5047,161343.5,62,F1,1,,,,,
2026-09-01,2026-09-01,CM,NSE,STK,10588,INE712K01011,SHREEPUSHK,EQ,,,,,SHRE PUSH CHEM & FERT LTD,470.0,470.25,450.0,464.45,465.0,470.5,,464.17,,,55798,25646891.55,2959,F1,1,,,,,
2026-09-01,2026-09-01,CM,NSE,STK,762874,INE185C01017,SAPPL,EQ,,,,,SHREE AJIT PULP & PAPER L,270.0,298.9,270.0,289.15,289.95,276.35,,289.15,,,1166,335728.05,21,F1,1,,,,,
2026-09-01,2026-09-01,CM,NSE,STK,3103,INE070A01015,SHREECEM,EQ,,,,,SHREE CEMENT LIMITED,23605.0,23800.0,23310.0,23490.0,23490.0,23200.0,,23489.12,,,15342,360983280.0,7826,F1,1,,,,,
2026-09-01,2026-09-01,CM,NSE,STK,3099,INE232A01011,SHREDIGCEM,EQ,,,,,SHREE DIGVIJAY CEM CO LTD,76.5,77.03,72.51,73.82,74.38,75.03,,73.86,,,128057,9625096.71,1862,F1,1,,,,,
2026-09-01,2026-09-01,CM,NSE,STK,764885,INE414Y01015,SGRL,EQ,,,,,SHREE GANESH REMEDIES LTD,610.45,700.05,610.45,684.35,682.8,606.7,,684.34,,,131593,88072932.45,7012,F1,1,,,,,
2026-09-01,2026-09-01,CM,NSE,STK,23074,INE0S4Y01010,SHREEKARNI,SM,,,,,SHREE KARNI FABCOM LTD,412.4,412.4,398.0,399.45,399.9,397.65,,399.45,,,1200,481695.0,8,F1,150,,,,,
2026-09-01,2026-09-01,CM,NSE,STK,20603,INE02S501018,SHREEOSFM,SM,,,,,SHREE OSFM E-MOBILITY LTD,58.8,58.8,58.5,58.5,58.5,58.8,,58.5,,,2000,117300.0,2,F1,1000,,,,,
2026-09-01,2026-09-01,CM,NSE,STK,760188,INE19GK01015,SRTL,EQ,,,,,SHREE RAM TWISTEX LIMITED,38.99,39.57,37.51,37.99,37.93,38.55,,37.99,,,45688,1766172.41,450,F1,1,,,,,
2026-09-01,2026-09-01,CM,NSE,STK,7627,INE879A01019,SHREERAMA,EQ,,,,,SHREE RAMA MULTI TECH LTD,41.57,42.7,40.64,41.63,41.21,41.57,,41.6,,,123441,5144760.88,909,F1,1,,,,,
2026-09-01,2026-09-01,CM,NSE,STK,13565,INE278B01020,RAMANEWS,EQ,,,,,SHREE RAMA NEWSPRINT LTD,30.8,32.16,30.76,31.49,31.99,31.32,,31.49,,,19126,601462.91,244,F1,1,,,,,
2026-09-01,2026-09-01,CM,NSE,STK,12026,INE087H01022,RENUKA,EQ,,,,,SHREE RENUKA SUGARS LTD,24.96,25.1,23.95,24.21,24.15,24.9,,24.21,,,13258172,324316984.24,22147,F1,1,,,,,
2026-09-01,2026-09-01,CM,NSE,STK,21868,INE238Y01018,TIRUPATI,SM,,,,,SHREE TIRUPATI BALAJEE,340.0,340.0,325.0,325.0,325.0,325.0,,325.0,,,250,83125.0,2,F1,125,,,,,
2026-09-01,2026-09-01,CM,NSE,STK,25203,INE0S2G01011,BALAJEE,EQ,,,,,SHREE TIRUPATI BALAJEE L,26.18,26.7,26.0,26.06,26.27,26.18,,26.06,,,20852,546298.87,169,F1,1,,,,,
2026-09-01,2026-09-01,CM,NSE,STK,15126,INE00CE01017,SVLL,BE,,,,,SHREE VASU LOGISTICS LTD,824.0,835.0,800.0,815.1,820.0,815.55,,815.1,,,839,684390.15,60,F1,1,,,,,
2026-09-01,2026-09-01,CM,NSE,STK,762159,INE0K3301012,SHREEDHAR,ST,,,,,SHREEDHAR SPINNERS LTD,119.0,119.0,109.25,109.3,109.3,114.3,,109.3,,,36000,4003800.0,13,F1,2000,,,,,
2026-09-01,2026-09-01,CM,NSE,STK,759802,INE1FL101016,SHETHJI,SM,,,,,SHREEJI GLOBAL FMCG LTD,188.0,189.5,183.0,183.0,183.0,184.5,,183.0,,,13000,2425000.0,13,F1,1000,,,,,
2026-09-01,2026-09-01,CM,NSE,STK,759448,INE1B6101010,SHREEJISPG,EQ,,,,,SHREEJI SHIPPING GLOBAL L,649.7,651.55,632.65,637.1,636.7,644.6,,637.1,,,536864,343930082.15,6842,F1,1,,,,,
2026-09-01,2026-09-01,CM,NSE,STK,14305,INE00IK01029,OSWALSEEDS,EQ,,,,,SHREEOSWAL S AND CHE LTD,11.94,12.01,11.0,11.4,11.4,11.75,,11.4,,,87608,998613.31,439,F1,1,,,,,
2026-09-01,2026-09-01,CM,NSE,STK,5718,INE0GTI23014,SHREMINVIT,IV,,,,,SHREM INVIT,101.0,101.0,100.0,100.75,100.75,101.0,,100.75,,,200000,20156250.0,6,F1,25000,,,,,
2026-09-01,2026-09-01,CM,NSE,STK,760252,INE632X01030,SHRENIK,BZ,,,,,SHRENIK LIMITED,0.3,0.31,0.29,0.29,0.3,0.3,,0.29,,,404086,122521.76,177,F1,1,,,,,
2026-09-01,2026-09-01,CM,NSE,STK,3126,INE231C01019,SHREYANIND,EQ,,,,,SHREYANS INDUSTRIES LTD,126.29,127.5,125.26,125.8,125.3,125.46,,125.82,,,1123,142020.1,64,F1,1,,,,,
2026-09-01,2026-09-01,CM,NSE,STK,756409,INE0DM401012,SHRIAHIMSA,ST,,,,,SHRI AHIMSA NATURALS LTD,482.0,482.0,462.0,462.5,462.0,482.15,,462.5,,,13800,6439350.0,23,F1,600,,,,,
2026-09-01,2026-09-01,CM,NSE,STK,762899,INE402H01015,SHBAJRG,EQ,,,,,SHRI BAJRANG ALLIANCE L,168.0,169.0,158.0,158.49,158.0,167.21,,158.63,,,6084,973682.93,153,F1,1,,,,,
2026-09-01,2026-09-01,CM,NSE,STK,758568,INE0NON01025,SHKSIL,SM,,,,,SHRI HARE-KRI SPO IRON L,33.0,33.05,30.2,32.25,32.25,33.5,,32.25,,,48000,1527300.0,23,F1,2000,,,,,
2026-09-01,2026-09-01,CM,NSE,STK,764910,INE564J01026,SHRJAGP,EQ,,,,,SHRI JAGDAMBA POLYMERS L,623.0,644.9,605.05,622.55,626.0,632.0,,622.95,,,1161,723937.85,139,F1,1,,,,,
2026-09-01,2026-09-01,CM,NSE,STK,760202,INE1V4601019,SHRIKANHA,SM,,,,,SHRI KANHA STAINLESS LTD,22.25,22.25,21.3,21.3,21.3,22.35,,21.3,,,4800,103760.0,3,F1,1600,,,,,
2026-09-01,2026-09-01,CM,NSE,STK,762909,INE997I01012,SHRIKRISH,EQ,,,,,SHRI KRISHNA DEVCON LTD.,40.75,40.75,37.0,37.49,37.0,36.55,,37.49,,,719,27590.74,44,F1,1,,,,,
2026-09-01,2026-09-01,CM,NSE,STK,759093,INE1B3L01017,SHRINGARMS,EQ,,,,,SHRINGAR HOU OF MANGALS L,220.0,221.85,213.5,215.97,215.85,219.51,,215.97,,,773070,168838824.89,5151,F1,1,,,,,
2026-09-01,2026-09-01,CM,NSE,STK,24374,INF680P01422,LIQUIDSHRI,EQ,,,,,SHRIRAM - LIQUIDSHRI,1119.7,1119.72,1119.7,1119.72,1119.72,1119.57,,1119.72,,,1143,1279820.54,19,F1,1,,,,,
2026-09-01,2026-09-01,CM,NSE,STK,4306,INE721A01047,SHRIRAMFIN,EQ,,,,,SHRIRAM FINANCE LIMITED,1099.0,1099.0,1050.6,1059.1,1059.1,1109.9,,1059.11,,,5673585,6027052949.7,141246,F1,1,,,,,
2026-09-01,2026-09-01,CM,NSE,STK,7200,INE217L01019,SHRIRAMPPS,EQ,,,,,SHRIRAM PROPERTIES LTD,76.88,77.9,75.5,76.13,76.48,77.03,,76.13,,,295236,22575224.66,2758,F1,1,,,,,
2026-09-01,2026-09-01,CM,NSE,STK,25240,INE0UL701015,SHUBHSHREE,SM,,,,,SHUBHSHREE BIOFUELS ENE L,343.75,345.0,340.0,340.0,340.0,335.0,,340.0,,,8100,2773395.0,8,F1,300,,,,,
2026-09-01,2026-09-01,CM,NSE,STK,764537,INE551C01044,SHUKRAPHAR,EQ,,,,,SHUKRA PHARMACEUTICALS L,44.54,46.4,44.34,44.43,44.37,44.39,,44.43,,,1832377,82527532.55,3463,F1,1,,,,,
2026-09-01,2026-09-01,CM,NSE,STK,10192,INE979R01011,SHYAMCENT,BE,,,,,SHYAM CENTURY FERROUS LTD,4.82,5.16,4.82,4.95,5.0,4.92,,4.95,,,67744,334529.77,121,F1,1,,,,,
2026-09-01,2026-09-01,CM,NSE,STK,761213,INE1CRP01016,SHYAMDHANI,ST,,,,,SHYAM DHANI INDUSTRIES L,54.15,54.15,51.45,52.4,52.4,54.15,,52.4,,,116000,6001600.0,44,F1,2000,,,,,
2026-09-01,2026-09-01,CM,NSE,STK,4693,INE810G01011,SHYAMMETL,EQ,,,,,SHYAM METALICS AND ENGY L,1104.0,1104.0,1058.1,1078.0,1080.0,1093.5,,1078.0,,,344507,371292866.5,13648,F1,1,,,,,
2026-09-01,2026-09-01,CM,NSE,STK,13740,INE635A01023,SHYAMTEL,EQ,,,,,SHYAM TELECOM LIMITED,12.16,12.65,12.02,12.02,12.02,13.35,,12.02,,,152990,1860090.1,413,F1,1,,,,,
2026-09-01,2026-09-01,CM,NSE,STK,16875,INE176J01011,SICAGEN,EQ,,,,,SICAGEN INDIA LIMITED,54.18,55.8,54.14,55.48,55.26,54.04,,55.44,,,16416,904217.94,218,F1,1,,,,,
2026-09-01,2026-09-01,CM,NSE,STK,19440,INE075B01020,SICALLOG,BE,,,,,SICAL LOGISTICS LIMITED,103.88,103.99,96.05,98.77,99.0,101.03,,98.74,,,44978,4443552.77,188,F1,1,,,,,
2026-09-01,2026-09-01,CM,NSE,STK,3148,INE0A1E01018,SIDDHIKA,SM,,,,,SIDDHIKA COATINGS LIMITED,213.55,215.0,213.55,215.0,215.0,222.0,,215.0,,,2000,427850.0,4,F1,500,,,,,
2026-09-01,2026-09-01,CM,NSE,STK,756871,INE1NPP01017,ENRIN,EQ,,,,,SIEMENS ENERGY INDIA LTD,3230.0,3243.9,3160.3,3172.5,3166.2,3229.6,,3172.47,,,217495,693103719.5,27280,F1,1,,,,,
2026-09-01,2026-09-01,CM,NSE,STK,3150,INE003A01024,SIEMENS,EQ,,,,,SIEMENS LTD,4029.9,4093.2,3975.1,4030.0,4030.0,4030.0,,4029.93,,,317161,1281905803.6,28290,F1,1,,,,,
2026-09-01,2026-09-01,CM,NSE,STK,6663,INE0D0K01022,SIGACHI,EQ,,,,,SIGACHI INDUSTRIES LTD,32.69,32.93,31.5,31.72,31.8,32.62,,31.72,,,1662430,53461568.99,5160,F1,1,,,,,
2026-09-01,2026-09-01,CM,NSE,STK,14797,INE933B01012,SIGMAADV,BE,,,,,SIGMA ADVANCED SYSTEM LTD,781.95,797.4,764.0,780.45,778.0,781.95,,780.14,,,190324,148297637.5,3639,F1,1,,,,,
2026-09-01,2026-09-01,CM,NSE,STK,16658,INE0A0S01028,SIGMA,EQ,,,,,SIGMA SOLVE LIMITED,48.74,49.37,46.53,47.29,47.5,48.35,,47.29,,,122465,5839428.89,1285,F1,1,,,,,
2026-09-01,2026-09-01,CM,NSE,STK,18743,INE903U01023,SIGNATURE,EQ,,,,,SIGNATUREGLOBAL INDIA LTD,765.0,780.5,761.55,777.2,770.0,769.9,,777.19,,,173679,133639654.75,4662,F1,1,,,,,
2026-09-01,2026-09-01,CM,NSE,STK,4517,INE529F01035,SIGIND,BE,,,,,SIGNET INDUSTRIES LIMITED,69.01,71.99,68.12,70.09,71.5,70.63,,70.5,,,11512,811309.74,244,F1,1,,,,,
2026-09-01,2026-09-01,CM,NSE,STK,23150,INE0RDE01010,SIGNORIA,ST,,,,,SIGNORIA CREATION LIMITED,160.0,162.0,157.7,162.0,162.0,166.0,,162.0,,,22000,3557700.0,7,F1,1000,,,,,
2026-09-01,2026-09-01,CM,NSE,STK,22656,INE0KGZ01021,SIGNPOST,EQ,,,,,SIGNPOST INDIA LIMITED,256.65,256.65,250.8,252.3,253.7,254.75,,252.16,,,21561,5466070.1,1349,F1,1,,,,,
2026-09-01,2026-09-01,CM,NSE,STK,762914,INE438E01032,SIKA,EQ,,,,,SIKA INTERPLANT SYSTEMS L,1003.3,1019.75,987.2,995.4,990.0,995.9,,995.59,,,20593,20550599.15,1948,F1,1,,,,,
2026-09-01,2026-09-01,CM,NSE,STK,6226,INE112X01025,SIKKO,BE,,,,,SIKKO INDUSTRIES LIMITED,5.02,5.14,4.95,5.11,5.1,5.02,,5.11,,,254685,1284953.76,369,F1,1,,,,,
2026-09-01,2026-09-01,CM,NSE,STK,4105,INE923A01015,SILINV,EQ,,,,,SIL INVESTMENTS LIMITED,492.0,492.0,480.1,485.25,481.3,488.75,,485.25,,,1581,769384.95,164,F1,1,,,,,
2026-09-01,2026-09-01,CM,NSE,STK,2492,INE01II01013,SILGO,EQ,,,,,SILGO RETAIL LIMITED,73.37,73.69,70.5,70.94,71.9,72.83,,70.94,,,99737,7167164.33,702,F1,1,,,,,
2026-09-01,2026-09-01,CM,NSE,STK,23736,INE0STN01015,SILKFLEX,SM,,,,,SILKFLEX POLYMERS INDIA L,246.45,254.0,240.15,249.1,254.0,242.95,,249.1,,,22000,5434800.0,19,F1,1000,,,,,
2026-09-01,2026-09-01,CM,NSE,STK,757679,INE0SN801015,SILKY,SM,,,,,SILKY OVERSEAS LIMITED,65.85,71.8,65.15,68.8,68.8,69.0,,68.8,,,10400,691840.0,13,F1,800,,,,,
2026-09-01,2026-09-01,CM,NSE,STK,19097,INE203Y01012,SILLYMONKS,EQ,,,,,SILLY MONKS ENTERTAIN LTD,16.4,16.4,15.6,16.08,16.1,16.0,,16.08,,,11020,173139.97,48,F1,1,,,,,
2026-09-01,2026-09-01,CM,NSE,STK,9422,INE625X01026,SILVERTUC,EQ,,,,,SILVER TOUCH TECHNO LTD,173.0,179.19,169.07,171.12,172.75,172.27,,171.2,,,565150,99192298.34,8805,F1,1,,,,,
2026-09-01,2026-09-01,CM,NSE,STK,758836,INE748T01016,SIMBHALS,BZ,,,,,SIMBHAOLI SUGARS LTD.,8.58,8.58,8.27,8.27,8.27,8.43,,8.27,,,7255,60220.91,26,F1,1,,,,,
2026-09-01,2026-09-01,CM,NSE,STK,763378,INE1K4J01018,SIMCA,ST,,,,,SIMCA ADVERTISING LIMITED,258.5,262.0,258.0,258.5,258.5,260.1,,258.5,,,8400,2177700.0,11,F1,600,,,,,
2026-09-01,2026-09-01,CM,NSE,STK,3162,INE059B01024,SIMPLEXINF,EQ,,,,,SIMPLEX INFRASTRUCTURES L,266.5,271.0,252.0,256.6,257.5,268.83,,256.64,,,117152,30344221.5,2425,F1,1,,,,,
2026-09-01,2026-09-01,CM,NSE,STK,23480,INE985A01022,SINCLAIR,EQ,,,,,SINCLAIRS HOTELS LIMITED,81.65,85.1,80.11,82.91,83.0,82.38,,82.86,,,33445,2793799.18,454,F1,1,,,,,
2026-09-01,2026-09-01,CM,NSE,STK,16859,INE325D01025,SINDHUTRAD,EQ,,,,,SINDHU TRADE LINKS LTD,24.99,25.95,24.05,24.5,24.35,24.98,,24.5,,,4808744,118083979.17,3429,F1,1,,,,,
2026-09-01,2026-09-01,CM,NSE,STK,761420,INE638A01035,SINGERIND,EQ,,,,,SINGER INDIA LIMITED,76.45,80.0,74.4,75.65,75.9,76.45,,75.67,,,106503,8242343.29,1398,F1,1,,,,,
2026-09-01,2026-09-01,CM,NSE,STK,381,INE129Z01016,SINTERCOM,EQ,,,,,SINTERCOM INDIA LIMITED,78.7,85.0,77.99,78.3,78.3,78.81,,78.3,,,50684,3969211.33,157,F1,1,,,,,
2026-09-01,2026-09-01,CM,NSE,STK,11050,INE792Z01011,SIRCA,EQ,,,,,SIRCA PAINT INDIA LIMITED,436.4,438.3,429.05,431.0,430.0,434.95,,431.02,,,222287,96153972.0,3162,F1,1,,,,,
2026-09-01,2026-09-01,CM,NSE,STK,21501,INE285J01028,SIS,EQ,,,,,SIS LIMITED,431.95,432.2,425.0,427.55,425.0,428.65,,427.55,,,226378,97224882.65,5059,F1,1,,,,,
2026-09-01,2026-09-01,CM,NSE,STK,29210,INE965H01011,SITINET,BZ,,,,,SITI NETWORKS LIMITED,0.3,0.3,0.28,0.29,0.29,0.29,,0.29,,,521312,154617.54,285,F1,1,,,,,
2026-09-01,2026-09-01,CM,NSE,STK,14096,INE076B01028,SIYSIL,EQ,,,,,SIYARAM SILK MILLS LTD,564.7,564.7,550.1,554.45,554.9,563.55,,554.47,,,40245,22393941.5,2320,F1,1,,,,,
2026-09-01,2026-09-01,CM,NSE,STK,6643,INE284S01014,SJS,EQ,,,,,SJS ENTERPRISES LIMITED,2488.6,2519.9,2421.1,2461.2,2463.0,2488.6,,2461.15,,,110027,271541392.6,16226,F1,1,,,,,
2026-09-01,2026-09-01,CM,NSE,STK,18883,INE002L01015,SJVN,EQ,,,,,SJVN LTD,64.92,65.37,64.36,64.92,64.8,64.71,,64.92,,,1601993,103928688.95,16330,F1,1,,,,,
2026-09-01,2026-09-01,CM,NSE,STK,760101,INE2J8701016,SKFINDUS,EQ,,,,,SKF IND (INDUSTRIAL) LTD,3028.0,3074.3,2905.0,2953.0,2935.0,2983.3,,2953.01,,,180275,548165386.5,13479,F1,1,,,,,
2026-09-01,2026-09-01,CM,NSE,STK,3186,INE640A01023,SKFINDIA,EQ,,,,,SKF INDIA LTD,1554.8,1584.9,1526.5,1531.6,1533.3,1553.9,,1531.16,,,28038,43397702.5,4592,F1,1,,,,,
2026-09-01,2026-09-01,CM,NSE,STK,9428,INE439E01022,SKIPPER,EQ,,,,,SKIPPER LIMITED,541.0,547.5,531.6,534.55,537.65,541.2,,534.53,,,357291,192350235.95,12620,F1,1,,,,,
2026-09-01,2026-09-01,CM,NSE,STK,4732,INE411D01023,SKMEGGPROD,EQ,,,,,SKM EGG PROD EXPORT(I) LT,269.0,271.4,260.3,262.2,262.0,267.9,,262.2,,,221897,58573479.55,4362,F1,1,,,,,
2026-09-01,2026-09-01,CM,NSE,STK,10325,INE0KZA01016,SKP,SM,,,,,SKP BEARING INDUSTRI. LTD,148.05,151.2,147.1,150.15,150.15,146.5,,150.15,,,40500,6009475.0,59,F1,500,,,,,
2026-09-01,2026-09-01,CM,NSE,STK,13631,INE01IU01018,SKYGOLD,EQ,,,,,SKY GOLD AND DIAMONDS LTD,807.2,814.35,756.05,778.25,781.0,807.1,,778.24,,,1380447,1072764375.6,48036,F1,1,,,,,
2026-09-01,2026-09-01,CM,NSE,STK,765336,INE0VFE01017,SKYTECH,ST,,,,,SKYTECH INFINITE PLATFM L,49.25,49.25,49.25,49.25,49.25,51.8,,49.25,,,4800,236400.0,3,F1,1600,,,,,
2026-09-01,2026-09-01,CM,NSE,STK,765480,INE0PX301025,SKYWAYS,EQ,,,,,SKYWAYS AIR SERVICES LTD,124.0,136.45,119.0,125.56,125.38,138.0,,125.56,,,56082352,7246323284.56,334405,F1,1,,,,,
2026-09-01,2026-09-01,CM,NSE,STK,23692,INE0SMA01017,SLONE,ST,,,,,SLONE INFOSYSTEMS LIMITED,172.0,172.0,168.0,170.5,172.0,174.5,,170.5,,,4800,817600.0,10,F1,400,,,,,
2026-09-01,2026-09-01,CM,NSE,STK,757622,INE14GK01016,SMARTEN,ST,,,,,SMARTEN POWER SYSTEMS LTD,57.5,58.0,54.5,54.75,55.5,57.3,,54.75,,,15600,876960.0,12,F1,1200,,,,,
2026-09-01,2026-09-01,CM,NSE,STK,9893,INE178C01020,SMARTLINK,BE,,,,,SMARTLINK HOLDINGS LTD,216.0,221.83,208.0,214.42,213.45,216.52,,214.46,,,6926,1472266.56,63,F1,1,,,,,
2026-09-01,2026-09-01,CM,NSE,STK,757965,INE0NAZ01010,SMARTWORKS,EQ,,,,,SMARTWORKS COWORKING SP L,536.0,539.45,523.95,525.9,526.0,537.55,,525.86,,,109815,57850567.8,5504,F1,1,,,,,
2026-09-01,2026-09-01,CM,NSE,STK,2320,INE103C01036,SMCGLOBAL,EQ,,,,,SMC GLOBAL SECURITIES LTD,80.0,81.27,79.1,79.65,79.9,79.28,,79.65,,,366463,29171928.96,879,F1,1,,,,,
2026-09-01,2026-09-01,CM,NSE,STK,3387,INE294B01019,SMLMAH,EQ,,,,,SML MAHINDRA LIMITED,5268.0,5499.0,5169.0,5412.5,5417.0,5108.0,,5412.35,,,247241,1322833569.0,35916,F1,1,,,,,
2026-09-01,2026-09-01,CM,NSE,STK,14329,INE812G01025,SMSPHARMA,EQ,,,,,SMS PHARMACEUTICALS LTD.,374.2,374.2,366.3,368.25,367.4,371.85,,368.16,,,82776,30589746.7,2469,F1,1,,,,,
2026-09-01,2026-09-01,CM,NSE,STK,758946,INE1OIC01018,SNEHAA,SM,,,,,SNEHAA ORGANICS LIMITED,46.7,46.7,46.0,46.0,46.0,47.7,,46.0,,,4000,184750.0,4,F1,1000,,,,,
2026-09-01,2026-09-01,CM,NSE,STK,4843,INE734N01019,SNOWMAN,EQ,,,,,SNOWMAN LOGISTICS LTD.,37.25,37.54,36.5,36.68,36.76,37.3,,36.68,,,129824,4795558.65,1205,F1,1,,,,,
2026-09-01,2026-09-01,CM,NSE,STK,13826,INE671H01015,SOBHA,EQ,,,,,SOBHA LIMITED,1266.5,1266.5,1232.0,1244.9,1240.0,1255.9,,1245.06,,,76576,95184692.4,11471,F1,1,,,,,
2026-09-01,2026-09-01,CM,NSE,STK,8266,INE728Z01015,SOFTTECH,EQ,,,,,SOFTTECH ENGINEERS LTD,420.9,421.0,415.1,415.1,415.1,415.6,,415.1,,,3775,1568360.45,28,F1,1,,,,,
2026-09-01,2026-09-01,CM,NSE,STK,13332,INE343H01029,SOLARINDS,EQ,,,,,SOLAR INDUSTRIES (I) LTD,20250.0,20270.0,19930.0,20060.0,20060.0,20108.0,,20057.67,,,94048,1889037065.0,22200,F1,1,,,,,
2026-09-01,2026-09-01,CM,NSE,STK,3672,INE624Z01016,SOLARA,EQ,,,,,SOLARA ACTIVE PHA SCI LTD,637.5,674.0,627.5,643.45,640.75,632.65,,643.43,,,1068143,698947125.3,37822,F1,1,,,,,
2026-09-01,2026-09-01,CM,NSE,STK,759929,INE0TY101024,SOLARWORLD,EQ,,,,,SOLARWORLD ENERGY SOL LTD,146.6,147.68,144.0,145.04,144.61,146.67,,145.04,,,76265,11095353.75,1996,F1,1,,,,,
2026-09-01,2026-09-01,CM,NSE,STK,759397,INE880Y01017,SOLEX,EQ,,,,,SOLEX ENERGY LIMITED,744.2,758.0,720.0,726.4,720.4,739.3,,726.43,,,16312,11976986.25,1411,F1,1,,,,,
2026-09-01,2026-09-01,CM,NSE,STK,24879,INE0U0201016,BALCO,SM,,,,,SOLVE PLASTIC PRODUCTS L,19.3,19.4,19.3,19.4,19.4,18.5,,19.4,,,6000,116280.0,5,F1,1200,,,,,
2026-09-01,2026-09-01,CM,NSE,STK,1338,INE480C01038,SDBL,EQ,,,,,SOM DIST & BREW LTD,72.7,72.7,70.89,71.1,71.45,72.7,,71.1,,,382672,27390554.31,4005,F1,1,,,,,
2026-09-01,2026-09-01,CM,NSE,STK,4201,INE314C01013,SOMATEX,EQ,,,,,SOMA TEXTILES & INDUST LT,81.7,84.14,81.7,84.14,84.14,80.14,,84.14,,,12616,1056562.59,126,F1,1,,,,,
2026-09-01,2026-09-01,CM,NSE,STK,3880,INE355A01028,SOMANYCERA,EQ,,,,,SOMANY CERAMICS LIMITED,559.2,565.5,551.4,563.15,561.0,557.3,,563.16,,,182674,102267778.4,8826,F1,1,,,,,
2026-09-01,2026-09-01,CM,NSE,STK,17794,INE323J01019,SOMICONVEY,EQ,,,,,SOMI CONVEYOR BELT. LTD.,92.4,92.8,90.21,90.62,90.5,91.27,,90.59,,,10379,947683.58,248,F1,1,,,,,
2026-09-01,2026-09-01,CM,NSE,STK,4684,INE073K01018,SONACOMS,EQ,,,,,SONA BLW PRECISION FRGS L,815.0,821.5,798.55,809.5,809.5,813.05,,809.55,,,1041758,844060336.4,35439,F1,1,,,,,
2026-09-01,2026-09-01,CM,NSE,STK,23052,INE0Q6H01012,SONAMAC,SM,,,,,SONA MACHINERY LIMITED,32.05,32.5,32.05,32.5,32.5,33.2,,32.5,,,3000,96600.0,3,F1,1000,,,,,
2026-09-01,2026-09-01,CM,NSE,STK,762919,INE321M01017,SONAL,EQ,,,,,SONAL MERCANTILE LTD.,84.5,86.98,82.5,86.87,86.87,84.51,,86.87,,,460,38822.77,14,F1,1,,,,,
2026-09-01,2026-09-01,CM,NSE,STK,8806,INE00LM01029,SONAMLTD,EQ,,,,,SONAM LIMITED,79.4,80.32,68.4,70.59,70.49,77.82,,70.59,,,753898,55011574.13,9130,F1,1,,,,,
2026-09-01,2026-09-01,CM,NSE,STK,6596,INE269A01021,SONATSOFTW,EQ,,,,,SONATA SOFTWARE LTD,294.0,294.95,284.1,289.0,288.95,292.05,,288.99,,,892873,258354373.05,19055,F1,1,,,,,
2026-09-01,2026-09-01,CM,NSE,STK,9463,INE0JZA01018,SONUINFRA,ST,,,,,SONU INFRATECH LIMITED,38.3,38.45,38.3,38.45,38.45,36.65,,38.45,,,88500,3402600.0,11,F1,1500,,,,,
2026-09-01,2026-09-01,CM,NSE,STK,9678,INE980Y01015,SOUTHWEST,EQ,,,,,SOUTH WEST PINNACLE LTD,205.36,211.94,204.79,208.6,206.55,204.92,,208.63,,,125976,26291115.2,2552,F1,1,,,,,
2026-09-01,2026-09-01,CM,NSE,STK,19372,INE970N01027,SPCENET,EQ,,,,,SPACENET ENTERS IND LTD,3.16,3.17,3.08,3.09,3.1,3.1,,3.09,,,1488536,4657871.85,1352,F1,1,,,,,
2026-09-01,2026-09-01,CM,NSE,STK,11435,INE572J01011,SPANDANA,EQ,,,,,SPANDANA SPHOORTY FIN LTD,240.95,241.53,236.0,236.45,236.85,240.95,,236.45,,,100443,23873648.42,4373,F1,1,,,,,
2026-09-01,2026-09-01,CM,NSE,STK,760135,INE1CW901027,SPEB,SM,,,,,SPEB ADHESIVES LIMITED,90.1,92.25,90.1,91.55,91.55,90.25,,91.55,,,10000,910000.0,4,F1,2000,,,,,
2026-09-01,2026-09-01,CM,NSE,STK,27111,INE247M01014,SPECIALITY,BE,,,,,SPECIALITY REST LTD,140.0,143.0,136.75,138.93,138.95,140.17,,138.98,,,12830,1774552.14,124,F1,1,,,,,
2026-09-01,2026-09-01,CM,NSE,STK,30457,INE01EO01010,SPECTRUM,BE,,,,,SPECTRUM ELECTRIC IND LTD,2140.0,2174.9,2050.0,2135.8,2129.9,2120.5,,2135.8,,,6939,14707158.2,268,F1,1,,,,,
2026-09-01,2026-09-01,CM,NSE,STK,16876,INE0OL001018,SPECTSTM,SM,,,,,SPECTRUM TALENT MGMT LTD,59.0,59.0,58.05,58.05,58.05,60.0,,58.05,,,5600,327200.0,7,F1,800,,,,,
2026-09-01,2026-09-01,CM,NSE,STK,764920,INE252A01019,SPELS,EQ,,,,,SPEL SEMICONDUCTOR LTD,147.0,152.95,143.12,149.76,149.85,147.19,,149.68,,,57795,8551584.29,1499,F1,1,,,,,
2026-09-01,2026-09-01,CM,NSE,STK,8163,INE020801028,SPENCERS,EQ,,,,,SPENCER S RETAIL LIMITED,29.9,30.25,28.81,28.89,28.89,29.76,,28.89,,,61481,1797116.46,441,F1,1,,,,,
2026-09-01,2026-09-01,CM,NSE,STK,3252,INE147A01011,SPIC,EQ,,,,,SPIC LTD,67.69,69.53,67.69,68.86,68.9,67.74,,68.86,,,377996,26013294.75,3506,F1,1,,,,,
2026-09-01,2026-09-01,CM,NSE,STK,11935,INE978G01016,SPLIL,EQ,,,,,SPL INDUSTRIES LIMITED,33.33,33.5,31.21,31.65,31.86,32.52,,31.65,,,9169,294254.1,101,F1,1,,,,,
2026-09-01,2026-09-01,CM,NSE,STK,3321,INE937A01023,SPMLINFRA,EQ,,,,,SPML INFRA LIMITED,181.0,183.3,178.51,179.64,179.99,181.5,,179.64,,,163285,29407947.68,2171,F1,1,,,,,
2026-09-01,2026-09-01,CM,NSE,STK,10733,INE885H01029,SPORTKING,EQ,,,,,SPORTKING INDIA LIMITED,226.4,239.4,226.39,229.91,228.8,226.71,,229.96,,,907686,211554680.35,16013,F1,1,,,,,
2026-09-01,2026-09-01,CM,NSE,STK,25306,INE0QR801013,SPPPOLY,SM,,,,,SPP POLYMER LIMITED,12.35,12.35,12.35,12.35,12.35,12.95,,12.35,,,4000,49400.0,2,F1,2000,,,,,
2026-09-01,2026-09-01,CM,NSE,STK,17186,INE526E01018,SHRIPISTON,EQ,,,,,SPR AUTO TECHNOLOGIES LTD,4590.0,4640.9,4540.0,4598.2,4600.0,4609.2,,4598.05,,,106873,492403282.3,14833,F1,1,,,,,
2026-09-01,2026-09-01,CM,NSE,STK,14582,INE917H01012,SRHHYPOLTD,EQ,,,,,SREE RAYALSEEMA HHP LTD.,506.7,506.75,490.85,494.45,494.1,501.55,,494.56,,,11022,5481873.65,848,F1,1,,,,,
2026-09-01,2026-09-01,CM,NSE,STK,31837,INE099F01013,SREEL,EQ,,,,,SREELEATHERS LIMITED,248.5,253.89,245.6,249.74,253.89,247.8,,249.78,,,5954,1475886.02,455,F1,1,,,,,
2026-09-01,2026-09-01,CM,NSE,STK,3273,INE647A01010,SRF,EQ,,,,,SRF LTD,2563.0,2600.0,2558.2,2592.0,2592.0,2560.4,,2592.0,,,105018,271276753.0,13328,F1,1,,,,,
2026-09-01,2026-09-01,CM,NSE,STK,18119,INE559N01010,SRGHFL,EQ,,,,,SRG HOUSING FINANCE L,255.15,263.5,255.15,255.6,255.6,259.35,,255.6,,,275,71175.25,19,F1,1,,,,,
2026-09-01,2026-09-01,CM,NSE,STK,7457,INE293B01029,HAVISHA,EQ,,,,,SRI HAVISHA HOSP & INFR L,1.34,1.38,1.3,1.34,1.36,1.31,,1.35,,,48515,64958.72,97,F1,1,,,,,
2026-09-01,2026-09-01,CM,NSE,STK,765165,INE009C01019,SRIKPRIND,EQ,,,,,SRI KPR INDUSTRIES LTD.,21.39,25.35,21.13,25.35,25.35,21.13,,25.35,,,66491,1633336.21,348,F1,1,,,,,
2026-09-01,2026-09-01,CM,NSE,STK,758147,INE0V9Q01010,LOTUSDEV,BE,,,,,SRI LOTUS DEVLPRS N RTY L,183.77,183.77,177.7,179.18,179.0,182.86,,179.03,,,187972,33903572.2,1001,F1,1,,,,,
2026-09-01,2026-09-01,CM,NSE,STK,761393,INE0TPJ01019,SPCON,SM,,,,,SRINIBAS PRADHAN CONST L,150.0,150.0,150.0,150.0,150.0,153.0,,150.0,,,1200,180000.0,1,F1,1200,,,,,
2026-09-01,2026-09-01,CM,NSE,STK,18059,INE0ON201012,SSFL,ST,,,,,SRIVARI SPICES N FOODS L,262.0,265.0,259.0,265.0,265.0,260.95,,265.0,,,5000,1308600.0,10,F1,500,,,,,
2026-09-01,2026-09-01,CM,NSE,STK,14416,INE0NPI01014,SRIVASAVI,ST,,,,,SRIVASAVI ADHESIVE TAPE L,71.4,74.0,71.2,72.1,72.1,74.65,,72.1,,,33000,2410850.0,27,F1,1000,,,,,
2026-09-01,2026-09-01,CM,NSE,STK,23402,INE0R6Z01013,SRM,EQ,,,,,SRM CONTRACTORS LIMITED,457.65,457.65,443.1,447.3,446.0,451.8,,447.3,,,70598,31579271.45,2313,F1,1,,,,,
2026-09-01,2026-09-01,CM,NSE,STK,29205,INE0RYC01010,STALLION,BE,,,,,STALLION IND FLUOROCHEM L,212.05,214.9,207.0,207.6,209.4,211.0,,207.59,,,366735,77093480.18,4355,F1,1,,,,,
2026-09-01,2026-09-01,CM,NSE,STK,29075,INE0M4D01010,SETL,EQ,,,,,STANDARD ENGNG TCNLGY LTD,378.0,387.95,378.0,387.05,387.95,369.5,,387.12,,,1359460,522625973.95,12942,F1,1,,,,,
2026-09-01,2026-09-01,CM,NSE,STK,11297,INE173A01025,SIL,EQ,,,,,STANDARD INDUSTRIES LTD.,19.7,20.2,19.16,19.77,19.83,19.15,,19.77,,,78483,1551771.84,629,F1,1,,,,,
2026-09-01,2026-09-01,CM,NSE,STK,24226,INE01A001028,STANLEY,EQ,,,,,STANLEY LIFESTYLES LTD,137.35,138.9,136.01,137.72,136.01,136.57,,137.73,,,81488,11213722.31,1482,F1,1,,,,,
2026-09-01,2026-09-01,CM,NSE,STK,21091,INE460H01021,STARCEMENT,EQ,,,,,STAR CEMENT LIMITED,184.95,187.28,182.8,185.63,186.0,184.76,,185.63,,,161551,29966672.33,5324,F1,1,,,,,
2026-09-01,2026-09-01,CM,NSE,STK,7083,INE575P01011,STARHEALTH,EQ,,,,,STAR HEALTH & AL INS CO L,567.8,572.95,553.35,560.4,559.0,567.75,,560.4,,,548526,308161211.15,26968,F1,1,,,,,
2026-09-01,2026-09-01,CM,NSE,STK,3291,INE733A01018,STARPAPER,EQ,,,,,STAR PAPER MILLS LTD,152.43,153.7,149.1,150.26,150.98,152.47,,150.26,,,9553,1437335.11,113,F1,1,,,,,
2026-09-01,2026-09-01,CM,NSE,STK,9305,INE992I01013,STARTECK,EQ,,,,,STARTECK FINANCE LIMITED,256.0,259.3,248.05,249.3,250.0,253.8,,249.8,,,308,77648.1,93,F1,1,,,,,
2026-09-01,2026-09-01,CM,NSE,STK,3045,INE062A01020,SBIN,EQ,,,,,STATE BANK OF INDIA,1051.3,1051.3,1027.1,1034.5,1034.5,1060.0,,1034.49,,,7605132,7886482037.8,137427,F1,1,,,,,
2026-09-01,2026-09-01,CM,NSE,STK,2963,INE114A01011,SAIL,EQ,,,,,STEEL AUTHORITY OF INDIA,196.0,200.8,190.25,193.0,193.0,195.0,,192.97,,,29120262,5718267029.5,109217,F1,1,,,,,
2026-09-01,2026-09-01,CM,NSE,STK,10406,INE395H01011,STEELCITY,EQ,,,,,STEEL CITY SECURITIES LTD,84.8,84.8,82.5,83.12,82.6,83.88,,83.12,,,7424,618675.16,127,F1,1,,,,,
2026-09-01,2026-09-01,CM,NSE,STK,21339,INE503B01021,STEELXIND,EQ,,,,,STEEL EXCHANGE INDIA LTD,10.85,10.85,10.5,10.56,10.54,10.58,,10.56,,,1460680,15525109.39,1784,F1,1,,,,,
2026-09-01,2026-09-01,CM,NSE,STK,765170,INE205F01016,STLSTRINF,EQ,,,,,STEEL STRIPS INFRA L,19.82,20.28,18.53,18.91,19.8,19.82,,18.92,,,1665,31783.93,46,F1,1,,,,,
2026-09-01,2026-09-01,CM,NSE,STK,11829,INE802C01033,SSWL,EQ,,,,,STEEL STRIPS WHEELS LTD.,310.0,365.95,303.6,357.25,351.3,305.65,,357.27,,,28271167,9714270073.5,283822,F1,1,,,,,
2026-09-01,2026-09-01,CM,NSE,STK,6803,INE124E01038,STEELCAS,EQ,,,,,STEELCAST LIMITED,349.8,354.7,335.75,339.85,341.95,349.8,,339.86,,,47152,16191631.35,2027,F1,1,,,,,
2026-09-01,2026-09-01,CM,NSE,STK,21484,INE577L01016,STEL,EQ,,,,,STEL HOLDINGS LIMITED,650.0,680.0,620.1,623.1,622.7,661.2,,623.11,,,8483,5432676.35,949,F1,1,,,,,
2026-09-01,2026-09-01,CM,NSE,STK,6188,INE334A01023,STERTOOLS,BE,,,,,STERLING TOOLS LIMITED,218.0,218.9,212.15,212.84,213.5,217.3,,212.86,,,9919,2130643.09,341,F1,1,,,,,
2026-09-01,2026-09-01,CM,NSE,STK,9313,INE089C01029,STLTECH,BE,,,,,STERLITE TECHNOLOGIES LTD,738.0,738.0,692.05,693.7,692.9,728.45,,693.85,,,1354306,959460213.7,39698,F1,1,,,,,
2026-09-01,2026-09-01,CM,NSE,STK,13367,INE353H01010,SGL,EQ,,,,,STL GLOBAL LIMITED,10.11,10.55,10.03,10.31,10.55,10.39,,10.31,,,4228,42896.48,58,F1,1,,,,,
2026-09-01,2026-09-01,CM,NSE,STK,758958,INE1VXE01018,STLNETWORK,EQ,,,,,STL NETWORKS LIMITED,28.19,28.3,26.9,27.16,26.99,28.15,,27.17,,,1308773,36173842.3,4158,F1,1,,,,,
2026-09-01,2026-09-01,CM,NSE,STK,2107,INE00IN01015,STOVEKRAFT,EQ,,,,,STOVE KRAFT LIMITED,850.9,858.4,833.4,847.1,853.0,849.2,,847.13,,,211970,179477882.45,11470,F1,1,,,,,
2026-09-01,2026-09-01,CM,NSE,STK,761091,INE1XWN01017,STRIDERS,SM,,,,,STRIDERS IMPEX LIMITED,61.5,62.5,61.5,61.5,61.5,64.45,,61.5,,,83200,5121680.0,7,F1,1600,,,,,
2026-09-01,2026-09-01,CM,NSE,STK,7374,INE939A01011,STAR,EQ,,,,,STRIDES PHARMA SCI LTD,1025.0,1030.0,1010.0,1024.2,1023.0,1025.0,,1024.16,,,200361,204608849.7,16566,F1,1,,,,,
2026-09-01,2026-09-01,CM,NSE,STK,12489,INE00M201021,SWSOLAR,EQ,,,,,STRLNG & WIL REN ENE LTD,189.51,191.88,186.46,187.42,187.9,189.33,,187.42,,,614403,115879783.86,9701,F1,1,,,,,
2026-09-01,2026-09-01,CM,NSE,STK,759587,INE00Q601028,STUDDS,EQ,,,,,STUDDS ACCESSORIES LTD,441.2,448.0,438.05,441.3,439.1,445.0,,441.3,,,69776,30997511.35,4369,F1,1,,,,,
2026-09-01,2026-09-01,CM,NSE,STK,758527,INE17VO01028,STUDIOLSD,SM,,,,,STUDIO LSD LIMITED,9.15,9.2,9.1,9.1,9.1,9.15,,9.1,,,22000,201300.0,9,F1,2000,,,,,
2026-09-01,2026-09-01,CM,NSE,STK,5186,INE239C01020,STYLAMIND,EQ,,,,,STYLAM INDUSTRIES LIMITED,3430.8,3456.3,3302.0,3344.3,3334.9,3464.5,,3342.56,,,65471,220440641.8,13374,F1,1,,,,,
2026-09-01,2026-09-01,CM,NSE,STK,19,INE189B01011,STYRENIX,EQ,,,,,STYRENIX PERFORMANCE LTD,2047.9,2047.9,1988.3,2011.7,1988.7,2002.2,,2011.81,,,24032,48586263.6,4367,F1,1,,,,,
2026-09-01,2026-09-01,CM,NSE,STK,760112,INE0RYR01018,SUBAHOTELS,SM,,,,,SUBA HOTELS LIMITED,104.0,104.0,99.0,99.4,100.0,103.8,,99.4,,,46800,4726440.0,37,F1,1200,,,,,
2026-09-01,2026-09-01,CM,NSE,STK,967,INE754A01055,SUBEXLTD,EQ,,,,,SUBEX LTD,18.42,19.0,17.64,17.88,17.9,18.48,,17.88,,,4959378,90892221.41,8418,F1,1,,,,,
2026-09-01,2026-09-01,CM,NSE,STK,3324,INE287B01021,SUBROS,EQ,,,,,SUBROS LIMITED,719.95,724.45,712.05,716.6,715.0,717.5,,716.62,,,24774,17786704.25,2137,F1,1,,,,,
2026-09-01,2026-09-01,CM,NSE,STK,3327,INE659A01023,SUDARSCHEM,EQ,,,,,SUDARSHAN CHEMICAL INDS L,1294.7,1347.0,1230.6,1240.7,1240.0,1266.8,,1240.69,,,1648951,2144302653.3,66939,F1,1,,,,,
2026-09-01,2026-09-01,CM,NSE,STK,715,INE492A01029,SUDARCOLOR,EQ,,,,,SUDARSHAN COLORNT IND LTD,388.0,389.0,377.1,379.0,379.8,385.25,,379.14,,,5261,2012238.75,351,F1,1,,,,,
2026-09-01,2026-09-01,CM,NSE,STK,760039,INE0QPI01025,SUDEEPPHRM,EQ,,,,,SUDEEP PHARMA LIMITED,1222.7,1263.0,1196.9,1230.9,1239.8,1209.7,,1230.66,,,331374,409661509.3,20082,F1,1,,,,,
2026-09-01,2026-09-01,CM,NSE,STK,11804,INE450E01029,SUKHJITS,EQ,,,,,SUKHJIT STARCH & CHEM LTD,159.8,160.0,156.53,158.99,159.0,158.74,,158.99,,,16073,2559915.3,180,F1,1,,,,,
2026-09-01,2026-09-01,CM,NSE,STK,13218,INE142Q01026,SULA,EQ,,,,,SULA VINEYARDS LIMITED,147.84,150.0,145.52,148.65,148.7,147.2,,148.59,,,164097,24152820.66,3254,F1,1,,,,,
2026-09-01,2026-09-01,CM,NSE,STK,765175,INE886B01012,SUMEDHA,EQ,,,,,SUMEDHA FISCAL SERVICES L,39.6,39.99,38.94,39.5,39.5,39.5,,39.5,,,133,5274.5,20,F1,1,,,,,
2026-09-01,2026-09-01,CM,NSE,STK,20790,INE235C01036,SUMEETINDS,EQ,,,,,SUMEET IND LIMITED,12.28,12.33,11.67,11.67,11.67,12.28,,11.67,,,2426227,28797554.94,2021,F1,1,,,,,
2026-09-01,2026-09-01,CM,NSE,STK,11140,INE748Z01013,SUMIT,EQ,,,,,SUMIT WOODS LIMITED,51.3,51.3,50.03,50.92,50.84,50.14,,50.92,,,10972,554058.84,397,F1,1,,,,,
2026-09-01,2026-09-01,CM,NSE,STK,17105,INE258G01013,SUMICHEM,EQ,,,,,SUMITOMO CHEM INDIA LTD,519.55,521.85,510.75,514.2,512.95,517.45,,514.21,,,104437,53736300.9,6742,F1,1,,,,,
2026-09-01,2026-09-01,CM,NSE,STK,21275,INE519C01017,SUMMITSEC,EQ,,,,,SUMMIT SECURITIES LTD,1426.0,1457.9,1400.0,1413.7,1406.0,1426.7,,1413.7,,,3052,4350296.8,386,F1,1,,,,,
2026-09-01,2026-09-01,CM,NSE,STK,14788,INE232I01014,SPARC,EQ,,,,,SUN PHARMA ADV.RES.CO.LTD,199.33,203.5,196.01,196.98,197.15,199.33,,196.97,,,824539,164130810.22,14464,F1,1,,,,,
2026-09-01,2026-09-01,CM,NSE,STK,3351,INE044A01036,SUNPHARMA,EQ,,,,,SUN PHARMACEUTICAL IND L,1963.1,1963.1,1921.1,1929.0,1929.0,1984.8,,1929.0,,,3595272,6950890594.9,97959,F1,1,,,,,
2026-09-01,2026-09-01,CM,NSE,STK,13404,INE424H01027,SUNTV,EQ,,,,,SUN TV NETWORK LIMITED,462.0,468.0,461.05,462.15,463.0,466.15,,462.16,,,229557,106393679.65,32860,F1,1,,,,,
2026-09-01,2026-09-01,CM,NSE,STK,20956,INE0Q3R01026,SUNCLAY,EQ,,,,,SUNDARAM CLAYTON LIMITED,1290.0,1328.0,1290.0,1296.7,1298.7,1305.6,,1296.73,,,4258,5564355.7,547,F1,1,,,,,
2026-09-01,2026-09-01,CM,NSE,STK,3339,INE660A01013,SUNDARMFIN,EQ,,,,,SUNDARAM FINANCE LTD,4540.0,4560.0,4521.5,4540.1,4545.2,4540.0,,4540.0,,,19219,87269348.0,7818,F1,1,,,,,
2026-09-01,2026-09-01,CM,NSE,STK,18931,INE108E01023,SUNDARAM,EQ,,,,,SUNDARAM MULTI PAP LTD,1.25,1.26,1.22,1.22,1.22,1.25,,1.22,,,174887,216743.89,192,F1,1,,,,,
2026-09-01,2026-09-01,CM,NSE,STK,9848,INE073D01013,SUNDRMBRAK,BE,,,,,SUNDARAMBRAKE LININGS LTD,771.0,786.95,732.0,768.0,768.0,770.45,,768.0,,,1200,891248.85,43,F1,1,,,,,
2026-09-01,2026-09-01,CM,NSE,STK,3345,INE387A01021,SUNDRMFAST,EQ,,,,,SUNDRAM FASTENERS LTD,1209.0,1225.5,1197.5,1204.7,1214.3,1203.9,,1204.75,,,94310,113938053.7,10151,F1,1,,,,,
2026-09-01,2026-09-01,CM,NSE,STK,761202,INE0CTB01014,SOCL,SM,,,,,SUNDREX OIL COMPANY LTD,28.0,29.6,27.7,29.3,29.6,29.0,,29.3,,,11200,322080.0,7,F1,1600,,,,,
2026-09-01,2026-09-01,CM,NSE,STK,1663,INE209A01019,SUNDROP,EQ,,,,,SUNDROP BRANDS LIMITED,668.0,668.0,652.2,655.55,654.2,660.1,,655.55,,,8354,5529130.25,616,F1,1,,,,,
2026-09-01,2026-09-01,CM,NSE,STK,3348,INE947A01014,SUNFLAG,EQ,,,,,SUNFLAG IRON AND STEEL CO,340.0,343.15,335.8,339.65,340.95,340.3,,339.65,,,106805,36233051.8,2583,F1,1,,,,,
2026-09-01,2026-09-01,CM,NSE,STK,18264,INE0O3O01017,SEL,SM,,,,,SUNGARNER ENERGIES LTD,305.75,305.75,301.1,305.0,305.0,308.4,,305.0,,,1600,486370.0,7,F1,200,,,,,
2026-09-01,2026-09-01,CM,NSE,STK,765180,INE671C01016,SUNLOC,EQ,,,,,SUNIL HEALTHCARE LTD.,81.0,82.0,77.01,79.74,79.01,80.76,,79.86,,,1398,111505.55,42,F1,1,,,,,
2026-09-01,2026-09-01,CM,NSE,STK,24868,INE0U2N01013,SUNLITE,SM,,,,,SUNLITE RECYCLING IND LTD,560.0,560.0,546.0,555.45,559.0,546.1,,555.45,,,29400,16249305.0,92,F1,300,,,,,
2026-09-01,2026-09-01,CM,NSE,STK,764925,INE671K01027,SUNRAKSHAK,EQ,,,,,SUNRAKSHAKK INDUS IND L,363.25,369.0,363.0,365.8,366.5,367.7,,365.71,,,5911,2167116.3,263,F1,1,,,,,
2026-09-01,2026-09-01,CM,NSE,STK,20213,INE0PLZ01012,SUNREST,SM,,,,,SUNREST LIFESCIENCE LTD,40.7,40.7,36.5,36.5,36.5,39.6,,36.5,,,9600,364320.0,5,F1,1600,,,,,
2026-09-01,2026-09-01,CM,NSE,STK,764930,INE199E01014,SUNSHIEL,EQ,,,,,SUNSHIELD CHEMICALS LTD.,1181.0,1193.0,1133.9,1152.7,1160.0,1148.8,,1150.76,,,2042,2370619.4,208,F1,1,,,,,
2026-09-01,2026-09-01,CM,NSE,STK,765387,INE1B3O01011,SUNSHINE,EQ,,,,,SUNSHINE PICTURES LIMITED,456.0,463.4,435.4,450.75,443.1,455.75,,450.81,,,3504036,1581705795.7,47440,F1,1,,,,,
2026-09-01,2026-09-01,CM,NSE,STK,757763,INE0SGZ01016,SUNTECH,SM,,,,,SUNTECH INFRA SOLUTIONS L,44.0,47.25,43.95,45.1,45.1,47.9,,45.1,,,20800,938160.0,13,F1,1600,,,,,
2026-09-01,2026-09-01,CM,NSE,STK,17641,INE805D01034,SUNTECK,EQ,,,,,SUNTECK REALTY LIMITED,302.75,309.95,298.1,303.25,302.3,302.75,,303.21,,,160918,48385100.35,3843,F1,1,,,,,
2026-09-01,2026-09-01,CM,NSE,STK,8931,INE662A01027,SUPERSPIN,BE,,,,,SUPER SPINNING MILLS LTD,6.55,6.72,6.26,6.52,6.39,6.42,,6.52,,,68320,445584.51,64,F1,1,,,,,
2026-09-01,2026-09-01,CM,NSE,STK,764938,INE460D01038,SUPTANERY,BE,,,,,SUPER TANNERY LTD.,15.44,15.44,15.44,15.44,15.44,14.71,,15.58,,,150260,2320014.4,237,F1,1,,,,,
2026-09-01,2026-09-01,CM,NSE,STK,20616,INE712B01010,SUPERHOUSE,EQ,,,,,SUPERHOUSE LIMITED,174.0,174.87,167.1,173.09,174.0,170.6,,173.1,,,5670,973947.46,179,F1,1,,,,,
2026-09-01,2026-09-01,CM,NSE,STK,3147,INE843L01012,SIEL,EQ,,,,,SUPERIOR INDUSTRIAL ENT L,32.31,32.5,31.17,32.5,32.5,32.31,,32.5,,,652,20513.68,16,F1,1,,,,,
2026-09-01,2026-09-01,CM,NSE,STK,11689,INE399C01030,SUPRAJIT,EQ,,,,,SUPRAJIT ENGINEERING LTD,503.45,509.0,496.6,506.45,508.95,503.5,,506.0,,,69927,35256408.0,7264,F1,1,,,,,
2026-09-01,2026-09-01,CM,NSE,STK,758997,INE319Z01021,SUPREMEENG,BZ,,,,,SUPREME ENGINEERING LTD,2.78,2.88,2.78,2.88,2.88,2.83,,2.88,,,1498437,4244806.96,192,F1,1,,,,,
2026-09-01,2026-09-01,CM,NSE,STK,29439,INE822E01011,SUPREME,EQ,,,,,SUPREME HOLDIN N HOSP I L,38.1,39.5,37.6,38.29,37.8,37.84,,38.29,,,10225,392363.06,180,F1,1,,,,,
2026-09-01,2026-09-01,CM,NSE,STK,3363,INE195A01028,SUPREMEIND,EQ,,,,,SUPREME INDUSTRIES LTD,3570.0,3661.4,3563.3,3605.0,3605.0,3559.0,,3605.0,,,169663,611330225.6,16568,F1,1,,,,,
2026-09-01,2026-09-01,CM,NSE,STK,15002,INE550H01011,SUPREMEINF,EQ,,,,,SUPREME INFRA. LTD.,83.14,86.5,83.1,84.93,84.12,83.78,,84.86,,,30992,2621279.19,1011,F1,1,,,,,
2026-09-01,2026-09-01,CM,NSE,STK,9617,INE663A01033,SPLPETRO,EQ,,,,,SUPREME PETROCHEM LIMITED,728.85,728.85,708.0,718.5,720.0,729.05,,718.46,,,151638,108674213.0,13591,F1,1,,,,,
2026-09-01,2026-09-01,CM,NSE,STK,21067,INE0QHG01026,SUPREMEPWR,SM,,,,,SUPREME POWER EQUIPMENT L,222.2,226.0,215.0,216.2,215.7,223.2,,216.2,,,47000,10395650.0,78,F1,500,,,,,
2026-09-01,2026-09-01,CM,NSE,STK,7390,INE07RO01027,SUPRIYA,EQ,,,,,SUPRIYA LIFESCIENCE LTD,798.3,809.0,795.5,803.15,805.0,798.3,,803.09,,,105067,84246619.85,8282,F1,1,,,,,
2026-09-01,2026-09-01,CM,NSE,STK,20822,INE843S01025,SURAJEST,EQ,,,,,SURAJ ESTATE DEVELOPERS L,190.0,192.53,189.47,191.51,191.99,191.01,,191.48,,,91223,17431986.64,689,F1,1,,,,,
2026-09-01,2026-09-01,CM,NSE,STK,24966,INE713C01016,SURAJLTD,EQ,,,,,SURAJ LIMITED,206.0,208.9,201.25,206.01,207.0,202.07,,206.01,,,1066,219583.8,40,F1,1,,,,,
2026-09-01,2026-09-01,CM,NSE,STK,27334,INE877V01027,SURAKSHA,EQ,,,,,SURAKSHA DIAGNOSTIC LTD,335.0,343.95,334.3,340.8,338.45,338.55,,340.81,,,143730,48799836.85,4411,F1,1,,,,,
2026-09-01,2026-09-01,CM,NSE,STK,21077,INE272L01022,SURANASOL,EQ,,,,,SURANA SOLAR LIMITED,26.99,26.99,25.9,26.26,26.18,26.85,,26.27,,,34710,915652.54,530,F1,1,,,,,
2026-09-01,2026-09-01,CM,NSE,STK,10700,INE130B01031,SURANAT&P,EQ,,,,,SURANA TELECOM AND POW LT,16.1,16.58,16.0,16.08,16.15,16.36,,16.07,,,42972,695577.98,287,F1,1,,,,,
2026-09-01,2026-09-01,CM,NSE,STK,8513,INE01ZJ01015,SURANI,SM,,,,,SURANI STEEL TUBES LTD.,97.0,103.8,96.0,100.0,100.0,97.0,,100.0,,,7800,788390.0,26,F1,200,,,,,
2026-09-01,2026-09-01,CM,NSE,STK,14139,INE05ST01028,SBGLP,EQ,,,,,SURATWWALA BUS GROUP LTD,24.06,24.96,24.05,24.33,24.13,24.16,,24.62,,,35260,854222.57,179,F1,1,,,,,
2026-09-01,2026-09-01,CM,NSE,STK,3375,INE335A01020,SURYAROSNI,EQ,,,,,SURYA ROSHNI LTD,220.46,222.49,218.01,218.82,218.25,219.71,,218.82,,,212161,46655326.96,5625,F1,1,,,,,
2026-09-01,2026-09-01,CM,NSE,STK,11852,INE713B01026,SURYALAXMI,EQ,,,,,SURYALAKSHMI COT MIL LTD,61.99,65.6,61.3,62.92,62.95,60.16,,62.92,,,50585,3234935.5,604,F1,1,,,,,
2026-09-01,2026-09-01,CM,NSE,STK,762924,INE132C01027,SURYALA,EQ,,,,,SURYALATA SPINNING MILL L,375.0,395.0,374.0,387.0,387.0,378.0,,386.49,,,723,284474.8,41,F1,1,,,,,
2026-09-01,2026-09-01,CM,NSE,STK,2970,INE428Q01011,SURYODAY,EQ,,,,,SURYODAY SMALL FIN BK LTD,154.0,154.18,149.5,151.06,151.6,154.69,,151.05,,,358779,54304439.67,6205,F1,1,,,,,
2026-09-01,2026-09-01,CM,NSE,STK,21321,INE0R8O23017,SEITINVIT,IV,,,,,SUSTAINABLE ENERGY INFRA,122.0,122.0,122.0,122.0,122.0,124.0,,122.0,,,50000,6100000.0,2,F1,25000,,,,,
2026-09-01,2026-09-01,CM,NSE,STK,13804,INE645H01027,SUTLEJTEX,BE,,,,,SUTLEJ TEXT & INDUS LTD,40.25,41.5,39.25,39.44,40.0,40.07,,39.44,,,36063,1462732.64,162,F1,1,,,,,
2026-09-01,2026-09-01,CM,NSE,STK,11233,INE495B01038,SUVEN,EQ,,,,,SUVEN LIFE SCIENCES LTD,394.0,403.35,378.5,381.6,381.85,392.05,,381.56,,,899924,352817745.4,24749,F1,1,,,,,
2026-09-01,2026-09-01,CM,NSE,STK,2998,INE018401013,SUVIDHAA,EQ,,,,,SUVIDHAA INFOSERVE LTD,2.2,2.27,2.18,2.18,2.19,2.19,,2.18,,,47789,105576.49,173,F1,1,,,,,
2026-09-01,2026-09-01,CM,NSE,STK,24851,INE442P01014,SUYOG,EQ,,,,,SUYOG TELEMATICS LIMITED,752.0,752.0,730.1,736.7,737.8,740.75,,736.68,,,19283,14214636.2,909,F1,1,,,,,
2026-09-01,2026-09-01,CM,NSE,STK,12018,INE040H01021,SUZLON,EQ,,,,,SUZLON ENERGY LIMITED,47.5,47.5,46.25,46.5,46.5,47.52,,46.5,,,39976953,1866174123.27,75267,F1,1,,,,,
2026-09-01,2026-09-01,CM,NSE,STK,5020,INE308E01029,SVPGLOB,EQ,,,,,SVP GLOBAL TEXTILES LTD,3.52,3.8,3.52,3.69,3.64,3.62,,3.69,,,31186,114939.23,61,F1,1,,,,,
2026-09-01,2026-09-01,CM,NSE,STK,27095,INE665A01038,SWANCORP,EQ,,,,,SWAN CORP LIMITED,292.8,293.25,285.3,289.4,289.5,293.3,,289.39,,,1201439,347315851.15,17857,F1,1,,,,,
2026-09-01,2026-09-01,CM,NSE,STK,29164,INE542F01020,SWANDEF,BE,,,,,SWAN DEFENCE N HEVY IND L,2435.8,2450.0,2351.1,2413.8,2429.0,2448.0,,2413.27,,,11350,27415260.0,528,F1,1,,,,,
2026-09-01,2026-09-01,CM,NSE,STK,3384,INE277A01016,SWARAJENG,EQ,,,,,SWARAJ ENGINES LTD,3577.9,3586.8,3530.0,3537.7,3533.0,3569.3,,3536.99,,,12007,42595384.3,1606,F1,1,,,,,
2026-09-01,2026-09-01,CM,NSE,STK,764496,INE0GMR01016,SWARAJ,BE,,,,,SWARAJ SUITING LIMITED,370.0,370.0,357.0,358.95,363.0,363.5,,358.9,,,82701,29914402.6,358,F1,1,,,,,
2026-09-01,2026-09-01,CM,NSE,STK,765185,INE967A01012,SWARNSAR,EQ,,,,,SWARNSARITA JEWELS IND L,34.26,35.18,34.26,34.82,34.76,35.35,,34.82,,,3475,121131.29,43,F1,1,,,,,
2026-09-01,2026-09-01,CM,NSE,STK,11497,INE0DGC01025,SWASTIK,ST,,,,,SWASTIK PIPE LIMITED,21.6,21.85,21.0,21.0,21.0,21.0,,21.0,,,3600,77340.0,3,F1,1200,,,,,
2026-09-01,2026-09-01,CM,NSE,STK,11909,INE409B01013,SWELECTES,EQ,,,,,SWELECT ENERGY SYS LTD,587.55,595.9,576.0,588.55,583.55,588.5,,588.29,,,19854,11645551.95,1718,F1,1,,,,,
2026-09-01,2026-09-01,CM,NSE,STK,27066,INE00H001014,SWIGGY,EQ,,,,,SWIGGY LIMITED,279.85,281.3,275.0,275.0,275.0,281.9,,275.0,,,5372141,1492871048.05,80202,F1,1,,,,,
2026-09-01,2026-09-01,CM,NSE,STK,765190,INE010C01025,SWISSMLTRY,EQ,,,,,SWISS MILITARY CON GOOD L,16.5,17.0,15.41,15.93,16.22,16.28,,15.92,,,106844,1724252.95,736,F1,1,,,,,
2026-09-01,2026-09-01,CM,NSE,STK,24267,INE01IH01015,SYLVANPLY,SM,,,,,SYLVAN PLYBOARD (INDIA) L,53.05,53.05,53.05,53.05,53.05,55.8,,53.05,,,4000,212200.0,2,F1,2000,,,,,
2026-09-01,2026-09-01,CM,NSE,STK,765485,INE899I01028,SYMBIOTEC,EQ,,,,,SYMBIOTEC PHARMALAB LTD,988.0,1180.0,934.2,1097.7,1094.0,988.0,,1097.58,,,30102923,31998333921.1,1057286,F1,1,,,,,
2026-09-01,2026-09-01,CM,NSE,STK,24190,INE225D01027,SYMPHONY,EQ,,,,,SYMPHONY LIMITED,586.1,588.4,571.3,574.4,573.0,586.45,,574.36,,,65387,37885492.2,3451,F1,1,,,,,
2026-09-01,2026-09-01,CM,NSE,STK,11992,INE312C01025,SYNCOMF,EQ,,,,,SYNCOM FORMU (I) LTD,19.5,20.2,18.76,20.07,20.11,19.49,,20.07,,,15856320,313664764.63,32060,F1,1,,,,,
2026-09-01,2026-09-01,CM,NSE,STK,5114,INE00QT01015,SGIL,EQ,,,,,SYNERGY GREEN IND. LTD,600.6,628.5,600.0,602.4,600.0,603.0,,602.38,,,8195,4970257.8,326,F1,1,,,,,
2026-09-01,2026-09-01,CM,NSE,STK,10243,INE398R01022,SYNGENE,EQ,,,,,SYNGENE INTERNATIONAL LTD,402.0,403.0,397.05,402.05,401.75,400.75,,402.03,,,632620,252939744.9,53687,F1,1,,,,,
2026-09-01,2026-09-01,CM,NSE,STK,17206,INE0BTR01012,SYNOPTICS,ST,,,,,SYNOPTICS TECHNOLOGIES L,52.05,52.05,52.05,52.05,52.05,54.75,,52.05,,,1800,93690.0,3,F1,600,,,,,
2026-09-01,2026-09-01,CM,NSE,STK,10793,INE0DYJ01015,SYRMA,EQ,,,,,SYRMA SGS TECHNOLOGY LTD,1435.0,1459.0,1418.7,1447.9,1448.0,1437.0,,1447.89,,,608516,875396087.8,39551,F1,1,,,,,
2026-09-01,2026-09-01,CM,NSE,STK,14506,INE0O7R01011,SYSTANGO,SM,,,,,SYSTANGO TECHNOLOGIES LTD,218.5,227.55,218.5,220.1,220.25,223.15,,220.1,,,15600,3507880.0,33,F1,400,,,,,
2026-09-01,2026-09-01,CM,NSE,STK,759358,INE356B01024,SYSTMTXC,BE,,,,,SYSTEMATIX CORP SERVICE L,58.0,58.0,57.6,57.72,57.6,57.9,,57.72,,,14714,853019.94,47,F1,1,,,,,
2026-09-01,2026-09-01,CM,NSE,STK,764955,INE284B01028,TGVSL,EQ,,,,,T G V SRAAC LTD.,105.0,105.0,102.5,103.24,103.3,104.4,,103.26,,,77093,7989959.34,1062,F1,1,,,,,
2026-09-01,2026-09-01,CM,NSE,STK,14314,INE592B01024,TTL,EQ,,,,,T T LIMITED,6.7,6.8,6.4,6.64,6.7,6.64,,6.64,,,207325,1365450.89,249,F1,1,,,,,
2026-09-01,2026-09-01,CM,NSE,STK,762929,INE524T01011,TAALTECH,EQ,,,,,TAAL TECH LTD.,4518.8,4579.9,4353.8,4449.5,4370.0,4518.8,,4449.47,,,6274,28172769.8,681,F1,1,,,,,
2026-09-01,2026-09-01,CM,NSE,STK,23441,INE0SOY01013,TAC,ST,,,,,TAC INFOSEC LIMITED,422.0,422.4,405.55,406.7,406.55,416.65,,406.7,,,35200,14435540.0,133,F1,200,,,,,
2026-09-01,2026-09-01,CM,NSE,STK,3396,INE123C01018,TAINWALCHM,EQ,,,,,TAINWALA CHEMICAL AND PLA,209.15,214.0,205.15,207.76,208.02,209.94,,207.57,,,2735,570819.75,112,F1,1,,,,,
2026-09-01,2026-09-01,CM,NSE,STK,9354,INE586B01026,TAJGVK,EQ,,,,,TAJ GVK HOTELS & RESORTS,334.55,334.9,327.25,328.95,328.5,335.65,,328.93,,,70985,23451612.5,2646,F1,1,,,,,
2026-09-01,2026-09-01,CM,NSE,STK,14917,INE142I01023,TAKE,EQ,,,,,TAKE LIMITED,14.58,14.58,14.58,14.58,14.58,15.34,,14.6,,,48445,706328.1,272,F1,1,,,,,
2026-09-01,2026-09-01,CM,NSE,STK,13648,INE187D01029,TALBROAUTO,EQ,,,,,TALBROS AUTO. COMP. LTD,414.0,418.0,406.3,410.8,411.7,411.4,,410.8,,,82813,34125866.8,2980,F1,1,,,,,
2026-09-01,2026-09-01,CM,NSE,STK,762937,INE864J01012,TAMBOLIIN,BE,,,,,TAMBOLI INDUSTRIES LTD.,264.0,264.0,252.0,253.05,253.5,255.0,,252.19,,,3824,967942.0,35,F1,1,,,,,
2026-09-01,2026-09-01,CM,NSE,STK,10945,INE668A01016,TMB,EQ,,,,,TAMILNAD MERCA BANK LTD,934.0,936.0,903.0,908.1,908.1,932.6,,908.02,,,135518,124442714.9,10192,F1,1,,,,,
2026-09-01,2026-09-01,CM,NSE,STK,3980,INE107A01015,TNPL,EQ,,,,,TAMILNADU NEWSPRT & PAPER,140.94,150.83,140.2,149.32,149.78,140.88,,149.32,,,696642,102665557.42,8084,F1,1,,,,,
2026-09-01,2026-09-01,CM,NSE,STK,3509,INE148A01019,TNPETRO,EQ,,,,,TAMILNADU PETROPRODUCTS L,121.0,135.5,120.61,132.35,133.1,120.77,,132.36,,,14332261,1855560620.17,93994,F1,1,,,,,
2026-09-01,2026-09-01,CM,NSE,STK,3512,INE141D01018,TNTELE,EQ,,,,,TAMILNADU TELECOMMUNICATI,9.08,9.08,8.91,9.0,9.04,8.91,,9.0,,,19099,171807.19,84,F1,1,,,,,
2026-09-01,2026-09-01,CM,NSE,STK,764945,INE692C01020,TANAA,EQ,,,,,TANEJA AEROSPACE & AVIA L,290.0,295.2,288.1,290.55,293.0,289.95,,290.01,,,6628,1925699.1,285,F1,1,,,,,
2026-09-01,2026-09-01,CM,NSE,STK,756338,INE0Z7N01017,TANKUP,ST,,,,,TANKUP ENGINEERS LIMITED,1501.8,1501.8,1431.0,1501.8,1501.8,1430.3,,1501.8,,,13750,19975850.0,19,F1,250,,,,,
2026-09-01,2026-09-01,CM,NSE,STK,13976,INE483C01032,TANLA,EQ,,,,,TANLA PLATFORMS LIMITED,531.0,547.5,527.5,543.15,547.0,530.15,,543.18,,,438736,236325052.25,13364,F1,1,,,,,
2026-09-01,2026-09-01,CM,NSE,STK,23512,INE555Z01020,TARACHAND,EQ,,,,,TARA CHAND INFRA SOLN LTD,47.88,48.79,47.1,47.69,47.55,47.88,,47.69,,,44443,2126865.93,1418,F1,1,,,,,
2026-09-01,2026-09-01,CM,NSE,STK,18827,INE747K01017,TARAPUR,EQ,,,,,TARAPUR TRANSFORMERS LTD,13.4,13.75,12.5,13.36,13.66,13.4,,13.37,,,54711,708263.23,372,F1,1,,,,,
2026-09-01,2026-09-01,CM,NSE,STK,1581,INE0EK901012,TARC,EQ,,,,,TARC LIMITED,117.5,122.99,117.5,122.49,121.6,118.44,,122.49,,,498599,60530910.43,5047,F1,1,,,,,
2026-09-01,2026-09-01,CM,NSE,STK,14771,INE924H01018,TARMAT,EQ,,,,,TARMAT LIMITED,61.05,61.65,58.21,58.92,59.48,61.35,,58.92,,,36225,2174860.07,451,F1,1,,,,,
2026-09-01,2026-09-01,CM,NSE,STK,6943,INE144Z01023,TARSONS,EQ,,,,,TARSONS PRODUCTS LIMITED,330.0,347.0,330.0,344.1,343.05,331.65,,344.11,,,246355,84158888.6,7254,F1,1,,,,,
2026-09-01,2026-09-01,CM,NSE,STK,20092,INE488B01017,TASTYBITE,EQ,,,,,TASTY BITE EATABLES LTD,10150.0,10170.0,9900.0,9946.0,9982.0,10139.0,,9945.49,,,2621,26199421.0,761,F1,1,,,,,
2026-09-01,2026-09-01,CM,NSE,STK,759265,INE976I01016,TATACAP,EQ,,,,,TATA CAPITAL LIMITED,367.9,369.5,363.35,367.85,366.5,367.9,,367.86,,,1012096,372207429.75,31192,F1,1,,,,,
2026-09-01,2026-09-01,CM,NSE,STK,3405,INE092A01019,TATACHEM,EQ,,,,,TATA CHEMICALS LTD,643.0,645.9,632.4,633.6,633.8,643.0,,633.6,,,363153,231618703.85,14499,F1,1,,,,,
2026-09-01,2026-09-01,CM,NSE,STK,3721,INE151A01013,TATACOMM,EQ,,,,,TATA COMMUNICATIONS LTD,1735.1,1744.9,1707.9,1733.8,1737.0,1723.4,,1733.81,,,196386,339749886.7,17171,F1,1,,,,,
2026-09-01,2026-09-01,CM,NSE,STK,11536,INE467B01029,TCS,EQ,,,,,TATA CONSULTANCY SERV LT,2355.0,2372.0,2325.0,2369.0,2369.0,2399.3,,2368.98,,,2678034,6304499313.4,84239,F1,1,,,,,
2026-09-01,2026-09-01,CM,NSE,STK,3432,INE192A01025,TATACONSUM,EQ,,,,,TATA CONSUMER PRODUCT LTD,1037.5,1041.8,1025.1,1030.5,1030.5,1037.5,,1030.42,,,1005860,1038741402.0,39362,F1,1,,,,,
2026-09-01,2026-09-01,CM,NSE,STK,3411,INE670A01012,TATAELXSI,EQ,,,,,TATA ELXSI LIMITED,3583.1,3671.9,3567.1,3638.0,3638.0,3578.6,,3637.56,,,169501,614903786.8,18694,F1,1,,,,,
2026-09-01,2026-09-01,CM,NSE,STK,1621,INE672A01026,TATAINVEST,EQ,,,,,TATA INVESTMENT CORP LTD,642.0,643.3,631.5,633.65,633.95,642.2,,633.71,,,126447,80542951.85,8337,F1,1,,,,,
2026-09-01,2026-09-01,CM,NSE,STK,759782,INE1TAE01010,TMCV,EQ,,,,,TATA MOTORS LIMITED,472.0,477.3,456.9,464.35,464.05,471.1,,464.36,,,8807895,4083547649.0,111040,F1,1,,,,,
2026-09-01,2026-09-01,CM,NSE,STK,3456,INE155A01022,TMPV,EQ,,,,,TATA MOTORS PASS VEH LTD,317.2,317.3,308.95,310.0,310.0,308.85,,310.02,,,8951324,2798297910.0,78918,F1,1,,,,,
2026-09-01,2026-09-01,CM,NSE,STK,3426,INE245A01021,TATAPOWER,EQ,,,,,TATA POWER CO LTD,347.55,351.95,347.45,350.55,350.55,347.0,,350.51,,,3607879,1263275124.05,39367,F1,1,,,,,
2026-09-01,2026-09-01,CM,NSE,STK,3499,INE081A01020,TATASTEEL,EQ,,,,,TATA STEEL LIMITED,183.7,188.68,182.12,184.07,184.07,184.35,,184.07,,,46663321,8618146081.01,174528,F1,1,,,,,
2026-09-01,2026-09-01,CM,NSE,STK,20293,INE142M01025,TATATECH,EQ,,,,,TATA TECHNOLOGIES LIMITED,835.0,850.0,808.05,814.95,815.25,831.05,,814.94,,,1801217,1498836190.5,71059,F1,1,,,,,
2026-09-01,2026-09-01,CM,NSE,STK,8954,INE517B01013,TTML,EQ,,,,,TATA TELESERV(MAHARASTRA),39.0,39.4,38.21,38.92,38.75,38.58,,38.92,,,2317300,89864495.87,12349,F1,1,,,,,
2026-09-01,2026-09-01,CM,NSE,STK,7838,INF277K015R5,NETF,EQ,,,,,TATAAML - NETF,262.25,263.9,260.48,261.17,262.46,262.25,,261.17,,,1028,269633.15,158,F1,1,,,,,
2026-09-01,2026-09-01,CM,NSE,STK,12978,INF277K010X4,NPBET,EQ,,,,,TATAAML - NPBET,288.16,289.52,286.0,287.68,287.68,286.73,,287.68,,,145,41651.45,15,F1,1,,,,,
2026-09-01,2026-09-01,CM,NSE,STK,8882,INF277KA1364,TNIDETF,EQ,,,,,TATAAML - TNIDETF,91.3,92.32,90.86,91.54,91.75,91.3,,91.54,,,166410,15264907.38,610,F1,1,,,,,
2026-09-01,2026-09-01,CM,NSE,STK,21401,INF277KA1976,TATAGOLD,EQ,,,,,TATAAML-TATAGOLD,15.15,15.19,14.72,14.73,14.75,14.96,,14.73,,,57784083,858729264.94,81326,F1,1,,,,,
2026-09-01,2026-09-01,CM,NSE,STK,21428,INF277KA1984,TATSILV,EQ,,,,,TATAAML-TATSILV,22.5,23.18,22.04,22.08,22.1,22.62,,22.08,,,73340718,1639950120.31,63687,F1,1,,,,,
2026-09-01,2026-09-01,CM,NSE,STK,5162,INE0GK401011,TATVA,EQ,,,,,TATVA CHIN PHARM CHEM LTD,1649.0,1649.0,1595.0,1605.0,1602.0,1626.7,,1605.01,,,36770,59141043.9,3547,F1,1,,,,,
2026-09-01,2026-09-01,CM,NSE,STK,759759,INE0XWS01018,TAURIAN,ST,,,,,TAURIAN MPS LIMITED,498.0,524.0,496.0,523.8,523.5,499.9,,523.8,,,44000,22517920.0,50,F1,800,,,,,
2026-09-01,2026-09-01,CM,NSE,STK,11754,INE053F07835,753IRFC30,NJ,,,,,TAX FREE  7.53% SR. 103 A,1138.0,1138.0,1131.12,1133.16,1133.16,1133.26,,1133.16,,,1928,2184657.22,13,F1,1,,,,,
2026-09-01,2026-09-01,CM,NSE,STK,15168,INE053F07900,764IRFC31,NO,,,,,TAX FREE  7.64% SR. 108A,1149.9,1149.9,1143.5,1144.07,1145.0,1148.0,,1144.13,,,1112,1273083.2,8,F1,1,,,,,
2026-09-01,2026-09-01,CM,NSE,STK,14529,INE906B07EP5,769NHAI31,NE,,,,,TAX FREE 7.69% SR. IIB,1154.9,1154.9,1149.0,1151.5,1151.5,1149.0,,1151.5,,,26,29924.26,5,F1,1,,,,,
2026-09-01,2026-09-01,CM,NSE,STK,11757,INE053F07843,750IRFC35,NK,,,,,TAX FREE7.50% SR.104 A,1230.0,1230.0,1211.15,1211.16,1211.17,1233.0,,1211.16,,,991,1204029.47,4,F1,1,,,,,
2026-09-01,2026-09-01,CM,NSE,STK,12003,INE906B07EJ8,76NHAI31,,,,,,TAX FREE7.60% SR.IIB,1113.1,1115.0,1110.6,1114.99,1115.0,1111.97,,1114.99,,,800,889858.09,23,F1,1,,,,,
2026-09-01,2026-09-01,CM,NSE,STK,24019,INE0N2D01013,TBI,SM,,,,,TBI CORN LIMITED,71.0,71.0,69.0,69.2,69.2,70.35,,69.2,,,27000,1890780.0,31,F1,600,,,,,
2026-09-01,2026-09-01,CM,NSE,STK,23740,INE673O01025,TBOTEK,EQ,,,,,TBO TEK LIMITED,1750.0,1750.0,1685.0,1722.4,1725.0,1745.1,,1722.4,,,226002,388134358.3,24419,F1,1,,,,,
2026-09-01,2026-09-01,CM,NSE,STK,761814,INE887D01016,TCC,EQ,,,,,TCC CONCEPT LIMITED,228.64,231.0,221.61,227.44,231.0,225.15,,227.45,,,90814,20552688.03,2998,F1,1,,,,,
2026-09-01,2026-09-01,CM,NSE,STK,19223,INE586V01016,TCIEXP,EQ,,,,,TCI EXPRESS LIMITED,543.45,547.05,538.6,541.95,541.5,547.55,,541.95,,,30805,16690251.75,1244,F1,1,,,,,
2026-09-01,2026-09-01,CM,NSE,STK,8722,INE911B01018,TCIFINANCE,BE,,,,,TCIFINANCELTD-ROLL SETT,15.75,15.75,15.03,15.25,15.25,15.25,,15.25,,,16102,247249.34,74,F1,1,,,,,
2026-09-01,2026-09-01,CM,NSE,STK,184,INE822C01015,TCPLPACK,EQ,,,,,TCPL PACKAGING LIMITED,3921.4,3927.5,3851.0,3860.2,3851.0,3908.1,,3860.2,,,2435,9446134.1,594,F1,1,,,,,
2026-09-01,2026-09-01,CM,NSE,STK,25178,INE419M01035,TDPOWERSYS,EQ,,,,,TD POWER SYSTEMS LTD.,778.5,780.9,751.0,758.05,757.0,777.0,,758.04,,,1152758,880737647.4,37991,F1,1,,,,,
2026-09-01,2026-09-01,CM,NSE,STK,10717,INE289C01025,TEAMGTY,EQ,,,,,TEAM INDIA GUARANTY LTD,240.0,244.25,235.0,241.0,241.0,242.06,,241.9,,,172,40676.87,27,F1,1,,,,,
2026-09-01,2026-09-01,CM,NSE,STK,12716,INE985S01024,TEAMLEASE,EQ,,,,,TEAMLEASE SERVICES LTD.,1275.0,1299.0,1252.5,1264.5,1274.8,1283.5,,1264.53,,,9242,11796705.3,2053,F1,1,,,,,
2026-09-01,2026-09-01,CM,NSE,STK,17000,INE065J01024,TPHQ,BE,,,,,TEAMO PRODUCTIONS HQ LTD,0.56,0.57,0.56,0.57,0.57,0.55,,0.58,,,521780,297037.68,185,F1,1,,,,,
2026-09-01,2026-09-01,CM,NSE,STK,763571,INE2OL601013,TEAMTECH,ST,,,,,TEAMTECH FORMWORK SOL LTD,136.8,136.8,136.5,136.5,136.5,141.0,,136.5,,,4000,546600.0,2,F1,2000,,,,,
2026-09-01,2026-09-01,CM,NSE,STK,13538,INE669C01036,TECHM,EQ,,,,,TECH MAHINDRA LIMITED,1630.0,1649.0,1613.7,1638.0,1638.0,1628.0,,1638.0,,,2412137,3948781374.3,76425,F1,1,,,,,
2026-09-01,2026-09-01,CM,NSE,STK,759138,INE0Y5H01014,TECHD,SM,,,,,TECHD CYBERSECURITY LTD,560.0,560.0,540.1,549.0,549.0,547.45,,549.0,,,10800,5922660.0,31,F1,300,,,,,
2026-09-01,2026-09-01,CM,NSE,STK,25652,INE0JQS01019,TECHERA,SM,,,,,TECHERA ENGINEER (IND) L,167.25,171.85,167.25,169.75,169.85,168.9,,169.75,,,24800,4184640.0,31,F1,800,,,,,
2026-09-01,2026-09-01,CM,NSE,STK,6445,INE285K01026,TECHNOE,EQ,,,,,TECHNO ELEC & ENG CO. LTD,982.7,985.0,962.0,976.35,981.8,982.05,,976.3,,,158264,154165735.0,12062,F1,1,,,,,
2026-09-01,2026-09-01,CM,NSE,STK,14223,INE545H01011,TIIL,EQ,,,,,TECHNOCRAFT IND LTD,3282.0,3323.9,3251.0,3267.5,3280.0,3281.5,,3267.3,,,30999,101835224.5,5992,F1,1,,,,,
2026-09-01,2026-09-01,CM,NSE,STK,764532,INE1D0W01018,TECHNOCRAF,EQ,,,,,TECHNOCRAFT VENTURES LTD,371.5,379.8,364.0,374.2,373.8,369.12,,374.19,,,670595,249351343.55,11025,F1,1,,,,,
2026-09-01,2026-09-01,CM,NSE,STK,762939,INE314H01012,TECHNVISN,EQ,,,,,TECHNVISION VENTURES LTD.,5349.0,5399.5,5230.0,5282.0,5318.0,5249.6,,5282.0,,,141,750820.0,75,F1,1,,,,,
2026-09-01,2026-09-01,CM,NSE,STK,3453,INE014B01011,TECILCHEM,EQ,,,,,TECIL CHEMICALS,9.2,10.1,9.2,9.74,9.65,9.43,,9.74,,,11394,112005.69,75,F1,1,,,,,
2026-09-01,2026-09-01,CM,NSE,STK,23530,INE0K6601012,TGL,ST,,,,,TEERTH GOPICON LIMITED,17.9,17.9,16.25,17.9,17.9,17.05,,17.9,,,106800,1895100.0,149,F1,200,,,,,
2026-09-01,2026-09-01,CM,NSE,STK,7105,INE011K01018,TEGA,EQ,,,,,TEGA INDUSTRIES LIMITED,1596.4,1629.7,1563.0,1570.5,1566.1,1586.3,,1570.47,,,184907,295042433.2,12127,F1,1,,,,,
2026-09-01,2026-09-01,CM,NSE,STK,763825,INE0R1301019,TEJA,SM,,,,,TEJA ENGINEERING IND L,209.8,249.0,209.8,234.05,234.5,233.1,,234.05,,,327600,76055280.0,407,F1,600,,,,,
2026-09-01,2026-09-01,CM,NSE,STK,29723,INE17WC01013,TEJASCARGO,SM,,,,,TEJAS CARGO INDIA LIMITED,405.0,405.0,405.0,405.0,405.0,420.0,,405.0,,,400,162000.0,1,F1,400,,,,,
2026-09-01,2026-09-01,CM,NSE,STK,21131,INE010J01012,TEJASNET,EQ,,,,,TEJAS NETWORKS LIMITED,559.75,569.9,536.35,541.9,540.9,559.75,,541.91,,,3552393,1970478175.1,69240,F1,1,,,,,
2026-09-01,2026-09-01,CM,NSE,STK,3275,INE869Y01028,TEMBO,EQ,,,,,TEMBO GLOBAL IND LTD,58.0,58.1,55.8,56.03,56.2,58.05,,56.03,,,1217711,68544241.14,2961,F1,1,,,,,
2026-09-01,2026-09-01,CM,NSE,STK,765426,INE1KZI01025,TEMPSENS,EQ,,,,,TEMPSENS INST (INDIA) LTD,560.2,574.8,534.7,539.05,540.0,563.6,,539.05,,,8343086,4622019535.45,145995,F1,1,,,,,
2026-09-01,2026-09-01,CM,NSE,STK,759880,INE19RI01016,TENNIND,EQ,,,,,TENNECO CLEAN AIR INDIA L,531.9,531.9,519.85,525.2,524.15,529.4,,525.2,,,851042,448829703.3,21491,F1,1,,,,,
2026-09-01,2026-09-01,CM,NSE,STK,19292,INE482B01010,TERASOFT,EQ,,,,,TERA SOFTWARE LIMITED,288.85,296.95,280.0,283.15,280.0,287.2,,283.15,,,15255,4372374.05,707,F1,1,,,,,
2026-09-01,2026-09-01,CM,NSE,STK,764950,INE390D01011,TERAI,EQ,,,,,TERAI TEA CO. LTD.,121.6,138.55,121.6,129.48,134.6,121.6,,129.52,,,1366,183272.92,49,F1,1,,,,,
2026-09-01,2026-09-01,CM,NSE,STK,11549,INE435C01024,TEXINFRA,EQ,,,,,TEXMACO INFRA & HOLDG LTD,111.78,114.0,111.0,113.33,113.6,111.23,,113.33,,,159255,17927661.68,1176,F1,1,,,,,
2026-09-01,2026-09-01,CM,NSE,STK,21828,INE621L01012,TEXRAIL,EQ,,,,,TEXMACO RAIL & ENG. LTD.,108.3,116.9,108.3,113.07,113.6,108.95,,113.09,,,9088639,1037065985.71,58969,F1,1,,,,,
2026-09-01,2026-09-01,CM,NSE,STK,18214,INE141K01013,TEXMOPIPES,EQ,,,,,TEXMO PIPE & PRODUCTS LTD,45.6,46.3,45.21,45.93,46.16,45.6,,45.89,,,18026,826004.91,237,F1,1,,,,,
2026-09-01,2026-09-01,CM,NSE,STK,10744,INE733E07JT8,737NTPC35C,,,,,,TFB 7.37% 2035 SR. 3A,1378.0,1378.0,1378.0,1378.0,1378.0,1229.0,,1378.0,,,35,48230.0,1,F1,1,,,,,
2026-09-01,2026-09-01,CM,NSE,STK,10749,INE733E07JV4,753NTPC30E,NC,,,,,TFB 7.53% 2030 SR. 2B,1135.0,1135.0,1130.11,1130.16,1130.16,1130.05,,1130.16,,,493,558140.5,9,F1,1,,,,,
2026-09-01,2026-09-01,CM,NSE,STK,10751,INE733E07JW2,762NTPC35F,ND,,,,,TFB 7.62% 2035 SR. 3B,1220.1,1229.8,1216.11,1229.8,1229.8,1220.0,,1229.8,,,161,195851.29,20,F1,1,,,,,
2026-09-01,2026-09-01,CM,NSE,STK,14607,INE797H01018,TGBHOTELS,EQ,,,,,TGB BANQUETS&HOTELS LTD,10.0,10.0,9.4,9.77,9.83,9.84,,9.82,,,26795,256307.63,145,F1,1,,,,,
2026-09-01,2026-09-01,CM,NSE,STK,22777,INE0QJL01014,TCL,SM,,,,,THAAI CASTING LIMITED,132.05,132.05,125.25,128.5,127.0,130.5,,128.5,,,27200,3499520.0,31,F1,800,,,,,
2026-09-01,2026-09-01,CM,NSE,STK,762947,INE077P01034,THACKER,BE,,,,,THACKER & CO. LTD.,990.0,1039.0,985.05,1039.0,1039.0,990.0,,1039.0,,,30,30386.6,14,F1,1,,,,,
2026-09-01,2026-09-01,CM,NSE,STK,762949,INE403F01017,THAKDEV,EQ,,,,,THAKKERS DEVELOPERS LTD.,142.0,142.0,142.0,142.0,142.0,149.97,,144.44,,,5,710.0,1,F1,1,,,,,
2026-09-01,2026-09-01,CM,NSE,STK,18118,INE085J01014,THANGAMAYL,EQ,,,,,THANGAMAYIL JEWELLERY LTD,5412.0,5470.0,5270.0,5311.5,5310.5,5412.0,,5311.51,,,72055,384808794.5,14361,F1,1,,,,,
2026-09-01,2026-09-01,CM,NSE,STK,9014,INE294Z01018,ANUP,EQ,,,,,THE ANUP ENGINEERING LTD,1793.5,1823.9,1770.0,1810.2,1810.0,1793.5,,1810.19,,,23575,42380606.0,3403,F1,1,,,,,
2026-09-01,2026-09-01,CM,NSE,STK,7930,INE319B01014,BYKE,BE,,,,,THE BYKE HOSPITALITY LTD,32.27,32.85,31.22,31.87,32.6,32.27,,31.93,,,20972,676453.84,62,F1,1,,,,,
2026-09-01,2026-09-01,CM,NSE,STK,13776,INE017A01032,GESHIP,EQ,,,,,THE GE SHPG.LTD,1304.8,1338.0,1304.8,1325.6,1325.9,1301.8,,1325.59,,,725819,961985018.9,41203,F1,1,,,,,
2026-09-01,2026-09-01,CM,NSE,STK,17770,INE646C01018,GROBTEA,EQ,,,,,THE GROB TEA COMPANY LTD,985.05,1000.0,972.0,975.25,972.0,996.65,,975.25,,,214,210379.25,34,F1,1,,,,,
2026-09-01,2026-09-01,CM,NSE,STK,8568,INE127B01011,HITECHGEAR,BE,,,,,THE HI-TECH GEARS LIMITED,570.0,575.0,560.0,569.25,565.0,563.6,,569.25,,,1078,612979.95,44,F1,1,,,,,
2026-09-01,2026-09-01,CM,NSE,STK,1515,INE383A01012,INDIACEM,EQ,,,,,THE INDIA CEMENTS LIMITED,369.65,369.65,358.4,359.85,360.0,370.65,,359.85,,,184515,66751887.5,12921,F1,1,,,,,
2026-09-01,2026-09-01,CM,NSE,STK,1512,INE053A01029,INDHOTEL,EQ,,,,,THE INDIAN HOTELS CO. LTD,728.15,728.2,710.85,718.0,718.0,737.9,,718.0,,,1129170,807536077.6,29041,F1,1,,,,,
2026-09-01,2026-09-01,CM,NSE,STK,21427,INE924D01017,THEINVEST,EQ,,,,,THE INVEST TRUST OF IND L,95.51,95.51,93.52,94.32,94.46,95.51,,94.5,,,2064,194564.51,68,F1,1,,,,,
2026-09-01,2026-09-01,CM,NSE,STK,399,INE470Y01017,NIACL,EQ,,,,,THE NEW INDIA ASSU CO LTD,192.07,193.15,184.37,185.77,184.8,191.23,,185.78,,,1574693,296964346.56,16073,F1,1,,,,,
2026-09-01,2026-09-01,CM,NSE,STK,10321,INE431F01018,PKTEA,EQ,,,,,THE P K TEA PROD CO LTD,758.0,765.0,735.0,739.5,735.0,746.0,,739.5,,,65,48968.95,13,F1,1,,,,,
2026-09-01,2026-09-01,CM,NSE,STK,14552,INE211B01039,PHOENIXLTD,EQ,,,,,THE PHOENIX MILLS LTD,1880.1,1896.5,1867.7,1892.6,1892.6,1900.0,,1892.57,,,730640,1375508573.8,20104,F1,1,,,,,
2026-09-01,2026-09-01,CM,NSE,STK,2043,INE331A01037,RAMCOCEM,EQ,,,,,THE RAMCO CEMENTS LIMITED,883.0,883.05,869.0,875.35,874.5,879.55,,875.33,,,76541,67012989.4,6933,F1,1,,,,,
2026-09-01,2026-09-01,CM,NSE,STK,10123,INE301D01026,RUBYMILLS,BE,,,,,THE RUBY MILLS LTD,372.0,396.0,372.0,385.8,385.8,384.35,,385.8,,,3917,1510993.25,99,F1,1,,,,,
2026-09-01,2026-09-01,CM,NSE,STK,5948,INE683A01023,SOUTHBANK,EQ,,,,,THE SOUTH INDIAN BANK LTD,45.9,46.25,45.3,45.91,45.92,45.66,,45.91,,,12765987,585121780.51,19187,F1,1,,,,,
2026-09-01,2026-09-01,CM,NSE,STK,10948,INE655A01013,STCINDIA,EQ,,,,,THE STATE TRADING CORPN,116.7,117.57,115.51,115.7,115.76,116.29,,115.72,,,14799,1721944.55,462,F1,1,,,,,
2026-09-01,2026-09-01,CM,NSE,STK,19578,INE071E01023,UGARSUGAR,EQ,,,,,THE UGAR SUGAR WORKS LTD,55.99,55.99,52.5,53.15,53.03,55.59,,53.15,,,282554,15236114.94,2578,F1,1,,,,,
2026-09-01,2026-09-01,CM,NSE,STK,20481,INE215F01023,WIPL,EQ,,,,,THE WESTERN INDIA PLY LTD,164.1,169.2,162.05,162.05,162.05,164.0,,162.05,,,363,59627.29,23,F1,1,,,,,
2026-09-01,2026-09-01,CM,NSE,STK,19279,INE121N01019,THEJO,EQ,,,,,THEJO ENGINEERING LIMITED,2066.2,2093.0,2060.1,2075.4,2093.0,2076.6,,2075.4,,,3226,6700413.5,411,F1,1,,,,,
2026-09-01,2026-09-01,CM,NSE,STK,14485,INE083B01024,THEMISMED,EQ,,,,,THEMIS MEDICARE LTD.,125.18,128.41,122.0,123.57,124.47,124.76,,123.58,,,159524,20010329.26,2778,F1,1,,,,,
2026-09-01,2026-09-01,CM,NSE,STK,3475,INE152A01029,THERMAX,EQ,,,,,THERMAX LTD,3938.0,3971.6,3876.1,3913.2,3906.0,3901.6,,3913.43,,,78425,306811131.6,17383,F1,1,,,,,
2026-09-01,2026-09-01,CM,NSE,STK,3496,INE338A01024,TIRUMALCHM,EQ,,,,,THIRUMALAI CHEMICALS LTD,161.34,163.0,157.87,159.38,158.5,160.06,,159.39,,,381219,60997137.23,5672,F1,1,,,,,
2026-09-01,2026-09-01,CM,NSE,STK,3481,INE332A01027,THOMASCOOK,EQ,,,,,THOMAS COOK (INDIA) LTD,107.92,108.01,105.02,105.71,105.56,107.92,,105.7,,,622494,66091420.99,8334,F1,1,,,,,
2026-09-01,2026-09-01,CM,NSE,STK,31017,INE480M01011,THOMASCOTT,EQ,,,,,THOMAS SCOTT (INDIA) LTD,270.3,275.95,256.05,261.8,263.9,271.4,,261.82,,,40670,10785942.1,1667,F1,1,,,,,
2026-09-01,2026-09-01,CM,NSE,STK,17032,INE594H01019,THYROCARE,EQ,,,,,THYROCARE TECH LTD,606.65,613.0,587.4,590.55,591.0,604.5,,590.55,,,260662,154523843.2,14718,F1,1,,,,,
2026-09-01,2026-09-01,CM,NSE,STK,759176,INE906O01029,TIGERLOGS,EQ,,,,,TIGER LOGISTICS (INDIA) L,28.43,28.89,27.62,28.15,28.06,28.26,,28.15,,,52124,1470736.59,339,F1,1,,,,,
2026-09-01,2026-09-01,CM,NSE,STK,25482,INE440L01017,TIJARIA,EQ,,,,,TIJARIA POLYPIPES LTD,6.27,7.2,5.85,6.73,7.1,6.21,,6.69,,,171227,1108554.21,442,F1,1,,,,,
2026-09-01,2026-09-01,CM,NSE,STK,9802,INE806C01018,TIL,BE,,,,,TIL LTD,232.1,240.0,230.0,230.67,230.11,234.8,,230.71,,,71255,16605936.24,404,F1,1,,,,,
2026-09-01,2026-09-01,CM,NSE,STK,19196,INE133E01013,TI,EQ,,,,,TILAKNAGAR INDUSTRIES LTD,560.0,561.7,540.3,545.7,546.95,561.05,,545.73,,,439735,241447307.05,14364,F1,1,,,,,
2026-09-01,2026-09-01,CM,NSE,STK,14707,INE508G01029,TIMETECHNO,EQ,,,,,TIME TECHNOPLAST LTD.,190.05,195.3,189.1,190.53,191.51,187.19,,190.54,,,5733697,1102051975.49,41673,F1,1,,,,,
2026-09-01,2026-09-01,CM,NSE,STK,762954,INE064A01026,TIMEX,EQ,,,,,TIMEX GROUP INDIA LTD.,683.05,685.75,639.25,647.45,649.2,679.45,,647.42,,,373200,245288015.65,22883,F1,1,,,,,
2026-09-01,2026-09-01,CM,NSE,STK,14198,INE325A01013,TIMKEN,EQ,,,,,TIMKEN INDIA LTD.,3129.0,3218.6,3129.0,3209.6,3181.5,3149.6,,3209.45,,,36145,115065799.5,11439,F1,1,,,,,
2026-09-01,2026-09-01,CM,NSE,STK,756020,INE015C01016,TINNARUBR,EQ,,,,,TINNA RUBBER AND INFR LTD,997.1,1048.4,985.0,1020.2,1020.0,997.1,,1020.24,,,59566,60494421.1,4462,F1,1,,,,,
2026-09-01,2026-09-01,CM,NSE,STK,11374,INE0LQS01015,TIPSFILMS,EQ,,,,,TIPS FILMS LIMITED,343.5,343.5,331.0,333.45,334.2,335.55,,333.52,,,1088,366538.05,147,F1,1,,,,,
2026-09-01,2026-09-01,CM,NSE,STK,9117,INE716B01029,TIPSMUSIC,EQ,,,,,TIPS MUSIC LIMITED,647.6,652.6,639.1,643.5,641.85,643.85,,643.5,,,177139,114428268.1,13555,F1,1,,,,,
2026-09-01,2026-09-01,CM,NSE,STK,22284,INE319Y01024,TIRUPATIFL,BE,,,,,TIRUPATI FORGE LIMITED,68.0,70.5,66.01,68.13,68.05,68.99,,68.13,,,171058,11608074.74,857,F1,1,,,,,
2026-09-01,2026-09-01,CM,NSE,STK,15414,INE615H01020,TITAGARH,EQ,,,,,TITAGARH RAIL SYSTEMS LTD,818.0,852.15,816.05,833.95,836.4,818.1,,833.98,,,585587,490639180.95,25218,F1,1,,,,,
2026-09-01,2026-09-01,CM,NSE,STK,3506,INE280A01028,TITAN,EQ,,,,,TITAN COMPANY LIMITED,5104.0,5126.5,5010.5,5050.0,5050.0,5102.4,,5049.92,,,466855,2355404995.0,45704,F1,1,,,,,
2026-09-01,2026-09-01,CM,NSE,STK,3837,INE932C01012,TOKYOPLAST,EQ,,,,,TOKYO PLAST INTL LTD,78.5,79.49,76.05,77.9,78.0,77.09,,77.9,,,601,46846.81,16,F1,1,,,,,
2026-09-01,2026-09-01,CM,NSE,STK,25262,INE0RWQ01014,TOLINS,EQ,,,,,TOLINS TYRES LIMITED,94.59,94.9,93.0,93.67,93.2,94.59,,93.68,,,36149,3389031.49,1072,F1,1,,,,,
2026-09-01,2026-09-01,CM,NSE,STK,3518,INE685A01028,TORNTPHARM,EQ,,,,,TORRENT PHARMACEUTICALS L,4973.5,4987.5,4919.5,4965.5,4965.5,5066.0,,4965.47,,,204694,1013520367.5,24298,F1,1,,,,,
2026-09-01,2026-09-01,CM,NSE,STK,13786,INE813H01021,TORNTPOWER,EQ,,,,,TORRENT POWER LTD,1215.1,1223.0,1199.0,1219.3,1220.0,1215.1,,1219.31,,,223287,270031415.7,27292,F1,1,,,,,
2026-09-01,2026-09-01,CM,NSE,STK,22423,INE336X01012,TOTAL,EQ,,,,,TOTAL TRANSPORT SYS LTD,70.0,70.0,66.01,66.7,66.76,68.64,,66.7,,,4361,294632.74,98,F1,1,,,,,
2026-09-01,2026-09-01,CM,NSE,STK,16908,INE486Y01013,TOUCHWOOD,EQ,,,,,TOUCHWOOD ENTERTAIN LTD.,59.16,59.98,58.1,59.79,59.79,59.13,,59.79,,,558,32948.6,34,F1,1,,,,,
2026-09-01,2026-09-01,CM,NSE,STK,3466,INE305A01023,TFCILTD,EQ,,,,,TOURISM FINANCE CORP. OF,140.18,141.94,137.05,141.07,141.79,139.92,,141.06,,,8715631,1219701869.76,26239,F1,1,,,,,
2026-09-01,2026-09-01,CM,NSE,STK,765195,INE457P01020,TOYAMSL,EQ,,,,,TOYAM SPORTS LTD.,0.64,0.64,0.62,0.62,0.63,0.63,,0.63,,,238440,149761.91,158,F1,1,,,,,
2026-09-01,2026-09-01,CM,NSE,STK,9219,INE413G01022,TPLPLASTEH,EQ,,,,,TPL PLASTECH LIMITED,72.0,74.06,70.91,72.07,71.81,71.5,,72.05,,,132487,9564843.38,1244,F1,1,,,,,
2026-09-01,2026-09-01,CM,NSE,STK,11582,INE0HMF01019,TRACXN,EQ,,,,,TRACXN TECHNOLOGIES LTD,30.0,30.07,30.0,30.03,30.07,30.14,,30.03,,,81017,2432660.28,342,F1,1,,,,,
2026-09-01,2026-09-01,CM,NSE,STK,15174,INE763I01026,TARIL,EQ,,,,,TRANS & RECTI. LTD,312.2,314.05,305.45,308.9,308.95,313.8,,308.91,,,1323545,409711579.55,22296,F1,1,,,,,
2026-09-01,2026-09-01,CM,NSE,STK,765200,INE330E01023,TRANSCOR,EQ,,,,,TRANSCORP INTERNATIONAL L,26.0,26.14,24.51,25.49,25.49,26.14,,25.49,,,2957,75794.94,31,F1,1,,,,,
2026-09-01,2026-09-01,CM,NSE,STK,17795,INE0O3901029,TREL,EQ,,,,,TRANSINDIA REAL ESTATE L,26.31,27.9,26.31,27.15,27.2,26.93,,27.15,,,120235,3283932.91,3855,F1,1,,,,,
2026-09-01,2026-09-01,CM,NSE,STK,7669,INE687A01016,TRANSPEK,BE,,,,,TRANSPEK INDUSTRIES LTD,1475.0,1475.0,1400.0,1422.8,1421.0,1438.8,,1421.72,,,2078,2961489.7,115,F1,1,,,,,
2026-09-01,2026-09-01,CM,NSE,STK,10580,INE688A01022,TCI,EQ,,,,,TRANSPORT CORPN OF INDIA,874.45,895.0,866.55,883.25,895.0,868.0,,883.24,,,16245,14254634.1,3038,F1,1,,,,,
2026-09-01,2026-09-01,CM,NSE,STK,28714,INE454P01035,TRANSRAILL,EQ,,,,,TRANSRAIL LIGHTING LTD,440.0,448.0,432.3,433.45,433.85,437.9,,433.44,,,443956,194672430.5,12653,F1,1,,,,,
2026-09-01,2026-09-01,CM,NSE,STK,19801,INE0NVI01020,TRANSTEEL,SM,,,,,TRANSTEEL SEATING TECH L,74.0,77.4,71.15,73.5,73.5,74.95,,73.5,,,945000,70333450.0,478,F1,1000,,,,,
2026-09-01,2026-09-01,CM,NSE,STK,14319,INE804H01012,TFL,EQ,,,,,TRANSWARRANTY FIN. LTD.,11.91,12.95,11.6,11.65,11.6,11.93,,11.69,,,4642,55344.09,115,F1,1,,,,,
2026-09-01,2026-09-01,CM,NSE,STK,8619,INE757B01015,TRANSWORLD,BE,,,,,TRANSWORLD SHIP LINES LTD,172.5,173.0,169.74,169.74,169.74,173.2,,170.12,,,24540,4206314.44,63,F1,1,,,,,
2026-09-01,2026-09-01,CM,NSE,STK,757545,INE103V01028,TRAVELFOOD,EQ,,,,,TRAVEL FOOD SERVICES LTD,1299.6,1311.0,1263.0,1270.5,1272.5,1299.6,,1270.86,,,36333,46492430.9,5001,F1,1,,,,,
2026-09-01,2026-09-01,CM,NSE,STK,25082,INE040M01013,TREEHOUSE,EQ,,,,,TREE HOUSE EDU LTD,6.38,6.38,6.25,6.35,6.35,6.25,,6.35,,,13337,83532.85,38,F1,1,,,,,
2026-09-01,2026-09-01,CM,NSE,STK,7518,INE00CA01015,TREJHARA,EQ,,,,,TREJHARA SOLUTIONS LTD,149.48,150.02,142.01,144.98,145.4,146.75,,144.94,,,15504,2278940.31,623,F1,1,,,,,
2026-09-01,2026-09-01,CM,NSE,STK,1964,INE849A01020,TRENT,EQ,,,,,TRENT LTD,2880.0,2911.9,2855.0,2855.0,2855.0,2879.9,,2854.96,,,652244,1873369582.9,41246,F1,1,,,,,
2026-09-01,2026-09-01,CM,NSE,STK,17987,INE391D01019,TRF,EQ,,,,,TRF LIMITED,227.56,227.56,221.23,224.18,223.99,227.55,,224.22,,,10501,2359688.9,844,F1,1,,,,,
2026-09-01,2026-09-01,CM,NSE,STK,27037,INE760L01018,TBZ,EQ,,,,,TRIB BHIMJI ZAVERI LTD,315.0,366.8,313.1,366.8,366.8,305.7,,366.78,,,14134183,4977768882.4,101125,F1,1,,,,,
2026-09-01,2026-09-01,CM,NSE,STK,9685,INE064C01022,TRIDENT,EQ,,,,,TRIDENT LIMITED,24.18,24.4,24.05,24.14,24.05,24.18,,24.14,,,2210879,53437445.97,9150,F1,1,,,,,
2026-09-01,2026-09-01,CM,NSE,STK,21078,INE0QD201012,TECHLABS,SM,,,,,TRIDENT TECHLABS LIMITED,119.35,119.35,113.0,114.95,117.8,116.4,,114.95,,,6750,777681.25,41,F1,125,,,,,
2026-09-01,2026-09-01,CM,NSE,STK,17215,INE0LWY01029,TRIDHYA,ST,,,,,TRIDHYA TECH LIMITED,7.9,7.9,7.9,7.9,7.9,8.3,,7.9,,,9000,71100.0,3,F1,3000,,,,,
2026-09-01,2026-09-01,CM,NSE,STK,5428,INE948A01012,TRIGYN,EQ,,,,,TRIGYN TECHNOLOGIES LTD,60.0,62.18,60.0,61.45,61.75,60.76,,61.41,,,42098,2578037.85,942,F1,1,,,,,
2026-09-01,2026-09-01,CM,NSE,STK,764960,INE440G01017,TRITONV,EQ,,,,,TRITON VALVES LTD.,1149.6,1150.0,1125.1,1138.9,1125.1,1139.9,,1139.04,,,1127,1287105.5,163,F1,1,,,,,
2026-09-01,2026-09-01,CM,NSE,STK,13081,INE256C01024,TRIVENI,EQ,,,,,TRIVENI ENGG. & INDS. LTD,295.0,295.35,275.9,277.95,278.8,295.64,,277.96,,,713346,201789600.4,12697,F1,1,,,,,
2026-09-01,2026-09-01,CM,NSE,STK,25584,INE152M01016,TRITURBINE,EQ,,,,,TRIVENI TURBINE LIMITED,581.15,587.9,574.05,578.5,578.5,578.15,,578.48,,,259156,150220021.65,29936,F1,1,,,,,
2026-09-01,2026-09-01,CM,NSE,STK,24642,INE0SYV01018,TROM,SM,,,,,TROM INDUSTRIES LIMITED,53.0,56.85,53.0,56.85,56.85,52.4,,56.85,,,5400,291630.0,7,F1,600,,,,,
2026-09-01,2026-09-01,CM,NSE,STK,759210,INE0MWH01014,TRUALT,EQ,,,,,TRUALT BIOENERGY LIMITED,429.95,433.35,420.5,428.15,433.35,429.6,,428.16,,,80033,34154937.3,3189,F1,1,,,,,
2026-09-01,2026-09-01,CM,NSE,STK,9378,INE615R01029,TRU,EQ,,,,,TRUCAP FINANCE LIMITED,4.06,4.17,3.9,4.05,4.09,4.05,,4.04,,,223030,896610.42,917,F1,1,,,,,
2026-09-01,2026-09-01,CM,NSE,STK,23417,INE0SWN01019,TRUST,SM,,,,,TRUST FINTECH LIMITED,36.25,36.75,32.5,32.65,32.5,34.25,,32.65,,,90000,3003840.0,71,F1,600,,,,,
2026-09-01,2026-09-01,CM,NSE,STK,757861,INE16VK01010,TSC,ST,,,,,TSC INDIA LIMITED,43.0,43.0,43.0,43.0,43.0,43.45,,43.0,,,30000,1290000.0,9,F1,2000,,,,,
2026-09-01,2026-09-01,CM,NSE,STK,2183,INE202Z01029,TSFINV,EQ,,,,,TSF INVESTMENTS LIMITED,400.55,405.4,397.2,403.1,404.5,401.2,,403.1,,,38217,15367663.6,2747,F1,1,,,,,
2026-09-01,2026-09-01,CM,NSE,STK,27448,INE1C3207065,935TSI30,N0,,,,,TSI 9.35% 30 SR I-D,104651.01,104651.01,104651.01,104651.01,104651.01,105745.14,,104651.01,,,2,209302.02,1,F1,1,,,,,
2026-09-01,2026-09-01,CM,NSE,STK,27421,INE1C3207081,935TSIIC28,N0,,,,,TSIIC 9.35% 2028 SR I- B,103799.0,103799.0,103799.0,103799.0,103799.0,103790.0,,103799.0,,,1,103799.0,1,F1,1,,,,,
2026-09-01,2026-09-01,CM,NSE,STK,11369,INE910C01018,TTKHLTCARE,EQ,,,,,TTK HEALTHCARE LIMITED,1160.1,1190.9,1116.1,1128.7,1134.9,1159.7,,1128.73,,,44525,50933957.9,5155,F1,1,,,,,
2026-09-01,2026-09-01,CM,NSE,STK,3546,INE690A01028,TTKPRESTIG,EQ,,,,,TTK PRESTIGE LTD,583.8,587.0,575.0,579.75,581.75,583.8,,579.75,,,27738,16147610.05,2592,F1,1,,,,,
2026-09-01,2026-09-01,CM,NSE,STK,312,INE974X01010,TIINDIA,EQ,,,,,TUBE INVEST OF INDIA LTD,2794.9,2794.9,2743.5,2763.2,2763.2,2780.0,,2763.21,,,96404,266406629.0,17229,F1,1,,,,,
2026-09-01,2026-09-01,CM,NSE,STK,24520,INE0OXV01027,TUNWAL,SM,,,,,TUNWAL E-MOTORS LIMITED,25.5,25.5,25.1,25.15,25.3,25.5,,25.15,,,30000,758200.0,15,F1,2000,,,,,
2026-09-01,2026-09-01,CM,NSE,STK,756090,INE0OC301013,TURTLEMINT,EQ,,,,,TURTLEMINT FINTECH SOLS L,145.75,150.05,139.1,148.81,149.25,144.12,,148.7,,,1557779,225799651.37,24196,F1,1,,,,,
2026-09-01,2026-09-01,CM,NSE,STK,765205,INE400A01014,TUTIALKA,EQ,,,,,TUTICORIN ALKAL CH & FE L,58.56,61.49,58.49,59.2,59.0,58.68,,59.29,,,16522,1000778.33,187,F1,1,,,,,
2026-09-01,2026-09-01,CM,NSE,STK,11275,INE038F01029,TVTODAY,EQ,,,,,TV TODAY NETWORK LTD,112.01,114.79,110.0,111.46,112.0,114.16,,111.46,,,26044,2913474.12,861,F1,1,,,,,
2026-09-01,2026-09-01,CM,NSE,STK,18508,INE871L01013,TVVISION,BE,,,,,TV VISION LIMITED,3.69,3.69,3.48,3.48,3.52,3.66,,3.48,,,34118,120055.22,96,F1,1,,,,,
2026-09-01,2026-09-01,CM,NSE,STK,11265,INE236G01019,TVSELECT,EQ,,,,,TVS ELECTRONICS LTD,427.65,435.0,420.25,422.8,422.8,428.35,,422.84,,,23430,9962176.5,1379,F1,1,,,,,
2026-09-01,2026-09-01,CM,NSE,STK,29008,INE105A01035,TVSHLTD,EQ,,,,,TVS HOLDINGS LIMITED,13340.0,13340.0,13101.0,13258.0,13280.0,13233.0,,13257.98,,,4052,53638131.0,1614,F1,1,,,,,
2026-09-01,2026-09-01,CM,NSE,STK,8479,INE494B01023,TVSMOTOR,EQ,,,,,TVS MOTOR COMPANY  LTD,4341.3,4409.0,4122.0,4203.0,4203.0,4341.3,,4203.0,,,1908970,8114421642.4,103785,F1,1,,,,,
2026-09-01,2026-09-01,CM,NSE,STK,14245,INE421C01016,TVSSRICHAK,EQ,,,,,TVS SRICHAKRA LIMITED,5486.0,5760.0,5436.5,5525.5,5521.0,5519.6,,5525.64,,,56740,319799727.0,11877,F1,1,,,,,
2026-09-01,2026-09-01,CM,NSE,STK,18151,INE395N01027,TVSSCS,EQ,,,,,TVS SUPPLY CHAIN SOL L,127.63,128.45,124.3,124.99,124.68,127.09,,124.99,,,722014,91078815.81,8729,F1,1,,,,,
2026-09-01,2026-09-01,CM,NSE,STK,19503,INE388G01026,TICL,BE,,,,,TWAMEV CONS AND INFRA LTD,8.65,8.74,8.22,8.39,8.28,8.65,,8.39,,,130954,1087598.77,308,F1,1,,,,,
2026-09-01,2026-09-01,CM,NSE,STK,25629,INE152C01025,UYFINCORP,BE,,,,,U. Y. FINCORP LIMITED,19.52,20.19,19.52,19.84,19.9,19.52,,19.87,,,32127,633907.42,184,F1,1,,,,,
2026-09-01,2026-09-01,CM,NSE,STK,7739,INE139B01016,UCAL,BE,,,,,UCAL LIMITED,149.4,153.8,142.4,146.87,148.0,149.89,,146.87,,,33478,4926473.0,243,F1,1,,,,,
2026-09-01,2026-09-01,CM,NSE,STK,756004,INE583D07596,1050UCL28,NH,,,,,UCL 10.50% SR V,1013.0,1013.0,1013.0,1013.0,1013.0,1013.0,,1013.0,,,452,457876.0,19,F1,1,,,,,
2026-09-01,2026-09-01,CM,NSE,STK,11223,INE691A01018,UCOBANK,EQ,,,,,UCO BANK,25.0,25.12,24.51,24.59,24.61,24.89,,24.59,,,3061545,75856439.93,10871,F1,1,,,,,
2026-09-01,2026-09-01,CM,NSE,STK,764965,INE551B01012,UDAYJEW,EQ,,,,,UDAY JEWELLERY INDS. LTD.,144.8,144.8,137.2,137.78,137.2,137.2,,137.29,,,1859,257567.97,64,F1,1,,,,,
2026-09-01,2026-09-01,CM,NSE,STK,14871,INE0N0Y01013,USK,EQ,,,,,UDAYSHIVAKUMAR INFRA LTD,21.16,21.49,20.6,20.88,20.88,21.16,,20.88,,,13755,288532.93,193,F1,1,,,,,
2026-09-01,2026-09-01,CM,NSE,STK,1053,INE516A01017,UFLEX,EQ,,,,,UFLEX LIMITED,653.0,659.35,632.85,645.05,644.0,649.1,,645.06,,,191079,124160629.6,7422,F1,1,,,,,
2026-09-01,2026-09-01,CM,NSE,STK,9039,INE527H01019,UFO,EQ,,,,,UFO MOVIEZ INDIA LTD.,65.91,66.35,64.5,64.87,65.2,66.35,,64.87,,,18235,1188257.68,318,F1,1,,,,,
2026-09-01,2026-09-01,CM,NSE,STK,5313,INE583D01011,UGROCAP,EQ,,,,,UGRO CAPITAL LIMITED,86.78,87.25,84.28,84.92,84.81,87.06,,84.92,,,237009,20370437.17,2678,F1,1,,,,,
2026-09-01,2026-09-01,CM,NSE,STK,23507,INE899L01030,UEL,EQ,,,,,UJAAS ENERGY LIMITED,208.72,208.72,208.72,208.72,208.72,198.79,,210.17,,,4228,882468.16,60,F1,1,,,,,
2026-09-01,2026-09-01,CM,NSE,STK,15228,INE551W01018,UJJIVANSFB,EQ,,,,,UJJIVAN SMALL FINANC BANK,69.4,69.41,64.96,65.36,65.37,69.11,,65.36,,,18034062,1198780059.8,58701,F1,1,,,,,
2026-09-01,2026-09-01,CM,NSE,STK,5945,INE00F301010,UWCSL,SM,,,,,ULTRA WIRING CONN SYS LTD,105.0,105.0,105.0,105.0,105.0,100.8,,105.0,,,1000,105000.0,1,F1,1000,,,,,
2026-09-01,2026-09-01,CM,NSE,STK,762961,INE405A01021,ULTRAMAR,EQ,,,,,ULTRAMARINE & PIGMENTS L,445.0,445.0,423.8,428.1,426.5,442.85,,428.03,,,76866,33229273.75,2881,F1,1,,,,,
2026-09-01,2026-09-01,CM,NSE,STK,11532,INE481G01011,ULTRACEMCO,EQ,,,,,ULTRATECH CEMENT LIMITED,11450.0,11550.0,11390.0,11400.0,11400.0,11450.0,,11399.99,,,168152,1928449612.0,19809,F1,1,,,,,
2026-09-01,2026-09-01,CM,NSE,STK,13349,INE067901012,UMA,SM,,,,,UMA CONVERTER LIMITED,18.0,18.15,18.0,18.15,18.15,18.55,,18.15,,,8000,144600.0,2,F1,4000,,,,,
2026-09-01,2026-09-01,CM,NSE,STK,8845,INE0GIU01018,UMAEXPORTS,BE,,,,,UMA EXPORTS LIMITED,25.6,25.6,25.44,25.44,25.44,25.95,,25.94,,,8455,215683.56,51,F1,1,,,,,
2026-09-01,2026-09-01,CM,NSE,STK,8998,INE398B01018,UMIYA-MRO,EQ,,,,,UMIYA BUILDCON LIMITED,99.0,100.0,94.05,98.88,99.0,96.14,,98.88,,,56621,5541926.97,476,F1,1,,,,,
2026-09-01,2026-09-01,CM,NSE,STK,3579,INE351A01035,UNICHEMLAB,EQ,,,,,UNICHEM LABORATORIES LTD,558.0,573.2,549.45,556.35,554.4,556.55,,556.38,,,192598,107667682.85,9080,F1,1,,,,,
2026-09-01,2026-09-01,CM,NSE,STK,24809,INE00U401027,UNIECOM,EQ,,,,,UNICOMMERCE ESOLUTIONS L,89.37,89.94,87.24,87.71,87.52,89.36,,87.73,,,273681,24204920.5,3015,F1,1,,,,,
2026-09-01,2026-09-01,CM,NSE,STK,18582,INE0PRF01011,UNIHEALTH,SM,,,,,UNIHEALTH HOSPITALS LTD,719.0,729.95,706.0,720.0,720.0,724.95,,720.0,,,7000,5052850.0,12,F1,500,,,,,
2026-09-01,2026-09-01,CM,NSE,STK,7791,INE481Z01011,UNIINFO,EQ,,,,,UNIINFO TELECOM SERVI LTD,11.42,11.42,11.37,11.38,11.38,11.18,,11.38,,,133,1513.55,11,F1,1,,,,,
2026-09-01,2026-09-01,CM,NSE,STK,28960,INE0U3I01011,UNIMECH,EQ,,,,,UNIMECH AEROSPACE N MFG L,1497.4,1499.9,1464.3,1475.1,1475.0,1490.0,,1474.99,,,97827,144833855.7,8373,F1,1,,,,,
2026-09-01,2026-09-01,CM,NSE,STK,10753,INE692A01016,UNIONBANK,EQ,,,,,UNION BANK OF INDIA,185.0,186.32,183.26,184.9,184.9,188.63,,184.9,,,7002385,1292731268.21,32624,F1,1,,,,,
2026-09-01,2026-09-01,CM,NSE,STK,29687,INF582M01KS4,UNIONGOLD,EQ,,,,,UNIONAMC - UNIONGOLD,154.35,154.35,147.75,148.45,148.5,150.6,,148.45,,,52992,7981612.75,123,F1,1,,,,,
2026-09-01,2026-09-01,CM,NSE,STK,13057,INE244O01017,UNIPARTS,EQ,,,,,UNIPARTS INDIA LIMITED,897.8,915.95,878.15,901.15,904.5,893.45,,901.16,,,309191,277336848.3,18280,F1,1,,,,,
2026-09-01,2026-09-01,CM,NSE,STK,11293,INE037A01022,UNIENTER,EQ,,,,,UNIPHOS ENTERPRISES LTD,94.0,95.97,93.27,95.39,95.39,93.51,,95.39,,,3832,361089.81,97,F1,1,,,,,
2026-09-01,2026-09-01,CM,NSE,STK,3594,INE694A01020,UNITECH,EQ,,,,,UNITECH LTD,3.81,3.83,3.75,3.78,3.81,3.81,,3.78,,,3375328,12807770.84,1970,F1,1,,,,,
2026-09-01,2026-09-01,CM,NSE,STK,16713,INE686F01025,UBL,EQ,,,,,UNITED BREWERIES LTD,1305.0,1322.9,1298.0,1308.9,1320.7,1308.5,,1308.94,,,64290,84149883.0,7705,F1,1,,,,,
2026-09-01,2026-09-01,CM,NSE,STK,204,INE961D01019,UNIDT,BE,,,,,UNITED DRILLING TOOLS LTD,218.75,223.99,211.0,222.2,223.0,215.51,,221.78,,,6491,1438233.78,208,F1,1,,,,,
2026-09-01,2026-09-01,CM,NSE,STK,3133,INE382M01027,UFBL,BE,,,,,UNITED FOODBRANDS LIMITED,724.7,724.7,691.25,693.0,691.45,727.6,,692.92,,,61730,42972161.0,1211,F1,1,,,,,
2026-09-01,2026-09-01,CM,NSE,STK,25938,INE0SMR01011,UHTL,ST,,,,,UNITED HEAT TRANSFER LTD,149.35,149.35,149.35,149.35,149.35,146.45,,149.35,,,22000,3285700.0,10,F1,2000,,,,,
2026-09-01,2026-09-01,CM,NSE,STK,17999,INE458F01011,UNITEDTEA,EQ,,,,,UNITED NILGIRI TEA LTD,444.3,454.3,444.3,447.5,447.5,452.25,,447.5,,,1810,809867.55,82,F1,1,,,,,
2026-09-01,2026-09-01,CM,NSE,STK,7560,INE368U01029,UNITEDPOLY,EQ,,,,,UNITED POLYFAB GUJ. LTD.,38.98,38.99,35.65,36.91,37.3,37.59,,36.91,,,24788,924494.58,405,F1,1,,,,,
2026-09-01,2026-09-01,CM,NSE,STK,10447,INE854D01024,UNITDSPR,EQ,,,,,UNITED SPIRITS LIMITED,1490.1,1498.9,1459.0,1470.0,1470.0,1490.0,,1470.0,,,392270,579910406.8,29571,F1,1,,,,,
2026-09-01,2026-09-01,CM,NSE,STK,18979,INE562X01013,UNIVASTU,BE,,,,,UNIVASTU INDIA LIMITED,152.5,157.0,149.39,153.06,153.9,157.25,,153.06,,,105360,16035191.94,702,F1,1,,,,,
2026-09-01,2026-09-01,CM,NSE,STK,3607,INE279A01012,UNIVCABLES,EQ,,,,,UNIVERSAL CABLES LTD,1640.0,1695.0,1615.0,1644.6,1648.4,1648.2,,1644.45,,,123506,204551231.0,14232,F1,1,,,,,
2026-09-01,2026-09-01,CM,NSE,STK,17661,INE03V001013,UNIVPHOTO,BE,,,,,UNIVERSUS IMAGINGS LTD,438.0,444.6,438.0,444.6,444.6,449.1,,444.6,,,37,16391.0,3,F1,1,,,,,
2026-09-01,2026-09-01,CM,NSE,STK,14154,INE405E01023,UNOMINDA,EQ,,,,,UNO MINDA LIMITED,1279.9,1307.5,1261.5,1274.4,1274.4,1276.0,,1274.27,,,1489864,1910209578.7,41583,F1,1,,,,,
2026-09-01,2026-09-01,CM,NSE,STK,18636,INE148I08256,915SCL26,NE,,,,,UNS RED NCD 9.15% SR.IX,1073.51,1073.72,1073.01,1073.22,1073.22,1084.0,,1073.22,,,30,32199.55,4,F1,1,,,,,
2026-09-01,2026-09-01,CM,NSE,STK,2883,INE530B08110,IIFLZC28,NG,,,,,UNSE RE NCD 0% SR.III,1650.0,1650.0,1650.0,1650.0,1650.0,1678.37,,1650.0,,,15,24750.0,1,F1,1,,,,,
2026-09-01,2026-09-01,CM,NSE,STK,2877,INE530B08102,96IIFL28A,NF,,,,,UNSE RE NCD 9.6% SR.II,1003.53,1004.22,1003.01,1003.1,1003.1,1003.59,,1003.1,,,2030,2037225.36,23,F1,1,,,,,
2026-09-01,2026-09-01,CM,NSE,STK,5217,INE477L08162,IIFLZC28C,N6,,,,,UNSEC RE NCD 0% SR.III,1585.0,1585.0,1585.0,1585.0,1585.0,1595.8,,1585.0,,,50,79250.0,1,F1,1,,,,,
2026-09-01,2026-09-01,CM,NSE,STK,5214,INE477L08154,96IIFL28,N5,,,,,UNSEC RE NCD 9.60% SR.II,1001.22,1003.5,1001.22,1003.08,1003.1,1002.0,,1003.32,,,1070,1072794.99,13,F1,1,,,,,
2026-09-01,2026-09-01,CM,NSE,STK,19045,INE866I08279,10IIFL29,N6,,,,,UNSEC RED NCD 10.0% SR. V,1025.0,1025.0,1015.0,1015.0,1015.0,1025.0,,1015.0,,,79,80485.0,2,F1,1,,,,,
2026-09-01,2026-09-01,CM,NSE,STK,19047,INE866I08295,105IIFL29,N7,,,,,UNSEC RED NCD 10.5% SR.VI,1070.0,1070.0,1070.0,1070.0,1070.0,1070.0,,1070.0,,,2,2140.0,1,F1,1,,,,,
2026-09-01,2026-09-01,CM,NSE,STK,19113,INE851I01011,UDS,EQ,,,,,UPDATER SERVICES LIMITED,223.0,229.48,222.41,227.12,224.5,224.73,,227.12,,,701552,158749962.17,8888,F1,1,,,,,
2026-09-01,2026-09-01,CM,NSE,STK,11287,INE628A01036,UPL,EQ,,,,,UPL LIMITED,567.65,568.7,560.9,567.1,567.1,562.25,,567.1,,,4060300,2295871281.5,17401,F1,1,,,,,
2026-09-01,2026-09-01,CM,NSE,STK,10610,INE0CBM01019,USASEEDS,SM,,,,,UPSURGE SEEDS OF AGRI LTD,92.6,98.35,92.6,98.35,98.35,96.0,,98.35,,,856,81726.6,2,F1,428,,,,,
2026-09-01,2026-09-01,CM,NSE,STK,17081,INE568Z01015,URAVIDEF,BE,,,,,URAVI DEFENCE &TECH LTD,118.97,118.97,115.58,118.97,118.97,113.31,,119.05,,,9773,1161923.1,120,F1,1,,,,,
2026-09-01,2026-09-01,CM,NSE,STK,759084,INE0CAZ01013,URBANCO,EQ,,,,,URBAN COMPANY LIMITED,167.0,172.0,164.06,167.63,168.0,167.11,,167.63,,,9793184,1652089151.48,51546,F1,1,,,,,
2026-09-01,2026-09-01,CM,NSE,STK,16888,INE0O0201019,URBAN,SM,,,,,URBAN ENVIRO WASTE MGMT L,123.9,126.6,120.0,121.6,121.1,120.35,,121.6,,,27200,3339120.0,30,F1,800,,,,,
2026-09-01,2026-09-01,CM,NSE,STK,20203,INE550C01020,URJA,EQ,,,,,URJA GLOBAL LIMITED,9.16,9.19,8.99,9.03,9.08,9.16,,9.03,,,674664,6131537.49,2253,F1,1,,,,,
2026-09-01,2026-09-01,CM,NSE,STK,25952,INE0LS001014,USHAFIN,SM,,,,,USHA FINANCIAL SERVICES L,48.1,49.35,48.0,48.4,48.4,48.05,,48.4,,,17600,849360.0,9,F1,1600,,,,,
2026-09-01,2026-09-01,CM,NSE,STK,19142,INE240C01028,UMESLTD,EQ,,,,,USHA MARTIN EDU & SOL LTD,5.56,5.56,4.91,4.91,4.91,5.45,,4.95,,,206608,1032762.82,344,F1,1,,,,,
2026-09-01,2026-09-01,CM,NSE,STK,8840,INE228A01035,USHAMART,EQ,,,,,USHA MARTIN LTD.,503.8,512.9,497.05,499.6,501.0,498.95,,499.61,,,4066851,2047740769.0,38735,F1,1,,,,,
2026-09-01,2026-09-01,CM,NSE,STK,527,INE094J01016,UTIAMC,EQ,,,,,UTI ASSET MNGMT CO LTD,871.0,885.1,866.0,879.5,883.0,870.55,,879.57,,,111748,97643956.75,6114,F1,1,,,,,
2026-09-01,2026-09-01,CM,NSE,STK,764180,INF789F1AG68,LIQUIDBETA,EQ,,,,,UTIAMC - LIQUIDBETA,1006.47,1006.47,1006.45,1006.46,1006.46,1006.32,,1006.46,,,64,64413.47,5,F1,1,,,,,
2026-09-01,2026-09-01,CM,NSE,STK,765431,INF789F1AG76,NIF500BETA,EQ,,,,,UTIAMC - NIF500BETA,37.7,37.78,37.43,37.68,37.68,37.71,,37.68,,,30318,1140256.66,13,F1,1,,,,,
2026-09-01,2026-09-01,CM,NSE,STK,22440,INF789F1AUV1,BANKBETA,EQ,,,,,UTIAMC-BANKBETA,58.87,59.77,58.87,59.31,59.49,59.46,,59.28,,,128807,7663248.16,1226,F1,1,,,,,
2026-09-01,2026-09-01,CM,NSE,STK,22524,INF789F1AZF3,GILT10BETA,EQ,,,,,UTIAMC-GILT10BETA,26.77,26.77,26.24,26.52,26.52,26.81,,26.52,,,2929,77445.02,15,F1,1,,,,,
2026-09-01,2026-09-01,CM,NSE,STK,22521,INF789F1AZE6,GILT5BETA,EQ,,,,,UTIAMC-GILT5BETA,66.74,66.89,65.57,65.68,65.68,66.74,,65.68,,,1958,128495.86,11,F1,1,,,,,
2026-09-01,2026-09-01,CM,NSE,STK,22488,INF789F1AZD8,ITBETA,EQ,,,,,UTIAMC-ITBETA,325.87,331.48,325.87,329.02,329.16,325.87,,329.14,,,813,267666.82,27,F1,1,,,,,
2026-09-01,2026-09-01,CM,NSE,STK,18347,INF789F1AYX9,MIDCAPBETA,EQ,,,,,UTIAMC-MIDCAPBETA,239.21,239.21,234.87,235.13,235.0,236.84,,235.13,,,759,178837.9,51,F1,1,,,,,
2026-09-01,2026-09-01,CM,NSE,STK,21478,INF789F1AUW9,NEXT50BETA,EQ,,,,,UTIAMC-NEXT50BETA,79.97,79.97,78.51,78.69,78.7,79.41,,78.7,,,86338,6825780.58,754,F1,1,,,,,
2026-09-01,2026-09-01,CM,NSE,STK,10511,INF789F1AZC0,NIFTYBETA,EQ,,,,,UTIAMC-NIFTYBETA,268.24,268.31,265.8,266.38,266.72,267.54,,266.39,,,19930,5317973.85,736,F1,1,,,,,
2026-09-01,2026-09-01,CM,NSE,STK,10515,INF789FB1X58,SENSEXBETA,EQ,,,,,UTIAMC-SENSEXBETA,851.0,858.5,848.0,854.47,853.0,854.33,,854.47,,,2327,1981775.29,173,F1,1,,,,,
2026-09-01,2026-09-01,CM,NSE,STK,15085,INF789F1AYK6,SILVERBETA,EQ,,,,,UTIAMC-SILVERBETA,225.14,225.99,219.19,219.47,219.97,225.14,,219.47,,,881941,195266254.17,5554,F1,1,,,,,
2026-09-01,2026-09-01,CM,NSE,STK,9168,INF789F1AUU3,SNXT50BETA,EQ,,,,,UTIAMC-SNXT50BETA,95.29,96.4,94.11,94.34,94.74,94.63,,94.41,,,986,93801.31,64,F1,1,,,,,
2026-09-01,2026-09-01,CM,NSE,STK,14535,INF789F1AUX7,GOLDBETA,EQ,,,,,UTIAMC-UTIGOLDBETA,133.15,133.15,127.45,127.85,127.75,129.95,,127.85,,,1230361,157717427.3,4577,F1,1,,,,,
2026-09-01,2026-09-01,CM,NSE,STK,751580,INE1V1R01014,UTKAL,SM,,,,,UTKAL SPEC INDUS INDIA L,47.0,47.0,46.55,47.0,47.0,49.0,,47.0,,,10000,468200.0,4,F1,2000,,,,,
2026-09-01,2026-09-01,CM,NSE,STK,17358,INE735W01017,UTKARSHBNK,EQ,,,,,UTKARSH SMALL FIN BANK L,15.0,15.14,14.65,14.88,14.88,15.06,,14.88,,,11395283,169884730.57,10720,F1,1,,,,,
2026-09-01,2026-09-01,CM,NSE,STK,24729,INE06IJ01010,UTSSAV,ST,,,,,UTSSAV CZ GOLD JEWELS LTD,448.0,454.5,437.0,437.0,437.0,445.0,,437.0,,,8400,3759540.0,13,F1,600,,,,,
2026-09-01,2026-09-01,CM,NSE,STK,13376,INE786F01031,UTTAMSUGAR,EQ,,,,,UTTAM SUGAR MILLS LTD.,315.0,317.5,293.85,296.3,295.75,312.07,,296.3,,,227336,69104310.1,6090,F1,1,,,,,
2026-09-01,2026-09-01,CM,NSE,STK,3188,INE0GXK01018,VMARCIND,SM,,,,,V MARC INDIA LIMITED,356.9,356.9,333.0,340.95,340.0,359.15,,340.95,,,586500,202181025.0,353,F1,1500,,,,,
2026-09-01,2026-09-01,CM,NSE,STK,23018,INE0QQM01017,VR,SM,,,,,V R INFRASPACE LIMITED,108.1,108.1,108.1,108.1,108.1,113.0,,108.1,,,400,43240.0,1,F1,400,,,,,
2026-09-01,2026-09-01,CM,NSE,STK,765220,INE222F01029,VTMLTD,EQ,,,,,V T M LTD.,58.5,61.0,57.05,59.43,59.87,57.04,,59.3,,,100555,5976634.81,497,F1,1,,,,,
2026-09-01,2026-09-01,CM,NSE,STK,15362,INE951I01027,VGUARD,EQ,,,,,V-GUARD IND LTD.,349.3,349.3,338.65,343.05,344.35,346.35,,343.15,,,1150095,393623613.35,20914,F1,1,,,,,
2026-09-01,2026-09-01,CM,NSE,STK,14766,INE945H01021,V2RETAIL,EQ,,,,,V2 RETAIL LIMITED,222.11,222.79,217.4,221.25,221.98,222.68,,221.24,,,811500,178659960.1,12967,F1,1,,,,,
2026-09-01,2026-09-01,CM,NSE,STK,20188,INE956G01038,WABAG,EQ,,,,,VA TECH WABAG LTD,1981.2,2030.0,1980.5,2013.9,2013.1,1979.2,,2013.93,,,417528,839401886.3,33064,F1,1,,,,,
2026-09-01,2026-09-01,CM,NSE,STK,764975,INE693D01018,VADILENT,EQ,,,,,VADILAL ENTERPRISES LTD.,10100.0,12598.0,9999.0,10217.0,10216.0,10500.0,,10331.16,,,118,1275623.0,50,F1,1,,,,,
2026-09-01,2026-09-01,CM,NSE,STK,24196,INE694D01016,VADILALIND,EQ,,,,,VADILAL INDUSTRIES LTD,7700.0,7900.0,7604.5,7757.0,7730.0,7672.0,,7757.05,,,12966,100469534.0,4775,F1,1,,,,,
2026-09-01,2026-09-01,CM,NSE,STK,11364,INE884A01027,VAIBHAVGBL,EQ,,,,,VAIBHAV GLOBAL LIMITED,219.1,226.08,218.0,218.45,218.32,219.1,,218.39,,,281014,62362601.55,12441,F1,1,,,,,
2026-09-01,2026-09-01,CM,NSE,STK,8262,INE0JR301013,MADHAVBAUG,ST,,,,,VAIDYA SANE AYUR LAB LTD,169.0,169.0,160.55,160.8,160.6,169.0,,160.8,,,3200,519500.0,8,F1,400,,,,,
2026-09-01,2026-09-01,CM,NSE,STK,16589,INE972X01022,VAISHALI,EQ,,,,,VAISHALI PHARMA LIMITED,8.01,8.48,8.01,8.03,8.03,8.06,,8.03,,,188407,1522637.21,205,F1,1,,,,,
2026-09-01,2026-09-01,CM,NSE,STK,13342,INE051B01021,VAKRANGEE,EQ,,,,,VAKRANGEE LIMITED,5.8,5.85,5.71,5.8,5.82,5.82,,5.8,,,902060,5221657.21,1572,F1,1,,,,,
2026-09-01,2026-09-01,CM,NSE,STK,19220,INE0JWS01017,VALIANTLAB,BE,,,,,VALIANT LABORATORIES LTD,96.34,99.28,91.53,91.56,91.53,96.34,,91.56,,,97464,9064367.76,452,F1,1,,,,,
2026-09-01,2026-09-01,CM,NSE,STK,334,INE565V01010,VALIANTORG,BE,,,,,VALIANT ORGANICS LIMITED,288.0,293.9,284.45,286.8,289.95,290.65,,286.8,,,34066,9829285.65,355,F1,1,,,,,
2026-09-01,2026-09-01,CM,NSE,STK,18124,INE879I01012,DBREALTY,EQ,,,,,VALOR ESTATE LIMITED,104.11,107.8,102.3,102.9,103.24,103.77,,102.9,,,837691,87453919.12,6158,F1,1,,,,,
2026-09-01,2026-09-01,CM,NSE,STK,763304,INE1E7Y01018,VALUE360,SM,,,,,VALUE 360 COMMUNICATION L,72.0,72.0,70.0,70.0,70.0,75.0,,70.0,,,3600,254400.0,3,F1,1200,,,,,
2026-09-01,2026-09-01,CM,NSE,STK,13403,INE116G01013,VARDHACRLC,BE,,,,,VARDHAMAN ACRYLICS LTD,43.2,43.41,42.8,43.22,42.86,43.41,,43.22,,,53859,2319655.19,194,F1,1,,,,,
2026-09-01,2026-09-01,CM,NSE,STK,11892,INE701A01023,VHL,EQ,,,,,VARDHMAN HOLDINGS LIMITED,3511.0,3650.1,3511.0,3568.4,3598.0,3549.2,,3568.68,,,1028,3682787.3,259,F1,1,,,,,
2026-09-01,2026-09-01,CM,NSE,STK,3646,INE835A01029,VARDMNPOLY,EQ,,,,,VARDHMAN POLYTEX LTD.,6.0,6.02,5.9,5.99,6.0,5.97,,5.99,,,187316,1115597.93,276,F1,1,,,,,
2026-09-01,2026-09-01,CM,NSE,STK,27067,INE050M01012,VSSL,EQ,,,,,VARDHMAN SPC STEEL LTD,356.15,361.0,350.8,354.85,355.0,356.15,,354.87,,,73449,26066617.8,2560,F1,1,,,,,
2026-09-01,2026-09-01,CM,NSE,STK,2073,INE825A01020,VTL,EQ,,,,,VARDHMAN TEXTILES LIMITED,576.6,637.85,572.05,602.3,598.0,572.05,,602.3,,,26383732,16152876639.45,403857,F1,1,,,,,
2026-09-01,2026-09-01,CM,NSE,STK,3857,INE665L01035,VARROC,EQ,,,,,VARROC ENGINEERING LTD.,869.8,896.0,850.85,877.0,870.0,862.0,,876.97,,,905636,795914740.5,43584,F1,1,,,,,
2026-09-01,2026-09-01,CM,NSE,STK,18921,INE200M01039,VBL,EQ,,,,,VARUN BEVERAGES LIMITED,404.45,411.35,404.25,405.85,405.85,400.45,,405.88,,,4752656,1940903134.25,55761,F1,1,,,,,
2026-09-01,2026-09-01,CM,NSE,STK,13771,INE273D01027,VGL,EQ,,,,,VARVEE GLOBAL LIMITED,59.45,59.7,57.0,57.02,57.65,59.12,,57.04,,,10442,607412.23,197,F1,1,,,,,
2026-09-01,2026-09-01,CM,NSE,STK,16454,INE0N5801013,DENTALKART,SM,,,,,VASA DENTICITY LIMITED,400.0,403.05,392.5,397.75,399.5,403.35,,397.75,,,21250,8491675.0,41,F1,250,,,,,
2026-09-01,2026-09-01,CM,NSE,STK,1274,INE068Z01016,VASA,SM,,,,,VASA RETAIL & OVERSEA LTD,4.05,4.05,4.05,4.05,4.05,4.25,,4.05,,,8000,32400.0,2,F1,4000,,,,,
2026-09-01,2026-09-01,CM,NSE,STK,18110,INE893I01013,VASCONEQ,EQ,,,,,VASCON ENGINEERS LTD,30.56,31.31,30.2,30.52,30.85,30.38,,30.52,,,320857,9873801.97,1611,F1,1,,,,,
2026-09-01,2026-09-01,CM,NSE,STK,25340,INE590L01019,VASWANI,EQ,,,,,VASWANI IND LTD,48.91,50.5,48.1,49.13,48.7,48.91,,49.12,,,21922,1088423.63,212,F1,1,,,,,
2026-09-01,2026-09-01,CM,NSE,STK,9027,INE098201036,VCL,BE,,,,,VAXTEX COTFAB LIMITED,1.83,1.83,1.83,1.83,1.83,1.92,,1.83,,,717427,1312891.41,138,F1,1,,,,,
2026-09-01,2026-09-01,CM,NSE,STK,757413,INE04HY07294,1025VCCL28,N0,,,,,VCCL 10.25% 2028,96500.0,96500.0,96500.0,96500.0,96500.0,96500.0,,96500.0,,,2,193000.0,1,F1,1,,,,,
2026-09-01,2026-09-01,CM,NSE,STK,760558,INE04HY08011,125VCCL31,N0,,,,,VCCL 12.5% 2031,97500.0,97500.0,97500.0,97500.0,97500.0,97700.0,,97500.0,,,1,97500.0,1,F1,1,,,,,
2026-09-01,2026-09-01,CM,NSE,STK,763380,INE04HY07401,115VCCL31A,N0,,,,,VCCL31A 11.5% 2031,9950.0,9950.0,9900.0,9900.0,9900.0,10000.0,,9900.0,,,10,99150.0,4,F1,1,,,,,
2026-09-01,2026-09-01,CM,NSE,STK,8167,INE825V01034,MANYAVAR,EQ,,,,,VEDANT FASHIONS LIMITED,546.35,551.0,536.3,546.85,547.0,545.25,,546.86,,,208222,113547651.6,20424,F1,1,,,,,
2026-09-01,2026-09-01,CM,NSE,STK,750174,INE1CDF01017,VAML,EQ,,,,,VEDANTA ALUMINIUM METAL L,436.7,439.7,432.85,434.65,434.5,435.15,,434.65,,,4259790,1853727286.65,57769,F1,1,,,,,
2026-09-01,2026-09-01,CM,NSE,STK,750290,INE1CLE01013,VISL,EQ,,,,,VEDANTA IRON AND STEEL L,37.4,37.4,35.26,35.48,35.5,36.83,,35.48,,,17252606,623415003.86,51502,F1,1,,,,,
2026-09-01,2026-09-01,CM,NSE,STK,3063,INE205A01025,VEDL,EQ,,,,,VEDANTA LIMITED,280.0,281.95,272.75,274.0,274.0,278.2,,274.01,,,6769011,1877976566.1,315553,F1,1,,,,,
2026-09-01,2026-09-01,CM,NSE,STK,750368,INE704J01044,VOGL,EQ,,,,,VEDANTA OIL AND GAS LTD,39.29,39.48,37.41,37.78,37.95,38.71,,37.78,,,26408861,1009289334.8,46357,F1,1,,,,,
2026-09-01,2026-09-01,CM,NSE,STK,750518,INE694L01019,VEDPOWER,EQ,,,,,VEDANTA POWER LIMITED,35.4,35.48,34.56,34.83,34.92,35.18,,34.83,,,8570993,299378853.7,34022,F1,1,,,,,
2026-09-01,2026-09-01,CM,NSE,STK,764980,INE359B01010,VEDAVAAG,EQ,,,,,VEDAVAAG SYSTEMS LTD.,18.94,18.94,18.05,18.32,18.5,18.38,,18.41,,,8632,159055.92,60,F1,1,,,,,
2026-09-01,2026-09-01,CM,NSE,STK,14019,INE484C01030,VEEDOL,EQ,,,,,VEEDOL CORPORATION LTD,1477.6,1519.0,1466.5,1489.8,1490.0,1472.6,,1489.53,,,14786,22113786.5,2279,F1,1,,,,,
2026-09-01,2026-09-01,CM,NSE,STK,10710,INE0KTW01013,VEEKAYEM,SM,,,,,VEEKAYEM FASH & APP LTD,105.0,108.95,102.75,105.8,108.95,108.15,,105.8,,,7000,730700.0,14,F1,500,,,,,
2026-09-01,2026-09-01,CM,NSE,STK,762969,INE232E01013,VELJAN,BE,,,,,VELJAN DENISON LTD.,1802.0,1822.0,1780.0,1801.0,1801.0,1802.0,,1801.0,,,166,299503.0,16,F1,1,,,,,
2026-09-01,2026-09-01,CM,NSE,STK,3757,INE398A01010,VENKEYS,EQ,,,,,VENKY S (INDIA) LIMITED,1695.0,1702.8,1641.0,1649.0,1652.0,1702.0,,1648.83,,,92772,155240454.2,8227,F1,1,,,,,
2026-09-01,2026-09-01,CM,NSE,STK,28847,INE781S01027,VENTIVE,EQ,,,,,VENTIVE HOSPITALITY LTD,598.0,598.0,585.0,593.3,594.0,591.2,,593.3,,,8585,5070257.8,551,F1,1,,,,,
2026-09-01,2026-09-01,CM,NSE,STK,9592,INE0JA001018,VENUSPIPES,EQ,,,,,VENUS PIPES & TUBES LTD,1649.0,1649.0,1573.2,1606.7,1610.1,1643.1,,1606.69,,,97764,156517025.0,7589,F1,1,,,,,
2026-09-01,2026-09-01,CM,NSE,STK,13856,INE411B01019,VENUSREM,BE,,,,,VENUS REMEDIES LIMITED,1650.0,1650.0,1586.0,1600.9,1600.1,1663.6,,1600.94,,,26569,42754575.7,1491,F1,1,,,,,
2026-09-01,2026-09-01,CM,NSE,STK,8890,INE0IQ001011,VERANDA,EQ,,,,,VERANDA LEARNING SOL LTD,248.75,249.99,241.21,242.94,245.4,249.3,,242.94,,,301874,73940975.44,3814,F1,1,,,,,
2026-09-01,2026-09-01,CM,NSE,STK,10757,INE0KXY23015,VERTIS,IV,,,,,VERTIS INFRASTRUCTURE TST,115.25,115.25,115.25,115.25,115.25,115.5,,115.25,,,25000,2881250.0,1,F1,25000,,,,,
2026-09-01,2026-09-01,CM,NSE,STK,18863,INE188Y01031,VERTOZ,EQ,,,,,VERTOZ LIMITED,37.15,40.39,37.15,37.72,37.55,38.21,,37.72,,,108384,4241313.62,533,F1,1,,,,,
2026-09-01,2026-09-01,CM,NSE,STK,3676,INE386A01023,VESUVIUS,EQ,,,,,VESUVIUS INDIA LTD,409.0,417.3,405.1,416.05,416.95,407.75,,416.06,,,57399,23722258.3,4556,F1,1,,,,,
2026-09-01,2026-09-01,CM,NSE,STK,8660,INE918N01018,VETO,BE,,,,,VETO SWITCHGEAR CABLE LTD,125.0,126.63,123.6,126.05,125.06,125.46,,126.05,,,18437,2306360.05,122,F1,1,,,,,
2026-09-01,2026-09-01,CM,NSE,STK,14316,INE0MO401019,VIAZ,SM,,,,,VIAZ TYRES LIMITED,70.0,70.0,70.0,70.0,70.0,73.5,,70.0,,,6000,420000.0,3,F1,2000,,,,,
2026-09-01,2026-09-01,CM,NSE,STK,22730,INE0QTF01015,VSTL,EQ,,,,,VIBHOR STEEL TUBES LTD,112.0,113.3,109.35,111.83,112.0,111.85,,111.75,,,13675,1532120.23,385,F1,1,,,,,
2026-09-01,2026-09-01,CM,NSE,STK,765252,INE761Q01015,VGCL,EQ,,,,,VIBRANT GLOBAL CAPITAL L,57.07,60.7,54.98,54.99,54.98,57.87,,55.01,,,993,55127.46,19,F1,1,,,,,
2026-09-01,2026-09-01,CM,NSE,STK,23386,INE048C01025,VHLTD,BE,,,,,VICEROY HOTELS LIMITED,115.8,116.98,115.0,115.42,116.19,115.79,,115.42,,,8335,964365.45,63,F1,1,,,,,
2026-09-01,2026-09-01,CM,NSE,STK,760691,INE0F8901022,VICTORYEV,SM,,,,,VICTORY ELEC VEHICL INT L,15.85,16.0,15.7,15.7,15.7,16.0,,15.7,,,24000,380400.0,8,F1,3000,,,,,
2026-09-01,2026-09-01,CM,NSE,STK,13536,INE632C01026,VIDHIING,EQ,,,,,VIDHI SPCLTY F INGRDNTS L,351.6,356.9,345.1,354.35,346.5,354.55,,354.34,,,24851,8738486.3,920,F1,1,,,,,
2026-09-01,2026-09-01,CM,NSE,STK,760224,INE14UN01029,VIDYAWIRES,EQ,,,,,VIDYA WIRES LIMITED,90.68,92.25,88.36,91.24,91.47,90.25,,91.23,,,1204812,109440498.95,8874,F1,1,,,,,
2026-09-01,2026-09-01,CM,NSE,STK,758908,INE1DM601016,VIGOR,ST,,,,,VIGOR PLAST INDIA LIMITED,105.65,105.65,100.0,100.0,100.0,100.7,,100.0,,,8000,815520.0,5,F1,1600,,,,,
2026-09-01,2026-09-01,CM,NSE,STK,764985,INE362D01010,VIJSOLX,EQ,,,,,VIJAY SOLVEX LTD.,671.05,689.0,671.0,676.7,673.0,680.0,,676.7,,,879,592881.2,41,F1,1,,,,,
2026-09-01,2026-09-01,CM,NSE,STK,5585,INE043W01024,VIJAYA,EQ,,,,,VIJAYA DIAGNOSTIC CEN LTD,1518.4,1521.5,1487.5,1499.0,1499.0,1518.4,,1498.92,,,108054,162122063.6,16602,F1,1,,,,,
2026-09-01,2026-09-01,CM,NSE,STK,760121,INE0WL901019,VIJAYPD,SM,,,,,VIJAYPD CEUTICAL LIMITED,71.5,72.0,68.0,68.0,68.0,70.1,,68.0,,,18000,1257200.0,9,F1,2000,,,,,
2026-09-01,2026-09-01,CM,NSE,STK,17695,INE159N01027,VIJIFIN,BE,,,,,VIJI FINANCE LIMITED,15.64,15.64,15.64,15.64,15.64,15.34,,15.75,,,90126,1409570.64,66,F1,1,,,,,
2026-09-01,2026-09-01,CM,NSE,STK,25756,INE806A01020,VIKASECO,EQ,,,,,VIKAS ECOTECH LIMITED,1.12,1.13,1.09,1.09,1.1,1.12,,1.09,,,1566868,1739644.84,1046,F1,1,,,,,
2026-09-01,2026-09-01,CM,NSE,STK,9931,INE161L01027,VIKASLIFE,EQ,,,,,VIKAS LIFECARE LIMITED,1.31,1.32,1.23,1.25,1.26,1.3,,1.25,,,2948799,3758879.7,9162,F1,1,,,,,
2026-09-01,2026-09-01,CM,NSE,STK,759453,INE078V01014,VIKRAMSOLR,EQ,,,,,VIKRAM SOLAR LIMITED,169.52,172.79,167.56,169.67,169.8,168.7,,169.67,,,1232401,208913411.26,12916,F1,1,,,,,
2026-09-01,2026-09-01,CM,NSE,STK,758973,INE01R501028,VIKRAN,EQ,,,,,VIKRAN ENGINEERING LTD,58.71,58.99,57.5,57.84,58.05,58.76,,57.86,,,987122,57461303.25,5626,F1,1,,,,,
2026-09-01,2026-09-01,CM,NSE,STK,23909,INE0AZY01017,VILAS,SM,,,,,VILAS TRANSCORE LIMITED,359.7,359.7,349.0,349.4,349.8,357.95,,349.4,,,16000,5633537.5,62,F1,250,,,,,
2026-09-01,2026-09-01,CM,NSE,STK,16954,INE0L4V01013,VILINBIO,SM,,,,,VILIN BIO MED LIMITED,49.2,49.2,46.0,46.95,46.0,46.9,,46.95,,,56000,2647000.0,11,F1,4000,,,,,
2026-09-01,2026-09-01,CM,NSE,STK,13101,INE579C01029,VIMTALABS,EQ,,,,,VIMTA LABS LIMITED,643.45,666.0,635.55,661.75,664.0,643.45,,661.72,,,476672,313289454.1,17040,F1,1,,,,,
2026-09-01,2026-09-01,CM,NSE,STK,17364,INE410B01037,VINATIORGA,EQ,,,,,VINATI ORGANICS LTD,1331.8,1339.5,1313.0,1315.4,1313.0,1329.9,,1315.36,,,26764,35384694.3,3999,F1,1,,,,,
2026-09-01,2026-09-01,CM,NSE,STK,3694,INE707A01012,VINDHYATEL,EQ,,,,,VINDHYA TELELINKS LTD,2535.0,2691.9,2486.1,2576.7,2566.0,2535.5,,2576.81,,,166929,437971176.8,18471,F1,1,,,,,
2026-09-01,2026-09-01,CM,NSE,STK,3807,INE505Y01010,VINEETLAB,EQ,,,,,VINEET LABORATORIES LTD,39.0,39.0,36.92,37.95,37.99,38.86,,37.95,,,319286,12080330.24,606,F1,1,,,,,
2026-09-01,2026-09-01,CM,NSE,STK,763821,INE27V201011,VMOBILE,SM,,,,,VINIT MOBILE LIMITED,60.6,61.1,60.05,60.5,60.5,62.0,,60.5,,,6400,388040.0,8,F1,800,,,,,
2026-09-01,2026-09-01,CM,NSE,STK,12490,INE01KI01027,VINNY,EQ,,,,,VINNY OVERSEAS LIMITED,1.05,1.06,1.04,1.04,1.04,1.05,,1.04,,,282917,296308.68,113,F1,1,,,,,
2026-09-01,2026-09-01,CM,NSE,STK,17905,INE0OSJ01014,VINSYS,ST,,,,,VINSYS IT SERVICES IND LT,610.0,610.0,607.0,609.0,609.0,607.0,,609.0,,,1250,761000.0,4,F1,250,,,,,
2026-09-01,2026-09-01,CM,NSE,STK,25835,INE498Q01014,VINCOFE,EQ,,,,,VINTAGE COFFEE N BVRGS L,185.77,185.77,172.25,176.85,176.5,185.77,,176.85,,,5357803,946066588.93,39044,F1,1,,,,,
2026-09-01,2026-09-01,CM,NSE,STK,19206,INE0OLS01010,VINYAS,SM,,,,,VINYAS INNOVATIVE TECH L,1586.0,1587.0,1525.05,1525.7,1525.05,1545.55,,1525.7,,,6200,9658230.0,48,F1,100,,,,,
2026-09-01,2026-09-01,CM,NSE,STK,16821,INE250B01029,VINYLINDIA,EQ,,,,,VINYL CHEMICALS (I) LTD.,232.67,234.4,229.0,230.21,229.25,232.67,,230.12,,,4470,1033560.96,276,F1,1,,,,,
2026-09-01,2026-09-01,CM,NSE,STK,14843,INE450G01024,VIPCLOTHNG,EQ,,,,,VIP CLOTHING LIMITED,20.11,20.3,19.9,19.97,19.92,20.1,,19.97,,,38056,762229.94,144,F1,1,,,,,
2026-09-01,2026-09-01,CM,NSE,STK,3703,INE054A01027,VIPIND,EQ,,,,,VIP INDUSTRIES LTD,304.25,310.65,302.3,303.75,304.9,306.5,,303.75,,,324758,99679428.85,7318,F1,1,,,,,
2026-09-01,2026-09-01,CM,NSE,STK,8437,INE946H01037,VIPULLTD,BE,,,,,VIPUL LIMITED,14.84,14.84,14.84,14.84,14.84,15.14,,14.85,,,8594,127534.96,21,F1,1,,,,,
2026-09-01,2026-09-01,CM,NSE,STK,764990,INE467D01017,VIRAT,EQ,,,,,VIRAT INDUSTRIES LTD.,448.35,451.2,432.1,441.65,444.0,449.9,,441.66,,,3974,1763674.85,167,F1,1,,,,,
2026-09-01,2026-09-01,CM,NSE,STK,15295,INE539B01017,VIRINCHI,EQ,,,,,VIRINCHI LIMITED,14.61,14.99,14.5,14.53,14.6,14.66,,14.53,,,69549,1019078.27,263,F1,1,,,,,
2026-09-01,2026-09-01,CM,NSE,STK,757060,INE0VRH01015,VGINFOTECH,SM,,,,,VIRTUAL GALAXY INFOTECH L,144.25,147.0,144.2,147.0,147.0,145.65,,147.0,,,12000,1743050.0,12,F1,1000,,,,,
2026-09-01,2026-09-01,CM,NSE,STK,765215,INE247C01023,VIRTUALG,EQ,,,,,VIRTUAL GLOBAL EDU LTD,0.5,0.5,0.46,0.46,0.47,0.49,,0.46,,,662628,316888.6,228,F1,1,,,,,
2026-09-01,2026-09-01,CM,NSE,STK,761916,INE0I0T01010,VOEPL,EQ,,,,,VIRTUOSO OPTOELECTRONIC L,562.25,568.55,540.0,551.45,551.0,556.1,,551.42,,,70808,39029844.05,2366,F1,1,,,,,
2026-09-01,2026-09-01,CM,NSE,STK,13295,INE286H01012,VISACHROME,EQ,,,,,VISA CHROME LIMITED,42.49,42.49,39.02,40.18,40.05,41.02,,40.08,,,61321,2499355.46,332,F1,1,,,,,
2026-09-01,2026-09-01,CM,NSE,STK,29877,INE370E01029,VIVIDHA,EQ,,,,,VISAGAR POLYTEX LTD,0.5,0.52,0.5,0.5,0.51,0.5,,0.5,,,207037,104788.75,131,F1,1,,,,,
2026-09-01,2026-09-01,CM,NSE,STK,4221,INE392A01021,VISAKAIND,EQ,,,,,VISAKA INDUSTRIES LIMITED,88.53,92.49,87.92,89.09,88.56,88.53,,89.12,,,350175,31569995.11,3911,F1,1,,,,,
2026-09-01,2026-09-01,CM,NSE,STK,24274,INE0BHK01012,VISAMAN,SM,,,,,VISAMAN GLOBAL SALES LTD,71.5,71.5,71.5,71.5,71.5,75.25,,71.5,,,1000,71500.0,1,F1,1000,,,,,
2026-09-01,2026-09-01,CM,NSE,STK,18708,INE0OWX01025,VISDEM,SM,,,,,VISDEM TECHNOSYS LIMITED,92.0,93.5,92.0,93.5,93.5,92.0,,93.5,,,4800,445200.0,4,F1,1200,,,,,
2026-09-01,2026-09-01,CM,NSE,STK,11773,INE755Q01025,VISHAL,EQ,,,,,VISHAL FABRICS LTD.,19.4,19.5,19.0,19.15,19.25,19.27,,19.11,,,26319,505187.26,153,F1,1,,,,,
2026-09-01,2026-09-01,CM,NSE,STK,27969,INE01EA01019,VMM,EQ,,,,,VISHAL MEGA MART LIMITED,112.0,113.0,106.3,106.55,106.55,110.64,,106.55,,,13963729,1518765880.45,45931,F1,1,,,,,
2026-09-01,2026-09-01,CM,NSE,STK,6908,INE270I01022,VISHNU,EQ,,,,,VISHNU CHEMICALS LIMITED,652.2,676.8,645.05,661.75,664.0,652.15,,661.76,,,321563,213617067.55,15982,F1,1,,,,,
2026-09-01,2026-09-01,CM,NSE,STK,18341,INE0AE001013,VPRPL,EQ,,,,,VISHNU PRAKASH R PUNGLI L,34.0,34.01,32.66,32.89,32.8,33.45,,32.9,,,332465,11070032.76,1518,F1,1,,,,,
2026-09-01,2026-09-01,CM,NSE,STK,19300,INE0PQ001012,VISHNUINFR,SM,,,,,VISHNUSURYA PROJ N INFR L,157.25,158.95,156.05,156.35,156.05,161.35,,156.35,,,5000,785000.0,10,F1,500,,,,,
2026-09-01,2026-09-01,CM,NSE,STK,13702,INE430N01022,VISHWARAJ,EQ,,,,,VISHWARAJ SUGAR IND LTD,6.12,6.16,5.91,5.94,5.93,6.08,,5.94,,,342404,2064922.96,881,F1,1,,,,,
2026-09-01,2026-09-01,CM,NSE,STK,25231,INE0TR001017,VIESL,SM,,,,,VISION INFRA EQUIP SOL L,367.0,375.0,365.0,370.6,374.0,365.8,,370.6,,,91200,33735040.0,93,F1,800,,,,,
2026-09-01,2026-09-01,CM,NSE,STK,761148,INE0L4K01016,VITAL,EQ,,,,,VITAL CHEMTECH LIMITED,54.99,55.0,51.05,54.75,55.0,53.06,,54.75,,,16548,894986.84,59,F1,1,,,,,
2026-09-01,2026-09-01,CM,NSE,STK,763637,INE0MEG01014,VIVIANA,BE,,,,,VIVIANA POWER TECH LTD,726.7,754.95,718.0,740.55,737.0,727.55,,740.55,,,19712,14549861.85,434,F1,1,,,,,
2026-09-01,2026-09-01,CM,NSE,STK,761768,INE24H301028,VIVIDEL,SM,,,,,VIVID ELECTROMECH LIMITED,1520.0,1529.0,1466.0,1520.9,1518.0,1514.35,,1520.9,,,18480,27677400.0,65,F1,240,,,,,
2026-09-01,2026-09-01,CM,NSE,STK,11968,INE526G01021,VIVIMEDLAB,BE,,,,,VIVIMED LABS LIMITED,6.8,6.8,6.8,6.8,6.8,6.93,,6.8,,,61759,419961.2,43,F1,1,,,,,
2026-09-01,2026-09-01,CM,NSE,STK,764995,INE380K01017,VIVOBIOT,EQ,,,,,VIVO BIO TECH LTD.,19.0,19.0,17.52,18.3,18.3,18.55,,18.3,,,20797,375462.8,140,F1,1,,,,,
2026-09-01,2026-09-01,CM,NSE,STK,7620,INE0IA701014,VIVO,ST,,,,,VIVO COLLAB SOLUTIONS LTD,155.0,155.0,155.0,155.0,155.0,160.0,,155.0,,,1600,248000.0,1,F1,1600,,,,,
2026-09-01,2026-09-01,CM,NSE,STK,14296,INE807F01027,VIYASH,EQ,,,,,VIYASH SCIENTIFIC LIMITED,263.6,270.95,259.4,262.3,262.35,263.6,,262.29,,,6105032,1621884795.7,38290,F1,1,,,,,
2026-09-01,2026-09-01,CM,NSE,STK,18021,INE03HW01020,VLEGOV,BE,,,,,VL E GOV AND IT SOL LTD,10.39,10.5,9.93,10.23,10.08,10.39,,10.39,,,39485,404275.01,221,F1,1,,,,,
2026-09-01,2026-09-01,CM,NSE,STK,3715,INE709A01018,VLSFINANCE,EQ,,,,,VLS FINANCE LTD,242.0,245.0,242.0,243.09,243.0,243.15,,243.26,,,5750,1398875.35,176,F1,1,,,,,
2026-09-01,2026-09-01,CM,NSE,STK,29284,INE665J01013,VMART,EQ,,,,,VMART RETAIL LTD,847.0,859.5,839.55,850.3,849.95,847.45,,850.31,,,70031,59472359.1,6616,F1,1,,,,,
2026-09-01,2026-09-01,CM,NSE,STK,759152,INE0SJA01013,VMSTMT,EQ,,,,,VMS TMT LIMITED,45.55,46.48,45.0,45.23,45.01,45.54,,45.25,,,88191,4005651.5,573,F1,1,,,,,
2026-09-01,2026-09-01,CM,NSE,STK,14366,INE669E01016,IDEA,EQ,,,,,VODAFONE IDEA LIMITED,14.6,14.63,13.96,14.06,14.06,14.33,,14.06,,,316789599,4516092491.62,392668,F1,1,,,,,
2026-09-01,2026-09-01,CM,NSE,STK,765000,INE285C01015,VOITHPAPR,EQ,,,,,VOITH PAPER FABRICS IND L,1442.7,1473.0,1440.0,1452.9,1467.5,1442.7,,1453.81,,,444,646579.3,46,F1,1,,,,,
2026-09-01,2026-09-01,CM,NSE,STK,29658,INE241X01014,VOLERCAR,SM,,,,,VOLER CAR LIMITED,220.0,222.9,210.0,210.0,210.0,222.5,,210.0,,,19200,4128920.0,24,F1,800,,,,,
2026-09-01,2026-09-01,CM,NSE,STK,13577,INE540H01012,VOLTAMP,EQ,,,,,VOLTAMP TRANSFORMERS LTD,10959.0,11135.0,10729.0,10782.0,10760.0,10908.5,,10781.71,,,34032,371869509.0,12280,F1,1,,,,,
2026-09-01,2026-09-01,CM,NSE,STK,3718,INE226A01021,VOLTAS,EQ,,,,,VOLTAS LTD,1196.0,1206.9,1192.0,1205.0,1205.0,1194.4,,1205.0,,,288979,346465927.9,12725,F1,1,,,,,
2026-09-01,2026-09-01,CM,NSE,STK,24321,INE0S2V01010,VRAJ,EQ,,,,,VRAJ IRON AND STEEL LTD,128.0,128.04,122.5,124.88,125.7,126.66,,124.88,,,15905,1980582.33,387,F1,1,,,,,
2026-09-01,2026-09-01,CM,NSE,STK,8696,INE366I01010,VRLLOG,EQ,,,,,VRL LOGISTICS LIMITED,301.6,303.85,297.0,299.85,302.35,303.15,,299.85,,,182492,54979900.8,11049,F1,1,,,,,
2026-09-01,2026-09-01,CM,NSE,STK,3724,INE710A01016,VSTIND,EQ,,,,,VST INDUSTRIES LTD,208.12,209.55,207.5,208.0,207.98,209.74,,208.0,,,102571,21370540.13,3627,F1,1,,,,,
2026-09-01,2026-09-01,CM,NSE,STK,24292,INE764D01017,VSTTILLERS,EQ,,,,,VST TILLERS TRACTORS LTD,4340.4,4384.8,4128.0,4208.5,4205.0,4358.1,,4208.94,,,17118,73113385.3,4238,F1,1,,,,,
2026-09-01,2026-09-01,CM,NSE,STK,765005,INE855A01019,WHBRADY,EQ,,,,,W H BRADY & CO. LTD.,497.0,497.0,497.0,497.0,497.0,491.05,,497.8,,,15,7455.0,2,F1,1,,,,,
2026-09-01,2026-09-01,CM,NSE,STK,762978,INE765D01022,WPIL,EQ,,,,,W P I L LTD.,444.5,444.85,436.15,439.15,440.4,443.45,,439.12,,,16178,7120101.65,1239,F1,1,,,,,
2026-09-01,2026-09-01,CM,NSE,STK,14828,INE100D01014,WSI,EQ,,,,,W.S.INDUSTRIES (I) LTD.,61.3,61.65,60.0,60.98,61.65,61.47,,60.98,,,11186,680828.02,437,F1,1,,,,,
2026-09-01,2026-09-01,CM,NSE,STK,25907,INE377N01017,WAAREEENER,EQ,,,,,WAAREE ENERGIES LIMITED,2599.9,2609.9,2570.0,2588.0,2588.0,2605.0,,2587.94,,,305178,789780465.4,22767,F1,1,,,,,
2026-09-01,2026-09-01,CM,NSE,STK,756038,INE299N01021,WAAREERTL,EQ,,,,,WAAREE RENEWABLE TECH LTD,871.8,871.8,861.0,863.8,862.0,872.5,,863.82,,,65192,56447886.1,5909,F1,1,,,,,
2026-09-01,2026-09-01,CM,NSE,STK,760259,INE0E7301029,WAKEFIT,EQ,,,,,WAKEFIT INNOVATIONS LTD,148.83,154.5,146.2,152.92,153.0,146.78,,152.92,,,1515330,230798787.71,17919,F1,1,,,,,
2026-09-01,2026-09-01,CM,NSE,STK,3736,INE711A01022,WALCHANNAG,EQ,,,,,WALCHANDNAGAR INDUSTRIES,215.9,219.6,209.0,210.01,209.9,214.9,,210.01,,,456644,97646434.68,7089,F1,1,,,,,
2026-09-01,2026-09-01,CM,NSE,STK,5013,INE0G2G01015,WALPAR,SM,,,,,WALPAR NUTRITIONS LIMITED,24.45,26.95,24.45,26.0,26.0,25.7,,26.0,,,30000,765700.0,10,F1,2000,,,,,
2026-09-01,2026-09-01,CM,NSE,STK,14063,INE107F01022,WANBURY,EQ,,,,,WANBURY LIMITED,252.7,255.75,249.65,254.4,254.75,254.1,,254.37,,,102090,25805812.3,2234,F1,1,,,,,
2026-09-01,2026-09-01,CM,NSE,STK,765225,INE945P01024,WARDINMOBI,EQ,,,,,WARDWIZARD INNO & MOB L,6.19,6.19,5.83,5.89,5.9,5.89,,5.89,,,310743,1841823.06,715,F1,1,,,,,
2026-09-01,2026-09-01,CM,NSE,STK,3745,INE054C01015,WATERBASE,EQ,,,,,WATERBASE LTD.,49.99,49.99,47.65,48.02,48.8,49.03,,48.03,,,9658,472493.22,124,F1,1,,,,,
2026-09-01,2026-09-01,CM,NSE,STK,762163,INE0LZF01039,CORDELIA,EQ,,,,,WATERWAYS LEISURE TOUR L,103.65,104.8,100.8,103.92,103.94,103.65,,103.95,,,1301291,134511249.95,9004,F1,1,,,,,
2026-09-01,2026-09-01,CM,NSE,STK,759215,INE0A3007065,1075WCA28,N0,,,,,WCAPL 10.75% 2028,9446.92,9828.72,9446.92,9500.0,9500.0,9639.71,,9500.0,,,22,210137.8,4,F1,1,,,,,
2026-09-01,2026-09-01,CM,NSE,STK,758995,INE0A3007057,1075WCAP28,N0,,,,,WCAPL 10.75% 2028,98331.0,98331.0,98331.0,98331.0,98331.0,98063.23,,98331.0,,,1,98331.0,1,F1,1,,,,,
2026-09-01,2026-09-01,CM,NSE,STK,9862,INE082W01014,WEWIN,EQ,,,,,WE WIN LIMITED,44.28,45.2,43.85,43.9,43.85,44.28,,43.9,,,1754,77244.95,33,F1,1,,,,,
2026-09-01,2026-09-01,CM,NSE,STK,760482,INF2F0001370,TWCGOLDETF,EQ,,,,,WEALTH - TWCGOLDETF,157.38,157.38,150.5,151.0,151.01,153.55,,151.0,,,42681,6505181.02,170,F1,1,,,,,
2026-09-01,2026-09-01,CM,NSE,STK,1923,INE658T01017,WEALTH,EQ,,,,,WEALTH FRST PORT. MG. LTD,857.9,859.9,846.0,854.2,853.4,851.25,,854.2,,,1027,877552.0,112,F1,1,,,,,
2026-09-01,2026-09-01,CM,NSE,STK,14602,INE855C01023,WEBELSOLAR,EQ,,,,,WEBSOL ENERGY SYSTEM LTD,76.08,77.5,73.12,74.5,74.15,76.47,,74.41,,,1910222,144152801.81,13133,F1,1,,,,,
2026-09-01,2026-09-01,CM,NSE,STK,3748,INE080A01014,WEIZMANIND,EQ,,,,,WEIZMANN LTD,75.0,75.39,74.0,74.9,74.0,73.12,,74.9,,,90,6759.35,7,F1,1,,,,,
2026-09-01,2026-09-01,CM,NSE,STK,11821,INE191B01025,WELCORP,EQ,,,,,WELSPUN CORP LIMITED,2398.0,2575.0,2385.0,2553.6,2556.3,2391.0,,2553.6,,,3607692,9022790005.3,164238,F1,1,,,,,
2026-09-01,2026-09-01,CM,NSE,STK,11626,INE625G01013,WELENT,EQ,,,,,WELSPUN ENTERPRISES LTD.,688.0,712.5,674.7,705.55,712.0,685.3,,705.57,,,611674,426427969.5,18401,F1,1,,,,,
2026-09-01,2026-09-01,CM,NSE,STK,19804,INE389K01018,WELINV,BE,,,,,WELSPUN INV & COMM LTD,2170.0,2258.3,2169.9,2170.1,2170.1,2214.1,,2136.85,,,762,1664647.4,39,F1,1,,,,,
2026-09-01,2026-09-01,CM,NSE,STK,11253,INE192B01031,WELSPUNLIV,EQ,,,,,WELSPUN LIVING LIMITED,196.2,201.5,195.11,198.41,198.0,196.21,,198.4,,,5094353,1011804587.25,53601,F1,1,,,,,
2026-09-01,2026-09-01,CM,NSE,STK,762971,INE731F01037,WELSPLSOL,EQ,,,,,WELSPUN SPECIALTY SOL L,52.87,53.9,50.16,50.83,51.6,52.87,,50.89,,,685725,35652495.77,3649,F1,1,,,,,
2026-09-01,2026-09-01,CM,NSE,STK,4235,INE274C01019,WENDT,EQ,,,,,WENDT (INDIA) LIMITED,8167.5,8180.0,8070.0,8105.0,8095.0,8170.5,,8105.19,,,4525,36730899.0,974,F1,1,,,,,
2026-09-01,2026-09-01,CM,NSE,STK,3799,INE976A01021,WSTCSTPAPR,EQ,,,,,WEST COAST PAPER MILLS LT,616.8,658.5,613.6,653.6,651.5,611.8,,653.62,,,531616,342339033.15,16796,F1,1,,,,,
2026-09-01,2026-09-01,CM,NSE,STK,25403,INE0CJF01024,WCIL,EQ,,,,,WESTERN CARRIERS (IND) L,84.89,85.96,83.55,84.9,85.15,84.01,,84.9,,,55877,4745169.99,1602,F1,1,,,,,
2026-09-01,2026-09-01,CM,NSE,STK,11580,INE274F01020,WESTLIFE,EQ,,,,,WESTLIFE FOODWORLD LTD,571.2,571.2,549.2,553.9,555.0,571.2,,553.93,,,71248,39714558.2,3986,F1,1,,,,,
2026-09-01,2026-09-01,CM,NSE,STK,759434,INE085001019,WEWORK,EQ,,,,,WEWORK INDIA MANAGEMENT L,679.0,688.2,661.5,675.65,673.5,684.65,,675.63,,,314155,210060112.6,18702,F1,1,,,,,
2026-09-01,2026-09-01,CM,NSE,STK,3766,INE715A01015,WHEELS,EQ,,,,,WHEELS INDIA LTD,1555.0,1575.0,1535.0,1541.8,1544.0,1546.4,,1542.05,,,101005,157374336.4,6908,F1,1,,,,,
2026-09-01,2026-09-01,CM,NSE,STK,18011,INE716A01013,WHIRLPOOL,EQ,,,,,WHIRLPOOL OF INDIA LTD,804.3,806.0,782.55,801.15,799.95,803.15,,801.19,,,349162,277986899.15,40113,F1,1,,,,,
2026-09-01,2026-09-01,CM,NSE,STK,3772,INE210A01017,WILLAMAGOR,EQ,,,,,WILLIAMSON MAGOR,25.3,25.3,23.52,23.74,24.46,23.75,,24.54,,,1456,35671.86,35,F1,1,,,,,
2026-09-01,2026-09-01,CM,NSE,STK,5366,INE0H5O01029,WINDLAS,EQ,,,,,WINDLAS BIOTECH LIMITED,994.6,1015.95,986.1,1008.35,1000.0,994.2,,1008.31,,,45866,46165236.8,4113,F1,1,,,,,
2026-09-01,2026-09-01,CM,NSE,STK,24969,INE052A01021,WINDMACHIN,EQ,,,,,WINDSOR MACHINES LIMITED,307.7,310.0,299.25,307.5,309.0,307.45,,307.52,,,46819,14247004.8,1411,F1,1,,,,,
2026-09-01,2026-09-01,CM,NSE,STK,23714,INE0S3D01016,WINSOL,SM,,,,,WINSOL ENGINEERS LIMITED,119.8,119.8,113.8,115.1,115.1,114.1,,115.1,,,4000,462400.0,10,F1,400,,,,,
2026-09-01,2026-09-01,CM,NSE,STK,3787,INE075A01022,WIPRO,EQ,,,,,WIPRO LTD,181.0,182.1,178.5,181.7,181.7,184.5,,181.7,,,6813425,1233378820.04,58669,F1,1,,,,,
2026-09-01,2026-09-01,CM,NSE,STK,22725,INE623Y01011,WTICAB,SM,,,,,WISE TRAVEL INDIA LIMITED,107.95,113.9,107.5,109.2,109.0,107.15,,109.2,,,19000,2088925.0,37,F1,500,,,,,
2026-09-01,2026-09-01,CM,NSE,STK,7506,INE049B01025,WOCKPHARMA,EQ,,,,,WOCKHARDT LIMITED,1883.7,1887.8,1833.3,1850.6,1849.9,1883.7,,1850.61,,,507087,942795397.1,28184,F1,1,,,,,
2026-09-01,2026-09-01,CM,NSE,STK,25602,INE0OO201011,WOL3D,SM,,,,,WOL 3D INDIA LIMITED,149.9,149.9,136.8,136.8,136.8,143.95,,136.8,,,15000,2068500.0,6,F1,1000,,,,,
2026-09-01,2026-09-01,CM,NSE,STK,19632,INE0Q9601016,WOMANCART,ST,,,,,WOMANCART LIMITED,114.5,117.7,107.6,109.4,113.0,113.25,,109.4,,,30800,3405400.0,69,F1,400,,,,,
2026-09-01,2026-09-01,CM,NSE,STK,7835,INE02WG01024,WEL,EQ,,,,,WONDER ELECTRICALS LTD,80.84,88.95,80.84,80.84,80.84,89.82,,80.84,,,8230670,679246541.57,26739,F1,1,,,,,
2026-09-01,2026-09-01,CM,NSE,STK,3002,INE066O01014,WONDERLA,EQ,,,,,WONDERLA HOLIDAYS LTD.,538.0,541.6,532.05,536.25,537.0,537.25,,536.15,,,47864,25734063.65,2815,F1,1,,,,,
2026-09-01,2026-09-01,CM,NSE,STK,22277,INE196Y01018,WORTHPERI,EQ,,,,,WORTH PERIPHERALS LIMITED,154.1,157.49,153.35,154.5,154.5,156.45,,154.5,,,4654,722247.22,368,F1,1,,,,,
2026-09-01,2026-09-01,CM,NSE,STK,11705,INE692G01013,XCHANGING,EQ,,,,,XCHANGING SOLUTIONS LTD,60.94,61.3,60.17,60.31,60.18,60.94,,60.31,,,34232,2074824.55,696,F1,1,,,,,
2026-09-01,2026-09-01,CM,NSE,STK,8477,INE01P501012,XELPMOC,EQ,,,,,XELPMOC DESIGN & TECH LTD,82.0,82.0,79.13,79.34,79.25,80.94,,79.34,,,5140,413669.11,163,F1,1,,,,,
2026-09-01,2026-09-01,CM,NSE,STK,11407,INE445C01015,XPROINDIA,EQ,,,,,XPRO INDIA LIMITED,1145.0,1158.0,1121.1,1135.8,1133.2,1148.2,,1135.7,,,32069,36456431.0,2724,F1,1,,,,,
2026-09-01,2026-09-01,CM,NSE,STK,25235,INE547B01028,XTGLOBAL,EQ,,,,,XTGLOBAL INFOTECH LIMITED,31.5,31.89,30.0,30.74,31.2,30.9,,30.74,,,63291,1967258.44,872,F1,1,,,,,
2026-09-01,2026-09-01,CM,NSE,STK,764312,INE0NG701011,XTRANET,EQ,,,,,XTRANET TECHNOLOGIES LTD,194.82,198.39,180.0,187.34,187.99,194.82,,187.33,,,924415,174128380.53,12633,F1,1,,,,,
2026-09-01,2026-09-01,CM,NSE,STK,760870,INE0U0J01015,YAAP,SM,,,,,YAAP DIGITAL LIMITED,124.9,127.0,118.5,120.0,120.0,122.3,,120.0,,,18000,2178550.0,17,F1,1000,,,,,
2026-09-01,2026-09-01,CM,NSE,STK,23451,INE0TO601017,YASHOPTICS,SM,,,,,YASH OPTICS & LENS LTD,123.0,125.0,121.35,123.2,123.6,124.75,,123.2,,,14400,1774080.0,16,F1,800,,,,,
2026-09-01,2026-09-01,CM,NSE,STK,18131,INE616Z01012,YASHO,EQ,,,,,YASHO INDUSTRIES LIMITED,4229.5,4315.0,4208.5,4269.8,4265.0,4208.5,,4270.18,,,17171,73586792.3,4653,F1,1,,,,,
2026-09-01,2026-09-01,CM,NSE,STK,17738,INE0JO301016,YATHARTH,EQ,,,,,YATHARTH HOSP & TRA C S L,1003.0,1003.9,962.8,974.8,979.0,1001.9,,974.79,,,373081,365232436.2,17375,F1,1,,,,,
2026-09-01,2026-09-01,CM,NSE,STK,18760,INE0JR601024,YATRA,EQ,,,,,YATRA ONLINE LIMITED,107.5,115.75,106.71,113.89,114.0,106.42,,113.89,,,6077899,687436611.09,36777,F1,1,,,,,
2026-09-01,2026-09-01,CM,NSE,STK,11915,INE528G01035,YESBANK,EQ,,,,,YES BANK LIMITED,22.51,22.52,21.94,22.1,22.1,22.83,,22.1,,,63872649,1411634091.87,97619,F1,1,,,,,
2026-09-01,2026-09-01,CM,NSE,STK,765010,INE290E01011,YOGI,EQ,,,,,YOGI LTD.,162.95,162.95,155.01,162.95,162.95,162.95,,157.75,,,819,128766.4,20,F1,1,,,,,
2026-09-01,2026-09-01,CM,NSE,STK,18040,INE09FA01019,YUDIZ,SM,,,,,YUDIZ SOLUTIONS LIMITED,22.4,24.65,22.4,24.65,24.65,23.5,,24.65,,,4000,96760.0,5,F1,800,,,,,
2026-09-01,2026-09-01,CM,NSE,STK,5501,INE384C01016,YUKEN,EQ,,,,,YUKEN INDIA LIMITED,962.75,991.0,954.5,972.05,981.0,989.1,,972.47,,,9346,9126808.35,876,F1,1,,,,,
2026-09-01,2026-09-01,CM,NSE,STK,4229,INE116C01012,ZFSTEERING,EQ,,,,,Z F STEERING GEAR (I) LTD,677.9,677.9,664.6,665.9,670.0,666.2,,665.9,,,1771,1185193.4,125,F1,1,,,,,
2026-09-01,2026-09-01,CM,NSE,STK,23976,INE0ISZ01012,ZTECH,SM,,,,,Z-TECH (INDIA) LIMITED,481.0,514.0,480.55,490.05,490.05,480.05,,490.05,,,44700,22291785.0,90,F1,300,,,,,
2026-09-01,2026-09-01,CM,NSE,STK,18608,INE07K301024,ZAGGLE,EQ,,,,,ZAGGLE PREPA OCEAN SER L,184.61,186.88,182.22,184.42,185.5,184.5,,184.42,,,793985,146735310.37,10470,F1,1,,,,,
2026-09-01,2026-09-01,CM,NSE,STK,17766,INE0PPS01018,ZEAL,SM,,,,,ZEAL GLOBAL SERVICES LTD,62.5,62.5,62.5,62.5,62.5,62.5,,62.5,,,600,37500.0,1,F1,600,,,,,
2026-09-01,2026-09-01,CM,NSE,STK,3812,INE256A01028,ZEEL,EQ,,,,,ZEE ENTERTAINMENT ENT LTD,94.0,96.18,92.0,93.41,93.25,93.58,,93.41,,,34196527,3217032676.53,100853,F1,1,,,,,
2026-09-01,2026-09-01,CM,NSE,STK,20856,INE565L01011,ZEELEARN,BE,,,,,ZEE LEARN LIMITED,7.6,7.85,7.3,7.42,7.4,7.62,,7.42,,,226728,1723218.61,380,F1,1,,,,,
2026-09-01,2026-09-01,CM,NSE,STK,14003,INE966H01019,ZEEMEDIA,EQ,,,,,ZEE MEDIA CORPORATION LTD,8.64,8.66,8.2,8.28,8.26,8.65,,8.28,,,2356630,19823658.13,2699,F1,1,,,,,
2026-09-01,2026-09-01,CM,NSE,STK,7508,INE251B01027,ZENTEC,EQ,,,,,ZEN TECHNOLOGIES LIMITED,1779.0,1789.1,1736.5,1780.7,1780.0,1779.1,,1780.72,,,334400,589958703.1,20203,F1,1,,,,,
2026-09-01,2026-09-01,CM,NSE,STK,22803,INE0QWN01013,ZENITHDRUG,SM,,,,,ZENITH DRUGS LIMITED,41.4,41.8,41.0,41.4,41.8,42.1,,41.4,,,11200,460440.0,13,F1,800,,,,,
2026-09-01,2026-09-01,CM,NSE,STK,4176,INE058B01018,ZENITHEXPO,EQ,,,,,ZENITH EXPORTS LTD,210.4,214.0,205.01,214.0,214.0,214.33,,214.0,,,6,1267.81,5,F1,1,,,,,
2026-09-01,2026-09-01,CM,NSE,STK,14562,INE318D01020,ZENITHSTL,EQ,,,,,ZENITH STEEL PIP IND LTD,5.34,5.47,5.21,5.3,5.33,5.34,,5.27,,,95165,511674.99,225,F1,1,,,,,
2026-09-01,2026-09-01,CM,NSE,STK,1076,INE520A01027,ZENSARTECH,EQ,,,,,ZENSAR TECHNOLOGIES  LTD,463.0,475.55,457.7,472.95,473.85,460.35,,472.95,,,1122083,525665385.35,28052,F1,1,,,,,
2026-09-01,2026-09-01,CM,NSE,STK,22901,INF0R8F01042,GOLDCASE,EQ,,,,,ZERODHAAMC - GOLDCASE,24.7,24.7,23.74,23.86,23.88,24.22,,23.86,,,15677029,377071553.27,16939,F1,1,,,,,
2026-09-01,2026-09-01,CM,NSE,STK,21750,INF0R8F01034,LIQUIDCASE,EQ,,,,,ZERODHAAMC - LIQUIDCASE,115.74,115.74,115.72,115.73,115.73,115.71,,115.73,,,23662815,2738598298.35,15138,F1,1,,,,,
2026-09-01,2026-09-01,CM,NSE,STK,758705,INF0R8F01133,LTGILTCASE,EQ,,,,,ZERODHAAMC - LTGILTCASE,30.55,30.55,30.3,30.41,30.44,30.4,,30.41,,,110564,3361775.46,246,F1,1,,,,,
2026-09-01,2026-09-01,CM,NSE,STK,24077,INF0R8F01059,MID150CASE,EQ,,,,,ZERODHAAMC - MID150CASE,11.78,11.83,11.65,11.7,11.68,11.78,,11.7,,,2716854,31825758.31,4226,F1,1,,,,,
2026-09-01,2026-09-01,CM,NSE,STK,759302,INF0R8F01166,NIFTYCASE,EQ,,,,,ZERODHAAMC - NIFTYCASE,9.8,9.8,9.62,9.65,9.68,9.75,,9.65,,,906948,8763337.6,2393,F1,1,,,,,
2026-09-01,2026-09-01,CM,NSE,STK,30274,INF0R8F01091,SILVERCASE,EQ,,,,,ZERODHAAMC - SILVERCASE,23.51,24.31,21.5,22.93,23.09,23.72,,22.93,,,11255328,262544221.93,12524,F1,1,,,,,
2026-09-01,2026-09-01,CM,NSE,STK,758955,INF0R8F01141,SML100CASE,EQ,,,,,ZERODHAAMC - SML100CASE,11.59,11.59,11.23,11.3,11.35,11.34,,11.3,,,1921793,21737522.15,1940,F1,1,,,,,
2026-09-01,2026-09-01,CM,NSE,STK,24081,INF0R8F01067,TOP100CASE,EQ,,,,,ZERODHAAMC - TOP100CASE,10.86,10.86,10.52,10.55,10.57,10.6,,10.55,,,1084957,11488726.41,1327,F1,1,,,,,
2026-09-01,2026-09-01,CM,NSE,STK,16915,INE342J01019,ZFCVINDIA,EQ,,,,,ZF COM VE CTR SYS IND LTD,2545.0,2591.8,2512.1,2547.8,2548.5,2534.6,,2547.8,,,74180,189100387.7,12785,F1,1,,,,,
2026-09-01,2026-09-01,CM,NSE,STK,12384,INE518E01015,ZIMLAB,EQ,,,,,ZIM LABORATORIES LIMITED,122.6,122.98,116.25,117.94,116.32,122.69,,117.95,,,48245,5748954.51,803,F1,1,,,,,
2026-09-01,2026-09-01,CM,NSE,STK,3821,INE206B01013,ZODIACLOTH,EQ,,,,,ZODIAC CLOTHING CO. LTD.,73.89,73.9,72.22,73.04,72.5,73.4,,73.1,,,2074,152198.66,54,F1,1,,,,,
2026-09-01,2026-09-01,CM,NSE,STK,7129,INE761Y01019,ZODIAC,EQ,,,,,ZODIAC ENERGY LIMITED,243.65,245.29,238.02,239.89,242.0,243.65,,239.87,,,8651,2093831.23,515,F1,1,,,,,
2026-09-01,2026-09-01,CM,NSE,STK,11394,INE358U01012,ZOTA,EQ,,,,,ZOTA HEALTH CARE LIMITED,1055.0,1060.8,1024.0,1028.1,1025.0,1053.8,,1028.1,,,54097,56232153.1,3147,F1,1,,,,,
2026-09-01,2026-09-01,CM,NSE,STK,29050,INE840M01016,ZUARI,EQ,,,,,ZUARI AGRO CHEMICALS LTD,232.89,234.0,228.0,231.42,231.45,231.48,,231.39,,,100203,23162336.29,2347,F1,1,,,,,
2026-09-01,2026-09-01,CM,NSE,STK,3827,INE217A01012,ZUARIIND,EQ,,,,,ZUARI INDUSTRIES LIMITED,270.3,281.8,268.65,269.6,269.35,271.7,,269.6,,,109252,29937211.7,2204,F1,1,,,,,
2026-09-01,2026-09-01,CM,NSE,STK,7929,INE010B01027,ZYDUSLIFE,EQ,,,,,ZYDUS LIFESCIENCES LTD,1167.3,1183.0,1152.0,1167.8,1167.8,1161.3,,1167.73,,,1070386,1251249423.7,22404,F1,1,,,,,
2026-09-01,2026-09-01,CM,NSE,STK,17635,INE768C01028,ZYDUSWELL,EQ,,,,,ZYDUS WELLNESS LIMITED,530.4,531.0,521.55,528.8,530.9,530.4,,528.75,,,128038,67488360.95,13905,F1,1,,,,,
