TradDt,BizDt,Sgmt,Src,FinInstrmTp,FinInstrmId,ISIN,TckrSymb,SctySrs,XpryDt,FininstrmActlXpryDt,StrkPric,OptnTp,FinInstrmNm,OpnPric,HghPric,LwPric,ClsPric,LastPric,PrvsClsgPric,UndrlygPric,SttlmPric,OpnIntrst,ChngInOpnIntrst,TtlTradgVol,TtlTrfVal,TtlNbOfTxsExctd,SsnId,NewBrdLotQty,Rmks,Rsvd1,Rsvd2,Rsvd3,Rsvd4
2026-09-25,2026-09-25,CM,NSE,STK,19078,IN0020200104,SGBJUN28,GB,,,,,2.5%GOLDBONDS2028SR-III,14925.83,15044.0,14925.83,15040.0,15040.0,14925.83,,15040.0,,,46,689144.59,15,F1,1,,,,,
2026-09-25,2026-09-25,CM,NSE,STK,1342,IN0020200286,SGBN28VIII,GB,,,,,2.5%GOLDBONDS2028SR-VIII,14951.0,15045.0,14951.0,15038.64,15045.0,14949.98,,15038.64,,,926,13908194.0,63,F1,1,,,,,
2026-09-25,2026-09-25,CM,NSE,STK,3742,IN0020210053,SGBMAY29I,GB,,,,,2.5%GOLDBONDS2029SR-I,15090.0,15099.99,14940.0,15050.0,15050.0,14936.0,,15050.0,,,625,9390706.1,74,F1,1,,,,,
2026-09-25,2026-09-25,CM,NSE,STK,3743,IN0020210061,SGBJUN29II,GB,,,,,2.5%GOLDBONDS2029SR-II,14965.0,15080.0,14965.0,15000.0,15000.0,14965.0,,15015.0,,,29,435340.0,7,F1,1,,,,,
2026-09-25,2026-09-25,CM,NSE,STK,3800,IN0020210087,SGBJU29III,GB,,,,,2.5%GOLDBONDS2029SR-III,14921.01,15048.0,14921.01,15045.77,15048.0,14922.32,,15045.77,,,592,8896163.67,43,F1,1,,,,,
2026-09-25,2026-09-25,CM,NSE,STK,5575,IN0020210145,SGBSEP29VI,GB,,,,,2.5%GOLDBONDS2029SR-VI,14948.1,15050.0,14948.1,15048.66,15050.0,14942.72,,15048.66,,,175,2625278.14,43,F1,1,,,,,
2026-09-25,2026-09-25,CM,NSE,STK,6518,IN0020210178,SGBNV29VII,GB,,,,,2.5%GOLDBONDS2029SR-VII,15100.0,15100.0,15005.21,15100.0,15100.0,14961.48,,15100.0,,,284,4281846.53,24,F1,1,,,,,
2026-09-25,2026-09-25,CM,NSE,STK,5960,IN0020180249,SGBOCT26,GB,,,,,2.50%GOLDBONDS2026SR-II,15001.0,15100.0,15001.0,15100.0,15100.0,15105.0,,15100.0,,,73,1098857.04,15,F1,1,,,,,
2026-09-25,2026-09-25,CM,NSE,STK,6355,IN0020180314,SGBNOV26,GB,,,,,2.50%GOLDBONDS2026SR-III,14810.01,14900.0,14810.01,14900.0,14900.0,15150.0,,14513.0,,,21,312270.07,3,F1,1,,,,,
2026-09-25,2026-09-25,CM,NSE,STK,10261,IN0020190073,SGBJUN27,GB,,,,,2.50%GOLDBONDS2027SR-I,14808.0,14998.0,14808.0,14998.0,14998.0,15030.0,,14998.0,,,56,835778.15,7,F1,1,,,,,
2026-09-25,2026-09-25,CM,NSE,STK,11154,IN0020190081,SGBJUL27,GB,,,,,2.50%GOLDBONDS2027SR-II,14870.0,15010.01,14870.0,15010.01,15010.01,15050.0,,15010.01,,,38,568980.13,10,F1,1,,,,,
2026-09-25,2026-09-25,CM,NSE,STK,12904,IN0020190107,SGBAUG27,GB,,,,,2.50%GOLDBONDS2027SR-III,15000.0,15000.0,15000.0,15000.0,15000.0,14928.0,,15000.0,,,153,2295000.0,5,F1,1,,,,,
2026-09-25,2026-09-25,CM,NSE,STK,13209,IN0020190115,SGBSEP27,GB,,,,,2.50%GOLDBONDS2027SR-IV,15000.0,15400.0,14751.0,15026.96,15400.0,15000.0,,15026.96,,,100,1495510.19,30,F1,1,,,,,
2026-09-25,2026-09-25,CM,NSE,STK,13981,IN0020190370,SGBOCT27,GB,,,,,2.50%GOLDBONDS2027SR-V,15000.0,15200.0,15000.0,15200.0,15200.0,14950.5,,15200.0,,,3,45200.0,2,F1,1,,,,,
2026-09-25,2026-09-25,CM,NSE,STK,8766,IN0020180561,SGBFEB27,GB,,,,,2.50%GOLDBONDS2027SR-VI,15000.0,15000.0,15000.0,15000.0,15000.0,14899.9,,15000.0,,,3,45000.0,1,F1,1,,,,,
2026-09-25,2026-09-25,CM,NSE,STK,15432,IN0020190461,SGBDC27VII,GB,,,,,2.50%GOLDBONDS2027SR-VII,15190.0,15190.0,15000.0,15139.99,15139.99,14990.0,,15139.99,,,18,271184.92,12,F1,1,,,,,
2026-09-25,2026-09-25,CM,NSE,STK,18862,IN0020200062,SGBAPR28I,GB,,,,,2.50%GOLDBONDS2028SR-I,15021.01,15150.0,15021.01,15150.0,15150.0,15010.9,,15150.0,,,347,5237459.8,87,F1,1,,,,,
2026-09-25,2026-09-25,CM,NSE,STK,18972,IN0020200088,SGBMAY28,GB,,,,,2.50%GOLDBONDS2028SR-II,14932.5,15065.0,14931.0,15030.0,15065.0,14920.0,,15030.0,,,77,1154615.02,15,F1,1,,,,,
2026-09-25,2026-09-25,CM,NSE,STK,22242,IN0020200146,SGBJUL28IV,GB,,,,,2.50%GOLDBONDS2028SR-IV,15189.98,15189.98,14940.0,14962.78,14960.0,14895.9,,14962.78,,,363,5433451.32,49,F1,1,,,,,
2026-09-25,2026-09-25,CM,NSE,STK,17664,IN0020190545,SGBFEB28IX,GB,,,,,2.50%GOLDBONDS2028SR-IX,14893.0,14893.0,14893.0,14893.0,14893.0,15050.0,,14893.0,,,1,14893.0,1,F1,1,,,,,
2026-09-25,2026-09-25,CM,NSE,STK,22385,IN0020200161,SGBAUG28V,GB,,,,,2.50%GOLDBONDS2028SR-V,14940.01,15139.99,14938.07,15055.85,15023.01,14938.06,,15055.85,,,2113,31831901.73,129,F1,1,,,,,
2026-09-25,2026-09-25,CM,NSE,STK,149,IN0020200195,SGBSEP28VI,GB,,,,,2.50%GOLDBONDS2028SR-VI,14912.0,15020.0,14912.0,15004.16,15020.0,14899.06,,15004.16,,,110,1649068.83,25,F1,1,,,,,
2026-09-25,2026-09-25,CM,NSE,STK,834,IN0020200203,SGBOC28VII,GB,,,,,2.50%GOLDBONDS2028SR-VII,14951.0,15100.01,14951.0,15100.01,15100.01,14951.0,,15100.01,,,130,1962511.03,15,F1,1,,,,,
2026-09-25,2026-09-25,CM,NSE,STK,5113,IN0020210111,SGBJUL29IV,GB,,,,,2.50%GOLDBONDS2029SR-IV,15074.89,15150.26,14931.01,15000.06,15000.0,14999.89,,15000.06,,,300,4499710.63,37,F1,1,,,,,
2026-09-25,2026-09-25,CM,NSE,STK,1920,IN0020200377,SGBJAN29IX,GB,,,,,2.50%GOLDBONDS2029SR-IX,14927.5,15050.0,14927.5,15050.0,15050.0,14915.6,,15050.0,,,28,419466.2,14,F1,1,,,,,
2026-09-25,2026-09-25,CM,NSE,STK,5455,IN0020210129,SGBAUG29V,GB,,,,,2.50%GOLDBONDS2029SR-V,15020.0,15289.99,14971.0,15050.0,15050.0,15020.05,,15050.0,,,217,3266548.67,58,F1,1,,,,,
2026-09-25,2026-09-25,CM,NSE,STK,7098,IN0020210228,SGBD29VIII,GB,,,,,2.50%GOLDBONDS2029SR-VIII,15006.0,15120.0,15000.0,15119.99,15120.0,15000.0,,15110.42,,,147,2213086.35,42,F1,1,,,,,
2026-09-25,2026-09-25,CM,NSE,STK,2003,IN0020200385,SGBJAN29X,GB,,,,,2.50%GOLDBONDS2029SR-X,14921.01,15079.0,14921.01,15044.8,15044.8,14916.8,,15044.8,,,9,135001.01,8,F1,1,,,,,
2026-09-25,2026-09-25,CM,NSE,STK,2200,IN0020200393,SGBFEB29XI,GB,,,,,2.50%GOLDBONDS2029SR-XI,14976.0,14976.0,14976.0,14976.0,14976.0,14935.17,,14976.0,,,3,44928.0,3,F1,1,,,,,
2026-09-25,2026-09-25,CM,NSE,STK,2810,IN0020200427,SGBMR29XII,GB,,,,,2.50%GOLDBONDS2029SR-XII,14950.0,15049.97,14950.0,14972.31,14999.99,14995.48,,14972.31,,,263,3938967.67,57,F1,1,,,,,
2026-09-25,2026-09-25,CM,NSE,STK,10232,IN0020220045,SGBJUN30,GB,,,,,2.50%GOLDBONDS2030SR-I,15145.0,15250.0,15101.0,15126.26,15250.0,15200.0,,15142.2,,,147,2224172.87,56,F1,1,,,,,
2026-09-25,2026-09-25,CM,NSE,STK,11192,IN0020220078,SGBAUG30,GB,,,,,2.50%GOLDBONDS2030SR-II,15211.0,15249.98,15128.03,15171.16,15220.0,15210.0,,15171.16,,,135,2050014.7,49,F1,1,,,,,
2026-09-25,2026-09-25,CM,NSE,STK,13642,IN0020220110,SGBDE30III,GB,,,,,2.50%GOLDBONDS2030SR-III,15205.01,15339.99,15185.01,15306.31,15329.97,15204.11,,15275.81,,,61,928285.95,24,F1,1,,,,,
2026-09-25,2026-09-25,CM,NSE,STK,7879,IN0020210236,SGBJAN30IX,GB,,,,,2.50%GOLDBONDS2030SR-IX,15021.01,15156.4,15021.01,15104.93,15156.4,15145.0,,15104.93,,,61,920127.69,24,F1,1,,,,,
2026-09-25,2026-09-25,CM,NSE,STK,8401,IN0020210319,SGBMAR30X,GB,,,,,2.50%GOLDBONDS2030SR-X,15006.0,15111.01,15006.0,15100.2,15100.0,15003.93,,15100.2,,,21,317002.05,10,F1,1,,,,,
2026-09-25,2026-09-25,CM,NSE,STK,17202,IN0020230069,SGBJUN31I,GB,,,,,2.50%GOLDBONDS2031SR-I,15325.93,15399.99,15275.0,15371.39,15354.9,15325.92,,15367.54,,,281,4310593.66,77,F1,1,,,,,
2026-09-25,2026-09-25,CM,NSE,STK,19456,IN0020230093,SGBSEP31II,GB,,,,,2.50%GOLDBONDS2031SR-II,15304.0,15369.99,15299.99,15338.63,15369.99,15292.88,,15357.48,,,650,9957966.18,150,F1,1,,,,,
2026-09-25,2026-09-25,CM,NSE,STK,22476,IN0020230168,SGBDE31III,GB,,,,,2.50%GOLDBONDS2031SR-III,15395.0,15530.0,15395.0,15509.03,15480.0,15400.56,,15509.03,,,820,12672647.27,152,F1,1,,,,,
2026-09-25,2026-09-25,CM,NSE,STK,14598,IN0020220169,SGBMAR31IV,GB,,,,,2.50%GOLDBONDS2031SR-IV,15200.0,15319.99,15110.01,15262.5,15240.0,15229.35,,15263.66,,,46,701032.72,30,F1,1,,,,,
2026-09-25,2026-09-25,CM,NSE,STK,22886,IN0020230184,SGBFEB32IV,GB,,,,,2.50%GOLDBONDS2032SR-IV,15592.56,15819.99,15592.56,15758.98,15799.99,15592.55,,15759.05,,,1622,25542980.19,276,F1,1,,,,,
2026-09-25,2026-09-25,CM,NSE,STK,16921,INE144J01027,20MICRONS,EQ,,,,,20 MICRONS LTD,215.01,219.8,212.78,217.58,217.55,213.87,,217.54,,,101345,21981347.25,2985,F1,1,,,,,
2026-09-25,2026-09-25,CM,NSE,STK,4,INE253B01015,21STCENMGM,EQ,,,,,21ST CENTURY MGMT SERVICE,40.16,40.39,39.0,39.87,39.95,39.77,,39.87,,,4675,185064.74,49,F1,1,,,,,
2026-09-25,2026-09-25,CM,NSE,STK,13061,INE466L01038,360ONE,EQ,,,,,360 ONE WAM LIMITED,1080.0,1087.9,1062.3,1073.0,1073.0,1080.8,,1073.0,,,738050,792218326.3,36597,F1,1,,,,,
2026-09-25,2026-09-25,CM,NSE,STK,30105,INF579M01BB5,GOLD360,EQ,,,,,360ONEAMC - GOLD360,145.85,147.1,145.55,146.5,147.1,145.85,,146.53,,,8107,1186090.4,243,F1,1,,,,,
2026-09-25,2026-09-25,CM,NSE,STK,763602,INF579M01BP5,MSCI360,EQ,,,,,360ONEAMC - MSCI360,9.88,9.88,9.72,9.74,9.83,9.88,,9.74,,,13737,133880.68,47,F1,1,,,,,
2026-09-25,2026-09-25,CM,NSE,STK,756150,INF579M01BC3,SILVER360,EQ,,,,,360ONEAMC - SILVER360,223.0,225.54,221.76,225.19,225.53,222.4,,225.19,,,7141,1597754.19,304,F1,1,,,,,
2026-09-25,2026-09-25,CM,NSE,STK,762518,INE994E01018,3BBLACKBIO,EQ,,,,,3B BLACKBIO DX LTD.,1398.3,1473.9,1381.0,1456.2,1473.0,1406.0,,1457.56,,,8013,11345583.8,1282,F1,1,,,,,
2026-09-25,2026-09-25,CM,NSE,STK,6240,INE748C01038,3IINFOLTD,BE,,,,,3I INFOTECH LIMITED,24.94,25.5,23.9,24.35,24.4,24.96,,24.35,,,233223,5685257.86,818,F1,1,,,,,
2026-09-25,2026-09-25,CM,NSE,STK,474,INE470A01017,3MINDIA,EQ,,,,,3M INDIA LIMITED,34595.0,34595.0,33800.0,33925.0,33800.0,34590.0,,33925.57,,,2731,92937460.0,1239,F1,1,,,,,
2026-09-25,2026-09-25,CM,NSE,STK,2595,INE105C01023,3PLAND,EQ,,,,,3P LAND HOLDINGS LIMITED,29.42,31.2,29.42,30.99,30.99,30.52,,30.99,,,2653,80325.36,98,F1,1,,,,,
2026-09-25,2026-09-25,CM,NSE,STK,445,INE618L01018,5PAISA,EQ,,,,,5PAISA CAPITAL LIMITED,310.0,315.0,305.0,308.9,307.1,308.4,,308.9,,,27267,8426963.25,1181,F1,1,,,,,
2026-09-25,2026-09-25,CM,NSE,STK,11868,INE111B01023,63MOONS,EQ,,,,,63 MOONS TECHNOLOGIES LTD,867.5,877.6,851.35,857.65,856.0,862.9,,857.72,,,180556,155713387.25,8227,F1,1,,,,,
2026-09-25,2026-09-25,CM,NSE,STK,20034,INE261F07032,764NABAR31,N2,,,,,7.64% TAX FREE TRI SRIIB,1114.18,1114.18,1112.1,1114.18,1114.18,1114.18,,1114.18,,,19,21150.7,3,F1,1,,,,,
2026-09-25,2026-09-25,CM,NSE,STK,19928,INE031A07AO5,764HUDCO31,N8,,,,,7.64% TAX FREETRI SR2B,1128.0,1128.0,1128.0,1128.0,1128.0,1130.0,,1130.95,,,1,1128.0,1,F1,1,,,,,
2026-09-25,2026-09-25,CM,NSE,STK,20022,INE134E07208,830PFCL27,N5,,,,,8.30% TAX FREE NCD,1087.0,1093.0,1087.0,1088.0,1088.0,1087.0,,1088.0,,,183,199251.0,8,F1,1,,,,,
2026-09-25,2026-09-25,CM,NSE,STK,192,INE906B07DF8,875NHAI29,N6,,,,,8.75% TAX FREE TR I S IIB,1108.0,1124.49,1108.0,1123.66,1123.99,1118.0,,1122.72,,,2465,2753531.22,25,F1,1,,,,,
2026-09-25,2026-09-25,CM,NSE,STK,19968,INE031A07949,876HUDCO28,ND,,,,,8.76% TAX FREETRI SR2B,1140.03,1141.01,1140.03,1140.11,1140.06,1142.0,,1140.11,,,700,798061.75,6,F1,1,,,,,
2026-09-25,2026-09-25,CM,NSE,STK,31768,INE733E07JJ9,891NTPC33,N6,,,,,8.91%S-R-NCD SERIES 3B,1289.0,1289.0,1289.0,1289.0,1289.0,1277.05,,1289.0,,,1,1289.0,1,F1,1,,,,,
2026-09-25,2026-09-25,CM,NSE,STK,31487,INE848E07567,892NHPC33,N6,,,,,8.92% SEC RED BOND S3B,1265.0,1265.0,1265.0,1265.0,1265.0,1260.0,,1265.0,,,140,177100.0,2,F1,1,,,,,
2026-09-25,2026-09-25,CM,NSE,STK,19970,INE031A07AB2,901HUDCO34,NE,,,,,9.01% TAX FREETRII SR3B,1287.0,1287.0,1282.06,1282.06,1282.06,1287.7,,1282.06,,,29,37248.9,3,F1,1,,,,,
2026-09-25,2026-09-25,CM,NSE,STK,759130,INE08PH01015,ABCOTS,EQ,,,,,A B COTSPIN INDIA LIMITED,203.0,208.0,200.01,203.07,202.45,201.58,,203.07,,,4142,840704.05,134,F1,1,,,,,
2026-09-25,2026-09-25,CM,NSE,STK,27016,INE00YB01025,ABINFRA,BE,,,,,A B INFRABUILD LIMITED,12.7,12.7,12.11,12.58,12.5,12.31,,12.58,,,438034,5445939.76,273,F1,1,,,,,
2026-09-25,2026-09-25,CM,NSE,STK,762528,INE850B01026,ABMKNO,EQ,,,,,A B M KNOWLEDGEWARE LTD.,170.8,189.0,168.0,174.07,178.0,170.8,,174.07,,,7283,1306083.55,231,F1,1,,,,,
2026-09-25,2026-09-25,CM,NSE,STK,762536,INE366C01021,ACSTECH,BE,,,,,A C S TECHNOLOGIES LTD.,80.41,84.38,80.0,84.38,84.38,80.37,,84.49,,,430830,35908897.19,1273,F1,1,,,,,
2026-09-25,2026-09-25,CM,NSE,STK,762538,INE701G01012,AKCAPIT,EQ,,,,,A K CAPITAL SERVICES LTD.,1745.7,1755.0,1745.7,1754.0,1750.0,1729.2,,1750.19,,,204,357060.7,29,F1,1,,,,,
2026-09-25,2026-09-25,CM,NSE,STK,20906,INE619I01012,A2ZINFRA,EQ,,,,,A2Z INFRA ENGINEERING LTD,14.56,15.14,14.56,14.72,14.72,14.74,,14.72,,,167738,2495050.83,382,F1,1,,,,,
2026-09-25,2026-09-25,CM,NSE,STK,12533,INE0D0U01013,AAATECH,EQ,,,,,AAA TECHNOLOGIES LIMITED,93.2,105.9,89.26,101.5,101.75,91.84,,101.52,,,735186,69268123.94,2304,F1,1,,,,,
2026-09-25,2026-09-25,CM,NSE,STK,23729,INE883F01010,AADHARHFC,EQ,,,,,AADHAR HOUSING FINANCE L,446.55,450.6,441.3,444.5,443.1,446.7,,444.5,,,440466,196334829.6,16035,F1,1,,,,,
2026-09-25,2026-09-25,CM,NSE,STK,757579,INE1GYP01013,AAKAAR,SM,,,,,AAKAAR MEDICAL TECHNO LTD,70.0,70.0,70.0,70.0,70.0,68.15,,70.0,,,1600,112000.0,1,F1,1600,,,,,
2026-09-25,2026-09-25,CM,NSE,STK,235,INE087Z01024,AAKASH,EQ,,,,,AAKASH EXPLORATION SER L,9.05,9.34,8.85,8.92,8.93,9.09,,8.92,,,140427,1261001.46,312,F1,1,,,,,
2026-09-25,2026-09-25,CM,NSE,STK,758216,INE124401014,AARADHYA,ST,,,,,AARADHYA DISPOSAL INDUS L,138.0,138.0,134.25,136.0,136.0,138.0,,136.0,,,10800,1464900.0,9,F1,1200,,,,,
2026-09-25,2026-09-25,CM,NSE,STK,5245,INE198H01019,AAREYDRUGS,EQ,,,,,AAREY DRUGS & PHARM LTD,98.5,102.01,98.02,101.57,102.01,100.26,,101.56,,,112885,11285923.01,815,F1,1,,,,,
2026-09-25,2026-09-25,CM,NSE,STK,761824,INE750R01016,AARNAV,BE,,,,,AARNAV FASHIONS LIMITED,34.4,36.48,33.51,36.05,36.0,35.0,,36.05,,,33429,1198533.61,125,F1,1,,,,,
2026-09-25,2026-09-25,CM,NSE,STK,1030,INE721Z01010,AARON,EQ,,,,,AARON INDUSTRIES LIMITED,118.5,125.0,116.71,124.11,123.05,116.68,,124.11,,,28654,3479379.97,636,F1,1,,,,,
2026-09-25,2026-09-25,CM,NSE,STK,17164,INE01C001026,AARTECH,BE,,,,,AARTECH SOLONICS LIMITED,50.2,51.17,49.46,50.11,50.79,50.41,,50.14,,,10014,503955.72,62,F1,1,,,,,
2026-09-25,2026-09-25,CM,NSE,STK,4481,INE767A01016,AARTIDRUGS,EQ,,,,,AARTI DRUGS LTD.,440.0,440.95,425.0,427.4,426.1,437.25,,427.5,,,212626,91334967.1,5656,F1,1,,,,,
2026-09-25,2026-09-25,CM,NSE,STK,7,INE769A01020,AARTIIND,EQ,,,,,AARTI INDUSTRIES LTD,487.85,492.7,484.6,489.25,488.5,489.45,,489.25,,,302323,147881998.15,15198,F1,1,,,,,
2026-09-25,2026-09-25,CM,NSE,STK,13868,INE0LRU01027,AARTIPHARM,EQ,,,,,AARTI PHARMALABS LIMITED,930.0,962.0,915.45,939.55,942.1,934.25,,939.52,,,675198,637306245.45,33528,F1,1,,,,,
2026-09-25,2026-09-25,CM,NSE,STK,19263,INE09EO01013,AARTISURF,BE,,,,,AARTI SURFACTANTS LIMITED,525.0,525.0,500.05,515.7,514.75,516.75,,515.7,,,5605,2871212.25,161,F1,1,,,,,
2026-09-25,2026-09-25,CM,NSE,STK,19073,INE754X01016,AARVI,EQ,,,,,AARVI ENCON LIMITED,135.85,139.94,135.85,136.91,138.0,135.85,,136.93,,,7911,1080802.1,170,F1,1,,,,,
2026-09-25,2026-09-25,CM,NSE,STK,763800,INE2FMX01012,AASTHA,EQ,,,,,AASTHA SPINTEX LIMITED,79.0,79.0,72.72,72.72,72.72,80.8,,72.72,,,4769681,351405226.1,14213,F1,1,,,,,
2026-09-25,2026-09-25,CM,NSE,STK,16961,INE0OB201016,AATMAJ,SM,,,,,AATMAJ HEALTHCARE LIMITED,20.4,20.4,20.35,20.4,20.4,19.9,,20.4,,,6000,122300.0,3,F1,2000,,,,,
2026-09-25,2026-09-25,CM,NSE,STK,5385,INE216P01012,AAVAS,EQ,,,,,AAVAS FINANCIERS LIMITED,1246.1,1277.2,1242.7,1267.7,1261.2,1256.4,,1268.29,,,49117,61682778.8,9625,F1,1,,,,,
2026-09-25,2026-09-25,CM,NSE,STK,7759,INE421A01028,ABAN,BE,,,,,ABAN OFFSHORE LTD.,13.8,14.22,13.68,13.85,14.21,13.95,,13.85,,,25867,362059.11,120,F1,1,,,,,
2026-09-25,2026-09-25,CM,NSE,STK,762523,INE365O01028,ABANSENT,EQ,,,,,ABANS ENTERPRISES LTD.,27.38,27.38,26.36,27.18,27.0,27.25,,27.33,,,3615,97067.99,132,F1,1,,,,,
2026-09-25,2026-09-25,CM,NSE,STK,13288,INE00ZE01026,AFSL,EQ,,,,,ABANS FINANCIAL SRVCS LTD,201.61,204.9,201.0,201.0,201.0,203.47,,201.0,,,4255,855706.4,80,F1,1,,,,,
2026-09-25,2026-09-25,CM,NSE,STK,13,INE117A01022,ABB,EQ,,,,,ABB INDIA LIMITED,7111.0,7201.5,7025.0,7052.5,7052.5,7129.0,,7052.88,,,80574,571083038.5,14255,F1,1,,,,,
2026-09-25,2026-09-25,CM,NSE,STK,17903,INE358A01014,ABBOTINDIA,EQ,,,,,ABBOTT INDIA LIMITED,26860.0,27095.0,26860.0,26955.0,26985.0,26860.0,,26949.46,,,2263,60987595.0,1495,F1,1,,,,,
2026-09-25,2026-09-25,CM,NSE,STK,755940,INE860H07IP2,78ABCL33,N1,,,,,ABCL 7.8% SR V,894.0,1000.0,894.0,990.0,990.0,1020.0,,990.0,,,41,39528.0,9,F1,1,,,,,
2026-09-25,2026-09-25,CM,NSE,STK,755944,INE860H07IT4,805ABCL28,N5,,,,,ABCL 8.05% SR III,1045.0,1047.0,1045.0,1047.0,1047.0,1067.0,,1047.0,,,59,61673.0,3,F1,1,,,,,
2026-09-25,2026-09-25,CM,NSE,STK,765463,INE1R2M01019,ABH,SM,,,,,ABH HEALTHCARE LIMITED,45.45,46.5,45.4,45.4,45.4,47.75,,45.4,,,32400,1474620.0,27,F1,1200,,,,,
2026-09-25,2026-09-25,CM,NSE,STK,5551,INE251C01025,ABMINTLLTD,BE,,,,,ABM INTERNATIONAL LTD,46.12,46.12,45.2,45.2,45.2,46.12,,45.2,,,1136,52285.6,12,F1,1,,,,,
2026-09-25,2026-09-25,CM,NSE,STK,23783,INE0QRV01016,ABSMARINE,SM,,,,,ABS MARINE SERVICES LTD,313.0,320.0,301.5,317.0,320.0,309.6,,317.0,,,56500,17596550.0,96,F1,500,,,,,
2026-09-25,2026-09-25,CM,NSE,STK,22,INE012A01025,ACC,EQ,,,,,ACC LIMITED,1236.1,1239.8,1230.5,1236.4,1235.0,1236.1,,1236.42,,,45301,55993364.5,6393,F1,1,,,,,
2026-09-25,2026-09-25,CM,NSE,STK,7053,INE793A01012,ACCELYA,EQ,,,,,ACCELYA SOLN INDIA LTD,1120.9,1130.9,1108.6,1110.0,1110.0,1120.9,,1110.0,,,10220,11374941.9,891,F1,1,,,,,
2026-09-25,2026-09-25,CM,NSE,STK,20488,INE0Q5D01013,ACCENTMIC,SM,,,,,ACCENT MICROCELL LIMITED,672.5,677.45,660.0,674.85,675.0,674.25,,674.85,,,80000,53674250.0,81,F1,500,,,,,
2026-09-25,2026-09-25,CM,NSE,STK,757024,INE0T8T01010,ACCPL,ST,,,,,ACCRETION PHARMA LIMITED,200.0,205.0,198.0,203.3,203.3,205.0,,203.3,,,18000,3609720.0,11,F1,1200,,,,,
2026-09-25,2026-09-25,CM,NSE,STK,1472,INE648Z01023,ACCURACY,BE,,,,,ACCURACY SHIPPING LIMITED,4.39,4.39,4.09,4.28,4.29,4.3,,4.31,,,85179,358930.83,157,F1,1,,,,,
2026-09-25,2026-09-25,CM,NSE,STK,11779,INE543V01017,ACEINTEG,EQ,,,,,ACE INTEGRATED SOLU. LTD.,17.03,17.99,17.03,17.58,17.6,17.71,,17.58,,,1030,18009.67,86,F1,1,,,,,
2026-09-25,2026-09-25,CM,NSE,STK,761112,INE1J6M01010,ACETEC,SM,,,,,ACETECH E-COMMERCE LTD,151.0,152.0,145.0,145.0,145.0,148.0,,145.0,,,6000,891720.0,5,F1,1200,,,,,
2026-09-25,2026-09-25,CM,NSE,STK,27061,INE622W01025,ACMESOLAR,EQ,,,,,ACME SOLAR HOLDINGS LTD,446.9,449.75,431.5,442.9,439.65,446.65,,442.88,,,3082821,1358250228.0,56589,F1,1,,,,,
2026-09-25,2026-09-25,CM,NSE,STK,13587,INE731H01025,ACE,EQ,,,,,ACTION CONST EQUIP LTD,1242.0,1250.0,1212.1,1226.6,1223.8,1241.0,,1226.71,,,184368,226257309.0,15032,F1,1,,,,,
2026-09-25,2026-09-25,CM,NSE,STK,5578,INE00FF01025,ACUTAAS,EQ,,,,,ACUTAAS CHEMICALS LIMITED,3294.9,3311.4,3232.0,3272.5,3272.7,3283.7,,3272.48,,,153473,501417119.2,25984,F1,1,,,,,
2026-09-25,2026-09-25,CM,NSE,STK,10217,INE931S01010,ADANIENSOL,EQ,,,,,ADANI ENERGY SOLUTION LTD,1341.4,1344.0,1315.0,1338.5,1338.5,1340.5,,1338.51,,,1534753,2041633443.9,34850,F1,1,,,,,
2026-09-25,2026-09-25,CM,NSE,STK,12184,INE423A01024,ADANIENT,BL,,,,,ADANI ENTERPRISES LIMITED,2905.0,2905.0,2905.0,2905.0,2905.0,2913.4,,2905.0,,,8600000,24983000000.0,2,F1,999999999,,,,,
2026-09-25,2026-09-25,CM,NSE,STK,25,INE423A01024,ADANIENT,EQ,,,,,ADANI ENTERPRISES LIMITED,2920.0,2939.9,2902.5,2916.5,2916.5,2900.0,,2916.47,,,570504,1666048960.9,42051,F1,1,,,,,
2026-09-25,2026-09-25,CM,NSE,STK,3563,INE364U01010,ADANIGREEN,EQ,,,,,ADANI GREEN ENERGY LTD,1279.9,1299.6,1270.2,1296.6,1296.6,1280.1,,1296.56,,,972126,1251738859.6,29039,F1,1,,,,,
2026-09-25,2026-09-25,CM,NSE,STK,15083,INE742F01042,ADANIPORTS,EQ,,,,,ADANI PORT & SEZ LTD,1791.8,1800.6,1775.0,1788.0,1788.0,1785.3,,1787.96,,,895306,1601195438.1,37063,F1,1,,,,,
2026-09-25,2026-09-25,CM,NSE,STK,17388,INE814H01029,ADANIPOWER,EQ,,,,,ADANI POWER LTD,200.0,203.6,196.1,202.75,202.75,199.48,,202.76,,,16171228,3245814998.91,81785,F1,1,,,,,
2026-09-25,2026-09-25,CM,NSE,STK,6066,INE399L01023,ATGL,EQ,,,,,ADANI TOTAL GAS LIMITED,615.0,615.0,605.1,611.65,611.0,612.4,,611.6,,,547772,334369107.95,21297,F1,1,,,,,
2026-09-25,2026-09-25,CM,NSE,STK,764563,INE757C01021,ADDIND,EQ,,,,,ADDI INDUSTRIES LTD.,80.9,80.9,75.0,77.2,77.9,76.99,,77.2,,,181,13960.48,22,F1,1,,,,,
2026-09-25,2026-09-25,CM,NSE,STK,22468,INE0RDH01021,ADDICTIVE,SM,,,,,ADDICTIVE LEARNING TECH L,45.15,46.3,45.15,46.3,46.3,44.1,,46.3,,,4500,205975.0,9,F1,500,,,,,
2026-09-25,2026-09-25,CM,NSE,STK,19761,INE982B01027,ADFFOODS,EQ,,,,,ADF FOODS LIMITED,270.0,271.7,264.5,270.6,270.0,271.65,,270.5,,,51882,13923980.05,2429,F1,1,,,,,
2026-09-25,2026-09-25,CM,NSE,STK,763156,INE20PL01012,ADISOFT,SM,,,,,ADISOFT TECHNOLOGIES LTD,252.05,264.0,247.0,259.5,261.1,251.05,,259.5,,,108000,27239760.0,131,F1,800,,,,,
2026-09-25,2026-09-25,CM,NSE,STK,6018,INE404A01024,ABSLAMC,EQ,,,,,ADIT BIRL SUN LIF AMC LTD,1020.0,1023.7,1001.5,1014.5,1016.9,1024.2,,1014.51,,,112917,114307749.7,17021,F1,1,,,,,
2026-09-25,2026-09-25,CM,NSE,STK,21614,INE674K01013,ABCAPITAL,EQ,,,,,ADITYA BIRLA CAPITAL LTD.,390.9,392.2,384.8,390.0,390.0,390.1,,390.0,,,2752305,1066813910.15,28946,F1,1,,,,,
2026-09-25,2026-09-25,CM,NSE,STK,30108,INE647O01011,ABFRL,EQ,,,,,ADITYA BIRLA FASHION & RT,48.02,49.28,47.88,49.14,49.2,48.06,,49.14,,,4619236,224181323.18,16828,F1,1,,,,,
2026-09-25,2026-09-25,CM,NSE,STK,756843,INE14LE01019,ABLBL,EQ,,,,,ADITYA BIRLA LIFES BRAN L,78.17,79.36,78.01,78.72,78.78,78.59,,78.72,,,631342,49695622.35,8009,F1,1,,,,,
2026-09-25,2026-09-25,CM,NSE,STK,15239,INE865C01022,BIRLAMONEY,EQ,,,,,ADITYA BIRLA MONEY LTD,118.66,119.95,117.21,118.87,119.95,118.66,,118.86,,,18043,2131825.57,862,F1,1,,,,,
2026-09-25,2026-09-25,CM,NSE,STK,625,INE055A01016,ABREL,EQ,,,,,ADITYA BIRLA REAL EST LTD,1215.9,1245.0,1208.0,1230.9,1232.0,1211.8,,1230.91,,,164987,202509525.1,15584,F1,1,,,,,
2026-09-25,2026-09-25,CM,NSE,STK,758858,INE819V01029,CPPLUS,EQ,,,,,ADITYA INFOTECH LIMITED,3802.0,3943.0,3663.2,3687.5,3716.0,3800.1,,3687.9,,,165927,628385263.5,25391,F1,1,,,,,
2026-09-25,2026-09-25,CM,NSE,STK,25248,INE01YQ01013,AUSL,SM,,,,,ADITYA ULTRA STEEL LTD,22.95,23.0,22.95,23.0,23.0,24.15,,23.0,,,6000,137900.0,3,F1,2000,,,,,
2026-09-25,2026-09-25,CM,NSE,STK,25984,INE679V01027,AVL,EQ,,,,,ADITYA VISION LIMITED,633.15,633.15,613.0,619.5,620.05,628.05,,619.49,,,109489,67757928.1,7922,F1,1,,,,,
2026-09-25,2026-09-25,CM,NSE,STK,23804,INF209KB18D3,BSLGOLDETF,EQ,,,,,ADITYBIRLA SL GOLD ETF-GR,132.5,132.5,131.43,132.4,132.43,131.48,,132.4,,,1931415,254856332.58,1241,F1,1,,,,,
2026-09-25,2026-09-25,CM,NSE,STK,24781,INF209KB19D1,BSLNIFTY,EQ,,,,,ADITYBIRLA SL NIF ETF-GR,27.82,27.82,26.8,27.16,27.15,27.15,,27.16,,,591858,16070305.3,4190,F1,1,,,,,
2026-09-25,2026-09-25,CM,NSE,STK,34,INE045A01017,ADOR,EQ,,,,,ADOR WELDING LTD,1612.9,1656.9,1598.1,1638.9,1630.6,1612.9,,1638.59,,,39147,63772034.2,3501,F1,1,,,,,
2026-09-25,2026-09-25,CM,NSE,STK,4953,INE737B01033,ADROITINFO,EQ,,,,,ADROIT INFOTECH LIMITED,12.73,13.37,12.6,13.18,13.3,12.73,,13.18,,,181849,2370158.35,771,F1,1,,,,,
2026-09-25,2026-09-25,CM,NSE,STK,760657,INE0ALI01010,ADVAIT,EQ,,,,,ADVAIT ENRGY TRANSITION L,1930.1,1935.9,1875.0,1906.0,1909.7,1922.4,,1906.0,,,40474,76666637.8,6501,F1,1,,,,,
2026-09-25,2026-09-25,CM,NSE,STK,759402,INE1B0W01010,ADVANCE,EQ,,,,,ADVANCE AGROLIFE LIMITED,118.7,124.0,114.92,123.12,123.0,118.67,,123.12,,,383107,46697304.83,4500,F1,1,,,,,
2026-09-25,2026-09-25,CM,NSE,STK,18039,INE837H01020,ADVENZYMES,EQ,,,,,ADVANCED ENZYME TECH LTD,292.75,297.0,290.0,291.15,290.25,292.75,,291.15,,,185804,54551762.5,4697,F1,1,,,,,
2026-09-25,2026-09-25,CM,NSE,STK,14745,INE199C01026,ADVANIHOTR,EQ,,,,,ADVANI HOT.& RES.(I) LTD,47.75,48.36,47.5,47.94,47.84,47.75,,47.95,,,14028,671225.74,294,F1,1,,,,,
2026-09-25,2026-09-25,CM,NSE,STK,759769,INE28GN01010,ADVENTHTL,EQ,,,,,ADVENT HOTELS INTERNATI L,127.3,129.0,124.63,126.95,127.21,127.04,,126.95,,,168717,21345436.25,1678,F1,1,,,,,
2026-09-25,2026-09-25,CM,NSE,STK,765015,INE178T01024,ADVIKCA,EQ,,,,,ADVIK CAPITAL LTD.,0.95,1.01,0.95,0.98,0.99,0.99,,0.98,,,213384,208811.65,256,F1,1,,,,,
2026-09-25,2026-09-25,CM,NSE,STK,762227,INE1SJO01012,RAMBHAJO,EQ,,,,,ADVIT JEWELS LIMITED,279.5,294.65,277.98,286.23,285.25,275.76,,286.23,,,649377,187190702.34,12138,F1,1,,,,,
2026-09-25,2026-09-25,CM,NSE,STK,40,INE208C01025,AEGISLOG,EQ,,,,,AEGIS LOGISTICS LIMITED,1375.6,1404.9,1355.0,1365.4,1366.0,1369.7,,1365.45,,,290729,400747307.1,20140,F1,1,,,,,
2026-09-25,2026-09-25,CM,NSE,STK,757336,INE0INX01018,AEGISVOPAK,EQ,,,,,AEGIS VOPAK TERMINALS LTD,291.15,294.4,286.3,287.5,287.05,289.1,,287.5,,,673754,195163806.75,17295,F1,1,,,,,
2026-09-25,2026-09-25,CM,NSE,STK,757870,INE423A07401,AEL17725,,,,,,AEL 0% 2027 SR II,1110.0,1110.0,1110.0,1110.0,1110.0,1110.0,,1110.0,,,2,2220.0,1,F1,1,,,,,
2026-09-25,2026-09-25,CM,NSE,STK,761347,INE423A07542,AEL1212026,NO,,,,,AEL 0% 2031 SR VIII,1052.0,1052.0,1052.0,1052.0,1052.0,1050.0,,1052.0,,,8,8416.0,1,F1,1,,,,,
2026-09-25,2026-09-25,CM,NSE,STK,761340,INE423A07484,860AEL28,NH,,,,,AEL 8.60% 2028 SR I,1041.7,1041.7,1041.2,1041.2,1041.2,1040.2,,1041.1,,,180,187417.5,2,F1,1,,,,,
2026-09-25,2026-09-25,CM,NSE,STK,761345,INE423A07518,862AEL31,NM,,,,,AEL 8.62% 2031 SR VI,1022.0,1022.0,1021.1,1021.1,1021.1,1037.0,,1021.05,,,300,306510.0,2,F1,1,,,,,
2026-09-25,2026-09-25,CM,NSE,STK,761346,INE423A07526,890AEL31,NN,,,,,AEL 8.90% 2031 SR VII,1061.95,1062.0,1058.0,1058.05,1058.05,1062.0,,1058.05,,,127,134773.75,4,F1,1,,,,,
2026-09-25,2026-09-25,CM,NSE,STK,757869,INE423A07450,895AEL27,N9,,,,,AEL 8.95% 2027 SR I,1010.01,1010.01,1010.01,1010.01,1010.01,1003.0,,1010.01,,,48,48480.48,4,F1,1,,,,,
2026-09-25,2026-09-25,CM,NSE,STK,757875,INE423A07393,930AEL30,NF,,,,,AEL 9.3% 2030 SR VII,1042.0,1042.0,1042.0,1042.0,1042.0,1042.02,,1043.0,,,29,30218.0,1,F1,1,,,,,
2026-09-25,2026-09-25,CM,NSE,STK,760234,INE947N01017,AEQUS,EQ,,,,,AEQUS LIMITED,244.2,250.43,244.2,246.05,246.0,242.79,,246.06,,,2044376,505673082.33,52345,F1,1,,,,,
2026-09-25,2026-09-25,CM,NSE,STK,12015,INE065D01027,AEROENTER,EQ,,,,,AEROFLEX ENTERPRISES LTD,126.25,126.51,124.03,125.64,125.53,126.86,,125.64,,,241671,30205230.32,3457,F1,1,,,,,
2026-09-25,2026-09-25,CM,NSE,STK,18268,INE024001021,AEROFLEX,EQ,,,,,AEROFLEX INDUSTRIES LTD,530.95,537.45,518.0,525.7,525.8,527.2,,525.66,,,515468,271300877.8,17473,F1,1,,,,,
2026-09-25,2026-09-25,CM,NSE,STK,13689,INE035801013,AERONEU,EQ,,,,,AEROFLEX NEU LIMITED,93.0,94.0,78.0,80.22,78.0,80.64,,80.29,,,288275,25115924.06,4428,F1,1,,,,,
2026-09-25,2026-09-25,CM,NSE,STK,25065,INE0WL801011,AERON,SM,,,,,AERON COMPOSITE LIMITED,84.0,84.0,82.05,82.05,82.05,82.0,,82.05,,,2000,166050.0,2,F1,1000,,,,,
2026-09-25,2026-09-25,CM,NSE,STK,24830,INE0TSF01011,AESTHETIK,SM,,,,,AESTHETIK ENGINEERS LTD,66.6,67.05,66.6,67.05,67.05,68.75,,67.05,,,2000,133650.0,2,F1,1000,,,,,
2026-09-25,2026-09-25,CM,NSE,STK,9810,INE0BWX01014,AETHER,EQ,,,,,AETHER INDUSTRIES LIMITED,1653.0,1798.0,1640.4,1767.0,1772.0,1646.2,,1767.07,,,1686153,2942649102.0,130587,F1,1,,,,,
2026-09-25,2026-09-25,CM,NSE,STK,25977,INE101I01011,AFCONS,EQ,,,,,AFCONS INFRASTRUCTURE LTD,255.6,255.6,249.75,252.5,252.6,253.75,,252.49,,,434570,109548511.0,10048,F1,1,,,,,
2026-09-25,2026-09-25,CM,NSE,STK,11343,INE00WC01027,AFFLE,EQ,,,,,AFFLE 3I LIMITED,1584.2,1591.8,1547.3,1578.0,1572.5,1588.1,,1577.92,,,113281,177635704.2,17503,F1,1,,,,,
2026-09-25,2026-09-25,CM,NSE,STK,25855,INE692Z01013,AFFORDABLE,EQ,,,,,AFFORD ROBO & AUTO LTD,183.0,183.0,170.0,178.25,179.9,177.35,,178.24,,,27345,4817350.96,866,F1,1,,,,,
2026-09-25,2026-09-25,CM,NSE,STK,759283,INE916Y07057,12AFIL28,N0,,,,,AFIL 12% 2028,9981.0,10049.94,9981.0,10000.0,10000.0,10026.99,,10000.0,,,24,240592.4,4,F1,1,,,,,
2026-09-25,2026-09-25,CM,NSE,STK,14263,INE0MLA01012,AGARWALFT,SM,,,,,AGARWAL FLOAT GLASS I LTD,25.95,25.95,25.95,25.95,25.95,27.3,,25.95,,,1500,38925.0,1,F1,1500,,,,,
2026-09-25,2026-09-25,CM,NSE,STK,3389,INE204E01012,AGARIND,EQ,,,,,AGARWAL INDS CORP LTD.,407.45,407.45,391.25,397.9,397.0,400.05,,397.9,,,35549,14092514.05,2482,F1,1,,,,,
2026-09-25,2026-09-25,CM,NSE,STK,27309,INE0P8X01016,AGARWALTUF,SM,,,,,AGARWAL TOUGH GLASS IND L,155.0,166.0,153.0,164.55,165.0,155.1,,164.55,,,376800,60353160.0,108,F1,1200,,,,,
2026-09-25,2026-09-25,CM,NSE,STK,11033,INE753W01010,AGASTYAEN,BE,,,,,AGASTYA ENE AND INFRA LTD,72.42,72.42,72.42,72.42,72.42,73.89,,72.42,,,85430,6186840.6,113,F1,1,,,,,
2026-09-25,2026-09-25,CM,NSE,STK,1412,INE415A01038,AGI,EQ,,,,,AGI GREENPAC LIMITED,822.0,824.3,796.2,803.35,804.0,821.35,,803.37,,,182324,146845268.9,13628,F1,1,,,,,
2026-09-25,2026-09-25,CM,NSE,STK,24445,INE976R01033,AGIIL,EQ,,,,,AGI INFRA LIMITED,273.0,275.0,262.45,264.55,264.9,271.45,,264.55,,,3237412,870509768.35,17937,F1,1,,,,,
2026-09-25,2026-09-25,CM,NSE,STK,10491,INE0LF301013,AGNI,SM,,,,,AGNI GREEN POWER LTD,16.25,16.35,15.35,16.0,16.0,15.95,,16.0,,,27500,434500.0,11,F1,2500,,,,,
2026-09-25,2026-09-25,CM,NSE,STK,11072,INE449G01018,AGRITECH,EQ,,,,,AGRI-TECH (INDIA) LIMITED,97.25,99.0,95.65,96.03,96.96,95.76,,95.87,,,2349,227359.97,81,F1,1,,,,,
2026-09-25,2026-09-25,CM,NSE,STK,9046,INE740V01019,AGROPHOS,EQ,,,,,AGRO PHOS INDIA LIMITED,24.27,24.3,23.3,24.2,24.3,24.27,,24.2,,,8329,198979.13,144,F1,1,,,,,
2026-09-25,2026-09-25,CM,NSE,STK,759202,INE583L01014,AGSTRA,BZ,,,,,AGS TRANSACT TECH LTD,2.4,2.4,2.18,2.4,2.4,2.29,,2.4,,,579623,1354915.77,481,F1,1,,,,,
2026-09-25,2026-09-25,CM,NSE,STK,2004,INE00PV01013,AHLADA,EQ,,,,,AHLADA ENGINEERS LIMITED,38.95,40.5,37.51,39.16,38.99,38.76,,39.16,,,16684,657319.86,138,F1,1,,,,,
2026-09-25,2026-09-25,CM,NSE,STK,17833,INE758C01029,AHLUCONT,EQ,,,,,AHLUWALIA CONT IND LTD,585.55,588.45,574.15,585.55,584.05,582.75,,585.55,,,29866,17339358.75,2223,F1,1,,,,,
2026-09-25,2026-09-25,CM,NSE,STK,13086,INE212H01026,AIAENG,EQ,,,,,AIA ENGINEERING LIMITED,3954.0,3984.6,3884.0,3919.4,3911.2,3953.4,,3919.42,,,19038,74602130.7,7010,F1,1,,,,,
2026-09-25,2026-09-25,CM,NSE,STK,765495,INE0R9407016,12AIL28,N0,,,,,AIL 12% 2028,9999.0,9999.0,9999.0,9999.0,9999.0,9989.0,,9999.0,,,10,99990.0,1,F1,1,,,,,
2026-09-25,2026-09-25,CM,NSE,STK,23984,INE0RUV01018,AIMTRON,SM,,,,,AIMTRON ELECTRONICS LTD,1789.9,1900.0,1784.0,1890.25,1877.55,1797.55,,1890.25,,,108400,201172310.0,461,F1,200,,,,,
2026-09-25,2026-09-25,CM,NSE,STK,9878,INE805A01014,GOLDTECH,BE,,,,,AION-TECH SOLUTIONS LTD,48.5,48.59,46.4,48.51,48.59,46.28,,48.62,,,50356,2418468.21,242,F1,1,,,,,
2026-09-25,2026-09-25,CM,NSE,STK,9897,INE645W01026,AIRAN,EQ,,,,,AIRAN LIMITED,16.7,17.2,16.51,17.03,17.0,16.58,,17.03,,,101852,1709064.63,319,F1,1,,,,,
2026-09-25,2026-09-25,CM,NSE,STK,6068,INE801L01010,AIROLAM,EQ,,,,,AIRO LAM LIMITED,91.0,94.9,90.0,92.29,94.85,88.34,,92.29,,,5894,545938.37,92,F1,1,,,,,
2026-09-25,2026-09-25,CM,NSE,STK,8124,INE031B01049,AJANTPHARM,EQ,,,,,AJANTA PHARMA LIMITED,3547.0,3554.9,3525.0,3547.8,3540.0,3539.5,,3547.81,,,46112,163339963.2,9936,F1,1,,,,,
2026-09-25,2026-09-25,CM,NSE,STK,29624,INE274Y01021,AJAXENGG,EQ,,,,,AJAX ENGINEERING LIMITED,592.0,619.9,582.55,607.75,606.9,575.2,,607.74,,,695472,422102430.2,33648,F1,1,,,,,
2026-09-25,2026-09-25,CM,NSE,STK,17307,INE298G01035,AJMERA,EQ,,,,,AJMERA REALTY & INF I LTD,119.6,122.68,119.32,120.82,120.5,120.51,,120.82,,,164978,19968505.67,2769,F1,1,,,,,
2026-09-25,2026-09-25,CM,NSE,STK,3403,INE820Y01021,AJOONI,EQ,,,,,AJOONI BIOTECH LIMITED,3.22,3.23,3.13,3.19,3.2,3.18,,3.19,,,140058,445357.54,347,F1,1,,,,,
2026-09-25,2026-09-25,CM,NSE,STK,21121,INE0PCY01014,AKANKSHA,SM,,,,,AKANKSHA POWER N INFRA L,166.55,166.55,150.75,153.1,151.9,158.65,,153.1,,,142000,23223050.0,109,F1,1000,,,,,
2026-09-25,2026-09-25,CM,NSE,STK,13510,INE737W01013,AKASH,EQ,,,,,AKASH INFRA-PROJECTS LTD,24.51,25.26,24.51,25.04,25.04,24.51,,25.04,,,5168,128125.8,33,F1,1,,,,,
2026-09-25,2026-09-25,CM,NSE,STK,2176,INE00Y801016,AKG,EQ,,,,,AKG EXIM LIMITED,9.76,10.25,9.51,9.59,9.55,9.76,,9.59,,,13445,130942.65,130,F1,1,,,,,
2026-09-25,2026-09-25,CM,NSE,STK,14895,INE642Z01026,AKI,BE,,,,,AKI INDIA LIMITED,7.1,7.1,6.51,6.63,6.55,6.85,,6.63,,,125039,827206.2,356,F1,1,,,,,
2026-09-25,2026-09-25,CM,NSE,STK,24304,INE0PMR01017,AKIKO,SM,,,,,AKIKO GLOBAL SERVICES L,419.85,423.0,400.0,421.0,421.0,420.05,,421.0,,,12000,5024960.0,13,F1,800,,,,,
2026-09-25,2026-09-25,CM,NSE,STK,24159,INE916Y01027,AFIL,EQ,,,,,AKME FINTRADE (INDIA) LTD,8.28,8.39,7.65,8.04,8.05,8.04,,8.06,,,1657599,13155059.57,2520,F1,1,,,,,
2026-09-25,2026-09-25,CM,NSE,STK,8595,INE523B01011,AKSHOPTFBR,BE,,,,,AKSH OPTIFIBRE  LTD,7.14,7.29,6.93,7.04,7.12,7.21,,7.04,,,133848,947454.42,291,F1,1,,,,,
2026-09-25,2026-09-25,CM,NSE,STK,9558,INE256Z01025,AKSHAR,EQ,,,,,AKSHAR SPINTEX LIMITED,0.41,0.42,0.4,0.41,0.42,0.41,,0.41,,,818309,336731.76,222,F1,1,,,,,
2026-09-25,2026-09-25,CM,NSE,STK,20194,INE542B01011,AKSHARCHEM,BE,,,,,AKSHARCHEM INDIA LIMITED,375.0,398.0,370.0,394.4,398.0,379.3,,393.54,,,11997,4660161.1,193,F1,1,,,,,
2026-09-25,2026-09-25,CM,NSE,STK,24715,INE09XN01023,AKUMS,EQ,,,,,AKUMS DRUGS AND PHARMA L,817.0,828.65,811.0,819.55,818.0,817.6,,819.53,,,152812,125454803.5,11530,F1,1,,,,,
2026-09-25,2026-09-25,CM,NSE,STK,9921,INE914E01040,ALANKIT,EQ,,,,,ALANKIT LIMITED,7.92,8.1,7.71,7.85,7.98,7.91,,7.85,,,129468,1026397.62,532,F1,1,,,,,
2026-09-25,2026-09-25,CM,NSE,STK,17256,INE155C01010,ALBERTDAVD,EQ,,,,,ALBERT DAVID LIMITED,872.0,886.0,863.0,873.8,870.0,871.1,,873.43,,,4383,3844741.3,243,F1,1,,,,,
2026-09-25,2026-09-25,CM,NSE,STK,79,INE426A01027,ALEMBICLTD,EQ,,,,,ALEMBIC LIMITED,107.18,109.35,105.0,106.53,106.25,107.18,,106.53,,,743150,79353791.88,8103,F1,1,,,,,
2026-09-25,2026-09-25,CM,NSE,STK,25328,INE901L01018,APLLTD,EQ,,,,,ALEMBIC PHARMA LTD,855.0,869.8,840.55,863.75,864.0,850.0,,863.74,,,309225,264379486.25,33011,F1,1,,,,,
2026-09-25,2026-09-25,CM,NSE,STK,764573,INE782D01027,ALFREDHE,EQ,,,,,ALFRED HERBERT INDIA L,2750.5,2750.5,2750.5,2750.5,2750.5,2786.8,,2804.5,,,29,79764.5,16,F1,1,,,,,
2026-09-25,2026-09-25,CM,NSE,STK,761270,INE598D01035,ALGOQUANT,EQ,,,,,ALGOQUANT FINTECH LIMITED,73.69,75.0,71.5,72.28,72.3,73.37,,72.32,,,1131847,82266881.76,4008,F1,1,,,,,
2026-09-25,2026-09-25,CM,NSE,STK,13656,INE062D01024,ALICON,EQ,,,,,ALICON CASTALLOY LIMITED,737.8,738.1,710.0,730.05,728.55,737.8,,730.04,,,24544,17898739.7,2013,F1,1,,,,,
2026-09-25,2026-09-25,CM,NSE,STK,5265,INE03Q201024,ALIVUS,EQ,,,,,ALIVUS LIFE SCIENCES LTD,1370.0,1377.5,1352.5,1365.6,1369.2,1370.0,,1365.58,,,37558,51229253.1,5126,F1,1,,,,,
2026-09-25,2026-09-25,CM,NSE,STK,16963,INE773I01017,ALKALI,BE,,,,,ALKALI METALS LTD,98.99,98.99,92.0,93.93,93.7,96.37,,93.86,,,9233,871221.21,157,F1,1,,,,,
2026-09-25,2026-09-25,CM,NSE,STK,11703,INE540L01014,ALKEM,EQ,,,,,ALKEM LABORATORIES LTD.,5322.5,5325.0,5237.0,5274.0,5274.0,5326.0,,5274.0,,,28742,151451985.5,7139,F1,1,,,,,
2026-09-25,2026-09-25,CM,NSE,STK,4487,INE150B01039,ALKYLAMINE,EQ,,,,,ALKYL AMINES CHEM. LTD,1862.6,1877.8,1834.0,1847.7,1847.8,1862.5,,1847.77,,,15775,29213370.1,3519,F1,1,,,,,
2026-09-25,2026-09-25,CM,NSE,STK,13203,INE0M2X01012,ALLETEC,SM,,,,,ALL E TECHNOLOGIES LTD,129.0,133.75,126.0,129.15,130.0,128.25,,129.15,,,24800,3192840.0,56,F1,400,,,,,
2026-09-25,2026-09-25,CM,NSE,STK,758448,INE0GV601021,ALLTIME,EQ,,,,,ALL TIME PLASTICS LIMITED,202.0,203.9,196.5,201.01,203.9,201.03,,201.02,,,51825,10357519.75,1934,F1,1,,,,,
2026-09-25,2026-09-25,CM,NSE,STK,763784,INE1YPB01014,AGL,EQ,,,,,ALLCARGO GLOBAL LIMITED,13.76,13.82,13.42,13.73,13.7,13.68,,13.73,,,1229115,16778752.3,2484,F1,1,,,,,
2026-09-25,2026-09-25,CM,NSE,STK,13501,INE418H01029,ALLCARGO,EQ,,,,,ALLCARGO LOGISTICS LTD,11.05,11.08,10.6,10.67,10.65,10.95,,10.67,,,8547656,91730185.71,8728,F1,1,,,,,
2026-09-25,2026-09-25,CM,NSE,STK,17778,INE0NN701020,ATL,EQ,,,,,ALLCARGO TERMINALS LTD,25.78,25.9,25.01,25.6,25.35,25.18,,25.6,,,186397,4732580.94,1530,F1,1,,,,,
2026-09-25,2026-09-25,CM,NSE,STK,11798,INE835G01018,ALLDIGI,EQ,,,,,ALLDIGI TECH LIMITED,775.5,782.95,771.0,776.95,772.05,771.65,,776.96,,,2008,1559999.25,318,F1,1,,,,,
2026-09-25,2026-09-25,CM,NSE,STK,24308,INE552Z01027,ABDL,EQ,,,,,ALLIED BLEND N DISTILS L,725.0,753.8,705.8,715.05,714.5,712.15,,715.06,,,4070753,2967586180.85,105908,F1,1,,,,,
2026-09-25,2026-09-25,CM,NSE,STK,14813,INE102I01027,ADSL,EQ,,,,,ALLIED DIGITAL SERV. LTD,97.98,115.52,97.0,115.52,115.52,96.27,,115.52,,,2244060,246569783.07,22578,F1,1,,,,,
2026-09-25,2026-09-25,CM,NSE,STK,16719,INE326B01035,ALMONDZ,EQ,,,,,ALMONDZ GLOBAL SEC LTD,20.04,21.65,19.95,21.38,21.25,19.86,,21.38,,,1151830,24125261.01,3439,F1,1,,,,,
2026-09-25,2026-09-25,CM,NSE,STK,17675,INE270A01029,ALOKINDS,EQ,,,,,ALOK INDUSTRIES LIMITED,7.54,7.75,7.35,7.5,7.47,7.48,,7.5,,,20004287,151452011.07,15991,F1,1,,,,,
2026-09-25,2026-09-25,CM,NSE,STK,14848,INE385I01010,ALPA,EQ,,,,,ALPA LABORATORIES LTD,59.11,60.98,58.3,59.1,58.51,59.07,,59.16,,,125298,7430351.15,776,F1,1,,,,,
2026-09-25,2026-09-25,CM,NSE,STK,22688,INE0R4701017,ALPEXSOLAR,SM,,,,,ALPEX SOLAR LIMITED,857.95,871.95,840.0,862.65,865.0,847.0,,862.65,,,39700,34224765.0,269,F1,100,,,,,
2026-09-25,2026-09-25,CM,NSE,STK,14601,INE137C01018,ALPHAGEO,BE,,,,,ALPHAGEO (INDIA) LIMITED,290.0,290.0,280.0,283.15,282.05,285.45,,283.26,,,5927,1685646.15,100,F1,1,,,,,
2026-09-25,2026-09-25,CM,NSE,STK,764186,INE1JCQ01037,ALPINETEX,EQ,,,,,ALPINE TEXWORLD LIMITED,51.79,51.91,48.45,49.06,48.9,50.65,,49.07,,,466758,23039503.65,3555,F1,1,,,,,
2026-09-25,2026-09-25,CM,NSE,STK,764578,INE058F01019,ALUFLUOR,EQ,,,,,ALUFLUORIDE LTD.,562.5,574.0,541.3,565.4,572.95,565.8,,566.93,,,6912,3842142.45,569,F1,1,,,,,
2026-09-25,2026-09-25,CM,NSE,STK,23474,INE0STM01017,ALUWIND,SM,,,,,ALUWIND INFRA-TECH LTD,51.05,51.1,51.0,51.05,51.0,50.6,,51.05,,,4500,229725.0,3,F1,1500,,,,,
2026-09-25,2026-09-25,CM,NSE,STK,760740,INE121R01077,AMAGI,EQ,,,,,AMAGI MEDIA LABS LIMITED,564.0,579.0,560.65,575.65,572.65,562.15,,575.61,,,193432,110798038.6,15198,F1,1,,,,,
2026-09-25,2026-09-25,CM,NSE,STK,764583,INE841D01013,AMAL,EQ,,,,,AMAL LTD.,688.85,695.9,658.05,674.4,670.3,687.65,,674.13,,,13368,9045011.35,932,F1,1,,,,,
2026-09-25,2026-09-25,CM,NSE,STK,758910,INE084K01015,AMANTA,BE,,,,,AMANTA HEALTHCARE LIMITED,187.95,187.95,185.43,186.0,186.0,189.21,,186.0,,,8587,1597529.65,88,F1,1,,,,,
2026-09-25,2026-09-25,CM,NSE,STK,100,INE885A01032,ARE&M,EQ,,,,,AMARA RAJA ENERGY MOB LTD,795.4,798.8,789.05,791.95,789.8,795.4,,791.96,,,336412,266828737.85,20950,F1,1,,,,,
2026-09-25,2026-09-25,CM,NSE,STK,764588,INE484D01012,AMARJOTHI,EQ,,,,,AMARJOTHI SPINNING MILL L,147.0,150.0,147.0,149.82,150.0,147.0,,149.8,,,656,96749.75,15,F1,1,,,,,
2026-09-25,2026-09-25,CM,NSE,STK,763256,INE293601014,AMBAAUTO,SM,,,,,AMBA AUTO SALES AND SER L,100.0,100.0,93.1,96.55,96.55,98.0,,96.55,,,31000,2946950.0,25,F1,1000,,,,,
2026-09-25,2026-09-25,CM,NSE,STK,762546,INE432A01017,AMBALALSA,BE,,,,,AMBALAL SARABHAI ENT L,42.85,42.85,40.5,41.09,41.25,41.27,,41.02,,,24559,1002604.71,120,F1,1,,,,,
2026-09-25,2026-09-25,CM,NSE,STK,4083,INE00C501018,AMBANIORGO,SM,,,,,AMBANI ORGOCHEM LIMITED,115.0,115.0,115.0,115.0,115.0,115.25,,115.0,,,50000,5750000.0,1,F1,1000,,,,,
2026-09-25,2026-09-25,CM,NSE,STK,1185,INE371P01015,AMBER,EQ,,,,,AMBER ENTERPRISES (I) LTD,6916.0,7010.0,6876.0,6960.0,6960.0,6911.0,,6960.07,,,99885,693872584.0,16656,F1,1,,,,,
2026-09-25,2026-09-25,CM,NSE,STK,11496,INE792B01012,AMBICAAGAR,EQ,,,,,AMBICA AGAR & AROMAINDLTD,25.5,25.8,24.63,25.22,25.23,25.39,,25.22,,,63838,1604384.65,356,F1,1,,,,,
2026-09-25,2026-09-25,CM,NSE,STK,15234,INE540G01014,AMBIKCO,EQ,,,,,AMBIKA COTTON MILL LTD.,1553.0,1565.5,1540.2,1546.1,1547.4,1556.5,,1546.1,,,2720,4215145.4,451,F1,1,,,,,
2026-09-25,2026-09-25,CM,NSE,STK,1270,INE079A01024,AMBUJACEM,EQ,,,,,AMBUJA CEMENTS LTD,382.2,387.2,381.7,383.8,383.8,384.1,,383.82,,,1180134,453816803.05,22249,F1,1,,,,,
2026-09-25,2026-09-25,CM,NSE,STK,14402,INE005I01014,AMDIND,BE,,,,,AMD INDUSTRIES LIMITED,56.2,58.89,55.0,58.8,58.85,56.09,,58.79,,,53354,3082846.37,224,F1,1,,,,,
2026-09-25,2026-09-25,CM,NSE,STK,10898,INE0KT901015,AMEYA,SM,,,,,AMEYA PRECISION ENG LTD,146.2,150.0,146.2,146.2,146.2,153.85,,146.2,,,10000,1470400.0,10,F1,1000,,,,,
2026-09-25,2026-09-25,CM,NSE,STK,19867,INE275D01022,AMNPLST,EQ,,,,,AMINES & PLASTICIZERS LTD,164.09,166.0,163.0,163.15,163.26,164.09,,163.15,,,1067,174946.31,51,F1,1,,,,,
2026-09-25,2026-09-25,CM,NSE,STK,761670,INE05TO01019,AEROPLANE,EQ,,,,,AMIR CHAND JAG KUM (E) L,207.55,211.9,200.71,209.47,211.0,201.98,,209.46,,,709126,147291541.4,6646,F1,1,,,,,
2026-09-25,2026-09-25,CM,NSE,STK,2598,INE606A01024,AMJLAND,EQ,,,,,AMJ LAND HOLDINGS LIMITED,37.32,37.98,36.7,37.7,37.98,37.32,,37.76,,,2920,108579.01,59,F1,1,,,,,
2026-09-25,2026-09-25,CM,NSE,STK,17547,INE098F01031,AMRUTANJAN,EQ,,,,,AMRUTAJAN HEALTH LTD,510.2,514.9,500.6,506.35,507.5,510.2,,506.33,,,16785,8488875.55,1579,F1,1,,,,,
2026-09-25,2026-09-25,CM,NSE,STK,759956,INE549H01021,ARSSBL,EQ,,,,,ANAND RATHI SH N STK BR L,500.0,500.6,489.7,496.9,496.05,497.45,,496.88,,,115512,57185712.05,3794,F1,1,,,,,
2026-09-25,2026-09-25,CM,NSE,STK,7145,INE463V01026,ANANDRATHI,EQ,,,,,ANAND RATHI WEALTH LTD,2169.6,2178.9,2007.0,2126.8,2130.0,2167.4,,2126.51,,,436268,937209735.8,15435,F1,1,,,,,
2026-09-25,2026-09-25,CM,NSE,STK,13620,INE242C01024,ANANTRAJ,EQ,,,,,ANANT RAJ LIMITED,622.55,628.4,613.2,617.4,615.5,624.1,,617.4,,,1198697,742385112.55,24022,F1,1,,,,,
2026-09-25,2026-09-25,CM,NSE,STK,759363,INE1UA823019,ANANTAM,IV,,,,,ANANTAM HIGHWAYS TRUST,105.1,105.9,104.51,104.94,104.95,105.3,,104.94,,,500253,52485352.41,374,F1,1,,,,,
2026-09-25,2026-09-25,CM,NSE,STK,764446,INE1J5V01013,ANAWIL,SM,,,,,ANAWIL WIRE AND ENGIN LTD,437.0,489.15,427.0,482.4,485.5,428.9,,482.4,,,244400,114290680.0,555,F1,400,,,,,
2026-09-25,2026-09-25,CM,NSE,STK,758427,INE0VG001016,AMCL,SM,,,,,ANB METAL CAST LIMITED,349.5,353.0,344.0,347.5,346.0,349.7,,347.5,,,27600,9587240.0,60,F1,400,,,,,
2026-09-25,2026-09-25,CM,NSE,STK,15420,INE666E01020,ACL,EQ,,,,,ANDHRA CEMENTS LIMITED,42.95,42.95,42.13,42.63,42.75,42.56,,42.63,,,9779,416699.81,164,F1,1,,,,,
2026-09-25,2026-09-25,CM,NSE,STK,166,INE435A01051,ANDHRAPAP,EQ,,,,,ANDHRA PAPER LIMITED,73.62,75.1,71.56,74.05,73.35,73.62,,74.04,,,441096,32478058.14,6181,F1,1,,,,,
2026-09-25,2026-09-25,CM,NSE,STK,136,INE715B01021,ANDHRSUGAR,EQ,,,,,ANDHRA SUGARS LTD,93.89,96.94,92.8,95.41,95.9,92.98,,95.41,,,564260,53695545.17,11976,F1,1,,,,,
2026-09-25,2026-09-25,CM,NSE,STK,5206,INE449C01025,ANDREWYU,EQ,,,,,ANDREW YULE & CO. LTD.,27.0,27.49,26.61,27.0,26.85,26.85,,26.94,,,67783,1834372.82,699,F1,1,,,,,
2026-09-25,2026-09-25,CM,NSE,STK,324,INE732I01021,ANGELONE,EQ,,,,,ANGEL ONE LIMITED,290.7,292.2,286.5,288.0,288.0,290.7,,288.0,,,2892227,835119335.9,30425,F1,1,,,,,
2026-09-25,2026-09-25,CM,NSE,STK,482,INE635Y01015,AISL,SM,,,,,ANI INTEGRATED SERV LTD.,56.7,56.7,55.0,55.1,55.1,54.0,,55.1,,,24000,1323810.0,10,F1,600,,,,,
2026-09-25,2026-09-25,CM,NSE,STK,16657,INE087B01017,ANIKINDS,EQ,,,,,ANIK INDUSTRIES LTD,43.75,44.98,42.65,43.28,43.5,43.0,,43.28,,,3918,169182.46,120,F1,1,,,,,
2026-09-25,2026-09-25,CM,NSE,STK,20453,INE071F01012,APCL,EQ,,,,,ANJANI PORTLAND CEM LTD,94.25,97.25,94.25,95.52,96.25,95.27,,95.52,,,3558,341274.48,104,F1,1,,,,,
2026-09-25,2026-09-25,CM,NSE,STK,25878,INE106I01010,ANKITMETAL,BZ,,,,,ANKIT MET & POW LTD,1.88,1.88,1.88,1.88,1.88,1.85,,1.88,,,7700,14476.0,10,F1,1,,,,,
2026-09-25,2026-09-25,CM,NSE,STK,758968,INE0Y8W01025,AHCL,EQ,,,,,ANLON HEALTHCARE LIMITED,28.78,31.51,27.71,31.51,31.51,28.65,,31.56,,,80210539,2429734096.23,149549,F1,1,,,,,
2026-09-25,2026-09-25,CM,NSE,STK,13657,INE0LR101013,ANLON,SM,,,,,ANLON TECHNOLOGY SOL LTD,815.0,815.0,765.05,791.0,791.0,809.0,,791.0,,,9600,7674740.0,24,F1,400,,,,,
2026-09-25,2026-09-25,CM,NSE,STK,3732,INE02AR01019,ANMOL,BE,,,,,ANMOL INDIA LIMITED,13.45,13.94,13.02,13.25,13.22,13.45,,13.25,,,25631,342299.76,285,F1,1,,,,,
2026-09-25,2026-09-25,CM,NSE,STK,764471,INE0MGM01017,ANNAPURNA,EQ,,,,,ANNAPURNA SWADISHT LTD,131.8,133.0,130.21,131.97,131.5,131.17,,131.97,,,9829,1291327.53,227,F1,1,,,,,
2026-09-25,2026-09-25,CM,NSE,STK,765502,INE103001017,ANNU,EQ,,,,,ANNU PROJECTS LIMITED,50.0,51.01,48.55,49.33,49.44,49.8,,49.33,,,691194,34273948.77,7144,F1,1,,,,,
2026-09-25,2026-09-25,CM,NSE,STK,758740,INE0VTV01012,ANONDITA,SM,,,,,ANONDITA MEDICARE LIMITED,1100.0,1165.05,1092.1,1150.25,1150.05,1089.7,,1150.25,,,120000,134478280.0,308,F1,200,,,,,
2026-09-25,2026-09-25,CM,NSE,STK,765020,INE030C01015,ANSALBU,EQ,,,,,ANSAL BUILDWELL LTD.,94.9,98.99,92.0,94.69,94.94,94.9,,93.93,,,4437,413248.71,310,F1,1,,,,,
2026-09-25,2026-09-25,CM,NSE,STK,19677,INE436A01026,ANSALAPI,BZ,,,,,ANSAL PROP & INFRA LTD,3.85,3.93,3.79,3.93,3.93,3.86,,3.93,,,115867,455191.66,72,F1,1,,,,,
2026-09-25,2026-09-25,CM,NSE,STK,5194,INE414B01021,ANTGRAPHIC,EQ,,,,,ANTARCTICA LTD,0.71,0.72,0.7,0.71,0.72,0.71,,0.71,,,270504,191462.87,181,F1,1,,,,,
2026-09-25,2026-09-25,CM,NSE,STK,13598,INE818A01017,ANTELOPUS,EQ,,,,,ANTELOPUS SELAN ENRGY LTD,1135.0,1290.9,1094.4,1261.7,1260.0,1130.95,,1261.76,,,7877531,9743827650.3,264384,F1,1,,,,,
2026-09-25,2026-09-25,CM,NSE,STK,757885,INE0CZ201020,ANTHEM,EQ,,,,,ANTHEM BIOSCIENCES LTD,888.0,890.85,869.4,873.6,875.0,885.6,,873.65,,,373411,327468515.75,20269,F1,1,,,,,
2026-09-25,2026-09-25,CM,NSE,STK,1797,INE01BK01022,AWHCL,EQ,,,,,ANTONY WASTE HDG CELL LTD,377.7,381.8,373.85,378.35,378.0,381.05,,378.38,,,59816,22555233.6,3892,F1,1,,,,,
2026-09-25,2026-09-25,CM,NSE,STK,28314,INE489G01022,ANUHPHR,EQ,,,,,ANUH PHARMA LIMITED,90.0,92.0,89.8,90.42,90.45,90.78,,90.38,,,79711,7223118.92,1701,F1,1,,,,,
2026-09-25,2026-09-25,CM,NSE,STK,2829,INE930P01018,ANURAS,EQ,,,,,ANUPAM RASAYAN INDIA LTD,1177.0,1204.0,1171.4,1192.4,1200.0,1177.2,,1192.36,,,167982,198898270.1,9525,F1,1,,,,,
2026-09-25,2026-09-25,CM,NSE,STK,28983,INE0SI601032,ANYA,SM,,,,,ANYA POLYTECH & FERTI LTD,18.6,18.65,17.05,17.55,17.55,18.3,,17.55,,,45000,817500.0,7,F1,5000,,,,,
2026-09-25,2026-09-25,CM,NSE,STK,11945,INE0MIZ23019,ANZEN,IV,,,,,ANZEN IND ENE YLD PLU TRU,131.0,131.0,131.0,131.0,131.0,130.0,,131.0,,,25000,3275000.0,1,F1,25000,,,,,
2026-09-25,2026-09-25,CM,NSE,STK,758904,INF1J2R01114,AONEGOLD,EQ,,,,,AONEAMC - AONEGOLD,14.14,14.14,13.95,14.02,14.0,13.95,,14.02,,,172512,2417569.19,1428,F1,1,,,,,
2026-09-25,2026-09-25,CM,NSE,STK,30472,INF1J2R01056,AONELIQUID,EQ,,,,,AONEAMC - AONELIQUID,1078.57,1078.59,1078.57,1078.58,1078.59,1078.16,,1078.58,,,32270,34805977.87,109,F1,1,,,,,
2026-09-25,2026-09-25,CM,NSE,STK,757096,INF1J2R01064,AONENIFTY,EQ,,,,,AONEAMC - AONENIFTY,9.82,9.82,9.52,9.6,9.7,9.59,,9.6,,,108791,1039915.63,1228,F1,1,,,,,
2026-09-25,2026-09-25,CM,NSE,STK,760193,INF1J2R01171,AONESILVER,EQ,,,,,AONEAMC - AONESILVER,8.72,8.92,8.63,8.76,8.76,8.64,,8.76,,,256791,2238133.77,1085,F1,1,,,,,
2026-09-25,2026-09-25,CM,NSE,STK,759992,INF1J2R01148,AONETMMQ50,EQ,,,,,AONEAMC - AONETMMQ50,10.47,10.47,10.07,10.2,10.1,10.11,,10.2,,,23930,242082.88,192,F1,1,,,,,
2026-09-25,2026-09-25,CM,NSE,STK,29975,INF1J2R01015,AONETOTAL,EQ,,,,,AONEAMC - AONETOTAL,11.62,11.7,11.51,11.59,11.7,11.57,,11.59,,,76051,878354.61,882,F1,1,,,,,
2026-09-25,2026-09-25,CM,NSE,STK,11491,INE372A01015,APARINDS,EQ,,,,,APAR INDUSTRIES LTD.,18000.0,18305.0,17702.0,17776.0,17790.0,17804.0,,17775.69,,,85829,1541164025.0,26396,F1,1,,,,,
2026-09-25,2026-09-25,CM,NSE,STK,154,INE116A01032,APCOTEXIND,EQ,,,,,APCOTEX INDUSTRIES LIMITE,607.9,609.45,585.0,599.4,599.7,602.85,,599.39,,,86241,51365819.3,4851,F1,1,,,,,
2026-09-25,2026-09-25,CM,NSE,STK,27291,INE0T4V01015,APEXECO,ST,,,,,APEX ECOTECH LIMITED,250.0,268.15,242.65,268.15,268.15,255.4,,268.15,,,43200,10797800.0,48,F1,800,,,,,
2026-09-25,2026-09-25,CM,NSE,STK,21623,INE346W01013,APEX,EQ,,,,,APEX FROZEN FOODS LIMITED,353.0,353.65,337.85,347.6,345.5,348.9,,347.65,,,126426,43685444.25,6302,F1,1,,,,,
2026-09-25,2026-09-25,CM,NSE,STK,25780,INE702C01027,APLAPOLLO,EQ,,,,,APL APOLLO TUBES LTD,2179.1,2219.0,2176.5,2214.7,2214.7,2184.8,,2214.15,,,339098,745786598.6,16983,F1,1,,,,,
2026-09-25,2026-09-25,CM,NSE,STK,757180,INE0TLC07093,930APMD28,N0,,,,,APMD 9.30% 2028 STRPP B,101969.21,102930.0,101969.21,102930.0,102930.0,102757.05,,102930.0,,,6,613307.84,4,F1,1,,,,,
2026-09-25,2026-09-25,CM,NSE,STK,757182,INE0TLC07069,930APMD29,N0,,,,,APMD 9.30% 2029 STRPP C,103900.0,103900.0,103900.0,103900.0,103900.0,103925.72,,103900.0,,,1,103900.0,1,F1,1,,,,,
2026-09-25,2026-09-25,CM,NSE,STK,757176,INE0TLC07036,930APMD35,N0,,,,,APMD 9.30% 2035 STRPP I,108000.0,109700.0,108000.0,109700.0,109700.0,107500.0,,109700.0,,,9,973700.0,2,F1,1,,,,,
2026-09-25,2026-09-25,CM,NSE,STK,157,INE437A01024,APOLLOHOSP,EQ,,,,,APOLLO HOSPITALS ENTER. L,8891.0,8934.5,8821.5,8889.0,8889.0,8888.5,,8889.0,,,438457,3894423275.0,32591,F1,1,,,,,
2026-09-25,2026-09-25,CM,NSE,STK,1134,INE713T01028,APOLLO,EQ,,,,,APOLLO MICRO SYSTEMS LTD,401.3,401.3,393.2,395.6,396.5,399.05,,395.6,,,3929756,1557728104.55,39185,F1,1,,,,,
2026-09-25,2026-09-25,CM,NSE,STK,14361,INE126J01016,APOLLOPIPE,EQ,,,,,APOLLO PIPES LIMITED,507.5,526.05,505.55,511.45,512.0,510.5,,511.41,,,177165,91258241.4,6208,F1,1,,,,,
2026-09-25,2026-09-25,CM,NSE,STK,6302,INE451F01024,APOLSINHOT,EQ,,,,,APOLLO SINDOORI HOTEL LTD,1202.0,1239.0,1195.1,1202.4,1195.1,1217.1,,1202.4,,,1289,1558494.5,95,F1,1,,,,,
2026-09-25,2026-09-25,CM,NSE,STK,163,INE438A01022,APOLLOTYRE,EQ,,,,,APOLLO TYRES LTD,399.5,400.95,395.5,400.1,400.2,397.95,,400.1,,,316665,126019325.05,19925,F1,1,,,,,
2026-09-25,2026-09-25,CM,NSE,STK,764593,INE217S01014,APOORVA,EQ,,,,,APOORVA LEAS F & INV C L,34.3,34.3,32.7,33.45,33.45,33.7,,33.45,,,364,12274.24,15,F1,1,,,,,
2026-09-25,2026-09-25,CM,NSE,STK,24638,INE0LQG01010,APRAMEYA,SM,,,,,APRAMEYA ENGINEERING LTD,102.1,103.5,100.55,102.0,102.0,99.2,,102.0,,,20000,2043800.0,9,F1,500,,,,,
2026-09-25,2026-09-25,CM,NSE,STK,760372,INE0M2307388,915APSBC31,N0,,,,,APSBC 9.15% 2031 STRPP F,103500.0,104000.0,103500.0,104000.0,104000.0,105000.0,,104000.0,,,2,207500.0,2,F1,1,,,,,
2026-09-25,2026-09-25,CM,NSE,STK,761435,INE1OOJ01011,APSISAERO,ST,,,,,APSIS AEROCOM LIMITED,604.1,611.7,604.1,611.7,611.7,599.75,,611.7,,,15600,9496920.0,13,F1,1200,,,,,
2026-09-25,2026-09-25,CM,NSE,STK,10755,INE266F01018,APTECHT,EQ,,,,,APTECH LIMITED,92.25,92.45,90.4,91.22,91.2,92.1,,91.21,,,49412,4502257.12,1042,F1,1,,,,,
2026-09-25,2026-09-25,CM,NSE,STK,5435,INE852O01025,APTUS,EQ,,,,,APTUS VALUE HSG FIN I LTD,240.9,245.0,240.09,244.6,244.0,240.92,,244.6,,,1278151,310134140.9,34431,F1,1,,,,,
2026-09-25,2026-09-25,CM,NSE,STK,23365,INE416A01051,AQYLON,EQ,,,,,AQYLON NEXUS LIMITED,19.5,19.65,18.33,18.56,19.2,18.99,,18.56,,,1354842,25756837.69,1604,F1,1,,,,,
2026-09-25,2026-09-25,CM,NSE,STK,19253,INE08NJ01024,ARABIAN,SM,,,,,ARABIAN PETROLEUM LIMITED,88.0,88.0,88.0,88.0,88.0,87.0,,88.0,,,2000,176000.0,1,F1,2000,,,,,
2026-09-25,2026-09-25,CM,NSE,STK,758670,INE0YDV01010,ARCIIL,SM,,,,,ARC INSULATION & INSU LTD,31.5,32.4,30.0,32.05,32.0,33.2,,32.05,,,53000,1680400.0,52,F1,1000,,,,,
2026-09-25,2026-09-25,CM,NSE,STK,12024,INE128X01021,ACI,EQ,,,,,ARCHEAN CHEMICAL IND LTD,494.0,495.45,480.8,482.55,483.5,491.4,,482.5,,,116822,57003425.7,8921,F1,1,,,,,
2026-09-25,2026-09-25,CM,NSE,STK,245,INE0CHO01012,ADL,EQ,,,,,ARCHIDPLY DECOR LIMITED,69.81,69.81,69.81,69.81,69.81,69.82,,69.81,,,142,9913.02,3,F1,1,,,,,
2026-09-25,2026-09-25,CM,NSE,STK,16795,INE877I01016,ARCHIDPLY,EQ,,,,,ARCHIDPLY IND. LTD,106.47,107.51,103.16,106.26,106.95,106.47,,106.26,,,5592,591708.64,177,F1,1,,,,,
2026-09-25,2026-09-25,CM,NSE,STK,5688,INE731A01020,ARCHIES,EQ,,,,,ARCHIES LTD,12.97,12.97,12.25,12.3,12.25,12.66,,12.3,,,31221,388474.84,172,F1,1,,,,,
2026-09-25,2026-09-25,CM,NSE,STK,764598,INE372M01010,ARCL,EQ,,,,,ARCL ORGANICS LTD.,259.9,259.9,245.5,245.53,245.53,256.85,,248.9,,,1308,327271.33,36,F1,1,,,,,
2026-09-25,2026-09-25,CM,NSE,STK,764480,INE0XNF01022,ARDEE,EQ,,,,,ARDEE INDUSTRIES LIMITED,49.97,51.98,48.72,51.66,51.55,49.62,,51.66,,,4119752,208647876.39,19403,F1,1,,,,,
2026-09-25,2026-09-25,CM,NSE,STK,758700,INE784R01023,ARFIN,EQ,,,,,ARFIN INDIA LIMITED,89.9,91.0,88.1,90.31,90.11,89.42,,90.31,,,1124364,100405415.53,4392,F1,1,,,,,
2026-09-25,2026-09-25,CM,NSE,STK,13092,INE0L2Y01011,ARHAM,SM,,,,,ARHAM TECHNOLOGIES LTD,213.0,214.85,211.1,211.1,211.1,213.2,,211.1,,,8000,1699700.0,8,F1,1000,,,,,
2026-09-25,2026-09-25,CM,NSE,STK,15208,INE298I01015,ARIES,BE,,,,,ARIES AGRO LTD.,476.0,476.05,468.5,473.3,475.0,466.9,,473.23,,,5177,2445149.1,106,F1,1,,,,,
2026-09-25,2026-09-25,CM,NSE,STK,3813,INE420B01036,ARIHANTCAP,EQ,,,,,ARIHANT CAPITAL MKTS LTD,92.64,96.18,91.4,93.34,93.1,91.95,,93.34,,,452181,42353630.12,5749,F1,1,,,,,
2026-09-25,2026-09-25,CM,NSE,STK,13885,INE413D01011,ARIHANT,EQ,,,,,ARIHANT FOUN & HOU LTD,895.0,895.0,882.5,895.0,895.0,890.4,,897.1,,,592,525678.25,56,F1,1,,,,,
2026-09-25,2026-09-25,CM,NSE,STK,20159,INE643K01018,ARIHANTSUP,EQ,,,,,ARIHANT SUPERSTRUCT LTD,244.75,249.7,240.0,242.7,245.0,243.1,,242.7,,,19545,4739469.3,245,F1,1,,,,,
2026-09-25,2026-09-25,CM,NSE,STK,757614,INE0H9P01028,ARIS,EQ,,,,,ARISINFRA SOLUTIONS LTD,141.92,143.3,139.5,140.29,140.54,141.92,,140.29,,,513723,72542204.04,7008,F1,1,,,,,
2026-09-25,2026-09-25,CM,NSE,STK,25398,INE0QRL01017,ARKADE,EQ,,,,,ARKADE DEVELOPERS LIMITED,124.99,126.54,124.1,125.48,125.56,124.73,,125.49,,,102310,12841536.51,1450,F1,1,,,,,
2026-09-25,2026-09-25,CM,NSE,STK,17263,INE109C01017,ARMANFIN,EQ,,,,,ARMAN FIN SERV LTD,1890.0,1918.9,1867.8,1885.6,1871.0,1897.5,,1885.91,,,16327,30853035.0,3352,F1,1,,,,,
2026-09-25,2026-09-25,CM,NSE,STK,760752,INE0TZX01019,ARMOUR,ST,,,,,ARMOUR SECURITY (INDIA) L,19.15,20.1,19.15,20.1,20.1,19.15,,20.1,,,28000,554600.0,13,F1,2000,,,,,
2026-09-25,2026-09-25,CM,NSE,STK,14557,INE210C01013,AROGRANITE,EQ,,,,,ARO GRANITE IND. LTD.,24.0,24.4,23.26,24.14,23.85,23.97,,24.24,,,2286,55131.46,99,F1,1,,,,,
2026-09-25,2026-09-25,CM,NSE,STK,9260,INE570D01018,ARROWGREEN,EQ,,,,,ARROW GREENTECH LIMITED,900.0,918.8,875.0,905.8,904.05,895.95,,905.65,,,43393,38674699.45,3630,F1,1,,,,,
2026-09-25,2026-09-25,CM,NSE,STK,29015,INE968D01022,ARSHIYA,BZ,,,,,ARSHIYA LIMITED,0.73,0.74,0.72,0.74,0.74,0.72,,0.74,,,238665,174337.3,58,F1,1,,,,,
2026-09-25,2026-09-25,CM,NSE,STK,761330,INE757T01025,AEPL,EQ,,,,,ARTEMIS ELECTRICALS & P L,16.13,16.23,15.82,15.9,15.9,16.13,,15.9,,,38932,618742.64,131,F1,1,,,,,
2026-09-25,2026-09-25,CM,NSE,STK,16913,INE025R01021,ARTEMISMED,EQ,,,,,ARTEMIS MED SERVICE LTD,346.0,378.8,346.0,357.7,358.1,332.7,,357.71,,,18980196,6925731162.55,284278,F1,1,,,,,
2026-09-25,2026-09-25,CM,NSE,STK,2814,INE006Z01016,ARVEE,EQ,,,,,ARVEE LABORATORIES I LTD,225.5,226.0,210.2,213.19,212.1,224.25,,213.19,,,9353,2022916.07,346,F1,1,,,,,
2026-09-25,2026-09-25,CM,NSE,STK,9111,INE955V01021,ARVINDFASN,EQ,,,,,ARVIND FASHIONS LIMITED,415.9,421.5,414.0,417.2,416.6,414.25,,417.2,,,253117,105520890.1,18924,F1,1,,,,,
2026-09-25,2026-09-25,CM,NSE,STK,193,INE034A01011,ARVIND,EQ,,,,,ARVIND LIMITED,566.0,566.9,546.65,549.05,550.25,565.7,,549.42,,,338603,187141892.5,24038,F1,1,,,,,
2026-09-25,2026-09-25,CM,NSE,STK,19579,INE0P4T01013,ARVINDPORT,SM,,,,,ARVIND PORT AND INFRA LTD,35.4,36.4,32.0,34.0,32.2,34.5,,34.0,,,94500,3277125.0,49,F1,1500,,,,,
2026-09-25,2026-09-25,CM,NSE,STK,10457,INE034S01021,ARVSMART,EQ,,,,,ARVIND SMARTSPACES LTD,628.8,632.95,609.1,614.05,617.0,622.75,,614.09,,,96516,59750546.25,3927,F1,1,,,,,
2026-09-25,2026-09-25,CM,NSE,STK,764603,INE032E01017,ARYAMAN,EQ,,,,,ARYAMAN FINANCIAL SERV L,633.0,633.0,610.0,610.0,610.0,615.0,,612.0,,,20,12567.05,5,F1,1,,,,,
2026-09-25,2026-09-25,CM,NSE,STK,5378,INE439A01020,ASAHIINDIA,EQ,,,,,ASAHI INDIA GLASS LIMITED,969.95,975.5,952.4,959.95,957.0,965.4,,959.95,,,75822,73025480.1,7848,F1,1,,,,,
2026-09-25,2026-09-25,CM,NSE,STK,25092,INE228I01012,ASAHISONG,BE,,,,,ASAHI SONGWON COLOR LTD,388.0,404.4,382.1,402.75,401.95,388.0,,402.46,,,33093,13183124.45,323,F1,1,,,,,
2026-09-25,2026-09-25,CM,NSE,STK,203,INE348A01023,ASHAPURMIN,EQ,,,,,ASHAPURA MINECHEM LTD,513.0,514.85,505.05,506.5,508.5,510.75,,506.39,,,168617,85789146.8,5468,F1,1,,,,,
2026-09-25,2026-09-25,CM,NSE,STK,24403,INE365D01021,ASHIANA,EQ,,,,,ASHIANA HOUSING LTD,388.5,395.0,383.3,389.7,391.7,388.5,,389.72,,,19421,7523990.25,1068,F1,1,,,,,
2026-09-25,2026-09-25,CM,NSE,STK,762551,INE094B01013,ASHIKAG,BE,,,,,ASHIKA GLOBAL SEC LTD,406.45,406.45,396.0,397.6,404.0,402.45,,397.61,,,6398,2550952.4,103,F1,1,,,,,
2026-09-25,2026-09-25,CM,NSE,STK,206,INE440A01010,ASHIMASYN,EQ,,,,,ASHIMA LTD,15.84,16.25,15.84,15.96,16.06,15.8,,15.96,,,21790,347776.17,198,F1,1,,,,,
2026-09-25,2026-09-25,CM,NSE,STK,212,INE208A01029,ASHOKLEY,EQ,,,,,ASHOK LEYLAND LTD,157.52,159.52,156.1,159.08,159.08,157.3,,159.07,,,10274172,1626595815.03,75366,F1,1,,,,,
2026-09-25,2026-09-25,CM,NSE,STK,20182,INE442H01029,ASHOKA,EQ,,,,,ASHOKA BUILDCON LTD,113.05,113.4,111.4,113.12,113.03,113.05,,113.12,,,295342,33189999.42,3850,F1,1,,,,,
2026-09-25,2026-09-25,CM,NSE,STK,16943,INE760Y01011,ASHOKAMET,EQ,,,,,ASHOKA METCAST LIMITED,15.98,15.99,15.32,15.67,15.56,15.68,,15.59,,,35144,550597.01,173,F1,1,,,,,
2026-09-25,2026-09-25,CM,NSE,STK,765573,INE19FR01012,ASHUTOSH,SM,,,,,ASHUTOSH FIBRE LIMITED,157.05,160.95,156.6,159.45,160.0,161.1,,159.45,,,72000,11429700.0,58,F1,1200,,,,,
2026-09-25,2026-09-25,CM,NSE,STK,760418,INE1A6Q01010,ASHWINI,SM,,,,,ASHWINI CONTAINER MOVER L,162.8,171.5,161.0,170.5,168.5,160.0,,170.5,,,25000,4134650.0,18,F1,1000,,,,,
2026-09-25,2026-09-25,CM,NSE,STK,7030,INE276G01015,ASIANENE,EQ,,,,,ASIAN ENERGY SERVICES LTD,472.9,492.85,471.35,487.75,489.9,474.65,,487.74,,,226490,109417329.5,8115,F1,1,,,,,
2026-09-25,2026-09-25,CM,NSE,STK,14889,INE022I01019,ASIANTILES,EQ,,,,,ASIAN GRANITO IND. LTD.,50.3,50.94,50.01,50.69,50.65,50.35,,50.69,,,788714,39794450.35,2942,F1,1,,,,,
2026-09-25,2026-09-25,CM,NSE,STK,19438,INE926K01017,AHLEAST,EQ,,,,,ASIAN HOTELS (EAST) LTD,140.0,140.0,135.0,137.42,135.8,136.41,,137.66,,,3103,425546.66,83,F1,1,,,,,
2026-09-25,2026-09-25,CM,NSE,STK,18422,INE363A01022,ASIANHOTNR,EQ,,,,,ASIAN HOTELS (NORTH) LTD,386.05,400.0,385.5,394.35,387.55,389.5,,394.35,,,5905,2317813.65,303,F1,1,,,,,
2026-09-25,2026-09-25,CM,NSE,STK,19370,INE915K01010,AHLWEST,BE,,,,,ASIAN HOTELS (WEST) LTD,520.0,547.0,520.0,520.3,520.3,521.05,,525.2,,,1411,770539.0,24,F1,1,,,,,
2026-09-25,2026-09-25,CM,NSE,STK,236,INE021A01026,ASIANPAINT,EQ,,,,,ASIAN PAINTS LIMITED,2401.9,2451.0,2397.0,2444.0,2444.0,2392.7,,2444.0,,,426982,1037167840.3,31581,F1,1,,,,,
2026-09-25,2026-09-25,CM,NSE,STK,762553,INE194D01017,ASTAR,EQ,,,,,ASIAN STAR CO. LTD.,681.0,702.0,653.1,698.7,702.0,679.25,,698.69,,,555,379193.15,80,F1,1,,,,,
2026-09-25,2026-09-25,CM,NSE,STK,765025,INE822B01017,ASIANTNE,EQ,,,,,ASIAN TEA & EXPORTS LTD.,9.7,9.7,9.12,9.26,9.37,9.19,,9.26,,,979,9101.46,27,F1,1,,,,,
2026-09-25,2026-09-25,CM,NSE,STK,20152,INE491J01022,ASKAUTOLTD,EQ,,,,,ASK AUTOMOTIVE LIMITED,642.75,656.85,639.0,645.15,640.5,642.75,,645.15,,,133775,86521655.05,8602,F1,1,,,,,
2026-09-25,2026-09-25,CM,NSE,STK,17270,INE991I01015,ASPINWALL,EQ,,,,,ASPINWALL & CO LTD,259.7,259.9,252.2,253.75,252.2,258.95,,253.75,,,1747,443463.1,55,F1,1,,,,,
2026-09-25,2026-09-25,CM,NSE,STK,23396,INE0S7801010,ASPIRE,SM,,,,,ASPIRE & INNOVATIVE ADV L,12.7,13.95,12.7,13.8,13.95,13.3,,13.8,,,32000,424900.0,16,F1,2000,,,,,
2026-09-25,2026-09-25,CM,NSE,STK,766072,INE148G01016,ARCIL,EQ,,,,,ASSET RECONSTRUC CO (I) L,149.56,152.7,142.1,144.49,143.34,148.62,,144.48,,,2617166,383287139.64,43632,F1,1,,,,,
2026-09-25,2026-09-25,CM,NSE,STK,17598,INE073G01016,ASALCBR,EQ,,,,,ASSO ALCOHOLS & BREW LTD,652.0,655.35,637.15,644.95,647.65,651.0,,644.96,,,81437,52514840.15,3891,F1,1,,,,,
2026-09-25,2026-09-25,CM,NSE,STK,17728,INE563J01010,ASTEC,EQ,,,,,ASTEC LIFESCIENCES LTD,731.0,768.0,717.55,739.0,735.2,728.8,,738.91,,,114860,85815445.15,8844,F1,1,,,,,
2026-09-25,2026-09-25,CM,NSE,STK,1508,INE914M01019,ASTERDM,EQ,,,,,ASTER DM QUALITY CARE LTD,768.65,769.95,753.3,759.4,758.75,768.65,,759.4,,,1251211,951431145.45,36020,F1,1,,,,,
2026-09-25,2026-09-25,CM,NSE,STK,11618,INE386C01029,ASTRAMICRO,EQ,,,,,ASTRA MICROWAVE LTD,1599.2,1647.0,1587.4,1622.4,1617.2,1596.2,,1622.44,,,267279,433820840.2,18093,F1,1,,,,,
2026-09-25,2026-09-25,CM,NSE,STK,14418,INE006I01046,ASTRAL,EQ,,,,,ASTRAL LIMITED,1389.8,1399.0,1385.6,1399.0,1399.0,1392.0,,1398.99,,,358868,499857158.6,23783,F1,1,,,,,
2026-09-25,2026-09-25,CM,NSE,STK,5610,INE203A01020,ASTRAZEN,EQ,,,,,ASTRAZENECA PHARMA IND LT,6600.0,6705.0,6444.0,6505.0,6450.0,6591.0,,6505.97,,,6164,40306453.0,1847,F1,1,,,,,
2026-09-25,2026-09-25,CM,NSE,STK,764445,INE646X01014,ASTRON,BZ,,,,,ASTRON PAPER BORD MIL LTD,2.95,3.0,2.86,2.97,2.98,2.95,,2.97,,,10627,31199.64,67,F1,1,,,,,
2026-09-25,2026-09-25,CM,NSE,STK,15649,INE0ALR01029,ATALREAL,EQ,,,,,ATAL REALTECH LIMITED,15.01,15.01,13.14,13.52,13.14,14.6,,13.52,,,7859696,106405390.17,4767,F1,1,,,,,
2026-09-25,2026-09-25,CM,NSE,STK,15404,INE09KD01013,ATAM,EQ,,,,,ATAM VALVES LIMITED,57.55,58.92,56.66,57.07,57.35,58.08,,57.07,,,5460,313332.52,179,F1,1,,,,,
2026-09-25,2026-09-25,CM,NSE,STK,756405,INE0V0Q01019,ATCENERGY,ST,,,,,ATC ENERGIES SYSTEM LTD,20.8,22.15,20.8,22.1,22.1,21.8,,22.1,,,12000,257160.0,9,F1,1200,,,,,
2026-09-25,2026-09-25,CM,NSE,STK,757645,INE0LEZ01016,ATHERENERG,EQ,,,,,ATHER ENERGY LIMITED,1489.9,1511.8,1484.0,1497.0,1497.0,1499.0,,1497.0,,,1896434,2837824290.9,66005,F1,1,,,,,
2026-09-25,2026-09-25,CM,NSE,STK,760953,IN90NN701011,ATLPP,E1,,,,,ATL RE.0.50 PPD UP,8.87,8.87,8.87,8.87,8.87,8.82,,8.87,,,7,62.09,1,F1,1,,,,,
2026-09-25,2026-09-25,CM,NSE,STK,759007,INE0Z4F01028,ATLANTAELE,EQ,,,,,ATLANTA ELECTRICALS LTD,1617.4,1632.2,1557.7,1625.9,1629.0,1587.2,,1625.9,,,155340,247281309.2,17853,F1,1,,,,,
2026-09-25,2026-09-25,CM,NSE,STK,13585,INE285H01022,ATLANTAA,EQ,,,,,ATLANTAA LIMITED,35.6,36.4,35.12,35.73,35.75,35.65,,35.73,,,13114,469030.42,196,F1,1,,,,,
2026-09-25,2026-09-25,CM,NSE,STK,4568,INE446A01025,ATLASCYCLE,EQ,,,,,ATLAS CYCLE (HARYANA) LTD,96.0,99.95,92.75,94.32,93.86,97.89,,94.33,,,25212,2399065.92,406,F1,1,,,,,
2026-09-25,2026-09-25,CM,NSE,STK,22785,INE05DH01017,ATMASTCO,SM,,,,,ATMASTCO LIMITED,116.0,119.9,116.0,118.2,119.6,115.6,,118.2,,,20800,2469320.0,38,F1,400,,,,,
2026-09-25,2026-09-25,CM,NSE,STK,30023,INE951D01028,ATULAUTO,EQ,,,,,ATUL AUTO LIMITED,449.8,451.75,442.3,448.25,448.45,447.55,,448.23,,,35098,15658671.1,2131,F1,1,,,,,
2026-09-25,2026-09-25,CM,NSE,STK,263,INE100A01010,ATUL,EQ,,,,,ATUL LTD,6164.0,6164.0,6050.0,6070.5,6090.0,6135.5,,6070.64,,,15678,95446156.0,4256,F1,1,,,,,
2026-09-25,2026-09-25,CM,NSE,STK,21238,INE949L01017,AUBANK,EQ,,,,,AU SMALL FINANCE BANK LTD,1001.0,1021.2,997.0,1018.0,1018.0,1000.1,,1018.0,,,2524193,2555339906.9,110746,F1,1,,,,,
2026-09-25,2026-09-25,CM,NSE,STK,765451,INE16W401027,AUGMONT,EQ,,,,,AUGMONT ENTERPRISES LTD,865.0,892.4,860.0,877.9,875.0,864.1,,877.87,,,352381,309344033.9,15044,F1,1,,,,,
2026-09-25,2026-09-25,CM,NSE,STK,12022,INE132H01018,AURIONPRO,EQ,,,,,AURIONPRO SOLN LTD,676.6,683.45,666.2,669.7,667.45,682.55,,669.73,,,102892,69007240.95,6487,F1,1,,,,,
2026-09-25,2026-09-25,CM,NSE,STK,15869,INE0NUL01018,AUROIMPEX,SM,,,,,AURO IMPEX & CHEMICALS L,42.95,42.95,42.9,42.95,42.95,40.95,,42.95,,,44800,1924080.0,25,F1,1600,,,,,
2026-09-25,2026-09-25,CM,NSE,STK,275,INE406A01037,AUROPHARMA,EQ,,,,,AUROBINDO PHARMA LTD,1716.0,1727.9,1699.5,1712.0,1712.0,1716.0,,1712.0,,,624705,1068226426.9,29017,F1,1,,,,,
2026-09-25,2026-09-25,CM,NSE,STK,10310,INE898S01029,AURUM,EQ,,,,,AURUM PROPTECH LIMITED,220.88,224.04,218.96,222.45,221.99,220.22,,222.45,,,103745,22976624.06,2470,F1,1,,,,,
2026-09-25,2026-09-25,CM,NSE,STK,31468,INE142K01011,AURUS,EQ,,,,,AURUS GEM CORP LIMITED,4.63,4.8,4.59,4.65,4.68,4.63,,4.65,,,8547,40030.65,388,F1,1,,,,,
2026-09-25,2026-09-25,CM,NSE,STK,4037,INE218C01016,AUSOMENT,EQ,,,,,AUSOM ENTERPRISE LIMITED,145.66,145.66,142.11,143.12,144.0,145.66,,143.12,,,2777,397322.0,56,F1,1,,,,,
2026-09-25,2026-09-25,CM,NSE,STK,764608,INE759F01012,AUSTENG,EQ,,,,,AUSTIN ENGINEERING CO. L,168.0,170.0,157.6,161.78,161.5,169.04,,161.79,,,10152,1658710.35,278,F1,1,,,,,
2026-09-25,2026-09-25,CM,NSE,STK,21451,INE0P0001010,APS,SM,,,,,AUSTRALIAN PREM SOLAR I L,239.0,245.95,228.0,235.35,235.0,237.0,,235.35,,,21000,5023187.5,69,F1,250,,,,,
2026-09-25,2026-09-25,CM,NSE,STK,23553,INE206F01022,AIIL,EQ,,,,,AUTHUM INVEST & INFRA LTD,551.6,572.0,548.95,559.6,557.0,551.6,,559.59,,,338399,190295594.1,17287,F1,1,,,,,
2026-09-25,2026-09-25,CM,NSE,STK,14106,INE718H01014,AUTOIND,EQ,,,,,AUTOLINE INDUSTRIES LTD,84.5,85.79,80.41,81.73,80.8,84.32,,81.74,,,227265,18801960.2,3134,F1,1,,,,,
2026-09-25,2026-09-25,CM,NSE,STK,764558,INE451C01013,ACGL,EQ,,,,,AUTOMOBILE CORPN OF GOA L,1707.6,1773.9,1700.0,1737.8,1704.0,1716.5,,1743.35,,,457,784923.1,137,F1,1,,,,,
2026-09-25,2026-09-25,CM,NSE,STK,278,INE449A01011,AUTOAXLES,EQ,,,,,AUTOMOTIVE AXLES LIMITED,1695.6,1782.6,1668.0,1709.8,1695.0,1683.6,,1709.75,,,26667,45833266.1,1649,F1,1,,,,,
2026-09-25,2026-09-25,CM,NSE,STK,10634,INE900C01027,ASAL,EQ,,,,,AUTOMOTIVE STAMPINGS & AS,441.95,445.0,430.2,438.5,436.25,441.7,,438.66,,,17737,7756161.95,1235,F1,1,,,,,
2026-09-25,2026-09-25,CM,NSE,STK,21406,INE349W01017,AVADHSUGAR,EQ,,,,,AVADH SUG & ENERGY LTD,724.1,796.5,720.65,796.5,796.5,724.1,,796.56,,,465223,362814521.85,15930,F1,1,,,,,
2026-09-25,2026-09-25,CM,NSE,STK,15058,INE0LCL01028,AVALON,EQ,,,,,AVALON TECHNOLOGIES LTD,2350.0,2458.0,2314.7,2328.5,2340.0,2316.1,,2328.43,,,534906,1275669350.3,57494,F1,1,,,,,
2026-09-25,2026-09-25,CM,NSE,STK,760736,INE1KU201016,AVANA,ST,,,,,AVANA ELECTROSYSTEMS LTD,135.0,135.0,135.0,135.0,135.0,135.9,,135.0,,,8000,1080000.0,4,F1,2000,,,,,
2026-09-25,2026-09-25,CM,NSE,STK,765030,INE758A01072,AVANCE,EQ,,,,,AVANCE TECHNOLOGIES LTD.,0.82,0.82,0.8,0.81,0.81,0.8,,0.81,,,1729168,1405389.62,1064,F1,1,,,,,
2026-09-25,2026-09-25,CM,NSE,STK,24610,INE005B01027,AVANTEL,EQ,,,,,AVANTEL LIMITED,155.75,157.9,151.81,155.94,156.06,155.34,,155.94,,,1850814,287614732.19,22209,F1,1,,,,,
2026-09-25,2026-09-25,CM,NSE,STK,7936,INE871C01038,AVANTIFEED,EQ,,,,,AVANTI FEEDS LIMITED,755.7,774.0,748.0,753.15,753.1,749.75,,753.18,,,277971,210633101.75,23321,F1,1,,,,,
2026-09-25,2026-09-25,CM,NSE,STK,20503,INE617I01024,AVATAR,ST,,,,,AVATAR INDUSTRIES LIMITED,169.65,187.45,169.65,187.45,187.45,178.55,,187.45,,,54000,9666900.0,24,F1,2000,,,,,
2026-09-25,2026-09-25,CM,NSE,STK,19913,INE192R01011,DMART,EQ,,,,,AVENUE SUPERMARTS LIMITED,3789.8,3834.2,3771.6,3834.2,3834.2,3787.5,,3834.14,,,297635,1133349583.2,20877,F1,1,,,,,
2026-09-25,2026-09-25,CM,NSE,STK,16249,INE483S01020,CCAVENUE,EQ,,,,,AVENUESAI LIMITED,16.02,16.14,15.74,15.89,15.9,15.99,,15.89,,,6133145,97703369.77,9946,F1,1,,,,,
2026-09-25,2026-09-25,CM,NSE,STK,15638,INE680Z01018,AVG,BE,,,,,AVG LOGISTICS LIMITED,163.0,164.95,162.2,164.06,164.35,162.99,,164.06,,,13101,2143870.92,82,F1,1,,,,,
2026-09-25,2026-09-25,CM,NSE,STK,25520,INE0TFB01017,AVIANSH,SM,,,,,AVI ANSH TEXTILE LIMITED,102.0,102.5,100.0,100.0,100.0,101.5,,100.0,,,4000,406500.0,4,F1,1000,,,,,
2026-09-25,2026-09-25,CM,NSE,STK,755092,INE0V9I01017,AVIENCE,SM,,,,,AVIENCE BIOMEDICALS LTD,339.95,348.0,333.45,342.05,345.0,338.2,,342.05,,,46800,15999960.0,71,F1,600,,,,,
2026-09-25,2026-09-25,CM,NSE,STK,14064,INE855F01042,ASMS,EQ,,,,,AVIO SMART MRKT STACK LTD,6.49,6.54,6.27,6.38,6.41,6.41,,6.38,,,248422,1586682.38,745,F1,1,,,,,
2026-09-25,2026-09-25,CM,NSE,STK,13557,INE323B01024,AVONMORE,EQ,,,,,AVONMORE CAP&MGT SERV LTD,13.04,13.5,12.94,13.34,13.4,13.1,,13.32,,,266100,3500894.31,658,F1,1,,,,,
2026-09-25,2026-09-25,CM,NSE,STK,23159,INE0R9401019,AVPINFRA,SM,,,,,AVP INFRACON LIMITED,57.45,57.45,55.7,56.1,56.1,56.45,,56.1,,,31200,1759480.0,27,F1,800,,,,,
2026-09-25,2026-09-25,CM,NSE,STK,8827,INE652Z01025,AVROIND,EQ,,,,,AVRO INDIA LIMITED,7.15,7.15,6.83,6.89,6.95,7.08,,6.89,,,133618,930118.43,520,F1,1,,,,,
2026-09-25,2026-09-25,CM,NSE,STK,14008,INE488D01021,AVTNPL,EQ,,,,,AVT NATURAL PRODUCTS LTD,92.93,94.21,91.6,92.58,93.24,92.93,,92.58,,,196705,18256018.7,2338,F1,1,,,,,
2026-09-25,2026-09-25,CM,NSE,STK,23864,INE108V01019,AWFIS,EQ,,,,,AWFIS SPACE SOLUTIONS LTD,260.35,267.4,253.0,257.2,256.0,262.4,,257.27,,,667000,172113279.3,12967,F1,1,,,,,
2026-09-25,2026-09-25,CM,NSE,STK,8110,INE699H01024,AWL,EQ,,,,,AWL AGRI BUSINESS LIMITED,184.39,185.1,181.61,184.34,183.99,184.69,,184.33,,,1439611,264422168.95,21610,F1,1,,,,,
2026-09-25,2026-09-25,CM,NSE,STK,766238,INE16J201028,AXIOMGAS,ST,,,,,AXIOM GAS ENGINEERING LTD,54.75,57.0,54.0,54.05,54.1,54.0,,54.05,,,4834000,264164200.0,946,F1,2000,,,,,
2026-09-25,2026-09-25,CM,NSE,STK,5900,INE238A01034,AXISBANK,EQ,,,,,AXIS BANK LIMITED,1191.5,1225.0,1191.5,1222.4,1222.4,1186.5,,1222.39,,,6923162,8392516535.5,211066,F1,1,,,,,
2026-09-25,2026-09-25,CM,NSE,STK,765499,INF846KA1598,ENERGYAXIS,EQ,,,,,AXISAMC - ENERGYAXIS,18.95,19.43,18.63,19.3,18.68,18.77,,19.5,,,14151,264568.18,65,F1,1,,,,,
2026-09-25,2026-09-25,CM,NSE,STK,1044,INF846K01X63,BNKETFAXIS,EQ,,,,,AXISAMC-BNKETFAXIS,573.25,574.73,572.33,573.18,573.07,573.8,,573.18,,,953,546123.47,30,F1,1,,,,,
2026-09-25,2026-09-25,CM,NSE,STK,5732,INF846K016C7,CONSUMAXIS,EQ,,,,,AXISAMC-CONSUMAXIS,117.35,117.35,116.87,117.27,117.27,117.33,,117.4,,,380,44526.39,20,F1,1,,,,,
2026-09-25,2026-09-25,CM,NSE,STK,20532,INF846K01W80,GOLDAXIS,EQ,,,,,AXISAMC-GOLDAXIS,124.55,125.45,124.51,125.36,125.39,124.24,,125.36,,,449418,56199074.03,1996,F1,1,,,,,
2026-09-25,2026-09-25,CM,NSE,STK,3608,INF846K01Z12,HEALTHAXIS,EQ,,,,,AXISAMC-HEALTHAXIS,170.81,170.97,168.94,169.85,170.0,172.51,,169.85,,,3802,646201.99,119,F1,1,,,,,
2026-09-25,2026-09-25,CM,NSE,STK,3010,INF846K01Y96,ITAXIS,EQ,,,,,AXISAMC-ITAXIS,308.0,312.0,307.0,311.36,312.0,308.61,,311.36,,,6829,2108574.24,38,F1,1,,,,,
2026-09-25,2026-09-25,CM,NSE,STK,21252,INF846K01W98,NIFTYAXIS,EQ,,,,,AXISAMC-NIFTYAXIS,262.52,262.52,255.5,258.99,261.0,257.37,,258.99,,,5460,1400889.81,192,F1,1,,,,,
2026-09-25,2026-09-25,CM,NSE,STK,14742,INF846K010Q0,SENSEXAXIS,EQ,,,,,AXISAMC-SENSEXAXIS,77.47,77.47,76.5,76.8,76.8,76.71,,76.8,,,111922,8588240.75,52,F1,1,,,,,
2026-09-25,2026-09-25,CM,NSE,STK,11193,INF846K011K1,SILVERAXIS,EQ,,,,,AXISAMC-SILVERAXIS,224.9,227.5,224.16,227.3,227.01,224.63,,227.3,,,183082,41285929.05,2387,F1,1,,,,,
2026-09-25,2026-09-25,CM,NSE,STK,30155,INF846KA1119,VALUEAXIS,EQ,,,,,AXISAMC-VALUEAXIS,32.58,32.58,32.0,32.13,32.12,32.18,,32.13,,,45619,1465126.75,259,F1,1,,,,,
2026-09-25,2026-09-25,CM,NSE,STK,9436,INE555B01013,AXISCADES,EQ,,,,,AXISCADES TECH LTD,1928.0,1966.1,1885.1,1892.1,1885.1,1923.1,,1892.14,,,130914,251928114.1,12974,F1,1,,,,,
2026-09-25,2026-09-25,CM,NSE,STK,9902,INE02EZ01022,AXITA,EQ,,,,,AXITA COTTON LIMITED,8.05,8.08,7.88,7.95,7.89,8.0,,7.95,,,815658,6515314.89,1091,F1,1,,,,,
2026-09-25,2026-09-25,CM,NSE,STK,764613,INE767C01012,AXTEL,EQ,,,,,AXTEL INDUSTRIES LTD.,447.0,450.0,432.1,446.1,447.15,442.3,,446.1,,,2653,1170967.25,232,F1,1,,,,,
2026-09-25,2026-09-25,CM,NSE,STK,760981,INE501X01029,AYE,EQ,,,,,AYE FINANCE LIMITED,172.48,173.03,165.1,167.25,168.9,171.99,,167.25,,,1078430,180903744.11,27476,F1,1,,,,,
2026-09-25,2026-09-25,CM,NSE,STK,10285,INE193B01039,AYMSYNTEX,EQ,,,,,AYM SYNTEX LIMITED,284.05,302.0,284.05,293.95,290.0,285.4,,293.94,,,65234,19223354.7,4888,F1,1,,,,,
2026-09-25,2026-09-25,CM,NSE,STK,20905,INE02IJ01035,AZAD,EQ,,,,,AZAD ENGINEERING LIMITED,2680.0,2776.8,2678.3,2728.0,2741.0,2678.3,,2728.06,,,438788,1198984424.3,37888,F1,1,,,,,
2026-09-25,2026-09-25,CM,NSE,STK,765035,INE566M01017,AZADIND,EQ,,,,,AZAD INDIA MOBILITY LTD.,85.0,88.87,83.83,87.03,86.0,83.77,,87.1,,,70203,6101384.75,1955,F1,1,,,,,
2026-09-25,2026-09-25,CM,NSE,STK,12153,INE01EE01011,BBTCL,EQ,,,,,B&B TRIPLEWALL CONT LTD,231.3,234.55,226.17,229.02,231.8,229.17,,229.1,,,6783,1561490.86,283,F1,1,,,,,
2026-09-25,2026-09-25,CM,NSE,STK,11226,INE116D01028,BAGFILMS,EQ,,,,,B.A.G FILMS AND MEDIA LTD,4.34,4.34,4.25,4.28,4.28,4.29,,4.28,,,28683,122905.83,147,F1,1,,,,,
2026-09-25,2026-09-25,CM,NSE,STK,759420,INE17CQ01015,BAGDIGITAL,SM,,,,,B.A.G.CONVERGENCE LIMITED,104.0,104.0,100.0,102.75,102.5,103.75,,102.75,,,68800,7020720.0,29,F1,1600,,,,,
2026-09-25,2026-09-25,CM,NSE,STK,13290,INE350H01032,BLKASHYAP,EQ,,,,,B.L.KASHYAP & SON LTD,52.83,54.95,52.19,54.26,53.6,52.85,,54.26,,,555621,29822314.48,2701,F1,1,,,,,
2026-09-25,2026-09-25,CM,NSE,STK,25114,INE01FR01028,STYLEBAAZA,EQ,,,,,BAAZAR STYLE RETAIL LTD,370.1,380.0,368.1,375.8,374.85,370.4,,375.81,,,625952,234637265.6,8380,F1,1,,,,,
2026-09-25,2026-09-25,CM,NSE,STK,20141,INE0QW501012,BABAFP,SM,,,,,BABA FOOD PROCESSING,23.7,23.7,23.7,23.7,23.7,23.7,,23.7,,,1600,37920.0,1,F1,1600,,,,,
2026-09-25,2026-09-25,CM,NSE,STK,17735,INE878I01022,BAFNAPH,BE,,,,,BAFNA PHARMACEUTICALS LTD,350.05,350.05,350.05,350.05,350.05,343.2,,355.95,,,2166,758208.3,30,F1,1,,,,,
2026-09-25,2026-09-25,CM,NSE,STK,763363,INE2OVN25015,BAGMANE,RR,,,,,BAGMANE PRIME OFFICE REIT,110.34,111.78,109.79,111.2,110.98,109.72,,111.21,,,2605473,288210975.17,15607,F1,1,,,,,
2026-09-25,2026-09-25,CM,NSE,STK,12989,INE029Q01017,BAHETI,SM,,,,,BAHETI RECYCLING IND LTD,743.35,775.0,743.35,761.4,774.0,750.2,,761.4,,,14625,11053912.5,31,F1,375,,,,,
2026-09-25,2026-09-25,CM,NSE,STK,13794,INE020D01022,BAIDFIN,EQ,,,,,BAID FINSERV LIMITED,10.35,12.0,10.16,10.69,10.9,10.45,,10.69,,,103934,1140219.42,429,F1,1,,,,,
2026-09-25,2026-09-25,CM,NSE,STK,16669,INE917I01010,BAJAJ-AUTO,EQ,,,,,BAJAJ AUTO LIMITED,11245.0,11332.0,11212.0,11281.0,11281.0,11208.0,,11281.16,,,121620,1370765241.0,22924,F1,1,,,,,
2026-09-25,2026-09-25,CM,NSE,STK,19531,INE933K01021,BAJAJCON,EQ,,,,,BAJAJ CONSUMER CARE LTD,502.45,506.8,492.7,499.5,500.0,501.7,,499.47,,,305752,152333329.95,17085,F1,1,,,,,
2026-09-25,2026-09-25,CM,NSE,STK,15034,INE193E01025,BAJAJELEC,EQ,,,,,BAJAJ ELECT.LTD,321.0,323.15,318.0,318.95,318.6,321.45,,318.95,,,107647,34416084.35,4692,F1,1,,,,,
2026-09-25,2026-09-25,CM,NSE,STK,317,INE296A01032,BAJFINANCE,EQ,,,,,BAJAJ FINANCE LIMITED,982.0,997.2,980.2,996.9,996.9,982.0,,996.86,,,5467794,5413457995.7,93070,F1,1,,,,,
2026-09-25,2026-09-25,CM,NSE,STK,16675,INE918I01026,BAJAJFINSV,EQ,,,,,BAJAJ FINSERV LTD.,1774.0,1778.1,1755.0,1771.0,1771.0,1762.3,,1770.99,,,1419352,2507589177.7,67796,F1,1,,,,,
2026-09-25,2026-09-25,CM,NSE,STK,6863,INE411U01027,BAJAJHCARE,EQ,,,,,BAJAJ HEALTHCARE LIMITED,350.9,353.15,341.55,344.15,343.4,350.15,,344.17,,,89487,30844023.65,4309,F1,1,,,,,
2026-09-25,2026-09-25,CM,NSE,STK,308,INE306A01021,BAJAJHIND,EQ,,,,,BAJAJ HINDUSTHAN SUGAR LT,20.05,21.09,19.81,20.78,20.79,19.9,,20.78,,,31108504,642046034.56,34875,F1,1,,,,,
2026-09-25,2026-09-25,CM,NSE,STK,305,INE118A01012,BAJAJHLDNG,EQ,,,,,BAJAJ HOLDINGS & INVS LTD,10925.0,11027.0,10738.0,10940.0,10940.0,10917.0,,10940.0,,,41708,452676384.0,10037,F1,1,,,,,
2026-09-25,2026-09-25,CM,NSE,STK,25270,INE377Y01014,BAJAJHFL,EQ,,,,,BAJAJ HOUSING FINANCE LTD,83.03,83.6,81.96,83.14,83.01,82.96,,83.15,,,3121239,258295121.9,24326,F1,1,,,,,
2026-09-25,2026-09-25,CM,NSE,STK,762563,INE704G01024,BAJAJST,EQ,,,,,BAJAJ STEEL INDS. LTD.,355.25,355.25,343.05,347.25,346.15,347.0,,347.34,,,6987,2417842.3,416,F1,1,,,,,
2026-09-25,2026-09-25,CM,NSE,STK,20531,INE0KQN01018,BAJEL,EQ,,,,,BAJEL PROJECTS LIMITED,173.37,174.38,170.25,173.14,173.95,172.11,,173.13,,,76580,13193982.1,2036,F1,1,,,,,
2026-09-25,2026-09-25,CM,NSE,STK,13441,INE083D01012,BALPHARMA,EQ,,,,,BAL PHARMA LTD.,105.5,112.35,105.5,107.71,107.0,105.02,,107.73,,,62694,6826697.88,1670,F1,1,,,,,
2026-09-25,2026-09-25,CM,NSE,STK,14501,INE050E01027,BALAMINES,EQ,,,,,BALAJI AMINES LIMITED,2237.0,2257.7,2165.2,2189.6,2185.0,2226.0,,2189.61,,,164986,364151351.9,20135,F1,1,,,,,
2026-09-25,2026-09-25,CM,NSE,STK,9158,INE794B01026,BALAJITELE,EQ,,,,,BALAJI TELEFILMS LIMITED.,94.69,95.37,93.42,93.85,93.58,93.82,,93.82,,,81715,7719259.19,1106,F1,1,,,,,
2026-09-25,2026-09-25,CM,NSE,STK,11309,INE618N01022,BALAXI,EQ,,,,,BALAXI PHARMA LTD,22.43,23.28,22.43,22.82,22.72,22.73,,22.82,,,11304,256267.62,158,F1,1,,,,,
2026-09-25,2026-09-25,CM,NSE,STK,335,INE787D01026,BALKRISIND,EQ,,,,,BALKRISHNA IND. LTD,2166.5,2192.2,2150.0,2185.3,2180.0,2167.8,,2185.18,,,114990,250119052.8,14623,F1,1,,,,,
2026-09-25,2026-09-25,CM,NSE,STK,10181,INE875R01011,BALKRISHNA,EQ,,,,,BALKRISHNA PAPER MILLS L,15.91,16.75,15.9,16.0,16.0,15.9,,16.0,,,3471,56429.55,47,F1,1,,,,,
2026-09-25,2026-09-25,CM,NSE,STK,338,INE164A01016,BALMLAWRIE,EQ,,,,,BALMER LAWRIE & CO LTD,164.75,165.24,162.26,164.16,163.82,164.25,,164.15,,,89064,14566433.57,2188,F1,1,,,,,
2026-09-25,2026-09-25,CM,NSE,STK,762603,INE525F01025,BLIL,EQ,,,,,BALMER LAWRIE INVSTS. L,67.34,67.34,66.5,66.61,66.73,66.73,,66.61,,,60302,4022918.85,747,F1,1,,,,,
2026-09-25,2026-09-25,CM,NSE,STK,341,INE119A01028,BALRAMCHIN,EQ,,,,,BALRAMPUR CHINI MILLS LTD,663.0,697.0,657.85,685.8,686.0,659.4,,685.81,,,4511284,3077690460.55,100459,F1,1,,,,,
2026-09-25,2026-09-25,CM,NSE,STK,23607,INE011E01029,BALUFORGE,EQ,,,,,BALU FORGE INDUSTRIES LTD,495.6,518.5,494.0,506.8,504.6,498.1,,506.94,,,621775,316272830.65,19175,F1,1,,,,,
2026-09-25,2026-09-25,CM,NSE,STK,347,INE655B01011,BANARBEADS,EQ,,,,,BANARAS BEADS LTD,115.1,128.45,115.1,123.86,123.05,115.86,,123.86,,,36764,4504118.48,473,F1,1,,,,,
2026-09-25,2026-09-25,CM,NSE,STK,13880,INE213C01025,BANCOINDIA,EQ,,,,,BANCO PRODUCTS (I) LTD,601.75,608.45,594.6,599.85,600.8,602.35,,599.82,,,44855,26903046.8,4464,F1,1,,,,,
2026-09-25,2026-09-25,CM,NSE,STK,2263,INE545U01014,BANDHANBNK,EQ,,,,,BANDHAN BANK LIMITED,182.91,188.23,182.91,187.7,187.7,182.9,,187.64,,,10120013,1874849570.3,45777,F1,1,,,,,
2026-09-25,2026-09-25,CM,NSE,STK,760325,INF194KB1KJ7,GOLDBND,EQ,,,,,BANDHANAMC - GOLDBND,150.98,150.98,149.36,150.62,150.65,149.24,,150.47,,,15262,2297173.99,107,F1,1,,,,,
2026-09-25,2026-09-25,CM,NSE,STK,18783,INF194KA1U07,IDFNIFTYET,EQ,,,,,BANDHANAMC - IDFNIFTYET,255.39,257.9,255.13,256.59,255.5,262.64,,256.59,,,1667,426088.84,95,F1,1,,,,,
2026-09-25,2026-09-25,CM,NSE,STK,760328,INF194KB1KI9,SILVERBND,EQ,,,,,BANDHANAMC - SILVERBND,227.59,230.64,226.33,229.78,230.2,226.46,,229.49,,,10283,2354030.94,119,F1,1,,,,,
2026-09-25,2026-09-25,CM,NSE,STK,15303,INE863I01016,BANG,EQ,,,,,BANG OVERSEAS LTD.,32.23,32.7,31.67,32.36,32.67,31.61,,32.36,,,12110,389330.43,286,F1,1,,,,,
2026-09-25,2026-09-25,CM,NSE,STK,4668,INE028A01039,BANKBARODA,EQ,,,,,BANK OF BARODA,234.55,236.03,234.12,235.26,235.26,234.3,,235.26,,,2493756,586308189.38,25850,F1,1,,,,,
2026-09-25,2026-09-25,CM,NSE,STK,4745,INE084A01016,BANKINDIA,EQ,,,,,BANK OF INDIA,137.6,138.3,137.12,137.94,137.94,137.76,,137.94,,,1590019,218810742.83,12493,F1,1,,,,,
2026-09-25,2026-09-25,CM,NSE,STK,11377,INE457A01014,MAHABANK,EQ,,,,,BANK OF MAHARASHTRA,82.3,84.88,81.91,84.88,84.88,82.38,,84.88,,,12167444,1018748986.03,41470,F1,1,,,,,
2026-09-25,2026-09-25,CM,NSE,STK,822,INE862Y01015,BANKA,EQ,,,,,BANKA BIOLOO LIMITED,76.5,76.5,72.7,73.42,73.0,76.5,,73.42,,,9948,731815.06,105,F1,1,,,,,
2026-09-25,2026-09-25,CM,NSE,STK,12037,INE186H01022,BASML,BE,,,,,BANNARI AM SPIN MILL LTD.,24.26,24.65,24.05,24.51,24.6,24.26,,24.42,,,11906,289506.7,55,F1,1,,,,,
2026-09-25,2026-09-25,CM,NSE,STK,350,INE459A01010,BANARISUG,EQ,,,,,BANNARI AMMAN SUGARS LTD,3333.5,3449.8,3333.5,3401.9,3401.0,3306.5,,3401.9,,,3531,12049617.5,717,F1,1,,,,,
2026-09-25,2026-09-25,CM,NSE,STK,24386,INE0B9K01025,BANSALWIRE,EQ,,,,,BANSAL WIRE INDUSTRIES L,324.9,327.0,319.35,321.4,319.9,323.35,,321.27,,,55601,17857875.5,2709,F1,1,,,,,
2026-09-25,2026-09-25,CM,NSE,STK,14511,INE629D01020,BANSWRAS,EQ,,,,,BANSWARA SYNTEX LIMITED,109.1,111.58,108.21,108.73,108.5,109.34,,108.72,,,16084,1760783.86,548,F1,1,,,,,
2026-09-25,2026-09-25,CM,NSE,STK,15073,INE139I01011,BVCL,EQ,,,,,BARAK VALLEY CEM. LTD.,41.99,41.99,40.66,41.26,41.16,41.18,,41.26,,,12620,522106.9,141,F1,1,,,,,
2026-09-25,2026-09-25,CM,NSE,STK,29176,INE0QX401014,BARFLEX,SM,,,,,BARFLEX POLYFILMS LIMITED,58.05,58.05,54.25,54.35,54.3,60.0,,54.35,,,70000,3928800.0,34,F1,2000,,,,,
2026-09-25,2026-09-25,CM,NSE,STK,24117,INF251K01TL6,BBNPNBETF,EQ,,,,,BARODABNP - BBNPNBETF,55.6,57.0,55.18,56.03,56.03,55.87,,56.03,,,908,50854.17,27,F1,1,,,,,
2026-09-25,2026-09-25,CM,NSE,STK,20547,INF251K01SU9,BBNPPGOLD,EQ,,,,,BARODABNP - BBNPPGOLD,145.0,145.8,144.2,145.25,145.05,144.9,,145.25,,,4939,717694.35,50,F1,1,,,,,
2026-09-25,2026-09-25,CM,NSE,STK,368,INE373A01013,BASF,EQ,,,,,BASF INDIA LTD,3523.9,3562.4,3511.0,3539.8,3539.0,3523.9,,3539.79,,,7887,27901388.6,2341,F1,1,,,,,
2026-09-25,2026-09-25,CM,NSE,STK,18442,INE0OCC01013,BASILIC,SM,,,,,BASILIC FLY STUDIO LTD,167.3,170.95,166.2,167.3,168.0,165.9,,167.3,,,12000,2027010.0,37,F1,300,,,,,
2026-09-25,2026-09-25,CM,NSE,STK,371,INE176A01028,BATAINDIA,EQ,,,,,BATA INDIA LTD,627.0,632.4,621.5,629.8,631.35,627.0,,629.77,,,95375,59713198.7,10895,F1,1,,,,,
2026-09-25,2026-09-25,CM,NSE,STK,762568,INE177C01022,BATLIBOI,EQ,,,,,BATLIBOI LTD.,84.57,85.0,83.0,83.59,83.69,83.77,,83.59,,,13429,1126174.57,627,F1,1,,,,,
2026-09-25,2026-09-25,CM,NSE,STK,22571,INE0JFJ01011,BAWEJA,SM,,,,,BAWEJA STUDIOS LIMITED,25.85,26.45,25.85,26.45,26.45,25.85,,26.45,,,2400,62520.0,3,F1,800,,,,,
2026-09-25,2026-09-25,CM,NSE,STK,17927,INE462A01022,BAYERCROP,EQ,,,,,BAYER CROPSCIENCE LTD,3730.3,3759.7,3700.0,3717.6,3710.2,3736.3,,3717.5,,,17650,65577928.7,4940,F1,1,,,,,
2026-09-25,2026-09-25,CM,NSE,STK,2513,INE412G01024,BCLIND,EQ,,,,,BCL INDUSTRIES LIMITED,33.49,34.49,32.99,33.72,33.95,33.48,,33.72,,,786893,26425060.86,4238,F1,1,,,,,
2026-09-25,2026-09-25,CM,NSE,STK,761494,INE00SW01015,BCPL,EQ,,,,,BCPL RAILWAY INFRA LTD,69.6,69.6,67.31,67.7,68.49,68.4,,67.88,,,13828,942930.22,294,F1,1,,,,,
2026-09-25,2026-09-25,CM,NSE,STK,23922,INE639X01027,BEACON,SM,,,,,BEACON TRUSTEESHIP LTD,84.2,88.5,84.2,87.95,88.5,85.9,,87.95,,,5000,436100.0,5,F1,1000,,,,,
2026-09-25,2026-09-25,CM,NSE,STK,17933,INE520H01022,BEARDSELL,EQ,,,,,BEARDSELL LIMITED,24.15,24.68,24.11,24.47,24.5,24.11,,24.47,,,8623,210973.53,91,F1,1,,,,,
2026-09-25,2026-09-25,CM,NSE,STK,20196,INE844K01012,BEDMUTHA,EQ,,,,,BEDMUTHA INDUST LTD,103.01,113.0,102.2,110.71,109.0,103.05,,110.8,,,17660,1898728.8,196,F1,1,,,,,
2026-09-25,2026-09-25,CM,NSE,STK,762573,INE213D01015,BEEKAY,EQ,,,,,BEEKAY STEEL INDS. LTD.,425.0,448.35,425.0,430.15,430.1,426.4,,430.15,,,1342,583119.85,119,F1,1,,,,,
2026-09-25,2026-09-25,CM,NSE,STK,765291,INE1EEM01017,BLEL,EQ,,,,,BEHARI LAL ENGINEERING L,449.1,462.0,435.05,456.75,453.7,447.3,,456.69,,,532067,239906068.05,17516,F1,1,,,,,
2026-09-25,2026-09-25,CM,NSE,STK,757938,INE344T01014,BELLACASA,EQ,,,,,BELLA CASA FASH AND RET L,277.79,283.0,264.78,274.98,271.22,272.34,,275.0,,,14505,3915517.48,766,F1,1,,,,,
2026-09-25,2026-09-25,CM,NSE,STK,757102,INE894V01022,BELRISE,EQ,,,,,BELRISE INDUSTRIES LTD,245.0,249.75,243.43,247.92,247.0,243.63,,247.94,,,3073786,759815514.93,38627,F1,1,,,,,
2026-09-25,2026-09-25,CM,NSE,STK,15067,INE0N7W01012,BLAL,EQ,,,,,BEML LAND ASSETS LIMITED,162.94,167.68,160.01,161.96,161.5,162.83,,161.95,,,41047,6648665.78,753,F1,1,,,,,
2026-09-25,2026-09-25,CM,NSE,STK,395,INE258A01024,BEML,EQ,,,,,BEML LIMITED,2048.5,2057.7,2025.2,2036.5,2035.0,2044.4,,2036.47,,,116211,237049737.4,10362,F1,1,,,,,
2026-09-25,2026-09-25,CM,NSE,STK,764618,INE664D01019,BENARAS,EQ,,,,,BENARES HOTELS LTD.,10299.0,10299.0,10202.0,10224.0,10202.0,10299.0,,10237.86,,,51,521553.0,27,F1,1,,,,,
2026-09-25,2026-09-25,CM,NSE,STK,762578,INE083K01017,BENGALASM,EQ,,,,,BENGAL & ASSAM CO. LTD.,6138.0,6150.0,6003.0,6093.0,6149.5,6126.0,,6000.52,,,106,647505.0,36,F1,1,,,,,
2026-09-25,2026-09-25,CM,NSE,STK,404,INE463A01038,BERGEPAINT,EQ,,,,,BERGER PAINTS (I) LTD,451.9,459.0,449.8,458.35,456.1,449.4,,458.34,,,219110,99915593.75,12062,F1,1,,,,,
2026-09-25,2026-09-25,CM,NSE,STK,2306,INE052T01021,BESTAGRO,EQ,,,,,BEST AGROLIFE LIMITED,18.36,18.74,17.55,18.24,18.2,18.19,,18.24,,,765101,13814765.2,2138,F1,1,,,,,
2026-09-25,2026-09-25,CM,NSE,STK,759842,INE351Y01019,BETA,EQ,,,,,BETA DRUGS LIMITED,2093.4,2117.9,2065.7,2098.7,2100.0,2093.4,,2098.7,,,10464,21855454.1,1461,F1,1,,,,,
2026-09-25,2026-09-25,CM,NSE,STK,5662,INE0HQI01014,BEWLTD,SM,,,,,BEW ENGINEERING LIMITED,74.3,75.5,66.9,67.65,68.35,74.3,,67.65,,,71000,5087200.0,106,F1,500,,,,,
2026-09-25,2026-09-25,CM,NSE,STK,21113,INE878K01010,BFINVEST,EQ,,,,,BF INVESTMENT LIMITED,439.55,444.85,435.6,442.4,441.0,439.55,,442.42,,,14882,6569782.4,762,F1,1,,,,,
2026-09-25,2026-09-25,CM,NSE,STK,14567,INE243D01012,BFUTILITIE,EQ,,,,,BF UTILITIES LIMITED,527.65,536.3,522.0,524.45,523.6,525.45,,524.46,,,52034,27389545.2,2212,F1,1,,,,,
2026-09-25,2026-09-25,CM,NSE,STK,764183,INF0QA701CI0,BANK10BETF,EQ,,,,,BFAM - BANK10BETF,20.14,20.28,20.14,20.25,20.25,20.17,,20.25,,,5108,103229.63,12,F1,1,,,,,
2026-09-25,2026-09-25,CM,NSE,STK,21986,INF0QA701714,BANKBETF,EQ,,,,,BFAM - BANKBETF,56.64,56.75,56.34,56.61,56.61,56.52,,56.61,,,52348,2963409.4,291,F1,1,,,,,
2026-09-25,2026-09-25,CM,NSE,STK,23915,INF0QA701854,LIQUIDBETF,EQ,,,,,BFAM - LIQUIDBETF,1100.49,1100.49,1100.47,1100.48,1100.49,1100.05,,1100.48,,,510890,562224674.71,131,F1,1,,,,,
2026-09-25,2026-09-25,CM,NSE,STK,21959,INF0QA701722,NIFTYBETF,EQ,,,,,BFAM - NIFTYBETF,238.14,239.35,237.24,239.1,239.35,238.03,,239.1,,,1388,330528.0,100,F1,1,,,,,
2026-09-25,2026-09-25,CM,NSE,STK,15193,INE661I01014,BGRENERGY,BE,,,,,BGR ENERGY SYSTEMS LTD,252.98,259.53,248.0,255.81,257.0,251.53,,255.57,,,28236,7167269.46,394,F1,1,,,,,
2026-09-25,2026-09-25,CM,NSE,STK,758228,INE0ZRC01017,BHADORA,ST,,,,,BHADORA INDUSTRIES LTD,126.6,127.0,120.25,126.7,126.8,126.5,,126.7,,,42000,5228280.0,33,F1,1200,,,,,
2026-09-25,2026-09-25,CM,NSE,STK,13400,INE354C01027,BHAGERIA,EQ,,,,,BHAGERIA INDUSTRIES LTD,361.0,395.6,361.0,394.6,394.95,359.65,,394.57,,,933103,364833164.15,12120,F1,1,,,,,
2026-09-25,2026-09-25,CM,NSE,STK,6164,INE414D01027,BHAGCHEM,EQ,,,,,BHAGIRADHA CHEM & INDS L,244.0,246.95,242.85,245.6,245.0,244.85,,245.6,,,65273,15998742.5,852,F1,1,,,,,
2026-09-25,2026-09-25,CM,NSE,STK,20776,INE458B01036,BHAGYANGR,EQ,,,,,BHAGYANAGAR INDIA LIMITED,430.05,437.65,422.3,425.55,423.05,432.3,,425.55,,,91739,39192677.55,5073,F1,1,,,,,
2026-09-25,2026-09-25,CM,NSE,STK,19556,INE474E01029,BHANDARI,EQ,,,,,BHANDARI HOSIERY EXP LTD,2.93,2.97,2.91,2.93,2.93,2.93,,2.93,,,69403,203278.32,169,F1,1,,,,,
2026-09-25,2026-09-25,CM,NSE,STK,419,INE922A01025,BEPL,EQ,,,,,BHANSALI ENG. POLYMERS LT,127.09,129.3,126.02,126.43,126.29,127.09,,126.43,,,872863,110830321.72,7805,F1,1,,,,,
2026-09-25,2026-09-25,CM,NSE,STK,13761,INE464A01036,BBL,EQ,,,,,BHARAT BIJLEE LTD,2202.9,2212.2,2148.0,2162.9,2161.0,2203.1,,2162.92,,,30435,65990732.9,3760,F1,1,,,,,
2026-09-25,2026-09-25,CM,NSE,STK,760726,INE05XR01022,BHARATCOAL,EQ,,,,,BHARAT COKING COAL LTD,32.13,32.26,31.85,32.03,32.0,32.13,,32.03,,,2871997,92099470.54,14648,F1,1,,,,,
2026-09-25,2026-09-25,CM,NSE,STK,2144,INE171Z01026,BDL,EQ,,,,,BHARAT DYNAMICS LIMITED,1155.0,1166.7,1138.3,1140.0,1140.0,1155.0,,1140.08,,,936577,1075856827.7,38846,F1,1,,,,,
2026-09-25,2026-09-25,CM,NSE,STK,383,INE263A01024,BEL,EQ,,,,,BHARAT ELECTRONICS LTD,392.0,394.55,388.6,393.55,393.55,392.0,,393.51,,,6083441,2383327213.1,95863,F1,1,,,,,
2026-09-25,2026-09-25,CM,NSE,STK,422,INE465A01025,BHARATFORG,EQ,,,,,BHARAT FORGE LTD,1991.2,2009.1,1982.0,2008.0,2008.0,1998.9,,2007.99,,,549393,1095203533.1,27151,F1,1,,,,,
2026-09-25,2026-09-25,CM,NSE,STK,9397,INE561C01019,BHARATGEAR,BE,,,,,BHARAT GEARS LTD,100.4,101.99,100.0,101.51,101.5,100.33,,101.5,,,12275,1242508.18,86,F1,1,,,,,
2026-09-25,2026-09-25,CM,NSE,STK,764623,INE365Y01019,BPLPHARMA,EQ,,,,,BHARAT PARENTERALS LTD.,1578.9,1898.0,1570.1,1898.0,1898.0,1581.7,,1897.97,,,35202,64058586.8,2342,F1,1,,,,,
2026-09-25,2026-09-25,CM,NSE,STK,526,INE029A01011,BPCL,EQ,,,,,BHARAT PETROLEUM CORP  LT,308.1,309.4,305.8,308.5,308.5,307.1,,308.46,,,1893466,582486820.45,20754,F1,1,,,,,
2026-09-25,2026-09-25,CM,NSE,STK,3834,INE838B01021,BHARATRAS,EQ,,,,,BHARAT RASAYAN LTD,1122.2,1122.2,1090.1,1096.8,1091.1,1114.0,,1096.69,,,36304,39988609.8,3271,F1,1,,,,,
2026-09-25,2026-09-25,CM,NSE,STK,21683,INE727S01012,BRNL,EQ,,,,,BHARAT ROAD NETWORK LTD,16.42,17.37,16.26,16.69,16.69,16.71,,16.69,,,21702,360615.1,228,F1,1,,,,,
2026-09-25,2026-09-25,CM,NSE,STK,30244,INE415D01024,BHARATSE,EQ,,,,,BHARAT SEATS LIMITED,218.98,218.98,212.42,214.09,214.7,217.55,,214.09,,,68904,14766028.28,3857,F1,1,,,,,
2026-09-25,2026-09-25,CM,NSE,STK,16123,INE316L01019,BHARATWIRE,EQ,,,,,BHARAT WIRE ROPES LTD.,166.0,166.91,163.0,164.97,164.15,165.34,,165.02,,,106706,17621089.89,2565,F1,1,,,,,
2026-09-25,2026-09-25,CM,NSE,STK,10604,INE397D01024,BHARTIARTL,EQ,,,,,BHARTI AIRTEL LIMITED,1794.0,1801.7,1785.0,1785.4,1785.4,1795.8,,1785.4,,,4766200,8541617484.9,206076,F1,1,,,,,
2026-09-25,2026-09-25,CM,NSE,STK,23489,INE343G01021,BHARTIHEXA,EQ,,,,,BHARTI HEXACOM LIMITED,1505.2,1505.2,1477.0,1481.8,1479.9,1507.2,,1481.82,,,76049,112903471.5,9802,F1,1,,,,,
2026-09-25,2026-09-25,CM,NSE,STK,7848,INE828A01016,BIL,EQ,,,,,BHARTIYA INTERNATIONAL,1031.0,1031.0,1001.1,1010.85,1005.0,1010.25,,1010.8,,,4693,4749998.75,601,F1,1,,,,,
2026-09-25,2026-09-25,CM,NSE,STK,438,INE257A01026,BHEL,EQ,,,,,BHEL,417.75,423.0,411.8,418.95,418.95,415.35,,418.95,,,6852409,2858194653.35,61864,F1,1,,,,,
2026-09-25,2026-09-25,CM,NSE,STK,762621,INE274K01012,BTTL,BE,,,,,BHILWARA TECHNICAL TEXT L,39.0,40.88,39.0,40.5,40.5,39.0,,40.03,,,1930,77393.8,13,F1,1,,,,,
2026-09-25,2026-09-25,CM,NSE,STK,18431,INE412U01025,BIGBLOC,EQ,,,,,BIGBLOC CONSTRUCTION LTD,40.9,40.99,39.01,40.01,39.76,40.56,,40.01,,,38486,1543664.89,703,F1,1,,,,,
2026-09-25,2026-09-25,CM,NSE,STK,11966,INE00E101023,BIKAJI,EQ,,,,,BIKAJI FOODS INTERN LTD,575.2,579.75,565.15,573.95,569.45,575.2,,573.89,,,71004,40540892.3,5277,F1,1,,,,,
2026-09-25,2026-09-25,CM,NSE,STK,25527,INE0SQH01013,BIKEWO,ST,,,,,BIKEWO GREEN TECH LIMITED,122.1,122.1,120.35,120.35,120.35,122.8,,120.35,,,74000,8948000.0,23,F1,2000,,,,,
2026-09-25,2026-09-25,CM,NSE,STK,13622,INE071A01013,BILVYAPAR,BE,,,,,BIL VYAPAR LIMITED,4.29,4.4,4.18,4.39,4.4,4.29,,4.39,,,6506,27822.44,26,F1,1,,,,,
2026-09-25,2026-09-25,CM,NSE,STK,762586,INE986A01012,BI,BE,,,,,BILCARE LTD.,100.72,100.72,100.72,100.72,100.72,102.77,,104.39,,,6526,657298.72,21,F1,1,,,,,
2026-09-25,2026-09-25,CM,NSE,STK,759806,INE0HOQ01053,GROWW,EQ,,,,,BILLIONBRAINS GARAGE VN L,186.55,189.4,185.0,187.06,187.25,186.55,,187.07,,,14081481,2630691802.88,127467,F1,1,,,,,
2026-09-25,2026-09-25,CM,NSE,STK,762588,INE469A01019,BIMETAL,EQ,,,,,BIMETAL BEARINGS LTD.,660.0,661.0,648.0,648.0,648.0,659.1,,648.0,,,107,70620.0,7,F1,1,,,,,
2026-09-25,2026-09-25,CM,NSE,STK,763598,INE1BKA01015,BMLL,SM,,,,,BIO MEDICA LABORATORIES L,163.0,166.0,161.95,164.5,163.0,168.5,,164.5,,,35000,5712450.0,24,F1,1000,,,,,
2026-09-25,2026-09-25,CM,NSE,STK,11373,INE376G01013,BIOCON,EQ,,,,,BIOCON LIMITED.,387.5,388.7,380.5,382.15,382.15,387.0,,381.85,,,2694397,1035636000.6,40899,F1,1,,,,,
2026-09-25,2026-09-25,CM,NSE,STK,4136,INE829A01014,BIOFILCHEM,EQ,,,,,BIOFIL CHEM & PHARMA LTD,32.11,32.98,32.11,32.44,32.4,32.33,,32.44,,,5741,186381.2,105,F1,1,,,,,
2026-09-25,2026-09-25,CM,NSE,STK,760942,INE0XW001014,BIOPOL,SM,,,,,BIOPOL CHEMICALS LIMITED,46.6,47.25,46.6,46.7,46.7,47.6,,46.7,,,3600,168660.0,3,F1,1200,,,,,
2026-09-25,2026-09-25,CM,NSE,STK,477,INE800A01015,BIRLACABLE,EQ,,,,,BIRLA CABLE LIMITED,350.9,362.45,331.0,362.45,362.45,345.2,,362.6,,,488468,171559926.4,11372,F1,1,,,,,
2026-09-25,2026-09-25,CM,NSE,STK,480,INE340A01012,BIRLACORPN,EQ,,,,,BIRLA CORPORATION LTD,840.9,855.0,834.2,850.3,852.4,840.9,,850.3,,,35349,29924188.95,3250,F1,1,,,,,
2026-09-25,2026-09-25,CM,NSE,STK,762596,INE372E01025,BIRLAPREC,BE,,,,,BIRLA PRECISION TECH L,56.47,57.47,54.15,55.03,55.45,56.47,,54.94,,,80065,4418004.48,375,F1,1,,,,,
2026-09-25,2026-09-25,CM,NSE,STK,1455,INE557A01011,BIRLANU,EQ,,,,,BIRLANU LIMITED,1414.8,1448.9,1383.1,1438.8,1425.0,1421.3,,1438.81,,,10226,14471724.0,1307,F1,1,,,,,
2026-09-25,2026-09-25,CM,NSE,STK,24404,INF209KC1134,ABGSEC,EQ,,,,,BIRLASLAMC - ABGSEC,113.77,113.77,113.26,113.26,113.26,113.95,,113.26,,,1021,116156.11,6,F1,1,,,,,
2026-09-25,2026-09-25,CM,NSE,STK,760247,INF209KC1670,ABSL10BANK,EQ,,,,,BIRLASLAMC - ABSL10BANK,163.98,164.75,163.71,164.19,164.39,164.16,,164.19,,,174,28577.77,12,F1,1,,,,,
2026-09-25,2026-09-25,CM,NSE,STK,13987,INF209KB17D5,ABSLBANETF,EQ,,,,,BIRLASLAMC - ABSLBANETF,57.26,57.26,56.88,57.05,56.94,57.26,,57.05,,,9293,530101.19,179,F1,1,,,,,
2026-09-25,2026-09-25,CM,NSE,STK,14518,INF209KB18T9,ABSLLIQUID,EQ,,,,,BIRLASLAMC - ABSLLIQUID,1000.01,1000.01,999.99,1000.0,1000.0,1000.01,,1000.0,,,802,801998.26,10,F1,1,,,,,
2026-09-25,2026-09-25,CM,NSE,STK,761066,INF209KC1662,ABSLMSCIN,EQ,,,,,BIRLASLAMC - ABSLMSCIN,28.59,28.59,28.37,28.47,28.47,28.51,,28.47,,,25,712.31,4,F1,1,,,,,
2026-09-25,2026-09-25,CM,NSE,STK,7339,INF209KB16D7,ABSLNN50ET,EQ,,,,,BIRLASLAMC - ABSLNN50ET,75.3,75.7,75.0,75.51,75.6,75.26,,75.53,,,2718,205042.38,155,F1,1,,,,,
2026-09-25,2026-09-25,CM,NSE,STK,5957,INF209KB10E8,BSLSENETFG,EQ,,,,,BIRLASLAMC - BSLSENETFG,74.63,74.83,74.09,74.71,74.83,74.42,,74.82,,,4921,366480.77,83,F1,1,,,,,
2026-09-25,2026-09-25,CM,NSE,STK,24847,INF209KC1142,GSEC10ABSL,EQ,,,,,BIRLASLAMC - GSEC10ABSL,111.63,111.63,111.63,111.63,111.63,112.0,,111.63,,,6,669.78,3,F1,1,,,,,
2026-09-25,2026-09-25,CM,NSE,STK,6297,INF209KB10C2,HEALTHY,EQ,,,,,BIRLASLAMC - HEALTHY,17.22,17.34,17.09,17.17,17.18,17.22,,17.17,,,318507,5476141.06,987,F1,1,,,,,
2026-09-25,2026-09-25,CM,NSE,STK,10693,INF209KB14K7,MOMENTUM,EQ,,,,,BIRLASLAMC - MOMENTUM,31.28,31.28,30.42,30.63,30.62,30.67,,30.63,,,20064,614862.22,189,F1,1,,,,,
2026-09-25,2026-09-25,CM,NSE,STK,10690,INF209KB15K4,NIFTYQLITY,EQ,,,,,BIRLASLAMC - NIFTYQLITY,20.5,20.5,20.27,20.37,20.37,20.34,,20.36,,,17402,354876.63,155,F1,1,,,,,
2026-09-25,2026-09-25,CM,NSE,STK,8003,INF209KB19F6,SILVER,EQ,,,,,BIRLASLAMC - SILVER,227.2,228.65,225.13,228.33,228.65,225.73,,228.33,,,476881,108266598.69,7037,F1,1,,,,,
2026-09-25,2026-09-25,CM,NSE,STK,6462,INF209KB11D8,TECH,EQ,,,,,BIRLASLAMC - TECH,31.24,32.1,30.5,30.92,30.92,30.95,,30.92,,,27693,852963.92,203,F1,1,,,,,
2026-09-25,2026-09-25,CM,NSE,STK,23806,INF209KB19Z4,ABSLPSE,EQ,,,,,BIRLASLAMC-ABSLPSE,10.01,10.17,9.93,9.97,9.99,9.97,,9.98,,,99280,988628.38,383,F1,1,,,,,
2026-09-25,2026-09-25,CM,NSE,STK,6994,INE836A01035,BSOFT,EQ,,,,,BIRLASOFT LIMITED,277.3,278.15,273.3,274.05,274.2,277.7,,274.05,,,874041,240298027.8,20044,F1,1,,,,,
2026-09-25,2026-09-25,CM,NSE,STK,3435,INE676A01027,BBOX,EQ,,,,,BLACK BOX LIMITED,800.0,832.0,786.05,799.75,800.7,795.4,,799.83,,,814657,658880945.6,46599,F1,1,,,,,
2026-09-25,2026-09-25,CM,NSE,STK,762601,INE761G01016,BLACKROSE,BE,,,,,BLACK ROSE INDS. LTD.,114.95,116.5,112.05,115.82,116.0,112.86,,115.73,,,28521,3284456.41,245,F1,1,,,,,
2026-09-25,2026-09-25,CM,NSE,STK,27144,INE0UIZ01018,BLACKBUCK,EQ,,,,,BLACKBUCK LIMITED,587.95,602.8,584.3,598.95,599.7,592.95,,598.95,,,660012,391522051.45,28507,F1,1,,,,,
2026-09-25,2026-09-25,CM,NSE,STK,8132,INE791A01024,BLBLIMITED,EQ,,,,,BLB LIMITED,17.0,17.59,16.92,17.1,17.04,17.12,,17.1,,,75246,1289480.72,326,F1,1,,,,,
2026-09-25,2026-09-25,CM,NSE,STK,19269,INE416D01022,BLISSGVS,BE,,,,,BLISS GVS PHARMA LTD,685.1,715.0,670.0,704.7,710.0,687.05,,704.73,,,433524,305179935.15,3909,F1,1,,,,,
2026-09-25,2026-09-25,CM,NSE,STK,22566,INE0NLT01010,BLSE,EQ,,,,,BLS E-SERVICES LIMITED,328.45,333.0,322.0,324.55,323.9,326.7,,324.56,,,242706,79586148.6,6261,F1,1,,,,,
2026-09-25,2026-09-25,CM,NSE,STK,17279,INE153T01027,BLS,EQ,,,,,BLS INTL SERVS LTD,223.64,224.7,221.7,224.26,224.3,223.9,,224.26,,,429818,96019162.93,12310,F1,1,,,,,
2026-09-25,2026-09-25,CM,NSE,STK,765040,INE373T01047,BLUECLOUDS,EQ,,,,,BLUE CLOUD SOFTECH SOLU L,20.85,23.57,20.67,22.16,22.39,20.06,,22.16,,,69599422,1573284885.32,275753,F1,1,,,,,
2026-09-25,2026-09-25,CM,NSE,STK,7480,INE472B01011,BLUECOAST,EQ,,,,,BLUE COAST HOTELS LIMITED,21.75,21.75,19.91,21.06,21.02,20.72,,21.06,,,6145,127321.97,80,F1,1,,,,,
2026-09-25,2026-09-25,CM,NSE,STK,495,INE233B01017,BLUEDART,EQ,,,,,BLUE DART EXPRESS LTD,4793.0,4804.5,4712.0,4746.5,4730.1,4793.0,,4746.37,,,7306,34583461.8,2878,F1,1,,,,,
2026-09-25,2026-09-25,CM,NSE,STK,19686,INE0KBH01020,BLUEJET,EQ,,,,,BLUE JET HEALTHCARE LTD,573.75,576.6,563.5,570.65,571.55,573.45,,570.64,,,249831,142192738.5,12470,F1,1,,,,,
2026-09-25,2026-09-25,CM,NSE,STK,23413,INE0SAK01011,BLUEPEBBLE,ST,,,,,BLUE PEBBLE LIMITED,71.25,71.25,71.25,71.25,71.25,71.25,,71.25,,,400,28500.0,1,F1,400,,,,,
2026-09-25,2026-09-25,CM,NSE,STK,8311,INE472A01039,BLUESTARCO,EQ,,,,,BLUE STAR LIMITED,1523.8,1570.6,1503.0,1565.0,1565.0,1525.0,,1566.11,,,570933,884020542.4,28603,F1,1,,,,,
2026-09-25,2026-09-25,CM,NSE,STK,758185,INE0X3M01010,BLUEWATER,ST,,,,,BLUE WATER LOGISTICS LTD,515.0,534.8,515.0,534.75,534.75,509.35,,534.75,,,34000,18133700.0,27,F1,1000,,,,,
2026-09-25,2026-09-25,CM,NSE,STK,759291,INE304W01038,BLUESTONE,EQ,,,,,BLUESTONE JEWEL LFSTL LTD,803.0,816.0,776.9,809.3,806.0,807.15,,809.33,,,2086039,1671039273.75,64526,F1,1,,,,,
2026-09-25,2026-09-25,CM,NSE,STK,757520,INE0U4101014,BLUSPRING,EQ,,,,,BLUSPRING ENTERPRISES LTD,141.28,146.5,139.21,145.12,145.0,140.56,,145.11,,,758518,108860963.79,12675,F1,1,,,,,
2026-09-25,2026-09-25,CM,NSE,STK,759256,INE965W01036,BMWVENTLTD,EQ,,,,,BMW VENTURES LIMITED,52.68,52.75,52.0,52.17,52.15,52.23,,52.18,,,43483,2277888.36,661,F1,1,,,,,
2026-09-25,2026-09-25,CM,NSE,STK,762608,INE00HZ01011,BNAGROCHEM,EQ,,,,,BN AGROCHEM LTD.,210.2,210.2,198.0,208.4,209.0,207.99,,208.4,,,1315,274836.0,14,F1,1,,,,,
2026-09-25,2026-09-25,CM,NSE,STK,760821,INE00XL07015,975BNAL28,N0,,,,,BNAL 9.75% 2028 SR TR 1,10135.0,10135.0,10135.0,10135.0,10135.0,9800.0,,10135.0,,,1,10135.0,1,F1,1,,,,,
2026-09-25,2026-09-25,CM,NSE,STK,25017,INE338D01028,BODALCHEM,EQ,,,,,BODAL CHEMICALS LTD,197.03,204.0,192.58,202.02,202.4,195.08,,202.01,,,1397350,278864727.12,13705,F1,1,,,,,
2026-09-25,2026-09-25,CM,NSE,STK,14150,INE0EEJ01023,BTML,EQ,,,,,BODHI TREE MULTIMEDIA LTD,7.0,8.0,6.9,7.46,7.33,6.97,,7.46,,,623099,4553282.21,482,F1,1,,,,,
2026-09-25,2026-09-25,CM,NSE,STK,11640,INE802W01023,BOHRAIND,EQ,,,,,BOHRA INDUSTRIES LIMITED,15.0,16.39,14.15,15.97,15.7,14.93,,15.97,,,75819,1186761.56,336,F1,1,,,,,
2026-09-25,2026-09-25,CM,NSE,STK,380,INE050A01025,BBTC,EQ,,,,,BOMBAY BURMAH TRADING COR,1448.5,1455.8,1426.1,1435.2,1434.7,1437.4,,1435.2,,,31881,45720655.5,2987,F1,1,,,,,
2026-09-25,2026-09-25,CM,NSE,STK,513,INE032A01023,BOMDYEING,EQ,,,,,BOMBAY DYEING & MFG. CO L,109.5,110.87,108.31,109.83,109.68,109.63,,109.83,,,277583,30388462.24,2828,F1,1,,,,,
2026-09-25,2026-09-25,CM,NSE,STK,6052,INE0I3Y01014,BMETRICS,SM,,,,,BOMBAY METRICS S C LTD,38.85,41.4,38.85,41.4,41.4,34.5,,41.4,,,27200,1085840.0,22,F1,800,,,,,
2026-09-25,2026-09-25,CM,NSE,STK,809,INE032Z01020,BSHSL,EQ,,,,,BOMBAY SUPER HYBRID SEEDS,85.0,88.0,85.0,86.9,86.9,87.16,,87.58,,,1808,156840.34,81,F1,1,,,,,
2026-09-25,2026-09-25,CM,NSE,STK,29607,INE053F07595,704IRFC28,N6,,,,,BOND 7.04% PA TAX FREE S2,1143.9,1143.9,1086.01,1086.01,1086.01,1124.99,,1086.01,,,24,26758.92,2,F1,1,,,,,
2026-09-25,2026-09-25,CM,NSE,STK,31128,INE053F07538,810IRFC27,N2,,,,,BOND 8.10% PA TAX FREE S2,1087.0,1087.0,1087.0,1087.0,1087.0,1087.0,,1087.0,,,50,54350.0,2,F1,1,,,,,
2026-09-25,2026-09-25,CM,NSE,STK,31040,INE906B07CB9,830NHAI27,N2,,,,,BOND 8.30% PA TAX FREE S2,1004.9,1006.5,1004.75,1005.68,1005.74,1004.6,,1005.68,,,923,927965.13,25,F1,1,,,,,
2026-09-25,2026-09-25,CM,NSE,STK,603,INE053F07686,865IRFC29,,,,,,BOND 8.65% PA TF TI-SIIB,1107.45,1107.45,1107.4,1107.45,1107.45,1107.4,,1107.45,,,126,139533.7,5,F1,1,,,,,
2026-09-25,2026-09-25,CM,NSE,STK,31967,INE557F07108,863NHB34,N3,,,,,BOND 8.76%PA TF TR-I S 3A,6400.0,6400.0,6400.0,6400.0,6400.0,6275.0,,6400.0,,,10,64000.0,1,F1,1,,,,,
2026-09-25,2026-09-25,CM,NSE,STK,31970,INE557F07132,901NHB34,N6,,,,,BOND 9.01%PA TF TR-I S 3B,6405.0,6410.0,6405.0,6410.0,6410.0,6390.0,,6410.0,,,33,211490.0,3,F1,1,,,,,
2026-09-25,2026-09-25,CM,NSE,STK,761056,INE0B9A01018,BONLON,EQ,,,,,BONLON INDUSTRIES LIMITED,41.32,41.9,39.61,41.1,41.55,41.32,,41.08,,,11772,482777.4,269,F1,1,,,,,
2026-09-25,2026-09-25,CM,NSE,STK,757919,INE16SF01016,BORANA,EQ,,,,,BORANA WEAVES LIMITED,291.0,292.45,286.0,288.0,289.5,291.0,,288.07,,,24916,7203786.15,817,F1,1,,,,,
2026-09-25,2026-09-25,CM,NSE,STK,19401,INE02PY01013,BOROLTD,EQ,,,,,BOROSIL LIMITED,260.6,274.6,258.92,264.8,268.39,259.31,,264.79,,,1348123,358304435.86,24723,F1,1,,,,,
2026-09-25,2026-09-25,CM,NSE,STK,3149,INE666D01022,BORORENEW,EQ,,,,,BOROSIL RENEWABLES LTD,460.0,460.25,450.5,455.15,456.1,459.75,,455.15,,,289701,131720611.5,10075,F1,1,,,,,
2026-09-25,2026-09-25,CM,NSE,STK,24014,INE02L001032,BOROSCI,EQ,,,,,BOROSIL SCIENTIFIC LTD,115.88,118.49,115.05,115.55,115.3,115.77,,115.55,,,61474,7127906.34,1097,F1,1,,,,,
2026-09-25,2026-09-25,CM,NSE,STK,4491,INE782A01015,BOSCH-HCIL,EQ,,,,,BOSCH HOME COMFRT IND LTD,1748.0,1843.5,1727.2,1811.6,1823.0,1730.0,,1811.54,,,98241,177012523.4,11366,F1,1,,,,,
2026-09-25,2026-09-25,CM,NSE,STK,2181,INE323A01026,BOSCHLTD,EQ,,,,,BOSCH LIMITED,47700.0,48445.0,47700.0,48250.0,48250.0,47750.0,,48238.07,,,18852,907058045.0,9458,F1,1,,,,,
2026-09-25,2026-09-25,CM,NSE,STK,530,INE110A01019,BPL,EQ,,,,,BPL LTD,45.1,45.49,44.54,44.98,45.0,44.85,,44.98,,,27183,1222061.72,366,F1,1,,,,,
2026-09-25,2026-09-25,CM,NSE,STK,24905,INE0R4Z01018,BRACEPORT,SM,,,,,BRACE PORT LOGISTICS LTD,69.45,69.45,69.45,69.45,69.45,70.5,,69.45,,,1600,111120.0,1,F1,1600,,,,,
2026-09-25,2026-09-25,CM,NSE,STK,764628,INE320I01017,BRAHMINFRA,EQ,,,,,BRAHMAPUTRA INFRA L,157.9,157.9,146.01,147.8,149.4,153.13,,147.89,,,41413,6190296.62,427,F1,1,,,,,
2026-09-25,2026-09-25,CM,NSE,STK,24814,INE02RE01045,FIRSTCRY,EQ,,,,,BRAINBEES SOLUTIONS LTD,179.63,181.33,176.0,180.83,180.52,179.63,,180.83,,,3472092,620705408.16,35616,F1,1,,,,,
2026-09-25,2026-09-25,CM,NSE,STK,7780,INE977Y01011,BCONCEPTS,EQ,,,,,BRAND CONCEPTS LIMITED,151.0,152.74,147.71,148.16,148.01,151.32,,148.17,,,20843,3104200.79,635,F1,1,,,,,
2026-09-25,2026-09-25,CM,NSE,STK,760972,INE0XUD01014,BRANDMAN,SM,,,,,BRANDMAN RETAIL LIMITED,165.5,169.0,161.7,167.1,168.0,160.6,,167.1,,,16000,2664080.0,17,F1,800,,,,,
2026-09-25,2026-09-25,CM,NSE,STK,15184,INE791I01019,BRIGADE,EQ,,,,,BRIGADE ENTER. LTD,606.2,610.0,595.4,597.9,596.9,606.2,,597.91,,,242813,145534591.0,20094,F1,1,,,,,
2026-09-25,2026-09-25,CM,NSE,STK,757794,INE03NU01014,BRIGHOTEL,EQ,,,,,BRIGADE HOTEL VENTURE LTD,56.11,56.94,55.75,56.13,55.8,56.11,,56.12,,,71084,3982565.82,1858,F1,1,,,,,
2026-09-25,2026-09-25,CM,NSE,STK,764633,INE630D01010,BRIGHTBR,EQ,,,,,BRIGHT BROTHERS LTD.,240.5,247.0,237.1,240.35,246.0,240.5,,239.09,,,1236,296857.8,67,F1,1,,,,,
2026-09-25,2026-09-25,CM,NSE,STK,8833,INE425B01027,BCG,EQ,,,,,BRIGHTCOM GROUP LIMITED,9.51,9.62,9.35,9.55,9.57,9.46,,9.55,,,3523610,33399837.24,4268,F1,1,,,,,
2026-09-25,2026-09-25,CM,NSE,STK,547,INE216A01030,BRITANNIA,EQ,,,,,BRITANNIA INDUSTRIES LTD,4900.5,4939.5,4883.0,4937.5,4937.5,4895.0,,4937.51,,,107642,528974912.0,13196,F1,1,,,,,
2026-09-25,2026-09-25,CM,NSE,STK,2203,INE0FDU25010,BIRET,RR,,,,,BROOKFIELD INDIA RET,338.4,338.89,335.56,337.99,338.0,336.98,,337.99,,,331171,111733679.12,7657,F1,1,,,,,
2026-09-25,2026-09-25,CM,NSE,STK,25136,INE650L01011,BROOKS,EQ,,,,,BROOKS LAB LIMITED,61.08,61.1,58.15,59.01,58.99,59.4,,59.01,,,31872,1886743.08,375,F1,1,,,,,
2026-09-25,2026-09-25,CM,NSE,STK,19585,INE118H01025,BSE,EQ,,,,,BSE LIMITED,3206.1,3209.7,3155.3,3191.5,3191.5,3183.8,,3191.5,,,4501619,14316525137.8,155125,F1,1,,,,,
2026-09-25,2026-09-25,CM,NSE,STK,559,INE594B01012,BSL,EQ,,,,,BSL LTD,120.3,122.48,119.1,120.64,120.02,120.9,,120.08,,,2183,261476.24,66,F1,1,,,,,
2026-09-25,2026-09-25,CM,NSE,STK,2716,INE295F01017,BUTTERFLY,EQ,,,,,BTRFLY GANDHI APPL LTD,565.3,572.9,560.25,566.7,565.55,568.3,,566.71,,,11663,6605711.3,599,F1,1,,,,,
2026-09-25,2026-09-25,CM,NSE,STK,24704,INE0SZ301012,BULKCORP,ST,,,,,BULKCORP INTERNATIONAL L,81.8,81.8,81.8,81.8,81.8,78.0,,81.8,,,1200,98160.0,1,F1,1200,,,,,
2026-09-25,2026-09-25,CM,NSE,STK,15198,INE817H01022,BURNPUR,BE,,,,,BURNPUR CEMENT LIMITED,15.6,15.79,15.05,15.32,15.39,15.62,,15.32,,,23802,362575.96,222,F1,1,,,,,
2026-09-25,2026-09-25,CM,NSE,STK,764643,INE084D01010,CGVAK,EQ,,,,,C G V A K SOFTWARE & EX L,148.0,156.21,146.0,153.41,154.0,148.11,,153.65,,,7674,1151036.21,111,F1,1,,,,,
2026-09-25,2026-09-25,CM,NSE,STK,760854,INE0SMX01019,CKKRETAIL,SM,,,,,C K K RETAIL MART LIMITED,178.0,178.0,173.0,176.7,175.1,178.35,,176.7,,,377600,66440120.0,75,F1,800,,,,,
2026-09-25,2026-09-25,CM,NSE,STK,7227,INE0BV301023,MAPMYINDIA,EQ,,,,,C.E. INFO SYSTEMS LIMITED,881.4,894.3,873.6,881.9,884.0,882.8,,881.89,,,76763,67798920.4,5282,F1,1,,,,,
2026-09-25,2026-09-25,CM,NSE,STK,27274,INE0U7V01015,C2C,SM,,,,,C2C ADVANCED SYSTEMS LTD,175.0,179.0,165.0,167.15,166.7,173.3,,167.15,,,145950,24769425.0,661,F1,150,,,,,
2026-09-25,2026-09-25,CM,NSE,STK,21823,INE090Y01013,CADSYS,SM,,,,,CADSYS (INDIA) LIMITED,43.7,43.7,43.7,43.7,43.7,46.0,,43.7,,,500,21850.0,1,F1,500,,,,,
2026-09-25,2026-09-25,CM,NSE,STK,764255,INE11XY01018,CMLL,EQ,,,,,CALIBER MINING AND LOG L,508.7,519.65,500.65,516.85,517.55,506.25,,516.85,,,336329,172638253.55,21033,F1,1,,,,,
2026-09-25,2026-09-25,CM,NSE,STK,8400,INE526B01014,CALSOFT,BE,,,,,CALIFORNIA SOFTWARE CO LT,37.78,37.9,36.12,36.12,36.12,38.02,,36.15,,,227209,8344675.5,1019,F1,1,,,,,
2026-09-25,2026-09-25,CM,NSE,STK,14222,INE627H01017,CTE,BE,,,,,CAMBRIDGE TECH ENTER LTD,43.79,44.0,42.4,43.48,43.4,43.79,,43.51,,,2620,113981.36,36,F1,1,,,,,
2026-09-25,2026-09-25,CM,NSE,STK,6216,INE052I01032,CAMLINFINE,EQ,,,,,CAMLIN FINE SCIENCES LTD,97.9,97.9,96.02,97.3,97.28,97.25,,97.3,,,386533,37478823.85,4315,F1,1,,,,,
2026-09-25,2026-09-25,CM,NSE,STK,9362,INE278Y01022,CAMPUS,EQ,,,,,CAMPUS ACTIVEWEAR LIMITED,210.97,211.07,207.2,209.99,210.8,210.95,,209.99,,,347831,72654963.52,8453,F1,1,,,,,
2026-09-25,2026-09-25,CM,NSE,STK,583,INE477A01020,CANFINHOME,EQ,,,,,CAN FIN HOMES LTD,743.4,758.0,736.35,753.25,753.4,743.15,,753.25,,,352616,264267252.45,18037,F1,1,,,,,
2026-09-25,2026-09-25,CM,NSE,STK,10794,INE476A01022,CANBK,EQ,,,,,CANARA BANK,125.79,126.7,124.8,124.99,124.99,125.9,,124.99,,,8341932,1044698284.51,38624,F1,1,,,,,
2026-09-25,2026-09-25,CM,NSE,STK,759477,INE01TY01017,CANHLIFE,EQ,,,,,CANARA HSBC LIFE INS CO L,150.21,151.7,146.0,150.7,150.9,151.51,,150.71,,,620247,92388763.8,17365,F1,1,,,,,
2026-09-25,2026-09-25,CM,NSE,STK,759311,INE218I01013,CRAMC,EQ,,,,,CANARA ROBECO AMC LIMITED,228.75,231.9,227.6,230.45,230.15,228.8,,230.45,,,153397,35218638.45,3545,F1,1,,,,,
2026-09-25,2026-09-25,CM,NSE,STK,19368,INE0QG301017,CANARYS,SM,,,,,CANARYS AUTOMATIONS LTD,30.15,31.1,30.15,30.35,30.3,30.8,,30.35,,,116000,3551200.0,29,F1,4000,,,,,
2026-09-25,2026-09-25,CM,NSE,STK,20160,INE068L01024,CANTABIL,EQ,,,,,CANTABIL RETAIL LTD,239.2,239.94,235.21,236.75,236.0,238.52,,236.76,,,96663,22930688.66,2045,F1,1,,,,,
2026-09-25,2026-09-25,CM,NSE,STK,21749,INE264T01014,CAPACITE,EQ,,,,,CAPACITE INFRAPROJECT LTD,193.4,193.5,188.8,191.14,191.7,192.57,,191.15,,,162257,30913943.82,3099,F1,1,,,,,
2026-09-25,2026-09-25,CM,NSE,STK,759867,INE0ILV01024,CAPILLARY,EQ,,,,,CAPILLARY TECHNO INDIA L,567.05,608.8,556.8,599.45,607.2,567.55,,599.65,,,1297575,767327628.6,43366,F1,1,,,,,
2026-09-25,2026-09-25,CM,NSE,STK,756015,INE345H01024,CIFL,EQ,,,,,CAPITAL INDIA FINANCE LTD,21.33,22.49,20.81,22.04,22.03,21.76,,22.04,,,84467,1810741.14,580,F1,1,,,,,
2026-09-25,2026-09-25,CM,NSE,STK,29157,INE0Z8Z23013,CAPINVIT,IV,,,,,CAPITAL INFRA TRUST,76.84,77.0,75.5,76.59,76.65,76.48,,76.59,,,300612,22959137.82,2148,F1,1,,,,,
2026-09-25,2026-09-25,CM,NSE,STK,22675,INE646H01017,CAPITALSFB,EQ,,,,,CAPITAL SMALL FIN BANK L,278.1,285.5,278.1,282.75,280.25,280.55,,282.73,,,15817,4457767.6,482,F1,1,,,,,
2026-09-25,2026-09-25,CM,NSE,STK,19451,INE707C01018,CAPTRUST,BE,,,,,CAPITAL TRUST LIMITED,18.8,18.87,18.15,18.72,18.75,19.0,,18.72,,,15533,287991.29,83,F1,1,,,,,
2026-09-25,2026-09-25,CM,NSE,STK,3906,INE475E01026,CAPLIPOINT,EQ,,,,,CAPLIN POINT LAB LTD.,2867.0,2909.6,2785.0,2835.1,2835.0,2867.4,,2835.11,,,181149,514253148.0,21886,F1,1,,,,,
2026-09-25,2026-09-25,CM,NSE,STK,20329,INE180C01042,CGCL,EQ,,,,,CAPRI GLOBAL CAPITAL LTD,259.4,260.15,252.5,253.7,253.75,259.4,,253.7,,,984973,251346844.1,12861,F1,1,,,,,
2026-09-25,2026-09-25,CM,NSE,STK,764203,INE536P01021,CPL,EQ,,,,,CAPTAIN POLYPLAST LIMITED,62.54,63.5,62.5,63.23,63.5,62.54,,63.23,,,26032,1642693.05,1089,F1,1,,,,,
2026-09-25,2026-09-25,CM,NSE,STK,595,INE120A01034,CARBORUNIV,EQ,,,,,CARBORUNDUM UNIVERSAL LTD,1292.0,1294.9,1252.0,1278.5,1279.9,1296.5,,1278.49,,,356177,452550321.2,28929,F1,1,,,,,
2026-09-25,2026-09-25,CM,NSE,STK,29113,INE752H01013,CARERATING,EQ,,,,,CARE RATINGS LIMITED,1629.0,1631.0,1608.0,1627.6,1615.0,1616.8,,1627.45,,,14444,23439723.3,3048,F1,1,,,,,
2026-09-25,2026-09-25,CM,NSE,STK,758941,INE0P6P01016,CPEDU,EQ,,,,,CAREER POINT EDUTECH LTD,179.17,180.9,172.5,177.14,176.0,179.17,,176.07,,,1982,345010.6,61,F1,1,,,,,
2026-09-25,2026-09-25,CM,NSE,STK,28879,INE0V7W01012,CARRARO,EQ,,,,,CARRARO INDIA LIMITED,548.0,548.1,533.05,535.0,539.8,550.05,,535.15,,,86135,46424969.1,5745,F1,1,,,,,
2026-09-25,2026-09-25,CM,NSE,STK,5407,INE290S01011,CARTRADE,EQ,,,,,CARTRADE TECH LIMITED,3070.0,3122.2,2970.0,3002.6,3001.8,3004.8,,3002.56,,,322295,970738768.9,38467,F1,1,,,,,
2026-09-25,2026-09-25,CM,NSE,STK,1879,INE482D01024,CARYSIL,EQ,,,,,CARYSIL LIMITED,1040.8,1070.1,1035.5,1064.4,1064.0,1047.9,,1064.4,,,88707,93547514.1,8615,F1,1,,,,,
2026-09-25,2026-09-25,CM,NSE,STK,1250,INE172A01027,CASTROLIND,EQ,,,,,CASTROL INDIA LIMITED,194.8,202.1,194.23,201.67,201.59,194.8,,201.66,,,13237379,2641706327.28,94341,F1,1,,,,,
2026-09-25,2026-09-25,CM,NSE,STK,11452,INE421D01022,CCL,EQ,,,,,CCL PRODUCTS (I) LTD,1037.0,1053.0,1027.5,1044.4,1052.0,1039.5,,1044.66,,,268782,279499685.0,16573,F1,1,,,,,
2026-09-25,2026-09-25,CM,NSE,STK,15254,INE482A01020,CEATLTD,EQ,,,,,CEAT LIMITED,3369.2,3391.6,3334.0,3352.2,3361.7,3353.8,,3352.34,,,38247,128395376.8,6188,F1,1,,,,,
2026-09-25,2026-09-25,CM,NSE,STK,757690,INE11J101017,CEDAAR,ST,,,,,CEDAAR TEXTILE LIMITED,10.9,10.9,10.9,10.9,10.9,11.1,,10.9,,,1000,10900.0,1,F1,1000,,,,,
2026-09-25,2026-09-25,CM,NSE,STK,24742,INE0AG901020,CEIGALL,EQ,,,,,CEIGALL INDIA LIMITED,382.0,388.1,377.5,384.1,385.3,382.55,,384.12,,,203979,78196683.6,4939,F1,1,,,,,
2026-09-25,2026-09-25,CM,NSE,STK,761037,INE016Q01014,CEINSYS,EQ,,,,,CEINSYS TECH LIMITED,701.15,709.95,678.3,687.45,688.9,695.5,,687.53,,,46454,32048592.55,2580,F1,1,,,,,
2026-09-25,2026-09-25,CM,NSE,STK,13162,INE185H01016,CELEBRITY,EQ,,,,,CELEBRITY FASHIONS LTD,6.43,6.78,6.43,6.63,6.66,6.56,,6.63,,,18954,125069.8,64,F1,1,,,,,
2026-09-25,2026-09-25,CM,NSE,STK,18806,INE0OMO01025,CELLECOR,SM,,,,,CELLECOR GADGETS LIMITED,30.35,30.4,29.5,29.6,29.5,30.5,,29.6,,,156000,4677600.0,41,F1,3000,,,,,
2026-09-25,2026-09-25,CM,NSE,STK,19795,INE0LMW01024,CELLO,EQ,,,,,CELLO WORLD LIMITED,338.0,341.5,331.25,338.5,336.5,339.8,,338.51,,,268152,90147287.2,14870,F1,1,,,,,
2026-09-25,2026-09-25,CM,NSE,STK,5622,INE686A01026,CEMPRO,EQ,,,,,CEMINDIA PROJECTS LIMITED,1271.0,1285.8,1243.0,1257.2,1259.9,1268.5,,1257.22,,,111230,139989272.5,10070,F1,1,,,,,
2026-09-25,2026-09-25,CM,NSE,STK,14894,INE483A01010,CENTRALBK,EQ,,,,,CENTRAL BANK OF INDIA,31.18,31.35,31.06,31.18,31.12,31.19,,31.18,,,3133875,97736031.48,9559,F1,1,,,,,
2026-09-25,2026-09-25,CM,NSE,STK,21174,INE736A01011,CDSL,EQ,,,,,CENTRAL DEPO SER (I) LTD,1320.0,1337.4,1313.0,1318.0,1318.0,1320.0,,1318.0,,,1248040,1651388768.1,44343,F1,1,,,,,
2026-09-25,2026-09-25,CM,NSE,STK,761581,INE05HV01027,CMPDI,EQ,,,,,CENTRAL MINE P N D INST L,207.49,211.45,205.0,210.2,210.5,206.71,,210.18,,,1078380,224618045.73,15023,F1,1,,,,,
2026-09-25,2026-09-25,CM,NSE,STK,2454,INE660C01027,CENTRUM,EQ,,,,,CENTRUM CAPITAL LIMITED,21.25,21.65,20.51,21.24,21.46,21.06,,21.24,,,403133,8457228.9,1412,F1,1,,,,,
2026-09-25,2026-09-25,CM,NSE,STK,14982,INE320B01020,CENTUM,EQ,,,,,CENTUM ELECTRONICS LTD,4874.9,4909.9,4753.5,4802.3,4799.9,4837.6,,4802.1,,,73380,354599432.0,12927,F1,1,,,,,
2026-09-25,2026-09-25,CM,NSE,STK,619,INE485A01015,CENTENKA,EQ,,,,,CENTURY ENKA LTD,570.5,575.05,558.0,570.95,566.5,567.55,,571.21,,,19070,10784394.65,1416,F1,1,,,,,
2026-09-25,2026-09-25,CM,NSE,STK,11511,INE281A01026,CENTEXT,EQ,,,,,CENTURY EXTRUSIONS LTD,19.0,19.0,18.4,18.56,18.46,18.82,,18.56,,,108079,2010373.38,699,F1,1,,,,,
2026-09-25,2026-09-25,CM,NSE,STK,766164,INE281A20018,CENTEXT-RE,BE,,,,,CENTURY EXTRUSIONS LTD,2.25,2.45,1.91,2.08,2.29,1.92,,2.18,,,215876,451670.9,437,F1,1,,,,,
2026-09-25,2026-09-25,CM,NSE,STK,13305,INE348B01021,CENTURYPLY,EQ,,,,,CENTURY PLYBOARDS (I) LTD,700.9,701.8,688.8,694.45,691.05,694.25,,694.45,,,50249,34942202.55,6192,F1,1,,,,,
2026-09-25,2026-09-25,CM,NSE,STK,15039,INE739E01017,CERA,EQ,,,,,CERA SANITARYWARE LTD,5490.0,5511.5,5343.5,5396.5,5390.0,5492.5,,5396.48,,,25221,136160695.5,4841,F1,1,,,,,
2026-09-25,2026-09-25,CM,NSE,STK,628,INE486A01021,CESC,EQ,,,,,CESC LTD,140.24,140.75,137.63,139.86,139.99,139.89,,139.86,,,2429335,338421154.0,47500,F1,1,,,,,
2026-09-25,2026-09-25,CM,NSE,STK,760,INE067A01029,CGPOWER,EQ,,,,,CG POWER AND IND SOL LTD,889.5,895.9,877.5,886.0,886.0,886.7,,886.0,,,964372,853695321.2,27208,F1,1,,,,,
2026-09-25,2026-09-25,CM,NSE,STK,8546,INE427F01016,CHALET,EQ,,,,,CHALET HOTELS LIMITED,894.0,896.1,876.1,881.35,876.5,894.9,,881.31,,,71076,63213037.95,13381,F1,1,,,,,
2026-09-25,2026-09-25,CM,NSE,STK,3482,INE419D01026,CLSEL,EQ,,,,,CHAMAN LAL SETIA EXP LTD,295.4,297.15,290.6,294.7,292.0,292.4,,294.62,,,21698,6361614.65,830,F1,1,,,,,
2026-09-25,2026-09-25,CM,NSE,STK,13731,INE06PV01010,CMNL,SM,,,,,CHAMAN METALLICS LIMITED,110.55,116.95,110.55,116.9,116.95,111.5,,116.9,,,9000,1028550.0,9,F1,750,,,,,
2026-09-25,2026-09-25,CM,NSE,STK,637,INE085A01013,CHAMBLFERT,EQ,,,,,CHAMBAL FERTILIZERS LTD,418.0,423.5,416.0,417.95,418.0,418.2,,417.95,,,551322,231130036.7,12620,F1,1,,,,,
2026-09-25,2026-09-25,CM,NSE,STK,29541,INE11HG01018,CHAMUNDA,SM,,,,,CHAMUNDA ELECTRICAL LTD,41.0,41.85,40.5,41.85,41.85,40.55,,41.85,,,12000,493050.0,4,F1,3000,,,,,
2026-09-25,2026-09-25,CM,NSE,STK,29633,INE0B2N01016,CHANDAN,SM,,,,,CHANDAN HEALTHCARE LTD,231.35,243.8,231.35,241.2,241.0,231.3,,241.2,,,48000,11444160.0,60,F1,800,,,,,
2026-09-25,2026-09-25,CM,NSE,STK,18654,INE0PT101017,CHAVDA,SM,,,,,CHAVDA INFRA LIMITED,72.8,76.05,72.75,73.3,73.35,70.3,,73.3,,,76000,5638600.0,37,F1,2000,,,,,
2026-09-25,2026-09-25,CM,NSE,STK,757991,INE0TGX01019,CHEMBONDCH,BE,,,,,CHEMBOND CHEMICAL LIMITED,257.45,257.45,252.0,254.95,253.6,249.6,,258.77,,,1579,401323.45,61,F1,1,,,,,
2026-09-25,2026-09-25,CM,NSE,STK,14618,INE995D01025,CHEMBOND,EQ,,,,,CHEMBOND MATERIALTECH LTD,196.0,197.0,189.01,191.99,197.0,191.59,,192.18,,,8106,1556237.17,308,F1,1,,,,,
2026-09-25,2026-09-25,CM,NSE,STK,276,INE03YM01018,CHEMCON,BE,,,,,CHEMCON SPECIAL CHEM LTD,226.0,233.0,225.1,227.84,228.1,228.08,,227.9,,,30935,7018389.63,370,F1,1,,,,,
2026-09-25,2026-09-25,CM,NSE,STK,765045,INE298W01016,CHEMCRUX,EQ,,,,,CHEMCRUX ENTERPRISES LTD.,79.75,81.8,79.0,79.87,79.87,78.61,,79.92,,,5371,429833.26,129,F1,1,,,,,
2026-09-25,2026-09-25,CM,NSE,STK,2799,INE783X01023,CHEMFAB,EQ,,,,,CHEMFAB ALKALIS LIMITED,358.2,358.8,335.0,352.65,348.1,358.2,,352.45,,,10927,3782976.05,493,F1,1,,,,,
2026-09-25,2026-09-25,CM,NSE,STK,5449,INE488A01050,CHEMPLASTS,EQ,,,,,CHEMPLAST SANMAR LIMITED,194.01,202.47,191.53,197.47,197.39,192.65,,197.54,,,559516,110646927.99,9380,F1,1,,,,,
2026-09-25,2026-09-25,CM,NSE,STK,2049,INE178A01016,CHENNPETRO,EQ,,,,,CHENNAI PETROLEUM CORP LT,1372.8,1412.0,1368.6,1376.4,1378.0,1372.7,,1376.37,,,1115488,1545809606.2,52408,F1,1,,,,,
2026-09-25,2026-09-25,CM,NSE,STK,9879,INE974B01016,CHEVIOT,EQ,,,,,CHEVIOT COMPANY LIMITED,1165.2,1215.0,1162.3,1182.8,1192.0,1166.6,,1182.76,,,3044,3650956.7,240,F1,1,,,,,
2026-09-25,2026-09-25,CM,NSE,STK,8866,INE102B01014,CHOICEIN,EQ,,,,,CHOICE INTERNATIONAL LTD,749.5,760.95,748.0,751.05,751.0,749.5,,751.11,,,324562,244688224.3,7669,F1,1,,,,,
2026-09-25,2026-09-25,CM,NSE,STK,759610,INF2KCX01012,CHOICEGOLD,EQ,,,,,CHOICEAMC - CHOICEGOLD,148.25,150.88,148.2,149.13,149.64,148.1,,149.13,,,2961,440849.62,107,F1,1,,,,,
2026-09-25,2026-09-25,CM,NSE,STK,21740,INE149A01033,CHOLAHLDNG,EQ,,,,,CHOLAMANDALAM FIN HOL LTD,1424.8,1431.7,1388.0,1400.6,1401.9,1432.6,,1400.61,,,328724,459454222.3,34415,F1,1,,,,,
2026-09-25,2026-09-25,CM,NSE,STK,685,INE121A01024,CHOLAFIN,EQ,,,,,CHOLAMANDALAM IN & FIN CO,1678.1,1681.9,1637.6,1662.7,1662.7,1681.7,,1662.64,,,2878656,4758815023.1,88428,F1,1,,,,,
2026-09-25,2026-09-25,CM,NSE,STK,14937,INE536H01010,CIEINDIA,EQ,,,,,CIE AUTOMOTIVE INDIA LTD,389.0,392.0,384.35,390.8,390.1,388.95,,390.76,,,191799,74536858.0,9806,F1,1,,,,,
2026-09-25,2026-09-25,CM,NSE,STK,27161,INE704H01022,CINELINE,EQ,,,,,CINELINE INDIA LIMITED,88.6,92.3,88.0,89.19,89.0,89.17,,89.19,,,16644,1481431.45,537,F1,1,,,,,
2026-09-25,2026-09-25,CM,NSE,STK,8024,INE039B01026,CINEVISTA,EQ,,,,,CINEVISTA LIMITED,14.48,14.48,13.6,14.04,14.06,14.11,,14.04,,,8262,114323.35,139,F1,1,,,,,
2026-09-25,2026-09-25,CM,NSE,STK,694,INE059A01026,CIPLA,EQ,,,,,CIPLA LTD,1402.9,1421.0,1388.4,1399.7,1399.7,1399.0,,1399.69,,,1166527,1637231280.4,35556,F1,1,,,,,
2026-09-25,2026-09-25,CM,NSE,STK,763149,INE2Q7823014,CITIUSINVT,IV,,,,,CITIUS TRANSNET INV TRUST,117.04,119.85,116.33,116.92,116.46,117.04,,116.92,,,3480,409813.17,106,F1,1,,,,,
2026-09-25,2026-09-25,CM,NSE,STK,5701,INE491A01021,CUB,EQ,,,,,CITY UNION BANK LTD,223.39,227.11,221.79,225.57,223.15,220.52,,225.59,,,1484087,332468604.13,25159,F1,1,,,,,
2026-09-25,2026-09-25,CM,NSE,STK,20223,INE201M01029,CLEDUCATE,EQ,,,,,CL EDUCATE LIMITED,55.0,57.82,54.07,54.84,55.93,55.07,,54.9,,,27607,1556464.64,174,F1,1,,,,,
2026-09-25,2026-09-25,CM,NSE,STK,758736,INE0UQ601012,CLASSICEIL,SM,,,,,CLASSIC ELECTRODE (IND) L,52.0,52.0,52.0,52.0,52.0,53.0,,52.0,,,9600,499200.0,5,F1,1600,,,,,
2026-09-25,2026-09-25,CM,NSE,STK,754695,INE1QGM01024,CLAYCRAFT,SM,,,,,CLAY CRAFT INDIA LIMITED,159.0,175.5,158.0,171.2,172.0,159.8,,171.2,,,102000,17129610.0,118,F1,600,,,,,
2026-09-25,2026-09-25,CM,NSE,STK,760183,INE647U01026,CLEANMAX,EQ,,,,,CLEAN MAX ENVIRO EN SOL L,1387.0,1475.0,1380.0,1393.4,1394.0,1385.2,,1393.38,,,888358,1260807742.7,53590,F1,1,,,,,
2026-09-25,2026-09-25,CM,NSE,STK,5049,INE227W01023,CLEAN,EQ,,,,,CLEAN SCIENCE & TECH LTD,816.4,823.9,805.0,807.25,808.0,815.45,,807.27,,,161379,130642927.3,11345,F1,1,,,,,
2026-09-25,2026-09-25,CM,NSE,STK,760143,INE1EF801010,CSSL,SM,,,,,CLEAR SECURED SERVICES L,79.5,79.5,75.5,75.75,76.0,77.2,,75.75,,,10000,769750.0,10,F1,1000,,,,,
2026-09-25,2026-09-25,CM,NSE,STK,30893,INE00WV01027,CMRGREEN,EQ,,,,,CMR GREEN TECHNOLOGIES L,221.99,227.5,218.57,224.49,224.0,220.72,,224.5,,,591723,132067022.25,20970,F1,1,,,,,
2026-09-25,2026-09-25,CM,NSE,STK,7603,INE925R01014,CMSINFO,EQ,,,,,CMS INFO SYSTEMS LIMITED,232.32,235.5,228.5,233.17,232.89,232.32,,233.2,,,504573,117157326.63,11899,F1,1,,,,,
2026-09-25,2026-09-25,CM,NSE,STK,20374,INE522F01014,COALINDIA,EQ,,,,,COAL INDIA LTD,424.0,426.65,421.35,426.1,426.1,422.0,,426.1,,,4798343,2039755656.5,62601,F1,1,,,,,
2026-09-25,2026-09-25,CM,NSE,STK,6006,INE377E01024,COASTCORP,EQ,,,,,COASTAL CORPORATION LTD,38.47,38.47,35.66,36.13,36.27,37.68,,36.14,,,124729,4582123.72,1697,F1,1,,,,,
2026-09-25,2026-09-25,CM,NSE,STK,21508,INE704P01025,COCHINSHIP,EQ,,,,,COCHIN SHIPYARD LIMITED,1370.0,1385.0,1365.0,1377.0,1377.0,1370.0,,1377.0,,,421803,579442809.4,18229,F1,1,,,,,
2026-09-25,2026-09-25,CM,NSE,STK,11165,INE335K01011,COFFEEDAY,EQ,,,,,COFFEE DAY ENTERPRISE LTD,30.75,31.0,29.81,30.29,30.31,30.7,,30.29,,,497297,15077818.64,2238,F1,1,,,,,
2026-09-25,2026-09-25,CM,NSE,STK,11543,INE591G01025,COFORGE,EQ,,,,,COFORGE LIMITED,1786.9,1793.6,1767.1,1784.0,1784.0,1785.9,,1786.08,,,803153,1429852454.0,55891,F1,1,,,,,
2026-09-25,2026-09-25,CM,NSE,STK,17945,INE03QK01018,COHANCE,EQ,,,,,COHANCE LIFESCIENCES LTD,456.3,460.0,450.05,459.25,458.7,454.15,,459.24,,,557235,252393783.85,10836,F1,1,,,,,
2026-09-25,2026-09-25,CM,NSE,STK,15141,INE259A01022,COLPAL,EQ,,,,,COLGATE PALMOLIVE LTD.,1854.8,1862.2,1835.4,1855.8,1855.8,1854.8,,1855.79,,,359623,663264200.2,19392,F1,1,,,,,
2026-09-25,2026-09-25,CM,NSE,STK,762628,INE819A01049,COMFINTE,EQ,,,,,COMFORT INTECH LTD.,5.88,6.66,5.66,6.51,6.59,5.69,,6.51,,,1363067,8685524.19,1378,F1,1,,,,,
2026-09-25,2026-09-25,CM,NSE,STK,21578,INE073V01015,COMSYN,EQ,,,,,COMMERCIAL SYN BAGS LTD,296.9,307.0,281.1,282.85,281.15,292.5,,282.86,,,2054003,612949233.75,16233,F1,1,,,,,
2026-09-25,2026-09-25,CM,NSE,STK,19513,INE597Z01014,COMMITTED,SM,,,,,COMMITTED CARGO CARE LTD,306.0,325.5,306.0,322.55,324.95,322.8,,322.55,,,4000,1277000.0,5,F1,800,,,,,
2026-09-25,2026-09-25,CM,NSE,STK,764648,INE823B01015,COMPEAU,EQ,,,,,COMPETENT AUTOMOB CO. L,365.0,370.0,365.0,365.0,365.0,365.0,,364.13,,,502,183779.9,12,F1,1,,,,,
2026-09-25,2026-09-25,CM,NSE,STK,19670,INE070C01037,COMPINFO,BZ,,,,,COMPUAGE INFOCOM LTD,1.08,1.12,1.02,1.03,1.03,1.07,,1.03,,,27280,28840.66,42,F1,1,,,,,
2026-09-25,2026-09-25,CM,NSE,STK,31138,INE453B01029,COMPUSOFT,EQ,,,,,COMPUCOM SOFTWARE LTD,13.43,13.64,13.01,13.19,13.4,13.3,,13.19,,,11907,157705.32,122,F1,1,,,,,
2026-09-25,2026-09-25,CM,NSE,STK,342,INE596I01020,CAMS,EQ,,,,,COMPUTER AGE MNGT SER LTD,710.6,714.9,703.5,707.35,707.35,710.6,,707.33,,,763343,540157469.55,45939,F1,1,,,,,
2026-09-25,2026-09-25,CM,NSE,STK,18060,INE338H01029,CONCORDBIO,EQ,,,,,CONCORD BIOTECH LIMITED,1464.8,1479.0,1439.2,1453.6,1453.0,1478.8,,1453.65,,,125029,182240557.0,16189,F1,1,,,,,
2026-09-25,2026-09-25,CM,NSE,STK,28764,INE037Z01029,CEWATER,EQ,,,,,CONCORD ENVIRO SYSTEMS L,270.85,270.85,261.75,264.45,264.0,268.75,,264.42,,,28701,7588837.15,1787,F1,1,,,,,
2026-09-25,2026-09-25,CM,NSE,STK,764641,INE700F01024,CFEL,BE,,,,,CONFIDENCE FUTURIST ENE L,46.0,47.99,44.28,47.03,47.02,46.53,,47.03,,,11996,551988.54,162,F1,1,,,,,
2026-09-25,2026-09-25,CM,NSE,STK,10238,INE552D01024,CONFIPET,EQ,,,,,CONFIDENCE PETRO IND LTD.,87.8,88.6,86.08,88.28,87.83,86.29,,88.29,,,1380621,120746787.68,19539,F1,1,,,,,
2026-09-25,2026-09-25,CM,NSE,STK,758453,INE0EAS01014,CONNPLEX,SM,,,,,CONNPLEX CINEMAS LIMITED,264.0,264.0,254.9,256.5,255.55,260.25,,256.5,,,33600,8634320.0,38,F1,800,,,,,
2026-09-25,2026-09-25,CM,NSE,STK,14992,INE429I01024,CCCL,EQ,,,,,CONS. CONST. CONSORT LTD,13.75,13.75,13.2,13.32,13.4,13.31,,13.32,,,122449,1626536.51,363,F1,1,,,,,
2026-09-25,2026-09-25,CM,NSE,STK,11732,INE025A01027,CONSOFINVT,BE,,,,,CONSO. FIN. & HOLD. LTD.,288.0,293.9,284.0,285.1,290.0,289.7,,285.1,,,4348,1248515.8,43,F1,1,,,,,
2026-09-25,2026-09-25,CM,NSE,STK,4749,INE111A01025,CONCOR,EQ,,,,,CONTAINER CORP OF IND LTD,467.8,468.15,458.55,461.5,461.5,466.3,,461.52,,,704143,325808107.1,16918,F1,1,,,,,
2026-09-25,2026-09-25,CM,NSE,STK,17477,INE663B01015,CONTROLPR,EQ,,,,,CONTROL PRINT LIMITED,582.8,594.25,581.15,591.8,591.0,584.65,,591.58,,,23882,14087742.0,1036,F1,1,,,,,
2026-09-25,2026-09-25,CM,NSE,STK,8560,INE0HS001028,COOLCAPS,SM,,,,,COOL CAPS INDUSTRIES LTD,24.85,24.85,23.1,24.45,24.2,24.45,,24.45,,,61250,1464562.5,48,F1,1250,,,,,
2026-09-25,2026-09-25,CM,NSE,STK,4007,INE558D01021,CORALFINAC,EQ,,,,,CORAL INDIA FIN & HOUS LT,31.98,31.98,31.2,31.77,31.82,31.29,,31.77,,,6235,197088.9,84,F1,1,,,,,
2026-09-25,2026-09-25,CM,NSE,STK,15275,INE792I01017,CORDSCABLE,BE,,,,,CORDS CABLE INDUS LTD.,362.5,363.05,348.45,348.8,348.45,366.75,,348.8,,,65198,22892059.4,1188,F1,1,,,,,
2026-09-25,2026-09-25,CM,NSE,STK,739,INE169A01031,COROMANDEL,EQ,,,,,COROMANDEL INTERNTL. LTD,1942.5,1975.0,1934.0,1963.9,1943.2,1942.5,,1963.96,,,49460,96311337.1,8668,F1,1,,,,,
2026-09-25,2026-09-25,CM,NSE,STK,760254,INE02ZQ01018,CORONA,EQ,,,,,CORONA REMEDIES LIMITED,2125.0,2135.6,2105.0,2117.7,2105.0,2111.0,,2117.62,,,8603,18248374.8,1740,F1,1,,,,,
2026-09-25,2026-09-25,CM,NSE,STK,742,INE757A01017,COSMOFIRST,EQ,,,,,COSMO FIRST LIMITED,857.25,859.95,844.1,849.4,845.2,857.25,,849.43,,,32823,27884972.0,2216,F1,1,,,,,
2026-09-25,2026-09-25,CM,NSE,STK,6385,INE652F01027,CCHHL,EQ,,,,,COUNTRY CLUB HOSP HOL LTD,13.1,13.54,13.1,13.14,13.1,13.49,,13.14,,,25038,332366.32,191,F1,1,,,,,
2026-09-25,2026-09-25,CM,NSE,STK,16989,INE695B01025,COUNCODOS,BE,,,,,COUNTRY CONDO S LIMITED,6.44,6.51,6.15,6.46,6.49,6.38,,6.45,,,18737,118763.92,133,F1,1,,,,,
2026-09-25,2026-09-25,CM,NSE,STK,20086,INE521J01018,CPCAP,EQ,,,,,CP CAPITAL LIMITED,155.37,155.37,153.15,153.93,153.89,154.6,,153.9,,,13613,2098092.11,429,F1,1,,,,,
2026-09-25,2026-09-25,CM,NSE,STK,2328,INF457M01133,CPSEETF,EQ,,,,,CPSE ETF,92.72,93.5,92.46,93.04,93.5,92.72,,93.04,,,435641,40444090.54,8621,F1,1,,,,,
2026-09-25,2026-09-25,CM,NSE,STK,2854,INE00LO01017,CRAFTSMAN,EQ,,,,,CRAFTSMAN AUTOMATION LTD,10671.0,10799.0,10568.0,10735.0,10754.0,10710.0,,10735.11,,,39510,422828638.0,14128,F1,1,,,,,
2026-09-25,2026-09-25,CM,NSE,STK,764653,INE145E01017,CRAVATEX,EQ,,,,,CRAVATEX LTD.,361.5,383.0,347.1,369.75,372.1,361.45,,370.25,,,542,196792.15,89,F1,1,,,,,
2026-09-25,2026-09-25,CM,NSE,STK,16419,INE0OFK01019,CRAYONS,SM,,,,,CRAYONS ADVERTISING LTD,24.5,24.5,24.5,24.5,24.5,24.5,,24.5,,,2000,49000.0,1,F1,1000,,,,,
2026-09-25,2026-09-25,CM,NSE,STK,9384,INE230B01021,CREATIVEYE,EQ,,,,,CREATIVE EYE LIMITED,6.41,6.41,5.92,6.19,5.98,6.26,,6.19,,,5749,35258.25,88,F1,1,,,,,
2026-09-25,2026-09-25,CM,NSE,STK,23468,INE0R7401011,CGRAPHICS,SM,,,,,CREATIVE GRAPHICS S IND L,135.9,136.85,134.0,134.05,134.0,134.5,,134.05,,,10400,1405600.0,13,F1,800,,,,,
2026-09-25,2026-09-25,CM,NSE,STK,11155,INE985W01018,CNL,EQ,,,,,CREATIVE NEWTECH LIMITED,1107.3,1134.4,1090.1,1098.2,1108.4,1106.9,,1098.52,,,7969,8766641.5,1213,F1,1,,,,,
2026-09-25,2026-09-25,CM,NSE,STK,765303,INE1KPX01025,CREDENT,SM,,,,,CREDENT CONNECT N CARE L,380.0,402.0,380.0,397.4,401.0,385.05,,397.4,,,58800,23276040.0,95,F1,600,,,,,
2026-09-25,2026-09-25,CM,NSE,STK,4421,INE741K01010,CREDITACC,EQ,,,,,CREDITACCESS GRAMEEN LTD,1315.1,1321.8,1295.0,1298.8,1297.4,1315.1,,1298.83,,,109014,142217668.0,10425,F1,1,,,,,
2026-09-25,2026-09-25,CM,NSE,STK,20878,INE220Q01020,MUFTI,EQ,,,,,CREDO BRANDS MARKETING L,72.25,73.46,71.72,72.14,72.25,72.54,,72.14,,,31152,2246927.63,541,F1,1,,,,,
2026-09-25,2026-09-25,CM,NSE,STK,765053,INE716D01033,CRSL,BE,,,,,CRESSANDA RAILWAY SOLUT L,2.5,2.54,2.38,2.4,2.38,2.5,,2.39,,,838282,2009527.44,851,F1,1,,,,,
2026-09-25,2026-09-25,CM,NSE,STK,13900,INE559D01011,CREST,EQ,,,,,CREST VENTURES LIMITED,361.0,370.0,354.0,362.9,358.05,364.15,,362.9,,,4329,1568541.1,122,F1,1,,,,,
2026-09-25,2026-09-25,CM,NSE,STK,19097,INE203Y01012,CRESTO,EQ,,,,,CRESTO TECHNO LIMITED,24.16,24.42,21.72,22.03,21.72,24.13,,22.03,,,258969,5809286.52,1563,F1,1,,,,,
2026-09-25,2026-09-25,CM,NSE,STK,757,INE007A01025,CRISIL,EQ,,,,,CRISIL LTD,4488.8,4547.8,4430.0,4520.0,4521.8,4503.5,,4520.1,,,36310,163507962.7,9996,F1,1,,,,,
2026-09-25,2026-09-25,CM,NSE,STK,757850,INE0S4R01014,CRIZAC,EQ,,,,,CRIZAC LIMITED,186.02,187.49,179.81,182.79,182.59,186.1,,182.78,,,197948,36233899.58,6452,F1,1,,,,,
2026-09-25,2026-09-25,CM,NSE,STK,17094,INE299U01018,CROMPTON,EQ,,,,,CROMPT GREA CON ELEC LTD,219.8,221.75,217.5,218.6,218.6,219.8,,218.61,,,1374776,301340886.46,16369,F1,1,,,,,
2026-09-25,2026-09-25,CM,NSE,STK,18263,INE00NH01017,CLSL,ST,,,,,CROP LIFE SCIENCE LIMITED,66.5,66.5,66.5,66.5,66.5,70.0,,66.5,,,2000,133000.0,1,F1,2000,,,,,
2026-09-25,2026-09-25,CM,NSE,STK,8083,INE491V01019,CROWN,EQ,,,,,CROWN LIFTERS LIMITED,119.5,122.0,116.05,119.36,118.97,117.94,,119.36,,,9405,1121655.96,217,F1,1,,,,,
2026-09-25,2026-09-25,CM,NSE,STK,14966,INE679A01013,CSBBANK,EQ,,,,,CSB BANK LIMITED,333.75,334.95,326.8,333.7,334.0,333.75,,333.69,,,186281,61682910.8,9169,F1,1,,,,,
2026-09-25,2026-09-25,CM,NSE,STK,10350,INE718F01018,CSLFINANCE,EQ,,,,,CSL FINANCE LIMITED,210.1,215.74,210.0,215.19,215.25,211.73,,215.19,,,15271,3266866.35,622,F1,1,,,,,
2026-09-25,2026-09-25,CM,NSE,STK,763753,INE0ZK601013,CSM,EQ,,,,,CSM TECHNOLOGIES LIMITED,102.0,104.5,100.1,102.35,102.77,101.57,,102.35,,,586845,60241884.61,2550,F1,1,,,,,
2026-09-25,2026-09-25,CM,NSE,STK,15078,INE0NR623014,CUBEINVIT,IV,,,,,CUBE HIGHWAYS TRUST,156.46,156.46,155.75,155.89,155.95,155.99,,155.89,,,348652,54394522.77,5520,F1,1,,,,,
2026-09-25,2026-09-25,CM,NSE,STK,4064,INE144D01012,CUBEXTUB,EQ,,,,,CUBEX TUBINGS LTD,147.9,152.24,130.05,152.24,152.24,138.4,,152.24,,,2579721,378406402.13,26657,F1,1,,,,,
2026-09-25,2026-09-25,CM,NSE,STK,1901,INE298A01020,CUMMINSIND,EQ,,,,,CUMMINS INDIA LTD,4972.0,4991.5,4922.5,4945.0,4945.0,4973.0,,4945.01,,,337303,1669187392.0,25926,F1,1,,,,,
2026-09-25,2026-09-25,CM,NSE,STK,18520,INE509F01029,CUPID,EQ,,,,,CUPID LIMITED,267.1,274.3,265.05,270.0,270.1,266.3,,269.97,,,13680181,3708730629.15,107650,F1,1,,,,,
2026-09-25,2026-09-25,CM,NSE,STK,30191,INE117B01020,CURAA,BE,,,,,CURA TECHNOLOGIES LIMITED,72.0,72.0,72.0,72.0,72.0,74.4,,72.0,,,28,2016.0,4,F1,1,,,,,
2026-09-25,2026-09-25,CM,NSE,STK,759828,INE1BZN01016,CURIS,ST,,,,,CURIS LIFESCIENCES LTD,222.9,223.65,218.2,223.65,223.65,213.0,,223.65,,,15000,3342500.0,15,F1,1000,,,,,
2026-09-25,2026-09-25,CM,NSE,STK,758964,INE1CRQ01014,CURRENT,SM,,,,,CURRENT INFRAPROJECTS LTD,93.5,94.9,93.0,94.7,94.9,92.65,,94.7,,,12800,1202240.0,8,F1,1600,,,,,
2026-09-25,2026-09-25,CM,NSE,STK,11845,INE278G01037,CYBERMEDIA,BE,,,,,CYBER MEDIA (INDIA) LTD.,20.53,20.53,20.0,20.18,20.19,20.64,,20.22,,,6032,121537.38,66,F1,1,,,,,
2026-09-25,2026-09-25,CM,NSE,STK,6054,INE214A01019,CYBERTECH,BE,,,,,CYBERTECH SYSTEMS & SOFTW,138.38,138.9,132.05,137.88,138.0,137.01,,137.96,,,12819,1739877.8,173,F1,1,,,,,
2026-09-25,2026-09-25,CM,NSE,STK,17187,INE055S01018,CYIENTDLM,EQ,,,,,CYIENT DLM LIMITED,914.0,937.9,913.0,931.4,932.0,912.7,,931.4,,,261221,241700593.1,16751,F1,1,,,,,
2026-09-25,2026-09-25,CM,NSE,STK,5748,INE136B01020,CYIENT,EQ,,,,,CYIENT LIMITED,1057.3,1103.7,1050.3,1094.7,1095.8,1057.8,,1094.71,,,334991,362175162.8,27401,F1,1,,,,,
2026-09-25,2026-09-25,CM,NSE,STK,16902,INE864X01013,DPWIRES,BE,,,,,D P WIRES LIMITED,168.0,168.7,163.1,163.43,163.2,170.02,,163.43,,,14850,2462840.55,295,F1,1,,,,,
2026-09-25,2026-09-25,CM,NSE,STK,17851,INE250K01012,DLINKINDIA,EQ,,,,,D-LINK INDIA LTD,420.2,422.0,415.0,420.9,420.4,418.9,,420.91,,,30140,12627161.7,1750,F1,1,,,,,
2026-09-25,2026-09-25,CM,NSE,STK,936,INE266Y01019,DPABHUSHAN,EQ,,,,,D. P. ABHUSHAN LIMITED,1407.0,1447.9,1398.0,1417.7,1419.0,1405.6,,1417.74,,,19662,27970315.1,2139,F1,1,,,,,
2026-09-25,2026-09-25,CM,NSE,STK,17881,INE950I01011,DBCORP,EQ,,,,,D.B.CORP LTD,180.31,183.0,178.1,181.71,183.0,180.31,,181.69,,,40295,7249150.07,1503,F1,1,,,,,
2026-09-25,2026-09-25,CM,NSE,STK,772,INE016A01026,DABUR,EQ,,,,,DABUR INDIA LTD,384.8,386.0,381.55,385.6,385.6,385.7,,385.61,,,690022,265194839.25,15004,F1,1,,,,,
2026-09-25,2026-09-25,CM,NSE,STK,762636,INE928C01010,DAICHI,BE,,,,,DAI-ICHI KARKARIA LTD.,327.9,330.0,320.0,328.45,330.0,326.3,,328.45,,,385,125922.65,13,F1,1,,,,,
2026-09-25,2026-09-25,CM,NSE,STK,8091,INE00R701025,DALBHARAT,BL,,,,,DALMIA BHARAT LIMITED,1700.0,1700.0,1700.0,1700.0,1700.0,1876.0,,1700.0,,,1084000,1842800000.0,2,F1,999999999,,,,,
2026-09-25,2026-09-25,CM,NSE,STK,8075,INE00R701025,DALBHARAT,EQ,,,,,DALMIA BHARAT LIMITED,1746.2,1746.2,1680.7,1700.2,1703.5,1721.2,,1700.13,,,254282,431579104.0,20652,F1,1,,,,,
2026-09-25,2026-09-25,CM,NSE,STK,781,INE495A01022,DALMIASUG,EQ,,,,,DALMIA BHARAT SUG IN LTD,399.5,434.65,396.05,428.75,429.0,399.5,,428.75,,,1009477,425368883.45,32181,F1,1,,,,,
2026-09-25,2026-09-25,CM,NSE,STK,28662,INE284H01025,DAMCAPITAL,EQ,,,,,DAM CAPITAL ADVISORS LTD,137.2,139.68,135.74,138.18,138.7,137.2,,138.18,,,177289,24318758.25,4657,F1,1,,,,,
2026-09-25,2026-09-25,CM,NSE,STK,17569,INE497D01022,DAMODARIND,BE,,,,,DAMODAR INDUSTRIES LTD,29.47,29.49,28.3,28.45,29.1,28.61,,28.45,,,3496,101072.21,45,F1,1,,,,,
2026-09-25,2026-09-25,CM,NSE,STK,1110,INE688Y01022,DANGEE,EQ,,,,,DANGEE DUMS LIMITED,3.16,3.26,2.98,3.26,3.26,2.97,,3.26,,,909887,2903200.63,715,F1,1,,,,,
2026-09-25,2026-09-25,CM,NSE,STK,25927,INE0YU901016,DANISH,SM,,,,,DANISH POWER LIMITED,955.0,959.7,910.0,947.6,951.0,950.45,,947.6,,,29550,27731902.5,152,F1,150,,,,,
2026-09-25,2026-09-25,CM,NSE,STK,757107,INE04Q901010,DCCL,SM,,,,,DAR CREDIT & CAPITAL LTD,40.9,41.85,40.9,41.85,41.85,40.5,,41.85,,,10000,413200.0,5,F1,2000,,,,,
2026-09-25,2026-09-25,CM,NSE,STK,7358,INE0IX101010,DATAPATTNS,EQ,,,,,DATA PATTERNS INDIA LTD,4415.0,4452.0,4355.0,4418.8,4418.0,4395.5,,4418.85,,,233402,1028283950.6,26676,F1,1,,,,,
2026-09-25,2026-09-25,CM,NSE,STK,11423,INE365B01017,DATAMATICS,EQ,,,,,DATAMATICS GLOBAL SER LTD,777.05,822.45,767.15,807.6,805.0,783.95,,807.62,,,216033,173952903.1,12192,F1,1,,,,,
2026-09-25,2026-09-25,CM,NSE,STK,21794,INE179G01029,DAVANGERE,EQ,,,,,DAVANGERE SUGAR COMPANY L,2.19,2.4,2.15,2.4,2.4,2.19,,2.4,,,28793669,67082261.81,4381,F1,1,,,,,
2026-09-25,2026-09-25,CM,NSE,STK,31111,INE921B01025,DBSTOCKBRO,BE,,,,,DB (INT) STOCK BROKERS,30.28,31.79,30.0,31.13,30.08,30.28,,31.78,,,9892,307401.77,44,F1,1,,,,,
2026-09-25,2026-09-25,CM,NSE,STK,11566,INE0A1101019,DCI,EQ,,,,,DC INFOTECH AND COMUN LTD,299.05,311.6,295.2,302.0,303.0,302.4,,302.0,,,114505,34664445.35,5979,F1,1,,,,,
2026-09-25,2026-09-25,CM,NSE,STK,13725,INE503A01015,DCBBANK,EQ,,,,,DCB BANK LIMITED,215.19,216.37,213.5,214.09,213.6,213.35,,214.09,,,951797,204050139.37,12814,F1,1,,,,,
2026-09-25,2026-09-25,CM,NSE,STK,23524,INE0S8401018,DCG,ST,,,,,DCG CABLES & WIRES LTD,72.5,74.6,72.5,74.6,74.6,71.05,,74.6,,,14400,1059000.0,11,F1,1200,,,,,
2026-09-25,2026-09-25,CM,NSE,STK,4775,INE891B01012,DCMFINSERV,EQ,,,,,DCM FINANCIAL SERVICES LT,5.09,5.09,4.96,5.02,4.98,4.99,,5.02,,,4208,20996.08,155,F1,1,,,,,
2026-09-25,2026-09-25,CM,NSE,STK,805,INE498A01018,DCM,EQ,,,,,DCM LTD,75.01,75.99,74.98,75.0,75.0,75.07,,74.9,,,9883,741227.77,71,F1,1,,,,,
2026-09-25,2026-09-25,CM,NSE,STK,11039,INE08KP01019,DCMNVL,EQ,,,,,DCM NOUVELLE LIMITED,177.98,181.0,177.15,179.15,181.0,178.64,,179.15,,,8893,1588127.11,921,F1,1,,,,,
2026-09-25,2026-09-25,CM,NSE,STK,760891,INE0OFM01015,DSFCL,EQ,,,,,DCM SHRIRAM FINE CHEM LTD,32.21,32.21,30.01,31.09,31.35,31.58,,31.0,,,136185,4162840.46,642,F1,1,,,,,
2026-09-25,2026-09-25,CM,NSE,STK,7325,INE843D01027,DCMSRIND,EQ,,,,,DCM SHRIRAM IND LTD,37.65,41.33,37.56,39.71,39.75,37.88,,39.7,,,2401956,94490755.81,20013,F1,1,,,,,
2026-09-25,2026-09-25,CM,NSE,STK,760896,INE0OU201013,DCMSIL,EQ,,,,,DCM SHRIRAM INTERNATNL L,88.0,88.0,82.01,83.98,83.25,85.2,,83.78,,,261587,22345830.75,3391,F1,1,,,,,
2026-09-25,2026-09-25,CM,NSE,STK,811,INE499A01024,DCMSHRIRAM,EQ,,,,,DCM SHRIRAM LIMITED,975.0,979.4,966.2,974.3,973.6,975.6,,974.28,,,20353,19820356.3,3983,F1,1,,,,,
2026-09-25,2026-09-25,CM,NSE,STK,817,INE500A01029,DCW,EQ,,,,,DCW LTD,48.36,49.29,47.61,48.72,48.64,48.36,,48.72,,,1396410,67755360.36,6994,F1,1,,,,,
2026-09-25,2026-09-25,CM,NSE,STK,11895,INE0KL801015,DCXINDIA,EQ,,,,,DCX SYSTEMS LIMITED,161.5,164.0,158.32,161.99,162.5,162.28,,161.99,,,455756,73436598.4,7166,F1,1,,,,,
2026-09-25,2026-09-25,CM,NSE,STK,29098,INE0HR601026,DDEVPLSTIK,EQ,,,,,DDEV PLASTIKS IND LTD,259.25,262.0,254.0,256.15,255.0,257.75,,256.36,,,81482,20850031.6,2080,F1,1,,,,,
2026-09-25,2026-09-25,CM,NSE,STK,15449,INE0JWV01011,DENEERS,SM,,,,,DE NEERS TOOLS LIMITED,171.25,184.6,171.25,182.8,181.85,172.95,,182.8,,,18600,3338160.0,26,F1,600,,,,,
2026-09-25,2026-09-25,CM,NSE,STK,4279,INE244A01016,DENORA,EQ,,,,,DE NORA INDIA LIMITED,798.75,798.75,765.0,766.5,769.8,783.9,,766.5,,,4443,3428656.85,465,F1,1,,,,,
2026-09-25,2026-09-25,CM,NSE,STK,14838,INE583C01021,DECCANCE,EQ,,,,,DECCAN CEMENTS LIMITED,561.45,561.45,547.05,553.55,559.2,555.95,,553.54,,,13335,7370695.5,536,F1,1,,,,,
2026-09-25,2026-09-25,CM,NSE,STK,762638,INE945F01025,DECNGOLD,EQ,,,,,DECCAN GOLD MINES LTD.,215.0,215.63,209.99,213.0,214.8,214.51,,213.06,,,989554,210426841.67,16045,F1,1,,,,,
2026-09-25,2026-09-25,CM,NSE,STK,25421,INE0S7C01019,DECCANTRAN,SM,,,,,DECCAN TRANSCON LEASING L,21.5,21.75,21.5,21.75,21.75,21.5,,21.75,,,3600,77940.0,3,F1,1200,,,,,
2026-09-25,2026-09-25,CM,NSE,STK,24154,INE841L01016,DEEDEV,EQ,,,,,DEE DEVELOPMENT ENG LTD,675.0,678.55,655.55,666.2,657.15,675.6,,666.14,,,130551,86675320.45,8660,F1,1,,,,,
2026-09-25,2026-09-25,CM,NSE,STK,22802,INE586O01011,DEEM,ST,,,,,DEEM ROLL TECH LIMITED,47.4,47.4,47.4,47.4,47.4,47.4,,47.4,,,1000,47400.0,1,F1,1000,,,,,
2026-09-25,2026-09-25,CM,NSE,STK,3292,INE0FHS01024,DEEPINDS,EQ,,,,,DEEP INDUSTRIES LIMITED,768.9,792.0,764.1,781.1,780.0,766.0,,781.09,,,339780,265345338.4,20023,F1,1,,,,,
2026-09-25,2026-09-25,CM,NSE,STK,765058,INE00IY01012,DEEP,BE,,,,,DEEP POLYMERS LTD.,44.05,45.5,44.05,45.5,45.5,45.1,,45.5,,,3636,163729.94,31,F1,1,,,,,
2026-09-25,2026-09-25,CM,NSE,STK,765931,INE1M2N01020,DEEPA,EQ,,,,,DEEPA JEWELLERS LIMITED,195.0,221.0,195.0,213.12,212.65,194.18,,213.12,,,19215814,4068478486.21,183907,F1,1,,,,,
2026-09-25,2026-09-25,CM,NSE,STK,25892,INE0OPA01027,DBEIL,EQ,,,,,DEEPAK BUILDERS & ENG I L,6.79,6.86,6.5,6.63,6.57,6.64,,6.63,,,121300,807327.43,511,F1,1,,,,,
2026-09-25,2026-09-25,CM,NSE,STK,827,INE501A01019,DEEPAKFERT,EQ,,,,,DEEPAK FERTILIZERS & PETR,1361.0,1397.8,1341.5,1363.8,1362.0,1361.4,,1363.84,,,394991,541026339.2,25546,F1,1,,,,,
2026-09-25,2026-09-25,CM,NSE,STK,19943,INE288B01029,DEEPAKNTR,EQ,,,,,DEEPAK NITRITE LTD,1601.1,1608.3,1575.0,1587.1,1586.0,1600.9,,1587.13,,,69925,110995967.8,8907,F1,1,,,,,
2026-09-25,2026-09-25,CM,NSE,STK,9599,INE148O01028,DELHIVERY,EQ,,,,,DELHIVERY LIMITED,426.3,426.35,418.35,422.7,422.7,426.3,,422.7,,,3334319,1405689141.7,65923,F1,1,,,,,
2026-09-25,2026-09-25,CM,NSE,STK,24395,INE726L01027,DELPHIFX,BE,,,,,DELPHI WORLD MONEY LTD,6.2,6.2,6.2,6.2,6.2,5.91,,6.2,,,30897,191561.4,41,F1,1,,,,,
2026-09-25,2026-09-25,CM,NSE,STK,29092,INE0XRN01019,DELTIC,SM,,,,,DELTA AUTOCORP LIMITED,31.25,34.7,31.15,34.7,34.7,34.45,,34.7,,,8000,261050.0,8,F1,1000,,,,,
2026-09-25,2026-09-25,CM,NSE,STK,15044,INE124G01033,DELTACORP,EQ,,,,,DELTA CORP LIMITED,73.44,77.89,69.31,76.84,76.8,72.68,,76.84,,,26445158,2004785452.51,113071,F1,1,,,,,
2026-09-25,2026-09-25,CM,NSE,STK,1214,INE393A01011,DELTAMAGNT,EQ,,,,,DELTA MANUFACTURING LTD,56.89,60.0,53.91,57.16,58.27,54.45,,57.16,,,9102,521481.38,159,F1,1,,,,,
2026-09-25,2026-09-25,CM,NSE,STK,17722,INE947J01015,DEN,EQ,,,,,DEN NETWORKS LTD,26.52,26.69,26.2,26.38,26.43,26.52,,26.38,,,271603,7151421.41,1379,F1,1,,,,,
2026-09-25,2026-09-25,CM,NSE,STK,29256,INE0R4L01018,DENTA,EQ,,,,,DENTA WATER N INFRA SOL L,278.55,280.2,268.0,276.7,276.1,270.1,,276.69,,,137637,37713250.45,4213,F1,1,,,,,
2026-09-25,2026-09-25,CM,NSE,STK,759079,INE0VOV01021,DEVX,EQ,,,,,DEV ACCELERATOR LIMITED,36.13,36.55,35.2,35.97,35.5,36.13,,35.97,,,179787,6480490.66,707,F1,1,,,,,
2026-09-25,2026-09-25,CM,NSE,STK,8146,INE060X01034,DEVIT,EQ,,,,,DEV INFO TECHNOLOGY LTD,22.61,23.4,21.6,22.28,22.22,22.59,,22.28,,,52336,1176795.01,823,F1,1,,,,,
2026-09-25,2026-09-25,CM,NSE,STK,5373,INE872J01023,DEVYANI,EQ,,,,,DEVYANI INTERNATIONAL LTD,137.5,137.65,133.11,135.02,134.72,137.5,,135.02,,,1070431,144537301.99,16265,F1,1,,,,,
2026-09-25,2026-09-25,CM,NSE,STK,764661,INE260R01016,DHABRIYA,BE,,,,,DHABRIYA POLYWOOD LTD.,489.0,493.0,475.4,484.2,483.0,486.3,,485.63,,,3524,1700647.25,128,F1,1,,,,,
2026-09-25,2026-09-25,CM,NSE,STK,10893,INE0I3401014,DBOL,EQ,,,,,DHAMPUR BIO ORGANICS LTD,112.51,123.0,112.51,122.25,121.7,113.2,,122.23,,,352645,42176961.37,7699,F1,1,,,,,
2026-09-25,2026-09-25,CM,NSE,STK,857,INE041A01016,DHAMPURSUG,EQ,,,,,DHAMPUR SUGAR MILLS LTD.,165.58,176.0,163.0,174.67,174.75,164.64,,174.66,,,2148612,371785150.73,35839,F1,1,,,,,
2026-09-25,2026-09-25,CM,NSE,STK,11359,INE680A01011,DHANBANK,EQ,,,,,DHANLAXMI BANK LIMITED,29.68,30.0,29.11,29.31,29.36,29.68,,29.32,,,239224,7037804.62,1131,F1,1,,,,,
2026-09-25,2026-09-25,CM,NSE,STK,24418,INE0M3I01029,DHANSA,ST,,,,,DHANSA LABS LIMITED,26.55,27.0,26.55,27.0,27.0,27.75,,27.0,,,6000,160300.0,3,F1,2000,,,,,
2026-09-25,2026-09-25,CM,NSE,STK,24409,INE435G01025,DHANUKA,EQ,,,,,DHANUKA AGRITECH LTD,965.9,974.85,960.0,964.35,962.0,967.6,,964.56,,,6793,6550159.8,1089,F1,1,,,,,
2026-09-25,2026-09-25,CM,NSE,STK,760492,INE2HJL01019,DHARARAIL,ST,,,,,DHARA RAIL PROJECTS LTD,140.05,140.4,140.0,140.4,140.4,143.0,,140.4,,,3000,420450.0,3,F1,1000,,,,,
2026-09-25,2026-09-25,CM,NSE,STK,759203,INE278R01034,DHARAN,BZ,,,,,DHARAN INFRA-EPC LIMITED,0.15,0.15,0.14,0.14,0.14,0.14,,0.14,,,5344543,772433.53,931,F1,1,,,,,
2026-09-25,2026-09-25,CM,NSE,STK,24747,INE0YRN01025,DHARIWAL,SM,,,,,DHARIWALCORP LIMITED,26.8,27.1,25.95,27.1,27.1,25.85,,27.1,,,597000,16065150.0,76,F1,3000,,,,,
2026-09-25,2026-09-25,CM,NSE,STK,13001,INE00OQ01016,DHARMAJ,EQ,,,,,DHARMAJ CROP GUARD LTD,299.9,306.0,292.55,295.15,302.0,300.55,,295.15,,,23574,6958857.4,1043,F1,1,,,,,
2026-09-25,2026-09-25,CM,NSE,STK,765060,INE715T01031,DHATRE,EQ,,,,,DHATRE UDYOG LTD.,4.29,4.46,3.86,4.13,4.19,4.23,,4.13,,,85524,357392.6,233,F1,1,,,,,
2026-09-25,2026-09-25,CM,NSE,STK,764553,INE01NH01023,DHOOTTRANS,EQ,,,,,DHOOT TRANSMISSION LTD,1606.0,1614.0,1551.4,1560.5,1564.0,1587.6,,1560.44,,,548949,866579972.1,26542,F1,1,,,,,
2026-09-25,2026-09-25,CM,NSE,STK,6858,INE506Z01015,DHRUV,EQ,,,,,DHRUV CONSULTANCY SER LTD,21.0,21.9,21.0,21.5,21.5,20.94,,21.6,,,5864,126248.01,65,F1,1,,,,,
2026-09-25,2026-09-25,CM,NSE,STK,22233,INE320L01011,DHUNINV,EQ,,,,,DHUNSERI INVESTMENTS LTD,995.0,1002.0,982.0,982.8,983.0,991.2,,982.8,,,166,164368.9,25,F1,1,,,,,
2026-09-25,2026-09-25,CM,NSE,STK,6239,INE341R01014,DTIL,BE,,,,,DHUNSERI TEA & IND. LTD.,142.0,143.0,137.8,140.35,139.46,142.0,,140.66,,,645,90524.11,56,F1,1,,,,,
2026-09-25,2026-09-25,CM,NSE,STK,15214,INE477B01010,DVL,EQ,,,,,DHUNSERI VENTURES LIMITED,294.8,299.4,282.1,289.75,293.9,293.8,,289.68,,,17348,5011375.05,726,F1,1,,,,,
2026-09-25,2026-09-25,CM,NSE,STK,18644,INE591D01014,DIAMINESQ,EQ,,,,,DIAMINES & CHEMICALS LTD,244.7,251.98,244.7,248.25,250.85,246.84,,248.25,,,5139,1272705.46,102,F1,1,,,,,
2026-09-25,2026-09-25,CM,NSE,STK,18545,INE989C01038,DIACABS,BE,,,,,DIAMOND POWER INFRA LTD,360.6,366.0,347.6,354.5,352.0,360.45,,354.51,,,539550,191611658.65,7549,F1,1,,,,,
2026-09-25,2026-09-25,CM,NSE,STK,703,INE303A01010,DICIND,EQ,,,,,DIC INDIA LIMITED,648.05,665.0,642.05,656.5,665.0,647.75,,656.5,,,4187,2728210.85,216,F1,1,,,,,
2026-09-25,2026-09-25,CM,NSE,STK,24313,INE0JRD01019,DTL,SM,,,,,DIENSTEN TECH LIMITED,129.9,130.0,129.0,129.5,130.0,124.15,,129.5,,,10800,1402260.0,5,F1,1200,,,,,
2026-09-25,2026-09-25,CM,NSE,STK,25672,INE184O01015,DIFFNKG,EQ,,,,,DIFFUSION ENGINEERS LTD,430.4,437.15,423.15,430.45,430.0,427.25,,430.46,,,64101,27584432.75,2976,F1,1,,,,,
2026-09-25,2026-09-25,CM,NSE,STK,10346,INE03JI01017,DGCONTENT,EQ,,,,,DIGICONTENT LIMITED,24.0,24.0,22.67,23.9,23.93,23.77,,23.9,,,13399,308798.27,141,F1,1,,,,,
2026-09-25,2026-09-25,CM,NSE,STK,21247,INE0PSC01024,DIGIDRIVE,EQ,,,,,DIGIDRIVE DISTRIBUTORS L,18.0,18.4,17.65,18.39,18.35,17.88,,18.39,,,16637,302931.03,189,F1,1,,,,,
2026-09-25,2026-09-25,CM,NSE,STK,19138,INE0QJ901011,DIGIKORE,SM,,,,,DIGIKORE STUDIOS LIMITED,36.95,37.0,34.6,35.55,34.6,35.7,,35.55,,,28000,1004840.0,59,F1,400,,,,,
2026-09-25,2026-09-25,CM,NSE,STK,16683,INE927C01020,DIGISPICE,EQ,,,,,DIGISPICE TECHNOLOGIES LT,16.49,16.49,15.62,16.08,16.08,16.21,,16.08,,,111103,1787205.91,242,F1,1,,,,,
2026-09-25,2026-09-25,CM,NSE,STK,757515,INE0U4701011,DIGITIDE,EQ,,,,,DIGITIDE SOLUTIONS LTD,81.5,81.5,76.76,78.57,78.5,79.76,,78.56,,,269246,21083766.9,3302,F1,1,,,,,
2026-09-25,2026-09-25,CM,NSE,STK,6136,INE731U01028,DIGJAMLMTD,BE,,,,,DIGJAM LTD,52.0,56.0,51.8,54.4,54.4,54.28,,54.4,,,3820,199661.9,34,F1,1,,,,,
2026-09-25,2026-09-25,CM,NSE,STK,641,INE016M01021,DNAMEDIA,EQ,,,,,DILIGENT MEDIA CORP LTD.,2.47,2.57,2.46,2.53,2.51,2.48,,2.53,,,17225,43365.37,86,F1,1,,,,,
2026-09-25,2026-09-25,CM,NSE,STK,18086,INE917M01012,DBL,EQ,,,,,DILIP BUILDCON LIMITED,413.9,414.0,407.05,412.45,410.15,412.6,,412.45,,,100526,41220220.6,3401,F1,1,,,,,
2026-09-25,2026-09-25,CM,NSE,STK,762643,INE131C01011,DISAQ,EQ,,,,,DISA INDIA LTD.,11953.0,11960.0,11677.0,11773.0,11849.0,12008.0,,11787.14,,,55,648704.0,42,F1,1,,,,,
2026-09-25,2026-09-25,CM,NSE,STK,14537,INE836F01026,DISHTV,EQ,,,,,DISH TV INDIA LTD.,2.43,2.43,2.31,2.37,2.37,2.43,,2.37,,,3533046,8327193.76,2214,F1,1,,,,,
2026-09-25,2026-09-25,CM,NSE,STK,21704,INE385W01011,DCAL,EQ,,,,,DISHMAN CARBO AMCIS LTD,168.0,170.57,165.81,168.19,166.85,168.19,,168.18,,,65506,10985701.14,1944,F1,1,,,,,
2026-09-25,2026-09-25,CM,NSE,STK,14479,INE753U01022,DIVGIITTS,EQ,,,,,DIVGI TORQTRANSFER SYST L,1161.9,1193.0,1140.0,1154.6,1146.6,1156.6,,1154.4,,,67322,78424142.5,6992,F1,1,,,,,
2026-09-25,2026-09-25,CM,NSE,STK,10940,INE361B01024,DIVISLAB,EQ,,,,,DIVI S LABORATORIES LTD,9602.0,9668.5,9530.0,9619.5,9619.5,9602.0,,9619.34,,,388859,3730057744.5,43556,F1,1,,,,,
2026-09-25,2026-09-25,CM,NSE,STK,30262,INE0NA501011,DIVINEHIRA,ST,,,,,DIVINE HIRA JEWELLERS LTD,96.6,100.0,93.6,97.6,99.95,98.5,,97.6,,,62400,5938320.0,48,F1,1200,,,,,
2026-09-25,2026-09-25,CM,NSE,STK,24286,INE0SCO01019,DPEL,SM,,,,,DIVINE POWER ENERGY LTD,635.05,635.15,625.0,626.0,625.0,633.8,,626.0,,,24500,15435825.0,49,F1,500,,,,,
2026-09-25,2026-09-25,CM,NSE,STK,25680,INE0QYI01019,DIVYADHAN,ST,,,,,DIVYADHAN RECYCLING IND L,43.0,43.0,42.45,43.0,43.0,44.35,,43.0,,,12000,514900.0,5,F1,2000,,,,,
2026-09-25,2026-09-25,CM,NSE,STK,21690,INE935N01020,DIXON,EQ,,,,,DIXON TECHNO (INDIA) LTD,13280.0,13514.0,13211.0,13390.0,13390.0,13299.0,,13390.25,,,276046,3692508430.0,37661,F1,1,,,,,
2026-09-25,2026-09-25,CM,NSE,STK,12749,INE0B1K01014,DJML,EQ,,,,,DJ MEDIAPRINT & LOG LTD,74.05,75.99,70.05,71.85,70.52,74.44,,71.94,,,75725,5484471.31,697,F1,1,,,,,
2026-09-25,2026-09-25,CM,NSE,STK,14732,INE271C01023,DLF,EQ,,,,,DLF LIMITED,671.2,683.6,670.6,683.0,683.0,670.4,,682.93,,,3573018,2422714145.15,49070,F1,1,,,,,
2026-09-25,2026-09-25,CM,NSE,STK,6973,INE505A01010,DMCC,EQ,,,,,DMCC SPECIALITY CHEMICALS,296.55,307.65,291.8,305.35,306.0,295.05,,305.35,,,122619,36982929.3,3402,F1,1,,,,,
2026-09-25,2026-09-25,CM,NSE,STK,22533,INE0OGG01015,DHTL,SM,,,,,DOCMODE HEALTH TECH LTD,26.9,27.75,25.65,25.65,25.65,27.0,,25.65,,,19200,524920.0,11,F1,800,,,,,
2026-09-25,2026-09-25,CM,NSE,STK,4822,INE021O01019,DODLA,EQ,,,,,DODLA DAIRY LIMITED,1060.0,1060.0,1031.0,1039.4,1038.8,1045.7,,1039.56,,,14762,15440966.9,1835,F1,1,,,,,
2026-09-25,2026-09-25,CM,NSE,STK,12124,INE966A01022,DOLATALGO,EQ,,,,,DOLAT ALGOTECH LIMITED,66.67,68.0,66.45,67.48,67.15,66.7,,67.48,,,60079,4024262.51,899,F1,1,,,,,
2026-09-25,2026-09-25,CM,NSE,STK,20560,INE325C01035,DOLLAR,EQ,,,,,DOLLAR INDUSTRIES LIMITED,269.5,272.7,266.4,270.45,270.5,269.5,,270.46,,,79148,21299068.1,2305,F1,1,,,,,
2026-09-25,2026-09-25,CM,NSE,STK,765977,INE0JHH01011,DOLLEX,EQ,,,,,DOLLEX AGROTECH LIMITED,37.85,37.85,35.5,36.05,36.95,37.0,,36.07,,,27320,992082.45,243,F1,1,,,,,
2026-09-25,2026-09-25,CM,NSE,STK,18139,INE920A01037,DOLPHIN,EQ,,,,,DOLPHIN OFF ENT (IND) L,685.05,707.5,669.0,687.45,689.0,685.3,,687.47,,,35738,24672185.8,2848,F1,1,,,,,
2026-09-25,2026-09-25,CM,NSE,STK,20551,INE321T01012,DOMS,EQ,,,,,DOMS INDUSTRIES LIMITED,2104.3,2109.0,2077.5,2083.0,2084.3,2109.0,,2083.13,,,13623,28420125.7,3087,F1,1,,,,,
2026-09-25,2026-09-25,CM,NSE,STK,13839,INE668D01028,DONEAR,EQ,,,,,DONEAR IND. LIMITED,82.22,83.3,81.81,82.64,82.3,82.22,,82.64,,,16214,1338803.05,159,F1,1,,,,,
2026-09-25,2026-09-25,CM,NSE,STK,15423,INE360C01024,DPSCLTD,BE,,,,,DPSC LIMITED,7.12,7.12,6.86,6.97,7.0,7.06,,6.97,,,113088,789257.72,407,F1,1,,,,,
2026-09-25,2026-09-25,CM,NSE,STK,29452,INE943P01029,AGARWALEYE,EQ,,,,,DR AGARWALS HEALTH CARE L,503.0,503.05,492.85,500.0,500.0,502.1,,500.0,,,242336,121059017.65,11645,F1,1,,,,,
2026-09-25,2026-09-25,CM,NSE,STK,762648,INE934C01018,DRAGARWQ,EQ,,,,,DR. AGARWAL'S EYE HOSP L,5179.0,5280.0,5171.0,5209.0,5240.0,5159.0,,5211.67,,,1157,6053506.5,989,F1,1,,,,,
2026-09-25,2026-09-25,CM,NSE,STK,11654,INE600L01024,LALPATHLAB,EQ,,,,,DR. LAL PATH LABS LTD.,1980.0,1986.8,1902.7,1952.3,1948.0,1961.3,,1952.28,,,452137,880138665.4,43609,F1,1,,,,,
2026-09-25,2026-09-25,CM,NSE,STK,881,INE089A01031,DRREDDY,EQ,,,,,DR. REDDY S LABORATORIES,1204.5,1207.8,1193.4,1201.0,1201.0,1200.4,,1201.0,,,1001238,1203136436.8,39060,F1,1,,,,,
2026-09-25,2026-09-25,CM,NSE,STK,2645,INE03RS01027,DRCSYSTEMS,EQ,,,,,DRC SYSTEMS INDIA LIMITED,12.55,12.72,12.33,12.69,12.7,12.55,,12.69,,,26678,335878.11,220,F1,1,,,,,
2026-09-25,2026-09-25,CM,NSE,STK,10859,INE0JS101016,DREAMFOLKS,EQ,,,,,DREAMFOLKS SERVICES LTD,64.75,64.75,62.8,63.31,63.3,64.13,,63.31,,,35192,2237667.39,731,F1,1,,,,,
2026-09-25,2026-09-25,CM,NSE,STK,11271,INE506A01018,DREDGECORP,EQ,,,,,DREDGING CORP OF INDIA,997.5,997.5,969.4,984.8,973.2,996.5,,984.97,,,91938,90079603.4,4239,F1,1,,,,,
2026-09-25,2026-09-25,CM,NSE,STK,17372,INE0P7201019,DRONE,SM,,,,,DRONE DESTINATION LIMITED,34.4,34.4,33.4,33.45,33.5,33.6,,33.45,,,7000,235550.0,14,F1,500,,,,,
2026-09-25,2026-09-25,CM,NSE,STK,8772,INE891A01022,DSKULKARNI,BE,,,,,DS KULKARNI DEVELOPERS L,24.09,24.09,24.09,24.09,24.09,23.62,,24.09,,,200,4818.0,1,F1,1,,,,,
2026-09-25,2026-09-25,CM,NSE,STK,778,INE055C01020,KEEPLEARN,EQ,,,,,DSJ KEEP LEARNING LTD,1.82,1.91,1.81,1.85,1.87,1.82,,1.86,,,9589,17849.27,69,F1,1,,,,,
2026-09-25,2026-09-25,CM,NSE,STK,1927,INF740KA1EU7,LIQUIDETF,EQ,,,,,DSP LIQUID ETF,999.99,1000.01,999.99,999.99,1000.0,1000.0,,999.99,,,59439,59438918.2,208,F1,1,,,,,
2026-09-25,2026-09-25,CM,NSE,STK,761364,INF740KA1YH2,BANK10ADD,EQ,,,,,DSPAMC - BANK10ADD,16.42,16.55,16.36,16.44,16.55,16.53,,16.44,,,141956,2334141.15,212,F1,1,,,,,
2026-09-25,2026-09-25,CM,NSE,STK,13644,INF740KA1RX3,BANKADD,EQ,,,,,DSPAMC - DSPBANK,56.91,57.07,56.78,57.02,56.78,56.9,,57.02,,,72486,4131828.47,109,F1,1,,,,,
2026-09-25,2026-09-25,CM,NSE,STK,15356,INF740KA1ZP2,GOLDADD,EQ,,,,,DSPAMC - DSPGOLD,14.61,14.64,14.51,14.62,14.63,14.5,,14.62,,,11357073,165652928.54,6102,F1,1,,,,,
2026-09-25,2026-09-25,CM,NSE,STK,17207,INF740KA1SX1,ITADD,EQ,,,,,DSPAMC - DSPIT,29.75,30.9,29.51,29.9,30.49,29.95,,29.92,,,12897,384530.23,113,F1,1,,,,,
2026-09-25,2026-09-25,CM,NSE,STK,6606,INF740KA1QK2,EQUAL50ADD,EQ,,,,,DSPAMC - DSPNEWETF,331.12,334.89,329.52,332.75,334.89,331.12,,332.75,,,16598,5497996.78,266,F1,1,,,,,
2026-09-25,2026-09-25,CM,NSE,STK,7451,INF740KA1CL0,NIFTYADD,EQ,,,,,DSPAMC - DSPNIFTY,244.37,244.37,243.12,244.21,244.0,243.8,,244.29,,,2689,655831.84,110,F1,1,,,,,
2026-09-25,2026-09-25,CM,NSE,STK,17616,INF740KA1SY9,PSUBANKADD,EQ,,,,,DSPAMC - DSPPSBKETF,84.11,84.2,83.6,83.89,83.9,83.81,,83.97,,,5599,469095.88,266,F1,1,,,,,
2026-09-25,2026-09-25,CM,NSE,STK,17576,INF740KA1TA7,PVTBANKADD,EQ,,,,,DSPAMC - DSPPVBKETF,27.33,27.42,27.2,27.33,27.3,27.33,,27.33,,,170983,4672480.05,127,F1,1,,,,,
2026-09-25,2026-09-25,CM,NSE,STK,7456,INF740KA1ZF3,MIDQ50ADD,EQ,,,,,DSPAMC - DSPQ50ETF,24.16,24.58,24.1,24.23,24.58,24.22,,24.23,,,6389,154448.92,167,F1,1,,,,,
2026-09-25,2026-09-25,CM,NSE,STK,17613,INF740KA1SZ6,SENSEXADD,EQ,,,,,DSPAMC - DSPSENXETF,76.27,77.0,76.0,76.28,76.05,76.33,,76.28,,,4869,371150.28,153,F1,1,,,,,
2026-09-25,2026-09-25,CM,NSE,STK,10761,INF740KA1ZQ0,SILVERADD,EQ,,,,,DSPAMC - DSPSILVETF,21.92,22.12,21.72,22.04,22.12,21.74,,22.04,,,6158711,134984944.68,4823,F1,1,,,,,
2026-09-25,2026-09-25,CM,NSE,STK,759368,INF740KA1WU9,FLEXIADD,EQ,,,,,DSPAMC - FLEXIADD,9.68,9.86,9.63,9.71,9.7,9.68,,9.71,,,58950,570478.07,384,F1,1,,,,,
2026-09-25,2026-09-25,CM,NSE,STK,763530,INF740KA1ZA4,FMCGADD,EQ,,,,,DSPAMC - FMCGADD,46.0,46.15,45.89,46.11,46.1,46.0,,46.11,,,4720,217254.09,153,F1,1,,,,,
2026-09-25,2026-09-25,CM,NSE,STK,765310,INF740KA1ZI7,GSEC10ADD,EQ,,,,,DSPAMC - GSEC10ADD,26.62,26.77,26.24,26.77,26.77,26.73,,26.77,,,414,11076.85,5,F1,1,,,,,
2026-09-25,2026-09-25,CM,NSE,STK,22592,INF740KA1ZG1,HEALTHADD,EQ,,,,,DSPAMC - HEALTHADD,16.96,18.2,16.7,16.99,17.24,16.96,,16.98,,,18113,305478.53,174,F1,1,,,,,
2026-09-25,2026-09-25,CM,NSE,STK,23407,INF740KA1UM0,LIQUIDADD,EQ,,,,,DSPAMC - LIQUIDADD,1146.51,1149.59,1145.41,1146.53,1146.52,1146.08,,1146.53,,,957341,1097626091.98,658,F1,1,,,,,
2026-09-25,2026-09-25,CM,NSE,STK,764428,INF740KA1ZH9,MIDBANKADD,EQ,,,,,DSPAMC - MIDBANKADD,16.86,16.94,16.78,16.84,16.84,16.86,,16.85,,,129418,2180052.53,29,F1,1,,,,,
2026-09-25,2026-09-25,CM,NSE,STK,760356,INF740KA1WW5,MIDCAPADD,EQ,,,,,DSPAMC - MIDCAPADD,23.04,24.84,22.42,23.4,24.3,22.59,,23.4,,,3690,83728.07,82,F1,1,,,,,
2026-09-25,2026-09-25,CM,NSE,STK,759978,INF740KA1WV7,MSCIADD,EQ,,,,,DSPAMC - MSCIADD,28.51,31.38,28.37,28.58,28.4,28.55,,28.58,,,382,10890.1,13,F1,1,,,,,
2026-09-25,2026-09-25,CM,NSE,STK,29464,INF740KA1VE5,NEXT30ADD,EQ,,,,,DSPAMC - NEXT30ADD,41.94,41.95,41.56,41.92,41.75,41.85,,41.92,,,5797,241775.41,150,F1,1,,,,,
2026-09-25,2026-09-25,CM,NSE,STK,760599,INF740KA1XU7,NEXT50ADD,EQ,,,,,DSPAMC - NEXT50ADD,72.09,73.95,71.74,72.22,73.18,71.86,,72.22,,,610,43956.67,27,F1,1,,,,,
2026-09-25,2026-09-25,CM,NSE,STK,760359,INF740KA1WX3,SMALLADD,EQ,,,,,DSPAMC - SMALLADD,18.27,18.34,18.13,18.28,18.3,18.27,,18.28,,,14221,259556.43,99,F1,1,,,,,
2026-09-25,2026-09-25,CM,NSE,STK,25171,INF740KA1UR9,TOP10ADD,EQ,,,,,DSPAMC - TOP10ADD,83.04,84.5,83.04,83.88,84.5,83.79,,83.88,,,173821,14530031.03,2578,F1,1,,,,,
2026-09-25,2026-09-25,CM,NSE,STK,13766,INE0LZO01015,DUCOL,SM,,,,,DUCOL ORGS AND COLOURS LT,126.0,130.7,126.0,130.5,130.5,128.75,,130.5,,,6400,816960.0,7,F1,800,,,,,
2026-09-25,2026-09-25,CM,NSE,STK,28952,INE741L01018,DUCON,EQ,,,,,DUCON INFRATECHNOLOGIES L,1.66,1.67,1.56,1.56,1.56,1.64,,1.57,,,2277545,3635261.61,776,F1,1,,,,,
2026-09-25,2026-09-25,CM,NSE,STK,5457,INE0HPK01020,DUGLOBAL,SM,,,,,DUDIGITAL GLOBAL LIMITED,21.4,21.45,20.1,21.4,21.4,20.05,,21.4,,,55000,1150375.0,19,F1,2500,,,,,
2026-09-25,2026-09-25,CM,NSE,STK,24164,INE0OUW01013,DURLAX,SM,,,,,DURLAX TOP SURFACE LTD,62.7,67.0,62.7,65.75,65.3,60.55,,65.75,,,414000,26915700.0,170,F1,2000,,,,,
2026-09-25,2026-09-25,CM,NSE,STK,11667,INE366A01041,DWARKESH,EQ,,,,,DWARIKESH SUGAR IND LTD,40.72,45.62,40.7,45.01,45.16,40.74,,45.01,,,9515248,417288863.73,37819,F1,1,,,,,
2026-09-25,2026-09-25,CM,NSE,STK,25690,INE417B01040,DSSL,EQ,,,,,DYNACONS SYS & SOLN LTD,1031.0,1031.0,1002.7,1021.2,1026.0,1022.1,,1021.34,,,13959,14183280.9,1235,F1,1,,,,,
2026-09-25,2026-09-25,CM,NSE,STK,4525,INE221B01012,DYNAMATECH,EQ,,,,,DYNAMATIC TECHNOLOGIES,12541.0,13287.0,12490.0,13153.0,13200.0,12551.0,,13152.87,,,38127,497158636.0,14120,F1,1,,,,,
2026-09-25,2026-09-25,CM,NSE,STK,10417,INE600Y01019,DYCL,EQ,,,,,DYNAMIC CABLES LIMITED,474.2,476.7,451.6,456.95,452.3,473.2,,456.87,,,479136,221094375.85,17954,F1,1,,,,,
2026-09-25,2026-09-25,CM,NSE,STK,6079,INE0DZ701010,DYNAMIC,SM,,,,,DYNAMIC SRVCS & SEC LTD,156.7,156.7,136.75,139.95,139.95,149.0,,139.95,,,21500,3170575.0,21,F1,500,,,,,
2026-09-25,2026-09-25,CM,NSE,STK,21314,INE256H01015,DYNPRO,EQ,,,,,DYNEMIC PRODUCTS LIMITED,232.85,234.01,228.91,229.22,229.05,232.85,,229.22,,,6761,1557689.0,351,F1,1,,,,,
2026-09-25,2026-09-25,CM,NSE,STK,19267,INE0KFF01017,EFACTOR,SM,,,,,E FACTOR EXPERIENCES LTD,161.95,175.0,161.45,171.15,170.0,161.95,,171.15,,,29200,4918840.0,62,F1,400,,,,,
2026-09-25,2026-09-25,CM,NSE,STK,760531,INE1CEJ01017,E2ERAIL,SM,,,,,E TO E TRANS INFRA LTD,327.0,328.95,312.0,322.3,322.0,331.55,,322.3,,,236000,75849040.0,178,F1,800,,,,,
2026-09-25,2026-09-25,CM,NSE,STK,8940,INE255Z01027,E2E,BE,,,,,E2E NETWORKS LIMITED,652.0,666.0,626.3,652.15,653.0,646.7,,651.5,,,467742,303088874.5,10387,F1,1,,,,,
2026-09-25,2026-09-25,CM,NSE,STK,765065,INE595R01023,EASTWEST,EQ,,,,,EAST WEST FREIGHT CARRI L,2.35,2.42,2.3,2.4,2.39,2.36,,2.4,,,33828,79344.34,192,F1,1,,,,,
2026-09-25,2026-09-25,CM,NSE,STK,9769,INE962C01035,EASTSILK,BE,,,,,EASTERN SILK INDUSTRIES L,75.39,75.39,69.0,72.0,72.0,71.8,,72.0,,,4345,320886.76,48,F1,1,,,,,
2026-09-25,2026-09-25,CM,NSE,STK,2792,INE07O001026,EASEMYTRIP,EQ,,,,,EASY TRIP PLANNERS LTD,5.82,5.96,5.75,5.92,5.91,5.8,,5.92,,,14957504,87488204.2,7286,F1,1,,,,,
2026-09-25,2026-09-25,CM,NSE,STK,765073,INE432F01032,EBIX,BE,,,,,EBIX LIMITED,17.05,18.0,17.05,17.48,17.5,17.89,,17.48,,,46412,816967.36,176,F1,1,,,,,
2026-09-25,2026-09-25,CM,NSE,STK,759975,INE528S07128,925ECL28,N2,,,,,ECL 9.25% 2028 SR VI,1029.78,1031.0,1029.78,1030.33,1031.0,1020.0,,1030.33,,,200,206066.7,3,F1,1,,,,,
2026-09-25,2026-09-25,CM,NSE,STK,15179,INE738I01010,ECLERX,EQ,,,,,ECLERX SERVICES LTD,1890.0,1908.2,1866.1,1898.8,1895.0,1890.1,,1898.8,,,121985,230318047.3,17047,F1,1,,,,,
2026-09-25,2026-09-25,CM,NSE,STK,764663,INE316A01038,ECORECO,EQ,,,,,ECO RECYCLING LTD.,428.0,428.0,410.0,418.8,424.0,419.25,,418.6,,,10333,4314049.25,1115,F1,1,,,,,
2026-09-25,2026-09-25,CM,NSE,STK,759961,INE0VBS01016,ECOLINE,SM,,,,,ECOLINE EXIM LIMITED,185.0,185.05,176.5,177.5,177.0,190.4,,177.5,,,26000,4705900.0,23,F1,1000,,,,,
2026-09-25,2026-09-25,CM,NSE,STK,25060,INE06HJ01020,ECOSMOBLTY,EQ,,,,,ECOS (INDIA) MOB & HOSP L,108.13,109.42,106.5,108.42,108.01,108.04,,108.42,,,39231,4234737.31,1183,F1,1,,,,,
2026-09-25,2026-09-25,CM,NSE,STK,7196,INF754K01OB1,BBETF0432,EQ,,,,,EDELAMC - BBETF0432,1339.8,1339.8,1335.98,1336.0,1335.98,1335.53,,1336.0,,,729,974168.93,36,F1,1,,,,,
2026-09-25,2026-09-25,CM,NSE,STK,764378,INF754K01XH9,EBANK10,EQ,,,,,EDELAMC - EBANK10,16.33,16.38,16.3,16.37,16.37,16.58,,16.37,,,424,6934.78,10,F1,1,,,,,
2026-09-25,2026-09-25,CM,NSE,STK,25258,INF754K01TE4,EBANKNIFTY,EQ,,,,,EDELAMC - EBANKNIFTY,56.3,56.34,56.05,56.22,56.22,55.89,,56.22,,,11066,622345.09,16,F1,1,,,,,
2026-09-25,2026-09-25,CM,NSE,STK,16253,INF754K01KO2,EBBETF0430,EQ,,,,,EDELAMC - EBBETF0430,1611.79,1611.79,1603.95,1605.88,1605.19,1603.95,,1605.04,,,2421,3888868.22,182,F1,1,,,,,
2026-09-25,2026-09-25,CM,NSE,STK,22239,INF754K01LE1,EBBETF0431,EQ,,,,,EDELAMC - EBBETF0431,1437.99,1437.99,1424.44,1430.19,1430.0,1430.1,,1429.25,,,5210,7434512.13,85,F1,1,,,,,
2026-09-25,2026-09-25,CM,NSE,STK,13139,INF754K01QX0,EBBETF0433,EQ,,,,,EDELAMC - EBBETF0433,1302.48,1307.67,1301.2,1304.87,1305.79,1301.38,,1305.21,,,5266,6873709.46,67,F1,1,,,,,
2026-09-25,2026-09-25,CM,NSE,STK,29019,INF754K01TX4,ECAPINSURE,EQ,,,,,EDELAMC - ECAPINSURE,23.66,23.66,23.21,23.37,23.34,23.43,,23.37,,,74542,1743111.35,282,F1,1,,,,,
2026-09-25,2026-09-25,CM,NSE,STK,19933,INF754K01SE6,EGOLD,EQ,,,,,EDELAMC - EGOLD,149.55,150.85,149.45,150.4,149.75,149.3,,150.4,,,195047,29279865.45,318,F1,1,,,,,
2026-09-25,2026-09-25,CM,NSE,STK,759466,INF754K01VW2,ELIQUID,EQ,,,,,EDELAMC - ELIQUID,1049.38,1049.4,1049.38,1049.39,1049.39,1048.98,,1049.39,,,3002,3150266.72,17,F1,1,,,,,
2026-09-25,2026-09-25,CM,NSE,STK,758952,INF754K01VV4,ELM250,EQ,,,,,EDELAMC - ELM250,16.1,16.29,16.02,16.23,16.25,16.11,,16.23,,,13354,215712.65,152,F1,1,,,,,
2026-09-25,2026-09-25,CM,NSE,STK,764367,INF754K01XI7,ELMDIV,EQ,,,,,EDELAMC - ELMDIV,35.19,35.2,35.05,35.14,35.14,35.25,,35.14,,,184,6463.28,14,F1,1,,,,,
2026-09-25,2026-09-25,CM,NSE,STK,764288,INF754K01XG1,EMETAL,EQ,,,,,EDELAMC - EMETAL,13.03,13.99,12.87,12.96,12.88,12.92,,12.96,,,11120,145780.74,45,F1,1,,,,,
2026-09-25,2026-09-25,CM,NSE,STK,25996,INF754K01TF1,EMULTIMQ,EQ,,,,,EDELAMC - EMULTIMQ,41.5,41.52,41.0,41.29,41.3,41.3,,41.29,,,12231,502462.2,117,F1,1,,,,,
2026-09-25,2026-09-25,CM,NSE,STK,763540,INF754K01XF3,ENEXT50,EQ,,,,,EDELAMC - ENEXT50,71.88,71.88,70.96,71.76,71.76,71.53,,71.76,,,1449,102829.16,7,F1,1,,,,,
2026-09-25,2026-09-25,CM,NSE,STK,759998,INF754K01VX0,ENIFTY,EQ,,,,,EDELAMC - ENIFTY,22.78,23.61,22.78,23.36,23.44,23.37,,23.36,,,768,17903.94,56,F1,1,,,,,
2026-09-25,2026-09-25,CM,NSE,STK,759995,INF754K01VY8,ESENSEX,EQ,,,,,EDELAMC - ESENSEX,74.1,74.67,74.1,74.65,74.65,74.47,,74.65,,,371,27576.25,16,F1,1,,,,,
2026-09-25,2026-09-25,CM,NSE,STK,20257,INF754K01SF3,ESILVER,EQ,,,,,EDELAMC - ESILVER,226.53,229.49,225.12,229.29,228.01,225.69,,229.29,,,278052,63723455.9,1827,F1,1,,,,,
2026-09-25,2026-09-25,CM,NSE,STK,15119,INE532F01054,EDELWEISS,EQ,,,,,EDELWEISS FIN SERV LTD,138.6,139.45,135.2,136.83,136.8,139.01,,136.82,,,4432948,610953330.24,33662,F1,1,,,,,
2026-09-25,2026-09-25,CM,NSE,STK,758675,INE886D01026,EFCIL,EQ,,,,,EFC (I) LIMITED,181.1,181.1,178.2,179.74,181.0,181.2,,179.7,,,62842,11278266.42,1559,F1,1,,,,,
2026-09-25,2026-09-25,CM,NSE,STK,24435,INE0U9101019,EFFWA,SM,,,,,EFFWA INFRA & RESEARCH L,350.0,362.9,346.0,356.2,358.0,361.75,,356.2,,,14000,4943420.0,32,F1,400,,,,,
2026-09-25,2026-09-25,CM,NSE,STK,910,INE066A01021,EICHERMOT,EQ,,,,,EICHER MOTORS LTD,7340.5,7381.0,7305.0,7360.0,7360.0,7338.5,,7359.91,,,201194,1476312278.5,27982,F1,1,,,,,
2026-09-25,2026-09-25,CM,NSE,STK,916,INE126A01031,EIDPARRY,EQ,,,,,EID PARRY INDIA LTD,692.0,710.0,687.3,704.75,704.0,689.55,,704.76,,,341486,239777960.15,20388,F1,1,,,,,
2026-09-25,2026-09-25,CM,NSE,STK,15399,INE276C01014,EIHAHOTELS,EQ,,,,,EIH ASSOCIATED HOTELS LTD,285.6,299.8,284.55,294.3,291.0,288.6,,294.38,,,30841,8964786.45,1251,F1,1,,,,,
2026-09-25,2026-09-25,CM,NSE,STK,919,INE230A01023,EIHOTEL,EQ,,,,,EIH LIMITED,295.15,296.95,292.0,294.7,294.4,296.9,,294.72,,,120396,35399944.35,6255,F1,1,,,,,
2026-09-25,2026-09-25,CM,NSE,STK,4040,INE158B01016,EIMCOELECO,EQ,,,,,EIMCO ELECON (INDIA) LTD,2324.8,2324.8,2272.8,2301.6,2300.0,2304.4,,2301.77,,,16786,38507654.6,1967,F1,1,,,,,
2026-09-25,2026-09-25,CM,NSE,STK,764668,INE0CPR01018,EKI,EQ,,,,,EKI ENERGY SERVICES LTD,104.39,108.94,96.25,100.99,101.22,99.04,,100.96,,,722768,75760258.68,7441,F1,1,,,,,
2026-09-25,2026-09-25,CM,NSE,STK,762653,INE280B01018,ELANTAS,EQ,,,,,ELANTAS BECK INDIA LTD.,13851.0,14267.0,13761.0,13881.0,13850.0,13849.0,,13882.37,,,1128,15693808.0,508,F1,1,,,,,
2026-09-25,2026-09-25,CM,NSE,STK,762658,INE927X01018,ELCIDIN,EQ,,,,,ELCID INVESTMENTS LTD.,103500.0,104830.0,103500.0,103800.0,103800.0,104830.0,,103800.0,,,8,830980.0,7,F1,1,,,,,
2026-09-25,2026-09-25,CM,NSE,STK,8953,INE668G01021,ELDEHSG,EQ,,,,,ELDECO HSG & IND LTD.,769.95,777.8,750.0,765.5,764.0,760.0,,765.5,,,348,264025.15,39,F1,1,,,,,
2026-09-25,2026-09-25,CM,NSE,STK,13643,INE205B01031,ELECON,EQ,,,,,ELECON ENG. CO. LTD,456.85,463.5,448.6,458.25,455.15,459.1,,458.24,,,631253,287900739.75,22055,F1,1,,,,,
2026-09-25,2026-09-25,CM,NSE,STK,20899,INE0Q1W01012,EFORCE,SM,,,,,ELECTRO FORCE (INDIA) LTD,18.05,18.05,18.05,18.05,18.05,18.8,,18.05,,,1200,21660.0,1,F1,1200,,,,,
2026-09-25,2026-09-25,CM,NSE,STK,11530,INE02YR01019,EMIL,EQ,,,,,ELECTRONICS MART IND LTD,189.96,202.4,189.21,200.22,199.0,189.16,,200.22,,,6776165,1332785036.96,73913,F1,1,,,,,
2026-09-25,2026-09-25,CM,NSE,STK,928,INE086A01029,ELECTCAST,EQ,,,,,ELECTROSTEEL CASTINGS LTD,72.5,72.72,71.5,72.34,72.36,72.56,,72.34,,,757352,54624588.18,5552,F1,1,,,,,
2026-09-25,2026-09-25,CM,NSE,STK,4469,INE822G01016,ELECTHERM,EQ,,,,,ELECTROTHERM (I) LTD.,908.0,922.95,856.05,873.35,870.0,887.7,,873.22,,,23940,21167306.15,1720,F1,1,,,,,
2026-09-25,2026-09-25,CM,NSE,STK,29595,INE0R9101015,ELGNZ,SM,,,,,ELEGANZ INTERIORS LIMITED,84.0,86.0,83.0,85.1,86.0,84.8,,85.1,,,12000,1010000.0,11,F1,1000,,,,,
2026-09-25,2026-09-25,CM,NSE,STK,937,INE285A01027,ELGIEQUIP,EQ,,,,,ELGI EQUIPMENTS LTD,610.25,611.6,595.1,603.0,602.05,608.8,,603.0,,,213480,128552114.2,14854,F1,1,,,,,
2026-09-25,2026-09-25,CM,NSE,STK,24924,INE819L01012,ELGIRUBCO,EQ,,,,,ELGI RUBBER CO. LTD,57.15,58.45,54.11,54.96,55.47,57.15,,54.96,,,116560,6486795.28,1033,F1,1,,,,,
2026-09-25,2026-09-25,CM,NSE,STK,13423,INE050401020,ELIN,EQ,,,,,ELIN ELECTRONICS LIMITED,89.5,90.88,85.01,88.57,88.48,89.5,,88.55,,,402933,35410052.59,8029,F1,1,,,,,
2026-09-25,2026-09-25,CM,NSE,STK,762663,INE669R01026,ELITECON,EQ,,,,,ELITECON INTERNATIONAL L,9.89,9.95,9.08,9.08,9.08,9.55,,9.08,,,5040510,46961604.8,6201,F1,1,,,,,
2026-09-25,2026-09-25,CM,NSE,STK,758563,INE236E01022,ELLEN,EQ,,,,,ELLENBARRIE INDUS GASES L,357.7,370.75,352.75,368.5,369.1,357.7,,368.51,,,651892,235709310.65,15865,F1,1,,,,,
2026-09-25,2026-09-25,CM,NSE,STK,4471,INE579B01039,ELPROINTL,EQ,,,,,ELPRO INTERNATIONAL LTD,172.5,172.51,170.4,171.8,171.8,172.01,,171.82,,,2672,458115.49,55,F1,1,,,,,
2026-09-25,2026-09-25,CM,NSE,STK,29229,INE0ZOL01023,EMAPARTNER,SM,,,,,EMA PARTNERS INDIA LTD,82.0,84.5,82.0,82.0,82.0,82.0,,82.0,,,15000,1237350.0,7,F1,1000,,,,,
2026-09-25,2026-09-25,CM,NSE,STK,13517,INE548C01032,EMAMILTD,EQ,,,,,EMAMI LIMITED,390.0,392.1,381.15,389.25,388.0,390.5,,389.25,,,2020121,781187940.25,47136,F1,1,,,,,
2026-09-25,2026-09-25,CM,NSE,STK,10084,INE830C01026,EMAMIPAP,BE,,,,,EMAMI PAPER MILLS LIMITED,115.54,116.68,111.0,111.87,114.0,115.54,,111.87,,,9981,1128019.56,137,F1,1,,,,,
2026-09-25,2026-09-25,CM,NSE,STK,19277,INE778K01012,EMAMIREAL,EQ,,,,,EMAMI REALTY LIMITED,68.69,70.0,67.06,68.4,67.1,69.03,,68.27,,,28025,1924448.06,664,F1,1,,,,,
2026-09-25,2026-09-25,CM,NSE,STK,14450,INE069I01010,EMBDL,EQ,,,,,EMBASSY DEVELOPMENTS LTD,58.8,59.01,57.73,58.07,57.95,58.81,,58.07,,,2595396,150919748.46,25379,F1,1,,,,,
2026-09-25,2026-09-25,CM,NSE,STK,9383,INE041025011,EMBASSY,RR,,,,,EMBASSY OFFICE PARKS REIT,439.77,439.8,436.5,437.66,437.0,439.77,,437.66,,,370503,162324704.9,11508,F1,1,,,,,
2026-09-25,2026-09-25,CM,NSE,STK,24398,INE168P01015,EMCURE,EQ,,,,,EMCURE PHARMACEUTICALS L,1958.7,1976.9,1931.5,1950.6,1935.0,1952.1,,1950.1,,,32384,63096282.2,6720,F1,1,,,,,
2026-09-25,2026-09-25,CM,NSE,STK,13421,INE296H01011,EMKAY,EQ,,,,,EMKAY GLOBAL FIN SERV LTD,272.8,282.0,268.0,270.35,271.45,272.55,,270.33,,,48704,13303906.1,1406,F1,1,,,,,
2026-09-25,2026-09-25,CM,NSE,STK,10253,INE332S01011,EMKAYTOOLS,SM,,,,,EMKAY TAP & CUT. TOOL LTD,95.0,96.0,95.0,95.0,95.0,93.5,,95.0,,,1950,186150.0,8,F1,150,,,,,
2026-09-25,2026-09-25,CM,NSE,STK,758591,INE0PXC01024,ETL,SM,,,,,EMKAY TOOLS LIMITED,1144.95,1297.0,1144.95,1203.0,1200.0,1145.0,,1203.0,,,10350,12507000.0,46,F1,150,,,,,
2026-09-25,2026-09-25,CM,NSE,STK,18146,INE753K01015,EMMBI,BE,,,,,EMMBI INDUSTRIES LIMITED,90.0,90.0,85.1,87.01,88.5,88.49,,87.01,,,19871,1754175.77,125,F1,1,,,,,
2026-09-25,2026-09-25,CM,NSE,STK,759728,INE1C6T01020,EMMVEE,EQ,,,,,EMMVEE PHOTOVOLTAIC PWR L,318.5,323.45,310.5,321.9,322.45,317.6,,321.92,,,2471556,785773064.05,46113,F1,1,,,,,
2026-09-25,2026-09-25,CM,NSE,STK,764673,INE515H01014,EMPIND,EQ,,,,,EMPIRE INDUSTRIES LTD.,1053.0,1064.8,1030.9,1037.4,1036.0,1051.6,,1037.49,,,1360,1421917.5,287,F1,1,,,,,
2026-09-25,2026-09-25,CM,NSE,STK,762670,INE507F01023,EMPOWER,EQ,,,,,EMPOWER INDIA LTD.,1.87,1.87,1.87,1.87,1.87,1.96,,1.87,,,5356437,10016537.19,1819,F1,1,,,,,
2026-09-25,2026-09-25,CM,NSE,STK,18593,INE0OV601013,EMSLIMITED,EQ,,,,,EMS LIMITED,359.0,359.75,351.3,354.9,355.5,358.6,,354.89,,,96500,34168902.4,3673,F1,1,,,,,
2026-09-25,2026-09-25,CM,NSE,STK,9756,INE01QM01018,EMUDHRA,EQ,,,,,EMUDHRA LIMITED,660.0,669.0,644.85,653.45,650.8,659.4,,653.64,,,409910,268462181.15,19639,F1,1,,,,,
2026-09-25,2026-09-25,CM,NSE,STK,760321,INE433T01015,ENCOMPAS,SM,,,,,ENCOMPASS DESIGN INDIA L,244.35,252.95,239.5,239.8,240.0,240.0,,239.8,,,11600,2809560.0,19,F1,400,,,,,
2026-09-25,2026-09-25,CM,NSE,STK,18822,INE913H01037,ENDURANCE,EQ,,,,,ENDURANCE TECHNO. LTD.,2678.4,2678.4,2617.0,2645.9,2626.0,2663.2,,2645.87,,,108756,287263599.3,19824,F1,1,,,,,
2026-09-25,2026-09-25,CM,NSE,STK,15049,INE306C01019,ENERGYDEV,EQ,,,,,ENERGY DEVE. CO.LTD,15.01,15.39,14.7,15.25,14.9,14.91,,15.25,,,16457,245597.94,189,F1,1,,,,,
2026-09-25,2026-09-25,CM,NSE,STK,23745,INE0S1L01013,EMMIL,SM,,,,,ENERGY MISSION MACH IND L,126.95,137.0,122.05,124.95,124.95,123.3,,124.95,,,32500,4182225.0,85,F1,250,,,,,
2026-09-25,2026-09-25,CM,NSE,STK,23224,INE0S3X01014,ENFUSE,SM,,,,,ENFUSE SOLUTIONS LIMITED,145.0,145.0,145.0,145.0,145.0,150.0,,145.0,,,600,87000.0,1,F1,600,,,,,
2026-09-25,2026-09-25,CM,NSE,STK,4907,INE510A01028,ENGINERSIN,EQ,,,,,ENGINEERS INDIA LTD,297.0,318.9,295.05,315.65,313.35,296.65,,315.65,,,19615591,6110407858.3,184294,F1,1,,,,,
2026-09-25,2026-09-25,CM,NSE,STK,764678,INE130L01014,ENKEIWHEL,EQ,,,,,ENKEI WHEELS (INDIA) LTD.,399.0,399.0,388.2,388.2,388.2,385.75,,390.9,,,110,42811.3,4,F1,1,,,,,
2026-09-25,2026-09-25,CM,NSE,STK,23230,INE0R9I01021,ENSER,SM,,,,,ENSER COMMUNICATIONS LTD,14.5,15.15,14.25,15.15,15.15,14.7,,15.15,,,60000,897750.0,12,F1,5000,,,,,
2026-09-25,2026-09-25,CM,NSE,STK,22717,INE010601016,ENTERO,EQ,,,,,ENTERO HEALTHCARE SOLU L,1854.0,1855.2,1809.0,1821.8,1815.0,1852.2,,1821.83,,,110434,202155870.2,12079,F1,1,,,,,
2026-09-25,2026-09-25,CM,NSE,STK,13192,INE265F01028,ENIL,EQ,,,,,ENTERTAIN NET. IND. LTD.,99.0,100.8,97.85,99.07,99.11,99.66,,99.07,,,9298,925201.48,176,F1,1,,,,,
2026-09-25,2026-09-25,CM,NSE,STK,27213,INE0LLY01014,EIEL,EQ,,,,,ENVIRO INFRA ENGINEERS L,200.6,201.33,196.1,198.85,198.6,201.63,,198.85,,,1033739,204498300.77,10059,F1,1,,,,,
2026-09-25,2026-09-25,CM,NSE,STK,25412,INE0SUH01015,ENVIRO,SM,,,,,ENVIROTECH SYSTEMS LTD,72.65,72.65,68.45,71.1,71.4,70.1,,71.1,,,21000,1487150.0,20,F1,1000,,,,,
2026-09-25,2026-09-25,CM,NSE,STK,22463,INE0G5901015,EPACK,EQ,,,,,EPACK DURABLE LIMITED,181.45,181.45,177.81,180.32,181.2,180.12,,180.32,,,151259,27141277.87,3243,F1,1,,,,,
2026-09-25,2026-09-25,CM,NSE,STK,759251,INE0MLS01022,EPACKPEB,EQ,,,,,EPACK PREFAB TECHN LTD,245.93,252.84,239.4,245.38,245.0,246.29,,245.38,,,524207,127918138.17,14858,F1,1,,,,,
2026-09-25,2026-09-25,CM,NSE,STK,5382,INE071N01016,EPIGRAL,EQ,,,,,EPIGRAL LIMITED,1078.5,1080.2,1051.0,1060.6,1055.0,1071.0,,1060.6,,,33156,35153886.1,3440,F1,1,,,,,
2026-09-25,2026-09-25,CM,NSE,STK,981,INE255A01020,EPL,EQ,,,,,EPL LIMITED,238.0,239.7,233.05,238.1,237.55,238.05,,238.12,,,1439511,340224841.9,20057,F1,1,,,,,
2026-09-25,2026-09-25,CM,NSE,STK,758349,INE11HF01010,EEPL,ST,,,,,EPPELTONE ENGINEERS LTD,131.05,135.95,131.05,132.05,132.05,131.05,,132.05,,,3000,399050.0,3,F1,1000,,,,,
2026-09-25,2026-09-25,CM,NSE,STK,3553,INE217G01035,EQUIPPP,BE,,,,,EQUIPPP SOC IMP TECH LTD,22.99,22.99,21.85,22.86,22.94,22.88,,22.86,,,3063,68574.78,29,F1,1,,,,,
2026-09-25,2026-09-25,CM,NSE,STK,913,INE063P01018,EQUITASBNK,EQ,,,,,EQUITAS SMALL FIN BNK LTD,70.55,70.67,66.19,67.03,66.53,70.21,,67.03,,,5440394,367181827.52,32483,F1,1,,,,,
2026-09-25,2026-09-25,CM,NSE,STK,21154,INE406M01024,ERIS,EQ,,,,,ERIS LIFESCIENCES LIMITED,1275.0,1280.9,1255.0,1258.9,1257.8,1274.6,,1258.93,,,30256,38184034.2,4743,F1,1,,,,,
2026-09-25,2026-09-25,CM,NSE,STK,955,INE284A01012,ESABINDIA,EQ,,,,,ESAB INDIA LTD,5556.0,5569.0,5455.0,5527.0,5565.0,5528.0,,5527.02,,,2898,15942175.5,1260,F1,1,,,,,
2026-09-25,2026-09-25,CM,NSE,STK,19884,INE818W01011,ESAFSFB,BE,,,,,ESAF SMALL FINANCE BANK L,40.82,42.86,40.5,42.86,42.86,40.82,,42.86,,,1195142,50113915.14,2325,F1,1,,,,,
2026-09-25,2026-09-25,CM,NSE,STK,22767,INE0RQZ01017,ESCONET,ST,,,,,ESCONET TECHNOLOGIES LTD,209.95,220.0,207.7,218.1,215.7,209.95,,218.1,,,22000,4733960.0,45,F1,400,,,,,
2026-09-25,2026-09-25,CM,NSE,STK,958,INE042A01014,ESCORTS,EQ,,,,,ESCORTS KUBOTA LIMITED,2822.9,2866.3,2817.1,2855.7,2850.0,2822.9,,2855.74,,,42484,120729990.7,7017,F1,1,,,,,
2026-09-25,2026-09-25,CM,NSE,STK,765553,INE0DRI01029,ESDS,EQ,,,,,ESDS SOFTWARE SOLUTION L,1760.5,1760.5,1760.5,1760.5,1760.5,1853.15,,1759.52,,,69023,121514991.5,3380,F1,1,,,,,
2026-09-25,2026-09-25,CM,NSE,STK,24678,INE0SBP01018,ESPRIT,SM,,,,,ESPRIT STONES LIMITED,65.0,65.0,63.75,63.75,63.75,65.0,,63.75,,,4800,308400.0,3,F1,1600,,,,,
2026-09-25,2026-09-25,CM,NSE,STK,25634,INE122M01019,ESSARSHPNG,EQ,,,,,ESSAR SHIPPING LTD,16.2,16.3,16.04,16.12,16.15,16.18,,16.14,,,48806,786531.63,364,F1,1,,,,,
2026-09-25,2026-09-25,CM,NSE,STK,17084,INE0ITO01014,ESFL,SM,,,,,ESSEN SPECIALITY FILMS L,118.3,121.8,118.0,121.8,121.8,119.05,,121.8,,,2520,299880.0,7,F1,360,,,,,
2026-09-25,2026-09-25,CM,NSE,STK,24265,INE778B01029,ESTER,EQ,,,,,ESTER INDUSTRIES LTD,86.8,87.5,85.72,86.14,86.79,86.89,,86.15,,,24329,2102190.9,604,F1,1,,,,,
2026-09-25,2026-09-25,CM,NSE,STK,5097,INE758T01015,ETERNAL,EQ,,,,,ETERNAL LIMITED,335.6,339.9,331.7,335.0,335.0,335.5,,335.0,,,24508361,8193753191.9,116052,F1,1,,,,,
2026-09-25,2026-09-25,CM,NSE,STK,9750,INE04TZ01018,ETHOSLTD,EQ,,,,,ETHOS LIMITED,2605.0,2616.9,2539.9,2552.8,2549.9,2605.7,,2553.03,,,28869,74112666.9,7259,F1,1,,,,,
2026-09-25,2026-09-25,CM,NSE,STK,25162,INE0KCE01017,EUREKAFORB,EQ,,,,,EUREKA FORBES LIMITED,376.0,376.9,366.2,370.85,370.0,375.1,,370.84,,,220304,81568698.5,13051,F1,1,,,,,
2026-09-25,2026-09-25,CM,NSE,STK,6042,INE546V01010,EIFFL,BE,,,,,EURO (I) FRESH FOODS LTD,271.05,271.7,270.95,271.7,271.7,266.4,,271.7,,,525,142461.95,10,F1,1,,,,,
2026-09-25,2026-09-25,CM,NSE,STK,757953,INE505V01016,EUROBOND,EQ,,,,,EURO PANEL PRODUCTS LTD,148.57,153.0,145.25,150.56,151.0,148.57,,150.58,,,2657,395207.51,51,F1,1,,,,,
2026-09-25,2026-09-25,CM,NSE,STK,759797,INE198501012,EUROPRATIK,EQ,,,,,EURO PRATIK SALES LIMITED,213.5,215.45,210.75,213.15,213.8,211.65,,213.16,,,201904,43142975.4,3205,F1,1,,,,,
2026-09-25,2026-09-25,CM,NSE,STK,8886,INE022C01012,EUROTEXIND,BE,,,,,EUROTEX IND & EXPORTS LTD,12.8,12.8,11.62,11.75,11.75,12.21,,11.75,,,18,218.81,5,F1,1,,,,,
2026-09-25,2026-09-25,CM,NSE,STK,11782,INE128A01029,EVEREADY,EQ,,,,,EVEREADY INDS. IND.  LTD.,322.8,327.45,320.15,322.0,320.15,326.05,,322.05,,,48301,15607207.65,1429,F1,1,,,,,
2026-09-25,2026-09-25,CM,NSE,STK,6017,INE295A01018,EVERESTIND,BE,,,,,EVEREST INDUSTRIES LTD,430.0,430.0,420.1,426.3,430.0,431.75,,426.3,,,4610,1966507.35,116,F1,1,,,,,
2026-09-25,2026-09-25,CM,NSE,STK,13091,INE184H01027,EKC,EQ,,,,,EVEREST KANTO CYLINDERLTD,111.4,111.68,109.14,110.28,110.14,111.5,,110.28,,,363550,40063405.24,4757,F1,1,,,,,
2026-09-25,2026-09-25,CM,NSE,STK,11471,INE369A01029,EXCELINDUS,EQ,,,,,EXCEL INDUSTRIES LTD,955.2,955.2,920.5,928.9,933.0,950.0,,928.9,,,8422,7862888.5,1019,F1,1,,,,,
2026-09-25,2026-09-25,CM,NSE,STK,25327,INE0Y4801011,EXCELLENT,ST,,,,,EXCELLENT WIRES N PACK L,192.9,192.9,192.9,192.9,192.9,190.55,,192.9,,,1600,308640.0,1,F1,1600,,,,,
2026-09-25,2026-09-25,CM,NSE,STK,760007,INE606N01019,EXCELSOFT,EQ,,,,,EXCELSOFT TECHNOLOGIES L,82.2,87.8,82.06,86.62,86.8,81.69,,86.63,,,4192133,360243764.49,30469,F1,1,,,,,
2026-09-25,2026-09-25,CM,NSE,STK,22947,INE777F01014,EXICOM,EQ,,,,,EXICOM TELE SYSTEMS LTD,165.45,165.8,160.3,160.99,161.0,164.64,,160.99,,,739666,119572447.12,7710,F1,1,,,,,
2026-09-25,2026-09-25,CM,NSE,STK,676,INE302A01020,EXIDEIND,EQ,,,,,EXIDE INDUSTRIES LTD,426.85,431.7,419.85,423.65,424.1,426.55,,423.65,,,1864971,791452064.85,31443,F1,1,,,,,
2026-09-25,2026-09-25,CM,NSE,STK,760422,INE19I001020,EXIMROUTES,SM,,,,,EXIM ROUTES LIMITED,95.9,95.9,95.9,95.9,95.9,90.1,,95.9,,,800,76720.0,1,F1,800,,,,,
2026-09-25,2026-09-25,CM,NSE,STK,17486,INE201K01015,EXPLEOSOL,EQ,,,,,EXPLEO SOLUTIONS LIMITED,873.0,885.0,865.0,883.25,885.0,871.55,,883.27,,,8559,7486991.3,1016,F1,1,,,,,
2026-09-25,2026-09-25,CM,NSE,STK,5352,INE0GFE01026,EXXARO,EQ,,,,,EXXARO TILES LIMITED,6.24,6.3,6.1,6.21,6.19,6.24,,6.2,,,141227,875131.02,353,F1,1,,,,,
2026-09-25,2026-09-25,CM,NSE,STK,760125,INE0HF201011,FABTECH,EQ,,,,,FABTECH TECHNOLOGIES LTD,146.1,148.54,145.22,145.83,145.6,146.47,,145.83,,,55026,8055025.25,727,F1,1,,,,,
2026-09-25,2026-09-25,CM,NSE,STK,1008,INE188A01015,FACT,EQ,,,,,FACT LTD,777.8,782.95,770.1,777.9,777.0,777.8,,777.9,,,64010,49679716.35,4546,F1,1,,,,,
2026-09-25,2026-09-25,CM,NSE,STK,1619,INE0DNW01011,FAIRCHEMOR,BE,,,,,FAIRCHEM ORGANICS LIMITED,660.0,685.0,659.95,671.55,672.9,657.95,,670.83,,,8980,6078804.55,406,F1,1,,,,,
2026-09-25,2026-09-25,CM,NSE,STK,765368,INE1Q2D01019,FASCINATE,SM,,,,,FASCINATE TEXTILES LTD,59.9,60.95,57.0,60.95,60.95,58.05,,60.95,,,296800,17905600.0,199,F1,800,,,,,
2026-09-25,2026-09-25,CM,NSE,STK,12000,INE963C01033,FAZE3Q,EQ,,,,,FAZE THREE LIMITED,428.2,441.0,423.05,434.05,438.0,422.0,,433.95,,,5839,2510829.15,549,F1,1,,,,,
2026-09-25,2026-09-25,CM,NSE,STK,11999,INE512B01022,FCSSOFT,EQ,,,,,FCS SOFTWARE SOLN. LTD.,1.34,1.46,1.34,1.46,1.46,1.33,,1.46,,,3497198,4981562.26,1257,F1,1,,,,,
2026-09-25,2026-09-25,CM,NSE,STK,4898,INE258B01022,FDC,EQ,,,,,FDC LIMITED,345.25,348.0,339.25,341.0,342.05,345.7,,341.0,,,111248,38151023.7,5127,F1,1,,,,,
2026-09-25,2026-09-25,CM,NSE,STK,20322,INE007N01010,FEDFINA,EQ,,,,,FEDBANK FINANCIAL SER L,153.48,154.21,150.03,151.68,151.06,152.71,,151.67,,,956913,145230084.19,15398,F1,1,,,,,
2026-09-25,2026-09-25,CM,NSE,STK,762675,INE417D01020,FEDDERSHOL,EQ,,,,,FEDDERS HOLDING LTD.,66.14,66.73,60.2,62.31,62.05,64.71,,62.3,,,5634189,360452610.51,24115,F1,1,,,,,
2026-09-25,2026-09-25,CM,NSE,STK,1023,INE171A01029,FEDERALBNK,EQ,,,,,FEDERAL BANK LTD,327.5,332.5,319.5,322.0,322.0,329.5,,322.0,,,6128694,2001100168.95,63699,F1,1,,,,,
2026-09-25,2026-09-25,CM,NSE,STK,1190,INE529A01010,FMGOETZE,EQ,,,,,FEDERAL-MOGUL GOETZE (IND,466.9,484.45,462.1,482.6,481.25,468.45,,482.63,,,222375,105502796.05,8113,F1,1,,,,,
2026-09-25,2026-09-25,CM,NSE,STK,573,INE901X01013,FELIX,SM,,,,,FELIX INDUSTRIES LTD.,200.0,204.7,198.5,202.45,200.6,202.15,,202.45,,,26500,5331450.0,41,F1,500,,,,,
2026-09-25,2026-09-25,CM,NSE,STK,762680,INE225B01021,FERMENTA,EQ,,,,,FERMENTA BIOTECH LTD.,481.95,483.45,466.2,468.4,467.55,478.05,,468.38,,,37736,17896902.2,2406,F1,1,,,,,
2026-09-25,2026-09-25,CM,NSE,STK,8159,INE296C01020,FIBERWEB,EQ,,,,,FIBERWEB INDIA LIMITED,27.1,27.7,26.19,26.54,26.89,26.57,,26.54,,,9370,251018.49,145,F1,1,,,,,
2026-09-25,2026-09-25,CM,NSE,STK,9858,INE0LQQ01019,FIDEL,SM,,,,,FIDEL SOFTECH LIMITED,170.0,170.0,165.0,168.0,168.0,175.0,,168.0,,,18000,3025700.0,11,F1,1000,,,,,
2026-09-25,2026-09-25,CM,NSE,STK,13710,INE737H01014,FIEMIND,EQ,,,,,FIEM INDUSTRIES LIMITED,1926.0,1988.8,1917.0,1965.5,1975.0,1917.2,,1965.41,,,120437,236686994.1,19015,F1,1,,,,,
2026-09-25,2026-09-25,CM,NSE,STK,23647,INE185E01021,FILATFASH,EQ,,,,,FILATEX FASHIONS LIMITED,0.19,0.19,0.18,0.18,0.19,0.18,,0.18,,,45723506,8582334.13,1549,F1,1,,,,,
2026-09-25,2026-09-25,CM,NSE,STK,24532,INE816B01035,FILATEX,EQ,,,,,FILATEX INDIA LTD,106.0,109.3,104.0,106.94,109.3,105.32,,106.96,,,6901260,730089820.37,27339,F1,1,,,,,
2026-09-25,2026-09-25,CM,NSE,STK,759776,INE0EDU01014,FINBUD,SM,,,,,FINBUD FINANCIAL SERV LTD,123.5,123.5,110.0,116.0,116.0,121.7,,116.0,,,57000,6584950.0,50,F1,1000,,,,,
2026-09-25,2026-09-25,CM,NSE,STK,3744,INE686Y01026,FINEORG,EQ,,,,,FINE ORGANIC IND. LTD.,5052.0,5104.5,5039.5,5083.0,5093.0,5062.5,,5082.95,,,6621,33586852.5,2676,F1,1,,,,,
2026-09-25,2026-09-25,CM,NSE,STK,6198,INE045J01034,FCL,EQ,,,,,FINEOTEX CHEMICAL LIMITED,56.5,61.05,55.75,60.48,60.4,56.07,,60.48,,,47041849,2779659517.34,133219,F1,1,,,,,
2026-09-25,2026-09-25,CM,NSE,STK,759239,INE734I01027,FINKURVE,EQ,,,,,FINKURVE FINANCIAL SERV L,70.02,70.48,68.15,69.31,68.22,70.18,,69.31,,,39834,2764735.07,1748,F1,1,,,,,
2026-09-25,2026-09-25,CM,NSE,STK,6579,INE02NC01014,FINOPB,EQ,,,,,FINO PAYMENTS BANK LTD,128.1,129.35,127.21,128.25,129.35,129.28,,128.26,,,171278,21928569.32,2127,F1,1,,,,,
2026-09-25,2026-09-25,CM,NSE,STK,1038,INE235A01022,FINCABLES,EQ,,,,,FINOLEX CABLES LTD,1482.0,1493.9,1426.1,1460.9,1465.0,1480.0,,1460.89,,,501380,731670713.4,25360,F1,1,,,,,
2026-09-25,2026-09-25,CM,NSE,STK,1041,INE183A01024,FINPIPE,EQ,,,,,FINOLEX INDUSTRIES LTD,154.04,154.6,152.45,154.16,153.57,154.04,,154.15,,,346254,53167355.37,12965,F1,1,,,,,
2026-09-25,2026-09-25,CM,NSE,STK,14304,INE684F01012,FSL,EQ,,,,,FIRSTSOURCE SOLU. LTD.,262.15,264.95,257.35,259.45,260.75,262.15,,259.46,,,417268,108442819.65,15933,F1,1,,,,,
2026-09-25,2026-09-25,CM,NSE,STK,757658,INE771F01041,FISCHER,EQ,,,,,FISCHER MEDICAL VENTURE L,34.9,35.99,33.76,34.29,34.24,34.23,,34.29,,,891671,30510809.66,2303,F1,1,,,,,
2026-09-25,2026-09-25,CM,NSE,STK,12032,INE128S01021,FIVESTAR,EQ,,,,,FIVE-STAR BUS FIN LTD,526.85,529.45,514.65,520.95,520.95,524.85,,520.94,,,930721,483597533.1,36730,F1,1,,,,,
2026-09-25,2026-09-25,CM,NSE,STK,20372,INE00Y201027,FLAIR,EQ,,,,,FLAIR WRITING INDUST LTD,242.96,242.96,235.5,237.58,238.3,242.96,,237.59,,,69478,16604812.26,1872,F1,1,,,,,
2026-09-25,2026-09-25,CM,NSE,STK,25516,INE060J01017,FLEXITUFF,BE,,,,,FLEXITUFF VENTURES INT L,2.82,2.82,2.82,2.82,2.82,2.77,,2.83,,,4300,12126.0,7,F1,1,,,,,
2026-09-25,2026-09-25,CM,NSE,STK,758208,INE0VCK01011,FLYSBS,SM,,,,,FLYSBS AVIATION LIMITED,653.0,669.0,621.0,640.3,635.5,654.4,,640.3,,,57600,37169840.0,220,F1,200,,,,,
2026-09-25,2026-09-25,CM,NSE,STK,760331,INE0SQZ01015,FWSTC,SM,,,,,FLYWINGS SIMULAT T C LTD,164.0,185.0,161.3,175.45,180.0,162.0,,175.45,,,11400,1939350.0,13,F1,600,,,,,
2026-09-25,2026-09-25,CM,NSE,STK,6839,INE593W01028,FOCUS,BE,,,,,FOCUS LIGHTG & FIXTRS LTD,58.5,59.79,57.21,59.44,59.63,58.24,,59.44,,,18214,1066580.95,166,F1,1,,,,,
2026-09-25,2026-09-25,CM,NSE,STK,22520,INE0Q4701019,FONEBOX,ST,,,,,FONEBOX RETAIL LIMITED,167.65,167.65,167.6,167.65,167.65,159.7,,167.65,,,36000,6035350.0,27,F1,1000,,,,,
2026-09-25,2026-09-25,CM,NSE,STK,6673,INE976E01023,FOODSIN,EQ,,,,,FOODS & INNS LIMITED,52.51,53.08,52.13,52.97,53.0,52.98,,52.97,,,73902,3893964.19,1249,F1,1,,,,,
2026-09-25,2026-09-25,CM,NSE,STK,24917,INE0U2501017,FORCAS,ST,,,,,FORCAS STUDIO LIMITED,229.25,229.25,221.0,222.0,222.0,220.05,,222.0,,,8000,1797360.0,5,F1,1600,,,,,
2026-09-25,2026-09-25,CM,NSE,STK,11573,INE451A01017,FORCEMOT,EQ,,,,,FORCE MOTORS LIMITED,17188.0,17430.0,17084.0,17388.0,17388.0,17142.0,,17383.29,,,64737,1117633700.0,18543,F1,1,,,,,
2026-09-25,2026-09-25,CM,NSE,STK,14592,INE061F01013,FORTIS,EQ,,,,,FORTIS HEALTHCARE LTD,878.15,880.55,832.0,837.85,837.85,877.35,,837.69,,,2433292,2061296793.4,70634,F1,1,,,,,
2026-09-25,2026-09-25,CM,NSE,STK,1073,INE519A01011,FOSECOIND,EQ,,,,,FOSECO INDIA LTD,6451.5,6535.0,6431.5,6468.0,6441.0,6477.0,,6467.69,,,19496,126619956.0,5326,F1,1,,,,,
2026-09-25,2026-09-25,CM,NSE,STK,760961,INE212S01015,FRACTAL,EQ,,,,,FRACTAL ANALYTICS LIMITED,747.55,753.0,740.8,750.2,751.0,749.25,,750.21,,,163432,122152862.0,10710,F1,1,,,,,
2026-09-25,2026-09-25,CM,NSE,STK,764683,INE194R01017,FREDUN,EQ,,,,,FREDUN PHARMACEUTICALS L,1361.1,1388.0,1338.0,1356.6,1360.0,1360.3,,1356.9,,,64955,88107602.5,4500,F1,1,,,,,
2026-09-25,2026-09-25,CM,NSE,STK,25871,INE0SFW01015,FRESHARA,ST,,,,,FRESHARA AGRO EXPORTS LTD,405.1,410.0,405.1,410.0,410.0,404.35,,410.0,,,6000,2453970.0,9,F1,600,,,,,
2026-09-25,2026-09-25,CM,NSE,STK,11501,INE385O01018,FROG,SM,,,,,FROG INNOVATIONS LIMITED,270.0,275.9,267.0,269.65,267.0,268.95,,269.65,,,12400,3366100.0,27,F1,400,,,,,
2026-09-25,2026-09-25,CM,NSE,STK,762685,INE572D01014,FRONTSP,EQ,,,,,FRONTIER SPRINGS LTD.,1524.2,1542.4,1420.0,1438.8,1445.8,1510.4,,1439.05,,,77261,113142775.7,8787,F1,1,,,,,
2026-09-25,2026-09-25,CM,NSE,STK,6545,INE388Y01029,NYKAA,EQ,,,,,FSN E COMMERCE VENTURES,335.5,336.7,329.7,333.7,333.7,335.3,,333.7,,,3537870,1175950604.0,37126,F1,1,,,,,
2026-09-25,2026-09-25,CM,NSE,STK,759876,INE12UR01024,UTLSOLAR,EQ,,,,,FUJIYAMA POWER SYSTEMS L,439.9,442.2,416.0,422.1,418.0,433.4,,422.06,,,315720,134912366.15,12567,F1,1,,,,,
2026-09-25,2026-09-25,CM,NSE,STK,11932,INE139R01012,FUSION,EQ,,,,,FUSION FINANCE LIMITED,177.78,181.9,173.01,177.14,176.35,176.8,,177.15,,,397315,69800860.84,7071,F1,1,,,,,
2026-09-25,2026-09-25,CM,NSE,STK,14868,INE452O01016,FLFL,BZ,,,,,FUT LIFESTYLE FASH LTD,1.15,1.18,1.09,1.12,1.12,1.14,,1.15,,,16733,18993.84,64,F1,1,,,,,
2026-09-25,2026-09-25,CM,NSE,STK,13812,INE623B01027,FEL,BZ,,,,,FUTURE ENTERPRISES LTD,0.37,0.37,0.36,0.36,0.37,0.36,,0.36,,,254388,93492.42,67,F1,1,,,,,
2026-09-25,2026-09-25,CM,NSE,STK,30491,IN9623B01058,FELDVR,BZ,,,,,FUTURE ENTERPRISES LTD,2.09,2.09,1.97,2.0,2.0,2.07,,2.0,,,1021,2022.2,22,F1,1,,,,,
2026-09-25,2026-09-25,CM,NSE,STK,21017,INE360L01017,FMNL,EQ,,,,,FUTURE MKT NETWORKS LTD,8.25,8.25,7.83,8.0,8.0,8.09,,8.12,,,12957,103447.49,125,F1,1,,,,,
2026-09-25,2026-09-25,CM,NSE,STK,1168,INE075D01018,GMBREW,EQ,,,,,G M BREWERIES LTD,967.25,986.75,960.5,978.8,980.0,967.25,,978.78,,,73282,71618725.6,4385,F1,1,,,,,
2026-09-25,2026-09-25,CM,NSE,STK,5054,INE201P01022,GRINFRA,EQ,,,,,G R INFRAPROJECTS LIMITED,818.4,821.5,806.65,812.4,810.2,810.3,,812.6,,,12680,10295556.95,1595,F1,1,,,,,
2026-09-25,2026-09-25,CM,NSE,STK,1129,INE586X01012,GTECJAINX,EQ,,,,,G-TEC JAINX EDUCATION LTD,26.1,27.49,26.1,26.52,26.26,26.48,,26.52,,,1870,50365.89,23,F1,1,,,,,
2026-09-25,2026-09-25,CM,NSE,STK,1085,INE524A01029,GABRIEL,EQ,,,,,GABRIEL INDIA LTD,1407.6,1407.7,1371.2,1386.7,1387.0,1397.3,,1386.68,,,141245,195751907.6,12730,F1,1,,,,,
2026-09-25,2026-09-25,CM,NSE,STK,18018,INE224E01028,GATECH,BE,,,,,GACM TECHNOLOGIES LIMITED,0.7,0.7,0.7,0.7,0.7,0.73,,0.7,,,12183864,8528704.8,4712,F1,1,,,,,
2026-09-25,2026-09-25,CM,NSE,STK,27,INE224E01036,GATECHDVR,BE,,,,,GACM TECHNOLOGIES LIMITED,0.49,0.49,0.46,0.48,0.49,0.47,,0.49,,,240706,114770.68,185,F1,1,,,,,
2026-09-25,2026-09-25,CM,NSE,STK,4717,INE129A01019,GAIL,EQ,,,,,GAIL (INDIA) LTD,173.9,173.98,171.59,172.7,172.7,173.85,,172.7,,,5454851,941763456.51,31039,F1,1,,,,,
2026-09-25,2026-09-25,CM,NSE,STK,765396,INE18UN01038,GAJA,EQ,,,,,GAJA ALT ASSET MGT LTD,146.0,146.75,140.01,142.26,142.25,145.94,,142.26,,,562904,80313048.02,7990,F1,1,,,,,
2026-09-25,2026-09-25,CM,NSE,STK,25244,INE0QTE01018,GAJANAND,SM,,,,,GAJANAND INTERNATIONAL L,6.65,7.95,6.65,7.35,7.35,7.85,,7.35,,,45000,335850.0,7,F1,3000,,,,,
2026-09-25,2026-09-25,CM,NSE,STK,25134,INE0RE001014,GALAPREC,EQ,,,,,GALA PRECISION ENG LTD,1120.0,1172.6,1095.6,1148.6,1153.8,1117.1,,1148.25,,,75963,86298157.0,8120,F1,1,,,,,
2026-09-25,2026-09-25,CM,NSE,STK,1315,INE600K01018,GALAXYSURF,EQ,,,,,GALAXY SURFACTANTS LTD,2262.0,2321.0,2234.2,2261.3,2259.0,2246.6,,2261.44,,,53147,120940300.3,9700,F1,1,,,,,
2026-09-25,2026-09-25,CM,NSE,STK,13337,INE297H01019,GALLANTT,EQ,,,,,GALLANTT ISPAT LIMITED,553.0,563.0,541.2,545.1,549.8,545.25,,545.09,,,58267,31965146.5,3384,F1,1,,,,,
2026-09-25,2026-09-25,CM,NSE,STK,20303,INE717W01049,GANDHAR,EQ,,,,,GANDHAR OIL REFINE IND L,262.7,264.5,259.7,261.65,262.3,262.7,,261.65,,,300287,78433735.45,5686,F1,1,,,,,
2026-09-25,2026-09-25,CM,NSE,STK,14116,INE524B01027,GANDHITUBE,EQ,,,,,GANDHI SPL. TUBES LTD,979.1,982.95,957.5,966.5,968.0,979.1,,966.5,,,7495,7287441.9,741,F1,1,,,,,
2026-09-25,2026-09-25,CM,NSE,STK,5617,INE388A01029,GANESHBE,BE,,,,,GANESH BENZOPLAST LIMITED,126.79,132.81,125.1,130.84,132.5,126.49,,130.94,,,352767,46355699.97,1208,F1,1,,,,,
2026-09-25,2026-09-25,CM,NSE,STK,759012,INE652V01016,GANESHCP,EQ,,,,,GANESH CONSUMER PRODUCT L,161.92,162.5,159.5,159.94,160.45,161.92,,159.94,,,96333,15458445.43,1824,F1,1,,,,,
2026-09-25,2026-09-25,CM,NSE,STK,24439,INE0R8C01018,GGBL,SM,,,,,GANESH GREEN BHARAT LTD,220.6,220.8,209.0,210.35,210.0,218.3,,210.35,,,30900,6614385.0,87,F1,300,,,,,
2026-09-25,2026-09-25,CM,NSE,STK,14339,INE460C01014,GANESHHOU,EQ,,,,,GANESH HOUSING LIMITED,737.15,742.5,720.0,734.75,739.9,736.85,,734.76,,,18687,13665709.0,2203,F1,1,,,,,
2026-09-25,2026-09-25,CM,NSE,STK,27339,INE0TVT01024,GANESHIN,SM,,,,,GANESH INFRAWORLD LIMITED,91.0,93.45,89.65,91.7,91.4,91.0,,91.7,,,63200,5796680.0,48,F1,800,,,,,
2026-09-25,2026-09-25,CM,NSE,STK,6944,INE845D01014,GANECOS,EQ,,,,,GANESHA ECOSPHERE LIMITED,1009.0,1035.9,1003.7,1028.6,1029.7,1014.0,,1028.61,,,48026,48932836.1,4783,F1,1,,,,,
2026-09-25,2026-09-25,CM,NSE,STK,757525,INE0ZI101018,GANGABATH,SM,,,,,GANGA BATH FITTINGS LTD,22.5,22.5,21.5,22.5,22.5,22.8,,22.5,,,12000,264000.0,4,F1,3000,,,,,
2026-09-25,2026-09-25,CM,NSE,STK,4957,INE691Z01023,GANGAFORGE,EQ,,,,,GANGA FORGING LIMITED,1.52,1.53,1.45,1.46,1.47,1.52,,1.46,,,3359674,4951308.3,1719,F1,1,,,,,
2026-09-25,2026-09-25,CM,NSE,STK,21399,INE335W01016,GANGESSECU,EQ,,,,,GANGES SECURITIES LIMITED,112.22,116.99,112.22,114.61,114.6,112.1,,114.61,,,834,95382.73,13,F1,1,,,,,
2026-09-25,2026-09-25,CM,NSE,STK,5475,INE382Z01011,GRSE,EQ,,,,,GARDEN REACH SHIP&ENG LTD,2344.1,2355.0,2303.0,2319.0,2315.8,2344.0,,2319.01,,,252777,586473812.8,21470,F1,1,,,,,
2026-09-25,2026-09-25,CM,NSE,STK,25800,INE0JVO01026,GARUDA,EQ,,,,,GARUDA CONSTRUCT N ENG L,178.0,179.76,174.51,176.87,176.05,178.21,,176.87,,,407274,71869504.98,6161,F1,1,,,,,
2026-09-25,2026-09-25,CM,NSE,STK,7982,INE291A01017,GRWRHITECH,EQ,,,,,GARWARE HI-TECH FILMS LTD,6321.0,6687.0,6321.0,6640.0,6649.0,6342.5,,6637.57,,,90455,597655675.5,17205,F1,1,,,,,
2026-09-25,2026-09-25,CM,NSE,STK,1100,INE276A01018,GARFIBRES,EQ,,,,,GARWARE TECH FIBRES LTD,778.0,787.0,768.95,773.5,775.0,781.95,,773.54,,,23488,18286492.2,5829,F1,1,,,,,
2026-09-25,2026-09-25,CM,NSE,STK,8510,INE079J01017,GATEWAY,EQ,,,,,GATEWAY DISTRIPARKS LTD,52.37,52.75,52.2,52.5,52.49,52.37,,52.5,,,282280,14798686.82,2691,F1,1,,,,,
2026-09-25,2026-09-25,CM,NSE,STK,760178,INE0P8B01020,GAUDIUMIVF,EQ,,,,,GAUDIUM IVF N WOMEN H L,116.5,118.9,113.58,115.22,115.3,115.85,,115.26,,,251182,28858822.99,3219,F1,1,,,,,
2026-09-25,2026-09-25,CM,NSE,STK,3693,INE287Z01012,GAYAHWS,EQ,,,,,GAYATRI HIGHWAYS LIMITED,1.85,1.88,1.83,1.85,1.85,1.85,,1.85,,,70343,130902.36,194,F1,1,,,,,
2026-09-25,2026-09-25,CM,NSE,STK,25023,INE336H01023,GAYAPROJ,EQ,,,,,GAYATRI PROJECTS LTD,23.0,23.39,22.05,22.91,22.89,23.01,,22.91,,,505264,11563726.64,2396,F1,1,,,,,
2026-09-25,2026-09-25,CM,NSE,STK,14052,INE0LVM01018,GRCL,SM,,,,,GAYATRI RUBB AND CHEM LTD,600.0,600.0,595.0,597.9,597.9,572.0,,597.9,,,1000,597712.5,4,F1,250,,,,,
2026-09-25,2026-09-25,CM,NSE,STK,7862,INE878A01011,GVPIL,EQ,,,,,GE POWER INDIA LIMITED,679.0,683.95,656.15,669.7,670.8,659.4,,669.72,,,103896,69224129.7,6654,F1,1,,,,,
2026-09-25,2026-09-25,CM,NSE,STK,16783,INE200A01026,GVT&D,EQ,,,,,GE VERNOVA T&D INDIA LTD,4292.0,4327.6,4250.0,4280.0,4280.0,4286.3,,4280.0,,,325045,1390017244.8,29946,F1,1,,,,,
2026-09-25,2026-09-25,CM,NSE,STK,13662,INE916G01016,GEECEE,BE,,,,,GEECEE VENTURES LIMITED,363.5,372.5,359.1,360.6,360.1,371.95,,360.69,,,1795,648097.05,61,F1,1,,,,,
2026-09-25,2026-09-25,CM,NSE,STK,17922,INE669X01032,GEEKAYWIRE,EQ,,,,,GEEKAY WIRES LIMITED,33.41,34.0,32.0,32.9,33.28,33.41,,32.9,,,415607,13768480.94,1451,F1,1,,,,,
2026-09-25,2026-09-25,CM,NSE,STK,759461,INE06XZ01023,GEMAROMA,EQ,,,,,GEM AROMATICS LIMITED,156.0,160.0,153.41,158.93,160.0,155.18,,158.92,,,50483,7941833.98,1716,F1,1,,,,,
2026-09-25,2026-09-25,CM,NSE,STK,277,INE481Y01014,GICRE,EQ,,,,,GENERAL INS CORP OF INDIA,339.3,340.8,336.3,337.5,337.7,339.25,,337.49,,,262473,88574120.65,9266,F1,1,,,,,
2026-09-25,2026-09-25,CM,NSE,STK,2188,INE854S01022,GENCON,EQ,,,,,GENERIC ENG CONS PROJ LTD,38.15,39.59,37.75,38.17,37.75,38.65,,38.18,,,268643,10367179.71,1037,F1,1,,,,,
2026-09-25,2026-09-25,CM,NSE,STK,10905,INE727B01026,GENESYS,EQ,,,,,GENESYS INTL CORPN LTD,294.03,294.03,282.66,286.17,285.94,283.18,,286.16,,,754157,217075711.32,12145,F1,1,,,,,
2026-09-25,2026-09-25,CM,NSE,STK,758842,INE06H201014,GENSOL,BZ,,,,,GENSOL ENGINEERING LTD,16.51,16.94,16.4,16.71,16.78,17.04,,16.68,,,61010,1010182.87,588,F1,1,,,,,
2026-09-25,2026-09-25,CM,NSE,STK,6600,INE949P01018,GENUSPAPER,EQ,,,,,GENUS P&B LIMITED,11.32,11.33,10.67,10.83,10.7,11.2,,10.83,,,303009,3320288.81,530,F1,1,,,,,
2026-09-25,2026-09-25,CM,NSE,STK,11905,INE955D01029,GENUSPOWER,EQ,,,,,GENUS POWER INFRASTRU LTD,308.0,309.9,302.9,305.7,306.8,306.6,,305.69,,,866753,265059072.7,15553,F1,1,,,,,
2026-09-25,2026-09-25,CM,NSE,STK,31942,INE1W0N01014,GENXAI,SM,,,,,GENXAI ANALYTICS LIMITED,75.0,75.0,71.0,71.4,71.0,72.15,,71.4,,,31200,2268900.0,25,F1,1200,,,,,
2026-09-25,2026-09-25,CM,NSE,STK,11896,INE007B01023,GEOJITFSL,EQ,,,,,GEOJIT FINANCIAL SER L,79.17,83.24,78.21,81.51,81.26,79.17,,81.5,,,547369,44434402.91,6284,F1,1,,,,,
2026-09-25,2026-09-25,CM,NSE,STK,1289,INE538A01037,GFLLIMITED,EQ,,,,,GFL LIMITED,55.6,58.5,54.3,57.29,58.4,54.93,,57.3,,,59780,3342877.84,1473,F1,1,,,,,
2026-09-25,2026-09-25,CM,NSE,STK,1127,INE539A01019,GHCL,EQ,,,,,GHCL LIMITED,421.0,421.2,415.3,419.8,419.3,421.3,,419.81,,,80239,33542108.4,4248,F1,1,,,,,
2026-09-25,2026-09-25,CM,NSE,STK,16696,INE0PA801013,GHCLTEXTIL,EQ,,,,,GHCL TEXTILES LIMITED,135.0,140.97,133.84,139.12,138.97,135.34,,139.11,,,554170,76808740.94,11054,F1,1,,,,,
2026-09-25,2026-09-25,CM,NSE,STK,1139,INE289B01019,GICHSGFIN,EQ,,,,,GIC HOUSING FINANCE LTD,138.94,138.94,136.6,137.32,137.68,137.96,,137.32,,,36885,5061354.06,1099,F1,1,,,,,
2026-09-25,2026-09-25,CM,NSE,STK,17839,INE047B01011,GILLANDERS,EQ,,,,,GILLANDERS ARBUTHNOT LTD,103.5,109.2,102.5,108.69,106.07,103.76,,108.69,,,20672,2213431.17,140,F1,1,,,,,
2026-09-25,2026-09-25,CM,NSE,STK,1576,INE322A01010,GILLETTE,EQ,,,,,GILLETTE INDIA LTD,7117.0,7117.0,6970.0,7072.0,7097.5,7118.5,,7071.85,,,22019,154784599.0,7119,F1,1,,,,,
2026-09-25,2026-09-25,CM,NSE,STK,9294,INE424C01010,GINNIFILA,BE,,,,,GINNIFILAMENTS LTD.,42.39,43.3,42.0,42.49,42.5,42.39,,42.49,,,182240,7792472.66,69,F1,1,,,,,
2026-09-25,2026-09-25,CM,NSE,STK,2365,INE614Z01017,GIRIRAJ,SM,,,,,GIRIRAJ CIVIL DEVP LTD,73.8,73.8,67.25,67.25,67.25,70.75,,67.25,,,1750,122862.5,7,F1,250,,,,,
2026-09-25,2026-09-25,CM,NSE,STK,759048,INE1AG301022,GKENERGY,EQ,,,,,GK ENERGY LIMITED,124.5,125.93,122.82,123.68,124.0,124.69,,123.68,,,194586,24005407.87,2419,F1,1,,,,,
2026-09-25,2026-09-25,CM,NSE,STK,764688,INE265D01015,GKB,EQ,,,,,GKB OPHTHALMICS LTD.,67.2,69.48,67.2,68.54,67.4,67.68,,68.54,,,873,59207.09,20,F1,1,,,,,
2026-09-25,2026-09-25,CM,NSE,STK,17357,INE528A01020,GKWLIMITED,EQ,,,,,GKW LIMITED,1591.0,1600.0,1552.0,1556.0,1555.5,1561.4,,1556.0,,,1360,2144348.6,31,F1,1,,,,,
2026-09-25,2026-09-25,CM,NSE,STK,1186,INE068V01023,GLAND,EQ,,,,,GLAND PHARMA LIMITED,2885.0,2927.0,2882.0,2917.2,2910.0,2897.4,,2917.06,,,124312,361904440.0,16875,F1,1,,,,,
2026-09-25,2026-09-25,CM,NSE,STK,766005,INE644Q01039,GLASSWALL,EQ,,,,,GLASS WALL SYSTEM (I) LTD,274.78,282.0,262.0,274.19,275.2,272.07,,274.18,,,16111693,4382364996.82,131275,F1,1,,,,,
2026-09-25,2026-09-25,CM,NSE,STK,1153,INE159A01016,GLAXO,EQ,,,,,GLAXOSMITHKLINE PHARMA LT,2829.0,2842.4,2807.4,2815.7,2807.5,2829.2,,2815.72,,,15380,43373682.6,3598,F1,1,,,,,
2026-09-25,2026-09-25,CM,NSE,STK,7406,INE935A01035,GLENMARK,EQ,,,,,GLENMARK PHARMACEUTICALS,2425.0,2435.2,2365.7,2380.0,2380.0,2430.4,,2380.0,,,785299,1876263270.5,61416,F1,1,,,,,
2026-09-25,2026-09-25,CM,NSE,STK,1415,INE291W01037,GLOBAL,EQ,,,,,GLOBAL EDUCATION LIMITED,142.35,142.49,134.11,135.4,135.5,141.0,,135.4,,,227619,31095561.28,3949,F1,1,,,,,
2026-09-25,2026-09-25,CM,NSE,STK,11956,INE474Q01031,MEDANTA,EQ,,,,,GLOBAL HEALTH LIMITED,1506.0,1509.7,1479.9,1495.4,1497.0,1506.2,,1495.39,,,158143,236334149.8,20988,F1,1,,,,,
2026-09-25,2026-09-25,CM,NSE,STK,17167,INE0PS501019,GLOBALPET,SM,,,,,GLOBAL PET INDUSTRIES LTD,160.0,160.0,160.0,160.0,160.0,160.0,,160.0,,,1500,240000.0,2,F1,750,,,,,
2026-09-25,2026-09-25,CM,NSE,STK,14599,INE0JSX01015,GSLSU,EQ,,,,,GLOBAL SURFACES LIMITED,31.08,31.7,30.55,31.13,31.25,31.98,,31.13,,,37609,1169305.35,573,F1,1,,,,,
2026-09-25,2026-09-25,CM,NSE,STK,13735,INE792H01019,GLOBALVECT,EQ,,,,,GLOBAL VEC HELICORP LTD,133.85,138.9,133.65,134.06,135.25,135.89,,134.06,,,4099,551472.25,206,F1,1,,,,,
2026-09-25,2026-09-25,CM,NSE,STK,24932,INE0URU01010,GLOBALE,EQ,,,,,GLOBALE TESSILE LIMITED,10.8,11.25,10.33,10.59,11.09,10.8,,10.59,,,1300,14047.3,24,F1,1,,,,,
2026-09-25,2026-09-25,CM,NSE,STK,758572,INE0V3U01015,GLOBECIVIL,EQ,,,,,GLOBE CIVIL PROJECTS LTD,42.47,43.69,42.35,43.12,43.4,43.18,,43.03,,,9026,386991.35,241,F1,1,,,,,
2026-09-25,2026-09-25,CM,NSE,STK,393,INE581X01021,GLOBE,EQ,,,,,GLOBE ENTERPRISE (I) LTD,2.22,2.31,2.22,2.24,2.25,2.26,,2.24,,,416495,937465.25,267,F1,1,,,,,
2026-09-25,2026-09-25,CM,NSE,STK,761021,INE947T01022,GICL,BE,,,,,GLOBE INTL CARRIERS LTD,22.75,23.5,22.51,23.45,23.48,23.5,,23.45,,,115450,2660418.17,104,F1,1,,,,,
2026-09-25,2026-09-25,CM,NSE,STK,9764,INE00WS01056,GSTL,SM,,,,,GLOBESECURE TECHNO LTD,12.25,12.25,11.4,11.4,11.4,11.95,,11.4,,,10000,116500.0,8,F1,1000,,,,,
2026-09-25,2026-09-25,CM,NSE,STK,17424,INE615I01010,GLOBUSSPR,EQ,,,,,GLOBUS SPIRITS LTD,836.5,840.0,827.95,832.55,830.0,836.5,,832.57,,,35079,29203966.15,3926,F1,1,,,,,
2026-09-25,2026-09-25,CM,NSE,STK,23590,INE350Z01018,GLOSTERLTD,EQ,,,,,GLOSTER LIMITED,566.0,571.0,550.0,552.7,552.0,572.0,,552.81,,,3632,2023472.9,310,F1,1,,,,,
2026-09-25,2026-09-25,CM,NSE,STK,760116,INE0TQE01026,GLOTTIS,EQ,,,,,GLOTTIS LIMITED,63.88,68.29,63.3,65.62,65.3,63.36,,65.62,,,240211,15778521.11,2896,F1,1,,,,,
2026-09-25,2026-09-25,CM,NSE,STK,1570,INE541A01023,GMMPFAUDLR,EQ,,,,,GMM PFAUDLER LIMITED,1479.5,1514.2,1460.0,1505.2,1500.0,1475.4,,1505.14,,,220062,328042799.7,19010,F1,1,,,,,
2026-09-25,2026-09-25,CM,NSE,STK,13528,INE776C01039,GMRAIRPORT,EQ,,,,,GMR AIRPORTS LIMITED,96.64,98.2,96.64,97.95,97.95,97.35,,97.94,,,10108888,985477454.32,41187,F1,1,,,,,
2026-09-25,2026-09-25,CM,NSE,STK,8529,INE0CU601026,GMRP&UI,EQ,,,,,GMR POW AND URBAN INFRA L,101.41,103.62,99.4,102.68,102.19,101.41,,102.68,,,2175028,221845578.29,22274,F1,1,,,,,
2026-09-25,2026-09-25,CM,NSE,STK,18571,INE934S01014,GNA,EQ,,,,,GNA AXLES LIMITED,623.0,627.9,611.1,617.65,616.0,620.45,,617.68,,,623477,386510851.3,17690,F1,1,,,,,
2026-09-25,2026-09-25,CM,NSE,STK,757862,INE18JU01028,EBGNG,EQ,,,,,GNG ELECTRONICS LIMITED,679.4,690.0,659.3,669.0,667.75,676.65,,669.0,,,433643,291288947.95,19379,F1,1,,,,,
2026-09-25,2026-09-25,CM,NSE,STK,23799,INE03JT01014,GODIGIT,EQ,,,,,GO DIGIT GENERAL INS LTD,253.0,254.4,250.25,253.7,254.0,250.3,,253.73,,,365201,92288934.45,20962,F1,1,,,,,
2026-09-25,2026-09-25,CM,NSE,STK,6964,INE0BJS01011,GOCOLORS,EQ,,,,,GO FASHION INDIA LTD,320.7,321.75,313.3,317.35,315.35,318.35,,317.35,,,25771,8188573.7,2139,F1,1,,,,,
2026-09-25,2026-09-25,CM,NSE,STK,14687,INE426D01013,GOACARBON,EQ,,,,,GOA CARBON LIMITED,409.9,410.0,396.25,401.8,398.55,404.75,,401.8,,,14667,5908587.45,864,F1,1,,,,,
2026-09-25,2026-09-25,CM,NSE,STK,3963,INE077F01035,GOCLCORP,EQ,,,,,GOCL CORPORATION LIMITED,380.25,398.0,378.55,384.1,383.8,380.25,,384.05,,,105705,40483970.05,4032,F1,1,,,,,
2026-09-25,2026-09-25,CM,NSE,STK,25941,INE497S01012,GODAVARIB,EQ,,,,,GODAVARI BIOREFINERIES L,239.93,239.93,235.01,236.52,235.6,238.65,,236.56,,,50525,11940584.59,1245,F1,1,,,,,
2026-09-25,2026-09-25,CM,NSE,STK,13409,INE177H01039,GPIL,EQ,,,,,GODAWARI POW & ISP LTD,230.0,232.39,228.13,229.42,229.95,229.78,,229.42,,,863273,198624174.28,16672,F1,1,,,,,
2026-09-25,2026-09-25,CM,NSE,STK,1181,INE260B01028,GODFRYPHLP,EQ,,,,,GODFREY PHILLIPS INDIA LT,1974.0,1987.4,1965.0,1970.4,1970.4,1974.0,,1970.28,,,68917,136007212.9,6828,F1,1,,,,,
2026-09-25,2026-09-25,CM,NSE,STK,144,INE850D01014,GODREJAGRO,EQ,,,,,GODREJ AGROVET LIMITED,676.0,679.95,653.35,657.8,659.45,676.05,,657.83,,,120326,79662447.65,8750,F1,1,,,,,
2026-09-25,2026-09-25,CM,NSE,STK,10099,INE102D01028,GODREJCP,EQ,,,,,GODREJ CONSUMER PRODUCTS,873.35,880.55,871.45,880.0,880.0,875.0,,880.0,,,288234,252688606.35,8758,F1,1,,,,,
2026-09-25,2026-09-25,CM,NSE,STK,10925,INE233A01035,GODREJIND,EQ,,,,,GODREJ INDUSTRIES LTD,1093.0,1146.0,1090.4,1105.3,1100.0,1099.0,,1105.19,,,262360,292406883.8,25346,F1,1,,,,,
2026-09-25,2026-09-25,CM,NSE,STK,17875,INE484J01027,GODREJPROP,EQ,,,,,GODREJ PROPERTIES LTD,1666.0,1700.1,1666.0,1700.1,1700.1,1671.2,,1699.9,,,273610,461888657.6,18451,F1,1,,,,,
2026-09-25,2026-09-25,CM,NSE,STK,27273,IN0020240159,679GS2034A,GS,,,,,GOI LOAN   6.79% 2034,97.03,97.03,97.03,97.03,97.03,99.01,,97.03,,,100,9703.0,1,F1,1,,,,,
2026-09-25,2026-09-25,CM,NSE,STK,27819,IN0020240175,698GR2054,GS,,,,,GOI LOAN   6.98% 2054,91.7,91.75,91.7,91.75,91.75,94.5,,91.75,,,300,27520.0,3,F1,1,,,,,
2026-09-25,2026-09-25,CM,NSE,STK,27170,IN0020240142,709GS2074,GS,,,,,GOI LOAN   7.09% 2074,95.0,95.39,94.85,95.11,95.11,94.95,,95.11,,,3576,340383.07,15,F1,1,,,,,
2026-09-25,2026-09-25,CM,NSE,STK,6695,IN0020210186,574GS2026,GS,,,,,GOI LOAN  5.74% 2026,101.51,102.49,101.51,102.49,102.49,102.05,,102.49,,,404,41209.94,4,F1,1,,,,,
2026-09-25,2026-09-25,CM,NSE,STK,757753,IN0020250034,591GS2028,GS,,,,,GOI LOAN  5.91% 2028,99.55,99.55,99.55,99.55,99.55,99.55,,99.55,,,20,1991.0,1,F1,1,,,,,
2026-09-25,2026-09-25,CM,NSE,STK,760622,IN0020250125,603GS2029,GS,,,,,GOI LOAN  6.03% 2029,99.25,99.25,99.25,99.25,99.25,99.25,,99.25,,,200,19850.0,1,F1,1,,,,,
2026-09-25,2026-09-25,CM,NSE,STK,5012,IN0020210095,610GS2031,GS,,,,,GOI LOAN  6.10% 2031,99.99,99.99,99.99,99.99,99.99,99.99,,99.99,,,1,99.99,1,F1,1,,,,,
2026-09-25,2026-09-25,CM,NSE,STK,759396,IN0020250091,648GS2035,GS,,,,,GOI LOAN  6.48% 2035,97.9,97.9,97.9,97.9,97.9,97.9,,97.9,,,101,9887.9,3,F1,1,,,,,
2026-09-25,2026-09-25,CM,NSE,STK,765941,IN0020260074,653GS2031,GS,,,,,GOI LOAN  6.53% 2031,98.01,98.02,98.01,98.02,98.02,98.01,,98.02,,,200,19603.0,2,F1,1,,,,,
2026-09-25,2026-09-25,CM,NSE,STK,7843,IN0020210244,654GS2032,GS,,,,,GOI LOAN  6.54% 2032,98.28,98.28,98.28,98.28,98.28,99.0,,98.28,,,2542,249827.76,2,F1,1,,,,,
2026-09-25,2026-09-25,CM,NSE,STK,956,IN0020200252,667GS2050,GS,,,,,GOI LOAN  6.67% 2050,93.5,93.5,93.2,93.2,93.2,93.51,,93.76,,,53,4954.6,2,F1,1,,,,,
2026-09-25,2026-09-25,CM,NSE,STK,760623,IN0020250133,668GS2033,GS,,,,,GOI LOAN  6.68% 2033,98.21,99.0,98.21,98.8,98.8,98.5,,98.8,,,1500,147985.0,4,F1,1,,,,,
2026-09-25,2026-09-25,CM,NSE,STK,757847,IN0020250042,668GS2040,GS,,,,,GOI LOAN  6.68% 2040,94.71,98.0,94.71,98.0,98.0,97.1,,98.0,,,86906,8500175.85,9,F1,1,,,,,
2026-09-25,2026-09-25,CM,NSE,STK,2317,IN0020200401,676GS2061,GS,,,,,GOI LOAN  6.76% 2061,90.0,90.0,89.49,89.49,89.49,89.74,,89.02,,,25657,2296284.37,26,F1,1,,,,,
2026-09-25,2026-09-25,CM,NSE,STK,22438,IN0020200187,68GS2060,GS,,,,,GOI LOAN  6.8% 2060,92.2,92.2,91.5,91.6,91.65,91.5,,91.6,,,415,38014.85,12,F1,1,,,,,
2026-09-25,2026-09-25,CM,NSE,STK,756014,IN0020250018,690GS2065,GS,,,,,GOI LOAN  6.90% 2065,93.94,93.94,93.11,93.83,93.83,93.33,,93.83,,,1355,126929.64,11,F1,1,,,,,
2026-09-25,2026-09-25,CM,NSE,STK,763340,IN0020260025,694GS2036,GS,,,,,GOI LOAN  6.94% 2036,101.09,101.09,101.09,101.09,101.09,101.09,,101.09,,,200,20218.0,2,F1,1,,,,,
2026-09-25,2026-09-25,CM,NSE,STK,6817,IN0020210202,695GS2061,GS,,,,,GOI LOAN  6.95% 2061,93.25,93.3,93.25,93.25,93.25,93.25,,93.25,,,3,279.8,3,F1,1,,,,,
2026-09-25,2026-09-25,CM,NSE,STK,6696,IN0020210194,699GS2051,GS,,,,,GOI LOAN  6.99% 2051,96.75,96.75,95.5,95.5,95.5,93.87,,95.5,,,8213,785972.45,7,F1,1,,,,,
2026-09-25,2026-09-25,CM,NSE,STK,23854,IN0020240043,702GS2027,GS,,,,,GOI LOAN  7.02% 2027,102.25,102.25,102.25,102.25,102.25,102.21,,102.25,,,800,81800.0,1,F1,1,,,,,
2026-09-25,2026-09-25,CM,NSE,STK,23919,IN0020240050,704GS2029,GS,,,,,GOI LOAN  7.04% 2029,103.5,103.5,103.5,103.5,103.5,102.66,,103.5,,,4,414.0,1,F1,1,,,,,
2026-09-25,2026-09-25,CM,NSE,STK,14970,IN0020230010,706GS2028,GS,,,,,GOI LOAN  7.06% 2028,103.5,103.5,103.5,103.5,103.5,103.75,,103.5,,,1,103.5,1,F1,1,,,,,
2026-09-25,2026-09-25,CM,NSE,STK,764295,IN0020260041,706GS2041,GS,,,,,GOI LOAN  7.06% 2041,99.1,100.75,99.1,100.7,100.7,99.1,,100.7,,,229,22726.4,4,F1,1,,,,,
2026-09-25,2026-09-25,CM,NSE,STK,24949,IN0020240118,709GS2054,GS,,,,,GOI LOAN  7.09% 2054,95.2,95.2,95.1,95.1,95.1,95.5,,95.3,,,1355,128915.1,4,F1,1,,,,,
2026-09-25,2026-09-25,CM,NSE,STK,23463,IN0020240019,71GS2034,GS,,,,,GOI LOAN  7.1% 2034,104.45,104.45,102.34,103.95,103.95,103.75,,103.95,,,303,31015.26,5,F1,1,,,,,
2026-09-25,2026-09-25,CM,NSE,STK,15050,IN0020230036,717GS2030,GS,,,,,GOI LOAN  7.17% 2030,104.25,104.26,104.25,104.26,104.26,103.26,,104.26,,,6401,667334.26,4,F1,1,,,,,
2026-09-25,2026-09-25,CM,NSE,STK,17398,IN0020230077,718GS2037,GS,,,,,GOI LOAN  7.18% 2037,102.5,102.5,101.75,101.93,101.9,101.72,,101.93,,,25057,2552388.62,27,F1,1,,,,,
2026-09-25,2026-09-25,CM,NSE,STK,758674,IN0020250075,724GS2055,GS,,,,,GOI LOAN  7.24% 2055,96.85,96.97,96.55,96.55,96.55,96.75,,96.75,,,1603,154805.37,10,F1,1,,,,,
2026-09-25,2026-09-25,CM,NSE,STK,16733,IN0020230044,725GS2063,GS,,,,,GOI LOAN  7.25% 2063,97.0,97.0,96.4,96.65,96.65,96.82,,96.65,,,83370,8056881.92,85,F1,1,,,,,
2026-09-25,2026-09-25,CM,NSE,STK,10722,IN0020220060,726GS2032,GS,,,,,GOI LOAN  7.26% 2032,101.75,107.1,101.75,104.04,104.04,107.1,,104.04,,,13,1351.01,5,F1,1,,,,,
2026-09-25,2026-09-25,CM,NSE,STK,16865,IN0020230051,73GS2053,GS,,,,,GOI LOAN  7.3% 2053,98.42,98.42,98.37,98.37,98.38,98.6,,98.37,,,2889,284326.55,17,F1,1,,,,,
2026-09-25,2026-09-25,CM,NSE,STK,20136,IN0020230135,732GS2030,GS,,,,,GOI LOAN  7.32% 2030,103.55,103.55,103.55,103.55,103.55,103.55,,103.55,,,850,88017.5,2,F1,1,,,,,
2026-09-25,2026-09-25,CM,NSE,STK,19685,IN0020230119,733GS2026,GS,,,,,GOI LOAN  7.33% 2026,102.5,102.6,102.4,102.6,102.6,102.4,,102.6,,,4350,446095.7,8,F1,1,,,,,
2026-09-25,2026-09-25,CM,NSE,STK,23558,IN0020240035,734GS2064,GS,,,,,GOI LOAN  7.34% 2064,98.51,99.0,98.51,98.85,98.85,98.95,,98.77,,,177887,17580255.17,43,F1,1,,,,,
2026-09-25,2026-09-25,CM,NSE,STK,10931,IN0020220086,736GS2052,GS,,,,,GOI LOAN  7.36% 2052,98.5,98.5,98.0,98.0,98.0,96.6,,98.0,,,55,5405.0,2,F1,1,,,,,
2026-09-25,2026-09-25,CM,NSE,STK,19566,IN0020230101,737GS2028,GS,,,,,GOI LOAN  7.37% 2028,104.0,105.98,104.0,105.98,105.98,104.1,,105.98,,,797,83674.06,3,F1,1,,,,,
2026-09-25,2026-09-25,CM,NSE,STK,10981,IN0020220094,74GS2062,GS,,,,,GOI LOAN  7.4% 2062,98.0,99.9,98.0,99.8,99.8,98.0,,100.1,,,2149,213684.8,6,F1,1,,,,,
2026-09-25,2026-09-25,CM,NSE,STK,13194,IN0020220102,741GS2036,GS,,,,,GOI LOAN  7.41% 2036,100.91,104.3,100.91,104.1,104.1,103.5,,104.1,,,3203,331910.47,11,F1,1,,,,,
2026-09-25,2026-09-25,CM,NSE,STK,760649,IN0020250117,743GS2076,GS,,,,,GOI LOAN  7.43% 2076,99.2,99.2,98.01,98.17,98.02,98.25,,98.12,,,48997,4807344.92,81,F1,1,,,,,
2026-09-25,2026-09-25,CM,NSE,STK,19808,IN0020230127,746GS2073,GS,,,,,GOI LOAN  7.46% 2073,107.0,107.0,107.0,107.0,107.0,103.99,,107.0,,,1,107.0,1,F1,1,,,,,
2026-09-25,2026-09-25,CM,NSE,STK,763146,IN0020260017,750GS2056,GS,,,,,GOI LOAN  7.50% 2056,102.45,102.45,102.45,102.45,102.45,102.0,,102.45,,,2000,204900.0,3,F1,1,,,,,
2026-09-25,2026-09-25,CM,NSE,STK,9585,IN0020220029,754GS2036,GS,,,,,GOI LOAN  7.54% 2036,105.02,105.5,105.02,105.16,105.2,105.1,,105.16,,,352635,37113533.35,186,F1,1,,,,,
2026-09-25,2026-09-25,CM,NSE,STK,766043,IN0020260082,763GS2056,GS,,,,,GOI LOAN  7.63% 2056,100.21,100.21,100.21,100.21,100.21,100.0,,100.21,,,100,10021.0,1,F1,1,,,,,
2026-09-25,2026-09-25,CM,NSE,STK,763489,IN0020260033,771GS2066,GS,,,,,GOI LOAN  7.71% 2066,104.88,104.88,103.53,104.13,104.19,104.8,,104.13,,,32265,3355649.58,19,F1,1,,,,,
2026-09-25,2026-09-25,CM,NSE,STK,9047,IN0020220011,710GS2029,GS,,,,,GOI LOAN 7.10% 2029,104.01,104.49,104.01,104.49,104.49,103.5,,104.49,,,1501,156579.62,3,F1,1,,,,,
2026-09-25,2026-09-25,CM,NSE,STK,18474,IN0020200039,719GS2060,GS,,,,,GOI LOAN 7.19% 2060,95.2,95.2,95.2,95.2,95.2,95.2,,95.2,,,5000,476000.0,8,F1,1,,,,,
2026-09-25,2026-09-25,CM,NSE,STK,9913,IN0020220037,738GS2027,GS,,,,,GOI LOAN 7.38% 2027,102.25,102.86,102.25,102.54,102.85,102.6,,102.54,,,165751,16989957.01,17,F1,1,,,,,
2026-09-25,2026-09-25,CM,NSE,STK,6835,IN0020020106,795GS2032,GS,,,,,GOI LOAN 7.95% 2032,107.4,107.4,107.4,107.4,107.4,105.0,,107.4,,,1,107.4,1,F1,1,,,,,
2026-09-25,2026-09-25,CM,NSE,STK,7106,IN0020140052,824GS2033,GS,,,,,GOI LOAN 8.24% 2033,111.0,111.0,111.0,111.0,111.0,110.35,,111.0,,,1948,216228.0,1,F1,1,,,,,
2026-09-25,2026-09-25,CM,NSE,STK,6884,IN0020060078,824GS2027,GS,,,,,GOI LOAN 8.24%2027,101.6,101.65,101.5,101.5,101.5,101.65,,101.5,,,1010,102516.4,3,F1,1,,,,,
2026-09-25,2026-09-25,CM,NSE,STK,6898,IN0020070036,826GS2027,GS,,,,,GOI LOAN 8.26% 2027,102.0,102.15,102.0,102.15,102.15,102.14,,102.15,,,4,408.3,2,F1,1,,,,,
2026-09-25,2026-09-25,CM,NSE,STK,6921,IN0020070069,828GS2027,GS,,,,,GOI LOAN 8.28% 2027,166.48,166.48,166.48,166.48,166.48,158.56,,166.48,,,1,166.48,1,F1,1,,,,,
2026-09-25,2026-09-25,CM,NSE,STK,7039,IN0020130053,92GS2030,GS,,,,,GOI LOAN 9.20% 2030,113.21,115.0,113.12,113.81,113.8,113.19,,113.81,,,13306,1528812.45,26,F1,1,,,,,
2026-09-25,2026-09-25,CM,NSE,STK,764426,IN002026Y188,182D040227,TB,,,,,GOI TBILL 182D-04/02/27,98.01,98.01,98.01,98.01,98.01,97.5,,98.01,,,9600,940896.0,1,F1,100,,,,,
2026-09-25,2026-09-25,CM,NSE,STK,765983,IN002026Y238,182D110327,TB,,,,,GOI TBILL 182D-11/03/27,96.55,96.89,96.54,96.89,96.89,96.71,,96.89,,,600,57997.0,3,F1,100,,,,,
2026-09-25,2026-09-25,CM,NSE,STK,765443,IN002026Y212,182D260227,TB,,,,,GOI TBILL 182D-26/02/27,96.77,96.77,96.77,96.77,96.77,96.5,,96.77,,,500,48385.0,2,F1,100,,,,,
2026-09-25,2026-09-25,CM,NSE,STK,763782,IN002026Y139,182D311226,TB,,,,,GOI TBILL 182D-31/12/26,98.59,98.59,98.59,98.59,98.59,97.75,,98.59,,,4800,473232.0,1,F1,100,,,,,
2026-09-25,2026-09-25,CM,NSE,STK,764512,IN002026Z193,364D120827,TB,,,,,GOI TBILL 364D-12/08/27,94.63,94.63,94.63,94.63,94.63,94.63,,94.63,,,500,47315.0,1,F1,100,,,,,
2026-09-25,2026-09-25,CM,NSE,STK,760030,IN002025Z351,364D261126,TB,,,,,GOI TBILL 364D-26/11/26,98.35,98.35,98.35,98.35,98.35,97.6,,98.35,,,4000,393400.0,3,F1,100,,,,,
2026-09-25,2026-09-25,CM,NSE,STK,763626,IN002026Z086,364D280527,TB,,,,,GOI TBILL 364D-28/05/27,95.27,95.36,95.27,95.27,95.27,95.96,,95.27,,,2600,247729.0,4,F1,100,,,,,
2026-09-25,2026-09-25,CM,NSE,STK,759504,IN002025Z310,364D291026,TB,,,,,GOI TBILL 364D-29/10/26,99.0,99.0,99.0,99.0,99.0,99.47,,99.0,,,4000,396000.0,1,F1,100,,,,,
2026-09-25,2026-09-25,CM,NSE,STK,764047,IN002026X149,91D081026,TB,,,,,GOI TBILL 91D-08/10/26,99.75,99.75,99.71,99.72,99.71,99.71,,99.72,,,1000,99726.0,10,F1,100,,,,,
2026-09-25,2026-09-25,CM,NSE,STK,765982,IN002026X230,91D101226,TB,,,,,GOI TBILL 91D-10/12/26,98.7,98.85,98.7,98.85,98.85,98.5,,98.85,,,5100,503835.0,4,F1,100,,,,,
2026-09-25,2026-09-25,CM,NSE,STK,764510,IN002026X198,91D121126,TB,,,,,GOI TBILL 91D-12/11/26,99.5,99.6,99.5,99.6,99.6,99.29,,99.6,,,800,79630.0,2,F1,100,,,,,
2026-09-25,2026-09-25,CM,NSE,STK,764252,IN002026X164,91D221026,TB,,,,,GOI TBILL 91D-22/10/26,99.51,99.51,99.51,99.51,99.51,99.57,,99.51,,,100,9951.0,1,F1,100,,,,,
2026-09-25,2026-09-25,CM,NSE,STK,766232,IN002026X255,91D241226,TB,,,,,GOI TBILL 91D-24/12/26,98.59,98.65,97.9,98.5,98.5,98.68,,98.5,,,2900,285254.0,5,F1,100,,,,,
2026-09-25,2026-09-25,CM,NSE,STK,765442,IN002026X214,91D271126,TB,,,,,GOI TBILL 91D-27/11/26,98.8,98.95,98.8,98.87,98.85,98.8,,98.87,,,2400,237155.0,3,F1,100,,,,,
2026-09-25,2026-09-25,CM,NSE,STK,11778,INE887G01027,GOKEX,EQ,,,,,GOKALDAS EXPORTS LTD.,698.0,700.65,683.1,689.6,687.8,692.85,,689.59,,,158193,109303732.8,9789,F1,1,,,,,
2026-09-25,2026-09-25,CM,NSE,STK,14480,INE314T01033,GOKULAGRO,EQ,,,,,GOKUL AGRO RESOURCES LTD,223.65,227.92,220.61,221.89,221.53,224.98,,221.9,,,174168,38988321.11,6734,F1,1,,,,,
2026-09-25,2026-09-25,CM,NSE,STK,16705,INE020J01029,GOKUL,EQ,,,,,GOKUL REFOILS & SOLV LTD,39.59,40.49,39.41,39.69,39.5,39.92,,39.7,,,145483,5838659.4,1911,F1,1,,,,,
2026-09-25,2026-09-25,CM,NSE,STK,11619,INE973A01010,GOLDENTOBC,BZ,,,,,GOLDEN TOBACCO LIMITED,23.72,24.99,23.05,24.61,23.54,24.24,,24.62,,,1693,40930.99,41,F1,1,,,,,
2026-09-25,2026-09-25,CM,NSE,STK,11971,INE025B01025,GOLDIAM,EQ,,,,,GOLDIAM INTERNATIONAL LTD,322.1,326.95,320.0,325.05,324.25,321.7,,324.97,,,256884,83287707.15,7142,F1,1,,,,,
2026-09-25,2026-09-25,CM,NSE,STK,1,INE405Y01021,GOLDSTAR,SM,,,,,GOLDSTAR POWER LIMITED,10.65,10.65,10.4,10.65,10.65,10.15,,10.65,,,270000,2865375.0,24,F1,11250,,,,,
2026-09-25,2026-09-25,CM,NSE,STK,6125,INE127I01024,GOODLUCK,EQ,,,,,GOODLUCK INDIA LIMITED,530.45,534.05,519.0,525.65,526.4,530.45,,525.76,,,239704,126189431.25,13410,F1,1,,,,,
2026-09-25,2026-09-25,CM,NSE,STK,1205,INE533A01012,GOODYEAR,EQ,,,,,GOODYEAR INDIA LIMITED,707.15,714.95,701.1,707.8,708.75,707.15,,708.24,,,2471,1747756.45,488,F1,1,,,,,
2026-09-25,2026-09-25,CM,NSE,STK,23066,INE0L9R01028,GOPAL,EQ,,,,,GOPAL SNACKS LIMITED,264.0,264.0,257.85,260.95,260.0,262.55,,260.94,,,103108,26930829.25,5370,F1,1,,,,,
2026-09-25,2026-09-25,CM,NSE,STK,11787,INE705X01026,GOYALALUM,EQ,,,,,GOYAL ALUMINIUMS LIMITED,6.1,6.1,5.8,5.91,5.92,5.93,,5.91,,,40513,239711.54,376,F1,1,,,,,
2026-09-25,2026-09-25,CM,NSE,STK,19356,INE0QFE01017,GOYALSALT,SM,,,,,GOYAL SALT LIMITED,106.0,106.0,102.0,102.0,102.0,108.9,,102.0,,,6000,622200.0,10,F1,600,,,,,
2026-09-25,2026-09-25,CM,NSE,STK,24108,INE0S7E01015,GPECO,SM,,,,,GP ECO SOLUTIONS INDIA L,386.65,403.0,386.0,402.05,403.0,389.65,,402.05,,,14000,5518910.0,63,F1,200,,,,,
2026-09-25,2026-09-25,CM,NSE,STK,11584,INE586G01017,GULFPETRO,BE,,,,,GP PETROLEUMS LIMITED,63.55,63.8,60.61,60.88,60.7,63.55,,60.88,,,115393,7052948.44,357,F1,1,,,,,
2026-09-25,2026-09-25,CM,NSE,STK,22846,INE486R01017,GPTHEALTH,EQ,,,,,GPT HEALTHCARE LIMITED,162.0,164.09,160.0,161.27,163.04,161.73,,161.13,,,66898,10821726.19,2240,F1,1,,,,,
2026-09-25,2026-09-25,CM,NSE,STK,17685,INE390G01014,GPTINFRA,EQ,,,,,GPT INFRAPROJECTS LTD,115.99,116.9,112.5,114.43,113.5,113.52,,114.46,,,124954,14313362.33,1583,F1,1,,,,,
2026-09-25,2026-09-25,CM,NSE,STK,763301,INE361K01017,GRADIENTE,BE,,,,,GRADIENTE INFOTAINMENT L,2.19,2.19,2.05,2.05,2.05,2.15,,2.05,,,920446,1905200.93,333,F1,1,,,,,
2026-09-25,2026-09-25,CM,NSE,STK,30289,INE12E301017,GCHOTELS,ST,,,,,GRAND CONTINENT HOTELS L,130.0,131.0,123.5,123.5,123.5,130.0,,123.5,,,63600,7995000.0,75,F1,600,,,,,
2026-09-25,2026-09-25,CM,NSE,STK,11079,INE534A01028,GFSTEELS,BE,,,,,GRAND FOUNDRY LTD,32.45,32.45,32.45,32.45,32.45,30.91,,32.45,,,15795,512547.75,25,F1,1,,,,,
2026-09-25,2026-09-25,CM,NSE,STK,762695,INE926B01016,GRANDOAK,EQ,,,,,GRAND OAK CANYONS DIST L,34.7,35.46,34.05,34.77,35.33,33.82,,34.77,,,2445,84904.32,103,F1,1,,,,,
2026-09-25,2026-09-25,CM,NSE,STK,11872,INE101D01020,GRANULES,EQ,,,,,GRANULES INDIA LIMITED,856.9,875.0,849.05,868.65,869.85,853.0,,868.95,,,597420,514015478.8,24691,F1,1,,,,,
2026-09-25,2026-09-25,CM,NSE,STK,592,INE371A01025,GRAPHITE,EQ,,,,,GRAPHITE INDIA LTD,819.6,838.55,815.3,820.7,820.0,814.7,,820.7,,,1351331,1116639885.4,49787,F1,1,,,,,
2026-09-25,2026-09-25,CM,NSE,STK,1232,INE047A01021,GRASIM,EQ,,,,,GRASIM INDUSTRIES LTD,3175.0,3212.5,3161.0,3191.0,3191.0,3166.5,,3190.99,,,773413,2460765178.3,22488,F1,1,,,,,
2026-09-25,2026-09-25,CM,NSE,STK,5200,INE266D01021,GRAUWEIL,EQ,,,,,GRAUER & WEIL IND LTD,87.2,88.4,85.75,88.02,87.9,86.69,,88.03,,,1099667,96243969.52,8742,F1,1,,,,,
2026-09-25,2026-09-25,CM,NSE,STK,762703,INE214F01026,GRAVISSHO,BE,,,,,GRAVISS HOSPITALITY LTD.,32.35,32.35,30.9,32.35,32.35,32.35,,32.44,,,931,29363.06,23,F1,1,,,,,
2026-09-25,2026-09-25,CM,NSE,STK,20534,INE024L01027,GRAVITA,EQ,,,,,GRAVITA INDIA LIMITED,1520.0,1525.0,1492.3,1495.4,1497.2,1515.4,,1495.27,,,266305,400585435.7,16895,F1,1,,,,,
2026-09-25,2026-09-25,CM,NSE,STK,1235,INE224A01026,GREAVESCOT,EQ,,,,,GREAVES COTTON LTD.,223.5,235.64,218.71,234.78,234.52,221.83,,234.78,,,10729752,2460903910.64,113870,F1,1,,,,,
2026-09-25,2026-09-25,CM,NSE,STK,17092,INE0O7P01015,GREENCHEF,SM,,,,,GREENCHEF APPLIANCES LTD,70.55,73.15,70.55,71.0,71.0,73.4,,71.0,,,19200,1379000.0,20,F1,800,,,,,
2026-09-25,2026-09-25,CM,NSE,STK,6848,INE544R01021,GREENLAM,EQ,,,,,GREENLAM INDUSTRIES LTD.,227.0,229.05,223.21,224.32,225.0,227.0,,224.32,,,82357,18584060.22,1378,F1,1,,,,,
2026-09-25,2026-09-25,CM,NSE,STK,759427,INE0PLX01017,GREENLEAF,ST,,,,,GREENLEAF ENVIROTECH LTD,106.1,106.3,104.0,106.1,106.3,106.0,,106.1,,,6000,634350.0,6,F1,1000,,,,,
2026-09-25,2026-09-25,CM,NSE,STK,13810,INE08ZM01014,GREENPANEL,EQ,,,,,GREENPANEL INDUSTRIES LTD,168.0,168.0,160.5,162.61,162.15,166.61,,162.6,,,194144,31546366.41,4177,F1,1,,,,,
2026-09-25,2026-09-25,CM,NSE,STK,3987,INE461C01038,GREENPLY,EQ,,,,,GREENPLY INDUSTRIES LTD,294.55,294.55,282.2,287.25,286.5,294.3,,287.26,,,357533,102103764.35,5942,F1,1,,,,,
2026-09-25,2026-09-25,CM,NSE,STK,758986,INE199P01028,GCSL,EQ,,,,,GRETEX CORPORATE SERVICES,633.5,655.0,631.0,653.45,654.0,633.3,,653.46,,,444252,286062720.9,3932,F1,1,,,,,
2026-09-25,2026-09-25,CM,NSE,STK,18741,INE985P01012,GRETEX,SM,,,,,GRETEX INDUSTRIES LTD.,214.0,214.0,214.0,214.0,214.0,225.0,,214.0,,,750,160500.0,1,F1,750,,,,,
2026-09-25,2026-09-25,CM,NSE,STK,13560,INE536A01023,GRINDWELL,EQ,,,,,GRINDWELL NORTON LIMITED,2000.8,2000.8,1956.2,1972.7,1975.0,1981.0,,1972.56,,,9040,17842818.2,2417,F1,1,,,,,
2026-09-25,2026-09-25,CM,NSE,STK,10871,INE192H01020,GRMOVER,EQ,,,,,GRM OVERSEAS LIMITED,79.87,81.0,79.02,80.63,80.77,79.87,,80.62,,,997560,79516027.69,3870,F1,1,,,,,
2026-09-25,2026-09-25,CM,NSE,STK,760971,INE1TY801010,GJL,ST,,,,,GROVER JEWELLS LIMITED,386.95,386.95,386.95,386.95,386.95,368.55,,386.95,,,4800,1857360.0,5,F1,800,,,,,
2026-09-25,2026-09-25,CM,NSE,STK,764285,INF666M01PH7,CEMNTGROWW,EQ,,,,,GROWWAMC - CEMNTGROWW,14.14,14.34,14.01,14.13,14.15,14.14,,14.13,,,41703,587807.54,328,F1,1,,,,,
2026-09-25,2026-09-25,CM,NSE,STK,760051,INF666M01MM4,GROWWCAPM,EQ,,,,,GROWWAMC - GROWWCAPM,11.21,11.25,11.07,11.12,11.19,11.2,,11.12,,,2769816,30858103.43,1138,F1,1,,,,,
2026-09-25,2026-09-25,CM,NSE,STK,760673,INF666M01NP5,GROWWCHEM,EQ,,,,,GROWWAMC - GROWWCHEM,29.21,29.85,28.86,29.44,29.84,29.26,,29.44,,,28804,839461.35,246,F1,1,,,,,
2026-09-25,2026-09-25,CM,NSE,STK,25758,INF666M01IO8,GROWWDEFNC,EQ,,,,,GROWWAMC - GROWWDEFNC,94.58,94.58,92.92,93.87,94.37,93.65,,93.87,,,118117,11052172.5,2370,F1,1,,,,,
2026-09-25,2026-09-25,CM,NSE,STK,24798,INF666M01IH2,GROWWEV,EQ,,,,,GROWWAMC - GROWWEV,31.1,31.49,31.0,31.43,31.22,31.17,,31.43,,,483550,15115387.78,1625,F1,1,,,,,
2026-09-25,2026-09-25,CM,NSE,STK,25872,INF666M01OE7,GROWWGOLD,EQ,,,,,GROWWAMC - GROWWGOLD,14.6,14.79,14.6,14.7,14.71,14.6,,14.7,,,843288,12361602.65,2590,F1,1,,,,,
2026-09-25,2026-09-25,CM,NSE,STK,760874,INF666M01OD9,GROWWHOSPI,EQ,,,,,GROWWAMC - GROWWHOSPI,52.8,52.87,51.41,51.64,51.76,52.8,,51.64,,,318735,16506572.7,1680,F1,1,,,,,
2026-09-25,2026-09-25,CM,NSE,STK,25447,INF666M01IP5,GROWWLIQID,EQ,,,,,GROWWAMC - GROWWLIQID,110.91,110.92,110.91,110.91,110.92,110.87,,110.91,,,154736,17162786.84,195,F1,1,,,,,
2026-09-25,2026-09-25,CM,NSE,STK,758300,INF666M01LB9,GROWWLOVOL,EQ,,,,,GROWWAMC - GROWWLOVOL,10.18,10.18,9.96,10.06,10.12,10.18,,10.06,,,6778,68299.24,116,F1,1,,,,,
2026-09-25,2026-09-25,CM,NSE,STK,759719,INF666M01MV5,GROWWMC150,EQ,,,,,GROWWAMC - GROWWMC150,229.74,229.74,223.5,226.09,226.09,225.99,,226.09,,,271,61082.1,26,F1,1,,,,,
2026-09-25,2026-09-25,CM,NSE,STK,760438,INF666M01NI0,GROWWMETAL,EQ,,,,,GROWWAMC - GROWWMETAL,12.59,12.59,12.29,12.53,12.5,12.37,,12.53,,,294393,3678908.24,1482,F1,1,,,,,
2026-09-25,2026-09-25,CM,NSE,STK,756086,INF666M01KJ4,GROWWMOM50,EQ,,,,,GROWWAMC - GROWWMOM50,10.83,10.97,10.77,10.82,10.85,10.83,,10.82,,,416743,4516656.5,407,F1,1,,,,,
2026-09-25,2026-09-25,CM,NSE,STK,29872,INF666M01JV1,GROWWN200,EQ,,,,,GROWWAMC - GROWWN200,11.15,11.15,10.89,10.91,10.99,10.97,,10.91,,,42885,469776.36,292,F1,1,,,,,
2026-09-25,2026-09-25,CM,NSE,STK,757814,INF666M01LI4,GROWWNET,EQ,,,,,GROWWAMC - GROWWNET,10.64,10.64,10.21,10.25,10.33,10.47,,10.25,,,3785444,38857263.95,1417,F1,1,,,,,
2026-09-25,2026-09-25,CM,NSE,STK,758697,INF666M01LL8,GROWWNIFTY,EQ,,,,,GROWWAMC - GROWWNIFTY,9.48,9.48,9.32,9.36,9.4,9.38,,9.36,,,761413,7123415.71,3475,F1,1,,,,,
2026-09-25,2026-09-25,CM,NSE,STK,759458,INF666M01LZ8,GROWWNXT50,EQ,,,,,GROWWAMC - GROWWNXT50,72.48,72.48,71.06,71.77,71.35,71.76,,71.77,,,6545,471303.3,87,F1,1,,,,,
2026-09-25,2026-09-25,CM,NSE,STK,758165,INF666M01LM6,GROWWPOWER,EQ,,,,,GROWWAMC - GROWWPOWER,11.04,11.17,10.82,11.08,11.08,11.05,,11.08,,,895236,9880642.58,2122,F1,1,,,,,
2026-09-25,2026-09-25,CM,NSE,STK,760976,INF666M01NQ3,GROWWPSE,EQ,,,,,GROWWAMC - GROWWPSE,95.77,98.27,95.77,96.62,96.96,96.61,,96.62,,,1962,189023.11,125,F1,1,,,,,
2026-09-25,2026-09-25,CM,NSE,STK,761514,INF666M01OG2,GROWWPSUBK,EQ,,,,,GROWWAMC - GROWWPSUBK,83.58,84.5,81.59,83.75,84.5,82.72,,83.75,,,3367,279928.11,146,F1,1,,,,,
2026-09-25,2026-09-25,CM,NSE,STK,29527,INF666M01JJ6,GROWWRAIL,EQ,,,,,GROWWAMC - GROWWRAIL,26.88,27.1,26.6,26.75,26.9,26.88,,26.75,,,470644,12569827.25,2827,F1,1,,,,,
2026-09-25,2026-09-25,CM,NSE,STK,759428,INF666M01MN2,GROWWRLTY,EQ,,,,,GROWWAMC - GROWWRLTY,9.57,9.77,9.57,9.71,9.7,9.59,,9.71,,,123987,1203874.44,393,F1,1,,,,,
2026-09-25,2026-09-25,CM,NSE,STK,759522,INF666M01MO0,GROWWSC250,EQ,,,,,GROWWAMC - GROWWSC250,10.23,10.66,10.23,10.47,10.49,10.5,,10.47,,,79923,837981.34,464,F1,1,,,,,
2026-09-25,2026-09-25,CM,NSE,STK,756827,INF666M01OF4,GROWWSLVR,EQ,,,,,GROWWAMC - GROWWSLVR,22.35,22.44,22.09,22.4,22.4,22.14,,22.4,,,748536,16651627.59,1626,F1,1,,,,,
2026-09-25,2026-09-25,CM,NSE,STK,763572,INF666M01OT5,PVTBKGROWW,EQ,,,,,GROWWAMC - PVTBKGROWW,27.19,27.19,26.52,27.06,27.09,27.01,,27.06,,,5330,143293.56,70,F1,1,,,,,
2026-09-25,2026-09-25,CM,NSE,STK,751745,INF666M01PG9,SMALLGROWW,EQ,,,,,GROWWAMC - SMALLGROWW,48.48,48.97,48.34,48.59,48.75,48.32,,48.59,,,7475,363174.49,69,F1,1,,,,,
2026-09-25,2026-09-25,CM,NSE,STK,6543,INE137I01015,GRPLTD,EQ,,,,,GRP LIMITED,1999.2,2008.0,1989.0,1999.0,2008.0,1987.8,,1999.0,,,456,910137.6,114,F1,1,,,,,
2026-09-25,2026-09-25,CM,NSE,STK,23888,INE0SQY01018,GSMFOILS,SM,,,,,GSM FOILS LIMITED,74.1,77.55,74.1,77.55,77.55,73.9,,77.55,,,218500,16853725.0,292,F1,500,,,,,
2026-09-25,2026-09-25,CM,NSE,STK,762239,INE713R01022,GSPCROP,EQ,,,,,GSP CROP SCIENCE LIMITED,490.4,503.9,485.3,498.25,497.2,490.4,,498.24,,,261036,128312631.1,3726,F1,1,,,,,
2026-09-25,2026-09-25,CM,NSE,STK,15347,INE871H01011,GSS,EQ,,,,,GSS INFOTECH LIMITED,10.48,10.92,10.32,10.72,10.78,10.48,,10.72,,,36024,383819.49,210,F1,1,,,,,
2026-09-25,2026-09-25,CM,NSE,STK,13745,INE221H01019,GTLINFRA,EQ,,,,,GTL INFRA.LTD,1.11,1.13,1.1,1.12,1.13,1.11,,1.12,,,26743520,29816627.67,10850,F1,1,,,,,
2026-09-25,2026-09-25,CM,NSE,STK,1162,INE043A01012,GTL,EQ,,,,,GTL LTD,7.08,7.19,6.96,7.03,7.04,6.99,,7.04,,,78314,550777.84,392,F1,1,,,,,
2026-09-25,2026-09-25,CM,NSE,STK,21195,INE869I01013,GTPL,EQ,,,,,GTPL HATHWAY LIMITED,55.9,57.0,54.82,56.57,56.5,55.07,,56.57,,,46020,2592911.28,690,F1,1,,,,,
2026-09-25,2026-09-25,CM,NSE,STK,11606,INE742B01025,GUFICBIO,EQ,,,,,GUFIC BIOSCIENCES LTD.,418.95,427.0,416.35,423.75,422.4,422.0,,423.65,,,31206,13160340.05,2160,F1,1,,,,,
2026-09-25,2026-09-25,CM,NSE,STK,1145,INE162A01010,GIPCL,EQ,,,,,GUJ IND POW CO. LTD,186.1,187.09,183.0,185.84,185.37,186.42,,185.81,,,219387,40583928.19,5264,F1,1,,,,,
2026-09-25,2026-09-25,CM,NSE,STK,1174,INE113A01013,GNFC,EQ,,,,,GUJ NAR VAL FER & CHEM L,625.1,636.0,619.0,630.3,632.0,625.1,,630.28,,,1734397,1088061168.35,36832,F1,1,,,,,
2026-09-25,2026-09-25,CM,NSE,STK,1247,INE026A01025,GSFC,EQ,,,,,GUJ STATE FERT & CHEM LTD,154.95,157.52,154.64,156.8,156.55,155.35,,156.8,,,735930,115074482.79,10459,F1,1,,,,,
2026-09-25,2026-09-25,CM,NSE,STK,14677,INE826C01016,GUJAPOLLO,EQ,,,,,GUJ. APOLLO IND. LTD.,328.8,332.0,328.05,329.1,328.05,327.4,,329.1,,,3626,1194189.25,203,F1,1,,,,,
2026-09-25,2026-09-25,CM,NSE,STK,1267,INE186A01019,GUJALKALI,EQ,,,,,GUJARAT ALKALIES & CHEM,624.5,634.0,615.15,630.9,632.0,620.8,,630.9,,,46193,28984956.25,4998,F1,1,,,,,
2026-09-25,2026-09-25,CM,NSE,STK,8828,INE036B01030,GAEL,EQ,,,,,GUJARAT AMBUJA EXPORTS LT,160.96,165.0,160.22,163.87,164.0,162.59,,163.87,,,546758,89095719.52,12910,F1,1,,,,,
2026-09-25,2026-09-25,CM,NSE,STK,10599,INE844O01030,GUJENERGY,EQ,,,,,GUJARAT ENERGY LIMITED,235.0,236.35,231.5,236.02,235.9,235.72,,236.02,,,451419,105855420.09,19989,F1,1,,,,,
2026-09-25,2026-09-25,CM,NSE,STK,13750,INE09N301011,FLUOROCHEM,EQ,,,,,GUJARAT FLUOROCHEM LTD,4475.9,4506.9,4433.0,4441.4,4445.0,4475.9,,4441.35,,,37518,167141656.4,8068,F1,1,,,,,
2026-09-25,2026-09-25,CM,NSE,STK,761197,INE0V0W01025,GKSL,EQ,,,,,GUJARAT KIDNEY N SUP SP L,171.73,185.8,169.93,178.02,177.26,170.85,,178.02,,,1830502,329950303.51,28587,F1,1,,,,,
2026-09-25,2026-09-25,CM,NSE,STK,1156,INE540A01017,GLFL,EQ,,,,,GUJARAT LEASE FINANCING L,5.02,5.25,4.78,5.12,5.13,5.02,,5.12,,,8638,42865.74,28,F1,1,,,,,
2026-09-25,2026-09-25,CM,NSE,STK,5204,INE131A01031,GMDCLTD,EQ,,,,,GUJARAT MINERAL DEV CORP,542.0,544.6,534.0,538.0,537.5,542.5,,537.98,,,694551,373812988.35,20107,F1,1,,,,,
2026-09-25,2026-09-25,CM,NSE,STK,762690,INE207H01018,GNRL,EQ,,,,,GUJARAT NATURAL RES L,99.1,100.71,97.4,100.18,99.8,98.11,,100.17,,,77761,7690566.56,2022,F1,1,,,,,
2026-09-25,2026-09-25,CM,NSE,STK,19731,INE517F01014,GPPL,EQ,,,,,GUJARAT PIPAVAV PORT LTD,162.73,165.0,160.61,163.2,162.5,163.27,,163.22,,,1328565,215825911.31,13121,F1,1,,,,,
2026-09-25,2026-09-25,CM,NSE,STK,4548,INE610B01024,GUJRAFFIA,EQ,,,,,GUJARAT RAFFIA INDUST LTD,40.8,40.8,39.9,40.69,40.69,39.75,,40.69,,,777,31123.04,19,F1,1,,,,,
2026-09-25,2026-09-25,CM,NSE,STK,29731,INE942C01045,GUJTHEM,EQ,,,,,GUJARAT THEMIS BIOSYN LTD,411.0,422.1,410.45,417.0,415.0,410.45,,417.03,,,159525,66306006.95,5995,F1,1,,,,,
2026-09-25,2026-09-25,CM,NSE,STK,4391,INE635Q01029,GULFOILLUB,EQ,,,,,GULF OIL LUB. IND. LTD.,1090.8,1109.8,1074.1,1106.6,1106.3,1090.8,,1106.6,,,59678,65714812.5,4930,F1,1,,,,,
2026-09-25,2026-09-25,CM,NSE,STK,6286,INE255D01024,GULPOLY,EQ,,,,,GULSHAN POLYOLS LIMITED,170.47,171.49,168.2,170.36,170.99,169.4,,170.36,,,80764,13720392.15,2244,F1,1,,,,,
2026-09-25,2026-09-25,CM,NSE,STK,759261,INE1CCX01012,GURUNANAK,SM,,,,,GURUNANAK AGRICULTUR IN L,36.5,36.5,36.5,36.5,36.5,36.5,,36.5,,,1600,58400.0,1,F1,1600,,,,,
2026-09-25,2026-09-25,CM,NSE,STK,13229,INE251H01024,GVKPIL,BE,,,,,GVK POW. & INFRA LTD.,2.53,2.63,2.53,2.63,2.63,2.58,,2.64,,,4398958,11251892.81,1610,F1,1,,,,,
2026-09-25,2026-09-25,CM,NSE,STK,10866,INE382T01030,GVPTECH,BE,,,,,GVP INFOTECH LIMITED,7.92,7.95,7.58,7.94,7.95,7.81,,7.94,,,83520,655937.69,181,F1,1,,,,,
2026-09-25,2026-09-25,CM,NSE,STK,764050,INE724A01017,GYFTR,EQ,,,,,GYFTR LIMITED,167.1,171.79,165.3,166.3,165.3,169.67,,166.28,,,47001,7903255.88,2227,F1,1,,,,,
2026-09-25,2026-09-25,CM,NSE,STK,762712,INE640B01021,HBESD,EQ,,,,,H B ESTATE DEVELOPERS L,71.0,74.0,68.04,68.04,68.04,70.51,,68.04,,,129,9157.7,12,F1,1,,,,,
2026-09-25,2026-09-25,CM,NSE,STK,1672,INE926X01010,HGINFRA,EQ,,,,,H.G.INFRA ENGINEERING LTD,463.0,464.0,450.5,453.1,454.0,468.05,,453.14,,,451893,206833823.2,15999,F1,1,,,,,
2026-09-25,2026-09-25,CM,NSE,STK,760715,INE115S01010,HALDER,EQ,,,,,HALDER VENTURE LIMITED,252.0,252.0,240.05,241.45,243.5,248.75,,241.53,,,3407,830130.45,344,F1,1,,,,,
2026-09-25,2026-09-25,CM,NSE,STK,762708,INE506D01020,HALDYNGL,BE,,,,,HALDYN GLASS LTD.,147.0,148.0,140.2,145.46,145.8,144.68,,145.54,,,22023,3192645.13,144,F1,1,,,,,
2026-09-25,2026-09-25,CM,NSE,STK,21551,INE320X01016,HALEOSLABS,EQ,,,,,HALEOS LABS LIMITED,1503.4,1539.4,1490.4,1501.8,1500.0,1503.4,,1501.8,,,555,838546.3,113,F1,1,,,,,
2026-09-25,2026-09-25,CM,NSE,STK,765075,INE299D01022,HAMPTON,EQ,,,,,HAMPTON SKY REALTY LTD.,8.88,8.88,7.45,8.1,8.1,7.87,,8.12,,,12054,97753.45,131,F1,1,,,,,
2026-09-25,2026-09-25,CM,NSE,STK,13592,INE596H01014,HGM,EQ,,,,,HANDSON GBL MNGMNT LTD,42.74,42.74,42.0,42.18,42.1,42.74,,42.22,,,1370,57713.2,26,F1,1,,,,,
2026-09-25,2026-09-25,CM,NSE,STK,48,INE419U01012,HAPPSTMNDS,EQ,,,,,HAPPIEST MINDS TECHNO LTD,311.6,311.95,308.2,310.5,311.3,311.6,,310.5,,,413053,128010573.15,10364,F1,1,,,,,
2026-09-25,2026-09-25,CM,NSE,STK,20854,INE330T01021,HAPPYFORGE,EQ,,,,,HAPPY FORGINGS LIMITED,2084.8,2115.9,2051.0,2063.5,2055.0,2084.8,,2063.54,,,37247,77510144.4,7878,F1,1,,,,,
2026-09-25,2026-09-25,CM,NSE,STK,757665,INE0TLP01015,WHITEFORCE,SM,,,,,HAPPY SQUARE OUTSOURC S L,39.0,39.0,39.0,39.0,39.0,41.1,,39.0,,,1600,62400.0,1,F1,1600,,,,,
2026-09-25,2026-09-25,CM,NSE,STK,764131,INE1GFG01011,HAPPY,SM,,,,,HAPPY STEELS LIMITED,80.45,81.45,79.9,81.4,81.45,78.85,,81.4,,,24000,1933300.0,12,F1,2000,,,,,
2026-09-25,2026-09-25,CM,NSE,STK,8962,INE626Z01029,HARDWYN,EQ,,,,,HARDWYN INDIA LIMITED,9.37,9.37,9.14,9.27,9.29,9.25,,9.27,,,1356392,12563507.79,763,F1,1,,,,,
2026-09-25,2026-09-25,CM,NSE,STK,8968,INE00EV01017,HARIOMPIPE,EQ,,,,,HARIOM PIPE INDUSTRIES L,350.7,351.0,343.3,344.55,346.0,350.7,,344.55,,,78696,27272702.2,3059,F1,1,,,,,
2026-09-25,2026-09-25,CM,NSE,STK,764703,INE400G01011,HRYNSHP,EQ,,,,,HARIYANA SHIP BREAKERS L,98.0,98.02,92.0,97.01,97.01,98.02,,96.77,,,1559,149758.36,82,F1,1,,,,,
2026-09-25,2026-09-25,CM,NSE,STK,1313,INE544A01019,HARRMALAYA,EQ,,,,,HARRISON MALAYALAM LTD,174.1,178.0,171.0,172.59,172.0,174.88,,172.59,,,9942,1721666.69,325,F1,1,,,,,
2026-09-25,2026-09-25,CM,NSE,STK,11162,INE0JUS01029,HARSHA,EQ,,,,,HARSHA ENGINEERS INT LTD,461.0,467.8,449.45,462.05,460.55,457.55,,462.05,,,150621,69095624.05,7149,F1,1,,,,,
2026-09-25,2026-09-25,CM,NSE,STK,18154,INE982F01036,HATHWAY,EQ,,,,,HATHWAY CABLE & DATACOM,9.99,10.0,9.83,9.93,9.92,9.96,,9.93,,,1071495,10599101.9,2361,F1,1,,,,,
2026-09-25,2026-09-25,CM,NSE,STK,3892,INE473B01035,HATSUN,EQ,,,,,HATSUN AGRO PRODUCT LTD.,1145.7,1181.2,1138.6,1165.3,1167.9,1134.4,,1165.25,,,44714,52111317.9,5621,F1,1,,,,,
2026-09-25,2026-09-25,CM,NSE,STK,9819,INE176B01034,HAVELLS,EQ,,,,,HAVELLS INDIA LIMITED,1085.2,1097.3,1085.2,1096.5,1096.5,1090.0,,1096.47,,,308307,336784250.0,22117,F1,1,,,,,
2026-09-25,2026-09-25,CM,NSE,STK,4444,INE979B01015,HAWKINCOOK,EQ,,,,,HAWKINS COOKERS LTD,8199.5,8199.5,7970.0,8047.5,8015.0,8063.5,,8047.53,,,986,7915379.5,379,F1,1,,,,,
2026-09-25,2026-09-25,CM,NSE,STK,764693,INE550F01049,HAZOOR,EQ,,,,,HAZOOR MULTI PROJECTS LTD,18.53,19.6,17.6,19.36,19.5,18.53,,19.37,,,1533958,28309237.62,3126,F1,1,,,,,
2026-09-25,2026-09-25,CM,NSE,STK,765080,INE638B01025,HBPOR,EQ,,,,,HB PORTFOLIO LTD.,61.39,61.5,59.28,60.6,61.5,61.39,,60.89,,,1223,73813.14,59,F1,1,,,,,
2026-09-25,2026-09-25,CM,NSE,STK,4116,INE550B01022,HBSL,EQ,,,,,HB STOCKHOLDINGS LIMITED,55.75,56.99,55.0,56.08,55.0,55.02,,56.08,,,3326,186505.84,57,F1,1,,,,,
2026-09-25,2026-09-25,CM,NSE,STK,13966,INE292B01021,HBLENGINE,EQ,,,,,HBL ENGINEERING LTD,779.0,811.55,765.95,806.0,810.5,775.3,,806.0,,,5199842,4151165823.9,120054,F1,1,,,,,
2026-09-25,2026-09-25,CM,NSE,STK,1327,INE236A01020,HCL-INSYS,EQ,,,,,HCL INFOSYSTEMS LTD,10.94,10.94,10.5,10.57,10.52,10.42,,10.57,,,150513,1606084.74,681,F1,1,,,,,
2026-09-25,2026-09-25,CM,NSE,STK,7229,INE860A01027,HCLTECH,EQ,,,,,HCL TECHNOLOGIES LTD,1241.0,1266.5,1234.6,1258.0,1258.0,1243.6,,1258.13,,,1568243,1969934210.6,50450,F1,1,,,,,
2026-09-25,2026-09-25,CM,NSE,STK,757772,INE756I01012,HDBFS,EQ,,,,,HDB FINANCIAL SERVICES L,662.0,662.05,647.15,648.15,648.0,661.0,,648.15,,,255839,166692878.45,15013,F1,1,,,,,
2026-09-25,2026-09-25,CM,NSE,STK,4244,INE127D01025,HDFCAMC,EQ,,,,,HDFC AMC LIMITED,2390.0,2395.5,2366.5,2378.0,2378.0,2380.3,,2377.98,,,363424,863830240.2,26129,F1,1,,,,,
2026-09-25,2026-09-25,CM,NSE,STK,1333,INE040A01034,HDFCBANK,EQ,,,,,HDFC BANK LTD,723.0,739.65,723.0,735.6,735.6,728.9,,735.61,,,19853034,14565417781.3,231573,F1,1,,,,,
2026-09-25,2026-09-25,CM,NSE,STK,19543,INF179KC1981,HDFCGOLD,EQ,,,,,HDFC GOLD ETF,127.9,128.69,127.66,128.63,128.5,127.64,,128.63,,,8719548,1117147584.02,9696,F1,1,,,,,
2026-09-25,2026-09-25,CM,NSE,STK,467,INE795G01014,HDFCLIFE,EQ,,,,,HDFC LIFE INS CO LTD,526.9,535.0,516.45,531.0,531.0,526.9,,530.99,,,4285606,2263661335.2,61156,F1,1,,,,,
2026-09-25,2026-09-25,CM,NSE,STK,14230,INF179KC1EZ4,HDFCBSE500,EQ,,,,,HDFCAMC - HDFCBSE500,36.46,36.67,36.21,36.38,36.21,36.46,,36.38,,,1105274,40210770.38,288,F1,1,,,,,
2026-09-25,2026-09-25,CM,NSE,STK,11241,INF179KC1DJ0,HDFCGROWTH,EQ,,,,,HDFCAMC - HDFCGROWTH,113.0,114.99,112.56,113.41,114.99,113.14,,113.41,,,11386,1288531.96,140,F1,1,,,,,
2026-09-25,2026-09-25,CM,NSE,STK,18279,INF179KC1JG3,HDFCLIQUID,EQ,,,,,HDFCAMC - HDFCLIQUID,1079.62,1079.64,1079.62,1079.63,1079.62,1079.2,,1079.63,,,59263,63982541.27,68,F1,1,,,,,
2026-09-25,2026-09-25,CM,NSE,STK,11547,INF179KC1HU8,HDFCLOWVOL,EQ,,,,,HDFCAMC - HDFCLOWVOL,19.78,20.0,19.72,19.81,20.0,19.81,,19.81,,,10088,199344.7,89,F1,1,,,,,
2026-09-25,2026-09-25,CM,NSE,STK,14236,INF179KC1HT0,HDFCMID150,EQ,,,,,HDFCAMC - HDFCMID150,23.29,23.29,22.6,22.7,22.72,22.83,,22.7,,,699608,15913302.44,1664,F1,1,,,,,
2026-09-25,2026-09-25,CM,NSE,STK,11538,INF179KC1HV6,HDFCMOMENT,EQ,,,,,HDFCAMC - HDFCMOMENT,30.62,30.7,30.36,30.51,30.7,30.62,,30.51,,,107340,3277069.46,572,F1,1,,,,,
2026-09-25,2026-09-25,CM,NSE,STK,10619,INF179KC1HS2,HDFCNEXT50,EQ,,,,,HDFCAMC - HDFCNEXT50,73.18,73.43,72.85,73.21,73.43,73.2,,73.2,,,119653,8752273.54,1063,F1,1,,,,,
2026-09-25,2026-09-25,CM,NSE,STK,10633,INF179KC1HR4,HDFCNIF100,EQ,,,,,HDFCAMC - HDFCNIF100,25.15,25.28,25.02,25.18,25.28,25.15,,25.18,,,28496,716055.04,235,F1,1,,,,,
2026-09-25,2026-09-25,CM,NSE,STK,22433,INF179KC1HY0,HDFCNIFBAN,EQ,,,,,HDFCAMC - HDFCNIFBAN,57.59,57.59,57.08,57.29,57.33,57.22,,57.29,,,27898,1598041.44,318,F1,1,,,,,
2026-09-25,2026-09-25,CM,NSE,STK,12101,INF179KC1IA8,HDFCNIFIT,EQ,,,,,HDFCAMC - HDFCNIFIT,30.1,30.49,29.74,30.07,30.15,30.14,,30.07,,,124528,3726604.73,419,F1,1,,,,,
2026-09-25,2026-09-25,CM,NSE,STK,11591,INF179KC1965,HDFCNIFTY,EQ,,,,,HDFCAMC - HDFCNIFTY,267.57,267.57,260.05,261.22,261.57,261.05,,261.22,,,242156,63167085.95,1088,F1,1,,,,,
2026-09-25,2026-09-25,CM,NSE,STK,764336,INF179KC1KT4,HDFCNIMEG,EQ,,,,,HDFCAMC - HDFCNIMEG,131.23,131.23,130.0,130.71,130.0,130.38,,130.71,,,578,75564.0,31,F1,1,,,,,
2026-09-25,2026-09-25,CM,NSE,STK,12108,INF179KC1HZ7,HDFCPVTBAN,EQ,,,,,HDFCAMC - HDFCPVTBAN,27.4,27.6,27.26,27.45,27.6,27.43,,27.45,,,138169,3786198.37,447,F1,1,,,,,
2026-09-25,2026-09-25,CM,NSE,STK,11255,INF179KC1DL6,HDFCQUAL,EQ,,,,,HDFCAMC - HDFCQUAL,56.5,57.0,56.25,56.53,56.95,56.43,,56.53,,,6845,386765.45,81,F1,1,,,,,
2026-09-25,2026-09-25,CM,NSE,STK,11593,INF179KC1HX2,HDFCSENSEX,EQ,,,,,HDFCAMC - HDFCSENSEX,83.75,84.4,83.21,84.03,83.73,83.93,,84.03,,,48210,4039207.41,748,F1,1,,,,,
2026-09-25,2026-09-25,CM,NSE,STK,10876,INF179KC1DI2,HDFCSILVER,EQ,,,,,HDFCAMC - HDFCSILVER,216.89,219.0,215.45,218.66,219.0,215.69,,218.67,,,1940902,422106690.3,10064,F1,1,,,,,
2026-09-25,2026-09-25,CM,NSE,STK,14233,INF179KC1FB2,HDFCSML250,EQ,,,,,HDFCAMC - HDFCSML250,184.86,184.86,181.98,183.33,183.28,183.3,,183.33,,,1110435,203184929.68,14764,F1,1,,,,,
2026-09-25,2026-09-25,CM,NSE,STK,11260,INF179KC1DK8,HDFCVALUE,EQ,,,,,HDFCAMC - HDFCVALUE,120.01,122.0,120.01,121.27,122.0,120.01,,121.26,,,23323,2819246.91,205,F1,1,,,,,
2026-09-25,2026-09-25,CM,NSE,STK,22595,INF179KC1HW4,HDFCPSUBK,EQ,,,,,HDFCAMC HDFCPSUBK,83.47,83.99,83.21,83.61,83.4,83.47,,83.55,,,27288,2282196.93,159,F1,1,,,,,
2026-09-25,2026-09-25,CM,NSE,STK,19205,INE759V01019,HEADSUP,EQ,,,,,HEADS UP VENTURES LIMITED,6.85,6.93,6.6,6.65,6.85,6.85,,6.56,,,8590,58025.11,72,F1,1,,,,,
2026-09-25,2026-09-25,CM,NSE,STK,20063,INE019J01013,HEALTHX,EQ,,,,,HEALTH X PLATFORM LIMITED,287.75,296.4,285.2,288.65,288.0,290.65,,288.65,,,9343,2698570.75,107,F1,1,,,,,
2026-09-25,2026-09-25,CM,NSE,STK,15555,INE075I01017,HCG,EQ,,,,,HEALTHCARE GLOB. ENT. LTD,701.0,711.35,693.15,698.65,711.35,701.05,,698.69,,,62254,43515749.85,11862,F1,1,,,,,
2026-09-25,2026-09-25,CM,NSE,STK,7425,INE558R01013,HECPROJECT,EQ,,,,,HEC INFRA PROJECTS LTD,116.0,118.5,114.1,115.48,116.4,115.66,,115.48,,,1150,132644.5,47,F1,1,,,,,
2026-09-25,2026-09-25,CM,NSE,STK,1336,INE545A01024,HEGAM,EQ,,,,,HEG ADVANCED MATERIAL LTD,237.5,251.95,234.55,244.35,244.3,235.25,,244.33,,,3273043,802843261.15,55670,F1,1,,,,,
2026-09-25,2026-09-25,CM,NSE,STK,2316,INE578A01017,HEIDELBERG,EQ,,,,,HEIDELBERGCEMENT (I) LTD,140.2,140.2,134.49,134.97,135.0,139.49,,134.97,,,429293,58325757.23,5674,F1,1,,,,,
2026-09-25,2026-09-25,CM,NSE,STK,701,INE0AJG01018,HEMIPROP,EQ,,,,,HEMISPHERE PROP IND LTD,118.1,121.1,117.77,120.36,120.49,118.83,,120.33,,,231330,27597612.92,2745,F1,1,,,,,
2026-09-25,2026-09-25,CM,NSE,STK,2614,INE694N01015,HERANBA,EQ,,,,,HERANBA INDUSTRIES LTD,173.95,198.9,171.01,187.6,189.46,172.27,,187.61,,,3333268,642086899.17,41391,F1,1,,,,,
2026-09-25,2026-09-25,CM,NSE,STK,4598,INE978A01027,HERITGFOOD,EQ,,,,,HERITAGE FOODS LTD,414.2,418.0,405.55,407.4,406.55,414.1,,407.38,,,189918,77721135.4,7370,F1,1,,,,,
2026-09-25,2026-09-25,CM,NSE,STK,1348,INE158A01026,HEROMOTOCO,EQ,,,,,HERO MOTOCORP LIMITED,5340.0,5397.0,5304.0,5360.0,5360.0,5296.0,,5359.97,,,299598,1600871818.5,30771,F1,1,,,,,
2026-09-25,2026-09-25,CM,NSE,STK,766171,INE012G01022,HEROMOTORS,EQ,,,,,HERO MOTORS LIMITED,128.0,141.69,126.6,141.69,141.69,118.08,,141.76,,,102618013,14182662357.27,418689,F1,1,,,,,
2026-09-25,2026-09-25,CM,NSE,STK,7048,INE782E01017,HESTERBIO,EQ,,,,,HESTER BIOSCIENCES LTD,2190.2,2230.0,2156.0,2182.9,2228.0,2201.2,,2182.93,,,1571,3437240.3,418,F1,1,,,,,
2026-09-25,2026-09-25,CM,NSE,STK,27008,INE750M01017,HEXATRADEX,EQ,,,,,HEXA TRADEX LIMITED,159.9,162.5,155.26,157.35,159.97,156.98,,157.4,,,986,156085.0,47,F1,1,,,,,
2026-09-25,2026-09-25,CM,NSE,STK,750116,INE0JUI01012,HEXAGON,BE,,,,,HEXAGON NUTRITION LIMITED,64.8,65.81,64.0,65.1,64.91,64.8,,65.08,,,93536,6093700.02,470,F1,1,,,,,
2026-09-25,2026-09-25,CM,NSE,STK,29666,INE093A01041,HEXT,EQ,,,,,HEXAWARE TECHNOLOGIES LTD,496.95,499.5,492.45,496.7,498.0,499.35,,496.76,,,62991,31248970.45,6318,F1,1,,,,,
2026-09-25,2026-09-25,CM,NSE,STK,21954,INE548A01028,HFCL,BE,,,,,HFCL LIMITED,210.5,214.7,207.1,211.27,211.3,210.69,,211.28,,,3201783,676424651.11,20625,F1,1,,,,,
2026-09-25,2026-09-25,CM,NSE,STK,18794,INE0PIC01017,HIGREEN,SM,,,,,HI GREEN CARBON LIMITED,127.0,132.5,122.45,129.5,132.5,127.9,,129.5,,,35200,4435520.0,44,F1,800,,,,,
2026-09-25,2026-09-25,CM,NSE,STK,2868,INE106T01025,HITECH,EQ,,,,,HI-TECH PIPES LIMITED,74.65,74.8,73.15,73.6,73.61,74.84,,73.6,,,479980,35466693.58,4544,F1,1,,,,,
2026-09-25,2026-09-25,CM,NSE,STK,759103,INE00RL01028,HILINFRA,EQ,,,,,HIGHWAY INFRASTRUCTURE L,42.9,43.7,42.11,42.86,43.0,43.17,,42.86,,,86095,3691904.25,1009,F1,1,,,,,
2026-09-25,2026-09-25,CM,NSE,STK,9668,INE475B01022,HIKAL,EQ,,,,,HIKAL LIMITED,215.98,222.0,213.99,217.58,217.52,214.15,,217.61,,,603533,131458528.78,14080,F1,1,,,,,
2026-09-25,2026-09-25,CM,NSE,STK,14627,INE788H01017,HILTON,EQ,,,,,HILTON METAL FORGING LTD,16.6,17.48,16.6,16.85,16.96,16.99,,16.81,,,87300,1479527.33,467,F1,1,,,,,
2026-09-25,2026-09-25,CM,NSE,STK,14334,INE019C01026,HSCL,EQ,,,,,HIMADRI SPECIALITY CHEM L,676.9,684.95,674.3,678.75,679.5,674.9,,678.76,,,1351330,918603807.7,26472,F1,1,,,,,
2026-09-25,2026-09-25,CM,NSE,STK,1360,INE049A01027,HIMATSEIDE,EQ,,,,,HIMATSINGKA SEIDE LTD,69.47,71.4,67.95,68.79,69.1,69.47,,68.81,,,1332162,92486122.59,11267,F1,1,,,,,
2026-09-25,2026-09-25,CM,NSE,STK,765085,INE227B01019,HINDALUMI,EQ,,,,,HIND ALUMINIUM INDS. LTD.,93.15,95.5,92.0,92.43,94.48,93.15,,92.39,,,1210,113148.31,72,F1,1,,,,,
2026-09-25,2026-09-25,CM,NSE,STK,1363,INE038A01020,HINDALCO,EQ,,,,,HINDALCO  INDUSTRIES  LTD,979.2,983.4,971.2,977.0,977.0,982.0,,977.0,,,2469481,2413715616.3,44556,F1,1,,,,,
2026-09-25,2026-09-25,CM,NSE,STK,4920,INE642Y01029,HINDCON,EQ,,,,,HINDCON CHEMICALS LIMITED,25.4,27.63,24.68,27.6,27.63,25.12,,27.6,,,188464,5114754.44,957,F1,1,,,,,
2026-09-25,2026-09-25,CM,NSE,STK,11796,INE05X901010,HPIL,EQ,,,,,HINDPRAKASH INDUSTRY LTD,115.51,118.98,115.38,115.4,115.4,115.38,,117.2,,,21,2427.93,7,F1,1,,,,,
2026-09-25,2026-09-25,CM,NSE,STK,14712,INE170I01016,HGS,EQ,,,,,HINDUJA GLOBAL SOLS. LTD.,374.5,380.0,369.1,376.6,378.0,374.55,,376.58,,,11018,4113025.6,1372,F1,1,,,,,
2026-09-25,2026-09-25,CM,NSE,STK,764698,INE074C01013,HINDADH,EQ,,,,,HINDUSTAN ADHESIVES LTD.,384.0,391.0,375.05,386.3,389.45,389.3,,386.38,,,1621,620637.55,85,F1,1,,,,,
2026-09-25,2026-09-25,CM,NSE,STK,2303,INE066F01020,HAL,EQ,,,,,HINDUSTAN AERONAUTICS LTD,4774.2,4819.5,4760.1,4800.0,4800.0,4774.2,,4800.0,,,384467,1840940142.4,30272,F1,1,,,,,
2026-09-25,2026-09-25,CM,NSE,STK,1372,INE310C01029,HINDCOMPOS,EQ,,,,,HINDUSTAN COMPOSITES LTD.,389.4,390.0,381.0,387.35,387.9,381.8,,387.35,,,2085,810373.45,124,F1,1,,,,,
2026-09-25,2026-09-25,CM,NSE,STK,1375,INE549A01026,HCC,EQ,,,,,HINDUSTAN CONSTRUCTION CO,21.55,21.66,21.05,21.26,21.35,21.62,,21.26,,,9997995,212730893.85,20111,F1,1,,,,,
2026-09-25,2026-09-25,CM,NSE,STK,17939,INE531E01026,HINDCOPPER,EQ,,,,,HINDUSTAN COPPER LTD,496.0,498.65,489.4,494.65,495.4,495.7,,494.65,,,3649150,1801238251.65,60094,F1,1,,,,,
2026-09-25,2026-09-25,CM,NSE,STK,12173,INE254N01026,HNDFDS,EQ,,,,,HINDUSTAN FOODS LIMITED,618.25,620.6,608.05,612.35,611.1,618.25,,612.35,,,24358,14938092.65,2126,F1,1,,,,,
2026-09-25,2026-09-25,CM,NSE,STK,19215,INE871K01015,HMVL,BE,,,,,HINDUSTAN MEDIA VENT LTD,75.0,75.5,71.35,72.24,71.35,75.1,,72.25,,,136819,9912345.47,573,F1,1,,,,,
2026-09-25,2026-09-25,CM,NSE,STK,1403,INE345A01011,HINDOILEXP,EQ,,,,,HINDUSTAN OIL EXPLORATION,173.4,175.69,171.01,173.38,173.09,172.81,,173.38,,,330435,57251574.5,5541,F1,1,,,,,
2026-09-25,2026-09-25,CM,NSE,STK,1406,INE094A01015,HINDPETRO,EQ,,,,,HINDUSTAN PETROLEUM CORP,352.55,353.8,348.65,351.0,351.0,350.4,,351.0,,,4957719,1740818269.85,37560,F1,1,,,,,
2026-09-25,2026-09-25,CM,NSE,STK,1394,INE030A01027,HINDUNILVR,EQ,,,,,HINDUSTAN UNILEVER LTD.,1933.5,1942.9,1915.0,1942.9,1942.9,1933.5,,1942.88,,,732074,1412539495.7,40117,F1,1,,,,,
2026-09-25,2026-09-25,CM,NSE,STK,1424,INE267A01025,HINDZINC,EQ,,,,,HINDUSTAN ZINC LIMITED,591.1,596.4,587.65,588.95,588.95,587.15,,588.94,,,3349241,1978320210.35,39252,F1,1,,,,,
2026-09-25,2026-09-25,CM,NSE,STK,15883,INE05AN01011,HINDWAREAP,EQ,,,,,HINDWARE HME INOVATON LTD,170.52,177.8,167.0,173.68,176.5,170.31,,173.7,,,111443,19099903.32,2582,F1,1,,,,,
2026-09-25,2026-09-25,CM,NSE,STK,13890,INE835D01023,HIRECT,EQ,,,,,HIRECT LIMITED,1205.6,1229.8,1205.6,1212.9,1212.0,1219.0,,1213.48,,,24429,29694165.2,2937,F1,1,,,,,
2026-09-25,2026-09-25,CM,NSE,STK,19322,INE598C01011,HISARMETAL,EQ,,,,,HISAR METAL IND. LIMITED,152.0,155.98,151.5,152.88,152.25,152.75,,152.88,,,414,63416.18,35,F1,1,,,,,
2026-09-25,2026-09-25,CM,NSE,STK,18457,INE07Y701011,POWERINDIA,EQ,,,,,HITACHI ENERGY INDIA LTD,30995.0,31560.0,30825.0,31035.0,31035.0,30715.0,,31035.34,,,130207,4056390555.0,30991,F1,1,,,,,
2026-09-25,2026-09-25,CM,NSE,STK,15165,INE120D01012,HITECHCORP,BE,,,,,HITECH CORPORATION LTD,334.0,334.0,330.15,330.15,330.15,331.55,,328.45,,,363,120315.25,13,F1,1,,,,,
2026-09-25,2026-09-25,CM,NSE,STK,2289,INE461D01028,HLEGLAS,EQ,,,,,HLE GLASCOAT LIMITED,430.1,447.15,416.3,441.1,434.0,428.75,,441.12,,,257150,111361115.35,9535,F1,1,,,,,
2026-09-25,2026-09-25,CM,NSE,STK,1448,INE102A01024,HLVLTD,EQ,,,,,HLV LIMITED,6.5,6.69,6.45,6.53,6.56,6.5,,6.54,,,86809,566275.13,410,F1,1,,,,,
2026-09-25,2026-09-25,CM,NSE,STK,17053,INE0ECP01024,HMAAGRO,EQ,,,,,HMA AGRO INDUSTRIES LTD,23.22,24.15,22.64,23.98,24.0,23.22,,23.98,,,1255633,29463518.31,4230,F1,1,,,,,
2026-09-25,2026-09-25,CM,NSE,STK,19698,INE262A01018,HMT,BZ,,,,,HMT LTD -,61.72,62.5,61.15,61.31,61.3,61.72,,61.31,,,4216,261135.54,55,F1,1,,,,,
2026-09-25,2026-09-25,CM,NSE,STK,23826,INE0S6S01017,HOACFOODS,ST,,,,,HOAC FOODS INDIA LIMITED,858.6,858.6,858.0,858.6,858.6,841.8,,858.6,,,3000,2575350.0,6,F1,375,,,,,
2026-09-25,2026-09-25,CM,NSE,STK,18649,INE0LXA01019,HOLMARC,SM,,,,,HOLMARC OPTO MECHATRO L,120.0,122.4,120.0,122.4,122.4,116.6,,122.4,,,3750,455850.0,5,F1,750,,,,,
2026-09-25,2026-09-25,CM,NSE,STK,2056,INE481N01025,HOMEFIRST,EQ,,,,,HOME FIRST FIN CO IND LTD,1133.5,1133.5,1097.3,1123.1,1113.5,1157.5,,1123.07,,,640771,717085098.6,44056,F1,1,,,,,
2026-09-25,2026-09-25,CM,NSE,STK,19813,INE0J5401028,HONASA,EQ,,,,,HONASA CONSUMER LIMITED,474.95,478.75,462.1,465.5,466.0,472.95,,465.5,,,437409,204883669.75,15331,F1,1,,,,,
2026-09-25,2026-09-25,CM,NSE,STK,3138,INE634A01018,HONDAPOWER,EQ,,,,,HONDA I POWER PRODUCT LTD,1921.3,1935.0,1887.1,1915.2,1903.2,1905.6,,1915.14,,,1948,3705205.1,442,F1,1,,,,,
2026-09-25,2026-09-25,CM,NSE,STK,3417,INE671A01010,HONAUT,EQ,,,,,HONEYWELL AUTOMATION IND,33625.0,33990.0,33315.0,33865.0,33830.0,33625.0,,33866.37,,,1266,42673975.0,927,F1,1,,,,,
2026-09-25,2026-09-25,CM,NSE,STK,765356,INE685T01010,HORIZONIND,EQ,,,,,HORIZON INDUSTRIAL PRKS L,51.81,51.81,50.0,50.52,50.45,51.81,,50.52,,,5295503,266955787.35,19472,F1,1,,,,,
2026-09-25,2026-09-25,CM,NSE,STK,17920,INE191I01012,HDIL,BZ,,,,,HOUSING DEV & INFRA LTD,1.45,1.48,1.45,1.45,1.47,1.47,,1.45,,,133080,194707.5,173,F1,1,,,,,
2026-09-25,2026-09-25,CM,NSE,STK,7376,INE0GSL01024,HPAL,EQ,,,,,HP ADHESIVES LIMITED,35.05,36.0,34.56,34.96,35.45,35.6,,34.96,,,41928,1466492.61,462,F1,1,,,,,
2026-09-25,2026-09-25,CM,NSE,STK,29875,INE0VA601019,HPTL,SM,,,,,HP TELECOM INDIA LIMITED,456.25,468.0,433.45,454.0,454.0,456.25,,454.0,,,40800,18092730.0,46,F1,600,,,,,
2026-09-25,2026-09-25,CM,NSE,STK,18679,INE495S01016,HPL,EQ,,,,,HPL ELECTRIC & POWER LTD,274.35,279.8,271.4,278.15,279.7,274.35,,278.19,,,94501,26011836.95,3619,F1,1,,,,,
2026-09-25,2026-09-25,CM,NSE,STK,21107,INE0R3501012,HRHNEXT,SM,,,,,HRH NEXT SERVICES LIMITED,23.95,24.35,23.95,24.3,24.3,23.2,,24.3,,,19500,473775.0,13,F1,1500,,,,,
2026-09-25,2026-09-25,CM,NSE,STK,761506,INF336L01RX2,HSBCGOLD,EQ,,,,,HSBCAMC - HSBCGOLD,133.75,133.75,129.75,130.64,130.24,130.3,,130.64,,,2156,281286.14,57,F1,1,,,,,
2026-09-25,2026-09-25,CM,NSE,STK,20825,INE031A01017,HUDCO,EQ,,,,,HSG & URBAN DEV CORPN LTD,174.61,175.3,173.24,173.99,173.65,174.32,,174.0,,,836257,145687936.37,17086,F1,1,,,,,
2026-09-25,2026-09-25,CM,NSE,STK,11979,INE501G01024,HTMEDIA,EQ,,,,,HT MEDIA LIMITED,24.12,24.59,23.99,24.06,24.05,24.36,,24.06,,,92225,2226818.05,648,F1,1,,,,,
2026-09-25,2026-09-25,CM,NSE,STK,14203,INE703H01016,HUBTOWN,EQ,,,,,HUBTOWN LIMITED,173.2,173.88,170.55,171.67,171.0,173.38,,171.77,,,150592,25853403.03,2417,F1,1,,,,,
2026-09-25,2026-09-25,CM,NSE,STK,2562,INE275B01026,HUHTAMAKI,EQ,,,,,HUHTAMAKI INDIA LIMITED,242.3,246.2,239.8,243.25,243.5,242.45,,243.25,,,67613,16389508.7,3348,F1,1,,,,,
2026-09-25,2026-09-25,CM,NSE,STK,25708,INE0TO501019,HVAX,SM,,,,,HVAX TECHNOLOGIES LIMITED,685.0,710.0,652.0,676.7,652.05,683.9,,676.7,,,3150,2163675.0,20,F1,150,,,,,
2026-09-25,2026-09-25,CM,NSE,STK,765467,INE0LEG01024,HTEL,EQ,,,,,HY-TECH ENGINEERS LIMITED,69.05,70.27,66.6,67.03,67.13,69.37,,67.02,,,1308035,88661883.46,12590,F1,1,,,,,
2026-09-25,2026-09-25,CM,NSE,STK,12814,INE965B01022,HYBRIDFIN,BE,,,,,HYBRID FINANCIAL SERVICE,17.07,17.14,16.42,16.7,16.98,17.07,,17.07,,,1739,28656.89,21,F1,1,,,,,
2026-09-25,2026-09-25,CM,NSE,STK,25844,INE0V6F01027,HYUNDAI,EQ,,,,,HYUNDAI MOTOR INDIA LTD,2060.1,2135.0,2052.5,2115.0,2115.0,2060.6,,2114.97,,,1546794,3269014795.6,65236,F1,1,,,,,
2026-09-25,2026-09-25,CM,NSE,STK,14086,INE204A01010,IGPL,EQ,,,,,I G PETROCHEMICALS LTD,589.0,596.0,583.0,593.15,590.05,586.4,,593.17,,,62045,36750274.05,3086,F1,1,,,,,
2026-09-25,2026-09-25,CM,NSE,STK,764718,INE684B01029,ISTLTD,EQ,,,,,I S T LTD.,664.0,671.0,660.0,660.0,660.0,657.95,,659.94,,,268,177827.5,29,F1,1,,,,,
2026-09-25,2026-09-25,CM,NSE,STK,21348,INE0O7401018,IBLFL,SM,,,,,IBL FINANCE LIMITED,62.0,62.0,62.0,62.0,62.0,62.0,,62.0,,,4000,248000.0,1,F1,2000,,,,,
2026-09-25,2026-09-25,CM,NSE,STK,764064,INE0XE501015,ICELCO,SM,,,,,IC ELECTRICALS COMPANY L,132.0,133.0,131.05,132.65,133.0,129.35,,132.65,,,30000,3971160.0,19,F1,1200,,,,,
2026-09-25,2026-09-25,CM,NSE,STK,9610,INE613B01010,ICDSLTD,BE,,,,,ICDSLTD,57.83,57.83,56.06,56.99,56.99,59.01,,56.99,,,478,26990.17,15,F1,1,,,,,
2026-09-25,2026-09-25,CM,NSE,STK,489,INE520Y01019,ICEMAKE,EQ,,,,,ICE MAKE REFRIGERAT LTD,666.9,670.0,647.5,663.8,662.0,677.2,,663.8,,,64841,42837501.6,3369,F1,1,,,,,
2026-09-25,2026-09-25,CM,NSE,STK,4963,INE090A01021,ICICIBANK,EQ,,,,,ICICI BANK LTD.,1332.9,1340.8,1312.0,1326.8,1326.8,1334.5,,1326.8,,,10841310,14381450883.8,163043,F1,1,,,,,
2026-09-25,2026-09-25,CM,NSE,STK,21770,INE765G01017,ICICIGI,EQ,,,,,ICICI LOMBARD GIC LIMITED,1577.0,1586.1,1550.0,1553.7,1553.7,1577.0,,1553.7,,,850179,1330947906.9,42097,F1,1,,,,,
2026-09-25,2026-09-25,CM,NSE,STK,21254,INF109KC19U5,LOWVOLIETF,EQ,,,,,ICICI PR NIF LW VL 30 ETF,21.3,21.3,21.14,21.18,21.21,21.2,,21.18,,,568565,12044087.68,16210,F1,1,,,,,
2026-09-25,2026-09-25,CM,NSE,STK,18652,INE726G01019,ICICIPRULI,EQ,,,,,ICICI PRU LIFE INS CO LTD,464.55,469.0,458.15,463.0,463.0,464.5,,462.93,,,1121971,519215916.0,33811,F1,1,,,,,
2026-09-25,2026-09-25,CM,NSE,STK,17702,INF109KC10W0,MIDSELIETF,EQ,,,,,ICICI PRUD MIDCAP SEL ETF,19.21,19.24,19.0,19.03,19.14,19.19,,19.03,,,415830,7951385.16,937,F1,1,,,,,
2026-09-25,2026-09-25,CM,NSE,STK,30392,INF109KC16V9,NIF100IETF,EQ,,,,,ICICI PRUD NIFTY 100 ETF,27.02,27.18,27.0,27.16,27.16,27.15,,27.16,,,65601,1779693.63,1157,F1,1,,,,,
2026-09-25,2026-09-25,CM,NSE,STK,29553,INF109K012R6,NIFTYIETF,EQ,,,,,ICICI PRUD NIFTY ETF,264.0,264.0,261.55,262.67,262.87,262.34,,262.68,,,556853,146051309.07,10450,F1,1,,,,,
2026-09-25,2026-09-25,CM,NSE,STK,4378,INF346A01034,SENSEXIETF,EQ,,,,,ICICI PRUD SENSEX ETF,851.01,862.8,847.1,851.76,852.0,850.2,,851.81,,,12820,10897815.88,483,F1,1,,,,,
2026-09-25,2026-09-25,CM,NSE,STK,760407,INE346A01027,ICICIAMC,EQ,,,,,ICICI PRUDENTIAL AMC LTD,3165.0,3197.0,3153.9,3184.6,3192.0,3169.2,,3184.54,,,186676,593191404.6,16753,F1,1,,,,,
2026-09-25,2026-09-25,CM,NSE,STK,19679,INF109KC1NT3,GOLDIETF,EQ,,,,,ICICI PRUDENTIAL GOLD ETF,128.59,129.15,128.06,129.03,128.96,127.88,,129.03,,,5378475,691818044.29,23284,F1,1,,,,,
2026-09-25,2026-09-25,CM,NSE,STK,17475,INF109KC11V0,NV20IETF,EQ,,,,,ICICI PRUDENTIAL NV20 ETF,13.09,13.25,13.0,13.11,13.24,13.09,,13.11,,,538367,7039545.51,1740,F1,1,,,,,
2026-09-25,2026-09-25,CM,NSE,STK,522,INF109KB15Y7,ICICIB22,EQ,,,,,ICICIPRAMC - BHARATIWIN,112.93,112.93,111.94,112.4,112.12,112.03,,112.4,,,219666,24642303.16,2138,F1,1,,,,,
2026-09-25,2026-09-25,CM,NSE,STK,30139,INF109K1A021,CASHIETF,EQ,,,,,ICICIPRAMC - CASHIETF,1081.27,1081.29,1081.27,1081.27,1081.27,1080.84,,1081.27,,,405110,438038277.18,126,F1,1,,,,,
2026-09-25,2026-09-25,CM,NSE,STK,755881,INF109K1A153,EVIETF,EQ,,,,,ICICIPRAMC - EVIETF,31.42,31.71,31.25,31.52,31.52,31.42,,31.52,,,74778,2346742.56,717,F1,1,,,,,
2026-09-25,2026-09-25,CM,NSE,STK,13143,INF109KC18O0,GSEC10IETF,EQ,,,,,ICICIPRAMC - ICICI10GS,261.0,263.28,261.0,262.05,262.05,264.69,,262.05,,,5,1311.66,4,F1,1,,,,,
2026-09-25,2026-09-25,CM,NSE,STK,3001,INF109KC1V59,BSE500IETF,EQ,,,,,ICICIPRAMC - ICICI500,38.28,38.37,38.08,38.32,38.37,38.29,,38.32,,,86250,3294141.56,992,F1,1,,,,,
2026-09-25,2026-09-25,CM,NSE,STK,8342,INF109KC14A8,GSEC5IETF,EQ,,,,,ICICIPRAMC - ICICI5GSEC,66.15,66.28,65.8,65.85,66.25,65.69,,65.85,,,17513,1157182.9,27,F1,1,,,,,
2026-09-25,2026-09-25,CM,NSE,STK,22344,INF109KC17V7,ALPL30IETF,EQ,,,,,ICICIPRAMC - ICICIALPLV,26.81,27.45,26.78,26.85,26.8,26.8,,26.85,,,451327,12110077.61,753,F1,1,,,,,
2026-09-25,2026-09-25,CM,NSE,STK,7844,INF109KC10V2,AUTOIETF,EQ,,,,,ICICIPRAMC - ICICIAUTO,27.72,28.1,27.7,27.93,28.01,27.7,,27.92,,,429047,11934764.4,1602,F1,1,,,,,
2026-09-25,2026-09-25,CM,NSE,STK,11386,INF109KC18U7,PVTBANIETF,EQ,,,,,ICICIPRAMC - ICICIBANKP,27.02,27.39,27.02,27.24,27.39,27.25,,27.24,,,984660,26781161.34,1893,F1,1,,,,,
2026-09-25,2026-09-25,CM,NSE,STK,13198,INF109KC19O8,COMMOIETF,EQ,,,,,ICICIPRAMC - ICICICOMMO,96.98,97.43,96.6,96.96,97.0,96.98,,96.96,,,20435,1980971.71,425,F1,1,,,,,
2026-09-25,2026-09-25,CM,NSE,STK,6446,INF109KC1V42,CONSUMIETF,EQ,,,,,ICICIPRAMC - ICICICONSU,118.26,121.0,117.66,118.3,118.65,118.21,,118.3,,,9386,1107350.49,160,F1,1,,,,,
2026-09-25,2026-09-25,CM,NSE,STK,5306,INF109KC19V3,FMCGIETF,EQ,,,,,ICICIPRAMC - ICICIFMCG,49.25,49.75,49.03,49.48,49.52,49.2,,49.49,,,720342,35448605.02,2843,F1,1,,,,,
2026-09-25,2026-09-25,CM,NSE,STK,10723,INF109KC16E5,INFRAIETF,EQ,,,,,ICICIPRAMC - ICICIINFRA,92.28,92.91,91.75,92.43,92.91,92.08,,92.43,,,39834,3670274.93,1154,F1,1,,,,,
2026-09-25,2026-09-25,CM,NSE,STK,4838,INF109KC1KT9,LIQUIDIETF,EQ,,,,,ICICIPRAMC - ICICILIQ,999.99,1000.01,999.99,999.99,1000.0,999.99,,999.99,,,912286,912286017.89,213,F1,1,,,,,
2026-09-25,2026-09-25,CM,NSE,STK,17152,INF109KC11W8,MIDCAPIETF,EQ,,,,,ICICIPRAMC - ICICIM150,23.23,23.57,23.16,23.31,23.28,23.35,,23.31,,,798870,18580184.86,2340,F1,1,,,,,
2026-09-25,2026-09-25,CM,NSE,STK,10585,INF109KC17C7,MOM30IETF,EQ,,,,,ICICIPRAMC - ICICIMOM30,30.95,30.97,30.6,30.66,30.61,30.8,,30.66,,,286765,8810550.47,1695,F1,1,,,,,
2026-09-25,2026-09-25,CM,NSE,STK,4529,INF109KC1NS5,NEXT50IETF,EQ,,,,,ICICIPRAMC - ICICINXT50,75.58,76.1,75.24,75.81,76.1,75.59,,75.81,,,1360948,102957660.45,6935,F1,1,,,,,
2026-09-25,2026-09-25,CM,NSE,STK,3626,INF109KC1Q72,HEALTHIETF,EQ,,,,,ICICIPRAMC - ICICIPHARM,172.5,173.4,170.51,172.01,172.56,172.12,,171.99,,,80158,13743227.21,1246,F1,1,,,,,
2026-09-25,2026-09-25,CM,NSE,STK,17808,INF109KC18V5,QUAL30IETF,EQ,,,,,ICICIPRAMC - ICICIQTY30,20.17,20.41,20.1,20.2,20.41,20.17,,20.28,,,40140,809789.53,220,F1,1,,,,,
2026-09-25,2026-09-25,CM,NSE,STK,7942,INF109KC1Y56,SILVERIETF,EQ,,,,,ICICIPRAMC - ICICISILVE,226.1,228.52,225.04,228.35,228.39,225.62,,228.35,,,1950556,442284759.35,13988,F1,1,,,,,
2026-09-25,2026-09-25,CM,NSE,STK,22365,INF109KC16I6,ITIETF,EQ,,,,,ICICIPRAMC - ICICITECH,31.31,31.58,30.94,31.35,31.49,31.37,,31.34,,,952377,29688656.17,1996,F1,1,,,,,
2026-09-25,2026-09-25,CM,NSE,STK,764364,INF109K1A567,INSUREIETF,EQ,,,,,ICICIPRAMC - INSUREIETF,15.0,15.26,14.75,14.92,15.04,14.89,,14.92,,,1186700,17702131.38,339,F1,1,,,,,
2026-09-25,2026-09-25,CM,NSE,STK,11037,INF109KC15I8,BANKIETF,EQ,,,,,ICICIPRAMC - IPRU5008,57.02,57.32,56.96,57.11,57.08,57.06,,57.11,,,107454,6140457.83,1160,F1,1,,,,,
2026-09-25,2026-09-25,CM,NSE,STK,24861,INF109KC19W1,METALIETF,EQ,,,,,ICICIPRAMC - METALIETF,13.26,13.26,12.89,13.18,13.2,13.11,,13.18,,,2698251,35526290.35,7092,F1,1,,,,,
2026-09-25,2026-09-25,CM,NSE,STK,24533,INF109KC18W3,OILIETF,EQ,,,,,ICICIPRAMC - OILIETF,11.29,11.29,10.98,11.01,11.08,11.02,,11.01,,,645500,7110330.57,2144,F1,1,,,,,
2026-09-25,2026-09-25,CM,NSE,STK,14584,INF109KC10S8,PSUBNKIETF,EQ,,,,,ICICIPRAMC - PSUBANKICI,84.25,84.42,83.58,83.85,83.58,83.77,,83.86,,,34414,2888139.39,555,F1,1,,,,,
2026-09-25,2026-09-25,CM,NSE,STK,754612,INF109K1A476,SMALLIETF,EQ,,,,,ICICIPRAMC - SMALLIETF,18.38,18.54,18.07,18.26,18.54,18.2,,18.26,,,22272,405706.25,115,F1,1,,,,,
2026-09-25,2026-09-25,CM,NSE,STK,757781,INF109K1A344,TOP15IETF,EQ,,,,,ICICIPRAMC - TOP15IETF,9.34,9.51,9.3,9.35,9.36,9.34,,9.35,,,693086,6462742.31,281,F1,1,,,,,
2026-09-25,2026-09-25,CM,NSE,STK,25851,INF109KC16X5,VAL30IETF,EQ,,,,,ICICIPRAMC - VAL30IETF,14.87,14.92,14.8,14.85,14.92,14.87,,14.85,,,137283,2036496.86,421,F1,1,,,,,
2026-09-25,2026-09-25,CM,NSE,STK,12578,INF109KC17L8,FINIETF,EQ,,,,,ICICIPRAMC-ICICIFIN,32.03,32.03,30.9,31.1,31.33,31.25,,31.1,,,382407,11864201.0,1810,F1,1,,,,,
2026-09-25,2026-09-25,CM,NSE,STK,14523,INE725G01011,ICRA,EQ,,,,,ICRA LIMITED,4442.7,4476.6,4365.0,4377.9,4395.0,4442.7,,4377.96,,,24469,107384877.6,5973,F1,1,,,,,
2026-09-25,2026-09-25,CM,NSE,STK,1476,INE008A01015,IDBI,EQ,,,,,IDBI BANK LIMITED,82.6,85.3,82.6,84.4,84.6,82.6,,84.4,,,18328262,1542003813.15,58701,F1,1,,,,,
2026-09-25,2026-09-25,CM,NSE,STK,17140,INE349Y01013,IDEAFORGE,EQ,,,,,IDEAFORGE TECHNO LTD,725.0,747.0,722.0,729.85,725.4,726.35,,729.88,,,135969,99699490.75,8113,F1,1,,,,,
2026-09-25,2026-09-25,CM,NSE,STK,24950,INE0T9I01011,IDEALTECHO,SM,,,,,IDEAL TECHNOPLAST IND LTD,91.7,91.7,91.7,91.7,91.7,92.0,,91.7,,,1000,91700.0,1,F1,1000,,,,,
2026-09-25,2026-09-25,CM,NSE,STK,28574,INE0TD101011,IDENTICAL,SM,,,,,IDENTICAL BRAINS STUDIO L,17.15,17.9,17.05,17.9,17.9,17.15,,17.9,,,6000,104200.0,3,F1,2000,,,,,
2026-09-25,2026-09-25,CM,NSE,STK,11184,INE092T01019,IDFCFIRSTB,EQ,,,,,IDFC FIRST BANK LIMITED,83.48,84.25,83.27,83.8,83.8,83.76,,83.8,,,20425204,1709671535.52,61886,F1,1,,,,,
2026-09-25,2026-09-25,CM,NSE,STK,1482,INE076C01018,IFBAGRO,EQ,,,,,IFB AGRO INDUSTRIES LTD,857.95,865.8,853.6,858.6,860.0,857.7,,858.54,,,1248,1073695.35,169,F1,1,,,,,
2026-09-25,2026-09-25,CM,NSE,STK,1485,INE559A01017,IFBIND,EQ,,,,,IFB INDUSTRIES LTD,1231.1,1237.6,1212.1,1225.2,1228.0,1222.3,,1225.17,,,13377,16358852.6,1649,F1,1,,,,,
2026-09-25,2026-09-25,CM,NSE,STK,1491,INE039A01010,IFCI,EQ,,,,,IFCI LTD,75.02,75.62,73.2,73.95,73.85,75.19,,73.95,,,36139840,2675649049.97,87921,F1,1,,,,,
2026-09-25,2026-09-25,CM,NSE,STK,436,INE133Y01011,IFGLEXPOR,EQ,,,,,IFGL REFRACTORIES LIMITED,195.4,199.4,191.47,197.45,199.0,194.27,,197.25,,,18417,3599814.04,716,F1,1,,,,,
2026-09-25,2026-09-25,CM,NSE,STK,759897,INE01XO07017,1225IFL27,N0,,,,,IFL 12.25% 2027,6099.0,6252.0,6099.0,6252.0,6252.0,6162.0,,6252.0,,,14,86107.2,5,F1,1,,,,,
2026-09-25,2026-09-25,CM,NSE,STK,634,INE188B01013,IGARASHI,EQ,,,,,IGARASHI MOTORS INDIA LTD,418.8,438.95,418.5,422.8,421.1,418.35,,422.79,,,55573,23685866.2,2868,F1,1,,,,,
2026-09-25,2026-09-25,CM,NSE,STK,761116,INE530B07658,837IIFL28,Y4,,,,,IIFL 8.37% TR I SR I,981.2,981.2,981.2,981.2,981.2,981.2,,988.8,,,100,98120.0,1,F1,1,,,,,
2026-09-25,2026-09-25,CM,NSE,STK,761118,INE530B07633,865IIFL31,Y6,,,,,IIFL 8.65% TR I SR III,985.0,985.0,985.0,985.0,985.0,985.0,,985.0,,,10,9850.0,1,F1,1,,,,,
2026-09-25,2026-09-25,CM,NSE,STK,756141,INE530B07534,930IIFL27,NX,,,,,IIFL 9:30% TR I SR III,1022.5,1022.5,1022.5,1022.5,1022.5,1022.0,,1022.5,,,2,2045.0,2,F1,1,,,,,
2026-09-25,2026-09-25,CM,NSE,STK,13072,INE489L01022,IIFLCAPS,EQ,,,,,IIFL CAPITAL SERVICES LTD,348.0,348.55,346.0,346.7,347.2,347.7,,346.7,,,263461,91434045.1,9526,F1,1,,,,,
2026-09-25,2026-09-25,CM,NSE,STK,11809,INE530B01024,IIFL,EQ,,,,,IIFL FINANCE LIMITED,616.5,621.85,611.1,616.95,614.95,617.55,,616.88,,,843724,520218728.75,35034,F1,1,,,,,
2026-09-25,2026-09-25,CM,NSE,STK,761124,INE530B07641,IIFL06326,YC,,,,,IIFL TR I SR IX,1002.0,1004.99,1002.0,1003.51,1004.99,1004.99,,1003.51,,,200,200699.0,3,F1,1,,,,,
2026-09-25,2026-09-25,CM,NSE,STK,16822,INE0LOJ01019,IKIO,EQ,,,,,IKIO TECHNOLOGIES LIMITED,205.03,206.5,201.4,205.43,206.0,205.03,,205.44,,,149515,30386600.25,2951,F1,1,,,,,
2026-09-25,2026-09-25,CM,NSE,STK,9380,INE369I01014,IL&FSENGG,BZ,,,,,IL&FS ENG AND CONS CO LTD,41.5,42.5,40.0,40.0,40.0,41.52,,40.0,,,40403,1673275.77,61,F1,1,,,,,
2026-09-25,2026-09-25,CM,NSE,STK,6711,INE050B01023,IVC,EQ,,,,,IL&FS INVESTMENT MANAGERS,7.65,7.88,7.62,7.8,7.83,7.7,,7.8,,,157173,1224825.9,809,F1,1,,,,,
2026-09-25,2026-09-25,CM,NSE,STK,9381,INE975G01012,IL&FSTRANS,BZ,,,,,IL&FS TRANS NET LTD,1.89,1.93,1.84,1.91,1.93,1.87,,1.91,,,38764,73979.31,80,F1,1,,,,,
2026-09-25,2026-09-25,CM,NSE,STK,7672,INE172N01012,IMAGICAA,EQ,,,,,IMAGICAAWORLD ENT LTD,51.69,52.99,50.77,52.29,52.4,51.48,,52.29,,,859001,44909130.78,5275,F1,1,,,,,
2026-09-25,2026-09-25,CM,NSE,STK,25881,INE691G01015,IMPEXFERRO,BZ,,,,,IMPEX FERRO TECH LIMITED,6.14,6.14,5.9,6.14,6.14,6.02,,6.14,,,122513,752066.2,137,F1,1,,,,,
2026-09-25,2026-09-25,CM,NSE,STK,17507,INE452L01012,INCREDIBLE,EQ,,,,,INCREDIBLE INDUSTRIES LTD,32.88,33.65,32.1,32.74,33.6,32.38,,32.79,,,7776,255853.48,86,F1,1,,,,,
2026-09-25,2026-09-25,CM,NSE,STK,12009,INE547E01014,IMPAL,EQ,,,,,IND MOTOR PART & ACC LTD,1065.0,1078.0,1052.2,1064.2,1065.7,1056.0,,1064.02,,,1471,1564711.2,206,F1,1,,,,,
2026-09-25,2026-09-25,CM,NSE,STK,4870,INE915B01019,INDSWFTLAB,EQ,,,,,IND SWIFT LABORATORIES LT,398.0,410.0,395.0,404.35,404.05,401.25,,404.35,,,441614,178851915.65,10179,F1,1,,,,,
2026-09-25,2026-09-25,CM,NSE,STK,21957,INE611L01021,INDTERRAIN,EQ,,,,,IND TERRAIN FASHIONS LTD,29.88,29.97,29.03,29.93,29.93,29.89,,29.94,,,3166,94092.58,63,F1,1,,,,,
2026-09-25,2026-09-25,CM,NSE,STK,16933,INE841B01017,INDBANK,EQ,,,,,INDBANK MERCH BANK,26.03,26.75,25.8,26.15,25.98,26.23,,26.11,,,14918,388243.36,358,F1,1,,,,,
2026-09-25,2026-09-25,CM,NSE,STK,29678,INE0O9T01021,BAJAJINDEF,EQ,,,,,INDEF MANUFACTURING LTD,218.46,219.99,216.97,218.09,217.0,218.37,,218.17,,,10132,2208739.87,320,F1,1,,,,,
2026-09-25,2026-09-25,CM,NSE,STK,23693,INE065X01017,INDGN,EQ,,,,,INDEGENE LIMITED,597.95,621.95,597.35,608.95,608.95,594.1,,608.98,,,2095862,1283922250.95,77108,F1,1,,,,,
2026-09-25,2026-09-25,CM,NSE,STK,1521,INE560A01023,INDIAGLYCO,EQ,,,,,INDIA GLYCOLS LTD,314.4,322.8,297.3,309.9,308.0,306.0,,309.95,,,2054007,636315162.8,47832,F1,1,,,,,
2026-09-25,2026-09-25,CM,NSE,STK,4747,INE092B01025,INDNIPPON,EQ,,,,,INDIA NIPPON ELECT  LTD,1315.9,1330.0,1270.0,1318.2,1316.0,1315.9,,1318.1,,,88704,115427601.9,9670,F1,1,,,,,
2026-09-25,2026-09-25,CM,NSE,STK,4934,INE0D6701023,IPL,EQ,,,,,INDIA PESTICIDES LIMITED,132.0,134.49,131.0,133.92,133.96,132.09,,133.91,,,278960,36992620.46,3087,F1,1,,,,,
2026-09-25,2026-09-25,CM,NSE,STK,20556,INE922K01024,INDIASHLTR,EQ,,,,,INDIA SHELTER FIN CORP L,656.85,659.95,645.0,654.3,653.0,653.05,,654.32,,,51372,33429063.15,4127,F1,1,,,,,
2026-09-25,2026-09-25,CM,NSE,STK,19299,INE353K01014,ITDC,EQ,,,,,INDIA TOUR. DEV. CO. LTD.,685.75,688.45,672.0,679.7,681.0,685.75,,679.68,,,76097,51628407.55,6512,F1,1,,,,,
2026-09-25,2026-09-25,CM,NSE,STK,24999,INE126M01010,IBULLSLTD,EQ,,,,,INDIABULLS LIMITED,28.48,29.83,28.41,29.83,29.83,28.41,,29.87,,,14185546,420585322.55,11914,F1,1,,,,,
2026-09-25,2026-09-25,CM,NSE,STK,10726,INE933S01016,INDIAMART,EQ,,,,,INDIAMART INTERMESH LTD,1637.8,1645.0,1625.9,1642.1,1636.0,1635.9,,1642.12,,,31410,51336024.8,6857,F1,1,,,,,
2026-09-25,2026-09-25,CM,NSE,STK,14309,INE562A01011,INDIANB,EQ,,,,,INDIAN BANK,829.85,835.8,825.3,832.0,832.0,830.0,,832.0,,,1035590,860465661.15,25765,F1,1,,,,,
2026-09-25,2026-09-25,CM,NSE,STK,4422,INE061A01014,INDIANCARD,EQ,,,,,INDIAN CARD CLOTHING CO.,207.01,213.98,197.0,200.59,198.27,209.21,,200.63,,,10799,2182769.09,214,F1,1,,,,,
2026-09-25,2026-09-25,CM,NSE,STK,23792,INE0RRU01016,IEML,ST,,,,,INDIAN EMULSIFIERS LTD,51.05,51.05,50.0,51.05,51.0,48.65,,51.05,,,219500,11121525.0,199,F1,500,,,,,
2026-09-25,2026-09-25,CM,NSE,STK,220,INE022Q01020,IEX,EQ,,,,,INDIAN ENERGY EXC LTD,111.38,112.9,110.89,112.7,112.7,111.2,,112.71,,,2079348,233107966.11,19439,F1,1,,,,,
2026-09-25,2026-09-25,CM,NSE,STK,1530,INE323C01030,INDIANHUME,EQ,,,,,INDIAN HUME PIPE CO. LTD.,363.4,364.35,355.85,357.45,357.75,361.5,,357.62,,,52732,18953735.95,1383,F1,1,,,,,
2026-09-25,2026-09-25,CM,NSE,STK,19235,INE919H01018,IMFA,EQ,,,,,INDIAN METALS & FERRO,1240.0,1243.3,1221.5,1230.4,1233.1,1241.0,,1230.32,,,59887,73634400.4,7879,F1,1,,,,,
2026-09-25,2026-09-25,CM,NSE,STK,1624,INE242A01010,IOC,EQ,,,,,INDIAN OIL CORP LTD,136.5,137.06,135.33,135.7,135.7,136.27,,135.7,,,7769991,1056934314.53,42339,F1,1,,,,,
2026-09-25,2026-09-25,CM,NSE,STK,9348,INE565A01014,IOB,EQ,,,,,INDIAN OVERSEAS BANK,31.92,32.14,31.82,31.98,32.02,31.92,,31.98,,,1104893,35283989.66,6924,F1,1,,,,,
2026-09-25,2026-09-25,CM,NSE,STK,25033,INE0DHF01018,IPHL,SM,,,,,INDIAN PHOSPHATE LIMITED,70.3,70.45,70.3,70.45,70.45,72.35,,70.45,,,4800,337740.0,3,F1,1200,,,,,
2026-09-25,2026-09-25,CM,NSE,STK,13611,INE335Y01020,IRCTC,EQ,,,,,INDIAN RAIL TOUR CORP LTD,461.2,461.9,457.7,458.7,459.0,461.2,,458.71,,,362569,166386333.5,18491,F1,1,,,,,
2026-09-25,2026-09-25,CM,NSE,STK,2029,INE053F01010,IRFC,EQ,,,,,INDIAN RAILWAY FIN CORP L,79.68,79.99,79.2,79.95,79.95,79.86,,79.96,,,4701461,374006218.34,28103,F1,1,,,,,
2026-09-25,2026-09-25,CM,NSE,STK,20261,INE202E01016,IREDA,EQ,,,,,INDIAN RENEWABLE ENERGY,109.75,114.53,109.2,113.22,113.22,110.11,,113.25,,,13343910,1507916808.53,59465,F1,1,,,,,
2026-09-25,2026-09-25,CM,NSE,STK,762727,INE586E01020,IWP,EQ,,,,,INDIAN WOOD PRODUCTS CO L,36.49,36.49,34.3,34.97,35.0,34.29,,34.97,,,2763,96054.57,41,F1,1,,,,,
2026-09-25,2026-09-25,CM,NSE,STK,2048,INE09VQ01012,INDIGOPNTS,EQ,,,,,INDIGO PAINTS LIMITED,1119.0,1144.3,1103.3,1128.6,1129.6,1117.8,,1128.57,,,42663,48256512.9,8926,F1,1,,,,,
2026-09-25,2026-09-25,CM,NSE,STK,20988,INE219X23014,INDIGRID,IV,,,,,INDIGRID INFRASTRUCT TRST,172.5,173.0,171.6,172.97,172.99,171.98,,172.96,,,739541,127378865.7,5845,F1,1,,,,,
2026-09-25,2026-09-25,CM,NSE,STK,757845,INE06ST01018,INDIQUBE,EQ,,,,,INDIQUBE SPACES LIMITED,194.06,201.4,186.42,198.94,199.75,194.06,,198.94,,,42054,8348628.64,1502,F1,1,,,,,
2026-09-25,2026-09-25,CM,NSE,STK,9120,INE760F01028,INDOAMIN,BE,,,,,INDO AMINES LIMITED,134.05,137.8,130.95,136.5,135.7,134.48,,136.45,,,67910,9210729.2,441,F1,1,,,,,
2026-09-25,2026-09-25,CM,NSE,STK,8614,INE803D01021,INDOBORAX,EQ,,,,,INDO BORAX & CHEMICAL LTD,455.8,463.0,447.0,449.95,451.0,452.45,,449.97,,,37260,16800021.15,2027,F1,1,,,,,
2026-09-25,2026-09-25,CM,NSE,STK,11987,INE483B01026,ICIL,EQ,,,,,INDO COUNT INDUSTRIES LTD,453.8,455.8,440.2,445.75,448.1,450.95,,445.71,,,297727,132796014.6,17512,F1,1,,,,,
2026-09-25,2026-09-25,CM,NSE,STK,29025,INE622H01018,INDOFARM,EQ,,,,,INDO FARM EQUIPMENT LTD,138.61,140.4,136.0,138.16,138.13,139.17,,138.16,,,89452,12365955.81,1455,F1,1,,,,,
2026-09-25,2026-09-25,CM,NSE,STK,10993,INE156A01020,INDORAMA,EQ,,,,,INDO RAMA SYNTHETICS LTD,103.58,103.63,97.19,99.36,99.49,101.72,,99.36,,,827174,82646028.14,11315,F1,1,,,,,
2026-09-25,2026-09-25,CM,NSE,STK,13275,INE332H01014,INDOTECH,EQ,,,,,INDO TECH TRANSFORM LTD.,3230.0,3239.9,3050.1,3177.7,3185.0,3190.1,,3177.91,,,25681,80956952.4,5845,F1,1,,,,,
2026-09-25,2026-09-25,CM,NSE,STK,25608,INE337M01021,INDOTHAI,EQ,,,,,INDO THAI SEC LTD,32.29,32.8,30.68,31.86,31.94,32.29,,31.86,,,1205309,37774206.0,4333,F1,1,,,,,
2026-09-25,2026-09-25,CM,NSE,STK,25503,INE250Z01010,INDOUS,EQ,,,,,INDO US BIOTECH LTD,79.9,79.9,77.25,77.6,78.86,78.06,,77.6,,,2473,192907.02,54,F1,1,,,,,
2026-09-25,2026-09-25,CM,NSE,STK,764301,INE084101034,INDOMIM,EQ,,,,,INDO-MIM LIMITED,1349.0,1349.0,1265.0,1275.95,1271.0,1311.15,,1275.92,,,1637687,2120560845.8,119424,F1,1,,,,,
2026-09-25,2026-09-25,CM,NSE,STK,6782,INE567A01028,NIPPOBATRY,EQ,,,,,INDO-NATIONAL LIMITED,320.25,327.7,317.0,320.15,320.0,324.55,,320.16,,,1563,499497.65,113,F1,1,,,,,
2026-09-25,2026-09-25,CM,NSE,STK,11677,INE873D01024,INDOCO,EQ,,,,,INDOCO REMEDIES LTD.,250.55,258.0,244.2,254.46,254.14,250.29,,254.42,,,100085,25096406.8,3499,F1,1,,,,,
2026-09-25,2026-09-25,CM,NSE,STK,757801,INE05J901018,IGCL,EQ,,,,,INDOGULF CROPSCIENCES LTD,62.19,62.82,59.0,59.94,60.34,62.1,,59.94,,,136156,8177143.52,1546,F1,1,,,,,
2026-09-25,2026-09-25,CM,NSE,STK,764708,INE716F01012,INDOKEM,EQ,,,,,INDOKEM LTD.,615.35,623.95,595.35,613.25,605.3,614.0,,613.43,,,3645,2233099.0,379,F1,1,,,,,
2026-09-25,2026-09-25,CM,NSE,STK,19955,INE866K01023,WAAREEINDO,EQ,,,,,INDOSOLAR LIMITED,230.85,237.55,230.85,230.85,230.85,242.95,,230.46,,,196353,45432468.45,1235,F1,1,,,,,
2026-09-25,2026-09-25,CM,NSE,STK,3088,INE896L01010,INDOSTAR,EQ,,,,,INDOSTAR CAPITAL FIN LTD,218.0,222.49,216.0,218.64,216.0,217.95,,218.64,,,67323,14786959.8,1720,F1,1,,,,,
2026-09-25,2026-09-25,CM,NSE,STK,14952,INE227G01018,INDOWIND,EQ,,,,,INDOWIND ENERGY LTD,9.0,9.0,8.8,8.88,8.93,8.82,,8.88,,,81711,724851.39,375,F1,1,,,,,
2026-09-25,2026-09-25,CM,NSE,STK,11262,INE203G01027,IGL,EQ,,,,,INDRAPRASTHA GAS LTD,146.0,146.48,144.22,144.95,144.76,145.74,,144.96,,,975286,141432252.54,26984,F1,1,,,,,
2026-09-25,2026-09-25,CM,NSE,STK,4751,INE681B01017,INDRAMEDCO,EQ,,,,,INDRAPRASTHA MEDICAL CORP,370.5,370.5,361.5,365.7,365.0,370.5,,365.7,,,379626,138591456.1,7343,F1,1,,,,,
2026-09-25,2026-09-25,CM,NSE,STK,23036,INE0NHL23019,INDUSINVIT,IV,,,,,INDUS INFRA TRUST,132.69,132.69,131.6,131.91,131.99,131.95,,131.91,,,98904,13051494.93,4749,F1,1,,,,,
2026-09-25,2026-09-25,CM,NSE,STK,29135,INE121J01017,INDUSTOWER,EQ,,,,,INDUS TOWERS LIMITED,378.0,379.25,373.2,374.65,374.65,379.85,,374.63,,,2952516,1110071699.35,34186,F1,1,,,,,
2026-09-25,2026-09-25,CM,NSE,STK,5258,INE095A01012,INDUSINDBK,EQ,,,,,INDUSIND BANK LIMITED,919.5,923.9,906.9,912.2,912.2,919.5,,912.2,,,1426025,1302764828.9,29579,F1,1,,,,,
2026-09-25,2026-09-25,CM,NSE,STK,762717,INE620D01011,INDPRUD,EQ,,,,,INDUSTRIAL & PRU INV CO L,6200.0,6200.0,6103.0,6200.0,6200.0,6200.0,,6175.5,,,63,390258.5,12,F1,1,,,,,
2026-09-25,2026-09-25,CM,NSE,STK,19525,INE886A01014,IITL,EQ,,,,,INDUSTRIAL INV TRUST LTD,142.52,143.1,136.53,137.27,137.31,143.27,,137.28,,,192851,27351856.37,1232,F1,1,,,,,
2026-09-25,2026-09-25,CM,NSE,STK,15036,INE0MRE01011,INFINIUM,SM,,,,,INFINIUM PHARMACHEM LTD,269.0,269.0,260.0,262.1,262.1,256.6,,262.1,,,4500,1190250.0,9,F1,500,,,,,
2026-09-25,2026-09-25,CM,NSE,STK,757602,INE0MYZ01012,INFLUX,SM,,,,,INFLUX HEALTHTECH LIMITED,285.0,290.0,280.0,281.45,280.0,280.5,,281.45,,,40800,11659110.0,40,F1,600,,,,,
2026-09-25,2026-09-25,CM,NSE,STK,13751,INE663F01032,NAUKRI,EQ,,,,,INFO EDGE (I) LTD,1216.4,1259.0,1215.4,1254.8,1254.8,1224.0,,1254.8,,,1135428,1411697165.6,34388,F1,1,,,,,
2026-09-25,2026-09-25,CM,NSE,STK,11027,INE344S01016,INFOBEAN,EQ,,,,,INFOBEANS TECHNO. LTD.,150.5,150.68,145.2,146.55,147.4,150.24,,146.56,,,171469,25228933.33,2734,F1,1,,,,,
2026-09-25,2026-09-25,CM,NSE,STK,16588,INE0NNZ01013,INFOLLION,SM,,,,,INFOLLION RESEARCH SER L,154.85,154.9,153.0,153.35,153.5,154.85,,153.35,,,6400,987380.0,15,F1,400,,,,,
2026-09-25,2026-09-25,CM,NSE,STK,13693,INE669A01022,INFOMEDIA,EQ,,,,,INFOMEDIA PRESS LIMITED,5.52,5.52,5.22,5.31,5.31,5.44,,5.31,,,20025,106955.21,66,F1,1,,,,,
2026-09-25,2026-09-25,CM,NSE,STK,1594,INE009A01021,INFY,EQ,,,,,INFOSYS LIMITED,999.5,1004.2,991.6,1000.2,1000.2,1014.5,,1000.29,,,10240700,10221349304.3,265153,F1,1,,,,,
2026-09-25,2026-09-25,CM,NSE,STK,1597,INE177A01018,INGERRAND,EQ,,,,,INGERSOLL-RAND INDIA LTD,4234.4,4262.7,4202.6,4233.6,4223.0,4234.4,,4233.77,,,6700,28376724.1,1695,F1,1,,,,,
2026-09-25,2026-09-25,CM,NSE,STK,25323,INE0S1D01010,INNOMET,ST,,,,,INNOMET ADVANCED MATERI L,275.3,286.45,275.3,286.4,286.4,280.85,,286.4,,,57600,16289430.0,67,F1,600,,,,,
2026-09-25,2026-09-25,CM,NSE,STK,21062,INE0DUT01020,INNOVACAP,EQ,,,,,INNOVA CAPTAB LIMITED,1295.3,1304.1,1274.5,1281.0,1283.0,1295.3,,1281.05,,,34476,44323728.7,5653,F1,1,,,,,
2026-09-25,2026-09-25,CM,NSE,STK,27754,INE403Y01018,INNOVANA,EQ,,,,,INNOVANA THINKLABS LTD,302.0,310.0,299.0,301.0,304.0,298.85,,301.0,,,42530,12870244.05,1046,F1,1,,,,,
2026-09-25,2026-09-25,CM,NSE,STK,761528,INE0ADB01012,INNOVISION,EQ,,,,,INNOVISION LIMITED,254.2,255.9,251.05,253.65,253.3,254.2,,253.66,,,9787,2481972.95,410,F1,1,,,,,
2026-09-25,2026-09-25,CM,NSE,STK,12188,INE510W01014,INOXGREEN,EQ,,,,,INOX GREEN ENERGY SER LTD,176.0,176.35,171.41,172.32,171.7,174.64,,172.32,,,975212,169739683.02,13335,F1,1,,,,,
2026-09-25,2026-09-25,CM,NSE,STK,20607,INE616N01034,INOXINDIA,EQ,,,,,INOX INDIA LIMITED,2073.0,2174.3,2059.4,2156.8,2142.2,2064.8,,2156.7,,,377035,806383049.2,33236,F1,1,,,,,
2026-09-25,2026-09-25,CM,NSE,STK,7852,INE066P01011,INOXWIND,EQ,,,,,INOX WIND LIMITED,73.1,75.5,72.86,74.75,74.75,73.09,,74.78,,,11031367,821655727.7,34532,F1,1,,,,,
2026-09-25,2026-09-25,CM,NSE,STK,14657,INE070I01018,INSECTICID,EQ,,,,,INSECTICIDES (I) LTD,597.15,605.0,596.05,602.5,600.05,603.65,,602.64,,,4723,2839580.85,750,F1,1,,,,,
2026-09-25,2026-09-25,CM,NSE,STK,761099,INE0LGX01024,INA,EQ,,,,,INSOLATION ENERGY LIMITED,92.0,93.63,89.65,90.4,90.52,92.33,,90.41,,,306734,28068003.72,3098,F1,1,,,,,
2026-09-25,2026-09-25,CM,NSE,STK,13730,INE020G01017,INSPIRISYS,EQ,,,,,INSPIRISYS SOLUTIONS LTD,91.8,91.8,86.15,88.48,90.0,89.0,,88.67,,,5958,521570.2,76,F1,1,,,,,
2026-09-25,2026-09-25,CM,NSE,STK,30323,INE418N01035,ESSENTIA,EQ,,,,,INTEGRA ESSENTIA LIMITED,1.04,1.04,1.02,1.02,1.03,1.03,,1.02,,,1166081,1205233.85,602,F1,1,,,,,
2026-09-25,2026-09-25,CM,NSE,STK,11903,INE02EE01019,IPSL,SM,,,,,INTEGRATED PERSO SER LTD,186.05,215.0,186.05,215.0,215.0,215.0,,215.0,,,1000,200525.0,2,F1,500,,,,,
2026-09-25,2026-09-25,CM,NSE,STK,757902,INE0YSH01017,INTEGRITY,SM,,,,,INTEGRITY INFRABUILD DE L,167.0,170.0,167.0,169.75,169.75,170.0,,169.75,,,8400,1422900.0,5,F1,1200,,,,,
2026-09-25,2026-09-25,CM,NSE,STK,5926,INE306R01017,INTELLECT,EQ,,,,,INTELLECT DESIGN ARENA,639.0,639.0,628.2,633.05,634.0,638.7,,633.04,,,218132,138005902.75,14088,F1,1,,,,,
2026-09-25,2026-09-25,CM,NSE,STK,20071,INE781A01025,INTENTECH,EQ,,,,,INTENSE TECHNOLOGIES LTD,84.4,86.0,81.25,85.07,84.55,82.86,,85.02,,,26803,2256476.67,234,F1,1,,,,,
2026-09-25,2026-09-25,CM,NSE,STK,24909,INE00M901018,INTERARCH,EQ,,,,,INTERARCH BLDNG SOLTN LTD,1692.3,1745.5,1663.3,1719.7,1711.1,1678.6,,1719.71,,,103195,176398375.5,12013,F1,1,,,,,
2026-09-25,2026-09-25,CM,NSE,STK,11195,INE646L01027,INDIGO,EQ,,,,,INTERGLOBE AVIATION LTD,4890.0,4956.0,4890.0,4940.0,4940.0,4890.0,,4939.96,,,408716,2011809641.0,47935,F1,1,,,,,
2026-09-25,2026-09-25,CM,NSE,STK,22770,INE0OPC01015,INM,SM,,,,,INTERIORS & MORE LIMITED,143.0,143.0,143.0,143.0,143.0,143.0,,143.0,,,600,85800.0,1,F1,600,,,,,
2026-09-25,2026-09-25,CM,NSE,STK,5606,INE575C01027,INTLCONV,EQ,,,,,INTL CONVEYORS LIMITED,80.4,83.0,80.05,81.17,81.0,80.04,,81.18,,,56540,4609120.77,1390,F1,1,,,,,
2026-09-25,2026-09-25,CM,NSE,STK,28378,INE0Q9301021,IGIL,EQ,,,,,INTL GEMOLOGICAL INST LTD,326.05,332.4,321.95,330.55,330.0,325.25,,330.53,,,551729,180864535.9,20840,F1,1,,,,,
2026-09-25,2026-09-25,CM,NSE,STK,18479,INE566K01011,ISFT,EQ,,,,,INTRASOFT TECH. LTD,101.2,103.75,98.05,98.79,98.25,102.14,,98.79,,,145764,14776824.96,1468,F1,1,,,,,
2026-09-25,2026-09-25,CM,NSE,STK,24870,INE878H01024,INVENTURE,EQ,,,,,INVENTURE GRO & SEC LTD,0.89,0.89,0.87,0.87,0.89,0.87,,0.88,,,585864,516085.94,298,F1,1,,,,,
2026-09-25,2026-09-25,CM,NSE,STK,28125,INE115Q01022,IKS,EQ,,,,,INVENTURUS KNOWLEDGE SO L,1867.1,1874.0,1804.6,1815.8,1827.4,1868.3,,1815.85,,,224086,408039875.7,29614,F1,1,,,,,
2026-09-25,2026-09-25,CM,NSE,STK,18292,INF205KA1BP1,IVZINGOLD,EQ,,,,,INVESCO INDIA GOLD ETF,130.55,131.9,130.05,131.4,131.35,130.05,,131.4,,,34807,4565524.4,248,F1,1,,,,,
2026-09-25,2026-09-25,CM,NSE,STK,24217,INF205KA1CC7,IVZINNIFTY,EQ,,,,,INVESCO INDIA NIFTY ETF,263.14,266.75,263.14,266.56,266.75,265.8,,266.56,,,163,43164.5,14,F1,1,,,,,
2026-09-25,2026-09-25,CM,NSE,STK,762725,INE155E01016,INVPRECQ,BE,,,,,INVESTMENT & PREC CAST L,1480.6,1480.6,1474.0,1480.6,1480.6,1451.6,,1480.35,,,5695,8430538.6,98,F1,1,,,,,
2026-09-25,2026-09-25,CM,NSE,STK,20413,INE485C01029,IOLCP,EQ,,,,,IOL CHEM AND PHARMA LTD,203.25,206.5,198.01,204.19,203.6,203.22,,204.19,,,2455948,499141751.16,31109,F1,1,,,,,
2026-09-25,2026-09-25,CM,NSE,STK,1630,INE570A01022,IONEXCHANG,EQ,,,,,ION EXCHANGE (INDIA) LTD,424.5,425.7,416.3,420.15,423.0,420.55,,419.99,,,108351,45550257.4,13497,F1,1,,,,,
2026-09-25,2026-09-25,CM,NSE,STK,764713,INE558A01019,IPRINGLTD,EQ,,,,,IP RINGS LTD.,141.01,145.99,140.01,142.67,142.3,144.31,,142.2,,,2919,415158.54,60,F1,1,,,,,
2026-09-25,2026-09-25,CM,NSE,STK,1633,INE571A01038,IPCALAB,EQ,,,,,IPCA LABORATORIES LTD,2020.0,2020.0,1950.0,1970.8,1958.8,1997.1,,1970.76,,,263825,520198651.7,23274,F1,1,,,,,
2026-09-25,2026-09-25,CM,NSE,STK,15313,INE821I01022,IRB,EQ,,,,,IRB INFRA DEV LTD.,17.82,17.89,17.61,17.68,17.74,17.88,,17.68,,,8219678,145346147.11,17744,F1,1,,,,,
2026-09-25,2026-09-25,CM,NSE,STK,20817,INE183W23014,IRBINVIT,IV,,,,,IRB INVIT FUND,64.5,64.99,64.5,64.62,64.63,65.04,,64.62,,,405546,26281530.34,3397,F1,1,,,,,
2026-09-25,2026-09-25,CM,NSE,STK,4986,INE962Y01021,IRCON,EQ,,,,,IRCON INTERNATIONAL LTD,107.0,107.21,104.76,105.95,105.85,106.6,,105.96,,,2092105,221553902.88,22805,F1,1,,,,,
2026-09-25,2026-09-25,CM,NSE,STK,1391,INE202E07138,880IREDA29,N5,,,,,IREDA 8.80NCDTR I SR II B,1114.0,1114.0,1114.0,1114.0,1114.0,1134.0,,1121.5,,,10,11140.0,1,F1,1,,,,,
2026-09-25,2026-09-25,CM,NSE,STK,2275,INE01GN01025,IRISDOREME,EQ,,,,,IRIS CLOTHINGS LIMITED,66.49,66.99,64.55,66.15,66.25,65.85,,66.15,,,666872,43888130.81,3322,F1,1,,,,,
2026-09-25,2026-09-25,CM,NSE,STK,6489,INE864K01010,IRIS,EQ,,,,,IRIS REGTECH SOLUTION LTD,239.0,244.95,230.1,235.94,234.1,231.58,,236.02,,,26122,6198073.2,1022,F1,1,,,,,
2026-09-25,2026-09-25,CM,NSE,STK,19597,INE07U701015,IRMENERGY,EQ,,,,,IRM ENERGY LIMITED,267.6,269.6,264.05,268.25,269.3,267.6,,268.25,,,28275,7530679.9,1424,F1,1,,,,,
2026-09-25,2026-09-25,CM,NSE,STK,763789,INE413U07475,920ISF28,N0,,,,,ISF 9.20% 2028,9626.01,9843.0,9600.0,9625.0,9625.0,9623.0,,9625.0,,,129,1258950.56,16,F1,1,,,,,
2026-09-25,2026-09-25,CM,NSE,STK,761208,INE413U07442,925ISF28,N0,,,,,ISF 9.25% 2028,9871.0,9995.85,9871.0,9995.85,9995.85,9872.0,,9995.85,,,60,593508.5,2,F1,1,,,,,
2026-09-25,2026-09-25,CM,NSE,STK,756069,INE413U07392,950ISF27A,N0,,,,,ISF 9.50% 2027,99429.0,99429.0,99429.0,99429.0,99429.0,99429.0,,99429.0,,,5,497145.0,2,F1,1,,,,,
2026-09-25,2026-09-25,CM,NSE,STK,757708,INE413U07426,950ISF27C,N0,,,,,ISF 9.50% 2027,9910.0,9946.0,9901.0,9946.0,9946.0,9946.0,,9946.0,,,13,129181.0,3,F1,1,,,,,
2026-09-25,2026-09-25,CM,NSE,STK,757890,INE413U07418,975ISF28,N0,,,,,ISF 9.75% NCD 2028,99700.0,99700.0,98401.0,98401.0,98401.0,99999.0,,98401.0,,,2,198101.0,2,F1,1,,,,,
2026-09-25,2026-09-25,CM,NSE,STK,3329,INE858B01029,ISGEC,EQ,,,,,ISGEC HEAVY ENG LTD,849.1,900.95,844.75,890.55,888.2,850.1,,890.6,,,218727,193327083.2,23274,F1,1,,,,,
2026-09-25,2026-09-25,CM,NSE,STK,30249,INE561M01018,ISHANCH,EQ,,,,,ISHAN DYES N CHEMICALS L,51.4,51.4,48.03,50.22,49.8,49.9,,50.22,,,33410,1689675.75,326,F1,1,,,,,
2026-09-25,2026-09-25,CM,NSE,STK,22645,INE0R7R01018,ITALIANE,SM,,,,,ITALIAN EDIBLES LIMITED,31.0,31.0,31.0,31.0,31.0,31.2,,31.0,,,2000,62000.0,1,F1,2000,,,,,
2026-09-25,2026-09-25,CM,NSE,STK,29251,INE379A01028,ITCHOTELS,EQ,,,,,ITC HOTELS LIMITED,164.8,164.8,161.01,161.9,161.95,164.01,,161.91,,,1253849,203345904.98,19144,F1,1,,,,,
2026-09-25,2026-09-25,CM,NSE,STK,1660,INE154A01025,ITC,EQ,,,,,ITC LTD,268.1,269.0,266.3,269.0,269.0,268.0,,269.0,,,6240148,1671758515.3,87605,F1,1,,,,,
2026-09-25,2026-09-25,CM,NSE,STK,1675,INE248A01017,ITI,EQ,,,,,ITI LTD,250.8,253.9,250.1,252.9,252.3,251.05,,252.91,,,96575,24358307.5,3927,F1,1,,,,,
2026-09-25,2026-09-25,CM,NSE,STK,764723,INE478D01014,ITL,EQ,,,,,ITL INDUSTRIES LTD.,362.0,362.0,358.05,359.0,362.0,361.0,,359.0,,,471,169067.9,28,F1,1,,,,,
2026-09-25,2026-09-25,CM,NSE,STK,759041,INE056801025,IVALUE,EQ,,,,,IVALUE INFOSOLUTIONS LTD,233.9,233.9,224.15,225.22,224.7,234.43,,225.25,,,86508,19719983.5,2436,F1,1,,,,,
2026-09-25,2026-09-25,CM,NSE,STK,8857,INE043C01018,IVP,BE,,,,,IVP LIMITED,222.0,229.9,221.0,228.62,229.0,228.57,,228.63,,,10999,2488235.72,134,F1,1,,,,,
2026-09-25,2026-09-25,CM,NSE,STK,757644,INE1AII01014,IWARE,ST,,,,,IWARE SUPPLYCHAIN SER LTD,387.0,388.0,376.3,382.3,382.3,391.95,,382.3,,,9600,3664440.0,16,F1,600,,,,,
2026-09-25,2026-09-25,CM,NSE,STK,14174,INE848A01014,IZMO,EQ,,,,,IZMO LIMITED,910.15,918.0,895.45,903.95,900.85,904.45,,904.13,,,46289,41903134.0,3702,F1,1,,,,,
2026-09-25,2026-09-25,CM,NSE,STK,5633,INE168A01041,J&KBANK,EQ,,,,,J & K BANK LTD.,146.88,148.38,145.51,146.1,146.0,147.07,,146.1,,,1214432,177463690.19,16200,F1,1,,,,,
2026-09-25,2026-09-25,CM,NSE,STK,23056,INE0MB501011,JGCHEM,EQ,,,,,J.G.CHEMICALS LIMITED,607.0,630.6,600.55,620.1,619.95,601.75,,620.12,,,245613,150395442.15,9912,F1,1,,,,,
2026-09-25,2026-09-25,CM,NSE,STK,13211,INE199G01027,JAGRAN,EQ,,,,,JAGRAN PRAKASHAN LIMITED,62.99,62.99,62.2,62.65,62.45,62.89,,62.65,,,224626,14056638.94,1373,F1,1,,,,,
2026-09-25,2026-09-25,CM,NSE,STK,4410,INE048B01035,JAGSNPHARM,EQ,,,,,JAGSONPAL PHARMACEUTICALS,247.67,251.0,241.06,242.29,241.77,243.97,,242.3,,,565222,137698095.32,12554,F1,1,,,,,
2026-09-25,2026-09-25,CM,NSE,STK,11256,INE091G01026,JAIBALAJI,EQ,,,,,JAI BALAJI INDUSTRIES LTD,64.55,65.52,64.55,64.96,65.0,65.5,,64.96,,,226361,14704501.51,1819,F1,1,,,,,
2026-09-25,2026-09-25,CM,NSE,STK,5143,INE070D01027,JAICORPLTD,EQ,,,,,JAI CORP LIMITED,95.14,95.14,92.74,94.43,94.69,94.46,,94.41,,,254150,23823796.18,4359,F1,1,,,,,
2026-09-25,2026-09-25,CM,NSE,STK,25684,IN9175A01010,JISLDVREQS,EQ,,,,,JAIN DVR EQUITY SHARES,20.69,20.69,19.6,19.85,19.75,20.14,,19.86,,,13264,267006.56,146,F1,1,,,,,
2026-09-25,2026-09-25,CM,NSE,STK,10397,INE175A01038,JISLJALEQS,EQ,,,,,JAIN IRRIGATION SYSTEMS,28.69,28.97,28.47,28.75,28.79,28.58,,28.75,,,1416429,40747552.16,6516,F1,1,,,,,
2026-09-25,2026-09-25,CM,NSE,STK,759244,INE0YD401026,JAINREC,EQ,,,,,JAIN RESOURCE RECYCLING L,290.0,292.95,285.35,286.85,287.35,291.35,,286.85,,,598886,172562014.55,13758,F1,1,,,,,
2026-09-25,2026-09-25,CM,NSE,STK,6012,INE02KC01010,JAINAM,SM,,,,,JAINAM FER ALLOYS (I) LTD,210.0,210.0,209.0,209.0,209.0,200.0,,209.0,,,2500,523500.0,5,F1,500,,,,,
2026-09-25,2026-09-25,CM,NSE,STK,758306,INE0XIL01012,JAINIK,ST,,,,,JAINIK POWER CABLES LTD,202.3,205.0,201.0,205.0,205.0,201.3,,205.0,,,4800,973560.0,4,F1,1200,,,,,
2026-09-25,2026-09-25,CM,NSE,STK,11763,INE351F01018,JPPOWER,EQ,,,,,JAIPRAKASH POWER VEN. LTD,15.84,15.96,15.58,15.87,15.93,15.84,,15.87,,,30626176,483066751.81,392082,F1,1,,,,,
2026-09-25,2026-09-25,CM,NSE,STK,20930,INE349X01015,JALAN,ST,,,,,JALAN TRANSOLU. INDIA LTD,1.7,1.7,1.7,1.7,1.7,1.7,,1.7,,,6000,10200.0,2,F1,3000,,,,,
2026-09-25,2026-09-25,CM,NSE,STK,20778,INE039C01032,JAMNAAUTO,EQ,,,,,JAMNA AUTO IND LTD,138.39,140.5,134.82,138.2,138.0,138.39,,138.2,,,3496903,481363062.44,35401,F1,1,,,,,
2026-09-25,2026-09-25,CM,NSE,STK,22663,INE953L01027,JSFB,EQ,,,,,JANA SMALL FIN BANK LTD,522.7,543.4,509.95,535.25,533.0,522.7,,535.26,,,3086326,1635160620.15,65557,F1,1,,,,,
2026-09-25,2026-09-25,CM,NSE,STK,759951,INE00YJ01010,JARO,EQ,,,,,JARO INS OF TEC MG N RE L,457.7,463.85,439.8,442.95,444.0,457.7,,442.97,,,196929,88617200.5,5155,F1,1,,,,,
2026-09-25,2026-09-25,CM,NSE,STK,13982,INE039O01029,JASH,EQ,,,,,JASH ENGINEERING LIMITED,578.35,599.0,573.7,593.85,595.3,577.15,,593.75,,,322251,188799280.85,10374,F1,1,,,,,
2026-09-25,2026-09-25,CM,NSE,STK,25037,INE0SMY01017,JAYBEE,SM,,,,,JAY BEE LAMINATIONS LTD,101.35,103.9,95.25,99.6,100.0,98.05,,99.6,,,53000,5340425.0,89,F1,500,,,,,
2026-09-25,2026-09-25,CM,NSE,STK,1708,INE571B01036,JAYBARMARU,EQ,,,,,JAY BHARAT MARUTI LTD,125.8,126.8,117.36,121.55,122.62,121.9,,121.56,,,1257855,153111614.18,13684,F1,1,,,,,
2026-09-25,2026-09-25,CM,NSE,STK,10892,INE0J6801010,KORE,ST,,,,,JAY JALARAM TECHNO LTD,163.05,180.15,163.05,180.15,180.15,171.6,,180.15,,,20250,3637362.5,31,F1,250,,,,,
2026-09-25,2026-09-25,CM,NSE,STK,4041,INE785A01026,JAYAGROGN,EQ,,,,,JAYANT AGRO ORGANICS LTD,231.1,235.7,229.93,234.84,235.0,230.91,,234.82,,,13619,3184992.18,420,F1,1,,,,,
2026-09-25,2026-09-25,CM,NSE,STK,2331,INE854B01010,JAYNECOIND,EQ,,,,,JAYASWAL NECO INDUSTR LTD,89.96,90.15,88.31,88.55,88.57,89.53,,88.55,,,1234021,109722451.9,10542,F1,1,,,,,
2026-09-25,2026-09-25,CM,NSE,STK,759159,INE1AE401014,JAYESH,SM,,,,,JAYESH LOGISTICS LIMITED,125.0,125.0,125.0,125.0,125.0,129.5,,125.0,,,1000,125000.0,1,F1,1000,,,,,
2026-09-25,2026-09-25,CM,NSE,STK,760073,INE903A01025,JAYKAY,EQ,,,,,JAYKAY ENTERPRISES LTD,206.38,207.8,195.01,203.75,203.0,202.53,,203.76,,,753223,152420704.53,16687,F1,1,,,,,
2026-09-25,2026-09-25,CM,NSE,STK,1720,INE364A01020,JAYSREETEA,EQ,,,,,JAYSHREE TEA & INDUSTRIES,88.0,89.83,87.65,89.37,89.1,87.92,,89.37,,,17278,1534591.75,415,F1,1,,,,,
2026-09-25,2026-09-25,CM,NSE,STK,11655,INE927D01051,JBMA,EQ,,,,,JBM AUTO LIMITED,592.0,593.0,578.0,586.6,581.1,593.05,,586.59,,,180569,105716965.5,9973,F1,1,,,,,
2026-09-25,2026-09-25,CM,NSE,STK,758115,INE0J5801029,JSLL,EQ,,,,,JEENA SIKHO LIFECARE LTD,507.3,512.8,505.4,508.25,508.0,511.15,,508.25,,,162157,82355879.6,7665,F1,1,,,,,
2026-09-25,2026-09-25,CM,NSE,STK,764728,INE354A01013,JENBURPH,EQ,,,,,JENBURKT PHARMACEUTICAL L,960.0,974.9,935.2,948.0,949.9,954.0,,948.07,,,889,846346.6,108,F1,1,,,,,
2026-09-25,2026-09-25,CM,NSE,STK,7211,INE982V01025,JETFREIGHT,EQ,,,,,JET FREIGHT LOGISTICS LTD,21.25,21.87,21.13,21.43,21.6,21.21,,21.43,,,167163,3584641.42,2564,F1,1,,,,,
2026-09-25,2026-09-25,CM,NSE,STK,25147,INE0RXB01022,JEYYAM,SM,,,,,JEYYAM GLOBAL FOODS LTD,20.6,20.6,20.15,20.45,20.5,21.0,,20.45,,,60000,1226400.0,25,F1,2000,,,,,
2026-09-25,2026-09-25,CM,NSE,STK,10885,INE0LA901015,JFLLIFE,SM,,,,,JFL LIFE SCIENCES LIMITED,9.9,10.35,9.9,10.35,10.35,9.9,,10.35,,,18000,180900.0,2,F1,6000,,,,,
2026-09-25,2026-09-25,CM,NSE,STK,13720,INE544H01014,JHS,EQ,,,,,JHS SVEND. LAB. LTD,8.06,8.58,8.06,8.43,8.53,8.18,,8.44,,,98454,812039.84,361,F1,1,,,,,
2026-09-25,2026-09-25,CM,NSE,STK,24145,INE03DD01011,RETAIL,EQ,,,,,JHS SVENDGAARD RETAIL V L,17.98,20.06,16.36,20.06,20.06,16.72,,20.06,,,111518,2140772.79,419,F1,1,,,,,
2026-09-25,2026-09-25,CM,NSE,STK,31507,INE147P01019,JPOLYINVST,EQ,,,,,JIND POL INV & FIN CO LTD,964.15,987.5,954.0,957.05,955.25,964.8,,957.01,,,2807,2696524.4,300,F1,1,,,,,
2026-09-25,2026-09-25,CM,NSE,STK,13875,INE742C01031,JINDRILL,EQ,,,,,JINDAL DRILLING IND. LTD,591.5,597.45,584.1,592.2,592.15,591.95,,592.21,,,112911,66719583.75,5544,F1,1,,,,,
2026-09-25,2026-09-25,CM,NSE,STK,11743,INE796G01012,JINDALPHOT,EQ,,,,,JINDAL PHOTO LIMITED,1064.0,1082.4,1051.0,1058.4,1051.3,1063.2,,1057.27,,,532,562527.4,105,F1,1,,,,,
2026-09-25,2026-09-25,CM,NSE,STK,1756,INE197D01010,JINDALPOLY,EQ,,,,,JINDAL POLY FILMS LIMITED,699.8,728.95,690.0,694.1,699.9,699.8,,693.98,,,13867,9721542.25,1096,F1,1,,,,,
2026-09-25,2026-09-25,CM,NSE,STK,3024,INE324A01032,JINDALSAW,EQ,,,,,JINDAL SAW LIMITED,283.7,291.3,280.05,285.5,285.6,283.1,,285.5,,,1246596,356076720.15,30898,F1,1,,,,,
2026-09-25,2026-09-25,CM,NSE,STK,11236,INE220G01021,JSL,EQ,,,,,JINDAL STAINLESS LIMITED,738.0,752.85,736.0,748.25,747.0,738.95,,748.22,,,1774357,1323620795.75,81460,F1,1,,,,,
2026-09-25,2026-09-25,CM,NSE,STK,6733,INE749A01030,JINDALSTEL,EQ,,,,,JINDAL STEEL LIMITED,1154.4,1168.9,1137.0,1164.8,1164.8,1157.8,,1164.8,,,423334,490611105.9,17855,F1,1,,,,,
2026-09-25,2026-09-25,CM,NSE,STK,766187,INE1DLO01028,JSIPL,BE,,,,,JINDAL SUPREME (INDIA) L,138.91,138.91,134.95,138.91,138.91,132.3,,140.82,,,1902123,263872865.4,8290,F1,1,,,,,
2026-09-25,2026-09-25,CM,NSE,STK,20642,INE247D01039,JINDWORLD,EQ,,,,,JINDAL WORLDWIDE LTD,49.39,49.39,45.57,46.76,46.9,49.17,,46.76,,,7279293,343076342.51,21848,F1,1,,,,,
2026-09-25,2026-09-25,CM,NSE,STK,759205,INE1FF001016,JKIPL,EQ,,,,,JINKUSHAL INDUSTRIES LTD,96.2,98.3,96.0,96.28,97.3,98.15,,96.28,,,2296,222392.36,95,F1,1,,,,,
2026-09-25,2026-09-25,CM,NSE,STK,18143,INE758E01017,JIOFIN,EQ,,,,,JIO FIN SERVICES LTD,227.2,227.84,225.45,227.0,227.0,227.2,,227.0,,,7741336,1755634954.9,63745,F1,1,,,,,
2026-09-25,2026-09-25,CM,NSE,STK,765307,INF22M001184,NIFTYJBLK,EQ,,,,,JIOBLACKROCKAMC-NIFTYJBLK,12.13,12.13,11.79,11.92,11.98,11.84,,11.92,,,120115,1423807.29,749,F1,1,,,,,
2026-09-25,2026-09-25,CM,NSE,STK,19691,INE863T01013,JITFINFRA,EQ,,,,,JITF INFRALOGISTICS LTD,276.0,281.9,270.1,279.15,278.6,278.3,,279.15,,,15129,4181629.1,927,F1,1,,,,,
2026-09-25,2026-09-25,CM,NSE,STK,18558,INE0N5H01017,JIWANRAM,SM,,,,,JIWANRAM SHEODUTTRA IND L,4.05,4.8,4.05,4.4,4.4,4.0,,4.4,,,72000,317700.0,11,F1,6000,,,,,
2026-09-25,2026-09-25,CM,NSE,STK,13270,INE823G01014,JKCEMENT,EQ,,,,,JK CEMENT LIMITED,5165.0,5165.0,4985.0,5000.0,5000.0,5184.5,,5000.04,,,23835,120014945.0,6511,F1,1,,,,,
2026-09-25,2026-09-25,CM,NSE,STK,13491,INE786A01032,JKLAKSHMI,EQ,,,,,JK LAKSHMI CEMENT LTD,509.45,512.9,506.1,510.35,512.9,509.45,,510.37,,,63165,32184358.75,5254,F1,1,,,,,
2026-09-25,2026-09-25,CM,NSE,STK,11860,INE789E01012,JKPAPER,EQ,,,,,JK PAPER LIMITED,410.5,413.15,405.15,408.45,408.65,411.15,,408.38,,,191915,78508534.55,8064,F1,1,,,,,
2026-09-25,2026-09-25,CM,NSE,STK,14435,INE573A01042,JKTYRE,EQ,,,,,JK TYRE & INDUSTRIES LTD,347.35,348.05,338.55,345.85,344.45,347.2,,345.85,,,744180,254932042.15,25067,F1,1,,,,,
2026-09-25,2026-09-25,CM,NSE,STK,15266,INE576I01022,JKIL,EQ,,,,,JKUMAR INFR.LTD.,479.95,480.0,470.6,473.55,474.0,478.1,,473.55,,,61355,29052320.05,1796,F1,1,,,,,
2026-09-25,2026-09-25,CM,NSE,STK,13637,INE780C01023,JMFINANCIL,EQ,,,,,JM FINANCIAL LIMITED,126.5,128.95,126.2,127.68,127.7,127.03,,127.68,,,1681050,213895646.0,27212,F1,1,,,,,
2026-09-25,2026-09-25,CM,NSE,STK,23621,INE0OAF01028,JNKINDIA,EQ,,,,,JNK INDIA LIMITED,425.85,426.35,410.1,420.4,420.95,422.45,,420.42,,,95931,40016981.55,4370,F1,1,,,,,
2026-09-25,2026-09-25,CM,NSE,STK,16927,INE839G01010,JOCIL,EQ,,,,,JOCIL LIMITED,146.7,148.0,144.3,147.6,147.5,146.75,,147.6,,,1945,286568.95,63,F1,1,,,,,
2026-09-25,2026-09-25,CM,NSE,STK,762623,INE515A01019,COCKERILL,EQ,,,,,JOHN COCKERILL INDIA LTD.,8049.0,8054.0,7925.0,7956.0,7925.0,7955.5,,7956.35,,,2130,17016681.0,740,F1,1,,,,,
2026-09-25,2026-09-25,CM,NSE,STK,758460,INE718I01012,JSWCEMENT,EQ,,,,,JSW CEMENT LIMITED,115.52,116.29,112.83,115.47,115.1,115.71,,115.47,,,2447516,281827982.63,71503,F1,1,,,,,
2026-09-25,2026-09-25,CM,NSE,STK,1467,INE133A01011,JSWDULUX,EQ,,,,,JSW DULUX LIMITED,3128.5,3249.0,3113.9,3199.6,3200.5,3132.3,,3199.61,,,52257,167467933.8,12031,F1,1,,,,,
2026-09-25,2026-09-25,CM,NSE,STK,17869,INE121E01018,JSWENERGY,EQ,,,,,JSW ENERGY LIMITED,510.0,513.1,503.15,506.55,506.55,510.0,,506.56,,,1916836,972003890.25,35180,F1,1,,,,,
2026-09-25,2026-09-25,CM,NSE,STK,11880,INE824G01012,JSWHL,EQ,,,,,JSW HOLDINGS LIMITED,11014.0,11219.0,11000.0,11062.0,11097.0,11116.0,,11064.75,,,1415,15659969.0,648,F1,1,,,,,
2026-09-25,2026-09-25,CM,NSE,STK,19020,INE880J01026,JSWINFRA,EQ,,,,,JSW INFRASTRUCTURE LTD,360.65,366.0,360.25,362.05,362.9,360.7,,362.05,,,3920526,1421993822.0,45086,F1,1,,,,,
2026-09-25,2026-09-25,CM,NSE,STK,11723,INE019A01038,JSWSTEEL,EQ,,,,,JSW STEEL LIMITED,1279.0,1288.6,1266.3,1277.0,1277.0,1273.2,,1277.02,,,1032391,1315960286.8,27890,F1,1,,,,,
2026-09-25,2026-09-25,CM,NSE,STK,3237,INE643A01035,JTEKTINDIA,EQ,,,,,JTEKT INDIA LIMITED,118.55,118.69,116.92,118.07,117.93,118.28,,117.99,,,59407,6997888.25,997,F1,1,,,,,
2026-09-25,2026-09-25,CM,NSE,STK,7287,INE391J01032,JTLIND,EQ,,,,,JTL INDUSTRIES LIMITED,90.79,91.99,89.8,91.16,90.83,90.1,,91.16,,,1548897,140942865.14,13527,F1,1,,,,,
2026-09-25,2026-09-25,CM,NSE,STK,29590,INE03CC01015,JUBLCPL,EQ,,,,,JUBILANT AGRI N CON PRO L,2166.6,2235.0,2120.3,2210.1,2202.8,2160.3,,2209.61,,,4393,9621848.9,788,F1,1,,,,,
2026-09-25,2026-09-25,CM,NSE,STK,18096,INE797F01020,JUBLFOOD,EQ,,,,,JUBILANT FOODWORKS LTD,478.5,490.0,474.1,484.55,484.55,478.9,,484.55,,,945073,458455367.45,36140,F1,1,,,,,
2026-09-25,2026-09-25,CM,NSE,STK,2783,INE0BY001018,JUBLINGREA,EQ,,,,,JUBILANT INGREVIA LIMITED,630.35,660.0,630.35,656.1,660.0,635.35,,656.1,,,372268,242172790.5,18121,F1,1,,,,,
2026-09-25,2026-09-25,CM,NSE,STK,3637,INE700A01033,JUBLPHARMA,EQ,,,,,JUBILANT PHARMOVA LTD,1059.55,1078.0,1049.2,1071.95,1075.7,1063.85,,1072.09,,,156277,167093568.05,12371,F1,1,,,,,
2026-09-25,2026-09-25,CM,NSE,STK,7109,INE412C01023,JMA,EQ,,,,,JULLUNDUR MOT AGENCY LTD,88.79,89.9,87.01,88.19,88.0,87.92,,88.19,,,4528,398858.16,158,F1,1,,,,,
2026-09-25,2026-09-25,CM,NSE,STK,764408,INE05C901015,JNPR,EQ,,,,,JUNIPER GREEN ENERGY LTD,258.95,267.3,254.65,266.05,264.15,257.7,,266.05,,,1025878,271815656.95,33941,F1,1,,,,,
2026-09-25,2026-09-25,CM,NSE,STK,22824,INE696F01016,JUNIPER,EQ,,,,,JUNIPER HOTELS LIMITED,220.29,221.98,214.73,216.29,215.8,218.41,,216.29,,,75553,16313417.79,2412,F1,1,,,,,
2026-09-25,2026-09-25,CM,NSE,STK,18553,INE682M01020,JLHL,EQ,,,,,JUPITER LIFE LINE HOSP L,269.8,269.8,262.35,265.65,264.45,267.8,,265.59,,,58557,15511539.55,4547,F1,1,,,,,
2026-09-25,2026-09-25,CM,NSE,STK,20224,INE209L01016,JWL,EQ,,,,,JUPITER WAGONS LIMITED,230.0,230.0,224.0,226.73,226.5,228.07,,226.73,,,676385,152881995.12,13410,F1,1,,,,,
2026-09-25,2026-09-25,CM,NSE,STK,29962,INE599M01018,JUSTDIAL,EQ,,,,,JUSTDIAL LTD.,670.8,675.0,662.0,672.2,669.1,672.35,,672.19,,,68435,45752362.3,3197,F1,1,,,,,
2026-09-25,2026-09-25,CM,NSE,STK,15146,INE668F01031,JYOTHYLAB,EQ,,,,,JYOTHY LABS LIMITED,192.86,192.86,189.49,191.07,190.98,192.86,,191.07,,,324174,61915791.11,14648,F1,1,,,,,
2026-09-25,2026-09-25,CM,NSE,STK,21334,INE980O01024,JYOTICNC,EQ,,,,,JYOTI CNC AUTOMATION LTD,1072.55,1087.3,1054.55,1065.1,1063.0,1072.55,,1065.12,,,793087,846788982.75,30493,F1,1,,,,,
2026-09-25,2026-09-25,CM,NSE,STK,758221,INE1M3T01017,JYOTIGLOBL,SM,,,,,JYOTI GLOBAL PLAST LTD,44.8,44.8,44.75,44.8,44.8,42.7,,44.8,,,68000,3046300.0,24,F1,2000,,,,,
2026-09-25,2026-09-25,CM,NSE,STK,764733,INE577D01013,JYOTIRES,EQ,,,,,JYOTI RESINS & ADHESIVE L,833.0,863.0,830.5,843.25,863.0,833.0,,843.57,,,6446,5420011.1,689,F1,1,,,,,
2026-09-25,2026-09-25,CM,NSE,STK,1802,INE197A01024,JYOTISTRUC,EQ,,,,,JYOTI STRUCTURES LTD,9.12,9.15,8.95,9.03,9.03,9.08,,9.03,,,6479450,58635053.71,4452,F1,1,,,,,
2026-09-25,2026-09-25,CM,NSE,STK,764743,INE533C01018,KJMCFIN,EQ,,,,,K J M C FINANCIAL SERV L,60.05,60.05,60.05,60.05,60.05,59.84,,60.05,,,56,3362.8,3,F1,1,,,,,
2026-09-25,2026-09-25,CM,NSE,STK,764748,INE879K01018,KMCSHIL,EQ,,,,,K M C SPECIALITY HOSP I L,157.92,159.11,154.01,156.23,157.2,157.92,,156.26,,,138169,21524556.51,3368,F1,1,,,,,
2026-09-25,2026-09-25,CM,NSE,STK,14667,INE157H01023,KMSUGAR,EQ,,,,,K M SUGAR MILLS LTD,29.2,33.02,29.2,32.46,32.55,29.06,,32.46,,,1179803,37741997.66,8320,F1,1,,,,,
2026-09-25,2026-09-25,CM,NSE,STK,27079,INE127T01021,KPEL,EQ,,,,,K.P. ENERGY LIMITED,219.27,226.0,219.21,222.43,223.15,221.55,,222.53,,,284030,63201110.26,5860,F1,1,,,,,
2026-09-25,2026-09-25,CM,NSE,STK,23459,INE0DEZ01013,K2INFRA,SM,,,,,K2 INFRAGEN LIMITED,43.6,43.6,41.6,42.75,42.75,41.75,,42.75,,,16200,693570.0,23,F1,600,,,,,
2026-09-25,2026-09-25,CM,NSE,STK,1805,INE900B01029,KABRAEXTRU,EQ,,,,,KABRA EXTRUSION TECHNIK L,846.4,846.4,807.0,846.4,846.4,806.1,,846.4,,,454583,381766268.8,11278,F1,1,,,,,
2026-09-25,2026-09-25,CM,NSE,STK,29192,INE0XOW01017,KKJEWELS,SM,,,,,KABRA JEWELS LIMITED,94.85,95.85,94.85,95.4,95.0,96.15,,95.4,,,3000,285700.0,3,F1,1000,,,,,
2026-09-25,2026-09-25,CM,NSE,STK,1808,INE217B01036,KAJARIACER,EQ,,,,,KAJARIA CERAMICS LTD,1214.7,1227.0,1213.0,1218.1,1215.0,1221.8,,1218.09,,,251382,306616036.5,18627,F1,1,,,,,
2026-09-25,2026-09-25,CM,NSE,STK,1811,INE437B01014,KAKATCEM,EQ,,,,,KAKATIYA CEM SUGAR &IND L,106.2,109.4,105.99,106.72,106.6,105.99,,106.72,,,1484,159262.74,35,F1,1,,,,,
2026-09-25,2026-09-25,CM,NSE,STK,758558,INE227J01012,KALPATARU,EQ,,,,,KALPATARU LIMITED,282.0,288.1,278.65,281.85,282.8,277.8,,281.9,,,128997,36644680.8,2412,F1,1,,,,,
2026-09-25,2026-09-25,CM,NSE,STK,1814,INE220B01022,KPIL,EQ,,,,,KALPATARU PROJECT INT LTD,1406.6,1418.6,1385.1,1391.2,1386.1,1399.6,,1391.19,,,128530,179476959.1,15424,F1,1,,,,,
2026-09-25,2026-09-25,CM,NSE,STK,2955,INE303R01014,KALYANKJIL,EQ,,,,,KALYAN JEWELLERS IND LTD,574.6,579.1,566.4,573.0,573.0,573.6,,573.01,,,2831344,1620551966.1,38898,F1,1,,,,,
2026-09-25,2026-09-25,CM,NSE,STK,15160,INE314G01014,KALYANIFRG,BE,,,,,KALYANI FORGE LIMITED,936.95,980.0,936.95,974.25,978.0,936.95,,974.22,,,2684,2589795.1,144,F1,1,,,,,
2026-09-25,2026-09-25,CM,NSE,STK,21119,INE029L01018,KICL,EQ,,,,,KALYANI INVEST CO LTD,4998.0,5020.0,4925.0,5009.5,5014.0,4940.5,,5008.72,,,855,4243968.0,214,F1,1,,,,,
2026-09-25,2026-09-25,CM,NSE,STK,18889,INE907A01026,KSL,EQ,,,,,KALYANI STEELS LIMITED,974.2,984.5,957.0,964.7,964.9,974.2,,964.73,,,94739,91546692.1,5297,F1,1,,,,,
2026-09-25,2026-09-25,CM,NSE,STK,762732,INE411F01010,KAMAHOLD,EQ,,,,,KAMA HOLDINGS LTD.,2215.0,2247.4,2210.3,2238.1,2240.0,2199.6,,2238.01,,,2135,4757361.2,403,F1,1,,,,,
2026-09-25,2026-09-25,CM,NSE,STK,1826,INE967C01018,KAMATHOTEL,EQ,,,,,KAMAT HOTELS (I) LTD,240.3,240.3,232.02,237.13,237.01,235.69,,237.09,,,39082,9175676.95,1264,F1,1,,,,,
2026-09-25,2026-09-25,CM,NSE,STK,13457,INE390H01020,KAMDHENU,EQ,,,,,KAMDHENU LIMITED,41.0,41.0,39.6,39.96,39.95,40.34,,39.96,,,483951,19333112.17,2429,F1,1,,,,,
2026-09-25,2026-09-25,CM,NSE,STK,13814,INE0BTI01037,KAMOPAINTS,EQ,,,,,KAMDHENU VENTURES LIMITED,4.3,4.3,4.1,4.19,4.2,4.21,,4.19,,,329674,1370819.01,1012,F1,1,,,,,
2026-09-25,2026-09-25,CM,NSE,STK,25786,INE879E01037,KANANIIND,EQ,,,,,KANANI INDUSTRIES LTD,1.4,1.42,1.4,1.4,1.41,1.41,,1.4,,,83916,118044.14,143,F1,1,,,,,
2026-09-25,2026-09-25,CM,NSE,STK,762737,INE081G01019,KANCHI,EQ,,,,,KANCHI KARPOORAM LTD.,392.0,392.0,382.3,390.5,390.95,393.85,,390.11,,,252,97391.9,36,F1,1,,,,,
2026-09-25,2026-09-25,CM,NSE,STK,765090,INE398L01017,KANCOTEA,EQ,,,,,KANCO TEA & INDS. LTD.,52.66,54.59,52.66,54.0,54.59,52.66,,54.0,,,392,21103.36,5,F1,1,,,,,
2026-09-25,2026-09-25,CM,NSE,STK,11208,INE0MOT01016,KANDARP,SM,,,,,KANDARP DG SMART BPO LTD,79.05,79.5,73.15,73.15,73.15,76.95,,73.15,,,18000,1337950.0,15,F1,1000,,,,,
2026-09-25,2026-09-25,CM,NSE,STK,766021,INE877D01025,KANOHAR,EQ,,,,,KANOHAR ELECTRICALS LTD,877.05,901.4,841.65,862.55,865.4,863.3,,862.63,,,3871540,3376326725.6,124831,F1,1,,,,,
2026-09-25,2026-09-25,CM,NSE,STK,9805,INE138C01024,KANORICHEM,BE,,,,,KANORIACHEMICALS-,191.1,199.9,183.05,198.55,199.0,191.33,,198.59,,,67459,13077051.48,654,F1,1,,,,,
2026-09-25,2026-09-25,CM,NSE,STK,1782,INE694E01014,KANPRPLA,EQ,,,,,KANPUR PLASTIPACK LIMITED,259.6,265.55,251.0,257.45,254.0,262.5,,257.43,,,19717,5092733.75,855,F1,1,,,,,
2026-09-25,2026-09-25,CM,NSE,STK,1196,INE531A01024,KANSAINER,EQ,,,,,KANSAI NEROLAC PAINTS LTD,179.41,181.4,177.35,180.63,181.0,179.41,,180.63,,,153445,27619588.99,6241,F1,1,,,,,
2026-09-25,2026-09-25,CM,NSE,STK,18967,INE542Z01028,KAPSTON,EQ,,,,,KAPSTON SERVICES LIMITED,582.75,616.2,515.0,535.7,540.0,578.1,,535.7,,,1952645,1102689418.6,25579,F1,1,,,,,
2026-09-25,2026-09-25,CM,NSE,STK,766056,INE590T01012,KARAMTARA,EQ,,,,,KARAMTARA ENGINEERING L,371.5,377.7,356.7,358.7,358.3,369.05,,358.7,,,1758524,644305018.7,35084,F1,1,,,,,
2026-09-25,2026-09-25,CM,NSE,STK,24385,INE725L01011,KARMAENG,EQ,,,,,KARMA ENERGY LIMITED,38.67,39.78,38.6,38.97,38.91,39.43,,38.97,,,2146,83743.55,46,F1,1,,,,,
2026-09-25,2026-09-25,CM,NSE,STK,8054,INE614B01018,KTKBANK,EQ,,,,,KARNATAKA BANK LIMITED,338.15,340.7,333.25,335.5,334.5,338.15,,335.5,,,680592,229207015.5,14494,F1,1,,,,,
2026-09-25,2026-09-25,CM,NSE,STK,19465,INE0MGA01012,KARNIKA,SM,,,,,KARNIKA INDUSTRIES LTD,123.9,123.9,121.65,123.0,123.0,122.55,,123.0,,,145000,17721400.0,35,F1,1000,,,,,
2026-09-25,2026-09-25,CM,NSE,STK,1838,INE036D01028,KARURVYSYA,EQ,,,,,KARUR VYSYA BANK LTD,325.0,328.65,322.2,327.95,327.0,325.0,,327.95,,,1233878,402530244.6,27541,F1,1,,,,,
2026-09-25,2026-09-25,CM,NSE,STK,24528,INE0SVY01018,KATARIA,SM,,,,,KATARIA INDUSTRIES LTD,151.2,161.0,148.0,155.8,154.25,149.0,,155.8,,,33000,5160300.0,47,F1,600,,,,,
2026-09-25,2026-09-25,CM,NSE,STK,15140,INE234I01028,KAUSHALYA,BE,,,,,KAUSHALYA INFRA DEV LTD.,826.05,849.9,826.05,835.7,848.9,859.9,,836.78,,,76,64118.2,11,F1,1,,,,,
2026-09-25,2026-09-25,CM,NSE,STK,21189,INE0Q2V01012,KLL,ST,,,,,KAUSHALYA LOGISTICS LTD,46.0,47.3,43.7,44.45,45.5,46.0,,44.45,,,121600,5405200.0,86,F1,800,,,,,
2026-09-25,2026-09-25,CM,NSE,STK,14972,INE455I01029,KSCL,EQ,,,,,KAVERI SEED CO. LTD.,798.9,845.6,777.3,804.55,814.0,783.85,,804.61,,,9425259,7624859776.75,198021,F1,1,,,,,
2026-09-25,2026-09-25,CM,NSE,STK,15248,INE641C01019,KAVDEFENCE,BE,,,,,KAVVERI DFS & WIR TEC LTD,82.3,84.5,79.52,82.34,82.6,83.0,,82.37,,,185913,15248958.08,1402,F1,1,,,,,
2026-09-25,2026-09-25,CM,NSE,STK,21173,INE0RCG01017,KCEIL,SM,,,,,KAY CEE ENERGY & INFRA L,84.25,84.25,75.15,78.75,77.6,82.4,,78.75,,,23500,1892800.0,44,F1,500,,,,,
2026-09-25,2026-09-25,CM,NSE,STK,10282,INE587G01015,KAYA,BE,,,,,KAYA LIMITED,314.55,327.8,310.25,316.8,324.8,313.05,,316.8,,,3460,1108923.05,86,F1,1,,,,,
2026-09-25,2026-09-25,CM,NSE,STK,12092,INE918Z01012,KAYNES,EQ,,,,,KAYNES TECHNOLOGY IND LTD,3530.0,3658.0,3515.0,3650.0,3650.0,3509.5,,3649.97,,,1327893,4797410567.7,74779,F1,1,,,,,
2026-09-25,2026-09-25,CM,NSE,STK,758868,INE13ZD01013,KAYTEX,SM,,,,,KAYTEX FABRICS LIMITED,58.0,58.5,56.5,56.6,56.6,57.05,,56.6,,,4000,230480.0,5,F1,800,,,,,
2026-09-25,2026-09-25,CM,NSE,STK,10296,INE0J1E01027,KCK,ST,,,,,KCK INDUSTRIES LTD,13.8,14.05,13.6,14.0,14.05,13.65,,14.0,,,47500,656250.0,13,F1,2500,,,,,
2026-09-25,2026-09-25,CM,NSE,STK,1841,INE805C01028,KCP,EQ,,,,,KCP LTD,158.45,164.52,156.65,163.29,162.74,159.18,,163.28,,,147091,23735733.76,3144,F1,1,,,,,
2026-09-25,2026-09-25,CM,NSE,STK,8849,INE790B01024,KCPSUGIND,BE,,,,,KCPSUGARINDUS,29.5,30.46,29.21,30.33,30.23,29.01,,30.34,,,101593,3037348.91,390,F1,1,,,,,
2026-09-25,2026-09-25,CM,NSE,STK,765105,INE348N01042,KDGREEN,EQ,,,,,KD GREEN INDUSTRIES LTD,50.43,53.4,49.35,50.1,50.2,50.22,,50.1,,,197677,10162832.4,835,F1,1,,,,,
2026-09-25,2026-09-25,CM,NSE,STK,14908,INE291D01011,KDDL,EQ,,,,,KDDL LIMITED,4200.0,4200.0,4018.0,4033.4,4028.7,4119.8,,4033.09,,,46381,188667217.8,9347,F1,1,,,,,
2026-09-25,2026-09-25,CM,NSE,STK,13260,INE389H01022,KEC,EQ,,,,,KEC INTL. LIMITED,395.4,398.5,391.0,396.95,396.65,395.4,,396.95,,,528148,208219119.5,16577,F1,1,,,,,
2026-09-25,2026-09-25,CM,NSE,STK,13310,INE878B01027,KEI,EQ,,,,,KEI INDUSTRIES LTD.,4636.5,4712.5,4624.0,4673.5,4673.5,4636.5,,4673.56,,,140880,657135001.0,17408,F1,1,,,,,
2026-09-25,2026-09-25,CM,NSE,STK,13430,INE164B01030,KELLTONTEC,EQ,,,,,KELLTON TECH SOL LTD,13.56,13.56,13.25,13.46,13.48,13.48,,13.46,,,1120196,15009897.03,2647,F1,1,,,,,
2026-09-25,2026-09-25,CM,NSE,STK,29547,INE15DO01012,KEN,SM,,,,,KEN ENTERPRISES LIMITED,42.15,42.75,42.15,42.75,42.75,43.75,,42.75,,,2400,101880.0,2,F1,1200,,,,,
2026-09-25,2026-09-25,CM,NSE,STK,11841,INE717A01029,KENNAMET,EQ,,,,,KENNAMETAL INDIA LIMITED,4275.8,4275.8,4129.2,4207.2,4240.0,4266.4,,4207.06,,,26620,111852651.3,5448,F1,1,,,,,
2026-09-25,2026-09-25,CM,NSE,STK,13121,INE202H01019,KERNEX,EQ,,,,,KERNEX MICROSYS(I) LTD,1706.0,1724.0,1684.0,1693.5,1697.0,1700.8,,1693.52,,,93740,159011045.6,9148,F1,1,,,,,
2026-09-25,2026-09-25,CM,NSE,STK,4981,INE087A01019,KESORAMIND,BE,,,,,KESORAM INDUSTRIES LTD,11.39,11.69,10.85,11.57,11.64,11.39,,11.57,,,353967,3973632.57,506,F1,1,,,,,
2026-09-25,2026-09-25,CM,NSE,STK,13381,INE401H01017,KKCL,EQ,,,,,KEWAL KIRAN CLOTHING LTD,472.0,476.55,465.0,467.85,465.8,469.3,,467.85,,,67003,31492893.3,1515,F1,1,,,,,
2026-09-25,2026-09-25,CM,NSE,STK,4157,INE681C01015,KEYFINSERV,EQ,,,,,KEYNOTE FIN SERV LTD.,232.0,238.45,225.2,227.35,227.0,231.65,,227.35,,,1538,350362.25,116,F1,1,,,,,
2026-09-25,2026-09-25,CM,NSE,STK,12219,INE263M01029,RUSTOMJEE,EQ,,,,,KEYSTONE REALTORS LIMITED,364.05,372.9,360.7,366.5,364.0,364.0,,366.48,,,537143,195649242.4,3326,F1,1,,,,,
2026-09-25,2026-09-25,CM,NSE,STK,13359,INE138Y01010,KFINTECH,EQ,,,,,KFIN TECHNOLOGIES LIMITED,897.95,908.7,887.95,888.8,888.8,897.95,,888.56,,,436454,391716647.7,21494,F1,1,,,,,
2026-09-25,2026-09-25,CM,NSE,STK,433,INE834I01025,KHADIM,BE,,,,,KHADIM INDIA LIMITED,120.0,120.0,118.09,118.1,118.1,120.49,,119.3,,,12146,1438451.57,56,F1,1,,,,,
2026-09-25,2026-09-25,CM,NSE,STK,3912,INE731C01018,KHAITANLTD,EQ,,,,,KHAITAN (INDIA)LTD.,148.0,149.5,143.0,146.01,147.99,150.34,,146.05,,,2475,362331.48,86,F1,1,,,,,
2026-09-25,2026-09-25,CM,NSE,STK,896,INE745B01028,KHAICHEM,EQ,,,,,KHAITAN CHEM & FERT LTD,49.41,50.0,49.0,49.59,49.59,49.41,,49.59,,,75324,3721257.02,1403,F1,1,,,,,
2026-09-25,2026-09-25,CM,NSE,STK,9641,INE060B01014,KHANDSE,EQ,,,,,KHANDWALA SECURITIES LTD,18.47,18.47,17.13,17.82,17.82,18.07,,17.82,,,2115,37063.87,84,F1,1,,,,,
2026-09-25,2026-09-25,CM,NSE,STK,766214,INE0HOL01013,KHERIAAUTO,ST,,,,,KHERIA AUTOCOMP LIMITED,102.0,103.9,97.9,99.6,99.05,103.05,,99.6,,,248400,24905100.0,163,F1,1200,,,,,
2026-09-25,2026-09-25,CM,NSE,STK,9570,INE00UG01014,KHFM,SM,,,,,KHFM HOS FAC MANA SER LTD,40.2,43.9,40.2,42.25,43.9,43.45,,42.25,,,23250,962472.5,15,F1,1550,,,,,
2026-09-25,2026-09-25,CM,NSE,STK,762747,INE338F01015,KLBRENG-B,EQ,,,,,KILBURN ENGINEERING LTD.,517.9,527.2,516.1,521.75,519.0,517.9,,521.84,,,87220,45528508.65,3549,F1,1,,,,,
2026-09-25,2026-09-25,CM,NSE,STK,19941,INE729D01010,KILITCH,BE,,,,,KILITCH DRUGS INDIA LTD,217.23,227.0,211.0,224.27,225.95,217.23,,224.23,,,32455,7216159.7,357,F1,1,,,,,
2026-09-25,2026-09-25,CM,NSE,STK,18944,INE473D01015,KINGFA,EQ,,,,,KINGFA SCI & TEC IND LTD.,6279.0,6279.0,6175.0,6237.5,6211.0,6228.5,,6237.48,,,5672,35327913.0,2063,F1,1,,,,,
2026-09-25,2026-09-25,CM,NSE,STK,19126,INE880L01014,KIOCL,EQ,,,,,KIOCL LIMITED,340.0,346.0,338.05,340.75,340.9,340.65,,340.73,,,59387,20274076.1,2603,F1,1,,,,,
2026-09-25,2026-09-25,CM,NSE,STK,762742,INE555P01013,KIRANVYPAR,EQ,,,,,KIRAN VYAPAR LTD.,203.41,208.99,191.0,201.15,199.0,203.41,,200.74,,,3929,786270.56,160,F1,1,,,,,
2026-09-25,2026-09-25,CM,NSE,STK,16639,INE415I01015,KIRIINDUS,EQ,,,,,KIRI INDUSTRIES LIMITED,563.0,570.0,552.15,557.5,559.8,559.9,,557.51,,,631430,353238656.6,13082,F1,1,,,,,
2026-09-25,2026-09-25,CM,NSE,STK,18581,INE732A01036,KIRLOSBROS,EQ,,,,,KIRLOSKAR BROTHERS LTD,1768.4,1790.5,1755.8,1771.9,1774.0,1768.4,,1771.91,,,22399,39649852.4,3889,F1,1,,,,,
2026-09-25,2026-09-25,CM,NSE,STK,18220,INE134B01017,KECL,EQ,,,,,KIRLOSKAR ELECTRIC CO LTD,125.65,127.5,121.21,126.17,127.25,122.75,,126.17,,,93028,11595913.96,1954,F1,1,,,,,
2026-09-25,2026-09-25,CM,NSE,STK,14466,INE884B01025,KIRLFER,EQ,,,,,KIRLOSKAR FERROUS IND LTD,476.45,485.0,476.45,483.2,483.45,478.2,,483.2,,,146189,70606870.1,7737,F1,1,,,,,
2026-09-25,2026-09-25,CM,NSE,STK,19025,INE250A01039,KIRLOSIND,EQ,,,,,KIRLOSKAR INDUSTRIES LTD,3635.0,3649.1,3556.0,3597.5,3601.0,3635.0,,3597.35,,,5403,19431794.5,1366,F1,1,,,,,
2026-09-25,2026-09-25,CM,NSE,STK,20936,INE146L01010,KIRLOSENG,EQ,,,,,KIRLOSKAR OIL ENG LTD,2164.0,2189.2,2125.1,2137.2,2137.2,2164.5,,2137.1,,,166543,358461019.6,18762,F1,1,,,,,
2026-09-25,2026-09-25,CM,NSE,STK,15180,INE811A01038,KIRLPNU,EQ,,,,,KIRLOSKAR PNEUMATIC COM L,699.8,699.8,685.5,691.95,690.05,697.75,,691.97,,,72155,49900029.65,5898,F1,1,,,,,
2026-09-25,2026-09-25,CM,NSE,STK,28899,INE602G01020,KITEX,EQ,,,,,KITEX GARMENTS LTD,116.25,119.06,114.49,117.68,117.65,118.65,,117.66,,,551363,64177193.48,6248,F1,1,,,,,
2026-09-25,2026-09-25,CM,NSE,STK,17781,INE239T01016,KKVAPOW,SM,,,,,KKV AGRO POWERS LTD.,311.25,311.25,310.5,310.85,310.5,326.8,,310.85,,,342,106319.25,2,F1,171,,,,,
2026-09-25,2026-09-25,CM,NSE,STK,760923,INE0KNW01016,KNAGRI,EQ,,,,,KN AGRI RESOURCES LIMITED,218.5,218.5,201.05,204.76,205.0,213.63,,204.76,,,5907,1219769.38,321,F1,1,,,,,
2026-09-25,2026-09-25,CM,NSE,STK,763839,INE17QZ01016,KNACK,EQ,,,,,KNACK PACKAGING LIMITED,181.94,188.0,178.1,181.98,182.0,182.25,,181.93,,,325182,58777819.72,6338,F1,1,,,,,
2026-09-25,2026-09-25,CM,NSE,STK,27084,INE0CJD01029,KMEW,EQ,,,,,KNOWLEDGE MARINE & EN W L,2905.0,2924.7,2852.0,2865.1,2870.0,2890.6,,2864.54,,,31064,89530590.8,6674,F1,1,,,,,
2026-09-25,2026-09-25,CM,NSE,STK,758431,INE1JAR25012,KRT,RR,,,,,KNOWLEDGE REALTY TRUST,113.87,114.0,113.16,113.88,113.9,113.87,,113.88,,,1508192,171585089.2,3019,F1,1,,,,,
2026-09-25,2026-09-25,CM,NSE,STK,15283,INE634I01029,KNRCON,EQ,,,,,KNR CONSTRU LTD.,120.09,121.1,118.75,120.27,119.6,120.03,,120.27,,,800438,96032398.0,8607,F1,1,,,,,
2026-09-25,2026-09-25,CM,NSE,STK,18754,INE0Q7P01013,KODYTECH,ST,,,,,KODY TECHNOLAB LIMITED,1501.0,1539.0,1500.0,1515.0,1515.0,1527.25,,1515.0,,,2600,3924750.0,23,F1,100,,,,,
2026-09-25,2026-09-25,CM,NSE,STK,3009,INE080B01012,KOHINOOR,EQ,,,,,KOHINOOR FOODS LIMITED,31.9,31.9,30.53,31.05,31.35,30.82,,31.05,,,90283,2787951.72,1635,F1,1,,,,,
2026-09-25,2026-09-25,CM,NSE,STK,16827,INE760A01029,KOKUYOCMLN,EQ,,,,,KOKUYO CAMLIN LIMITED,77.49,77.49,76.0,76.03,76.77,76.64,,76.03,,,9366,714686.92,265,F1,1,,,,,
2026-09-25,2026-09-25,CM,NSE,STK,15124,INE094I01018,KOLTEPATIL,EQ,,,,,KOLTE PATIL DEV. LTD.,433.0,437.9,429.4,432.0,432.95,432.05,,432.03,,,33128,14345544.65,1784,F1,1,,,,,
2026-09-25,2026-09-25,CM,NSE,STK,22475,INE0QEI01011,KONSTELEC,ST,,,,,KONSTELEC ENGINEERS LTD,57.3,60.85,57.3,59.85,59.85,58.85,,59.85,,,6000,356050.0,6,F1,1000,,,,,
2026-09-25,2026-09-25,CM,NSE,STK,19287,INE0KZ301010,KONTOR,SM,,,,,KONTOR SPACE LIMITED,57.95,57.95,57.95,57.95,57.95,51.6,,57.95,,,600,34770.0,1,F1,600,,,,,
2026-09-25,2026-09-25,CM,NSE,STK,1919,INE082A01010,KOPRAN,EQ,,,,,KOPRAN LTD,271.8,287.0,270.18,284.53,283.0,270.81,,284.55,,,662546,184903714.86,9510,F1,1,,,,,
2026-09-25,2026-09-25,CM,NSE,STK,16758,INE0O4R01018,KDL,SM,,,,,KORE DIGITAL LIMITED,57.85,57.85,57.85,57.85,57.85,60.85,,57.85,,,10500,607425.0,34,F1,150,,,,,
2026-09-25,2026-09-25,CM,NSE,STK,14858,INF174KA1HJ8,GOLD1,EQ,,,,,KOTAK GOLD ETF,125.29,125.78,124.76,125.72,125.7,124.65,,125.72,,,1608175,201505189.41,5170,F1,1,,,,,
2026-09-25,2026-09-25,CM,NSE,STK,1922,INE237A01036,KOTAKBANK,EQ,,,,,KOTAK MAHINDRA BANK LTD,406.9,407.95,399.3,404.0,404.0,405.0,,404.0,,,18175573,7334446928.0,135524,F1,1,,,,,
2026-09-25,2026-09-25,CM,NSE,STK,18102,INF174K014P6,NIFTY1,EQ,,,,,KOTAK NIFTY ETF,263.58,263.58,250.0,257.49,257.8,257.16,,257.49,,,66135,17004093.58,1265,F1,1,,,,,
2026-09-25,2026-09-25,CM,NSE,STK,15061,INF174KA1A86,PSUBANK,EQ,,,,,KOTAK PSU BANK,82.21,83.69,82.21,82.95,83.44,82.92,,82.95,,,74327,6170010.02,411,F1,1,,,,,
2026-09-25,2026-09-25,CM,NSE,STK,759885,INF174KA1XV0,CHEMICAL,EQ,,,,,KOTAKMAMC - CHEMICAL,29.2,29.32,28.97,29.14,29.23,29.13,,29.14,,,228662,6660701.76,972,F1,1,,,,,
2026-09-25,2026-09-25,CM,NSE,STK,7412,INF174KA1IA5,ALPHA,EQ,,,,,KOTAKMAMC - KOTAKALPHA,52.79,53.19,52.41,52.76,52.8,52.82,,52.76,,,900108,47358849.6,2989,F1,1,,,,,
2026-09-25,2026-09-25,CM,NSE,STK,10512,INF174KA1ZF8,CONS,EQ,,,,,KOTAKMAMC - KOTAKCONS,11.73,11.79,11.68,11.75,11.79,11.73,,11.75,,,24760,290079.53,109,F1,1,,,,,
2026-09-25,2026-09-25,CM,NSE,STK,2627,INF174KA1GC5,IT,EQ,,,,,KOTAKMAMC - KOTAKIT,31.39,31.98,30.92,31.34,31.85,31.42,,31.34,,,403375,12569896.93,1255,F1,1,,,,,
2026-09-25,2026-09-25,CM,NSE,STK,13950,INF174KA1LV5,LIQUID1,EQ,,,,,KOTAKMAMC - KOTAKLIQ,1123.96,1124.42,1123.96,1124.41,1124.42,1123.96,,1124.41,,,1239705,1393939497.82,995,F1,1,,,,,
2026-09-25,2026-09-25,CM,NSE,STK,8632,INF174KA1IY5,LOWVOL1,EQ,,,,,KOTAKMAMC - KOTAKLOVOL,20.16,20.39,20.15,20.17,20.39,20.16,,20.17,,,221497,4476245.01,15542,F1,1,,,,,
2026-09-25,2026-09-25,CM,NSE,STK,8077,INF174KA1ZC5,MIDCAP,EQ,,,,,KOTAKMAMC - KOTAKMID50,18.29,18.29,17.75,17.88,18.02,17.93,,17.88,,,315970,5647718.77,1169,F1,1,,,,,
2026-09-25,2026-09-25,CM,NSE,STK,10676,INF174KA1JF2,MNC,EQ,,,,,KOTAKMAMC - KOTAKMNC,32.25,32.35,32.12,32.2,32.31,32.27,,32.2,,,25150,810204.78,388,F1,1,,,,,
2026-09-25,2026-09-25,CM,NSE,STK,13082,INF174KA1ZD3,SILVER1,EQ,,,,,KOTAKMAMC - KOTAKSILVE,22.09,22.22,21.87,22.19,22.17,21.91,,22.19,,,6897794,151962736.58,3871,F1,1,,,,,
2026-09-25,2026-09-25,CM,NSE,STK,11457,INF174KA1ZE1,NV20,EQ,,,,,KOTAKMAMC - KTKNV20ETF,13.41,13.43,13.34,13.38,13.35,13.43,,13.38,,,107771,1440736.3,330,F1,1,,,,,
2026-09-25,2026-09-25,CM,NSE,STK,30469,INF174KA1VW2,MID150,EQ,,,,,KOTAKMAMC - MID150,22.9,23.49,22.75,23.39,23.25,22.9,,23.39,,,29486,674238.23,265,F1,1,,,,,
2026-09-25,2026-09-25,CM,NSE,STK,759488,INF174KA1XS6,MOMENTUM30,EQ,,,,,KOTAKMAMC - MOMENTUM30,30.26,31.2,30.1,30.69,30.3,30.26,,30.69,,,94863,2860089.39,192,F1,1,,,,,
2026-09-25,2026-09-25,CM,NSE,STK,29758,INF174KA1VD2,MSCIINDIA,EQ,,,,,KOTAKMAMC - MSCIINDIA,28.85,29.08,28.73,28.86,28.76,28.83,,28.86,,,6659,191710.9,180,F1,1,,,,,
2026-09-25,2026-09-25,CM,NSE,STK,760709,INF174KA1YO3,NEXT50ETF,EQ,,,,,KOTAKMAMC - NEXT50ETF,72.01,74.7,71.65,73.76,73.2,72.12,,73.76,,,12521,905310.06,179,F1,1,,,,,
2026-09-25,2026-09-25,CM,NSE,STK,29944,INF174KA1UW4,NIFTY100EW,EQ,,,,,KOTAKMAMC - NIFTY100EW,34.48,34.63,33.83,34.09,34.08,34.19,,34.09,,,49398,1684455.15,382,F1,1,,,,,
2026-09-25,2026-09-25,CM,NSE,STK,764195,INF174KA1A94,PVTBANK,EQ,,,,,KOTAKMAMC - PVTBANK,26.94,29.65,26.85,27.31,27.0,26.96,,27.31,,,18480,504176.1,72,F1,1,,,,,
2026-09-25,2026-09-25,CM,NSE,STK,757946,INF174KA1WT6,QUALITY30,EQ,,,,,KOTAKMAMC - QUALITY30,19.3,20.45,19.3,20.2,19.77,19.8,,20.2,,,3040,60037.88,49,F1,1,,,,,
2026-09-25,2026-09-25,CM,NSE,STK,5851,INF174KA1ZB7,BANKNIFTY1,EQ,,,,,KOTAKMAMC-KOTAKBKETF,57.94,57.94,57.54,57.69,57.69,57.55,,57.69,,,199079,11491360.76,664,F1,1,,,,,
2026-09-25,2026-09-25,CM,NSE,STK,762752,INE972A01020,KOTIC,EQ,,,,,KOTHARI INDUSTRIAL CORP L,143.8,155.0,143.0,150.41,147.8,143.82,,150.18,,,18933,2776818.82,851,F1,1,,,,,
2026-09-25,2026-09-25,CM,NSE,STK,4594,INE720A01015,KOTHARIPET,EQ,,,,,KOTHARI PETROCHEM LTD,134.7,135.78,133.0,133.52,133.82,134.01,,133.52,,,20022,2678903.79,646,F1,1,,,,,
2026-09-25,2026-09-25,CM,NSE,STK,5528,INE823A01017,KOTHARIPRO,EQ,,,,,KOTHARI PRODUCTS LTD,67.13,68.44,66.0,67.97,67.62,67.13,,68.03,,,11027,737274.11,259,F1,1,,,,,
2026-09-25,2026-09-25,CM,NSE,STK,11648,INE419A01022,KOTARISUG,BE,,,,,KOTHARI SUG & CHEM LTD.,27.09,27.8,27.0,27.52,27.51,26.83,,27.52,,,37765,1033798.79,188,F1,1,,,,,
2026-09-25,2026-09-25,CM,NSE,STK,761337,INE0J0B01017,KOTYARK,BE,,,,,KOTYARK INDUSTRIES LTD,31.0,31.49,30.62,31.2,31.39,31.3,,31.2,,,72118,2241082.24,264,F1,1,,,,,
2026-09-25,2026-09-25,CM,NSE,STK,5192,INE177F01017,KOVAI,EQ,,,,,KOVAI MEDICAL CENTER & HO,6101.0,6148.0,6063.0,6090.5,6100.0,6101.0,,6091.63,,,3285,20016193.5,953,F1,1,,,,,
2026-09-25,2026-09-25,CM,NSE,STK,5108,INE542W01025,KPIGREEN,EQ,,,,,KPI GREEN ENERGY LIMITED,334.7,346.25,329.5,339.75,344.9,333.2,,339.71,,,1557582,522152670.5,25566,F1,1,,,,,
2026-09-25,2026-09-25,CM,NSE,STK,9683,INE04I401011,KPITTECH,EQ,,,,,KPIT TECHNOLOGIES LIMITED,517.95,519.5,507.8,519.4,519.4,516.85,,519.52,,,1244484,641050726.65,29752,F1,1,,,,,
2026-09-25,2026-09-25,CM,NSE,STK,14912,INE930H01031,KPRMILL,EQ,,,,,KPR MILL LTD.,1118.0,1120.9,1101.1,1106.4,1107.0,1113.8,,1106.52,,,79073,87705379.9,12563,F1,1,,,,,
2026-09-25,2026-09-25,CM,NSE,STK,10577,INE001B01026,KRBL,EQ,,,,,KRBL LIMITED,396.0,407.3,393.3,398.65,397.95,398.2,,398.66,,,459998,183583024.6,12505,F1,1,,,,,
2026-09-25,2026-09-25,CM,NSE,STK,1937,INE268B01013,KREBSBIO,EQ,,,,,KREBS BIOCHEMICALS & IND,58.23,59.4,55.93,56.94,57.41,57.66,,56.94,,,2532,144074.42,68,F1,1,,,,,
2026-09-25,2026-09-25,CM,NSE,STK,11480,INE524L01026,KRIDHANINF,EQ,,,,,KRIDHAN INFRA LIMITED,1.85,1.88,1.79,1.86,1.84,1.85,,1.85,,,58123,105486.26,125,F1,1,,,,,
2026-09-25,2026-09-25,CM,NSE,STK,12847,INE506W01020,KRISHANA,EQ,,,,,KRISHANA PHOSCHEM LIMITED,186.23,188.0,183.15,187.24,185.65,184.51,,187.24,,,356024,66344564.48,4193,F1,1,,,,,
2026-09-25,2026-09-25,CM,NSE,STK,16133,INE0NR701018,KRISHCA,SM,,,,,KRISHCA STRAPPING SLTN L,219.0,219.0,205.0,206.85,205.0,216.7,,206.85,,,93500,19576400.0,160,F1,500,,,,,
2026-09-25,2026-09-25,CM,NSE,STK,756782,INE0GGO01015,KRISHIVAL,EQ,,,,,KRISHIVAL FOODS LIMITED,415.0,415.0,411.5,413.4,411.5,411.3,,413.4,,,11444,4734829.15,362,F1,1,,,,,
2026-09-25,2026-09-25,CM,NSE,STK,761192,INE0J5601015,KRISHNADEF,EQ,,,,,KRISHNA DEF AND ALD IND L,1023.1,1029.1,995.0,1006.8,1015.0,1015.5,,1006.8,,,60791,61197474.6,4541,F1,1,,,,,
2026-09-25,2026-09-25,CM,NSE,STK,4847,INE967H01025,KIMS,EQ,,,,,KRISHNA INST OF MED SCI L,800.95,801.0,775.95,780.15,778.25,800.45,,780.15,,,346140,271012939.95,23360,F1,1,,,,,
2026-09-25,2026-09-25,CM,NSE,STK,6417,INE479D01038,KRITI,EQ,,,,,KRITI INDUSTRIES IND LTD,63.5,63.5,60.51,61.21,60.52,61.65,,61.25,,,6972,427786.21,173,F1,1,,,,,
2026-09-25,2026-09-25,CM,NSE,STK,11432,INE798K01010,KRITINUT,EQ,,,,,KRITI NUTRIENTS LIMITED,77.9,78.96,76.21,77.49,77.99,77.81,,77.48,,,7037,544398.83,145,F1,1,,,,,
2026-09-25,2026-09-25,CM,NSE,STK,9288,INE00Z501029,KRITIKA,EQ,,,,,KRITIKA WIRES LIMITED,5.02,5.09,5.0,5.04,5.05,5.02,,5.04,,,88017,442971.66,393,F1,1,,,,,
2026-09-25,2026-09-25,CM,NSE,STK,760624,INE1MTV01019,KRMAYURVED,SM,,,,,KRM AYURVEDA LIMITED,300.3,303.0,294.1,298.7,300.0,300.3,,298.7,,,33000,9850150.0,33,F1,1000,,,,,
2026-09-25,2026-09-25,CM,NSE,STK,25643,INE0Q3J01015,KRN,EQ,,,,,KRN HEAT EXCHANGE N REF L,1401.1,1433.4,1373.8,1381.8,1381.4,1401.6,,1381.88,,,180039,251177637.3,19600,F1,1,,,,,
2026-09-25,2026-09-25,CM,NSE,STK,24026,INE0ATZ01017,KRONOX,BE,,,,,KRONOX LAB SCIENCES LTD,205.0,206.58,198.01,206.58,206.58,196.75,,206.21,,,145260,29945712.7,843,F1,1,,,,,
2026-09-25,2026-09-25,CM,NSE,STK,25252,INE0O6601022,KROSS,EQ,,,,,KROSS LIMITED,274.85,274.99,262.22,267.87,267.11,272.9,,267.87,,,812431,218057455.51,20303,F1,1,,,,,
2026-09-25,2026-09-25,CM,NSE,STK,5359,INE08LI01020,KRSNAA,EQ,,,,,KRSNAA DIAGNOSTICS LTD,552.0,552.0,542.1,548.45,547.85,551.25,,548.45,,,23523,12870101.95,2230,F1,1,,,,,
2026-09-25,2026-09-25,CM,NSE,STK,23175,INE0QN801017,KRYSTAL,EQ,,,,,KRYSTAL INTEGRATED SER L,639.35,643.95,629.15,631.55,630.15,637.5,,631.92,,,6661,4226025.55,468,F1,1,,,,,
2026-09-25,2026-09-25,CM,NSE,STK,1949,INE999A01023,KSB,EQ,,,,,KSB LIMITED,802.15,825.45,802.15,819.1,815.25,802.15,,819.09,,,270689,220872040.95,13326,F1,1,,,,,
2026-09-25,2026-09-25,CM,NSE,STK,764753,INE953E01022,KSE,EQ,,,,,KSE LTD.,183.15,183.15,178.0,180.76,180.5,181.11,,180.76,,,6455,1165605.82,295,F1,1,,,,,
2026-09-25,2026-09-25,CM,NSE,STK,760433,INE987S01020,KSHINTL,EQ,,,,,KSH INTERNATIONAL LIMITED,1036.3,1048.0,1024.95,1035.5,1036.0,1036.0,,1035.52,,,131534,136113706.15,11027,F1,1,,,,,
2026-09-25,2026-09-25,CM,NSE,STK,10407,INE013801027,KSHITIJPOL,EQ,,,,,KSHITIJ POLYLINE LIMITED,4.81,4.81,4.81,4.81,4.81,5.06,,4.81,,,497252,2391782.12,824,F1,1,,,,,
2026-09-25,2026-09-25,CM,NSE,STK,11060,INE0D6I01023,KSOLVES,EQ,,,,,KSOLVES INDIA LIMITED,252.0,258.5,243.55,248.5,248.05,249.15,,248.53,,,44119,10932332.75,2236,F1,1,,,,,
2026-09-25,2026-09-25,CM,NSE,STK,759989,INE1SPP01016,KSR,BE,,,,,KSR FOOTWEAR LIMITED,37.2,38.6,36.06,38.49,38.55,37.8,,38.49,,,6536,247432.48,58,F1,1,,,,,
2026-09-25,2026-09-25,CM,NSE,STK,13870,INE529I01021,KUANTUM,EQ,,,,,KUANTUM PAPERS LIMITED,80.18,82.49,79.25,79.59,79.5,80.17,,79.59,,,97440,7826508.25,1468,F1,1,,,,,
2026-09-25,2026-09-25,CM,NSE,STK,764116,INE0ISX01025,KUSUMGAR,EQ,,,,,KUSUMGAR LIMITED,620.95,629.7,611.1,626.7,627.0,620.1,,626.71,,,190712,118531809.2,11380,F1,1,,,,,
2026-09-25,2026-09-25,CM,NSE,STK,762757,INE552U01010,KPL,EQ,,,,,KWALITY PHARMACEUTICALS L,3667.8,3774.4,3639.0,3672.3,3660.0,3642.1,,3672.27,,,32185,119004723.5,6856,F1,1,,,,,
2026-09-25,2026-09-25,CM,NSE,STK,760946,INE2KCE01013,KWIL,EQ,,,,,KWALITY WALL'S (INDIA) L,40.8,41.55,40.45,41.03,41.09,40.81,,41.03,,,5147575,210784718.71,20765,F1,1,,,,,
2026-09-25,2026-09-25,CM,NSE,STK,765100,INE341H01023,LKPSEC,EQ,,,,,L K P SECURITIES LTD.,15.06,15.34,14.76,15.02,15.02,15.02,,15.04,,,12106,181531.85,75,F1,1,,,,,
2026-09-25,2026-09-25,CM,NSE,STK,24948,INE498L01015,LTF,EQ,,,,,L&T FINANCE LIMITED,284.95,285.75,280.05,284.0,284.0,282.0,,284.0,,,6184736,1750501921.85,50982,F1,1,,,,,
2026-09-25,2026-09-25,CM,NSE,STK,18564,INE010V01017,LTTS,EQ,,,,,L&T TECHNOLOGY SER. LTD.,3218.6,3229.0,3178.0,3206.1,3210.0,3209.1,,3206.27,,,23468,75086050.6,7300,F1,1,,,,,
2026-09-25,2026-09-25,CM,NSE,STK,14423,INE059D01020,LAOPALA,EQ,,,,,LA OPALA RG LIMITED,159.63,161.79,159.02,160.78,160.17,160.21,,160.78,,,40051,6427647.59,1295,F1,1,,,,,
2026-09-25,2026-09-25,CM,NSE,STK,764761,INE519D01015,LADDERUP,BE,,,,,LADDERUP FINANCE LTD.,52.06,54.99,52.0,52.0,52.0,53.63,,52.0,,,1072,55883.25,15,F1,1,,,,,
2026-09-25,2026-09-25,CM,NSE,STK,5865,INE548Z01017,LAGNAM,EQ,,,,,LAGNAM SPINTEX LIMITED,76.48,76.48,73.15,74.99,74.99,74.99,,74.99,,,938,70029.62,31,F1,1,,,,,
2026-09-25,2026-09-25,CM,NSE,STK,762762,INE515C01023,LAHOTIOV,EQ,,,,,LAHOTI OVERSEAS LTD.,39.8,40.0,38.9,39.9,39.8,38.28,,39.9,,,3662,144353.33,41,F1,1,,,,,
2026-09-25,2026-09-25,CM,NSE,STK,7902,INE850E01012,LFIC,EQ,,,,,LAKSHMI FIN IND CORP LTD,136.0,136.36,132.3,133.06,132.5,136.36,,133.06,,,655,87304.5,51,F1,1,,,,,
2026-09-25,2026-09-25,CM,NSE,STK,764763,INE938C01019,LAKSHMIMIL,EQ,,,,,LAKSHMI MILLS CO. LTD.,8001.0,8001.0,7600.0,7729.0,7748.0,7780.5,,7729.0,,,87,670274.5,33,F1,1,,,,,
2026-09-25,2026-09-25,CM,NSE,STK,4774,INE651C01018,LAKPRE,BZ,,,,,LAKSHMI PRE SCRE LTD,5.09,5.09,5.09,5.09,5.09,5.09,,5.2,,,610,3104.9,3,F1,1,,,,,
2026-09-25,2026-09-25,CM,NSE,STK,25860,INE0VZS01015,LAKSHYA,SM,,,,,LAKSHYA POWERTECH LIMITED,113.15,113.15,110.0,113.15,113.15,107.8,,113.15,,,17600,1985920.0,19,F1,800,,,,,
2026-09-25,2026-09-25,CM,NSE,STK,765361,INE0K9O01026,LALITHAA,EQ,,,,,LALITHAA JEWELLERY MART L,389.0,389.0,355.2,366.35,366.5,370.5,,366.35,,,11964094,4434065392.25,127391,F1,1,,,,,
2026-09-25,2026-09-25,CM,NSE,STK,6407,INE112F01022,LAMBODHARA,EQ,,,,,LAMBODHARA TEXTILES LTD.,147.0,154.5,141.05,144.57,141.2,139.46,,144.69,,,644953,95758093.12,8239,F1,1,,,,,
2026-09-25,2026-09-25,CM,NSE,STK,27225,INE0R0201012,LAMOSAIC,ST,,,,,LAMOSAIC INDIA LIMITED,51.7,51.7,48.65,48.75,48.75,51.0,,48.75,,,216600,10835610.0,47,F1,600,,,,,
2026-09-25,2026-09-25,CM,NSE,STK,9392,INE359U01028,LANCER,EQ,,,,,LANCER CONTAINER LINES L,11.59,11.77,11.5,11.62,11.62,11.59,,11.62,,,111096,1289048.64,506,F1,1,,,,,
2026-09-25,2026-09-25,CM,NSE,STK,23030,INE572G01025,LANCORHOL,BE,,,,,LANCOR HOLDINGS LIMITED,35.4,35.4,32.45,33.59,33.89,34.03,,33.59,,,60196,2013437.79,182,F1,1,,,,,
2026-09-25,2026-09-25,CM,NSE,STK,13276,INE559R01029,LANDMARK,EQ,,,,,LANDMARK CARS LIMITED,489.05,492.95,482.2,488.55,487.0,489.05,,488.55,,,54874,26689923.55,3374,F1,1,,,,,
2026-09-25,2026-09-25,CM,NSE,STK,16863,INE197J01017,LPDC,EQ,,,,,LANDMARK PR.DEV.CO.LTD,6.6,6.69,6.42,6.51,6.48,6.63,,6.51,,,20129,131303.87,187,F1,1,,,,,
2026-09-25,2026-09-25,CM,NSE,STK,17376,INE688J01023,LANDSMILL,EQ,,,,,LANDSMILL GREEN LIMITED,0.53,0.62,0.52,0.62,0.62,0.52,,0.63,,,6935351,3917366.2,692,F1,1,,,,,
2026-09-25,2026-09-25,CM,NSE,STK,11483,INE018A01030,LT,EQ,,,,,LARSEN & TOUBRO LTD.,3865.0,3887.5,3842.4,3876.2,3876.2,3858.4,,3876.21,,,1230579,4751832101.1,67845,F1,1,,,,,
2026-09-25,2026-09-25,CM,NSE,STK,764126,INE17IR01028,LASERPOWER,EQ,,,,,LASER POWER & INFRA LTD,276.9,276.9,270.5,272.1,272.5,274.5,,272.1,,,364686,99474264.8,8592,F1,1,,,,,
2026-09-25,2026-09-25,CM,NSE,STK,6818,INE0I7C01011,LATENTVIEW,EQ,,,,,LATENT VIEW ANALYTICS LTD,245.0,245.75,240.5,243.75,243.05,245.4,,243.76,,,382848,92946713.4,12173,F1,1,,,,,
2026-09-25,2026-09-25,CM,NSE,STK,15840,INE262Z01023,LATTEYS,EQ,,,,,LATTEYS INDUSTRIES LTD,20.0,20.9,20.0,20.67,20.88,20.08,,20.67,,,77039,1575426.85,160,F1,1,,,,,
2026-09-25,2026-09-25,CM,NSE,STK,19234,INE947Q01028,LAURUSLABS,EQ,,,,,LAURUS LABS LIMITED,2026.0,2040.0,1979.2,2007.0,2007.0,2026.2,,2006.8,,,1442142,2880436225.1,41192,F1,1,,,,,
2026-09-25,2026-09-25,CM,NSE,STK,6568,INE801V01019,LAXMICOT,EQ,,,,,LAXMI COTSPIN LIMITED,13.11,13.5,12.71,13.31,13.33,13.23,,13.31,,,5195,68074.61,66,F1,1,,,,,
2026-09-25,2026-09-25,CM,NSE,STK,29171,INE0WO601020,LAXMIDENTL,EQ,,,,,LAXMI DENTAL LIMITED,197.05,200.84,196.02,199.07,200.5,197.05,,199.1,,,64495,12828271.09,3366,F1,1,,,,,
2026-09-25,2026-09-25,CM,NSE,STK,19876,INE258Y01016,LGHL,EQ,,,,,LAXMI GOLDORNA HOUSE LTD,183.51,183.51,180.31,182.99,183.0,181.48,,182.99,,,27844,5069877.71,119,F1,1,,,,,
2026-09-25,2026-09-25,CM,NSE,STK,758863,INE06WU01026,LAXMIINDIA,EQ,,,,,LAXMI INDIA FINANCE LTD,121.0,123.45,116.99,122.06,121.1,120.66,,122.06,,,280318,33602995.82,2549,F1,1,,,,,
2026-09-25,2026-09-25,CM,NSE,STK,2841,INE576O01020,LXCHEM,EQ,,,,,LAXMI ORGANIC INDUS LTD,180.79,182.99,178.9,181.42,181.98,180.61,,181.42,,,617908,111900333.71,12812,F1,1,,,,,
2026-09-25,2026-09-25,CM,NSE,STK,7529,INE938A01021,LCCINFOTEC,EQ,,,,,LCC INFOTECH LTD,4.23,4.23,4.04,4.23,4.23,4.03,,4.23,,,590793,2483606.33,471,F1,1,,,,,
2026-09-25,2026-09-25,CM,NSE,STK,766044,INE1FPN01026,LCCPROJECT,EQ,,,,,LCC PROJECTS LIMITED,150.5,154.8,146.21,149.14,148.8,144.22,,149.19,,,7022813,1053199248.22,58279,F1,1,,,,,
2026-09-25,2026-09-25,CM,NSE,STK,760300,INE0G1L01025,LEMERITE,EQ,,,,,LE MERITE EXPORTS LIMITED,20.01,21.54,20.01,21.06,21.3,20.59,,21.06,,,219022,4559388.91,628,F1,1,,,,,
2026-09-25,2026-09-25,CM,NSE,STK,24067,INE0HV901016,IXIGO,EQ,,,,,LE TRAVENUES TECHNOLOGY L,159.85,160.29,156.22,156.8,156.7,159.31,,156.81,,,1248580,196136693.3,11339,F1,1,,,,,
2026-09-25,2026-09-25,CM,NSE,STK,14204,INE0H4B01011,LRRPL,SM,,,,,LEAD REC AND RUB PROD LTD,97.0,97.0,93.5,93.5,93.5,98.0,,93.5,,,10500,1008750.0,4,F1,1500,,,,,
2026-09-25,2026-09-25,CM,NSE,STK,764523,INE00GO01025,LEAPIND,EQ,,,,,LEAP INDIA LIMITED,143.0,143.64,138.88,139.92,140.0,143.09,,139.92,,,1105790,155674119.47,15181,F1,1,,,,,
2026-09-25,2026-09-25,CM,NSE,STK,765098,INE791B01014,LEENEE,BE,,,,,LEE & NEE SOFTWARES (E) L,7.99,8.18,7.41,7.61,7.6,7.8,,7.61,,,25593,198143.98,62,F1,1,,,,,
2026-09-25,2026-09-25,CM,NSE,STK,757014,INE0AQ201015,THELEELA,EQ,,,,,LEELA PALACES HOTEL LTD,525.0,551.5,525.0,546.15,544.9,533.2,,546.2,,,144533,78241020.55,13562,F1,1,,,,,
2026-09-25,2026-09-25,CM,NSE,STK,2606,INE970X01018,LEMONTREE,EQ,,,,,LEMON TREE HOTELS LTD,106.8,107.04,104.86,106.15,106.2,106.72,,106.14,,,1851366,196077085.14,15470,F1,1,,,,,
2026-09-25,2026-09-25,CM,NSE,STK,759605,INE956O01016,LENSKART,EQ,,,,,LENSKART SOLUTIONS LTD,676.5,683.6,668.0,680.25,680.25,676.0,,680.25,,,2373847,1602055023.75,76856,F1,1,,,,,
2026-09-25,2026-09-25,CM,NSE,STK,14459,INE500X01013,LEXUS,EQ,,,,,LEXUS GRANITO (INDIA) LTD,12.49,12.7,12.03,12.18,12.19,12.19,,12.18,,,15220,186123.88,148,F1,1,,,,,
2026-09-25,2026-09-25,CM,NSE,STK,18321,INE337A01034,LGBBROSLTD,EQ,,,,,LG BALAKRISHNAN & BROS,1750.0,1778.0,1730.0,1735.3,1730.0,1745.3,,1735.34,,,16354,28676130.2,3183,F1,1,,,,,
2026-09-25,2026-09-25,CM,NSE,STK,760213,INE324D01010,LGEINDIA,EQ,,,,,LG ELECTRONICS INDIA LTD,1711.0,1734.2,1687.2,1725.4,1725.4,1697.7,,1725.42,,,883000,1518968712.8,86078,F1,1,,,,,
2026-09-25,2026-09-25,CM,NSE,STK,11082,INE908V01012,LIBAS,EQ,,,,,LIBAS CONSU PRODUCTS LTD,12.35,12.65,11.87,12.38,12.49,12.02,,12.38,,,54262,665917.49,291,F1,1,,,,,
2026-09-25,2026-09-25,CM,NSE,STK,1994,INE557B01019,LIBERTSHOE,EQ,,,,,LIBERTY SHOES LTD,240.8,242.0,234.5,235.92,237.67,237.84,,235.92,,,21983,5211552.16,986,F1,1,,,,,
2026-09-25,2026-09-25,CM,NSE,STK,1997,INE115A01026,LICHSGFIN,EQ,,,,,LIC HOUSING FINANCE LTD,564.75,569.55,558.6,566.0,566.0,564.25,,566.04,,,1070523,603942775.3,16819,F1,1,,,,,
2026-09-25,2026-09-25,CM,NSE,STK,25640,INF767K01SM1,LICMFGOLD,EQ,,,,,LIC MF - LIC GOLD ETF,135.2,135.85,134.7,135.7,135.75,134.5,,135.68,,,16779,2269763.1,301,F1,1,,,,,
2026-09-25,2026-09-25,CM,NSE,STK,11319,INF767K01OS7,LICNETFN50,EQ,,,,,LICNAMC - LICNFENGP,260.13,261.32,259.13,260.11,259.96,260.13,,260.09,,,356,92771.46,25,F1,1,,,,,
2026-09-25,2026-09-25,CM,NSE,STK,11441,INF767K01OT5,LICNETFSEN,EQ,,,,,LICNAMC - LICNFESGP,840.4,840.4,829.39,829.39,829.39,835.18,,829.39,,,66,54760.71,4,F1,1,,,,,
2026-09-25,2026-09-25,CM,NSE,STK,15229,INF767K01PC8,LICNFNHGP,EQ,,,,,LICNAMC - LICNFNHGP,269.09,275.87,266.01,267.86,268.54,275.99,,267.87,,,2439,649325.56,42,F1,1,,,,,
2026-09-25,2026-09-25,CM,NSE,STK,6062,INF767K01MV5,LICNETFGSC,EQ,,,,,LICNAMC - LICNMFET,29.08,29.32,29.06,29.07,29.07,29.16,,29.07,,,14187,412674.27,77,F1,1,,,,,
2026-09-25,2026-09-25,CM,NSE,STK,22722,INF767K01RN1,LICNMID100,EQ,,,,,LICNAMC - LICNMID100,61.29,62.21,61.03,61.67,61.67,61.29,,61.13,,,2811,172498.72,75,F1,1,,,,,
2026-09-25,2026-09-25,CM,NSE,STK,9480,INE0J1Y01017,LICI,EQ,,,,,LIFE INSURA CORP OF INDIA,404.0,410.05,403.05,409.05,409.05,406.0,,409.05,,,11594970,4722467836.7,85536,F1,1,,,,,
2026-09-25,2026-09-25,CM,NSE,STK,578,INE060901027,LIKHITHA,EQ,,,,,LIKHITHA INFRASTRUC LTD,225.12,234.53,225.0,230.23,231.72,227.38,,230.24,,,35441,8127813.84,1192,F1,1,,,,,
2026-09-25,2026-09-25,CM,NSE,STK,6951,INE802B01027,LINC,EQ,,,,,LINC LIMITED,93.16,94.15,91.23,93.23,93.37,92.24,,93.25,,,5802,539506.29,253,F1,1,,,,,
2026-09-25,2026-09-25,CM,NSE,STK,11596,INE405C01035,LINCOLN,EQ,,,,,LINCOLN PHARMA LTD,595.1,604.8,586.85,591.0,590.5,594.65,,590.94,,,24670,14580614.2,2102,F1,1,,,,,
2026-09-25,2026-09-25,CM,NSE,STK,1627,INE473A01011,LINDEINDIA,EQ,,,,,LINDE INDIA LIMITED,6185.0,6203.5,6102.5,6142.5,6145.0,6196.5,,6143.38,,,9751,59865071.0,4030,F1,1,,,,,
2026-09-25,2026-09-25,CM,NSE,STK,17801,INE093R01011,LLOYDSENGG,EQ,,,,,LLOYDS ENGG WORK LIMITED,91.23,99.65,89.06,98.56,98.62,90.91,,98.56,,,60674433,5882608617.88,223114,F1,1,,,,,
2026-09-25,2026-09-25,CM,NSE,STK,25807,INE080I01025,LLOYDSENT,EQ,,,,,LLOYDS ENTERPRISES LTD,75.58,81.4,74.49,79.67,79.59,75.58,,79.67,,,11961867,945001476.36,67000,F1,1,,,,,
2026-09-25,2026-09-25,CM,NSE,STK,11472,INE0DTQ01028,LLOYDS,SM,,,,,LLOYDS LUXURIES LIMITED,59.0,63.0,58.7,63.0,63.0,61.7,,63.0,,,12000,727200.0,12,F1,1000,,,,,
2026-09-25,2026-09-25,CM,NSE,STK,17313,INE281B01032,LLOYDSME,EQ,,,,,LLOYDS METALS N ENERGY L,1822.0,1851.0,1808.7,1838.0,1832.0,1821.9,,1838.05,,,317553,581463913.4,22721,F1,1,,,,,
2026-09-25,2026-09-25,CM,NSE,STK,1979,INE269B01029,LMW,EQ,,,,,LMW LIMITED,17146.0,17270.0,17051.0,17133.0,17140.0,17136.0,,17133.22,,,2399,41138954.0,1221,F1,1,,,,,
2026-09-25,2026-09-25,CM,NSE,STK,3220,INE670K01029,LODHA,EQ,,,,,LODHA DEVELOPERS LIMITED,1150.0,1170.3,1147.0,1165.0,1165.0,1158.0,,1164.99,,,818279,948385770.0,22506,F1,1,,,,,
2026-09-25,2026-09-25,CM,NSE,STK,764296,INE0QJW01029,LCL,EQ,,,,,LOHIA CORP LIMITED,574.8,609.4,573.25,594.7,590.5,575.55,,594.71,,,1672547,999991065.75,81031,F1,1,,,,,
2026-09-25,2026-09-25,CM,NSE,STK,13436,INE397H01017,LOKESHMACH,EQ,,,,,LOKESH MACHINES LTD,342.25,345.65,335.6,340.2,338.2,342.9,,340.2,,,20313,6923690.5,983,F1,1,,,,,
2026-09-25,2026-09-25,CM,NSE,STK,18232,INE846D01012,LORDSCHLO,EQ,,,,,LORDS CHLORO ALKALI LTD,138.1,153.8,133.12,148.2,148.0,134.5,,148.19,,,302916,43341800.54,2969,F1,1,,,,,
2026-09-25,2026-09-25,CM,NSE,STK,14924,INE740X01023,LAL,EQ,,,,,LORENZINI APPARELS LTD,9.2,9.22,8.63,8.83,8.82,9.07,,8.83,,,15168,135400.85,130,F1,1,,,,,
2026-09-25,2026-09-25,CM,NSE,STK,764768,INE026D01011,LOTUSCHO,EQ,,,,,LOTUS CHOCOLATE CO. LTD.,566.15,578.9,554.6,556.6,555.0,566.15,,556.91,,,3140,1787970.8,339,F1,1,,,,,
2026-09-25,2026-09-25,CM,NSE,STK,16807,INE947I01017,LOTUSEYE,EQ,,,,,LOTUS EYE HOSP & INST L,113.23,115.5,112.2,115.07,114.0,113.23,,115.16,,,6263,718047.35,235,F1,1,,,,,
2026-09-25,2026-09-25,CM,NSE,STK,22415,INE597L01014,LOVABLE,EQ,,,,,LOVABLE LINGERIE LTD,69.83,70.78,69.5,69.68,69.52,69.7,,69.68,,,4906,343073.17,236,F1,1,,,,,
2026-09-25,2026-09-25,CM,NSE,STK,10590,INE970D01010,LOYALTEX,EQ,,,,,LOYAL TEXTILE MILLS LTD,231.8,231.8,215.25,222.19,223.9,223.98,,222.9,,,993,219020.6,78,F1,1,,,,,
2026-09-25,2026-09-25,CM,NSE,STK,13816,INE818H01020,LTFOODS,EQ,,,,,LT FOODS LIMITED,424.0,429.35,418.9,422.35,422.8,424.5,,422.35,,,248790,105186897.85,18246,F1,1,,,,,
2026-09-25,2026-09-25,CM,NSE,STK,17818,INE214T01019,LTM,EQ,,,,,LTM LIMITED,4038.0,4083.0,3996.0,4083.0,4083.0,4038.0,,4082.47,,,302018,1223203211.2,21453,F1,1,,,,,
2026-09-25,2026-09-25,CM,NSE,STK,14014,INE872H01027,LUMAXTECH,EQ,,,,,LUMAX AUTO TECH LTD,2074.8,2091.5,2022.0,2026.8,2025.5,2068.8,,2026.91,,,68866,141013777.8,13457,F1,1,,,,,
2026-09-25,2026-09-25,CM,NSE,STK,2018,INE162B01018,LUMAXIND,EQ,,,,,LUMAX INDUSTRIES LTD,5685.5,5824.5,5663.5,5769.0,5810.0,5732.5,,5768.8,,,4537,26144358.5,2232,F1,1,,,,,
2026-09-25,2026-09-25,CM,NSE,STK,765524,INE185Q01025,LUMINO,EQ,,,,,LUMINO INDUSTRIES LIMITED,107.8,108.51,104.0,105.26,105.35,107.22,,105.26,,,4053465,428337079.54,22738,F1,1,,,,,
2026-09-25,2026-09-25,CM,NSE,STK,10440,INE326A01037,LUPIN,EQ,,,,,LUPIN LIMITED,2091.3,2095.7,2077.5,2092.0,2092.0,2100.7,,2092.0,,,431672,900236835.7,27400,F1,1,,,,,
2026-09-25,2026-09-25,CM,NSE,STK,11301,INE150G01020,LUXIND,EQ,,,,,LUX INDUSTRIES LIMITED,1166.0,1218.0,1156.0,1174.7,1170.0,1167.8,,1174.67,,,50486,60207011.0,4896,F1,1,,,,,
2026-09-25,2026-09-25,CM,NSE,STK,7248,INE933A01014,LYKALABS,BE,,,,,LYKA LABS LTD.,86.5,86.5,85.85,85.85,85.85,87.0,,85.9,,,3962,341205.97,31,F1,1,,,,,
2026-09-25,2026-09-25,CM,NSE,STK,758150,INE08N601015,MBEL,EQ,,,,,M AND B ENGINEERING LTD,265.9,267.25,255.4,257.7,258.6,263.95,,257.72,,,86275,22528984.35,2360,F1,1,,,,,
2026-09-25,2026-09-25,CM,NSE,STK,765120,INE227F01010,MKEXIM,EQ,,,,,M K EXIM (INDIA) LTD.,70.01,70.01,66.36,69.84,70.0,68.64,,70.1,,,30682,2106882.05,402,F1,1,,,,,
2026-09-25,2026-09-25,CM,NSE,STK,16736,INE964W01021,MKPL,EQ,,,,,M K PROTEINS LIMITED,4.06,4.06,3.99,4.03,4.04,4.01,,4.03,,,33897,136354.7,213,F1,1,,,,,
2026-09-25,2026-09-25,CM,NSE,STK,22360,INE813V01022,MCL,EQ,,,,,M TEK COPPER LIMITED,62.6,62.6,57.62,59.36,60.9,61.61,,59.36,,,82072,4918425.16,2242,F1,1,,,,,
2026-09-25,2026-09-25,CM,NSE,STK,13285,INE774D01024,M&MFIN,EQ,,,,,M&M FIN. SERVICES LTD,341.45,341.45,330.2,333.1,333.25,339.9,,333.1,,,1662139,554900108.25,42521,F1,1,,,,,
2026-09-25,2026-09-25,CM,NSE,STK,22976,INE0SGC01015,MVKAGRO,SM,,,,,M.V.K. AGRO FOOD PROD LTD,230.9,230.9,224.5,230.9,230.8,219.95,,230.9,,,1148700,265180965.0,491,F1,300,,,,,
2026-09-25,2026-09-25,CM,NSE,STK,15017,INE215I01027,MAANALU,EQ,,,,,MAAN ALUMINIUM LIMITED,103.64,104.06,99.85,100.18,100.04,102.62,,100.21,,,103573,10452384.32,1633,F1,1,,,,,
2026-09-25,2026-09-25,CM,NSE,STK,762782,INE435D01014,MCCHRLS-B,EQ,,,,,MAC CHARLES (INDIA) LTD.,685.0,685.0,650.0,681.0,682.0,677.85,,676.78,,,145,95780.1,39,F1,1,,,,,
2026-09-25,2026-09-25,CM,NSE,STK,22347,INE155Z01011,MACPOWER,EQ,,,,,MACPOWER CNC MACHINES LTD,2072.0,2084.0,2022.0,2062.5,2084.0,2061.1,,2062.5,,,22980,47075662.6,3252,F1,1,,,,,
2026-09-25,2026-09-25,CM,NSE,STK,762767,INE631R01026,MADHAVIPL,EQ,,,,,MADHAV INFRA PROJECTS L,7.41,7.86,7.36,7.52,7.53,7.59,,7.52,,,80667,609462.47,392,F1,1,,,,,
2026-09-25,2026-09-25,CM,NSE,STK,15151,INE925C01016,MADHAV,EQ,,,,,MADHAV MARBLE & GRANITE,34.12,36.0,34.0,35.77,36.0,34.46,,35.81,,,3191,113689.77,72,F1,1,,,,,
2026-09-25,2026-09-25,CM,NSE,STK,13671,INE378D01032,MADHUCON,EQ,,,,,MADHUCON PROJECTS LTD.,4.26,4.26,4.04,4.19,4.13,4.25,,4.19,,,60505,247889.3,86,F1,1,,,,,
2026-09-25,2026-09-25,CM,NSE,STK,765476,INE1P5601010,MADHURKNIT,SM,,,,,MADHUR KNIT CRAFTS LTD,47.0,47.4,45.0,47.15,47.4,45.9,,47.15,,,56400,2620680.0,34,F1,1200,,,,,
2026-09-25,2026-09-25,CM,NSE,STK,18738,INE0P6701019,MADHUSUDAN,ST,,,,,MADHUSUDAN MASALA LIMITED,229.0,235.5,229.0,235.5,235.5,224.3,,235.5,,,18000,4211950.0,18,F1,1000,,,,,
2026-09-25,2026-09-25,CM,NSE,STK,12686,INE900L01028,MBAPL,EQ,,,,,MADHYA BHARAT AGRO P. LTD,163.6,168.99,163.38,168.47,168.31,164.07,,168.47,,,596290,99893048.46,9824,F1,1,,,,,
2026-09-25,2026-09-25,CM,NSE,STK,4911,INE414A01015,MADRASFERT,EQ,,,,,MADRAS FERTILISERS LTD,60.72,61.29,60.02,60.17,60.07,60.72,,60.17,,,29816,1798498.73,599,F1,1,,,,,
2026-09-25,2026-09-25,CM,NSE,STK,762772,INE270B01035,MAFATIND,EQ,,,,,MAFATLAL INDUSTRIES LTD.,119.82,120.45,113.4,116.92,117.7,119.81,,116.8,,,88400,10336054.0,2060,F1,1,,,,,
2026-09-25,2026-09-25,CM,NSE,STK,21392,INE347W01011,MAGADSUGAR,EQ,,,,,MAGADH SUGAR & ENERGY LTD,505.45,579.0,504.05,551.45,549.2,503.0,,551.46,,,287247,158249017.85,14569,F1,1,,,,,
2026-09-25,2026-09-25,CM,NSE,STK,29482,INE613C01026,MCLOUD,EQ,,,,,MAGELLANIC CLOUD LIMITED,24.9,25.0,24.25,24.44,24.5,24.9,,24.44,,,1108651,27177225.75,3601,F1,1,,,,,
2026-09-25,2026-09-25,CM,NSE,STK,14957,INE387I01016,MAGNUM,EQ,,,,,MAGNUM VENTURES LTD.,18.65,19.9,18.65,19.02,19.32,18.65,,19.02,,,15051,289648.85,102,F1,1,,,,,
2026-09-25,2026-09-25,CM,NSE,STK,17088,INE0O1S01012,MAGSON,SM,,,,,MAGSON RETAIL AND DIST L,185.0,185.0,180.0,180.0,180.0,180.0,,180.0,,,271000,48785000.0,32,F1,1000,,,,,
2026-09-25,2026-09-25,CM,NSE,STK,5239,INE843B01013,MAHAPEXLTD,EQ,,,,,MAHA RASHTRA APEX COPR. L,50.98,52.9,50.56,51.58,51.51,51.74,,51.58,,,9986,514306.47,126,F1,1,,,,,
2026-09-25,2026-09-25,CM,NSE,STK,24937,INE0US801024,MFML,EQ,,,,,MAHALAXMI FABRIC MILLS LT,19.54,19.54,18.32,18.75,19.09,19.16,,18.83,,,2763,51847.89,34,F1,1,,,,,
2026-09-25,2026-09-25,CM,NSE,STK,7889,INE112D01035,MHLXMIRU,BE,,,,,MAHALAXMI RUBTECH LIMITED,162.9,170.81,162.8,170.81,170.81,162.68,,171.31,,,14372,2433928.25,113,F1,1,,,,,
2026-09-25,2026-09-25,CM,NSE,STK,17531,INE451L01014,MAHASTEEL,BE,,,,,MAHAMAYA STEEL INDS LTD,1255.0,1255.0,1160.6,1232.1,1230.0,1211.9,,1232.3,,,3320,3988954.2,260,F1,1,,,,,
2026-09-25,2026-09-25,CM,NSE,STK,17534,INE002S01010,MGL,EQ,,,,,MAHANAGAR GAS LTD.,1076.5,1088.0,1062.9,1071.3,1074.3,1079.6,,1071.29,,,104630,111979439.7,8021,F1,1,,,,,
2026-09-25,2026-09-25,CM,NSE,STK,2294,INE153A01019,MTNL,EQ,,,,,MAHANAGAR TELEPHONE NIGAM,23.99,23.99,23.57,23.61,23.6,23.81,,23.61,,,400259,9475406.92,1984,F1,1,,,,,
2026-09-25,2026-09-25,CM,NSE,STK,2085,INE288A01013,MAHSCOOTER,EQ,,,,,MAHARASHTRA SCOOTERS LTD,13254.0,13255.0,12936.0,13052.0,13060.0,13255.0,,13051.59,,,3959,51700000.0,1191,F1,1,,,,,
2026-09-25,2026-09-25,CM,NSE,STK,2088,INE271B01025,MAHSEAMLES,EQ,,,,,MAHARASHTRA SEAMLESS LTD,708.9,720.85,703.6,715.65,713.0,708.55,,715.6,,,210790,150427943.55,13132,F1,1,,,,,
2026-09-25,2026-09-25,CM,NSE,STK,9576,INE263W01010,MAHESHWARI,EQ,,,,,MAHESHWARI LOGISTICS LTD.,72.5,73.49,70.0,73.4,73.46,72.7,,73.4,,,8472,611473.89,125,F1,1,,,,,
2026-09-25,2026-09-25,CM,NSE,STK,2839,INE961Y01015,MAHICKRA,SM,,,,,MAHICKRA CHEMICAL LIMITED,304.8,304.8,304.8,304.8,304.8,297.0,,304.8,,,750,228600.0,1,F1,750,,,,,
2026-09-25,2026-09-25,CM,NSE,STK,2031,INE101A01026,M&M,EQ,,,,,MAHINDRA & MAHINDRA LTD,2965.0,3045.0,2965.0,3035.0,3035.0,2982.7,,3034.99,,,2080300,6264740873.0,88682,F1,1,,,,,
2026-09-25,2026-09-25,CM,NSE,STK,17603,INE215D01010,MAHEPC,EQ,,,,,MAHINDRA EPC IRRIG LTD,99.98,100.7,97.15,99.02,99.99,98.19,,99.02,,,23032,2286381.58,410,F1,1,,,,,
2026-09-25,2026-09-25,CM,NSE,STK,17333,INE998I01010,MHRIL,EQ,,,,,MAHINDRA HOLIDAYS LTD,200.0,201.15,197.29,200.0,199.0,199.71,,200.0,,,44040,8783671.3,2632,F1,1,,,,,
2026-09-25,2026-09-25,CM,NSE,STK,8050,INE813A01018,MAHLIFE,EQ,,,,,MAHINDRA LIFESPACE DEVLTD,353.0,363.5,352.0,356.85,358.0,353.9,,356.85,,,155801,55915578.4,15498,F1,1,,,,,
2026-09-25,2026-09-25,CM,NSE,STK,385,INE766P01016,MAHLOG,EQ,,,,,MAHINDRA LOGISTIC LIMITED,420.05,425.0,416.95,420.25,419.0,420.05,,420.25,,,447609,188136215.6,7719,F1,1,,,,,
2026-09-25,2026-09-25,CM,NSE,STK,24538,INE683C01011,MAITHANALL,EQ,,,,,MAITHAN ALLOYS LTD,983.35,983.9,945.75,955.15,956.15,977.1,,955.11,,,79988,76821915.2,5816,F1,1,,,,,
2026-09-25,2026-09-25,CM,NSE,STK,19809,INE0PLQ01011,MAITREYA,SM,,,,,MAITREYA MEDICARE LIMITED,116.5,116.5,111.05,112.0,111.15,116.5,,112.0,,,5600,630420.0,13,F1,400,,,,,
2026-09-25,2026-09-25,CM,NSE,STK,762780,INE201B01022,MAJESAUT,BE,,,,,MAJESTIC AUTO LTD.,373.2,373.8,363.0,366.1,366.1,369.55,,365.65,,,998,368143.7,50,F1,1,,,,,
2026-09-25,2026-09-25,CM,NSE,STK,764773,INE987A01010,MAKERSL,EQ,,,,,MAKERS LABORATORIES LTD.,192.5,192.8,188.0,188.4,188.0,189.42,,188.4,,,1595,303776.97,47,F1,1,,,,,
2026-09-25,2026-09-25,CM,NSE,STK,7965,INE389C01015,MALLCOM,EQ,,,,,MALLCOM (INDIA) LIMITED,967.55,967.55,945.0,946.85,955.0,950.8,,946.83,,,2494,2368487.35,171,F1,1,,,,,
2026-09-25,2026-09-25,CM,NSE,STK,13352,INE383H01017,MALUPAPER,EQ,,,,,MALU PAPER MILLS LIMITED,32.35,33.8,31.8,32.59,32.67,31.79,,32.59,,,14634,479770.07,124,F1,1,,,,,
2026-09-25,2026-09-25,CM,NSE,STK,28687,INE0TO701015,MAMATA,EQ,,,,,MAMATA MACHINERY LIMITED,405.0,414.4,403.2,411.9,410.1,403.8,,411.89,,,52767,21624509.35,3053,F1,1,,,,,
2026-09-25,2026-09-25,CM,NSE,STK,7413,INE830Q01018,MANAKCOAT,EQ,,,,,MAN COAT METAL & IND LTD,132.56,132.56,128.13,129.91,129.75,131.16,,129.91,,,165927,21517864.95,2613,F1,1,,,,,
2026-09-25,2026-09-25,CM,NSE,STK,11884,INE993A01026,MANINDS,EQ,,,,,MAN INDUSTRIES (I) LTD.,968.0,1039.7,955.2,1020.35,1020.0,962.85,,1020.4,,,1762428,1761640113.4,66540,F1,1,,,,,
2026-09-25,2026-09-25,CM,NSE,STK,18226,INE949H01023,MANINFRA,EQ,,,,,MAN INFRA LTD,124.17,130.5,123.24,129.95,130.5,124.17,,129.94,,,3830660,489019609.55,18845,F1,1,,,,,
2026-09-25,2026-09-25,CM,NSE,STK,7420,INE859Q01017,MANAKALUCO,EQ,,,,,MANAK ALUMINIUM CO. LTD.,35.94,35.95,35.36,35.63,35.95,35.31,,35.63,,,15840,565946.2,262,F1,1,,,,,
2026-09-25,2026-09-25,CM,NSE,STK,15199,INE015D01022,MANAKSIA,EQ,,,,,MANAKSIA LTD.,64.48,65.0,63.61,64.11,64.51,64.03,,64.11,,,21816,1400758.19,536,F1,1,,,,,
2026-09-25,2026-09-25,CM,NSE,STK,7482,INE824Q01011,MANAKSTEEL,BE,,,,,MANAKSIA STEELS LTD,102.17,107.0,100.0,105.08,105.5,102.14,,105.08,,,37873,3870180.7,238,F1,1,,,,,
2026-09-25,2026-09-25,CM,NSE,STK,13796,INE201A01024,MANALIPETC,EQ,,,,,MANALI PETROCHEMICALS LT,83.75,85.45,82.35,84.65,85.29,83.28,,84.64,,,1065632,89692874.73,8642,F1,1,,,,,
2026-09-25,2026-09-25,CM,NSE,STK,19061,INE522D01027,MANAPPURAM,EQ,,,,,MANAPPURAM FINANCE LTD,324.95,334.25,323.25,334.0,334.0,324.95,,334.0,,,4493331,1482021043.1,39627,F1,1,,,,,
2026-09-25,2026-09-25,CM,NSE,STK,759351,INE0U4H01011,MPEL,SM,,,,,MANAS POLYMER N ENERGIE L,25.4,25.45,24.3,25.25,25.25,24.25,,25.25,,,16000,404320.0,10,F1,1600,,,,,
2026-09-25,2026-09-25,CM,NSE,STK,25597,INE939X01013,MANBA,EQ,,,,,MANBA FINANCE LIMITED,140.65,140.8,138.05,139.35,139.03,140.35,,139.37,,,86634,12089050.47,994,F1,1,,,,,
2026-09-25,2026-09-25,CM,NSE,STK,23779,INE0R3T01013,MANDEEP,SM,,,,,MANDEEP AUTO INDUSTRIES L,18.0,18.05,18.0,18.05,18.05,17.75,,18.05,,,12000,216200.0,4,F1,2000,,,,,
2026-09-25,2026-09-25,CM,NSE,STK,24823,INE545L01039,MANCREDIT,EQ,,,,,MANGAL CREDIT N FINCORP L,220.53,223.9,220.1,221.93,220.1,222.52,,221.93,,,105468,23396624.02,1033,F1,1,,,,,
2026-09-25,2026-09-25,CM,NSE,STK,758748,INE0PKD01011,MEIL,EQ,,,,,MANGAL ELECTRICAL IND L,270.15,274.4,268.05,270.8,272.0,272.7,,270.79,,,28972,7851138.1,1386,F1,1,,,,,
2026-09-25,2026-09-25,CM,NSE,STK,2106,INE347A01017,MANGLMCEM,EQ,,,,,MANGALAM CEMENT LTD,1037.5,1037.5,1016.1,1028.6,1025.0,1031.5,,1028.62,,,27439,28167309.3,2777,F1,1,,,,,
2026-09-25,2026-09-25,CM,NSE,STK,11817,INE584F01014,MANGALAM,EQ,,,,,MANGALAM DRUG & CHEM LTD,31.65,32.48,31.06,31.83,31.65,31.65,,31.83,,,23815,756251.82,509,F1,1,,,,,
2026-09-25,2026-09-25,CM,NSE,STK,1593,INE0APB01032,MGEL,EQ,,,,,MANGALAM GLOBAL ENT LTD,15.79,16.19,15.54,15.99,15.99,15.63,,15.99,,,3205087,51247456.24,3201,F1,1,,,,,
2026-09-25,2026-09-25,CM,NSE,STK,6422,INE370D01013,MANORG,EQ,,,,,MANGALAM ORGANICS LIMITED,456.25,462.2,450.1,458.9,460.0,453.15,,458.89,,,3558,1627310.05,221,F1,1,,,,,
2026-09-25,2026-09-25,CM,NSE,STK,764783,INE829S01016,MSL,EQ,,,,,MANGALAM SEEDS LTD.,136.1,137.0,136.0,136.0,136.0,136.0,,138.95,,,67,9116.8,6,F1,1,,,,,
2026-09-25,2026-09-25,CM,NSE,STK,759169,INE0JYY01029,MWL,EQ,,,,,MANGALAM WORLDWIDE LTD,44.26,44.26,42.5,43.07,43.26,43.86,,43.07,,,269047,11699943.98,2034,F1,1,,,,,
2026-09-25,2026-09-25,CM,NSE,STK,24629,INE0R3101011,MIEL,SM,,,,,MANGLAM INFRA & ENG LTD,12.9,12.9,12.9,12.9,12.9,12.9,,12.9,,,2000,25800.0,1,F1,2000,,,,,
2026-09-25,2026-09-25,CM,NSE,STK,766140,INE0KWF01020,MANIKA,BE,,,,,MANIKA PLASTECH LIMITED,40.46,42.53,40.0,42.32,42.5,41.46,,42.22,,,513169,21298742.06,2230,F1,1,,,,,
2026-09-25,2026-09-25,CM,NSE,STK,760174,INE1ERK01013,MANILAM,SM,,,,,MANILAM INDUSTRIES IND L,38.0,38.0,38.0,38.0,38.0,39.0,,38.0,,,2000,76000.0,1,F1,2000,,,,,
2026-09-25,2026-09-25,CM,NSE,STK,764357,INE459N01021,MANIPALHOS,EQ,,,,,MANIPAL HEALTH ENTERPRI L,739.0,746.55,718.95,727.5,730.0,742.5,,727.47,,,608591,444106260.35,27414,F1,1,,,,,
2026-09-25,2026-09-25,CM,NSE,STK,766051,INE241U01028,MPIMANIPAL,EQ,,,,,MANIPAL PAYMENT & IDE S L,359.95,369.95,347.6,360.4,355.5,359.95,,360.38,,,1047464,375907097.55,30361,F1,1,,,,,
2026-09-25,2026-09-25,CM,NSE,STK,15380,INE634S01028,MANKIND,EQ,,,,,MANKIND PHARMA LIMITED,2488.3,2504.6,2454.4,2474.9,2474.9,2500.0,,2474.9,,,333769,829336703.2,22445,F1,1,,,,,
2026-09-25,2026-09-25,CM,NSE,STK,19015,INE0KNT01012,MVGJL,EQ,,,,,MANOJ VAIBHAV GEM N JEW L,214.7,228.85,212.35,224.38,222.85,214.8,,224.4,,,903282,201070750.49,16751,F1,1,,,,,
2026-09-25,2026-09-25,CM,NSE,STK,13753,INE784W01015,MANOMAY,EQ,,,,,MANOMAY TEX INDIA LTD,238.8,238.8,225.62,229.12,228.0,233.21,,229.0,,,178641,41307363.73,7359,F1,1,,,,,
2026-09-25,2026-09-25,CM,NSE,STK,10227,INE00VM01036,MANORAMA,EQ,,,,,MANORAMA INDUSTRIES LTD,1876.2,1890.0,1860.0,1872.8,1880.0,1882.7,,1872.82,,,117509,220378388.1,15915,F1,1,,,,,
2026-09-25,2026-09-25,CM,NSE,STK,13572,INE867A01022,MANUGRAPH,EQ,,,,,MANUGRAPH INDIA LIMITED,23.0,23.0,19.82,19.82,19.82,22.02,,19.82,,,196400,4107842.82,517,F1,1,,,,,
2026-09-25,2026-09-25,CM,NSE,STK,2112,INE882A01013,MARALOVER,EQ,,,,,MARAL OVERSEAS LTD,59.0,60.65,57.62,58.61,59.94,58.93,,58.61,,,6753,398761.83,147,F1,1,,,,,
2026-09-25,2026-09-25,CM,NSE,STK,18659,INE182D01020,MARATHON,EQ,,,,,MARATHON NXTGEN REALT LTD,408.75,416.4,405.1,411.7,414.5,410.8,,411.72,,,24860,10224227.95,1620,F1,1,,,,,
2026-09-25,2026-09-25,CM,NSE,STK,760456,INE0TD401015,MARC,ST,,,,,MARC TECHNOCRATS LIMITED,149.95,152.0,144.1,148.05,152.0,150.95,,148.05,,,3600,535260.0,3,F1,1200,,,,,
2026-09-25,2026-09-25,CM,NSE,STK,18773,INE0QP001012,MARCO,SM,,,,,MARCO CABLE & CONDUCTOR L,29.2,30.0,29.0,30.0,30.0,29.7,,30.0,,,6000,175800.0,4,F1,1500,,,,,
2026-09-25,2026-09-25,CM,NSE,STK,4067,INE196A01026,MARICO,EQ,,,,,MARICO LIMITED,822.0,824.0,807.05,819.0,819.0,824.55,,819.0,,,459905,374436966.6,15500,F1,1,,,,,
2026-09-25,2026-09-25,CM,NSE,STK,1328,INE01JE01028,MARINE,EQ,,,,,MARINE ELECTRICAL (I) LTD,404.55,418.75,396.0,413.75,414.0,401.5,,413.75,,,1423212,579549152.75,34577,F1,1,,,,,
2026-09-25,2026-09-25,CM,NSE,STK,760204,INE0FW001016,MARKOLINES,EQ,,,,,MARKOLINES PAVEMENT TEC L,168.09,170.5,166.15,169.78,169.9,167.42,,169.76,,,190364,32215611.98,1424,F1,1,,,,,
2026-09-25,2026-09-25,CM,NSE,STK,10579,INE750C01026,MARKSANS,EQ,,,,,MARKSANS PHARMA LIMITED,337.5,341.95,331.85,336.95,337.5,337.4,,336.95,,,1452979,488966070.4,39411,F1,1,,,,,
2026-09-25,2026-09-25,CM,NSE,STK,761386,INE415B01044,MARSONS,EQ,,,,,MARSONS LIMITED,124.7,126.3,122.4,122.87,122.4,124.37,,122.88,,,1463687,181170082.48,9144,F1,1,,,,,
2026-09-25,2026-09-25,CM,NSE,STK,761042,INE0X7G01013,MARUSHIKA,SM,,,,,MARUSHIKA TECHNOLOGY LTD,117.0,117.0,117.0,117.0,117.0,117.0,,117.0,,,3600,421200.0,3,F1,1200,,,,,
2026-09-25,2026-09-25,CM,NSE,STK,10999,INE585B01010,MARUTI,EQ,,,,,MARUTI SUZUKI INDIA LTD.,11997.0,12098.0,11975.0,12065.0,12065.0,11990.0,,12065.09,,,283642,3412876989.0,36473,F1,1,,,,,
2026-09-25,2026-09-25,CM,NSE,STK,2132,INE575Z01010,MDL,SM,,,,,MARVEL DECOR LIMITED,64.9,64.9,64.9,64.9,64.9,64.95,,64.9,,,1000,64900.0,1,F1,1000,,,,,
2026-09-25,2026-09-25,CM,NSE,STK,199,INE348L01012,MASFIN,EQ,,,,,MAS FINANCIAL SERV LTD,280.35,284.15,275.0,282.75,281.85,280.35,,282.73,,,226045,63061631.75,9349,F1,1,,,,,
2026-09-25,2026-09-25,CM,NSE,STK,18727,INE885F01015,MASKINVEST,EQ,,,,,MASK INVESTMENTS LIMITED,140.0,147.0,140.0,145.06,140.05,140.81,,145.06,,,177,25185.8,9,F1,1,,,,,
2026-09-25,2026-09-25,CM,NSE,STK,24278,INE0SH001010,MASON,SM,,,,,MASON INFRATECH LIMITED,107.35,113.0,107.0,113.0,113.0,110.0,,113.0,,,22500,2476625.0,40,F1,500,,,,,
2026-09-25,2026-09-25,CM,NSE,STK,2124,INE759A01021,MASTEK,EQ,,,,,MASTEK LTD,1543.6,1606.3,1515.3,1582.8,1587.0,1543.6,,1582.75,,,197473,308478586.2,21528,F1,1,,,,,
2026-09-25,2026-09-25,CM,NSE,STK,19011,INE0OJM01017,MASTER,SM,,,,,MASTER COMPONENTS LIMITED,404.0,404.0,395.0,395.0,395.0,395.05,,395.0,,,1500,597000.0,3,F1,500,,,,,
2026-09-25,2026-09-25,CM,NSE,STK,27047,INE677D01037,MASTERTR,EQ,,,,,MASTER TRUST LIMITED,85.21,86.65,82.5,84.87,84.48,85.21,,84.86,,,362110,30341242.1,2605,F1,1,,,,,
2026-09-25,2026-09-25,CM,NSE,STK,21726,INE866R01028,MATRIMONY,EQ,,,,,MATRIMONY.COM LIMITED,538.55,540.0,528.05,535.4,533.5,538.55,,535.36,,,2598,1389921.1,218,F1,1,,,,,
2026-09-25,2026-09-25,CM,NSE,STK,759945,INE132901013,MGSL,SM,,,,,MATRIX GEO SOLUTIONS LTD,69.0,71.85,69.0,70.0,70.0,66.65,,70.0,,,12000,844320.0,8,F1,1200,,,,,
2026-09-25,2026-09-25,CM,NSE,STK,17022,INE636A01039,MAWANASUG,EQ,,,,,MAWANA SUGARS LIMITED,130.0,153.51,130.0,149.64,150.5,130.7,,149.65,,,2561542,371518682.9,27053,F1,1,,,,,
2026-09-25,2026-09-25,CM,NSE,STK,19646,INE03EI01018,MAXESTATES,EQ,,,,,MAX ESTATES LIMITED,616.9,625.45,589.1,594.65,594.05,616.8,,594.68,,,156458,94374477.8,7243,F1,1,,,,,
2026-09-25,2026-09-25,CM,NSE,STK,2142,INE180A01020,MFSL,EQ,,,,,MAX FINANCIAL SERV LTD,1390.0,1463.8,1390.0,1458.0,1458.0,1410.0,,1457.94,,,3617694,5224123411.4,145991,F1,1,,,,,
2026-09-25,2026-09-25,CM,NSE,STK,22377,INE027H01010,MAXHEALTH,EQ,,,,,MAX HEALTHCARE INS LTD,1050.0,1052.0,1008.0,1014.0,1014.0,1046.0,,1014.0,,,1900715,1941752871.6,39404,F1,1,,,,,
2026-09-25,2026-09-25,CM,NSE,STK,22428,INE0CG601016,MAXIND,EQ,,,,,MAX INDIA LIMITED,147.73,149.95,146.01,148.45,147.0,149.22,,148.3,,,16908,2495286.57,638,F1,1,,,,,
2026-09-25,2026-09-25,CM,NSE,STK,21691,INE0ECC01022,MAXPOSURE,SM,,,,,MAXPOSURE LIMITED,36.7,39.1,36.7,38.75,39.1,37.05,,38.75,,,8000,305650.0,7,F1,1000,,,,,
2026-09-25,2026-09-25,CM,NSE,STK,29645,INE10A501018,MAXVOLT,SM,,,,,MAXVOLT ENERGY INDUS L,447.0,452.95,414.0,426.1,425.9,432.4,,426.1,,,122000,53234460.0,272,F1,400,,,,,
2026-09-25,2026-09-25,CM,NSE,STK,757587,INE0ZTO01018,MAYASHEEL,SM,,,,,MAYASHEEL VENTURES LTD,34.95,35.0,33.45,33.75,33.5,33.35,,33.75,,,27000,919500.0,9,F1,3000,,,,,
2026-09-25,2026-09-25,CM,NSE,STK,28906,INE040D01038,MAYURUNIQ,EQ,,,,,MAYUR UNIQUOTERS LTD,733.1,735.0,712.5,729.6,732.95,733.1,,729.59,,,122295,88135000.85,4842,F1,1,,,,,
2026-09-25,2026-09-25,CM,NSE,STK,509,INE249Z01020,MAZDOCK,EQ,,,,,MAZAGON DOCK SHIPBUIL LTD,2202.0,2217.0,2185.6,2199.6,2199.6,2202.0,,2199.7,,,426521,937086932.1,21487,F1,1,,,,,
2026-09-25,2026-09-25,CM,NSE,STK,18870,INE885E01042,MAZDA,BE,,,,,MAZDA LIMITED,278.8,280.9,270.05,280.05,280.9,267.55,,280.49,,,68878,19264430.8,548,F1,1,,,,,
2026-09-25,2026-09-25,CM,NSE,STK,18029,INE912H01013,MBLINFRA,EQ,,,,,MBL INFRASTRUCTURE LTD,20.5,21.25,20.5,21.12,21.2,20.9,,21.09,,,87140,1830073.93,264,F1,1,,,,,
2026-09-25,2026-09-25,CM,NSE,STK,11943,INE942G01012,MCLEODRUSS,EQ,,,,,MCLEOD RUSSEL INDIA LTD.,44.55,45.06,42.76,43.08,42.77,44.84,,43.08,,,627661,27250044.46,2762,F1,1,,,,,
2026-09-25,2026-09-25,CM,NSE,STK,13687,INE748A01024,MBECL,BE,,,,,MCNALLY BHARAT ENGIN CO L,456.4,456.4,456.4,456.4,456.4,447.46,,456.4,,,6303,2876689.2,142,F1,1,,,,,
2026-09-25,2026-09-25,CM,NSE,STK,14574,INE0O4M01019,MCON,SM,,,,,MCON RASAYAN INDIA LTD,43.0,43.0,41.3,41.5,41.5,41.0,,41.5,,,10000,417800.0,7,F1,1000,,,,,
2026-09-25,2026-09-25,CM,NSE,STK,21705,INE456Z01021,MEDIASSIST,EQ,,,,,MEDI ASSIST HEALTH SER L,318.3,324.95,315.75,319.85,319.0,320.3,,319.86,,,491837,157394943.9,12994,F1,1,,,,,
2026-09-25,2026-09-25,CM,NSE,STK,765113,INE442D01010,MEDICAPQ,BE,,,,,MEDI CAPS LTD.,25.2,25.3,24.6,25.08,24.75,24.99,,25.08,,,2022,50921.48,22,F1,1,,,,,
2026-09-25,2026-09-25,CM,NSE,STK,762802,INE200D01020,MMWL,EQ,,,,,MEDIA MATRIX WORLDWIDE L,14.98,15.09,14.52,15.09,15.09,14.38,,15.09,,,180905,2727849.89,103,F1,1,,,,,
2026-09-25,2026-09-25,CM,NSE,STK,6281,INE646B01010,MEDICAMEQ,BE,,,,,MEDICAMEN BIOTECH LIMITED,307.95,319.8,292.4,315.3,315.0,306.5,,315.91,,,36614,11253869.4,527,F1,1,,,,,
2026-09-25,2026-09-25,CM,NSE,STK,24239,INE0PE401018,MEDIORG,SM,,,,,MEDICAMEN ORGANICS LTD,24.15,24.15,24.15,24.15,24.15,24.15,,24.15,,,2000,48300.0,1,F1,2000,,,,,
2026-09-25,2026-09-25,CM,NSE,STK,9667,INE630Y01024,MEDICO,EQ,,,,,MEDICO REMEDIES LIMITED,33.15,33.16,26.0,26.0,26.0,32.5,,26.01,,,3539670,96316461.27,8488,F1,1,,,,,
2026-09-25,2026-09-25,CM,NSE,STK,758423,INE0UOY01019,MEDISTEP,SM,,,,,MEDISTEP HEALTHCARE LTD,19.5,19.5,19.5,19.5,19.5,19.0,,19.5,,,9000,175500.0,2,F1,3000,,,,,
2026-09-25,2026-09-25,CM,NSE,STK,7254,INE804L01022,MEDPLUS,EQ,,,,,MEDPLUS HEALTH SERV LTD,658.0,661.1,652.0,654.9,655.0,654.25,,654.89,,,122436,80292187.25,7228,F1,1,,,,,
2026-09-25,2026-09-25,CM,NSE,STK,760229,INE0VDM01015,MEESHO,EQ,,,,,MEESHO LIMITED,228.93,229.58,216.07,217.06,217.29,232.84,,217.05,,,31497166,6930568870.85,229061,F1,1,,,,,
2026-09-25,2026-09-25,CM,NSE,STK,8153,INE00EM01016,MEGASTAR,EQ,,,,,MEGASTAR FOODS LIMITED,270.0,270.0,251.25,253.6,252.55,260.9,,253.6,,,3756,955913.05,191,F1,1,,,,,
2026-09-25,2026-09-25,CM,NSE,STK,22560,INE531R01010,MEGATHERM,SM,,,,,MEGATHERM INDUCTION LTD,246.5,250.0,240.0,244.95,244.95,251.6,,244.95,,,25200,6145920.0,48,F1,400,,,,,
2026-09-25,2026-09-25,CM,NSE,STK,5394,INE0CT101020,MOL,EQ,,,,,MEGHMANI ORGANICS LIMITED,59.9,60.4,57.5,58.52,58.77,59.56,,58.52,,,1117006,65309649.66,7784,F1,1,,,,,
2026-09-25,2026-09-25,CM,NSE,STK,764778,INE898Q01015,MIIL,EQ,,,,,MEGHNA INFRACON INFRA L,706.05,710.0,695.1,704.0,705.0,703.9,,703.96,,,40352,28322600.35,1045,F1,1,,,,,
2026-09-25,2026-09-25,CM,NSE,STK,6971,INE071D01033,MENONBE,BE,,,,,MENON BEARINGS LIMITED,298.85,306.0,286.1,298.25,301.5,293.25,,297.93,,,30108,8982254.65,580,F1,1,,,,,
2026-09-25,2026-09-25,CM,NSE,STK,762790,INE650G01029,MENNPIS,BE,,,,,MENON PISTONS LTD.,72.88,74.77,70.2,71.39,72.99,72.88,,71.62,,,18164,1310638.6,149,F1,1,,,,,
2026-09-25,2026-09-25,CM,NSE,STK,25882,INE776I01010,MEP,BZ,,,,,MEP INFRA. DEVELOPERS LTD,0.66,0.66,0.66,0.66,0.66,0.65,,0.66,,,15952,10528.32,24,F1,1,,,,,
2026-09-25,2026-09-25,CM,NSE,STK,762792,INE689O01013,MERCANTILE,EQ,,,,,MERCANTILE VENTURES LTD.,22.25,22.98,22.01,22.72,22.79,22.59,,22.72,,,524,11793.74,25,F1,1,,,,,
2026-09-25,2026-09-25,CM,NSE,STK,763663,INE763M01028,MERCURYEV,EQ,,,,,MERCURY EV-TECH LIMITED,39.48,40.24,38.36,39.65,39.31,38.87,,39.64,,,236021,9252839.76,1505,F1,1,,,,,
2026-09-25,2026-09-25,CM,NSE,STK,764278,INE1II801013,METALIC,ST,,,,,METALIC TECHNOFORGE LTD,180.25,180.25,180.25,180.25,180.25,171.7,,180.25,,,70400,12689600.0,35,F1,1600,,,,,
2026-09-25,2026-09-25,CM,NSE,STK,7242,INE317I01021,METROBRAND,EQ,,,,,METRO BRANDS LIMITED,884.85,885.35,856.05,882.0,880.5,884.55,,882.07,,,120763,105787381.05,16291,F1,1,,,,,
2026-09-25,2026-09-25,CM,NSE,STK,762797,INE085D01033,METROGLOBL,EQ,,,,,METROGLOBAL LTD.,128.8,132.0,127.0,127.6,127.1,128.4,,127.6,,,962,123381.93,28,F1,1,,,,,
2026-09-25,2026-09-25,CM,NSE,STK,9581,INE112L01020,METROPOLIS,EQ,,,,,METROPOLIS HEALTHCARE LTD,584.95,589.95,572.1,582.6,582.15,582.95,,582.58,,,130509,75611556.9,9184,F1,1,,,,,
2026-09-25,2026-09-25,CM,NSE,STK,7165,INE287C01037,MICEL,BE,,,,,MIC ELECTRONICS LTD,36.1,36.1,36.1,36.1,36.1,35.4,,36.25,,,78757,2843127.7,96,F1,1,,,,,
2026-09-25,2026-09-25,CM,NSE,STK,759517,INE0XAD01024,MIDWESTLTD,EQ,,,,,MIDWEST LIMITED,942.6,956.0,925.8,929.5,927.0,942.6,,929.49,,,45309,42365793.2,5111,F1,1,,,,,
2026-09-25,2026-09-25,CM,NSE,STK,765125,INE588G01021,MLKFOOD,EQ,,,,,MILKFOOD LTD.,83.12,83.12,80.1,82.56,82.1,83.12,,82.41,,,2586,212333.87,56,F1,1,,,,,
2026-09-25,2026-09-25,CM,NSE,STK,765274,INE00IT01020,MILKYMIST,BE,,,,,MILKY MIST DAIRY FOOD L,314.9,323.6,309.7,319.3,319.97,309.16,,319.7,,,1037723,328577432.06,13625,F1,1,,,,,
2026-09-25,2026-09-25,CM,NSE,STK,159,INE376Y01016,MILTON,SM,,,,,MILTON INDUSTRIES LIMITED,34.4,35.1,34.4,35.1,35.1,34.4,,35.1,,,519200,17987420.0,11,F1,2200,,,,,
2026-09-25,2026-09-25,CM,NSE,STK,765118,INE097E01028,MINALIND,BE,,,,,MINAL INDUSTRIES LTD.,4.68,4.68,4.68,4.68,4.68,4.77,,4.69,,,2281,10675.08,23,F1,1,,,,,
2026-09-25,2026-09-25,CM,NSE,STK,25897,INE842C01021,MINDACORP,EQ,,,,,MINDA CORPORATION LTD,680.3,686.3,674.8,678.85,682.0,680.3,,678.85,,,74927,50903775.2,10539,F1,1,,,,,
2026-09-25,2026-09-25,CM,NSE,STK,22308,INE0CCU25019,MINDSPACE,RR,,,,,MINDSPACE BUSINESS P REIT,505.79,525.5,504.59,508.08,508.0,504.59,,508.21,,,150483,76449070.63,4489,F1,1,,,,,
2026-09-25,2026-09-25,CM,NSE,STK,18049,INE110B01017,MINDTECK,EQ,,,,,MINDTECK (INDIA) LIMITED,158.25,159.75,155.0,156.55,157.8,155.37,,156.59,,,10484,1637341.28,539,F1,1,,,,,
2026-09-25,2026-09-25,CM,NSE,STK,19640,INF769K01KU7,ALPHAETF,EQ,,,,,MIRAEAMC - ALPHAETF,25.51,26.18,25.51,25.96,25.95,26.03,,25.96,,,1190528,30894812.24,1155,F1,1,,,,,
2026-09-25,2026-09-25,CM,NSE,STK,17419,INF769K01KR3,BANKETF,EQ,,,,,MIRAEAMC - BANKETF,565.5,568.0,565.27,567.11,567.45,566.53,,567.11,,,20157,11422443.87,987,F1,1,,,,,
2026-09-25,2026-09-25,CM,NSE,STK,25725,INF769K01LZ4,BANKPSU,EQ,,,,,MIRAEAMC - BANKPSU,83.75,83.75,83.31,83.45,83.42,83.44,,83.45,,,5041,420797.39,54,F1,1,,,,,
2026-09-25,2026-09-25,CM,NSE,STK,28969,INF769K01NS5,CONSUMER,EQ,,,,,MIRAEAMC - CONSUMER,11.62,11.64,11.56,11.61,11.64,11.63,,11.61,,,68101,790081.5,354,F1,1,,,,,
2026-09-25,2026-09-25,CM,NSE,STK,761046,INF769K01QC2,DEFENCE,EQ,,,,,MIRAEAMC - DEFENCE,78.33,78.6,77.82,78.48,78.6,78.32,,78.48,,,93808,7338965.02,803,F1,1,,,,,
2026-09-25,2026-09-25,CM,NSE,STK,760412,INF769K01PY8,DIVIDEND,EQ,,,,,MIRAEAMC - DIVIDEND,34.71,34.8,34.54,34.78,34.8,34.71,,34.79,,,2158,74866.26,42,F1,1,,,,,
2026-09-25,2026-09-25,CM,NSE,STK,759780,INF769K01PR2,ENERGY,EQ,,,,,MIRAEAMC - ENERGY,37.97,37.97,37.5,37.67,37.7,37.64,,37.67,,,202880,7629609.83,771,F1,1,,,,,
2026-09-25,2026-09-25,CM,NSE,STK,30121,INF769K01OA1,EQUAL200,EQ,,,,,MIRAEAMC - EQUAL200,13.42,13.46,13.36,13.41,13.45,13.42,,13.41,,,11227,150359.63,57,F1,1,,,,,
2026-09-25,2026-09-25,CM,NSE,STK,757142,INF769K01OO2,EQUAL50,EQ,,,,,MIRAEAMC - EQUAL50,320.14,320.75,318.87,320.63,320.64,320.14,,320.63,,,3279,1049863.02,37,F1,1,,,,,
2026-09-25,2026-09-25,CM,NSE,STK,24461,INF769K01LQ3,EVINDIA,EQ,,,,,MIRAEAMC - EVINDIA,31.74,31.74,31.31,31.5,31.51,31.35,,31.49,,,82558,2595640.14,1216,F1,1,,,,,
2026-09-25,2026-09-25,CM,NSE,STK,760986,INF769K01QA6,HEALTHCARE,EQ,,,,,MIRAEAMC - HEALTHCARE,22.53,22.53,21.75,21.84,21.85,21.99,,21.83,,,39747,872744.79,204,F1,1,,,,,
2026-09-25,2026-09-25,CM,NSE,STK,764333,INF769K01RJ5,HYBRIDETF,EQ,,,,,MIRAEAMC - HYBRIDETF,9.98,9.98,9.9,9.93,9.92,9.94,,9.93,,,2210,21966.52,61,F1,1,,,,,
2026-09-25,2026-09-25,CM,NSE,STK,761030,INF769K01QB4,INFRA,EQ,,,,,MIRAEAMC - INFRA,11.71,11.75,11.66,11.74,11.75,11.71,,11.74,,,10187,119390.36,162,F1,1,,,,,
2026-09-25,2026-09-25,CM,NSE,STK,758595,INF769K01PB6,INTERNET,EQ,,,,,MIRAEAMC - INTERNET,14.21,14.21,13.84,13.93,13.96,14.14,,13.93,,,450393,6283244.85,640,F1,1,,,,,
2026-09-25,2026-09-25,CM,NSE,STK,19633,INF769K01KV5,ITETF,EQ,,,,,MIRAEAMC - ITETF,29.86,29.92,29.47,29.87,29.91,29.87,,29.87,,,281999,8399117.68,822,F1,1,,,,,
2026-09-25,2026-09-25,CM,NSE,STK,765313,INF769K01RK3,LARGEMID50,EQ,,,,,MIRAEAMC - LARGEMID50,35.08,35.18,34.99,35.02,35.13,35.1,,35.02,,,2230,78192.28,16,F1,1,,,,,
2026-09-25,2026-09-25,CM,NSE,STK,17572,INF769K01KS1,LIQUID,EQ,,,,,MIRAEAMC - LIQUID,974.99,1000.0,974.99,999.99,1000.0,999.99,,999.99,,,179303,179301526.28,140,F1,1,,,,,
2026-09-25,2026-09-25,CM,NSE,STK,27075,INF769K01MY5,LIQUIDPLUS,EQ,,,,,MIRAEAMC - LIQUIDPLUS,1104.94,1104.96,1104.94,1104.95,1104.96,1104.49,,1104.95,,,335120,370292771.23,248,F1,1,,,,,
2026-09-25,2026-09-25,CM,NSE,STK,1200,INF769K01GS9,ESG,EQ,,,,,MIRAEAMC - MAESGETF,39.65,39.8,39.51,39.76,39.77,39.67,,39.76,,,6570,260646.64,65,F1,1,,,,,
2026-09-25,2026-09-25,CM,NSE,STK,3507,INF769K01HF4,MAFANG,EQ,,,,,MIRAEAMC - MAFANG,237.1,239.97,230.0,238.42,239.4,231.32,,238.4,,,607693,144042026.1,12739,F1,1,,,,,
2026-09-25,2026-09-25,CM,NSE,STK,5220,INF769K01HI8,BFSI,EQ,,,,,MIRAEAMC - MAFSETF,26.04,26.15,25.95,26.11,26.12,26.04,,26.11,,,227600,5939622.27,619,F1,1,,,,,
2026-09-25,2026-09-25,CM,NSE,STK,14286,INF769K01JP9,GOLDETF,EQ,,,,,MIRAEAMC - MAGOLDETF,145.47,146.38,145.31,146.34,146.36,145.32,,146.34,,,520173,75901773.92,5204,F1,1,,,,,
2026-09-25,2026-09-25,CM,NSE,STK,14938,INF769K01KF8,GSEC10YEAR,EQ,,,,,MIRAEAMC - MAGS813ETF,29.99,30.34,29.94,29.99,29.99,29.99,,29.99,,,449,13486.85,18,F1,1,,,,,
2026-09-25,2026-09-25,CM,NSE,STK,7074,INF769K01HS7,MAHKTECH,EQ,,,,,MIRAEAMC - MAHKTECH,21.95,21.95,21.7,21.78,21.76,21.78,,21.78,,,396128,8653710.52,3797,F1,1,,,,,
2026-09-25,2026-09-25,CM,NSE,STK,8413,INF769K01IC9,MIDCAPETF,EQ,,,,,MIRAEAMC - MAM150ETF,23.0,23.17,22.81,22.96,22.98,23.0,,22.96,,,1975289,45332357.09,5632,F1,1,,,,,
2026-09-25,2026-09-25,CM,NSE,STK,7979,INF769K01IB1,MAKEINDIA,EQ,,,,,MIRAEAMC - MAMFGETF,160.93,161.75,160.47,161.55,161.43,160.93,,161.55,,,11860,1911817.87,359,F1,1,,,,,
2026-09-25,2026-09-25,CM,NSE,STK,6353,INF769K01EG9,NIFTYETF,EQ,,,,,MIRAEAMC - MAN50ETF,251.57,252.55,251.0,252.15,252.36,251.57,,252.15,,,172650,43464557.23,881,F1,1,,,,,
2026-09-25,2026-09-25,CM,NSE,STK,14786,INF769K01JU9,LOWVOL,EQ,,,,,MIRAEAMC - MANV30F,197.64,198.48,197.08,198.45,198.48,198.01,,198.45,,,485,96185.77,11,F1,1,,,,,
2026-09-25,2026-09-25,CM,NSE,STK,17181,INF769K01FN2,NEXT50,EQ,,,,,MIRAEAMC - MANXT50,738.43,743.94,736.41,741.58,742.96,738.93,,741.58,,,61149,45244873.67,6451,F1,1,,,,,
2026-09-25,2026-09-25,CM,NSE,STK,16777,INF769K01KG6,SILVERAG,EQ,,,,,MIRAEAMC - MASILVER,220.1,222.99,219.33,222.76,222.6,219.94,,222.76,,,115426,25573115.93,1974,F1,1,,,,,
2026-09-25,2026-09-25,CM,NSE,STK,5782,INF769K01HP3,MASPTOP50,EQ,,,,,MIRAEAMC - MASPTOP50,98.69,102.5,95.65,98.49,98.5,96.78,,98.49,,,1342201,133207486.19,14643,F1,1,,,,,
2026-09-25,2026-09-25,CM,NSE,STK,25744,INF769K01LY7,METAL,EQ,,,,,MIRAEAMC - METAL,13.24,13.3,13.15,13.22,13.21,13.18,,13.22,,,1601435,21160682.4,4511,F1,1,,,,,
2026-09-25,2026-09-25,CM,NSE,STK,23855,INF769K01LJ8,MIDSMALL,EQ,,,,,MIRAEAMC - MIDSMALL,51.01,51.29,50.79,50.99,51.13,50.98,,50.99,,,130473,6649523.32,1187,F1,1,,,,,
2026-09-25,2026-09-25,CM,NSE,STK,764198,INF769K01RC0,MOMMIDCAP,EQ,,,,,MIRAEAMC - MOMMIDCAP,12.82,12.83,12.7,12.76,12.77,12.79,,12.76,,,740388,9450437.07,537,F1,1,,,,,
2026-09-25,2026-09-25,CM,NSE,STK,25080,INF769K01LX9,MULTICAP,EQ,,,,,MIRAEAMC - MULTICAP,16.31,16.35,16.24,16.29,16.29,16.31,,16.29,,,48576,791374.8,464,F1,1,,,,,
2026-09-25,2026-09-25,CM,NSE,STK,30109,INF769K01ON4,SELECTIPO,EQ,,,,,MIRAEAMC - SELECTIPO,47.5,47.6,46.99,47.2,47.18,47.51,,47.2,,,63354,2989086.52,150,F1,1,,,,,
2026-09-25,2026-09-25,CM,NSE,STK,19224,INF769K01KT9,SENSEXETF,EQ,,,,,MIRAEAMC - SENSEXETF,76.5,76.5,75.95,76.34,76.25,76.18,,76.34,,,43637,3330116.77,271,F1,1,,,,,
2026-09-25,2026-09-25,CM,NSE,STK,759814,INF769K01PQ4,SMALL250,EQ,,,,,MIRAEAMC - SMALL250,18.27,18.59,18.11,18.21,18.2,18.23,,18.22,,,255806,4655837.66,652,F1,1,,,,,
2026-09-25,2026-09-25,CM,NSE,STK,22832,INF769K01LC3,SMALLCAP,EQ,,,,,MIRAEAMC - SMALLCAP,48.69,48.78,48.35,48.69,48.6,48.51,,48.69,,,607893,29536267.97,2543,F1,1,,,,,
2026-09-25,2026-09-25,CM,NSE,STK,760415,INF769K01PZ5,TOP20,EQ,,,,,MIRAEAMC - TOP20,8.5,8.55,8.5,8.55,8.55,8.5,,8.55,,,39948,340436.55,107,F1,1,,,,,
2026-09-25,2026-09-25,CM,NSE,STK,761511,INF769K01QV2,VALUE,EQ,,,,,MIRAEAMC - VALUE,15.79,15.81,15.72,15.76,15.76,15.78,,15.76,,,72466,1141075.01,81,F1,1,,,,,
2026-09-25,2026-09-25,CM,NSE,STK,4394,INE771A01026,MIRZAINT,EQ,,,,,MIRZA INTERNATIONAL LIMIT,28.6,29.29,28.6,28.92,28.9,28.9,,28.92,,,107153,3099670.16,809,F1,1,,,,,
2026-09-25,2026-09-25,CM,NSE,STK,2463,INE099Z01011,MIDHANI,EQ,,,,,MISHRA DHATU NIGAM LTD,407.0,408.8,400.05,405.05,404.7,406.9,,405.03,,,368821,149098700.4,12397,F1,1,,,,,
2026-09-25,2026-09-25,CM,NSE,STK,8469,INE828O01033,MITCON,EQ,,,,,MITCON CON & ENG SER LTD,90.65,92.0,86.0,86.77,86.5,89.25,,86.77,,,31191,2757465.2,337,F1,1,,,,,
2026-09-25,2026-09-25,CM,NSE,STK,18562,INE997Y01027,MITTAL,EQ,,,,,MITTAL LIFE STYLE LIMITED,0.75,0.75,0.7,0.71,0.73,0.74,,0.71,,,4082181,2955449.78,702,F1,1,,,,,
2026-09-25,2026-09-25,CM,NSE,STK,13844,INE227C01017,MMFL,EQ,,,,,MM FORGINGS LTD,605.0,627.9,605.0,616.15,617.5,612.75,,616.13,,,47442,29295749.7,4102,F1,1,,,,,
2026-09-25,2026-09-25,CM,NSE,STK,16395,INE511Y01018,MMP,EQ,,,,,MMP INDUSTRIES LIMITED,456.0,464.6,448.6,460.25,464.0,453.95,,460.25,,,37919,17299659.8,2272,F1,1,,,,,
2026-09-25,2026-09-25,CM,NSE,STK,17957,INE123F01029,MMTC,EQ,,,,,MMTC LIMITED,58.3,58.72,57.51,58.35,58.35,57.97,,58.35,,,961605,55844776.71,7546,F1,1,,,,,
2026-09-25,2026-09-25,CM,NSE,STK,760196,INE1YNB01019,MOBILISE,SM,,,,,MOBILISE APP LAB LIMITED,103.45,103.45,103.45,103.45,103.45,103.45,,103.45,,,1600,165520.0,1,F1,1600,,,,,
2026-09-25,2026-09-25,CM,NSE,STK,2241,INE794W01014,MODTHREAD,EQ,,,,,MODERN THREADS INDIA LTD,47.49,48.49,46.99,47.32,47.8,47.24,,47.32,,,1995,94357.76,68,F1,1,,,,,
2026-09-25,2026-09-25,CM,NSE,STK,760277,INE537F01012,MODINATUR,EQ,,,,,MODI NATURALS LIMITED,349.75,353.0,333.05,338.7,339.0,338.5,,338.7,,,6592,2265168.2,255,F1,1,,,,,
2026-09-25,2026-09-25,CM,NSE,STK,2229,INE832A01018,MODIRUBBER,EQ,,,,,MODI RUBBER LTD,118.0,122.4,117.01,121.62,121.88,119.99,,121.62,,,1008,122137.16,42,F1,1,,,,,
2026-09-25,2026-09-25,CM,NSE,STK,759752,INE0L0L01012,MODIS,EQ,,,,,MODIS NAVNIRMAN LTD,362.15,369.0,357.05,363.1,362.0,363.2,,363.1,,,19718,7148443.2,810,F1,1,,,,,
2026-09-25,2026-09-25,CM,NSE,STK,3325,INE737D01021,MODISONLTD,BE,,,,,MODISON LIMITED,448.0,458.9,436.5,444.05,445.0,457.35,,443.72,,,75555,33452685.75,1274,F1,1,,,,,
2026-09-25,2026-09-25,CM,NSE,STK,29423,INE954E01012,MOHITIND,EQ,,,,,MOHIT INDUSTRIES LTD,23.97,23.97,22.56,23.0,23.0,23.67,,23.0,,,2135,49254.63,56,F1,1,,,,,
2026-09-25,2026-09-25,CM,NSE,STK,765130,INE154B01023,MOHITE,EQ,,,,,MOHITE INDUSTRIES LTD.,2.42,2.46,2.37,2.37,2.42,2.41,,2.39,,,27764,66587.9,126,F1,1,,,,,
2026-09-25,2026-09-25,CM,NSE,STK,20830,INE490G01020,MOIL,EQ,,,,,MOIL LIMITED,245.5,245.97,241.0,241.88,241.98,245.38,,241.88,,,304344,73800441.35,8197,F1,1,,,,,
2026-09-25,2026-09-25,CM,NSE,STK,3586,INE514Y01020,MOKSH,EQ,,,,,MOKSH ORNAMENTS LIMITED,9.88,10.09,9.88,9.92,9.9,9.92,,9.92,,,45888,455864.31,128,F1,1,,,,,
2026-09-25,2026-09-25,CM,NSE,STK,764548,INE869T01028,MOLBIO,EQ,,,,,MOLBIO DIAGNOSTICS LTD,1247.5,1259.6,1216.6,1246.0,1250.0,1246.2,,1246.01,,,538647,667231953.7,29957,F1,1,,,,,
2026-09-25,2026-09-25,CM,NSE,STK,6713,INE893J01029,MOLDTKPAC,EQ,,,,,MOLD-TEK PACKAGING LTD,677.0,684.95,661.05,669.85,675.1,672.95,,669.88,,,25483,17022550.2,2756,F1,1,,,,,
2026-09-25,2026-09-25,CM,NSE,STK,17629,INE835B01035,MOLDTECH,BE,,,,,MOLD-TEK TECHNOLOGIES LTD,201.0,208.88,195.0,200.08,200.0,199.2,,201.21,,,23826,4772837.94,315,F1,1,,,,,
2026-09-25,2026-09-25,CM,NSE,STK,7679,INE903D01011,MONARCH,EQ,,,,,MONARCH NETWORTH CAP LTD,365.15,365.15,358.85,362.75,364.0,365.6,,362.66,,,27569,9980873.2,1014,F1,1,,,,,
2026-09-25,2026-09-25,CM,NSE,STK,759381,INE296Q01012,MONEYBOXX,EQ,,,,,MONEYBOXX FINANCE LIMITED,55.3,55.3,51.21,51.21,51.21,53.9,,51.21,,,27305,1412429.52,221,F1,1,,,,,
2026-09-25,2026-09-25,CM,NSE,STK,18392,INE0OIP01012,MONOPHARMA,SM,,,,,MONO PHARMACARE LIMITED,8.6,8.6,8.6,8.6,8.6,8.2,,8.6,,,10000,86000.0,5,F1,2000,,,,,
2026-09-25,2026-09-25,CM,NSE,STK,756958,INE1DV401010,MONOLITH,SM,,,,,MONOLITHISCH INDIA LTD,1195.0,1279.0,1195.0,1269.65,1279.0,1179.55,,1269.65,,,53500,66554300.0,161,F1,250,,,,,
2026-09-25,2026-09-25,CM,NSE,STK,5938,INE950M01013,MONTECARLO,EQ,,,,,MONTE CARLO FASHIONS LTD.,520.0,525.0,515.8,524.1,524.9,516.5,,524.08,,,28282,14758472.75,1135,F1,1,,,,,
2026-09-25,2026-09-25,CM,NSE,STK,2259,INE083A01026,MOREPENLAB,EQ,,,,,MOREPEN LAB. LTD,117.3,121.0,117.0,120.38,120.6,116.6,,120.38,,,8996779,1073037867.78,36703,F1,1,,,,,
2026-09-25,2026-09-25,CM,NSE,STK,15051,INE0N7S01028,MOS,SM,,,,,MOS UTILITY LIMITED,8.0,8.0,7.7,8.0,8.0,7.65,,8.0,,,2092000,16694400.0,280,F1,4000,,,,,
2026-09-25,2026-09-25,CM,NSE,STK,29459,INE935B01025,MOSCHIP,EQ,,,,,MOSCHIP TECHNOLOGIES LTD,203.0,205.34,201.31,204.07,204.09,203.24,,204.07,,,750714,152696119.88,10837,F1,1,,,,,
2026-09-25,2026-09-25,CM,NSE,STK,8596,INE0FS801015,MSUMI,EQ,,,,,MOTHERSON SUMI WRNG IND L,34.7,34.74,34.22,34.29,34.26,34.7,,34.29,,,11196717,385036277.24,31307,F1,1,,,,,
2026-09-25,2026-09-25,CM,NSE,STK,21423,INF247L01023,MOM100,EQ,,,,,MOTILAL OS MIDCAP100 ETF,65.89,67.5,65.29,66.36,67.39,65.89,,66.34,,,501249,32945281.29,2617,F1,1,,,,,
2026-09-25,2026-09-25,CM,NSE,STK,22739,INF247L01AP3,MON100,EQ,,,,,MOTILAL OS NASDAQ100 ETF,322.8,329.0,322.55,324.11,324.38,322.8,,324.1,,,508774,165027450.56,15649,F1,1,,,,,
2026-09-25,2026-09-25,CM,NSE,STK,14947,INE338I01027,MOTILALOFS,EQ,,,,,MOTILAL OSWAL FIN LTD,1020.0,1047.0,1019.4,1029.0,1029.0,1022.0,,1029.01,,,866039,897550334.0,40322,F1,1,,,,,
2026-09-25,2026-09-25,CM,NSE,STK,19289,INF247L01536,MOM50,EQ,,,,,MOTILAL OSWAL M50 ETF,242.44,242.78,241.59,242.31,242.3,242.03,,242.31,,,5015,1214229.73,99,F1,1,,,,,
2026-09-25,2026-09-25,CM,NSE,STK,1507,INF247L01AK4,MOGSEC,EQ,,,,,MOTILALAMC - G5,64.72,65.54,64.52,65.32,65.34,64.72,,65.37,,,18488,1205855.93,141,F1,1,,,,,
2026-09-25,2026-09-25,CM,NSE,STK,757669,INF247L01FR8,MOALPHA50,EQ,,,,,MOTILALAMC - MOALPHA50,55.0,55.04,54.11,54.59,54.12,55.01,,54.59,,,7364,403105.98,92,F1,1,,,,,
2026-09-25,2026-09-25,CM,NSE,STK,761693,INF247L01GV8,MOBANK10,EQ,,,,,MOTILALAMC - MOBANK10,16.35,16.67,16.35,16.66,16.67,16.35,,16.66,,,16590,272588.54,51,F1,1,,,,,
2026-09-25,2026-09-25,CM,NSE,STK,30065,INF247L01EV3,MOCAPITAL,EQ,,,,,MOTILALAMC - MOCAPITAL,53.58,53.58,52.72,52.97,52.96,53.18,,52.97,,,421273,22317320.11,2399,F1,1,,,,,
2026-09-25,2026-09-25,CM,NSE,STK,24944,INF247L01DJ0,MODEFENCE,EQ,,,,,MOTILALAMC - MODEFENCE,102.78,103.52,101.3,103.08,103.5,102.77,,103.08,,,882029,90697630.98,6078,F1,1,,,,,
2026-09-25,2026-09-25,CM,NSE,STK,759374,INF247L01GH7,MOENERGY,EQ,,,,,MOTILALAMC - MOENERGY,37.67,37.75,37.4,37.64,37.7,37.5,,37.64,,,58932,2216060.88,458,F1,1,,,,,
2026-09-25,2026-09-25,CM,NSE,STK,757791,INF247L01FY4,MOGOLD,EQ,,,,,MOTILALAMC - MOGOLD,148.55,149.1,147.85,148.7,149.0,147.6,,148.67,,,8891,1319646.35,285,F1,1,,,,,
2026-09-25,2026-09-25,CM,NSE,STK,10508,INF247L01BB1,MOHEALTH,EQ,,,,,MOTILALAMC - MOHEALTH,53.0,53.07,52.27,52.4,52.54,52.55,,52.4,,,40177,2110126.78,500,F1,1,,,,,
2026-09-25,2026-09-25,CM,NSE,STK,757031,INF247L01FL1,MOINFRA,EQ,,,,,MOTILALAMC - MOINFRA,56.55,58.58,56.55,57.92,57.71,58.0,,57.92,,,6539,377771.97,47,F1,1,,,,,
2026-09-25,2026-09-25,CM,NSE,STK,759891,INF247L01GI5,MOIPO,EQ,,,,,MOTILALAMC - MOIPO,47.7,47.7,47.0,47.42,47.5,47.62,,47.42,,,2497,118354.2,50,F1,1,,,,,
2026-09-25,2026-09-25,CM,NSE,STK,8654,INF247L01BL0,MOLOWVOL,EQ,,,,,MOTILALAMC - MOLOWVOL,35.03,35.07,34.8,34.92,34.85,35.13,,34.92,,,2153,75081.25,34,F1,1,,,,,
2026-09-25,2026-09-25,CM,NSE,STK,25606,INF247L01DK8,MOMENTUM50,EQ,,,,,MOTILALAMC - MOMENTUM50,53.72,53.89,53.16,53.46,53.8,53.46,,53.46,,,293448,15679916.24,16684,F1,1,,,,,
2026-09-25,2026-09-25,CM,NSE,STK,764402,INF247L01HG7,MOMETAL,EQ,,,,,MOTILALAMC - MOMETAL,13.47,13.97,13.05,13.15,13.14,13.95,,13.15,,,215867,2848963.15,321,F1,1,,,,,
2026-09-25,2026-09-25,CM,NSE,STK,757099,INF247L01FK3,MOMGF,EQ,,,,,MOTILALAMC - MOMGF,158.86,160.4,157.56,159.97,160.4,159.4,,159.97,,,739,117010.94,25,F1,1,,,,,
2026-09-25,2026-09-25,CM,NSE,STK,757817,INF247L01FQ0,MOMIDMTM,EQ,,,,,MOTILALAMC - MOMIDMTM,63.79,63.8,62.9,63.53,63.8,63.67,,63.53,,,64203,4062140.95,333,F1,1,,,,,
2026-09-25,2026-09-25,CM,NSE,STK,760054,INF247L01GK1,MOMNC,EQ,,,,,MOTILALAMC - MOMNC,31.67,31.67,31.11,31.35,31.35,31.05,,31.35,,,7795,242765.07,19,F1,1,,,,,
2026-09-25,2026-09-25,CM,NSE,STK,8182,INF247L01BK2,MOMOMENTUM,EQ,,,,,MOTILALAMC - MOMOMENTUM,61.43,61.85,60.85,61.0,61.0,61.13,,61.0,,,37882,2312506.7,355,F1,1,,,,,
2026-09-25,2026-09-25,CM,NSE,STK,756900,INF247L01FC0,MON50EQUAL,EQ,,,,,MOTILALAMC - MON50EQUAL,32.42,32.95,32.0,32.13,32.05,32.28,,32.13,,,42459,1363913.05,105,F1,1,,,,,
2026-09-25,2026-09-25,CM,NSE,STK,757167,INF247L01FD8,MONEXT50,EQ,,,,,MOTILALAMC - MONEXT50,70.74,72.62,70.69,71.52,71.99,71.55,,71.52,,,3085,220621.84,63,F1,1,,,,,
2026-09-25,2026-09-25,CM,NSE,STK,759371,INF247L01GG9,MONIFTY100,EQ,,,,,MOTILALAMC - MONIFTY100,24.45,25.0,24.19,24.5,25.0,24.45,,24.5,,,94056,2289316.93,81,F1,1,,,,,
2026-09-25,2026-09-25,CM,NSE,STK,19237,INF247L01BU1,MONIFTY500,EQ,,,,,MOTILALAMC - MONIFTY500,23.42,23.42,23.03,23.19,23.21,23.18,,23.19,,,353444,8175341.58,1266,F1,1,,,,,
2026-09-25,2026-09-25,CM,NSE,STK,7422,INF247L01AU3,MONQ50,EQ,,,,,MOTILALAMC - MONQ50,214.67,240.85,209.44,214.61,216.0,209.44,,214.62,,,2101057,471596924.56,39498,F1,1,,,,,
2026-09-25,2026-09-25,CM,NSE,STK,764405,INF247L01HH5,MOOILGAS,EQ,,,,,MOTILALAMC - MOOILGAS,11.15,11.15,10.84,10.89,10.89,10.89,,10.89,,,4833,52500.27,59,F1,1,,,,,
2026-09-25,2026-09-25,CM,NSE,STK,757431,INF247L01FO5,MOPSE,EQ,,,,,MOTILALAMC - MOPSE,95.62,97.57,95.62,97.57,97.57,97.57,,97.57,,,3126,303536.52,26,F1,1,,,,,
2026-09-25,2026-09-25,CM,NSE,STK,10822,INF247L01BH8,MOQUALITY,EQ,,,,,MOTILALAMC - MOQUALITY,195.34,209.0,191.91,207.59,209.0,193.41,,207.59,,,226,44547.93,26,F1,1,,,,,
2026-09-25,2026-09-25,CM,NSE,STK,23184,INF247L01CI4,MOREALTY,EQ,,,,,MOTILALAMC - MOREALTY,86.49,87.5,86.33,87.07,87.47,86.57,,87.05,,,270062,23440165.35,1470,F1,1,,,,,
2026-09-25,2026-09-25,CM,NSE,STK,760001,INF247L01GJ3,MOSERVICE,EQ,,,,,MOTILALAMC - MOSERVICE,29.85,30.0,29.64,29.82,30.0,29.72,,29.82,,,4761,141850.36,33,F1,1,,,,,
2026-09-25,2026-09-25,CM,NSE,STK,758457,INF247L01FZ1,MOSILVER,EQ,,,,,MOTILALAMC - MOSILVER,225.28,226.48,222.86,226.0,225.62,223.45,,226.0,,,37324,8417436.82,1131,F1,1,,,,,
2026-09-25,2026-09-25,CM,NSE,STK,23181,INF247L01CH6,MOSMALL250,EQ,,,,,MOTILALAMC - MOSMALL250,18.34,18.45,18.16,18.33,18.45,18.25,,18.33,,,1573028,28782121.86,1936,F1,1,,,,,
2026-09-25,2026-09-25,CM,NSE,STK,757443,INF247L01FP2,MOTOUR,EQ,,,,,MOTILALAMC - MOTOUR,78.0,78.0,76.34,76.7,77.9,77.14,,76.7,,,7082,544705.91,124,F1,1,,,,,
2026-09-25,2026-09-25,CM,NSE,STK,10825,INF247L01BE5,MOVALUE,EQ,,,,,MOTILALAMC - MOVALUE,110.67,110.84,110.11,110.69,110.4,110.69,,110.7,,,29317,3243042.88,501,F1,1,,,,,
2026-09-25,2026-09-25,CM,NSE,STK,20788,INE0FRK01020,MOTISONS,EQ,,,,,MOTISONS JEWELLERS LTD,18.89,19.48,17.62,17.85,17.87,18.79,,17.85,,,119558121,2215252783.04,167805,F1,1,,,,,
2026-09-25,2026-09-25,CM,NSE,STK,2268,INE861B01023,MOTOGENFIN,EQ,,,,,MOTOR & GENERAL FINANCE L,26.21,27.0,25.6,25.92,26.44,25.7,,25.92,,,40987,1076161.27,315,F1,1,,,,,
2026-09-25,2026-09-25,CM,NSE,STK,757810,INE0XM301010,MMEL,SM,,,,,MOVING MEDIA ENTER LTD,30.0,30.0,28.8,28.8,28.8,29.8,,28.8,,,6000,177000.0,3,F1,2000,,,,,
2026-09-25,2026-09-25,CM,NSE,STK,765138,INE493H01014,MPDL,BE,,,,,MPDL LTD.,28.05,28.05,28.05,28.05,28.05,28.05,,28.05,,,55,1542.75,1,F1,1,,,,,
2026-09-25,2026-09-25,CM,NSE,STK,4503,INE356A01018,MPHASIS,EQ,,,,,MPHASIS LIMITED,2235.0,2240.0,2203.6,2234.0,2234.0,2248.2,,2240.74,,,197680,439955212.1,19367,F1,1,,,,,
2026-09-25,2026-09-25,CM,NSE,STK,10578,INE943D01017,MPSLTD,EQ,,,,,MPS LIMITED,2600.0,2679.0,2596.8,2666.9,2678.0,2617.0,,2666.23,,,5474,14437260.7,1302,F1,1,,,,,
2026-09-25,2026-09-25,CM,NSE,STK,2277,INE883A01011,MRF,EQ,,,,,MRF LTD,124480.0,124480.0,123440.0,124035.0,123885.0,123985.0,,124034.11,,,2338,289791880.0,1284,F1,1,,,,,
2026-09-25,2026-09-25,CM,NSE,STK,2283,INE103A01014,MRPL,EQ,,,,,MRPL,164.45,166.39,162.76,164.6,164.7,164.49,,164.61,,,3244699,532911755.78,30500,F1,1,,,,,
2026-09-25,2026-09-25,CM,NSE,STK,1628,INE495P01020,BECTORFOOD,EQ,,,,,MRS BECTORS FOOD SPE LTD,215.68,217.51,212.81,215.58,216.3,215.68,,215.52,,,428994,92282825.27,11727,F1,1,,,,,
2026-09-25,2026-09-25,CM,NSE,STK,11919,INE752G01015,MSPL,EQ,,,,,MSP STEEL & POWER LTD.,34.8,34.85,33.6,33.73,33.7,34.92,,33.73,,,848940,28849778.45,2653,F1,1,,,,,
2026-09-25,2026-09-25,CM,NSE,STK,9356,INE255X01014,MSTCLTD,EQ,,,,,MSTC LIMITED,740.0,754.0,715.6,740.8,735.05,738.05,,740.84,,,418504,308470219.35,20736,F1,1,,,,,
2026-09-25,2026-09-25,CM,NSE,STK,31413,INE472M01018,MTEDUCARE,BE,,,,,MT EDUCARE LTD,1.77,1.77,1.63,1.7,1.7,1.69,,1.7,,,7597,12519.39,38,F1,1,,,,,
2026-09-25,2026-09-25,CM,NSE,STK,2715,INE864I01014,MTARTECH,BE,,,,,MTAR TECHNOLOGIES LIMITED,6900.0,6998.0,6750.5,6900.0,6900.0,7050.0,,6900.0,,,190986,1311061700.5,37802,F1,1,,,,,
2026-09-25,2026-09-25,CM,NSE,STK,19783,INE08KJ01020,MUFIN,EQ,,,,,MUFIN GREEN FINANCE LTD,132.42,133.45,131.1,133.02,132.46,131.82,,133.05,,,422205,55942967.77,2950,F1,1,,,,,
2026-09-25,2026-09-25,CM,NSE,STK,11325,INE304A01026,MUKANDLTD,EQ,,,,,MUKAND LTD.,154.04,167.95,152.0,167.05,167.2,155.26,,167.05,,,1109036,181013136.85,12583,F1,1,,,,,
2026-09-25,2026-09-25,CM,NSE,STK,764788,INE596B01017,MUKESHB,EQ,,,,,MUKESH BABU FINANC SER L,131.9,131.9,131.5,131.5,131.5,127.0,,131.5,,,600,78940.0,2,F1,1,,,,,
2026-09-25,2026-09-25,CM,NSE,STK,22981,INE0CG401037,MUKKA,BE,,,,,MUKKA PROTEINS LIMITED,26.9,27.75,26.65,27.4,27.3,27.04,,27.41,,,210332,5730189.64,807,F1,1,,,,,
2026-09-25,2026-09-25,CM,NSE,STK,8691,INE374B01019,MUKTAARTS,BE,,,,,MUKTA ARTS LIMITED,58.98,58.98,55.15,56.21,57.49,57.4,,56.21,,,516,28805.2,12,F1,1,,,,,
2026-09-25,2026-09-25,CM,NSE,STK,31181,INE745G01043,MCX,EQ,,,,,MULTI COMMODITY EXCHANGE,3463.6,3481.4,3310.0,3324.9,3324.9,3427.7,,3324.9,,,2386852,8045494788.0,117918,F1,1,,,,,
2026-09-25,2026-09-25,CM,NSE,STK,13511,INE672B01032,MUNJALAU,EQ,,,,,MUNJAL AUTO IND. LTD.,105.7,109.8,104.52,109.02,109.55,105.34,,109.01,,,477592,51425662.91,9666,F1,1,,,,,
2026-09-25,2026-09-25,CM,NSE,STK,2307,INE577A01027,MUNJALSHOW,EQ,,,,,MUNJAL SHOWA LTD,129.07,129.96,127.42,129.2,129.6,128.9,,129.24,,,23637,3046797.55,739,F1,1,,,,,
2026-09-25,2026-09-25,CM,NSE,STK,2313,INE692B01014,MURUDCERA,EQ,,,,,MURUDESHWAR CERAMICS LTD,29.0,29.19,28.56,28.89,28.8,28.57,,28.98,,,4317,124705.07,72,F1,1,,,,,
2026-09-25,2026-09-25,CM,NSE,STK,19877,INE919I01024,RADIOCITY,EQ,,,,,MUSIC BROADCAST LIMITED,5.98,6.08,5.9,6.05,6.07,5.98,,6.05,,,30851,184484.02,138,F1,1,,,,,
2026-09-25,2026-09-25,CM,NSE,STK,10415,INE296G01013,MUTHOOTCAP,EQ,,,,,MUTHOOT CAP SERV LTD,236.0,236.0,223.99,226.16,226.5,231.03,,226.2,,,10162,2299844.64,417,F1,1,,,,,
2026-09-25,2026-09-25,CM,NSE,STK,23650,INE414G01012,MUTHOOTFIN,EQ,,,,,MUTHOOT FINANCE LIMITED,2830.0,2839.6,2808.0,2835.0,2835.0,2825.3,,2834.53,,,312523,882875645.2,38458,F1,1,,,,,
2026-09-25,2026-09-25,CM,NSE,STK,20831,INE046W01019,MUTHOOTMF,EQ,,,,,MUTHOOT MICROFIN LIMITED,184.5,184.5,179.6,181.56,182.0,183.4,,181.57,,,309028,56004085.69,4065,F1,1,,,,,
2026-09-25,2026-09-25,CM,NSE,STK,764397,INE0OWZ01020,MVELECTRO,EQ,,,,,MV ELECTROSYSTEMS LIMITED,819.0,828.0,786.7,813.8,811.0,818.5,,813.81,,,922003,745990682.8,27524,F1,1,,,,,
2026-09-25,2026-09-25,CM,NSE,STK,25208,INE0RVQ01016,MYMUDRA,SM,,,,,MY MUDRA FINCORP LIMITED,68.05,68.2,68.0,68.2,68.2,71.3,,68.2,,,6000,408720.0,4,F1,1200,,,,,
2026-09-25,2026-09-25,CM,NSE,STK,8220,INE741A01011,MYSORPETRO,BE,,,,,MYSORE PETRO CHEMICALS L,129.8,129.8,123.1,128.99,128.99,127.2,,129.81,,,2978,379348.12,42,F1,1,,,,,
2026-09-25,2026-09-25,CM,NSE,STK,20314,INE740D01017,NRAIL,EQ,,,,,N R AGARWAL INDS LTD,650.0,685.0,631.2,677.25,680.05,637.75,,677.38,,,24892,16625078.25,1676,F1,1,,,,,
2026-09-25,2026-09-25,CM,NSE,STK,757489,INE104101014,NRVANDANA,SM,,,,,N R VANDANA TEX IND LTD,70.5,70.5,64.0,69.9,69.9,71.7,,69.9,,,27000,1849350.0,8,F1,3000,,,,,
2026-09-25,2026-09-25,CM,NSE,STK,764798,INE920C01017,NTCIND,EQ,,,,,N T C INDUSTRIES LTD.,130.4,142.0,130.4,139.8,139.8,139.02,,138.3,,,2875,404160.97,31,F1,1,,,,,
2026-09-25,2026-09-25,CM,NSE,STK,19111,INE365I01020,NBIFIN,EQ,,,,,N.B.I. IND. FIN. CO. LTD,1936.2,1964.0,1920.2,1926.4,1920.2,1923.7,,1926.4,,,59,114537.9,19,F1,1,,,,,
2026-09-25,2026-09-25,CM,NSE,STK,20425,INE295D01020,NACLIND,EQ,,,,,NACL INDUSTRIES LIMITED,140.98,141.55,137.4,139.67,140.0,139.33,,139.67,,,386366,53806989.71,6520,F1,1,,,,,
2026-09-25,2026-09-25,CM,NSE,STK,18371,INE756C01015,NDGL,EQ,,,,,NAGA DHUNSERI GROUP LTD,2583.1,2583.1,2570.0,2575.6,2575.6,2576.0,,2575.6,,,41,105655.8,29,F1,1,,,,,
2026-09-25,2026-09-25,CM,NSE,STK,14942,INE245I01016,NAGREEKCAP,EQ,,,,,NAGREEKA CAP & INFR.LTD,30.75,31.35,27.17,28.06,27.61,29.55,,28.05,,,138167,4127121.06,843,F1,1,,,,,
2026-09-25,2026-09-25,CM,NSE,STK,14702,INE123B01028,NAGREEKEXP,EQ,,,,,NAGREEKA EXPORTS LTD.,25.4,25.9,23.15,23.47,23.3,24.02,,23.48,,,57115,1389740.27,541,F1,1,,,,,
2026-09-25,2026-09-25,CM,NSE,STK,15360,INE049I01012,NAHARCAP,EQ,,,,,NAHAR CAP & FIN.,252.0,252.0,246.0,248.7,248.8,248.0,,248.7,,,331,81919.2,26,F1,1,,,,,
2026-09-25,2026-09-25,CM,NSE,STK,13106,INE289A01011,NAHARINDUS,EQ,,,,,NAHAR INDS ENT LTD,130.55,134.0,130.0,132.9,132.05,128.71,,132.9,,,10061,1323991.4,236,F1,1,,,,,
2026-09-25,2026-09-25,CM,NSE,STK,14445,INE308A01027,NAHARPOLY,EQ,,,,,NAHAR POLY FILMS LIMITED,233.0,243.98,226.25,227.68,226.26,226.47,,227.68,,,1599,365813.72,126,F1,1,,,,,
2026-09-25,2026-09-25,CM,NSE,STK,14440,INE290A01027,NAHARSPING,EQ,,,,,NAHAR SPINNING MILLS LTD.,271.15,272.6,264.05,269.95,270.25,270.6,,269.95,,,8044,2159211.45,423,F1,1,,,,,
2026-09-25,2026-09-25,CM,NSE,STK,5401,INE236Y01012,NGIL,EQ,,,,,NAKODA GROUP OF IND. LTD,40.2,41.0,35.55,39.5,41.0,39.33,,39.55,,,95109,3643785.12,443,F1,1,,,,,
2026-09-25,2026-09-25,CM,NSE,STK,11239,INE023A01030,NSIL,EQ,,,,,NALWA SONS INVESTMENT LTD,5510.0,5510.0,5428.0,5468.0,5495.0,5502.0,,5466.66,,,1308,7141456.5,254,F1,1,,,,,
2026-09-25,2026-09-25,CM,NSE,STK,23379,INE0RJM01010,NAMAN,SM,,,,,NAMAN INDUSTRE PRXIMA LTD,48.45,48.6,48.45,48.6,48.6,46.3,,48.6,,,13600,660720.0,15,F1,800,,,,,
2026-09-25,2026-09-25,CM,NSE,STK,25167,INE08NZ01012,NAMOEWASTE,SM,,,,,NAMO EWASTE MANAGEMENT L,299.0,329.5,291.0,328.0,329.0,295.25,,328.0,,,137600,44022840.0,168,F1,800,,,,,
2026-09-25,2026-09-25,CM,NSE,STK,31258,INE875G01048,NDL,EQ,,,,,NANDAN DENIM LIMITED,2.7,2.73,2.51,2.61,2.63,2.69,,2.61,,,1326115,3484690.36,1519,F1,1,,,,,
2026-09-25,2026-09-25,CM,NSE,STK,5516,INE696V01013,JAIPURKURT,EQ,,,,,NANDANI CREATION LIMITED,25.01,26.89,24.72,25.13,25.07,25.26,,25.13,,,34887,899864.21,200,F1,1,,,,,
2026-09-25,2026-09-25,CM,NSE,STK,11840,INE410P01011,NH,EQ,,,,,NARAYANA HRUDAYALAYA LTD.,1884.5,1884.5,1849.6,1861.4,1872.0,1877.7,,1861.41,,,88949,165697906.3,11882,F1,1,,,,,
2026-09-25,2026-09-25,CM,NSE,STK,11627,INE117Z01029,NARMADA,EQ,,,,,NARMADA AGROBASE LIMITED,13.6,14.2,13.1,13.37,13.43,13.24,,13.37,,,1844506,25139231.63,3547,F1,1,,,,,
2026-09-25,2026-09-25,CM,NSE,STK,3918,INE987B01026,NATCOPHARM,EQ,,,,,NATCO PHARMA LTD.,844.0,850.1,834.25,839.3,836.9,842.0,,839.33,,,369981,311412585.25,25419,F1,1,,,,,
2026-09-25,2026-09-25,CM,NSE,STK,11065,INE448G01010,NATHBIOGEN,EQ,,,,,NATH BIO-GENES (I) LTD,151.0,154.9,148.5,149.35,148.56,150.21,,149.47,,,9940,1507865.45,347,F1,1,,,,,
2026-09-25,2026-09-25,CM,NSE,STK,6364,INE139A01034,NATIONALUM,EQ,,,,,NATIONAL ALUMINIUM CO LTD,360.6,362.9,357.05,358.7,358.7,358.4,,358.7,,,1869148,671621269.45,34643,F1,1,,,,,
2026-09-25,2026-09-25,CM,NSE,STK,13925,INE870D01012,NFL,EQ,,,,,NATIONAL FERT. LTD,66.22,66.9,65.91,66.67,66.83,66.72,,66.67,,,440381,29231988.46,3070,F1,1,,,,,
2026-09-25,2026-09-25,CM,NSE,STK,6531,INE0H7R23014,NHIT,IV,,,,,NATIONAL HIGHW INFRA TRUS,169.9,169.9,169.9,169.9,169.9,170.0,,169.9,,,325000,55217500.0,3,F1,25000,,,,,
2026-09-25,2026-09-25,CM,NSE,STK,762807,INE166R01015,NATIONSTD,EQ,,,,,NATIONAL STAND (INDIA) L,118.9,118.9,114.9,116.15,116.8,115.11,,116.15,,,15391,1781144.99,277,F1,1,,,,,
2026-09-25,2026-09-25,CM,NSE,STK,29588,INE936B01015,NATCAPSUQ,BE,,,,,NATURAL CAPSULES LIMITED,169.0,171.98,168.75,169.52,171.98,168.9,,169.52,,,528,89237.93,15,F1,1,,,,,
2026-09-25,2026-09-25,CM,NSE,STK,4014,INE725A01030,NAVA,EQ,,,,,NAVA LIMITED,552.25,563.0,548.2,551.45,549.0,557.0,,551.43,,,450107,249899529.1,17758,F1,1,,,,,
2026-09-25,2026-09-25,CM,NSE,STK,14672,INE048G01026,NAVINFLUOR,EQ,,,,,NAVIN FLUORINE INT. LTD,8488.5,8600.0,8467.0,8584.5,8572.0,8461.0,,8584.35,,,107462,918412278.5,24116,F1,1,,,,,
2026-09-25,2026-09-25,CM,NSE,STK,10557,INE278M01019,NAVKARCORP,EQ,,,,,NAVKAR CORPORATION LTD.,88.25,88.45,86.82,88.21,88.4,87.82,,88.21,,,149406,13093890.78,2313,F1,1,,,,,
2026-09-25,2026-09-25,CM,NSE,STK,29146,INE268H01044,NAVKARURB,EQ,,,,,NAVKAR URBANSTRUCTURE LTD,0.91,0.93,0.88,0.89,0.9,0.91,,0.89,,,622237,566374.44,277,F1,1,,,,,
2026-09-25,2026-09-25,CM,NSE,STK,2385,INE060A01024,NAVNETEDUL,EQ,,,,,NAVNEET EDUCATION LTD,122.75,124.02,122.43,122.76,123.63,123.4,,122.76,,,70780,8702639.36,876,F1,1,,,,,
2026-09-25,2026-09-25,CM,NSE,STK,2987,INE418L01047,NAZARA,EQ,,,,,NAZARA TECHNOLOGIES LTD,376.8,384.5,374.15,376.45,377.9,374.55,,376.66,,,2396562,910524125.6,26234,F1,1,,,,,
2026-09-25,2026-09-25,CM,NSE,STK,31415,INE095N01031,NBCC,EQ,,,,,NBCC (INDIA) LIMITED,82.23,83.11,81.73,82.86,82.86,82.34,,82.79,,,3865127,318549747.71,20907,F1,1,,,,,
2026-09-25,2026-09-25,CM,NSE,STK,2319,INE868B01028,NCC,EQ,,,,,NCC LIMITED,134.13,134.13,131.05,132.82,132.98,133.42,,132.82,,,2118247,280221120.21,24930,F1,1,,,,,
2026-09-25,2026-09-25,CM,NSE,STK,14490,INE732C01016,NCLIND,EQ,,,,,NCL INDUSTRIES LIMITED,176.07,182.0,176.07,179.26,179.76,176.07,,179.26,,,50784,9106814.71,2332,F1,1,,,,,
2026-09-25,2026-09-25,CM,NSE,STK,14547,INE353A01023,NDLVENTURE,EQ,,,,,NDL VENTURES LIMITED,123.75,124.9,116.1,119.69,117.88,122.25,,119.95,,,7489,908168.67,239,F1,1,,,,,
2026-09-25,2026-09-25,CM,NSE,STK,22255,INE07OG01012,NDRAUTO,EQ,,,,,NDR AUTO COMPONENTS LTD,760.05,760.05,743.05,746.6,745.0,754.2,,746.6,,,10850,8102440.25,661,F1,1,,,,,
2026-09-25,2026-09-25,CM,NSE,STK,11427,INE155G01029,NDTV,EQ,,,,,NDTV LTD,69.93,71.9,69.61,70.08,69.8,69.93,,70.06,,,27919,1964252.99,807,F1,1,,,,,
2026-09-25,2026-09-25,CM,NSE,STK,11927,INE023H01027,NECLIFE,EQ,,,,,NECTAR LIFESCIENCES LTD.,10.9,11.0,10.61,10.84,10.85,10.88,,10.84,,,103563,1117012.82,294,F1,1,,,,,
2026-09-25,2026-09-25,CM,NSE,STK,14761,INE189I01024,NELCAST,EQ,,,,,NELCAST LIMITED,110.76,120.3,109.0,118.39,119.99,108.89,,118.4,,,702669,81791650.42,7129,F1,1,,,,,
2026-09-25,2026-09-25,CM,NSE,STK,2388,INE045B01015,NELCO,EQ,,,,,NELCO LTD,996.9,1003.0,972.35,976.5,979.2,993.05,,976.48,,,127194,125273164.6,6216,F1,1,,,,,
2026-09-25,2026-09-25,CM,NSE,STK,760928,INE21UM01018,NEOCHEM,SM,,,,,NEOCHEM BIO SOLUTIONS LTD,108.1,108.1,103.0,106.2,106.6,104.75,,106.2,,,19200,2022600.0,15,F1,1200,,,,,
2026-09-25,2026-09-25,CM,NSE,STK,9917,INE136S01016,NEOGEN,EQ,,,,,NEOGEN CHEMICALS LIMITED,2325.9,2409.0,2325.9,2385.2,2377.0,2326.1,,2385.47,,,163069,387634973.8,25117,F1,1,,,,,
2026-09-25,2026-09-25,CM,NSE,STK,24350,INE0SUN01013,NEPHROCARE,SM,,,,,NEPHRO CARE INDIA LIMITED,96.0,96.0,85.2,93.55,93.8,96.45,,93.55,,,20000,1833060.0,44,F1,400,,,,,
2026-09-25,2026-09-25,CM,NSE,STK,760346,INE428V01029,NEPHROPLUS,EQ,,,,,NEPHROCARE HEALTH SERV L,715.0,719.0,693.7,696.65,696.5,709.5,,696.65,,,592871,414725402.05,15796,F1,1,,,,,
2026-09-25,2026-09-25,CM,NSE,STK,757493,INE156901014,NEPTUNE,SM,,,,,NEPTUNE PETROCHEMICALS L,183.1,190.0,183.1,183.1,183.1,183.1,,183.1,,,6500,1201450.0,10,F1,500,,,,,
2026-09-25,2026-09-25,CM,NSE,STK,15409,INE317F01035,NESCO,EQ,,,,,NESCO LTD.,1073.5,1096.8,1060.3,1070.3,1066.3,1073.5,,1070.26,,,27868,29920033.5,3623,F1,1,,,,,
2026-09-25,2026-09-25,CM,NSE,STK,17963,INE239A01024,NESTLEIND,EQ,,,,,NESTLE INDIA LIMITED,1357.0,1362.6,1348.3,1362.6,1362.6,1351.0,,1362.61,,,382857,519198934.2,21157,F1,1,,,,,
2026-09-25,2026-09-25,CM,NSE,STK,20406,INE518X01015,CBAZAAR,SM,,,,,NET AVENUE TECHNOLOGIES L,5.1,5.1,5.1,5.1,5.1,5.0,,5.1,,,8000,40800.0,1,F1,8000,,,,,
2026-09-25,2026-09-25,CM,NSE,STK,17433,INE0NT901020,NETWEB,EQ,,,,,NETWEB TECH INDIA LTD,4675.0,4710.0,4522.0,4545.0,4559.0,4661.5,,4545.15,,,696170,3205123904.0,63397,F1,1,,,,,
2026-09-25,2026-09-25,CM,NSE,STK,756324,INE0FFK01017,NPST,EQ,,,,,NETWORK PEOPLE SRV TECH L,1799.0,1823.7,1751.6,1796.3,1815.0,1782.3,,1796.31,,,39440,70233925.1,5100,F1,1,,,,,
2026-09-25,2026-09-25,CM,NSE,STK,14111,INE870H01013,NETWORK18,EQ,,,,,NETWORK18 MEDIA & INV LTD,26.96,27.0,26.47,26.75,26.7,26.97,,26.75,,,2897376,77342772.79,7199,F1,1,,,,,
2026-09-25,2026-09-25,CM,NSE,STK,30554,INE333I01044,NEUEON,BE,,,,,NEUEON CORPORATION LTD,14.39,14.39,14.39,14.39,14.39,13.71,,14.64,,,14637,210626.43,31,F1,1,,,,,
2026-09-25,2026-09-25,CM,NSE,STK,2406,INE794A01010,NEULANDLAB,EQ,,,,,NEULAND LAB LTD.,22100.0,22660.0,21800.0,21890.0,21930.0,21905.0,,21890.53,,,41988,930096870.0,16655,F1,1,,,,,
2026-09-25,2026-09-25,CM,NSE,STK,1164,INE619B01017,NEWGEN,EQ,,,,,NEWGEN SOFTWARE TECH LTD,490.75,493.5,483.35,485.3,486.15,493.6,,485.33,,,345857,168412656.8,13822,F1,1,,,,,
2026-09-25,2026-09-25,CM,NSE,STK,19161,INE0PW501021,NEWJAISA,ST,,,,,NEWJAISA TECHNOLOGIES LTD,17.0,17.65,17.0,17.65,17.65,17.45,,17.65,,,7500,131400.0,5,F1,1500,,,,,
2026-09-25,2026-09-25,CM,NSE,STK,28801,INE0TP801012,NMSTEEL,SM,,,,,NEWMALAYALAM STEEL LTD,23.3,23.3,23.3,23.3,23.3,21.45,,23.3,,,1600,37280.0,1,F1,1600,,,,,
2026-09-25,2026-09-25,CM,NSE,STK,9867,INE747B01016,NEXTMEDIA,EQ,,,,,NEXT MEDIAWORKS LIMITED,3.8,3.8,3.62,3.75,3.76,3.62,,3.75,,,5321,19885.02,58,F1,1,,,,,
2026-09-25,2026-09-25,CM,NSE,STK,15815,INE0NDH25011,NXST,RR,,,,,NEXUS SELECT TRUST,166.88,167.07,164.75,165.94,165.83,166.42,,165.94,,,298193,49565878.56,6738,F1,1,,,,,
2026-09-25,2026-09-25,CM,NSE,STK,10277,INE887E01022,NGLFINE,EQ,,,,,NGL FINE CHEM LIMITED,2975.5,2980.0,2844.3,2906.1,2881.0,2894.9,,2906.6,,,6224,18145629.2,1562,F1,1,,,,,
2026-09-25,2026-09-25,CM,NSE,STK,17400,INE848E01016,NHPC,EQ,,,,,NHPC LTD,76.17,76.32,75.42,76.0,76.0,76.25,,76.0,,,6481994,491342204.35,29780,F1,1,,,,,
2026-09-25,2026-09-25,CM,NSE,STK,29487,INE149O01018,NIBE,EQ,,,,,NIBE LIMITED,1309.9,1309.9,1251.1,1261.4,1260.0,1297.2,,1261.41,,,47604,60374922.8,4134,F1,1,,,,,
2026-09-25,2026-09-25,CM,NSE,STK,764793,INE653C01022,NICCOPAR,EQ,,,,,NICCO PARKS & RESORTS LTD,80.49,82.9,80.0,82.48,82.9,80.49,,82.32,,,1076,87111.99,31,F1,1,,,,,
2026-09-25,2026-09-25,CM,NSE,STK,6592,INE0J6L01013,NIDAN,SM,,,,,NIDAN LABS AND HEALTH LTD,13.15,13.3,13.0,13.3,13.3,13.15,,13.3,,,6000,78500.0,6,F1,1000,,,,,
2026-09-25,2026-09-25,CM,NSE,STK,17747,INE342G01023,NIITMTS,EQ,,,,,NIIT LEARNING SYSTEMS LTD,217.57,222.79,210.53,212.08,212.0,217.57,,212.08,,,147551,31421645.6,9079,F1,1,,,,,
2026-09-25,2026-09-25,CM,NSE,STK,11522,INE161A01038,NIITLTD,EQ,,,,,NIIT LIMITED,89.95,89.95,88.0,88.5,88.06,89.9,,88.5,,,116579,10328590.2,1985,F1,1,,,,,
2026-09-25,2026-09-25,CM,NSE,STK,758178,INE0FLF01015,NIKITA,SM,,,,,NIKITA GRENTEC RECYCL LTD,68.4,68.9,65.25,68.9,68.9,66.1,,68.9,,,12000,800940.0,10,F1,1200,,,,,
2026-09-25,2026-09-25,CM,NSE,STK,9253,INE937C01029,NILAINFRA,EQ,,,,,NILA INFRASTRUCTURES LTD,7.19,7.29,6.77,6.87,6.83,7.06,,6.87,,,273026,1881609.72,670,F1,1,,,,,
2026-09-25,2026-09-25,CM,NSE,STK,7411,INE00S901012,NILASPACES,EQ,,,,,NILA SPACES LIMITED,11.64,11.64,10.9,11.06,11.09,11.43,,11.06,,,1095668,12193900.22,2667,F1,1,,,,,
2026-09-25,2026-09-25,CM,NSE,STK,762817,INE445D01013,NILE,EQ,,,,,NILE LTD.,1385.2,1403.5,1354.6,1369.7,1355.0,1388.0,,1368.9,,,3259,4503341.0,497,F1,1,,,,,
2026-09-25,2026-09-25,CM,NSE,STK,2421,INE310A01015,NILKAMAL,EQ,,,,,NILKAMAL LIMITED,1889.1,1904.8,1833.1,1884.0,1880.1,1883.7,,1884.29,,,26097,48705245.2,3631,F1,1,,,,,
2026-09-25,2026-09-25,CM,NSE,STK,761720,INE875B01015,NIMBSPROJ,EQ,,,,,NIMBUS PROJECTS LIMITED,194.95,203.6,192.25,197.07,197.45,199.44,,197.21,,,1858,370295.6,130,F1,1,,,,,
2026-09-25,2026-09-25,CM,NSE,STK,14194,INE395U01014,NINSYS,EQ,,,,,NINTEC SYSTEMS LIMITED,713.05,713.05,693.0,708.75,709.85,713.05,,708.73,,,2004,1415974.25,235,F1,1,,,,,
2026-09-25,2026-09-25,CM,NSE,STK,11439,INF204KB15I9,BANKBEES,EQ,,,,,NIP IND ETF BANK BEES,578.76,579.51,574.75,576.33,575.91,575.88,,576.34,,,392719,226393404.89,6874,F1,1,,,,,
2026-09-25,2026-09-25,CM,NSE,STK,2435,INF204KA1LD7,CONSUMBEES,EQ,,,,,NIP IND ETF CONSUMPTION,127.1,128.0,126.58,127.51,127.36,127.1,,127.51,,,32256,4101192.0,763,F1,1,,,,,
2026-09-25,2026-09-25,CM,NSE,STK,2636,INF204KA1MS3,DIVOPPBEES,EQ,,,,,NIP IND ETF DIV OPP,73.83,74.94,73.75,74.22,74.85,74.43,,74.22,,,44715,3311742.31,715,F1,1,,,,,
2026-09-25,2026-09-25,CM,NSE,STK,9847,INF204KB18I3,NV20BEES,EQ,,,,,NIP IND ETF ETF NV20,134.12,138.8,133.36,134.44,137.0,134.21,,134.44,,,11732,1570968.45,322,F1,1,,,,,
2026-09-25,2026-09-25,CM,NSE,STK,14428,INF204KB17I5,GOLDBEES,EQ,,,,,NIP IND ETF GOLD BEES,123.99,124.5,123.53,124.43,124.4,123.43,,124.43,,,13701949,1699644262.75,74791,F1,1,,,,,
2026-09-25,2026-09-25,CM,NSE,STK,18284,INF204KB19I1,HNGSNGBEES,EQ,,,,,NIP IND ETF HANGSENG BEES,459.52,460.99,455.27,457.74,458.19,460.02,,457.76,,,77439,35506994.2,3699,F1,1,,,,,
2026-09-25,2026-09-25,CM,NSE,STK,20072,INF732E01268,INFRABEES,EQ,,,,,NIP IND ETF INFRA BEES,926.98,940.0,920.3,929.45,935.0,926.98,,929.45,,,10349,9595858.0,513,F1,1,,,,,
2026-09-25,2026-09-25,CM,NSE,STK,19084,INF204KB15V2,ITBEES,EQ,,,,,NIP IND ETF IT,31.56,31.56,30.92,31.3,31.45,31.32,,31.3,,,7822671,243993429.47,15799,F1,1,,,,,
2026-09-25,2026-09-25,CM,NSE,STK,10939,INF732E01045,JUNIORBEES,EQ,,,,,NIP IND ETF JUNIOR BEES,777.3,777.77,771.61,776.69,777.48,773.76,,776.69,,,343338,266029583.61,10826,F1,1,,,,,
2026-09-25,2026-09-25,CM,NSE,STK,11006,INF732E01037,LIQUIDBEES,EQ,,,,,NIP IND ETF LIQUID BEES,999.99,1000.01,999.99,999.99,1000.01,999.99,,999.99,,,4213190,4213167731.71,4323,F1,1,,,,,
2026-09-25,2026-09-25,CM,NSE,STK,17700,INF204KB1882,LTGILTBEES,EQ,,,,,NIP IND ETF LONGTERM GILT,29.68,29.68,29.55,29.65,29.64,29.62,,29.65,,,1128149,33406205.78,700,F1,1,,,,,
2026-09-25,2026-09-25,CM,NSE,STK,8506,INF204KB1V68,MID150BEES,EQ,,,,,NIP IND ETF MIDCAP 150,234.74,234.75,228.68,231.12,231.0,233.02,,231.12,,,942928,218703329.38,17962,F1,1,,,,,
2026-09-25,2026-09-25,CM,NSE,STK,29577,INF204K014N5,NIF100BEES,EQ,,,,,NIP IND ETF NIFTY 100,259.58,260.9,256.73,258.25,260.9,257.89,,258.25,,,50901,13136499.58,552,F1,1,,,,,
2026-09-25,2026-09-25,CM,NSE,STK,10576,INF204KB14I2,NIFTYBEES,EQ,,,,,NIP IND ETF NIFTY BEES,264.98,265.66,263.05,264.13,264.0,263.99,,264.13,,,5254198,1385671453.54,84447,F1,1,,,,,
2026-09-25,2026-09-25,CM,NSE,STK,15032,INF204KB16I7,PSUBNKBEES,EQ,,,,,NIP IND ETF PSU BANK BEES,93.0,93.0,92.15,92.35,92.4,92.45,,92.35,,,462230,42706154.73,3299,F1,1,,,,,
2026-09-25,2026-09-25,CM,NSE,STK,17044,INF732E01128,SHARIABEES,EQ,,,,,NIP IND ETF SHARIAH BEES,431.01,437.99,430.0,432.52,437.89,433.87,,432.8,,,8090,3495377.77,592,F1,1,,,,,
2026-09-25,2026-09-25,CM,NSE,STK,357,INE298J01013,NAM-INDIA,EQ,,,,,NIPPON L I A M LTD,1144.0,1161.5,1130.0,1157.0,1157.0,1144.9,,1156.92,,,752030,865207723.9,20342,F1,1,,,,,
2026-09-25,2026-09-25,CM,NSE,STK,757725,INF204KC1FU1,LIQGRWBEES,EQ,,,,,NIPPONAMC - LIQGRWBEES,1056.25,1057.12,1056.25,1057.1,1057.12,1056.71,,1057.1,,,28990,30644723.93,183,F1,1,,,,,
2026-09-25,2026-09-25,CM,NSE,STK,758667,INF204KC1GH6,MANUFGBEES,EQ,,,,,NIPPONAMC - MANUFGBEES,159.79,162.8,158.67,159.12,158.67,159.0,,159.12,,,19194,3065222.94,118,F1,1,,,,,
2026-09-25,2026-09-25,CM,NSE,STK,7880,INF204KC1337,AUTOBEES,EQ,,,,,NIPPONAMC - NETFAUTO,277.3,279.34,276.83,278.51,278.94,277.2,,278.51,,,180697,50191549.64,2088,F1,1,,,,,
2026-09-25,2026-09-25,CM,NSE,STK,4973,INF204KC1089,PHARMABEES,EQ,,,,,NIPPONAMC - NETFPHARMA,28.4,28.4,27.64,27.8,27.85,27.8,,27.8,,,4149103,115164813.43,8686,F1,1,,,,,
2026-09-25,2026-09-25,CM,NSE,STK,8080,INF204KC1402,SILVERBEES,EQ,,,,,NIPPONAMC - NETFSILVER,216.88,219.0,215.58,218.8,218.94,215.95,,218.8,,,14322964,3112433603.14,52260,F1,1,,,,,
2026-09-25,2026-09-25,CM,NSE,STK,757455,INF204KC1EZ3,SNXT30BEES,EQ,,,,,NIPPONAMC - SNXT30BEES,41.85,41.85,41.5,41.61,41.84,41.75,,41.61,,,7415,309243.0,61,F1,1,,,,,
2026-09-25,2026-09-25,CM,NSE,STK,255,INE368I01016,NIRAJ,EQ,,,,,NIRAJ CEMENT STRUC LTD,29.13,29.15,27.72,28.11,28.0,29.13,,28.15,,,33826,955567.12,189,F1,1,,,,,
2026-09-25,2026-09-25,CM,NSE,STK,18844,INE326T01011,NIRAJISPAT,BE,,,,,NIRAJ ISPAT IND LTD,278.0,291.9,278.0,288.6,288.6,278.0,,288.6,,,348,99548.3,13,F1,1,,,,,
2026-09-25,2026-09-25,CM,NSE,STK,2433,INE910A01012,NIRLON,EQ,,,,,NIRLON LTD,607.25,609.7,605.0,605.1,605.0,607.15,,605.12,,,503,304583.15,69,F1,1,,,,,
2026-09-25,2026-09-25,CM,NSE,STK,14722,INE0OK701014,NIRMAN,SM,,,,,NIRMAN AGRI GENTICS LTD,26.5,27.25,26.0,26.2,26.2,26.6,,26.2,,,18000,475410.0,44,F1,300,,,,,
2026-09-25,2026-09-25,CM,NSE,STK,13300,INE858F01012,NITCO,EQ,,,,,NITCO LIMITED,90.01,90.32,87.25,87.96,87.54,90.03,,87.96,,,343465,30321064.23,3302,F1,1,,,,,
2026-09-25,2026-09-25,CM,NSE,STK,13175,INE229H01012,NITINSPIN,EQ,,,,,NITIN SPINNERS LIMITED,610.0,614.0,604.95,612.35,613.0,605.55,,612.27,,,23745,14468377.8,3113,F1,1,,,,,
2026-09-25,2026-09-25,CM,NSE,STK,3247,INE439T01012,NITIRAJ,EQ,,,,,NITIRAJ ENGINEERS LTD,227.99,227.99,213.1,217.84,216.5,226.25,,217.84,,,3259,713009.06,111,F1,1,,,,,
2026-09-25,2026-09-25,CM,NSE,STK,762824,INE265B01019,NITTAGELA,EQ,,,,,NITTA GELATIN INDIA LTD.,1699.0,1725.0,1676.0,1699.9,1719.0,1699.5,,1699.92,,,2839,4836305.2,830,F1,1,,,,,
2026-09-25,2026-09-25,CM,NSE,STK,27097,INE995S01015,NIVABUPA,EQ,,,,,NIVA BUPA HEALTH INS CO L,76.74,78.15,76.0,77.19,77.75,76.13,,77.2,,,1111284,85441323.09,22891,F1,1,,,,,
2026-09-25,2026-09-25,CM,NSE,STK,2439,INE542C01019,NKIND,EQ,,,,,NK INDUSTRIES LTD,59.0,60.9,59.0,60.36,60.9,59.34,,60.36,,,21,1258.2,8,F1,1,,,,,
2026-09-25,2026-09-25,CM,NSE,STK,8585,INE589A01014,NLCINDIA,EQ,,,,,NLC INDIA LIMITED,263.25,264.0,258.75,262.55,262.1,263.25,,262.54,,,815195,213148729.3,17318,F1,1,,,,,
2026-09-25,2026-09-25,CM,NSE,STK,15332,INE584A01023,NMDC,EQ,,,,,NMDC LTD.,80.76,81.12,79.57,79.9,79.9,80.82,,79.9,,,11080041,887584157.12,40041,F1,1,,,,,
2026-09-25,2026-09-25,CM,NSE,STK,14180,INE0NNS01018,NSLNISP,EQ,,,,,NMDC STEEL LIMITED,42.62,42.81,41.71,42.17,42.16,42.54,,42.17,,,2905193,122328903.39,13607,F1,1,,,,,
2026-09-25,2026-09-25,CM,NSE,STK,2442,INE163A01018,NOCIL,EQ,,,,,NOCIL LIMITED,192.5,194.45,186.62,188.41,188.01,191.4,,188.41,,,1112045,211966552.85,13023,F1,1,,,,,
2026-09-25,2026-09-25,CM,NSE,STK,10786,INE781B01015,NOIDATOLL,EQ,,,,,NOIDA TOLL BRIDGE CO LTD,3.96,4.02,3.95,3.96,4.0,3.92,,3.96,,,34452,137229.23,182,F1,1,,,,,
2026-09-25,2026-09-25,CM,NSE,STK,4160,INE369C01017,NORBTEAEXP,EQ,,,,,NORBEN TEA & EXPORTS LTD,66.52,70.8,65.81,70.12,70.0,67.88,,70.12,,,4162,287924.18,64,F1,1,,,,,
2026-09-25,2026-09-25,CM,NSE,STK,13533,INE553C01016,NECCLTD,BE,,,,,NORTH EAST CARRY CORP LTD,19.0,19.78,19.0,19.18,19.43,19.39,,19.18,,,26443,509279.62,115,F1,1,,,,,
2026-09-25,2026-09-25,CM,NSE,STK,25426,INE850M01015,NORTHARC,EQ,,,,,NORTHERN ARC CAPITAL LTD,303.0,304.4,299.05,300.9,300.85,303.0,,300.91,,,508385,153267954.7,12747,F1,1,,,,,
2026-09-25,2026-09-25,CM,NSE,STK,22477,INE02H701025,NOVAAGRI,EQ,,,,,NOVA AGRITECH LIMITED,22.0,24.18,22.0,22.9,23.0,23.01,,22.9,,,61655,1402920.82,532,F1,1,,,,,
2026-09-25,2026-09-25,CM,NSE,STK,9007,INE234A01025,NOVARTIND,EQ,,,,,NOVARTIS INDIA LIMITED,1990.0,1990.0,1929.9,1965.6,1989.0,1971.4,,1964.96,,,17098,33459094.8,2450,F1,1,,,,,
2026-09-25,2026-09-25,CM,NSE,STK,7553,INE349A01021,NRBBEARING,EQ,,,,,NRB BEARING LIMITED,531.9,542.9,523.0,534.8,535.0,528.9,,534.8,,,355143,189810998.6,17367,F1,1,,,,,
2026-09-25,2026-09-25,CM,NSE,STK,29733,INE047O01014,NIBL,EQ,,,,,NRB INDUS. BEARINGS LTD.,33.17,33.73,31.76,32.65,31.89,32.61,,32.87,,,7942,260203.92,129,F1,1,,,,,
2026-09-25,2026-09-25,CM,NSE,STK,27176,INE0ONG01011,NTPCGREEN,EQ,,,,,NTPC GREEN ENERGY LIMITED,95.43,95.43,92.5,93.47,93.6,95.43,,93.47,,,2331281,217687360.85,23104,F1,1,,,,,
2026-09-25,2026-09-25,CM,NSE,STK,11630,INE733E01010,NTPC,EQ,,,,,NTPC LTD,327.3,327.3,323.5,326.6,326.6,326.6,,326.6,,,6075589,1978145828.9,74730,F1,1,,,,,
2026-09-25,2026-09-25,CM,NSE,STK,10791,INE096B01018,NUCLEUS,EQ,,,,,NUCLEUS SOFTWARE EXPORTS,674.0,691.5,668.75,679.55,678.0,675.15,,679.6,,,20296,13691243.25,1211,F1,1,,,,,
2026-09-25,2026-09-25,CM,NSE,STK,13680,INE0JM501013,NRL,BE,,,,,NUPUR RECYCLERS LIMITED,161.7,161.7,161.7,161.7,161.7,165.0,,161.7,,,66624,10773100.8,117,F1,1,,,,,
2026-09-25,2026-09-25,CM,NSE,STK,2353,INE0DSF01015,NURECA,BE,,,,,NURECA LIMITED,345.0,354.6,335.0,351.5,349.1,342.35,,351.5,,,13395,4644615.4,259,F1,1,,,,,
2026-09-25,2026-09-25,CM,NSE,STK,18721,INE531F01023,NUVAMA,EQ,,,,,NUVAMA WEALTH MANAGE LTD,1695.0,1722.4,1674.9,1681.4,1675.0,1695.4,,1681.34,,,674021,1148478045.3,23894,F1,1,,,,,
2026-09-25,2026-09-25,CM,NSE,STK,5426,INE118D01016,NUVOCO,EQ,,,,,NUVOCO VISTAS CORP LTD,333.0,337.7,330.2,335.45,335.6,335.0,,335.45,,,204487,68186953.15,12666,F1,1,,,,,
2026-09-25,2026-09-25,CM,NSE,STK,24298,INE0SF023016,NXT-INFRA,IV,,,,,NXT-INFRA TRUST,99.0,99.97,99.0,99.64,99.97,97.5,,99.64,,,900000,89164000.0,9,F1,25000,,,,,
2026-09-25,2026-09-25,CM,NSE,STK,8797,INE426Z01016,OBCL,EQ,,,,,OBCL LIMITED,59.42,59.42,57.01,57.6,57.05,59.42,,57.6,,,365,21487.66,21,F1,1,,,,,
2026-09-25,2026-09-25,CM,NSE,STK,20242,INE093I01010,OBEROIRLTY,EQ,,,,,OBEROI REALTY LIMITED,1837.5,1882.9,1837.5,1858.5,1858.5,1837.5,,1858.38,,,638248,1187475930.2,30814,F1,1,,,,,
2026-09-25,2026-09-25,CM,NSE,STK,25923,INE0YHV01011,OBSCP,SM,,,,,OBSC PERFECTION LIMITED,926.0,942.95,920.05,930.5,932.0,931.25,,930.5,,,17200,15997680.0,42,F1,400,,,,,
2026-09-25,2026-09-25,CM,NSE,STK,25920,INE0PK601023,OCCLLTD,BE,,,,,OCCL LIMITED,158.98,167.67,156.41,167.67,167.67,159.69,,167.67,,,156212,26107126.64,472,F1,1,,,,,
2026-09-25,2026-09-25,CM,NSE,STK,27571,INE054301028,ODIGMA,EQ,,,,,ODIGMA CONSULTANCY SOL L,20.71,21.24,20.65,21.0,20.75,20.96,,21.0,,,11955,249471.0,288,F1,1,,,,,
2026-09-25,2026-09-25,CM,NSE,STK,764803,INE839E01023,ODYCORP,EQ,,,,,ODYSSEY CORPORATION LTD.,7.26,7.26,6.85,7.03,6.91,7.02,,7.03,,,9498,65858.08,86,F1,1,,,,,
2026-09-25,2026-09-25,CM,NSE,STK,2475,INE213A01029,ONGC,EQ,,,,,OIL AND NATURAL GAS CORP.,238.0,238.0,234.71,235.86,235.86,239.0,,235.86,,,5066494,1194752405.41,69285,F1,1,,,,,
2026-09-25,2026-09-25,CM,NSE,STK,8109,INE591A01010,OILCOUNTUB,BE,,,,,OIL COUNTRY TUBULAR LTD.,70.89,72.2,70.89,72.2,72.2,70.89,,72.1,,,26619,1899335.93,80,F1,1,,,,,
2026-09-25,2026-09-25,CM,NSE,STK,17438,INE274J01014,OIL,EQ,,,,,OIL INDIA LTD,476.0,476.65,470.7,475.15,475.15,479.0,,475.13,,,666997,315843562.95,15244,F1,1,,,,,
2026-09-25,2026-09-25,CM,NSE,STK,24777,INE0LXG01040,OLAELEC,EQ,,,,,OLA ELECTRIC MOBILITY LTD,42.5,42.5,38.01,38.48,38.34,42.52,,38.48,,,194568434,7613880798.18,313251,F1,1,,,,,
2026-09-25,2026-09-25,CM,NSE,STK,10637,INE260D01016,OLECTRA,EQ,,,,,OLECTRA GREENTECH LIMITED,1247.0,1247.0,1204.3,1207.2,1209.0,1244.0,,1207.22,,,357307,433866186.0,19608,F1,1,,,,,
2026-09-25,2026-09-25,CM,NSE,STK,759412,INE1BZC01019,OMFREIGHT,BE,,,,,OM FREIGHT FORWARDERS LTD,94.25,94.25,89.1,90.65,90.11,91.83,,90.74,,,3236,291829.97,54,F1,1,,,,,
2026-09-25,2026-09-25,CM,NSE,STK,24231,INE239D01028,OMINFRAL,EQ,,,,,OM INFRA LIMITED,79.19,79.4,77.77,79.03,79.25,78.45,,79.03,,,35345,2771910.15,1217,F1,1,,,,,
2026-09-25,2026-09-25,CM,NSE,STK,762432,INE25E901019,OMPOWER,EQ,,,,,OM POWER TRANSMISSION LTD,166.04,173.0,162.52,168.84,167.62,166.03,,168.79,,,82345,13743194.66,1111,F1,1,,,,,
2026-09-25,2026-09-25,CM,NSE,STK,10922,INE090B01011,OMAXAUTO,EQ,,,,,OMAX AUTOS LTD,202.5,204.9,198.16,200.24,201.0,201.62,,200.26,,,52206,10505860.01,1279,F1,1,,,,,
2026-09-25,2026-09-25,CM,NSE,STK,14853,INE800H01010,OMAXE,EQ,,,,,OMAXE LIMITED,118.0,122.7,116.0,118.53,118.3,117.67,,118.53,,,822641,98512581.49,10223,F1,1,,,,,
2026-09-25,2026-09-25,CM,NSE,STK,760865,INE0UH301010,OMNI,EQ,,,,,OMNITECH ENGINEERING LTD,545.05,551.65,530.05,533.95,531.0,547.85,,533.96,,,316403,170460503.1,12631,F1,1,,,,,
2026-09-25,2026-09-25,CM,NSE,STK,19692,INE00ER01015,ONDOOR,SM,,,,,ON DOOR CONCEPTS LIMITED,265.1,283.5,260.0,265.45,262.5,271.0,,265.45,,,15900,4311120.0,41,F1,300,,,,,
2026-09-25,2026-09-25,CM,NSE,STK,6705,INE982J01020,PAYTM,EQ,,,,,ONE 97 COMMUNICATIONS LTD,1732.5,1747.2,1658.8,1674.0,1674.0,1735.5,,1673.98,,,5174169,8678564665.9,155160,F1,1,,,,,
2026-09-25,2026-09-25,CM,NSE,STK,765242,INE670O01013,ONEGLOBAL,EQ,,,,,ONE GLOBAL SERVICE PROV L,530.0,546.5,520.05,538.75,542.95,530.9,,538.99,,,10827,5780151.45,751,F1,1,,,,,
2026-09-25,2026-09-25,CM,NSE,STK,28046,INE0HLU01028,MOBIKWIK,EQ,,,,,ONE MOBIKWIK SYSTEMS LTD,203.01,203.31,198.8,200.62,200.48,203.8,,200.63,,,832129,166972822.34,10177,F1,1,,,,,
2026-09-25,2026-09-25,CM,NSE,STK,9939,INE840Y01029,ONEPOINT,EQ,,,,,ONE POINT ONE SOL LTD,71.0,72.0,68.63,69.6,69.8,69.31,,69.61,,,5644105,396812915.39,28801,F1,1,,,,,
2026-09-25,2026-09-25,CM,NSE,STK,19386,INE0OPS01011,OLIL,SM,,,,,ONECLICK LOGISTICS IND L,424.0,430.0,418.85,426.45,426.95,422.75,,426.45,,,80000,33641240.0,99,F1,400,,,,,
2026-09-25,2026-09-25,CM,NSE,STK,25496,INE912L01015,ONELIFECAP,BE,,,,,ONELIFE CAP ADVISORS LTD,37.0,37.25,35.23,36.05,35.88,35.81,,36.05,,,125272,4583313.21,138,F1,1,,,,,
2026-09-25,2026-09-25,CM,NSE,STK,763294,INE12F801023,KISSHT,EQ,,,,,ONEMI TECHNOLOGY SOL LTD,337.0,349.95,332.7,348.4,348.35,337.3,,348.4,,,1179779,405624041.0,34560,F1,1,,,,,
2026-09-25,2026-09-25,CM,NSE,STK,29224,INE013P01021,ONESOURCE,EQ,,,,,ONESOURCE SPECL PHARMA L,1601.6,1634.4,1567.0,1602.6,1600.0,1594.6,,1602.54,,,227395,362972689.7,14719,F1,1,,,,,
2026-09-25,2026-09-25,CM,NSE,STK,2202,INE831A01028,ONIDA,EQ,,,,,ONIDA ELECTRONICS LIMITED,33.22,33.99,33.22,33.68,33.8,33.28,,33.68,,,303378,10183726.09,1505,F1,1,,,,,
2026-09-25,2026-09-25,CM,NSE,STK,764808,INE173M01012,ONIXSOLAR,EQ,,,,,ONIX SOLAR ENERGY LTD.,337.85,337.85,337.85,337.85,337.85,321.8,,337.25,,,16312,5511009.2,73,F1,1,,,,,
2026-09-25,2026-09-25,CM,NSE,STK,15282,INE809I01019,ONMOBILE,BE,,,,,ONMOBILE GLOBAL LTD.,51.55,53.29,51.5,52.81,52.69,52.42,,52.81,,,26131,1368549.64,245,F1,1,,,,,
2026-09-25,2026-09-25,CM,NSE,STK,2481,INE229A01017,ONWARDTEC,EQ,,,,,ONWARD TECHNOLOGIES LTD,287.7,291.0,285.1,287.65,291.0,287.25,,289.12,,,7246,2084946.95,268,F1,1,,,,,
2026-09-25,2026-09-25,CM,NSE,STK,21469,INE350C01017,OPTIEMUS,EQ,,,,,OPTIEMUS INFRACOM LTD,775.5,787.3,746.1,758.55,759.85,781.5,,758.52,,,487355,372640444.1,24477,F1,1,,,,,
2026-09-25,2026-09-25,CM,NSE,STK,764813,INE031G01022,OPTIFIN,EQ,,,,,OPTIMUS FINANCE LTD.,14.98,15.4,14.67,14.99,14.99,14.98,,14.99,,,42946,646936.63,169,F1,1,,,,,
2026-09-25,2026-09-25,CM,NSE,STK,764528,INE1JZB01022,OPTIMYSTIX,SM,,,,,OPTIMYSTIX ENT INDIA LTD,132.0,133.0,131.8,132.45,132.75,133.15,,132.45,,,12000,1586040.0,13,F1,800,,,,,
2026-09-25,2026-09-25,CM,NSE,STK,758903,INE15B101011,OPTIVALUE,ST,,,,,OPTIVALUE TEK CONSULT LTD,239.95,239.95,218.1,220.35,221.5,229.55,,220.35,,,54400,12178480.0,31,F1,1600,,,,,
2026-09-25,2026-09-25,CM,NSE,STK,10738,INE881D01027,OFSS,EQ,,,,,ORACLE FIN SERV SOFT LTD.,10782.0,10805.0,10332.0,10770.0,10770.0,10925.0,,10769.15,,,545314,5756223735.0,77477,F1,1,,,,,
2026-09-25,2026-09-25,CM,NSE,STK,31479,INE231G01010,ORBTEXP,BE,,,,,ORBIT EXPORTS LIMITED,227.05,227.1,226.0,226.9,226.9,227.0,,226.9,,,3637,823544.15,31,F1,1,,,,,
2026-09-25,2026-09-25,CM,NSE,STK,29492,INE215B01022,ORCHASP,EQ,,,,,ORCHASP LIMITED,1.38,1.39,1.36,1.38,1.39,1.35,,1.38,,,56162,77539.0,133,F1,1,,,,,
2026-09-25,2026-09-25,CM,NSE,STK,926,INE191A01027,ORCHPHARMA,EQ,,,,,ORCHID PHARMA LIMITED,1102.6,1116.0,1059.3,1064.9,1064.0,1096.15,,1064.9,,,63555,68628753.7,8730,F1,1,,,,,
2026-09-25,2026-09-25,CM,NSE,STK,17882,INE0OUT01027,ORIANA,SM,,,,,ORIANA POWER LIMITED,311.0,343.5,305.05,330.75,332.0,303.7,,330.75,,,1268250,418964662.5,2633,F1,375,,,,,
2026-09-25,2026-09-25,CM,NSE,STK,10159,INE730A01022,ORICONENT,EQ,,,,,ORICON ENTERPRISES LTD,52.99,52.99,51.02,51.4,51.35,51.77,,51.4,,,12725,657761.69,309,F1,1,,,,,
2026-09-25,2026-09-25,CM,NSE,STK,14278,INE607D01018,ORIENTBELL,EQ,,,,,ORIENT BELL LIMITED,388.25,412.0,387.0,407.55,408.7,391.05,,408.2,,,29237,11796721.65,2223,F1,1,,,,,
2026-09-25,2026-09-25,CM,NSE,STK,30089,INE876N01018,ORIENTCEM,EQ,,,,,ORIENT CEMENT LTD.,121.24,123.28,121.24,122.16,122.95,122.32,,122.16,,,491051,60098342.8,5654,F1,1,,,,,
2026-09-25,2026-09-25,CM,NSE,STK,13111,INE569C01020,ORIENTCER,EQ,,,,,ORIENT CERATECH LIMITED,47.29,48.19,47.01,47.8,47.84,46.83,,47.8,,,31332,1495497.45,744,F1,1,,,,,
2026-09-25,2026-09-25,CM,NSE,STK,2972,INE142Z01019,ORIENTELEC,EQ,,,,,ORIENT ELECTRIC LIMITED,163.99,165.0,161.21,162.26,163.39,163.98,,162.27,,,123313,20037772.11,3887,F1,1,,,,,
2026-09-25,2026-09-25,CM,NSE,STK,20110,INE999K01014,GREENPOWER,EQ,,,,,ORIENT GREEN POWER CO LTD,9.0,9.03,8.9,8.96,8.97,9.0,,8.96,,,1845566,16526019.92,3384,F1,1,,,,,
2026-09-25,2026-09-25,CM,NSE,STK,2493,INE750A01020,ORIENTHOT,EQ,,,,,ORIENT HOTELS LTD,139.25,141.53,139.25,140.93,140.0,140.41,,140.93,,,382049,53755945.06,1977,F1,1,,,,,
2026-09-25,2026-09-25,CM,NSE,STK,2496,INE592A01026,ORIENTPPR,EQ,,,,,ORIENT PAPER AND INDS LTD,16.91,17.0,16.57,16.76,16.9,16.8,,16.76,,,183765,3068769.37,1510,F1,1,,,,,
2026-09-25,2026-09-25,CM,NSE,STK,18211,INE609C01024,ORIENTLTD,BE,,,,,ORIENT PRESS LIMITED,76.5,80.88,76.5,80.48,80.48,79.5,,78.83,,,555,43162.72,17,F1,1,,,,,
2026-09-25,2026-09-25,CM,NSE,STK,24961,INE0PPK01015,ORIENTTECH,EQ,,,,,ORIENT TECHNOLOGIES LTD,235.2,238.79,233.0,237.3,236.0,235.2,,237.31,,,143504,33619304.79,1995,F1,1,,,,,
2026-09-25,2026-09-25,CM,NSE,STK,10768,INE959C01023,OAL,EQ,,,,,ORIENTAL AROMATICS LTD,533.05,539.0,522.15,533.65,536.9,532.3,,533.18,,,28203,14947881.05,1297,F1,1,,,,,
2026-09-25,2026-09-25,CM,NSE,STK,764818,INE457G01029,ORIRAIL,EQ,,,,,ORIENTAL RAIL INFRA L,124.1,125.17,120.85,121.12,121.48,125.17,,121.2,,,74506,9114506.9,1195,F1,1,,,,,
2026-09-25,2026-09-25,CM,NSE,STK,14346,INE998H01012,ORIENTALTL,EQ,,,,,ORIENTAL TRIMEX LTD,5.14,5.14,4.92,4.99,5.03,4.96,,5.0,,,34099,170058.67,203,F1,1,,,,,
2026-09-25,2026-09-25,CM,NSE,STK,19931,INE725E01024,ORISSAMINE,EQ,,,,,ORISSA MIN DEV CO LTD,3715.0,3745.0,3675.0,3734.7,3738.0,3716.9,,3734.77,,,4027,14989998.4,985,F1,1,,,,,
2026-09-25,2026-09-25,CM,NSE,STK,759569,INE16NZ01023,ORKLAINDIA,EQ,,,,,ORKLA INDIA LIMITED,550.3,558.45,538.0,555.95,555.0,545.95,,555.97,,,98422,53753353.2,10732,F1,1,,,,,
2026-09-25,2026-09-25,CM,NSE,STK,2979,INE749B01020,ORTINGLOBE,EQ,,,,,ORTIN GLOBAL LIMITED,14.5,15.24,14.5,15.23,14.67,14.75,,15.23,,,2977,44549.46,24,F1,1,,,,,
2026-09-25,2026-09-25,CM,NSE,STK,25386,INE0RMF01018,OSELDEVICE,SM,,,,,OSEL DEVICES LIMITED,392.85,394.75,382.0,385.9,386.0,390.85,,385.9,,,12400,4819880.0,55,F1,200,,,,,
2026-09-25,2026-09-25,CM,NSE,STK,12643,INE06IR01021,OSIAHYPER,BE,,,,,OSIA HYPER RETAIL LIMITED,2.22,2.23,2.11,2.19,2.2,2.21,,2.19,,,358070,779347.1,364,F1,1,,,,,
2026-09-25,2026-09-25,CM,NSE,STK,2514,INE142A01012,OSWALAGRO,EQ,,,,,OSWAL AGRO MILLS LTD,34.05,34.79,33.34,34.0,34.01,33.88,,34.0,,,19413,661878.28,180,F1,1,,,,,
2026-09-25,2026-09-25,CM,NSE,STK,471,INE143A01010,OSWALGREEN,EQ,,,,,OSWAL GREENTECH LIMITED,20.09,20.1,19.7,19.99,20.02,19.9,,19.99,,,54062,1079410.27,528,F1,1,,,,,
2026-09-25,2026-09-25,CM,NSE,STK,756802,INE0BYP01024,OSWALPUMPS,EQ,,,,,OSWAL PUMPS LIMITED,279.9,280.7,273.5,274.95,275.0,280.25,,274.96,,,310754,85512612.95,6235,F1,1,,,,,
2026-09-25,2026-09-25,CM,NSE,STK,22914,INE0R8M01017,OWAIS,ST,,,,,OWAIS METAL & MINERAL,74.5,74.5,72.65,72.65,72.65,74.1,,72.65,,,1800,131695.0,12,F1,100,,,,,
2026-09-25,2026-09-25,CM,NSE,STK,765145,INE501F01018,PBMPOLY,EQ,,,,,P B M POLYTEX LTD.,60.6,67.47,57.97,59.91,58.0,63.68,,59.91,,,464,27957.53,29,F1,1,,,,,
2026-09-25,2026-09-25,CM,NSE,STK,25312,INE953R01016,PNGJL,EQ,,,,,P N GADGIL JEWELLERS LTD,591.2,624.0,579.15,605.5,617.0,591.2,,605.58,,,754981,449935218.5,30966,F1,1,,,,,
2026-09-25,2026-09-25,CM,NSE,STK,764845,INE035S01028,POEL,EQ,,,,,P O C L ENTERPRISES LTD.,146.7,149.0,144.0,145.34,146.5,146.7,,145.51,,,38758,5647380.57,1729,F1,1,,,,,
2026-09-25,2026-09-25,CM,NSE,STK,29662,INE0XUS01020,PSRAJ,SM,,,,,P S RAJ STEELS LIMITED,94.0,99.9,94.0,99.3,99.9,103.9,,99.3,,,17500,1722250.0,6,F1,2500,,,,,
2026-09-25,2026-09-25,CM,NSE,STK,2535,INE179A01014,PGHH,EQ,,,,,P&G HYGIENE & HEALTH CARE,7100.0,7112.0,7011.0,7037.5,7025.0,7093.0,,7037.78,,,15709,110691783.5,5100,F1,1,,,,,
2026-09-25,2026-09-25,CM,NSE,STK,8735,INE0KN801013,PROPEQUITY,SM,,,,,P. E. ANALYTICS LIMITED,192.0,197.05,192.0,192.85,192.85,192.0,,192.85,,,3000,579540.0,4,F1,600,,,,,
2026-09-25,2026-09-25,CM,NSE,STK,759342,INE0S3G01027,PACEDIGITK,EQ,,,,,PACE DIGITEK LIMITED,165.99,167.99,163.97,166.35,166.48,167.36,,166.34,,,473697,78474703.24,6234,F1,1,,,,,
2026-09-25,2026-09-25,CM,NSE,STK,764823,INE883C01025,PACIFICI,EQ,,,,,PACIFIC INDUSTRIES LTD.,140.0,142.0,135.99,141.94,142.0,136.14,,141.94,,,8649,1178713.46,43,F1,1,,,,,
2026-09-25,2026-09-25,CM,NSE,STK,14413,INE761H01022,PAGEIND,EQ,,,,,PAGE INDUSTRIES LTD,37350.0,37845.0,37350.0,37695.0,37695.0,37500.0,,37695.0,,,15467,581799235.0,7608,F1,1,,,,,
2026-09-25,2026-09-25,CM,NSE,STK,25468,INE420C01059,PAISALO,EQ,,,,,PAISALO DIGITAL LIMITED,89.5,90.19,87.3,89.02,89.0,89.45,,89.01,,,7721853,686731963.35,20764,F1,1,,,,,
2026-09-25,2026-09-25,CM,NSE,STK,17197,INE551D01018,PAKKA,EQ,,,,,PAKKA LIMITED,75.9,75.97,74.1,75.06,75.4,76.25,,75.06,,,96390,7207420.31,2251,F1,1,,,,,
2026-09-25,2026-09-25,CM,NSE,STK,21383,INE471W01019,PALASHSECU,EQ,,,,,PALASH SECURITIES LTD,84.0,89.95,84.0,88.92,89.9,84.11,,88.92,,,1078,95527.26,15,F1,1,,,,,
2026-09-25,2026-09-25,CM,NSE,STK,17062,INE218G01033,PALREDTEC,EQ,,,,,PALRED TECHNOLOGIES LTD,47.0,47.37,43.94,46.84,46.85,46.09,,46.9,,,5953,272883.76,57,F1,1,,,,,
2026-09-25,2026-09-25,CM,NSE,STK,4055,INE922B01023,PANACEABIO,EQ,,,,,PANACEA BIOTEC LTD,374.7,378.0,366.0,372.6,372.2,374.75,,372.6,,,74313,27626062.75,3156,F1,1,,,,,
2026-09-25,2026-09-25,CM,NSE,STK,16355,INE895W01019,PANACHE,BE,,,,,PANACHE DIGILIFE LIMITED,514.9,525.0,513.0,525.0,525.0,514.9,,525.0,,,2113,1106910.5,26,F1,1,,,,,
2026-09-25,2026-09-25,CM,NSE,STK,25392,INE305C01029,PANAMAPET,EQ,,,,,PANAMA PETROCHEM LTD,482.5,482.5,471.05,473.4,475.0,480.6,,473.38,,,73939,35134604.2,3244,F1,1,,,,,
2026-09-25,2026-09-25,CM,NSE,STK,764828,INE798F01010,PANCHMAHQ,EQ,,,,,PANCHMAHAL STEEL LTD.,339.0,339.0,288.55,290.1,308.0,305.0,,296.14,,,526,164937.3,32,F1,1,,,,,
2026-09-25,2026-09-25,CM,NSE,STK,765140,INE258R01028,PANORAMA,EQ,,,,,PANORAMA STUDIOS INTL. L,60.0,61.0,56.72,60.46,60.85,59.15,,60.47,,,895953,52717028.53,5061,F1,1,,,,,
2026-09-25,2026-09-25,CM,NSE,STK,6141,INE697V01011,PANSARI,EQ,,,,,PANSARI DEVELOPERS LTD,288.0,290.0,272.1,289.95,289.95,286.9,,289.95,,,212,61242.05,7,F1,1,,,,,
2026-09-25,2026-09-25,CM,NSE,STK,5637,INE04LG01015,PAR,BE,,,,,PAR DRUGS AND CHEM LTD,132.99,134.49,128.11,131.41,133.8,131.31,,131.41,,,9099,1208095.82,138,F1,1,,,,,
2026-09-25,2026-09-25,CM,NSE,STK,9741,INE088F01024,PARADEEP,EQ,,,,,PARADEEP PHOSPHATES LTD,154.5,156.67,154.0,155.49,155.98,154.5,,155.49,,,1465807,227965143.19,26925,F1,1,,,,,
2026-09-25,2026-09-25,CM,NSE,STK,17130,INE883N01014,PARAGMILK,EQ,,,,,PARAG MILK FOODS LTD.,262.0,274.4,256.25,268.9,267.15,258.4,,268.9,,,2825359,754231798.25,42100,F1,1,,,,,
2026-09-25,2026-09-25,CM,NSE,STK,19779,INE0N4G01012,PARAGON,SM,,,,,PARAGON FINE S.C. LTD.,51.95,51.95,50.2,50.6,51.15,53.0,,50.6,,,22800,1159440.0,17,F1,1200,,,,,
2026-09-25,2026-09-25,CM,NSE,STK,13951,INE074B01023,PARACABLES,EQ,,,,,PARAMOUNT COMM LTD,60.69,61.25,58.8,59.81,60.05,60.15,,59.81,,,1852499,110806809.62,12166,F1,1,,,,,
2026-09-25,2026-09-25,CM,NSE,STK,25716,INE0TG801013,PARAMOUNT,SM,,,,,PARAMOUNT DYE TEC LIMITED,36.4,36.4,36.4,36.4,36.4,38.3,,36.4,,,2400,87360.0,2,F1,1200,,,,,
2026-09-25,2026-09-25,CM,NSE,STK,25431,INE0Q6001012,PSFL,SM,,,,,PARAMOUNT SPECIALI FORG L,33.5,34.55,33.5,34.55,34.55,32.5,,34.55,,,8000,274200.0,4,F1,2000,,,,,
2026-09-25,2026-09-25,CM,NSE,STK,5911,INE045601023,PARAS,EQ,,,,,PARAS DEF AND SPCE TECH L,1343.4,1356.9,1312.6,1321.0,1324.0,1343.4,,1321.04,,,527679,702274036.2,28145,F1,1,,,,,
2026-09-25,2026-09-25,CM,NSE,STK,3972,INE162C01024,PARASPETRO,EQ,,,,,PARAS PETROFILS LTD.,2.12,2.12,2.05,2.08,2.08,2.08,,2.08,,,65519,136569.07,197,F1,1,,,,,
2026-09-25,2026-09-25,CM,NSE,STK,766227,INE00U801010,PARIN,EQ,,,,,PARIN ENTERPRISES LIMITED,789.0,789.0,713.05,736.8,731.2,715.0,,736.8,,,143542,105392849.3,2213,F1,1,,,,,
2026-09-25,2026-09-25,CM,NSE,STK,760351,INE119201023,PARKHOSPS,EQ,,,,,PARK MEDI WORLD LIMITED,284.0,288.0,281.05,286.35,287.8,285.0,,286.36,,,722620,205998921.0,9377,F1,1,,,,,
2026-09-25,2026-09-25,CM,NSE,STK,22649,INE988S01028,PARKHOTELS,EQ,,,,,PARKHOTELS,105.7,106.0,102.7,104.9,106.0,105.23,,104.9,,,259036,26922995.5,5130,F1,1,,,,,
2026-09-25,2026-09-25,CM,NSE,STK,764833,INE383L01019,PARNAXLAB,EQ,,,,,PARNAX LAB LTD.,124.0,124.0,111.0,118.22,120.95,123.86,,118.22,,,11075,1303118.78,557,F1,1,,,,,
2026-09-25,2026-09-25,CM,NSE,STK,13795,INE561H01026,PARSVNATH,BE,,,,,PARSVNATH DEVELOPER LTD,1.97,1.98,1.96,1.98,1.98,1.95,,1.99,,,1230480,2430562.9,384,F1,1,,,,,
2026-09-25,2026-09-25,CM,NSE,STK,758217,INE1H7V01011,PARTH,SM,,,,,PARTH ELEC & ENG LTD,512.05,523.0,512.05,514.05,514.05,520.0,,514.05,,,4000,2062840.0,9,F1,400,,,,,
2026-09-25,2026-09-25,CM,NSE,STK,2599,INE06ZX01015,PARTYCRUS,SM,,,,,PARTY CRUISERS LIMITED,99.0,99.0,98.95,98.95,98.95,98.95,,98.95,,,2000,197950.0,2,F1,1000,,,,,
2026-09-25,2026-09-25,CM,NSE,STK,757955,INE124Y01028,PASHUPATI,EQ,,,,,PASHUPATI COTSPIN LIMITED,80.5,83.15,79.02,79.69,79.44,78.94,,79.68,,,268925,21474425.59,3999,F1,1,,,,,
2026-09-25,2026-09-25,CM,NSE,STK,6045,INE818B01023,PASUPTAC,EQ,,,,,PASUPATI ACRYLON LIMITED,76.25,78.79,74.1,75.87,75.0,76.25,,75.9,,,278575,21255109.15,3123,F1,1,,,,,
2026-09-25,2026-09-25,CM,NSE,STK,17029,INE619A01035,PATANJALI,EQ,,,,,PATANJALI FOODS LIMITED,404.85,407.9,401.55,403.95,403.95,404.85,,403.94,,,1648377,666824951.15,55278,F1,1,,,,,
2026-09-25,2026-09-25,CM,NSE,STK,11699,INE244B01030,PATELENG,EQ,,,,,PATEL ENGINEERING LTD.,27.56,27.84,27.2,27.61,27.59,27.68,,27.62,,,1659476,45641081.91,6504,F1,1,,,,,
2026-09-25,2026-09-25,CM,NSE,STK,15219,INE529D01014,PATINTLOG,EQ,,,,,PATEL INT. LOG. LTD,13.8,14.1,13.43,13.59,13.63,14.01,,13.6,,,220678,3043270.98,751,F1,1,,,,,
2026-09-25,2026-09-25,CM,NSE,STK,759439,INE0R8B01010,PATELRMART,EQ,,,,,PATEL RETAIL LIMITED,207.03,207.8,204.25,206.28,205.5,207.03,,206.25,,,13767,2835609.09,588,F1,1,,,,,
2026-09-25,2026-09-25,CM,NSE,STK,756966,INE17GV01016,PATILAUTOM,ST,,,,,PATIL AUTOMATION LIMITED,333.3,352.4,319.0,352.05,352.4,335.65,,352.05,,,76200,26103600.0,85,F1,600,,,,,
2026-09-25,2026-09-25,CM,NSE,STK,762834,INE291E01019,PML,EQ,,,,,PAUL MERCHANTS LTD.,480.05,500.0,470.3,475.15,484.05,483.85,,475.15,,,321,154659.35,64,F1,1,,,,,
2026-09-25,2026-09-25,CM,NSE,STK,759969,INE111F01024,PAUSHAKLTD,EQ,,,,,PAUSHAK LIMITED,679.95,684.9,656.0,667.15,660.3,669.85,,667.19,,,29553,19820711.3,2131,F1,1,,,,,
2026-09-25,2026-09-25,CM,NSE,STK,16192,INE07S101038,PAVNAIND,EQ,,,,,PAVNA INDUSTRIES LIMITED,15.01,15.94,15.01,15.46,15.4,15.29,,15.45,,,29382,457570.87,155,F1,1,,,,,
2026-09-25,2026-09-25,CM,NSE,STK,6656,INE417T01026,POLICYBZR,EQ,,,,,PB FINTECH LIMITED,1160.0,1261.7,1115.0,1166.0,1166.0,1207.2,,1165.97,,,41589859,48952788030.1,789155,F1,1,,,,,
2026-09-25,2026-09-25,CM,NSE,STK,29124,INE785M01021,PCJEWELLER,EQ,,,,,PC JEWELLER LTD,14.35,14.46,14.03,14.11,14.17,14.25,,14.11,,,309343445,4403655162.97,146536,F1,1,,,,,
2026-09-25,2026-09-25,CM,NSE,STK,2649,INE602A01031,PCBL,EQ,,,,,PCBL CHEMICAL LIMITED,339.4,342.95,335.05,339.6,339.0,338.6,,339.6,,,669776,226846283.05,19243,F1,1,,,,,
2026-09-25,2026-09-25,CM,NSE,STK,761819,INE389Z07104,9PCPL28A,N0,,,,,PCPL 9% 2028,9721.0,9721.0,9721.0,9721.0,9721.0,9460.01,,9721.0,,,1,9721.0,1,F1,1,,,,,
2026-09-25,2026-09-25,CM,NSE,STK,5264,INE111Q01021,PDSL,EQ,,,,,PDS LIMITED,357.0,361.0,355.1,357.65,359.0,359.65,,357.66,,,61436,22063323.7,7206,F1,1,,,,,
2026-09-25,2026-09-25,CM,NSE,STK,14260,INE940H01022,PGIL,EQ,,,,,PEARL GLOBAL IND LIMITED,1281.8,1355.0,1274.8,1329.1,1319.0,1273.6,,1329.07,,,477150,632708717.4,39201,F1,1,,,,,
2026-09-25,2026-09-25,CM,NSE,STK,2610,INE844A01013,PEARLPOLY,EQ,,,,,PEARL POLYMERS LTD,18.72,19.12,17.93,18.03,18.0,18.72,,18.03,,,11088,201005.85,68,F1,1,,,,,
2026-09-25,2026-09-25,CM,NSE,STK,25408,INE0VG601013,PELATRO,SM,,,,,PELATRO LIMITED,384.0,388.0,383.5,383.5,383.5,375.1,,383.5,,,3600,1386150.0,10,F1,300,,,,,
2026-09-25,2026-09-25,CM,NSE,STK,2256,INE138A01028,PENINLAND,EQ,,,,,PENINSULA LAND LIMITED,16.98,17.25,16.32,16.7,17.25,16.58,,16.69,,,132272,2197507.94,424,F1,1,,,,,
2026-09-25,2026-09-25,CM,NSE,STK,20621,INE932A01024,PENIND,EQ,,,,,PENNAR INDUSTRIES LTD,179.7,187.4,178.21,184.9,183.8,178.75,,184.9,,,1295945,239778491.0,17568,F1,1,,,,,
2026-09-25,2026-09-25,CM,NSE,STK,17139,INE0ORS01017,PENTAGON,ST,,,,,PENTAGON RUBBER LIMITED,90.0,90.5,90.0,90.5,90.5,90.25,,90.5,,,2000,180500.0,2,F1,1000,,,,,
2026-09-25,2026-09-25,CM,NSE,STK,758121,INE925S01012,PERFECT,SZ,,,,,PERFECT INFRAENGINEER LTD,1.7,1.7,1.7,1.7,1.7,1.65,,1.7,,,6000,10200.0,2,F1,3000,,,,,
2026-09-25,2026-09-25,CM,NSE,STK,764838,INE418E01018,PERMAGN,EQ,,,,,PERMANENT MAGNETS LTD.,847.45,859.0,845.5,852.45,847.0,847.7,,852.27,,,2236,1905076.85,332,F1,1,,,,,
2026-09-25,2026-09-25,CM,NSE,STK,18365,INE262H01021,PERSISTENT,EQ,,,,,PERSISTENT SYSTEMS LTD,5277.0,5385.0,5230.0,5372.0,5372.0,5277.0,,5374.04,,,307915,1638824124.0,26291,F1,1,,,,,
2026-09-25,2026-09-25,CM,NSE,STK,24290,INE998U01015,PCCL,SM,,,,,PETRO CARBON AND CHEMI L,448.0,450.0,445.0,445.3,445.3,445.0,,445.3,,,9600,4304400.0,17,F1,400,,,,,
2026-09-25,2026-09-25,CM,NSE,STK,11351,INE347G01014,PETRONET,EQ,,,,,PETRONET LNG LIMITED,285.35,286.5,283.4,286.5,286.5,286.6,,286.5,,,880374,250928806.55,16012,F1,1,,,,,
2026-09-25,2026-09-25,CM,NSE,STK,2643,INE182A01018,PFIZER,EQ,,,,,PFIZER LTD,4060.0,4066.0,3988.0,4000.8,4005.0,4046.2,,4001.18,,,15786,63215855.6,7324,F1,1,,,,,
2026-09-25,2026-09-25,CM,NSE,STK,25358,INE457L01029,PGEL,EQ,,,,,PG ELECTROPLAST LTD,513.6,520.4,512.05,518.5,518.5,514.45,,518.47,,,483547,249593080.6,10886,F1,1,,,,,
2026-09-25,2026-09-25,CM,NSE,STK,765337,INE0B2O07011,10PGL28,N0,,,,,PGL 10% 2028,9948.0,10650.0,9700.0,10650.0,10650.0,10000.0,,10650.0,,,16,161148.0,3,F1,1,,,,,
2026-09-25,2026-09-25,CM,NSE,STK,11612,INE0MLZ01019,PHANTOMFX,SM,,,,,PHANTOM DIGITAL EFF LTD,88.0,91.4,85.1,90.0,90.0,90.6,,90.0,,,33300,2975370.0,69,F1,300,,,,,
2026-09-25,2026-09-25,CM,NSE,STK,2658,INE245B01011,PHOENXINTL,EQ,,,,,PHOENIX INTERNATIONAL LTD,28.95,28.95,27.85,28.68,28.68,28.33,,28.68,,,470,13198.56,19,F1,1,,,,,
2026-09-25,2026-09-25,CM,NSE,STK,25513,INE0FPO01018,PHOGLOBAL,SM,,,,,PHOENIX OVERSEAS LIMITED,16.0,16.0,16.0,16.0,16.0,16.0,,16.0,,,2000,32000.0,1,F1,2000,,,,,
2026-09-25,2026-09-25,CM,NSE,STK,759723,INE0LP301011,PWL,EQ,,,,,PHYSICSWALLAH LIMITED,132.64,135.5,131.5,134.36,133.0,132.64,,134.36,,,6520141,869635899.07,49712,F1,1,,,,,
2026-09-25,2026-09-25,CM,NSE,STK,24184,INE603J01030,PIIND,EQ,,,,,PI INDUSTRIES LTD,2388.6,2405.6,2362.6,2400.0,2400.0,2393.5,,2400.0,,,446431,1067279543.0,27705,F1,1,,,,,
2026-09-25,2026-09-25,CM,NSE,STK,757754,INE546C01010,PICCADIL,EQ,,,,,PICCADILY AGRO INDUSTRI L,603.2,619.5,603.2,613.0,612.1,601.55,,612.97,,,116320,71309066.0,7749,F1,1,,,,,
2026-09-25,2026-09-25,CM,NSE,STK,24785,INE0YAL01017,PPSL,SM,,,,,PICTUREPOST STUDIOS LTD,2.85,2.9,2.85,2.85,2.85,2.85,,2.85,,,33000,94800.0,10,F1,3000,,,,,
2026-09-25,2026-09-25,CM,NSE,STK,2664,INE318A01026,PIDILITIND,EQ,,,,,PIDILITE INDUSTRIES LTD,1525.0,1530.0,1495.7,1517.2,1517.2,1522.0,,1517.0,,,503315,758703811.7,31006,F1,1,,,,,
2026-09-25,2026-09-25,CM,NSE,STK,30835,INE600A01035,PILITA,EQ,,,,,PIL ITALICA LIFESTYLE LTD,7.55,7.8,7.4,7.71,7.73,7.47,,7.71,,,65850,504089.93,245,F1,1,,,,,
2026-09-25,2026-09-25,CM,NSE,STK,11445,INE417C01014,PILANIINVS,EQ,,,,,PILANI INV & IND COR LTD,3998.6,4040.0,3980.4,4015.0,4040.0,4007.1,,4014.88,,,1020,4087084.6,196,F1,1,,,,,
2026-09-25,2026-09-25,CM,NSE,STK,759820,INE15B701018,PINELABS,EQ,,,,,PINE LABS LIMITED,181.0,182.0,175.46,176.57,176.33,179.31,,176.57,,,17665754,3151901155.57,130191,F1,1,,,,,
2026-09-25,2026-09-25,CM,NSE,STK,13463,INE156C01018,PIONEEREMB,EQ,,,,,PIONEER EMBROIDERIES LTD,21.6,22.36,21.15,21.35,21.27,21.7,,21.35,,,5260,112075.05,61,F1,1,,,,,
2026-09-25,2026-09-25,CM,NSE,STK,762832,INE746D01014,PIONRINV,BE,,,,,PIONEER INVESTCORP LTD.,78.0,81.8,78.0,78.27,78.1,78.57,,78.27,,,843,67610.06,15,F1,1,,,,,
2026-09-25,2026-09-25,CM,NSE,STK,759551,INE202B01038,PIRAMALFIN,EQ,,,,,PIRAMAL FINANCE LIMITED,2104.0,2164.5,2049.0,2142.7,2129.0,2104.3,,2142.83,,,307942,643528891.3,29799,F1,1,,,,,
2026-09-25,2026-09-25,CM,NSE,STK,11571,INE0DK501011,PPLPHARMA,EQ,,,,,PIRAMAL PHARMA LIMITED,208.99,212.4,206.04,210.31,209.75,208.12,,210.3,,,3361746,705386444.22,38745,F1,1,,,,,
2026-09-25,2026-09-25,CM,NSE,STK,14134,INE450D01021,PITTIENG,EQ,,,,,PITTI ENGINEERING LIMITED,1160.0,1184.2,1126.1,1162.4,1160.0,1161.0,,1162.36,,,93537,108398016.6,8111,F1,1,,,,,
2026-09-25,2026-09-25,CM,NSE,STK,9087,INE751B01018,PIXTRANS,EQ,,,,,PIX TRANSMISSIONS LIMITED,1745.1,1745.1,1720.0,1734.8,1727.0,1745.8,,1734.83,,,5689,9833346.6,977,F1,1,,,,,
2026-09-25,2026-09-25,CM,NSE,STK,13920,INE083C01022,PLASTIBLEN,EQ,,,,,PLASTIBLENDS INDIA LTD,190.95,209.7,190.95,202.99,202.86,189.71,,203.01,,,208830,42240928.6,5219,F1,1,,,,,
2026-09-25,2026-09-25,CM,NSE,STK,22930,INE0PT501018,PLATIND,EQ,,,,,PLATINUM INDUSTRIES LTD,215.5,215.5,209.56,210.64,211.0,213.33,,210.69,,,57233,12081664.09,1374,F1,1,,,,,
2026-09-25,2026-09-25,CM,NSE,STK,19458,INE0INJ01017,PLAZACABLE,EQ,,,,,PLAZA WIRES LIMITED,60.55,62.2,59.22,59.94,60.01,60.69,,59.95,,,35030,2107963.99,698,F1,1,,,,,
2026-09-25,2026-09-25,CM,NSE,STK,8736,INE859A01011,PNBGILTS,EQ,,,,,PNB GILTS LIMITED,75.35,75.9,74.26,74.73,74.9,75.35,,74.73,,,191265,14307832.36,1964,F1,1,,,,,
2026-09-25,2026-09-25,CM,NSE,STK,18908,INE572E01012,PNBHOUSING,EQ,,,,,PNB HOUSING FIN LTD.,1090.0,1102.5,1077.2,1094.9,1094.9,1094.5,,1094.81,,,399362,435128840.3,29445,F1,1,,,,,
2026-09-25,2026-09-25,CM,NSE,STK,9385,INE195J01029,PNCINFRA,EQ,,,,,PNC INFRATECH LTD.,136.4,140.75,134.6,135.45,135.2,136.72,,135.44,,,1445306,199038342.37,17587,F1,1,,,,,
2026-09-25,2026-09-25,CM,NSE,STK,9342,INE392B01011,PNC,EQ,,,,,PNC MEDIA AND ENT LTD,16.62,16.95,16.46,16.89,16.93,16.62,,16.89,,,2725,45712.56,52,F1,1,,,,,
2026-09-25,2026-09-25,CM,NSE,STK,760242,INE1RDG01013,PNGSREVA,EQ,,,,,PNGS REVA DIAMOND JEWEL L,528.0,547.4,517.55,524.85,526.5,523.85,,524.93,,,401441,213860411.35,16647,F1,1,,,,,
2026-09-25,2026-09-25,CM,NSE,STK,19036,INE371C01013,PODDARMENT,EQ,,,,,PODDAR PIGMENTS LIMITED,273.8,277.0,270.0,271.4,274.45,275.15,,271.71,,,2454,670740.1,108,F1,1,,,,,
2026-09-25,2026-09-25,CM,NSE,STK,17651,INE637C01025,POKARNA,EQ,,,,,POKARNA LIMITED,729.1,736.4,722.8,728.95,728.85,729.05,,729.11,,,50362,36689015.45,3070,F1,1,,,,,
2026-09-25,2026-09-25,CM,NSE,STK,25718,INE205C01021,POLYMED,EQ,,,,,POLY MEDICURE LIMITED,1714.9,1733.8,1708.5,1724.4,1722.2,1716.0,,1724.39,,,52539,90549324.7,7851,F1,1,,,,,
2026-09-25,2026-09-25,CM,NSE,STK,9590,INE455K01017,POLYCAB,EQ,,,,,POLYCAB INDIA LIMITED,8394.0,8463.0,8350.0,8408.5,8408.5,8366.5,,8408.34,,,296612,2491136881.0,31619,F1,1,,,,,
2026-09-25,2026-09-25,CM,NSE,STK,2687,INE633B01018,POLYPLEX,EQ,,,,,POLYPLEX CORPORATION LTD,1091.6,1097.2,1080.0,1086.2,1083.0,1097.4,,1086.2,,,25252,27449677.9,1780,F1,1,,,,,
2026-09-25,2026-09-25,CM,NSE,STK,22711,INE517M01028,POLYSIL,SM,,,,,POLYSIL IRRIGATION SYST L,62.55,62.55,59.4,60.9,60.55,59.6,,60.9,,,177500,10972125.0,161,F1,500,,,,,
2026-09-25,2026-09-25,CM,NSE,STK,765150,INE914G01029,POLYSPIN,EQ,,,,,POLYSPIN EXPORTS LTD.,30.35,32.46,28.36,28.98,28.98,30.35,,28.98,,,358,10491.37,30,F1,1,,,,,
2026-09-25,2026-09-25,CM,NSE,STK,14385,INE063E01061,POCL,EQ,,,,,PONDY OXIDES & CHEM LTD,470.0,472.0,454.3,466.8,465.35,468.85,,466.91,,,359098,166185035.8,13396,F1,1,,,,,
2026-09-25,2026-09-25,CM,NSE,STK,10661,INE838E01017,PONNIERODE,EQ,,,,,PONNIE SUGARS (ERODE) LTD,382.0,406.65,376.1,399.8,397.0,380.6,,399.8,,,132564,52269036.7,6576,F1,1,,,,,
2026-09-25,2026-09-25,CM,NSE,STK,11403,INE511C01022,POONAWALLA,EQ,,,,,POONAWALLA FINCORP LTD,464.8,469.9,453.2,461.55,461.6,466.8,,461.55,,,1477854,676063290.05,26052,F1,1,,,,,
2026-09-25,2026-09-25,CM,NSE,STK,23142,INE772T01024,PVSL,EQ,,,,,POPULAR VEHICLES N SER L,100.0,100.59,98.33,98.67,98.5,98.62,,98.66,,,12411,1236822.09,403,F1,1,,,,,
2026-09-25,2026-09-25,CM,NSE,STK,24864,INE0S3H01017,POSITRON,SM,,,,,POSITRON ENERGY LIMITED,241.0,245.0,235.0,235.0,235.0,238.25,,235.0,,,7500,1814340.0,24,F1,300,,,,,
2026-09-25,2026-09-25,CM,NSE,STK,14299,INE134E01011,PFC,EQ,,,,,POWER FIN CORP LTD.,340.0,340.05,336.3,338.0,338.0,339.35,,338.02,,,8623661,2914155326.1,70604,F1,1,,,,,
2026-09-25,2026-09-25,CM,NSE,STK,14977,INE752E01010,POWERGRID,EQ,,,,,POWER GRID CORP. LTD.,268.7,269.75,266.9,269.5,269.5,266.4,,269.5,,,6241140,1676174719.35,50721,F1,1,,,,,
2026-09-25,2026-09-25,CM,NSE,STK,15716,INE557Z01018,PIGL,EQ,,,,,POWER INSTRUMENT (G) LTD,102.63,102.63,99.5,100.47,101.0,102.63,,100.64,,,88650,8891262.6,778,F1,1,,,,,
2026-09-25,2026-09-25,CM,NSE,STK,10473,INE211R01019,POWERMECH,EQ,,,,,POWER MECH PROJECTS LTD.,2429.5,2439.7,2386.1,2407.3,2410.0,2429.5,,2407.36,,,20848,50264064.8,5631,F1,1,,,,,
2026-09-25,2026-09-25,CM,NSE,STK,3494,INE0GGX23010,PGINVIT,IV,,,,,POWERGRID INFRA. INVITS,102.3,102.5,101.8,101.91,101.85,101.94,,101.91,,,904445,92279353.68,5222,F1,1,,,,,
2026-09-25,2026-09-25,CM,NSE,STK,761680,INE921L01032,POWERICA,EQ,,,,,POWERICA LIMITED,567.0,590.0,567.0,582.95,584.9,562.85,,582.71,,,200960,116513268.35,8924,F1,1,,,,,
2026-09-25,2026-09-25,CM,NSE,STK,15213,INE095I01015,PPAP,BE,,,,,PPAP AUTOMOTIVE LIMITED,262.0,262.0,244.2,246.25,249.0,253.5,,246.37,,,5323,1317677.2,136,F1,1,,,,,
2026-09-25,2026-09-25,CM,NSE,STK,30134,INE0I0M01023,PRABHA,EQ,,,,,PRABHA ENERGY LIMITED,224.8,234.0,222.4,230.87,234.0,225.76,,230.88,,,161400,37072707.42,2020,F1,1,,,,,
2026-09-25,2026-09-25,CM,NSE,STK,762842,INE770A01010,PRADPME,BE,,,,,PRADEEP METALS LTD.,505.5,519.8,490.0,494.35,495.0,505.5,,494.35,,,15023,7558152.3,202,F1,1,,,,,
2026-09-25,2026-09-25,CM,NSE,STK,2705,INE074A01025,PRAJIND,EQ,,,,,PRAJ INDUSTRIES LTD,316.05,318.85,311.95,315.9,315.9,316.1,,315.91,,,337732,106585168.8,11142,F1,1,,,,,
2026-09-25,2026-09-25,CM,NSE,STK,13941,INE505C01016,PRAENG,EQ,,,,,PRAJAY ENG. SYN. LTD.,22.87,24.8,22.31,23.7,23.64,22.86,,23.75,,,254874,6051558.74,707,F1,1,,,,,
2026-09-25,2026-09-25,CM,NSE,STK,2708,INE603A01013,PRAKASH,EQ,,,,,PRAKASH INDUSTRIES LTD,119.0,122.4,117.48,118.81,118.5,117.68,,118.81,,,464030,55402685.78,6138,F1,1,,,,,
2026-09-25,2026-09-25,CM,NSE,STK,10299,INE050001010,PPL,BE,,,,,PRAKASH PIPES LIMITED,267.0,271.5,260.05,263.05,265.0,265.95,,263.0,,,13411,3560767.75,243,F1,1,,,,,
2026-09-25,2026-09-25,CM,NSE,STK,19599,INE696K01024,PRAKASHSTL,EQ,,,,,PRAKASH STEELAGE LTD,3.55,3.7,3.55,3.62,3.63,3.68,,3.62,,,75243,273988.59,349,F1,1,,,,,
2026-09-25,2026-09-25,CM,NSE,STK,18514,INE0O7A01017,PRAMARA,SM,,,,,PRAMARA PROMOTIONS LTD,102.6,102.6,102.6,102.6,102.6,97.75,,102.6,,,15500,1590300.0,14,F1,500,,,,,
2026-09-25,2026-09-25,CM,NSE,STK,765287,INE2JG601017,PRAMODINI,SM,,,,,PRAMODINI MEDICARE LTD,114.15,117.9,114.15,115.1,115.0,114.55,,115.1,,,33600,3901920.0,27,F1,1200,,,,,
2026-09-25,2026-09-25,CM,NSE,STK,766000,INE0H4201019,PRANAV,EQ,,,,,PRANAV CONSTRUCTIONS LTD,100.0,102.49,98.36,100.64,102.0,100.19,,100.65,,,2484193,248791763.8,20742,F1,1,,,,,
2026-09-25,2026-09-25,CM,NSE,STK,766016,INE455U01024,PRASOLCHEM,EQ,,,,,PRASOL CHEMICALS LIMITED,721.0,769.0,718.05,756.0,755.1,720.7,,755.84,,,475369,357510871.45,25628,F1,1,,,,,
2026-09-25,2026-09-25,CM,NSE,STK,21840,INE393P01035,DIAMONDYD,EQ,,,,,PRATAAP SNACKS LIMITED,1065.3,1084.5,1058.4,1071.0,1079.9,1065.3,,1071.49,,,3449,3687043.5,473,F1,1,,,,,
2026-09-25,2026-09-25,CM,NSE,STK,23113,INE0QA601016,PRATHAM,SM,,,,,PRATHAM EPC PROJECTS LTD,121.25,126.0,121.25,126.0,126.0,121.7,,126.0,,,3200,400880.0,7,F1,400,,,,,
2026-09-25,2026-09-25,CM,NSE,STK,762844,INE722B01019,PRAVEG,EQ,,,,,PRAVEG LTD.,262.9,263.55,257.0,259.25,258.35,259.3,,259.26,,,12486,3245526.95,446,F1,1,,,,,
2026-09-25,2026-09-25,CM,NSE,STK,1204,INE546Y01022,PRAXIS,EQ,,,,,PRAXIS HOME RETAIL LTD,4.65,4.67,4.47,4.67,4.67,4.45,,4.67,,,141877,659428.93,186,F1,1,,,,,
2026-09-25,2026-09-25,CM,NSE,STK,12603,INE484I01029,PRECAM,EQ,,,,,PRECISION CAMSHAFTS LTD.,119.99,121.0,117.62,120.66,120.51,119.99,,120.66,,,77805,9280320.9,1855,F1,1,,,,,
2026-09-25,2026-09-25,CM,NSE,STK,2717,INE372C01037,PRECWIRE,EQ,,,,,PRECISION WIRES INDIA LTD,488.85,508.2,488.0,502.6,503.0,488.9,,502.58,,,619641,310914821.5,27976,F1,1,,,,,
2026-09-25,2026-09-25,CM,NSE,STK,2711,INE283A01014,PRECOT,EQ,,,,,PRECOT LIMITED,639.7,649.15,635.3,640.7,649.15,634.45,,640.7,,,1851,1181791.45,91,F1,1,,,,,
2026-09-25,2026-09-25,CM,NSE,STK,762849,INE001E01012,PREMCO,EQ,,,,,PREMCO GLOBAL LTD.,402.3,402.3,393.35,395.35,395.05,402.3,,395.5,,,873,346527.25,76,F1,1,,,,,
2026-09-25,2026-09-25,CM,NSE,STK,25049,INE0BS701011,PREMIERENE,EQ,,,,,PREMIER ENERGIES LIMITED,894.0,900.0,884.6,896.4,896.4,898.0,,896.41,,,455438,406668865.3,15439,F1,1,,,,,
2026-09-25,2026-09-25,CM,NSE,STK,17397,INE863B01029,PREMEXPLN,EQ,,,,,PREMIER EXPLOSIVES LTD,680.95,683.4,678.1,680.35,680.95,680.5,,680.35,,,97193,66121629.25,2063,F1,1,,,,,
2026-09-25,2026-09-25,CM,NSE,STK,6248,INE342A01018,PREMIER,BE,,,,,PREMIER LIMITED,2.99,2.99,2.8,2.8,2.8,2.93,,2.89,,,1392,3929.55,36,F1,1,,,,,
2026-09-25,2026-09-25,CM,NSE,STK,3908,INE309M01020,PREMIERPOL,EQ,,,,,PREMIER POLYFILM LTD,102.0,102.67,94.2,95.4,94.7,100.51,,95.4,,,784231,76105014.51,13825,F1,1,,,,,
2026-09-25,2026-09-25,CM,NSE,STK,23764,INE0CFG01012,PRLIND,SM,,,,,PREMIER ROADLINES LIMITED,46.1,46.15,45.0,45.95,45.95,48.45,,45.95,,,13000,594400.0,12,F1,1000,,,,,
2026-09-25,2026-09-25,CM,NSE,STK,25898,INE0M1F01011,PREMIUM,SM,,,,,PREMIUM PLAST LIMITED,44.0,44.7,43.0,44.05,44.7,42.45,,44.05,,,327000,14401500.0,71,F1,3000,,,,,
2026-09-25,2026-09-25,CM,NSE,STK,20498,INE0R1601012,PRESSTONIC,SM,,,,,PRESSTONIC ENGINEERING L,48.55,52.5,48.0,52.5,52.5,47.75,,52.5,,,320000,16415680.0,296,F1,800,,,,,
2026-09-25,2026-09-25,CM,NSE,STK,20302,INE811K01011,PRESTIGE,EQ,,,,,PRESTIGE ESTATE LTD,1470.0,1486.9,1449.5,1477.8,1477.8,1475.0,,1477.76,,,312842,458203012.7,18284,F1,1,,,,,
2026-09-25,2026-09-25,CM,NSE,STK,19631,INE726V01018,PRICOLLTD,EQ,,,,,PRICOL LIMITED,763.8,777.2,752.0,759.4,759.2,763.8,,759.37,,,143267,109443534.05,9352,F1,1,,,,,
2026-09-25,2026-09-25,CM,NSE,STK,759075,INE0CQA01020,PRIMECAB,ST,,,,,PRIME CABLE INDUSTRIES L,171.0,173.95,170.05,171.1,170.05,168.5,,171.1,,,36800,6334240.0,21,F1,1600,,,,,
2026-09-25,2026-09-25,CM,NSE,STK,13496,INE367G01038,PFOCUS,EQ,,,,,PRIME FOCUS LIMITED,316.5,323.9,306.1,315.45,316.0,318.75,,315.41,,,4224123,1338840015.75,39358,F1,1,,,,,
2026-09-25,2026-09-25,CM,NSE,STK,11864,INE032B01021,PRIMESECU,EQ,,,,,PRIME SECURITIES LIMITED,299.65,309.0,295.55,301.9,303.05,299.7,,301.97,,,39045,11781480.65,627,F1,1,,,,,
2026-09-25,2026-09-25,CM,NSE,STK,756925,INE607A01022,PRIMO,EQ,,,,,PRIMO CHEMICALS LIMITED,23.4,25.5,22.65,25.28,25.27,22.29,,25.28,,,1374230,34083660.07,5233,F1,1,,,,,
2026-09-25,2026-09-25,CM,NSE,STK,16045,INE689W01016,PRINCEPIPE,EQ,,,,,PRINCE PIPES FITTINGS LTD,261.2,263.4,256.95,261.8,263.0,259.8,,261.8,,,78264,20385250.0,2723,F1,1,,,,,
2026-09-25,2026-09-25,CM,NSE,STK,765558,INE15EH01014,PRIORITY,EQ,,,,,PRIORITY JEWELS LIMITED,303.36,329.55,286.2,311.73,311.0,303.99,,311.64,,,1392680,431153939.69,45977,F1,1,,,,,
2026-09-25,2026-09-25,CM,NSE,STK,2739,INE010A01011,PRSMJOHNSN,EQ,,,,,PRISM JOHNSON LIMITED,115.01,116.8,114.5,116.31,115.85,115.24,,116.3,,,221858,25669009.31,4134,F1,1,,,,,
2026-09-25,2026-09-25,CM,NSE,STK,765155,INE286N01028,PRISMX,EQ,,,,,PRISMX GLOBAL VENTURES L,0.52,0.53,0.51,0.52,0.52,0.51,,0.53,,,160921,83815.07,84,F1,1,,,,,
2026-09-25,2026-09-25,CM,NSE,STK,8304,INE974Z01015,PRITI,EQ,,,,,PRITI INTERNATIONAL LTD,32.95,34.25,32.62,33.78,33.83,32.61,,33.78,,,3804,126926.96,101,F1,1,,,,,
2026-09-25,2026-09-25,CM,NSE,STK,5296,INE583R01029,PRITIKAUTO,BE,,,,,PRITIKA AUTO INDUS LTD,17.67,17.67,16.41,17.16,17.34,17.13,,17.16,,,245999,4178383.8,466,F1,1,,,,,
2026-09-25,2026-09-25,CM,NSE,STK,12971,INE0MJQ01020,PRITIKA,SM,,,,,PRITIKA ENG COMPO LTD,63.0,63.0,62.8,62.8,62.8,63.0,,62.8,,,8000,502800.0,3,F1,2000,,,,,
2026-09-25,2026-09-25,CM,NSE,STK,8825,INE959A01019,PRIVISCL,EQ,,,,,PRIVI SPECIALITY CHE LTD,3524.2,3625.0,3510.3,3594.1,3596.0,3537.9,,3594.14,,,97623,350433708.5,18871,F1,1,,,,,
2026-09-25,2026-09-25,CM,NSE,STK,24511,INE0V9N01017,PRIZOR,ST,,,,,PRIZOR VIZTECH LIMITED,1107.0,1128.1,1107.0,1128.1,1128.1,1106.0,,1128.1,,,7200,8088200.0,17,F1,400,,,,,
2026-09-25,2026-09-25,CM,NSE,STK,757806,INE0VJT01017,PROFX,SM,,,,,PRO FX TECH LIMITED,72.7,72.9,72.7,72.75,72.9,70.0,,72.75,,,9600,698560.0,3,F1,1600,,,,,
2026-09-25,2026-09-25,CM,NSE,STK,940,INE199A01012,PGHL,EQ,,,,,PROCTER & GAMBLE HEALTH L,5430.0,5450.0,5400.0,5406.0,5400.0,5416.5,,5406.8,,,3567,19307459.0,1276,F1,1,,,,,
2026-09-25,2026-09-25,CM,NSE,STK,19352,INE994V01012,PROLIFE,SM,,,,,PROLIFE INDUSTRIES LTD,80.0,80.0,80.0,80.0,80.0,80.0,,80.0,,,3500,280000.0,2,F1,500,,,,,
2026-09-25,2026-09-25,CM,NSE,STK,764345,INE1FFX01018,PROPSHOP,SM,,,,,PROPSHOP EVENTS AND EXH L,71.65,73.35,70.0,71.75,70.0,71.65,,71.75,,,34000,2438400.0,12,F1,2000,,,,,
2026-09-25,2026-09-25,CM,NSE,STK,758173,INE0BX301013,PROSTARM,EQ,,,,,PROSTARM INFO SYSTEMS LTD,139.26,144.0,135.31,141.17,142.0,139.26,,141.17,,,798903,112702849.48,12394,F1,1,,,,,
2026-09-25,2026-09-25,CM,NSE,STK,29472,INE004A01022,PROTEAN,EQ,,,,,PROTEAN EGOV TECHNO LTD,643.0,695.15,627.0,690.7,695.0,641.95,,690.65,,,3560004,2402311787.2,77972,F1,1,,,,,
2026-09-25,2026-09-25,CM,NSE,STK,28859,INE195N01013,PROZONER,EQ,,,,,PROZONE REALTY LIMITED,54.43,57.99,53.5,56.75,56.97,54.16,,56.75,,,1125326,62632334.33,6352,F1,1,,,,,
2026-09-25,2026-09-25,CM,NSE,STK,9553,INE00F201020,PRUDENT,EQ,,,,,PRUDENT CORP ADV SER LTD,3213.0,3219.6,3075.5,3097.9,3102.7,3219.6,,3097.08,,,56132,174876741.8,11952,F1,1,,,,,
2026-09-25,2026-09-25,CM,NSE,STK,20527,INE024D01016,PRUDMOULI,EQ,,,,,PRUDENTIAL SUGAR CORPORAT,14.0,14.19,13.55,13.93,13.9,13.67,,13.93,,,11847,165302.44,60,F1,1,,,,,
2026-09-25,2026-09-25,CM,NSE,STK,20877,INE488V01015,PSPPROJECT,EQ,,,,,PSP PROJECTS LIMITED,802.6,815.9,794.55,806.65,799.0,802.6,,806.87,,,46119,37135530.3,3097,F1,1,,,,,
2026-09-25,2026-09-25,CM,NSE,STK,22602,INE560K01014,PFS,EQ,,,,,PTC INDIA FIN SERV LTD,27.4,27.4,26.24,26.37,26.37,26.93,,26.37,,,347305,9196807.41,3107,F1,1,,,,,
2026-09-25,2026-09-25,CM,NSE,STK,11355,INE877F01012,PTC,EQ,,,,,PTC INDIA LIMITED,156.35,156.48,154.45,155.09,155.6,155.89,,155.09,,,997223,154656864.71,11760,F1,1,,,,,
2026-09-25,2026-09-25,CM,NSE,STK,16682,INE596F01018,PTCIL,EQ,,,,,PTC INDUSTRIES LIMITED,21870.0,22155.0,21515.0,21810.0,21795.0,21820.0,,21809.85,,,10588,230945395.0,4330,F1,1,,,,,
2026-09-25,2026-09-25,CM,NSE,STK,14101,INE034D01049,PTL,EQ,,,,,PTL ENTERPRISES LTD,38.19,38.27,38.05,38.24,38.25,38.19,,38.24,,,16942,647488.19,747,F1,1,,,,,
2026-09-25,2026-09-25,CM,NSE,STK,15377,INE865T01018,PDMJEPAPER,EQ,,,,,PUDUMJEE PAPER PRO. LTD,96.29,96.29,91.8,94.47,94.95,95.45,,94.36,,,157250,14777998.61,2702,F1,1,,,,,
2026-09-25,2026-09-25,CM,NSE,STK,507,INE335X01014,PULZ,SM,,,,,PULZ ELECTRONICS LIMITED,20.45,20.45,20.45,20.45,20.45,20.45,,20.45,,,4000,81800.0,2,F1,2000,,,,,
2026-09-25,2026-09-25,CM,NSE,STK,21001,INE608A01012,PSB,EQ,,,,,PUNJAB & SIND BANK,21.8,21.88,21.65,21.82,21.79,21.78,,21.82,,,533659,11606024.26,3020,F1,1,,,,,
2026-09-25,2026-09-25,CM,NSE,STK,4344,INE277B01014,PUNJABCHEM,EQ,,,,,PUNJAB CHEM & CROP PROT L,1051.7,1086.3,1051.0,1077.6,1082.0,1054.1,,1076.86,,,3752,4019680.0,361,F1,1,,,,,
2026-09-25,2026-09-25,CM,NSE,STK,10666,INE160A01022,PNB,EQ,,,,,PUNJAB NATIONAL BANK,117.12,118.01,116.23,116.6,116.6,117.12,,116.6,,,8069096,942468444.74,36017,F1,1,,,,,
2026-09-25,2026-09-25,CM,NSE,STK,14922,INE323I01011,PURVA,EQ,,,,,PURAVANKARA LIMITED,216.63,216.63,212.37,213.87,212.37,215.06,,213.86,,,78727,16818888.68,2472,F1,1,,,,,
2026-09-25,2026-09-25,CM,NSE,STK,765568,INE0I1B01016,PERNIASPOP,EQ,,,,,PURPLE STYLE LABS LIMITED,518.9,553.35,501.05,545.55,542.25,530.4,,545.62,,,398066,211566243.9,16322,F1,1,,,,,
2026-09-25,2026-09-25,CM,NSE,STK,28044,INE0P5R01014,PURPLEUTED,ST,,,,,PURPLE UNITED SALES LTD,495.5,505.0,461.0,492.65,486.0,482.05,,492.65,,,21250,10412387.5,70,F1,250,,,,,
2026-09-25,2026-09-25,CM,NSE,STK,22938,INE0R6C01012,PURVFLEXI,SM,,,,,PURV FLEXIPACK LIMITED,43.35,43.35,43.35,43.35,43.35,45.6,,43.35,,,1600,69360.0,2,F1,800,,,,,
2026-09-25,2026-09-25,CM,NSE,STK,757683,INE154801018,PUSHPA,SM,,,,,PUSHPA JEWELLERS LIMITED,104.0,115.0,103.0,114.35,114.45,106.35,,114.35,,,81000,8761150.0,75,F1,1000,,,,,
2026-09-25,2026-09-25,CM,NSE,STK,4010,INE362A01016,PVP,EQ,,,,,PVP VENTURES LIMITED,61.94,63.49,61.94,61.94,61.94,65.2,,61.94,,,2454711,152506221.03,3846,F1,1,,,,,
2026-09-25,2026-09-25,CM,NSE,STK,13147,INE191H01014,PVRINOX,EQ,,,,,PVR INOX LIMITED,1264.9,1292.0,1245.0,1254.6,1258.0,1256.7,,1253.99,,,374832,473237743.2,21303,F1,1,,,,,
2026-09-25,2026-09-25,CM,NSE,STK,18250,INE0MIS01010,PYRAMID,EQ,,,,,PYRAMID TECHNOPLAST LTD,160.08,164.38,158.41,162.29,162.95,161.52,,162.27,,,29578,4773223.71,1109,F1,1,,,,,
2026-09-25,2026-09-25,CM,NSE,STK,763594,INE1G2W01011,QLINE,SM,,,,,Q-LINE BIOTECH LIMITED,670.0,684.95,661.65,668.45,668.75,674.85,,668.45,,,56800,38038960.0,130,F1,400,,,,,
2026-09-25,2026-09-25,CM,NSE,STK,751653,INE0FMW01018,QMSMEDI,BE,,,,,QMS MEDICAL ALLIED S LTD,187.0,199.9,186.9,196.64,199.0,192.54,,196.64,,,82555,15987237.55,473,F1,1,,,,,
2026-09-25,2026-09-25,CM,NSE,STK,5875,INE0GOJ01027,QUADPRO,ST,,,,,QUADPRO ITES LIMITED,4.0,4.0,4.0,4.0,4.0,3.85,,4.0,,,24000,96000.0,2,F1,12000,,,,,
2026-09-25,2026-09-25,CM,NSE,STK,29087,INE0LRY01011,QUADFUTURE,EQ,,,,,QUADRANT FUTURE TEK LTD,502.85,559.7,492.6,547.5,541.3,500.4,,547.48,,,1950037,1045980671.35,57343,F1,1,,,,,
2026-09-25,2026-09-25,CM,NSE,STK,765988,INE1XJ401012,QUALIANCE,ST,,,,,QUALIANCE INTERNATIONAL L,193.0,200.3,182.05,187.0,187.8,191.6,,187.0,,,133000,25201350.0,104,F1,1000,,,,,
2026-09-25,2026-09-25,CM,NSE,STK,14613,INE0O1M01015,QFIL,SM,,,,,QUALITY FOILS (INDIA) LTD,52.35,52.35,52.35,52.35,52.35,55.1,,52.35,,,3000,157050.0,3,F1,1000,,,,,
2026-09-25,2026-09-25,CM,NSE,STK,29711,INE0SII01026,QPOWER,EQ,,,,,QUALITY POWER ELEC EQUP L,1502.0,1535.0,1482.0,1517.8,1525.0,1500.1,,1517.95,,,161416,243946432.8,14183,F1,1,,,,,
2026-09-25,2026-09-25,CM,NSE,STK,15330,INF082J01408,QGOLDHALF,EQ,,,,,QUANTUM GOLD ETF,124.79,124.9,123.8,124.8,124.8,123.65,,124.8,,,126885,15822547.15,583,F1,1,,,,,
2026-09-25,2026-09-25,CM,NSE,STK,16819,INF082J01499,QNIFTY,EQ,,,,,QUANTUM NIFTY 50 ETF,259.78,259.78,253.2,254.68,256.2,254.69,,254.69,,,5549,1412795.73,118,F1,1,,,,,
2026-09-25,2026-09-25,CM,NSE,STK,765392,INF966L01EI5,SILVER001,EQ,,,,,QUANT_AMC - SILVER001,22.99,23.2,22.72,23.2,23.2,22.82,,23.2,,,23474,538191.44,48,F1,1,,,,,
2026-09-25,2026-09-25,CM,NSE,STK,17704,INE615P01015,QUESS,EQ,,,,,QUESS CORP LIMITED,355.0,355.0,329.2,340.9,342.85,353.4,,340.9,,,1520564,512991238.1,40260,F1,1,,,,,
2026-09-25,2026-09-25,CM,NSE,STK,23793,INE0TNW01017,QUESTLAB,SM,,,,,QUEST LABORATORIES LTD,93.45,98.5,86.55,87.05,86.55,90.1,,87.05,,,50400,4742520.0,39,F1,1200,,,,,
2026-09-25,2026-09-25,CM,NSE,STK,13116,INE306L01010,QUICKHEAL,EQ,,,,,QUICK HEAL TECH LTD,146.02,148.49,145.55,147.04,147.25,147.9,,147.06,,,74851,10983170.69,1848,F1,1,,,,,
2026-09-25,2026-09-25,CM,NSE,STK,15285,INE0K4D01020,QUICKTOUCH,SM,,,,,QUICKTOUCH TECHNOLOGIES L,16.5,16.5,15.2,15.5,15.5,16.0,,15.5,,,12500,197400.0,13,F1,500,,,,,
2026-09-25,2026-09-25,CM,NSE,STK,762857,INE641R01017,QUINT,BE,,,,,QUINT DIGITAL LTD.,90.0,90.0,84.36,84.36,84.36,88.8,,84.36,,,26183,2272278.84,143,F1,1,,,,,
2026-09-25,2026-09-25,CM,NSE,STK,24957,INE0KZF01015,QVCEL,SM,,,,,QVC EXPORTS LIMITED,24.0,24.0,24.0,24.0,24.0,24.4,,24.0,,,1600,38400.0,1,F1,1600,,,,,
2026-09-25,2026-09-25,CM,NSE,STK,23043,INE0NQ801033,RKSWAMY,EQ,,,,,R K SWAMY LIMITED,90.75,94.49,90.05,90.59,90.11,91.72,,90.59,,,24773,2258022.96,389,F1,1,,,,,
2026-09-25,2026-09-25,CM,NSE,STK,757836,INE219Y01026,RMDRIP,BE,,,,,R M DRIP & SPRINK SYS LTD,23.5,23.99,23.5,23.62,23.76,23.5,,23.7,,,233249,5486542.03,329,F1,1,,,,,
2026-09-25,2026-09-25,CM,NSE,STK,762864,INE951M01037,RRIL,EQ,,,,,R R I L LTD.,16.2,16.25,15.3,16.01,15.95,16.17,,16.2,,,17486,277752.85,99,F1,1,,,,,
2026-09-25,2026-09-25,CM,NSE,STK,18566,INE777K01022,RRKABEL,EQ,,,,,R R KABEL LIMITED,2550.0,2567.7,2482.6,2528.3,2529.9,2529.8,,2528.23,,,206897,521578437.4,22384,F1,1,,,,,
2026-09-25,2026-09-25,CM,NSE,STK,762872,INE616F01022,RSDFIN,BE,,,,,R S D FINANCE LTD.,94.49,94.49,94.0,94.49,94.49,90.0,,94.55,,,2501,236253.57,8,F1,1,,,,,
2026-09-25,2026-09-25,CM,NSE,STK,13414,INE411H01032,RSYSTEMS,EQ,,,,,R SYS INTERNATIONAL LTD,237.42,239.88,232.26,235.62,237.0,237.43,,235.62,,,128718,30275261.12,3292,F1,1,,,,,
2026-09-25,2026-09-25,CM,NSE,STK,764855,INE005C01017,RTSPOWR,EQ,,,,,R T S POWER CORPN. LTD.,90.0,104.59,90.0,104.59,104.59,87.16,,104.59,,,14220,1477366.56,143,F1,1,,,,,
2026-09-25,2026-09-25,CM,NSE,STK,758984,INE012Q01039,RNBDENIMS,BE,,,,,R&B DENIMS LIMITED,9.37,9.37,9.01,9.04,9.14,9.14,,9.04,,,140860,1283605.17,401,F1,1,,,,,
2026-09-25,2026-09-25,CM,NSE,STK,6429,INE165B01029,RSSOFTWARE,EQ,,,,,R. S. SOFTWARE (INDIA) LI,31.6,31.69,29.96,30.56,30.35,31.24,,30.56,,,24481,744990.26,187,F1,1,,,,,
2026-09-25,2026-09-25,CM,NSE,STK,20760,INE324L01013,RPPINFRA,EQ,,,,,R.P.P INFRA PROJECTS LTD,53.25,54.95,53.0,53.63,53.52,54.41,,53.63,,,57550,3073931.23,651,F1,1,,,,,
2026-09-25,2026-09-25,CM,NSE,STK,762244,INE2PB023011,RIIT,IV,,,,,RAAJMARG INFRA INVEST T,118.91,121.22,118.91,119.36,120.0,118.91,,119.37,,,470877,56505670.0,6067,F1,1,,,,,
2026-09-25,2026-09-25,CM,NSE,STK,15391,INE084Q01012,RACE,EQ,,,,,RACE ECO CHAIN LIMITED,117.5,124.98,112.0,117.9,116.67,115.98,,117.89,,,136785,15959785.99,2141,F1,1,,,,,
2026-09-25,2026-09-25,CM,NSE,STK,9854,INE02OY01016,RILINFRA,SM,,,,,RACHANA INFRA LTD,33.0,33.5,32.25,32.8,32.3,33.2,,32.8,,,11600,382295.0,31,F1,100,,,,,
2026-09-25,2026-09-25,CM,NSE,STK,27171,INE704B01017,RACLGEAR,EQ,,,,,RACL GEARTECH LIMITED,1660.0,1696.0,1660.0,1686.5,1694.0,1679.8,,1685.76,,,24872,41729246.3,2840,F1,1,,,,,
2026-09-25,2026-09-25,CM,NSE,STK,10932,INE874F01027,RADAAN,EQ,,,,,RADAAN MEDIAWORKS (I) LTD,3.15,3.15,2.9,2.99,3.12,3.1,,2.9,,,45937,138132.64,150,F1,1,,,,,
2026-09-25,2026-09-25,CM,NSE,STK,10347,INE583V01021,RADHIKAJWE,BE,,,,,RADHIKA JEWELTECH LIMITED,70.99,70.99,69.25,69.88,70.14,70.64,,69.88,,,130948,9153614.92,986,F1,1,,,,,
2026-09-25,2026-09-25,CM,NSE,STK,13580,INE855R01021,RADIANTCMS,EQ,,,,,RADIANT CASH MGMT SER LTD,35.01,35.85,35.01,35.67,35.85,35.61,,35.67,,,76758,2720804.89,913,F1,1,,,,,
2026-09-25,2026-09-25,CM,NSE,STK,10990,INE944F01028,RADICO,EQ,,,,,RADICO KHAITAN LTD,4494.9,4600.0,4486.4,4557.1,4557.1,4481.3,,4557.1,,,251300,1144250150.4,28496,F1,1,,,,,
2026-09-25,2026-09-25,CM,NSE,STK,23445,INE430U01019,RADIOWALLA,ST,,,,,RADIOWALLA NETWORK LTD,29.65,29.65,28.6,28.6,28.6,29.1,,28.6,,,3200,93200.0,2,F1,1600,,,,,
2026-09-25,2026-09-25,CM,NSE,STK,24735,INE912T01018,RPEL,EQ,,,,,RAGHAV PRODUCTIVITY ENH L,1698.4,1732.9,1670.5,1699.5,1675.0,1698.4,,1700.44,,,49098,83513708.5,5859,F1,1,,,,,
2026-09-25,2026-09-25,CM,NSE,STK,9552,INE415G01027,RVNL,EQ,,,,,RAIL VIKAS NIGAM LIMITED,206.0,207.33,203.92,207.0,207.0,206.0,,206.99,,,2405229,495282528.19,26890,F1,1,,,,,
2026-09-25,2026-09-25,CM,NSE,STK,2431,INE0DD101019,RAILTEL,EQ,,,,,RAILTEL CORP OF IND LTD,261.0,261.4,257.2,260.15,261.4,261.55,,260.16,,,392954,101840074.75,10570,F1,1,,,,,
2026-09-25,2026-09-25,CM,NSE,STK,15337,INE855B01025,RAIN,EQ,,,,,RAIN INDUSTRIES LIMITED,218.99,221.21,214.28,219.35,218.92,218.23,,219.35,,,3244552,708279245.43,23273,F1,1,,,,,
2026-09-25,2026-09-25,CM,NSE,STK,9408,INE961O01016,RAINBOW,EQ,,,,,RAINBOW CHILDRENS MED LTD,1410.0,1422.3,1350.0,1374.2,1375.0,1412.6,,1374.18,,,433047,597664091.9,45064,F1,1,,,,,
2026-09-25,2026-09-25,CM,NSE,STK,359,INE294G01026,ROML,EQ,,,,,RAJ OIL MILLS LIMITED,42.42,42.9,42.0,42.79,42.9,41.87,,42.79,,,1512,64145.42,29,F1,1,,,,,
2026-09-25,2026-09-25,CM,NSE,STK,8428,INE533D01032,RAJRILTD,BE,,,,,RAJ RAYON INDUSTRIES LTD,20.98,20.98,20.5,20.9,20.98,20.57,,20.9,,,9307,194203.52,162,F1,1,,,,,
2026-09-25,2026-09-25,CM,NSE,STK,14403,INE952H01027,RAJTV,EQ,,,,,RAJ TV NETWORK LTD,10.6,10.76,10.51,10.76,10.76,10.25,,10.76,,,85135,908824.78,188,F1,1,,,,,
2026-09-25,2026-09-25,CM,NSE,STK,762859,INE296E01026,RAJPALAYAM,EQ,,,,,RAJAPALAYAM MILLS LTD.,767.9,793.4,758.3,761.75,762.0,767.9,,761.71,,,1259,961788.5,72,F1,1,,,,,
2026-09-25,2026-09-25,CM,NSE,STK,181,INE610C01014,ARENTERP,EQ,,,,,RAJDARSHAN INDUSTRIES LTD,34.7,34.7,33.21,34.7,34.7,34.77,,34.7,,,837,28489.64,25,F1,1,,,,,
2026-09-25,2026-09-25,CM,NSE,STK,760461,INE343B01030,RAJESHEXPO,BZ,,,,,RAJESH EXPORTS LTD,67.35,68.0,67.01,67.44,67.24,68.07,,67.45,,,96427,6506969.1,1351,F1,1,,,,,
2026-09-25,2026-09-25,CM,NSE,STK,19681,INE0BZQ01011,RCDL,SM,,,,,RAJGOR CASTOR DERIVATI L,17.05,17.05,17.05,17.05,17.05,16.25,,17.05,,,18000,306900.0,6,F1,3000,,,,,
2026-09-25,2026-09-25,CM,NSE,STK,2168,INE00KV01022,RAJMET,EQ,,,,,RAJNANDINI METAL LIMITED,3.11,3.15,3.11,3.11,3.12,3.12,,3.11,,,202636,631854.44,570,F1,1,,,,,
2026-09-25,2026-09-25,CM,NSE,STK,757052,INE535F01024,RAJOOENG,BE,,,,,RAJOO ENGINEERS LIMITED,54.12,54.95,52.1,53.08,53.0,54.81,,53.09,,,273965,14598534.05,894,F1,1,,,,,
2026-09-25,2026-09-25,CM,NSE,STK,27269,INE0VHU01019,RAJPUTANA,SM,,,,,RAJPUTANA BIODIESEL LTD,198.0,214.0,198.0,201.75,200.05,198.0,,201.75,,,18500,3756050.0,35,F1,500,,,,,
2026-09-25,2026-09-25,CM,NSE,STK,24707,INE0PCU01012,RAJINDLTD,SM,,,,,RAJPUTANA INDUSTRIES LTD,66.55,66.55,66.55,66.55,66.55,66.5,,66.55,,,1500,99825.0,1,F1,1500,,,,,
2026-09-25,2026-09-25,CM,NSE,STK,761439,INE313L01016,RSL,EQ,,,,,RAJPUTANA STAINLESS LTD,183.4,186.51,181.01,183.46,184.0,181.92,,183.46,,,126146,23227351.33,3201,F1,1,,,,,
2026-09-25,2026-09-25,CM,NSE,STK,18962,INE451D01029,RAJRATAN,EQ,,,,,RAJRATAN GLOBAL WIRE LTD,473.0,476.0,465.55,472.5,472.0,472.05,,472.5,,,25305,11909036.4,2226,F1,1,,,,,
2026-09-25,2026-09-25,CM,NSE,STK,6915,INE760W01023,RPPL,BE,,,,,RAJSHREE POLYPACK LTD,19.82,19.95,18.9,19.0,19.2,19.7,,19.0,,,44264,848848.66,183,F1,1,,,,,
2026-09-25,2026-09-25,CM,NSE,STK,2809,INE562B01019,RAJSREESUG,EQ,,,,,RAJSHREE SUGAR & CHEMICAL,31.15,33.4,31.15,31.81,31.61,31.57,,31.82,,,644442,20839182.96,2291,F1,1,,,,,
2026-09-25,2026-09-25,CM,NSE,STK,2816,INE613A01020,RALLIS,EQ,,,,,RALLIS INDIA LTD,199.8,200.68,198.22,200.38,200.3,200.36,,200.38,,,378388,75568918.62,13182,F1,1,,,,,
2026-09-25,2026-09-25,CM,NSE,STK,10485,INE207E01023,RAMRAT,EQ,,,,,RAM RATNA WIRES LIMITED,548.4,576.0,548.4,570.0,573.1,548.4,,569.99,,,292137,166096304.65,15052,F1,1,,,,,
2026-09-25,2026-09-25,CM,NSE,STK,10568,INE809A01032,RAMAPHO,EQ,,,,,RAMA PHOSPHATES LIMITED,122.49,123.95,121.28,122.25,123.0,122.49,,122.25,,,15287,1874488.96,328,F1,1,,,,,
2026-09-25,2026-09-25,CM,NSE,STK,10304,INE230R01035,RAMASTEEL,BE,,,,,RAMA STEEL TUBES LIMITED,4.48,4.48,4.48,4.48,4.48,4.57,,4.49,,,404771,1813374.08,929,F1,1,,,,,
2026-09-25,2026-09-25,CM,NSE,STK,4587,INE614A01028,RAMCOIND,EQ,,,,,RAMCO INDUSTRIES LIMITED,315.9,321.8,313.1,319.95,319.65,321.8,,319.94,,,65040,20641524.5,2452,F1,1,,,,,
2026-09-25,2026-09-25,CM,NSE,STK,7851,INE246B01019,RAMCOSYS,EQ,,,,,RAMCO SYSTEMS LTD.,581.0,588.9,575.55,580.2,576.1,581.35,,580.21,,,27563,16014582.75,1668,F1,1,,,,,
2026-09-25,2026-09-25,CM,NSE,STK,23565,INE0RJH01010,RBS,SM,,,,,RAMDEVBABA SOLVENT LTD,82.0,84.5,80.0,83.6,83.0,83.0,,83.6,,,9600,789200.0,12,F1,800,,,,,
2026-09-25,2026-09-25,CM,NSE,STK,11411,INE399G01023,RKFORGE,EQ,,,,,RAMKRISHNA FORGINGS LTD,709.0,715.5,695.65,704.5,710.0,709.55,,704.45,,,285768,201154506.85,13143,F1,1,,,,,
2026-09-25,2026-09-25,CM,NSE,STK,20134,INE874I01013,RAMKY,EQ,,,,,RAMKY INFRA LTD,311.1,313.65,307.95,312.15,313.4,310.15,,312.16,,,23356,7262122.7,1133,F1,1,,,,,
2026-09-25,2026-09-25,CM,NSE,STK,2837,INE625B01014,RANASUG,EQ,,,,,RANA SUGARS LTD.,13.99,14.61,13.55,14.41,14.4,13.86,,14.42,,,1178227,16690967.75,2323,F1,1,,,,,
2026-09-25,2026-09-25,CM,NSE,STK,11975,INE050H01012,RML,EQ,,,,,RANE (MADRAS) LIMITED,1369.6,1379.2,1301.1,1322.3,1330.8,1362.8,,1322.57,,,45192,60166881.2,6093,F1,1,,,,,
2026-09-25,2026-09-25,CM,NSE,STK,2844,INE384A01010,RANEHOLDIN,EQ,,,,,RANE HOLDINGS LIMITED,1598.5,1599.0,1569.5,1580.6,1575.0,1590.7,,1580.67,,,3105,4917270.2,492,F1,1,,,,,
2026-09-25,2026-09-25,CM,NSE,STK,30460,INE0QX901013,RAPIDFLEET,SM,,,,,RAPID FLEET MGT SERVICE L,198.5,198.9,198.5,198.9,198.9,202.0,,198.9,,,5400,1072980.0,9,F1,600,,,,,
2026-09-25,2026-09-25,CM,NSE,STK,25610,INE0MVO01012,RAPPID,SM,,,,,RAPPID VALVES (INDIA) LTD,358.0,358.0,345.35,351.7,345.35,352.0,,351.7,,,5400,1909800.0,6,F1,600,,,,,
2026-09-25,2026-09-25,CM,NSE,STK,22670,INE0J1F01024,RPTECH,EQ,,,,,RASHI PERIPHERALS LIMITED,888.0,900.0,877.35,893.0,886.2,883.5,,892.95,,,214767,191315083.25,13293,F1,1,,,,,
2026-09-25,2026-09-25,CM,NSE,STK,2866,INE027A01015,RCF,EQ,,,,,RASHTRIYA CHEMICALS & FER,108.4,108.9,107.15,108.58,108.82,108.4,,108.58,,,642414,69493009.37,7683,F1,1,,,,,
2026-09-25,2026-09-25,CM,NSE,STK,7177,INE0CLI01024,RATEGAIN,EQ,,,,,RATEGAIN TRAVEL TECHN LTD,826.0,833.0,815.0,827.75,830.0,824.0,,827.7,,,119666,98807272.95,10932,F1,1,,,,,
2026-09-25,2026-09-25,CM,NSE,STK,13451,INE703B01027,RATNAMANI,EQ,,,,,RATNAMANI MET & TUB LTD.,2841.3,2847.5,2755.9,2778.3,2785.0,2824.2,,2778.27,,,25715,71578454.2,6660,F1,1,,,,,
2026-09-25,2026-09-25,CM,NSE,STK,18423,INE05CZ01011,RATNAVEER,EQ,,,,,RATNAVEER PRECISION ENG L,324.9,341.65,323.0,333.95,333.4,323.95,,333.95,,,6123089,2043904153.6,43809,F1,1,,,,,
2026-09-25,2026-09-25,CM,NSE,STK,27297,INE834M01019,RTNINDIA,EQ,,,,,RATTANINDIA ENT LIMITED,26.8,27.4,26.28,26.96,27.09,26.57,,26.96,,,923840,24622487.65,5317,F1,1,,,,,
2026-09-25,2026-09-25,CM,NSE,STK,17520,INE399K01017,RTNPOWER,EQ,,,,,RATTANINDIA POWER LIMITED,7.02,7.05,6.88,7.0,7.01,7.02,,7.0,,,14384293,100164557.83,13510,F1,1,,,,,
2026-09-25,2026-09-25,CM,NSE,STK,20950,INE722J01012,RKDL,EQ,,,,,RAVI KUMAR DIST. LTD.,18.98,18.98,18.35,18.6,18.6,18.66,,18.6,,,1964,36478.84,61,F1,1,,,,,
2026-09-25,2026-09-25,CM,NSE,STK,1565,INE09E501017,RVHL,EQ,,,,,RAVINDER HEIGHTS LIMITED,39.0,39.49,38.02,39.32,39.38,38.83,,39.32,,,689,26951.97,45,F1,1,,,,,
2026-09-25,2026-09-25,CM,NSE,STK,24596,INE206N01018,RELTD,EQ,,,,,RAVINDRA ENERGY LIMITED,147.49,150.2,145.11,148.77,149.99,146.32,,148.71,,,99232,14675794.28,2080,F1,1,,,,,
2026-09-25,2026-09-25,CM,NSE,STK,25073,INE02ID01020,RAYMONDLSL,EQ,,,,,RAYMOND LIFESTYLE LIMITED,685.0,701.4,678.0,687.6,688.8,688.85,,687.59,,,240261,165461159.5,12918,F1,1,,,,,
2026-09-25,2026-09-25,CM,NSE,STK,2859,INE301A01014,RAYMOND,EQ,,,,,RAYMOND LTD,1208.9,1223.85,1172.0,1196.65,1183.0,1203.85,,1196.86,,,3100301,3700052165.75,102460,F1,1,,,,,
2026-09-25,2026-09-25,CM,NSE,STK,758551,INE1SY401010,RAYMONDREL,EQ,,,,,RAYMOND REALTY LIMITED,702.0,741.95,701.5,711.3,708.0,708.3,,711.33,,,8688746,6256519936.3,148479,F1,1,,,,,
2026-09-25,2026-09-25,CM,NSE,STK,765936,INE1FCO01014,MOMSBELIEF,EQ,,,,,RAYS OF BELIEF LIMITED,222.25,234.0,220.05,232.85,232.05,222.44,,232.86,,,120424,27644956.66,3269,F1,1,,,,,
2026-09-25,2026-09-25,CM,NSE,STK,18391,INE976G01028,RBLBANK,EQ,,,,,RBL BANK LIMITED,412.6,416.0,409.1,415.05,415.05,412.75,,415.05,,,3419454,1413108805.35,32000,F1,1,,,,,
2026-09-25,2026-09-25,CM,NSE,STK,13570,INE0NA301016,RBMINFRA,SM,,,,,RBM INFRACON LIMITED,267.9,277.0,258.0,262.85,260.0,267.9,,262.85,,,14600,3899900.0,60,F1,200,,,,,
2026-09-25,2026-09-25,CM,NSE,STK,20893,INE0PEQ01016,RBZJEWEL,BE,,,,,RBZ JEWELLERS LIMITED,172.3,180.87,170.15,180.87,180.87,172.26,,180.88,,,63541,11239128.81,425,F1,1,,,,,
2026-09-25,2026-09-25,CM,NSE,STK,764850,INE0AK901016,RRECL,EQ,,,,,RDB REAL ESTATE CONS L,132.95,132.95,121.03,123.4,122.0,133.12,,123.41,,,343,42347.84,23,F1,1,,,,,
2026-09-25,2026-09-25,CM,NSE,STK,15355,INE020B01018,RECLTD,EQ,,,,,REC LIMITED,309.2,312.95,307.25,312.95,312.95,308.25,,312.91,,,3896789,1209783413.8,24918,F1,1,,,,,
2026-09-25,2026-09-25,CM,NSE,STK,14255,INE891D01026,REDINGTON,EQ,,,,,REDINGTON LIMITED,406.5,411.9,404.1,407.25,406.5,406.4,,407.25,,,2473777,1012351724.75,36643,F1,1,,,,,
2026-09-25,2026-09-25,CM,NSE,STK,17859,INE0LXT01019,REDTAPE,EQ,,,,,REDTAPE LIMITED,122.9,123.0,118.0,121.05,121.0,122.13,,121.05,,,507124,60827463.41,7198,F1,1,,,,,
2026-09-25,2026-09-25,CM,NSE,STK,17764,INE056I01025,REFEX,EQ,,,,,REFEX INDUSTRIES LIMITED,281.0,287.35,280.15,285.8,284.3,283.35,,285.8,,,230207,65310792.3,5273,F1,1,,,,,
2026-09-25,2026-09-25,CM,NSE,STK,23718,INE0TNX01015,REFRACTORY,SM,,,,,REFRACTORY SHAPES LIMITED,40.25,40.25,36.45,37.9,38.8,38.35,,37.9,,,40000,1565600.0,32,F1,1000,,,,,
2026-09-25,2026-09-25,CM,NSE,STK,758680,INE0MHO01029,REGAAL,EQ,,,,,REGAAL RESOURCES LIMITED,91.06,91.25,88.41,89.98,90.0,90.61,,89.99,,,231775,20764346.82,2551,F1,1,,,,,
2026-09-25,2026-09-25,CM,NSE,STK,4130,INE277C01012,REGENCERAM,EQ,,,,,REGENCY CERAMICS LTD.,34.78,34.78,33.11,33.39,34.08,34.78,,33.39,,,1978,66482.18,34,F1,1,,,,,
2026-09-25,2026-09-25,CM,NSE,STK,24225,INE131B01039,RELAXO,EQ,,,,,RELAXO FOOT LTD.,293.95,298.1,288.2,297.0,297.0,291.7,,296.99,,,129942,38198574.25,6481,F1,1,,,,,
2026-09-25,2026-09-25,CM,NSE,STK,3172,INF204KC1030,GILT5YBEES,EQ,,,,,RELCAPAMC - NETFGILT5Y,65.96,66.06,65.65,65.97,65.99,65.84,,65.97,,,281752,18569046.35,635,F1,1,,,,,
2026-09-25,2026-09-25,CM,NSE,STK,24378,INE375Y01018,RELIABLE,EQ,,,,,RELIABLE DATA SERVICE LTD,150.0,150.0,144.0,147.7,148.19,147.95,,147.7,,,11825,1740623.44,466,F1,1,,,,,
2026-09-25,2026-09-25,CM,NSE,STK,9652,INE750D01016,RELCHEMQ,EQ,,,,,RELIANCE CHEMOTEX IND LTD,116.02,119.75,116.02,118.22,118.5,118.41,,118.22,,,583,68984.27,52,F1,1,,,,,
2026-09-25,2026-09-25,CM,NSE,STK,13188,INE330H01018,RCOM,BE,,,,,RELIANCE COMMUNICATIONS L,0.95,0.96,0.9,0.93,0.94,0.93,,0.93,,,2036380,1890081.15,1811,F1,1,,,,,
2026-09-25,2026-09-25,CM,NSE,STK,759204,INE217K01011,RHFL,BZ,,,,,RELIANCE HOME FINANCE LTD,1.65,1.68,1.63,1.65,1.67,1.68,,1.65,,,670706,1107561.29,862,F1,1,,,,,
2026-09-25,2026-09-25,CM,NSE,STK,2912,INE046A01015,RIIL,EQ,,,,,RELIANCE INDUSTRIAL INFRA,703.0,703.45,686.5,694.55,693.2,703.45,,694.54,,,47746,33247573.9,2375,F1,1,,,,,
2026-09-25,2026-09-25,CM,NSE,STK,2885,INE002A01018,RELIANCE,EQ,,,,,RELIANCE INDUSTRIES LTD,1210.5,1227.4,1210.5,1226.0,1226.0,1219.2,,1226.0,,,13138735,16035076079.7,212698,F1,1,,,,,
2026-09-25,2026-09-25,CM,NSE,STK,4791,INE036A01016,RELINFRA,BE,,,,,RELIANCE INFRASTRUCTU LTD,45.2,45.2,45.2,45.2,45.2,46.12,,45.2,,,59895,2707254.0,426,F1,1,,,,,
2026-09-25,2026-09-25,CM,NSE,STK,15259,INE614G01033,RPOWER,EQ,,,,,RELIANCE POWER LTD.,20.7,20.75,20.29,20.57,20.62,20.67,,20.57,,,14606424,298695334.33,25091,F1,1,,,,,
2026-09-25,2026-09-25,CM,NSE,STK,765330,INF205KA1CB9,IVZBANKNF,EQ,,,,,RELIGARAMC - IVZBANKNF,55.43,55.5,55.36,55.5,55.5,55.43,,55.5,,,602,33386.71,16,F1,1,,,,,
2026-09-25,2026-09-25,CM,NSE,STK,765327,INF205KA1CA1,IVZSENSEX,EQ,,,,,RELIGARAMC - IVZSENSEX,73.97,74.12,73.48,73.8,73.8,73.96,,73.8,,,6720,496781.16,27,F1,1,,,,,
2026-09-25,2026-09-25,CM,NSE,STK,15068,INE621H01010,RELIGARE,EQ,,,,,RELIGARE ENTER. LTD.,239.0,244.3,236.74,242.27,240.5,240.32,,242.29,,,422871,101742095.02,7864,F1,1,,,,,
2026-09-25,2026-09-25,CM,NSE,STK,3965,INE474C01023,REMSONSIND,EQ,,,,,REMSONS INDUSTRIES LTD,116.4,132.8,114.25,116.8,117.3,111.12,,116.83,,,4262134,524578854.97,34231,F1,1,,,,,
2026-09-25,2026-09-25,CM,NSE,STK,16154,INE0O5T01011,REMUS,SM,,,,,REMUS PHARMACEUTICALS L,943.0,958.45,927.0,946.0,953.0,942.2,,946.0,,,2700,2537800.0,26,F1,100,,,,,
2026-09-25,2026-09-25,CM,NSE,STK,15129,INE722H01024,RGL,EQ,,,,,RENAISSANCE GLOBAL LTD,165.0,169.74,164.37,167.47,166.35,166.3,,167.47,,,471415,79162210.02,10168,F1,1,,,,,
2026-09-25,2026-09-25,CM,NSE,STK,758157,INE0VZX01015,RNPL,SM,,,,,RENOL POLYCHEM LIMITED,59.65,59.65,59.6,59.65,59.65,56.85,,59.65,,,4800,286260.0,4,F1,1200,,,,,
2026-09-25,2026-09-25,CM,NSE,STK,766077,INE08T701025,RENTOMOJO,EQ,,,,,RENTOMOJO LIMITED,503.9,515.0,497.05,507.75,507.7,501.9,,507.77,,,2048727,1039210279.85,47991,F1,1,,,,,
2026-09-25,2026-09-25,CM,NSE,STK,29598,INE612J01015,REPCOHOME,EQ,,,,,REPCO HOME FINANCE LTD,352.0,353.15,345.0,347.7,347.35,352.45,,347.7,,,66626,23203194.45,2344,F1,1,,,,,
2026-09-25,2026-09-25,CM,NSE,STK,13126,INE461B01014,REPRO,EQ,,,,,REPRO INDIA LIMITED,307.95,307.95,276.1,288.25,300.0,302.2,,288.37,,,244479,69619963.7,4728,F1,1,,,,,
2026-09-25,2026-09-25,CM,NSE,STK,20323,INE688D01026,RESPONIND,EQ,,,,,RESPONSIVE INDUSTRIES LTD,155.0,171.62,155.0,161.23,162.48,158.02,,161.24,,,2449470,406884205.56,35959,F1,1,,,,,
2026-09-25,2026-09-25,CM,NSE,STK,1494,INE07T201019,RBA,EQ,,,,,RESTAURANT BRAND ASIA LTD,90.65,93.6,89.62,92.51,92.26,90.65,,92.51,,,2584085,236752415.2,26142,F1,1,,,,,
2026-09-25,2026-09-25,CM,NSE,STK,25157,INE0DAB01012,RVTH,EQ,,,,,REVATHI EQUIPMENT INDIA L,660.0,677.0,640.05,654.6,677.0,661.0,,655.24,,,874,574491.05,88,F1,1,,,,,
2026-09-25,2026-09-25,CM,NSE,STK,29270,INE113601012,REXPRO,SM,,,,,REXPRO ENTERPRISES LTD,34.1,35.0,34.1,35.0,35.0,34.85,,35.0,,,4000,138000.0,4,F1,1000,,,,,
2026-09-25,2026-09-25,CM,NSE,STK,763468,INE0V2V01015,RFBL,ST,,,,,RFBL FLEXI PACK LIMITED,102.0,102.0,102.0,102.0,102.0,101.0,,102.0,,,3000,306000.0,1,F1,3000,,,,,
2026-09-25,2026-09-25,CM,NSE,STK,759062,INE0KKN01029,RHETAN,EQ,,,,,RHETAN TMT LIMITED,15.17,15.17,15.17,15.17,15.17,15.96,,15.17,,,803125,12183406.25,1186,F1,1,,,,,
2026-09-25,2026-09-25,CM,NSE,STK,31163,INE743M01012,RHIM,EQ,,,,,RHI MAGNESITA INDIA LTD,385.0,388.05,378.3,386.45,386.0,383.8,,386.44,,,281131,107933756.25,10293,F1,1,,,,,
2026-09-25,2026-09-25,CM,NSE,STK,8208,INE0J1P01015,RICHA,SM,,,,,RICHA INFO SYSTEMS LTD,78.0,78.0,78.0,78.0,78.0,82.5,,78.0,,,1000,78000.0,1,F1,1000,,,,,
2026-09-25,2026-09-25,CM,NSE,STK,2909,INE209B01025,RICOAUTO,EQ,,,,,RICO AUTO INDUSTRIES LTD,131.4,134.68,129.61,132.23,132.11,130.67,,132.23,,,946822,125157810.04,13193,F1,1,,,,,
2026-09-25,2026-09-25,CM,NSE,STK,764121,INE302D01024,RIR,EQ,,,,,RIR POWER ELECTRONICS L,183.85,193.88,181.7,188.01,188.0,184.03,,187.99,,,2076996,390070899.08,22665,F1,1,,,,,
2026-09-25,2026-09-25,CM,NSE,STK,18417,INE0N2P01017,RISHABH,EQ,,,,,RISHABH INSTRUMENTS LTD,702.0,723.45,692.7,711.8,715.3,704.55,,711.87,,,220502,156228414.5,11195,F1,1,,,,,
2026-09-25,2026-09-25,CM,NSE,STK,8944,INE01EG01016,RITCO,EQ,,,,,RITCO LOGISTICS LIMITED,288.0,292.15,284.0,285.7,284.0,286.1,,285.79,,,32924,9414933.05,893,F1,1,,,,,
2026-09-25,2026-09-25,CM,NSE,STK,11910,INE0MRA01019,RITEZONE,SM,,,,,RITE ZONE CHEMCON IND LTD,17.75,17.75,17.6,17.6,17.6,18.5,,17.6,,,8000,141200.0,4,F1,1600,,,,,
2026-09-25,2026-09-25,CM,NSE,STK,3761,INE320J01015,RITES,EQ,,,,,RITES LIMITED,201.5,203.57,198.52,199.31,199.2,201.74,,199.32,,,342582,68434195.99,11207,F1,1,,,,,
2026-09-25,2026-09-25,CM,NSE,STK,1547,INE786W01010,RKEC,EQ,,,,,RKEC PROJECTS LIMITED,26.0,27.4,23.52,24.26,24.4,22.84,,24.26,,,768771,19882797.6,3356,F1,1,,,,,
2026-09-25,2026-09-25,CM,NSE,STK,762346,INE655V01019,RMC,EQ,,,,,RMC SWITCHGEARS LIMITED,216.7,224.17,209.62,219.89,218.5,216.75,,220.0,,,22974,4931028.06,1138,F1,1,,,,,
2026-09-25,2026-09-25,CM,NSE,STK,24589,INE0SA001017,RNFI,SM,,,,,RNFI SERVICES LIMITED,323.75,323.75,312.6,317.25,317.0,318.3,,317.25,,,24000,7593930.0,37,F1,600,,,,,
2026-09-25,2026-09-25,CM,NSE,STK,15157,INE508K01013,RHL,EQ,,,,,ROBUST HOTELS LIMITED,170.57,177.0,170.56,171.41,175.78,177.76,,171.8,,,1365,235341.29,33,F1,1,,,,,
2026-09-25,2026-09-25,CM,NSE,STK,760033,IN90PTR01010,ROCKPP,E1,,,,,ROCKINGDCE RS.5 PPD UP,63.45,63.45,63.45,63.45,63.45,70.4,,63.45,,,4000,253800.0,2,F1,1000,,,,,
2026-09-25,2026-09-25,CM,NSE,STK,20289,INE0PTR01012,ROCKINGDCE,SM,,,,,ROCKINGDEALS CIRCU ECO L,218.55,222.5,217.0,222.5,222.5,218.5,,222.5,,,1750,383650.0,7,F1,250,,,,,
2026-09-25,2026-09-25,CM,NSE,STK,5279,INE645S01024,ROLEXRINGS,EQ,,,,,ROLEX RINGS LIMITED,182.8,196.83,180.58,195.35,195.15,181.41,,195.35,,,7169312,1371067920.64,66834,F1,1,,,,,
2026-09-25,2026-09-25,CM,NSE,STK,19108,INE927A01040,ROLLT,BE,,,,,ROLLATAINERS LIMITED,5.79,5.79,5.79,5.79,5.79,6.09,,5.79,,,49883,288822.57,177,F1,1,,,,,
2026-09-25,2026-09-25,CM,NSE,STK,19410,INE02A801020,ROSSARI,EQ,,,,,ROSSARI BIOTECH LIMITED,448.05,448.95,440.05,444.2,445.0,446.5,,444.21,,,20447,9095687.6,2044,F1,1,,,,,
2026-09-25,2026-09-25,CM,NSE,STK,28913,INE847C01020,ROSSELLIND,EQ,,,,,ROSSELL INDIA LIMITED,52.26,52.26,51.0,51.63,52.25,51.73,,51.63,,,25615,1318005.53,1472,F1,1,,,,,
2026-09-25,2026-09-25,CM,NSE,STK,27353,INE0OJW01016,ROSSTECH,EQ,,,,,ROSSELL TECHSYS LIMITED,1415.3,1445.2,1380.0,1402.7,1398.0,1418.9,,1402.6,,,132626,186688489.0,14067,F1,1,,,,,
2026-09-25,2026-09-25,CM,NSE,STK,9049,INE535D01037,ROTO,EQ,,,,,ROTO PUMPS LIMITED,63.77,64.99,62.41,62.8,62.6,63.77,,62.8,,,388024,24632811.4,3810,F1,1,,,,,
2026-09-25,2026-09-25,CM,NSE,STK,128,INE450U01017,ROUTE,EQ,,,,,ROUTE MOBILE LIMITED,464.3,465.45,458.0,463.0,465.0,464.3,,462.97,,,100904,46539878.7,5046,F1,1,,,,,
2026-09-25,2026-09-25,CM,NSE,STK,20167,INE0PDJ01013,ROXHITECH,SM,,,,,ROX HI TECH LIMITED,47.0,47.0,46.1,46.1,46.1,47.35,,46.1,,,8000,371760.0,5,F1,1600,,,,,
2026-09-25,2026-09-25,CM,NSE,STK,13182,INE283H01019,ROHLTD,EQ,,,,,ROYAL ORCHID HOTELS LTD,304.7,311.4,302.0,308.6,309.8,304.0,,308.57,,,24782,7611341.9,894,F1,1,,,,,
2026-09-25,2026-09-25,CM,NSE,STK,16725,INE105J01010,RPGLIFE,EQ,,,,,RPG LIFE SCIENCES LTD,2878.0,3127.8,2863.5,3050.6,3055.0,2899.9,,3049.14,,,111001,334598633.4,12415,F1,1,,,,,
2026-09-25,2026-09-25,CM,NSE,STK,8119,INE425Y01011,RPSGVENT,EQ,,,,,RPSG VENTURES LIMITED,840.05,843.95,832.5,837.3,836.2,844.45,,837.33,,,25180,21137567.45,822,F1,1,,,,,
2026-09-25,2026-09-25,CM,NSE,STK,2794,INE611A01016,RSWM,EQ,,,,,RSWM LIMITED,218.35,222.49,215.0,218.34,219.0,220.51,,218.37,,,46759,10182673.55,1402,F1,1,,,,,
2026-09-25,2026-09-25,CM,NSE,STK,24730,INE642C01025,RUBFILA,EQ,,,,,RUBFILA INTERNATIONAL LTD,65.07,65.07,63.1,63.31,64.0,63.79,,63.33,,,56164,3586348.21,926,F1,1,,,,,
2026-09-25,2026-09-25,CM,NSE,STK,759316,INE506V01022,RUBICON,EQ,,,,,RUBICON RESEARCH LIMITED,1679.3,1695.9,1661.1,1676.3,1672.0,1676.1,,1676.36,,,128501,216066145.6,17199,F1,1,,,,,
2026-09-25,2026-09-25,CM,NSE,STK,4566,INE413B01023,RUCHINFRA,EQ,,,,,RUCHI INFRASTRUCTURE LTD,5.44,5.44,4.98,5.09,5.05,5.13,,5.09,,,32572,165526.96,255,F1,1,,,,,
2026-09-25,2026-09-25,CM,NSE,STK,13821,INE803H01014,RUCHIRA,EQ,,,,,RUCHIRA PAPERS LIMITED,104.16,105.94,104.0,104.96,105.75,104.53,,104.96,,,24880,2610941.22,591,F1,1,,,,,
2026-09-25,2026-09-25,CM,NSE,STK,760392,INE027T01023,RUDRA,EQ,,,,,RUDRA GLOBAL INFRA PROD L,19.17,19.99,19.17,19.45,19.67,19.26,,19.27,,,14673,286254.67,105,F1,1,,,,,
2026-09-25,2026-09-25,CM,NSE,STK,1480,INE364Z01019,REPL,EQ,,,,,RUDRABHISHEK ENTERP LTD,64.05,64.05,60.11,61.49,61.5,60.62,,61.49,,,3682,227577.53,74,F1,1,,,,,
2026-09-25,2026-09-25,CM,NSE,STK,23830,INE0R7301013,RULKA,SM,,,,,RULKA ELECTRICALS LIMITED,105.9,106.1,102.0,102.6,102.0,106.95,,102.6,,,3900,405030.0,13,F1,300,,,,,
2026-09-25,2026-09-25,CM,NSE,STK,25724,INE895B01021,RUPA,EQ,,,,,RUPA & COMPANY LTD,136.86,136.88,133.54,136.07,135.1,136.0,,136.08,,,115990,15610847.36,3738,F1,1,,,,,
2026-09-25,2026-09-25,CM,NSE,STK,24595,INE573K01025,RUSHIL,EQ,,,,,RUSHIL DECOR LIMITED,16.98,16.98,15.81,16.1,16.16,16.63,,16.1,,,674897,10839329.05,1087,F1,1,,,,,
2026-09-25,2026-09-25,CM,NSE,STK,764860,INE137M01017,SAB,EQ,,,,,S A B INDUSTRIES LTD.,170.0,170.0,170.0,170.0,170.0,170.0,,170.0,,,5,850.0,1,F1,1,,,,,
2026-09-25,2026-09-25,CM,NSE,STK,24674,INE0BSN01013,SATECH,SM,,,,,S A TECH SOFTWARE INDIA L,34.0,37.0,34.0,35.95,37.0,36.1,,35.95,,,12000,425550.0,10,F1,1000,,,,,
2026-09-25,2026-09-25,CM,NSE,STK,20698,INE807K01035,SCHAND,EQ,,,,,S CHAND AND COMPANY LTD,137.0,145.6,137.0,145.18,145.4,137.13,,145.17,,,66326,9405036.61,2178,F1,1,,,,,
2026-09-25,2026-09-25,CM,NSE,STK,11212,INE500L01026,SHK,EQ,,,,,S H KELKAR AND CO. LTD.,140.96,143.61,139.7,142.36,141.25,140.96,,142.35,,,122196,17291656.5,2523,F1,1,,,,,
2026-09-25,2026-09-25,CM,NSE,STK,20542,INE0F3301020,SJLOGISTIC,SM,,,,,S J LOGISTICS (INDIA) LTD,320.5,321.0,315.0,316.05,315.0,319.25,,316.05,,,11500,3658012.5,41,F1,250,,,,,
2026-09-25,2026-09-25,CM,NSE,STK,764940,INE159L01013,SVGLOBAL,EQ,,,,,S V GLOBAL MILL LTD.,155.71,155.71,134.3,145.79,146.95,148.32,,144.36,,,1416,203416.62,87,F1,1,,,,,
2026-09-25,2026-09-25,CM,NSE,STK,2951,INE902B01017,S&SPOWER,EQ,,,,,S&S POWER SWITCHGEARS LTD,315.35,329.75,304.8,307.9,310.0,315.35,,310.05,,,6820,2126591.3,311,F1,1,,,,,
2026-09-25,2026-09-25,CM,NSE,STK,18252,INE212I01016,SPAL,EQ,,,,,S. P. APPARELS LIMITED,980.0,987.3,953.5,965.6,962.0,979.0,,965.61,,,44966,43427275.1,3336,F1,1,,,,,
2026-09-25,2026-09-25,CM,NSE,STK,11634,INE658G01014,SALSTEEL,EQ,,,,,S.A.L. STEEL LTD.,91.6,93.72,90.99,93.6,93.63,89.27,,93.6,,,741473,69065737.55,3994,F1,1,,,,,
2026-09-25,2026-09-25,CM,NSE,STK,19112,INE0PSK01027,SAAKSHI,ST,,,,,SAAKSHI MEDTEC N PANELS L,365.7,365.7,365.7,365.7,365.7,373.15,,365.7,,,6600,2413620.0,10,F1,600,,,,,
2026-09-25,2026-09-25,CM,NSE,STK,759057,INE13B501022,SAATVIKGL,EQ,,,,,SAATVIK GREEN ENERGY LTD,437.0,442.95,424.3,427.45,426.5,437.95,,427.37,,,92616,39854226.0,2994,F1,1,,,,,
2026-09-25,2026-09-25,CM,NSE,STK,757409,INE1ARD01016,SACHEEROME,SM,,,,,SACHEEROME LIMITED,476.05,488.95,476.05,480.1,480.1,480.85,,480.1,,,9600,4643715.0,26,F1,300,,,,,
2026-09-25,2026-09-25,CM,NSE,STK,13236,INE226H01026,SADBHAV,EQ,,,,,SADBHAV ENGINEERING LTD,7.55,7.57,7.39,7.46,7.5,7.54,,7.46,,,98193,734970.94,245,F1,1,,,,,
2026-09-25,2026-09-25,CM,NSE,STK,10618,INE764L01010,SADBHIN,EQ,,,,,SADBHAV INFRA PROJ LTD.,2.61,2.71,2.57,2.65,2.67,2.59,,2.65,,,103401,272641.85,225,F1,1,,,,,
2026-09-25,2026-09-25,CM,NSE,STK,15349,INE888C01040,SADHNANIQ,BE,,,,,SADHANA NITROCHEM LIMITED,2.84,2.9,2.68,2.82,2.84,2.82,,2.82,,,2654259,7312473.86,1169,F1,1,,,,,
2026-09-25,2026-09-25,CM,NSE,STK,22897,INE0K5H01010,SADHAV,SM,,,,,SADHAV SHIPPING LIMITED,106.7,106.7,104.0,104.0,104.0,105.0,,104.0,,,1800,188820.0,2,F1,600,,,,,
2026-09-25,2026-09-25,CM,NSE,STK,13035,INE429E01023,SAFARI,EQ,,,,,SAFARI IND (INDIA) LTD,1481.0,1492.1,1455.0,1464.2,1463.5,1481.2,,1464.21,,,44195,64805726.0,11159,F1,1,,,,,
2026-09-25,2026-09-25,CM,NSE,STK,757583,INE17D601016,SAFEENTP,SM,,,,,SAFE ENTER RETAIL FIX LTD,244.65,253.0,241.0,250.2,251.75,244.65,,250.2,,,75500,18751225.0,116,F1,500,,,,,
2026-09-25,2026-09-25,CM,NSE,STK,14068,INE229C01021,SAGCEM,EQ,,,,,SAGAR CEMENTS LIMITED,151.72,153.0,150.02,152.64,152.99,151.76,,152.62,,,8476,1283614.68,348,F1,1,,,,,
2026-09-25,2026-09-25,CM,NSE,STK,8175,INE976T01013,SAGARDEEP,EQ,,,,,SAGARDEEP ALLOYS LIMITED,24.17,24.17,23.12,23.19,23.17,23.7,,23.19,,,7598,176511.99,85,F1,1,,,,,
2026-09-25,2026-09-25,CM,NSE,STK,27052,INE0W2G01015,SAGILITY,EQ,,,,,SAGILITY LIMITED,45.2,45.25,44.17,44.69,44.69,45.0,,44.7,,,9623863,429011503.58,18928,F1,1,,,,,
2026-09-25,2026-09-25,CM,NSE,STK,24478,INE0P4701011,SAHAJSOLAR,SM,,,,,SAHAJ SOLAR LIMITED,87.15,90.2,84.5,90.0,89.95,89.35,,90.0,,,39200,3439980.0,93,F1,400,,,,,
2026-09-25,2026-09-25,CM,NSE,STK,16711,INE0LEX01011,SAHANA,SM,,,,,SAHANA SYSTEM LIMITED,879.0,888.0,860.0,861.3,860.1,851.15,,861.3,,,26250,22833127.5,114,F1,150,,,,,
2026-09-25,2026-09-25,CM,NSE,STK,25668,INE0RBQ01018,SAHASRA,SM,,,,,SAHASRA ELECTRONIC SOLU L,410.0,428.85,391.3,428.85,428.85,408.45,,428.85,,,408400,169272800.0,753,F1,400,,,,,
2026-09-25,2026-09-25,CM,NSE,STK,14900,INE280H01015,SAHYADRI,EQ,,,,,SAHYADRI INDUSTRIES LTD,369.0,369.0,355.0,362.6,361.2,366.85,,362.56,,,5630,2031259.1,372,F1,1,,,,,
2026-09-25,2026-09-25,CM,NSE,STK,764865,INE531X01018,SAICAPI,EQ,,,,,SAI CAPITAL LTD.,155.45,159.7,150.1,156.99,156.99,146.03,,156.99,,,117,18237.37,14,F1,1,,,,,
2026-09-25,2026-09-25,CM,NSE,STK,27839,INE570L01029,SAILIFE,EQ,,,,,SAI LIFE SCIENCES LIMITED,1590.0,1623.4,1581.0,1592.2,1594.9,1594.9,,1592.38,,,265877,424536337.7,24905,F1,1,,,,,
2026-09-25,2026-09-25,CM,NSE,STK,761675,INE0H9F01037,SAIPARENT,EQ,,,,,SAI PARENTERALS LIMITED,509.95,510.95,502.1,503.95,502.1,506.4,,503.95,,,29566,14946759.7,1350,F1,1,,,,,
2026-09-25,2026-09-25,CM,NSE,STK,18755,INE438K01021,KALAMANDIR,EQ,,,,,SAI SILKS (KALAMANDIR) L,78.49,79.13,76.75,77.19,77.03,78.47,,77.19,,,438726,33915055.4,3905,F1,1,,,,,
2026-09-25,2026-09-25,CM,NSE,STK,764880,INE068B01017,SEKURITIND,EQ,,,,,SAINT GOBAIN SEKUR IND L,112.97,113.0,111.0,111.93,111.95,111.52,,111.88,,,10797,1210043.35,249,F1,1,,,,,
2026-09-25,2026-09-25,CM,NSE,STK,9539,INE732S01012,SAKAR,EQ,,,,,SAKAR HEALTHCARE LIMITED,1125.1,1189.5,1125.1,1135.85,1131.9,1128.55,,1135.85,,,99278,114871852.45,8449,F1,1,,,,,
2026-09-25,2026-09-25,CM,NSE,STK,11794,INE667G01023,SAKSOFT,EQ,,,,,SAKSOFT LIMITED,142.47,143.08,141.15,141.52,142.68,143.53,,141.52,,,115426,16379353.11,2377,F1,1,,,,,
2026-09-25,2026-09-25,CM,NSE,STK,2969,INE623A01011,SAKHTISUG,EQ,,,,,SAKTHI SUGARS LTD,17.96,19.7,17.96,19.0,18.9,17.96,,19.0,,,624810,11831682.62,2270,F1,1,,,,,
2026-09-25,2026-09-25,CM,NSE,STK,13251,INE190H01024,SAKUMA,EQ,,,,,SAKUMA EXPORTS LIMITED,1.68,1.72,1.66,1.67,1.67,1.66,,1.67,,,1169361,1972009.63,918,F1,1,,,,,
2026-09-25,2026-09-25,CM,NSE,STK,21362,INE170V01027,SALASAR,EQ,,,,,SALASAR TECHNO ENGG. LTD.,4.93,4.93,4.66,4.7,4.74,4.91,,4.7,,,9245213,43823122.87,6275,F1,1,,,,,
2026-09-25,2026-09-25,CM,NSE,STK,17351,INE498E01010,SALONA,EQ,,,,,SALONA COTSPIN LTD.,273.75,279.7,265.6,274.75,274.75,274.25,,274.75,,,359,98457.8,91,F1,1,,,,,
2026-09-25,2026-09-25,CM,NSE,STK,11399,INE457F01013,SALZERELEC,EQ,,,,,SALZER ELECTRONICS LTD,535.0,544.35,532.55,541.25,539.95,538.65,,541.29,,,21706,11657313.9,1501,F1,1,,,,,
2026-09-25,2026-09-25,CM,NSE,STK,756851,INE124101010,SAMAY,ST,,,,,SAMAY PROJECT SERVICES L,47.75,47.75,47.75,47.75,47.75,47.8,,47.75,,,4000,191000.0,1,F1,4000,,,,,
2026-09-25,2026-09-25,CM,NSE,STK,764870,INE304D01012,SAMBANDAM,EQ,,,,,SAMBANDAM SPINNING MILL L,107.0,111.9,107.0,111.83,111.8,107.0,,111.7,,,1662,184402.8,27,F1,1,,,,,
2026-09-25,2026-09-25,CM,NSE,STK,4127,INE699B01027,SAMBHAAV,EQ,,,,,SAMBHAAV MEDIA LTD,5.77,6.89,5.52,5.92,5.94,5.89,,5.92,,,82882,483711.59,192,F1,1,,,,,
2026-09-25,2026-09-25,CM,NSE,STK,757767,INE12NJ01018,SAMBHV,EQ,,,,,SAMBHV STEEL TUBES LTD,153.5,160.98,149.37,159.12,159.0,152.36,,159.11,,,5127428,805256158.64,50862,F1,1,,,,,
2026-09-25,2026-09-25,CM,NSE,STK,21096,INE0PZA01015,SAIFL,SM,,,,,SAMEERA AGRO AND INFRA L,4.25,4.25,4.15,4.25,4.25,4.3,,4.25,,,140000,589200.0,29,F1,4000,,,,,
2026-09-25,2026-09-25,CM,NSE,STK,18614,INE08U801020,SAMHI,EQ,,,,,SAMHI HOTELS LIMITED,158.25,160.9,157.5,159.19,159.21,158.94,,159.19,,,352713,56121089.2,9069,F1,1,,,,,
2026-09-25,2026-09-25,CM,NSE,STK,30125,INE148I01020,SAMMAANCAP,EQ,,,,,SAMMAAN CAPITAL LIMITED,141.78,141.78,138.9,140.61,140.53,140.55,,140.61,,,3454356,484215288.74,20830,F1,1,,,,,
2026-09-25,2026-09-25,CM,NSE,STK,27303,INE735M01018,SAMPANN,EQ,,,,,SAMPANN UTPADAN INDIA LTD,24.5,26.4,23.07,24.56,25.35,24.08,,24.56,,,37461,911412.2,231,F1,1,,,,,
2026-09-25,2026-09-25,CM,NSE,STK,4204,INE775A01035,MOTHERSON,EQ,,,,,SAMVRDHNA MTHRSN INTL LTD,162.6,166.22,160.72,165.71,165.71,162.5,,165.71,,,14239797,2325084268.58,55301,F1,1,,,,,
2026-09-25,2026-09-25,CM,NSE,STK,28805,INE0JPD01013,SANATHAN,EQ,,,,,SANATHAN TEXTILES LIMITED,537.0,544.0,520.0,523.2,523.25,529.25,,523.2,,,189507,100725026.5,12410,F1,1,,,,,
2026-09-25,2026-09-25,CM,NSE,STK,2988,INE583B01015,SANDESH,EQ,,,,,SANDESH LTD,1025.0,1045.0,1012.4,1034.4,1030.0,1014.3,,1034.64,,,566,585670.2,69,F1,1,,,,,
2026-09-25,2026-09-25,CM,NSE,STK,2397,INE278H01035,SANDHAR,EQ,,,,,SANDHAR TECHNOLOGIES LTD,576.0,580.8,568.55,574.0,576.6,575.65,,574.03,,,88878,51026344.25,5290,F1,1,,,,,
2026-09-25,2026-09-25,CM,NSE,STK,18359,INE149K01016,SANDUMA,EQ,,,,,SANDUR MANG & IRON ORES L,183.0,185.35,181.35,184.79,184.65,183.11,,184.8,,,337776,61817369.78,8877,F1,1,,,,,
2026-09-25,2026-09-25,CM,NSE,STK,4184,INE495C01010,SANGAMIND,EQ,,,,,SANGAM (INDIA) LTD,584.0,624.9,571.05,619.9,619.0,579.7,,619.91,,,434786,265568092.85,14752,F1,1,,,,,
2026-09-25,2026-09-25,CM,NSE,STK,18035,INE0OVI01010,SANGANI,SM,,,,,SANGANI HOSPITALS LIMITED,53.5,53.65,53.5,53.65,53.65,51.1,,53.65,,,3000,160725.0,2,F1,1500,,,,,
2026-09-25,2026-09-25,CM,NSE,STK,14058,INE989A01032,SANGHVIMOV,EQ,,,,,SANGHVI MOVERS LTD,447.0,461.95,443.05,456.0,456.4,446.45,,456.1,,,269827,122692043.85,10451,F1,1,,,,,
2026-09-25,2026-09-25,CM,NSE,STK,25222,INE0UOS01011,SANOFICONR,EQ,,,,,SANOFI CONS HEALTHC IND L,3980.0,4010.1,3926.0,3945.3,3938.0,3971.3,,3945.57,,,3342,13168143.3,1186,F1,1,,,,,
2026-09-25,2026-09-25,CM,NSE,STK,1442,INE058A01010,SANOFI,EQ,,,,,SANOFI INDIA LIMITED,3120.2,3175.0,3120.2,3140.2,3143.4,3132.7,,3140.18,,,13319,41851679.2,3058,F1,1,,,,,
2026-09-25,2026-09-25,CM,NSE,STK,5751,INE953O01021,SANSERA,EQ,,,,,SANSERA ENGINEERING LTD,4629.6,4734.7,4570.0,4662.4,4670.0,4605.6,,4662.56,,,315334,1469102510.5,49591,F1,1,,,,,
2026-09-25,2026-09-25,CM,NSE,STK,24582,INE08NE01025,SANSTAR,EQ,,,,,SANSTAR LIMITED,108.9,109.81,107.8,108.42,108.74,109.4,,108.42,,,55139,5984889.63,1002,F1,1,,,,,
2026-09-25,2026-09-25,CM,NSE,STK,46,INE890C01046,SANWARIA,BZ,,,,,SANWARIA CONSUMER LIMITED,0.19,0.2,0.19,0.19,0.2,0.19,,0.19,,,332535,65342.81,117,F1,1,,,,,
2026-09-25,2026-09-25,CM,NSE,STK,6718,INE806T01020,SAPPHIRE,EQ,,,,,SAPPHIRE FOODS INDIA LTD,226.0,227.69,220.5,223.61,223.0,225.7,,223.62,,,366017,81611934.92,11376,F1,1,,,,,
2026-09-25,2026-09-25,CM,NSE,STK,19863,INE0PUC01020,SARTELE,SM,,,,,SAR TELEVENTURE LIMITED,96.95,98.15,89.0,91.65,90.5,98.4,,91.65,,,111000,10262250.0,204,F1,500,,,,,
2026-09-25,2026-09-25,CM,NSE,STK,762985,INE967G01019,ZSARACOM,EQ,,,,,SARASWATI COMM (INDIA) L,9950.0,10488.0,9950.0,10307.0,10052.0,9948.0,,10235.61,,,47,481571.0,27,F1,1,,,,,
2026-09-25,2026-09-25,CM,NSE,STK,24856,INE0PQ101010,SSDL,EQ,,,,,SARASWATI SAREE DEPOT LTD,69.92,74.0,68.1,73.31,73.94,66.3,,73.32,,,427404,30552362.7,6468,F1,1,,,,,
2026-09-25,2026-09-25,CM,NSE,STK,17758,INE385C01021,SARDAEN,EQ,,,,,SARDA ENERGY & MIN LTD,499.45,505.0,491.9,493.15,493.9,499.45,,493.17,,,250490,124455045.3,15702,F1,1,,,,,
2026-09-25,2026-09-25,CM,NSE,STK,4892,INE979A01025,SAREGAMA,EQ,,,,,SAREGAMA INDIA LIMITED,497.85,504.2,492.0,496.9,495.1,498.45,,496.9,,,197993,98588794.05,8186,F1,1,,,,,
2026-09-25,2026-09-25,CM,NSE,STK,14043,INE453D01025,SARLAPOLY,EQ,,,,,SARLA PERF. FIBERS LTD,99.99,101.7,99.43,100.29,100.0,99.99,,100.29,,,42794,4283573.9,499,F1,1,,,,,
2026-09-25,2026-09-25,CM,NSE,STK,18506,INE0PCL01011,SAROJA,SM,,,,,SAROJA PHARMA INDUS IND L,38.9,38.9,38.9,38.9,38.9,40.9,,38.9,,,1600,62240.0,1,F1,1600,,,,,
2026-09-25,2026-09-25,CM,NSE,STK,6843,INE017W01010,SMLT,EQ,,,,,SARTHAK METALS LIMITED,59.8,62.0,58.35,59.35,59.32,60.74,,59.35,,,7194,427291.42,211,F1,1,,,,,
2026-09-25,2026-09-25,CM,NSE,STK,12913,INE324X01026,SARVESHWAR,EQ,,,,,SARVESHWAR FOODS LIMITED,3.69,3.69,3.31,3.53,3.55,3.63,,3.53,,,3010745,10525159.88,2751,F1,1,,,,,
2026-09-25,2026-09-25,CM,NSE,STK,11983,INE231F01020,SASKEN,EQ,,,,,SASKEN TECHNOLOGIES LTD,1768.0,1768.0,1684.0,1691.1,1696.0,1736.8,,1691.32,,,33465,57006826.9,3208,F1,1,,,,,
2026-09-25,2026-09-25,CM,NSE,STK,29151,INE0NB801022,SATKARTAR,SM,,,,,SAT KARTAR LIFE LIMITED,179.0,194.0,165.0,187.7,187.1,179.45,,187.7,,,188800,34353560.0,192,F1,800,,,,,
2026-09-25,2026-09-25,CM,NSE,STK,24697,INE0RFP01011,SSEGL,SM,,,,,SATHLOKHAR SYN E&C GLOB L,400.0,400.0,390.2,396.3,392.5,400.2,,396.3,,,21000,8269910.0,88,F1,200,,,,,
2026-09-25,2026-09-25,CM,NSE,STK,24504,INE0RPM01017,SATIPOLY,SM,,,,,SATI POLY PLAST LIMITED,32.1,33.0,32.0,33.0,33.0,33.5,,33.0,,,1500,48550.0,3,F1,500,,,,,
2026-09-25,2026-09-25,CM,NSE,STK,11045,INE170E01023,SATIA,EQ,,,,,SATIA INDUSTRIES LIMITED,68.39,69.5,66.6,67.0,67.2,67.67,,67.0,,,76122,5133441.41,1186,F1,1,,,,,
2026-09-25,2026-09-25,CM,NSE,STK,10453,INE836B01017,SATIN,EQ,,,,,SATIN CREDIT NET LTD,224.89,238.78,223.28,236.65,237.3,226.15,,236.66,,,421528,97763411.41,7437,F1,1,,,,,
2026-09-25,2026-09-25,CM,NSE,STK,758960,INE14DW01018,SATTVAENGG,SM,,,,,SATTVA ENGINEERING CSTN L,57.95,59.0,57.95,58.85,58.85,57.3,,58.85,,,14400,846720.0,8,F1,1600,,,,,
2026-09-25,2026-09-25,CM,NSE,STK,3018,INE626A01014,SAURASHCEM,EQ,,,,,SAURASHTRA CEMENT LIMITED,53.0,56.9,52.4,55.72,55.3,52.76,,55.74,,,427455,23650458.64,4599,F1,1,,,,,
2026-09-25,2026-09-25,CM,NSE,STK,3021,INE035D01020,SOTL,EQ,,,,,SAVITA OIL TECHNOLO. LTD,726.9,744.0,707.5,713.2,714.0,726.5,,713.23,,,158106,114173931.5,9852,F1,1,,,,,
2026-09-25,2026-09-25,CM,NSE,STK,757704,INE0UCN01017,SAVY,SM,,,,,SAVY INFRA AND LOGI LTD,136.0,136.05,135.0,135.1,135.1,136.05,,135.1,,,6000,813780.0,5,F1,1200,,,,,
2026-09-25,2026-09-25,CM,NSE,STK,758444,INE10VS01016,SAWALIYA,SM,,,,,SAWALIYA FOOD PRODUCTS L,158.2,158.5,156.0,156.0,156.0,158.95,,156.0,,,6600,1043220.0,5,F1,600,,,,,
2026-09-25,2026-09-25,CM,NSE,STK,764875,INE327G01032,SAYAJIIND,EQ,,,,,SAYAJI INDUSTRIES LTD.,120.0,120.0,120.0,120.0,120.0,122.0,,120.0,,,501,60120.0,7,F1,1,,,,,
2026-09-25,2026-09-25,CM,NSE,STK,6792,INE04AK01028,SBC,EQ,,,,,SBC EXPORTS LIMITED,48.14,53.74,48.05,53.02,53.0,48.01,,53.01,,,23868200,1215195116.89,35552,F1,1,,,,,
2026-09-25,2026-09-25,CM,NSE,STK,18026,INE423Y01016,SBFC,EQ,,,,,SBFC FINANCE LIMITED,89.14,89.94,88.1,88.86,88.96,89.14,,88.86,,,779068,69149520.99,7079,F1,1,,,,,
2026-09-25,2026-09-25,CM,NSE,STK,17971,INE018E01016,SBICARD,EQ,,,,,SBI CARDS & PAY SER LTD,617.0,621.65,606.7,611.2,611.2,618.4,,611.03,,,1310548,803502265.75,37898,F1,1,,,,,
2026-09-25,2026-09-25,CM,NSE,STK,764173,INE640G01020,SBIFUNDS,EQ,,,,,SBI FUNDS MANAGEMENT LTD,537.45,539.9,528.05,531.15,532.8,537.6,,531.15,,,924166,491508312.75,57814,F1,1,,,,,
2026-09-25,2026-09-25,CM,NSE,STK,21808,INE123W01016,SBILIFE,EQ,,,,,SBI LIFE INSURANCE CO LTD,1755.0,1758.4,1732.3,1742.0,1742.0,1755.0,,1742.01,,,1018504,1779112953.6,50423,F1,1,,,,,
2026-09-25,2026-09-25,CM,NSE,STK,17272,INF200KA16D8,SETFGOLD,EQ,,,,,SBI-ETF GOLD,127.71,128.49,127.45,128.43,128.49,127.35,,128.43,,,4855940,622259832.12,9604,F1,1,,,,,
2026-09-25,2026-09-25,CM,NSE,STK,10176,INF200KA1FS1,SETFNIF50,EQ,,,,,SBI-ETF NIFTY 50,248.5,250.95,246.89,249.47,249.72,249.39,,249.47,,,782484,195009300.25,4423,F1,1,,,,,
2026-09-25,2026-09-25,CM,NSE,STK,7361,INF200KA1580,SETFNIFBK,EQ,,,,,SBI-ETF NIFTY BANK,557.28,573.6,557.28,571.3,571.75,571.57,,571.3,,,27349,15627820.57,1058,F1,1,,,,,
2026-09-25,2026-09-25,CM,NSE,STK,7353,INF200KA1598,SETFNN50,EQ,,,,,SBI-ETF NIFTY NEXT 50,765.66,775.97,764.37,770.95,775.6,769.51,,770.95,,,77801,59771368.26,4279,F1,1,,,,,
2026-09-25,2026-09-25,CM,NSE,STK,19705,INF200KA13Z8,LIQUIDSBI,EQ,,,,,SBIAMC - LIQUIDSBI,999.99,1000.01,999.99,1000.0,1000.01,1000.01,,1000.0,,,6659,6658949.37,28,F1,1,,,,,
2026-09-25,2026-09-25,CM,NSE,STK,30290,INF200KB1712,SBIBPB,EQ,,,,,SBIAMC - SBIBPB,48.5,48.5,48.07,48.09,48.23,48.03,,48.09,,,16193,779914.27,258,F1,1,,,,,
2026-09-25,2026-09-25,CM,NSE,STK,5168,INF200KA1X17,SBIETFCON,EQ,,,,,SBIAMC - SBIETFCON,117.45,118.98,117.26,117.65,117.35,117.45,,117.65,,,2524,297058.37,68,F1,1,,,,,
2026-09-25,2026-09-25,CM,NSE,STK,740,INF200KA1S14,SBIETFIT,EQ,,,,,SBIAMC - SBIETFIT,315.95,315.95,308.78,312.14,311.16,312.82,,312.14,,,4550,1415788.79,200,F1,1,,,,,
2026-09-25,2026-09-25,CM,NSE,STK,722,INF200KA1S22,SBIETFPB,EQ,,,,,SBIAMC - SBIETFPB,276.94,277.0,273.23,274.29,277.0,275.05,,274.29,,,4586,1259382.35,83,F1,1,,,,,
2026-09-25,2026-09-25,CM,NSE,STK,7218,INF200KA1WX6,SBIETFQLTY,EQ,,,,,SBIAMC - SBIETFQLTY,212.34,212.79,210.94,212.19,212.4,211.29,,212.19,,,968,205104.27,61,F1,1,,,,,
2026-09-25,2026-09-25,CM,NSE,STK,758496,INF200KB1969,SBILIQETF,EQ,,,,,SBIAMC - SBILIQETF,1057.6,1057.62,1057.6,1057.62,1057.62,1057.19,,1057.62,,,54249,57374802.4,67,F1,1,,,,,
2026-09-25,2026-09-25,CM,NSE,STK,761095,INF200KB1AJ0,SBIMIDMOM,EQ,,,,,SBIAMC - SBIMIDMOM,62.65,64.45,62.25,62.41,62.3,62.44,,62.41,,,45114,2816319.23,193,F1,1,,,,,
2026-09-25,2026-09-25,CM,NSE,STK,24524,INF200KB1282,SBINEQWETF,EQ,,,,,SBIAMC - SBINEQWETF,32.22,32.49,32.02,32.15,32.49,32.17,,32.13,,,15234,489943.14,167,F1,1,,,,,
2026-09-25,2026-09-25,CM,NSE,STK,761741,INF200KB1AK8,SBINMID150,EQ,,,,,SBIAMC - SBINMID150,22.99,23.2,22.35,22.61,22.97,22.61,,22.57,,,94237,2111118.27,158,F1,1,,,,,
2026-09-25,2026-09-25,CM,NSE,STK,24366,INF200KB1217,SBISILVER,EQ,,,,,SBIAMC - SBISILVER,221.9,224.54,220.85,224.28,224.52,221.28,,224.28,,,669388,149552465.5,7403,F1,1,,,,,
2026-09-25,2026-09-25,CM,NSE,STK,763543,INF200KB1AY9,SBISMLETF,EQ,,,,,SBIAMC - SBISMLETF,18.2,18.38,18.1,18.16,18.25,18.2,,18.16,,,38701,702765.12,212,F1,1,,,,,
2026-09-25,2026-09-25,CM,NSE,STK,763546,INF200KB1AX1,SBIVALETF,EQ,,,,,SBIAMC - SBIVALETF,14.5,14.5,14.37,14.37,14.38,14.43,,14.37,,,7112,102374.27,43,F1,1,,,,,
2026-09-25,2026-09-25,CM,NSE,STK,17395,INF200KA1JT1,SETF10GILT,EQ,,,,,SBIAMC - SETF10GILT,262.26,263.4,261.02,262.51,262.51,263.36,,262.51,,,4755,1244160.06,66,F1,1,,,,,
2026-09-25,2026-09-25,CM,NSE,STK,762887,INE099G01011,SCANSTL,BE,,,,,SCAN STEELS LTD.,51.99,53.53,50.5,53.01,53.52,50.99,,52.66,,,28106,1472778.34,114,F1,1,,,,,
2026-09-25,2026-09-25,CM,NSE,STK,1011,INE513A01022,SCHAEFFLER,EQ,,,,,SCHAEFFLER INDIA LIMITED,4033.0,4041.5,3968.0,4007.7,3999.0,4024.2,,4007.53,,,20334,81285804.0,5636,F1,1,,,,,
2026-09-25,2026-09-25,CM,NSE,STK,31234,INE839M01018,SCHNEIDER,EQ,,,,,SCHNEIDER ELECTRIC INFRA,1218.8,1236.0,1204.1,1209.5,1211.0,1218.8,,1209.46,,,169734,206344445.2,13468,F1,1,,,,,
2026-09-25,2026-09-25,CM,NSE,STK,30238,INE148I07WU1,902SCL28,N1,,,,,SCL 9.02% SR V,1010.0,1010.0,1010.0,1010.0,1010.0,1010.0,,1010.0,,,724,731240.0,6,F1,1,,,,,
2026-09-25,2026-09-25,CM,NSE,STK,28901,INE148I07VL2,925SCL26W,N1,,,,,SCL 9.25% 2026 SR II,1027.69,1027.69,1027.69,1027.69,1027.69,992.07,,1027.69,,,5,5138.45,1,F1,1,,,,,
2026-09-25,2026-09-25,CM,NSE,STK,757469,INE148I07XL8,965SCL30,ND,,,,,SCL 9.65% 2030 SR VII,1000.0,1000.0,899.0,899.0,899.0,998.0,,899.0,,,501,451409.0,2,F1,1,,,,,
2026-09-25,2026-09-25,CM,NSE,STK,757478,INE090501011,SCODATUBES,EQ,,,,,SCODA TUBES LIMITED,134.46,139.97,131.45,136.61,137.0,133.79,,136.61,,,618113,83904127.37,6101,F1,1,,,,,
2026-09-25,2026-09-25,CM,NSE,STK,24096,IN1520240012,723GJ27,SG,,,,,SDL GJ 7.23% 2027,101.12,101.12,101.12,101.12,101.12,101.6,,101.12,,,100,10112.0,1,F1,100,,,,,
2026-09-25,2026-09-25,CM,NSE,STK,20367,IN1520230104,758GJ26,SG,,,,,SDL GJ 7.58% 2026,101.0,101.0,101.0,101.0,101.0,101.0,,101.0,,,100,10100.0,1,F1,100,,,,,
2026-09-25,2026-09-25,CM,NSE,STK,20927,IN1520230153,758GJ32,SG,,,,,SDL GJ 7.58% 2032,98.72,100.0,98.72,100.0,100.0,98.16,,100.0,,,200,19872.0,2,F1,100,,,,,
2026-09-25,2026-09-25,CM,NSE,STK,761748,IN2020250345,804KL46,SG,,,,,SDL KL 8.04% 2046,101.0,101.0,101.0,101.0,101.0,101.0,,101.0,,,100,10100.0,1,F1,100,,,,,
2026-09-25,2026-09-25,CM,NSE,STK,763069,IN2220260060,779MH54,SG,,,,,SDL MH 7.79% 2054,99.0,99.0,99.0,99.0,99.0,99.0,,99.5,,,100,9900.0,1,F1,100,,,,,
2026-09-25,2026-09-25,CM,NSE,STK,759337,IN3120250318,744TN55A,SG,,,,,SDL TN 7.44% 2055,92.61,92.61,92.61,92.61,92.61,94.5,,92.61,,,100,9261.0,1,F1,100,,,,,
2026-09-25,2026-09-25,CM,NSE,STK,8689,IN3620210051,734UK32,SG,,,,,SDL UK 7.34% 2032,100.6,100.6,100.6,100.6,100.6,99.0,,100.6,,,100,10060.0,1,F1,100,,,,,
2026-09-25,2026-09-25,CM,NSE,STK,23546,IN3620240017,75UK29,SG,,,,,SDL UK 7.5% 2029,101.67,102.5,101.67,102.5,102.5,101.48,,102.5,,,200,20417.0,2,F1,100,,,,,
2026-09-25,2026-09-25,CM,NSE,STK,2616,INE497B01018,SEAMECLTD,EQ,,,,,SEAMEC LIMITED,1739.0,1739.1,1695.2,1712.2,1711.0,1730.1,,1712.03,,,31625,54205710.5,3841,F1,1,,,,,
2026-09-25,2026-09-25,CM,NSE,STK,6207,INE530B07187,IIFLZC26,NN,,,,,SEC RE NCD 0% SR.VII,1510.0,1510.0,1510.0,1510.0,1510.0,1500.0,,1510.0,,,77,116270.0,2,F1,1,,,,,
2026-09-25,2026-09-25,CM,NSE,STK,7674,INE477L07AS8,IIFLHF29,NE,,,,,SEC RE NCD 0% SR.VIII,1350.0,1403.0,1350.0,1401.65,1400.0,1458.4,,1401.65,,,20,27516.5,4,F1,1,,,,,
2026-09-25,2026-09-25,CM,NSE,STK,20771,INE413U07277,10ISFL26,N3,,,,,SEC RE NCD 10% SR 4,1065.0,1065.0,1065.0,1065.0,1065.0,1070.8,,1065.0,,,50,53250.0,1,F1,1,,,,,
2026-09-25,2026-09-25,CM,NSE,STK,12465,INE741K07496,10CAGL27,N5,,,,,SEC RE NCD 10% SR. V,1019.9,1020.0,1019.9,1020.0,1020.0,1008.0,,1020.0,,,100,101999.0,3,F1,1,,,,,
2026-09-25,2026-09-25,CM,NSE,STK,23303,INE148I07SS3,1015SCFL29,YY,,,,,SEC RE NCD 10.15% SR VII,1045.37,1045.37,1000.0,1026.99,1026.99,1019.11,,1026.99,,,268,277542.06,4,F1,1,,,,,
2026-09-25,2026-09-25,CM,NSE,STK,21016,INE148I07RS5,925SCL28B,YC,,,,,SEC RE NCD 10.15% SR VII,1055.6,1276.0,1055.5,1276.0,1276.0,1074.0,,1276.0,,,500,549650.5,26,F1,1,,,,,
2026-09-25,2026-09-25,CM,NSE,STK,14710,INE148I07OH5,1015SCL28A,AL,,,,,SEC RE NCD 10.15% SR.VII,450.0,450.0,450.0,450.0,450.0,410.0,,450.0,,,2,900.0,1,F1,1,,,,,
2026-09-25,2026-09-25,CM,NSE,STK,21056,INE148I07RZ0,835SCL23B,YM,,,,,SEC RE NCD 10.25% SR XII,1007.0,1049.9,1007.0,1049.9,1049.9,1007.0,,1028.45,,,204,208079.54,5,F1,1,,,,,
2026-09-25,2026-09-25,CM,NSE,STK,18906,INE148I07PV3,888SCL25E,N4,,,,,SEC RE NCD 10.25% SR XII,691.2,858.0,691.2,858.0,858.0,864.0,,779.25,,,3,2407.2,2,F1,1,,,,,
2026-09-25,2026-09-25,CM,NSE,STK,20130,INE148I07RB1,965SCL25F,NZ,,,,,SEC RE NCD 10.25% SR XII,805.3,805.3,805.3,805.3,805.3,815.02,,788.3,,,3,2415.9,1,F1,1,,,,,
2026-09-25,2026-09-25,CM,NSE,STK,25916,INE583D07513,1040UCL27B,N1,,,,,SEC RE NCD 10.40% SR III,1000.0,1000.0,1000.0,1000.0,1000.0,1000.0,,1000.0,,,1,1000.0,1,F1,1,,,,,
2026-09-25,2026-09-25,CM,NSE,STK,20784,INE413U07251,1050ISFL28,N5,,,,,SEC RE NCD 10.50% SR 6,1077.8,1077.8,1065.3,1075.0,1075.0,1078.8,,1075.0,,,827,885104.1,6,F1,1,,,,,
2026-09-25,2026-09-25,CM,NSE,STK,15249,INE244L07556,1003SFIL28,NX,,,,,SEC RE NCD 10.50% SR.VII,400.5,494.8,400.3,459.85,490.0,498.0,,459.85,,,379,153945.8,10,F1,1,,,,,
2026-09-25,2026-09-25,CM,NSE,STK,23123,INE342T07460,1065NFL27,NC,,,,,SEC RE NCD 10.65% SR.IV,1015.0,1019.44,1010.0,1011.0,1011.0,1015.0,,1011.5,,,292,295780.3,14,F1,1,,,,,
2026-09-25,2026-09-25,CM,NSE,STK,23319,INE148I07SR5,1075SCFL34,Z6,,,,,SEC RE NCD 10.75% SR XI,1065.0,1065.0,1065.0,1065.0,1065.0,1065.0,,1065.0,,,20,21300.0,1,F1,1,,,,,
2026-09-25,2026-09-25,CM,NSE,STK,18902,INE148I07PT7,1075SCL33A,N2,,,,,SEC RE NCD 10.75% SR XI,945.0,945.0,945.0,945.0,945.0,945.0,,945.0,,,449,424305.0,4,F1,1,,,,,
2026-09-25,2026-09-25,CM,NSE,STK,11658,INE0H7R07017,79NHIT35,N1,,,,,SEC RE NCD 7.90% STRPP A,311.95,312.98,311.95,312.84,312.98,309.69,,312.68,,,8,2500.0,4,F1,1,,,,,
2026-09-25,2026-09-25,CM,NSE,STK,11665,INE0H7R07025,79NHIT40,N2,,,,,SEC RE NCD 7.90% STRPP B,312.99,312.99,312.99,312.99,312.99,314.0,,312.99,,,190,59468.1,1,F1,1,,,,,
2026-09-25,2026-09-25,CM,NSE,STK,11669,INE0H7R07033,79NHIT47,N3,,,,,SEC RE NCD 7.90% STRPP C,419.0,419.0,417.0,417.0,417.0,419.5,,418.0,,,1165,486751.0,7,F1,1,,,,,
2026-09-25,2026-09-25,CM,NSE,STK,7648,INE477L07AN9,820IIFL27,N9,,,,,SEC RE NCD 8.20% SR.III,999.89,999.89,999.89,999.89,999.89,992.01,,999.44,,,5,4999.45,1,F1,1,,,,,
2026-09-25,2026-09-25,CM,NSE,STK,3464,INE219X07264,82IGT31,NJ,,,,,SEC RE NCD 8.20% SR.V,1043.5,1043.95,1043.5,1043.95,1043.95,1034.81,,1043.95,,,250,260942.0,3,F1,1,,,,,
2026-09-25,2026-09-25,CM,NSE,STK,6197,INE530B07161,842IIFL26,NL,,,,,SEC RE NCD 8.42% SR.V,997.8,998.0,997.0,997.0,997.0,996.0,,997.05,,,600,598460.0,4,F1,1,,,,,
2026-09-25,2026-09-25,CM,NSE,STK,7668,INE477L07AQ2,843IHFL29,NC,,,,,SEC RE NCD 8.43% SR.VI,985.0,985.0,985.0,985.0,985.0,993.98,,985.0,,,1,985.0,1,F1,1,,,,,
2026-09-25,2026-09-25,CM,NSE,STK,17039,INE530B07385,865IFL28,NZ,,,,,SEC RE NCD 8.65% SR.V,981.51,981.51,981.51,981.51,981.51,982.02,,981.51,,,10,9815.1,1,F1,1,,,,,
2026-09-25,2026-09-25,CM,NSE,STK,13852,INE530B07310,865IIFL28,NS,,,,,SEC RE NCD 8.65% SR.V,991.98,991.98,991.98,991.98,991.98,985.01,,991.98,,,1,991.98,1,F1,1,,,,,
2026-09-25,2026-09-25,CM,NSE,STK,13854,INE530B07260,9IIFL28A,NT,,,,,SEC RE NCD 9% SR.VI,1049.8,1049.8,1049.1,1049.5,1049.5,1049.8,,1049.5,,,265,278156.3,6,F1,1,,,,,
2026-09-25,2026-09-25,CM,NSE,STK,11368,INE148I07ML1,905SC24B,Z9,,,,,SEC RE NCD 9.15% SR.VIII,992.0,992.0,992.0,992.0,992.0,992.0,,993.33,,,20,19840.0,1,F1,1,,,,,
2026-09-25,2026-09-25,CM,NSE,STK,7769,INE148I07LC2,925SCFL27,YA,,,,,SEC RE NCD 9.25% SR.VII,1063.8,1063.8,1055.0,1063.8,1063.8,1063.8,,1063.8,,,179,190156.2,4,F1,1,,,,,
2026-09-25,2026-09-25,CM,NSE,STK,23708,INE338I07107,935MOFSL29,N5,,,,,SEC RE NCD 9.35% SR VI,1049.0,1049.99,1049.0,1049.99,1049.99,1051.0,,1049.99,,,111,116474.64,2,F1,1,,,,,
2026-09-25,2026-09-25,CM,NSE,STK,13497,INE148I07ND6,965SCL25C,N0,,,,,SEC RE NCD 9.39% SR.VIII,420.8,420.8,420.8,420.8,420.8,402.2,,420.8,,,97,40817.6,2,F1,1,,,,,
2026-09-25,2026-09-25,CM,NSE,STK,20075,INE148I07QK4,948SCL26A,NN,,,,,SEC RE NCD 9.48% SR V,324.99,324.99,324.99,324.99,324.99,333.33,,322.1,,,1,324.99,1,F1,1,,,,,
2026-09-25,2026-09-25,CM,NSE,STK,25287,INE423A07328,965AEL27,N4,,,,,SEC RE NCD 9.65% SR IV,1014.0,1014.0,999.0,999.0,999.0,1014.0,,999.0,,,200,201300.0,2,F1,1,,,,,
2026-09-25,2026-09-25,CM,NSE,STK,18487,INE741K07579,970CAGL28,ND,,,,,SEC RE NCD 9.70% SR VII,1015.05,1015.05,1015.0,1015.0,1015.0,1015.0,,1020.0,,,26,26390.8,2,F1,1,,,,,
2026-09-25,2026-09-25,CM,NSE,STK,23712,INE338I07123,97MOFSL34,N7,,,,,SEC RE NCD 9.70% SR VIII,1099.9,1099.9,1099.9,1099.9,1099.9,1095.0,,1099.9,,,1,1099.9,1,F1,1,,,,,
2026-09-25,2026-09-25,CM,NSE,STK,13487,INE148I07NG9,894SCL27,ZY,,,,,SEC RE NCD 9.80% SR.VII,750.0,750.0,750.0,750.0,750.0,695.0,,750.0,,,40,30000.0,1,F1,1,,,,,
2026-09-25,2026-09-25,CM,NSE,STK,23293,INE148I07SG8,990SCL27,YT,,,,,SEC RE NCD 9.9% SR IV,1047.8,1048.0,1047.8,1048.0,1048.0,1047.7,,1048.0,,,86,90120.0,2,F1,1,,,,,
2026-09-25,2026-09-25,CM,NSE,STK,23944,INE148I07TF8,99SCL27,ZH,,,,,SEC RE NCD 9.9% SR IV,1015.05,1015.05,1014.2,1014.43,1014.2,1009.8,,1014.43,,,196,198828.6,6,F1,1,,,,,
2026-09-25,2026-09-25,CM,NSE,STK,25296,INE423A07344,99AEL29,N7,,,,,SEC RE NCD 9.90% SR VII,1067.99,1067.99,1037.1,1067.98,1067.98,1067.99,,1067.98,,,826,876013.61,9,F1,1,,,,,
2026-09-25,2026-09-25,CM,NSE,STK,28854,INE477L07BA4,IHFL261224,N1,,,,,SEC RE NCD SR II,1150.8,1150.8,1150.8,1150.8,1150.8,1150.8,,1150.8,,,108,124286.4,2,F1,1,,,,,
2026-09-25,2026-09-25,CM,NSE,STK,23704,INE338I07099,0MOFSL27,N3,,,,,SEC RE NCD SR IV,1234.49,1234.5,1234.49,1234.5,1234.5,1223.0,,1234.5,,,41,50614.49,4,F1,1,,,,,
2026-09-25,2026-09-25,CM,NSE,STK,14219,INE00QS24043,IMC1,N1,,,,,SEC RE NCGB 8.25% STRPP B,251.0,251.0,251.0,251.0,251.0,251.0,,251.0,,,2,502.0,1,F1,1,,,,,
2026-09-25,2026-09-25,CM,NSE,STK,14228,INE00QS24035,IMC1,N3,,,,,SEC RE NCGB 8.25% STRPP D,251.7,251.7,251.1,251.1,251.1,251.0,,251.1,,,200,50253.0,3,F1,1,,,,,
2026-09-25,2026-09-25,CM,NSE,STK,7975,INE804IA7014,1015ECL29,NR,,,,,SEC RED NCD 10.15% SR. VI,1015.1,1019.0,1015.0,1019.0,1019.0,1019.4,,1019.0,,,4,4064.1,3,F1,1,,,,,
2026-09-25,2026-09-25,CM,NSE,STK,7986,INE804IA7022,1060ECL29,NS,,,,,SEC RED NCD 10.6% SR. VII,1119.0,1119.0,1119.0,1119.0,1119.0,1080.0,,1119.0,,,100,111900.0,1,F1,1,,,,,
2026-09-25,2026-09-25,CM,NSE,STK,16870,INE033L07GS6,81TCHF28,N8,,,,,SEC RED NCD 8.10% SR.IV,1049.99,1049.99,1049.99,1049.99,1049.99,1015.0,,1001.01,,,10,10499.9,1,F1,1,,,,,
2026-09-25,2026-09-25,CM,NSE,STK,16874,INE033L07GU2,84TCHF28,,,,,,SEC RED NCD 8.40% SR.V,1005.0,1069.0,1005.0,1069.0,1069.0,1068.0,,1069.5,,,269,273481.0,3,F1,1,,,,,
2026-09-25,2026-09-25,CM,NSE,STK,498,INE721A07NU1,903SFL28,YI,,,,,SEC RED NCD 9.03% SR. II,1028.5,1028.5,1021.05,1022.52,1022.52,1027.0,,1022.52,,,798,817826.33,10,F1,1,,,,,
2026-09-25,2026-09-25,CM,NSE,STK,8625,INE721A07ON4,957ICCL25,YW,,,,,SEC RED NCD 9.30% SR. II,1045.0,1045.0,1045.0,1045.0,1045.0,1036.0,,1045.0,,,38,39710.0,1,F1,1,,,,,
2026-09-25,2026-09-25,CM,NSE,STK,4288,INE804I078Y8,943ECL28,NJ,,,,,SEC RED NCD 9.43% SR. VI,1004.1,1004.1,1003.0,1003.0,1003.0,1001.56,,1003.0,,,12,12047.0,3,F1,1,,,,,
2026-09-25,2026-09-25,CM,NSE,STK,8642,INE721A07OQ7,97SFL29,YZ,,,,,SEC RED NCD 9.70% SR. V,1099.55,1099.55,1099.55,1099.55,1099.55,1095.05,,1099.55,,,10,10995.5,1,F1,1,,,,,
2026-09-25,2026-09-25,CM,NSE,STK,4292,INE804I079Y6,985ECL28,NK,,,,,SEC RED NCD 9.85% SR. VII,1009.99,1009.99,1008.0,1009.12,1009.98,1008.62,,1009.13,,,476,480339.72,9,F1,1,,,,,
2026-09-25,2026-09-25,CM,NSE,STK,19496,INE0BTM01013,SECMARK,EQ,,,,,SECMARK CONSULTANCY LTD,130.05,146.3,130.0,137.12,141.0,142.5,,137.41,,,2594,350903.06,113,F1,1,,,,,
2026-09-25,2026-09-25,CM,NSE,STK,11058,INE650K01021,SECURKLOUD,EQ,,,,,SECUREKLOUD TECH LIMITED,16.31,17.13,16.31,17.1,17.13,16.72,,17.1,,,10085,170600.95,84,F1,1,,,,,
2026-09-25,2026-09-25,CM,NSE,STK,761153,INE00XB01019,SEDEMAC,EQ,,,,,SEDEMAC MECHATRONICS LTD,3355.0,3545.0,3271.4,3444.9,3450.0,3313.6,,3444.46,,,801056,2716417709.9,92454,F1,1,,,,,
2026-09-25,2026-09-25,CM,NSE,STK,7091,INE955I01044,SEJALLTD,EQ,,,,,SEJAL GLASS LIMITED,687.95,688.5,656.0,682.7,688.5,683.05,,682.7,,,152803,103396606.1,242,F1,1,,,,,
2026-09-25,2026-09-25,CM,NSE,STK,757982,INE0IJF01013,SELLOWRAP,SM,,,,,SELLOWRAP INDUSTRIES LTD,65.35,65.35,64.8,64.8,64.8,64.7,,64.8,,,4800,312000.0,3,F1,1600,,,,,
2026-09-25,2026-09-25,CM,NSE,STK,11961,INE617A01013,SEMAC,EQ,,,,,SEMAC CONSTRUCTION LTD,268.4,268.4,255.0,255.0,255.0,268.4,,254.11,,,1613,413670.4,50,F1,1,,,,,
2026-09-25,2026-09-25,CM,NSE,STK,17271,INE602W01027,SENCO,EQ,,,,,SENCO GOLD LIMITED,336.0,336.0,327.55,331.1,330.0,336.0,,331.14,,,681767,225143824.8,27065,F1,1,,,,,
2026-09-25,2026-09-25,CM,NSE,STK,28888,INE0RB801010,SENORES,EQ,,,,,SENORES PHARMACEUTICALS L,1344.3,1394.4,1336.3,1355.2,1350.1,1344.3,,1355.24,,,280996,383599103.8,26947,F1,1,,,,,
2026-09-25,2026-09-25,CM,NSE,STK,15308,INE964H01014,SEPC,EQ,,,,,SEPC LIMITED,5.1,5.17,5.04,5.12,5.12,5.12,,5.12,,,6035158,30787640.58,3392,F1,1,,,,,
2026-09-25,2026-09-25,CM,NSE,STK,20713,INE027E07BB0,85LTF26,NM,,,,,SERENCD 8.50% SR.VI OP11,1066.1,1066.1,1066.1,1066.1,1066.1,1000.0,,1066.1,,,35,37313.5,1,F1,1,,,,,
2026-09-25,2026-09-25,CM,NSE,STK,20655,INE027E07998,898LTF29,N7,,,,,SERENCD 8.98% SR.VI OP2,1066.0,1088.0,1066.0,1088.0,1088.0,1066.5,,1079.0,,,18,19336.0,7,F1,1,,,,,
2026-09-25,2026-09-25,CM,NSE,STK,20687,INE027E07AL1,905LTF27,NF,,,,,SERENCD 9.05% SR.VI OPII,1045.0,1045.0,1045.0,1045.0,1045.0,1045.11,,1045.0,,,200,209000.0,4,F1,1,,,,,
2026-09-25,2026-09-25,CM,NSE,STK,21197,INE306N07LM5,865TCAPS27,N8,,,,,SERENCD8.65%SR.IIICIII&IV,1012.2,1018.0,1007.0,1012.0,1012.0,1012.2,,1012.1,,,1732,1749086.0,29,F1,1,,,,,
2026-09-25,2026-09-25,CM,NSE,STK,17399,INE0P1Q01015,SERVICE,SM,,,,,SERVICE CARE LIMITED,66.35,66.35,66.35,66.35,66.35,66.35,,66.35,,,2000,132700.0,1,F1,2000,,,,,
2026-09-25,2026-09-25,CM,NSE,STK,5507,INE782X01033,SERVOTECH,EQ,,,,,SERVOTECH REN POW SYS LTD,70.15,71.19,69.51,70.76,71.19,70.29,,70.76,,,379256,26643281.13,4313,F1,1,,,,,
2026-09-25,2026-09-25,CM,NSE,STK,759934,INE04VU01023,STYL,EQ,,,,,SESHAASAI TECHNOLOGIES L,372.45,394.0,370.65,381.85,379.15,370.35,,381.86,,,468659,180151250.65,13114,F1,1,,,,,
2026-09-25,2026-09-25,CM,NSE,STK,3066,INE630A01024,SESHAPAPER,EQ,,,,,SESHASAYEE PAPER & BOARDS,244.0,248.08,240.2,246.27,245.06,244.74,,246.29,,,34098,8360262.82,1081,F1,1,,,,,
2026-09-25,2026-09-25,CM,NSE,STK,17518,INE878E01021,SETCO,BE,,,,,SETCO AUTOMOTIVE LTD,18.6,18.78,18.0,18.47,18.56,17.89,,18.61,,,119430,2213600.18,270,F1,1,,,,,
2026-09-25,2026-09-25,CM,NSE,STK,18024,INE023M01027,SETUINFRA,BZ,,,,,SETUBANDHAN INFRA LTD,0.56,0.56,0.55,0.55,0.55,0.56,,0.55,,,21886,12044.21,33,F1,1,,,,,
2026-09-25,2026-09-25,CM,NSE,STK,10836,INE573R01012,SEYAIND,BE,,,,,SEYA INDUSTRIES LIMITED,14.33,14.33,13.81,13.87,14.2,14.05,,13.86,,,20788,296832.58,78,F1,1,,,,,
2026-09-25,2026-09-25,CM,NSE,STK,758853,INE618R01015,SGFIN,EQ,,,,,SG FINSERVE LIMITED,603.0,616.9,596.2,609.7,610.0,601.55,,609.74,,,137855,83884029.7,6411,F1,1,,,,,
2026-09-25,2026-09-25,CM,NSE,STK,758889,INE385F01024,SGMART,EQ,,,,,SG MART LIMITED,723.85,743.2,715.3,731.0,727.8,717.15,,731.05,,,161034,117905666.6,11917,F1,1,,,,,
2026-09-25,2026-09-25,CM,NSE,STK,765247,INE967B01028,SGLRES,EQ,,,,,SGL RESOURCES LIMITED,2.37,2.43,2.26,2.39,2.42,2.32,,2.38,,,31495,73573.95,176,F1,1,,,,,
2026-09-25,2026-09-25,CM,NSE,STK,761469,INE12UN01015,SHADOWFAX,EQ,,,,,SHADOWFAX TECHNOLOGIES L,286.0,291.45,280.95,282.45,282.3,285.8,,282.46,,,2507956,718689879.35,52928,F1,1,,,,,
2026-09-25,2026-09-25,CM,NSE,STK,11859,INE640C01011,SHAHALLOYS,BE,,,,,SHAH ALLOYS LIMITED,92.3,94.5,91.1,92.83,94.4,92.01,,92.85,,,58660,5402844.48,83,F1,1,,,,,
2026-09-25,2026-09-25,CM,NSE,STK,20296,INE482J01021,SHAH,EQ,,,,,SHAH METACORP LIMITED,3.2,3.24,3.17,3.22,3.23,3.2,,3.22,,,1640107,5264582.76,802,F1,1,,,,,
2026-09-25,2026-09-25,CM,NSE,STK,8727,INE151G01028,SHAILY,EQ,,,,,SHAILY ENG PLASTICS LTD,3122.0,3220.0,3100.1,3142.3,3209.9,3112.1,,3142.88,,,76625,239826189.9,10324,F1,1,,,,,
2026-09-25,2026-09-25,CM,NSE,STK,25574,INE908D01010,SHAKTIPUMP,EQ,,,,,SHAKTI PUMPS (I) LTD,471.5,471.5,463.0,466.9,467.45,472.15,,466.89,,,205670,95931025.45,10658,F1,1,,,,,
2026-09-25,2026-09-25,CM,NSE,STK,714,INE597J01018,SHALBY,EQ,,,,,SHALBY LIMITED,143.0,148.8,143.0,147.12,147.7,143.77,,147.16,,,106923,15672004.42,2554,F1,1,,,,,
2026-09-25,2026-09-25,CM,NSE,STK,761688,INE861D01011,SAHLIBHFI,EQ,,,,,SHALIBHADRA FINANCE LTD,79.49,79.9,76.6,77.55,78.25,78.24,,77.5,,,21320,1666685.72,451,F1,1,,,,,
2026-09-25,2026-09-25,CM,NSE,STK,15346,INE849C01026,SHALPAINTS,BE,,,,,SHALIM PAINTS LTD,76.02,80.2,74.5,76.85,76.99,76.65,,76.71,,,83223,6360989.22,431,F1,1,,,,,
2026-09-25,2026-09-25,CM,NSE,STK,25737,INE01NE01012,SRD,EQ,,,,,SHANKAR LAL RAMPAL LTD,39.98,39.98,39.02,39.19,39.14,39.45,,39.19,,,4387,172298.26,99,F1,1,,,,,
2026-09-25,2026-09-25,CM,NSE,STK,20321,INE274V01019,SHANKARA,EQ,,,,,SHANKARA BLDG PRODUCT LTD,137.18,139.91,130.65,132.98,130.7,137.18,,132.98,,,59779,8039791.24,871,F1,1,,,,,
2026-09-25,2026-09-25,CM,NSE,STK,760594,INE24OJ01011,BUILDPRO,EQ,,,,,SHANKARA BUILDPRO LIMITED,1285.3,1285.3,1259.3,1276.1,1265.0,1272.6,,1276.08,,,51409,65487097.3,3048,F1,1,,,,,
2026-09-25,2026-09-25,CM,NSE,STK,765382,INE1WFC01025,SHANKESH,EQ,,,,,SHANKESH JEWELLERS LTD,91.55,92.97,89.67,91.36,91.35,91.51,,91.37,,,3614271,330475133.98,19504,F1,1,,,,,
2026-09-25,2026-09-25,CM,NSE,STK,19752,INE0Q9Q01017,SHANTHALA,SM,,,,,SHANTHALA FMCG PRODUCTS L,15.45,15.45,15.4,15.4,15.4,15.6,,15.4,,,6000,92580.0,3,F1,1200,,,,,
2026-09-25,2026-09-25,CM,NSE,STK,3078,INE631A01022,SHANTIGEAR,EQ,,,,,SHANTHI GEARS LTD,666.25,676.9,661.0,666.55,661.2,666.25,,666.25,,,28415,18967132.7,1904,F1,1,,,,,
2026-09-25,2026-09-25,CM,NSE,STK,762889,INE440T01028,SEIL,EQ,,,,,SHANTI EDU INITIATIVES L,196.27,196.27,190.05,191.94,193.6,194.69,,191.97,,,148612,28523197.43,1485,F1,1,,,,,
2026-09-25,2026-09-25,CM,NSE,STK,758002,INE06ZD01017,SHANTIGOLD,EQ,,,,,SHANTI GOLD INTERNATION L,289.8,333.09,288.99,325.68,316.3,283.62,,325.68,,,36407266,11485570925.6,366921,F1,1,,,,,
2026-09-25,2026-09-25,CM,NSE,STK,765577,INE1ZEE01019,SHANTIINOR,SM,,,,,SHANTI INORGANICS LIMITED,175.0,184.4,175.0,183.8,184.35,175.95,,183.8,,,113600,20698960.0,70,F1,1600,,,,,
2026-09-25,2026-09-25,CM,NSE,STK,5650,INE933X01016,SHANTI,EQ,,,,,SHANTI OVERSEAS INDIA LTD,5.88,5.88,5.52,5.68,5.68,5.62,,5.68,,,10428,59656.68,56,F1,1,,,,,
2026-09-25,2026-09-25,CM,NSE,STK,762904,INE220Z01013,SHINDL,EQ,,,,,SHARAT INDUSTRIES LTD.,162.78,163.8,159.84,161.16,161.88,162.78,,161.16,,,334150,53774338.74,1317,F1,1,,,,,
2026-09-25,2026-09-25,CM,NSE,STK,4992,INE221J01015,SHARDACROP,EQ,,,,,SHARDA CROPCHEM LTD.,740.0,753.35,734.0,749.6,747.05,740.9,,749.61,,,75418,56085116.25,6194,F1,1,,,,,
2026-09-25,2026-09-25,CM,NSE,STK,10530,INE597I01028,SHARDAMOTR,EQ,,,,,SHARDA MOTOR INDS LTD,974.9,978.0,941.1,956.35,956.0,961.85,,956.35,,,45449,43559510.55,6790,F1,1,,,,,
2026-09-25,2026-09-25,CM,NSE,STK,762897,INE037B01020,SHARDUL,BE,,,,,SHARDUL SECURITIES LTD.,55.0,56.56,54.8,55.4,55.4,55.28,,55.4,,,15450,856598.47,68,F1,1,,,,,
2026-09-25,2026-09-25,CM,NSE,STK,104,INE932X01026,SHAREINDIA,EQ,,,,,SHARE IND. SECURITIES LTD,213.0,213.0,206.55,209.62,208.1,211.85,,209.6,,,1080901,225895924.25,14088,F1,1,,,,,
2026-09-25,2026-09-25,CM,NSE,STK,19469,INE460Q01014,SCML,SM,,,,,SHARP CHUCKS N MACHINES L,75.0,75.0,75.0,75.0,75.0,75.0,,75.0,,,1000,75000.0,1,F1,1000,,,,,
2026-09-25,2026-09-25,CM,NSE,STK,759410,INE0YJV01017,SHEEL,ST,,,,,SHEEL BIOTECH LIMITED,63.3,63.3,63.3,63.3,63.3,60.6,,63.3,,,2000,126600.0,1,F1,2000,,,,,
2026-09-25,2026-09-25,CM,NSE,STK,19184,INE916U01025,SFL,EQ,,,,,SHEELA FOAM LIMITED,638.8,644.9,629.35,634.6,635.0,642.4,,634.61,,,105699,67095495.1,8712,F1,1,,,,,
2026-09-25,2026-09-25,CM,NSE,STK,12081,INE501Y01019,SCPL,BE,,,,,SHEETAL COOL PRODUCTS LTD,641.0,647.95,628.1,632.1,639.9,630.55,,632.18,,,2669,1707085.6,103,F1,1,,,,,
2026-09-25,2026-09-25,CM,NSE,STK,20415,INE04VX01019,SHEETAL,SM,,,,,SHEETAL UNIVERSAL LIMITED,358.0,359.0,358.0,358.8,359.0,357.9,,358.8,,,3000,1076000.0,6,F1,500,,,,,
2026-09-25,2026-09-25,CM,NSE,STK,21099,INE268L01046,SHEKHAWATI,BE,,,,,SHEKHAWATI INDUSTRIES LTD,26.26,27.39,26.26,27.39,27.39,26.09,,27.48,,,26961,734668.56,60,F1,1,,,,,
2026-09-25,2026-09-25,CM,NSE,STK,5072,INE363M01019,SHEMAROO,BE,,,,,SHEMAROO ENTER. LTD.,122.3,125.68,120.5,124.51,125.0,122.91,,124.51,,,22366,2784309.78,93,F1,1,,,,,
2026-09-25,2026-09-25,CM,NSE,STK,14172,INE0MM001019,SHERA,SM,,,,,SHERA ENERGY LIMITED,178.5,180.2,176.0,177.9,180.2,176.0,,177.9,,,27000,4803350.0,23,F1,1000,,,,,
2026-09-25,2026-09-25,CM,NSE,STK,764890,INE011D01013,SHERVANI,EQ,,,,,SHERVANI INDUSTRIAL SYN L,350.0,350.0,308.5,344.9,344.9,325.0,,352.38,,,30,9868.0,9,F1,1,,,,,
2026-09-25,2026-09-25,CM,NSE,STK,759847,INE024F01011,SHILCTECH,EQ,,,,,SHILCHAR TECHNOLOGIES LTD,4079.1,4146.5,4052.0,4103.6,4104.0,4079.1,,4102.15,,,12541,51328107.4,3599,F1,1,,,,,
2026-09-25,2026-09-25,CM,NSE,STK,764895,INE960A01017,SHILGRAVQ,EQ,,,,,SHILP GRAVURES LTD.,149.68,150.0,145.5,149.5,147.05,144.95,,149.08,,,1906,284815.98,70,F1,1,,,,,
2026-09-25,2026-09-25,CM,NSE,STK,17752,INE790G01031,SHILPAMED,EQ,,,,,SHILPA MEDICARE LTD,1028.0,1045.55,1001.5,1013.45,1010.0,1007.3,,1013.38,,,604526,617314002.05,33897,F1,1,,,,,
2026-09-25,2026-09-25,CM,NSE,STK,23127,INE0PB301013,SCILAL,EQ,,,,,SHIPPING CORP OF ILA LTD,37.25,37.59,36.9,37.14,37.1,37.29,,37.14,,,203912,7562943.76,2664,F1,1,,,,,
2026-09-25,2026-09-25,CM,NSE,STK,3048,INE109A01011,SCI,EQ,,,,,SHIPPING CORP OF INDIA LT,276.75,277.7,271.8,274.4,274.7,276.6,,274.4,,,840491,230185087.95,19637,F1,1,,,,,
2026-09-25,2026-09-25,CM,NSE,STK,765282,INE0FOO01011,SHIPROCKET,EQ,,,,,SHIPROCKET LIMITED,121.0,121.75,116.64,120.25,121.01,120.46,,120.25,,,3157738,377183643.56,34568,F1,1,,,,,
2026-09-25,2026-09-25,CM,NSE,STK,759747,INE719F01016,SHIVAUM,EQ,,,,,SHIV AUM STEELS LIMITED,513.0,519.4,510.0,510.15,510.0,513.2,,510.15,,,23793,12161986.9,133,F1,1,,,,,
2026-09-25,2026-09-25,CM,NSE,STK,765160,INE555C01029,SHIVACEM,EQ,,,,,SHIVA CEMENT LTD.,15.72,15.8,15.38,15.47,15.53,15.65,,15.48,,,131022,2038037.11,226,F1,1,,,,,
2026-09-25,2026-09-25,CM,NSE,STK,764900,INE960E01019,SHIVAAGRO,EQ,,,,,SHIVA GLOBAL AGRO INDS. L,39.0,40.94,38.5,39.5,40.24,38.99,,39.11,,,2331,91915.4,82,F1,1,,,,,
2026-09-25,2026-09-25,CM,NSE,STK,1497,INE644Y01017,SHIVAMILLS,EQ,,,,,SHIVA MILLS LIMITED,62.87,62.87,58.45,58.51,58.99,60.93,,58.55,,,1529,91235.71,23,F1,1,,,,,
2026-09-25,2026-09-25,CM,NSE,STK,804,INE705C01020,SHIVATEX,EQ,,,,,SHIVA TEXYARN LIMITED,170.93,177.79,166.0,167.73,169.5,170.93,,167.72,,,2381,406070.52,66,F1,1,,,,,
2026-09-25,2026-09-25,CM,NSE,STK,24249,INE0T7B01010,SPCL,SM,,,,,SHIVALIC POWER CONTROL L,65.25,65.95,65.15,65.65,65.9,65.1,,65.65,,,9000,590550.0,14,F1,600,,,,,
2026-09-25,2026-09-25,CM,NSE,STK,4656,INE386D01027,SBCL,EQ,,,,,SHIVALIK BIMETAL CON. LTD,1166.0,1166.0,1130.1,1154.5,1149.0,1143.2,,1154.5,,,142912,164150510.9,10233,F1,1,,,,,
2026-09-25,2026-09-25,CM,NSE,STK,7016,INE788J01021,SHIVALIK,EQ,,,,,SHIVALIK RASAYAN LIMITED,414.8,425.0,401.0,408.45,408.0,410.7,,408.44,,,67598,27464037.05,3932,F1,1,,,,,
2026-09-25,2026-09-25,CM,NSE,STK,13756,INE637H01024,SHIVAMAUTO,EQ,,,,,SHIVAM AUTO.LTD,17.13,17.89,17.13,17.37,17.31,17.44,,17.43,,,44118,769285.84,290,F1,1,,,,,
2026-09-25,2026-09-25,CM,NSE,STK,758744,INE1DLF01018,SHIVASHRIT,SM,,,,,SHIVASHRIT FOODS LIMITED,114.9,114.9,109.0,113.2,113.4,112.6,,113.2,,,37000,4132400.0,27,F1,1000,,,,,
2026-09-25,2026-09-25,CM,NSE,STK,11813,INE498B01024,SHOPERSTOP,EQ,,,,,SHOPPERS STOP LIMITED,382.5,439.8,382.5,423.55,422.0,385.05,,423.56,,,3588100,1529811917.55,64572,F1,1,,,,,
2026-09-25,2026-09-25,CM,NSE,STK,764905,INE311M01018,SHRADDHA,EQ,,,,,SHRADDHA PRIME PROJECTS L,151.0,151.0,142.97,146.97,148.99,150.49,,146.96,,,3654,534842.88,43,F1,1,,,,,
2026-09-25,2026-09-25,CM,NSE,STK,708,INE715Y01031,SHRADHA,EQ,,,,,SHRADHA REALTY LIMITED,31.4,31.4,29.62,29.75,30.16,30.51,,29.75,,,2093,62950.17,91,F1,1,,,,,
2026-09-25,2026-09-25,CM,NSE,STK,10588,INE712K01011,SHREEPUSHK,EQ,,,,,SHRE PUSH CHEM & FERT LTD,486.5,521.0,486.5,506.05,504.2,492.15,,506.13,,,147225,75146038.75,5989,F1,1,,,,,
2026-09-25,2026-09-25,CM,NSE,STK,762874,INE185C01017,SAPPL,EQ,,,,,SHREE AJIT PULP & PAPER L,276.0,286.7,274.95,276.9,276.9,278.15,,278.4,,,148,41178.3,15,F1,1,,,,,
2026-09-25,2026-09-25,CM,NSE,STK,3103,INE070A01015,SHREECEM,EQ,,,,,SHREE CEMENT LIMITED,22350.0,22520.0,22225.0,22520.0,22520.0,22350.0,,22520.0,,,10112,225759350.0,5394,F1,1,,,,,
2026-09-25,2026-09-25,CM,NSE,STK,3099,INE232A01011,SHREDIGCEM,EQ,,,,,SHREE DIGVIJAY CEM CO LTD,68.5,68.5,66.7,67.85,67.7,67.52,,67.85,,,42025,2840536.1,760,F1,1,,,,,
2026-09-25,2026-09-25,CM,NSE,STK,764885,INE414Y01015,SGRL,EQ,,,,,SHREE GANESH REMEDIES LTD,684.0,697.75,636.8,673.75,680.0,677.15,,673.74,,,41244,27307762.6,3714,F1,1,,,,,
2026-09-25,2026-09-25,CM,NSE,STK,23074,INE0S4Y01010,SHREEKARNI,SM,,,,,SHREE KARNI FABCOM LTD,378.0,385.0,372.9,385.0,385.0,380.85,,385.0,,,2850,1066245.0,6,F1,150,,,,,
2026-09-25,2026-09-25,CM,NSE,STK,20603,INE02S501018,SHREEOSFM,SM,,,,,SHREE OSFM E-MOBILITY LTD,51.9,53.6,51.9,51.95,51.95,51.9,,51.95,,,3000,157450.0,3,F1,1000,,,,,
2026-09-25,2026-09-25,CM,NSE,STK,760188,INE19GK01015,SRTL,EQ,,,,,SHREE RAM TWISTEX LIMITED,38.8,38.8,37.55,38.15,38.1,38.38,,38.06,,,14179,538380.37,268,F1,1,,,,,
2026-09-25,2026-09-25,CM,NSE,STK,7627,INE879A01019,SHREERAMA,EQ,,,,,SHREE RAMA MULTI TECH LTD,43.91,45.69,43.91,45.04,45.5,43.87,,44.99,,,54527,2442882.57,1239,F1,1,,,,,
2026-09-25,2026-09-25,CM,NSE,STK,13565,INE278B01020,RAMANEWS,EQ,,,,,SHREE RAMA NEWSPRINT LTD,31.07,31.49,30.76,31.1,31.4,31.21,,31.23,,,14119,438386.71,110,F1,1,,,,,
2026-09-25,2026-09-25,CM,NSE,STK,12026,INE087H01022,RENUKA,EQ,,,,,SHREE RENUKA SUGARS LTD,22.92,23.92,22.75,23.31,23.32,22.92,,23.31,,,24534315,577185691.06,33997,F1,1,,,,,
2026-09-25,2026-09-25,CM,NSE,STK,21868,INE238Y01018,TIRUPATI,SM,,,,,SHREE TIRUPATI BALAJEE,292.5,292.5,292.5,292.5,292.5,307.0,,292.5,,,125,36562.5,1,F1,125,,,,,
2026-09-25,2026-09-25,CM,NSE,STK,25203,INE0S2G01011,BALAJEE,EQ,,,,,SHREE TIRUPATI BALAJEE L,25.0,25.88,25.0,25.57,25.55,25.38,,25.57,,,21064,537879.4,151,F1,1,,,,,
2026-09-25,2026-09-25,CM,NSE,STK,15121,INE00CE01017,SVLL,EQ,,,,,SHREE VASU LOGISTICS LTD,804.0,840.05,804.0,834.7,835.0,820.4,,834.7,,,61467,50727168.1,70,F1,1,,,,,
2026-09-25,2026-09-25,CM,NSE,STK,759802,INE1FL101016,SHETHJI,SM,,,,,SHREEJI GLOBAL FMCG LTD,183.0,188.5,183.0,187.5,187.5,185.5,,187.5,,,64000,11853800.0,5,F1,1000,,,,,
2026-09-25,2026-09-25,CM,NSE,STK,759448,INE1B6101010,SHREEJISPG,EQ,,,,,SHREEJI SHIPPING GLOBAL L,723.85,754.0,721.55,752.45,751.5,724.85,,752.45,,,1197147,886218648.95,15929,F1,1,,,,,
2026-09-25,2026-09-25,CM,NSE,STK,14305,INE00IK01029,OSWALSEEDS,EQ,,,,,SHREEOSWAL S AND CHE LTD,13.24,13.24,12.7,13.08,13.05,12.68,,13.08,,,69285,900840.98,391,F1,1,,,,,
2026-09-25,2026-09-25,CM,NSE,STK,5718,INE0GTI23014,SHREMINVIT,IV,,,,,SHREM INVIT,102.0,102.0,102.0,102.0,102.0,102.0,,102.0,,,100000,10200000.0,1,F1,25000,,,,,
2026-09-25,2026-09-25,CM,NSE,STK,760252,INE632X01030,SHRENIK,BZ,,,,,SHRENIK LIMITED,0.28,0.29,0.28,0.29,0.29,0.28,,0.29,,,490301,141678.4,104,F1,1,,,,,
2026-09-25,2026-09-25,CM,NSE,STK,3126,INE231C01019,SHREYANIND,EQ,,,,,SHREYANS INDUSTRIES LTD,129.98,131.89,129.0,130.15,130.0,130.41,,130.12,,,2486,321740.74,61,F1,1,,,,,
2026-09-25,2026-09-25,CM,NSE,STK,756406,INE0DM401012,SHRIAHIMSA,SM,,,,,SHRI AHIMSA NATURALS LTD,452.0,457.0,390.0,434.2,440.0,453.55,,434.2,,,69600,29929770.0,101,F1,600,,,,,
2026-09-25,2026-09-25,CM,NSE,STK,762899,INE402H01015,SHBAJRG,EQ,,,,,SHRI BAJRANG ALLIANCE L,162.85,167.99,159.0,165.32,166.8,161.0,,165.12,,,2062,336961.84,51,F1,1,,,,,
2026-09-25,2026-09-25,CM,NSE,STK,758568,INE0NON01025,SHKSIL,SM,,,,,SHRI HARE-KRI SPO IRON L,33.15,33.8,33.15,33.8,33.8,34.85,,33.8,,,8000,266500.0,4,F1,2000,,,,,
2026-09-25,2026-09-25,CM,NSE,STK,764910,INE564J01026,SHRJAGP,EQ,,,,,SHRI JAGDAMBA POLYMERS L,642.25,689.75,642.25,660.25,666.65,654.7,,665.43,,,182,120560.1,53,F1,1,,,,,
2026-09-25,2026-09-25,CM,NSE,STK,760202,INE1V4601019,SHRIKANHA,SM,,,,,SHRI KANHA STAINLESS LTD,23.2,23.2,22.9,23.1,23.1,22.1,,23.1,,,14400,332960.0,8,F1,1600,,,,,
2026-09-25,2026-09-25,CM,NSE,STK,762909,INE997I01012,SHRIKRISH,EQ,,,,,SHRI KRISHNA DEVCON LTD.,34.5,36.7,34.5,35.89,35.0,37.0,,35.89,,,104,3659.6,12,F1,1,,,,,
2026-09-25,2026-09-25,CM,NSE,STK,17684,INE0OMF01015,SHRITECH,SM,,,,,SHRI TECHTEX LIMITED,62.0,62.0,62.0,62.0,62.0,60.05,,62.0,,,4000,248000.0,2,F1,2000,,,,,
2026-09-25,2026-09-25,CM,NSE,STK,765210,INE574G01013,VASUPRADA,EQ,,,,,SHRI VASUPRADA PLANTATI L,100.0,100.0,99.9,99.9,99.9,95.3,,100.7,,,6,599.7,2,F1,1,,,,,
2026-09-25,2026-09-25,CM,NSE,STK,759093,INE1B3L01017,SHRINGARMS,EQ,,,,,SHRINGAR HOU OF MANGALS L,210.26,218.3,208.16,214.06,213.0,210.25,,214.06,,,1114220,239338536.35,8158,F1,1,,,,,
2026-09-25,2026-09-25,CM,NSE,STK,24374,INF680P01422,LIQUIDSHRI,EQ,,,,,SHRIRAM - LIQUIDSHRI,1123.12,1123.14,1123.12,1123.13,1123.14,1122.71,,1123.13,,,21042,23632756.24,27,F1,1,,,,,
2026-09-25,2026-09-25,CM,NSE,STK,4306,INE721A01047,SHRIRAMFIN,EQ,,,,,SHRIRAM FINANCE LIMITED,990.0,1002.0,986.4,994.1,994.1,990.0,,994.15,,,2700614,2683507154.7,91682,F1,1,,,,,
2026-09-25,2026-09-25,CM,NSE,STK,7200,INE217L01019,SHRIRAMPPS,EQ,,,,,SHRIRAM PROPERTIES LTD,70.85,71.39,70.12,71.2,71.3,70.85,,71.2,,,168887,11959598.85,2041,F1,1,,,,,
2026-09-25,2026-09-25,CM,NSE,STK,6451,INE01Z401013,SHUBHLAXMI,SM,,,,,SHUBHLAXMI JEWEL ART LTD,19.7,19.7,18.75,18.75,18.75,19.7,,18.75,,,4000,76000.0,4,F1,1000,,,,,
2026-09-25,2026-09-25,CM,NSE,STK,25240,INE0UL701015,SHUBHSHREE,SM,,,,,SHUBHSHREE BIOFUELS ENE L,350.0,354.0,325.0,345.4,345.4,350.0,,345.4,,,4500,1536510.0,15,F1,300,,,,,
2026-09-25,2026-09-25,CM,NSE,STK,764537,INE551C01044,SHUKRAPHAR,EQ,,,,,SHUKRA PHARMACEUTICALS L,56.79,57.28,55.58,55.93,56.0,55.76,,55.93,,,1803626,101337624.47,6966,F1,1,,,,,
2026-09-25,2026-09-25,CM,NSE,STK,10192,INE979R01011,SHYAMCENT,BE,,,,,SHYAM CENTURY FERROUS LTD,4.93,5.09,4.93,5.0,5.0,5.0,,5.0,,,19538,97826.24,62,F1,1,,,,,
2026-09-25,2026-09-25,CM,NSE,STK,761210,INE1CRP01016,SHYAMDHANI,SM,,,,,SHYAM DHANI INDUSTRIES L,54.2,57.2,54.2,56.9,57.2,55.55,,56.9,,,14000,786200.0,6,F1,2000,,,,,
2026-09-25,2026-09-25,CM,NSE,STK,4693,INE810G01011,SHYAMMETL,EQ,,,,,SHYAM METALICS AND ENGY L,1093.0,1100.5,1081.1,1085.6,1087.9,1097.9,,1085.6,,,591086,642644196.0,9452,F1,1,,,,,
2026-09-25,2026-09-25,CM,NSE,STK,13740,INE635A01023,SHYAMTEL,EQ,,,,,SHYAM TELECOM LIMITED,11.45,11.45,10.27,11.07,10.85,10.91,,11.04,,,726,8088.43,31,F1,1,,,,,
2026-09-25,2026-09-25,CM,NSE,STK,16875,INE176J01011,SICAGEN,EQ,,,,,SICAGEN INDIA LIMITED,52.88,53.8,52.04,53.13,53.8,52.36,,53.13,,,10821,569442.04,121,F1,1,,,,,
2026-09-25,2026-09-25,CM,NSE,STK,19440,INE075B01020,SICALLOG,BE,,,,,SICAL LOGISTICS LIMITED,93.1,93.95,90.8,91.88,92.0,93.44,,91.9,,,57676,5312408.35,93,F1,1,,,,,
2026-09-25,2026-09-25,CM,NSE,STK,759053,INE0SVO01019,SIDDHICOTS,SM,,,,,SIDDHI COTSPIN LIMITED,26.6,26.6,26.6,26.6,26.6,26.6,,26.6,,,1200,31920.0,1,F1,1200,,,,,
2026-09-25,2026-09-25,CM,NSE,STK,3148,INE0A1E01018,SIDDHIKA,SM,,,,,SIDDHIKA COATINGS LIMITED,218.35,218.35,218.35,218.35,218.35,213.2,,218.35,,,500,109175.0,1,F1,500,,,,,
2026-09-25,2026-09-25,CM,NSE,STK,756871,INE1NPP01017,ENRIN,EQ,,,,,SIEMENS ENERGY INDIA LTD,3224.0,3333.0,3210.3,3313.0,3320.0,3215.4,,3313.17,,,462792,1522492497.5,45027,F1,1,,,,,
2026-09-25,2026-09-25,CM,NSE,STK,3150,INE003A01024,SIEMENS,EQ,,,,,SIEMENS LTD,3841.1,3881.6,3828.1,3877.0,3877.0,3841.8,,3876.87,,,80353,309824734.9,8321,F1,1,,,,,
2026-09-25,2026-09-25,CM,NSE,STK,6663,INE0D0K01022,SIGACHI,EQ,,,,,SIGACHI INDUSTRIES LTD,30.68,30.7,29.06,29.43,29.41,30.3,,29.43,,,2558006,75503321.32,8283,F1,1,,,,,
2026-09-25,2026-09-25,CM,NSE,STK,14797,INE933B01012,SIGMAADV,BE,,,,,SIGMA ADVANCED SYSTEM LTD,974.9,974.9,930.0,946.0,950.0,949.65,,946.25,,,197475,187788705.05,4914,F1,1,,,,,
2026-09-25,2026-09-25,CM,NSE,STK,16658,INE0A0S01028,SIGMA,EQ,,,,,SIGMA SOLVE LIMITED,45.25,47.2,44.0,45.61,46.5,44.53,,45.61,,,73296,3284071.12,917,F1,1,,,,,
2026-09-25,2026-09-25,CM,NSE,STK,18743,INE903U01023,SIGNATURE,EQ,,,,,SIGNATUREGLOBAL INDIA LTD,785.0,809.0,776.2,788.85,785.0,784.6,,788.82,,,326668,258144144.0,13806,F1,1,,,,,
2026-09-25,2026-09-25,CM,NSE,STK,4517,INE529F01035,SIGIND,BE,,,,,SIGNET INDUSTRIES LIMITED,73.0,73.0,67.5,68.02,69.6,70.56,,68.12,,,13545,926385.39,132,F1,1,,,,,
2026-09-25,2026-09-25,CM,NSE,STK,22656,INE0KGZ01021,SIGNPOST,EQ,,,,,SIGNPOST INDIA LIMITED,272.1,275.6,270.4,271.2,272.0,272.8,,271.2,,,24226,6594238.4,990,F1,1,,,,,
2026-09-25,2026-09-25,CM,NSE,STK,762914,INE438E01032,SIKA,EQ,,,,,SIKA INTERPLANT SYSTEMS L,1045.0,1070.0,1025.6,1045.45,1045.0,1038.7,,1045.17,,,20058,20894064.3,1878,F1,1,,,,,
2026-09-25,2026-09-25,CM,NSE,STK,6226,INE112X01025,SIKKO,BE,,,,,SIKKO INDUSTRIES LIMITED,6.42,6.65,6.16,6.51,6.64,6.42,,6.51,,,1328718,8610839.58,1297,F1,1,,,,,
2026-09-25,2026-09-25,CM,NSE,STK,4105,INE923A01015,SILINV,EQ,,,,,SIL INVESTMENTS LIMITED,451.6,457.85,441.0,452.95,450.0,451.6,,452.95,,,1923,864044.1,97,F1,1,,,,,
2026-09-25,2026-09-25,CM,NSE,STK,2492,INE01II01013,SILGO,EQ,,,,,SILGO RETAIL LIMITED,70.1,70.63,69.12,69.79,70.1,70.47,,69.79,,,12888,897869.78,152,F1,1,,,,,
2026-09-25,2026-09-25,CM,NSE,STK,23736,INE0STN01015,SILKFLEX,SM,,,,,SILKFLEX POLYMERS INDIA L,272.05,285.65,271.0,285.65,285.65,272.05,,285.65,,,18000,5031350.0,16,F1,1000,,,,,
2026-09-25,2026-09-25,CM,NSE,STK,757679,INE0SN801015,SILKY,SM,,,,,SILKY OVERSEAS LIMITED,67.7,76.75,66.15,67.95,67.95,68.85,,67.95,,,8800,607720.0,11,F1,800,,,,,
2026-09-25,2026-09-25,CM,NSE,STK,9422,INE625X01026,SILVERTUC,EQ,,,,,SILVER TOUCH TECHNO LTD,147.9,150.0,145.16,147.79,146.0,147.51,,147.74,,,412116,60590308.89,3491,F1,1,,,,,
2026-09-25,2026-09-25,CM,NSE,STK,758836,INE748T01016,SIMBHALS,BZ,,,,,SIMBHAOLI SUGARS LTD.,6.19,6.31,6.1,6.31,6.31,6.19,,6.38,,,13170,81705.87,33,F1,1,,,,,
2026-09-25,2026-09-25,CM,NSE,STK,763378,INE1K4J01018,SIMCA,ST,,,,,SIMCA ADVERTISING LIMITED,275.05,288.0,275.05,281.85,281.85,279.8,,281.85,,,21600,6003540.0,13,F1,600,,,,,
2026-09-25,2026-09-25,CM,NSE,STK,3162,INE059B01024,SIMPLEXINF,EQ,,,,,SIMPLEX INFRASTRUCTURES L,250.1,254.9,248.8,250.7,252.0,251.75,,250.71,,,40939,10296199.7,928,F1,1,,,,,
2026-09-25,2026-09-25,CM,NSE,STK,764915,INE167H01014,SIMPLXREA,EQ,,,,,SIMPLEX REALTY LTD.,131.99,138.57,125.4,125.4,125.4,131.99,,125.4,,,717,94622.05,20,F1,1,,,,,
2026-09-25,2026-09-25,CM,NSE,STK,23480,INE985A01022,SINCLAIR,EQ,,,,,SINCLAIRS HOTELS LIMITED,79.63,79.96,78.52,78.96,79.0,79.61,,78.96,,,9410,741599.7,240,F1,1,,,,,
2026-09-25,2026-09-25,CM,NSE,STK,16859,INE325D01025,SINDHUTRAD,EQ,,,,,SINDHU TRADE LINKS LTD,23.7,24.05,23.28,23.75,23.8,23.66,,23.75,,,345032,8156633.76,919,F1,1,,,,,
2026-09-25,2026-09-25,CM,NSE,STK,761420,INE638A01035,SINGERIND,EQ,,,,,SINGER INDIA LIMITED,78.9,79.2,76.2,77.6,77.6,77.95,,77.6,,,41542,3221433.06,578,F1,1,,,,,
2026-09-25,2026-09-25,CM,NSE,STK,381,INE129Z01016,SINTERCOM,EQ,,,,,SINTERCOM INDIA LIMITED,77.91,82.3,76.0,77.93,79.0,77.01,,77.93,,,3169,246988.79,96,F1,1,,,,,
2026-09-25,2026-09-25,CM,NSE,STK,11050,INE792Z01011,SIRCA,EQ,,,,,SIRCA PAINT INDIA LIMITED,410.7,413.0,407.5,410.3,409.8,410.7,,410.29,,,119005,48818334.9,1989,F1,1,,,,,
2026-09-25,2026-09-25,CM,NSE,STK,21501,INE285J01028,SIS,EQ,,,,,SIS LIMITED,418.45,425.0,415.65,418.4,416.0,418.45,,418.4,,,83932,35383331.55,7477,F1,1,,,,,
2026-09-25,2026-09-25,CM,NSE,STK,29210,INE965H01011,SITINET,BZ,,,,,SITI NETWORKS LIMITED,0.29,0.29,0.28,0.28,0.29,0.28,,0.29,,,471673,135377.17,158,F1,1,,,,,
2026-09-25,2026-09-25,CM,NSE,STK,14096,INE076B01028,SIYSIL,EQ,,,,,SIYARAM SILK MILLS LTD,543.55,543.55,533.05,538.05,536.5,539.6,,537.99,,,9287,4989106.95,984,F1,1,,,,,
2026-09-25,2026-09-25,CM,NSE,STK,6643,INE284S01014,SJS,EQ,,,,,SJS ENTERPRISES LIMITED,2262.7,2330.0,2262.5,2317.6,2325.9,2261.4,,2317.82,,,68630,158462005.7,9464,F1,1,,,,,
2026-09-25,2026-09-25,CM,NSE,STK,18883,INE002L01015,SJVN,EQ,,,,,SJVN LTD,62.5,62.69,61.21,61.76,61.85,62.24,,61.76,,,1907772,117569874.95,19444,F1,1,,,,,
2026-09-25,2026-09-25,CM,NSE,STK,760101,INE2J8701016,SKFINDUS,EQ,,,,,SKF IND (INDUSTRIAL) LTD,2959.0,2959.0,2881.0,2918.0,2926.2,2939.7,,2918.71,,,24054,70233667.4,7865,F1,1,,,,,
2026-09-25,2026-09-25,CM,NSE,STK,3186,INE640A01023,SKFINDIA,EQ,,,,,SKF INDIA LTD,1532.6,1556.7,1530.1,1539.8,1552.0,1542.0,,1539.72,,,21172,32614460.4,4214,F1,1,,,,,
2026-09-25,2026-09-25,CM,NSE,STK,9428,INE439E01022,SKIPPER,EQ,,,,,SKIPPER LIMITED,552.95,557.6,543.7,551.15,551.0,552.35,,551.15,,,373119,205773880.1,15037,F1,1,,,,,
2026-09-25,2026-09-25,CM,NSE,STK,4732,INE411D01023,SKMEGGPROD,EQ,,,,,SKM EGG PROD EXPORT(I) LT,224.55,224.65,218.05,220.4,220.0,223.2,,220.41,,,130288,28681555.9,2602,F1,1,,,,,
2026-09-25,2026-09-25,CM,NSE,STK,10325,INE0KZA01016,SKP,SM,,,,,SKP BEARING INDUSTRI. LTD,167.5,169.0,158.0,159.25,160.4,167.5,,159.25,,,21500,3455325.0,38,F1,500,,,,,
2026-09-25,2026-09-25,CM,NSE,STK,13631,INE01IU01018,SKYGOLD,EQ,,,,,SKY GOLD AND DIAMONDS LTD,782.7,798.0,780.25,793.55,794.0,782.7,,793.56,,,309335,245016636.65,16263,F1,1,,,,,
2026-09-25,2026-09-25,CM,NSE,STK,765333,INE0VFE01017,SKYTECH,SM,,,,,SKYTECH INFINITE PLATFM L,32.05,32.05,32.05,32.05,32.05,30.55,,32.05,,,22400,717920.0,8,F1,1600,,,,,
2026-09-25,2026-09-25,CM,NSE,STK,765480,INE0PX301025,SKYWAYS,EQ,,,,,SKYWAYS AIR SERVICES LTD,131.99,131.99,125.11,126.97,126.6,131.0,,126.97,,,4253205,542753925.53,29522,F1,1,,,,,
2026-09-25,2026-09-25,CM,NSE,STK,23692,INE0SMA01017,SLONE,ST,,,,,SLONE INFOSYSTEMS LIMITED,170.0,173.0,164.55,171.8,165.5,173.2,,171.8,,,17200,2889980.0,27,F1,400,,,,,
2026-09-25,2026-09-25,CM,NSE,STK,757619,INE14GK01016,SMARTEN,SM,,,,,SMARTEN POWER SYSTEMS LTD,62.95,65.65,61.7,64.5,64.5,62.95,,64.5,,,22800,1455600.0,17,F1,1200,,,,,
2026-09-25,2026-09-25,CM,NSE,STK,9893,INE178C01020,SMARTLINK,BE,,,,,SMARTLINK HOLDINGS LTD,220.0,222.4,215.05,215.43,215.11,217.82,,215.43,,,1262,275175.98,35,F1,1,,,,,
2026-09-25,2026-09-25,CM,NSE,STK,757965,INE0NAZ01010,SMARTWORKS,EQ,,,,,SMARTWORKS COWORKING SP L,538.95,544.25,526.2,529.9,536.0,538.95,,529.9,,,79157,42087054.85,2177,F1,1,,,,,
2026-09-25,2026-09-25,CM,NSE,STK,2320,INE103C01036,SMCGLOBAL,EQ,,,,,SMC GLOBAL SECURITIES LTD,84.96,86.6,84.16,85.6,85.0,85.07,,85.6,,,892402,76320318.35,7765,F1,1,,,,,
2026-09-25,2026-09-25,CM,NSE,STK,3387,INE294B01019,SMLMAH,EQ,,,,,SML MAHINDRA LIMITED,6675.0,6889.5,6594.0,6825.5,6822.0,6603.0,,6825.44,,,50096,340716844.0,8740,F1,1,,,,,
2026-09-25,2026-09-25,CM,NSE,STK,14329,INE812G01025,SMSPHARMA,EQ,,,,,SMS PHARMACEUTICALS LTD.,475.9,481.05,470.0,475.0,474.05,474.05,,474.99,,,361831,172003276.15,9977,F1,1,,,,,
2026-09-25,2026-09-25,CM,NSE,STK,758946,INE1OIC01018,SNEHAA,SM,,,,,SNEHAA ORGANICS LIMITED,44.0,44.0,43.0,43.0,43.0,43.5,,43.0,,,2000,87000.0,2,F1,1000,,,,,
2026-09-25,2026-09-25,CM,NSE,STK,4843,INE734N01019,SNOWMAN,EQ,,,,,SNOWMAN LOGISTICS LTD.,34.69,35.18,34.0,34.91,34.95,34.39,,34.91,,,141817,4891864.72,1467,F1,1,,,,,
2026-09-25,2026-09-25,CM,NSE,STK,13826,INE671H01015,SOBHA,EQ,,,,,SOBHA LIMITED,1236.0,1243.0,1206.8,1226.6,1235.0,1227.7,,1226.64,,,57820,70520856.9,9866,F1,1,,,,,
2026-09-25,2026-09-25,CM,NSE,STK,8266,INE728Z01015,SOFTTECH,EQ,,,,,SOFTTECH ENGINEERS LTD,482.6,495.3,463.15,479.8,480.0,486.2,,479.8,,,5218,2493161.2,360,F1,1,,,,,
2026-09-25,2026-09-25,CM,NSE,STK,13332,INE343H01029,SOLARINDS,EQ,,,,,SOLAR INDUSTRIES (I) LTD,19570.0,19890.0,19455.0,19745.0,19745.0,19480.0,,19742.76,,,120411,2369433575.0,34760,F1,1,,,,,
2026-09-25,2026-09-25,CM,NSE,STK,3672,INE624Z01016,SOLARA,EQ,,,,,SOLARA ACTIVE PHA SCI LTD,734.55,757.9,732.0,739.15,736.05,727.35,,739.13,,,287888,213850860.15,14364,F1,1,,,,,
2026-09-25,2026-09-25,CM,NSE,STK,759929,INE0TY101024,SOLARWORLD,EQ,,,,,SOLARWORLD ENERGY SOL LTD,134.0,135.89,132.55,134.75,134.07,133.89,,134.77,,,80994,10842203.42,2062,F1,1,,,,,
2026-09-25,2026-09-25,CM,NSE,STK,759397,INE880Y01017,SOLEX,EQ,,,,,SOLEX ENERGY LIMITED,732.1,732.55,696.3,705.2,710.0,731.5,,705.24,,,81974,58016617.75,5546,F1,1,,,,,
2026-09-25,2026-09-25,CM,NSE,STK,24879,INE0U0201016,BALCO,SM,,,,,SOLVE PLASTIC PRODUCTS L,19.85,19.85,19.85,19.85,19.85,20.85,,19.85,,,3600,71460.0,3,F1,1200,,,,,
2026-09-25,2026-09-25,CM,NSE,STK,1338,INE480C01038,SDBL,EQ,,,,,SOM DIST & BREW LTD,72.7,76.21,71.32,74.36,73.99,67.24,,74.36,,,22824335,1705318799.38,91999,F1,1,,,,,
2026-09-25,2026-09-25,CM,NSE,STK,4201,INE314C01013,SOMATEX,EQ,,,,,SOMA TEXTILES & INDUST LT,79.5,80.81,78.1,80.04,80.0,79.94,,80.05,,,3625,290072.56,57,F1,1,,,,,
2026-09-25,2026-09-25,CM,NSE,STK,3880,INE355A01028,SOMANYCERA,EQ,,,,,SOMANY CERAMICS LIMITED,601.0,623.0,592.15,618.05,615.0,601.85,,618.05,,,272762,166175341.7,15350,F1,1,,,,,
2026-09-25,2026-09-25,CM,NSE,STK,17794,INE323J01019,SOMICONVEY,EQ,,,,,SOMI CONVEYOR BELT. LTD.,89.71,91.8,89.21,89.59,89.5,89.6,,89.59,,,5060,457792.7,119,F1,1,,,,,
2026-09-25,2026-09-25,CM,NSE,STK,4684,INE073K01018,SONACOMS,EQ,,,,,SONA BLW PRECISION FRGS L,818.0,835.4,815.4,824.5,824.5,816.3,,824.51,,,3101062,2562177670.45,64623,F1,1,,,,,
2026-09-25,2026-09-25,CM,NSE,STK,23052,INE0Q6H01012,SONAMAC,SM,,,,,SONA MACHINERY LIMITED,31.0,31.0,31.0,31.0,31.0,30.5,,31.0,,,1000,31000.0,1,F1,1000,,,,,
2026-09-25,2026-09-25,CM,NSE,STK,8817,INE00LM01029,SONAMLTD,BE,,,,,SONAM LIMITED,66.5,69.82,65.84,69.37,69.47,66.5,,69.37,,,57766,3952346.17,292,F1,1,,,,,
2026-09-25,2026-09-25,CM,NSE,STK,766203,INE0LLZ01011,SONA,BE,,,,,SONASELECTION INDIA LTD,104.0,104.0,102.05,102.05,102.05,107.42,,102.26,,,959922,98347354.05,4720,F1,1,,,,,
2026-09-25,2026-09-25,CM,NSE,STK,6596,INE269A01021,SONATSOFTW,EQ,,,,,SONATA SOFTWARE LTD,275.85,280.55,270.8,279.9,279.95,274.7,,279.9,,,473878,131213206.6,12369,F1,1,,,,,
2026-09-25,2026-09-25,CM,NSE,STK,9463,INE0JZA01018,SONUINFRA,ST,,,,,SONU INFRATECH LIMITED,42.75,44.0,42.75,44.0,44.0,42.75,,44.0,,,21000,917250.0,5,F1,1500,,,,,
2026-09-25,2026-09-25,CM,NSE,STK,9678,INE980Y01015,SOUTHWEST,EQ,,,,,SOUTH WEST PINNACLE LTD,188.7,194.0,186.0,186.71,186.31,188.76,,186.7,,,88796,16716413.08,2874,F1,1,,,,,
2026-09-25,2026-09-25,CM,NSE,STK,8521,INE0JW501011,SPRL,SM,,,,,SP REFRACTORIES LIMITED,126.35,126.35,126.35,126.35,126.35,120.35,,126.35,,,800,101080.0,1,F1,800,,,,,
2026-09-25,2026-09-25,CM,NSE,STK,19372,INE970N01027,SPCENET,EQ,,,,,SPACENET ENTERS IND LTD,3.36,3.46,3.28,3.35,3.38,3.36,,3.35,,,647300,2188626.12,540,F1,1,,,,,
2026-09-25,2026-09-25,CM,NSE,STK,11435,INE572J01011,SPANDANA,EQ,,,,,SPANDANA SPHOORTY FIN LTD,226.73,226.95,221.15,225.53,225.5,225.61,,225.54,,,97580,21818907.1,3749,F1,1,,,,,
2026-09-25,2026-09-25,CM,NSE,STK,760135,INE1CW901027,SPEB,SM,,,,,SPEB ADHESIVES LIMITED,89.0,91.0,89.0,91.0,91.0,93.0,,91.0,,,8000,722000.0,4,F1,2000,,,,,
2026-09-25,2026-09-25,CM,NSE,STK,27111,INE247M01014,SPECIALITY,BE,,,,,SPECIALITY REST LTD,152.5,158.0,150.0,152.76,153.0,151.37,,152.78,,,40387,6260155.52,323,F1,1,,,,,
2026-09-25,2026-09-25,CM,NSE,STK,766218,INE0GAN01010,SPECTRAA,ST,,,,,SPECTRAA TECH SOLUTIONS L,247.15,247.15,240.2,247.15,247.15,235.4,,247.15,,,315600,77921580.0,211,F1,1200,,,,,
2026-09-25,2026-09-25,CM,NSE,STK,30457,INE01EO01010,SPECTRUM,BE,,,,,SPECTRUM ELECTRIC IND LTD,3340.0,3524.1,3300.0,3518.8,3524.1,3356.3,,3518.8,,,16796,58994909.3,793,F1,1,,,,,
2026-09-25,2026-09-25,CM,NSE,STK,16876,INE0OL001018,SPECTSTM,SM,,,,,SPECTRUM TALENT MGMT LTD,56.8,62.8,54.0,60.35,62.8,56.55,,60.35,,,39200,2175480.0,31,F1,800,,,,,
2026-09-25,2026-09-25,CM,NSE,STK,8163,INE020801028,SPENCERS,EQ,,,,,SPENCER S RETAIL LIMITED,28.46,28.89,27.82,28.07,28.0,28.92,,28.09,,,41164,1160170.75,355,F1,1,,,,,
2026-09-25,2026-09-25,CM,NSE,STK,3252,INE147A01011,SPIC,EQ,,,,,SPIC LTD,65.35,66.23,64.61,64.73,64.74,65.86,,64.74,,,347792,22633693.15,2966,F1,1,,,,,
2026-09-25,2026-09-25,CM,NSE,STK,11935,INE978G01016,SPLIL,EQ,,,,,SPL INDUSTRIES LIMITED,29.65,32.01,29.6,30.99,31.0,29.61,,30.99,,,19895,611838.16,94,F1,1,,,,,
2026-09-25,2026-09-25,CM,NSE,STK,3321,INE937A01023,SPMLINFRA,EQ,,,,,SPML INFRA LIMITED,166.2,167.02,157.92,165.86,164.4,165.36,,165.83,,,505854,81864971.71,6029,F1,1,,,,,
2026-09-25,2026-09-25,CM,NSE,STK,10733,INE885H01029,SPORTKING,EQ,,,,,SPORTKING INDIA LIMITED,210.85,214.4,209.11,213.62,214.39,210.85,,213.62,,,135844,28811645.81,4935,F1,1,,,,,
2026-09-25,2026-09-25,CM,NSE,STK,25306,INE0QR801013,SPPPOLY,SM,,,,,SPP POLYMER LIMITED,11.45,12.55,11.45,12.0,12.0,12.0,,12.0,,,16000,191600.0,8,F1,2000,,,,,
2026-09-25,2026-09-25,CM,NSE,STK,17186,INE526E01018,SHRIPISTON,EQ,,,,,SPR AUTO TECHNOLOGIES LTD,4593.3,4789.1,4535.8,4746.8,4763.1,4526.7,,4745.97,,,110008,513582188.7,21013,F1,1,,,,,
2026-09-25,2026-09-25,CM,NSE,STK,757865,INE19QH01010,SPUNWEB,SM,,,,,SPUNWEB NONWOVEN LIMITED,100.0,100.0,100.0,100.0,100.0,100.0,,100.0,,,1200,120000.0,1,F1,1200,,,,,
2026-09-25,2026-09-25,CM,NSE,STK,14582,INE917H01012,SRHHYPOLTD,EQ,,,,,SREE RAYALSEEMA HHP LTD.,619.0,620.85,590.3,594.8,596.9,605.75,,594.81,,,23038,13860447.6,2015,F1,1,,,,,
2026-09-25,2026-09-25,CM,NSE,STK,31841,INE099F01013,SREEL,BE,,,,,SREELEATHERS LIMITED,299.57,309.8,291.25,298.51,302.0,299.57,,299.42,,,9575,2880448.96,205,F1,1,,,,,
2026-09-25,2026-09-25,CM,NSE,STK,3273,INE647A01010,SRF,EQ,,,,,SRF LTD,2535.0,2540.0,2495.1,2540.0,2540.0,2533.8,,2540.0,,,105615,265791882.6,8316,F1,1,,,,,
2026-09-25,2026-09-25,CM,NSE,STK,18119,INE559N01010,SRGHFL,EQ,,,,,SRG HOUSING FINANCE L,155.25,155.25,146.8,146.8,146.8,154.5,,146.28,,,15491,2281781.7,227,F1,1,,,,,
2026-09-25,2026-09-25,CM,NSE,STK,7457,INE293B01029,HAVISHA,EQ,,,,,SRI HAVISHA HOSP & INFR L,1.34,1.4,1.34,1.38,1.39,1.36,,1.39,,,32071,44241.18,138,F1,1,,,,,
2026-09-25,2026-09-25,CM,NSE,STK,765168,INE009C01019,SRIKPRIND,BE,,,,,SRI KPR INDUSTRIES LTD.,27.99,29.0,27.3,27.31,27.31,27.84,,27.31,,,2727,75457.59,28,F1,1,,,,,
2026-09-25,2026-09-25,CM,NSE,STK,758147,INE0V9Q01010,LOTUSDEV,BE,,,,,SRI LOTUS DEVLPRS N RTY L,220.14,223.2,211.15,217.99,218.0,219.05,,217.99,,,723532,158088852.84,3534,F1,1,,,,,
2026-09-25,2026-09-25,CM,NSE,STK,761393,INE0TPJ01019,SPCON,SM,,,,,SRINIBAS PRADHAN CONST L,175.95,175.95,165.0,166.15,166.15,166.6,,166.15,,,36000,5970840.0,8,F1,1200,,,,,
2026-09-25,2026-09-25,CM,NSE,STK,18059,INE0ON201012,SSFL,ST,,,,,SRIVARI SPICES N FOODS L,282.7,288.1,280.05,288.1,288.1,274.4,,288.1,,,7000,2003425.0,13,F1,500,,,,,
2026-09-25,2026-09-25,CM,NSE,STK,14416,INE0NPI01014,SRIVASAVI,ST,,,,,SRIVASAVI ADHESIVE TAPE L,86.5,86.5,85.95,85.95,85.95,82.4,,85.95,,,2000,172450.0,2,F1,1000,,,,,
2026-09-25,2026-09-25,CM,NSE,STK,23402,INE0R6Z01013,SRM,EQ,,,,,SRM CONTRACTORS LIMITED,413.45,422.0,413.45,416.25,414.9,419.0,,416.25,,,21282,8890022.05,1177,F1,1,,,,,
2026-09-25,2026-09-25,CM,NSE,STK,766176,INE1EQW01028,SSRETAIL,EQ,,,,,SS RETAIL LIMITED,816.1,869.95,692.5,728.2,725.0,811.8,,728.1,,,34422519,27478215597.85,823811,F1,1,,,,,
2026-09-25,2026-09-25,CM,NSE,STK,29205,INE0RYC01010,STALLION,BE,,,,,STALLION IND FLUOROCHEM L,220.0,226.9,218.0,225.76,225.0,219.5,,225.84,,,227637,50783676.46,1725,F1,1,,,,,
2026-09-25,2026-09-25,CM,NSE,STK,29075,INE0M4D01010,SETL,EQ,,,,,STANDARD ENGNG TCNLGY LTD,402.8,405.8,393.0,402.55,402.7,402.8,,402.55,,,500272,199356946.0,9248,F1,1,,,,,
2026-09-25,2026-09-25,CM,NSE,STK,11297,INE173A01025,SIL,EQ,,,,,STANDARD INDUSTRIES LTD.,16.9,17.18,16.5,16.74,16.76,16.89,,16.76,,,28440,476875.96,386,F1,1,,,,,
2026-09-25,2026-09-25,CM,NSE,STK,24226,INE01A001028,STANLEY,EQ,,,,,STANLEY LIFESTYLES LTD,135.89,148.7,134.6,144.32,145.5,135.22,,144.32,,,375595,53502842.9,4558,F1,1,,,,,
2026-09-25,2026-09-25,CM,NSE,STK,21091,INE460H01021,STARCEMENT,EQ,,,,,STAR CEMENT LIMITED,187.7,187.7,184.32,186.61,185.3,187.24,,186.61,,,50622,9407559.16,1902,F1,1,,,,,
2026-09-25,2026-09-25,CM,NSE,STK,7083,INE575P01011,STARHEALTH,EQ,,,,,STAR HEALTH & AL INS CO L,550.3,569.5,550.3,558.15,557.0,550.4,,558.14,,,1280937,719849480.95,54555,F1,1,,,,,
2026-09-25,2026-09-25,CM,NSE,STK,3291,INE733A01018,STARPAPER,EQ,,,,,STAR PAPER MILLS LTD,155.23,156.91,154.0,155.06,154.0,155.27,,155.06,,,2363,366960.72,83,F1,1,,,,,
2026-09-25,2026-09-25,CM,NSE,STK,9305,INE992I01013,STARTECK,EQ,,,,,STARTECK FINANCE LIMITED,242.05,262.7,242.05,262.5,262.5,240.4,,262.5,,,211,55310.35,19,F1,1,,,,,
2026-09-25,2026-09-25,CM,NSE,STK,3045,INE062A01020,SBIN,EQ,,,,,STATE BANK OF INDIA,980.8,985.7,977.0,983.0,983.0,978.5,,983.0,,,3759097,3687404890.8,100755,F1,1,,,,,
2026-09-25,2026-09-25,CM,NSE,STK,766065,INE0FRO01022,STEAMHOUSE,EQ,,,,,STEAMHOUSE INDIA LIMITED,116.7,117.6,109.4,110.81,110.07,113.71,,110.82,,,8430848,952818043.14,41067,F1,1,,,,,
2026-09-25,2026-09-25,CM,NSE,STK,2963,INE114A01011,SAIL,EQ,,,,,STEEL AUTHORITY OF INDIA,184.64,186.05,182.77,185.0,185.0,184.0,,185.0,,,9681139,1786514923.2,48062,F1,1,,,,,
2026-09-25,2026-09-25,CM,NSE,STK,10406,INE395H01011,STEELCITY,EQ,,,,,STEEL CITY SECURITIES LTD,85.19,85.19,80.01,80.82,80.98,83.19,,80.82,,,13018,1060811.72,320,F1,1,,,,,
2026-09-25,2026-09-25,CM,NSE,STK,21339,INE503B01021,STEELXIND,EQ,,,,,STEEL EXCHANGE INDIA LTD,11.55,11.58,11.12,11.29,11.19,11.43,,11.29,,,9072805,102120798.06,5734,F1,1,,,,,
2026-09-25,2026-09-25,CM,NSE,STK,765170,INE205F01016,STLSTRINF,EQ,,,,,STEEL STRIPS INFRA L,24.49,24.5,22.55,23.2,22.79,23.15,,23.19,,,6696,158882.11,233,F1,1,,,,,
2026-09-25,2026-09-25,CM,NSE,STK,11829,INE802C01033,SSWL,EQ,,,,,STEEL STRIPS WHEELS LTD.,378.9,394.3,372.9,378.75,385.0,376.1,,378.78,,,1650357,631592278.05,44082,F1,1,,,,,
2026-09-25,2026-09-25,CM,NSE,STK,6803,INE124E01038,STEELCAS,EQ,,,,,STEELCAST LIMITED,358.95,390.9,356.3,376.5,375.0,357.8,,376.51,,,1078414,407115153.0,32875,F1,1,,,,,
2026-09-25,2026-09-25,CM,NSE,STK,21484,INE577L01016,STEL,EQ,,,,,STEL HOLDINGS LIMITED,628.05,633.15,612.05,619.3,616.0,625.85,,619.09,,,1662,1031555.8,266,F1,1,,,,,
2026-09-25,2026-09-25,CM,NSE,STK,6188,INE334A01023,STERTOOLS,BE,,,,,STERLING TOOLS LIMITED,244.0,244.0,233.0,239.46,239.0,233.05,,239.39,,,34769,8351596.35,611,F1,1,,,,,
2026-09-25,2026-09-25,CM,NSE,STK,9313,INE089C01029,STLTECH,BE,,,,,STERLITE TECHNOLOGIES LTD,839.0,851.0,824.75,837.2,838.35,823.75,,836.86,,,807308,677382737.75,27680,F1,1,,,,,
2026-09-25,2026-09-25,CM,NSE,STK,13367,INE353H01010,SGL,EQ,,,,,STL GLOBAL LIMITED,10.18,10.18,8.9,9.03,9.13,9.81,,9.02,,,64242,594609.23,379,F1,1,,,,,
2026-09-25,2026-09-25,CM,NSE,STK,758958,INE1VXE01018,STLNETWORK,EQ,,,,,STL NETWORKS LIMITED,54.5,54.61,52.4,54.61,54.61,52.01,,54.61,,,8981723,486190703.4,16296,F1,1,,,,,
2026-09-25,2026-09-25,CM,NSE,STK,2107,INE00IN01015,STOVEKRAFT,EQ,,,,,STOVE KRAFT LIMITED,824.9,824.9,805.0,814.4,817.65,818.35,,814.46,,,53691,43636036.6,4249,F1,1,,,,,
2026-09-25,2026-09-25,CM,NSE,STK,761091,INE1XWN01017,STRIDERS,SM,,,,,STRIDERS IMPEX LIMITED,52.2,53.5,50.0,50.25,50.3,51.2,,50.25,,,155200,8022080.0,13,F1,1600,,,,,
2026-09-25,2026-09-25,CM,NSE,STK,7374,INE939A01011,STAR,EQ,,,,,STRIDES PHARMA SCI LTD,1202.8,1209.6,1177.2,1184.9,1187.5,1202.8,,1184.87,,,143012,170024822.3,14094,F1,1,,,,,
2026-09-25,2026-09-25,CM,NSE,STK,12489,INE00M201021,SWSOLAR,EQ,,,,,STRLNG & WIL REN ENE LTD,176.0,177.9,175.52,176.65,176.15,177.34,,176.69,,,532217,94016525.13,6569,F1,1,,,,,
2026-09-25,2026-09-25,CM,NSE,STK,759587,INE00Q601028,STUDDS,EQ,,,,,STUDDS ACCESSORIES LTD,415.5,417.6,407.0,410.0,414.0,412.25,,410.01,,,45741,18781985.4,5412,F1,1,,,,,
2026-09-25,2026-09-25,CM,NSE,STK,758527,INE17VO01028,STUDIOLSD,SM,,,,,STUDIO LSD LIMITED,9.05,9.05,9.05,9.05,9.05,9.05,,9.05,,,2000,18100.0,1,F1,2000,,,,,
2026-09-25,2026-09-25,CM,NSE,STK,5186,INE239C01020,STYLAMIND,EQ,,,,,STYLAM INDUSTRIES LIMITED,3314.6,3404.4,3295.0,3369.4,3348.0,3319.2,,3369.42,,,41489,139673002.3,7542,F1,1,,,,,
2026-09-25,2026-09-25,CM,NSE,STK,19,INE189B01011,STYRENIX,EQ,,,,,STYRENIX PERFORMANCE LTD,2097.0,2100.0,2050.0,2067.0,2069.5,2088.2,,2066.95,,,23553,48766780.2,3438,F1,1,,,,,
2026-09-25,2026-09-25,CM,NSE,STK,760112,INE0RYR01018,SUBAHOTELS,SM,,,,,SUBA HOTELS LIMITED,90.15,92.5,90.0,91.0,91.0,90.5,,91.0,,,19200,1751100.0,13,F1,1200,,,,,
2026-09-25,2026-09-25,CM,NSE,STK,967,INE754A01055,SUBEXLTD,EQ,,,,,SUBEX LTD,20.7,21.61,20.36,21.41,21.4,20.71,,21.41,,,14283273,299206784.21,33108,F1,1,,,,,
2026-09-25,2026-09-25,CM,NSE,STK,3324,INE287B01021,SUBROS,EQ,,,,,SUBROS LIMITED,715.0,725.0,710.6,720.9,719.6,720.1,,720.95,,,25909,18606689.65,2069,F1,1,,,,,
2026-09-25,2026-09-25,CM,NSE,STK,3327,INE659A01023,SUDARSCHEM,EQ,,,,,SUDARSHAN CHEMICAL INDS L,1220.0,1228.9,1206.9,1218.9,1228.9,1218.0,,1218.94,,,71354,86978382.4,6273,F1,1,,,,,
2026-09-25,2026-09-25,CM,NSE,STK,715,INE492A01029,SUDARCOLOR,EQ,,,,,SUDARSHAN COLORNT IND LTD,397.0,399.9,384.15,394.55,397.95,382.2,,394.44,,,4706,1838329.35,235,F1,1,,,,,
2026-09-25,2026-09-25,CM,NSE,STK,760039,INE0QPI01025,SUDEEPPHRM,EQ,,,,,SUDEEP PHARMA LIMITED,1143.1,1179.9,1140.5,1164.9,1159.0,1143.4,,1165.11,,,78922,91933656.8,7297,F1,1,,,,,
2026-09-25,2026-09-25,CM,NSE,STK,11804,INE450E01029,SUKHJITS,EQ,,,,,SUKHJIT STARCH & CHEM LTD,161.1,161.68,158.72,159.86,160.7,161.13,,159.86,,,22795,3648298.08,347,F1,1,,,,,
2026-09-25,2026-09-25,CM,NSE,STK,13218,INE142Q01026,SULA,EQ,,,,,SULA VINEYARDS LIMITED,135.78,136.35,132.0,135.13,134.61,135.78,,135.13,,,286393,38361941.15,5142,F1,1,,,,,
2026-09-25,2026-09-25,CM,NSE,STK,765507,INE11Z001019,SUMAX,SM,,,,,SUMAX ENGINEERING LIMITED,106.85,110.0,106.7,109.15,110.0,108.5,,109.15,,,40800,4435560.0,34,F1,1200,,,,,
2026-09-25,2026-09-25,CM,NSE,STK,765175,INE886B01012,SUMEDHA,EQ,,,,,SUMEDHA FISCAL SERVICES L,42.95,42.95,42.95,42.95,42.95,43.5,,44.5,,,200,8590.0,14,F1,1,,,,,
2026-09-25,2026-09-25,CM,NSE,STK,20790,INE235C01036,SUMEETINDS,EQ,,,,,SUMEET IND LIMITED,11.99,12.18,11.67,12.18,12.18,11.6,,12.18,,,1917462,23081650.38,663,F1,1,,,,,
2026-09-25,2026-09-25,CM,NSE,STK,11140,INE748Z01013,SUMIT,EQ,,,,,SUMIT WOODS LIMITED,50.9,50.9,47.92,49.19,49.76,49.59,,49.19,,,54349,2651768.9,240,F1,1,,,,,
2026-09-25,2026-09-25,CM,NSE,STK,17105,INE258G01013,SUMICHEM,EQ,,,,,SUMITOMO CHEM INDIA LTD,452.55,452.55,443.5,446.35,446.6,449.7,,446.33,,,105623,47215555.85,7697,F1,1,,,,,
2026-09-25,2026-09-25,CM,NSE,STK,21275,INE519C01017,SUMMITSEC,EQ,,,,,SUMMIT SECURITIES LTD,1394.7,1405.8,1376.0,1384.3,1377.5,1383.2,,1384.36,,,1397,1946105.7,314,F1,1,,,,,
2026-09-25,2026-09-25,CM,NSE,STK,14788,INE232I01014,SPARC,EQ,,,,,SUN PHARMA ADV.RES.CO.LTD,204.4,212.0,203.6,209.05,209.3,203.98,,209.05,,,2233858,464760317.42,29862,F1,1,,,,,
2026-09-25,2026-09-25,CM,NSE,STK,3351,INE044A01036,SUNPHARMA,EQ,,,,,SUN PHARMACEUTICAL IND L,1858.7,1858.7,1841.6,1852.2,1852.2,1849.9,,1852.22,,,683246,1263656097.8,44621,F1,1,,,,,
2026-09-25,2026-09-25,CM,NSE,STK,13404,INE424H01027,SUNTV,EQ,,,,,SUN TV NETWORK LIMITED,511.35,521.75,504.55,513.2,513.7,512.7,,513.14,,,791506,404909845.0,24825,F1,1,,,,,
2026-09-25,2026-09-25,CM,NSE,STK,20956,INE0Q3R01026,SUNCLAY,EQ,,,,,SUNDARAM CLAYTON LIMITED,1268.7,1277.8,1231.2,1236.7,1235.0,1249.4,,1236.78,,,7772,9632974.0,938,F1,1,,,,,
2026-09-25,2026-09-25,CM,NSE,STK,3339,INE660A01013,SUNDARMFIN,EQ,,,,,SUNDARAM FINANCE LTD,4590.3,4590.3,4455.0,4508.0,4487.0,4592.0,,4507.34,,,35762,160835751.5,8227,F1,1,,,,,
2026-09-25,2026-09-25,CM,NSE,STK,18931,INE108E01023,SUNDARAM,EQ,,,,,SUNDARAM MULTI PAP LTD,1.18,1.18,1.12,1.14,1.15,1.16,,1.14,,,307834,352272.12,295,F1,1,,,,,
2026-09-25,2026-09-25,CM,NSE,STK,9848,INE073D01013,SUNDRMBRAK,BE,,,,,SUNDARAMBRAKE LININGS LTD,693.55,696.7,664.05,670.1,664.05,693.55,,670.33,,,411,277531.8,65,F1,1,,,,,
2026-09-25,2026-09-25,CM,NSE,STK,3345,INE387A01021,SUNDRMFAST,EQ,,,,,SUNDRAM FASTENERS LTD,1172.0,1190.3,1167.4,1178.9,1180.0,1172.3,,1178.9,,,66426,78385943.0,10230,F1,1,,,,,
2026-09-25,2026-09-25,CM,NSE,STK,761202,INE0CTB01014,SOCL,SM,,,,,SUNDREX OIL COMPANY LTD,28.9,29.0,28.25,29.0,29.0,28.6,,29.0,,,14400,415760.0,8,F1,1600,,,,,
2026-09-25,2026-09-25,CM,NSE,STK,1663,INE209A01019,SUNDROP,EQ,,,,,SUNDROP BRANDS LIMITED,760.0,775.0,690.05,745.75,742.0,756.2,,745.73,,,11595,8648343.85,819,F1,1,,,,,
2026-09-25,2026-09-25,CM,NSE,STK,3348,INE947A01014,SUNFLAG,EQ,,,,,SUNFLAG IRON AND STEEL CO,400.0,418.6,394.55,410.65,407.15,396.8,,410.66,,,2066226,846438434.8,49036,F1,1,,,,,
2026-09-25,2026-09-25,CM,NSE,STK,18264,INE0O3O01017,SEL,SM,,,,,SUNGARNER ENERGIES LTD,339.05,371.0,338.55,343.25,341.0,356.35,,343.25,,,3000,1046200.0,15,F1,200,,,,,
2026-09-25,2026-09-25,CM,NSE,STK,765180,INE671C01016,SUNLOC,EQ,,,,,SUNIL HEALTHCARE LTD.,72.0,72.0,70.39,70.9,70.9,72.0,,70.5,,,139,9822.06,18,F1,1,,,,,
2026-09-25,2026-09-25,CM,NSE,STK,24868,INE0U2N01013,SUNLITE,SM,,,,,SUNLITE RECYCLING IND LTD,608.75,630.0,608.75,612.05,618.0,608.75,,612.05,,,42900,26294025.0,59,F1,300,,,,,
2026-09-25,2026-09-25,CM,NSE,STK,764925,INE671K01027,SUNRAKSHAK,EQ,,,,,SUNRAKSHAKK INDUS IND L,367.5,367.5,365.45,366.2,367.15,367.75,,366.15,,,3384,1238342.45,213,F1,1,,,,,
2026-09-25,2026-09-25,CM,NSE,STK,20213,INE0PLZ01012,SUNREST,SM,,,,,SUNREST LIFESCIENCE LTD,37.5,37.5,37.5,37.5,37.5,39.9,,37.5,,,1600,60000.0,1,F1,1600,,,,,
2026-09-25,2026-09-25,CM,NSE,STK,764930,INE199E01014,SUNSHIEL,EQ,,,,,SUNSHIELD CHEMICALS LTD.,1159.5,1179.9,1106.3,1132.4,1125.0,1149.8,,1131.82,,,3669,4205486.6,407,F1,1,,,,,
2026-09-25,2026-09-25,CM,NSE,STK,765387,INE1B3O01011,SUNSHINE,EQ,,,,,SUNSHINE PICTURES LIMITED,438.0,444.6,429.45,437.45,437.6,436.9,,437.46,,,437261,191175187.85,4179,F1,1,,,,,
2026-09-25,2026-09-25,CM,NSE,STK,757763,INE0SGZ01016,SUNTECH,SM,,,,,SUNTECH INFRA SOLUTIONS L,38.5,38.5,38.5,38.5,38.5,38.5,,38.5,,,1600,61600.0,1,F1,1600,,,,,
2026-09-25,2026-09-25,CM,NSE,STK,17641,INE805D01034,SUNTECK,EQ,,,,,SUNTECK REALTY LIMITED,285.35,285.35,281.05,283.0,282.8,284.05,,282.99,,,79920,22624233.2,3372,F1,1,,,,,
2026-09-25,2026-09-25,CM,NSE,STK,8931,INE662A01027,SUPERSPIN,BE,,,,,SUPER SPINNING MILLS LTD,7.99,8.03,7.5,7.93,7.94,7.65,,7.92,,,83559,654861.88,135,F1,1,,,,,
2026-09-25,2026-09-25,CM,NSE,STK,764938,INE460D01038,SUPTANERY,BE,,,,,SUPER TANNERY LTD.,9.62,9.62,9.62,9.62,9.62,10.12,,9.63,,,111826,1075766.12,361,F1,1,,,,,
2026-09-25,2026-09-25,CM,NSE,STK,20616,INE712B01010,SUPERHOUSE,EQ,,,,,SUPERHOUSE LIMITED,167.0,169.0,162.53,164.71,163.5,165.45,,164.71,,,4839,797346.27,121,F1,1,,,,,
2026-09-25,2026-09-25,CM,NSE,STK,11689,INE399C01030,SUPRAJIT,EQ,,,,,SUPRAJIT ENGINEERING LTD,489.1,492.15,483.4,488.0,487.25,486.65,,488.01,,,54422,26517339.8,3431,F1,1,,,,,
2026-09-25,2026-09-25,CM,NSE,STK,758997,INE319Z01021,SUPREMEENG,BZ,,,,,SUPREME ENGINEERING LTD,3.93,3.93,3.93,3.93,3.93,3.86,,3.93,,,159066,625129.38,94,F1,1,,,,,
2026-09-25,2026-09-25,CM,NSE,STK,28069,INE0U6N01014,SFML,SM,,,,,SUPREME FACILITY MGMT LTD,20.65,20.65,20.65,20.65,20.65,20.9,,20.65,,,3200,66080.0,2,F1,1600,,,,,
2026-09-25,2026-09-25,CM,NSE,STK,29439,INE822E01011,SUPREME,EQ,,,,,SUPREME HOLDIN N HOSP I L,32.5,32.5,31.05,31.39,31.12,31.29,,31.33,,,4143,131103.38,84,F1,1,,,,,
2026-09-25,2026-09-25,CM,NSE,STK,3363,INE195A01028,SUPREMEIND,EQ,,,,,SUPREME INDUSTRIES LTD,3430.0,3555.0,3426.2,3550.0,3550.0,3434.0,,3549.95,,,112619,395014509.1,19225,F1,1,,,,,
2026-09-25,2026-09-25,CM,NSE,STK,15002,INE550H01011,SUPREMEINF,EQ,,,,,SUPREME INFRA. LTD.,82.5,82.5,79.35,81.29,80.55,80.39,,81.29,,,17086,1387736.33,154,F1,1,,,,,
2026-09-25,2026-09-25,CM,NSE,STK,9617,INE663A01033,SPLPETRO,EQ,,,,,SUPREME PETROCHEM LIMITED,876.0,882.0,856.2,880.0,879.9,879.9,,879.96,,,162786,141699103.1,14288,F1,1,,,,,
2026-09-25,2026-09-25,CM,NSE,STK,21067,INE0QHG01026,SUPREMEPWR,SM,,,,,SUPREME POWER EQUIPMENT L,203.0,217.95,202.7,210.5,208.0,202.6,,210.5,,,59000,12274175.0,90,F1,500,,,,,
2026-09-25,2026-09-25,CM,NSE,STK,7390,INE07RO01027,SUPRIYA,EQ,,,,,SUPRIYA LIFESCIENCE LTD,964.8,994.85,958.8,985.2,986.0,961.75,,985.18,,,326713,319953113.85,22451,F1,1,,,,,
2026-09-25,2026-09-25,CM,NSE,STK,20822,INE843S01025,SURAJEST,EQ,,,,,SURAJ ESTATE DEVELOPERS L,221.95,224.0,218.82,221.75,222.2,219.42,,221.74,,,75687,16751883.27,1601,F1,1,,,,,
2026-09-25,2026-09-25,CM,NSE,STK,24966,INE713C01016,SURAJLTD,EQ,,,,,SURAJ LIMITED,200.5,201.0,195.0,198.08,198.08,200.5,,198.82,,,97,19336.47,16,F1,1,,,,,
2026-09-25,2026-09-25,CM,NSE,STK,27334,INE877V01027,SURAKSHA,EQ,,,,,SURAKSHA DIAGNOSTIC LTD,354.3,355.95,340.0,343.3,343.45,356.0,,343.29,,,37699,13010187.65,2354,F1,1,,,,,
2026-09-25,2026-09-25,CM,NSE,STK,21077,INE272L01022,SURANASOL,EQ,,,,,SURANA SOLAR LIMITED,25.59,25.85,25.1,25.3,25.45,25.65,,25.3,,,17041,431098.27,313,F1,1,,,,,
2026-09-25,2026-09-25,CM,NSE,STK,10700,INE130B01031,SURANAT&P,EQ,,,,,SURANA TELECOM AND POW LT,16.0,16.29,15.81,15.92,15.95,15.89,,15.92,,,34118,543083.76,302,F1,1,,,,,
2026-09-25,2026-09-25,CM,NSE,STK,8513,INE01ZJ01015,SURANI,SM,,,,,SURANI STEEL TUBES LTD.,100.0,100.0,91.25,93.1,93.1,93.0,,93.1,,,9400,890170.0,20,F1,200,,,,,
2026-09-25,2026-09-25,CM,NSE,STK,14139,INE05ST01028,SBGLP,EQ,,,,,SURATWWALA BUS GROUP LTD,23.69,24.95,23.25,23.55,23.49,22.89,,23.55,,,61789,1468946.98,574,F1,1,,,,,
2026-09-25,2026-09-25,CM,NSE,STK,3375,INE335A01020,SURYAROSNI,EQ,,,,,SURYA ROSHNI LTD,219.27,229.0,216.38,227.45,226.2,217.5,,227.42,,,923512,207250957.92,12410,F1,1,,,,,
2026-09-25,2026-09-25,CM,NSE,STK,11852,INE713B01026,SURYALAXMI,EQ,,,,,SURYALAKSHMI COT MIL LTD,59.38,59.38,56.1,57.0,57.0,57.5,,57.0,,,3319,189484.69,78,F1,1,,,,,
2026-09-25,2026-09-25,CM,NSE,STK,762924,INE132C01027,SURYALA,EQ,,,,,SURYALATA SPINNING MILL L,390.05,390.05,382.2,390.0,389.95,390.05,,390.13,,,303,117062.65,9,F1,1,,,,,
2026-09-25,2026-09-25,CM,NSE,STK,2970,INE428Q01011,SURYODAY,EQ,,,,,SURYODAY SMALL FIN BK LTD,145.0,152.48,144.49,149.12,148.75,145.34,,149.13,,,210889,31061224.43,2555,F1,1,,,,,
2026-09-25,2026-09-25,CM,NSE,STK,21321,INE0R8O23017,SEITINVIT,IV,,,,,SUSTAINABLE ENERGY INFRA,121.05,122.5,121.05,122.49,122.49,124.0,,122.49,,,3275000,401113500.0,12,F1,25000,,,,,
2026-09-25,2026-09-25,CM,NSE,STK,13804,INE645H01027,SUTLEJTEX,BE,,,,,SUTLEJ TEXT & INDUS LTD,38.0,38.1,37.0,37.31,37.35,38.0,,37.31,,,22616,841210.77,112,F1,1,,,,,
2026-09-25,2026-09-25,CM,NSE,STK,11233,INE495B01038,SUVEN,EQ,,,,,SUVEN LIFE SCIENCES LTD,337.0,342.0,330.2,335.0,335.9,335.05,,335.0,,,251356,84155177.9,8416,F1,1,,,,,
2026-09-25,2026-09-25,CM,NSE,STK,2998,INE018401013,SUVIDHAA,EQ,,,,,SUVIDHAA INFOSERVE LTD,2.21,2.36,2.18,2.21,2.21,2.21,,2.21,,,88167,197020.88,191,F1,1,,,,,
2026-09-25,2026-09-25,CM,NSE,STK,24851,INE442P01014,SUYOG,EQ,,,,,SUYOG TELEMATICS LIMITED,674.0,674.0,645.35,650.4,647.5,660.15,,650.4,,,12753,8290993.5,702,F1,1,,,,,
2026-09-25,2026-09-25,CM,NSE,STK,12018,INE040H01021,SUZLON,EQ,,,,,SUZLON ENERGY LIMITED,40.74,41.09,40.11,40.8,40.8,40.74,,40.8,,,57074067,2313560531.55,110203,F1,1,,,,,
2026-09-25,2026-09-25,CM,NSE,STK,5020,INE308E01029,SVPGLOB,EQ,,,,,SVP GLOBAL TEXTILES LTD,3.35,3.35,3.25,3.27,3.29,3.28,,3.27,,,25029,82365.27,39,F1,1,,,,,
2026-09-25,2026-09-25,CM,NSE,STK,27095,INE665A01038,SWANCORP,EQ,,,,,SWAN CORP LIMITED,296.0,298.0,292.85,294.85,294.35,294.7,,294.85,,,505644,148747483.0,9013,F1,1,,,,,
2026-09-25,2026-09-25,CM,NSE,STK,29164,INE542F01020,SWANDEF,BE,,,,,SWAN DEFENCE N HEVY IND L,2709.0,2780.0,2610.0,2679.7,2700.0,2716.6,,2679.3,,,12520,33657517.2,1001,F1,1,,,,,
2026-09-25,2026-09-25,CM,NSE,STK,3384,INE277A01016,SWARAJENG,EQ,,,,,SWARAJ ENGINES LTD,3525.0,3559.6,3525.0,3545.7,3550.0,3548.6,,3545.64,,,4651,16485487.2,1775,F1,1,,,,,
2026-09-25,2026-09-25,CM,NSE,STK,764496,INE0GMR01016,SWARAJ,BE,,,,,SWARAJ SUITING LIMITED,338.0,338.6,338.0,338.6,338.6,322.5,,338.6,,,101892,34497815.4,416,F1,1,,,,,
2026-09-25,2026-09-25,CM,NSE,STK,765185,INE967A01012,SWARNSAR,EQ,,,,,SWARNSARITA JEWELS IND L,43.5,43.5,40.2,41.68,41.69,42.04,,41.83,,,10276,422169.9,64,F1,1,,,,,
2026-09-25,2026-09-25,CM,NSE,STK,11497,INE0DGC01025,SWASTIK,ST,,,,,SWASTIK PIPE LIMITED,18.6,18.6,18.6,18.6,18.6,17.75,,18.6,,,1200,22320.0,1,F1,1200,,,,,
2026-09-25,2026-09-25,CM,NSE,STK,11909,INE409B01013,SWELECTES,EQ,,,,,SWELECT ENERGY SYS LTD,573.95,614.7,565.0,587.0,588.85,561.65,,586.7,,,72324,42792314.6,3787,F1,1,,,,,
2026-09-25,2026-09-25,CM,NSE,STK,27066,INE00H001014,SWIGGY,EQ,,,,,SWIGGY LIMITED,268.9,268.95,261.4,264.85,264.85,267.45,,264.8,,,9596392,2541465128.35,60983,F1,1,,,,,
2026-09-25,2026-09-25,CM,NSE,STK,765193,INE010C01025,SWISSMLTRY,BE,,,,,SWISS MILITARY CON GOOD L,14.38,14.7,14.01,14.41,14.65,14.06,,14.33,,,48469,696103.62,248,F1,1,,,,,
2026-09-25,2026-09-25,CM,NSE,STK,765485,INE899I01028,SYMBIOTEC,EQ,,,,,SYMBIOTEC PHARMALAB LTD,1023.0,1027.85,985.5,1003.35,1005.0,1024.05,,1003.32,,,675920,678136596.0,34253,F1,1,,,,,
2026-09-25,2026-09-25,CM,NSE,STK,24190,INE225D01027,SYMPHONY,EQ,,,,,SYMPHONY LIMITED,577.1,593.15,574.15,588.8,589.7,576.7,,588.8,,,37195,21805946.6,2784,F1,1,,,,,
2026-09-25,2026-09-25,CM,NSE,STK,11992,INE312C01025,SYNCOMF,EQ,,,,,SYNCOM FORMU (I) LTD,20.13,20.4,19.61,20.05,20.08,20.03,,20.05,,,7105116,142138539.62,12877,F1,1,,,,,
2026-09-25,2026-09-25,CM,NSE,STK,5114,INE00QT01015,SGIL,EQ,,,,,SYNERGY GREEN IND. LTD,655.0,655.0,626.3,642.5,642.35,646.6,,642.5,,,4595,2941974.9,418,F1,1,,,,,
2026-09-25,2026-09-25,CM,NSE,STK,10243,INE398R01022,SYNGENE,EQ,,,,,SYNGENE INTERNATIONAL LTD,380.35,381.85,376.95,378.7,379.9,380.35,,378.66,,,177820,67365898.8,9035,F1,1,,,,,
2026-09-25,2026-09-25,CM,NSE,STK,17206,INE0BTR01012,SYNOPTICS,ST,,,,,SYNOPTICS TECHNOLOGIES L,49.45,49.45,49.25,49.45,49.45,47.1,,49.45,,,1800,88890.0,3,F1,600,,,,,
2026-09-25,2026-09-25,CM,NSE,STK,10793,INE0DYJ01015,SYRMA,EQ,,,,,SYRMA SGS TECHNOLOGY LTD,1703.0,1742.7,1702.0,1732.6,1730.2,1698.6,,1732.61,,,1026235,1771531531.0,51313,F1,1,,,,,
2026-09-25,2026-09-25,CM,NSE,STK,14506,INE0O7R01011,SYSTANGO,SM,,,,,SYSTANGO TECHNOLOGIES LTD,224.65,224.65,221.05,222.85,222.0,224.65,,222.85,,,16800,3741940.0,35,F1,400,,,,,
2026-09-25,2026-09-25,CM,NSE,STK,759358,INE356B01024,SYSTMTXC,BE,,,,,SYSTEMATIX CORP SERVICE L,79.95,79.95,77.5,77.5,77.5,79.05,,78.5,,,5305,418773.52,41,F1,1,,,,,
2026-09-25,2026-09-25,CM,NSE,STK,764955,INE284B01028,TGVSL,EQ,,,,,T G V SRAAC LTD.,110.11,127.74,110.11,124.78,125.0,109.31,,124.75,,,10384184,1277954813.46,68785,F1,1,,,,,
2026-09-25,2026-09-25,CM,NSE,STK,14314,INE592B01024,TTL,EQ,,,,,T T LIMITED,7.28,7.38,7.09,7.13,7.14,7.25,,7.13,,,176663,1271095.82,458,F1,1,,,,,
2026-09-25,2026-09-25,CM,NSE,STK,762929,INE524T01029,TAALTECH,EQ,,,,,TAAL TECH LTD.,1033.0,1127.9,1033.0,1085.4,1098.0,1050.5,,1085.49,,,64240,70080567.5,6861,F1,1,,,,,
2026-09-25,2026-09-25,CM,NSE,STK,23441,INE0SOY01013,TAC,ST,,,,,TAC INFOSEC LIMITED,451.1,474.8,446.05,446.85,446.05,469.5,,446.85,,,53400,24151130.0,226,F1,200,,,,,
2026-09-25,2026-09-25,CM,NSE,STK,3396,INE123C01018,TAINWALCHM,EQ,,,,,TAINWALA CHEMICAL AND PLA,213.05,215.0,207.1,209.2,209.15,216.79,,209.19,,,5113,1075489.02,160,F1,1,,,,,
2026-09-25,2026-09-25,CM,NSE,STK,9354,INE586B01026,TAJGVK,EQ,,,,,TAJ GVK HOTELS & RESORTS,324.65,325.2,319.8,324.35,323.05,323.2,,324.23,,,28904,9326825.95,1411,F1,1,,,,,
2026-09-25,2026-09-25,CM,NSE,STK,14917,INE142I01023,TAKE,EQ,,,,,TAKE LIMITED,15.71,15.71,15.11,15.51,15.48,15.4,,15.5,,,144138,2219873.62,578,F1,1,,,,,
2026-09-25,2026-09-25,CM,NSE,STK,13648,INE187D01029,TALBROAUTO,EQ,,,,,TALBROS AUTO. COMP. LTD,466.0,472.7,452.1,457.35,456.0,466.0,,457.35,,,217822,100630267.35,9498,F1,1,,,,,
2026-09-25,2026-09-25,CM,NSE,STK,762937,INE864J01012,TAMBOLIIN,BE,,,,,TAMBOLI INDUSTRIES LTD.,299.4,308.7,282.0,300.8,303.0,294.95,,300.8,,,5508,1663263.35,77,F1,1,,,,,
2026-09-25,2026-09-25,CM,NSE,STK,10945,INE668A01016,TMB,EQ,,,,,TAMILNAD MERCA BANK LTD,894.95,899.95,879.05,881.9,881.0,893.55,,881.91,,,118477,104885316.15,10842,F1,1,,,,,
2026-09-25,2026-09-25,CM,NSE,STK,3980,INE107A01015,TNPL,EQ,,,,,TAMILNADU NEWSPRT & PAPER,148.49,153.89,147.51,151.6,150.7,148.94,,151.59,,,369264,55909066.1,7276,F1,1,,,,,
2026-09-25,2026-09-25,CM,NSE,STK,3509,INE148A01019,TNPETRO,EQ,,,,,TAMILNADU PETROPRODUCTS L,127.0,139.95,125.8,132.93,132.85,126.98,,132.94,,,7029643,941666343.41,74431,F1,1,,,,,
2026-09-25,2026-09-25,CM,NSE,STK,3512,INE141D01018,TNTELE,EQ,,,,,TAMILNADU TELECOMMUNICATI,9.46,10.44,9.03,9.91,9.93,9.31,,9.92,,,92723,899278.43,705,F1,1,,,,,
2026-09-25,2026-09-25,CM,NSE,STK,764945,INE692C01020,TANAA,EQ,,,,,TANEJA AEROSPACE & AVIA L,331.8,365.0,331.1,345.1,348.0,331.8,,345.24,,,117489,41208987.95,4524,F1,1,,,,,
2026-09-25,2026-09-25,CM,NSE,STK,756338,INE0Z7N01017,TANKUP,ST,,,,,TANKUP ENGINEERS LIMITED,1640.0,1652.3,1640.0,1652.3,1652.3,1619.95,,1652.3,,,6750,11149950.0,10,F1,250,,,,,
2026-09-25,2026-09-25,CM,NSE,STK,13976,INE483C01032,TANLA,EQ,,,,,TANLA PLATFORMS LIMITED,490.4,496.5,484.65,494.75,495.0,489.6,,494.77,,,248415,121856236.15,12419,F1,1,,,,,
2026-09-25,2026-09-25,CM,NSE,STK,23512,INE555Z01020,TARACHAND,EQ,,,,,TARA CHAND INFRA SOLN LTD,47.9,49.0,46.1,48.46,48.63,46.11,,48.46,,,71075,3393694.79,776,F1,1,,,,,
2026-09-25,2026-09-25,CM,NSE,STK,18827,INE747K01017,TARAPUR,EQ,,,,,TARAPUR TRANSFORMERS LTD,12.22,12.24,12.0,12.19,12.24,12.22,,12.18,,,15620,190351.93,136,F1,1,,,,,
2026-09-25,2026-09-25,CM,NSE,STK,1581,INE0EK901012,TARC,EQ,,,,,TARC LIMITED,129.35,130.99,127.5,129.36,129.3,129.35,,129.36,,,181062,23381394.15,2709,F1,1,,,,,
2026-09-25,2026-09-25,CM,NSE,STK,14771,INE924H01018,TARMAT,EQ,,,,,TARMAT LIMITED,55.3,56.85,54.0,55.84,55.1,54.05,,55.84,,,12463,688395.86,556,F1,1,,,,,
2026-09-25,2026-09-25,CM,NSE,STK,6943,INE144Z01023,TARSONS,EQ,,,,,TARSONS PRODUCTS LIMITED,341.0,345.0,327.45,332.75,334.9,335.45,,332.73,,,97118,32378905.3,3677,F1,1,,,,,
2026-09-25,2026-09-25,CM,NSE,STK,20092,INE488B01017,TASTYBITE,EQ,,,,,TASTY BITE EATABLES LTD,9900.0,9961.0,9711.0,9856.0,9911.0,9903.0,,9866.02,,,1290,12679451.0,614,F1,1,,,,,
2026-09-25,2026-09-25,CM,NSE,STK,759265,INE976I01016,TATACAP,EQ,,,,,TATA CAPITAL LIMITED,337.0,341.15,333.35,339.15,339.05,336.25,,339.15,,,1484301,500444450.6,45342,F1,1,,,,,
2026-09-25,2026-09-25,CM,NSE,STK,3405,INE092A01019,TATACHEM,EQ,,,,,TATA CHEMICALS LTD,654.65,654.65,633.6,643.75,644.9,652.2,,643.76,,,1131484,728585536.5,24608,F1,1,,,,,
2026-09-25,2026-09-25,CM,NSE,STK,3721,INE151A01013,TATACOMM,EQ,,,,,TATA COMMUNICATIONS LTD,1671.9,1682.0,1650.1,1666.5,1665.0,1670.0,,1666.63,,,126901,211585679.7,18926,F1,1,,,,,
2026-09-25,2026-09-25,CM,NSE,STK,11536,INE467B01029,TCS,EQ,,,,,TATA CONSULTANCY SERV LT,2054.0,2090.2,2038.1,2082.0,2082.0,2087.0,,2082.31,,,3342195,6926987394.5,130106,F1,1,,,,,
2026-09-25,2026-09-25,CM,NSE,STK,3432,INE192A01025,TATACONSUM,EQ,,,,,TATA CONSUMER PRODUCT LTD,988.0,989.9,979.2,983.2,983.2,986.3,,983.19,,,885948,871056423.6,29062,F1,1,,,,,
2026-09-25,2026-09-25,CM,NSE,STK,3411,INE670A01012,TATAELXSI,EQ,,,,,TATA ELXSI LIMITED,3190.0,3201.0,3144.0,3186.9,3186.9,3183.8,,3186.46,,,177199,563176870.5,23600,F1,1,,,,,
2026-09-25,2026-09-25,CM,NSE,STK,1621,INE672A01026,TATAINVEST,EQ,,,,,TATA INVESTMENT CORP LTD,659.65,661.3,645.5,651.6,653.0,658.35,,651.59,,,268798,174949910.15,14205,F1,1,,,,,
2026-09-25,2026-09-25,CM,NSE,STK,759782,INE1TAE01010,TMCV,EQ,,,,,TATA MOTORS LIMITED,440.0,445.0,436.6,441.5,440.0,437.15,,441.44,,,6273947,2766391803.5,106466,F1,1,,,,,
2026-09-25,2026-09-25,CM,NSE,STK,3456,INE155A01022,TMPV,EQ,,,,,TATA MOTORS PASS VEH LTD,297.0,297.7,288.0,290.45,290.45,295.0,,290.45,,,22634929,6606764138.9,151997,F1,1,,,,,
2026-09-25,2026-09-25,CM,NSE,STK,3426,INE245A01021,TATAPOWER,EQ,,,,,TATA POWER CO LTD,363.0,367.8,362.65,367.5,367.5,363.45,,367.43,,,1727813,631814709.45,24391,F1,1,,,,,
2026-09-25,2026-09-25,CM,NSE,STK,3499,INE081A01020,TATASTEEL,EQ,,,,,TATA STEEL LIMITED,188.57,190.34,187.01,187.97,187.97,188.02,,187.96,,,15890667,2996046716.86,90841,F1,1,,,,,
2026-09-25,2026-09-25,CM,NSE,STK,20293,INE142M01025,TATATECH,EQ,,,,,TATA TECHNOLOGIES LIMITED,715.0,716.9,700.0,703.05,704.45,717.75,,703.05,,,652847,460004003.45,28832,F1,1,,,,,
2026-09-25,2026-09-25,CM,NSE,STK,8954,INE517B01013,TTML,EQ,,,,,TATA TELESERV(MAHARASTRA),35.25,35.25,33.84,34.44,34.48,35.02,,34.44,,,1775354,61174287.27,8359,F1,1,,,,,
2026-09-25,2026-09-25,CM,NSE,STK,7838,INF277K015R5,NETF,EQ,,,,,TATAAML - NETF,253.9,254.69,250.91,253.62,254.65,255.1,,253.62,,,2003,504793.39,140,F1,1,,,,,
2026-09-25,2026-09-25,CM,NSE,STK,12978,INF277K010X4,NPBET,EQ,,,,,TATAAML - NPBET,271.73,279.62,271.73,278.87,278.87,278.7,,278.87,,,22,6126.16,12,F1,1,,,,,
2026-09-25,2026-09-25,CM,NSE,STK,8882,INF277KA1364,TNIDETF,EQ,,,,,TATAAML - TNIDETF,87.5,87.69,84.86,85.7,85.13,86.3,,85.7,,,60997,5209707.39,754,F1,1,,,,,
2026-09-25,2026-09-25,CM,NSE,STK,21401,INF277KA1976,TATAGOLD,EQ,,,,,TATAAML-TATAGOLD,14.57,14.64,14.52,14.62,14.63,14.52,,14.62,,,37775952,550606020.4,55161,F1,1,,,,,
2026-09-25,2026-09-25,CM,NSE,STK,21428,INF277KA1984,TATSILV,EQ,,,,,TATAAML-TATSILV,22.01,22.24,21.88,22.21,22.22,21.92,,22.21,,,28133247,620988849.27,36597,F1,1,,,,,
2026-09-25,2026-09-25,CM,NSE,STK,5162,INE0GK401011,TATVA,EQ,,,,,TATVA CHIN PHARM CHEM LTD,1749.5,1804.0,1731.1,1793.2,1797.5,1728.6,,1793.16,,,66589,118765412.1,7957,F1,1,,,,,
2026-09-25,2026-09-25,CM,NSE,STK,759759,INE0XWS01018,TAURIAN,ST,,,,,TAURIAN MPS LIMITED,608.0,608.0,582.55,589.0,582.55,608.4,,589.0,,,14400,8574920.0,18,F1,800,,,,,
2026-09-25,2026-09-25,CM,NSE,STK,11754,INE053F07835,753IRFC30,NJ,,,,,TAX FREE  7.53% SR. 103 A,1140.8,1145.3,1140.8,1145.0,1145.0,1140.5,,1145.0,,,152,173604.8,11,F1,1,,,,,
2026-09-25,2026-09-25,CM,NSE,STK,15168,INE053F07900,764IRFC31,NO,,,,,TAX FREE  7.64% SR. 108A,1154.99,1154.99,1154.99,1154.99,1154.99,1154.99,,1154.99,,,10,11549.9,1,F1,1,,,,,
2026-09-25,2026-09-25,CM,NSE,STK,14529,INE906B07EP5,769NHAI31,NE,,,,,TAX FREE 7.69% SR. IIB,1086.0,1086.0,1080.25,1080.74,1084.89,1086.9,,1080.74,,,1209,1309829.79,22,F1,1,,,,,
2026-09-25,2026-09-25,CM,NSE,STK,11757,INE053F07843,750IRFC35,NK,,,,,TAX FREE7.50% SR.104 A,1220.0,1220.0,1220.0,1220.0,1220.0,1220.0,,1220.0,,,75,91500.0,2,F1,1,,,,,
2026-09-25,2026-09-25,CM,NSE,STK,12003,INE906B07EJ8,76NHAI31,,,,,,TAX FREE7.60% SR.IIB,1111.99,1111.99,1110.55,1111.87,1111.97,1111.06,,1111.87,,,228,253497.04,9,F1,1,,,,,
2026-09-25,2026-09-25,CM,NSE,STK,24019,INE0N2D01013,TBI,SM,,,,,TBI CORN LIMITED,73.9,75.0,71.1,71.95,72.0,74.7,,71.95,,,24000,1735380.0,39,F1,600,,,,,
2026-09-25,2026-09-25,CM,NSE,STK,23740,INE673O01025,TBOTEK,EQ,,,,,TBO TEK LIMITED,1686.0,1702.9,1668.0,1696.9,1692.0,1687.2,,1696.91,,,52783,89212579.7,6988,F1,1,,,,,
2026-09-25,2026-09-25,CM,NSE,STK,761814,INE887D01024,TCC,EQ,,,,,TCC CONCEPT LIMITED,52.27,52.27,49.5,50.75,51.94,51.63,,50.75,,,393062,19940558.81,3859,F1,1,,,,,
2026-09-25,2026-09-25,CM,NSE,STK,19223,INE586V01016,TCIEXP,EQ,,,,,TCI EXPRESS LIMITED,499.15,516.35,491.35,501.55,498.0,492.75,,501.55,,,33811,17049254.25,2910,F1,1,,,,,
2026-09-25,2026-09-25,CM,NSE,STK,4771,INE911B01018,TCIFINANCE,EQ,,,,,TCI FINANCE LTD,15.64,15.64,14.5,14.86,15.15,14.86,,14.86,,,15285,232828.52,80,F1,1,,,,,
2026-09-25,2026-09-25,CM,NSE,STK,184,INE822C01015,TCPLPACK,EQ,,,,,TCPL PACKAGING LIMITED,4098.8,4183.9,4030.1,4106.8,4103.8,4058.8,,4106.83,,,9656,39694164.1,2396,F1,1,,,,,
2026-09-25,2026-09-25,CM,NSE,STK,25178,INE419M01035,TDPOWERSYS,EQ,,,,,TD POWER SYSTEMS LTD.,743.0,763.5,737.1,751.55,751.7,742.0,,751.56,,,1040836,780616119.6,55654,F1,1,,,,,
2026-09-25,2026-09-25,CM,NSE,STK,10717,INE289C01025,TEAMGTY,EQ,,,,,TEAM INDIA GUARANTY LTD,242.6,242.6,235.0,241.45,241.45,241.71,,242.13,,,272,63985.05,7,F1,1,,,,,
2026-09-25,2026-09-25,CM,NSE,STK,12716,INE985S01024,TEAMLEASE,EQ,,,,,TEAMLEASE SERVICES LTD.,1190.0,1198.9,1158.0,1173.0,1175.0,1192.0,,1173.0,,,37668,44322179.5,6108,F1,1,,,,,
2026-09-25,2026-09-25,CM,NSE,STK,17000,INE065J01024,TPHQ,BE,,,,,TEAMO PRODUCTIONS HQ LTD,0.51,0.52,0.51,0.51,0.51,0.51,,0.51,,,559741,286396.58,201,F1,1,,,,,
2026-09-25,2026-09-25,CM,NSE,STK,763571,INE2OL601013,TEAMTECH,ST,,,,,TEAMTECH FORMWORK SOL LTD,138.0,138.0,135.0,135.0,135.0,138.35,,135.0,,,6000,816000.0,3,F1,2000,,,,,
2026-09-25,2026-09-25,CM,NSE,STK,13538,INE669C01036,TECHM,EQ,,,,,TECH MAHINDRA LIMITED,1540.0,1554.7,1526.6,1548.0,1548.0,1543.0,,1547.82,,,939846,1452076322.3,35771,F1,1,,,,,
2026-09-25,2026-09-25,CM,NSE,STK,759138,INE0Y5H01014,TECHD,SM,,,,,TECHD CYBERSECURITY LTD,550.5,552.0,540.6,548.05,551.9,558.0,,548.05,,,7500,4101330.0,24,F1,300,,,,,
2026-09-25,2026-09-25,CM,NSE,STK,25652,INE0JQS01019,TECHERA,SM,,,,,TECHERA ENGINEER (IND) L,152.25,154.0,148.0,152.0,151.15,152.35,,152.0,,,43200,6537160.0,51,F1,800,,,,,
2026-09-25,2026-09-25,CM,NSE,STK,6445,INE285K01026,TECHNOE,EQ,,,,,TECHNO ELEC & ENG CO. LTD,986.35,1016.2,983.0,1006.2,1009.0,991.65,,1006.17,,,104359,103937321.2,10039,F1,1,,,,,
2026-09-25,2026-09-25,CM,NSE,STK,14223,INE545H01011,TIIL,EQ,,,,,TECHNOCRAFT IND LTD,3033.2,3065.4,2985.0,3003.4,3007.1,3033.1,,3003.63,,,27627,83211485.4,4151,F1,1,,,,,
2026-09-25,2026-09-25,CM,NSE,STK,764532,INE1D0W01018,TECHNOCRAF,EQ,,,,,TECHNOCRAFT VENTURES LTD,479.55,496.5,474.1,491.05,491.0,475.05,,491.04,,,1351541,659509056.7,31925,F1,1,,,,,
2026-09-25,2026-09-25,CM,NSE,STK,762939,INE314H01012,TECHNVISN,EQ,,,,,TECHNVISION VENTURES LTD.,4231.5,4231.5,3950.0,4071.0,4178.0,4130.0,,4071.0,,,391,1603489.5,130,F1,1,,,,,
2026-09-25,2026-09-25,CM,NSE,STK,3453,INE014B01011,TECILCHEM,EQ,,,,,TECIL CHEMICALS,9.44,9.44,8.58,8.81,8.8,9.25,,8.81,,,142745,1281712.96,336,F1,1,,,,,
2026-09-25,2026-09-25,CM,NSE,STK,23530,INE0K6601012,TGL,ST,,,,,TEERTH GOPICON LIMITED,14.2,14.2,14.2,14.2,14.2,14.45,,14.2,,,7200,102240.0,16,F1,200,,,,,
2026-09-25,2026-09-25,CM,NSE,STK,7105,INE011K01018,TEGA,EQ,,,,,TEGA INDUSTRIES LIMITED,2056.0,2100.0,2049.4,2091.6,2090.0,2062.0,,2091.5,,,261282,543807300.2,21197,F1,1,,,,,
2026-09-25,2026-09-25,CM,NSE,STK,763825,INE0R1301019,TEJA,SM,,,,,TEJA ENGINEERING IND L,217.0,222.0,217.0,222.0,222.0,215.75,,222.0,,,7200,1585200.0,9,F1,600,,,,,
2026-09-25,2026-09-25,CM,NSE,STK,21131,INE010J01012,TEJASNET,EQ,,,,,TEJAS NETWORKS LIMITED,513.0,513.0,501.0,503.85,506.0,511.3,,503.86,,,893736,451957241.4,21149,F1,1,,,,,
2026-09-25,2026-09-25,CM,NSE,STK,3275,INE869Y01028,TEMBO,EQ,,,,,TEMBO GLOBAL IND LTD,59.82,63.37,57.4,58.28,57.8,59.26,,58.28,,,3971032,237805046.66,26723,F1,1,,,,,
2026-09-25,2026-09-25,CM,NSE,STK,765426,INE1KZI01025,TEMPSENS,EQ,,,,,TEMPSENS INST (INDIA) LTD,543.4,546.7,522.45,531.05,529.8,543.4,,531.03,,,1321440,702925007.7,28553,F1,1,,,,,
2026-09-25,2026-09-25,CM,NSE,STK,759880,INE19RI01016,TENNIND,EQ,,,,,TENNECO CLEAN AIR INDIA L,514.0,518.7,509.0,515.25,512.0,511.25,,515.22,,,471856,241995790.6,16161,F1,1,,,,,
2026-09-25,2026-09-25,CM,NSE,STK,19292,INE482B01010,TERASOFT,EQ,,,,,TERA SOFTWARE LIMITED,221.45,224.25,214.0,218.9,215.5,220.65,,219.1,,,26068,5697064.05,1497,F1,1,,,,,
2026-09-25,2026-09-25,CM,NSE,STK,764950,INE390D01011,TERAI,EQ,,,,,TERAI TEA CO. LTD.,115.0,120.0,111.55,117.86,116.0,111.55,,117.91,,,414,48328.68,33,F1,1,,,,,
2026-09-25,2026-09-25,CM,NSE,STK,11549,INE435C01024,TEXINFRA,EQ,,,,,TEXMACO INFRA & HOLDG LTD,118.0,119.89,116.81,118.25,118.0,118.9,,118.26,,,138397,16373894.1,1456,F1,1,,,,,
2026-09-25,2026-09-25,CM,NSE,STK,21828,INE621L01012,TEXRAIL,EQ,,,,,TEXMACO RAIL & ENG. LTD.,127.0,128.55,123.81,125.67,125.5,126.77,,125.67,,,3485269,439831355.98,36258,F1,1,,,,,
2026-09-25,2026-09-25,CM,NSE,STK,18214,INE141K01013,TEXMOPIPES,EQ,,,,,TEXMO PIPE & PRODUCTS LTD,57.5,58.45,56.5,56.91,57.01,58.05,,56.94,,,69419,3974207.32,1278,F1,1,,,,,
2026-09-25,2026-09-25,CM,NSE,STK,10749,INE733E07JV4,753NTPC30E,NC,,,,,TFB 7.53% 2030 SR. 2B,1069.9,1069.9,1069.9,1069.9,1069.9,1069.9,,1069.9,,,120,128388.0,4,F1,1,,,,,
2026-09-25,2026-09-25,CM,NSE,STK,14607,INE797H01018,TGBHOTELS,EQ,,,,,TGB BANQUETS&HOTELS LTD,9.58,9.9,9.25,9.58,9.35,9.5,,9.59,,,14339,138390.04,117,F1,1,,,,,
2026-09-25,2026-09-25,CM,NSE,STK,22777,INE0QJL01014,TCL,SM,,,,,THAAI CASTING LIMITED,130.0,131.0,123.95,124.0,124.0,130.95,,124.0,,,68000,8751120.0,32,F1,800,,,,,
2026-09-25,2026-09-25,CM,NSE,STK,762944,INE077P01034,THACKER,EQ,,,,,THACKER & CO. LTD.,951.0,1001.0,951.0,975.0,975.0,1008.0,,975.0,,,4,3898.0,4,F1,1,,,,,
2026-09-25,2026-09-25,CM,NSE,STK,762949,INE403F01017,THAKDEV,EQ,,,,,THAKKERS DEVELOPERS LTD.,135.0,136.35,134.95,134.99,134.99,131.44,,134.47,,,23,3118.27,8,F1,1,,,,,
2026-09-25,2026-09-25,CM,NSE,STK,18118,INE085J01014,THANGAMAYL,EQ,,,,,THANGAMAYIL JEWELLERY LTD,5179.5,5210.0,5085.0,5134.5,5105.0,5097.0,,5134.43,,,33970,174698914.0,7623,F1,1,,,,,
2026-09-25,2026-09-25,CM,NSE,STK,9014,INE294Z01018,ANUP,EQ,,,,,THE ANUP ENGINEERING LTD,1677.8,1700.0,1645.1,1677.1,1689.0,1670.1,,1677.38,,,15001,25161452.7,2614,F1,1,,,,,
2026-09-25,2026-09-25,CM,NSE,STK,7919,INE319B01014,BYKE,EQ,,,,,THE BYKE HOSPITALITY LTD,30.0,31.85,29.6,29.76,29.76,30.05,,29.78,,,19441,580789.32,168,F1,1,,,,,
2026-09-25,2026-09-25,CM,NSE,STK,13776,INE017A01032,GESHIP,EQ,,,,,THE GE SHPG.LTD,1479.0,1505.0,1468.0,1497.2,1500.0,1482.6,,1497.19,,,454472,676571607.5,22812,F1,1,,,,,
2026-09-25,2026-09-25,CM,NSE,STK,17770,INE646C01018,GROBTEA,EQ,,,,,THE GROB TEA COMPANY LTD,890.0,895.0,877.4,894.35,895.0,895.0,,894.35,,,183,162721.45,24,F1,1,,,,,
2026-09-25,2026-09-25,CM,NSE,STK,8568,INE127B01011,HITECHGEAR,BE,,,,,THE HI-TECH GEARS LIMITED,600.0,618.35,588.95,618.35,618.35,588.95,,618.5,,,3554,2191532.55,90,F1,1,,,,,
2026-09-25,2026-09-25,CM,NSE,STK,1515,INE383A01012,INDIACEM,EQ,,,,,THE INDIA CEMENTS LIMITED,330.1,334.6,319.2,323.1,321.25,330.1,,323.12,,,247095,79656523.15,13533,F1,1,,,,,
2026-09-25,2026-09-25,CM,NSE,STK,1512,INE053A01029,INDHOTEL,EQ,,,,,THE INDIAN HOTELS CO. LTD,726.1,731.25,721.95,726.8,726.8,728.8,,726.79,,,1538596,1115471795.15,32255,F1,1,,,,,
2026-09-25,2026-09-25,CM,NSE,STK,21427,INE924D01017,THEINVEST,EQ,,,,,THE INVEST TRUST OF IND L,93.01,97.45,92.4,93.86,93.5,92.63,,93.88,,,4243,402141.68,161,F1,1,,,,,
2026-09-25,2026-09-25,CM,NSE,STK,399,INE470Y01017,NIACL,EQ,,,,,THE NEW INDIA ASSU CO LTD,180.4,180.41,175.8,176.6,176.39,180.4,,176.61,,,1637051,290206923.22,22291,F1,1,,,,,
2026-09-25,2026-09-25,CM,NSE,STK,10318,INE431F01018,PKTEA,BE,,,,,THE P K TEA PROD CO LTD,1019.9,1020.0,963.0,1001.35,1010.0,998.35,,1001.35,,,1313,1289077.6,86,F1,1,,,,,
2026-09-25,2026-09-25,CM,NSE,STK,14552,INE211B01039,PHOENIXLTD,EQ,,,,,THE PHOENIX MILLS LTD,1944.2,1990.6,1900.1,1978.4,1978.4,1955.0,,1978.34,,,463656,916103856.9,26276,F1,1,,,,,
2026-09-25,2026-09-25,CM,NSE,STK,2043,INE331A01037,RAMCOCEM,EQ,,,,,THE RAMCO CEMENTS LIMITED,868.0,875.45,858.55,867.55,862.6,872.1,,867.55,,,301245,261349134.4,25243,F1,1,,,,,
2026-09-25,2026-09-25,CM,NSE,STK,2939,INE301D01026,RUBYMILLS,EQ,,,,,THE RUBY MILLS LTD,485.0,505.0,482.7,491.85,499.0,494.6,,491.63,,,13428,6646564.8,1072,F1,1,,,,,
2026-09-25,2026-09-25,CM,NSE,STK,5948,INE683A01023,SOUTHBANK,EQ,,,,,THE SOUTH INDIAN BANK LTD,50.05,50.68,49.01,49.95,49.9,49.9,,49.95,,,28889000,1441359245.77,68180,F1,1,,,,,
2026-09-25,2026-09-25,CM,NSE,STK,10948,INE655A01013,STCINDIA,EQ,,,,,THE STATE TRADING CORPN,111.7,111.7,108.75,109.35,109.55,109.85,,109.27,,,6167,675286.79,216,F1,1,,,,,
2026-09-25,2026-09-25,CM,NSE,STK,19578,INE071E01023,UGARSUGAR,EQ,,,,,THE UGAR SUGAR WORKS LTD,55.98,66.66,54.71,64.03,64.3,55.77,,64.03,,,13699429,859660042.88,62779,F1,1,,,,,
2026-09-25,2026-09-25,CM,NSE,STK,20481,INE215F01023,WIPL,EQ,,,,,THE WESTERN INDIA PLY LTD,166.6,169.47,163.11,168.46,168.47,166.6,,168.46,,,314,52560.56,28,F1,1,,,,,
2026-09-25,2026-09-25,CM,NSE,STK,19279,INE121N01019,THEJO,EQ,,,,,THEJO ENGINEERING LIMITED,2161.4,2199.0,2136.2,2185.0,2198.0,2168.8,,2185.0,,,4584,9973993.9,455,F1,1,,,,,
2026-09-25,2026-09-25,CM,NSE,STK,14485,INE083B01024,THEMISMED,EQ,,,,,THEMIS MEDICARE LTD.,119.9,120.46,115.85,116.93,116.5,118.1,,116.93,,,56963,6646476.57,1313,F1,1,,,,,
2026-09-25,2026-09-25,CM,NSE,STK,3475,INE152A01029,THERMAX,EQ,,,,,THERMAX LTD,3402.0,3460.7,3376.0,3447.2,3450.0,3406.1,,3447.58,,,71452,245027892.9,14149,F1,1,,,,,
2026-09-25,2026-09-25,CM,NSE,STK,25651,INE0SHE01019,THESL,ST,,,,,THINKING HATS ENTER SOL L,14.0,14.0,14.0,14.0,14.0,13.85,,14.0,,,3000,42000.0,1,F1,3000,,,,,
2026-09-25,2026-09-25,CM,NSE,STK,3496,INE338A01024,TIRUMALCHM,EQ,,,,,THIRUMALAI CHEMICALS LTD,163.15,163.2,158.72,160.93,160.8,162.95,,160.93,,,252816,40587527.63,6197,F1,1,,,,,
2026-09-25,2026-09-25,CM,NSE,STK,3481,INE332A01027,THOMASCOOK,EQ,,,,,THOMAS COOK (INDIA) LTD,104.0,104.0,102.2,103.47,103.1,103.97,,103.47,,,209188,21590994.1,3923,F1,1,,,,,
2026-09-25,2026-09-25,CM,NSE,STK,31017,INE480M01011,THOMASCOTT,EQ,,,,,THOMAS SCOTT (INDIA) LTD,235.05,282.0,232.9,248.65,246.9,235.0,,248.65,,,160337,40166442.35,2720,F1,1,,,,,
2026-09-25,2026-09-25,CM,NSE,STK,17032,INE594H01019,THYROCARE,EQ,,,,,THYROCARE TECH LTD,566.2,570.8,556.6,566.85,565.0,566.75,,566.83,,,129345,72827941.25,9021,F1,1,,,,,
2026-09-25,2026-09-25,CM,NSE,STK,759176,INE906O01029,TIGERLOGS,EQ,,,,,TIGER LOGISTICS (INDIA) L,27.0,27.36,25.81,26.33,26.34,26.36,,26.31,,,90978,2385037.36,726,F1,1,,,,,
2026-09-25,2026-09-25,CM,NSE,STK,25486,INE440L01017,TIJARIA,BE,,,,,TIJARIA POLYPIPES LTD,6.71,7.0,6.44,6.93,6.97,6.72,,6.93,,,47519,323066.67,133,F1,1,,,,,
2026-09-25,2026-09-25,CM,NSE,STK,9802,INE806C01018,TIL,BE,,,,,TIL LTD,253.05,256.6,248.1,251.11,253.0,256.16,,251.11,,,61092,15388442.54,379,F1,1,,,,,
2026-09-25,2026-09-25,CM,NSE,STK,19196,INE133E01013,TI,EQ,,,,,TILAKNAGAR INDUSTRIES LTD,590.0,590.0,575.05,581.7,580.05,587.55,,581.6,,,1372795,805508893.2,20436,F1,1,,,,,
2026-09-25,2026-09-25,CM,NSE,STK,14707,INE508G01029,TIMETECHNO,EQ,,,,,TIME TECHNOPLAST LTD.,179.31,182.09,178.06,181.22,181.5,179.31,,181.22,,,2079844,375618464.87,16243,F1,1,,,,,
2026-09-25,2026-09-25,CM,NSE,STK,762954,INE064A01026,TIMEX,EQ,,,,,TIMEX GROUP INDIA LTD.,719.2,735.0,706.45,732.05,728.0,710.8,,732.06,,,330363,240001806.9,22857,F1,1,,,,,
2026-09-25,2026-09-25,CM,NSE,STK,14198,INE325A01013,TIMKEN,EQ,,,,,TIMKEN INDIA LTD.,3268.5,3268.6,3192.0,3206.1,3206.0,3256.9,,3206.02,,,14197,45811791.3,4634,F1,1,,,,,
2026-09-25,2026-09-25,CM,NSE,STK,756020,INE015C01016,TINNARUBR,EQ,,,,,TINNA RUBBER AND INFR LTD,980.0,993.0,970.55,978.1,982.8,982.8,,978.34,,,28833,28288221.85,2866,F1,1,,,,,
2026-09-25,2026-09-25,CM,NSE,STK,11374,INE0LQS01015,TIPSFILMS,EQ,,,,,TIPS FILMS LIMITED,312.0,344.0,311.05,341.45,343.5,311.5,,341.43,,,24778,8283601.0,980,F1,1,,,,,
2026-09-25,2026-09-25,CM,NSE,STK,9117,INE716B01029,TIPSMUSIC,EQ,,,,,TIPS MUSIC LIMITED,665.05,672.0,651.1,668.95,667.0,662.05,,668.95,,,245082,162911929.75,13820,F1,1,,,,,
2026-09-25,2026-09-25,CM,NSE,STK,22284,INE319Y01024,TIRUPATIFL,BE,,,,,TIRUPATI FORGE LIMITED,78.28,78.28,78.28,78.28,78.28,79.87,,78.28,,,66450,5201706.0,279,F1,1,,,,,
2026-09-25,2026-09-25,CM,NSE,STK,15414,INE615H01020,TITAGARH,EQ,,,,,TITAGARH RAIL SYSTEMS LTD,816.0,825.0,811.15,822.6,822.75,819.25,,822.57,,,277001,226340670.65,15297,F1,1,,,,,
2026-09-25,2026-09-25,CM,NSE,STK,3506,INE280A01028,TITAN,EQ,,,,,TITAN COMPANY LIMITED,4855.0,4884.0,4821.5,4884.0,4884.0,4832.5,,4883.98,,,368677,1786314959.0,37248,F1,1,,,,,
2026-09-25,2026-09-25,CM,NSE,STK,3837,INE932C01012,TOKYOPLAST,EQ,,,,,TOKYO PLAST INTL LTD,75.63,75.63,73.15,74.0,74.0,75.62,,74.0,,,141,10465.29,11,F1,1,,,,,
2026-09-25,2026-09-25,CM,NSE,STK,25262,INE0RWQ01014,TOLINS,EQ,,,,,TOLINS TYRES LIMITED,91.1,91.77,87.9,88.11,88.5,90.14,,88.12,,,63412,5662006.58,2038,F1,1,,,,,
2026-09-25,2026-09-25,CM,NSE,STK,3518,INE685A01028,TORNTPHARM,EQ,,,,,TORRENT PHARMACEUTICALS L,4911.5,4990.5,4906.5,4988.5,4988.5,4928.5,,4988.45,,,386632,1919010948.5,24535,F1,1,,,,,
2026-09-25,2026-09-25,CM,NSE,STK,13786,INE813H01021,TORNTPOWER,EQ,,,,,TORRENT POWER LTD,1244.0,1264.9,1233.8,1254.6,1256.0,1244.2,,1254.75,,,120680,150029050.2,11405,F1,1,,,,,
2026-09-25,2026-09-25,CM,NSE,STK,22425,INE336X01012,TOTAL,BE,,,,,TOTAL TRANSPORT SYS LTD,71.93,71.98,69.1,70.86,70.9,71.93,,70.86,,,5212,362594.68,41,F1,1,,,,,
2026-09-25,2026-09-25,CM,NSE,STK,16908,INE486Y01013,TOUCHWOOD,EQ,,,,,TOUCHWOOD ENTERTAIN LTD.,61.16,61.66,60.06,60.14,60.11,61.78,,60.14,,,2191,131806.19,15,F1,1,,,,,
2026-09-25,2026-09-25,CM,NSE,STK,3466,INE305A01023,TFCILTD,EQ,,,,,TOURISM FINANCE CORP. OF,142.0,144.0,135.49,138.31,138.55,143.46,,138.31,,,30056074,4181355239.24,69590,F1,1,,,,,
2026-09-25,2026-09-25,CM,NSE,STK,765195,INE457P01020,TOYAMSL,EQ,,,,,TOYAM SPORTS LTD.,0.81,0.87,0.8,0.81,0.82,0.84,,0.81,,,2953375,2386441.04,427,F1,1,,,,,
2026-09-25,2026-09-25,CM,NSE,STK,9219,INE413G01022,TPLPLASTEH,EQ,,,,,TPL PLASTECH LIMITED,65.06,66.5,64.21,65.85,66.5,65.06,,65.86,,,98266,6422341.95,1003,F1,1,,,,,
2026-09-25,2026-09-25,CM,NSE,STK,11582,INE0HMF01019,TRACXN,EQ,,,,,TRACXN TECHNOLOGIES LTD,31.6,32.83,31.6,32.63,32.52,31.83,,32.61,,,84028,2726987.57,1929,F1,1,,,,,
2026-09-25,2026-09-25,CM,NSE,STK,15174,INE763I01026,TARIL,EQ,,,,,TRANS & RECTI. LTD,280.4,281.25,275.8,277.65,277.6,280.4,,277.67,,,703274,195255741.05,14682,F1,1,,,,,
2026-09-25,2026-09-25,CM,NSE,STK,765200,INE330E01023,TRANSCOR,EQ,,,,,TRANSCORP INTERNATIONAL L,24.65,24.99,23.51,24.05,24.01,24.41,,24.14,,,3293,79660.14,82,F1,1,,,,,
2026-09-25,2026-09-25,CM,NSE,STK,17795,INE0O3901029,TREL,EQ,,,,,TRANSINDIA REAL ESTATE L,27.8,28.65,27.0,28.32,28.5,27.8,,28.33,,,116098,3235069.01,4437,F1,1,,,,,
2026-09-25,2026-09-25,CM,NSE,STK,7669,INE687A01016,TRANSPEK,BE,,,,,TRANSPEK INDUSTRIES LTD,1326.0,1370.0,1301.0,1312.6,1340.0,1358.6,,1312.6,,,820,1101880.7,40,F1,1,,,,,
2026-09-25,2026-09-25,CM,NSE,STK,10580,INE688A01022,TCI,EQ,,,,,TRANSPORT CORPN OF INDIA,877.0,955.0,863.15,883.7,886.0,833.45,,883.78,,,5770660,5349947595.55,191367,F1,1,,,,,
2026-09-25,2026-09-25,CM,NSE,STK,28714,INE454P01035,TRANSRAILL,EQ,,,,,TRANSRAIL LIGHTING LTD,466.0,473.5,453.95,469.25,468.0,464.0,,469.24,,,697224,323259086.1,27205,F1,1,,,,,
2026-09-25,2026-09-25,CM,NSE,STK,19801,INE0NVI01020,TRANSTEEL,SM,,,,,TRANSTEEL SEATING TECH L,85.95,86.95,84.0,85.7,85.65,85.95,,85.7,,,21000,1792850.0,20,F1,1000,,,,,
2026-09-25,2026-09-25,CM,NSE,STK,14319,INE804H01012,TFL,EQ,,,,,TRANSWARRANTY FIN. LTD.,12.2,12.2,11.5,11.76,11.75,11.73,,11.76,,,3661,43320.81,49,F1,1,,,,,
2026-09-25,2026-09-25,CM,NSE,STK,8619,INE757B01015,TRANSWORLD,BE,,,,,TRANSWORLD SHIP LINES LTD,166.0,167.0,166.0,166.1,166.1,165.97,,166.1,,,1977,328426.4,7,F1,1,,,,,
2026-09-25,2026-09-25,CM,NSE,STK,757545,INE103V01028,TRAVELFOOD,EQ,,,,,TRAVEL FOOD SERVICES LTD,1214.0,1230.0,1191.0,1213.3,1210.0,1214.2,,1213.23,,,64775,78319246.3,8274,F1,1,,,,,
2026-09-25,2026-09-25,CM,NSE,STK,25082,INE040M01013,TREEHOUSE,EQ,,,,,TREE HOUSE EDU LTD,6.14,6.14,5.87,6.05,6.05,6.07,,6.05,,,22991,137740.89,77,F1,1,,,,,
2026-09-25,2026-09-25,CM,NSE,STK,7518,INE00CA01015,TREJHARA,EQ,,,,,TREJHARA SOLUTIONS LTD,134.15,146.9,134.0,144.79,143.3,135.31,,144.8,,,46259,6439003.37,1322,F1,1,,,,,
2026-09-25,2026-09-25,CM,NSE,STK,1964,INE849A01020,TRENT,EQ,,,,,TRENT LTD,2720.0,2720.0,2646.0,2669.3,2669.3,2700.0,,2669.22,,,1054993,2819974974.3,71292,F1,1,,,,,
2026-09-25,2026-09-25,CM,NSE,STK,17987,INE391D01019,TRF,EQ,,,,,TRF LIMITED,215.0,216.5,212.2,215.65,215.01,215.13,,215.65,,,6886,1477551.96,192,F1,1,,,,,
2026-09-25,2026-09-25,CM,NSE,STK,27041,INE760L01018,TBZ,BE,,,,,TRIB BHIMJI ZAVERI LTD,662.5,671.5,641.15,655.6,656.0,674.85,,655.65,,,317411,206852699.4,4406,F1,1,,,,,
2026-09-25,2026-09-25,CM,NSE,STK,9685,INE064C01022,TRIDENT,EQ,,,,,TRIDENT LIMITED,23.15,23.22,22.88,23.12,23.12,23.15,,23.12,,,2193149,50514952.98,11422,F1,1,,,,,
2026-09-25,2026-09-25,CM,NSE,STK,21078,INE0QD201012,TECHLABS,SM,,,,,TRIDENT TECHLABS LIMITED,119.3,119.3,114.4,117.85,118.8,114.9,,117.85,,,19875,2347175.0,98,F1,125,,,,,
2026-09-25,2026-09-25,CM,NSE,STK,5428,INE948A01012,TRIGYN,EQ,,,,,TRIGYN TECHNOLOGIES LTD,55.47,58.4,54.4,56.62,56.6,54.95,,56.64,,,225719,12718657.11,2685,F1,1,,,,,
2026-09-25,2026-09-25,CM,NSE,STK,764960,INE440G01017,TRITONV,EQ,,,,,TRITON VALVES LTD.,1100.1,1117.0,1039.7,1109.0,1113.8,1109.4,,1108.63,,,1322,1448035.0,347,F1,1,,,,,
2026-09-25,2026-09-25,CM,NSE,STK,13081,INE256C01024,TRIVENI,EQ,,,,,TRIVENI ENGG. & INDS. LTD,240.4,251.8,239.15,247.55,247.7,240.2,,247.55,,,1349570,333911170.75,28155,F1,1,,,,,
2026-09-25,2026-09-25,CM,NSE,STK,25584,INE152M01016,TRITURBINE,EQ,,,,,TRIVENI TURBINE LIMITED,552.0,558.75,546.4,554.2,554.95,551.8,,554.21,,,238357,131562021.05,35727,F1,1,,,,,
2026-09-25,2026-09-25,CM,NSE,STK,24642,INE0SYV01018,TROM,SM,,,,,TROM INDUSTRIES LIMITED,53.5,53.5,53.5,53.5,53.5,53.4,,53.5,,,600,32100.0,1,F1,600,,,,,
2026-09-25,2026-09-25,CM,NSE,STK,759210,INE0MWH01014,TRUALT,EQ,,,,,TRUALT BIOENERGY LIMITED,429.3,444.2,421.2,441.9,443.0,429.0,,441.91,,,442258,192823285.95,5566,F1,1,,,,,
2026-09-25,2026-09-25,CM,NSE,STK,9378,INE615R01029,TRU,EQ,,,,,TRUCAP FINANCE LIMITED,4.36,4.36,3.95,4.2,4.1,4.21,,4.2,,,44534,183934.9,209,F1,1,,,,,
2026-09-25,2026-09-25,CM,NSE,STK,23417,INE0SWN01019,TRUST,SM,,,,,TRUST FINTECH LIMITED,26.15,26.9,23.8,26.55,26.9,26.15,,26.55,,,30000,771870.0,43,F1,600,,,,,
2026-09-25,2026-09-25,CM,NSE,STK,757861,INE16VK01010,TSC,ST,,,,,TSC INDIA LIMITED,51.0,51.0,51.0,51.0,51.0,51.0,,51.0,,,2000,102000.0,1,F1,2000,,,,,
2026-09-25,2026-09-25,CM,NSE,STK,2183,INE202Z01029,TSFINV,EQ,,,,,TSF INVESTMENTS LIMITED,458.0,465.0,451.5,456.85,457.05,456.9,,456.85,,,133702,61546232.65,3546,F1,1,,,,,
2026-09-25,2026-09-25,CM,NSE,STK,11369,INE910C01018,TTKHLTCARE,EQ,,,,,TTK HEALTHCARE LIMITED,1045.4,1060.0,1023.3,1031.1,1035.0,1045.4,,1031.09,,,12141,12599595.4,1225,F1,1,,,,,
2026-09-25,2026-09-25,CM,NSE,STK,3546,INE690A01028,TTKPRESTIG,EQ,,,,,TTK PRESTIGE LTD,518.9,526.7,515.6,524.4,526.05,515.3,,524.4,,,21938,11469121.6,2279,F1,1,,,,,
2026-09-25,2026-09-25,CM,NSE,STK,312,INE974X01010,TIINDIA,EQ,,,,,TUBE INVEST OF INDIA LTD,2530.0,2547.8,2506.1,2511.1,2511.1,2540.5,,2511.21,,,78988,199547056.6,10349,F1,1,,,,,
2026-09-25,2026-09-25,CM,NSE,STK,24520,INE0OXV01027,TUNWAL,SM,,,,,TUNWAL E-MOTORS LIMITED,25.1,25.7,25.1,25.45,25.7,25.45,,25.45,,,48000,1211800.0,18,F1,2000,,,,,
2026-09-25,2026-09-25,CM,NSE,STK,756090,INE0OC301013,TURTLEMINT,EQ,,,,,TURTLEMINT FINTECH SOLS L,90.65,97.77,87.24,87.24,87.24,109.04,,87.24,,,17986707,1643088338.26,97845,F1,1,,,,,
2026-09-25,2026-09-25,CM,NSE,STK,765205,INE400A01014,TUTIALKA,EQ,,,,,TUTICORIN ALKAL CH & FE L,56.0,56.88,55.11,55.51,56.37,55.53,,55.28,,,3365,187024.73,62,F1,1,,,,,
2026-09-25,2026-09-25,CM,NSE,STK,11275,INE038F01029,TVTODAY,EQ,,,,,TV TODAY NETWORK LTD,108.5,108.5,106.0,106.36,106.01,107.77,,106.35,,,11374,1210904.85,654,F1,1,,,,,
2026-09-25,2026-09-25,CM,NSE,STK,18508,INE871L01013,TVVISION,BE,,,,,TV VISION LIMITED,3.05,3.2,2.9,2.92,3.0,3.05,,2.92,,,116228,355028.53,180,F1,1,,,,,
2026-09-25,2026-09-25,CM,NSE,STK,11265,INE236G01019,TVSELECT,EQ,,,,,TVS ELECTRONICS LTD,389.35,390.65,380.35,383.3,380.95,381.7,,383.35,,,17581,6757114.55,1297,F1,1,,,,,
2026-09-25,2026-09-25,CM,NSE,STK,29008,INE105A01035,TVSHLTD,EQ,,,,,TVS HOLDINGS LIMITED,12470.0,12675.0,12366.0,12601.0,12625.0,12501.0,,12601.14,,,2997,37422129.0,1453,F1,1,,,,,
2026-09-25,2026-09-25,CM,NSE,STK,8479,INE494B01023,TVSMOTOR,EQ,,,,,TVS MOTOR COMPANY  LTD,4075.0,4177.9,4075.0,4157.3,4157.3,4091.0,,4157.31,,,411326,1696520584.0,33668,F1,1,,,,,
2026-09-25,2026-09-25,CM,NSE,STK,14245,INE421C01016,TVSSRICHAK,EQ,,,,,TVS SRICHAKRA LIMITED,4420.0,4630.0,4413.5,4609.5,4605.0,4412.0,,4609.59,,,10416,47462547.5,2673,F1,1,,,,,
2026-09-25,2026-09-25,CM,NSE,STK,18151,INE395N01027,TVSSCS,EQ,,,,,TVS SUPPLY CHAIN SOL L,130.0,131.69,128.61,130.26,130.22,130.47,,130.27,,,420956,54829968.04,7347,F1,1,,,,,
2026-09-25,2026-09-25,CM,NSE,STK,19503,INE388G01026,TICL,BE,,,,,TWAMEV CONS AND INFRA LTD,6.42,6.42,5.92,6.42,6.42,6.12,,6.45,,,551359,3534845.16,227,F1,1,,,,,
2026-09-25,2026-09-25,CM,NSE,STK,764970,INE726E01014,UPHOT,EQ,,,,,U P HOTELS LTD.,1500.0,1500.0,1500.0,1500.0,1500.0,1500.0,,1547.95,,,8,12000.0,2,F1,1,,,,,
2026-09-25,2026-09-25,CM,NSE,STK,25629,INE152C01025,UYFINCORP,BE,,,,,U. Y. FINCORP LIMITED,19.4,19.5,19.04,19.32,19.5,19.26,,19.32,,,75222,1450873.98,137,F1,1,,,,,
2026-09-25,2026-09-25,CM,NSE,STK,7739,INE139B01016,UCAL,BE,,,,,UCAL LIMITED,142.4,144.0,139.0,142.56,144.0,141.45,,142.52,,,4127,584280.79,66,F1,1,,,,,
2026-09-25,2026-09-25,CM,NSE,STK,755996,INE583D07562,10UCL26,ND,,,,,UCL 10.00% SR I,1000.0,1000.0,995.0,995.0,995.0,1010.0,,995.88,,,112,111686.27,4,F1,1,,,,,
2026-09-25,2026-09-25,CM,NSE,STK,755998,INE583D07570,1039UCL26,NE,,,,,UCL 10.39% SR II,1037.9,1037.9,1037.9,1037.9,1037.9,1036.3,,1037.9,,,1,1037.9,1,F1,1,,,,,
2026-09-25,2026-09-25,CM,NSE,STK,756004,INE583D07596,1050UCL28,NH,,,,,UCL 10.50% SR V,1020.0,1020.0,1009.0,1009.0,1009.0,1009.0,,1009.0,,,82,82815.0,7,F1,1,,,,,
2026-09-25,2026-09-25,CM,NSE,STK,11223,INE691A01018,UCOBANK,EQ,,,,,UCO BANK,23.74,23.95,23.55,23.9,23.94,23.74,,23.9,,,2615016,62198293.76,10128,F1,1,,,,,
2026-09-25,2026-09-25,CM,NSE,STK,764965,INE551B01012,UDAYJEW,EQ,,,,,UDAY JEWELLERY INDS. LTD.,168.5,172.5,160.1,162.91,160.1,162.33,,162.95,,,85689,14429209.71,2146,F1,1,,,,,
2026-09-25,2026-09-25,CM,NSE,STK,14871,INE0N0Y01013,USK,EQ,,,,,UDAYSHIVAKUMAR INFRA LTD,19.61,20.83,19.5,19.86,19.85,19.61,,19.86,,,30738,612121.37,269,F1,1,,,,,
2026-09-25,2026-09-25,CM,NSE,STK,1053,INE516A01017,UFLEX,EQ,,,,,UFLEX LIMITED,662.8,668.0,648.0,664.2,668.0,661.55,,664.18,,,77164,50709363.7,3153,F1,1,,,,,
2026-09-25,2026-09-25,CM,NSE,STK,9039,INE527H01019,UFO,EQ,,,,,UFO MOVIEZ INDIA LTD.,59.55,61.3,59.3,59.73,60.7,59.53,,59.75,,,26279,1577244.27,470,F1,1,,,,,
2026-09-25,2026-09-25,CM,NSE,STK,5313,INE583D01011,UGROCAP,EQ,,,,,UGRO CAPITAL LIMITED,82.23,82.71,81.55,82.02,82.1,82.23,,82.02,,,90627,7435917.6,1074,F1,1,,,,,
2026-09-25,2026-09-25,CM,NSE,STK,23507,INE899L01030,UEL,EQ,,,,,UJAAS ENERGY LIMITED,186.0,188.09,180.01,183.73,185.0,188.09,,183.7,,,16391,2992256.47,819,F1,1,,,,,
2026-09-25,2026-09-25,CM,NSE,STK,15228,INE551W01018,UJJIVANSFB,EQ,,,,,UJJIVAN SMALL FINANC BANK,63.29,65.1,62.73,64.71,65.1,62.69,,64.71,,,13378426,853560265.96,86721,F1,1,,,,,
2026-09-25,2026-09-25,CM,NSE,STK,762961,INE405A01021,ULTRAMAR,EQ,,,,,ULTRAMARINE & PIGMENTS L,425.25,438.45,419.85,425.3,429.0,429.05,,425.38,,,28763,12197316.1,1784,F1,1,,,,,
2026-09-25,2026-09-25,CM,NSE,STK,11532,INE481G01011,ULTRACEMCO,EQ,,,,,ULTRATECH CEMENT LIMITED,11100.0,11184.0,11027.0,11155.0,11155.0,11056.0,,11153.93,,,191155,2122764349.0,39230,F1,1,,,,,
2026-09-25,2026-09-25,CM,NSE,STK,8845,INE0GIU01018,UMAEXPORTS,BE,,,,,UMA EXPORTS LIMITED,21.22,21.22,21.22,21.22,21.22,20.81,,21.5,,,1402,29750.44,8,F1,1,,,,,
2026-09-25,2026-09-25,CM,NSE,STK,8998,INE398B01018,UMIYA-MRO,EQ,,,,,UMIYA BUILDCON LIMITED,98.0,98.0,95.51,97.25,97.89,96.42,,97.29,,,6359,616028.79,338,F1,1,,,,,
2026-09-25,2026-09-25,CM,NSE,STK,3579,INE351A01035,UNICHEMLAB,EQ,,,,,UNICHEM LABORATORIES LTD,554.0,559.45,541.35,549.7,548.4,552.65,,549.73,,,50490,27713150.85,2951,F1,1,,,,,
2026-09-25,2026-09-25,CM,NSE,STK,24809,INE00U401027,UNIECOM,EQ,,,,,UNICOMMERCE ESOLUTIONS L,83.35,86.99,81.76,83.78,83.35,82.76,,83.78,,,514134,43472825.85,6433,F1,1,,,,,
2026-09-25,2026-09-25,CM,NSE,STK,18582,INE0PRF01011,UNIHEALTH,SM,,,,,UNIHEALTH HOSPITALS LTD,635.1,687.95,583.1,638.85,670.0,656.0,,638.85,,,80000,49333975.0,129,F1,500,,,,,
2026-09-25,2026-09-25,CM,NSE,STK,7791,INE481Z01011,UNIINFO,EQ,,,,,UNIINFO TELECOM SERVI LTD,11.29,11.4,10.73,10.97,11.39,11.29,,10.97,,,2307,25205.66,17,F1,1,,,,,
2026-09-25,2026-09-25,CM,NSE,STK,25633,INE0B2801011,UNILEX,SM,,,,,UNILEX COLOURS AND CHEM L,30.9,32.0,30.9,32.0,32.0,31.0,,32.0,,,6400,202240.0,4,F1,1600,,,,,
2026-09-25,2026-09-25,CM,NSE,STK,28960,INE0U3I01011,UNIMECH,EQ,,,,,UNIMECH AEROSPACE N MFG L,1699.9,1712.0,1640.9,1665.1,1667.0,1692.3,,1665.33,,,138995,232244529.3,17906,F1,1,,,,,
2026-09-25,2026-09-25,CM,NSE,STK,10753,INE692A01016,UNIONBANK,EQ,,,,,UNION BANK OF INDIA,178.78,180.72,178.34,180.2,180.2,179.45,,180.19,,,6466107,1161400898.88,27211,F1,1,,,,,
2026-09-25,2026-09-25,CM,NSE,STK,29687,INF582M01KS4,UNIONGOLD,EQ,,,,,UNIONAMC - UNIONGOLD,146.75,147.6,146.1,147.55,147.55,146.45,,147.55,,,478,70181.8,49,F1,1,,,,,
2026-09-25,2026-09-25,CM,NSE,STK,13057,INE244O01017,UNIPARTS,EQ,,,,,UNIPARTS INDIA LIMITED,850.35,859.0,832.75,847.2,848.0,850.35,,847.2,,,85608,72438623.0,6759,F1,1,,,,,
2026-09-25,2026-09-25,CM,NSE,STK,11293,INE037A01022,UNIENTER,EQ,,,,,UNIPHOS ENTERPRISES LTD,90.5,91.89,89.55,90.1,91.1,90.5,,90.1,,,2133,192240.51,57,F1,1,,,,,
2026-09-25,2026-09-25,CM,NSE,STK,3594,INE694A01020,UNITECH,EQ,,,,,UNITECH LTD,4.05,4.13,4.0,4.09,4.07,4.05,,4.09,,,2798979,11341194.98,1760,F1,1,,,,,
2026-09-25,2026-09-25,CM,NSE,STK,16713,INE686F01025,UBL,EQ,,,,,UNITED BREWERIES LTD,1270.2,1271.2,1243.2,1251.3,1247.8,1270.2,,1251.39,,,168060,211099252.8,7613,F1,1,,,,,
2026-09-25,2026-09-25,CM,NSE,STK,201,INE961D01019,UNIDT,EQ,,,,,UNITED DRILLING TOOLS LTD,257.73,260.82,238.24,241.71,244.9,259.76,,241.49,,,139221,34176121.04,4906,F1,1,,,,,
2026-09-25,2026-09-25,CM,NSE,STK,3133,INE382M01027,UFBL,BE,,,,,UNITED FOODBRANDS LIMITED,723.0,736.8,696.15,698.25,697.1,723.0,,698.18,,,26118,18526041.9,1049,F1,1,,,,,
2026-09-25,2026-09-25,CM,NSE,STK,25938,INE0SMR01011,UHTL,ST,,,,,UNITED HEAT TRANSFER LTD,199.45,199.65,199.45,199.65,199.65,195.75,,199.65,,,146000,29130900.0,42,F1,2000,,,,,
2026-09-25,2026-09-25,CM,NSE,STK,17999,INE458F01011,UNITEDTEA,EQ,,,,,UNITED NILGIRI TEA LTD,430.0,439.0,423.4,425.1,428.75,428.25,,425.1,,,2416,1031234.8,160,F1,1,,,,,
2026-09-25,2026-09-25,CM,NSE,STK,7560,INE368U01029,UNITEDPOLY,EQ,,,,,UNITED POLYFAB GUJ. LTD.,44.4,47.1,44.4,46.81,47.0,45.27,,46.8,,,1037819,48375035.56,1968,F1,1,,,,,
2026-09-25,2026-09-25,CM,NSE,STK,10447,INE854D01024,UNITDSPR,EQ,,,,,UNITED SPIRITS LIMITED,1423.3,1437.6,1417.3,1423.8,1423.8,1423.3,,1423.79,,,362455,516959779.7,20394,F1,1,,,,,
2026-09-25,2026-09-25,CM,NSE,STK,18979,INE562X01013,UNIVASTU,BE,,,,,UNIVASTU INDIA LIMITED,140.0,140.0,135.31,138.08,139.0,140.54,,138.08,,,45861,6303050.91,347,F1,1,,,,,
2026-09-25,2026-09-25,CM,NSE,STK,3607,INE279A01012,UNIVCABLES,EQ,,,,,UNIVERSAL CABLES LTD,1510.3,1549.0,1480.5,1494.0,1490.0,1517.0,,1494.11,,,69934,105739048.7,7462,F1,1,,,,,
2026-09-25,2026-09-25,CM,NSE,STK,17661,INE03V001013,UNIVPHOTO,BE,,,,,UNIVERSUS IMAGINGS LTD,548.25,548.25,527.0,547.25,548.0,549.85,,547.25,,,547,296130.55,22,F1,1,,,,,
2026-09-25,2026-09-25,CM,NSE,STK,14154,INE405E01023,UNOMINDA,EQ,,,,,UNO MINDA LIMITED,1224.4,1236.2,1215.1,1218.0,1218.0,1224.4,,1218.0,,,272547,332759732.3,23575,F1,1,,,,,
2026-09-25,2026-09-25,CM,NSE,STK,2883,INE530B08110,IIFLZC28,NG,,,,,UNSE RE NCD 0% SR.III,1661.8,1666.8,1656.2,1666.35,1666.35,1671.8,,1661.58,,,248,413070.2,12,F1,1,,,,,
2026-09-25,2026-09-25,CM,NSE,STK,2871,INE530B08094,10IIFL28A,NE,,,,,UNSE RE NCD 10% SR.I,1048.12,1060.0,1048.12,1060.0,1060.0,1048.12,,1060.0,,,4500,4759145.7,47,F1,1,,,,,
2026-09-25,2026-09-25,CM,NSE,STK,2877,INE530B08102,96IIFL28A,NF,,,,,UNSE RE NCD 9.6% SR.II,1001.94,1001.94,996.01,1000.0,1000.0,998.76,,999.0,,,1064,1064414.83,27,F1,1,,,,,
2026-09-25,2026-09-25,CM,NSE,STK,5212,INE477L08147,10IIFL28,N4,,,,,UNSEC RE NCD 10% SR.I,1005.0,1009.0,1004.0,1005.55,1005.55,1005.99,,1005.79,,,740,743818.3,20,F1,1,,,,,
2026-09-25,2026-09-25,CM,NSE,STK,5214,INE477L08154,96IIFL28,N5,,,,,UNSEC RE NCD 9.60% SR.II,1000.9,1001.95,999.0,1001.44,1001.95,996.54,,1001.44,,,1185,1186166.2,17,F1,1,,,,,
2026-09-25,2026-09-25,CM,NSE,STK,19045,INE866I08279,10IIFL29,N6,,,,,UNSEC RED NCD 10.0% SR. V,1040.0,1060.0,1040.0,1060.0,1060.0,1025.0,,1026.0,,,100,105000.0,2,F1,1,,,,,
2026-09-25,2026-09-25,CM,NSE,STK,21225,INE306N08292,910TCAP28,,,,,,UNSERENCD9.1%SRIIICIII&IV,1052.9,1052.9,1032.0,1032.0,1032.0,1035.0,,1032.0,,,66,68234.44,5,F1,1,,,,,
2026-09-25,2026-09-25,CM,NSE,STK,19113,INE851I01011,UDS,EQ,,,,,UPDATER SERVICES LIMITED,203.0,209.24,200.65,207.9,206.15,201.9,,207.93,,,103467,21335458.66,2570,F1,1,,,,,
2026-09-25,2026-09-25,CM,NSE,STK,11287,INE628A01036,UPL,EQ,,,,,UPL LIMITED,548.0,552.0,543.6,550.05,550.05,549.6,,550.05,,,2067628,1131559777.3,43353,F1,1,,,,,
2026-09-25,2026-09-25,CM,NSE,STK,17081,INE568Z01015,URAVIDEF,BE,,,,,URAVI DEFENCE &TECH LTD,105.0,105.0,103.0,103.0,103.0,103.0,,102.0,,,628,65077.23,31,F1,1,,,,,
2026-09-25,2026-09-25,CM,NSE,STK,759084,INE0CAZ01013,URBANCO,EQ,,,,,URBAN COMPANY LIMITED,171.59,171.59,167.3,168.99,169.06,171.26,,168.99,,,2063119,349025464.32,24222,F1,1,,,,,
2026-09-25,2026-09-25,CM,NSE,STK,16888,INE0O0201019,URBAN,SM,,,,,URBAN ENVIRO WASTE MGMT L,120.8,120.95,117.45,118.85,118.85,119.0,,118.85,,,12800,1534920.0,16,F1,800,,,,,
2026-09-25,2026-09-25,CM,NSE,STK,20203,INE550C01020,URJA,EQ,,,,,URJA GLOBAL LIMITED,8.98,9.0,8.87,8.95,8.96,9.0,,8.95,,,503556,4498094.87,2206,F1,1,,,,,
2026-09-25,2026-09-25,CM,NSE,STK,25952,INE0LS001014,USHAFIN,SM,,,,,USHA FINANCIAL SERVICES L,53.5,54.0,53.3,54.0,54.0,55.8,,54.0,,,16000,860160.0,10,F1,1600,,,,,
2026-09-25,2026-09-25,CM,NSE,STK,19142,INE240C01028,UMESLTD,EQ,,,,,USHA MARTIN EDU & SOL LTD,4.51,4.74,4.4,4.55,4.59,4.51,,4.55,,,21477,97405.04,128,F1,1,,,,,
2026-09-25,2026-09-25,CM,NSE,STK,8840,INE228A01035,USHAMART,EQ,,,,,USHA MARTIN LTD.,525.9,525.9,511.0,518.8,517.5,523.2,,518.81,,,404445,209443508.7,14401,F1,1,,,,,
2026-09-25,2026-09-25,CM,NSE,STK,527,INE094J01016,UTIAMC,EQ,,,,,UTI ASSET MNGMT CO LTD,907.9,907.9,893.6,901.85,905.5,907.9,,901.84,,,52484,47242104.05,7572,F1,1,,,,,
2026-09-25,2026-09-25,CM,NSE,STK,764180,INF789F1AG68,LIQUIDBETA,EQ,,,,,UTIAMC - LIQUIDBETA,1009.62,1009.64,1009.62,1009.64,1009.64,1009.22,,1009.64,,,194,195869.44,7,F1,1,,,,,
2026-09-25,2026-09-25,CM,NSE,STK,765431,INF789F1AG76,NIF500BETA,EQ,,,,,UTIAMC - NIF500BETA,36.41,36.44,36.14,36.19,36.19,36.24,,35.97,,,2766,100441.42,10,F1,1,,,,,
2026-09-25,2026-09-25,CM,NSE,STK,766104,INF789F1AH42,SECLEDBETA,EQ,,,,,UTIAMC - SECLEDBETA,14.32,14.92,14.2,14.92,14.92,14.25,,14.92,,,1179,16789.4,16,F1,1,,,,,
2026-09-25,2026-09-25,CM,NSE,STK,22440,INF789F1AUV1,BANKBETA,EQ,,,,,UTIAMC-BANKBETA,57.64,58.0,57.36,57.6,58.0,57.5,,57.6,,,69129,3981497.8,356,F1,1,,,,,
2026-09-25,2026-09-25,CM,NSE,STK,22524,INF789F1AZF3,GILT10BETA,EQ,,,,,UTIAMC-GILT10BETA,26.24,26.59,26.08,26.46,26.46,26.63,,26.46,,,1503,39370.83,25,F1,1,,,,,
2026-09-25,2026-09-25,CM,NSE,STK,22521,INF789F1AZE6,GILT5BETA,EQ,,,,,UTIAMC-GILT5BETA,66.43,66.6,65.66,65.66,65.66,66.49,,65.66,,,614,40651.15,20,F1,1,,,,,
2026-09-25,2026-09-25,CM,NSE,STK,22488,INF789F1AZD8,ITBETA,EQ,,,,,UTIAMC-ITBETA,292.83,297.0,292.83,296.55,295.63,300.34,,296.55,,,1387,408510.56,49,F1,1,,,,,
2026-09-25,2026-09-25,CM,NSE,STK,18347,INF789F1AYX9,MIDCAPBETA,EQ,,,,,UTIAMC-MIDCAPBETA,228.0,228.5,226.0,227.32,226.0,232.81,,227.32,,,5266,1195525.59,112,F1,1,,,,,
2026-09-25,2026-09-25,CM,NSE,STK,21478,INF789F1AUW9,NEXT50BETA,EQ,,,,,UTIAMC-NEXT50BETA,77.47,78.04,76.81,77.65,77.75,77.47,,77.65,,,396987,30731303.99,3364,F1,1,,,,,
2026-09-25,2026-09-25,CM,NSE,STK,10511,INF789F1AZC0,NIFTYBETA,EQ,,,,,UTIAMC-NIFTYBETA,258.36,258.36,255.39,256.69,257.07,256.77,,256.69,,,66583,17052035.64,457,F1,1,,,,,
2026-09-25,2026-09-25,CM,NSE,STK,10515,INF789FB1X58,SENSEXBETA,EQ,,,,,UTIAMC-SENSEXBETA,825.89,825.9,814.5,817.29,814.5,821.01,,817.25,,,2350,1919065.36,121,F1,1,,,,,
2026-09-25,2026-09-25,CM,NSE,STK,15085,INF789F1AYK6,SILVERBETA,EQ,,,,,UTIAMC-SILVERBETA,219.7,221.1,217.6,220.87,220.75,217.96,,220.87,,,309159,67883840.4,3109,F1,1,,,,,
2026-09-25,2026-09-25,CM,NSE,STK,9168,INF789F1AUU3,SNXT50BETA,EQ,,,,,UTIAMC-SNXT50BETA,91.81,93.0,91.5,91.87,92.42,92.27,,91.84,,,1008,92632.52,90,F1,1,,,,,
2026-09-25,2026-09-25,CM,NSE,STK,14535,INF789F1AUX7,GOLDBETA,EQ,,,,,UTIAMC-UTIGOLDBETA,126.85,126.85,125.8,126.65,126.4,125.8,,126.65,,,449086,56754400.75,1936,F1,1,,,,,
2026-09-25,2026-09-25,CM,NSE,STK,751580,INE1V1R01014,UTKAL,SM,,,,,UTKAL SPEC INDUS INDIA L,49.0,50.8,49.0,49.0,49.0,50.8,,49.0,,,14000,695700.0,7,F1,2000,,,,,
2026-09-25,2026-09-25,CM,NSE,STK,17358,INE735W01017,UTKARSHBNK,EQ,,,,,UTKARSH SMALL FIN BANK L,13.86,13.93,13.68,13.8,13.8,13.86,,13.8,,,3993057,54896280.86,4977,F1,1,,,,,
2026-09-25,2026-09-25,CM,NSE,STK,24726,INE06IJ01010,UTSSAV,SM,,,,,UTSSAV CZ GOLD JEWELS LTD,652.0,728.0,652.0,722.1,725.0,652.2,,722.1,,,189600,133665690.0,234,F1,600,,,,,
2026-09-25,2026-09-25,CM,NSE,STK,13376,INE786F01031,UTTAMSUGAR,EQ,,,,,UTTAM SUGAR MILLS LTD.,261.8,304.9,260.0,293.15,292.8,260.0,,293.15,,,2805051,813526824.0,53401,F1,1,,,,,
2026-09-25,2026-09-25,CM,NSE,STK,3188,INE0GXK01018,VMARCIND,SM,,,,,V MARC INDIA LIMITED,327.0,329.75,320.8,322.45,325.9,329.2,,322.45,,,93000,30192750.0,60,F1,1500,,,,,
2026-09-25,2026-09-25,CM,NSE,STK,765220,INE222F01029,VTMLTD,EQ,,,,,V T M LTD.,43.7,43.7,40.45,41.53,41.66,42.13,,41.53,,,72833,3007941.43,1548,F1,1,,,,,
2026-09-25,2026-09-25,CM,NSE,STK,15362,INE951I01027,VGUARD,EQ,,,,,V-GUARD IND LTD.,310.0,310.0,302.35,304.35,303.75,308.6,,304.35,,,313680,95483750.2,17509,F1,1,,,,,
2026-09-25,2026-09-25,CM,NSE,STK,24606,INE0QXL01015,VLINFRA,SM,,,,,V.L.INFRAPROJECTS LIMITED,25.15,25.15,24.5,24.55,24.55,25.0,,24.55,,,12000,297975.0,6,F1,1500,,,,,
2026-09-25,2026-09-25,CM,NSE,STK,14766,INE945H01021,V2RETAIL,EQ,,,,,V2 RETAIL LIMITED,214.94,214.94,210.66,214.72,214.84,214.47,,214.71,,,612614,130757846.47,9338,F1,1,,,,,
2026-09-25,2026-09-25,CM,NSE,STK,20188,INE956G01038,WABAG,EQ,,,,,VA TECH WABAG LTD,2029.6,2049.5,1991.1,2008.4,2011.0,2029.2,,2008.44,,,272100,548899003.5,22100,F1,1,,,,,
2026-09-25,2026-09-25,CM,NSE,STK,764975,INE693D01018,VADILENT,EQ,,,,,VADILAL ENTERPRISES LTD.,10280.0,10399.0,10250.0,10265.0,10250.0,10303.0,,10265.0,,,10,103068.0,9,F1,1,,,,,
2026-09-25,2026-09-25,CM,NSE,STK,24196,INE694D01016,VADILALIND,EQ,,,,,VADILAL INDUSTRIES LTD,7415.0,7578.0,7396.0,7534.5,7540.0,7413.5,,7534.42,,,6174,46288047.5,2034,F1,1,,,,,
2026-09-25,2026-09-25,CM,NSE,STK,11364,INE884A01027,VAIBHAVGBL,EQ,,,,,VAIBHAV GLOBAL LIMITED,205.0,208.0,203.37,206.38,206.95,205.25,,206.38,,,182205,37494242.23,4931,F1,1,,,,,
2026-09-25,2026-09-25,CM,NSE,STK,8262,INE0JR301013,MADHAVBAUG,ST,,,,,VAIDYA SANE AYUR LAB LTD,160.05,162.0,160.0,161.25,161.1,168.0,,161.25,,,5200,834620.0,13,F1,400,,,,,
2026-09-25,2026-09-25,CM,NSE,STK,16589,INE972X01022,VAISHALI,EQ,,,,,VAISHALI PHARMA LIMITED,8.75,8.75,8.5,8.62,8.64,8.53,,8.62,,,54082,466543.25,197,F1,1,,,,,
2026-09-25,2026-09-25,CM,NSE,STK,13342,INE051B01021,VAKRANGEE,EQ,,,,,VAKRANGEE LIMITED,5.35,5.35,5.1,5.27,5.28,5.3,,5.27,,,1296324,6764181.73,2465,F1,1,,,,,
2026-09-25,2026-09-25,CM,NSE,STK,19220,INE0JWS01017,VALIANTLAB,BE,,,,,VALIANT LABORATORIES LTD,123.15,126.5,119.52,124.87,125.0,123.15,,124.89,,,62693,7787572.69,295,F1,1,,,,,
2026-09-25,2026-09-25,CM,NSE,STK,330,INE565V01010,VALIANTORG,EQ,,,,,VALIANT ORGANICS LIMITED,406.05,418.0,406.0,410.45,411.25,411.35,,410.51,,,30685,12623177.15,842,F1,1,,,,,
2026-09-25,2026-09-25,CM,NSE,STK,18124,INE879I01012,DBREALTY,EQ,,,,,VALOR ESTATE LIMITED,100.99,100.99,98.2,100.08,99.3,100.22,,100.08,,,667369,66335686.41,5965,F1,1,,,,,
2026-09-25,2026-09-25,CM,NSE,STK,763304,INE1E7Y01018,VALUE360,SM,,,,,VALUE 360 COMMUNICATION L,59.8,60.0,59.8,59.95,59.95,56.35,,59.95,,,7200,431460.0,6,F1,1200,,,,,
2026-09-25,2026-09-25,CM,NSE,STK,13403,INE116G01013,VARDHACRLC,BE,,,,,VARDHAMAN ACRYLICS LTD,43.2,44.95,43.2,44.19,44.0,43.95,,44.19,,,24684,1094939.03,155,F1,1,,,,,
2026-09-25,2026-09-25,CM,NSE,STK,11892,INE701A01023,VHL,EQ,,,,,VARDHMAN HOLDINGS LIMITED,3375.0,3399.0,3350.5,3358.1,3352.0,3368.1,,3358.1,,,70,235699.1,47,F1,1,,,,,
2026-09-25,2026-09-25,CM,NSE,STK,3646,INE835A01029,VARDMNPOLY,EQ,,,,,VARDHMAN POLYTEX LTD.,5.95,5.95,5.76,5.85,5.91,5.81,,5.85,,,88139,517537.07,228,F1,1,,,,,
2026-09-25,2026-09-25,CM,NSE,STK,27067,INE050M01012,VSSL,EQ,,,,,VARDHMAN SPC STEEL LTD,405.0,415.6,404.0,411.5,410.05,405.0,,411.51,,,78218,32085711.45,3846,F1,1,,,,,
2026-09-25,2026-09-25,CM,NSE,STK,2073,INE825A01020,VTL,EQ,,,,,VARDHMAN TEXTILES LIMITED,564.0,564.2,550.0,554.0,552.6,563.6,,554.0,,,138210,77085634.9,8948,F1,1,,,,,
2026-09-25,2026-09-25,CM,NSE,STK,3857,INE665L01035,VARROC,EQ,,,,,VARROC ENGINEERING LTD.,830.0,840.95,827.5,834.85,838.35,833.4,,834.83,,,85714,71531059.4,8456,F1,1,,,,,
2026-09-25,2026-09-25,CM,NSE,STK,18921,INE200M01039,VBL,EQ,,,,,VARUN BEVERAGES LIMITED,428.3,436.6,428.3,434.8,434.8,431.25,,434.8,,,5365431,2322802494.65,39209,F1,1,,,,,
2026-09-25,2026-09-25,CM,NSE,STK,13771,INE273D01027,VGL,EQ,,,,,VARVEE GLOBAL LIMITED,66.52,68.0,66.31,67.28,67.71,66.52,,67.19,,,42751,2866632.14,529,F1,1,,,,,
2026-09-25,2026-09-25,CM,NSE,STK,16454,INE0N5801013,DENTALKART,SM,,,,,VASA DENTICITY LIMITED,410.05,416.95,410.0,414.0,414.0,413.25,,414.0,,,5000,2052775.0,9,F1,250,,,,,
2026-09-25,2026-09-25,CM,NSE,STK,18110,INE893I01013,VASCONEQ,EQ,,,,,VASCON ENGINEERS LTD,37.0,38.0,34.06,34.76,34.78,33.29,,34.76,,,6719189,239067788.8,24054,F1,1,,,,,
2026-09-25,2026-09-25,CM,NSE,STK,25340,INE590L01019,VASWANI,EQ,,,,,VASWANI IND LTD,45.08,46.45,44.4,45.35,45.45,45.08,,45.38,,,21654,979600.34,382,F1,1,,,,,
2026-09-25,2026-09-25,CM,NSE,STK,9027,INE098201036,VCL,BE,,,,,VAXTEX COTFAB LIMITED,1.38,1.38,1.38,1.38,1.38,1.45,,1.38,,,293211,404631.18,176,F1,1,,,,,
2026-09-25,2026-09-25,CM,NSE,STK,757413,INE04HY07294,1025VCCL28,N0,,,,,VCCL 10.25% 2028,96368.3,96368.3,96368.3,96368.3,96368.3,84110.56,,96368.3,,,1,96368.3,1,F1,1,,,,,
2026-09-25,2026-09-25,CM,NSE,STK,761599,INE04HY07393,115VCCL31,N0,,,,,VCCL 11.5% 2031,97000.0,97000.0,96770.0,96770.0,96770.0,98999.0,,96770.0,,,3,290770.0,3,F1,1,,,,,
2026-09-25,2026-09-25,CM,NSE,STK,756916,INE04HY07229,12VCCL29B,N0,,,,,VCCL 12% 2029,99999.98,99999.98,99999.98,99999.98,99999.98,99998.99,,99999.98,,,1,99999.98,1,F1,1,,,,,
2026-09-25,2026-09-25,CM,NSE,STK,760558,INE04HY08011,125VCCL31,N0,,,,,VCCL 12.5% 2031,97000.0,97000.0,97000.0,97000.0,97000.0,97000.0,,97000.0,,,5,485000.0,5,F1,1,,,,,
2026-09-25,2026-09-25,CM,NSE,STK,25054,INE0U2M01015,VDEAL,SM,,,,,VDEAL SYSTEM LIMITED,112.0,116.9,106.0,112.5,112.5,118.25,,112.5,,,33000,3679830.0,55,F1,600,,,,,
2026-09-25,2026-09-25,CM,NSE,STK,8167,INE825V01034,MANYAVAR,EQ,,,,,VEDANT FASHIONS LIMITED,524.9,538.65,519.2,532.5,526.0,524.45,,532.51,,,199080,105846064.55,12821,F1,1,,,,,
2026-09-25,2026-09-25,CM,NSE,STK,750174,INE1CDF01017,VAML,EQ,,,,,VEDANTA ALUMINIUM METAL L,428.95,435.7,422.5,426.75,426.0,429.4,,426.76,,,5912626,2530671822.9,82572,F1,1,,,,,
2026-09-25,2026-09-25,CM,NSE,STK,750290,INE1CLE01013,VISL,EQ,,,,,VEDANTA IRON AND STEEL L,32.0,32.94,31.52,32.78,32.78,32.13,,32.78,,,17169111,555763554.17,36867,F1,1,,,,,
2026-09-25,2026-09-25,CM,NSE,STK,3063,INE205A01025,VEDL,EQ,,,,,VEDANTA LIMITED,266.25,267.25,264.3,266.35,266.35,267.5,,266.34,,,3768892,1001831523.0,41274,F1,1,,,,,
2026-09-25,2026-09-25,CM,NSE,STK,750368,INE704J01044,VOGL,EQ,,,,,VEDANTA OIL AND GAS LTD,34.5,34.93,34.25,34.37,34.38,34.53,,34.37,,,14085738,486070073.23,35511,F1,1,,,,,
2026-09-25,2026-09-25,CM,NSE,STK,750518,INE694L01019,VEDPOWER,EQ,,,,,VEDANTA POWER LIMITED,32.1,33.1,31.53,32.95,33.03,32.1,,32.95,,,14269362,462446720.15,42809,F1,1,,,,,
2026-09-25,2026-09-25,CM,NSE,STK,764980,INE359B01010,VEDAVAAG,EQ,,,,,VEDAVAAG SYSTEMS LTD.,20.6,24.19,20.6,23.45,23.4,21.31,,23.45,,,261746,6150533.86,2143,F1,1,,,,,
2026-09-25,2026-09-25,CM,NSE,STK,14019,INE484C01030,VEEDOL,EQ,,,,,VEEDOL CORPORATION LTD,1364.3,1400.9,1350.0,1393.4,1400.0,1364.3,,1393.4,,,13910,19098135.9,1316,F1,1,,,,,
2026-09-25,2026-09-25,CM,NSE,STK,766098,INE1JTV01015,VEEGALAND,BE,,,,,VEEGALAND DEVELOPERS LTD,143.2,145.0,140.0,141.16,141.5,142.38,,141.15,,,204051,28874045.18,1784,F1,1,,,,,
2026-09-25,2026-09-25,CM,NSE,STK,762969,INE232E01013,VELJAN,BE,,,,,VELJAN DENISON LTD.,2021.0,2100.0,1990.4,2094.7,2025.1,2067.9,,2077.17,,,244,507218.7,61,F1,1,,,,,
2026-09-25,2026-09-25,CM,NSE,STK,3757,INE398A01010,VENKEYS,EQ,,,,,VENKY S (INDIA) LIMITED,1667.0,1680.0,1636.0,1652.8,1659.6,1664.1,,1652.79,,,19252,31862200.0,2338,F1,1,,,,,
2026-09-25,2026-09-25,CM,NSE,STK,28847,INE781S01027,VENTIVE,EQ,,,,,VENTIVE HOSPITALITY LTD,572.7,572.7,564.0,565.05,564.0,572.75,,565.09,,,13304,7548236.35,668,F1,1,,,,,
2026-09-25,2026-09-25,CM,NSE,STK,9592,INE0JA001018,VENUSPIPES,EQ,,,,,VENUS PIPES & TUBES LTD,2215.8,2225.0,2135.0,2163.2,2150.0,2206.3,,2163.1,,,148235,321515852.1,14708,F1,1,,,,,
2026-09-25,2026-09-25,CM,NSE,STK,13859,INE411B01019,VENUSREM,EQ,,,,,VENUS REMEDIES LIMITED,1618.0,1705.0,1611.9,1668.4,1665.5,1624.8,,1668.46,,,36028,60018647.5,2822,F1,1,,,,,
2026-09-25,2026-09-25,CM,NSE,STK,8890,INE0IQ001011,VERANDA,EQ,,,,,VERANDA LEARNING SOL LTD,232.35,238.25,230.02,232.59,231.1,232.46,,232.59,,,410254,96081558.78,7250,F1,1,,,,,
2026-09-25,2026-09-25,CM,NSE,STK,23775,INE0SRI01019,VERITAAS,SM,,,,,VERITAAS ADVERTISING LTD,26.7,26.7,26.7,26.7,26.7,25.45,,26.7,,,2400,64080.0,2,F1,1200,,,,,
2026-09-25,2026-09-25,CM,NSE,STK,10757,INE0KXY23015,VERTIS,IV,,,,,VERTIS INFRASTRUCTURE TST,115.5,115.5,115.5,115.5,115.5,115.75,,115.5,,,425000,49087500.0,1,F1,25000,,,,,
2026-09-25,2026-09-25,CM,NSE,STK,18863,INE188Y01031,VERTOZ,EQ,,,,,VERTOZ LIMITED,37.29,37.29,35.5,36.29,36.0,36.73,,36.29,,,26721,973820.95,326,F1,1,,,,,
2026-09-25,2026-09-25,CM,NSE,STK,3676,INE386A01023,VESUVIUS,EQ,,,,,VESUVIUS INDIA LTD,392.0,394.55,387.6,389.1,389.9,391.85,,389.11,,,51904,20229311.75,2752,F1,1,,,,,
2026-09-25,2026-09-25,CM,NSE,STK,8652,INE918N01018,VETO,EQ,,,,,VETO SWITCHGEAR CABLE LTD,146.5,152.0,139.89,150.32,150.99,143.04,,150.32,,,354342,52270558.97,5150,F1,1,,,,,
2026-09-25,2026-09-25,CM,NSE,STK,14316,INE0MO401019,VIAZ,SM,,,,,VIAZ TYRES LIMITED,75.55,75.55,75.5,75.5,75.5,78.85,,75.5,,,4000,302100.0,2,F1,2000,,,,,
2026-09-25,2026-09-25,CM,NSE,STK,22730,INE0QTF01015,VSTL,EQ,,,,,VIBHOR STEEL TUBES LTD,113.0,114.43,111.0,113.76,112.72,112.87,,113.77,,,3529,399612.07,138,F1,1,,,,,
2026-09-25,2026-09-25,CM,NSE,STK,765252,INE761Q01015,VGCL,EQ,,,,,VIBRANT GLOBAL CAPITAL L,47.2,47.95,47.2,47.89,47.89,47.2,,46.24,,,54,2587.09,6,F1,1,,,,,
2026-09-25,2026-09-25,CM,NSE,STK,23386,INE048C01025,VHLTD,BE,,,,,VICEROY HOTELS LIMITED,130.0,130.0,123.0,125.36,125.0,129.16,,125.29,,,6373,799871.21,96,F1,1,,,,,
2026-09-25,2026-09-25,CM,NSE,STK,13536,INE632C01026,VIDHIING,EQ,,,,,VIDHI SPCLTY F INGRDNTS L,354.2,359.0,342.1,345.75,345.0,352.45,,345.75,,,12374,4299853.4,530,F1,1,,,,,
2026-09-25,2026-09-25,CM,NSE,STK,760224,INE14UN01029,VIDYAWIRES,EQ,,,,,VIDYA WIRES LIMITED,85.1,90.54,85.1,90.54,90.54,86.23,,90.59,,,1822959,164047732.13,7627,F1,1,,,,,
2026-09-25,2026-09-25,CM,NSE,STK,758898,INE1DM601016,VIGOR,SM,,,,,VIGOR PLAST INDIA LIMITED,97.5,101.0,90.9,100.0,101.0,101.0,,100.0,,,70400,6729680.0,42,F1,1600,,,,,
2026-09-25,2026-09-25,CM,NSE,STK,5585,INE043W01024,VIJAYA,EQ,,,,,VIJAYA DIAGNOSTIC CEN LTD,1528.0,1540.0,1504.0,1513.6,1510.0,1526.5,,1513.94,,,58184,88209216.8,12728,F1,1,,,,,
2026-09-25,2026-09-25,CM,NSE,STK,760121,INE0WL901019,VIJAYPD,SM,,,,,VIJAYPD CEUTICAL LIMITED,71.0,72.9,71.0,72.85,72.85,71.15,,72.85,,,8000,577500.0,4,F1,2000,,,,,
2026-09-25,2026-09-25,CM,NSE,STK,17695,INE159N01027,VIJIFIN,BE,,,,,VIJI FINANCE LIMITED,16.53,16.53,15.9,16.41,16.41,16.22,,16.4,,,845633,13835671.37,320,F1,1,,,,,
2026-09-25,2026-09-25,CM,NSE,STK,25756,INE806A01020,VIKASECO,EQ,,,,,VIKAS ECOTECH LIMITED,1.04,1.05,1.03,1.04,1.04,1.03,,1.04,,,889394,927134.19,866,F1,1,,,,,
2026-09-25,2026-09-25,CM,NSE,STK,9931,INE161L01027,VIKASLIFE,EQ,,,,,VIKAS LIFECARE LIMITED,1.25,1.25,1.23,1.23,1.24,1.24,,1.23,,,1320140,1634160.35,7988,F1,1,,,,,
2026-09-25,2026-09-25,CM,NSE,STK,759453,INE078V01014,VIKRAMSOLR,EQ,,,,,VIKRAM SOLAR LIMITED,161.4,161.41,160.0,160.31,160.5,160.42,,160.31,,,897713,143922355.63,9681,F1,1,,,,,
2026-09-25,2026-09-25,CM,NSE,STK,758973,INE01R501028,VIKRAN,EQ,,,,,VIKRAN ENGINEERING LTD,60.5,60.98,58.53,59.18,58.75,60.99,,59.18,,,2587537,153162655.75,15186,F1,1,,,,,
2026-09-25,2026-09-25,CM,NSE,STK,23909,INE0AZY01017,VILAS,SM,,,,,VILAS TRANSCORE LIMITED,390.1,399.7,383.1,395.0,395.0,399.35,,395.0,,,25500,9998262.5,92,F1,250,,,,,
2026-09-25,2026-09-25,CM,NSE,STK,16960,INE0L4V01013,VILINBIO,ST,,,,,VILIN BIO MED LIMITED,49.7,51.5,49.7,51.5,51.5,52.3,,51.5,,,20000,1008400.0,5,F1,4000,,,,,
2026-09-25,2026-09-25,CM,NSE,STK,13101,INE579C01029,VIMTALABS,EQ,,,,,VIMTA LABS LIMITED,602.35,619.0,594.6,599.3,601.0,597.5,,599.31,,,151067,90957206.35,8573,F1,1,,,,,
2026-09-25,2026-09-25,CM,NSE,STK,17364,INE410B01037,VINATIORGA,EQ,,,,,VINATI ORGANICS LTD,1194.1,1210.5,1192.0,1206.4,1205.0,1195.0,,1206.4,,,21752,26119846.3,3931,F1,1,,,,,
2026-09-25,2026-09-25,CM,NSE,STK,3694,INE707A01012,VINDHYATEL,EQ,,,,,VINDHYA TELELINKS LTD,2745.0,2817.7,2703.2,2719.8,2720.0,2767.5,,2719.83,,,41951,114934289.4,5980,F1,1,,,,,
2026-09-25,2026-09-25,CM,NSE,STK,3807,INE505Y01010,VINEETLAB,EQ,,,,,VINEET LABORATORIES LTD,35.84,36.24,34.32,34.85,34.9,34.93,,34.8,,,57655,2023492.36,929,F1,1,,,,,
2026-09-25,2026-09-25,CM,NSE,STK,763821,INE27V201011,VMOBILE,SM,,,,,VINIT MOBILE LIMITED,55.0,59.9,55.0,56.75,56.75,57.2,,56.75,,,12800,732160.0,11,F1,800,,,,,
2026-09-25,2026-09-25,CM,NSE,STK,12490,INE01KI01027,VINNY,EQ,,,,,VINNY OVERSEAS LIMITED,0.91,0.93,0.91,0.93,0.93,0.92,,0.93,,,133335,123014.97,161,F1,1,,,,,
2026-09-25,2026-09-25,CM,NSE,STK,766064,INE1A5U01014,VINOD,ST,,,,,VINOD TEXWORLD LIMITED,65.8,65.8,65.8,65.8,65.8,69.25,,65.8,,,4800,315840.0,4,F1,1200,,,,,
2026-09-25,2026-09-25,CM,NSE,STK,17905,INE0OSJ01014,VINSYS,ST,,,,,VINSYS IT SERVICES IND LT,583.0,583.0,582.0,582.0,582.0,573.8,,582.0,,,500,291250.0,2,F1,250,,,,,
2026-09-25,2026-09-25,CM,NSE,STK,25835,INE498Q01014,VINCOFE,EQ,,,,,VINTAGE COFFEE N BVRGS L,184.1,187.19,181.04,184.15,183.6,183.75,,184.17,,,911215,167605780.78,14020,F1,1,,,,,
2026-09-25,2026-09-25,CM,NSE,STK,19206,INE0OLS01010,VINYAS,SM,,,,,VINYAS INNOVATIVE TECH L,1515.0,1549.95,1515.0,1527.3,1523.0,1543.5,,1527.3,,,5500,8405245.0,47,F1,100,,,,,
2026-09-25,2026-09-25,CM,NSE,STK,16821,INE250B01029,VINYLINDIA,EQ,,,,,VINYL CHEMICALS (I) LTD.,220.8,222.95,218.25,219.85,219.5,220.32,,219.4,,,1993,438291.91,133,F1,1,,,,,
2026-09-25,2026-09-25,CM,NSE,STK,14843,INE450G01024,VIPCLOTHNG,EQ,,,,,VIP CLOTHING LIMITED,22.0,22.2,21.15,21.63,21.56,21.7,,21.63,,,45956,991138.58,239,F1,1,,,,,
2026-09-25,2026-09-25,CM,NSE,STK,3703,INE054A01027,VIPIND,EQ,,,,,VIP INDUSTRIES LTD,300.95,303.0,294.05,301.2,301.0,300.95,,301.27,,,208836,62340697.45,4126,F1,1,,,,,
2026-09-25,2026-09-25,CM,NSE,STK,8437,INE946H01037,VIPULLTD,BE,,,,,VIPUL LIMITED,10.52,10.7,10.22,10.36,10.48,10.56,,10.34,,,73134,759508.6,150,F1,1,,,,,
2026-09-25,2026-09-25,CM,NSE,STK,764990,INE467D01017,VIRAT,EQ,,,,,VIRAT INDUSTRIES LTD.,374.9,379.65,363.0,364.7,363.0,361.55,,365.28,,,7899,2935636.15,318,F1,1,,,,,
2026-09-25,2026-09-25,CM,NSE,STK,15295,INE539B01017,VIRINCHI,EQ,,,,,VIRINCHI LIMITED,14.0,14.07,13.75,13.81,13.99,13.81,,13.81,,,38149,529919.09,188,F1,1,,,,,
2026-09-25,2026-09-25,CM,NSE,STK,757060,INE0VRH01015,VGINFOTECH,SM,,,,,VIRTUAL GALAXY INFOTECH L,139.5,146.5,139.5,144.8,146.5,141.1,,144.8,,,33000,4717700.0,29,F1,1000,,,,,
2026-09-25,2026-09-25,CM,NSE,STK,765218,INE247C01023,VIRTUALG,BE,,,,,VIRTUAL GLOBAL EDU LTD,0.45,0.46,0.44,0.46,0.46,0.45,,0.45,,,81967,37135.52,106,F1,1,,,,,
2026-09-25,2026-09-25,CM,NSE,STK,761916,INE0I0T01010,VOEPL,EQ,,,,,VIRTUOSO OPTOELECTRONIC L,499.0,519.85,486.9,512.3,515.75,497.65,,512.3,,,65331,33146715.1,3051,F1,1,,,,,
2026-09-25,2026-09-25,CM,NSE,STK,13295,INE286H01012,VISACHROME,EQ,,,,,VISA CHROME LIMITED,35.5,37.95,34.53,34.54,34.53,36.34,,34.54,,,20791,735553.84,384,F1,1,,,,,
2026-09-25,2026-09-25,CM,NSE,STK,29877,INE370E01029,VIVIDHA,EQ,,,,,VISAGAR POLYTEX LTD,0.53,0.55,0.53,0.53,0.53,0.53,,0.53,,,228223,123894.04,145,F1,1,,,,,
2026-09-25,2026-09-25,CM,NSE,STK,4221,INE392A01021,VISAKAIND,EQ,,,,,VISAKA INDUSTRIES LIMITED,96.0,96.0,90.1,90.98,91.0,94.79,,90.98,,,349833,32260652.09,5177,F1,1,,,,,
2026-09-25,2026-09-25,CM,NSE,STK,24274,INE0BHK01012,VISAMAN,SM,,,,,VISAMAN GLOBAL SALES LTD,30.2,30.2,30.2,30.2,30.2,31.75,,30.2,,,5000,151000.0,5,F1,1000,,,,,
2026-09-25,2026-09-25,CM,NSE,STK,18708,INE0OWX01025,VISDEM,SM,,,,,VISDEM TECHNOSYS LIMITED,92.0,93.0,92.0,93.0,93.0,88.4,,93.0,,,3600,332700.0,3,F1,1200,,,,,
2026-09-25,2026-09-25,CM,NSE,STK,11773,INE755Q01025,VISHAL,EQ,,,,,VISHAL FABRICS LTD.,17.8,18.3,17.8,18.03,18.02,18.06,,18.02,,,34434,620597.03,258,F1,1,,,,,
2026-09-25,2026-09-25,CM,NSE,STK,27969,INE01EA01019,VMM,EQ,,,,,VISHAL MEGA MART LIMITED,105.45,105.69,103.0,103.5,103.5,105.46,,103.5,,,9381538,976082086.49,32594,F1,1,,,,,
2026-09-25,2026-09-25,CM,NSE,STK,6908,INE270I01022,VISHNU,EQ,,,,,VISHNU CHEMICALS LIMITED,706.75,709.6,689.65,697.65,693.4,703.25,,697.68,,,66047,46073665.7,4187,F1,1,,,,,
2026-09-25,2026-09-25,CM,NSE,STK,18341,INE0AE001013,VPRPL,EQ,,,,,VISHNU PRAKASH R PUNGLI L,32.9,32.98,32.2,32.5,32.59,32.9,,32.51,,,225414,7319029.56,1188,F1,1,,,,,
2026-09-25,2026-09-25,CM,NSE,STK,19300,INE0PQ001012,VISHNUINFR,SM,,,,,VISHNUSURYA PROJ N INFR L,150.0,150.0,147.8,147.8,147.8,150.0,,147.8,,,8500,1260225.0,11,F1,500,,,,,
2026-09-25,2026-09-25,CM,NSE,STK,13702,INE430N01022,VISHWARAJ,EQ,,,,,VISHWARAJ SUGAR IND LTD,5.35,5.62,5.31,5.48,5.49,5.28,,5.48,,,673898,3650019.98,1130,F1,1,,,,,
2026-09-25,2026-09-25,CM,NSE,STK,25231,INE0TR001017,VIESL,SM,,,,,VISION INFRA EQUIP SOL L,371.1,377.5,370.0,372.0,372.0,369.05,,372.0,,,41600,15536120.0,30,F1,800,,,,,
2026-09-25,2026-09-25,CM,NSE,STK,761148,INE0L4K01016,VITAL,EQ,,,,,VITAL CHEMTECH LIMITED,56.94,56.94,52.0,53.0,53.0,54.37,,53.0,,,9180,493058.57,84,F1,1,,,,,
2026-09-25,2026-09-25,CM,NSE,STK,763636,INE0MEG01014,VIVIANA,EQ,,,,,VIVIANA POWER TECH LTD,702.8,728.0,700.0,719.55,710.5,706.25,,719.55,,,19704,14078765.7,1624,F1,1,,,,,
2026-09-25,2026-09-25,CM,NSE,STK,761768,INE24H301028,VIVIDEL,SM,,,,,VIVID ELECTROMECH LIMITED,1790.0,1790.0,1750.25,1773.7,1790.0,1790.0,,1773.7,,,6480,11478180.0,25,F1,240,,,,,
2026-09-25,2026-09-25,CM,NSE,STK,11968,INE526G01021,VIVIMEDLAB,BE,,,,,VIVIMED LABS LIMITED,5.5,5.55,5.35,5.55,5.55,5.45,,5.55,,,14406,79746.95,28,F1,1,,,,,
2026-09-25,2026-09-25,CM,NSE,STK,764995,INE380K01017,VIVOBIOT,EQ,,,,,VIVO BIO TECH LTD.,16.67,17.4,16.08,16.79,16.8,16.08,,16.79,,,6740,113178.27,54,F1,1,,,,,
2026-09-25,2026-09-25,CM,NSE,STK,14296,INE807F01027,VIYASH,EQ,,,,,VIYASH SCIENTIFIC LIMITED,244.4,247.55,242.5,244.35,244.05,246.0,,244.35,,,1325870,324616054.65,21331,F1,1,,,,,
2026-09-25,2026-09-25,CM,NSE,STK,18012,INE03HW01020,VLEGOV,EQ,,,,,VL E GOV AND IT SOL LTD,10.15,10.74,10.12,10.59,10.6,10.25,,10.6,,,89296,938432.94,297,F1,1,,,,,
2026-09-25,2026-09-25,CM,NSE,STK,3715,INE709A01018,VLSFINANCE,EQ,,,,,VLS FINANCE LTD,243.0,243.0,235.65,239.74,239.8,239.58,,239.77,,,7005,1678330.1,227,F1,1,,,,,
2026-09-25,2026-09-25,CM,NSE,STK,29284,INE665J01013,VMART,EQ,,,,,VMART RETAIL LTD,773.5,773.5,754.0,760.1,765.0,773.7,,760.09,,,108294,82166795.2,9423,F1,1,,,,,
2026-09-25,2026-09-25,CM,NSE,STK,759152,INE0SJA01013,VMSTMT,EQ,,,,,VMS TMT LIMITED,46.0,47.0,45.25,46.48,47.0,46.13,,46.49,,,19008,876163.65,391,F1,1,,,,,
2026-09-25,2026-09-25,CM,NSE,STK,14366,INE669E01016,IDEA,EQ,,,,,VODAFONE IDEA LIMITED,14.15,14.38,14.08,14.26,14.26,14.12,,14.26,,,309260435,4401834658.6,314260,F1,1,,,,,
2026-09-25,2026-09-25,CM,NSE,STK,765000,INE285C01015,VOITHPAPR,EQ,,,,,VOITH PAPER FABRICS IND L,1439.0,1467.9,1423.8,1450.0,1450.0,1416.7,,1442.84,,,393,570239.1,103,F1,1,,,,,
2026-09-25,2026-09-25,CM,NSE,STK,29658,INE241X01014,VOLERCAR,SM,,,,,VOLER CAR LIMITED,231.5,231.5,231.5,231.5,231.5,229.5,,231.5,,,5600,1296400.0,1,F1,800,,,,,
2026-09-25,2026-09-25,CM,NSE,STK,13577,INE540H01012,VOLTAMP,EQ,,,,,VOLTAMP TRANSFORMERS LTD,10600.0,10775.0,10556.0,10709.0,10694.0,10587.0,,10709.15,,,9587,102168412.0,4563,F1,1,,,,,
2026-09-25,2026-09-25,CM,NSE,STK,3718,INE226A01021,VOLTAS,EQ,,,,,VOLTAS LTD,1109.9,1122.1,1103.9,1118.2,1118.2,1113.4,,1118.18,,,368727,411143548.7,15376,F1,1,,,,,
2026-09-25,2026-09-25,CM,NSE,STK,24321,INE0S2V01010,VRAJ,EQ,,,,,VRAJ IRON AND STEEL LTD,127.28,127.28,125.11,126.24,126.11,126.19,,126.24,,,9380,1183194.88,347,F1,1,,,,,
2026-09-25,2026-09-25,CM,NSE,STK,8696,INE366I01010,VRLLOG,EQ,,,,,VRL LOGISTICS LIMITED,292.95,293.05,288.1,289.7,288.7,291.65,,289.73,,,118757,34427055.9,3997,F1,1,,,,,
2026-09-25,2026-09-25,CM,NSE,STK,3724,INE710A01016,VSTIND,EQ,,,,,VST INDUSTRIES LTD,205.82,206.76,202.88,204.54,204.0,206.69,,204.58,,,89396,18336042.68,2544,F1,1,,,,,
2026-09-25,2026-09-25,CM,NSE,STK,24292,INE764D01017,VSTTILLERS,EQ,,,,,VST TILLERS TRACTORS LTD,4492.0,4544.2,4360.0,4473.3,4450.0,4516.7,,4472.94,,,14779,65549147.1,3137,F1,1,,,,,
2026-09-25,2026-09-25,CM,NSE,STK,765005,INE855A01019,WHBRADY,EQ,,,,,W H BRADY & CO. LTD.,475.25,491.0,466.0,491.0,491.0,498.95,,485.5,,,35,16472.25,8,F1,1,,,,,
2026-09-25,2026-09-25,CM,NSE,STK,762978,INE765D01022,WPIL,EQ,,,,,W P I L LTD.,429.7,445.5,425.45,430.4,430.55,435.8,,430.4,,,64064,27870400.05,2746,F1,1,,,,,
2026-09-25,2026-09-25,CM,NSE,STK,14828,INE100D01014,WSI,EQ,,,,,W.S.INDUSTRIES (I) LTD.,56.01,57.98,55.57,55.94,56.0,56.96,,55.94,,,22326,1262413.41,472,F1,1,,,,,
2026-09-25,2026-09-25,CM,NSE,STK,25907,INE377N01017,WAAREEENER,EQ,,,,,WAAREE ENERGIES LIMITED,2494.4,2516.0,2470.0,2495.0,2495.0,2482.0,,2493.96,,,616888,1537779780.7,40284,F1,1,,,,,
2026-09-25,2026-09-25,CM,NSE,STK,756038,INE299N01021,WAAREERTL,EQ,,,,,WAAREE RENEWABLE TECH LTD,830.0,837.05,823.0,832.9,832.0,832.3,,832.89,,,77627,64387197.7,7444,F1,1,,,,,
2026-09-25,2026-09-25,CM,NSE,STK,760259,INE0E7301029,WAKEFIT,EQ,,,,,WAKEFIT INNOVATIONS LTD,146.37,149.9,140.9,141.35,141.0,142.83,,141.35,,,527519,75809759.78,6825,F1,1,,,,,
2026-09-25,2026-09-25,CM,NSE,STK,3736,INE711A01022,WALCHANNAG,EQ,,,,,WALCHANDNAGAR INDUSTRIES,208.07,213.98,205.64,210.99,210.93,208.07,,210.99,,,463868,97437972.16,9514,F1,1,,,,,
2026-09-25,2026-09-25,CM,NSE,STK,5013,INE0G2G01015,WALPAR,SM,,,,,WALPAR NUTRITIONS LIMITED,27.95,27.95,25.8,27.45,27.45,26.65,,27.45,,,16000,437600.0,7,F1,2000,,,,,
2026-09-25,2026-09-25,CM,NSE,STK,14063,INE107F01022,WANBURY,EQ,,,,,WANBURY LIMITED,226.45,234.25,222.85,224.15,224.95,225.15,,224.14,,,119977,27036118.2,2397,F1,1,,,,,
2026-09-25,2026-09-25,CM,NSE,STK,765225,INE945P01024,WARDINMOBI,EQ,,,,,WARDWIZARD INNO & MOB L,5.72,5.86,5.56,5.57,5.6,5.62,,5.57,,,429093,2412234.34,1069,F1,1,,,,,
2026-09-25,2026-09-25,CM,NSE,STK,3745,INE054C01015,WATERBASE,EQ,,,,,WATERBASE LTD.,45.92,45.92,43.62,45.43,45.79,45.36,,45.4,,,7545,340557.87,197,F1,1,,,,,
2026-09-25,2026-09-25,CM,NSE,STK,762163,INE0LZF01039,CORDELIA,EQ,,,,,WATERWAYS LEISURE TOUR L,109.09,109.17,104.41,105.21,105.77,107.97,,105.21,,,1083139,114625252.61,10076,F1,1,,,,,
2026-09-25,2026-09-25,CM,NSE,STK,759215,INE0A3007065,1075WCA28,N0,,,,,WCAPL 10.75% 2028,8505.0,8505.0,8505.0,8505.0,8505.0,9879.79,,8505.0,,,10,85050.0,1,F1,1,,,,,
2026-09-25,2026-09-25,CM,NSE,STK,9862,INE082W01014,WEWIN,EQ,,,,,WE WIN LIMITED,48.91,49.01,47.75,48.26,48.26,49.01,,47.91,,,2296,110973.16,48,F1,1,,,,,
2026-09-25,2026-09-25,CM,NSE,STK,760482,INF2F0001370,TWCGOLDETF,EQ,,,,,WEALTH - TWCGOLDETF,149.75,150.06,148.58,149.99,149.97,149.01,,149.99,,,9324,1393659.44,140,F1,1,,,,,
2026-09-25,2026-09-25,CM,NSE,STK,1923,INE658T01017,WEALTH,EQ,,,,,WEALTH FRST PORT. MG. LTD,840.05,849.95,829.75,834.95,838.1,839.25,,834.95,,,51360,42639488.65,163,F1,1,,,,,
2026-09-25,2026-09-25,CM,NSE,STK,14602,INE855C01023,WEBELSOLAR,EQ,,,,,WEBSOL ENERGY SYSTEM LTD,74.02,75.1,72.55,73.23,73.15,74.07,,73.23,,,1267143,93265182.9,9149,F1,1,,,,,
2026-09-25,2026-09-25,CM,NSE,STK,3748,INE080A01014,WEIZMANIND,EQ,,,,,WEIZMANN LTD,71.6,73.61,71.46,73.0,73.6,71.67,,73.0,,,1649,119559.44,24,F1,1,,,,,
2026-09-25,2026-09-25,CM,NSE,STK,11821,INE191B01025,WELCORP,EQ,,,,,WELSPUN CORP LIMITED,2752.9,2837.5,2752.9,2832.4,2824.4,2692.2,,2832.39,,,2763523,7761081841.5,134337,F1,1,,,,,
2026-09-25,2026-09-25,CM,NSE,STK,11626,INE625G01013,WELENT,EQ,,,,,WELSPUN ENTERPRISES LTD.,748.1,766.85,747.25,754.5,755.5,749.15,,754.49,,,283394,214130564.0,9579,F1,1,,,,,
2026-09-25,2026-09-25,CM,NSE,STK,19804,INE389K01018,WELINV,BE,,,,,WELSPUN INV & COMM LTD,2457.0,2499.9,2457.0,2499.9,2499.9,2457.0,,2407.65,,,20,49826.4,5,F1,1,,,,,
2026-09-25,2026-09-25,CM,NSE,STK,11253,INE192B01031,WELSPUNLIV,EQ,,,,,WELSPUN LIVING LIMITED,222.4,226.41,219.27,224.68,225.01,222.32,,224.68,,,2858135,636936877.65,34713,F1,1,,,,,
2026-09-25,2026-09-25,CM,NSE,STK,762971,INE731F01037,WELSPLSOL,EQ,,,,,WELSPUN SPECIALTY SOL L,53.86,55.7,52.6,55.0,55.7,53.46,,54.98,,,563618,30485280.19,3421,F1,1,,,,,
2026-09-25,2026-09-25,CM,NSE,STK,4235,INE274C01019,WENDT,EQ,,,,,WENDT (INDIA) LIMITED,8532.0,8803.5,8515.5,8646.0,8640.0,8525.5,,8645.96,,,7895,68433958.0,2501,F1,1,,,,,
2026-09-25,2026-09-25,CM,NSE,STK,3799,INE976A01021,WSTCSTPAPR,EQ,,,,,WEST COAST PAPER MILLS LT,735.0,741.4,707.0,731.9,726.5,737.95,,731.91,,,179172,129756085.5,11060,F1,1,,,,,
2026-09-25,2026-09-25,CM,NSE,STK,25403,INE0CJF01024,WCIL,EQ,,,,,WESTERN CARRIERS (IND) L,94.3,96.7,93.82,94.77,94.4,95.78,,94.77,,,179760,17100017.11,1882,F1,1,,,,,
2026-09-25,2026-09-25,CM,NSE,STK,11580,INE274F01020,WESTLIFE,EQ,,,,,WESTLIFE FOODWORLD LTD,574.7,583.15,564.75,578.1,573.3,569.25,,578.1,,,437736,250242830.95,14352,F1,1,,,,,
2026-09-25,2026-09-25,CM,NSE,STK,759434,INE085001019,WEWORK,EQ,,,,,WEWORK INDIA MANAGEMENT L,650.05,661.9,634.9,652.55,645.0,651.7,,652.56,,,170103,109369553.7,13405,F1,1,,,,,
2026-09-25,2026-09-25,CM,NSE,STK,3766,INE715A01015,WHEELS,EQ,,,,,WHEELS INDIA LTD,2260.0,2355.0,2194.2,2296.4,2345.0,2180.8,,2297.39,,,615400,1396356946.3,34288,F1,1,,,,,
2026-09-25,2026-09-25,CM,NSE,STK,18011,INE716A01013,WHIRLPOOL,EQ,,,,,WHIRLPOOL OF INDIA LTD,855.0,960.0,835.55,918.9,903.55,853.45,,918.86,,,27943285,25828578690.6,575247,F1,1,,,,,
2026-09-25,2026-09-25,CM,NSE,STK,3772,INE210A01017,WILLAMAGOR,EQ,,,,,WILLIAMSON MAGOR,23.4,23.9,22.1,22.44,22.5,23.4,,22.44,,,3353,75533.11,55,F1,1,,,,,
2026-09-25,2026-09-25,CM,NSE,STK,5366,INE0H5O01029,WINDLAS,EQ,,,,,WINDLAS BIOTECH LIMITED,1090.4,1106.0,1080.0,1102.55,1104.95,1093.8,,1102.45,,,41768,45722075.25,4061,F1,1,,,,,
2026-09-25,2026-09-25,CM,NSE,STK,24969,INE052A01021,WINDMACHIN,EQ,,,,,WINDSOR MACHINES LIMITED,298.5,302.0,293.6,299.5,300.0,300.9,,299.54,,,25613,7622862.35,745,F1,1,,,,,
2026-09-25,2026-09-25,CM,NSE,STK,23714,INE0S3D01016,WINSOL,SM,,,,,WINSOL ENGINEERS LIMITED,105.0,109.45,104.0,107.3,107.25,107.65,,107.3,,,14800,1583620.0,33,F1,400,,,,,
2026-09-25,2026-09-25,CM,NSE,STK,3787,INE075A01022,WIPRO,EQ,,,,,WIPRO LTD,163.05,164.5,161.66,164.02,164.02,163.64,,164.04,,,9700283,1585494938.6,80693,F1,1,,,,,
2026-09-25,2026-09-25,CM,NSE,STK,22725,INE623Y01011,WTICAB,SM,,,,,WISE TRAVEL INDIA LIMITED,97.0,98.5,94.0,96.0,98.5,96.45,,96.0,,,18000,1717625.0,22,F1,500,,,,,
2026-09-25,2026-09-25,CM,NSE,STK,7506,INE049B01025,WOCKPHARMA,EQ,,,,,WOCKHARDT LIMITED,2290.0,2329.9,2243.0,2265.6,2263.9,2287.7,,2265.71,,,689934,1572787114.3,36745,F1,1,,,,,
2026-09-25,2026-09-25,CM,NSE,STK,25602,INE0OO201011,WOL3D,SM,,,,,WOL 3D INDIA LIMITED,130.7,130.7,130.7,130.7,130.7,132.0,,130.7,,,1000,130700.0,1,F1,1000,,,,,
2026-09-25,2026-09-25,CM,NSE,STK,19632,INE0Q9601016,WOMANCART,ST,,,,,WOMANCART LIMITED,101.0,102.4,99.0,99.6,100.85,100.65,,99.6,,,20400,2042640.0,51,F1,400,,,,,
2026-09-25,2026-09-25,CM,NSE,STK,7835,INE02WG01024,WEL,EQ,,,,,WONDER ELECTRICALS LTD,75.0,75.69,74.0,74.62,74.65,74.18,,74.62,,,439933,32879952.25,2196,F1,1,,,,,
2026-09-25,2026-09-25,CM,NSE,STK,3002,INE066O01014,WONDERLA,EQ,,,,,WONDERLA HOLIDAYS LTD.,508.0,513.4,508.0,510.15,510.05,509.95,,510.14,,,43470,22186066.85,2124,F1,1,,,,,
2026-09-25,2026-09-25,CM,NSE,STK,22277,INE196Y01018,WORTHPERI,EQ,,,,,WORTH PERIPHERALS LIMITED,144.05,148.0,144.05,144.94,145.85,147.26,,145.11,,,952,138413.9,32,F1,1,,,,,
2026-09-25,2026-09-25,CM,NSE,STK,11705,INE692G01013,XCHANGING,EQ,,,,,XCHANGING SOLUTIONS LTD,62.0,62.0,60.12,61.42,61.24,60.35,,61.42,,,64422,3938376.45,1036,F1,1,,,,,
2026-09-25,2026-09-25,CM,NSE,STK,8477,INE01P501012,XELPMOC,EQ,,,,,XELPMOC DESIGN & TECH LTD,75.3,89.5,75.1,89.5,89.5,74.59,,89.5,,,129401,11040005.6,1129,F1,1,,,,,
2026-09-25,2026-09-25,CM,NSE,STK,11407,INE445C01015,XPROINDIA,EQ,,,,,XPRO INDIA LIMITED,1220.0,1248.1,1168.0,1197.1,1199.0,1207.0,,1197.41,,,45394,54365179.0,5319,F1,1,,,,,
2026-09-25,2026-09-25,CM,NSE,STK,25235,INE547B01028,XTGLOBAL,EQ,,,,,XTGLOBAL INFOTECH LIMITED,29.85,29.85,28.7,29.44,29.14,29.26,,29.44,,,20689,607563.69,342,F1,1,,,,,
2026-09-25,2026-09-25,CM,NSE,STK,764312,INE0NG701011,XTRANET,EQ,,,,,XTRANET TECHNOLOGIES LTD,318.0,328.5,298.03,300.79,299.65,313.71,,300.78,,,724833,224739095.81,14589,F1,1,,,,,
2026-09-25,2026-09-25,CM,NSE,STK,760870,INE0U0J01015,YAAP,SM,,,,,YAAP DIGITAL LIMITED,129.4,129.4,120.05,123.2,126.4,122.5,,123.2,,,10000,1238850.0,10,F1,1000,,,,,
2026-09-25,2026-09-25,CM,NSE,STK,23451,INE0TO601017,YASHOPTICS,SM,,,,,YASH OPTICS & LENS LTD,131.0,134.9,131.0,134.45,134.9,131.35,,134.45,,,5600,747480.0,7,F1,800,,,,,
2026-09-25,2026-09-25,CM,NSE,STK,18131,INE616Z01012,YASHO,EQ,,,,,YASHO INDUSTRIES LIMITED,4055.4,4274.9,3992.7,4234.1,4216.0,4043.7,,4234.07,,,45970,192040046.5,8733,F1,1,,,,,
2026-09-25,2026-09-25,CM,NSE,STK,17738,INE0JO301016,YATHARTH,EQ,,,,,YATHARTH HOSP & TRA C S L,1162.3,1162.3,1117.2,1121.4,1122.5,1157.0,,1121.35,,,304843,343641375.7,22963,F1,1,,,,,
2026-09-25,2026-09-25,CM,NSE,STK,18760,INE0JR601024,YATRA,EQ,,,,,YATRA ONLINE LIMITED,105.99,105.99,101.96,103.84,103.05,105.2,,103.86,,,799222,82613286.26,7679,F1,1,,,,,
2026-09-25,2026-09-25,CM,NSE,STK,11915,INE528G01035,YESBANK,EQ,,,,,YES BANK LIMITED,22.48,22.58,22.35,22.5,22.5,22.44,,22.5,,,30426808,683402044.4,61339,F1,1,,,,,
2026-09-25,2026-09-25,CM,NSE,STK,765010,INE290E01011,YOGI,EQ,,,,,YOGI LTD.,165.9,169.0,160.15,161.1,161.11,164.0,,161.21,,,7353,1226379.84,99,F1,1,,,,,
2026-09-25,2026-09-25,CM,NSE,STK,18040,INE09FA01019,YUDIZ,SM,,,,,YUDIZ SOLUTIONS LIMITED,24.0,24.0,23.0,23.0,23.0,24.0,,23.0,,,1600,37600.0,2,F1,800,,,,,
2026-09-25,2026-09-25,CM,NSE,STK,5501,INE384C01016,YUKEN,EQ,,,,,YUKEN INDIA LIMITED,1127.1,1136.25,1093.8,1127.6,1129.0,1127.75,,1127.41,,,11780,13159279.45,1341,F1,1,,,,,
2026-09-25,2026-09-25,CM,NSE,STK,4229,INE116C01012,ZFSTEERING,EQ,,,,,Z F STEERING GEAR (I) LTD,765.0,765.0,736.05,750.85,754.9,746.1,,750.97,,,2158,1627869.1,336,F1,1,,,,,
2026-09-25,2026-09-25,CM,NSE,STK,23976,INE0ISZ01012,ZTECH,SM,,,,,Z-TECH (INDIA) LIMITED,429.0,447.9,429.0,441.6,444.5,429.15,,441.6,,,24000,10623225.0,52,F1,300,,,,,
2026-09-25,2026-09-25,CM,NSE,STK,18608,INE07K301024,ZAGGLE,EQ,,,,,ZAGGLE PREPA OCEAN SER L,179.48,181.44,176.0,178.84,179.73,178.22,,178.84,,,853946,152589290.6,9351,F1,1,,,,,
2026-09-25,2026-09-25,CM,NSE,STK,3812,INE256A01028,ZEEL,EQ,,,,,ZEE ENTERTAINMENT ENT LTD,78.37,78.37,76.64,76.87,76.81,78.17,,76.87,,,8793820,677627398.61,39847,F1,1,,,,,
2026-09-25,2026-09-25,CM,NSE,STK,20852,INE565L01011,ZEELEARN,EQ,,,,,ZEE LEARN LIMITED,6.89,7.1,6.71,6.94,6.93,6.77,,6.94,,,317285,2190381.85,661,F1,1,,,,,
2026-09-25,2026-09-25,CM,NSE,STK,14003,INE966H01019,ZEEMEDIA,EQ,,,,,ZEE MEDIA CORPORATION LTD,7.49,7.75,7.31,7.52,7.54,7.4,,7.52,,,969637,7213523.8,1378,F1,1,,,,,
2026-09-25,2026-09-25,CM,NSE,STK,7508,INE251B01027,ZENTEC,EQ,,,,,ZEN TECHNOLOGIES LIMITED,1649.0,1695.0,1613.7,1682.4,1687.0,1645.7,,1682.26,,,318892,526404633.5,25850,F1,1,,,,,
2026-09-25,2026-09-25,CM,NSE,STK,22803,INE0QWN01013,ZENITHDRUG,SM,,,,,ZENITH DRUGS LIMITED,43.2,45.0,42.8,42.8,42.8,44.4,,42.8,,,12000,520640.0,14,F1,800,,,,,
2026-09-25,2026-09-25,CM,NSE,STK,4176,INE058B01018,ZENITHEXPO,EQ,,,,,ZENITH EXPORTS LTD,197.49,204.0,197.49,203.0,203.0,195.53,,203.0,,,102,20701.49,3,F1,1,,,,,
2026-09-25,2026-09-25,CM,NSE,STK,14562,INE318D01020,ZENITHSTL,EQ,,,,,ZENITH STEEL PIP IND LTD,5.37,5.37,5.17,5.26,5.34,5.27,,5.26,,,82896,436189.99,266,F1,1,,,,,
2026-09-25,2026-09-25,CM,NSE,STK,1076,INE520A01027,ZENSARTECH,EQ,,,,,ZENSAR TECHNOLOGIES  LTD,422.4,436.0,416.15,434.9,433.1,422.55,,434.92,,,1049624,449179380.35,24633,F1,1,,,,,
2026-09-25,2026-09-25,CM,NSE,STK,22901,INF0R8F01042,GOLDCASE,EQ,,,,,ZERODHAAMC - GOLDCASE,23.64,23.7,23.51,23.67,23.7,23.5,,23.67,,,5079230,119922657.88,7744,F1,1,,,,,
2026-09-25,2026-09-25,CM,NSE,STK,21750,INF0R8F01034,LIQUIDCASE,EQ,,,,,ZERODHAAMC - LIQUIDCASE,116.11,116.11,116.09,116.1,116.11,116.06,,116.1,,,16875461,1959297601.19,8629,F1,1,,,,,
2026-09-25,2026-09-25,CM,NSE,STK,758705,INF0R8F01133,LTGILTCASE,EQ,,,,,ZERODHAAMC - LTGILTCASE,30.3,30.3,30.18,30.22,30.23,30.22,,30.22,,,251096,7585582.71,162,F1,1,,,,,
2026-09-25,2026-09-25,CM,NSE,STK,24077,INF0R8F01059,MID150CASE,EQ,,,,,ZERODHAAMC - MID150CASE,11.2,11.43,11.2,11.33,11.38,11.33,,11.33,,,838893,9495814.98,3209,F1,1,,,,,
2026-09-25,2026-09-25,CM,NSE,STK,759302,INF0R8F01166,NIFTYCASE,EQ,,,,,ZERODHAAMC - NIFTYCASE,9.54,9.54,9.2,9.3,9.32,9.31,,9.3,,,701336,6517187.8,1758,F1,1,,,,,
2026-09-25,2026-09-25,CM,NSE,STK,30274,INF0R8F01091,SILVERCASE,EQ,,,,,ZERODHAAMC - SILVERCASE,23.07,23.23,22.85,23.18,23.21,22.91,,23.18,,,3953843,91151862.14,5065,F1,1,,,,,
2026-09-25,2026-09-25,CM,NSE,STK,758955,INF0R8F01141,SML100CASE,EQ,,,,,ZERODHAAMC - SML100CASE,11.3,11.3,11.13,11.19,11.22,11.2,,11.19,,,1262270,14105065.5,1364,F1,1,,,,,
2026-09-25,2026-09-25,CM,NSE,STK,24081,INF0R8F01067,TOP100CASE,EQ,,,,,ZERODHAAMC - TOP100CASE,10.25,10.26,10.1,10.22,10.26,10.21,,10.22,,,324865,3316767.42,877,F1,1,,,,,
2026-09-25,2026-09-25,CM,NSE,STK,16915,INE342J01019,ZFCVINDIA,EQ,,,,,ZF COM VE CTR SYS IND LTD,2340.0,2361.0,2325.1,2354.2,2351.4,2345.5,,2354.47,,,34703,81466337.8,9186,F1,1,,,,,
2026-09-25,2026-09-25,CM,NSE,STK,12384,INE518E01015,ZIMLAB,EQ,,,,,ZIM LABORATORIES LIMITED,140.0,144.0,135.71,138.48,139.15,137.82,,138.48,,,179885,25074774.65,3093,F1,1,,,,,
2026-09-25,2026-09-25,CM,NSE,STK,3821,INE206B01013,ZODIACLOTH,EQ,,,,,ZODIAC CLOTHING CO. LTD.,68.6,70.8,68.6,70.27,70.8,69.23,,70.27,,,2226,155537.01,69,F1,1,,,,,
2026-09-25,2026-09-25,CM,NSE,STK,7129,INE761Y01019,ZODIAC,EQ,,,,,ZODIAC ENERGY LIMITED,225.0,227.98,219.22,223.04,224.92,227.44,,223.12,,,13144,2935551.5,815,F1,1,,,,,
2026-09-25,2026-09-25,CM,NSE,STK,11394,INE358U01012,ZOTA,EQ,,,,,ZOTA HEALTH CARE LIMITED,1333.5,1354.2,1326.5,1336.6,1344.8,1345.7,,1336.6,,,30110,40291148.4,2814,F1,1,,,,,
2026-09-25,2026-09-25,CM,NSE,STK,29050,INE840M01016,ZUARI,EQ,,,,,ZUARI AGRO CHEMICALS LTD,219.3,222.99,216.51,221.1,221.0,218.41,,221.08,,,67478,14853632.28,2612,F1,1,,,,,
2026-09-25,2026-09-25,CM,NSE,STK,3827,INE217A01012,ZUARIIND,EQ,,,,,ZUARI INDUSTRIES LIMITED,284.95,292.0,280.1,290.2,291.85,282.85,,290.23,,,227243,65638087.45,5202,F1,1,,,,,
2026-09-25,2026-09-25,CM,NSE,STK,7929,INE010B01027,ZYDUSLIFE,EQ,,,,,ZYDUS LIFESCIENCES LTD,1185.5,1208.6,1182.4,1203.9,1203.9,1180.3,,1203.87,,,1991779,2384476852.0,50760,F1,1,,,,,
2026-09-25,2026-09-25,CM,NSE,STK,17635,INE768C01028,ZYDUSWELL,EQ,,,,,ZYDUS WELLNESS LIMITED,520.15,524.0,513.35,520.6,522.0,520.15,,520.56,,,60614,31457193.4,5140,F1,1,,,,,
