TradDt,BizDt,Sgmt,Src,FinInstrmTp,FinInstrmId,ISIN,TckrSymb,SctySrs,XpryDt,FininstrmActlXpryDt,StrkPric,OptnTp,FinInstrmNm,OpnPric,HghPric,LwPric,ClsPric,LastPric,PrvsClsgPric,UndrlygPric,SttlmPric,OpnIntrst,ChngInOpnIntrst,TtlTradgVol,TtlTrfVal,TtlNbOfTxsExctd,SsnId,NewBrdLotQty,Rmks,Rsvd1,Rsvd2,Rsvd3,Rsvd4
2026-09-03,2026-09-03,CM,NSE,STK,19078,IN0020200104,SGBJUN28,GB,,,,,2.5%GOLDBONDS2028SR-III,15020.01,15275.0,15020.01,15131.45,15125.0,14850.0,,15131.45,,,98,1485211.57,31,F1,1,,,,,
2026-09-03,2026-09-03,CM,NSE,STK,1342,IN0020200286,SGBN28VIII,GB,,,,,2.5%GOLDBONDS2028SR-VIII,15295.0,15295.0,15101.0,15176.0,15152.0,14866.96,,15176.0,,,46,697336.17,14,F1,1,,,,,
2026-09-03,2026-09-03,CM,NSE,STK,3742,IN0020210053,SGBMAY29I,GB,,,,,2.5%GOLDBONDS2029SR-I,15000.0,15289.99,15000.0,15136.47,15132.01,14860.91,,15136.47,,,559,8490597.04,108,F1,1,,,,,
2026-09-03,2026-09-03,CM,NSE,STK,3743,IN0020210061,SGBJUN29II,GB,,,,,2.5%GOLDBONDS2029SR-II,15035.01,15200.0,15035.01,15135.0,15135.0,14868.88,,15135.0,,,55,833818.43,24,F1,1,,,,,
2026-09-03,2026-09-03,CM,NSE,STK,3800,IN0020210087,SGBJU29III,GB,,,,,2.5%GOLDBONDS2029SR-III,15012.01,15175.1,15012.01,15120.0,15120.0,14862.97,,15120.0,,,68,1029618.17,20,F1,1,,,,,
2026-09-03,2026-09-03,CM,NSE,STK,5575,IN0020210145,SGBSEP29VI,GB,,,,,2.5%GOLDBONDS2029SR-VI,15150.0,15649.0,15150.0,15352.09,15390.0,14891.34,,15352.09,,,117,1796599.04,41,F1,1,,,,,
2026-09-03,2026-09-03,CM,NSE,STK,6518,IN0020210178,SGBNV29VII,GB,,,,,2.5%GOLDBONDS2029SR-VII,15000.0,15248.11,15000.0,15158.0,15150.0,14885.57,,15157.03,,,191,2899078.2,38,F1,1,,,,,
2026-09-03,2026-09-03,CM,NSE,STK,6355,IN0020180314,SGBNOV26,GB,,,,,2.50%GOLDBONDS2026SR-III,15075.25,15150.0,15075.25,15150.0,15150.0,15151.0,,15125.0,,,11,166103.52,4,F1,1,,,,,
2026-09-03,2026-09-03,CM,NSE,STK,7654,IN0020180389,SGBDEC26,GB,,,,,2.50%GOLDBONDS2026SR-IV,15150.0,15150.0,15150.0,15150.0,15150.0,15550.0,,15100.0,,,1,15150.0,1,F1,1,,,,,
2026-09-03,2026-09-03,CM,NSE,STK,11154,IN0020190081,SGBJUL27,GB,,,,,2.50%GOLDBONDS2027SR-II,15149.99,15149.99,15149.99,15149.99,15149.99,15024.99,,15149.99,,,6,90899.94,4,F1,1,,,,,
2026-09-03,2026-09-03,CM,NSE,STK,12904,IN0020190107,SGBAUG27,GB,,,,,2.50%GOLDBONDS2027SR-III,15100.0,15239.98,15051.01,15105.26,15089.22,14959.21,,15091.83,,,34,513410.82,23,F1,1,,,,,
2026-09-03,2026-09-03,CM,NSE,STK,13209,IN0020190115,SGBSEP27,GB,,,,,2.50%GOLDBONDS2027SR-IV,15105.0,15299.99,15105.0,15251.0,15251.0,14915.02,,15251.0,,,96,1465910.46,5,F1,1,,,,,
2026-09-03,2026-09-03,CM,NSE,STK,14252,IN0020190388,SGBOCT27VI,GB,,,,,2.50%GOLDBONDS2027SR-VI,15150.0,15150.0,15150.0,15150.0,15150.0,14770.0,,15135.01,,,10,151500.0,3,F1,1,,,,,
2026-09-03,2026-09-03,CM,NSE,STK,15432,IN0020190461,SGBDC27VII,GB,,,,,2.50%GOLDBONDS2027SR-VII,15014.55,15200.0,15014.55,15150.0,15150.0,15090.0,,15150.0,,,12,181880.56,10,F1,1,,,,,
2026-09-03,2026-09-03,CM,NSE,STK,18862,IN0020200062,SGBAPR28I,GB,,,,,2.50%GOLDBONDS2028SR-I,15100.0,15270.0,15100.0,15180.84,15170.0,14890.48,,15191.25,,,145,2201251.53,32,F1,1,,,,,
2026-09-03,2026-09-03,CM,NSE,STK,18972,IN0020200088,SGBMAY28,GB,,,,,2.50%GOLDBONDS2028SR-II,15249.0,15249.0,15115.01,15123.33,15130.0,14861.71,,15137.37,,,52,787259.85,6,F1,1,,,,,
2026-09-03,2026-09-03,CM,NSE,STK,22242,IN0020200146,SGBJUL28IV,GB,,,,,2.50%GOLDBONDS2028SR-IV,15005.01,15191.98,14955.01,15116.01,15116.02,14843.67,,15114.82,,,343,5186232.63,57,F1,1,,,,,
2026-09-03,2026-09-03,CM,NSE,STK,22385,IN0020200161,SGBAUG28V,GB,,,,,2.50%GOLDBONDS2028SR-V,14931.0,15270.0,14931.0,15112.39,15105.01,14871.55,,15112.6,,,1907,28845532.58,185,F1,1,,,,,
2026-09-03,2026-09-03,CM,NSE,STK,149,IN0020200195,SGBSEP28VI,GB,,,,,2.50%GOLDBONDS2028SR-VI,15020.01,15220.0,15020.01,15159.8,15172.0,14946.66,,15159.8,,,158,2394974.73,65,F1,1,,,,,
2026-09-03,2026-09-03,CM,NSE,STK,834,IN0020200203,SGBOC28VII,GB,,,,,2.50%GOLDBONDS2028SR-VII,15115.01,15187.0,15115.0,15185.0,15185.0,14870.41,,15197.5,,,52,787551.2,11,F1,1,,,,,
2026-09-03,2026-09-03,CM,NSE,STK,17110,IN0020190537,SGBJ28VIII,GB,,,,,2.50%GOLDBONDS2028SR-VIII,14851.0,15197.9,14846.31,15099.9,15099.9,14846.31,,15099.9,,,52,779228.15,9,F1,1,,,,,
2026-09-03,2026-09-03,CM,NSE,STK,18451,IN0020190552,SGBMAR28X,GB,,,,,2.50%GOLDBONDS2028SR-X,15160.0,15160.0,15160.0,15160.0,15160.0,15000.0,,15160.0,,,3,45480.0,1,F1,1,,,,,
2026-09-03,2026-09-03,CM,NSE,STK,5113,IN0020210111,SGBJUL29IV,GB,,,,,2.50%GOLDBONDS2029SR-IV,15115.5,15190.0,15115.0,15127.94,15116.0,14895.64,,15126.97,,,291,4405037.3,49,F1,1,,,,,
2026-09-03,2026-09-03,CM,NSE,STK,1920,IN0020200377,SGBJAN29IX,GB,,,,,2.50%GOLDBONDS2029SR-IX,14955.01,15220.0,14906.56,15111.99,15111.99,14865.81,,15111.99,,,434,6577096.41,66,F1,1,,,,,
2026-09-03,2026-09-03,CM,NSE,STK,5455,IN0020210129,SGBAUG29V,GB,,,,,2.50%GOLDBONDS2029SR-V,15156.56,15475.0,15156.56,15237.2,15228.0,15108.38,,15237.2,,,83,1269836.36,27,F1,1,,,,,
2026-09-03,2026-09-03,CM,NSE,STK,7098,IN0020210228,SGBD29VIII,GB,,,,,2.50%GOLDBONDS2029SR-VIII,15397.0,15397.0,15105.0,15239.92,15201.0,14961.64,,15236.28,,,152,2319783.61,44,F1,1,,,,,
2026-09-03,2026-09-03,CM,NSE,STK,2003,IN0020200385,SGBJAN29X,GB,,,,,2.50%GOLDBONDS2029SR-X,15055.01,15135.0,15050.0,15108.22,15104.0,14891.07,,15108.22,,,89,1342999.49,28,F1,1,,,,,
2026-09-03,2026-09-03,CM,NSE,STK,2200,IN0020200393,SGBFEB29XI,GB,,,,,2.50%GOLDBONDS2029SR-XI,15115.01,15160.0,15080.0,15093.5,15093.5,14849.66,,15093.5,,,68,1028549.8,18,F1,1,,,,,
2026-09-03,2026-09-03,CM,NSE,STK,2810,IN0020200427,SGBMR29XII,GB,,,,,2.50%GOLDBONDS2029SR-XII,15001.0,15240.0,15001.0,15142.5,15150.0,14903.17,,15166.39,,,302,4584842.97,61,F1,1,,,,,
2026-09-03,2026-09-03,CM,NSE,STK,10232,IN0020220045,SGBJUN30,GB,,,,,2.50%GOLDBONDS2030SR-I,15200.5,15398.0,15152.0,15287.44,15281.0,14940.62,,15287.44,,,144,2200253.89,45,F1,1,,,,,
2026-09-03,2026-09-03,CM,NSE,STK,11192,IN0020220078,SGBAUG30,GB,,,,,2.50%GOLDBONDS2030SR-II,15210.0,15389.44,15206.0,15281.42,15275.0,15021.48,,15281.42,,,80,1224261.03,38,F1,1,,,,,
2026-09-03,2026-09-03,CM,NSE,STK,13642,IN0020220110,SGBDE30III,GB,,,,,2.50%GOLDBONDS2030SR-III,15176.0,15444.86,15176.0,15362.96,15360.0,15105.81,,15345.89,,,88,1352270.6,32,F1,1,,,,,
2026-09-03,2026-09-03,CM,NSE,STK,7879,IN0020210236,SGBJAN30IX,GB,,,,,2.50%GOLDBONDS2030SR-IX,15110.05,15259.99,15110.05,15160.71,15156.0,14999.98,,15150.97,,,104,1580655.88,31,F1,1,,,,,
2026-09-03,2026-09-03,CM,NSE,STK,8401,IN0020210319,SGBMAR30X,GB,,,,,2.50%GOLDBONDS2030SR-X,15001.0,15350.0,14906.0,15318.46,15340.0,14998.0,,15318.46,,,154,2344058.97,48,F1,1,,,,,
2026-09-03,2026-09-03,CM,NSE,STK,17202,IN0020230069,SGBJUN31I,GB,,,,,2.50%GOLDBONDS2031SR-I,15301.0,15495.91,15301.0,15379.14,15372.13,15191.8,,15380.59,,,453,6979230.96,104,F1,1,,,,,
2026-09-03,2026-09-03,CM,NSE,STK,19456,IN0020230093,SGBSEP31II,GB,,,,,2.50%GOLDBONDS2031SR-II,15356.56,15690.0,15356.56,15509.43,15514.94,15303.26,,15509.01,,,420,6510057.36,119,F1,1,,,,,
2026-09-03,2026-09-03,CM,NSE,STK,22476,IN0020230168,SGBDE31III,GB,,,,,2.50%GOLDBONDS2031SR-III,15500.01,15675.92,15500.01,15542.74,15549.99,15314.62,,15542.86,,,427,6650752.8,113,F1,1,,,,,
2026-09-03,2026-09-03,CM,NSE,STK,14598,IN0020220169,SGBMAR31IV,GB,,,,,2.50%GOLDBONDS2031SR-IV,15647.97,15647.97,15401.55,15413.07,15401.55,15234.75,,15404.42,,,63,973005.57,23,F1,1,,,,,
2026-09-03,2026-09-03,CM,NSE,STK,22886,IN0020230184,SGBFEB32IV,GB,,,,,2.50%GOLDBONDS2032SR-IV,15650.0,15900.0,15650.0,15742.54,15762.0,15553.55,,15741.06,,,1201,18920701.04,288,F1,1,,,,,
2026-09-03,2026-09-03,CM,NSE,STK,16921,INE144J01027,20MICRONS,EQ,,,,,20 MICRONS LTD,211.4,224.0,211.4,217.82,216.99,211.36,,217.81,,,179448,39231182.08,4572,F1,1,,,,,
2026-09-03,2026-09-03,CM,NSE,STK,4,INE253B01015,21STCENMGM,EQ,,,,,21ST CENTURY MGMT SERVICE,39.24,39.24,38.08,38.1,38.1,38.85,,38.27,,,6902,264214.83,48,F1,1,,,,,
2026-09-03,2026-09-03,CM,NSE,STK,13061,INE466L01038,360ONE,EQ,,,,,360 ONE WAM LIMITED,1168.6,1171.5,1149.9,1155.0,1155.0,1181.3,,1155.0,,,483291,560560676.6,24959,F1,1,,,,,
2026-09-03,2026-09-03,CM,NSE,STK,30105,INF579M01BB5,GOLD360,EQ,,,,,360ONEAMC - GOLD360,148.95,149.95,147.55,149.4,149.15,145.6,,149.35,,,16424,2446932.35,210,F1,1,,,,,
2026-09-03,2026-09-03,CM,NSE,STK,763602,INF579M01BP5,MSCI360,EQ,,,,,360ONEAMC - MSCI360,10.07,10.14,9.91,10.06,10.06,10.07,,10.06,,,2986,30050.45,22,F1,1,,,,,
2026-09-03,2026-09-03,CM,NSE,STK,756150,INF579M01BC3,SILVER360,EQ,,,,,360ONEAMC - SILVER360,224.62,230.98,224.62,226.38,226.21,222.54,,226.36,,,7893,1789933.06,210,F1,1,,,,,
2026-09-03,2026-09-03,CM,NSE,STK,762518,INE994E01018,3BBLACKBIO,EQ,,,,,3B BLACKBIO DX LTD.,1500.0,1550.0,1481.0,1486.2,1501.0,1478.6,,1485.34,,,20142,30238210.3,2005,F1,1,,,,,
2026-09-03,2026-09-03,CM,NSE,STK,6240,INE748C01038,3IINFOLTD,BE,,,,,3I INFOTECH LIMITED,22.43,22.5,21.7,21.79,21.85,22.43,,21.79,,,163620,3590509.31,810,F1,1,,,,,
2026-09-03,2026-09-03,CM,NSE,STK,474,INE470A01017,3MINDIA,EQ,,,,,3M INDIA LIMITED,32995.0,33050.0,32665.0,32820.0,32810.0,32895.0,,32813.95,,,1978,64884995.0,963,F1,1,,,,,
2026-09-03,2026-09-03,CM,NSE,STK,2595,INE105C01023,3PLAND,EQ,,,,,3P LAND HOLDINGS LIMITED,32.75,33.53,31.75,32.45,32.5,32.75,,32.45,,,2151,69955.06,48,F1,1,,,,,
2026-09-03,2026-09-03,CM,NSE,STK,445,INE618L01018,5PAISA,EQ,,,,,5PAISA CAPITAL LIMITED,337.6,344.4,337.5,342.45,343.7,336.55,,342.47,,,18209,6224628.7,907,F1,1,,,,,
2026-09-03,2026-09-03,CM,NSE,STK,11868,INE111B01023,63MOONS,EQ,,,,,63 MOONS TECHNOLOGIES LTD,809.8,855.8,801.2,851.25,848.0,805.1,,851.22,,,628941,526945024.75,25344,F1,1,,,,,
2026-09-03,2026-09-03,CM,NSE,STK,29312,INE031A07865,751HUDCO28,N5,,,,,7.51 NCD 16FEB28 TR1 SR2,1066.07,1066.07,1066.07,1066.07,1066.07,1066.0,,1066.07,,,20,21321.4,1,F1,1,,,,,
2026-09-03,2026-09-03,CM,NSE,STK,19976,INE134E07588,760PFCL35,N3,,,,,7.60% TAX FREE NCD,1211.21,1212.05,1211.21,1212.05,1212.05,1211.11,,1212.03,,,253,306531.33,3,F1,1,,,,,
2026-09-03,2026-09-03,CM,NSE,STK,20034,INE261F07032,764NABAR31,N2,,,,,7.64% TAX FREE TRI SRIIB,1111.95,1119.0,1111.95,1119.0,1119.0,1115.0,,1119.0,,,1443,1604798.7,9,F1,1,,,,,
2026-09-03,2026-09-03,CM,NSE,STK,19928,INE031A07AO5,764HUDCO31,N8,,,,,7.64% TAX FREETRI SR2B,1118.2,1118.2,1118.0,1118.0,1118.0,1117.0,,1118.0,,,500,559037.0,4,F1,1,,,,,
2026-09-03,2026-09-03,CM,NSE,STK,19930,INE031A07AT4,769HUDCO31,N9,,,,,7.69% TAX FREETRII SR2B,1136.0,1139.5,1136.0,1139.5,1139.5,1136.0,,1138.5,,,905,1029422.6,19,F1,1,,,,,
2026-09-03,2026-09-03,CM,NSE,STK,20030,INE202E07229,774IREDA31,N7,,,,,7.74% TAX FREE NCD,1124.01,1124.01,1124.01,1124.01,1124.01,1124.18,,1124.01,,,558,627197.58,1,F1,1,,,,,
2026-09-03,2026-09-03,CM,NSE,STK,19924,INE020B07GH7,812REC27,NI,,,,,8.12/8.32% TAX FREE NCD,1027.0,1027.0,1027.0,1027.0,1027.0,1025.64,,1027.0,,,200,205400.0,1,F1,1,,,,,
2026-09-03,2026-09-03,CM,NSE,STK,31240,INE031A07840,82HUDCO27,N2,,,,,8.20 NCD05MAR27 FV 1000,1052.0,1058.75,1051.15,1058.75,1058.75,1051.1,,1058.75,,,66,69738.65,5,F1,1,,,,,
2026-09-03,2026-09-03,CM,NSE,STK,192,INE906B07DF8,875NHAI29,N6,,,,,8.75% TAX FREE TR I S IIB,1111.2,1120.0,1109.0,1115.0,1115.0,1111.11,,1115.0,,,2169,2414878.19,33,F1,1,,,,,
2026-09-03,2026-09-03,CM,NSE,STK,19968,INE031A07949,876HUDCO28,ND,,,,,8.76% TAX FREETRI SR2B,1132.0,1134.82,1132.0,1133.51,1133.51,1131.44,,1133.51,,,1767,2001596.42,19,F1,1,,,,,
2026-09-03,2026-09-03,CM,NSE,STK,31768,INE733E07JJ9,891NTPC33,N6,,,,,8.91%S-R-NCD SERIES 3B,1267.0,1299.0,1267.0,1280.0,1280.0,1274.05,,1280.0,,,622,791709.2,9,F1,1,,,,,
2026-09-03,2026-09-03,CM,NSE,STK,19970,INE031A07AB2,901HUDCO34,NE,,,,,9.01% TAX FREETRII SR3B,1285.0,1285.0,1284.99,1284.99,1284.99,1284.99,,1284.99,,,22,28269.98,4,F1,1,,,,,
2026-09-03,2026-09-03,CM,NSE,STK,759130,INE08PH01015,ABCOTS,EQ,,,,,A B COTSPIN INDIA LIMITED,213.9,214.75,205.99,207.46,209.7,209.57,,207.48,,,1315,274026.37,80,F1,1,,,,,
2026-09-03,2026-09-03,CM,NSE,STK,27016,INE00YB01025,ABINFRA,BE,,,,,A B INFRABUILD LIMITED,11.05,11.7,11.05,11.18,11.2,11.27,,11.18,,,166257,1886301.07,320,F1,1,,,,,
2026-09-03,2026-09-03,CM,NSE,STK,762528,INE850B01026,ABMKNO,EQ,,,,,A B M KNOWLEDGEWARE LTD.,193.0,193.0,187.5,188.0,188.0,190.9,,188.0,,,295,55807.39,14,F1,1,,,,,
2026-09-03,2026-09-03,CM,NSE,STK,762536,INE366C01021,ACSTECH,BE,,,,,A C S TECHNOLOGIES LTD.,51.2,52.45,50.25,50.69,51.4,51.25,,50.71,,,229078,11809303.02,404,F1,1,,,,,
2026-09-03,2026-09-03,CM,NSE,STK,762538,INE701G01012,AKCAPIT,EQ,,,,,A K CAPITAL SERVICES LTD.,1699.4,1730.0,1676.5,1697.4,1685.0,1699.4,,1691.85,,,182,309499.0,79,F1,1,,,,,
2026-09-03,2026-09-03,CM,NSE,STK,20906,INE619I01012,A2ZINFRA,EQ,,,,,A2Z INFRA ENGINEERING LTD,16.4,16.89,15.95,15.98,16.0,16.4,,15.97,,,336137,5448871.32,692,F1,1,,,,,
2026-09-03,2026-09-03,CM,NSE,STK,12533,INE0D0U01013,AAATECH,EQ,,,,,AAA TECHNOLOGIES LIMITED,93.04,94.18,92.8,93.17,92.8,93.07,,93.17,,,2783,259679.65,82,F1,1,,,,,
2026-09-03,2026-09-03,CM,NSE,STK,23729,INE883F01010,AADHARHFC,EQ,,,,,AADHAR HOUSING FINANCE L,479.0,480.6,471.0,478.65,476.25,475.4,,478.63,,,273006,130630145.25,10829,F1,1,,,,,
2026-09-03,2026-09-03,CM,NSE,STK,757579,INE1GYP01013,AAKAAR,SM,,,,,AAKAAR MEDICAL TECHNO LTD,63.0,63.0,63.0,63.0,63.0,62.0,,63.0,,,1600,100800.0,1,F1,1600,,,,,
2026-09-03,2026-09-03,CM,NSE,STK,235,INE087Z01024,AAKASH,EQ,,,,,AAKASH EXPLORATION SER L,8.67,8.89,8.61,8.77,8.79,8.67,,8.77,,,90898,792445.66,301,F1,1,,,,,
2026-09-03,2026-09-03,CM,NSE,STK,758120,INE124401014,AARADHYA,SM,,,,,AARADHYA DISPOSAL INDUS L,111.0,111.0,97.1,100.75,97.1,102.95,,100.75,,,16800,1761120.0,14,F1,1200,,,,,
2026-09-03,2026-09-03,CM,NSE,STK,5245,INE198H01019,AAREYDRUGS,EQ,,,,,AAREY DRUGS & PHARM LTD,95.0,95.0,91.91,94.44,94.79,91.72,,94.44,,,146325,13777388.15,892,F1,1,,,,,
2026-09-03,2026-09-03,CM,NSE,STK,761824,INE750R01016,AARNAV,BE,,,,,AARNAV FASHIONS LIMITED,32.1,32.95,31.04,32.22,32.95,32.1,,32.22,,,4159,130070.02,42,F1,1,,,,,
2026-09-03,2026-09-03,CM,NSE,STK,1030,INE721Z01010,AARON,EQ,,,,,AARON INDUSTRIES LIMITED,125.95,131.01,125.95,128.98,130.2,125.95,,128.98,,,13550,1740316.96,218,F1,1,,,,,
2026-09-03,2026-09-03,CM,NSE,STK,17164,INE01C001026,AARTECH,BE,,,,,AARTECH SOLONICS LIMITED,50.3,50.88,48.5,49.16,49.74,49.81,,49.2,,,43226,2120803.02,151,F1,1,,,,,
2026-09-03,2026-09-03,CM,NSE,STK,4481,INE767A01016,AARTIDRUGS,EQ,,,,,AARTI DRUGS LTD.,420.85,440.6,419.5,425.85,428.0,417.8,,425.87,,,379789,163425867.3,10583,F1,1,,,,,
2026-09-03,2026-09-03,CM,NSE,STK,7,INE769A01020,AARTIIND,EQ,,,,,AARTI INDUSTRIES LTD,507.0,511.85,499.7,501.9,503.3,505.2,,501.88,,,529276,267292235.2,17576,F1,1,,,,,
2026-09-03,2026-09-03,CM,NSE,STK,13868,INE0LRU01027,AARTIPHARM,EQ,,,,,AARTI PHARMALABS LIMITED,867.25,886.95,854.5,868.1,863.5,867.25,,867.98,,,378950,330568194.6,17803,F1,1,,,,,
2026-09-03,2026-09-03,CM,NSE,STK,19263,INE09EO01013,AARTISURF,BE,,,,,AARTI SURFACTANTS LIMITED,526.4,546.0,510.2,544.25,545.0,526.05,,544.23,,,13975,7451401.9,428,F1,1,,,,,
2026-09-03,2026-09-03,CM,NSE,STK,19073,INE754X01016,AARVI,EQ,,,,,AARVI ENCON LIMITED,143.88,145.22,140.91,141.35,141.7,143.08,,141.36,,,8501,1209049.6,320,F1,1,,,,,
2026-09-03,2026-09-03,CM,NSE,STK,763800,INE2FMX01012,AASTHA,EQ,,,,,AASTHA SPINTEX LIMITED,80.99,81.0,78.13,80.05,80.2,79.19,,80.05,,,540815,43276258.0,1874,F1,1,,,,,
2026-09-03,2026-09-03,CM,NSE,STK,5385,INE216P01012,AAVAS,EQ,,,,,AAVAS FINANCIERS LIMITED,1264.9,1304.5,1262.0,1297.8,1298.0,1258.7,,1297.81,,,230500,296835207.2,28673,F1,1,,,,,
2026-09-03,2026-09-03,CM,NSE,STK,7759,INE421A01028,ABAN,BE,,,,,ABAN OFFSHORE LTD.,14.83,15.12,14.55,14.78,14.9,14.83,,14.77,,,41138,608938.99,206,F1,1,,,,,
2026-09-03,2026-09-03,CM,NSE,STK,762523,INE365O01028,ABANSENT,EQ,,,,,ABANS ENTERPRISES LTD.,27.85,27.85,27.0,27.45,27.5,27.58,,27.45,,,5425,149046.04,76,F1,1,,,,,
2026-09-03,2026-09-03,CM,NSE,STK,13288,INE00ZE01026,AFSL,EQ,,,,,ABANS FINANCIAL SRVCS LTD,214.0,214.0,206.0,208.77,211.8,210.47,,208.76,,,3310,695113.52,145,F1,1,,,,,
2026-09-03,2026-09-03,CM,NSE,STK,13,INE117A01022,ABB,EQ,,,,,ABB INDIA LIMITED,7438.0,7475.0,7405.0,7432.0,7432.0,7447.5,,7432.0,,,153649,1141975436.0,19074,F1,1,,,,,
2026-09-03,2026-09-03,CM,NSE,STK,17903,INE358A01014,ABBOTINDIA,EQ,,,,,ABBOTT INDIA LIMITED,26175.0,26175.0,25905.0,25945.0,25920.0,26045.0,,25932.45,,,3151,81817285.0,1983,F1,1,,,,,
2026-09-03,2026-09-03,CM,NSE,STK,755941,INE860H07IQ0,8ABCL26,N2,,,,,ABCL 8% SR I,1067.0,1067.0,1067.0,1067.0,1067.0,1067.0,,1069.5,,,50,53350.0,3,F1,1,,,,,
2026-09-03,2026-09-03,CM,NSE,STK,755943,INE860H07IS6,81ABCL33,N4,,,,,ABCL 8.1% SR VI,1050.0,1050.0,1050.0,1050.0,1050.0,1050.01,,1050.0,,,6,6300.0,1,F1,1,,,,,
2026-09-03,2026-09-03,CM,NSE,STK,755942,INE860H07IR8,ABCL26,N3,,,,,ABCL SR II,1234.8,1234.8,1234.8,1234.8,1234.8,1234.8,,1239.1,,,85,104958.0,3,F1,1,,,,,
2026-09-03,2026-09-03,CM,NSE,STK,765466,INE1R2M01019,ABH,ST,,,,,ABH HEALTHCARE LIMITED,84.9,84.9,84.9,84.9,84.9,89.35,,84.9,,,8400,713160.0,6,F1,1200,,,,,
2026-09-03,2026-09-03,CM,NSE,STK,27284,INE0UYG01015,ABHAPOWER,SM,,,,,ABHA POWER N STEEL LTD,24.0,24.95,23.95,23.95,23.95,23.9,,23.95,,,8000,196320.0,5,F1,1600,,,,,
2026-09-03,2026-09-03,CM,NSE,STK,4626,INE0CAJ01017,AILIMITED,SM,,,,,ABHISHEK INTEGRATIONS LTD,21.25,21.25,20.25,21.25,21.25,20.25,,21.25,,,15000,312750.0,5,F1,3000,,,,,
2026-09-03,2026-09-03,CM,NSE,STK,5551,INE251C01025,ABMINTLLTD,BE,,,,,ABM INTERNATIONAL LTD,57.22,57.22,57.0,57.0,57.0,56.1,,57.0,,,77,4389.22,6,F1,1,,,,,
2026-09-03,2026-09-03,CM,NSE,STK,23783,INE0QRV01016,ABSMARINE,SM,,,,,ABS MARINE SERVICES LTD,290.0,310.1,290.0,307.15,309.0,289.6,,307.15,,,130500,39717875.0,231,F1,500,,,,,
2026-09-03,2026-09-03,CM,NSE,STK,22,INE012A01025,ACC,EQ,,,,,ACC LIMITED,1269.0,1280.0,1268.0,1272.0,1277.0,1266.6,,1272.0,,,93466,119118314.6,7140,F1,1,,,,,
2026-09-03,2026-09-03,CM,NSE,STK,7053,INE793A01012,ACCELYA,EQ,,,,,ACCELYA SOLN INDIA LTD,1141.2,1142.0,1125.0,1129.6,1127.1,1135.1,,1129.61,,,4291,4857508.0,687,F1,1,,,,,
2026-09-03,2026-09-03,CM,NSE,STK,20488,INE0Q5D01013,ACCENTMIC,SM,,,,,ACCENT MICROCELL LIMITED,598.55,612.0,598.0,607.4,612.0,602.1,,607.4,,,23000,13902975.0,39,F1,500,,,,,
2026-09-03,2026-09-03,CM,NSE,STK,757024,INE0T8T01010,ACCPL,ST,,,,,ACCRETION PHARMA LIMITED,210.0,210.0,202.0,202.0,202.0,205.0,,202.0,,,7200,1488000.0,5,F1,1200,,,,,
2026-09-03,2026-09-03,CM,NSE,STK,1472,INE648Z01023,ACCURACY,BE,,,,,ACCURACY SHIPPING LIMITED,4.24,4.31,4.06,4.22,4.26,4.26,,4.22,,,48044,200256.35,186,F1,1,,,,,
2026-09-03,2026-09-03,CM,NSE,STK,11779,INE543V01017,ACEINTEG,EQ,,,,,ACE INTEGRATED SOLU. LTD.,17.87,17.87,16.81,17.02,17.31,17.27,,17.02,,,1304,22258.32,51,F1,1,,,,,
2026-09-03,2026-09-03,CM,NSE,STK,27061,INE622W01025,ACMESOLAR,EQ,,,,,ACME SOLAR HOLDINGS LTD,398.45,404.9,396.85,401.9,400.55,398.25,,401.71,,,854705,342904674.05,36397,F1,1,,,,,
2026-09-03,2026-09-03,CM,NSE,STK,13587,INE731H01025,ACE,EQ,,,,,ACTION CONST EQUIP LTD,1091.0,1155.0,1088.5,1145.5,1145.0,1090.9,,1145.56,,,330531,372856913.4,20771,F1,1,,,,,
2026-09-03,2026-09-03,CM,NSE,STK,5578,INE00FF01025,ACUTAAS,EQ,,,,,ACUTAAS CHEMICALS LIMITED,3149.7,3211.6,3149.7,3201.0,3208.0,3134.9,,3200.93,,,211905,676936565.5,37448,F1,1,,,,,
2026-09-03,2026-09-03,CM,NSE,STK,10217,INE931S01010,ADANIENSOL,EQ,,,,,ADANI ENERGY SOLUTION LTD,1398.0,1412.8,1378.0,1385.7,1385.7,1396.6,,1385.71,,,1939729,2692653257.6,43497,F1,1,,,,,
2026-09-03,2026-09-03,CM,NSE,STK,25,INE423A01024,ADANIENT,EQ,,,,,ADANI ENTERPRISES LIMITED,2905.0,2920.5,2885.2,2901.0,2901.0,2891.8,,2900.84,,,816124,2367316882.0,48710,F1,1,,,,,
2026-09-03,2026-09-03,CM,NSE,STK,3563,INE364U01010,ADANIGREEN,EQ,,,,,ADANI GREEN ENERGY LTD,1300.0,1310.3,1278.6,1283.4,1283.4,1296.0,,1283.4,,,1133280,1465752191.9,30562,F1,1,,,,,
2026-09-03,2026-09-03,CM,NSE,STK,15083,INE742F01042,ADANIPORTS,EQ,,,,,ADANI PORT & SEZ LTD,1694.9,1710.8,1681.8,1706.5,1706.5,1672.7,,1704.61,,,3370497,5741393414.1,88331,F1,1,,,,,
2026-09-03,2026-09-03,CM,NSE,STK,17388,INE814H01029,ADANIPOWER,EQ,,,,,ADANI POWER LTD,209.0,211.33,206.64,208.29,208.29,207.7,,208.31,,,17538881,3668413689.57,91637,F1,1,,,,,
2026-09-03,2026-09-03,CM,NSE,STK,6066,INE399L01023,ATGL,EQ,,,,,ADANI TOTAL GAS LIMITED,618.8,622.0,612.95,614.05,614.0,614.95,,613.95,,,486903,300157027.6,14343,F1,1,,,,,
2026-09-03,2026-09-03,CM,NSE,STK,764563,INE757C01021,ADDIND,EQ,,,,,ADDI INDUSTRIES LTD.,86.9,88.0,75.0,76.69,75.0,85.29,,76.38,,,2206,169862.76,49,F1,1,,,,,
2026-09-03,2026-09-03,CM,NSE,STK,22468,INE0RDH01021,ADDICTIVE,SM,,,,,ADDICTIVE LEARNING TECH L,44.0,44.0,42.9,43.0,43.0,44.0,,43.0,,,34000,1479950.0,59,F1,500,,,,,
2026-09-03,2026-09-03,CM,NSE,STK,19761,INE982B01027,ADFFOODS,EQ,,,,,ADF FOODS LIMITED,269.0,269.95,263.85,267.5,267.0,267.7,,267.49,,,59722,15920073.4,2229,F1,1,,,,,
2026-09-03,2026-09-03,CM,NSE,STK,763156,INE20PL01012,ADISOFT,SM,,,,,ADISOFT TECHNOLOGIES LTD,203.0,205.0,199.95,200.0,200.0,196.7,,200.0,,,44800,9064440.0,53,F1,800,,,,,
2026-09-03,2026-09-03,CM,NSE,STK,6018,INE404A01024,ABSLAMC,EQ,,,,,ADIT BIRL SUN LIF AMC LTD,1026.0,1049.9,1018.2,1045.2,1047.5,1022.0,,1045.19,,,201804,210239479.3,11398,F1,1,,,,,
2026-09-03,2026-09-03,CM,NSE,STK,21614,INE674K01013,ABCAPITAL,EQ,,,,,ADITYA BIRLA CAPITAL LTD.,398.1,402.0,396.95,402.0,402.0,397.05,,402.0,,,1903527,761032221.7,42356,F1,1,,,,,
2026-09-03,2026-09-03,CM,NSE,STK,30108,INE647O01011,ABFRL,EQ,,,,,ADITYA BIRLA FASHION & RT,50.86,51.7,50.2,50.41,50.45,50.47,,50.41,,,3271761,166831287.83,16934,F1,1,,,,,
2026-09-03,2026-09-03,CM,NSE,STK,756843,INE14LE01019,ABLBL,EQ,,,,,ADITYA BIRLA LIFES BRAN L,82.8,83.99,82.7,83.49,83.72,82.78,,83.5,,,615778,51347149.01,7133,F1,1,,,,,
2026-09-03,2026-09-03,CM,NSE,STK,15239,INE865C01022,BIRLAMONEY,EQ,,,,,ADITYA BIRLA MONEY LTD,126.5,129.0,126.49,127.15,127.2,126.47,,127.19,,,14480,1845072.88,406,F1,1,,,,,
2026-09-03,2026-09-03,CM,NSE,STK,625,INE055A01016,ABREL,EQ,,,,,ADITYA BIRLA REAL EST LTD,1340.7,1386.9,1340.7,1376.9,1379.3,1331.1,,1376.88,,,242377,333433419.9,23561,F1,1,,,,,
2026-09-03,2026-09-03,CM,NSE,STK,758858,INE819V01029,CPPLUS,EQ,,,,,ADITYA INFOTECH LIMITED,3700.0,3770.1,3616.1,3751.3,3725.0,3721.4,,3751.21,,,167204,621581952.7,25266,F1,1,,,,,
2026-09-03,2026-09-03,CM,NSE,STK,25248,INE01YQ01013,AUSL,SM,,,,,ADITYA ULTRA STEEL LTD,23.65,25.8,23.65,25.8,25.8,24.65,,25.8,,,22000,563300.0,2,F1,2000,,,,,
2026-09-03,2026-09-03,CM,NSE,STK,25984,INE679V01027,AVL,EQ,,,,,ADITYA VISION LIMITED,600.05,618.35,597.1,600.4,599.55,599.85,,600.41,,,183361,111211974.7,13061,F1,1,,,,,
2026-09-03,2026-09-03,CM,NSE,STK,23804,INF209KB18D3,BSLGOLDETF,EQ,,,,,ADITYBIRLA SL GOLD ETF-GR,135.64,135.64,133.2,134.18,133.9,131.74,,134.18,,,336861,45181548.2,2149,F1,1,,,,,
2026-09-03,2026-09-03,CM,NSE,STK,24781,INF209KB19D1,BSLNIFTY,EQ,,,,,ADITYBIRLA SL NIF ETF-GR,28.29,28.29,28.01,28.07,28.14,28.1,,28.07,,,1249902,35104135.17,5355,F1,1,,,,,
2026-09-03,2026-09-03,CM,NSE,STK,34,INE045A01017,ADOR,EQ,,,,,ADOR WELDING LTD,1730.3,1739.9,1708.0,1714.6,1708.7,1730.3,,1714.69,,,22575,38841147.4,3158,F1,1,,,,,
2026-09-03,2026-09-03,CM,NSE,STK,4953,INE737B01033,ADROITINFO,EQ,,,,,ADROIT INFOTECH LIMITED,10.61,10.61,10.26,10.31,10.5,10.26,,10.31,,,10043,103842.2,83,F1,1,,,,,
2026-09-03,2026-09-03,CM,NSE,STK,760657,INE0ALI01010,ADVAIT,EQ,,,,,ADVAIT ENRGY TRANSITION L,2159.0,2236.1,2115.5,2210.9,2198.0,2139.0,,2210.58,,,56826,124534864.3,7984,F1,1,,,,,
2026-09-03,2026-09-03,CM,NSE,STK,759402,INE1B0W01010,ADVANCE,EQ,,,,,ADVANCE AGROLIFE LIMITED,118.89,121.0,116.85,118.53,118.09,117.89,,118.52,,,99888,11822388.41,1387,F1,1,,,,,
2026-09-03,2026-09-03,CM,NSE,STK,18039,INE837H01020,ADVENZYMES,EQ,,,,,ADVANCED ENZYME TECH LTD,293.8,298.0,293.8,296.0,297.55,292.9,,295.98,,,118836,35145584.3,2052,F1,1,,,,,
2026-09-03,2026-09-03,CM,NSE,STK,14745,INE199C01026,ADVANIHOTR,EQ,,,,,ADVANI HOT.& RES.(I) LTD,49.5,50.0,49.08,49.18,49.1,49.43,,49.16,,,22473,1110853.59,339,F1,1,,,,,
2026-09-03,2026-09-03,CM,NSE,STK,759769,INE28GN01010,ADVENTHTL,EQ,,,,,ADVENT HOTELS INTERNATI L,136.45,137.75,134.21,134.98,134.93,136.89,,134.98,,,86090,11666050.62,1104,F1,1,,,,,
2026-09-03,2026-09-03,CM,NSE,STK,765015,INE178T01024,ADVIKCA,EQ,,,,,ADVIK CAPITAL LTD.,1.17,1.17,1.1,1.13,1.13,1.15,,1.13,,,325275,368911.03,274,F1,1,,,,,
2026-09-03,2026-09-03,CM,NSE,STK,762227,INE1SJO01012,RAMBHAJO,EQ,,,,,ADVIT JEWELS LIMITED,246.9,253.8,239.32,244.26,244.0,246.17,,244.27,,,1947346,479052310.52,18115,F1,1,,,,,
2026-09-03,2026-09-03,CM,NSE,STK,40,INE208C01025,AEGISLOG,EQ,,,,,AEGIS LOGISTICS LIMITED,1255.0,1294.9,1235.5,1287.2,1287.9,1241.8,,1287.14,,,754823,960426280.4,48248,F1,1,,,,,
2026-09-03,2026-09-03,CM,NSE,STK,757336,INE0INX01018,AEGISVOPAK,EQ,,,,,AEGIS VOPAK TERMINALS LTD,288.0,298.7,283.15,286.85,286.5,286.3,,286.85,,,1926863,561631426.15,36680,F1,1,,,,,
2026-09-03,2026-09-03,CM,NSE,STK,757873,INE423A07419,AEL170725,ND,,,,,AEL 0% 2028 SR V,1095.0,1095.0,1095.0,1095.0,1095.0,1095.0,,1095.0,,,1,1095.0,1,F1,1,,,,,
2026-09-03,2026-09-03,CM,NSE,STK,761344,INE423A07559,AEL120126,NL,,,,,AEL 0% 2029 SR V,1044.14,1044.14,1044.14,1044.14,1044.14,1021.03,,1044.14,,,114,119031.96,1,F1,1,,,,,
2026-09-03,2026-09-03,CM,NSE,STK,761340,INE423A07484,860AEL28,NH,,,,,AEL 8.60% 2028 SR I,1068.5,1068.5,1060.0,1060.0,1060.0,1036.0,,1060.0,,,156,166210.0,15,F1,1,,,,,
2026-09-03,2026-09-03,CM,NSE,STK,761345,INE423A07518,862AEL31,NM,,,,,AEL 8.62% 2031 SR VI,1015.0,1015.0,1015.0,1015.0,1015.0,1015.0,,1015.0,,,20,20300.0,1,F1,1,,,,,
2026-09-03,2026-09-03,CM,NSE,STK,761343,INE423A07534,875AEL29,NK,,,,,AEL 8.75% 2029 SR IV,1054.0,1054.0,1053.0,1053.0,1053.0,1063.0,,1053.0,,,87,91651.0,4,F1,1,,,,,
2026-09-03,2026-09-03,CM,NSE,STK,761346,INE423A07526,890AEL31,NN,,,,,AEL 8.90% 2031 SR VII,1056.99,1056.99,1052.12,1055.05,1055.05,1055.21,,1055.05,,,1543,1627877.34,18,F1,1,,,,,
2026-09-03,2026-09-03,CM,NSE,STK,757874,INE423A07443,9AEL30,NE,,,,,AEL 9% 2030 SR VI,1049.79,1050.01,1049.79,1050.01,1050.01,1050.0,,1050.01,,,300,314979.94,6,F1,1,,,,,
2026-09-03,2026-09-03,CM,NSE,STK,757872,INE423A07435,915AEL28,NC,,,,,AEL 9.15% 2028 SR IV,1025.0,1025.0,1025.0,1025.0,1025.0,1019.0,,1025.0,,,19,19475.0,2,F1,1,,,,,
2026-09-03,2026-09-03,CM,NSE,STK,757875,INE423A07393,930AEL30,NF,,,,,AEL 9.3% 2030 SR VII,1035.51,1040.0,1033.0,1040.0,1040.0,1039.79,,1041.45,,,985,1019948.75,14,F1,1,,,,,
2026-09-03,2026-09-03,CM,NSE,STK,760234,INE947N01017,AEQUS,EQ,,,,,AEQUS LIMITED,246.5,256.2,244.61,247.23,246.6,245.62,,247.23,,,5020432,1259721114.08,63237,F1,1,,,,,
2026-09-03,2026-09-03,CM,NSE,STK,12015,INE065D01027,AEROENTER,EQ,,,,,AEROFLEX ENTERPRISES LTD,141.4,147.44,140.46,142.86,143.54,140.46,,142.86,,,671011,97140152.88,7670,F1,1,,,,,
2026-09-03,2026-09-03,CM,NSE,STK,18268,INE024001021,AEROFLEX,EQ,,,,,AEROFLEX INDUSTRIES LTD,545.05,547.9,536.15,542.15,539.0,540.75,,542.15,,,731290,396239822.3,17938,F1,1,,,,,
2026-09-03,2026-09-03,CM,NSE,STK,13689,INE035801013,AERONEU,EQ,,,,,AEROFLEX NEU LIMITED,81.6,82.5,78.6,78.99,79.39,80.7,,78.99,,,38951,3143419.24,735,F1,1,,,,,
2026-09-03,2026-09-03,CM,NSE,STK,25065,INE0WL801011,AERON,SM,,,,,AERON COMPOSITE LIMITED,78.3,79.0,77.85,78.8,78.8,75.25,,78.8,,,60000,4725550.0,11,F1,1000,,,,,
2026-09-03,2026-09-03,CM,NSE,STK,24830,INE0TSF01011,AESTHETIK,SM,,,,,AESTHETIK ENGINEERS LTD,70.4,70.4,69.95,70.0,70.0,69.0,,70.0,,,4000,280350.0,4,F1,1000,,,,,
2026-09-03,2026-09-03,CM,NSE,STK,9810,INE0BWX01014,AETHER,EQ,,,,,AETHER INDUSTRIES LIMITED,1662.7,1692.8,1650.2,1654.7,1654.1,1646.4,,1654.73,,,137904,229988520.8,17108,F1,1,,,,,
2026-09-03,2026-09-03,CM,NSE,STK,25977,INE101I01011,AFCONS,EQ,,,,,AFCONS INFRASTRUCTURE LTD,285.1,296.0,285.0,294.7,293.75,285.1,,294.71,,,973217,285366516.45,23714,F1,1,,,,,
2026-09-03,2026-09-03,CM,NSE,STK,11343,INE00WC01027,AFFLE,EQ,,,,,AFFLE 3I LIMITED,1540.0,1540.2,1489.2,1519.2,1524.0,1517.9,,1519.22,,,1325612,1996688140.2,68511,F1,1,,,,,
2026-09-03,2026-09-03,CM,NSE,STK,25855,INE692Z01013,AFFORDABLE,EQ,,,,,AFFORD ROBO & AUTO LTD,163.88,163.88,159.0,159.68,161.75,159.41,,159.75,,,12094,1946597.22,330,F1,1,,,,,
2026-09-03,2026-09-03,CM,NSE,STK,760641,INE916Y07073,1150AFIL29,N0,,,,,AFIL 11.50% 2029,9909.02,9909.02,9909.02,9909.02,9909.02,9909.2,,9909.02,,,1,9909.02,1,F1,1,,,,,
2026-09-03,2026-09-03,CM,NSE,STK,759098,INE916Y07040,12AFIL27A,N0,,,,,AFIL 12% 2027,9850.74,9850.74,9850.74,9850.74,9850.74,9850.74,,9850.74,,,2,19701.48,1,F1,1,,,,,
2026-09-03,2026-09-03,CM,NSE,STK,14263,INE0MLA01012,AGARWALFT,SM,,,,,AGARWAL FLOAT GLASS I LTD,30.0,30.0,28.5,28.6,28.6,30.0,,28.6,,,25500,754500.0,11,F1,1500,,,,,
2026-09-03,2026-09-03,CM,NSE,STK,3389,INE204E01012,AGARIND,EQ,,,,,AGARWAL INDS CORP LTD.,451.9,456.2,439.15,440.5,441.8,450.55,,440.49,,,41157,18283719.15,2460,F1,1,,,,,
2026-09-03,2026-09-03,CM,NSE,STK,27309,INE0P8X01016,AGARWALTUF,SM,,,,,AGARWAL TOUGH GLASS IND L,130.5,137.0,130.15,136.3,137.0,131.0,,136.3,,,16800,2242320.0,14,F1,1200,,,,,
2026-09-03,2026-09-03,CM,NSE,STK,1412,INE415A01038,AGI,EQ,,,,,AGI GREENPAC LIMITED,754.5,762.15,739.1,742.2,747.0,749.45,,742.33,,,149192,111803438.15,5103,F1,1,,,,,
2026-09-03,2026-09-03,CM,NSE,STK,24445,INE976R01033,AGIIL,EQ,,,,,AGI INFRA LIMITED,282.85,287.0,275.75,278.3,277.4,280.75,,278.31,,,901682,254509491.25,6788,F1,1,,,,,
2026-09-03,2026-09-03,CM,NSE,STK,10491,INE0LF301013,AGNI,SM,,,,,AGNI GREEN POWER LTD,15.25,15.25,15.25,15.25,15.25,16.0,,15.25,,,2500,38125.0,1,F1,2500,,,,,
2026-09-03,2026-09-03,CM,NSE,STK,11072,INE449G01018,AGRITECH,EQ,,,,,AGRI-TECH (INDIA) LIMITED,102.0,102.0,101.0,101.1,101.0,100.9,,101.1,,,2440,247453.74,49,F1,1,,,,,
2026-09-03,2026-09-03,CM,NSE,STK,9046,INE740V01019,AGROPHOS,EQ,,,,,AGRO PHOS INDIA LIMITED,25.75,27.0,25.1,26.19,26.16,24.99,,26.19,,,33501,880494.38,353,F1,1,,,,,
2026-09-03,2026-09-03,CM,NSE,STK,759202,INE583L01014,AGSTRA,BZ,,,,,AGS TRANSACT TECH LTD,1.96,2.04,1.96,1.98,2.0,1.98,,1.99,,,72282,144615.77,205,F1,1,,,,,
2026-09-03,2026-09-03,CM,NSE,STK,10770,INE136T01014,AHIMSA,ST,,,,,AHIMSA INDUSTRIES LTD.,25.8,25.8,25.8,25.8,25.8,25.8,,25.8,,,27000,696600.0,1,F1,3000,,,,,
2026-09-03,2026-09-03,CM,NSE,STK,2004,INE00PV01013,AHLADA,EQ,,,,,AHLADA ENGINEERS LIMITED,38.3,38.3,37.02,37.51,37.98,37.27,,37.51,,,2175,82072.34,38,F1,1,,,,,
2026-09-03,2026-09-03,CM,NSE,STK,17833,INE758C01029,AHLUCONT,EQ,,,,,AHLUWALIA CONT IND LTD,602.75,608.9,591.35,595.45,593.9,602.2,,595.59,,,58695,35149876.65,4370,F1,1,,,,,
2026-09-03,2026-09-03,CM,NSE,STK,13086,INE212H01026,AIAENG,EQ,,,,,AIA ENGINEERING LIMITED,4201.2,4320.0,4182.1,4272.4,4266.7,4159.7,,4272.22,,,121873,520002580.8,32618,F1,1,,,,,
2026-09-03,2026-09-03,CM,NSE,STK,23984,INE0RUV01018,AIMTRON,SM,,,,,AIMTRON ELECTRONICS LTD,1590.0,1624.0,1590.0,1620.35,1622.9,1583.45,,1620.35,,,13400,21621590.0,58,F1,200,,,,,
2026-09-03,2026-09-03,CM,NSE,STK,9878,INE805A01014,GOLDTECH,BE,,,,,AION-TECH SOLUTIONS LTD,46.99,48.4,46.51,47.1,47.64,47.28,,47.1,,,6839,324646.35,87,F1,1,,,,,
2026-09-03,2026-09-03,CM,NSE,STK,9897,INE645W01026,AIRAN,EQ,,,,,AIRAN LIMITED,15.11,15.11,14.67,14.8,14.83,14.83,,14.8,,,37237,553502.59,274,F1,1,,,,,
2026-09-03,2026-09-03,CM,NSE,STK,6068,INE801L01010,AIROLAM,EQ,,,,,AIRO LAM LIMITED,86.51,89.0,86.07,86.34,86.2,86.51,,86.34,,,495,43104.21,22,F1,1,,,,,
2026-09-03,2026-09-03,CM,NSE,STK,8124,INE031B01049,AJANTPHARM,EQ,,,,,AJANTA PHARMA LIMITED,3462.6,3536.7,3456.1,3521.1,3525.0,3481.7,,3521.11,,,42779,150058636.7,12287,F1,1,,,,,
2026-09-03,2026-09-03,CM,NSE,STK,29624,INE274Y01021,AJAXENGG,EQ,,,,,AJAX ENGINEERING LIMITED,573.5,584.75,567.55,579.75,576.45,570.65,,579.57,,,50089,28900583.1,6106,F1,1,,,,,
2026-09-03,2026-09-03,CM,NSE,STK,17307,INE298G01035,AJMERA,EQ,,,,,AJMERA REALTY & INF I LTD,115.0,118.54,114.0,115.45,116.45,115.69,,115.45,,,355294,41548545.25,4597,F1,1,,,,,
2026-09-03,2026-09-03,CM,NSE,STK,3403,INE820Y01021,AJOONI,EQ,,,,,AJOONI BIOTECH LIMITED,3.72,3.77,3.71,3.71,3.72,3.72,,3.71,,,109004,406518.21,231,F1,1,,,,,
2026-09-03,2026-09-03,CM,NSE,STK,21121,INE0PCY01014,AKANKSHA,SM,,,,,AKANKSHA POWER N INFRA L,122.05,130.2,122.05,130.2,130.2,124.0,,130.2,,,19000,2459000.0,17,F1,1000,,,,,
2026-09-03,2026-09-03,CM,NSE,STK,13510,INE737W01013,AKASH,EQ,,,,,AKASH INFRA-PROJECTS LTD,25.98,25.98,24.57,24.92,24.88,25.2,,24.92,,,2153,54613.42,38,F1,1,,,,,
2026-09-03,2026-09-03,CM,NSE,STK,2176,INE00Y801016,AKG,EQ,,,,,AKG EXIM LIMITED,9.89,9.89,9.2,9.34,9.39,9.21,,9.34,,,23251,215777.26,101,F1,1,,,,,
2026-09-03,2026-09-03,CM,NSE,STK,14890,INE642Z01026,AKI,EQ,,,,,AKI INDIA LIMITED,6.57,6.57,6.57,6.57,6.57,5.48,,6.57,,,1291990,8488374.3,444,F1,1,,,,,
2026-09-03,2026-09-03,CM,NSE,STK,24304,INE0PMR01017,AKIKO,SM,,,,,AKIKO GLOBAL SERVICES L,379.1,404.0,379.1,404.0,404.0,379.1,,404.0,,,12000,4733440.0,14,F1,800,,,,,
2026-09-03,2026-09-03,CM,NSE,STK,24159,INE916Y01027,AFIL,EQ,,,,,AKME FINTRADE (INDIA) LTD,9.5,9.6,9.29,9.31,9.32,9.39,,9.31,,,313894,2939953.72,633,F1,1,,,,,
2026-09-03,2026-09-03,CM,NSE,STK,8595,INE523B01011,AKSHOPTFBR,BE,,,,,AKSH OPTIFIBRE  LTD,7.49,7.49,7.05,7.08,7.06,7.41,,7.08,,,271880,1949660.17,441,F1,1,,,,,
2026-09-03,2026-09-03,CM,NSE,STK,9558,INE256Z01025,AKSHAR,EQ,,,,,AKSHAR SPINTEX LIMITED,0.42,0.43,0.42,0.42,0.43,0.42,,0.42,,,550317,233504.85,281,F1,1,,,,,
2026-09-03,2026-09-03,CM,NSE,STK,20194,INE542B01011,AKSHARCHEM,BE,,,,,AKSHARCHEM INDIA LIMITED,424.0,424.0,424.0,424.0,424.0,403.85,,425.6,,,8564,3631136.0,119,F1,1,,,,,
2026-09-03,2026-09-03,CM,NSE,STK,24715,INE09XN01023,AKUMS,EQ,,,,,AKUMS DRUGS AND PHARMA L,764.35,788.0,760.5,780.55,778.0,770.25,,780.58,,,335921,260696968.15,18333,F1,1,,,,,
2026-09-03,2026-09-03,CM,NSE,STK,9921,INE914E01040,ALANKIT,EQ,,,,,ALANKIT LIMITED,8.12,8.19,7.89,8.02,8.02,7.96,,8.03,,,74600,596011.14,419,F1,1,,,,,
2026-09-03,2026-09-03,CM,NSE,STK,17256,INE155C01010,ALBERTDAVD,EQ,,,,,ALBERT DAVID LIMITED,876.0,883.9,865.0,870.15,878.1,871.7,,870.15,,,1783,1552254.5,275,F1,1,,,,,
2026-09-03,2026-09-03,CM,NSE,STK,18762,INE448V01019,ALCODIS,SM,,,,,ALCOKRAFT DISTILLERIE LTD,71.85,71.85,71.85,71.85,71.85,67.8,,71.85,,,625,44906.25,1,F1,625,,,,,
2026-09-03,2026-09-03,CM,NSE,STK,79,INE426A01027,ALEMBICLTD,EQ,,,,,ALEMBIC LIMITED,100.52,117.72,100.52,109.51,108.8,100.14,,109.51,,,35036495,3949744395.79,148298,F1,1,,,,,
2026-09-03,2026-09-03,CM,NSE,STK,25328,INE901L01018,APLLTD,EQ,,,,,ALEMBIC PHARMA LTD,833.5,833.5,801.1,803.65,804.6,826.9,,803.66,,,163761,133092503.6,11879,F1,1,,,,,
2026-09-03,2026-09-03,CM,NSE,STK,764573,INE782D01027,ALFREDHE,EQ,,,,,ALFRED HERBERT INDIA L,2900.0,3025.0,2799.9,2898.3,3025.0,2884.0,,2863.38,,,89,252908.4,25,F1,1,,,,,
2026-09-03,2026-09-03,CM,NSE,STK,761270,INE598D01035,ALGOQUANT,EQ,,,,,ALGOQUANT FINTECH LIMITED,63.8,65.21,63.69,64.27,64.16,63.8,,64.31,,,984808,63292520.63,2066,F1,1,,,,,
2026-09-03,2026-09-03,CM,NSE,STK,13656,INE062D01024,ALICON,EQ,,,,,ALICON CASTALLOY LIMITED,678.95,687.9,666.0,684.55,680.0,665.5,,684.49,,,18575,12576715.9,1109,F1,1,,,,,
2026-09-03,2026-09-03,CM,NSE,STK,5265,INE03Q201024,ALIVUS,EQ,,,,,ALIVUS LIFE SCIENCES LTD,1417.9,1439.4,1405.0,1418.8,1420.0,1417.9,,1418.79,,,79310,112391798.5,7501,F1,1,,,,,
2026-09-03,2026-09-03,CM,NSE,STK,16963,INE773I01017,ALKALI,BE,,,,,ALKALI METALS LTD,69.5,69.5,66.01,66.52,66.52,68.86,,66.87,,,2188,147948.0,44,F1,1,,,,,
2026-09-03,2026-09-03,CM,NSE,STK,11703,INE540L01014,ALKEM,EQ,,,,,ALKEM LABORATORIES LTD.,5210.0,5233.5,5157.0,5193.0,5193.0,5210.0,,5192.99,,,95991,497707341.5,11429,F1,1,,,,,
2026-09-03,2026-09-03,CM,NSE,STK,4487,INE150B01039,ALKYLAMINE,EQ,,,,,ALKYL AMINES CHEM. LTD,1981.8,2021.9,1975.5,2003.2,2004.0,1975.5,,2003.17,,,51387,102683981.8,7745,F1,1,,,,,
2026-09-03,2026-09-03,CM,NSE,STK,13203,INE0M2X01012,ALLETEC,SM,,,,,ALL E TECHNOLOGIES LTD,127.55,138.5,127.55,133.25,132.6,126.3,,133.25,,,39200,5265680.0,84,F1,400,,,,,
2026-09-03,2026-09-03,CM,NSE,STK,758448,INE0GV601021,ALLTIME,EQ,,,,,ALL TIME PLASTICS LIMITED,199.1,205.0,199.1,199.78,199.15,199.61,,199.79,,,114574,23082871.32,2635,F1,1,,,,,
2026-09-03,2026-09-03,CM,NSE,STK,763784,INE1YPB01014,AGL,EQ,,,,,ALLCARGO GLOBAL LIMITED,13.79,13.83,13.52,13.66,13.71,13.79,,13.66,,,1278727,17452763.69,3060,F1,1,,,,,
2026-09-03,2026-09-03,CM,NSE,STK,13501,INE418H01029,ALLCARGO,EQ,,,,,ALLCARGO LOGISTICS LTD,12.27,12.6,12.1,12.51,12.47,12.27,,12.51,,,16724646,206864141.89,15634,F1,1,,,,,
2026-09-03,2026-09-03,CM,NSE,STK,17778,INE0NN701020,ATL,EQ,,,,,ALLCARGO TERMINALS LTD,23.77,24.89,23.77,24.26,24.3,23.8,,24.26,,,163316,3970352.74,1475,F1,1,,,,,
2026-09-03,2026-09-03,CM,NSE,STK,11798,INE835G01018,ALLDIGI,EQ,,,,,ALLDIGI TECH LIMITED,796.55,804.55,790.0,801.65,801.0,796.55,,801.72,,,4579,3647415.1,447,F1,1,,,,,
2026-09-03,2026-09-03,CM,NSE,STK,24308,INE552Z01027,ABDL,EQ,,,,,ALLIED BLEND N DISTILS L,609.95,615.3,602.3,609.4,607.95,604.4,,609.39,,,127184,77480750.85,7386,F1,1,,,,,
2026-09-03,2026-09-03,CM,NSE,STK,14813,INE102I01027,ADSL,EQ,,,,,ALLIED DIGITAL SERV. LTD,104.16,105.82,103.01,104.85,105.0,103.9,,104.85,,,77592,8108330.27,1502,F1,1,,,,,
2026-09-03,2026-09-03,CM,NSE,STK,16719,INE326B01035,ALMONDZ,EQ,,,,,ALMONDZ GLOBAL SEC LTD,17.43,17.99,17.43,17.66,17.54,17.43,,17.66,,,284483,5044752.48,721,F1,1,,,,,
2026-09-03,2026-09-03,CM,NSE,STK,17675,INE270A01029,ALOKINDS,EQ,,,,,ALOK INDUSTRIES LIMITED,7.79,8.14,7.45,7.53,7.59,7.73,,7.53,,,61782463,482559801.14,35602,F1,1,,,,,
2026-09-03,2026-09-03,CM,NSE,STK,14848,INE385I01010,ALPA,EQ,,,,,ALPA LABORATORIES LTD,63.79,64.6,63.05,63.3,63.3,63.13,,63.54,,,5832,369133.67,131,F1,1,,,,,
2026-09-03,2026-09-03,CM,NSE,STK,22688,INE0R4701017,ALPEXSOLAR,SM,,,,,ALPEX SOLAR LIMITED,868.0,894.6,868.0,877.75,882.0,866.85,,877.75,,,37700,33227320.0,285,F1,100,,,,,
2026-09-03,2026-09-03,CM,NSE,STK,14601,INE137C01018,ALPHAGEO,BE,,,,,ALPHAGEO (INDIA) LIMITED,308.0,315.0,302.2,315.0,315.0,300.0,,315.01,,,13073,4082899.95,231,F1,1,,,,,
2026-09-03,2026-09-03,CM,NSE,STK,764186,INE1JCQ01037,ALPINETEX,EQ,,,,,ALPINE TEXWORLD LIMITED,51.12,59.34,51.12,57.17,57.25,51.09,,57.17,,,1147753,64114625.9,8126,F1,1,,,,,
2026-09-03,2026-09-03,CM,NSE,STK,764578,INE058F01019,ALUFLUOR,EQ,,,,,ALUFLUORIDE LTD.,502.0,504.05,495.1,502.15,502.0,502.55,,502.12,,,10453,5250631.65,263,F1,1,,,,,
2026-09-03,2026-09-03,CM,NSE,STK,23474,INE0STM01017,ALUWIND,SM,,,,,ALUWIND INFRA-TECH LTD,49.0,49.8,48.5,48.5,48.5,47.1,,48.5,,,7500,369375.0,5,F1,1500,,,,,
2026-09-03,2026-09-03,CM,NSE,STK,760740,INE121R01077,AMAGI,EQ,,,,,AMAGI MEDIA LABS LIMITED,575.45,575.45,560.5,562.35,565.8,572.8,,562.31,,,87295,49387257.65,4694,F1,1,,,,,
2026-09-03,2026-09-03,CM,NSE,STK,764583,INE841D01013,AMAL,EQ,,,,,AMAL LTD.,764.95,764.95,747.0,749.8,750.0,749.7,,750.11,,,2809,2118321.25,190,F1,1,,,,,
2026-09-03,2026-09-03,CM,NSE,STK,758910,INE084K01015,AMANTA,BE,,,,,AMANTA HEALTHCARE LIMITED,190.23,190.23,190.23,190.23,190.23,186.5,,191.0,,,19977,3800224.71,54,F1,1,,,,,
2026-09-03,2026-09-03,CM,NSE,STK,100,INE885A01032,ARE&M,EQ,,,,,AMARA RAJA ENERGY MOB LTD,873.7,879.4,858.0,860.4,861.3,871.25,,860.41,,,352946,305557913.5,20141,F1,1,,,,,
2026-09-03,2026-09-03,CM,NSE,STK,764588,INE484D01012,AMARJOTHI,EQ,,,,,AMARJOTHI SPINNING MILL L,159.0,159.0,153.05,158.81,158.9,156.13,,157.53,,,360,56153.09,27,F1,1,,,,,
2026-09-03,2026-09-03,CM,NSE,STK,763256,INE293601014,AMBAAUTO,SM,,,,,AMBA AUTO SALES AND SER L,112.0,112.5,109.55,109.55,109.55,111.85,,109.55,,,4000,444050.0,4,F1,1000,,,,,
2026-09-03,2026-09-03,CM,NSE,STK,762546,INE432A01017,AMBALALSA,BE,,,,,AMBALAL SARABHAI ENT L,44.94,45.5,43.51,43.67,43.51,44.1,,43.67,,,24304,1075971.03,163,F1,1,,,,,
2026-09-03,2026-09-03,CM,NSE,STK,1185,INE371P01015,AMBER,EQ,,,,,AMBER ENTERPRISES (I) LTD,7445.5,7473.0,7365.0,7410.0,7410.0,7415.0,,7410.0,,,95945,710837430.0,12219,F1,1,,,,,
2026-09-03,2026-09-03,CM,NSE,STK,11496,INE792B01012,AMBICAAGAR,EQ,,,,,AMBICA AGAR & AROMAINDLTD,25.29,27.49,24.36,26.33,27.49,24.75,,26.27,,,75462,1931470.54,249,F1,1,,,,,
2026-09-03,2026-09-03,CM,NSE,STK,15234,INE540G01014,AMBIKCO,EQ,,,,,AMBIKA COTTON MILL LTD.,1629.2,1650.0,1625.6,1634.7,1636.0,1629.2,,1634.78,,,5755,9439602.2,627,F1,1,,,,,
2026-09-03,2026-09-03,CM,NSE,STK,1270,INE079A01024,AMBUJACEM,EQ,,,,,AMBUJA CEMENTS LTD,404.0,405.05,401.8,405.0,405.0,402.7,,404.99,,,918055,370024614.9,11589,F1,1,,,,,
2026-09-03,2026-09-03,CM,NSE,STK,14398,INE005I01014,AMDIND,EQ,,,,,AMD INDUSTRIES LIMITED,57.4,60.99,56.61,58.51,57.73,57.39,,58.51,,,160048,9533238.75,2227,F1,1,,,,,
2026-09-03,2026-09-03,CM,NSE,STK,10898,INE0KT901015,AMEYA,SM,,,,,AMEYA PRECISION ENG LTD,108.0,108.0,105.6,107.15,107.15,109.0,,107.15,,,6000,641100.0,6,F1,1000,,,,,
2026-09-03,2026-09-03,CM,NSE,STK,11939,INE0MTP01013,AMIABLE,SM,,,,,AMIABLE LOGISTICS (I) LTD,61.2,77.0,61.2,77.0,77.0,65.0,,77.0,,,4800,337760.0,3,F1,1600,,,,,
2026-09-03,2026-09-03,CM,NSE,STK,19867,INE275D01022,AMNPLST,EQ,,,,,AMINES & PLASTICIZERS LTD,181.0,181.0,173.61,176.07,175.15,180.32,,176.08,,,4307,763967.66,267,F1,1,,,,,
2026-09-03,2026-09-03,CM,NSE,STK,761670,INE05TO01019,AEROPLANE,EQ,,,,,AMIR CHAND JAG KUM (E) L,180.1,188.21,177.07,188.07,188.0,179.25,,188.08,,,633269,116262591.49,4982,F1,1,,,,,
2026-09-03,2026-09-03,CM,NSE,STK,2598,INE606A01024,AMJLAND,EQ,,,,,AMJ LAND HOLDINGS LIMITED,38.65,39.98,38.65,39.6,39.06,38.61,,39.64,,,9245,365951.12,88,F1,1,,,,,
2026-09-03,2026-09-03,CM,NSE,STK,17547,INE098F01031,AMRUTANJAN,EQ,,,,,AMRUTAJAN HEALTH LTD,502.75,515.45,502.75,507.35,505.1,500.25,,507.35,,,67870,34593716.0,1336,F1,1,,,,,
2026-09-03,2026-09-03,CM,NSE,STK,759956,INE549H01021,ARSSBL,EQ,,,,,ANAND RATHI SH N STK BR L,511.9,520.0,508.05,514.95,515.8,508.3,,514.95,,,106069,54581442.55,4917,F1,1,,,,,
2026-09-03,2026-09-03,CM,NSE,STK,7145,INE463V01026,ANANDRATHI,EQ,,,,,ANAND RATHI WEALTH LTD,2205.0,2224.2,2189.9,2205.3,2205.7,2198.3,,2205.29,,,130218,286551515.7,19588,F1,1,,,,,
2026-09-03,2026-09-03,CM,NSE,STK,13620,INE242C01024,ANANTRAJ,EQ,,,,,ANANT RAJ LIMITED,598.0,640.25,598.0,628.3,627.0,588.85,,628.31,,,22186819,13970164265.4,331431,F1,1,,,,,
2026-09-03,2026-09-03,CM,NSE,STK,759363,INE1UA823019,ANANTAM,IV,,,,,ANANTAM HIGHWAYS TRUST,106.0,106.43,105.65,106.0,106.0,106.0,,106.0,,,16222,1718685.26,74,F1,1,,,,,
2026-09-03,2026-09-03,CM,NSE,STK,764446,INE1J5V01013,ANAWIL,SM,,,,,ANAWIL WIRE AND ENGIN LTD,391.8,397.0,379.95,382.5,384.95,390.0,,382.5,,,136000,52764680.0,321,F1,400,,,,,
2026-09-03,2026-09-03,CM,NSE,STK,758427,INE0VG001016,AMCL,SM,,,,,ANB METAL CAST LIMITED,360.0,373.0,351.05,363.5,373.0,365.0,,363.5,,,7200,2556360.0,18,F1,400,,,,,
2026-09-03,2026-09-03,CM,NSE,STK,15420,INE666E01020,ACL,EQ,,,,,ANDHRA CEMENTS LIMITED,43.92,43.99,43.02,43.58,43.9,43.92,,43.47,,,11113,486412.51,173,F1,1,,,,,
2026-09-03,2026-09-03,CM,NSE,STK,166,INE435A01051,ANDHRAPAP,EQ,,,,,ANDHRA PAPER LIMITED,61.11,65.0,61.11,63.29,63.5,61.09,,63.29,,,750331,47206721.7,6209,F1,1,,,,,
2026-09-03,2026-09-03,CM,NSE,STK,136,INE715B01021,ANDHRSUGAR,EQ,,,,,ANDHRA SUGARS LTD,99.99,102.4,97.5,101.29,101.75,99.2,,101.29,,,1156631,116558672.95,9724,F1,1,,,,,
2026-09-03,2026-09-03,CM,NSE,STK,5206,INE449C01025,ANDREWYU,EQ,,,,,ANDREW YULE & CO. LTD.,28.35,28.85,27.81,27.98,28.15,28.15,,27.98,,,80346,2271540.36,348,F1,1,,,,,
2026-09-03,2026-09-03,CM,NSE,STK,324,INE732I01021,ANGELONE,EQ,,,,,ANGEL ONE LIMITED,280.35,288.0,280.35,286.0,286.0,279.25,,286.0,,,4732927,1347754345.9,32862,F1,1,,,,,
2026-09-03,2026-09-03,CM,NSE,STK,482,INE635Y01015,AISL,SM,,,,,ANI INTEGRATED SERV LTD.,55.05,58.1,55.05,57.1,58.1,57.9,,57.1,,,3000,168810.0,4,F1,600,,,,,
2026-09-03,2026-09-03,CM,NSE,STK,16657,INE087B01017,ANIKINDS,EQ,,,,,ANIK INDUSTRIES LTD,46.7,46.7,43.96,44.99,45.17,44.77,,44.99,,,9572,427038.33,247,F1,1,,,,,
2026-09-03,2026-09-03,CM,NSE,STK,20453,INE071F01012,APCL,EQ,,,,,ANJANI PORTLAND CEM LTD,100.15,101.49,100.0,100.1,100.1,100.0,,100.1,,,3882,389381.02,59,F1,1,,,,,
2026-09-03,2026-09-03,CM,NSE,STK,25878,INE106I01010,ANKITMETAL,BZ,,,,,ANKIT MET & POW LTD,1.7,1.74,1.68,1.69,1.7,1.71,,1.74,,,10419,17545.77,33,F1,1,,,,,
2026-09-03,2026-09-03,CM,NSE,STK,758968,INE0Y8W01025,AHCL,EQ,,,,,ANLON HEALTHCARE LIMITED,15.47,16.25,15.47,15.6,15.6,15.56,,15.6,,,5112726,81292622.8,6224,F1,1,,,,,
2026-09-03,2026-09-03,CM,NSE,STK,13657,INE0LR101013,ANLON,SM,,,,,ANLON TECHNOLOGY SOL LTD,649.0,658.0,641.0,658.0,658.0,645.0,,658.0,,,4800,3114840.0,12,F1,400,,,,,
2026-09-03,2026-09-03,CM,NSE,STK,3727,INE02AR01019,ANMOL,EQ,,,,,ANMOL INDIA LIMITED,10.14,10.14,9.97,10.04,10.12,9.97,,10.04,,,23283,233635.52,97,F1,1,,,,,
2026-09-03,2026-09-03,CM,NSE,STK,764471,INE0MGM01017,ANNAPURNA,EQ,,,,,ANNAPURNA SWADISHT LTD,146.0,149.0,144.02,147.78,147.25,143.73,,147.78,,,21152,3097316.67,296,F1,1,,,,,
2026-09-03,2026-09-03,CM,NSE,STK,765503,INE103001017,ANNU,BE,,,,,ANNU PROJECTS LIMITED,74.8,74.8,71.82,71.82,71.82,75.6,,71.98,,,2067647,149324553.98,8802,F1,1,,,,,
2026-09-03,2026-09-03,CM,NSE,STK,758740,INE0VTV01012,ANONDITA,SM,,,,,ANONDITA MEDICARE LIMITED,1078.0,1105.0,1077.0,1099.9,1105.0,1060.85,,1099.9,,,51200,56004660.0,200,F1,200,,,,,
2026-09-03,2026-09-03,CM,NSE,STK,765020,INE030C01015,ANSALBU,EQ,,,,,ANSAL BUILDWELL LTD.,78.91,81.4,75.01,76.35,75.9,78.91,,76.74,,,925,71688.65,31,F1,1,,,,,
2026-09-03,2026-09-03,CM,NSE,STK,19677,INE436A01026,ANSALAPI,BZ,,,,,ANSAL PROP & INFRA LTD,3.25,3.32,3.23,3.31,3.24,3.26,,3.31,,,11824,39240.83,27,F1,1,,,,,
2026-09-03,2026-09-03,CM,NSE,STK,5194,INE414B01021,ANTGRAPHIC,EQ,,,,,ANTARCTICA LTD,0.74,0.76,0.73,0.75,0.75,0.73,,0.75,,,91374,67260.33,161,F1,1,,,,,
2026-09-03,2026-09-03,CM,NSE,STK,13598,INE818A01017,ANTELOPUS,EQ,,,,,ANTELOPUS SELAN ENRGY LTD,985.0,1075.1,965.4,1013.3,990.6,951.15,,1013.36,,,19196421,19564735617.25,521917,F1,1,,,,,
2026-09-03,2026-09-03,CM,NSE,STK,757885,INE0CZ201020,ANTHEM,EQ,,,,,ANTHEM BIOSCIENCES LTD,940.0,955.0,932.0,950.7,950.0,934.5,,950.64,,,701484,662401575.85,25403,F1,1,,,,,
2026-09-03,2026-09-03,CM,NSE,STK,1797,INE01BK01022,AWHCL,EQ,,,,,ANTONY WASTE HDG CELL LTD,373.0,376.25,371.0,371.4,371.5,372.95,,371.41,,,39713,14812797.3,2236,F1,1,,,,,
2026-09-03,2026-09-03,CM,NSE,STK,28314,INE489G01022,ANUHPHR,EQ,,,,,ANUH PHARMA LIMITED,79.3,81.7,78.1,79.68,79.99,78.94,,79.68,,,93225,7483685.6,1375,F1,1,,,,,
2026-09-03,2026-09-03,CM,NSE,STK,2829,INE930P01018,ANURAS,EQ,,,,,ANUPAM RASAYAN INDIA LTD,1240.3,1248.9,1235.0,1240.2,1240.2,1240.3,,1240.19,,,82580,102403724.7,2051,F1,1,,,,,
2026-09-03,2026-09-03,CM,NSE,STK,28983,INE0SI601032,ANYA,SM,,,,,ANYA POLYTECH & FERTI LTD,14.75,15.05,14.75,15.05,15.05,15.4,,15.05,,,20000,298750.0,4,F1,5000,,,,,
2026-09-03,2026-09-03,CM,NSE,STK,11945,INE0MIZ23019,ANZEN,IV,,,,,ANZEN IND ENE YLD PLU TRU,130.0,130.0,130.0,130.0,130.0,129.0,,129.5,,,25000,3250000.0,1,F1,25000,,,,,
2026-09-03,2026-09-03,CM,NSE,STK,758904,INF1J2R01114,AONEGOLD,EQ,,,,,AONEAMC - AONEGOLD,14.1,14.33,14.1,14.28,14.25,13.98,,14.28,,,427830,6100386.29,1698,F1,1,,,,,
2026-09-03,2026-09-03,CM,NSE,STK,30472,INF1J2R01056,AONELIQUID,EQ,,,,,AONEAMC - AONELIQUID,1075.31,1075.31,1075.29,1075.29,1075.29,1075.16,,1075.29,,,14549,15644535.33,94,F1,1,,,,,
2026-09-03,2026-09-03,CM,NSE,STK,757096,INF1J2R01064,AONENIFTY,EQ,,,,,AONEAMC - AONENIFTY,10.44,10.44,9.81,9.89,9.9,9.85,,9.89,,,118021,1172597.05,1066,F1,1,,,,,
2026-09-03,2026-09-03,CM,NSE,STK,760193,INF1J2R01171,AONESILVER,EQ,,,,,AONEAMC - AONESILVER,8.64,8.85,8.64,8.79,8.81,8.64,,8.79,,,268580,2367448.48,1045,F1,1,,,,,
2026-09-03,2026-09-03,CM,NSE,STK,759992,INF1J2R01148,AONETMMQ50,EQ,,,,,AONEAMC - AONETMMQ50,10.36,10.37,10.28,10.28,10.37,10.31,,10.28,,,71292,735277.04,188,F1,1,,,,,
2026-09-03,2026-09-03,CM,NSE,STK,29975,INF1J2R01015,AONETOTAL,EQ,,,,,AONEAMC - AONETOTAL,11.79,11.94,11.79,11.85,11.9,11.83,,11.85,,,155842,1851607.1,1075,F1,1,,,,,
2026-09-03,2026-09-03,CM,NSE,STK,11491,INE372A01015,APARINDS,EQ,,,,,APAR INDUSTRIES LTD.,16941.0,17772.0,16940.0,17704.0,17687.0,16813.0,,17703.83,,,208669,3662685918.0,56004,F1,1,,,,,
2026-09-03,2026-09-03,CM,NSE,STK,154,INE116A01032,APCOTEXIND,EQ,,,,,APCOTEX INDUSTRIES LIMITE,632.3,658.0,627.65,650.4,652.5,628.65,,650.49,,,349149,225643079.85,11407,F1,1,,,,,
2026-09-03,2026-09-03,CM,NSE,STK,27291,INE0T4V01015,APEXECO,ST,,,,,APEX ECOTECH LIMITED,266.0,268.45,265.0,265.0,265.0,256.0,,265.0,,,4800,1283280.0,6,F1,800,,,,,
2026-09-03,2026-09-03,CM,NSE,STK,21623,INE346W01013,APEX,EQ,,,,,APEX FROZEN FOODS LIMITED,370.0,381.6,363.3,376.75,377.9,367.25,,376.74,,,224093,83497947.8,8641,F1,1,,,,,
2026-09-03,2026-09-03,CM,NSE,STK,25780,INE702C01027,APLAPOLLO,EQ,,,,,APL APOLLO TUBES LTD,2230.0,2232.0,2136.5,2159.4,2159.4,2210.0,,2159.34,,,1385174,2993722758.6,64085,F1,1,,,,,
2026-09-03,2026-09-03,CM,NSE,STK,757182,INE0TLC07069,930APMD29,N0,,,,,APMD 9.30% 2029 STRPP C,103990.0,103990.0,103990.0,103990.0,103990.0,103990.0,,103990.0,,,1,103990.0,1,F1,1,,,,,
2026-09-03,2026-09-03,CM,NSE,STK,757184,INE0TLC07077,930APMD30,N0,,,,,APMD 9.30% 2030 STRPP D,104348.42,104348.42,104348.42,104348.42,104348.42,104359.6,,104348.42,,,23,2400013.66,3,F1,1,,,,,
2026-09-03,2026-09-03,CM,NSE,STK,757170,INE0TLC07101,930APMD32,N0,,,,,APMD 9.30% 2032 STRPP F,105400.0,105400.0,103201.01,103201.01,103201.01,105400.0,,103201.01,,,6,621405.05,2,F1,1,,,,,
2026-09-03,2026-09-03,CM,NSE,STK,157,INE437A01024,APOLLOHOSP,EQ,,,,,APOLLO HOSPITALS ENTER. L,8690.0,8785.5,8655.5,8692.0,8692.0,8719.0,,8692.41,,,241427,2105006220.5,27976,F1,1,,,,,
2026-09-03,2026-09-03,CM,NSE,STK,1134,INE713T01028,APOLLO,EQ,,,,,APOLLO MICRO SYSTEMS LTD,384.0,389.75,380.8,383.25,382.5,382.65,,383.27,,,3215994,1241315883.75,23462,F1,1,,,,,
2026-09-03,2026-09-03,CM,NSE,STK,14361,INE126J01016,APOLLOPIPE,EQ,,,,,APOLLO PIPES LIMITED,598.1,619.8,595.1,614.55,618.0,599.05,,614.52,,,162498,98818817.55,6343,F1,1,,,,,
2026-09-03,2026-09-03,CM,NSE,STK,6302,INE451F01024,APOLSINHOT,EQ,,,,,APOLLO SINDOORI HOTEL LTD,1238.9,1239.0,1212.0,1233.1,1236.1,1221.2,,1233.1,,,697,856798.2,62,F1,1,,,,,
2026-09-03,2026-09-03,CM,NSE,STK,163,INE438A01022,APOLLOTYRE,EQ,,,,,APOLLO TYRES LTD,435.7,439.8,433.1,433.85,434.75,434.15,,433.86,,,197622,86203915.6,9882,F1,1,,,,,
2026-09-03,2026-09-03,CM,NSE,STK,24638,INE0LQG01010,APRAMEYA,SM,,,,,APRAMEYA ENGINEERING LTD,116.5,120.95,115.0,120.3,120.95,120.6,,120.3,,,8000,931850.0,16,F1,500,,,,,
2026-09-03,2026-09-03,CM,NSE,STK,760370,INE0M2307339,915APSBC30,N0,,,,,APSBC 9.15% 2030 STRPP E,102723.0,102723.0,102723.0,102723.0,102723.0,102222.64,,102723.0,,,10,1027230.0,2,F1,1,,,,,
2026-09-03,2026-09-03,CM,NSE,STK,761435,INE1OOJ01011,APSISAERO,ST,,,,,APSIS AEROCOM LIMITED,599.35,599.35,599.35,599.35,599.35,587.6,,599.35,,,2400,1438440.0,2,F1,1200,,,,,
2026-09-03,2026-09-03,CM,NSE,STK,14074,INE266F01018,APTECHT,BE,,,,,APTECH LIMITED,90.1,92.95,90.1,90.97,90.8,90.78,,90.94,,,45018,4108167.24,385,F1,1,,,,,
2026-09-03,2026-09-03,CM,NSE,STK,5435,INE852O01025,APTUS,EQ,,,,,APTUS VALUE HSG FIN I LTD,255.55,260.19,253.6,257.31,256.98,254.28,,257.31,,,1420310,365446149.82,35473,F1,1,,,,,
2026-09-03,2026-09-03,CM,NSE,STK,23365,INE416A01051,AQYLON,EQ,,,,,AQYLON NEXUS LIMITED,19.8,21.64,19.66,21.59,21.64,20.61,,21.59,,,1582720,33578273.49,2300,F1,1,,,,,
2026-09-03,2026-09-03,CM,NSE,STK,758670,INE0YDV01010,ARCIIL,SM,,,,,ARC INSULATION & INSU LTD,38.0,38.0,37.0,37.9,37.9,39.0,,37.9,,,7000,262100.0,7,F1,1000,,,,,
2026-09-03,2026-09-03,CM,NSE,STK,12024,INE128X01021,ACI,EQ,,,,,ARCHEAN CHEMICAL IND LTD,499.0,510.85,489.35,495.2,497.0,494.1,,495.14,,,666712,335749665.55,26093,F1,1,,,,,
2026-09-03,2026-09-03,CM,NSE,STK,245,INE0CHO01012,ADL,EQ,,,,,ARCHIDPLY DECOR LIMITED,76.0,76.0,72.01,72.79,72.01,76.4,,72.79,,,776,56752.95,14,F1,1,,,,,
2026-09-03,2026-09-03,CM,NSE,STK,16795,INE877I01016,ARCHIDPLY,EQ,,,,,ARCHIDPLY IND. LTD,106.52,108.0,103.6,105.99,106.0,106.52,,105.99,,,19078,2024244.02,180,F1,1,,,,,
2026-09-03,2026-09-03,CM,NSE,STK,5688,INE731A01020,ARCHIES,EQ,,,,,ARCHIES LTD,13.02,13.32,12.85,12.91,12.96,12.94,,12.9,,,9243,120296.54,97,F1,1,,,,,
2026-09-03,2026-09-03,CM,NSE,STK,764598,INE372M01010,ARCL,EQ,,,,,ARCL ORGANICS LTD.,230.0,235.0,224.1,228.3,232.5,230.0,,228.3,,,58,13334.65,14,F1,1,,,,,
2026-09-03,2026-09-03,CM,NSE,STK,764480,INE0XNF01022,ARDEE,EQ,,,,,ARDEE INDUSTRIES LIMITED,56.79,57.73,54.48,54.84,54.96,56.4,,54.84,,,4822946,268912489.66,18861,F1,1,,,,,
2026-09-03,2026-09-03,CM,NSE,STK,758700,INE784R01023,ARFIN,EQ,,,,,ARFIN INDIA LIMITED,88.29,89.65,87.05,89.09,89.17,87.87,,89.09,,,1004336,89485008.0,2611,F1,1,,,,,
2026-09-03,2026-09-03,CM,NSE,STK,13092,INE0L2Y01011,ARHAM,SM,,,,,ARHAM TECHNOLOGIES LTD,203.05,215.0,200.0,214.45,215.0,206.1,,214.45,,,99000,20696600.0,56,F1,1000,,,,,
2026-09-03,2026-09-03,CM,NSE,STK,15204,INE298I01015,ARIES,EQ,,,,,ARIES AGRO LTD.,500.0,507.2,488.5,496.6,494.65,495.35,,496.63,,,60328,30128049.35,2328,F1,1,,,,,
2026-09-03,2026-09-03,CM,NSE,STK,13340,INE0NCC01015,ARIHANTACA,SM,,,,,ARIHANT ACADEMY LIMITED,474.65,500.0,474.65,496.0,496.0,477.0,,496.0,,,3600,1751460.0,7,F1,400,,,,,
2026-09-03,2026-09-03,CM,NSE,STK,3813,INE420B01036,ARIHANTCAP,EQ,,,,,ARIHANT CAPITAL MKTS LTD,78.68,79.98,77.57,78.52,78.76,78.48,,78.52,,,163522,12899508.73,1648,F1,1,,,,,
2026-09-03,2026-09-03,CM,NSE,STK,13885,INE413D01011,ARIHANT,EQ,,,,,ARIHANT FOUN & HOU LTD,890.0,959.35,890.0,920.65,937.0,900.3,,920.66,,,2144,1980873.1,187,F1,1,,,,,
2026-09-03,2026-09-03,CM,NSE,STK,20159,INE643K01018,ARIHANTSUP,EQ,,,,,ARIHANT SUPERSTRUCT LTD,249.0,249.0,231.35,236.15,236.7,247.75,,236.15,,,30352,7302706.05,381,F1,1,,,,,
2026-09-03,2026-09-03,CM,NSE,STK,757614,INE0H9P01028,ARIS,EQ,,,,,ARISINFRA SOLUTIONS LTD,128.5,132.89,127.0,129.43,129.89,128.31,,129.42,,,1628246,210428185.79,10647,F1,1,,,,,
2026-09-03,2026-09-03,CM,NSE,STK,25398,INE0QRL01017,ARKADE,EQ,,,,,ARKADE DEVELOPERS LIMITED,119.0,124.69,119.0,124.17,123.9,117.93,,124.17,,,374251,45748582.15,3799,F1,1,,,,,
2026-09-03,2026-09-03,CM,NSE,STK,17263,INE109C01017,ARMANFIN,EQ,,,,,ARMAN FIN SERV LTD,1954.5,2004.9,1945.0,1991.9,2000.0,1947.2,,1992.15,,,21713,43073340.7,3828,F1,1,,,,,
2026-09-03,2026-09-03,CM,NSE,STK,760752,INE0TZX01019,ARMOUR,ST,,,,,ARMOUR SECURITY (INDIA) L,18.0,18.0,17.6,18.0,18.0,18.0,,18.0,,,6000,107200.0,3,F1,2000,,,,,
2026-09-03,2026-09-03,CM,NSE,STK,14557,INE210C01013,AROGRANITE,EQ,,,,,ARO GRANITE IND. LTD.,24.5,25.05,24.5,24.97,24.98,24.61,,24.97,,,2282,56267.79,28,F1,1,,,,,
2026-09-03,2026-09-03,CM,NSE,STK,9264,INE570D01018,ARROWGREEN,BE,,,,,ARROW GREENTECH LIMITED,773.0,796.9,771.0,777.4,777.0,771.2,,777.39,,,38395,30046805.15,892,F1,1,,,,,
2026-09-03,2026-09-03,CM,NSE,STK,29015,INE968D01022,ARSHIYA,BZ,,,,,ARSHIYA LIMITED,0.68,0.74,0.68,0.73,0.73,0.71,,0.73,,,594134,413529.1,211,F1,1,,,,,
2026-09-03,2026-09-03,CM,NSE,STK,6156,INE738V01013,ARTNIRMAN,EQ,,,,,ART NIRMAN LIMITED,40.45,41.08,39.05,40.43,40.99,40.25,,40.43,,,396,15864.65,23,F1,1,,,,,
2026-09-03,2026-09-03,CM,NSE,STK,761330,INE757T01025,AEPL,EQ,,,,,ARTEMIS ELECTRICALS & P L,15.48,18.09,15.1,17.09,17.2,15.08,,17.08,,,268429,4542178.37,1122,F1,1,,,,,
2026-09-03,2026-09-03,CM,NSE,STK,16913,INE025R01021,ARTEMISMED,EQ,,,,,ARTEMIS MED SERVICE LTD,322.0,324.4,317.5,319.85,319.0,320.7,,319.84,,,95982,30737885.45,4724,F1,1,,,,,
2026-09-03,2026-09-03,CM,NSE,STK,756896,INE0TTG01017,ARUNAYA,SM,,,,,ARUNAYA ORGANICS LIMITED,13.9,15.5,13.9,14.6,14.6,14.2,,14.6,,,24000,356700.0,11,F1,2000,,,,,
2026-09-03,2026-09-03,CM,NSE,STK,2814,INE006Z01016,ARVEE,EQ,,,,,ARVEE LABORATORIES I LTD,167.46,173.37,165.0,165.0,165.0,165.81,,165.0,,,1083,181940.77,52,F1,1,,,,,
2026-09-03,2026-09-03,CM,NSE,STK,9111,INE955V01021,ARVINDFASN,EQ,,,,,ARVIND FASHIONS LIMITED,461.15,461.2,449.9,454.3,457.0,461.15,,454.29,,,132745,60489026.55,11961,F1,1,,,,,
2026-09-03,2026-09-03,CM,NSE,STK,193,INE034A01011,ARVIND,EQ,,,,,ARVIND LIMITED,575.0,575.0,562.0,567.0,567.0,574.05,,566.97,,,455606,258469234.55,21877,F1,1,,,,,
2026-09-03,2026-09-03,CM,NSE,STK,19579,INE0P4T01013,ARVINDPORT,SM,,,,,ARVIND PORT AND INFRA LTD,32.05,32.05,31.95,32.0,32.0,33.5,,32.0,,,16500,528000.0,7,F1,1500,,,,,
2026-09-03,2026-09-03,CM,NSE,STK,10457,INE034S01021,ARVSMART,EQ,,,,,ARVIND SMARTSPACES LTD,644.95,648.95,635.55,639.0,640.25,642.4,,639.0,,,23247,14935967.4,1191,F1,1,,,,,
2026-09-03,2026-09-03,CM,NSE,STK,764603,INE032E01017,ARYAMAN,EQ,,,,,ARYAMAN FINANCIAL SERV L,622.4,638.0,605.0,626.5,638.0,639.95,,619.6,,,532,326045.3,22,F1,1,,,,,
2026-09-03,2026-09-03,CM,NSE,STK,5378,INE439A01020,ASAHIINDIA,EQ,,,,,ASAHI INDIA GLASS LIMITED,955.7,965.0,949.5,962.25,963.05,951.05,,962.2,,,118263,113494030.8,11322,F1,1,,,,,
2026-09-03,2026-09-03,CM,NSE,STK,25092,INE228I01012,ASAHISONG,BE,,,,,ASAHI SONGWON COLOR LTD,374.3,380.0,368.05,368.8,368.6,367.9,,369.95,,,14633,5470468.15,172,F1,1,,,,,
2026-09-03,2026-09-03,CM,NSE,STK,24711,INE0LAA01017,ASHALOG,SM,,,,,ASHAPURA LOGISTICS LTD,63.9,63.9,63.25,63.25,63.25,62.0,,63.25,,,36000,2299750.0,2,F1,1000,,,,,
2026-09-03,2026-09-03,CM,NSE,STK,203,INE348A01023,ASHAPURMIN,EQ,,,,,ASHAPURA MINECHEM LTD,554.8,562.65,545.85,547.95,548.5,550.5,,547.98,,,284037,156974068.35,12946,F1,1,,,,,
2026-09-03,2026-09-03,CM,NSE,STK,24403,INE365D01021,ASHIANA,EQ,,,,,ASHIANA HOUSING LTD,369.8,371.0,366.0,366.55,366.2,368.3,,366.56,,,14643,5377593.4,624,F1,1,,,,,
2026-09-03,2026-09-03,CM,NSE,STK,762551,INE094B01013,ASHIKAG,BE,,,,,ASHIKA GLOBAL SEC LTD,425.95,433.9,420.35,429.25,429.9,425.95,,429.12,,,7207,3092421.2,119,F1,1,,,,,
2026-09-03,2026-09-03,CM,NSE,STK,206,INE440A01010,ASHIMASYN,EQ,,,,,ASHIMA LTD,18.25,18.25,17.62,17.88,17.99,17.83,,17.79,,,34870,623834.2,209,F1,1,,,,,
2026-09-03,2026-09-03,CM,NSE,STK,212,INE208A01029,ASHOKLEY,EQ,,,,,ASHOK LEYLAND LTD,168.5,169.35,166.05,169.35,169.35,167.9,,169.35,,,9119654,1530160001.51,47886,F1,1,,,,,
2026-09-03,2026-09-03,CM,NSE,STK,20182,INE442H01029,ASHOKA,EQ,,,,,ASHOKA BUILDCON LTD,117.39,118.44,116.15,117.32,117.45,117.39,,117.32,,,964821,113411506.54,6864,F1,1,,,,,
2026-09-03,2026-09-03,CM,NSE,STK,16943,INE760Y01011,ASHOKAMET,EQ,,,,,ASHOKA METCAST LIMITED,14.15,14.15,13.2,13.47,13.57,13.49,,13.49,,,13117,179200.26,94,F1,1,,,,,
2026-09-03,2026-09-03,CM,NSE,STK,760418,INE1A6Q01010,ASHWINI,SM,,,,,ASHWINI CONTAINER MOVER L,183.0,183.0,180.0,180.0,180.0,186.0,,180.0,,,3000,545000.0,3,F1,1000,,,,,
2026-09-03,2026-09-03,CM,NSE,STK,7030,INE276G01015,ASIANENE,EQ,,,,,ASIAN ENERGY SERVICES LTD,509.45,528.4,499.5,523.0,522.9,504.1,,523.01,,,855583,444914350.25,23549,F1,1,,,,,
2026-09-03,2026-09-03,CM,NSE,STK,14889,INE022I01019,ASIANTILES,EQ,,,,,ASIAN GRANITO IND. LTD.,50.29,50.35,49.47,49.96,50.05,50.16,,49.96,,,5861094,292755821.17,9521,F1,1,,,,,
2026-09-03,2026-09-03,CM,NSE,STK,19438,INE926K01017,AHLEAST,EQ,,,,,ASIAN HOTELS (EAST) LTD,143.3,144.2,135.0,135.86,135.95,142.01,,135.86,,,7776,1068489.17,238,F1,1,,,,,
2026-09-03,2026-09-03,CM,NSE,STK,18422,INE363A01022,ASIANHOTNR,EQ,,,,,ASIAN HOTELS (NORTH) LTD,380.4,389.0,373.95,383.85,385.0,379.9,,383.85,,,23687,9086140.2,976,F1,1,,,,,
2026-09-03,2026-09-03,CM,NSE,STK,19370,INE915K01010,AHLWEST,BE,,,,,ASIAN HOTELS (WEST) LTD,530.0,535.0,510.1,512.05,530.0,535.0,,512.05,,,393,208814.8,15,F1,1,,,,,
2026-09-03,2026-09-03,CM,NSE,STK,236,INE021A01026,ASIANPAINT,EQ,,,,,ASIAN PAINTS LIMITED,2530.0,2544.0,2515.1,2541.6,2541.6,2527.5,,2541.41,,,589499,1491676218.2,39745,F1,1,,,,,
2026-09-03,2026-09-03,CM,NSE,STK,762553,INE194D01017,ASTAR,EQ,,,,,ASIAN STAR CO. LTD.,581.15,590.0,577.0,578.5,577.0,590.0,,578.8,,,23,13394.4,13,F1,1,,,,,
2026-09-03,2026-09-03,CM,NSE,STK,765025,INE822B01017,ASIANTNE,EQ,,,,,ASIAN TEA & EXPORTS LTD.,10.15,10.15,9.67,9.76,9.76,9.83,,9.74,,,3167,31111.82,51,F1,1,,,,,
2026-09-03,2026-09-03,CM,NSE,STK,20152,INE491J01022,ASKAUTOLTD,EQ,,,,,ASK AUTOMOTIVE LIMITED,624.0,639.5,620.2,632.2,634.9,623.85,,632.21,,,205122,129415590.45,8734,F1,1,,,,,
2026-09-03,2026-09-03,CM,NSE,STK,17270,INE991I01015,ASPINWALL,EQ,,,,,ASPINWALL & CO LTD,258.0,264.0,252.0,257.55,263.9,259.85,,257.55,,,4005,1019145.85,107,F1,1,,,,,
2026-09-03,2026-09-03,CM,NSE,STK,23396,INE0S7801010,ASPIRE,SM,,,,,ASPIRE & INNOVATIVE ADV L,12.8,13.8,12.8,13.05,13.3,13.45,,13.05,,,68000,876000.0,33,F1,2000,,,,,
2026-09-03,2026-09-03,CM,NSE,STK,765237,INE165G01010,ASSAMENT,EQ,,,,,ASSAM ENTRADE LIMITED,831.0,831.0,831.0,831.0,831.0,819.0,,831.0,,,1,831.0,1,F1,1,,,,,
2026-09-03,2026-09-03,CM,NSE,STK,17598,INE073G01016,ASALCBR,EQ,,,,,ASSO ALCOHOLS & BREW LTD,708.3,712.0,690.0,696.05,694.0,703.8,,696.08,,,22698,15908142.05,1996,F1,1,,,,,
2026-09-03,2026-09-03,CM,NSE,STK,17728,INE563J01010,ASTEC,EQ,,,,,ASTEC LIFESCIENCES LTD,571.1,581.0,570.1,573.25,570.4,572.55,,573.27,,,10624,6107403.25,868,F1,1,,,,,
2026-09-03,2026-09-03,CM,NSE,STK,1508,INE914M01019,ASTERDM,EQ,,,,,ASTER DM QUALITY CARE LTD,768.0,789.0,754.05,787.0,785.3,759.9,,786.99,,,3077930,2393893138.4,89360,F1,1,,,,,
2026-09-03,2026-09-03,CM,NSE,STK,11618,INE386C01029,ASTRAMICRO,EQ,,,,,ASTRA MICROWAVE LTD,1650.0,1684.0,1645.1,1665.1,1666.0,1641.8,,1665.15,,,162924,271650295.3,15880,F1,1,,,,,
2026-09-03,2026-09-03,CM,NSE,STK,14418,INE006I01046,ASTRAL,EQ,,,,,ASTRAL LIMITED,1493.0,1497.0,1476.7,1495.2,1495.2,1487.0,,1495.19,,,640757,952286309.0,20959,F1,1,,,,,
2026-09-03,2026-09-03,CM,NSE,STK,5610,INE203A01020,ASTRAZEN,EQ,,,,,ASTRAZENECA PHARMA IND LT,6868.0,6960.0,6835.5,6940.5,6947.0,6868.0,,6940.7,,,4139,28606876.5,1563,F1,1,,,,,
2026-09-03,2026-09-03,CM,NSE,STK,764445,INE646X01014,ASTRON,BZ,,,,,ASTRON PAPER BORD MIL LTD,3.05,3.1,2.92,3.0,3.06,2.98,,3.0,,,29095,87551.48,59,F1,1,,,,,
2026-09-03,2026-09-03,CM,NSE,STK,15649,INE0ALR01029,ATALREAL,EQ,,,,,ATAL REALTECH LIMITED,26.13,26.45,25.75,25.9,25.9,25.53,,25.9,,,9781101,253064232.12,5392,F1,1,,,,,
2026-09-03,2026-09-03,CM,NSE,STK,15404,INE09KD01013,ATAM,EQ,,,,,ATAM VALVES LIMITED,54.4,56.39,54.25,54.79,54.41,54.78,,54.79,,,5818,319272.66,149,F1,1,,,,,
2026-09-03,2026-09-03,CM,NSE,STK,756405,INE0V0Q01019,ATCENERGY,ST,,,,,ATC ENERGIES SYSTEM LTD,22.5,22.5,22.5,22.5,22.5,22.85,,22.5,,,1200,27000.0,1,F1,1200,,,,,
2026-09-03,2026-09-03,CM,NSE,STK,757645,INE0LEZ01016,ATHERENERG,EQ,,,,,ATHER ENERGY LIMITED,1673.4,1675.0,1629.9,1638.9,1638.9,1686.1,,1638.84,,,4163125,6844138812.0,99909,F1,1,,,,,
2026-09-03,2026-09-03,CM,NSE,STK,760953,IN90NN701011,ATLPP,E1,,,,,ATL RE.0.50 PPD UP,9.2,9.2,8.25,9.1,9.1,9.09,,9.05,,,2102,18336.55,15,F1,1,,,,,
2026-09-03,2026-09-03,CM,NSE,STK,759007,INE0Z4F01028,ATLANTAELE,EQ,,,,,ATLANTA ELECTRICALS LTD,1860.0,1925.0,1817.9,1886.4,1892.0,1838.9,,1886.39,,,253182,478794501.3,24854,F1,1,,,,,
2026-09-03,2026-09-03,CM,NSE,STK,13585,INE285H01022,ATLANTAA,EQ,,,,,ATLANTAA LIMITED,39.3,39.96,39.2,39.86,39.26,39.21,,39.82,,,27112,1072759.48,851,F1,1,,,,,
2026-09-03,2026-09-03,CM,NSE,STK,4568,INE446A01025,ATLASCYCLE,EQ,,,,,ATLAS CYCLE (HARYANA) LTD,96.4,98.49,94.51,95.44,96.44,95.05,,95.48,,,2994,287185.46,115,F1,1,,,,,
2026-09-03,2026-09-03,CM,NSE,STK,22785,INE05DH01017,ATMASTCO,SM,,,,,ATMASTCO LIMITED,139.2,146.05,139.0,139.75,139.05,139.1,,139.75,,,17200,2438540.0,40,F1,400,,,,,
2026-09-03,2026-09-03,CM,NSE,STK,30023,INE951D01028,ATULAUTO,EQ,,,,,ATUL AUTO LIMITED,467.3,470.8,457.5,461.3,462.0,466.4,,461.41,,,161354,74776057.15,4693,F1,1,,,,,
2026-09-03,2026-09-03,CM,NSE,STK,263,INE100A01010,ATUL,EQ,,,,,ATUL LTD,6486.0,6642.5,6446.0,6469.0,6461.0,6485.5,,6468.96,,,54621,356548753.5,15052,F1,1,,,,,
2026-09-03,2026-09-03,CM,NSE,STK,21238,INE949L01017,AUBANK,EQ,,,,,AU SMALL FINANCE BANK LTD,1082.0,1083.3,1066.1,1072.0,1072.0,1077.9,,1072.0,,,506657,542728695.9,32757,F1,1,,,,,
2026-09-03,2026-09-03,CM,NSE,STK,765451,INE16W401027,AUGMONT,EQ,,,,,AUGMONT ENTERPRISES LTD,975.0,979.95,912.0,922.7,916.4,952.85,,922.54,,,3652464,3464618762.35,96061,F1,1,,,,,
2026-09-03,2026-09-03,CM,NSE,STK,12022,INE132H01018,AURIONPRO,EQ,,,,,AURIONPRO SOLN LTD,693.0,704.0,684.0,686.45,684.5,693.0,,686.46,,,170083,117505683.35,8538,F1,1,,,,,
2026-09-03,2026-09-03,CM,NSE,STK,15869,INE0NUL01018,AUROIMPEX,SM,,,,,AURO IMPEX & CHEMICALS L,28.6,28.65,28.0,28.65,28.65,27.3,,28.65,,,14400,411440.0,9,F1,1600,,,,,
2026-09-03,2026-09-03,CM,NSE,STK,275,INE406A01037,AUROPHARMA,EQ,,,,,AUROBINDO PHARMA LTD,1656.1,1666.6,1626.6,1637.3,1637.3,1648.2,,1637.21,,,920206,1516690580.6,49343,F1,1,,,,,
2026-09-03,2026-09-03,CM,NSE,STK,10310,INE898S01029,AURUM,EQ,,,,,AURUM PROPTECH LIMITED,224.95,228.85,224.01,224.76,224.5,224.95,,224.74,,,45123,10183061.63,1907,F1,1,,,,,
2026-09-03,2026-09-03,CM,NSE,STK,31468,INE142K01011,AURUS,EQ,,,,,AURUS GEM CORP LIMITED,4.55,4.69,4.55,4.62,4.66,4.64,,4.62,,,8380,38458.12,58,F1,1,,,,,
2026-09-03,2026-09-03,CM,NSE,STK,4037,INE218C01016,AUSOMENT,EQ,,,,,AUSOM ENTERPRISE LIMITED,162.0,162.0,153.51,159.95,160.0,156.45,,159.78,,,15371,2442979.17,150,F1,1,,,,,
2026-09-03,2026-09-03,CM,NSE,STK,764608,INE759F01012,AUSTENG,EQ,,,,,AUSTIN ENGINEERING CO. L,125.0,125.0,122.1,124.7,124.7,121.4,,122.65,,,263,32650.37,15,F1,1,,,,,
2026-09-03,2026-09-03,CM,NSE,STK,21451,INE0P0001010,APS,SM,,,,,AUSTRALIAN PREM SOLAR I L,245.1,252.0,244.0,245.0,245.0,249.35,,245.0,,,13250,3272562.5,50,F1,250,,,,,
2026-09-03,2026-09-03,CM,NSE,STK,23553,INE206F01022,AIIL,EQ,,,,,AUTHUM INVEST & INFRA LTD,514.6,522.15,508.25,519.05,517.0,507.45,,519.09,,,263000,135616486.1,11416,F1,1,,,,,
2026-09-03,2026-09-03,CM,NSE,STK,14106,INE718H01014,AUTOIND,EQ,,,,,AUTOLINE INDUSTRIES LTD,84.46,98.4,84.46,92.75,93.5,84.68,,92.76,,,1837130,171522081.09,13634,F1,1,,,,,
2026-09-03,2026-09-03,CM,NSE,STK,764558,INE451C01013,ACGL,EQ,,,,,AUTOMOBILE CORPN OF GOA L,1799.8,1799.8,1765.0,1790.9,1782.0,1760.0,,1778.38,,,309,551643.1,56,F1,1,,,,,
2026-09-03,2026-09-03,CM,NSE,STK,278,INE449A01011,AUTOAXLES,EQ,,,,,AUTOMOTIVE AXLES LIMITED,1749.0,1749.0,1692.6,1705.4,1705.0,1732.5,,1705.53,,,4117,7089786.6,692,F1,1,,,,,
2026-09-03,2026-09-03,CM,NSE,STK,10634,INE900C01027,ASAL,EQ,,,,,AUTOMOTIVE STAMPINGS & AS,474.5,488.0,474.5,486.3,487.9,473.4,,486.31,,,13566,6545576.65,587,F1,1,,,,,
2026-09-03,2026-09-03,CM,NSE,STK,21406,INE349W01017,AVADHSUGAR,EQ,,,,,AVADH SUG & ENERGY LTD,814.75,845.0,812.05,831.1,831.0,811.7,,831.05,,,152917,126717349.15,7085,F1,1,,,,,
2026-09-03,2026-09-03,CM,NSE,STK,15058,INE0LCL01028,AVALON,EQ,,,,,AVALON TECHNOLOGIES LTD,2235.4,2265.4,2139.3,2248.6,2255.0,2189.6,,2248.58,,,462178,1019198815.7,43202,F1,1,,,,,
2026-09-03,2026-09-03,CM,NSE,STK,760736,INE1KU201016,AVANA,ST,,,,,AVANA ELECTROSYSTEMS LTD,151.0,152.9,148.1,152.4,152.9,155.85,,152.4,,,14000,2104400.0,7,F1,2000,,,,,
2026-09-03,2026-09-03,CM,NSE,STK,765030,INE758A01072,AVANCE,EQ,,,,,AVANCE TECHNOLOGIES LTD.,0.83,0.84,0.82,0.82,0.83,0.82,,0.82,,,4293598,3550411.19,1173,F1,1,,,,,
2026-09-03,2026-09-03,CM,NSE,STK,24610,INE005B01027,AVANTEL,EQ,,,,,AVANTEL LIMITED,157.09,158.85,156.0,156.5,156.7,156.81,,156.5,,,469993,73809321.02,6639,F1,1,,,,,
2026-09-03,2026-09-03,CM,NSE,STK,7936,INE871C01038,AVANTIFEED,EQ,,,,,AVANTI FEEDS LIMITED,805.9,810.0,791.9,795.85,797.0,801.2,,795.82,,,274215,218753543.7,15496,F1,1,,,,,
2026-09-03,2026-09-03,CM,NSE,STK,19913,INE192R01011,DMART,EQ,,,,,AVENUE SUPERMARTS LIMITED,3824.1,3824.1,3752.0,3763.0,3763.0,3813.4,,3762.95,,,186192,703267489.5,20581,F1,1,,,,,
2026-09-03,2026-09-03,CM,NSE,STK,16249,INE483S01020,CCAVENUE,EQ,,,,,AVENUESAI LIMITED,15.62,15.79,15.28,15.4,15.45,15.5,,15.4,,,13443200,207240610.72,10812,F1,1,,,,,
2026-09-03,2026-09-03,CM,NSE,STK,15638,INE680Z01018,AVG,BE,,,,,AVG LOGISTICS LIMITED,171.4,174.98,170.2,171.3,171.0,171.42,,171.35,,,13721,2359202.31,95,F1,1,,,,,
2026-09-03,2026-09-03,CM,NSE,STK,25520,INE0TFB01017,AVIANSH,SM,,,,,AVI ANSH TEXTILE LIMITED,104.0,104.5,104.0,104.5,104.5,104.0,,104.5,,,2000,208500.0,2,F1,1000,,,,,
2026-09-03,2026-09-03,CM,NSE,STK,755092,INE0V9I01017,AVIENCE,SM,,,,,AVIENCE BIOMEDICALS LTD,277.0,278.8,269.5,270.5,269.5,272.5,,270.5,,,16800,4590120.0,27,F1,600,,,,,
2026-09-03,2026-09-03,CM,NSE,STK,14069,INE855F01042,ASMS,BE,,,,,AVIO SMART MRKT STACK LTD,7.02,7.36,6.92,7.11,7.2,7.01,,7.12,,,194582,1385324.73,514,F1,1,,,,,
2026-09-03,2026-09-03,CM,NSE,STK,13557,INE323B01024,AVONMORE,EQ,,,,,AVONMORE CAP&MGT SERV LTD,12.95,13.79,12.85,13.12,13.1,13.1,,13.13,,,262918,3480310.93,885,F1,1,,,,,
2026-09-03,2026-09-03,CM,NSE,STK,23159,INE0R9401019,AVPINFRA,SM,,,,,AVP INFRACON LIMITED,58.25,59.0,58.0,58.4,58.0,57.95,,58.4,,,14400,840760.0,13,F1,800,,,,,
2026-09-03,2026-09-03,CM,NSE,STK,8827,INE652Z01025,AVROIND,EQ,,,,,AVRO INDIA LIMITED,9.25,9.6,8.05,8.97,8.69,9.13,,9.12,,,1477571,13500429.14,2283,F1,1,,,,,
2026-09-03,2026-09-03,CM,NSE,STK,14008,INE488D01021,AVTNPL,EQ,,,,,AVT NATURAL PRODUCTS LTD,87.36,97.0,87.35,91.64,92.04,87.16,,91.64,,,1865936,174765207.01,16683,F1,1,,,,,
2026-09-03,2026-09-03,CM,NSE,STK,23864,INE108V01019,AWFIS,EQ,,,,,AWFIS SPACE SOLUTIONS LTD,257.0,259.4,254.9,256.5,256.0,256.4,,256.49,,,157192,40297155.95,4779,F1,1,,,,,
2026-09-03,2026-09-03,CM,NSE,STK,8110,INE699H01024,AWL,EQ,,,,,AWL AGRI BUSINESS LIMITED,192.0,193.19,190.1,190.79,190.26,191.25,,190.79,,,1055619,202256237.29,18679,F1,1,,,,,
2026-09-03,2026-09-03,CM,NSE,STK,5900,INE238A01034,AXISBANK,EQ,,,,,AXIS BANK LIMITED,1265.0,1278.9,1260.2,1267.0,1267.0,1253.9,,1266.86,,,3309215,4209558956.1,84824,F1,1,,,,,
2026-09-03,2026-09-03,CM,NSE,STK,765499,INF846KA1598,ENERGYAXIS,EQ,,,,,AXISAMC - ENERGYAXIS,19.1,19.25,18.9,19.2,19.2,19.01,,19.18,,,26272,502236.75,82,F1,1,,,,,
2026-09-03,2026-09-03,CM,NSE,STK,1044,INF846K01X63,BNKETFAXIS,EQ,,,,,AXISAMC-BNKETFAXIS,593.9,596.0,592.47,593.0,593.0,589.07,,593.0,,,6331,3761285.83,44,F1,1,,,,,
2026-09-03,2026-09-03,CM,NSE,STK,5732,INF846K016C7,CONSUMAXIS,EQ,,,,,AXISAMC-CONSUMAXIS,120.49,122.25,119.64,119.64,119.64,120.12,,119.64,,,4376,523724.87,28,F1,1,,,,,
2026-09-03,2026-09-03,CM,NSE,STK,20532,INF846K01W80,GOLDAXIS,EQ,,,,,AXISAMC-GOLDAXIS,127.28,127.9,126.71,127.2,127.24,124.18,,127.2,,,5116035,652126428.02,4593,F1,1,,,,,
2026-09-03,2026-09-03,CM,NSE,STK,3608,INF846K01Z12,HEALTHAXIS,EQ,,,,,AXISAMC-HEALTHAXIS,171.27,171.27,168.14,168.69,169.54,170.11,,168.69,,,5333,900673.01,96,F1,1,,,,,
2026-09-03,2026-09-03,CM,NSE,STK,3010,INF846K01Y96,ITAXIS,EQ,,,,,AXISAMC-ITAXIS,343.66,343.66,338.5,339.76,339.66,343.11,,339.76,,,1260,427966.87,50,F1,1,,,,,
2026-09-03,2026-09-03,CM,NSE,STK,21252,INF846K01W98,NIFTYAXIS,EQ,,,,,AXISAMC-NIFTYAXIS,266.64,266.64,264.06,264.58,264.9,264.93,,264.58,,,3036,805805.14,190,F1,1,,,,,
2026-09-03,2026-09-03,CM,NSE,STK,14742,INF846K010Q0,SENSEXAXIS,EQ,,,,,AXISAMC-SENSEXAXIS,79.62,80.05,79.3,79.67,80.05,79.56,,79.67,,,1119,89223.27,61,F1,1,,,,,
2026-09-03,2026-09-03,CM,NSE,STK,11193,INF846K011K1,SILVERAXIS,EQ,,,,,AXISAMC-SILVERAXIS,227.75,231.0,227.74,228.73,228.0,223.98,,228.73,,,496540,114020386.46,2189,F1,1,,,,,
2026-09-03,2026-09-03,CM,NSE,STK,30155,INF846KA1119,VALUEAXIS,EQ,,,,,AXISAMC-VALUEAXIS,33.18,33.18,32.62,32.71,32.78,32.57,,32.71,,,52202,1712041.48,313,F1,1,,,,,
2026-09-03,2026-09-03,CM,NSE,STK,9436,INE555B01013,AXISCADES,EQ,,,,,AXISCADES TECH LTD,1709.9,1745.0,1679.0,1730.4,1727.2,1689.7,,1730.36,,,204487,352008435.7,14410,F1,1,,,,,
2026-09-03,2026-09-03,CM,NSE,STK,9902,INE02EZ01022,AXITA,EQ,,,,,AXITA COTTON LIMITED,8.01,8.53,8.01,8.01,8.02,7.97,,8.01,,,1959553,15944103.96,1411,F1,1,,,,,
2026-09-03,2026-09-03,CM,NSE,STK,764613,INE767C01012,AXTEL,EQ,,,,,AXTEL INDUSTRIES LTD.,397.0,397.0,394.8,394.8,395.0,396.75,,394.8,,,2503,990784.95,85,F1,1,,,,,
2026-09-03,2026-09-03,CM,NSE,STK,760981,INE501X01029,AYE,EQ,,,,,AYE FINANCE LIMITED,172.95,183.5,170.09,180.61,182.0,171.34,,180.66,,,1898393,341337055.78,23689,F1,1,,,,,
2026-09-03,2026-09-03,CM,NSE,STK,10285,INE193B01039,AYMSYNTEX,EQ,,,,,AYM SYNTEX LIMITED,312.0,325.0,308.55,317.25,317.9,312.5,,317.28,,,177069,56332980.75,4707,F1,1,,,,,
2026-09-03,2026-09-03,CM,NSE,STK,20905,INE02IJ01035,AZAD,EQ,,,,,AZAD ENGINEERING LIMITED,2800.0,2827.8,2741.2,2766.9,2766.0,2785.8,,2766.87,,,265346,736511258.3,19487,F1,1,,,,,
2026-09-03,2026-09-03,CM,NSE,STK,765035,INE566M01017,AZADIND,EQ,,,,,AZAD INDIA MOBILITY LTD.,89.55,91.0,87.21,90.32,90.99,89.09,,90.31,,,20933,1881504.62,403,F1,1,,,,,
2026-09-03,2026-09-03,CM,NSE,STK,762616,INE489D01011,BNALTD,BE,,,,,B & A LTD.,360.0,360.0,360.0,360.0,360.0,355.1,,357.55,,,18,6480.0,1,F1,1,,,,,
2026-09-03,2026-09-03,CM,NSE,STK,12153,INE01EE01011,BBTCL,EQ,,,,,B&B TRIPLEWALL CONT LTD,224.33,234.5,224.33,233.77,234.0,223.45,,233.77,,,6752,1564504.96,250,F1,1,,,,,
2026-09-03,2026-09-03,CM,NSE,STK,11226,INE116D01028,BAGFILMS,EQ,,,,,B.A.G FILMS AND MEDIA LTD,4.37,4.4,4.2,4.32,4.29,4.32,,4.32,,,82008,353623.58,195,F1,1,,,,,
2026-09-03,2026-09-03,CM,NSE,STK,13290,INE350H01032,BLKASHYAP,EQ,,,,,B.L.KASHYAP & SON LTD,56.03,58.25,55.92,57.6,57.19,55.75,,57.57,,,526293,30092057.13,2478,F1,1,,,,,
2026-09-03,2026-09-03,CM,NSE,STK,25114,INE01FR01028,STYLEBAAZA,EQ,,,,,BAAZAR STYLE RETAIL LTD,402.9,403.75,393.25,394.85,395.0,395.45,,394.88,,,920494,366886440.2,8070,F1,1,,,,,
2026-09-03,2026-09-03,CM,NSE,STK,20141,INE0QW501012,BABAFP,SM,,,,,BABA FOOD PROCESSING,24.85,25.9,24.85,25.5,25.9,21.6,,25.5,,,20800,528800.0,13,F1,1600,,,,,
2026-09-03,2026-09-03,CM,NSE,STK,17735,INE878I01022,BAFNAPH,BE,,,,,BAFNA PHARMACEUTICALS LTD,307.5,307.5,301.85,301.85,301.85,308.0,,302.2,,,4454,1353664.85,57,F1,1,,,,,
2026-09-03,2026-09-03,CM,NSE,STK,763363,INE2OVN25015,BAGMANE,RR,,,,,BAGMANE PRIME OFFICE REIT,106.13,106.5,105.05,106.38,106.47,106.13,,106.38,,,565623,59947431.71,15372,F1,1,,,,,
2026-09-03,2026-09-03,CM,NSE,STK,12989,INE029Q01017,BAHETI,SM,,,,,BAHETI RECYCLING IND LTD,846.0,858.0,840.0,849.45,846.0,840.9,,849.45,,,13125,11154525.0,27,F1,375,,,,,
2026-09-03,2026-09-03,CM,NSE,STK,13794,INE020D01022,BAIDFIN,EQ,,,,,BAID FINSERV LIMITED,9.99,10.15,9.95,10.1,10.08,9.99,,10.1,,,63798,644938.2,237,F1,1,,,,,
2026-09-03,2026-09-03,CM,NSE,STK,16669,INE917I01010,BAJAJ-AUTO,EQ,,,,,BAJAJ AUTO LIMITED,12191.0,12191.0,11920.0,11920.0,11920.0,12130.0,,11920.49,,,304296,3673083983.0,31778,F1,1,,,,,
2026-09-03,2026-09-03,CM,NSE,STK,19531,INE933K01021,BAJAJCON,EQ,,,,,BAJAJ CONSUMER CARE LTD,488.0,511.95,484.75,508.95,511.95,484.55,,508.92,,,1590658,801383513.85,33755,F1,1,,,,,
2026-09-03,2026-09-03,CM,NSE,STK,15034,INE193E01025,BAJAJELEC,EQ,,,,,BAJAJ ELECT.LTD,324.0,336.0,324.0,334.2,335.55,323.6,,334.28,,,146224,48488700.45,4224,F1,1,,,,,
2026-09-03,2026-09-03,CM,NSE,STK,317,INE296A01032,BAJFINANCE,EQ,,,,,BAJAJ FINANCE LIMITED,1057.1,1059.7,1043.2,1049.0,1049.0,1055.9,,1048.71,,,6626755,6959586251.2,86333,F1,1,,,,,
2026-09-03,2026-09-03,CM,NSE,STK,16675,INE918I01026,BAJAJFINSV,EQ,,,,,BAJAJ FINSERV LTD.,1998.0,1998.0,1970.0,1992.1,1992.1,1990.0,,1986.82,,,440070,871909985.1,30102,F1,1,,,,,
2026-09-03,2026-09-03,CM,NSE,STK,6863,INE411U01027,BAJAJHCARE,EQ,,,,,BAJAJ HEALTHCARE LIMITED,330.0,339.9,324.6,325.2,325.0,329.0,,325.36,,,159404,52795315.3,3935,F1,1,,,,,
2026-09-03,2026-09-03,CM,NSE,STK,308,INE306A01021,BAJAJHIND,EQ,,,,,BAJAJ HINDUSTHAN SUGAR LT,21.91,22.55,21.85,22.08,22.04,21.84,,22.08,,,37086853,822356209.29,45760,F1,1,,,,,
2026-09-03,2026-09-03,CM,NSE,STK,305,INE118A01012,BAJAJHLDNG,EQ,,,,,BAJAJ HOLDINGS & INVS LTD,11070.0,11260.0,11028.0,11165.0,11165.0,11100.0,,11165.0,,,114534,1276761237.0,18110,F1,1,,,,,
2026-09-03,2026-09-03,CM,NSE,STK,25270,INE377Y01014,BAJAJHFL,EQ,,,,,BAJAJ HOUSING FINANCE LTD,82.96,83.47,82.5,82.95,83.02,82.78,,82.95,,,2477489,205441708.1,24725,F1,1,,,,,
2026-09-03,2026-09-03,CM,NSE,STK,762563,INE704G01024,BAJAJST,EQ,,,,,BAJAJ STEEL INDS. LTD.,350.05,374.95,350.0,361.5,362.45,352.0,,361.54,,,22260,8038792.35,536,F1,1,,,,,
2026-09-03,2026-09-03,CM,NSE,STK,20531,INE0KQN01018,BAJEL,EQ,,,,,BAJEL PROJECTS LIMITED,186.0,187.67,183.1,185.69,186.25,185.3,,185.69,,,149050,27637998.29,2414,F1,1,,,,,
2026-09-03,2026-09-03,CM,NSE,STK,13441,INE083D01012,BALPHARMA,EQ,,,,,BAL PHARMA LTD.,85.5,90.5,85.13,87.71,87.65,85.65,,87.72,,,55530,4935294.06,593,F1,1,,,,,
2026-09-03,2026-09-03,CM,NSE,STK,14501,INE050E01027,BALAMINES,EQ,,,,,BALAJI AMINES LIMITED,2400.0,2432.0,2375.1,2417.8,2428.0,2390.1,,2417.78,,,113802,273594438.9,12327,F1,1,,,,,
2026-09-03,2026-09-03,CM,NSE,STK,30030,INE0PQ601019,BALAJIPHOS,SM,,,,,BALAJI PHOSPHATES LIMITED,119.9,121.5,107.0,108.25,108.0,116.0,,108.25,,,31000,3590100.0,29,F1,1000,,,,,
2026-09-03,2026-09-03,CM,NSE,STK,9158,INE794B01026,BALAJITELE,EQ,,,,,BALAJI TELEFILMS LIMITED.,91.49,92.79,90.35,91.31,91.2,91.09,,91.31,,,48642,4452546.73,693,F1,1,,,,,
2026-09-03,2026-09-03,CM,NSE,STK,11309,INE618N01022,BALAXI,EQ,,,,,BALAXI PHARMA LTD,26.99,26.99,24.41,25.8,25.42,25.01,,25.8,,,222864,5700939.24,1064,F1,1,,,,,
2026-09-03,2026-09-03,CM,NSE,STK,335,INE787D01026,BALKRISIND,EQ,,,,,BALKRISHNA IND. LTD,2333.6,2385.0,2305.2,2327.3,2322.0,2329.1,,2327.3,,,435290,1019990202.0,58955,F1,1,,,,,
2026-09-03,2026-09-03,CM,NSE,STK,10181,INE875R01011,BALKRISHNA,EQ,,,,,BALKRISHNA PAPER MILLS L,17.0,17.89,17.0,17.48,17.49,16.7,,17.49,,,24679,433913.47,94,F1,1,,,,,
2026-09-03,2026-09-03,CM,NSE,STK,338,INE164A01016,BALMLAWRIE,EQ,,,,,BALMER LAWRIE & CO LTD,176.5,177.41,176.5,176.93,177.07,176.06,,176.93,,,78208,13839133.76,1392,F1,1,,,,,
2026-09-03,2026-09-03,CM,NSE,STK,762603,INE525F01025,BLIL,EQ,,,,,BALMER LAWRIE INVSTS. L,72.11,72.95,71.92,72.47,72.25,72.11,,72.47,,,91512,6629440.26,965,F1,1,,,,,
2026-09-03,2026-09-03,CM,NSE,STK,341,INE119A01028,BALRAMCHIN,EQ,,,,,BALRAMPUR CHINI MILLS LTD,670.5,722.0,665.05,704.35,703.45,669.75,,704.31,,,8596034,6023747675.4,144210,F1,1,,,,,
2026-09-03,2026-09-03,CM,NSE,STK,23607,INE011E01029,BALUFORGE,EQ,,,,,BALU FORGE INDUSTRIES LTD,588.0,622.0,563.2,570.35,570.2,578.4,,570.34,,,3284539,1931027459.75,53957,F1,1,,,,,
2026-09-03,2026-09-03,CM,NSE,STK,347,INE655B01011,BANARBEADS,EQ,,,,,BANARAS BEADS LTD,113.1,116.5,112.05,114.85,114.85,114.15,,114.85,,,1785,203109.25,55,F1,1,,,,,
2026-09-03,2026-09-03,CM,NSE,STK,13880,INE213C01025,BANCOINDIA,EQ,,,,,BANCO PRODUCTS (I) LTD,621.0,622.0,613.6,616.9,619.0,613.6,,616.91,,,66260,40912482.9,6361,F1,1,,,,,
2026-09-03,2026-09-03,CM,NSE,STK,2263,INE545U01014,BANDHANBNK,EQ,,,,,BANDHAN BANK LIMITED,163.49,168.18,162.66,164.23,164.23,161.52,,164.23,,,6048725,1002956887.47,33991,F1,1,,,,,
2026-09-03,2026-09-03,CM,NSE,STK,760325,INF194KB1KJ7,GOLDBND,EQ,,,,,BANDHANAMC - GOLDBND,154.94,154.94,151.69,152.71,152.9,149.22,,152.72,,,108180,16523344.45,382,F1,1,,,,,
2026-09-03,2026-09-03,CM,NSE,STK,18783,INF194KA1U07,IDFNIFTYET,EQ,,,,,BANDHANAMC - IDFNIFTYET,273.81,273.81,264.5,265.31,268.0,267.14,,265.31,,,632,167755.69,67,F1,1,,,,,
2026-09-03,2026-09-03,CM,NSE,STK,760328,INF194KB1KI9,SILVERBND,EQ,,,,,BANDHANAMC - SILVERBND,230.01,232.68,230.0,230.37,231.35,226.02,,230.37,,,20205,4676275.79,236,F1,1,,,,,
2026-09-03,2026-09-03,CM,NSE,STK,15303,INE863I01016,BANG,EQ,,,,,BANG OVERSEAS LTD.,34.34,34.84,33.4,34.17,33.98,33.49,,34.11,,,52743,1795401.67,474,F1,1,,,,,
2026-09-03,2026-09-03,CM,NSE,STK,4668,INE028A01039,BANKBARODA,EQ,,,,,BANK OF BARODA,241.57,244.16,240.16,240.44,240.44,241.2,,240.44,,,4789865,1158597228.56,36330,F1,1,,,,,
2026-09-03,2026-09-03,CM,NSE,STK,4745,INE084A01016,BANKINDIA,EQ,,,,,BANK OF INDIA,143.9,146.15,142.5,145.0,145.0,143.1,,145.0,,,8139407,1181114455.0,37934,F1,1,,,,,
2026-09-03,2026-09-03,CM,NSE,STK,11377,INE457A01014,MAHABANK,EQ,,,,,BANK OF MAHARASHTRA,83.15,87.35,82.82,86.32,86.32,82.4,,86.32,,,48646685,4196807690.81,115177,F1,1,,,,,
2026-09-03,2026-09-03,CM,NSE,STK,822,INE862Y01015,BANKA,EQ,,,,,BANKA BIOLOO LIMITED,81.0,81.0,74.11,75.27,74.56,77.2,,75.27,,,3118,236938.51,52,F1,1,,,,,
2026-09-03,2026-09-03,CM,NSE,STK,12037,INE186H01022,BASML,BE,,,,,BANNARI AM SPIN MILL LTD.,24.77,25.4,24.77,25.02,25.25,25.0,,25.02,,,24384,610979.56,63,F1,1,,,,,
2026-09-03,2026-09-03,CM,NSE,STK,350,INE459A01010,BANARISUG,EQ,,,,,BANNARI AMMAN SUGARS LTD,3884.8,3969.0,3850.0,3874.7,3855.0,3864.8,,3874.7,,,1510,5881495.9,279,F1,1,,,,,
2026-09-03,2026-09-03,CM,NSE,STK,24386,INE0B9K01025,BANSALWIRE,EQ,,,,,BANSAL WIRE INDUSTRIES L,322.9,322.9,316.8,319.0,319.4,319.75,,319.0,,,61033,19444763.0,2607,F1,1,,,,,
2026-09-03,2026-09-03,CM,NSE,STK,14511,INE629D01020,BANSWRAS,EQ,,,,,BANSWARA SYNTEX LIMITED,119.64,122.5,116.65,117.78,117.17,118.99,,117.78,,,31789,3777359.95,526,F1,1,,,,,
2026-09-03,2026-09-03,CM,NSE,STK,15073,INE139I01011,BVCL,EQ,,,,,BARAK VALLEY CEM. LTD.,43.49,43.49,42.62,43.14,43.14,42.93,,43.14,,,4724,203585.8,57,F1,1,,,,,
2026-09-03,2026-09-03,CM,NSE,STK,29176,INE0QX401014,BARFLEX,SM,,,,,BARFLEX POLYFILMS LIMITED,60.0,60.9,60.0,60.9,60.9,60.0,,60.9,,,4000,241800.0,2,F1,2000,,,,,
2026-09-03,2026-09-03,CM,NSE,STK,24117,INF251K01TL6,BBNPNBETF,EQ,,,,,BARODABNP - BBNPNBETF,57.16,58.42,57.03,57.15,57.3,57.44,,57.16,,,2204,127052.95,24,F1,1,,,,,
2026-09-03,2026-09-03,CM,NSE,STK,20547,INF251K01SU9,BBNPPGOLD,EQ,,,,,BARODABNP - BBNPPGOLD,148.45,148.75,147.25,147.5,148.3,144.65,,147.5,,,126705,18677082.65,68,F1,1,,,,,
2026-09-03,2026-09-03,CM,NSE,STK,368,INE373A01013,BASF,EQ,,,,,BASF INDIA LTD,3829.9,3897.9,3810.2,3832.4,3855.0,3811.0,,3832.45,,,12087,46464497.2,2993,F1,1,,,,,
2026-09-03,2026-09-03,CM,NSE,STK,18442,INE0OCC01013,BASILIC,SM,,,,,BASILIC FLY STUDIO LTD,197.8,197.8,192.3,193.95,194.0,192.05,,193.95,,,10500,2046045.0,35,F1,300,,,,,
2026-09-03,2026-09-03,CM,NSE,STK,371,INE176A01028,BATAINDIA,EQ,,,,,BATA INDIA LTD,671.45,680.25,671.1,677.4,676.0,670.45,,677.39,,,88601,59864275.8,6682,F1,1,,,,,
2026-09-03,2026-09-03,CM,NSE,STK,762568,INE177C01022,BATLIBOI,EQ,,,,,BATLIBOI LTD.,93.99,93.99,87.0,88.39,88.11,93.57,,88.45,,,65800,5974711.21,1244,F1,1,,,,,
2026-09-03,2026-09-03,CM,NSE,STK,22574,INE0JFJ01011,BAWEJA,ST,,,,,BAWEJA STUDIOS LIMITED,25.8,25.95,25.8,25.95,25.95,25.8,,25.95,,,6400,165760.0,5,F1,800,,,,,
2026-09-03,2026-09-03,CM,NSE,STK,17927,INE462A01022,BAYERCROP,EQ,,,,,BAYER CROPSCIENCE LTD,3998.9,4009.0,3936.0,3960.8,3967.0,3979.5,,3960.57,,,19211,76329569.2,3806,F1,1,,,,,
2026-09-03,2026-09-03,CM,NSE,STK,2513,INE412G01024,BCLIND,EQ,,,,,BCL INDUSTRIES LIMITED,36.27,36.69,36.07,36.22,36.09,36.07,,36.22,,,304892,11079576.25,2385,F1,1,,,,,
2026-09-03,2026-09-03,CM,NSE,STK,761494,INE00SW01015,BCPL,EQ,,,,,BCPL RAILWAY INFRA LTD,68.0,68.0,67.34,67.77,67.5,67.85,,67.77,,,5527,374337.44,240,F1,1,,,,,
2026-09-03,2026-09-03,CM,NSE,STK,23922,INE639X01027,BEACON,SM,,,,,BEACON TRUSTEESHIP LTD,83.2,88.1,83.2,87.3,87.4,86.65,,87.3,,,15000,1297350.0,14,F1,1000,,,,,
2026-09-03,2026-09-03,CM,NSE,STK,17933,INE520H01022,BEARDSELL,EQ,,,,,BEARDSELL LIMITED,25.4,26.38,24.9,25.41,25.85,24.94,,25.41,,,11874,299173.47,252,F1,1,,,,,
2026-09-03,2026-09-03,CM,NSE,STK,20196,INE844K01012,BEDMUTHA,EQ,,,,,BEDMUTHA INDUST LTD,106.4,113.0,104.1,112.23,112.9,107.96,,112.23,,,11259,1215280.16,160,F1,1,,,,,
2026-09-03,2026-09-03,CM,NSE,STK,762573,INE213D01015,BEEKAY,EQ,,,,,BEEKAY STEEL INDS. LTD.,404.0,420.0,404.0,419.55,415.55,404.3,,419.71,,,2983,1233623.05,65,F1,1,,,,,
2026-09-03,2026-09-03,CM,NSE,STK,765291,INE1EEM01017,BLEL,EQ,,,,,BEHARI LAL ENGINEERING L,448.8,465.5,443.2,454.25,452.5,445.25,,454.24,,,1940745,887266343.5,33833,F1,1,,,,,
2026-09-03,2026-09-03,CM,NSE,STK,757938,INE344T01014,BELLACASA,EQ,,,,,BELLA CASA FASH AND RET L,247.86,247.86,236.0,239.51,240.0,242.9,,239.55,,,31365,7475921.76,681,F1,1,,,,,
2026-09-03,2026-09-03,CM,NSE,STK,757102,INE894V01022,BELRISE,EQ,,,,,BELRISE INDUSTRIES LTD,236.86,239.2,235.37,238.11,237.25,234.31,,238.11,,,3416101,812813906.86,44868,F1,1,,,,,
2026-09-03,2026-09-03,CM,NSE,STK,15067,INE0N7W01012,BLAL,EQ,,,,,BEML LAND ASSETS LIMITED,164.98,165.23,161.81,161.93,162.0,163.27,,161.93,,,32932,5355023.71,1011,F1,1,,,,,
2026-09-03,2026-09-03,CM,NSE,STK,395,INE258A01024,BEML,EQ,,,,,BEML LIMITED,2050.0,2090.0,2031.6,2079.4,2066.1,2032.4,,2079.4,,,801498,1658213356.1,49128,F1,1,,,,,
2026-09-03,2026-09-03,CM,NSE,STK,764618,INE664D01019,BENARAS,EQ,,,,,BENARES HOTELS LTD.,10200.0,10249.0,10160.0,10200.0,10200.0,10155.0,,10200.0,,,96,978497.0,24,F1,1,,,,,
2026-09-03,2026-09-03,CM,NSE,STK,762578,INE083K01017,BENGALASM,EQ,,,,,BENGAL & ASSAM CO. LTD.,6470.0,6600.0,6212.0,6375.0,6437.5,6474.0,,6393.4,,,2123,13467407.0,433,F1,1,,,,,
2026-09-03,2026-09-03,CM,NSE,STK,404,INE463A01038,BERGEPAINT,EQ,,,,,BERGER PAINTS (I) LTD,489.0,497.0,485.4,491.4,489.3,488.05,,491.38,,,188441,92534992.1,12165,F1,1,,,,,
2026-09-03,2026-09-03,CM,NSE,STK,2306,INE052T01021,BESTAGRO,EQ,,,,,BEST AGROLIFE LIMITED,20.0,20.7,19.86,20.34,20.4,18.82,,20.34,,,4461640,90884521.73,9130,F1,1,,,,,
2026-09-03,2026-09-03,CM,NSE,STK,759842,INE351Y01019,BETA,EQ,,,,,BETA DRUGS LIMITED,2145.0,2285.0,2145.0,2258.9,2280.0,2137.0,,2258.9,,,27003,60224292.9,3461,F1,1,,,,,
2026-09-03,2026-09-03,CM,NSE,STK,5662,INE0HQI01014,BEWLTD,SM,,,,,BEW ENGINEERING LIMITED,48.25,49.5,48.0,49.3,49.0,48.5,,49.3,,,8500,415025.0,15,F1,500,,,,,
2026-09-03,2026-09-03,CM,NSE,STK,21113,INE878K01010,BFINVEST,EQ,,,,,BF INVESTMENT LIMITED,456.9,488.0,452.65,469.45,472.6,452.95,,469.51,,,195623,92890662.9,7946,F1,1,,,,,
2026-09-03,2026-09-03,CM,NSE,STK,14567,INE243D01012,BFUTILITIE,EQ,,,,,BF UTILITIES LIMITED,500.05,585.8,500.05,544.0,540.0,500.65,,543.97,,,4460017,2516160984.1,92710,F1,1,,,,,
2026-09-03,2026-09-03,CM,NSE,STK,764183,INF0QA701CI0,BANK10BETF,EQ,,,,,BFAM - BANK10BETF,20.69,20.69,20.69,20.69,20.69,20.61,,20.88,,,222,4593.18,1,F1,1,,,,,
2026-09-03,2026-09-03,CM,NSE,STK,21986,INF0QA701714,BANKBETF,EQ,,,,,BFAM - BANKBETF,58.35,58.93,57.19,58.4,58.54,58.06,,58.4,,,7667,449298.32,284,F1,1,,,,,
2026-09-03,2026-09-03,CM,NSE,STK,23915,INF0QA701854,LIQUIDBETF,EQ,,,,,BFAM - LIQUIDBETF,1097.26,1097.28,1097.26,1097.27,1097.27,1097.15,,1097.27,,,167806,184128777.74,101,F1,1,,,,,
2026-09-03,2026-09-03,CM,NSE,STK,21959,INF0QA701722,NIFTYBETF,EQ,,,,,BFAM - NIFTYBETF,247.43,248.67,245.59,245.83,246.5,246.26,,245.83,,,964866,237744631.02,1327,F1,1,,,,,
2026-09-03,2026-09-03,CM,NSE,STK,15193,INE661I01014,BGRENERGY,BE,,,,,BGR ENERGY SYSTEMS LTD,246.5,246.5,232.54,238.44,237.4,244.77,,238.33,,,96478,22710072.02,1141,F1,1,,,,,
2026-09-03,2026-09-03,CM,NSE,STK,758228,INE0ZRC01017,BHADORA,ST,,,,,BHADORA INDUSTRIES LTD,105.15,109.95,104.0,108.1,106.5,105.0,,108.1,,,18000,1923960.0,14,F1,1200,,,,,
2026-09-03,2026-09-03,CM,NSE,STK,13427,INE354C01027,BHAGERIA,BE,,,,,BHAGERIA INDUSTRIES LTD,284.9,290.15,277.0,290.15,290.15,276.35,,290.14,,,390157,112336460.05,2055,F1,1,,,,,
2026-09-03,2026-09-03,CM,NSE,STK,6164,INE414D01027,BHAGCHEM,EQ,,,,,BHAGIRADHA CHEM & INDS L,269.7,269.7,264.75,266.3,267.0,268.1,,266.3,,,38601,10284291.7,751,F1,1,,,,,
2026-09-03,2026-09-03,CM,NSE,STK,20776,INE458B01036,BHAGYANGR,EQ,,,,,BHAGYANAGAR INDIA LIMITED,385.2,385.2,371.2,373.45,374.1,380.4,,373.39,,,83095,31281969.05,2839,F1,1,,,,,
2026-09-03,2026-09-03,CM,NSE,STK,19556,INE474E01029,BHANDARI,EQ,,,,,BHANDARI HOSIERY EXP LTD,2.98,3.06,2.92,3.0,3.01,2.98,,3.0,,,171835,516114.6,264,F1,1,,,,,
2026-09-03,2026-09-03,CM,NSE,STK,419,INE922A01025,BEPL,EQ,,,,,BHANSALI ENG. POLYMERS LT,127.5,131.5,127.42,129.74,129.6,127.29,,129.74,,,2284069,296641714.67,18411,F1,1,,,,,
2026-09-03,2026-09-03,CM,NSE,STK,13761,INE464A01036,BBL,EQ,,,,,BHARAT BIJLEE LTD,2311.0,2329.6,2289.2,2298.3,2305.0,2288.2,,2298.25,,,22074,50838429.3,2615,F1,1,,,,,
2026-09-03,2026-09-03,CM,NSE,STK,760726,INE05XR01022,BHARATCOAL,EQ,,,,,BHARAT COKING COAL LTD,34.42,34.43,33.75,33.8,33.9,33.92,,33.8,,,3742097,127181489.1,13955,F1,1,,,,,
2026-09-03,2026-09-03,CM,NSE,STK,2144,INE171Z01026,BDL,EQ,,,,,BHARAT DYNAMICS LIMITED,1253.7,1271.9,1250.0,1257.7,1257.7,1253.7,,1257.53,,,600045,755783522.9,26832,F1,1,,,,,
2026-09-03,2026-09-03,CM,NSE,STK,383,INE263A01024,BEL,EQ,,,,,BHARAT ELECTRONICS LTD,406.05,410.3,405.15,408.6,408.6,405.75,,408.31,,,7803527,3186039117.95,80255,F1,1,,,,,
2026-09-03,2026-09-03,CM,NSE,STK,422,INE465A01025,BHARATFORG,EQ,,,,,BHARAT FORGE LTD,2025.0,2033.0,1978.3,1981.0,1981.0,2031.8,,1981.05,,,1921003,3834184802.1,39860,F1,1,,,,,
2026-09-03,2026-09-03,CM,NSE,STK,9397,INE561C01019,BHARATGEAR,BE,,,,,BHARAT GEARS LTD,102.59,106.0,102.09,104.49,104.5,102.08,,104.52,,,20885,2186671.07,183,F1,1,,,,,
2026-09-03,2026-09-03,CM,NSE,STK,764623,INE365Y01019,BPLPHARMA,EQ,,,,,BHARAT PARENTERALS LTD.,1568.3,1568.3,1512.4,1520.8,1520.0,1518.2,,1521.11,,,897,1363744.6,101,F1,1,,,,,
2026-09-03,2026-09-03,CM,NSE,STK,526,INE029A01011,BPCL,EQ,,,,,BHARAT PETROLEUM CORP  LT,318.4,321.95,317.2,320.05,320.05,319.6,,320.05,,,4704414,1503617891.65,33649,F1,1,,,,,
2026-09-03,2026-09-03,CM,NSE,STK,3834,INE838B01021,BHARATRAS,EQ,,,,,BHARAT RASAYAN LTD,1217.0,1218.9,1179.0,1184.2,1188.0,1203.3,,1184.27,,,33577,39885566.4,2897,F1,1,,,,,
2026-09-03,2026-09-03,CM,NSE,STK,21683,INE727S01012,BRNL,EQ,,,,,BHARAT ROAD NETWORK LTD,17.48,17.48,17.0,17.12,17.07,17.11,,17.12,,,12834,220760.97,157,F1,1,,,,,
2026-09-03,2026-09-03,CM,NSE,STK,30244,INE415D01024,BHARATSE,EQ,,,,,BHARAT SEATS LIMITED,213.89,217.0,212.02,213.69,213.8,214.0,,213.59,,,91773,19639878.77,1676,F1,1,,,,,
2026-09-03,2026-09-03,CM,NSE,STK,16123,INE316L01019,BHARATWIRE,EQ,,,,,BHARAT WIRE ROPES LTD.,175.5,181.99,175.5,180.42,180.0,175.76,,180.4,,,114006,20434557.64,2747,F1,1,,,,,
2026-09-03,2026-09-03,CM,NSE,STK,10604,INE397D01024,BHARTIARTL,EQ,,,,,BHARTI AIRTEL LIMITED,1855.6,1869.0,1855.6,1869.0,1869.0,1862.8,,1868.72,,,3700992,6905101156.8,82528,F1,1,,,,,
2026-09-03,2026-09-03,CM,NSE,STK,23489,INE343G01021,BHARTIHEXA,EQ,,,,,BHARTI HEXACOM LIMITED,1524.0,1534.9,1501.0,1505.6,1504.9,1531.1,,1505.59,,,54312,81969912.2,6112,F1,1,,,,,
2026-09-03,2026-09-03,CM,NSE,STK,7848,INE828A01016,BIL,EQ,,,,,BHARTIYA INTERNATIONAL,862.8,930.0,862.8,915.85,919.6,893.2,,915.87,,,21553,19632981.2,983,F1,1,,,,,
2026-09-03,2026-09-03,CM,NSE,STK,438,INE257A01026,BHEL,EQ,,,,,BHEL,428.5,432.7,424.05,431.8,431.8,427.5,,431.85,,,5980404,2567224617.9,59745,F1,1,,,,,
2026-09-03,2026-09-03,CM,NSE,STK,762621,INE274K01012,BTTL,BE,,,,,BHILWARA TECHNICAL TEXT L,42.09,43.5,40.5,42.66,42.9,42.09,,42.66,,,4578,190171.42,37,F1,1,,,,,
2026-09-03,2026-09-03,CM,NSE,STK,18431,INE412U01025,BIGBLOC,EQ,,,,,BIGBLOC CONSTRUCTION LTD,41.1,42.5,40.51,41.29,42.05,41.24,,41.25,,,29104,1200647.1,561,F1,1,,,,,
2026-09-03,2026-09-03,CM,NSE,STK,11966,INE00E101023,BIKAJI,EQ,,,,,BIKAJI FOODS INTERN LTD,595.0,595.35,584.2,587.15,586.6,590.2,,587.12,,,218603,128381625.9,12701,F1,1,,,,,
2026-09-03,2026-09-03,CM,NSE,STK,25527,INE0SQH01013,BIKEWO,ST,,,,,BIKEWO GREEN TECH LIMITED,109.9,109.9,101.4,102.9,101.4,104.7,,102.9,,,108000,11341300.0,47,F1,2000,,,,,
2026-09-03,2026-09-03,CM,NSE,STK,13622,INE071A01013,BILVYAPAR,BE,,,,,BIL VYAPAR LIMITED,3.92,4.08,3.91,3.98,3.98,3.9,,3.98,,,2400,9651.04,27,F1,1,,,,,
2026-09-03,2026-09-03,CM,NSE,STK,762586,INE986A01012,BI,BE,,,,,BILCARE LTD.,88.89,91.39,87.04,91.29,91.39,87.04,,91.28,,,25313,2264303.01,153,F1,1,,,,,
2026-09-03,2026-09-03,CM,NSE,STK,759806,INE0HOQ01053,GROWW,EQ,,,,,BILLIONBRAINS GARAGE VN L,190.26,191.28,188.6,190.24,190.0,189.88,,190.24,,,18098427,3439431999.76,122369,F1,1,,,,,
2026-09-03,2026-09-03,CM,NSE,STK,762588,INE469A01019,BIMETAL,EQ,,,,,BIMETAL BEARINGS LTD.,640.95,641.0,621.0,630.45,631.0,638.9,,630.45,,,392,246331.75,34,F1,1,,,,,
2026-09-03,2026-09-03,CM,NSE,STK,763598,INE1BKA01015,BMLL,SM,,,,,BIO MEDICA LABORATORIES L,164.9,166.65,155.15,162.3,163.7,160.9,,162.3,,,73000,11876450.0,61,F1,1000,,,,,
2026-09-03,2026-09-03,CM,NSE,STK,11373,INE376G01013,BIOCON,EQ,,,,,BIOCON LIMITED.,402.5,405.7,400.6,402.0,402.0,401.0,,402.0,,,1279896,515198713.65,15068,F1,1,,,,,
2026-09-03,2026-09-03,CM,NSE,STK,4136,INE829A01014,BIOFILCHEM,EQ,,,,,BIOFIL CHEM & PHARMA LTD,32.1,32.68,31.71,31.97,32.44,31.95,,31.97,,,23209,739803.48,149,F1,1,,,,,
2026-09-03,2026-09-03,CM,NSE,STK,760942,INE0XW001014,BIOPOL,SM,,,,,BIOPOL CHEMICALS LIMITED,39.5,43.6,39.5,43.6,43.6,41.55,,43.6,,,250800,10421940.0,125,F1,1200,,,,,
2026-09-03,2026-09-03,CM,NSE,STK,6815,INE800A01015,BIRLACABLE,BE,,,,,BIRLA CABLE LIMITED,347.8,358.65,347.2,358.65,358.65,341.6,,358.65,,,172631,61483253.7,1176,F1,1,,,,,
2026-09-03,2026-09-03,CM,NSE,STK,480,INE340A01012,BIRLACORPN,EQ,,,,,BIRLA CORPORATION LTD,880.0,886.1,866.55,880.9,876.0,867.4,,881.47,,,28649,25124238.65,3104,F1,1,,,,,
2026-09-03,2026-09-03,CM,NSE,STK,762593,INE372E01025,BIRLAPREC,EQ,,,,,BIRLA PRECISION TECH L,42.77,51.67,42.75,51.67,51.67,43.11,,51.76,,,984427,49651723.73,3643,F1,1,,,,,
2026-09-03,2026-09-03,CM,NSE,STK,1455,INE557A01011,BIRLANU,EQ,,,,,BIRLANU LIMITED,1427.1,1445.5,1420.0,1423.5,1426.0,1422.3,,1423.57,,,7403,10597677.5,845,F1,1,,,,,
2026-09-03,2026-09-03,CM,NSE,STK,24404,INF209KC1134,ABGSEC,EQ,,,,,BIRLASLAMC - ABGSEC,113.4,114.33,113.4,114.33,114.33,113.51,,114.33,,,58,6578.9,3,F1,1,,,,,
2026-09-03,2026-09-03,CM,NSE,STK,760247,INF209KC1670,ABSL10BANK,EQ,,,,,BIRLASLAMC - ABSL10BANK,169.41,169.41,168.0,168.15,168.1,167.74,,168.15,,,573,96370.32,15,F1,1,,,,,
2026-09-03,2026-09-03,CM,NSE,STK,13987,INF209KB17D5,ABSLBANETF,EQ,,,,,BIRLASLAMC - ABSLBANETF,59.81,59.81,58.83,59.05,59.03,58.64,,59.05,,,55244,3265787.44,256,F1,1,,,,,
2026-09-03,2026-09-03,CM,NSE,STK,14518,INF209KB18T9,ABSLLIQUID,EQ,,,,,BIRLASLAMC - ABSLLIQUID,999.99,1000.01,999.99,999.99,999.99,999.99,,999.99,,,6503,6502984.84,29,F1,1,,,,,
2026-09-03,2026-09-03,CM,NSE,STK,761066,INF209KC1662,ABSLMSCIN,EQ,,,,,BIRLASLAMC - ABSLMSCIN,29.96,29.96,29.39,29.5,29.5,29.37,,29.5,,,297,8764.19,10,F1,1,,,,,
2026-09-03,2026-09-03,CM,NSE,STK,7339,INF209KB16D7,ABSLNN50ET,EQ,,,,,BIRLASLAMC - ABSLNN50ET,77.04,77.95,76.25,77.01,77.4,77.04,,77.01,,,6251,481319.55,181,F1,1,,,,,
2026-09-03,2026-09-03,CM,NSE,STK,5957,INF209KB10E8,BSLSENETFG,EQ,,,,,BIRLASLAMC - BSLSENETFG,76.51,77.94,76.51,77.15,77.5,77.23,,77.15,,,5332,413313.16,84,F1,1,,,,,
2026-09-03,2026-09-03,CM,NSE,STK,6297,INF209KB10C2,HEALTHY,EQ,,,,,BIRLASLAMC - HEALTHY,17.5,17.5,17.0,17.06,17.29,17.08,,17.06,,,120488,2057205.65,883,F1,1,,,,,
2026-09-03,2026-09-03,CM,NSE,STK,10693,INF209KB14K7,MOMENTUM,EQ,,,,,BIRLASLAMC - MOMENTUM,31.03,31.62,31.03,31.37,31.22,31.04,,31.37,,,107694,3355422.12,162,F1,1,,,,,
2026-09-03,2026-09-03,CM,NSE,STK,10690,INF209KB15K4,NIFTYQLITY,EQ,,,,,BIRLASLAMC - NIFTYQLITY,21.48,21.66,21.28,21.36,21.46,21.39,,21.36,,,60746,1299084.02,136,F1,1,,,,,
2026-09-03,2026-09-03,CM,NSE,STK,8003,INF209KB19F6,SILVER,EQ,,,,,BIRLASLAMC - SILVER,225.2,232.75,225.2,229.64,229.05,225.17,,229.64,,,968800,223269323.26,7537,F1,1,,,,,
2026-09-03,2026-09-03,CM,NSE,STK,6462,INF209KB11D8,TECH,EQ,,,,,BIRLASLAMC - TECH,33.91,33.91,33.59,33.82,33.83,34.14,,33.82,,,33913,1145268.12,153,F1,1,,,,,
2026-09-03,2026-09-03,CM,NSE,STK,23806,INF209KB19Z4,ABSLPSE,EQ,,,,,BIRLASLAMC-ABSLPSE,10.17,10.17,10.1,10.11,10.1,10.07,,10.11,,,75639,765361.97,315,F1,1,,,,,
2026-09-03,2026-09-03,CM,NSE,STK,6994,INE836A01035,BSOFT,EQ,,,,,BIRLASOFT LIMITED,295.25,297.55,290.0,293.25,294.5,294.4,,293.26,,,633327,185784522.35,16431,F1,1,,,,,
2026-09-03,2026-09-03,CM,NSE,STK,3435,INE676A01027,BBOX,EQ,,,,,BLACK BOX LIMITED,732.85,737.4,718.55,720.9,718.65,725.2,,720.9,,,236720,172105668.8,14465,F1,1,,,,,
2026-09-03,2026-09-03,CM,NSE,STK,762601,INE761G01016,BLACKROSE,BE,,,,,BLACK ROSE INDS. LTD.,112.8,115.0,112.1,112.43,112.1,112.64,,112.41,,,10041,1133065.36,100,F1,1,,,,,
2026-09-03,2026-09-03,CM,NSE,STK,27144,INE0UIZ01018,BLACKBUCK,EQ,,,,,BLACKBUCK LIMITED,581.7,585.8,572.65,582.4,580.0,581.65,,582.4,,,185027,107233162.65,12396,F1,1,,,,,
2026-09-03,2026-09-03,CM,NSE,STK,8132,INE791A01024,BLBLIMITED,EQ,,,,,BLB LIMITED,17.11,17.4,16.18,16.96,16.81,17.11,,16.97,,,444496,7419089.73,1150,F1,1,,,,,
2026-09-03,2026-09-03,CM,NSE,STK,19269,INE416D01022,BLISSGVS,BE,,,,,BLISS GVS PHARMA LTD,660.0,665.0,635.0,639.35,637.0,648.65,,638.92,,,124902,80612358.5,2275,F1,1,,,,,
2026-09-03,2026-09-03,CM,NSE,STK,22566,INE0NLT01010,BLSE,EQ,,,,,BLS E-SERVICES LIMITED,325.0,325.6,319.65,323.65,324.1,322.85,,323.65,,,148227,47942266.9,2212,F1,1,,,,,
2026-09-03,2026-09-03,CM,NSE,STK,17279,INE153T01027,BLS,EQ,,,,,BLS INTL SERVS LTD,235.5,242.0,234.23,240.15,238.8,235.22,,240.16,,,1230544,294495296.48,15542,F1,1,,,,,
2026-09-03,2026-09-03,CM,NSE,STK,765040,INE373T01047,BLUECLOUDS,EQ,,,,,BLUE CLOUD SOFTECH SOLU L,20.01,20.34,19.69,19.9,19.85,19.89,,19.89,,,1111985,22149211.81,3031,F1,1,,,,,
2026-09-03,2026-09-03,CM,NSE,STK,8552,INE472B01011,BLUECOAST,BE,,,,,BLUE COAST HOTELS LIMITED,22.01,23.17,22.01,23.16,23.16,22.07,,22.23,,,1787,40239.38,30,F1,1,,,,,
2026-09-03,2026-09-03,CM,NSE,STK,495,INE233B01017,BLUEDART,EQ,,,,,BLUE DART EXPRESS LTD,5008.5,5049.6,4981.1,5028.8,5030.0,5017.5,,5028.8,,,4042,20264083.7,1395,F1,1,,,,,
2026-09-03,2026-09-03,CM,NSE,STK,19686,INE0KBH01020,BLUEJET,EQ,,,,,BLUE JET HEALTHCARE LTD,583.2,586.25,577.0,579.0,580.35,580.35,,579.0,,,186895,108612965.7,8230,F1,1,,,,,
2026-09-03,2026-09-03,CM,NSE,STK,23410,INE0SAK01011,BLUEPEBBLE,SM,,,,,BLUE PEBBLE LIMITED,70.0,70.2,69.95,70.0,70.0,69.05,,70.0,,,6800,476120.0,13,F1,400,,,,,
2026-09-03,2026-09-03,CM,NSE,STK,8311,INE472A01039,BLUESTARCO,EQ,,,,,BLUE STAR LIMITED,1458.8,1508.9,1455.3,1485.7,1485.7,1445.3,,1485.84,,,480553,715792010.7,28022,F1,1,,,,,
2026-09-03,2026-09-03,CM,NSE,STK,758185,INE0X3M01010,BLUEWATER,ST,,,,,BLUE WATER LOGISTICS LTD,490.0,500.0,484.15,497.95,497.95,487.0,,497.95,,,10000,4917950.0,9,F1,1000,,,,,
2026-09-03,2026-09-03,CM,NSE,STK,759291,INE304W01038,BLUESTONE,EQ,,,,,BLUESTONE JEWEL LFSTL LTD,813.4,827.9,798.05,804.9,802.0,813.4,,804.92,,,349670,283355909.1,15057,F1,1,,,,,
2026-09-03,2026-09-03,CM,NSE,STK,757520,INE0U4101014,BLUSPRING,EQ,,,,,BLUSPRING ENTERPRISES LTD,135.9,136.64,129.2,134.25,134.4,132.44,,134.25,,,673766,89901871.45,8579,F1,1,,,,,
2026-09-03,2026-09-03,CM,NSE,STK,759256,INE965W01036,BMWVENTLTD,EQ,,,,,BMW VENTURES LIMITED,56.23,56.23,55.01,55.13,55.15,55.23,,55.15,,,26435,1462276.83,754,F1,1,,,,,
2026-09-03,2026-09-03,CM,NSE,STK,762608,INE00HZ01011,BNAGROCHEM,EQ,,,,,BN AGROCHEM LTD.,225.0,230.0,217.51,226.73,220.0,225.0,,226.73,,,15402,3464723.62,89,F1,1,,,,,
2026-09-03,2026-09-03,CM,NSE,STK,760821,INE00XL07015,975BNAL28,N0,,,,,BNAL 9.75% 2028 SR TR 1,9947.0,9947.0,9947.0,9947.0,9947.0,9899.5,,9947.0,,,3,29841.0,1,F1,1,,,,,
2026-09-03,2026-09-03,CM,NSE,STK,25017,INE338D01028,BODALCHEM,EQ,,,,,BODAL CHEMICALS LTD,145.89,159.99,145.8,150.76,150.2,145.45,,150.75,,,10696354,1647096670.25,59252,F1,1,,,,,
2026-09-03,2026-09-03,CM,NSE,STK,14150,INE0EEJ01023,BTML,EQ,,,,,BODHI TREE MULTIMEDIA LTD,8.24,8.59,8.08,8.49,8.5,8.08,,8.49,,,406000,3420320.7,477,F1,1,,,,,
2026-09-03,2026-09-03,CM,NSE,STK,11640,INE802W01023,BOHRAIND,EQ,,,,,BOHRA INDUSTRIES LIMITED,13.05,13.05,11.6,12.35,12.26,12.36,,12.35,,,2562,31686.27,46,F1,1,,,,,
2026-09-03,2026-09-03,CM,NSE,STK,380,INE050A01025,BBTC,EQ,,,,,BOMBAY BURMAH TRADING COR,1504.5,1515.1,1495.0,1501.6,1504.0,1492.7,,1501.6,,,54804,82522381.4,3962,F1,1,,,,,
2026-09-03,2026-09-03,CM,NSE,STK,513,INE032A01023,BOMDYEING,EQ,,,,,BOMBAY DYEING & MFG. CO L,114.07,115.8,112.54,113.19,113.2,113.86,,113.19,,,512234,58327393.13,3697,F1,1,,,,,
2026-09-03,2026-09-03,CM,NSE,STK,6052,INE0I3Y01014,BMETRICS,SM,,,,,BOMBAY METRICS S C LTD,37.0,37.0,32.25,34.7,34.7,35.85,,34.7,,,5600,194000.0,7,F1,800,,,,,
2026-09-03,2026-09-03,CM,NSE,STK,809,INE032Z01020,BSHSL,EQ,,,,,BOMBAY SUPER HYBRID SEEDS,91.8,91.8,89.0,89.46,89.4,89.91,,89.46,,,10598,951922.41,128,F1,1,,,,,
2026-09-03,2026-09-03,CM,NSE,STK,31128,INE053F07538,810IRFC27,N2,,,,,BOND 8.10% PA TAX FREE S2,1083.0,1083.0,1083.0,1083.0,1083.0,1081.71,,1083.0,,,113,122379.0,2,F1,1,,,,,
2026-09-03,2026-09-03,CM,NSE,STK,31040,INE906B07CB9,830NHAI27,N2,,,,,BOND 8.30% PA TAX FREE S2,1086.0,1086.45,1085.02,1086.06,1086.0,1085.91,,1086.06,,,290,314996.51,15,F1,1,,,,,
2026-09-03,2026-09-03,CM,NSE,STK,1991,INE053F07728,863IRFC29,NC,,,,,BOND 8.63% PA TF TII-SIIA,1155.0,1155.0,1155.0,1155.0,1155.0,1155.0,,1155.0,,,4,4620.0,1,F1,1,,,,,
2026-09-03,2026-09-03,CM,NSE,STK,603,INE053F07686,865IRFC29,,,,,,BOND 8.65% PA TF TI-SIIB,1111.0,1111.0,1102.1,1108.0,1108.0,1105.85,,1108.0,,,477,527821.75,11,F1,1,,,,,
2026-09-03,2026-09-03,CM,NSE,STK,30990,INE020B07HS2,871REC28,N9,,,,,BOND 8.71% TAX FREE S2B,1127.0,1127.0,1122.05,1122.06,1122.06,1123.0,,1122.06,,,206,231618.5,3,F1,1,,,,,
2026-09-03,2026-09-03,CM,NSE,STK,1999,INE053F07744,888IRFC29,NE,,,,,BOND 8.88% PA TF TII-SIIB,1140.0,1140.0,1120.0,1126.0,1126.0,1128.5,,1126.0,,,430,484485.0,9,F1,1,,,,,
2026-09-03,2026-09-03,CM,NSE,STK,31970,INE557F07132,901NHB34,N6,,,,,BOND 9.01%PA TF TR-I S 3B,6355.0,6384.0,6355.0,6384.0,6384.0,6387.0,,6384.0,,,151,961119.9,22,F1,1,,,,,
2026-09-03,2026-09-03,CM,NSE,STK,2953,INE020B07IH3,886REC34,NG,,,,,BOND8.86% PA TF TR II S3B,1270.0,1274.0,1270.0,1270.28,1270.0,1275.01,,1270.28,,,981,1246916.31,52,F1,1,,,,,
2026-09-03,2026-09-03,CM,NSE,STK,2947,INE020B07IG5,888REC29,NF,,,,,BOND8.88% PA TF TR II S2B,1138.14,1139.6,1138.0,1139.03,1139.01,1140.0,,1139.03,,,1250,1422847.49,6,F1,1,,,,,
2026-09-03,2026-09-03,CM,NSE,STK,761056,INE0B9A01018,BONLON,EQ,,,,,BONLON INDUSTRIES LIMITED,40.85,42.73,40.25,40.66,40.71,40.24,,40.56,,,2507,102824.73,57,F1,1,,,,,
2026-09-03,2026-09-03,CM,NSE,STK,757919,INE16SF01016,BORANA,EQ,,,,,BORANA WEAVES LIMITED,308.25,309.85,290.0,300.35,305.0,304.9,,300.47,,,24813,7554550.1,564,F1,1,,,,,
2026-09-03,2026-09-03,CM,NSE,STK,19401,INE02PY01013,BOROLTD,EQ,,,,,BOROSIL LIMITED,249.92,252.8,246.9,248.63,247.11,249.92,,248.69,,,156355,39093620.15,4129,F1,1,,,,,
2026-09-03,2026-09-03,CM,NSE,STK,3149,INE666D01022,BORORENEW,EQ,,,,,BOROSIL RENEWABLES LTD,496.9,505.85,494.95,497.5,501.0,495.75,,497.49,,,348456,174388786.0,12799,F1,1,,,,,
2026-09-03,2026-09-03,CM,NSE,STK,24014,INE02L001032,BOROSCI,EQ,,,,,BOROSIL SCIENTIFIC LTD,132.6,138.1,131.81,134.93,137.99,131.31,,134.93,,,103124,13944980.75,1850,F1,1,,,,,
2026-09-03,2026-09-03,CM,NSE,STK,4491,INE782A01015,BOSCH-HCIL,EQ,,,,,BOSCH HOME COMFRT IND LTD,1733.9,1808.9,1724.8,1777.7,1762.9,1733.9,,1777.7,,,87526,155023837.7,8133,F1,1,,,,,
2026-09-03,2026-09-03,CM,NSE,STK,2181,INE323A01026,BOSCHLTD,EQ,,,,,BOSCH LIMITED,47230.0,47480.0,46720.0,47000.0,47000.0,47250.0,,47000.0,,,23197,1090572550.0,10173,F1,1,,,,,
2026-09-03,2026-09-03,CM,NSE,STK,25119,INE0QNI01012,BOSS,SM,,,,,BOSS PACKAGING SOLU LTD,54.8,56.7,54.8,56.6,56.6,54.0,,56.6,,,14000,782800.0,7,F1,2000,,,,,
2026-09-03,2026-09-03,CM,NSE,STK,530,INE110A01019,BPL,EQ,,,,,BPL LTD,49.31,50.94,49.16,49.31,49.16,49.78,,49.31,,,56854,2823124.12,572,F1,1,,,,,
2026-09-03,2026-09-03,CM,NSE,STK,764628,INE320I01017,BRAHMINFRA,EQ,,,,,BRAHMAPUTRA INFRA L,167.5,167.97,160.03,162.17,161.85,164.96,,161.97,,,11052,1817628.23,454,F1,1,,,,,
2026-09-03,2026-09-03,CM,NSE,STK,24814,INE02RE01045,FIRSTCRY,EQ,,,,,BRAINBEES SOLUTIONS LTD,172.4,181.28,171.01,178.67,180.3,170.82,,178.69,,,14287238,2525700649.51,126437,F1,1,,,,,
2026-09-03,2026-09-03,CM,NSE,STK,7780,INE977Y01011,BCONCEPTS,EQ,,,,,BRAND CONCEPTS LIMITED,165.0,168.0,160.5,165.43,168.0,165.27,,165.43,,,13611,2232558.99,679,F1,1,,,,,
2026-09-03,2026-09-03,CM,NSE,STK,760972,INE0XUD01014,BRANDMAN,SM,,,,,BRANDMAN RETAIL LIMITED,188.0,188.0,170.4,172.55,173.95,184.95,,172.55,,,32000,5689880.0,37,F1,800,,,,,
2026-09-03,2026-09-03,CM,NSE,STK,15184,INE791I01019,BRIGADE,EQ,,,,,BRIGADE ENTER. LTD,646.45,733.0,642.7,712.3,725.0,640.0,,712.33,,,5390980,3734331682.2,127811,F1,1,,,,,
2026-09-03,2026-09-03,CM,NSE,STK,757794,INE03NU01014,BRIGHOTEL,EQ,,,,,BRIGADE HOTEL VENTURE LTD,58.75,59.39,58.7,58.95,58.9,58.42,,58.95,,,55314,3258778.88,1515,F1,1,,,,,
2026-09-03,2026-09-03,CM,NSE,STK,764633,INE630D01010,BRIGHTBR,EQ,,,,,BRIGHT BROTHERS LTD.,257.95,260.0,250.0,254.6,257.75,258.25,,254.6,,,2736,697169.95,47,F1,1,,,,,
2026-09-03,2026-09-03,CM,NSE,STK,8833,INE425B01027,BCG,EQ,,,,,BRIGHTCOM GROUP LIMITED,8.98,9.09,8.94,9.0,9.06,8.92,,9.0,,,2582976,23231286.42,2851,F1,1,,,,,
2026-09-03,2026-09-03,CM,NSE,STK,547,INE216A01030,BRITANNIA,EQ,,,,,BRITANNIA INDUSTRIES LTD,5131.5,5146.0,5079.0,5130.0,5130.0,5154.0,,5130.37,,,225559,1155572195.0,20235,F1,1,,,,,
2026-09-03,2026-09-03,CM,NSE,STK,2203,INE0FDU25010,BIRET,RR,,,,,BROOKFIELD INDIA RET,341.79,346.95,339.0,342.37,344.99,341.39,,342.42,,,432726,147706382.75,11182,F1,1,,,,,
2026-09-03,2026-09-03,CM,NSE,STK,25140,INE650L01011,BROOKS,BE,,,,,BROOKS LAB LIMITED,65.15,65.95,64.0,64.15,64.16,65.1,,64.15,,,24891,1604437.44,74,F1,1,,,,,
2026-09-03,2026-09-03,CM,NSE,STK,19585,INE118H01025,BSE,EQ,,,,,BSE LIMITED,3199.9,3316.5,3198.9,3306.1,3306.1,3168.0,,3306.1,,,6036100,19720498673.2,218721,F1,1,,,,,
2026-09-03,2026-09-03,CM,NSE,STK,559,INE594B01012,BSL,EQ,,,,,BSL LTD,124.0,132.98,121.65,123.22,122.71,122.12,,123.22,,,53035,6783067.59,793,F1,1,,,,,
2026-09-03,2026-09-03,CM,NSE,STK,2716,INE295F01017,BUTTERFLY,EQ,,,,,BTRFLY GANDHI APPL LTD,616.55,617.95,608.0,613.6,614.0,614.25,,613.6,,,12917,7907458.9,760,F1,1,,,,,
2026-09-03,2026-09-03,CM,NSE,STK,24704,INE0SZ301012,BULKCORP,ST,,,,,BULKCORP INTERNATIONAL L,74.0,75.6,74.0,75.6,75.6,72.0,,75.6,,,109200,8252160.0,25,F1,1200,,,,,
2026-09-03,2026-09-03,CM,NSE,STK,15194,INE817H01022,BURNPUR,EQ,,,,,BURNPUR CEMENT LIMITED,20.0,20.54,19.96,20.54,20.54,19.57,,20.54,,,68591,1396802.79,208,F1,1,,,,,
2026-09-03,2026-09-03,CM,NSE,STK,764643,INE084D01010,CGVAK,EQ,,,,,C G V A K SOFTWARE & EX L,158.05,158.05,147.02,148.01,148.01,148.93,,151.38,,,1518,229008.07,48,F1,1,,,,,
2026-09-03,2026-09-03,CM,NSE,STK,760854,INE0SMX01019,CKKRETAIL,SM,,,,,C K K RETAIL MART LIMITED,157.95,157.95,157.95,157.95,157.95,160.0,,157.95,,,800,126360.0,1,F1,800,,,,,
2026-09-03,2026-09-03,CM,NSE,STK,18372,INE0QBU01012,CPS,SM,,,,,C P S SHAPERS LIMITED,1160.0,1170.0,1160.0,1164.0,1164.0,1150.0,,1164.0,,,750,873600.0,5,F1,150,,,,,
2026-09-03,2026-09-03,CM,NSE,STK,7227,INE0BV301023,MAPMYINDIA,EQ,,,,,C.E. INFO SYSTEMS LIMITED,992.0,998.0,963.1,968.6,970.7,982.6,,968.6,,,137707,134476851.4,12149,F1,1,,,,,
2026-09-03,2026-09-03,CM,NSE,STK,27274,INE0U7V01015,C2C,SM,,,,,C2C ADVANCED SYSTEMS LTD,224.0,230.0,220.5,223.85,223.9,224.5,,223.85,,,77400,17269635.0,341,F1,150,,,,,
2026-09-03,2026-09-03,CM,NSE,STK,764255,INE11XY01018,CMLL,EQ,,,,,CALIBER MINING AND LOG L,499.0,514.05,495.6,501.4,502.0,495.45,,501.47,,,656637,329542770.85,10189,F1,1,,,,,
2026-09-03,2026-09-03,CM,NSE,STK,8400,INE526B01014,CALSOFT,BE,,,,,CALIFORNIA SOFTWARE CO LT,43.09,43.13,42.0,43.13,43.13,41.08,,43.13,,,708394,30524862.68,2006,F1,1,,,,,
2026-09-03,2026-09-03,CM,NSE,STK,14222,INE627H01017,CTE,BE,,,,,CAMBRIDGE TECH ENTER LTD,43.16,43.16,41.01,41.03,41.5,43.16,,41.03,,,32413,1347780.11,187,F1,1,,,,,
2026-09-03,2026-09-03,CM,NSE,STK,6216,INE052I01032,CAMLINFINE,EQ,,,,,CAMLIN FINE SCIENCES LTD,103.6,105.0,99.0,102.28,102.19,102.8,,102.27,,,1859508,188627066.49,17394,F1,1,,,,,
2026-09-03,2026-09-03,CM,NSE,STK,9362,INE278Y01022,CAMPUS,EQ,,,,,CAMPUS ACTIVEWEAR LIMITED,222.4,224.7,220.41,223.97,223.64,220.87,,223.97,,,453448,101110131.16,9869,F1,1,,,,,
2026-09-03,2026-09-03,CM,NSE,STK,583,INE477A01020,CANFINHOME,EQ,,,,,CAN FIN HOMES LTD,804.0,806.1,792.6,804.95,805.2,795.3,,804.95,,,245608,196706962.1,10429,F1,1,,,,,
2026-09-03,2026-09-03,CM,NSE,STK,10794,INE476A01022,CANBK,EQ,,,,,CANARA BANK,126.78,128.69,125.71,125.8,125.8,126.3,,125.8,,,13360020,1700307844.36,71855,F1,1,,,,,
2026-09-03,2026-09-03,CM,NSE,STK,759477,INE01TY01017,CANHLIFE,EQ,,,,,CANARA HSBC LIFE INS CO L,154.67,155.2,152.9,154.31,154.2,152.81,,154.3,,,190371,29371889.81,4838,F1,1,,,,,
2026-09-03,2026-09-03,CM,NSE,STK,759311,INE218I01013,CRAMC,EQ,,,,,CANARA ROBECO AMC LIMITED,252.85,254.7,250.05,251.2,251.0,252.85,,251.18,,,292937,73768902.95,6883,F1,1,,,,,
2026-09-03,2026-09-03,CM,NSE,STK,19368,INE0QG301017,CANARYS,SM,,,,,CANARYS AUTOMATIONS LTD,24.3,26.2,24.3,25.8,25.8,25.3,,25.8,,,80000,2047600.0,18,F1,4000,,,,,
2026-09-03,2026-09-03,CM,NSE,STK,20160,INE068L01024,CANTABIL,EQ,,,,,CANTABIL RETAIL LTD,238.1,240.1,237.5,237.74,237.95,236.6,,237.74,,,54289,12963337.76,1028,F1,1,,,,,
2026-09-03,2026-09-03,CM,NSE,STK,21749,INE264T01014,CAPACITE,EQ,,,,,CAPACITE INFRAPROJECT LTD,205.1,211.0,205.1,208.88,210.01,205.02,,208.88,,,183326,38215597.48,2656,F1,1,,,,,
2026-09-03,2026-09-03,CM,NSE,STK,759867,INE0ILV01024,CAPILLARY,EQ,,,,,CAPILLARY TECHNO INDIA L,490.0,490.0,478.1,480.05,482.0,484.0,,480.07,,,69647,33597857.5,4231,F1,1,,,,,
2026-09-03,2026-09-03,CM,NSE,STK,756015,INE345H01024,CIFL,EQ,,,,,CAPITAL INDIA FINANCE LTD,20.43,21.29,20.07,20.17,20.25,20.41,,20.17,,,84302,1710055.89,198,F1,1,,,,,
2026-09-03,2026-09-03,CM,NSE,STK,29157,INE0Z8Z23013,CAPINVIT,IV,,,,,CAPITAL INFRA TRUST,76.26,76.98,76.0,76.19,76.2,76.25,,76.19,,,237318,18121888.25,2731,F1,1,,,,,
2026-09-03,2026-09-03,CM,NSE,STK,22675,INE646H01017,CAPITALSFB,EQ,,,,,CAPITAL SMALL FIN BANK L,281.95,284.9,280.5,281.85,280.5,283.25,,281.85,,,38166,10769745.9,502,F1,1,,,,,
2026-09-03,2026-09-03,CM,NSE,STK,19451,INE707C01018,CAPTRUST,BE,,,,,CAPITAL TRUST LIMITED,19.76,19.99,19.1,19.76,19.99,19.76,,19.76,,,48248,950465.65,92,F1,1,,,,,
2026-09-03,2026-09-03,CM,NSE,STK,3906,INE475E01026,CAPLIPOINT,EQ,,,,,CAPLIN POINT LAB LTD.,2712.0,2877.3,2663.1,2845.0,2835.1,2720.5,,2844.92,,,840705,2364174475.6,82371,F1,1,,,,,
2026-09-03,2026-09-03,CM,NSE,STK,20329,INE180C01042,CGCL,EQ,,,,,CAPRI GLOBAL CAPITAL LTD,255.0,272.75,254.3,271.7,272.1,256.6,,271.7,,,13362145,3584462599.2,99929,F1,1,,,,,
2026-09-03,2026-09-03,CM,NSE,STK,764203,INE536P01021,CPL,EQ,,,,,CAPTAIN POLYPLAST LIMITED,62.17,63.99,62.0,62.4,62.88,61.87,,62.3,,,118923,7477183.28,442,F1,1,,,,,
2026-09-03,2026-09-03,CM,NSE,STK,595,INE120A01034,CARBORUNIV,EQ,,,,,CARBORUNDUM UNIVERSAL LTD,1077.0,1088.8,1070.0,1078.0,1072.2,1071.5,,1078.11,,,73895,79788667.0,6958,F1,1,,,,,
2026-09-03,2026-09-03,CM,NSE,STK,29113,INE752H01013,CARERATING,EQ,,,,,CARE RATINGS LIMITED,1683.0,1718.8,1678.3,1708.4,1706.2,1683.0,,1708.44,,,25449,43411320.5,3733,F1,1,,,,,
2026-09-03,2026-09-03,CM,NSE,STK,758941,INE0P6P01016,CPEDU,EQ,,,,,CAREER POINT EDUTECH LTD,186.93,192.05,184.63,189.76,190.39,186.93,,189.76,,,3530,671471.01,102,F1,1,,,,,
2026-09-03,2026-09-03,CM,NSE,STK,28879,INE0V7W01012,CARRARO,EQ,,,,,CARRARO INDIA LIMITED,537.0,543.85,531.5,533.95,532.5,542.0,,534.08,,,42953,23066582.95,5833,F1,1,,,,,
2026-09-03,2026-09-03,CM,NSE,STK,5407,INE290S01011,CARTRADE,EQ,,,,,CARTRADE TECH LIMITED,2949.0,3024.0,2888.7,2992.2,3012.0,2932.3,,2992.17,,,333812,995813816.2,34925,F1,1,,,,,
2026-09-03,2026-09-03,CM,NSE,STK,1879,INE482D01024,CARYSIL,EQ,,,,,CARYSIL LIMITED,1139.2,1165.8,1129.7,1157.0,1160.0,1139.2,,1157.01,,,58665,67491863.7,4548,F1,1,,,,,
2026-09-03,2026-09-03,CM,NSE,STK,758129,INE0WL201014,CUDML,SM,,,,,CASH UR DRIVE MARKETING L,103.75,104.95,103.75,104.0,104.0,103.75,,104.0,,,5000,522600.0,5,F1,1000,,,,,
2026-09-03,2026-09-03,CM,NSE,STK,1250,INE172A01027,CASTROLIND,EQ,,,,,CASTROL INDIA LIMITED,186.5,186.95,185.22,186.42,186.65,186.08,,186.42,,,875113,162895341.0,15208,F1,1,,,,,
2026-09-03,2026-09-03,CM,NSE,STK,11452,INE421D01022,CCL,EQ,,,,,CCL PRODUCTS (I) LTD,1091.6,1119.5,1089.7,1107.3,1101.0,1086.1,,1107.28,,,164624,181752157.6,20253,F1,1,,,,,
2026-09-03,2026-09-03,CM,NSE,STK,15254,INE482A01020,CEATLTD,EQ,,,,,CEAT LIMITED,3355.0,3390.0,3310.1,3315.3,3320.0,3347.8,,3315.34,,,87197,292138785.9,20462,F1,1,,,,,
2026-09-03,2026-09-03,CM,NSE,STK,757690,INE11J101017,CEDAAR,ST,,,,,CEDAAR TEXTILE LIMITED,12.8,13.9,12.75,13.7,13.7,13.3,,13.7,,,5000,66850.0,5,F1,1000,,,,,
2026-09-03,2026-09-03,CM,NSE,STK,24742,INE0AG901020,CEIGALL,EQ,,,,,CEIGALL INDIA LIMITED,341.05,357.5,337.55,347.55,346.0,340.6,,347.58,,,2426828,838055569.0,25568,F1,1,,,,,
2026-09-03,2026-09-03,CM,NSE,STK,761037,INE016Q01014,CEINSYS,EQ,,,,,CEINSYS TECH LIMITED,701.35,713.8,675.0,678.65,679.65,697.9,,678.65,,,82259,56605209.3,5492,F1,1,,,,,
2026-09-03,2026-09-03,CM,NSE,STK,13162,INE185H01016,CELEBRITY,EQ,,,,,CELEBRITY FASHIONS LTD,6.75,6.85,6.61,6.74,6.77,6.75,,6.74,,,13050,88057.52,55,F1,1,,,,,
2026-09-03,2026-09-03,CM,NSE,STK,16950,INE0O0001013,CELLPOINT,SM,,,,,CELL POINT (INDIA) LTD,15.5,15.5,15.35,15.35,15.35,16.0,,15.35,,,3600,55500.0,3,F1,1200,,,,,
2026-09-03,2026-09-03,CM,NSE,STK,18806,INE0OMO01025,CELLECOR,SM,,,,,CELLECOR GADGETS LIMITED,33.0,33.0,32.0,32.5,32.5,32.9,,32.5,,,30000,967350.0,9,F1,3000,,,,,
2026-09-03,2026-09-03,CM,NSE,STK,19795,INE0LMW01024,CELLO,EQ,,,,,CELLO WORLD LIMITED,348.4,349.95,341.05,343.45,341.6,347.6,,343.45,,,235746,81144436.45,9269,F1,1,,,,,
2026-09-03,2026-09-03,CM,NSE,STK,5622,INE686A01026,CEMPRO,EQ,,,,,CEMINDIA PROJECTS LIMITED,1242.0,1297.5,1227.5,1296.9,1297.5,1235.8,,1296.84,,,340226,438080162.5,12387,F1,1,,,,,
2026-09-03,2026-09-03,CM,NSE,STK,14894,INE483A01010,CENTRALBK,EQ,,,,,CENTRAL BANK OF INDIA,30.5,31.1,30.46,30.77,30.84,30.37,,30.77,,,8184463,252428785.34,21184,F1,1,,,,,
2026-09-03,2026-09-03,CM,NSE,STK,21174,INE736A01011,CDSL,EQ,,,,,CENTRAL DEPO SER (I) LTD,1370.0,1397.3,1367.0,1394.0,1394.0,1365.2,,1394.0,,,921968,1276308903.3,33294,F1,1,,,,,
2026-09-03,2026-09-03,CM,NSE,STK,761581,INE05HV01027,CMPDI,EQ,,,,,CENTRAL MINE P N D INST L,223.0,241.9,223.0,239.66,239.0,222.97,,239.71,,,6449983,1530620184.76,73706,F1,1,,,,,
2026-09-03,2026-09-03,CM,NSE,STK,2454,INE660C01027,CENTRUM,EQ,,,,,CENTRUM CAPITAL LIMITED,22.91,23.57,22.31,22.45,22.4,22.9,,22.45,,,261942,5941440.27,561,F1,1,,,,,
2026-09-03,2026-09-03,CM,NSE,STK,14982,INE320B01020,CENTUM,EQ,,,,,CENTUM ELECTRONICS LTD,3600.0,3798.8,3585.1,3776.1,3770.9,3555.3,,3776.45,,,146069,542944731.0,27318,F1,1,,,,,
2026-09-03,2026-09-03,CM,NSE,STK,619,INE485A01015,CENTENKA,EQ,,,,,CENTURY ENKA LTD,620.0,635.0,608.95,616.65,612.0,602.35,,616.67,,,1862847,1151259154.8,45489,F1,1,,,,,
2026-09-03,2026-09-03,CM,NSE,STK,11511,INE281A01026,CENTEXT,EQ,,,,,CENTURY EXTRUSIONS LTD,22.6,22.9,21.05,21.24,21.49,22.49,,21.25,,,446705,9744069.64,2097,F1,1,,,,,
2026-09-03,2026-09-03,CM,NSE,STK,13305,INE348B01021,CENTURYPLY,EQ,,,,,CENTURY PLYBOARDS (I) LTD,748.45,755.75,744.0,749.2,750.95,748.45,,749.19,,,21062,15791477.35,1729,F1,1,,,,,
2026-09-03,2026-09-03,CM,NSE,STK,15039,INE739E01017,CERA,EQ,,,,,CERA SANITARYWARE LTD,5660.0,5708.5,5640.0,5683.5,5690.0,5662.5,,5683.25,,,2058,11672967.0,954,F1,1,,,,,
2026-09-03,2026-09-03,CM,NSE,STK,29016,INE345B01019,CEREBRAINT,BZ,,,,,CEREBRA INT TECH LTD,2.62,2.66,2.5,2.6,2.6,2.57,,2.6,,,69589,181693.25,98,F1,1,,,,,
2026-09-03,2026-09-03,CM,NSE,STK,628,INE486A01021,CESC,EQ,,,,,CESC LTD,147.5,151.11,147.0,147.96,148.0,146.44,,147.96,,,1323923,196996959.7,16775,F1,1,,,,,
2026-09-03,2026-09-03,CM,NSE,STK,760,INE067A01029,CGPOWER,EQ,,,,,CG POWER AND IND SOL LTD,879.0,900.65,875.4,895.0,895.0,877.75,,894.95,,,2285287,2033740626.5,51636,F1,1,,,,,
2026-09-03,2026-09-03,CM,NSE,STK,8546,INE427F01016,CHALET,EQ,,,,,CHALET HOTELS LIMITED,905.0,905.0,889.5,890.75,890.0,897.95,,890.78,,,44753,40010867.35,3958,F1,1,,,,,
2026-09-03,2026-09-03,CM,NSE,STK,3482,INE419D01026,CLSEL,EQ,,,,,CHAMAN LAL SETIA EXP LTD,303.4,310.9,301.15,304.8,304.9,301.4,,304.83,,,93210,28519616.35,3594,F1,1,,,,,
2026-09-03,2026-09-03,CM,NSE,STK,13731,INE06PV01010,CMNL,SM,,,,,CHAMAN METALLICS LIMITED,118.05,122.0,118.05,121.95,122.0,120.0,,121.95,,,4500,540712.5,6,F1,750,,,,,
2026-09-03,2026-09-03,CM,NSE,STK,637,INE085A01013,CHAMBLFERT,EQ,,,,,CHAMBAL FERTILIZERS LTD,412.65,423.6,412.65,418.3,419.0,411.45,,418.3,,,933299,391073520.4,28078,F1,1,,,,,
2026-09-03,2026-09-03,CM,NSE,STK,29541,INE11HG01018,CHAMUNDA,SM,,,,,CHAMUNDA ELECTRICAL LTD,43.25,43.25,43.25,43.25,43.25,43.95,,43.25,,,3000,129750.0,1,F1,3000,,,,,
2026-09-03,2026-09-03,CM,NSE,STK,29633,INE0B2N01016,CHANDAN,SM,,,,,CHANDAN HEALTHCARE LTD,211.05,213.9,208.1,208.95,208.1,211.4,,208.95,,,22400,4707040.0,28,F1,800,,,,,
2026-09-03,2026-09-03,CM,NSE,STK,18654,INE0PT101017,CHAVDA,SM,,,,,CHAVDA INFRA LIMITED,124.0,127.1,124.0,127.1,127.1,123.9,,127.1,,,7000,878800.0,7,F1,1000,,,,,
2026-09-03,2026-09-03,CM,NSE,STK,757991,INE0TGX01019,CHEMBONDCH,BE,,,,,CHEMBOND CHEMICAL LIMITED,269.45,272.0,255.5,259.0,259.0,261.4,,259.44,,,3350,877068.85,95,F1,1,,,,,
2026-09-03,2026-09-03,CM,NSE,STK,14618,INE995D01025,CHEMBOND,EQ,,,,,CHEMBOND MATERIALTECH LTD,173.45,182.79,170.0,173.02,172.0,167.67,,173.02,,,26644,4564979.99,494,F1,1,,,,,
2026-09-03,2026-09-03,CM,NSE,STK,276,INE03YM01018,CHEMCON,BE,,,,,CHEMCON SPECIAL CHEM LTD,202.25,202.25,196.05,201.29,201.5,199.61,,201.69,,,23913,4796737.59,284,F1,1,,,,,
2026-09-03,2026-09-03,CM,NSE,STK,765045,INE298W01016,CHEMCRUX,EQ,,,,,CHEMCRUX ENTERPRISES LTD.,81.95,83.4,81.1,82.48,82.48,81.52,,82.3,,,2775,227683.92,66,F1,1,,,,,
2026-09-03,2026-09-03,CM,NSE,STK,2799,INE783X01023,CHEMFAB,EQ,,,,,CHEMFAB ALKALIS LIMITED,364.45,364.45,353.1,358.0,359.8,355.25,,356.55,,,877,313470.65,87,F1,1,,,,,
2026-09-03,2026-09-03,CM,NSE,STK,5449,INE488A01050,CHEMPLASTS,EQ,,,,,CHEMPLAST SANMAR LIMITED,170.0,173.7,166.15,167.03,167.3,169.83,,167.03,,,180682,30514033.2,4606,F1,1,,,,,
2026-09-03,2026-09-03,CM,NSE,STK,2049,INE178A01016,CHENNPETRO,EQ,,,,,CHENNAI PETROLEUM CORP LT,1421.1,1470.8,1411.3,1440.0,1440.0,1414.0,,1440.06,,,1827672,2644226675.2,62997,F1,1,,,,,
2026-09-03,2026-09-03,CM,NSE,STK,24625,INE0U1T01012,CHETANA,SM,,,,,CHETANA EDUCATION LIMITED,43.95,43.95,43.0,43.0,43.0,43.9,,43.0,,,9600,415200.0,6,F1,1600,,,,,
2026-09-03,2026-09-03,CM,NSE,STK,9879,INE974B01016,CHEVIOT,EQ,,,,,CHEVIOT COMPANY LIMITED,1132.2,1155.0,1132.2,1143.1,1142.0,1150.6,,1143.1,,,550,629308.7,75,F1,1,,,,,
2026-09-03,2026-09-03,CM,NSE,STK,8866,INE102B01014,CHOICEIN,EQ,,,,,CHOICE INTERNATIONAL LTD,764.95,772.8,764.0,768.45,766.4,763.4,,768.43,,,231618,178068833.45,5846,F1,1,,,,,
2026-09-03,2026-09-03,CM,NSE,STK,759610,INF2KCX01012,CHOICEGOLD,EQ,,,,,CHOICEAMC - CHOICEGOLD,152.0,152.0,150.1,151.13,151.04,148.39,,151.13,,,4955,750680.74,116,F1,1,,,,,
2026-09-03,2026-09-03,CM,NSE,STK,21740,INE149A01033,CHOLAHLDNG,EQ,,,,,CHOLAMANDALAM FIN HOL LTD,1499.7,1509.8,1470.3,1502.8,1507.0,1489.0,,1502.8,,,91933,137664148.3,12724,F1,1,,,,,
2026-09-03,2026-09-03,CM,NSE,STK,685,INE121A01024,CHOLAFIN,EQ,,,,,CHOLAMANDALAM IN & FIN CO,1826.0,1858.0,1826.0,1849.3,1849.3,1825.9,,1849.34,,,805773,1482580848.7,55018,F1,1,,,,,
2026-09-03,2026-09-03,CM,NSE,STK,14937,INE536H01010,CIEINDIA,EQ,,,,,CIE AUTOMOTIVE INDIA LTD,386.95,389.0,382.3,383.95,383.35,385.0,,384.07,,,322875,124175563.7,19289,F1,1,,,,,
2026-09-03,2026-09-03,CM,NSE,STK,27161,INE704H01022,CINELINE,EQ,,,,,CINELINE INDIA LIMITED,89.05,90.1,88.0,89.83,90.0,88.18,,89.83,,,35398,3153487.67,177,F1,1,,,,,
2026-09-03,2026-09-03,CM,NSE,STK,8024,INE039B01026,CINEVISTA,EQ,,,,,CINEVISTA LIMITED,14.75,14.75,14.12,14.19,14.12,14.4,,14.19,,,1135,16491.37,30,F1,1,,,,,
2026-09-03,2026-09-03,CM,NSE,STK,694,INE059A01026,CIPLA,EQ,,,,,CIPLA LTD,1414.0,1415.4,1389.4,1394.7,1394.7,1412.8,,1394.4,,,549749,768895988.7,35279,F1,1,,,,,
2026-09-03,2026-09-03,CM,NSE,STK,763149,INE2Q7823014,CITIUSINVT,IV,,,,,CITIUS TRANSNET INV TRUST,114.97,115.6,114.42,115.03,115.0,114.52,,115.03,,,281625,32379812.9,634,F1,1,,,,,
2026-09-03,2026-09-03,CM,NSE,STK,5701,INE491A01021,CUB,EQ,,,,,CITY UNION BANK LTD,230.4,239.88,230.4,234.36,233.77,230.61,,234.37,,,2859810,677573131.34,48102,F1,1,,,,,
2026-09-03,2026-09-03,CM,NSE,STK,20233,INE201M01029,CLEDUCATE,BE,,,,,CL EDUCATE LIMITED,62.1,62.1,57.92,59.53,59.99,60.96,,59.25,,,12557,737321.58,102,F1,1,,,,,
2026-09-03,2026-09-03,CM,NSE,STK,758736,INE0UQ601012,CLASSICEIL,SM,,,,,CLASSIC ELECTRODE (IND) L,55.85,55.85,50.55,52.35,55.85,53.2,,52.35,,,281600,15390800.0,66,F1,1600,,,,,
2026-09-03,2026-09-03,CM,NSE,STK,754695,INE1QGM01024,CLAYCRAFT,SM,,,,,CLAY CRAFT INDIA LIMITED,160.0,160.1,158.1,159.85,160.0,161.8,,159.85,,,18000,2867760.0,21,F1,600,,,,,
2026-09-03,2026-09-03,CM,NSE,STK,760186,INE647U01026,CLEANMAX,BL,,,,,CLEAN MAX ENVIRO EN SOL L,1220.0,1220.0,1220.0,1220.0,1220.0,1053.0,,1220.0,,,1633727,1993146940.0,5,F1,999999999,,,,,
2026-09-03,2026-09-03,CM,NSE,STK,760183,INE647U01026,CLEANMAX,EQ,,,,,CLEAN MAX ENVIRO EN SOL L,1290.0,1359.0,1284.5,1298.7,1305.0,1257.6,,1298.61,,,703259,929795891.0,40348,F1,1,,,,,
2026-09-03,2026-09-03,CM,NSE,STK,5049,INE227W01023,CLEAN,EQ,,,,,CLEAN SCIENCE & TECH LTD,868.0,874.8,850.3,852.95,850.95,863.15,,852.94,,,582257,500346156.0,25735,F1,1,,,,,
2026-09-03,2026-09-03,CM,NSE,STK,760143,INE1EF801010,CSSL,SM,,,,,CLEAR SECURED SERVICES L,91.1,93.2,89.0,90.15,90.5,92.0,,90.15,,,30000,2724400.0,30,F1,1000,,,,,
2026-09-03,2026-09-03,CM,NSE,STK,30893,INE00WV01027,CMRGREEN,EQ,,,,,CMR GREEN TECHNOLOGIES L,224.79,232.0,224.79,230.74,231.0,224.71,,230.74,,,491856,112740210.48,8482,F1,1,,,,,
2026-09-03,2026-09-03,CM,NSE,STK,7603,INE925R01014,CMSINFO,EQ,,,,,CMS INFO SYSTEMS LIMITED,249.3,251.24,243.52,244.86,244.96,249.3,,244.86,,,318805,78546556.74,9739,F1,1,,,,,
2026-09-03,2026-09-03,CM,NSE,STK,20374,INE522F01014,COALINDIA,EQ,,,,,COAL INDIA LTD,422.0,428.5,416.8,420.05,420.05,417.85,,420.03,,,15286175,6449555680.85,152664,F1,1,,,,,
2026-09-03,2026-09-03,CM,NSE,STK,6006,INE377E01024,COASTCORP,EQ,,,,,COASTAL CORPORATION LTD,39.96,42.0,39.92,41.93,42.0,39.4,,41.93,,,124412,5129018.35,987,F1,1,,,,,
2026-09-03,2026-09-03,CM,NSE,STK,21508,INE704P01025,COCHINSHIP,EQ,,,,,COCHIN SHIPYARD LIMITED,1466.0,1497.1,1465.0,1486.7,1486.7,1463.0,,1486.72,,,465350,690439710.2,18214,F1,1,,,,,
2026-09-03,2026-09-03,CM,NSE,STK,11169,INE335K01011,COFFEEDAY,BE,,,,,COFFEE DAY ENTERPRISE LTD,29.6,31.3,28.56,31.3,31.3,29.81,,31.28,,,1070286,33106503.74,1785,F1,1,,,,,
2026-09-03,2026-09-03,CM,NSE,STK,11543,INE591G01025,COFORGE,EQ,,,,,COFORGE LIMITED,1975.0,1975.0,1921.8,1971.8,1971.8,1965.7,,1971.64,,,1898378,3709226818.5,71128,F1,1,,,,,
2026-09-03,2026-09-03,CM,NSE,STK,17945,INE03QK01018,COHANCE,EQ,,,,,COHANCE LIFESCIENCES LTD,462.0,464.75,457.8,460.85,459.05,458.3,,460.81,,,540229,249453683.0,29872,F1,1,,,,,
2026-09-03,2026-09-03,CM,NSE,STK,15141,INE259A01022,COLPAL,EQ,,,,,COLGATE PALMOLIVE LTD.,1863.0,1871.9,1845.0,1850.0,1850.0,1861.5,,1849.97,,,338701,628284685.9,14458,F1,1,,,,,
2026-09-03,2026-09-03,CM,NSE,STK,762628,INE819A01049,COMFINTE,EQ,,,,,COMFORT INTECH LTD.,6.15,6.4,6.1,6.19,6.21,6.23,,6.19,,,153288,961440.58,355,F1,1,,,,,
2026-09-03,2026-09-03,CM,NSE,STK,21578,INE073V01015,COMSYN,EQ,,,,,COMMERCIAL SYN BAGS LTD,301.8,309.45,296.55,302.7,302.5,302.65,,302.67,,,64663,19549216.7,1470,F1,1,,,,,
2026-09-03,2026-09-03,CM,NSE,STK,19513,INE597Z01014,COMMITTED,SM,,,,,COMMITTED CARGO CARE LTD,326.15,345.6,326.15,345.0,345.0,349.0,,345.0,,,10400,3558200.0,6,F1,800,,,,,
2026-09-03,2026-09-03,CM,NSE,STK,764648,INE823B01015,COMPEAU,EQ,,,,,COMPETENT AUTOMOB CO. L,379.7,379.7,340.0,361.8,370.0,354.0,,361.15,,,12987,4573359.3,334,F1,1,,,,,
2026-09-03,2026-09-03,CM,NSE,STK,19670,INE070C01037,COMPINFO,BZ,,,,,COMPUAGE INFOCOM LTD,1.07,1.12,1.04,1.07,1.09,1.07,,1.07,,,13144,14058.4,34,F1,1,,,,,
2026-09-03,2026-09-03,CM,NSE,STK,31138,INE453B01029,COMPUSOFT,EQ,,,,,COMPUCOM SOFTWARE LTD,13.46,13.47,12.83,12.89,12.94,13.38,,12.89,,,46892,613900.62,281,F1,1,,,,,
2026-09-03,2026-09-03,CM,NSE,STK,342,INE596I01020,CAMS,EQ,,,,,COMPUTER AGE MNGT SER LTD,745.0,752.15,737.0,747.4,747.4,741.85,,747.41,,,1321035,985333062.1,49843,F1,1,,,,,
2026-09-03,2026-09-03,CM,NSE,STK,18060,INE338H01029,CONCORDBIO,EQ,,,,,CONCORD BIOTECH LIMITED,1450.9,1461.8,1435.0,1447.7,1450.0,1444.8,,1447.72,,,69958,101396592.6,8234,F1,1,,,,,
2026-09-03,2026-09-03,CM,NSE,STK,28764,INE037Z01029,CEWATER,EQ,,,,,CONCORD ENVIRO SYSTEMS L,263.65,269.95,262.7,265.4,266.9,263.3,,265.4,,,76096,20257275.85,2805,F1,1,,,,,
2026-09-03,2026-09-03,CM,NSE,STK,764638,INE700F01024,CFEL,EQ,,,,,CONFIDENCE FUTURIST ENE L,31.8,32.75,31.8,32.05,32.05,31.8,,32.05,,,14389,466228.81,51,F1,1,,,,,
2026-09-03,2026-09-03,CM,NSE,STK,10238,INE552D01024,CONFIPET,EQ,,,,,CONFIDENCE PETRO IND LTD.,82.55,88.27,82.0,84.28,83.99,82.55,,84.28,,,7328054,616853202.17,38490,F1,1,,,,,
2026-09-03,2026-09-03,CM,NSE,STK,758453,INE0EAS01014,CONNPLEX,SM,,,,,CONNPLEX CINEMAS LIMITED,218.55,232.5,215.0,223.35,219.35,213.15,,223.35,,,123200,27643000.0,115,F1,800,,,,,
2026-09-03,2026-09-03,CM,NSE,STK,14992,INE429I01024,CCCL,EQ,,,,,CONS. CONST. CONSORT LTD,14.31,14.5,14.05,14.19,14.17,14.31,,14.19,,,112121,1598572.25,397,F1,1,,,,,
2026-09-03,2026-09-03,CM,NSE,STK,11732,INE025A01027,CONSOFINVT,BE,,,,,CONSO. FIN. & HOLD. LTD.,278.9,279.55,270.1,274.6,278.0,266.25,,274.6,,,12659,3535687.5,86,F1,1,,,,,
2026-09-03,2026-09-03,CM,NSE,STK,4749,INE111A01025,CONCOR,EQ,,,,,CONTAINER CORP OF IND LTD,511.0,516.0,507.25,508.85,508.85,510.0,,508.76,,,495860,253216447.7,9694,F1,1,,,,,
2026-09-03,2026-09-03,CM,NSE,STK,17477,INE663B01015,CONTROLPR,EQ,,,,,CONTROL PRINT LIMITED,609.5,610.0,590.2,600.3,602.0,603.3,,600.28,,,20772,12456761.9,1602,F1,1,,,,,
2026-09-03,2026-09-03,CM,NSE,STK,8567,INE0HS001028,COOLCAPS,ST,,,,,COOL CAPS INDUSTRIES LTD,23.6,23.6,22.0,23.35,23.5,22.5,,23.35,,,171250,3917750.0,99,F1,1250,,,,,
2026-09-03,2026-09-03,CM,NSE,STK,4007,INE558D01021,CORALFINAC,EQ,,,,,CORAL INDIA FIN & HOUS LT,32.05,33.89,32.05,32.94,32.5,32.36,,32.94,,,11902,390407.56,346,F1,1,,,,,
2026-09-03,2026-09-03,CM,NSE,STK,15271,INE792I01017,CORDSCABLE,EQ,,,,,CORDS CABLE INDUS LTD.,323.9,323.9,287.2,302.9,302.25,315.5,,302.54,,,259816,79501724.55,4663,F1,1,,,,,
2026-09-03,2026-09-03,CM,NSE,STK,739,INE169A01031,COROMANDEL,EQ,,,,,COROMANDEL INTERNTL. LTD,1916.0,1952.3,1914.1,1931.3,1930.0,1914.6,,1931.29,,,106307,205083285.4,12628,F1,1,,,,,
2026-09-03,2026-09-03,CM,NSE,STK,760254,INE02ZQ01018,CORONA,EQ,,,,,CORONA REMEDIES LIMITED,2063.0,2138.0,2041.8,2127.8,2134.0,2054.2,,2127.36,,,23122,48746859.1,3126,F1,1,,,,,
2026-09-03,2026-09-03,CM,NSE,STK,742,INE757A01017,COSMOFIRST,EQ,,,,,COSMO FIRST LIMITED,960.0,962.55,935.2,940.15,941.0,952.85,,940.11,,,79402,74923459.55,8648,F1,1,,,,,
2026-09-03,2026-09-03,CM,NSE,STK,6385,INE652F01027,CCHHL,EQ,,,,,COUNTRY CLUB HOSP HOL LTD,12.41,12.69,12.41,12.64,12.64,12.42,,12.54,,,5408,67829.86,78,F1,1,,,,,
2026-09-03,2026-09-03,CM,NSE,STK,16989,INE695B01025,COUNCODOS,BE,,,,,COUNTRY CONDO S LIMITED,6.82,6.82,6.51,6.52,6.6,6.7,,6.52,,,35217,231998.88,139,F1,1,,,,,
2026-09-03,2026-09-03,CM,NSE,STK,20086,INE521J01018,CPCAP,EQ,,,,,CP CAPITAL LIMITED,114.59,118.79,114.59,118.3,118.0,115.16,,118.3,,,17059,2007610.56,358,F1,1,,,,,
2026-09-03,2026-09-03,CM,NSE,STK,2328,INF457M01133,CPSEETF,EQ,,,,,CPSE ETF,93.4,94.3,93.39,93.57,93.62,93.64,,93.57,,,853002,80105727.66,5655,F1,1,,,,,
2026-09-03,2026-09-03,CM,NSE,STK,2854,INE00LO01017,CRAFTSMAN,EQ,,,,,CRAFTSMAN AUTOMATION LTD,11011.0,11315.0,11011.0,11220.0,11166.0,10999.0,,11221.02,,,35157,393624704.0,8966,F1,1,,,,,
2026-09-03,2026-09-03,CM,NSE,STK,764653,INE145E01017,CRAVATEX,EQ,,,,,CRAVATEX LTD.,335.0,335.0,323.2,326.75,327.25,339.0,,326.75,,,37,12129.8,8,F1,1,,,,,
2026-09-03,2026-09-03,CM,NSE,STK,9384,INE230B01021,CREATIVEYE,EQ,,,,,CREATIVE EYE LIMITED,6.16,6.16,6.0,6.13,6.15,6.15,,6.13,,,1136,6908.36,27,F1,1,,,,,
2026-09-03,2026-09-03,CM,NSE,STK,23468,INE0R7401011,CGRAPHICS,SM,,,,,CREATIVE GRAPHICS S IND L,152.0,152.0,147.8,148.55,148.5,147.3,,148.55,,,14400,2150920.0,18,F1,800,,,,,
2026-09-03,2026-09-03,CM,NSE,STK,11155,INE985W01018,CNL,EQ,,,,,CREATIVE NEWTECH LIMITED,1265.9,1268.9,1235.0,1243.4,1250.0,1259.6,,1243.52,,,14325,17929419.5,1284,F1,1,,,,,
2026-09-03,2026-09-03,CM,NSE,STK,765303,INE1KPX01025,CREDENT,SM,,,,,CREDENT CONNECT N CARE L,354.95,356.0,326.0,336.5,337.0,355.6,,336.5,,,121200,41222490.0,179,F1,600,,,,,
2026-09-03,2026-09-03,CM,NSE,STK,4421,INE741K01010,CREDITACC,EQ,,,,,CREDITACCESS GRAMEEN LTD,1405.0,1449.0,1400.5,1437.4,1437.0,1403.4,,1437.4,,,236730,339515929.4,26373,F1,1,,,,,
2026-09-03,2026-09-03,CM,NSE,STK,20878,INE220Q01020,MUFTI,EQ,,,,,CREDO BRANDS MARKETING L,72.89,74.06,72.0,72.87,72.95,72.13,,72.88,,,56681,4139976.66,939,F1,1,,,,,
2026-09-03,2026-09-03,CM,NSE,STK,765053,INE716D01033,CRSL,BE,,,,,CRESSANDA RAILWAY SOLUT L,2.61,2.61,2.61,2.61,2.61,2.74,,2.61,,,156785,409208.85,398,F1,1,,,,,
2026-09-03,2026-09-03,CM,NSE,STK,13900,INE559D01011,CREST,EQ,,,,,CREST VENTURES LIMITED,360.6,374.0,359.0,365.3,365.0,364.95,,365.3,,,5698,2077293.0,189,F1,1,,,,,
2026-09-03,2026-09-03,CM,NSE,STK,757,INE007A01025,CRISIL,EQ,,,,,CRISIL LTD,4725.2,4800.0,4712.8,4759.7,4741.0,4701.7,,4759.68,,,37114,176668576.8,8146,F1,1,,,,,
2026-09-03,2026-09-03,CM,NSE,STK,757850,INE0S4R01014,CRIZAC,EQ,,,,,CRIZAC LIMITED,165.99,166.5,162.0,162.27,162.12,165.3,,162.27,,,220265,35978060.46,4938,F1,1,,,,,
2026-09-03,2026-09-03,CM,NSE,STK,17094,INE299U01018,CROMPTON,EQ,,,,,CROMPT GREA CON ELEC LTD,228.0,229.61,226.06,226.51,226.51,227.72,,226.51,,,1839272,418299441.55,26233,F1,1,,,,,
2026-09-03,2026-09-03,CM,NSE,STK,18263,INE00NH01017,CLSL,ST,,,,,CROP LIFE SCIENCE LIMITED,80.05,87.3,79.0,87.25,87.25,83.15,,87.25,,,38000,3157900.0,19,F1,2000,,,,,
2026-09-03,2026-09-03,CM,NSE,STK,8083,INE491V01019,CROWN,EQ,,,,,CROWN LIFTERS LIMITED,109.9,114.0,109.14,111.8,111.95,108.27,,111.8,,,18026,2019374.7,256,F1,1,,,,,
2026-09-03,2026-09-03,CM,NSE,STK,14966,INE679A01013,CSBBANK,EQ,,,,,CSB BANK LIMITED,331.65,335.0,321.95,324.95,324.0,331.65,,324.95,,,573086,187575679.1,10657,F1,1,,,,,
2026-09-03,2026-09-03,CM,NSE,STK,10350,INE718F01018,CSLFINANCE,EQ,,,,,CSL FINANCE LIMITED,243.99,245.59,240.6,243.86,244.7,239.05,,243.84,,,28628,6971745.93,840,F1,1,,,,,
2026-09-03,2026-09-03,CM,NSE,STK,763753,INE0ZK601013,CSM,EQ,,,,,CSM TECHNOLOGIES LIMITED,96.0,96.42,93.2,94.0,94.45,95.94,,94.01,,,52817,4979111.52,936,F1,1,,,,,
2026-09-03,2026-09-03,CM,NSE,STK,15078,INE0NR623014,CUBEINVIT,IV,,,,,CUBE HIGHWAYS TRUST,157.47,158.0,156.26,157.0,157.0,156.94,,157.0,,,520295,81855208.55,13251,F1,1,,,,,
2026-09-03,2026-09-03,CM,NSE,STK,4064,INE144D01012,CUBEXTUB,EQ,,,,,CUBEX TUBINGS LTD,76.11,78.2,76.11,76.41,76.21,76.07,,76.42,,,22051,1695366.73,923,F1,1,,,,,
2026-09-03,2026-09-03,CM,NSE,STK,1901,INE298A01020,CUMMINSIND,EQ,,,,,CUMMINS INDIA LTD,5088.5,5118.0,5035.5,5071.0,5071.0,5088.5,,5071.02,,,180394,918732350.0,19869,F1,1,,,,,
2026-09-03,2026-09-03,CM,NSE,STK,18520,INE509F01029,CUPID,EQ,,,,,CUPID LIMITED,281.85,283.2,277.05,279.95,280.25,280.7,,279.94,,,7090318,1984067173.1,49531,F1,1,,,,,
2026-09-03,2026-09-03,CM,NSE,STK,30189,INE117B01020,CURAA,EQ,,,,,CURA TECHNOLOGIES LIMITED,66.1,69.4,66.0,66.2,66.0,67.04,,66.2,,,295,19575.84,11,F1,1,,,,,
2026-09-03,2026-09-03,CM,NSE,STK,759825,INE1BZN01016,CURIS,SM,,,,,CURIS LIFESCIENCES LTD,142.0,147.0,140.6,145.1,145.7,141.95,,145.1,,,39000,5674850.0,37,F1,1000,,,,,
2026-09-03,2026-09-03,CM,NSE,STK,11842,INE278G01037,CYBERMEDIA,EQ,,,,,CYBER MEDIA (INDIA) LTD.,20.86,23.88,20.8,23.88,23.88,19.9,,23.9,,,323193,7638188.59,601,F1,1,,,,,
2026-09-03,2026-09-03,CM,NSE,STK,11447,INE075Z01011,CMRSL,SM,,,,,CYBER MEDIA RES & SER LTD,66.0,69.7,66.0,69.7,69.7,66.4,,69.7,,,9600,663160.0,9,F1,800,,,,,
2026-09-03,2026-09-03,CM,NSE,STK,6054,INE214A01019,CYBERTECH,BE,,,,,CYBERTECH SYSTEMS & SOFTW,134.4,134.5,132.0,132.27,132.35,133.35,,132.33,,,7945,1053879.14,158,F1,1,,,,,
2026-09-03,2026-09-03,CM,NSE,STK,17187,INE055S01018,CYIENTDLM,EQ,,,,,CYIENT DLM LIMITED,857.4,861.0,829.05,836.55,839.8,854.75,,836.55,,,360250,303005439.35,19702,F1,1,,,,,
2026-09-03,2026-09-03,CM,NSE,STK,5748,INE136B01020,CYIENT,EQ,,,,,CYIENT LIMITED,1121.1,1128.9,1100.1,1111.3,1111.0,1122.2,,1111.25,,,370710,412429281.4,22991,F1,1,,,,,
2026-09-03,2026-09-03,CM,NSE,STK,16902,INE864X01013,DPWIRES,BE,,,,,D P WIRES LIMITED,154.99,158.1,153.0,153.99,153.95,155.3,,153.99,,,3280,508922.85,107,F1,1,,,,,
2026-09-03,2026-09-03,CM,NSE,STK,17851,INE250K01012,DLINKINDIA,EQ,,,,,D-LINK INDIA LTD,449.95,454.55,444.6,452.35,452.9,447.85,,452.31,,,100221,45159411.05,3926,F1,1,,,,,
2026-09-03,2026-09-03,CM,NSE,STK,936,INE266Y01019,DPABHUSHAN,EQ,,,,,D. P. ABHUSHAN LIMITED,1374.7,1412.1,1355.0,1359.4,1363.8,1370.4,,1359.51,,,23548,32212863.5,2645,F1,1,,,,,
2026-09-03,2026-09-03,CM,NSE,STK,17881,INE950I01011,DBCORP,EQ,,,,,D.B.CORP LTD,194.27,197.0,192.3,193.78,193.5,194.27,,193.82,,,91897,17828254.73,2305,F1,1,,,,,
2026-09-03,2026-09-03,CM,NSE,STK,772,INE016A01026,DABUR,EQ,,,,,DABUR INDIA LTD,379.9,381.55,377.45,380.7,380.7,379.0,,380.7,,,2062074,781221280.45,38270,F1,1,,,,,
2026-09-03,2026-09-03,CM,NSE,STK,762633,INE928C01010,DAICHI,EQ,,,,,DAI-ICHI KARKARIA LTD.,355.95,369.9,355.95,369.75,369.9,352.3,,369.67,,,27561,10141482.2,648,F1,1,,,,,
2026-09-03,2026-09-03,CM,NSE,STK,8075,INE00R701025,DALBHARAT,EQ,,,,,DALMIA BHARAT LIMITED,1790.0,1792.0,1763.0,1771.2,1776.0,1773.1,,1771.1,,,53528,94941280.2,11073,F1,1,,,,,
2026-09-03,2026-09-03,CM,NSE,STK,781,INE495A01022,DALMIASUG,EQ,,,,,DALMIA BHARAT SUG IN LTD,458.0,473.95,453.05,461.05,458.15,456.55,,461.05,,,240047,110908463.95,7435,F1,1,,,,,
2026-09-03,2026-09-03,CM,NSE,STK,28662,INE284H01025,DAMCAPITAL,EQ,,,,,DAM CAPITAL ADVISORS LTD,144.95,148.2,144.16,145.28,145.39,144.16,,145.28,,,182008,26613771.5,2436,F1,1,,,,,
2026-09-03,2026-09-03,CM,NSE,STK,17569,INE497D01022,DAMODARIND,BE,,,,,DAMODAR INDUSTRIES LTD,28.95,29.0,28.01,28.98,29.0,28.71,,28.98,,,3930,113256.19,22,F1,1,,,,,
2026-09-03,2026-09-03,CM,NSE,STK,1110,INE688Y01022,DANGEE,EQ,,,,,DANGEE DUMS LIMITED,2.95,3.1,2.88,2.94,2.93,2.87,,2.94,,,142664,426811.7,152,F1,1,,,,,
2026-09-03,2026-09-03,CM,NSE,STK,25927,INE0YU901016,DANISH,SM,,,,,DANISH POWER LIMITED,852.0,899.0,851.0,874.15,875.0,852.25,,874.15,,,39000,34236052.5,216,F1,150,,,,,
2026-09-03,2026-09-03,CM,NSE,STK,7358,INE0IX101010,DATAPATTNS,EQ,,,,,DATA PATTERNS INDIA LTD,4525.1,4644.7,4525.1,4587.3,4595.0,4516.7,,4587.09,,,451510,2079978579.0,43314,F1,1,,,,,
2026-09-03,2026-09-03,CM,NSE,STK,11423,INE365B01017,DATAMATICS,EQ,,,,,DATAMATICS GLOBAL SER LTD,764.0,782.0,750.2,774.85,770.0,763.95,,774.88,,,140943,108430815.4,7288,F1,1,,,,,
2026-09-03,2026-09-03,CM,NSE,STK,21794,INE179G01029,DAVANGERE,EQ,,,,,DAVANGERE SUGAR COMPANY L,2.13,2.13,2.04,2.04,2.05,2.09,,2.04,,,7138915,14738165.86,2549,F1,1,,,,,
2026-09-03,2026-09-03,CM,NSE,STK,31111,INE921B01025,DBSTOCKBRO,BE,,,,,DB (INT) STOCK BROKERS,29.8,29.84,29.0,29.07,29.36,30.3,,29.07,,,17600,512581.13,58,F1,1,,,,,
2026-09-03,2026-09-03,CM,NSE,STK,11566,INE0A1101019,DCI,EQ,,,,,DC INFOTECH AND COMUN LTD,356.0,365.0,352.15,357.65,355.95,354.55,,357.65,,,45235,16318301.85,1642,F1,1,,,,,
2026-09-03,2026-09-03,CM,NSE,STK,13725,INE503A01015,DCBBANK,EQ,,,,,DCB BANK LIMITED,223.11,228.99,219.63,222.2,221.9,222.34,,222.21,,,2828120,630137075.63,37037,F1,1,,,,,
2026-09-03,2026-09-03,CM,NSE,STK,760956,INE04Q907108,1225DCCL27,N0,,,,,DCCL 12.25% 2027 SR IIA,99526.46,99526.46,99526.46,99526.46,99526.46,100098.11,,99526.46,,,3,298579.38,1,F1,1,,,,,
2026-09-03,2026-09-03,CM,NSE,STK,23520,INE0S8401018,DCG,SM,,,,,DCG CABLES & WIRES LTD,74.2,74.2,64.0,65.35,65.95,74.65,,65.35,,,69600,4677900.0,55,F1,1200,,,,,
2026-09-03,2026-09-03,CM,NSE,STK,4775,INE891B01012,DCMFINSERV,EQ,,,,,DCM FINANCIAL SERVICES LT,5.06,5.29,4.88,5.09,5.1,5.21,,5.13,,,21873,110142.48,98,F1,1,,,,,
2026-09-03,2026-09-03,CM,NSE,STK,7323,INE498A01018,DCM,BE,,,,,DCM LIMITED,78.0,79.7,76.8,76.97,76.8,78.39,,77.04,,,12362,953396.05,60,F1,1,,,,,
2026-09-03,2026-09-03,CM,NSE,STK,11039,INE08KP01019,DCMNVL,EQ,,,,,DCM NOUVELLE LIMITED,185.87,190.14,181.0,182.04,181.12,185.47,,182.02,,,12770,2400181.13,310,F1,1,,,,,
2026-09-03,2026-09-03,CM,NSE,STK,760893,INE0OFM01015,DSFCL,BE,,,,,DCM SHRIRAM FINE CHEM LTD,25.8,26.49,25.31,25.75,25.75,26.23,,25.74,,,30199,781451.15,109,F1,1,,,,,
2026-09-03,2026-09-03,CM,NSE,STK,7325,INE843D01027,DCMSRIND,EQ,,,,,DCM SHRIRAM IND LTD,46.81,47.9,46.0,46.51,46.5,46.81,,46.51,,,239232,11292922.83,1296,F1,1,,,,,
2026-09-03,2026-09-03,CM,NSE,STK,760896,INE0OU201013,DCMSIL,EQ,,,,,DCM SHRIRAM INTERNATNL L,71.65,71.79,69.0,70.29,70.73,71.65,,70.32,,,74767,5229899.56,805,F1,1,,,,,
2026-09-03,2026-09-03,CM,NSE,STK,811,INE499A01024,DCMSHRIRAM,EQ,,,,,DCM SHRIRAM LIMITED,1030.0,1045.9,1015.0,1019.2,1015.1,1028.0,,1019.21,,,102771,105068283.4,6630,F1,1,,,,,
2026-09-03,2026-09-03,CM,NSE,STK,817,INE500A01029,DCW,EQ,,,,,DCW LTD,47.5,47.5,45.65,46.3,46.39,47.61,,46.31,,,2373414,110699626.17,8318,F1,1,,,,,
2026-09-03,2026-09-03,CM,NSE,STK,11895,INE0KL801015,DCXINDIA,EQ,,,,,DCX SYSTEMS LIMITED,172.23,176.0,168.6,169.57,170.0,171.23,,169.57,,,449946,76869525.12,5510,F1,1,,,,,
2026-09-03,2026-09-03,CM,NSE,STK,29098,INE0HR601026,DDEVPLSTIK,EQ,,,,,DDEV PLASTIKS IND LTD,276.95,277.8,270.0,272.5,273.1,274.05,,272.54,,,54757,15020764.3,1450,F1,1,,,,,
2026-09-03,2026-09-03,CM,NSE,STK,15449,INE0JWV01011,DENEERS,SM,,,,,DE NEERS TOOLS LIMITED,168.55,174.0,168.55,169.9,169.1,170.0,,169.9,,,9600,1635420.0,12,F1,600,,,,,
2026-09-03,2026-09-03,CM,NSE,STK,4279,INE244A01016,DENORA,EQ,,,,,DE NORA INDIA LIMITED,821.25,832.0,813.5,824.55,822.5,816.95,,825.05,,,2029,1668859.85,193,F1,1,,,,,
2026-09-03,2026-09-03,CM,NSE,STK,14838,INE583C01021,DECCANCE,EQ,,,,,DECCAN CEMENTS LIMITED,573.6,574.95,563.05,565.15,564.2,571.3,,565.14,,,8957,5065601.55,341,F1,1,,,,,
2026-09-03,2026-09-03,CM,NSE,STK,762638,INE945F01025,DECNGOLD,EQ,,,,,DECCAN GOLD MINES LTD.,220.0,223.99,211.15,213.8,212.6,219.03,,213.8,,,1232250,267977121.93,14604,F1,1,,,,,
2026-09-03,2026-09-03,CM,NSE,STK,25421,INE0S7C01019,DECCANTRAN,SM,,,,,DECCAN TRANSCON LEASING L,20.5,21.0,20.25,20.25,20.25,20.5,,20.25,,,122400,2565600.0,9,F1,1200,,,,,
2026-09-03,2026-09-03,CM,NSE,STK,24154,INE841L01016,DEEDEV,EQ,,,,,DEE DEVELOPMENT ENG LTD,645.05,658.7,632.6,645.9,643.8,643.85,,645.92,,,181285,116910488.65,9291,F1,1,,,,,
2026-09-03,2026-09-03,CM,NSE,STK,22802,INE586O01011,DEEM,ST,,,,,DEEM ROLL TECH LIMITED,40.3,40.3,38.5,40.3,40.3,38.4,,40.3,,,4000,158350.0,4,F1,1000,,,,,
2026-09-03,2026-09-03,CM,NSE,STK,3292,INE0FHS01024,DEEPINDS,EQ,,,,,DEEP INDUSTRIES LIMITED,712.0,749.0,704.1,744.85,749.0,693.65,,744.89,,,1577916,1155067797.65,37344,F1,1,,,,,
2026-09-03,2026-09-03,CM,NSE,STK,765055,INE00IY01012,DEEP,EQ,,,,,DEEP POLYMERS LTD.,36.0,37.6,35.22,36.0,36.0,35.24,,36.06,,,2319,83839.25,58,F1,1,,,,,
2026-09-03,2026-09-03,CM,NSE,STK,25894,INE0OPA01027,DBEIL,BE,,,,,DEEPAK BUILDERS & ENG I L,6.11,6.27,6.11,6.14,6.17,6.11,,6.14,,,59400,366687.42,226,F1,1,,,,,
2026-09-03,2026-09-03,CM,NSE,STK,827,INE501A01019,DEEPAKFERT,EQ,,,,,DEEPAK FERTILIZERS & PETR,1385.0,1411.0,1351.1,1355.9,1360.0,1416.7,,1355.91,,,816334,1122050778.0,56706,F1,1,,,,,
2026-09-03,2026-09-03,CM,NSE,STK,19943,INE288B01029,DEEPAKNTR,EQ,,,,,DEEPAK NITRITE LTD,1741.6,1757.8,1717.0,1725.3,1726.9,1734.1,,1725.42,,,225803,391837628.9,23087,F1,1,,,,,
2026-09-03,2026-09-03,CM,NSE,STK,22527,INE0SK801018,DELAPLEX,SM,,,,,DELAPLEX LIMITED,101.25,103.0,97.65,97.65,97.65,101.25,,97.65,,,6600,665430.0,11,F1,600,,,,,
2026-09-03,2026-09-03,CM,NSE,STK,9599,INE148O01028,DELHIVERY,EQ,,,,,DELHIVERY LIMITED,455.0,464.95,449.5,464.35,464.35,454.8,,464.28,,,2530860,1164495354.65,30042,F1,1,,,,,
2026-09-03,2026-09-03,CM,NSE,STK,24395,INE726L01027,DELPHIFX,BE,,,,,DELPHI WORLD MONEY LTD,6.09,6.3,5.8,5.94,6.0,6.09,,5.94,,,179783,1073986.13,463,F1,1,,,,,
2026-09-03,2026-09-03,CM,NSE,STK,29092,INE0XRN01019,DELTIC,SM,,,,,DELTA AUTOCORP LIMITED,35.5,36.35,35.1,35.8,35.8,35.25,,35.8,,,9000,322500.0,9,F1,1000,,,,,
2026-09-03,2026-09-03,CM,NSE,STK,15044,INE124G01033,DELTACORP,EQ,,,,,DELTA CORP LIMITED,57.06,57.77,55.96,56.25,56.18,56.95,,56.25,,,680701,38590700.19,4327,F1,1,,,,,
2026-09-03,2026-09-03,CM,NSE,STK,1214,INE393A01011,DELTAMAGNT,EQ,,,,,DELTA MANUFACTURING LTD,60.45,60.45,56.32,57.23,57.69,57.74,,57.23,,,2575,146676.37,78,F1,1,,,,,
2026-09-03,2026-09-03,CM,NSE,STK,17722,INE947J01015,DEN,EQ,,,,,DEN NETWORKS LTD,28.0,28.28,27.61,27.87,28.15,27.85,,27.87,,,162537,4534737.98,971,F1,1,,,,,
2026-09-03,2026-09-03,CM,NSE,STK,29256,INE0R4L01018,DENTA,EQ,,,,,DENTA WATER N INFRA SOL L,270.85,276.5,269.85,270.4,270.0,270.5,,270.41,,,65093,17741884.2,1689,F1,1,,,,,
2026-09-03,2026-09-03,CM,NSE,STK,759079,INE0VOV01021,DEVX,EQ,,,,,DEV ACCELERATOR LIMITED,33.75,34.14,31.8,32.13,32.45,33.01,,32.13,,,311584,10101176.44,1549,F1,1,,,,,
2026-09-03,2026-09-03,CM,NSE,STK,8146,INE060X01034,DEVIT,EQ,,,,,DEV INFO TECHNOLOGY LTD,24.99,24.99,24.45,24.52,24.68,24.64,,24.52,,,16846,415303.1,156,F1,1,,,,,
2026-09-03,2026-09-03,CM,NSE,STK,5373,INE872J01023,DEVYANI,EQ,,,,,DEVYANI INTERNATIONAL LTD,139.31,140.15,136.3,138.05,137.8,138.07,,138.05,,,1003158,138274616.04,13005,F1,1,,,,,
2026-09-03,2026-09-03,CM,NSE,STK,764661,INE260R01016,DHABRIYA,BE,,,,,DHABRIYA POLYWOOD LTD.,510.0,522.0,505.0,513.3,515.0,506.5,,515.84,,,5261,2699638.05,134,F1,1,,,,,
2026-09-03,2026-09-03,CM,NSE,STK,10893,INE0I3401014,DBOL,EQ,,,,,DHAMPUR BIO ORGANICS LTD,128.17,132.4,128.17,129.64,128.58,128.18,,129.65,,,416415,54266766.78,6374,F1,1,,,,,
2026-09-03,2026-09-03,CM,NSE,STK,857,INE041A01016,DHAMPURSUG,EQ,,,,,DHAMPUR SUGAR MILLS LTD.,171.5,178.67,171.1,177.05,175.61,170.67,,177.04,,,996614,175781303.55,13679,F1,1,,,,,
2026-09-03,2026-09-03,CM,NSE,STK,11359,INE680A01011,DHANBANK,EQ,,,,,DHANLAXMI BANK LIMITED,31.6,32.13,31.6,31.72,31.8,31.5,,31.71,,,524601,16713571.88,1617,F1,1,,,,,
2026-09-03,2026-09-03,CM,NSE,STK,24415,INE0M3I01029,DHANSA,SM,,,,,DHANSA LABS LIMITED,26.8,26.8,26.8,26.8,26.8,25.85,,26.8,,,2000,53600.0,1,F1,2000,,,,,
2026-09-03,2026-09-03,CM,NSE,STK,24409,INE435G01025,DHANUKA,EQ,,,,,DHANUKA AGRITECH LTD,999.7,1016.0,991.8,1010.15,1010.0,995.7,,1010.13,,,24589,24831199.6,1979,F1,1,,,,,
2026-09-03,2026-09-03,CM,NSE,STK,760492,INE2HJL01019,DHARARAIL,ST,,,,,DHARA RAIL PROJECTS LTD,140.5,140.5,140.0,140.05,140.05,145.35,,140.05,,,7000,981000.0,7,F1,1000,,,,,
2026-09-03,2026-09-03,CM,NSE,STK,759203,INE278R01034,DHARAN,BZ,,,,,DHARAN INFRA-EPC LIMITED,0.14,0.14,0.13,0.13,0.14,0.13,,0.13,,,26352664,3674770.04,2495,F1,1,,,,,
2026-09-03,2026-09-03,CM,NSE,STK,24747,INE0YRN01025,DHARIWAL,SM,,,,,DHARIWALCORP LIMITED,23.8,23.8,23.8,23.8,23.8,22.7,,23.8,,,54000,1285200.0,9,F1,3000,,,,,
2026-09-03,2026-09-03,CM,NSE,STK,13001,INE00OQ01016,DHARMAJ,EQ,,,,,DHARMAJ CROP GUARD LTD,269.3,270.0,265.75,269.05,268.3,270.0,,269.05,,,24316,6533655.7,1074,F1,1,,,,,
2026-09-03,2026-09-03,CM,NSE,STK,765060,INE715T01031,DHATRE,EQ,,,,,DHATRE UDYOG LTD.,4.38,4.57,4.2,4.35,4.37,4.32,,4.37,,,30291,133556.24,134,F1,1,,,,,
2026-09-03,2026-09-03,CM,NSE,STK,764553,INE01NH01023,DHOOTTRANS,EQ,,,,,DHOOT TRANSMISSION LTD,1525.0,1614.2,1513.2,1583.5,1578.5,1522.1,,1583.91,,,3630631,5743272027.3,191339,F1,1,,,,,
2026-09-03,2026-09-03,CM,NSE,STK,6858,INE506Z01015,DHRUV,EQ,,,,,DHRUV CONSULTANCY SER LTD,23.05,23.84,22.5,23.45,23.45,23.4,,23.02,,,3929,89763.84,58,F1,1,,,,,
2026-09-03,2026-09-03,CM,NSE,STK,22233,INE320L01011,DHUNINV,EQ,,,,,DHUNSERI INVESTMENTS LTD,1011.6,1050.0,1011.6,1046.25,1048.5,1016.65,,1046.25,,,733,759275.05,127,F1,1,,,,,
2026-09-03,2026-09-03,CM,NSE,STK,6239,INE341R01014,DTIL,BE,,,,,DHUNSERI TEA & IND. LTD.,149.96,153.38,145.0,152.87,152.88,149.95,,148.96,,,3612,538259.82,119,F1,1,,,,,
2026-09-03,2026-09-03,CM,NSE,STK,15214,INE477B01010,DVL,EQ,,,,,DHUNSERI VENTURES LIMITED,286.5,289.0,282.3,285.8,284.0,285.65,,285.87,,,15949,4563823.2,564,F1,1,,,,,
2026-09-03,2026-09-03,CM,NSE,STK,18644,INE591D01014,DIAMINESQ,EQ,,,,,DIAMINES & CHEMICALS LTD,245.9,246.0,240.71,244.76,245.4,243.65,,244.76,,,1720,420005.43,83,F1,1,,,,,
2026-09-03,2026-09-03,CM,NSE,STK,18545,INE989C01038,DIACABS,BE,,,,,DIAMOND POWER INFRA LTD,335.0,338.0,316.0,322.9,323.95,330.9,,322.88,,,2065691,668468483.45,32487,F1,1,,,,,
2026-09-03,2026-09-03,CM,NSE,STK,703,INE303A01010,DICIND,EQ,,,,,DIC INDIA LIMITED,578.85,590.05,577.6,584.0,587.0,576.55,,584.38,,,1685,987015.9,144,F1,1,,,,,
2026-09-03,2026-09-03,CM,NSE,STK,25672,INE184O01015,DIFFNKG,EQ,,,,,DIFFUSION ENGINEERS LTD,476.0,482.7,469.3,477.6,481.7,476.8,,477.74,,,163564,77679830.4,4220,F1,1,,,,,
2026-09-03,2026-09-03,CM,NSE,STK,10346,INE03JI01017,DGCONTENT,EQ,,,,,DIGICONTENT LIMITED,25.89,26.79,24.05,24.43,24.61,24.95,,24.43,,,29382,728263.83,214,F1,1,,,,,
2026-09-03,2026-09-03,CM,NSE,STK,21247,INE0PSC01024,DIGIDRIVE,EQ,,,,,DIGIDRIVE DISTRIBUTORS L,17.7,17.97,17.65,17.8,17.8,17.69,,17.77,,,5889,104941.73,84,F1,1,,,,,
2026-09-03,2026-09-03,CM,NSE,STK,19138,INE0QJ901011,DIGIKORE,SM,,,,,DIGIKORE STUDIOS LIMITED,39.55,41.0,39.0,40.0,41.0,39.55,,40.0,,,32400,1305720.0,62,F1,400,,,,,
2026-09-03,2026-09-03,CM,NSE,STK,16683,INE927C01020,DIGISPICE,EQ,,,,,DIGISPICE TECHNOLOGIES LT,17.15,17.29,16.85,16.96,16.86,16.97,,16.96,,,42290,719105.68,171,F1,1,,,,,
2026-09-03,2026-09-03,CM,NSE,STK,757515,INE0U4701011,DIGITIDE,EQ,,,,,DIGITIDE SOLUTIONS LTD,96.45,97.28,95.0,95.52,95.8,95.88,,95.52,,,126363,12124900.63,1087,F1,1,,,,,
2026-09-03,2026-09-03,CM,NSE,STK,6127,INE731U01028,DIGJAMLMTD,EQ,,,,,DIGJAM LTD,49.2,50.0,49.2,49.4,49.4,49.01,,49.4,,,3972,196415.09,43,F1,1,,,,,
2026-09-03,2026-09-03,CM,NSE,STK,641,INE016M01021,DNAMEDIA,EQ,,,,,DILIGENT MEDIA CORP LTD.,2.53,2.74,2.53,2.63,2.63,2.53,,2.62,,,36858,97365.87,117,F1,1,,,,,
2026-09-03,2026-09-03,CM,NSE,STK,18086,INE917M01012,DBL,EQ,,,,,DILIP BUILDCON LIMITED,396.0,402.95,396.0,398.55,399.9,395.05,,398.55,,,50108,20030364.2,2210,F1,1,,,,,
2026-09-03,2026-09-03,CM,NSE,STK,762643,INE131C01011,DISAQ,EQ,,,,,DISA INDIA LTD.,12070.0,12158.0,11700.0,11775.0,11725.0,12008.0,,11782.69,,,95,1137662.0,71,F1,1,,,,,
2026-09-03,2026-09-03,CM,NSE,STK,14537,INE836F01026,DISHTV,EQ,,,,,DISH TV INDIA LTD.,2.64,2.67,2.61,2.61,2.62,2.65,,2.61,,,1071320,2825952.27,995,F1,1,,,,,
2026-09-03,2026-09-03,CM,NSE,STK,21704,INE385W01011,DCAL,EQ,,,,,DISHMAN CARBO AMCIS LTD,177.1,179.9,175.4,176.99,177.13,176.85,,176.99,,,137643,24431756.87,2540,F1,1,,,,,
2026-09-03,2026-09-03,CM,NSE,STK,14479,INE753U01022,DIVGIITTS,EQ,,,,,DIVGI TORQTRANSFER SYST L,1255.0,1309.5,1225.9,1235.2,1256.1,1244.4,,1235.32,,,180476,227251480.5,14670,F1,1,,,,,
2026-09-03,2026-09-03,CM,NSE,STK,10940,INE361B01024,DIVISLAB,EQ,,,,,DIVI S LABORATORIES LTD,9253.0,9282.0,9184.0,9250.0,9250.0,9220.0,,9249.98,,,497269,4587977387.0,48305,F1,1,,,,,
2026-09-03,2026-09-03,CM,NSE,STK,30262,INE0NA501011,DIVINEHIRA,ST,,,,,DIVINE HIRA JEWELLERS LTD,111.5,113.7,109.0,113.7,113.7,110.0,,113.7,,,12000,1335060.0,10,F1,1200,,,,,
2026-09-03,2026-09-03,CM,NSE,STK,24286,INE0SCO01019,DPEL,SM,,,,,DIVINE POWER ENERGY LTD,579.9,581.0,575.0,577.3,578.7,577.75,,577.3,,,15000,8679850.0,26,F1,500,,,,,
2026-09-03,2026-09-03,CM,NSE,STK,25680,INE0QYI01019,DIVYADHAN,ST,,,,,DIVYADHAN RECYCLING IND L,42.65,42.85,42.65,42.85,42.85,40.85,,42.85,,,4000,171000.0,2,F1,2000,,,,,
2026-09-03,2026-09-03,CM,NSE,STK,21690,INE935N01020,DIXON,EQ,,,,,DIXON TECHNO (INDIA) LTD,14581.0,14670.0,14380.0,14445.0,14445.0,14590.0,,14445.01,,,259362,3771427937.0,45211,F1,1,,,,,
2026-09-03,2026-09-03,CM,NSE,STK,12749,INE0B1K01014,DJML,EQ,,,,,DJ MEDIAPRINT & LOG LTD,72.94,73.0,68.91,70.71,70.0,72.22,,70.81,,,180069,12753142.46,2351,F1,1,,,,,
2026-09-03,2026-09-03,CM,NSE,STK,14732,INE271C01023,DLF,EQ,,,,,DLF LIMITED,671.0,689.35,671.0,681.65,681.65,673.55,,681.65,,,3400599,2317112917.05,54223,F1,1,,,,,
2026-09-03,2026-09-03,CM,NSE,STK,6973,INE505A01010,DMCC,EQ,,,,,DMCC SPECIALITY CHEMICALS,294.0,302.2,292.25,295.5,295.5,293.35,,295.51,,,60702,18087122.85,1877,F1,1,,,,,
2026-09-03,2026-09-03,CM,NSE,STK,4822,INE021O01019,DODLA,EQ,,,,,DODLA DAIRY LIMITED,1070.0,1090.8,1065.0,1069.9,1072.0,1065.3,,1069.91,,,17534,18850407.7,3422,F1,1,,,,,
2026-09-03,2026-09-03,CM,NSE,STK,12124,INE966A01022,DOLATALGO,EQ,,,,,DOLAT ALGOTECH LIMITED,70.1,71.4,69.75,70.05,69.81,69.96,,70.05,,,160330,11284211.43,890,F1,1,,,,,
2026-09-03,2026-09-03,CM,NSE,STK,20560,INE325C01035,DOLLAR,EQ,,,,,DOLLAR INDUSTRIES LIMITED,263.7,268.45,261.0,265.0,266.0,262.35,,265.0,,,58091,15350874.75,1553,F1,1,,,,,
2026-09-03,2026-09-03,CM,NSE,STK,13323,INE0JHH01011,DOLLEX,SM,,,,,DOLLEX AGROTECH LIMITED,35.5,36.3,35.0,35.0,35.0,36.15,,35.0,,,20000,710000.0,5,F1,4000,,,,,
2026-09-03,2026-09-03,CM,NSE,STK,18139,INE920A01037,DOLPHIN,EQ,,,,,DOLPHIN OFF ENT (IND) L,615.6,635.7,603.45,619.6,619.0,603.45,,619.7,,,49332,30933229.05,1953,F1,1,,,,,
2026-09-03,2026-09-03,CM,NSE,STK,20551,INE321T01012,DOMS,EQ,,,,,DOMS INDUSTRIES LIMITED,2207.1,2215.7,2194.0,2207.6,2204.9,2206.3,,2207.59,,,25864,57000149.4,7247,F1,1,,,,,
2026-09-03,2026-09-03,CM,NSE,STK,13839,INE668D01028,DONEAR,EQ,,,,,DONEAR IND. LIMITED,83.3,90.99,83.1,88.56,89.0,83.46,,88.73,,,59608,5243175.07,778,F1,1,,,,,
2026-09-03,2026-09-03,CM,NSE,STK,15423,INE360C01024,DPSCLTD,BE,,,,,DPSC LIMITED,7.56,7.69,7.2,7.27,7.33,7.41,,7.27,,,67713,499850.98,363,F1,1,,,,,
2026-09-03,2026-09-03,CM,NSE,STK,29452,INE943P01029,AGARWALEYE,EQ,,,,,DR AGARWALS HEALTH CARE L,514.0,522.9,505.9,511.45,513.0,514.25,,511.54,,,755505,387047140.1,34013,F1,1,,,,,
2026-09-03,2026-09-03,CM,NSE,STK,762648,INE934C01018,DRAGARWQ,EQ,,,,,DR. AGARWAL'S EYE HOSP L,5450.0,5500.0,5303.0,5339.0,5305.5,5420.0,,5338.68,,,1168,6330409.0,416,F1,1,,,,,
2026-09-03,2026-09-03,CM,NSE,STK,11654,INE600L01024,LALPATHLAB,EQ,,,,,DR. LAL PATH LABS LTD.,1927.2,1934.9,1902.3,1925.2,1927.0,1916.1,,1925.17,,,168643,324240690.0,29764,F1,1,,,,,
2026-09-03,2026-09-03,CM,NSE,STK,881,INE089A01031,DRREDDY,EQ,,,,,DR. REDDY S LABORATORIES,1162.0,1164.3,1155.0,1155.0,1155.0,1156.5,,1155.0,,,338274,392130542.6,26382,F1,1,,,,,
2026-09-03,2026-09-03,CM,NSE,STK,2645,INE03RS01027,DRCSYSTEMS,EQ,,,,,DRC SYSTEMS INDIA LIMITED,13.86,14.1,13.17,13.42,13.23,13.59,,13.42,,,56410,762685.8,324,F1,1,,,,,
2026-09-03,2026-09-03,CM,NSE,STK,10859,INE0JS101016,DREAMFOLKS,EQ,,,,,DREAMFOLKS SERVICES LTD,67.49,67.8,65.0,66.33,66.45,66.39,,66.33,,,33909,2246560.64,752,F1,1,,,,,
2026-09-03,2026-09-03,CM,NSE,STK,11271,INE506A01018,DREDGECORP,EQ,,,,,DREDGING CORP OF INDIA,1070.7,1082.0,1063.7,1074.7,1074.6,1060.9,,1074.72,,,65497,70312508.6,4470,F1,1,,,,,
2026-09-03,2026-09-03,CM,NSE,STK,17372,INE0P7201019,DRONE,SM,,,,,DRONE DESTINATION LIMITED,34.7,35.0,33.8,34.0,34.0,34.7,,34.0,,,30500,1043550.0,55,F1,500,,,,,
2026-09-03,2026-09-03,CM,NSE,STK,8772,INE891A01022,DSKULKARNI,BE,,,,,DS KULKARNI DEVELOPERS L,19.42,19.42,19.42,19.42,19.42,19.04,,19.42,,,177,3437.34,4,F1,1,,,,,
2026-09-03,2026-09-03,CM,NSE,STK,778,INE055C01020,KEEPLEARN,EQ,,,,,DSJ KEEP LEARNING LTD,1.98,1.99,1.84,1.9,1.86,1.9,,1.9,,,40145,76307.6,79,F1,1,,,,,
2026-09-03,2026-09-03,CM,NSE,STK,1927,INF740KA1EU7,LIQUIDETF,EQ,,,,,DSP LIQUID ETF,1000.0,1000.01,999.99,999.99,1000.0,999.99,,999.99,,,76426,76425825.32,263,F1,1,,,,,
2026-09-03,2026-09-03,CM,NSE,STK,761364,INF740KA1YH2,BANK10ADD,EQ,,,,,DSPAMC - BANK10ADD,16.85,16.99,16.85,16.96,16.97,16.78,,16.96,,,12847,217641.09,62,F1,1,,,,,
2026-09-03,2026-09-03,CM,NSE,STK,13644,INF740KA1RX3,BANKADD,EQ,,,,,DSPAMC - DSPBANK,59.14,59.23,58.82,58.95,58.83,58.56,,58.95,,,53619,3164998.01,67,F1,1,,,,,
2026-09-03,2026-09-03,CM,NSE,STK,15356,INF740KA1ZP2,GOLDADD,EQ,,,,,DSPAMC - DSPGOLD,14.87,14.96,14.72,14.84,14.85,14.51,,14.84,,,9154560,135929152.41,7461,F1,1,,,,,
2026-09-03,2026-09-03,CM,NSE,STK,17207,INF740KA1SX1,ITADD,EQ,,,,,DSPAMC - DSPIT,32.8,32.81,32.52,32.67,32.7,32.9,,32.67,,,10812,353072.66,100,F1,1,,,,,
2026-09-03,2026-09-03,CM,NSE,STK,6606,INF740KA1QK2,EQUAL50ADD,EQ,,,,,DSPAMC - DSPNEWETF,341.5,342.39,340.01,340.57,340.39,341.16,,340.58,,,19755,6752221.77,309,F1,1,,,,,
2026-09-03,2026-09-03,CM,NSE,STK,7451,INF740KA1CL0,NIFTYADD,EQ,,,,,DSPAMC - DSPNIFTY,252.18,253.64,251.48,251.97,252.43,252.18,,252.0,,,6783,1714070.95,132,F1,1,,,,,
2026-09-03,2026-09-03,CM,NSE,STK,17616,INF740KA1SY9,PSUBANKADD,EQ,,,,,DSPAMC - DSPPSBKETF,86.75,87.55,86.09,86.59,86.09,85.97,,86.59,,,25500,2214496.2,186,F1,1,,,,,
2026-09-03,2026-09-03,CM,NSE,STK,17576,INF740KA1TA7,PVTBANKADD,EQ,,,,,DSPAMC - DSPPVBKETF,28.26,28.55,28.13,28.38,28.41,28.02,,28.38,,,601342,17059062.46,1379,F1,1,,,,,
2026-09-03,2026-09-03,CM,NSE,STK,7456,INF740KA1ZF3,MIDQ50ADD,EQ,,,,,DSPAMC - DSPQ50ETF,25.0,25.5,25.0,25.06,25.23,25.1,,25.06,,,23429,587501.9,109,F1,1,,,,,
2026-09-03,2026-09-03,CM,NSE,STK,17613,INF740KA1SZ6,SENSEXADD,EQ,,,,,DSPAMC - DSPSENXETF,79.15,79.48,79.0,79.18,79.18,79.03,,79.18,,,412,32662.4,16,F1,1,,,,,
2026-09-03,2026-09-03,CM,NSE,STK,10761,INF740KA1ZQ0,SILVERADD,EQ,,,,,DSPAMC - DSPSILVETF,22.26,22.5,22.15,22.19,22.15,21.71,,22.19,,,5767771,128256741.02,7466,F1,1,,,,,
2026-09-03,2026-09-03,CM,NSE,STK,759368,INF740KA1WU9,FLEXIADD,EQ,,,,,DSPAMC - FLEXIADD,10.03,10.22,9.98,10.05,10.08,10.03,,10.05,,,60203,603398.48,269,F1,1,,,,,
2026-09-03,2026-09-03,CM,NSE,STK,763530,INF740KA1ZA4,FMCGADD,EQ,,,,,DSPAMC - FMCGADD,46.45,46.45,46.15,46.22,46.38,46.45,,46.22,,,32744,1514851.28,158,F1,1,,,,,
2026-09-03,2026-09-03,CM,NSE,STK,22592,INF740KA1ZG1,HEALTHADD,EQ,,,,,DSPAMC - HEALTHADD,16.74,16.8,16.67,16.7,16.71,16.73,,16.7,,,3536,59124.36,74,F1,1,,,,,
2026-09-03,2026-09-03,CM,NSE,STK,23407,INF740KA1UM0,LIQUIDADD,EQ,,,,,DSPAMC - LIQUIDADD,1143.12,1143.14,1143.12,1143.13,1143.14,1142.98,,1143.13,,,799931,914429991.66,343,F1,1,,,,,
2026-09-03,2026-09-03,CM,NSE,STK,764428,INF740KA1ZH9,MIDBANKADD,EQ,,,,,DSPAMC - MIDBANKADD,17.43,17.52,17.43,17.52,17.52,17.33,,17.52,,,1239,21652.49,10,F1,1,,,,,
2026-09-03,2026-09-03,CM,NSE,STK,760356,INF740KA1WW5,MIDCAPADD,EQ,,,,,DSPAMC - MIDCAPADD,23.21,23.33,23.14,23.14,23.14,23.17,,23.15,,,10659,247816.68,41,F1,1,,,,,
2026-09-03,2026-09-03,CM,NSE,STK,759978,INF740KA1WV7,MSCIADD,EQ,,,,,DSPAMC - MSCIADD,29.45,29.57,29.37,29.37,29.37,29.41,,29.4,,,2460,72295.87,14,F1,1,,,,,
2026-09-03,2026-09-03,CM,NSE,STK,29464,INF740KA1VE5,NEXT30ADD,EQ,,,,,DSPAMC - NEXT30ADD,42.6,42.79,42.43,42.59,42.6,42.6,,42.59,,,2929,124858.89,62,F1,1,,,,,
2026-09-03,2026-09-03,CM,NSE,STK,760599,INF740KA1XU7,NEXT50ADD,EQ,,,,,DSPAMC - NEXT50ADD,73.75,74.79,73.25,73.68,73.76,73.56,,73.8,,,3326,244434.31,43,F1,1,,,,,
2026-09-03,2026-09-03,CM,NSE,STK,760359,INF740KA1WX3,SMALLADD,EQ,,,,,DSPAMC - SMALLADD,18.47,18.56,18.45,18.56,18.56,18.33,,18.56,,,43890,812672.95,84,F1,1,,,,,
2026-09-03,2026-09-03,CM,NSE,STK,25171,INF740KA1UR9,TOP10ADD,EQ,,,,,DSPAMC - TOP10ADD,88.13,88.25,87.52,87.79,87.52,87.87,,87.79,,,55616,4897271.58,716,F1,1,,,,,
2026-09-03,2026-09-03,CM,NSE,STK,13766,INE0LZO01015,DUCOL,SM,,,,,DUCOL ORGS AND COLOURS LT,115.0,115.0,109.0,109.0,109.0,115.0,,109.0,,,43200,4817640.0,35,F1,800,,,,,
2026-09-03,2026-09-03,CM,NSE,STK,765512,INE741L20034,DUCON-RE1,BE,,,,,DUCON INFRATECH LTD,0.65,0.85,0.65,0.65,0.65,1.08,,0.65,,,1337397,869308.75,512,F1,1,,,,,
2026-09-03,2026-09-03,CM,NSE,STK,28952,INE741L01018,DUCON,EQ,,,,,DUCON INFRATECHNOLOGIES L,2.04,2.07,1.92,1.93,1.95,2.08,,1.93,,,1623096,3166415.16,1326,F1,1,,,,,
2026-09-03,2026-09-03,CM,NSE,STK,5457,INE0HPK01020,DUGLOBAL,SM,,,,,DUDIGITAL GLOBAL LIMITED,24.2,25.0,23.85,25.0,25.0,23.85,,25.0,,,15000,366375.0,6,F1,2500,,,,,
2026-09-03,2026-09-03,CM,NSE,STK,24164,INE0OUW01013,DURLAX,SM,,,,,DURLAX TOP SURFACE LTD,62.25,68.0,61.0,66.5,66.5,63.0,,66.5,,,92000,5784700.0,34,F1,2000,,,,,
2026-09-03,2026-09-03,CM,NSE,STK,11667,INE366A01041,DWARKESH,EQ,,,,,DWARIKESH SUGAR IND LTD,49.1,50.25,48.71,49.32,49.16,48.78,,49.32,,,3696590,182973488.3,12949,F1,1,,,,,
2026-09-03,2026-09-03,CM,NSE,STK,25690,INE417B01040,DSSL,EQ,,,,,DYNACONS SYS & SOLN LTD,1016.0,1027.0,999.0,1003.0,1008.8,1016.0,,1003.03,,,40668,41143169.8,2070,F1,1,,,,,
2026-09-03,2026-09-03,CM,NSE,STK,4525,INE221B01012,DYNAMATECH,EQ,,,,,DYNAMATIC TECHNOLOGIES,11400.0,11575.0,11215.0,11532.0,11559.0,11425.0,,11531.74,,,10815,123396409.0,4544,F1,1,,,,,
2026-09-03,2026-09-03,CM,NSE,STK,10417,INE600Y01019,DYCL,EQ,,,,,DYNAMIC CABLES LIMITED,538.2,549.5,520.45,544.3,541.5,535.55,,544.33,,,711940,383258643.85,18145,F1,1,,,,,
2026-09-03,2026-09-03,CM,NSE,STK,6082,INE0DZ701010,DYNAMIC,ST,,,,,DYNAMIC SRVCS & SEC LTD,137.9,141.8,137.0,141.7,141.8,135.05,,141.7,,,20500,2869825.0,40,F1,500,,,,,
2026-09-03,2026-09-03,CM,NSE,STK,21314,INE256H01015,DYNPRO,EQ,,,,,DYNEMIC PRODUCTS LIMITED,228.11,246.4,228.11,237.81,237.1,229.06,,237.99,,,56324,13593869.3,657,F1,1,,,,,
2026-09-03,2026-09-03,CM,NSE,STK,19267,INE0KFF01017,EFACTOR,SM,,,,,E FACTOR EXPERIENCES LTD,181.0,181.0,175.0,175.0,175.0,182.05,,175.0,,,1200,213600.0,3,F1,400,,,,,
2026-09-03,2026-09-03,CM,NSE,STK,760531,INE1CEJ01017,E2ERAIL,SM,,,,,E TO E TRANS INFRA LTD,348.1,371.0,335.0,345.4,346.0,347.7,,345.4,,,273600,96678840.0,251,F1,800,,,,,
2026-09-03,2026-09-03,CM,NSE,STK,8940,INE255Z01027,E2E,BE,,,,,E2E NETWORKS LIMITED,605.0,616.0,590.0,592.7,592.0,608.45,,592.87,,,473248,283787021.25,10894,F1,1,,,,,
2026-09-03,2026-09-03,CM,NSE,STK,765065,INE595R01023,EASTWEST,EQ,,,,,EAST WEST FREIGHT CARRI L,2.42,2.47,2.31,2.34,2.31,2.45,,2.34,,,67138,160262.76,160,F1,1,,,,,
2026-09-03,2026-09-03,CM,NSE,STK,9769,INE962C01035,EASTSILK,BE,,,,,EASTERN SILK INDUSTRIES L,61.1,64.33,61.1,63.99,63.99,61.28,,61.86,,,257,16026.69,13,F1,1,,,,,
2026-09-03,2026-09-03,CM,NSE,STK,2792,INE07O001026,EASEMYTRIP,EQ,,,,,EASY TRIP PLANNERS LTD,6.05,6.1,5.96,5.97,6.0,6.0,,5.97,,,8428899,50549556.76,7244,F1,1,,,,,
2026-09-03,2026-09-03,CM,NSE,STK,765073,INE432F01032,EBIX,BE,,,,,EBIX LIMITED,20.03,20.45,19.4,19.84,20.23,20.03,,20.13,,,20898,417091.27,65,F1,1,,,,,
2026-09-03,2026-09-03,CM,NSE,STK,759974,INE528S07110,888ECL28,N1,,,,,ECL 8.88% 2028 SR V,984.01,984.01,984.01,984.01,984.01,984.01,,984.01,,,5,4920.05,2,F1,1,,,,,
2026-09-03,2026-09-03,CM,NSE,STK,759975,INE528S07128,925ECL28,N2,,,,,ECL 9.25% 2028 SR VI,1021.8,1021.8,1021.8,1021.8,1021.8,1021.78,,1021.8,,,242,247275.6,1,F1,1,,,,,
2026-09-03,2026-09-03,CM,NSE,STK,15179,INE738I01010,ECLERX,EQ,,,,,ECLERX SERVICES LTD,2005.0,2050.1,1930.4,1971.7,1969.0,2004.5,,1971.6,,,265250,524816312.4,23711,F1,1,,,,,
2026-09-03,2026-09-03,CM,NSE,STK,764663,INE316A01038,ECORECO,EQ,,,,,ECO RECYCLING LTD.,468.2,468.2,453.1,456.1,454.1,454.45,,457.1,,,5421,2505718.9,563,F1,1,,,,,
2026-09-03,2026-09-03,CM,NSE,STK,759964,INE0VBS01016,ECOLINE,ST,,,,,ECOLINE EXIM LIMITED,180.05,180.05,174.0,180.0,180.0,178.25,,180.0,,,21000,3740050.0,15,F1,1000,,,,,
2026-09-03,2026-09-03,CM,NSE,STK,25060,INE06HJ01020,ECOSMOBLTY,EQ,,,,,ECOS (INDIA) MOB & HOSP L,117.9,117.9,113.22,113.93,114.79,114.79,,113.94,,,111472,12827121.18,924,F1,1,,,,,
2026-09-03,2026-09-03,CM,NSE,STK,7196,INF754K01OB1,BBETF0432,EQ,,,,,EDELAMC - BBETF0432,1349.99,1349.99,1342.01,1342.98,1343.0,1340.67,,1342.98,,,14956,20085890.34,31,F1,1,,,,,
2026-09-03,2026-09-03,CM,NSE,STK,764378,INF754K01XH9,EBANK10,EQ,,,,,EDELAMC - EBANK10,16.85,16.85,16.83,16.83,16.83,16.71,,16.83,,,316,5324.38,3,F1,1,,,,,
2026-09-03,2026-09-03,CM,NSE,STK,25258,INF754K01TE4,EBANKNIFTY,EQ,,,,,EDELAMC - EBANKNIFTY,58.36,58.37,57.93,58.22,58.22,57.83,,58.22,,,5790,336901.14,20,F1,1,,,,,
2026-09-03,2026-09-03,CM,NSE,STK,16253,INF754K01KO2,EBBETF0430,EQ,,,,,EDELAMC - EBBETF0430,1624.37,1624.37,1606.01,1607.71,1607.02,1606.0,,1607.73,,,3888,6248993.83,259,F1,1,,,,,
2026-09-03,2026-09-03,CM,NSE,STK,22239,INF754K01LE1,EBBETF0431,EQ,,,,,EDELAMC - EBBETF0431,1431.89,1442.34,1431.01,1439.55,1442.34,1431.77,,1439.55,,,2487,3567222.23,81,F1,1,,,,,
2026-09-03,2026-09-03,CM,NSE,STK,13139,INF754K01QX0,EBBETF0433,EQ,,,,,EDELAMC - EBBETF0433,1310.71,1313.43,1306.0,1309.36,1312.99,1309.22,,1309.36,,,3294,4317861.51,144,F1,1,,,,,
2026-09-03,2026-09-03,CM,NSE,STK,29019,INF754K01TX4,ECAPINSURE,EQ,,,,,EDELAMC - ECAPINSURE,23.89,23.89,23.57,23.77,23.73,23.76,,23.77,,,61190,1452214.05,263,F1,1,,,,,
2026-09-03,2026-09-03,CM,NSE,STK,19933,INF754K01SE6,EGOLD,EQ,,,,,EDELAMC - EGOLD,150.95,153.3,150.95,152.6,152.0,149.15,,152.6,,,111548,17024354.35,547,F1,1,,,,,
2026-09-03,2026-09-03,CM,NSE,STK,759466,INF754K01VW2,ELIQUID,EQ,,,,,EDELAMC - ELIQUID,1046.24,1046.26,1046.24,1046.25,1046.26,1046.13,,1046.25,,,78143,81757479.74,35,F1,1,,,,,
2026-09-03,2026-09-03,CM,NSE,STK,758952,INF754K01VV4,ELM250,EQ,,,,,EDELAMC - ELM250,16.66,16.75,16.5,16.65,16.67,16.5,,16.65,,,633105,10547357.55,168,F1,1,,,,,
2026-09-03,2026-09-03,CM,NSE,STK,764367,INF754K01XI7,ELMDIV,EQ,,,,,EDELAMC - ELMDIV,36.44,36.53,36.3,36.38,36.38,36.08,,36.38,,,1092,39683.14,8,F1,1,,,,,
2026-09-03,2026-09-03,CM,NSE,STK,764288,INF754K01XG1,EMETAL,EQ,,,,,EDELAMC - EMETAL,13.15,13.37,13.07,13.19,13.2,13.15,,13.19,,,19954,262084.69,45,F1,1,,,,,
2026-09-03,2026-09-03,CM,NSE,STK,25996,INF754K01TF1,EMULTIMQ,EQ,,,,,EDELAMC - EMULTIMQ,41.82,42.25,41.56,41.77,42.11,41.65,,41.77,,,22144,924846.48,130,F1,1,,,,,
2026-09-03,2026-09-03,CM,NSE,STK,763540,INF754K01XF3,ENEXT50,EQ,,,,,EDELAMC - ENEXT50,72.81,72.81,72.8,72.8,72.8,72.09,,72.8,,,404,29415.2,2,F1,1,,,,,
2026-09-03,2026-09-03,CM,NSE,STK,759998,INF754K01VX0,ENIFTY,EQ,,,,,EDELAMC - ENIFTY,24.72,24.72,24.08,24.15,24.15,24.12,,24.15,,,2291,55290.55,62,F1,1,,,,,
2026-09-03,2026-09-03,CM,NSE,STK,759995,INF754K01VY8,ESENSEX,EQ,,,,,EDELAMC - ESENSEX,77.5,77.62,77.18,77.32,77.32,77.0,,77.32,,,1528,118088.29,13,F1,1,,,,,
2026-09-03,2026-09-03,CM,NSE,STK,20257,INF754K01SF3,ESILVER,EQ,,,,,EDELAMC - ESILVER,227.41,231.5,227.41,229.84,229.74,224.97,,229.84,,,198942,45760961.01,1542,F1,1,,,,,
2026-09-03,2026-09-03,CM,NSE,STK,15119,INE532F01054,EDELWEISS,EQ,,,,,EDELWEISS FIN SERV LTD,127.5,135.24,126.62,134.76,134.65,126.18,,134.76,,,14107589,1870450595.32,63503,F1,1,,,,,
2026-09-03,2026-09-03,CM,NSE,STK,758675,INE886D01026,EFCIL,EQ,,,,,EFC (I) LIMITED,199.5,202.19,196.36,200.84,201.57,199.12,,200.78,,,266046,53090327.83,3988,F1,1,,,,,
2026-09-03,2026-09-03,CM,NSE,STK,24438,INE0U9101019,EFFWA,ST,,,,,EFFWA INFRA & RESEARCH L,353.9,370.4,353.9,368.15,366.0,352.8,,368.15,,,25600,9370660.0,51,F1,400,,,,,
2026-09-03,2026-09-03,CM,NSE,STK,910,INE066A01021,EICHERMOT,EQ,,,,,EICHER MOTORS LTD,7715.0,7738.5,7597.0,7690.0,7690.0,7711.5,,7689.93,,,437245,3344518067.5,36307,F1,1,,,,,
2026-09-03,2026-09-03,CM,NSE,STK,916,INE126A01031,EIDPARRY,EQ,,,,,EID PARRY INDIA LTD,804.0,818.5,770.1,778.25,777.5,800.65,,778.27,,,856235,678556120.55,29183,F1,1,,,,,
2026-09-03,2026-09-03,CM,NSE,STK,15399,INE276C01014,EIHAHOTELS,EQ,,,,,EIH ASSOCIATED HOTELS LTD,309.7,310.0,302.55,303.85,304.9,307.85,,303.99,,,6048,1844992.85,375,F1,1,,,,,
2026-09-03,2026-09-03,CM,NSE,STK,919,INE230A01023,EIHOTEL,EQ,,,,,EIH LIMITED,288.5,292.3,287.8,290.75,289.35,285.8,,290.75,,,350687,102042550.9,8083,F1,1,,,,,
2026-09-03,2026-09-03,CM,NSE,STK,4040,INE158B01016,EIMCOELECO,EQ,,,,,EIMCO ELECON (INDIA) LTD,2205.6,2315.0,2205.6,2280.4,2279.0,2194.6,,2280.4,,,88925,202483725.4,8239,F1,1,,,,,
2026-09-03,2026-09-03,CM,NSE,STK,764668,INE0CPR01018,EKI,EQ,,,,,EKI ENERGY SERVICES LTD,73.56,76.9,73.56,74.06,74.2,75.8,,74.06,,,12977,968816.07,278,F1,1,,,,,
2026-09-03,2026-09-03,CM,NSE,STK,762653,INE280B01018,ELANTAS,EQ,,,,,ELANTAS BECK INDIA LTD.,12197.0,12277.0,11911.0,12114.0,12171.0,11904.0,,12117.63,,,2816,34118978.0,1126,F1,1,,,,,
2026-09-03,2026-09-03,CM,NSE,STK,762658,INE927X01018,ELCIDIN,EQ,,,,,ELCID INVESTMENTS LTD.,105500.0,107450.0,105500.0,106500.0,106500.0,107000.0,,106500.0,,,4,425950.0,4,F1,1,,,,,
2026-09-03,2026-09-03,CM,NSE,STK,8953,INE668G01021,ELDEHSG,EQ,,,,,ELDECO HSG & IND LTD.,794.2,800.0,778.85,790.45,793.7,794.25,,790.45,,,681,543325.6,27,F1,1,,,,,
2026-09-03,2026-09-03,CM,NSE,STK,13643,INE205B01031,ELECON,EQ,,,,,ELECON ENG. CO. LTD,418.75,457.0,418.5,435.95,436.5,416.6,,435.95,,,7394075,3299002776.4,139607,F1,1,,,,,
2026-09-03,2026-09-03,CM,NSE,STK,20899,INE0Q1W01012,EFORCE,SM,,,,,ELECTRO FORCE (INDIA) LTD,20.35,20.35,19.1,19.5,19.1,20.35,,19.5,,,43200,860040.0,27,F1,1200,,,,,
2026-09-03,2026-09-03,CM,NSE,STK,11530,INE02YR01019,EMIL,EQ,,,,,ELECTRONICS MART IND LTD,178.91,183.0,173.97,176.16,176.05,176.44,,176.16,,,1306494,233246539.88,16122,F1,1,,,,,
2026-09-03,2026-09-03,CM,NSE,STK,928,INE086A01029,ELECTCAST,EQ,,,,,ELECTROSTEEL CASTINGS LTD,86.0,87.78,83.27,83.85,84.3,85.28,,83.85,,,3252794,276512105.43,26276,F1,1,,,,,
2026-09-03,2026-09-03,CM,NSE,STK,4469,INE822G01016,ELECTHERM,EQ,,,,,ELECTROTHERM (I) LTD.,1001.25,1007.6,977.0,979.9,985.0,1000.1,,980.15,,,9319,9203067.75,408,F1,1,,,,,
2026-09-03,2026-09-03,CM,NSE,STK,29595,INE0R9101015,ELGNZ,SM,,,,,ELEGANZ INTERIORS LIMITED,91.0,93.0,82.95,84.05,83.0,88.55,,84.05,,,87000,7612000.0,77,F1,1000,,,,,
2026-09-03,2026-09-03,CM,NSE,STK,937,INE285A01027,ELGIEQUIP,EQ,,,,,ELGI EQUIPMENTS LTD,621.0,638.4,616.05,630.35,631.55,616.75,,630.36,,,564479,357168599.55,24460,F1,1,,,,,
2026-09-03,2026-09-03,CM,NSE,STK,24924,INE819L01012,ELGIRUBCO,EQ,,,,,ELGI RUBBER CO. LTD,61.5,61.5,58.61,59.08,59.14,60.88,,59.08,,,31696,1890658.15,520,F1,1,,,,,
2026-09-03,2026-09-03,CM,NSE,STK,13423,INE050401020,ELIN,EQ,,,,,ELIN ELECTRONICS LIMITED,96.55,96.91,95.1,95.26,95.15,95.26,,95.26,,,57109,5453430.48,912,F1,1,,,,,
2026-09-03,2026-09-03,CM,NSE,STK,762663,INE669R01026,ELITECON,EQ,,,,,ELITECON INTERNATIONAL L,9.13,9.13,9.13,9.13,9.13,9.61,,9.13,,,616110,5625084.3,2687,F1,1,,,,,
2026-09-03,2026-09-03,CM,NSE,STK,758563,INE236E01022,ELLEN,EQ,,,,,ELLENBARRIE INDUS GASES L,318.95,333.0,315.55,330.45,330.1,313.3,,330.47,,,468330,152990237.55,9365,F1,1,,,,,
2026-09-03,2026-09-03,CM,NSE,STK,4471,INE579B01039,ELPROINTL,EQ,,,,,ELPRO INTERNATIONAL LTD,174.0,175.4,172.06,174.44,173.82,173.86,,174.19,,,57329,9971936.58,194,F1,1,,,,,
2026-09-03,2026-09-03,CM,NSE,STK,29229,INE0ZOL01023,EMAPARTNER,SM,,,,,EMA PARTNERS INDIA LTD,83.05,83.05,83.05,83.05,83.05,83.55,,83.05,,,1000,83050.0,1,F1,1000,,,,,
2026-09-03,2026-09-03,CM,NSE,STK,13517,INE548C01032,EMAMILTD,EQ,,,,,EMAMI LIMITED,373.0,373.0,362.3,368.2,368.75,368.05,,368.21,,,996480,367613431.5,21383,F1,1,,,,,
2026-09-03,2026-09-03,CM,NSE,STK,10084,INE830C01026,EMAMIPAP,BE,,,,,EMAMI PAPER MILLS LIMITED,109.26,112.0,108.0,110.4,111.3,109.31,,110.45,,,24499,2698552.52,240,F1,1,,,,,
2026-09-03,2026-09-03,CM,NSE,STK,19277,INE778K01012,EMAMIREAL,EQ,,,,,EMAMI REALTY LIMITED,68.9,69.4,67.0,68.7,69.29,67.98,,68.72,,,17524,1212580.88,201,F1,1,,,,,
2026-09-03,2026-09-03,CM,NSE,STK,14450,INE069I01010,EMBDL,EQ,,,,,EMBASSY DEVELOPMENTS LTD,59.49,59.55,58.2,58.59,58.45,59.18,,58.59,,,1578978,92829246.63,7644,F1,1,,,,,
2026-09-03,2026-09-03,CM,NSE,STK,9383,INE041025011,EMBASSY,RR,,,,,EMBASSY OFFICE PARKS REIT,435.98,446.85,435.98,438.57,438.85,435.23,,438.57,,,967048,425335615.53,15670,F1,1,,,,,
2026-09-03,2026-09-03,CM,NSE,STK,24398,INE168P01015,EMCURE,EQ,,,,,EMCURE PHARMACEUTICALS L,1874.9,1874.9,1838.4,1854.7,1842.0,1858.4,,1854.72,,,91447,169552307.8,12125,F1,1,,,,,
2026-09-03,2026-09-03,CM,NSE,STK,27629,INE0RHD01013,ETML,SM,,,,,EMERALD TYRE MANUF LTD,80.25,85.15,80.05,82.0,82.0,80.8,,82.0,,,10800,887460.0,7,F1,1200,,,,,
2026-09-03,2026-09-03,CM,NSE,STK,13421,INE296H01011,EMKAY,EQ,,,,,EMKAY GLOBAL FIN SERV LTD,262.95,262.95,254.1,257.75,259.0,255.3,,257.55,,,14690,3776402.8,376,F1,1,,,,,
2026-09-03,2026-09-03,CM,NSE,STK,10253,INE332S01011,EMKAYTOOLS,SM,,,,,EMKAY TAP & CUT. TOOL LTD,95.65,96.3,94.5,96.05,96.3,92.0,,96.05,,,1350,129277.5,8,F1,150,,,,,
2026-09-03,2026-09-03,CM,NSE,STK,758591,INE0PXC01024,ETL,SM,,,,,EMKAY TOOLS LIMITED,1030.15,1098.1,1030.15,1098.1,1098.1,1100.0,,1098.1,,,300,319237.5,2,F1,150,,,,,
2026-09-03,2026-09-03,CM,NSE,STK,18146,INE753K01015,EMMBI,BE,,,,,EMMBI INDUSTRIES LIMITED,91.41,93.24,88.55,90.17,91.05,91.41,,90.78,,,6450,589936.43,55,F1,1,,,,,
2026-09-03,2026-09-03,CM,NSE,STK,759728,INE1C6T01020,EMMVEE,EQ,,,,,EMMVEE PHOTOVOLTAIC PWR L,325.0,328.6,324.0,326.4,325.5,324.7,,326.37,,,594482,193979031.4,16038,F1,1,,,,,
2026-09-03,2026-09-03,CM,NSE,STK,764673,INE515H01014,EMPIND,EQ,,,,,EMPIRE INDUSTRIES LTD.,1213.0,1213.0,1190.1,1195.9,1194.9,1196.9,,1196.18,,,4838,5821295.5,376,F1,1,,,,,
2026-09-03,2026-09-03,CM,NSE,STK,762670,INE507F01023,EMPOWER,EQ,,,,,EMPOWER INDIA LTD.,1.82,1.82,1.82,1.82,1.82,1.91,,1.82,,,4402278,8012145.96,1596,F1,1,,,,,
2026-09-03,2026-09-03,CM,NSE,STK,18593,INE0OV601013,EMSLIMITED,EQ,,,,,EMS LIMITED,386.3,397.8,382.5,387.35,387.5,386.8,,387.36,,,356431,138718548.7,9634,F1,1,,,,,
2026-09-03,2026-09-03,CM,NSE,STK,9756,INE01QM01018,EMUDHRA,EQ,,,,,EMUDHRA LIMITED,527.1,531.0,514.8,519.85,516.6,522.15,,519.58,,,72575,37884313.35,3569,F1,1,,,,,
2026-09-03,2026-09-03,CM,NSE,STK,760321,INE433T01015,ENCOMPAS,SM,,,,,ENCOMPASS DESIGN INDIA L,251.0,251.5,242.0,248.65,250.5,250.0,,248.65,,,3600,895780.0,9,F1,400,,,,,
2026-09-03,2026-09-03,CM,NSE,STK,18822,INE913H01037,ENDURANCE,EQ,,,,,ENDURANCE TECHNO. LTD.,2760.0,2811.0,2735.8,2754.7,2752.5,2755.9,,2754.59,,,98905,273090853.8,13131,F1,1,,,,,
2026-09-03,2026-09-03,CM,NSE,STK,15049,INE306C01019,ENERGYDEV,EQ,,,,,ENERGY DEVE. CO.LTD,15.8,15.97,15.4,15.5,15.53,15.65,,15.5,,,22297,346403.86,288,F1,1,,,,,
2026-09-03,2026-09-03,CM,NSE,STK,23745,INE0S1L01013,EMMIL,SM,,,,,ENERGY MISSION MACH IND L,125.0,125.0,120.5,120.65,120.5,123.8,,120.65,,,4000,487300.0,14,F1,250,,,,,
2026-09-03,2026-09-03,CM,NSE,STK,23224,INE0S3X01014,ENFUSE,SM,,,,,ENFUSE SOLUTIONS LIMITED,188.0,188.0,160.0,160.75,161.0,160.0,,160.75,,,3600,606000.0,6,F1,600,,,,,
2026-09-03,2026-09-03,CM,NSE,STK,4907,INE510A01028,ENGINERSIN,EQ,,,,,ENGINEERS INDIA LTD,275.55,285.1,272.25,281.95,280.8,276.6,,281.95,,,7395677,2080333975.3,88147,F1,1,,,,,
2026-09-03,2026-09-03,CM,NSE,STK,764678,INE130L01014,ENKEIWHEL,EQ,,,,,ENKEI WHEELS (INDIA) LTD.,390.0,400.1,378.5,380.8,380.0,389.2,,380.84,,,3915,1503899.7,201,F1,1,,,,,
2026-09-03,2026-09-03,CM,NSE,STK,23230,INE0R9I01021,ENSER,SM,,,,,ENSER COMMUNICATIONS LTD,15.0,15.6,14.35,14.8,15.2,15.3,,14.8,,,55000,840000.0,11,F1,5000,,,,,
2026-09-03,2026-09-03,CM,NSE,STK,22717,INE010601016,ENTERO,EQ,,,,,ENTERO HEALTHCARE SOLU L,1810.0,1863.0,1795.2,1848.0,1848.0,1797.4,,1848.0,,,197997,362384962.3,16331,F1,1,,,,,
2026-09-03,2026-09-03,CM,NSE,STK,13192,INE265F01028,ENIL,EQ,,,,,ENTERTAIN NET. IND. LTD.,101.0,103.6,99.45,99.61,99.56,100.28,,99.61,,,113077,11404585.8,1193,F1,1,,,,,
2026-09-03,2026-09-03,CM,NSE,STK,27213,INE0LLY01014,EIEL,EQ,,,,,ENVIRO INFRA ENGINEERS L,192.9,197.0,192.9,195.66,196.0,192.36,,195.66,,,360610,70375438.33,6742,F1,1,,,,,
2026-09-03,2026-09-03,CM,NSE,STK,25412,INE0SUH01015,ENVIRO,SM,,,,,ENVIROTECH SYSTEMS LTD,70.0,71.15,70.0,71.15,71.15,70.0,,71.15,,,7000,491550.0,5,F1,1000,,,,,
2026-09-03,2026-09-03,CM,NSE,STK,22463,INE0G5901015,EPACK,EQ,,,,,EPACK DURABLE LIMITED,187.53,193.0,187.53,189.08,190.0,187.53,,189.09,,,465503,88485914.23,7335,F1,1,,,,,
2026-09-03,2026-09-03,CM,NSE,STK,759251,INE0MLS01022,EPACKPEB,EQ,,,,,EPACK PREFAB TECHN LTD,223.98,233.8,223.98,227.3,226.99,225.04,,227.25,,,320754,73595197.34,6315,F1,1,,,,,
2026-09-03,2026-09-03,CM,NSE,STK,5382,INE071N01016,EPIGRAL,EQ,,,,,EPIGRAL LIMITED,1236.8,1254.8,1221.2,1236.7,1223.0,1230.6,,1236.79,,,39179,48550769.1,5085,F1,1,,,,,
2026-09-03,2026-09-03,CM,NSE,STK,981,INE255A01020,EPL,EQ,,,,,EPL LIMITED,239.0,251.0,237.2,246.55,245.7,236.3,,246.56,,,10298029,2542181874.05,84087,F1,1,,,,,
2026-09-03,2026-09-03,CM,NSE,STK,758349,INE11HF01010,EEPL,ST,,,,,EPPELTONE ENGINEERS LTD,134.0,137.0,132.85,135.05,135.0,136.25,,135.05,,,8000,1079800.0,8,F1,1000,,,,,
2026-09-03,2026-09-03,CM,NSE,STK,3553,INE217G01035,EQUIPPP,BE,,,,,EQUIPPP SOC IMP TECH LTD,22.5,22.89,22.5,22.89,22.89,23.19,,22.89,,,4043,91157.82,11,F1,1,,,,,
2026-09-03,2026-09-03,CM,NSE,STK,913,INE063P01018,EQUITASBNK,EQ,,,,,EQUITAS SMALL FIN BNK LTD,74.49,74.8,72.61,73.04,72.82,73.45,,73.06,,,1375803,101417231.54,17490,F1,1,,,,,
2026-09-03,2026-09-03,CM,NSE,STK,21154,INE406M01024,ERIS,EQ,,,,,ERIS LIFESCIENCES LIMITED,1320.0,1336.7,1288.9,1303.5,1300.0,1288.9,,1303.51,,,74397,96813006.8,6753,F1,1,,,,,
2026-09-03,2026-09-03,CM,NSE,STK,955,INE284A01012,ESABINDIA,EQ,,,,,ESAB INDIA LTD,6132.5,6132.5,6029.5,6077.5,6074.0,6038.5,,6077.18,,,3007,18254990.0,1424,F1,1,,,,,
2026-09-03,2026-09-03,CM,NSE,STK,19884,INE818W01011,ESAFSFB,BE,,,,,ESAF SMALL FINANCE BANK L,42.88,42.89,41.4,41.67,41.8,42.36,,41.61,,,283668,11881988.06,1534,F1,1,,,,,
2026-09-03,2026-09-03,CM,NSE,STK,22764,INE0RQZ01017,ESCONET,SM,,,,,ESCONET TECHNOLOGIES LTD,239.1,251.0,227.15,227.45,227.15,239.1,,227.45,,,114800,27442580.0,220,F1,400,,,,,
2026-09-03,2026-09-03,CM,NSE,STK,958,INE042A01014,ESCORTS,EQ,,,,,ESCORTS KUBOTA LIMITED,3013.7,3030.5,2966.0,2978.2,2980.0,3019.4,,2978.2,,,56081,167213852.2,10788,F1,1,,,,,
2026-09-03,2026-09-03,CM,NSE,STK,24678,INE0SBP01018,ESPRIT,SM,,,,,ESPRIT STONES LIMITED,65.0,65.0,62.05,63.5,63.5,65.0,,63.5,,,16000,1015360.0,10,F1,1600,,,,,
2026-09-03,2026-09-03,CM,NSE,STK,25634,INE122M01019,ESSARSHPNG,EQ,,,,,ESSAR SHIPPING LTD,16.73,17.09,16.73,16.87,16.98,16.73,,16.87,,,114629,1943428.77,598,F1,1,,,,,
2026-09-03,2026-09-03,CM,NSE,STK,17084,INE0ITO01014,ESFL,SM,,,,,ESSEN SPECIALITY FILMS L,115.95,116.35,113.0,115.15,115.15,117.1,,115.15,,,8280,954144.0,23,F1,360,,,,,
2026-09-03,2026-09-03,CM,NSE,STK,24265,INE778B01029,ESTER,EQ,,,,,ESTER INDUSTRIES LTD,94.5,95.69,93.25,94.03,94.75,94.05,,94.03,,,48134,4552812.83,1018,F1,1,,,,,
2026-09-03,2026-09-03,CM,NSE,STK,5097,INE758T01015,ETERNAL,EQ,,,,,ETERNAL LIMITED,327.8,331.0,324.15,324.8,324.8,327.3,,324.97,,,15603719,5110125655.5,117295,F1,1,,,,,
2026-09-03,2026-09-03,CM,NSE,STK,9750,INE04TZ01018,ETHOSLTD,EQ,,,,,ETHOS LIMITED,2841.0,2858.9,2782.0,2793.1,2784.0,2839.4,,2793.13,,,15925,44775617.3,3666,F1,1,,,,,
2026-09-03,2026-09-03,CM,NSE,STK,25162,INE0KCE01017,EUREKAFORB,EQ,,,,,EUREKA FORBES LIMITED,422.95,432.4,420.9,429.25,430.0,422.95,,429.21,,,106127,45474249.65,5547,F1,1,,,,,
2026-09-03,2026-09-03,CM,NSE,STK,6042,INE546V01010,EIFFL,BE,,,,,EURO (I) FRESH FOODS LTD,278.6,278.6,278.6,278.6,278.6,284.25,,278.6,,,543,151279.8,10,F1,1,,,,,
2026-09-03,2026-09-03,CM,NSE,STK,757953,INE505V01016,EUROBOND,EQ,,,,,EURO PANEL PRODUCTS LTD,151.0,156.0,147.6,151.1,151.0,150.04,,150.83,,,8000,1210144.9,277,F1,1,,,,,
2026-09-03,2026-09-03,CM,NSE,STK,759797,INE198501012,EUROPRATIK,EQ,,,,,EURO PRATIK SALES LIMITED,262.15,270.95,259.55,267.0,266.1,260.05,,267.0,,,188394,49463954.9,2736,F1,1,,,,,
2026-09-03,2026-09-03,CM,NSE,STK,8886,INE022C01012,EUROTEXIND,BE,,,,,EUROTEX IND & EXPORTS LTD,13.99,13.99,13.99,13.99,13.99,13.99,,13.99,,,271,3791.29,4,F1,1,,,,,
2026-09-03,2026-09-03,CM,NSE,STK,11782,INE128A01029,EVEREADY,EQ,,,,,EVEREADY INDS. IND.  LTD.,321.3,325.9,318.1,319.45,318.95,321.3,,319.45,,,44636,14337584.4,1239,F1,1,,,,,
2026-09-03,2026-09-03,CM,NSE,STK,6017,INE295A01018,EVERESTIND,BE,,,,,EVEREST INDUSTRIES LTD,420.0,434.55,420.0,425.25,425.25,427.55,,424.96,,,2837,1217075.7,78,F1,1,,,,,
2026-09-03,2026-09-03,CM,NSE,STK,13091,INE184H01027,EKC,EQ,,,,,EVEREST KANTO CYLINDERLTD,106.7,108.0,105.84,107.0,107.25,106.25,,107.01,,,91370,9771694.35,1359,F1,1,,,,,
2026-09-03,2026-09-03,CM,NSE,STK,11471,INE369A01029,EXCELINDUS,EQ,,,,,EXCEL INDUSTRIES LTD,1032.0,1045.0,1025.1,1034.9,1045.0,1027.4,,1034.91,,,4086,4213454.9,525,F1,1,,,,,
2026-09-03,2026-09-03,CM,NSE,STK,25327,INE0Y4801011,EXCELLENT,ST,,,,,EXCELLENT WIRES N PACK L,209.0,209.0,208.9,209.0,209.0,208.8,,209.0,,,4800,1003040.0,3,F1,1600,,,,,
2026-09-03,2026-09-03,CM,NSE,STK,760007,INE606N01019,EXCELSOFT,EQ,,,,,EXCELSOFT TECHNOLOGIES L,70.66,71.4,69.77,70.66,70.56,69.62,,70.66,,,253179,17849277.06,1318,F1,1,,,,,
2026-09-03,2026-09-03,CM,NSE,STK,22947,INE777F01014,EXICOM,EQ,,,,,EXICOM TELE SYSTEMS LTD,163.0,169.45,161.94,166.13,164.85,163.33,,166.14,,,940775,157175466.08,12553,F1,1,,,,,
2026-09-03,2026-09-03,CM,NSE,STK,676,INE302A01020,EXIDEIND,EQ,,,,,EXIDE INDUSTRIES LTD,427.05,430.0,421.6,423.0,422.8,425.65,,423.0,,,1330665,564833311.65,25961,F1,1,,,,,
2026-09-03,2026-09-03,CM,NSE,STK,760422,INE19I001020,EXIMROUTES,SM,,,,,EXIM ROUTES LIMITED,107.1,107.1,107.1,107.1,107.1,108.0,,107.1,,,1600,171360.0,2,F1,800,,,,,
2026-09-03,2026-09-03,CM,NSE,STK,17486,INE201K01015,EXPLEOSOL,EQ,,,,,EXPLEO SOLUTIONS LIMITED,903.0,911.0,885.1,898.75,900.0,890.85,,898.75,,,54511,49031927.1,4963,F1,1,,,,,
2026-09-03,2026-09-03,CM,NSE,STK,5352,INE0GFE01026,EXXARO,EQ,,,,,EXXARO TILES LIMITED,6.84,6.96,6.6,6.7,6.7,6.6,,6.7,,,2472093,16612244.58,808,F1,1,,,,,
2026-09-03,2026-09-03,CM,NSE,STK,760125,INE0HF201011,FABTECH,EQ,,,,,FABTECH TECHNOLOGIES LTD,147.84,150.22,146.21,147.33,147.0,147.84,,147.33,,,93301,13782606.28,899,F1,1,,,,,
2026-09-03,2026-09-03,CM,NSE,STK,1008,INE188A01015,FACT,EQ,,,,,FACT LTD,804.3,813.0,796.95,800.2,803.0,804.3,,800.19,,,155180,124761926.5,11900,F1,1,,,,,
2026-09-03,2026-09-03,CM,NSE,STK,1619,INE0DNW01011,FAIRCHEMOR,BE,,,,,FAIRCHEM ORGANICS LIMITED,670.0,670.0,661.1,661.1,661.1,674.0,,668.9,,,2777,1844828.3,85,F1,1,,,,,
2026-09-03,2026-09-03,CM,NSE,STK,24150,INE0PQK01013,FALCONTECH,SM,,,,,FALCON TECHNOPROJ IND LTD,13.0,13.0,12.45,12.45,12.45,12.35,,12.45,,,6000,75780.0,5,F1,1200,,,,,
2026-09-03,2026-09-03,CM,NSE,STK,765371,INE1Q2D01019,FASCINATE,ST,,,,,FASCINATE TEXTILES LTD,76.35,76.35,76.35,76.35,76.35,80.35,,76.35,,,7200,549720.0,9,F1,800,,,,,
2026-09-03,2026-09-03,CM,NSE,STK,12000,INE963C01033,FAZE3Q,EQ,,,,,FAZE THREE LIMITED,492.7,504.7,486.1,498.4,495.0,488.75,,498.34,,,23417,11598026.0,624,F1,1,,,,,
2026-09-03,2026-09-03,CM,NSE,STK,11999,INE512B01022,FCSSOFT,EQ,,,,,FCS SOFTWARE SOLN. LTD.,1.46,1.48,1.44,1.44,1.45,1.45,,1.44,,,1337312,1945842.2,952,F1,1,,,,,
2026-09-03,2026-09-03,CM,NSE,STK,4898,INE258B01022,FDC,EQ,,,,,FDC LIMITED,342.0,344.05,339.05,341.6,342.7,340.6,,341.6,,,92294,31486684.35,4442,F1,1,,,,,
2026-09-03,2026-09-03,CM,NSE,STK,20322,INE007N01010,FEDFINA,EQ,,,,,FEDBANK FINANCIAL SER L,157.9,159.98,156.26,157.86,156.4,157.57,,157.8,,,643811,102083501.75,7498,F1,1,,,,,
2026-09-03,2026-09-03,CM,NSE,STK,762675,INE417D01020,FEDDERSHOL,EQ,,,,,FEDDERS HOLDING LTD.,46.0,46.6,45.99,46.0,46.0,45.99,,46.0,,,729500,33706648.16,677,F1,1,,,,,
2026-09-03,2026-09-03,CM,NSE,STK,1023,INE171A01029,FEDERALBNK,EQ,,,,,FEDERAL BANK LTD,356.5,356.95,343.1,344.6,344.6,353.35,,344.6,,,6683672,2318886483.55,74537,F1,1,,,,,
2026-09-03,2026-09-03,CM,NSE,STK,1190,INE529A01010,FMGOETZE,EQ,,,,,FEDERAL-MOGUL GOETZE (IND,617.8,617.8,602.55,613.7,614.5,612.4,,613.7,,,1679963,1028049001.05,25141,F1,1,,,,,
2026-09-03,2026-09-03,CM,NSE,STK,573,INE901X01013,FELIX,SM,,,,,FELIX INDUSTRIES LTD.,194.05,197.9,190.0,194.2,195.3,189.7,,194.2,,,119000,23098875.0,171,F1,500,,,,,
2026-09-03,2026-09-03,CM,NSE,STK,762680,INE225B01021,FERMENTA,EQ,,,,,FERMENTA BIOTECH LTD.,537.75,537.75,495.2,502.3,500.0,520.65,,502.35,,,102491,52579042.3,4611,F1,1,,,,,
2026-09-03,2026-09-03,CM,NSE,STK,8159,INE296C01020,FIBERWEB,EQ,,,,,FIBERWEB INDIA LIMITED,26.45,26.45,25.55,25.91,25.8,25.76,,25.91,,,14661,377341.53,116,F1,1,,,,,
2026-09-03,2026-09-03,CM,NSE,STK,9858,INE0LQQ01019,FIDEL,SM,,,,,FIDEL SOFTECH LIMITED,140.0,141.0,137.15,139.05,137.15,141.0,,139.05,,,5000,700150.0,5,F1,1000,,,,,
2026-09-03,2026-09-03,CM,NSE,STK,13710,INE737H01014,FIEMIND,EQ,,,,,FIEM INDUSTRIES LIMITED,2079.0,2079.0,2030.0,2036.9,2037.0,2052.0,,2036.88,,,52260,106769468.4,6540,F1,1,,,,,
2026-09-03,2026-09-03,CM,NSE,STK,23647,INE185E01021,FILATFASH,EQ,,,,,FILATEX FASHIONS LIMITED,0.18,0.19,0.18,0.18,0.19,0.18,,0.18,,,15913721,2942980.05,1455,F1,1,,,,,
2026-09-03,2026-09-03,CM,NSE,STK,24532,INE816B01035,FILATEX,EQ,,,,,FILATEX INDIA LTD,73.0,77.7,73.0,76.72,76.55,73.31,,76.72,,,1567243,119465933.56,10266,F1,1,,,,,
2026-09-03,2026-09-03,CM,NSE,STK,759776,INE0EDU01014,FINBUD,SM,,,,,FINBUD FINANCIAL SERV LTD,126.2,132.0,126.2,128.0,128.0,126.0,,128.0,,,13000,1662300.0,11,F1,1000,,,,,
2026-09-03,2026-09-03,CM,NSE,STK,3744,INE686Y01026,FINEORG,EQ,,,,,FINE ORGANIC IND. LTD.,5145.5,5229.5,5111.5,5179.5,5189.5,5146.5,,5179.14,,,15981,82764855.5,6930,F1,1,,,,,
2026-09-03,2026-09-03,CM,NSE,STK,6198,INE045J01034,FCL,EQ,,,,,FINEOTEX CHEMICAL LIMITED,49.23,49.34,48.05,48.41,48.69,49.19,,48.41,,,7728913,378281635.45,19424,F1,1,,,,,
2026-09-03,2026-09-03,CM,NSE,STK,759239,INE734I01027,FINKURVE,EQ,,,,,FINKURVE FINANCIAL SERV L,69.54,71.0,69.05,70.23,70.99,69.53,,70.28,,,65810,4614736.7,1606,F1,1,,,,,
2026-09-03,2026-09-03,CM,NSE,STK,6579,INE02NC01014,FINOPB,EQ,,,,,FINO PAYMENTS BANK LTD,141.92,142.9,139.58,140.23,140.63,140.49,,140.21,,,134565,18960778.96,1721,F1,1,,,,,
2026-09-03,2026-09-03,CM,NSE,STK,1038,INE235A01022,FINCABLES,EQ,,,,,FINOLEX CABLES LTD,1197.2,1279.8,1197.2,1272.9,1270.1,1191.2,,1272.91,,,1809176,2272686306.2,68739,F1,1,,,,,
2026-09-03,2026-09-03,CM,NSE,STK,1041,INE183A01024,FINPIPE,EQ,,,,,FINOLEX INDUSTRIES LTD,158.75,159.39,157.2,158.9,159.24,157.84,,158.88,,,338397,53696477.75,11192,F1,1,,,,,
2026-09-03,2026-09-03,CM,NSE,STK,14304,INE684F01012,FSL,EQ,,,,,FIRSTSOURCE SOLU. LTD.,270.15,270.8,262.75,265.3,264.9,270.4,,265.07,,,758826,202878271.8,13709,F1,1,,,,,
2026-09-03,2026-09-03,CM,NSE,STK,757658,INE771F01041,FISCHER,EQ,,,,,FISCHER MEDICAL VENTURE L,38.25,38.5,36.75,37.03,36.85,37.73,,37.04,,,447981,16862214.52,2083,F1,1,,,,,
2026-09-03,2026-09-03,CM,NSE,STK,12032,INE128S01021,FIVESTAR,EQ,,,,,FIVE-STAR BUS FIN LTD,525.0,538.0,523.8,534.6,537.5,524.85,,534.56,,,461736,245035863.0,19663,F1,1,,,,,
2026-09-03,2026-09-03,CM,NSE,STK,20372,INE00Y201027,FLAIR,EQ,,,,,FLAIR WRITING INDUST LTD,247.3,249.8,246.42,248.11,248.99,247.14,,248.11,,,38078,9440922.83,704,F1,1,,,,,
2026-09-03,2026-09-03,CM,NSE,STK,25516,INE060J01017,FLEXITUFF,BE,,,,,FLEXITUFF VENTURES INT L,2.39,2.49,2.37,2.4,2.48,2.39,,2.42,,,27878,67469.57,73,F1,1,,,,,
2026-09-03,2026-09-03,CM,NSE,STK,758208,INE0VCK01011,FLYSBS,SM,,,,,FLYSBS AVIATION LIMITED,633.25,657.95,617.5,625.25,620.1,634.65,,625.25,,,63200,40031770.0,242,F1,200,,,,,
2026-09-03,2026-09-03,CM,NSE,STK,760331,INE0SQZ01015,FWSTC,SM,,,,,FLYWINGS SIMULAT T C LTD,197.0,197.0,197.0,197.0,197.0,197.0,,197.0,,,600,118200.0,1,F1,600,,,,,
2026-09-03,2026-09-03,CM,NSE,STK,6839,INE593W01028,FOCUS,BE,,,,,FOCUS LIGHTG & FIXTRS LTD,65.2,65.2,63.15,63.9,63.94,64.53,,63.9,,,39770,2542637.3,294,F1,1,,,,,
2026-09-03,2026-09-03,CM,NSE,STK,22517,INE0Q4701019,FONEBOX,SM,,,,,FONEBOX RETAIL LIMITED,95.25,95.25,95.25,95.25,95.25,99.0,,95.25,,,1000,95250.0,1,F1,1000,,,,,
2026-09-03,2026-09-03,CM,NSE,STK,6673,INE976E01023,FOODSIN,EQ,,,,,FOODS & INNS LIMITED,55.18,56.5,54.0,56.06,56.0,54.78,,56.04,,,241790,13536529.47,892,F1,1,,,,,
2026-09-03,2026-09-03,CM,NSE,STK,24917,INE0U2501017,FORCAS,ST,,,,,FORCAS STUDIO LIMITED,240.0,248.95,237.05,237.05,237.05,239.95,,237.05,,,11200,2715200.0,7,F1,1600,,,,,
2026-09-03,2026-09-03,CM,NSE,STK,11573,INE451A01017,FORCEMOT,EQ,,,,,FORCE MOTORS LIMITED,17650.0,17932.0,17455.0,17500.0,17500.0,17600.0,,17501.81,,,67963,1202914803.0,20455,F1,1,,,,,
2026-09-03,2026-09-03,CM,NSE,STK,25664,INE0YKW01013,FORGEAUTO,SM,,,,,FORGE AUTO INTERNATION L,100.0,100.0,100.0,100.0,100.0,95.25,,100.0,,,4800,480000.0,4,F1,1200,,,,,
2026-09-03,2026-09-03,CM,NSE,STK,14592,INE061F01013,FORTIS,EQ,,,,,FORTIS HEALTHCARE LTD,915.0,920.0,908.45,917.5,917.5,915.0,,917.5,,,751728,687636650.75,21584,F1,1,,,,,
2026-09-03,2026-09-03,CM,NSE,STK,1073,INE519A01011,FOSECOIND,EQ,,,,,FOSECO INDIA LTD,6232.5,6408.0,6183.5,6372.5,6300.0,6183.0,,6372.42,,,13802,87048894.0,3511,F1,1,,,,,
2026-09-03,2026-09-03,CM,NSE,STK,760961,INE212S01015,FRACTAL,EQ,,,,,FRACTAL ANALYTICS LIMITED,827.95,834.0,815.0,817.4,819.5,821.4,,817.36,,,171106,141179245.8,13884,F1,1,,,,,
2026-09-03,2026-09-03,CM,NSE,STK,764683,INE194R01017,FREDUN,EQ,,,,,FREDUN PHARMACEUTICALS L,1525.9,1525.9,1480.0,1488.3,1486.0,1505.8,,1488.26,,,9559,14377076.9,987,F1,1,,,,,
2026-09-03,2026-09-03,CM,NSE,STK,25871,INE0SFW01015,FRESHARA,ST,,,,,FRESHARA AGRO EXPORTS LTD,470.0,477.95,438.25,439.75,440.0,461.3,,439.75,,,56400,25513230.0,85,F1,600,,,,,
2026-09-03,2026-09-03,CM,NSE,STK,11504,INE385O01018,FROG,ST,,,,,FROG INNOVATIONS LIMITED,259.15,269.9,252.0,265.9,264.0,259.15,,265.9,,,37200,9862000.0,66,F1,400,,,,,
2026-09-03,2026-09-03,CM,NSE,STK,762685,INE572D01014,FRONTSP,EQ,,,,,FRONTIER SPRINGS LTD.,1259.9,1284.8,1247.5,1269.8,1275.7,1250.4,,1269.71,,,15627,19835097.0,1628,F1,1,,,,,
2026-09-03,2026-09-03,CM,NSE,STK,6545,INE388Y01029,NYKAA,EQ,,,,,FSN E COMMERCE VENTURES,337.4,339.05,331.7,334.2,334.2,337.4,,334.18,,,2909741,972417813.5,33228,F1,1,,,,,
2026-09-03,2026-09-03,CM,NSE,STK,759876,INE12UR01024,UTLSOLAR,EQ,,,,,FUJIYAMA POWER SYSTEMS L,438.45,438.6,426.95,428.5,430.0,434.4,,428.52,,,132816,57170704.75,6955,F1,1,,,,,
2026-09-03,2026-09-03,CM,NSE,STK,11932,INE139R01012,FUSION,EQ,,,,,FUSION FINANCE LIMITED,193.5,201.0,193.5,199.73,199.74,193.42,,199.72,,,551845,109815619.24,6988,F1,1,,,,,
2026-09-03,2026-09-03,CM,NSE,STK,14868,INE452O01016,FLFL,BZ,,,,,FUT LIFESTYLE FASH LTD,1.23,1.25,1.18,1.22,1.24,1.23,,1.22,,,64184,79189.52,52,F1,1,,,,,
2026-09-03,2026-09-03,CM,NSE,STK,13812,INE623B01027,FEL,BZ,,,,,FUTURE ENTERPRISES LTD,0.39,0.4,0.38,0.39,0.39,0.39,,0.39,,,119682,46348.32,77,F1,1,,,,,
2026-09-03,2026-09-03,CM,NSE,STK,30491,IN9623B01058,FELDVR,BZ,,,,,FUTURE ENTERPRISES LTD,2.27,2.27,2.12,2.2,2.2,2.23,,2.2,,,501,1105.84,16,F1,1,,,,,
2026-09-03,2026-09-03,CM,NSE,STK,21017,INE360L01017,FMNL,EQ,,,,,FUTURE MKT NETWORKS LTD,9.83,10.0,9.18,9.62,9.68,9.64,,9.62,,,36240,343148.67,81,F1,1,,,,,
2026-09-03,2026-09-03,CM,NSE,STK,1168,INE075D01018,GMBREW,EQ,,,,,G M BREWERIES LTD,885.1,927.45,885.05,910.55,910.0,885.4,,910.54,,,59999,54588448.1,4233,F1,1,,,,,
2026-09-03,2026-09-03,CM,NSE,STK,5054,INE201P01022,GRINFRA,EQ,,,,,G R INFRAPROJECTS LIMITED,884.7,888.0,868.0,871.1,870.35,873.9,,871.08,,,18846,16549188.45,1831,F1,1,,,,,
2026-09-03,2026-09-03,CM,NSE,STK,1135,INE586X01012,GTECJAINX,BE,,,,,G-TEC JAINX EDUCATION LTD,29.0,29.29,28.85,28.85,28.85,28.9,,28.85,,,1628,47536.25,8,F1,1,,,,,
2026-09-03,2026-09-03,CM,NSE,STK,1085,INE524A01029,GABRIEL,EQ,,,,,GABRIEL INDIA LTD,1383.0,1403.9,1342.0,1345.8,1345.0,1384.9,,1345.81,,,302147,412552575.8,26211,F1,1,,,,,
2026-09-03,2026-09-03,CM,NSE,STK,18018,INE224E01028,GATECH,BE,,,,,GACM TECHNOLOGIES LIMITED,0.95,0.95,0.95,0.95,0.95,1.0,,0.95,,,5101632,4846550.4,4018,F1,1,,,,,
2026-09-03,2026-09-03,CM,NSE,STK,27,INE224E01036,GATECHDVR,BE,,,,,GACM TECHNOLOGIES LIMITED,0.5,0.51,0.5,0.5,0.5,0.52,,0.51,,,440422,220238.04,259,F1,1,,,,,
2026-09-03,2026-09-03,CM,NSE,STK,4717,INE129A01019,GAIL,EQ,,,,,GAIL (INDIA) LTD,173.19,174.67,172.01,174.67,174.67,173.0,,174.67,,,6327095,1098103465.83,41371,F1,1,,,,,
2026-09-03,2026-09-03,CM,NSE,STK,765396,INE18UN01038,GAJA,EQ,,,,,GAJA ALT ASSET MGT LTD,164.4,164.4,156.51,157.62,157.2,163.83,,157.61,,,1287005,205970722.1,12816,F1,1,,,,,
2026-09-03,2026-09-03,CM,NSE,STK,25244,INE0QTE01018,GAJANAND,SM,,,,,GAJANAND INTERNATIONAL L,8.9,8.9,8.9,8.9,8.9,9.15,,8.9,,,3000,26700.0,1,F1,3000,,,,,
2026-09-03,2026-09-03,CM,NSE,STK,25134,INE0RE001014,GALAPREC,EQ,,,,,GALA PRECISION ENG LTD,1055.0,1065.0,1020.0,1026.2,1024.0,1040.5,,1026.28,,,28284,29519131.7,2582,F1,1,,,,,
2026-09-03,2026-09-03,CM,NSE,STK,1315,INE600K01018,GALAXYSURF,EQ,,,,,GALAXY SURFACTANTS LTD,2243.9,2290.5,2214.1,2251.6,2240.0,2223.1,,2251.6,,,32204,72733013.3,6048,F1,1,,,,,
2026-09-03,2026-09-03,CM,NSE,STK,13337,INE297H01019,GALLANTT,EQ,,,,,GALLANTT ISPAT LIMITED,558.0,576.0,557.95,572.65,575.0,555.4,,572.59,,,58030,32978102.1,5300,F1,1,,,,,
2026-09-03,2026-09-03,CM,NSE,STK,20303,INE717W01049,GANDHAR,EQ,,,,,GANDHAR OIL REFINE IND L,268.5,270.95,264.05,267.4,268.0,265.95,,267.41,,,788620,211058480.2,9641,F1,1,,,,,
2026-09-03,2026-09-03,CM,NSE,STK,14116,INE524B01027,GANDHITUBE,EQ,,,,,GANDHI SPL. TUBES LTD,885.0,905.0,885.0,902.55,897.0,896.4,,902.53,,,5689,5111587.95,193,F1,1,,,,,
2026-09-03,2026-09-03,CM,NSE,STK,5617,INE388A01029,GANESHBE,BE,,,,,GANESH BENZOPLAST LIMITED,118.0,127.0,118.0,121.18,124.15,122.18,,121.36,,,256310,31615069.36,1081,F1,1,,,,,
2026-09-03,2026-09-03,CM,NSE,STK,759012,INE652V01016,GANESHCP,EQ,,,,,GANESH CONSUMER PRODUCT L,170.01,174.9,167.09,168.82,169.85,167.47,,168.8,,,151836,25885689.63,3244,F1,1,,,,,
2026-09-03,2026-09-03,CM,NSE,STK,24439,INE0R8C01018,GGBL,SM,,,,,GANESH GREEN BHARAT LTD,229.0,229.7,221.35,221.85,222.0,225.85,,221.85,,,13200,2963070.0,41,F1,300,,,,,
2026-09-03,2026-09-03,CM,NSE,STK,14339,INE460C01014,GANESHHOU,EQ,,,,,GANESH HOUSING LIMITED,763.0,774.0,761.3,765.5,765.0,762.0,,764.46,,,11309,8666778.5,939,F1,1,,,,,
2026-09-03,2026-09-03,CM,NSE,STK,27351,INE0TVT01024,GANESHIN,ST,,,,,GANESH INFRAWORLD LIMITED,99.9,101.5,98.5,99.75,99.8,97.7,,99.75,,,58400,5812480.0,47,F1,800,,,,,
2026-09-03,2026-09-03,CM,NSE,STK,6944,INE845D01014,GANECOS,EQ,,,,,GANESHA ECOSPHERE LIMITED,1015.9,1040.0,1001.9,1015.4,1025.0,1004.4,,1015.53,,,51654,52303153.8,5148,F1,1,,,,,
2026-09-03,2026-09-03,CM,NSE,STK,757525,INE0ZI101018,GANGABATH,SM,,,,,GANGA BATH FITTINGS LTD,20.8,21.1,20.3,20.75,20.8,20.6,,20.75,,,33000,682800.0,11,F1,3000,,,,,
2026-09-03,2026-09-03,CM,NSE,STK,4957,INE691Z01023,GANGAFORGE,EQ,,,,,GANGA FORGING LIMITED,1.82,1.85,1.76,1.76,1.76,1.85,,1.76,,,7489255,13316950.7,2300,F1,1,,,,,
2026-09-03,2026-09-03,CM,NSE,STK,21399,INE335W01016,GANGESSECU,EQ,,,,,GANGES SECURITIES LIMITED,120.0,120.0,119.35,119.9,119.9,117.87,,119.9,,,2101,251974.64,15,F1,1,,,,,
2026-09-03,2026-09-03,CM,NSE,STK,5475,INE382Z01011,GRSE,EQ,,,,,GARDEN REACH SHIP&ENG LTD,2507.0,2536.5,2501.0,2509.8,2518.0,2495.1,,2509.85,,,270890,682219573.2,18784,F1,1,,,,,
2026-09-03,2026-09-03,CM,NSE,STK,25800,INE0JVO01026,GARUDA,EQ,,,,,GARUDA CONSTRUCT N ENG L,176.78,181.22,175.52,178.88,178.37,174.34,,178.99,,,1039892,185070953.64,7612,F1,1,,,,,
2026-09-03,2026-09-03,CM,NSE,STK,7982,INE291A01017,GRWRHITECH,EQ,,,,,GARWARE HI-TECH FILMS LTD,7248.0,7248.0,7020.0,7100.0,7100.0,7202.5,,7100.07,,,36775,261320419.5,9151,F1,1,,,,,
2026-09-03,2026-09-03,CM,NSE,STK,1100,INE276A01018,GARFIBRES,EQ,,,,,GARWARE TECH FIBRES LTD,816.0,818.05,795.15,800.05,799.0,814.75,,800.09,,,23548,18966153.55,3963,F1,1,,,,,
2026-09-03,2026-09-03,CM,NSE,STK,8510,INE079J01017,GATEWAY,EQ,,,,,GATEWAY DISTRIPARKS LTD,53.3,55.03,53.11,54.5,54.21,53.1,,54.5,,,1077297,58588873.48,5461,F1,1,,,,,
2026-09-03,2026-09-03,CM,NSE,STK,760179,INE0P8B01020,GAUDIUMIVF,BE,,,,,GAUDIUM IVF N WOMEN H L,123.4,124.84,117.23,117.24,117.23,123.4,,117.28,,,217233,25695129.25,1442,F1,1,,,,,
2026-09-03,2026-09-03,CM,NSE,STK,3693,INE287Z01012,GAYAHWS,EQ,,,,,GAYATRI HIGHWAYS LIMITED,1.99,2.02,1.96,1.96,1.97,1.99,,1.96,,,213064,419764.39,226,F1,1,,,,,
2026-09-03,2026-09-03,CM,NSE,STK,25023,INE336H01023,GAYAPROJ,EQ,,,,,GAYATRI PROJECTS LTD,22.18,22.48,21.73,22.18,22.11,21.46,,22.19,,,374215,8260598.22,924,F1,1,,,,,
2026-09-03,2026-09-03,CM,NSE,STK,14052,INE0LVM01018,GRCL,SM,,,,,GAYATRI RUBB AND CHEM LTD,570.15,570.15,570.15,570.15,570.15,590.0,,570.15,,,250,142537.5,1,F1,250,,,,,
2026-09-03,2026-09-03,CM,NSE,STK,7862,INE878A01011,GVPIL,EQ,,,,,GE POWER INDIA LIMITED,640.95,663.75,635.6,663.75,663.75,632.15,,663.93,,,148155,97086766.3,3609,F1,1,,,,,
2026-09-03,2026-09-03,CM,NSE,STK,16783,INE200A01026,GVT&D,EQ,,,,,GE VERNOVA T&D INDIA LTD,4276.0,4367.0,4242.0,4362.0,4362.0,4240.0,,4361.99,,,598422,2594078504.3,54576,F1,1,,,,,
2026-09-03,2026-09-03,CM,NSE,STK,13662,INE916G01016,GEECEE,BE,,,,,GEECEE VENTURES LIMITED,365.95,370.0,362.7,369.5,369.95,366.9,,369.5,,,720,265653.0,21,F1,1,,,,,
2026-09-03,2026-09-03,CM,NSE,STK,17922,INE669X01032,GEEKAYWIRE,EQ,,,,,GEEKAY WIRES LIMITED,28.99,29.9,28.42,29.39,29.75,27.86,,29.39,,,263603,7684950.48,1559,F1,1,,,,,
2026-09-03,2026-09-03,CM,NSE,STK,759461,INE06XZ01023,GEMAROMA,EQ,,,,,GEM AROMATICS LIMITED,165.6,166.9,161.06,162.22,161.17,164.17,,162.15,,,82359,13457456.51,1580,F1,1,,,,,
2026-09-03,2026-09-03,CM,NSE,STK,277,INE481Y01014,GICRE,EQ,,,,,GENERAL INS CORP OF INDIA,357.0,359.8,353.4,356.15,355.85,355.45,,356.13,,,2236265,795434889.25,22271,F1,1,,,,,
2026-09-03,2026-09-03,CM,NSE,STK,2188,INE854S01022,GENCON,EQ,,,,,GENERIC ENG CONS PROJ LTD,45.58,45.58,41.6,42.36,41.61,44.33,,42.4,,,268546,11804800.56,981,F1,1,,,,,
2026-09-03,2026-09-03,CM,NSE,STK,10905,INE727B01026,GENESYS,EQ,,,,,GENESYS INTL CORPN LTD,222.0,227.6,220.13,222.63,223.03,219.87,,222.64,,,397999,89223581.28,5938,F1,1,,,,,
2026-09-03,2026-09-03,CM,NSE,STK,758842,INE06H201014,GENSOL,BZ,,,,,GENSOL ENGINEERING LTD,16.99,17.5,16.8,17.17,17.05,16.86,,17.16,,,68536,1173782.35,424,F1,1,,,,,
2026-09-03,2026-09-03,CM,NSE,STK,6600,INE949P01018,GENUSPAPER,EQ,,,,,GENUS P&B LIMITED,12.0,12.54,11.91,12.44,12.48,11.96,,12.44,,,144783,1768434.52,336,F1,1,,,,,
2026-09-03,2026-09-03,CM,NSE,STK,11905,INE955D01029,GENUSPOWER,EQ,,,,,GENUS POWER INFRASTRU LTD,339.5,343.45,336.9,339.7,339.8,336.15,,339.78,,,2425640,824661066.85,71082,F1,1,,,,,
2026-09-03,2026-09-03,CM,NSE,STK,31942,INE1W0N01014,GENXAI,SM,,,,,GENXAI ANALYTICS LIMITED,80.0,81.5,80.0,81.5,81.5,81.9,,81.5,,,7200,579000.0,6,F1,1200,,,,,
2026-09-03,2026-09-03,CM,NSE,STK,11896,INE007B01023,GEOJITFSL,EQ,,,,,GEOJIT FINANCIAL SER L,82.97,86.5,82.1,82.77,82.99,82.76,,82.77,,,1016535,85998141.86,7605,F1,1,,,,,
2026-09-03,2026-09-03,CM,NSE,STK,1289,INE538A01037,GFLLIMITED,EQ,,,,,GFL LIMITED,59.89,59.89,58.35,58.65,58.6,58.82,,58.65,,,74467,4391890.83,1092,F1,1,,,,,
2026-09-03,2026-09-03,CM,NSE,STK,1127,INE539A01019,GHCL,EQ,,,,,GHCL LIMITED,441.5,441.5,435.1,437.55,438.0,435.1,,437.55,,,78070,34139495.95,3336,F1,1,,,,,
2026-09-03,2026-09-03,CM,NSE,STK,16696,INE0PA801013,GHCLTEXTIL,EQ,,,,,GHCL TEXTILES LIMITED,140.4,142.8,137.51,138.02,138.0,139.35,,138.02,,,567501,79028230.59,7169,F1,1,,,,,
2026-09-03,2026-09-03,CM,NSE,STK,1139,INE289B01019,GICHSGFIN,EQ,,,,,GIC HOUSING FINANCE LTD,146.0,146.0,140.96,142.06,142.6,145.82,,141.99,,,112085,15983788.49,1994,F1,1,,,,,
2026-09-03,2026-09-03,CM,NSE,STK,17839,INE047B01011,GILLANDERS,EQ,,,,,GILLANDERS ARBUTHNOT LTD,104.0,106.0,102.51,104.73,105.0,105.02,,104.66,,,1466,152576.08,68,F1,1,,,,,
2026-09-03,2026-09-03,CM,NSE,STK,1576,INE322A01010,GILLETTE,EQ,,,,,GILLETTE INDIA LTD,7355.0,7394.5,7330.0,7341.0,7346.5,7346.0,,7341.04,,,6217,45694262.5,2070,F1,1,,,,,
2026-09-03,2026-09-03,CM,NSE,STK,9294,INE424C01010,GINNIFILA,BE,,,,,GINNIFILAMENTS LTD.,43.97,43.97,42.51,43.17,43.29,43.97,,43.17,,,103042,4451822.6,184,F1,1,,,,,
2026-09-03,2026-09-03,CM,NSE,STK,2365,INE614Z01017,GIRIRAJ,SM,,,,,GIRIRAJ CIVIL DEVP LTD,78.6,78.6,78.5,78.55,78.5,74.9,,78.55,,,3500,275062.5,13,F1,250,,,,,
2026-09-03,2026-09-03,CM,NSE,STK,759048,INE1AG301022,GKENERGY,EQ,,,,,GK ENERGY LIMITED,132.2,133.49,129.0,129.55,129.0,131.04,,129.56,,,309085,40370280.1,4328,F1,1,,,,,
2026-09-03,2026-09-03,CM,NSE,STK,17357,INE528A01020,GKWLIMITED,EQ,,,,,GKW LIMITED,1560.0,1609.9,1560.0,1600.0,1600.0,1593.3,,1600.0,,,597,954459.3,56,F1,1,,,,,
2026-09-03,2026-09-03,CM,NSE,STK,1186,INE068V01023,GLAND,EQ,,,,,GLAND PHARMA LIMITED,2870.0,2948.0,2847.6,2907.9,2915.0,2868.4,,2907.87,,,189288,547673753.1,24000,F1,1,,,,,
2026-09-03,2026-09-03,CM,NSE,STK,1153,INE159A01016,GLAXO,EQ,,,,,GLAXOSMITHKLINE PHARMA LT,2962.4,2998.0,2930.4,2937.5,2944.2,2949.9,,2937.45,,,56012,165491782.2,6775,F1,1,,,,,
2026-09-03,2026-09-03,CM,NSE,STK,7406,INE935A01035,GLENMARK,EQ,,,,,GLENMARK PHARMACEUTICALS,2470.0,2471.8,2425.1,2459.0,2459.0,2460.0,,2459.0,,,481343,1173404986.6,34285,F1,1,,,,,
2026-09-03,2026-09-03,CM,NSE,STK,1415,INE291W01037,GLOBAL,EQ,,,,,GLOBAL EDUCATION LIMITED,119.5,123.38,114.89,116.27,115.4,117.31,,116.27,,,229487,27292431.25,2734,F1,1,,,,,
2026-09-03,2026-09-03,CM,NSE,STK,11956,INE474Q01031,MEDANTA,EQ,,,,,GLOBAL HEALTH LIMITED,1444.9,1471.5,1410.0,1417.3,1425.0,1444.9,,1417.35,,,314253,447121220.1,32579,F1,1,,,,,
2026-09-03,2026-09-03,CM,NSE,STK,17170,INE0PS501019,GLOBALPET,ST,,,,,GLOBAL PET INDUSTRIES LTD,154.0,159.0,153.0,157.15,159.0,154.0,,157.15,,,15750,2429700.0,11,F1,750,,,,,
2026-09-03,2026-09-03,CM,NSE,STK,14599,INE0JSX01015,GSLSU,EQ,,,,,GLOBAL SURFACES LIMITED,27.02,27.02,25.8,27.02,27.02,25.74,,27.53,,,195129,5251025.69,440,F1,1,,,,,
2026-09-03,2026-09-03,CM,NSE,STK,13735,INE792H01019,GLOBALVECT,EQ,,,,,GLOBAL VEC HELICORP LTD,144.9,144.9,140.6,142.65,142.0,142.93,,142.65,,,6870,978149.03,225,F1,1,,,,,
2026-09-03,2026-09-03,CM,NSE,STK,24932,INE0URU01010,GLOBALE,EQ,,,,,GLOBALE TESSILE LIMITED,11.7,11.7,10.73,11.38,11.39,11.23,,11.38,,,1230,14005.07,13,F1,1,,,,,
2026-09-03,2026-09-03,CM,NSE,STK,758572,INE0V3U01015,GLOBECIVIL,EQ,,,,,GLOBE CIVIL PROJECTS LTD,46.84,49.48,46.2,48.92,48.91,46.84,,48.92,,,128668,6218284.29,1166,F1,1,,,,,
2026-09-03,2026-09-03,CM,NSE,STK,393,INE581X01021,GLOBE,EQ,,,,,GLOBE ENTERPRISE (I) LTD,1.93,1.96,1.9,1.91,1.93,1.91,,1.91,,,258785,499142.09,286,F1,1,,,,,
2026-09-03,2026-09-03,CM,NSE,STK,761025,INE947T01022,GICL,EQ,,,,,GLOBE INTL CARRIERS LTD,23.85,24.48,23.11,24.0,24.1,23.99,,24.0,,,130911,3113558.96,396,F1,1,,,,,
2026-09-03,2026-09-03,CM,NSE,STK,9764,INE00WS01056,GSTL,SM,,,,,GLOBESECURE TECHNO LTD,10.85,11.95,10.85,11.9,11.9,11.4,,11.9,,,8000,89250.0,8,F1,1000,,,,,
2026-09-03,2026-09-03,CM,NSE,STK,17424,INE615I01010,GLOBUSSPR,EQ,,,,,GLOBUS SPIRITS LTD,923.1,928.05,911.55,919.65,915.15,908.75,,919.64,,,61603,56800320.1,3677,F1,1,,,,,
2026-09-03,2026-09-03,CM,NSE,STK,23590,INE350Z01018,GLOSTERLTD,EQ,,,,,GLOSTER LIMITED,585.35,599.8,585.35,590.75,597.8,585.35,,590.51,,,619,364320.15,52,F1,1,,,,,
2026-09-03,2026-09-03,CM,NSE,STK,760116,INE0TQE01026,GLOTTIS,EQ,,,,,GLOTTIS LIMITED,62.12,63.39,62.12,62.31,62.25,62.22,,62.3,,,26699,1672176.48,341,F1,1,,,,,
2026-09-03,2026-09-03,CM,NSE,STK,1570,INE541A01023,GMMPFAUDLR,EQ,,,,,GMM PFAUDLER LIMITED,1079.0,1096.2,1062.7,1073.5,1072.0,1070.0,,1073.46,,,116085,124816860.9,6581,F1,1,,,,,
2026-09-03,2026-09-03,CM,NSE,STK,13528,INE776C01039,GMRAIRPORT,EQ,,,,,GMR AIRPORTS LIMITED,95.0,96.87,94.31,96.87,96.87,93.99,,96.87,,,11291487,1082088500.96,38767,F1,1,,,,,
2026-09-03,2026-09-03,CM,NSE,STK,8529,INE0CU601026,GMRP&UI,EQ,,,,,GMR POW AND URBAN INFRA L,91.17,92.4,89.63,91.69,91.5,91.14,,91.69,,,1158458,105861164.28,7072,F1,1,,,,,
2026-09-03,2026-09-03,CM,NSE,STK,18571,INE934S01014,GNA,EQ,,,,,GNA AXLES LIMITED,536.1,542.25,526.05,531.8,537.0,532.4,,531.79,,,162647,86567929.25,4519,F1,1,,,,,
2026-09-03,2026-09-03,CM,NSE,STK,757862,INE18JU01028,EBGNG,EQ,,,,,GNG ELECTRONICS LIMITED,645.8,648.2,615.5,622.1,621.8,641.8,,622.1,,,1022172,643774933.95,32211,F1,1,,,,,
2026-09-03,2026-09-03,CM,NSE,STK,23799,INE03JT01014,GODIGIT,EQ,,,,,GO DIGIT GENERAL INS LTD,258.3,260.1,256.25,257.85,257.75,258.4,,257.87,,,78847,20376178.95,5567,F1,1,,,,,
2026-09-03,2026-09-03,CM,NSE,STK,6964,INE0BJS01011,GOCOLORS,EQ,,,,,GO FASHION INDIA LTD,326.8,327.6,320.0,322.55,322.55,323.35,,322.54,,,47155,15276009.3,1772,F1,1,,,,,
2026-09-03,2026-09-03,CM,NSE,STK,14687,INE426D01013,GOACARBON,EQ,,,,,GOA CARBON LIMITED,369.35,376.0,366.05,375.25,376.0,365.8,,375.56,,,14664,5459732.25,667,F1,1,,,,,
2026-09-03,2026-09-03,CM,NSE,STK,3963,INE077F01035,GOCLCORP,EQ,,,,,GOCL CORPORATION LIMITED,417.0,448.0,412.9,422.95,417.1,391.7,,422.96,,,6030677,2617371673.5,97979,F1,1,,,,,
2026-09-03,2026-09-03,CM,NSE,STK,25941,INE497S01012,GODAVARIB,EQ,,,,,GODAVARI BIOREFINERIES L,237.7,249.7,236.61,245.25,247.76,237.3,,245.24,,,182077,44673793.08,4225,F1,1,,,,,
2026-09-03,2026-09-03,CM,NSE,STK,13409,INE177H01039,GPIL,EQ,,,,,GODAWARI POW & ISP LTD,240.99,243.08,237.22,239.9,240.2,239.39,,239.89,,,966236,231228996.0,13796,F1,1,,,,,
2026-09-03,2026-09-03,CM,NSE,STK,1181,INE260B01028,GODFRYPHLP,EQ,,,,,GODFREY PHILLIPS INDIA LT,2050.0,2055.5,2030.0,2045.0,2045.0,2025.4,,2045.29,,,123686,252671391.5,11430,F1,1,,,,,
2026-09-03,2026-09-03,CM,NSE,STK,144,INE850D01014,GODREJAGRO,EQ,,,,,GODREJ AGROVET LIMITED,669.35,669.35,651.5,658.95,661.0,670.25,,658.93,,,340057,225050177.6,15423,F1,1,,,,,
2026-09-03,2026-09-03,CM,NSE,STK,10099,INE102D01028,GODREJCP,EQ,,,,,GODREJ CONSUMER PRODUCTS,893.0,893.0,859.55,880.0,880.0,905.0,,879.99,,,7283971,6358151882.5,121844,F1,1,,,,,
2026-09-03,2026-09-03,CM,NSE,STK,10925,INE233A01035,GODREJIND,EQ,,,,,GODREJ INDUSTRIES LTD,1139.0,1161.4,1139.0,1154.3,1158.8,1138.8,,1154.33,,,50655,58280143.2,4849,F1,1,,,,,
2026-09-03,2026-09-03,CM,NSE,STK,17875,INE484J01027,GODREJPROP,EQ,,,,,GODREJ PROPERTIES LTD,1964.0,2056.7,1960.0,2001.5,2001.5,1970.7,,2001.5,,,1323927,2660243034.4,41218,F1,1,,,,,
2026-09-03,2026-09-03,CM,NSE,STK,765280,IN0020260058,620GS2029,GS,,,,,GOI LOAN   6.20% 2029,99.25,100.29,99.25,99.75,99.75,99.98,,99.75,,,600,59862.0,5,F1,1,,,,,
2026-09-03,2026-09-03,CM,NSE,STK,27273,IN0020240159,679GS2034A,GS,,,,,GOI LOAN   6.79% 2034,99.88,99.88,99.88,99.88,99.88,99.75,,99.88,,,98,9788.24,1,F1,1,,,,,
2026-09-03,2026-09-03,CM,NSE,STK,27170,IN0020240142,709GS2074,GS,,,,,GOI LOAN   7.09% 2074,96.0,96.0,95.41,95.41,95.41,95.5,,95.5,,,4137,394992.2,8,F1,1,,,,,
2026-09-03,2026-09-03,CM,NSE,STK,6695,IN0020210186,574GS2026,GS,,,,,GOI LOAN  5.74% 2026,101.05,101.05,101.05,101.05,101.05,101.05,,101.05,,,100,10105.0,1,F1,1,,,,,
2026-09-03,2026-09-03,CM,NSE,STK,757983,IN0020250067,601GS2030,GS,,,,,GOI LOAN  6.01% 2030,98.1,99.0,98.1,99.0,99.0,99.0,,99.0,,,219,21573.0,3,F1,1,,,,,
2026-09-03,2026-09-03,CM,NSE,STK,5012,IN0020210095,610GS2031,GS,,,,,GOI LOAN  6.10% 2031,99.75,99.99,99.75,99.99,99.99,99.0,,99.99,,,500,49978.68,2,F1,1,,,,,
2026-09-03,2026-09-03,CM,NSE,STK,756890,IN0020250026,633GS2035,GS,,,,,GOI LOAN  6.33% 2035,99.9,99.9,99.3,99.3,99.3,101.0,,99.3,,,196,19463.4,5,F1,1,,,,,
2026-09-03,2026-09-03,CM,NSE,STK,761020,IN0020250141,636GS2031,GS,,,,,GOI LOAN  6.36% 2031,102.0,102.0,101.5,101.5,101.5,100.0,,101.5,,,2001,203102.0,2,F1,1,,,,,
2026-09-03,2026-09-03,CM,NSE,STK,759396,IN0020250091,648GS2035,GS,,,,,GOI LOAN  6.48% 2035,100.0,100.0,100.0,100.0,100.0,99.1,,100.0,,,100,10000.0,1,F1,1,,,,,
2026-09-03,2026-09-03,CM,NSE,STK,7843,IN0020210244,654GS2032,GS,,,,,GOI LOAN  6.54% 2032,100.0,100.0,100.0,100.0,100.0,100.0,,100.0,,,12599,1259900.0,6,F1,1,,,,,
2026-09-03,2026-09-03,CM,NSE,STK,3204,IN0020210020,664GS2035,GS,,,,,GOI LOAN  6.64% 2035,98.16,98.5,98.16,98.5,98.5,98.65,,98.5,,,200,19666.0,3,F1,1,,,,,
2026-09-03,2026-09-03,CM,NSE,STK,5577,IN0020210152,667GS2035,GS,,,,,GOI LOAN  6.67% 2035,105.2,105.2,98.25,104.0,104.0,100.2,,104.0,,,801,78710.95,3,F1,1,,,,,
2026-09-03,2026-09-03,CM,NSE,STK,956,IN0020200252,667GS2050,GS,,,,,GOI LOAN  6.67% 2050,92.5,92.5,92.5,92.5,92.5,92.25,,92.5,,,100,9250.0,2,F1,1,,,,,
2026-09-03,2026-09-03,CM,NSE,STK,760623,IN0020250133,668GS2033,GS,,,,,GOI LOAN  6.68% 2033,99.2,100.0,99.2,100.0,100.0,99.2,,100.0,,,300,29840.0,3,F1,1,,,,,
2026-09-03,2026-09-03,CM,NSE,STK,757847,IN0020250042,668GS2040,GS,,,,,GOI LOAN  6.68% 2040,98.5,98.5,97.5,97.68,97.5,97.93,,97.68,,,31088,3036825.0,8,F1,1,,,,,
2026-09-03,2026-09-03,CM,NSE,STK,2317,IN0020200401,676GS2061,GS,,,,,GOI LOAN  6.76% 2061,91.0,91.0,90.25,90.26,90.8,90.79,,90.26,,,36758,3318385.15,70,F1,1,,,,,
2026-09-03,2026-09-03,CM,NSE,STK,756014,IN0020250018,690GS2065,GS,,,,,GOI LOAN  6.90% 2065,93.98,93.99,92.91,93.29,93.75,93.48,,93.29,,,48476,4527957.04,29,F1,1,,,,,
2026-09-03,2026-09-03,CM,NSE,STK,763340,IN0020260025,694GS2036,GS,,,,,GOI LOAN  6.94% 2036,102.6,103.07,102.05,102.11,102.11,102.4,,102.11,,,2299,235448.04,10,F1,1,,,,,
2026-09-03,2026-09-03,CM,NSE,STK,6817,IN0020210202,695GS2061,GS,,,,,GOI LOAN  6.95% 2061,94.0,94.0,92.32,94.0,94.0,93.0,,94.0,,,57,5349.6,4,F1,1,,,,,
2026-09-03,2026-09-03,CM,NSE,STK,6696,IN0020210194,699GS2051,GS,,,,,GOI LOAN  6.99% 2051,97.24,97.24,97.24,97.24,97.24,97.68,,97.24,,,30,2917.2,1,F1,1,,,,,
2026-09-03,2026-09-03,CM,NSE,STK,24072,IN0020240076,702GS2031,GS,,,,,GOI LOAN  7.02% 2031,102.0,102.0,101.77,101.79,101.77,102.39,,101.79,,,1290,131352.3,4,F1,1,,,,,
2026-09-03,2026-09-03,CM,NSE,STK,14970,IN0020230010,706GS2028,GS,,,,,GOI LOAN  7.06% 2028,104.1,104.2,104.1,104.2,104.2,104.2,,104.2,,,10051,1046319.1,14,F1,1,,,,,
2026-09-03,2026-09-03,CM,NSE,STK,764295,IN0020260041,706GS2041,GS,,,,,GOI LOAN  7.06% 2041,101.75,101.75,100.5,100.5,100.5,99.25,,100.5,,,500,50562.5,2,F1,1,,,,,
2026-09-03,2026-09-03,CM,NSE,STK,24949,IN0020240118,709GS2054,GS,,,,,GOI LOAN  7.09% 2054,96.89,96.89,95.5,95.7,95.7,95.65,,96.3,,,50533,4855699.0,24,F1,1,,,,,
2026-09-03,2026-09-03,CM,NSE,STK,15050,IN0020230036,717GS2030,GS,,,,,GOI LOAN  7.17% 2030,103.8,103.8,103.8,103.8,103.8,103.5,,103.8,,,210,21798.0,1,F1,1,,,,,
2026-09-03,2026-09-03,CM,NSE,STK,18025,IN0020230085,718GS2033,GS,,,,,GOI LOAN  7.18% 2033,102.0,103.0,102.0,103.0,103.0,103.01,,103.0,,,100001,10200103.0,3,F1,1,,,,,
2026-09-03,2026-09-03,CM,NSE,STK,17398,IN0020230077,718GS2037,GS,,,,,GOI LOAN  7.18% 2037,103.12,103.12,102.01,102.53,102.5,102.27,,102.41,,,219000,22448241.95,37,F1,1,,,,,
2026-09-03,2026-09-03,CM,NSE,STK,758674,IN0020250075,724GS2055,GS,,,,,GOI LOAN  7.24% 2055,97.15,97.3,96.65,97.3,97.3,97.15,,97.3,,,22046,2140517.63,61,F1,1,,,,,
2026-09-03,2026-09-03,CM,NSE,STK,16733,IN0020230044,725GS2063,GS,,,,,GOI LOAN  7.25% 2063,97.19,97.19,96.77,96.83,96.82,96.81,,96.83,,,137294,13310577.47,93,F1,1,,,,,
2026-09-03,2026-09-03,CM,NSE,STK,10722,IN0020220060,726GS2032,GS,,,,,GOI LOAN  7.26% 2032,103.0,103.05,101.0,103.05,103.05,103.0,,103.05,,,17175,1757917.95,12,F1,1,,,,,
2026-09-03,2026-09-03,CM,NSE,STK,16865,IN0020230051,73GS2053,GS,,,,,GOI LOAN  7.3% 2053,98.85,98.85,98.75,98.77,98.75,98.83,,98.77,,,51700,5109049.26,11,F1,1,,,,,
2026-09-03,2026-09-03,CM,NSE,STK,19685,IN0020230119,733GS2026,GS,,,,,GOI LOAN  7.33% 2026,101.9,102.11,101.9,102.11,102.11,102.25,,102.11,,,600,61244.0,5,F1,1,,,,,
2026-09-03,2026-09-03,CM,NSE,STK,23558,IN0020240035,734GS2064,GS,,,,,GOI LOAN  7.34% 2064,98.9,98.9,98.8,98.88,98.9,98.83,,98.85,,,111203,10995501.57,74,F1,1,,,,,
2026-09-03,2026-09-03,CM,NSE,STK,10931,IN0020220086,736GS2052,GS,,,,,GOI LOAN  7.36% 2052,101.5,101.5,101.5,101.5,101.5,102.2,,101.5,,,80,8120.0,3,F1,1,,,,,
2026-09-03,2026-09-03,CM,NSE,STK,10981,IN0020220094,74GS2062,GS,,,,,GOI LOAN  7.4% 2062,103.99,103.99,103.98,103.98,103.98,102.99,,103.98,,,102,10605.98,3,F1,1,,,,,
2026-09-03,2026-09-03,CM,NSE,STK,13194,IN0020220102,741GS2036,GS,,,,,GOI LOAN  7.41% 2036,105.0,105.0,104.4,104.99,104.99,104.4,,104.99,,,10203,1067135.59,18,F1,1,,,,,
2026-09-03,2026-09-03,CM,NSE,STK,760649,IN0020250117,743GS2076,GS,,,,,GOI LOAN  7.43% 2076,100.6,100.6,99.3,99.75,99.75,99.82,,99.75,,,11231,1119809.05,38,F1,1,,,,,
2026-09-03,2026-09-03,CM,NSE,STK,19808,IN0020230127,746GS2073,GS,,,,,GOI LOAN  7.46% 2073,106.56,106.56,101.49,101.49,101.5,101.5,,101.49,,,4,411.05,3,F1,1,,,,,
2026-09-03,2026-09-03,CM,NSE,STK,9585,IN0020220029,754GS2036,GS,,,,,GOI LOAN  7.54% 2036,106.23,106.23,106.05,106.14,106.14,106.08,,106.14,,,265796,28218685.09,127,F1,1,,,,,
2026-09-03,2026-09-03,CM,NSE,STK,763489,IN0020260033,771GS2066,GS,,,,,GOI LOAN  7.71% 2066,104.2,104.25,103.7,103.9,103.9,103.83,,103.9,,,36718,3812673.74,28,F1,1,,,,,
2026-09-03,2026-09-03,CM,NSE,STK,6833,IN0020010081,1018GS2026,GS,,,,,GOI LOAN 10.18% 2026,104.65,105.0,104.65,105.0,105.0,104.6,,105.0,,,1187,124260.9,7,F1,1,,,,,
2026-09-03,2026-09-03,CM,NSE,STK,9047,IN0020220011,710GS2029,GS,,,,,GOI LOAN 7.10% 2029,104.5,104.5,104.35,104.39,104.39,104.3,,104.39,,,108689,11357185.19,7,F1,1,,,,,
2026-09-03,2026-09-03,CM,NSE,STK,7208,IN0020170174,717GS2028,GS,,,,,GOI LOAN 7.17% 2028,101.65,101.65,101.65,101.65,101.65,101.65,,101.55,,,2376,241520.4,5,F1,1,,,,,
2026-09-03,2026-09-03,CM,NSE,STK,9913,IN0020220037,738GS2027,GS,,,,,GOI LOAN 7.38% 2027,102.63,102.9,102.42,102.56,102.59,102.63,,102.56,,,8901,914360.01,9,F1,1,,,,,
2026-09-03,2026-09-03,CM,NSE,STK,6873,IN0020040039,75GS2034,GS,,,,,GOI LOAN 7.50% 2034,105.0,105.0,105.0,105.0,105.0,105.8,,105.0,,,1,105.0,1,F1,1,,,,,
2026-09-03,2026-09-03,CM,NSE,STK,7136,IN0020150077,772GS2055,GS,,,,,GOI LOAN 7.72% 2055,102.5,102.5,102.5,102.5,102.5,107.5,,102.5,,,9,922.5,1,F1,1,,,,,
2026-09-03,2026-09-03,CM,NSE,STK,6835,IN0020020106,795GS2032,GS,,,,,GOI LOAN 7.95% 2032,104.86,104.86,104.86,104.86,104.86,104.86,,104.86,,,2000,209720.0,7,F1,1,,,,,
2026-09-03,2026-09-03,CM,NSE,STK,7034,IN0020120062,83GS2042,GS,,,,,GOI LOAN 8.30% 2042,110.0,110.0,110.0,110.0,110.0,105.1,,110.0,,,217,23870.0,1,F1,1,,,,,
2026-09-03,2026-09-03,CM,NSE,STK,6899,IN0020070044,832GS2032,GS,,,,,GOI LOAN 8.32% 2032,112.0,112.0,106.88,106.94,107.0,112.5,,106.94,,,3,325.88,3,F1,1,,,,,
2026-09-03,2026-09-03,CM,NSE,STK,7013,IN0020110063,883GS2041,GS,,,,,GOI LOAN 8.83% 2041,115.25,115.25,115.25,115.25,115.25,115.25,,115.25,,,151,17402.75,1,F1,1,,,,,
2026-09-03,2026-09-03,CM,NSE,STK,7011,IN0020110055,897GS2030,GS,,,,,GOI LOAN 8.97% 2030,111.5,111.6,111.5,111.5,111.5,111.5,,111.5,,,1507,168040.5,7,F1,1,,,,,
2026-09-03,2026-09-03,CM,NSE,STK,7039,IN0020130053,92GS2030,GS,,,,,GOI LOAN 9.20% 2030,115.0,116.3,115.0,115.5,115.5,116.98,,116.08,,,16495,1905174.21,14,F1,1,,,,,
2026-09-03,2026-09-03,CM,NSE,STK,761383,IN002025Y495,182D100926,TB,,,,,GOI TBILL 182D-10/09/26,99.51,99.51,97.52,97.52,97.52,99.51,,97.52,,,400,39207.0,2,F1,100,,,,,
2026-09-03,2026-09-03,CM,NSE,STK,761481,IN002025Z500,364D190327,TB,,,,,GOI TBILL 364D-19/03/27,96.29,96.5,96.29,96.5,96.5,96.29,,94.87,,,200,19279.0,2,F1,100,,,,,
2026-09-03,2026-09-03,CM,NSE,STK,763781,IN002026X131,91D011026,TB,,,,,GOI TBILL 91D-01/10/26,99.46,99.46,99.46,99.46,99.46,99.44,,99.46,,,300,29838.0,1,F1,100,,,,,
2026-09-03,2026-09-03,CM,NSE,STK,11778,INE887G01027,GOKEX,EQ,,,,,GOKALDAS EXPORTS LTD.,770.9,777.65,763.0,767.65,769.0,770.1,,767.64,,,98249,75671277.25,5711,F1,1,,,,,
2026-09-03,2026-09-03,CM,NSE,STK,14480,INE314T01033,GOKULAGRO,EQ,,,,,GOKUL AGRO RESOURCES LTD,234.25,236.5,232.92,234.91,235.0,234.19,,234.97,,,137434,32221322.35,5551,F1,1,,,,,
2026-09-03,2026-09-03,CM,NSE,STK,16705,INE020J01029,GOKUL,EQ,,,,,GOKUL REFOILS & SOLV LTD,41.68,42.89,41.3,41.95,41.35,41.37,,41.94,,,223577,9389197.8,732,F1,1,,,,,
2026-09-03,2026-09-03,CM,NSE,STK,11619,INE973A01010,GOLDENTOBC,BZ,,,,,GOLDEN TOBACCO LIMITED,24.5,25.39,24.5,25.0,25.0,24.27,,24.75,,,555,13658.39,10,F1,1,,,,,
2026-09-03,2026-09-03,CM,NSE,STK,11971,INE025B01025,GOLDIAM,EQ,,,,,GOLDIAM INTERNATIONAL LTD,344.95,350.0,338.2,340.65,341.8,344.1,,340.63,,,351901,120811336.0,6685,F1,1,,,,,
2026-09-03,2026-09-03,CM,NSE,STK,1,INE405Y01021,GOLDSTAR,SM,,,,,GOLDSTAR POWER LIMITED,8.05,8.2,7.7,7.7,7.7,7.85,,7.7,,,67500,540000.0,6,F1,11250,,,,,
2026-09-03,2026-09-03,CM,NSE,STK,6125,INE127I01024,GOODLUCK,EQ,,,,,GOODLUCK INDIA LIMITED,474.75,479.0,465.0,469.4,468.55,474.75,,469.42,,,276349,130061013.35,7870,F1,1,,,,,
2026-09-03,2026-09-03,CM,NSE,STK,1205,INE533A01012,GOODYEAR,EQ,,,,,GOODYEAR INDIA LIMITED,740.0,751.0,735.0,736.7,735.55,736.1,,737.58,,,2872,2125448.15,410,F1,1,,,,,
2026-09-03,2026-09-03,CM,NSE,STK,23066,INE0L9R01028,GOPAL,EQ,,,,,GOPAL SNACKS LIMITED,264.95,268.95,264.95,265.4,265.0,264.9,,265.4,,,58481,15565828.9,5296,F1,1,,,,,
2026-09-03,2026-09-03,CM,NSE,STK,11787,INE705X01026,GOYALALUM,EQ,,,,,GOYAL ALUMINIUMS LIMITED,6.23,6.32,6.2,6.31,6.32,6.23,,6.31,,,34142,214035.17,253,F1,1,,,,,
2026-09-03,2026-09-03,CM,NSE,STK,19356,INE0QFE01017,GOYALSALT,SM,,,,,GOYAL SALT LIMITED,102.0,106.5,102.0,106.5,106.5,105.0,,106.5,,,4800,505770.0,7,F1,600,,,,,
2026-09-03,2026-09-03,CM,NSE,STK,24113,INE0S7E01015,GPECO,ST,,,,,GP ECO SOLUTIONS INDIA L,407.0,422.3,402.1,422.3,422.3,402.2,,422.3,,,34600,14513360.0,127,F1,200,,,,,
2026-09-03,2026-09-03,CM,NSE,STK,11584,INE586G01017,GULFPETRO,BE,,,,,GP PETROLEUMS LIMITED,66.3,68.49,65.25,66.82,66.4,67.56,,66.82,,,52255,3508890.21,310,F1,1,,,,,
2026-09-03,2026-09-03,CM,NSE,STK,22846,INE486R01017,GPTHEALTH,EQ,,,,,GPT HEALTHCARE LIMITED,151.45,154.09,150.0,153.68,153.6,150.83,,153.57,,,59077,9009371.1,1637,F1,1,,,,,
2026-09-03,2026-09-03,CM,NSE,STK,17685,INE390G01014,GPTINFRA,EQ,,,,,GPT INFRAPROJECTS LTD,111.8,115.19,108.36,110.88,109.64,110.71,,110.89,,,380682,42718713.98,4435,F1,1,,,,,
2026-09-03,2026-09-03,CM,NSE,STK,763299,INE361K01017,GRADIENTE,EQ,,,,,GRADIENTE INFOTAINMENT L,2.7,2.71,2.65,2.67,2.69,2.65,,2.67,,,412547,1104962.37,183,F1,1,,,,,
2026-09-03,2026-09-03,CM,NSE,STK,30289,INE12E301017,GCHOTELS,ST,,,,,GRAND CONTINENT HOTELS L,100.0,100.0,96.2,98.25,98.0,98.45,,98.25,,,18000,1769220.0,30,F1,600,,,,,
2026-09-03,2026-09-03,CM,NSE,STK,762695,INE926B01016,GRANDOAK,EQ,,,,,GRAND OAK CANYONS DIST L,34.42,35.45,34.1,34.98,35.25,34.58,,34.98,,,4379,152123.87,49,F1,1,,,,,
2026-09-03,2026-09-03,CM,NSE,STK,11872,INE101D01020,GRANULES,EQ,,,,,GRANULES INDIA LIMITED,837.5,873.5,834.0,853.85,857.0,831.75,,853.85,,,2829036,2414444491.2,64079,F1,1,,,,,
2026-09-03,2026-09-03,CM,NSE,STK,20454,INE0POU01017,GRAPHISAD,SM,,,,,GRAPHISADS LIMITED,26.05,26.05,25.5,25.6,25.6,26.0,,25.6,,,14400,372960.0,11,F1,1200,,,,,
2026-09-03,2026-09-03,CM,NSE,STK,592,INE371A01025,GRAPHITE,EQ,,,,,GRAPHITE INDIA LTD,730.0,737.9,712.95,721.3,721.6,726.6,,721.28,,,889286,646376152.45,28162,F1,1,,,,,
2026-09-03,2026-09-03,CM,NSE,STK,1232,INE047A01021,GRASIM,EQ,,,,,GRASIM INDUSTRIES LTD,3275.1,3325.2,3275.1,3310.0,3310.0,3294.9,,3310.0,,,2310916,7633741651.4,63011,F1,1,,,,,
2026-09-03,2026-09-03,CM,NSE,STK,5200,INE266D01021,GRAUWEIL,EQ,,,,,GRAUER & WEIL IND LTD,70.2,72.04,70.06,70.84,70.7,70.06,,70.84,,,153472,10938120.5,2790,F1,1,,,,,
2026-09-03,2026-09-03,CM,NSE,STK,762700,INE214F01026,GRAVISSHO,EQ,,,,,GRAVISS HOSPITALITY LTD.,30.04,30.04,28.0,29.6,29.0,30.83,,29.6,,,3944,113635.19,55,F1,1,,,,,
2026-09-03,2026-09-03,CM,NSE,STK,20534,INE024L01027,GRAVITA,EQ,,,,,GRAVITA INDIA LIMITED,1750.0,1769.9,1680.0,1684.8,1685.0,1749.1,,1684.28,,,233119,398756016.2,26730,F1,1,,,,,
2026-09-03,2026-09-03,CM,NSE,STK,1235,INE224A01026,GREAVESCOT,EQ,,,,,GREAVES COTTON LTD.,194.5,197.89,194.12,194.78,194.2,194.2,,194.79,,,543561,106512356.25,8693,F1,1,,,,,
2026-09-03,2026-09-03,CM,NSE,STK,17092,INE0O7P01015,GREENCHEF,SM,,,,,GREENCHEF APPLIANCES LTD,64.95,66.5,61.95,66.5,66.5,63.4,,66.5,,,28800,1845840.0,35,F1,800,,,,,
2026-09-03,2026-09-03,CM,NSE,STK,6848,INE544R01021,GREENLAM,EQ,,,,,GREENLAM INDUSTRIES LTD.,245.85,245.85,240.55,244.17,242.0,242.06,,244.12,,,33496,8142212.03,1056,F1,1,,,,,
2026-09-03,2026-09-03,CM,NSE,STK,759427,INE0PLX01017,GREENLEAF,ST,,,,,GREENLEAF ENVIROTECH LTD,110.05,110.05,110.0,110.0,110.0,112.8,,110.0,,,14000,1540050.0,7,F1,1000,,,,,
2026-09-03,2026-09-03,CM,NSE,STK,13810,INE08ZM01014,GREENPANEL,EQ,,,,,GREENPANEL INDUSTRIES LTD,160.33,160.39,154.57,157.62,157.45,158.0,,157.57,,,176802,27713774.48,3545,F1,1,,,,,
2026-09-03,2026-09-03,CM,NSE,STK,3987,INE461C01038,GREENPLY,EQ,,,,,GREENPLY INDUSTRIES LTD,286.0,300.0,286.0,293.0,294.9,283.7,,293.06,,,270900,80036410.8,6230,F1,1,,,,,
2026-09-03,2026-09-03,CM,NSE,STK,758986,INE199P01028,GCSL,EQ,,,,,GRETEX CORPORATE SERVICES,575.3,591.8,567.0,586.7,590.3,571.85,,586.69,,,914248,524349815.7,6375,F1,1,,,,,
2026-09-03,2026-09-03,CM,NSE,STK,18741,INE985P01012,GRETEX,SM,,,,,GRETEX INDUSTRIES LTD.,247.5,247.5,247.5,247.5,247.5,260.0,,247.5,,,750,185625.0,1,F1,750,,,,,
2026-09-03,2026-09-03,CM,NSE,STK,13560,INE536A01023,GRINDWELL,EQ,,,,,GRINDWELL NORTON LIMITED,1982.0,2004.6,1965.0,1974.4,1965.0,1967.5,,1974.4,,,13013,25898876.0,3392,F1,1,,,,,
2026-09-03,2026-09-03,CM,NSE,STK,10871,INE192H01020,GRMOVER,EQ,,,,,GRM OVERSEAS LIMITED,86.1,87.56,85.35,85.81,85.98,86.03,,85.83,,,822411,71090581.73,3136,F1,1,,,,,
2026-09-03,2026-09-03,CM,NSE,STK,760971,INE1TY801010,GJL,ST,,,,,GROVER JEWELLS LIMITED,245.0,246.75,236.05,246.75,246.75,235.0,,246.75,,,8800,2151840.0,9,F1,800,,,,,
2026-09-03,2026-09-03,CM,NSE,STK,764285,INF666M01PH7,CEMNTGROWW,EQ,,,,,GROWWAMC - CEMNTGROWW,14.58,14.78,14.5,14.64,14.63,14.53,,14.64,,,89812,1308811.31,417,F1,1,,,,,
2026-09-03,2026-09-03,CM,NSE,STK,760051,INF666M01MM4,GROWWCAPM,EQ,,,,,GROWWAMC - GROWWCAPM,11.32,11.4,11.21,11.33,11.34,11.2,,11.33,,,234054,2646946.27,586,F1,1,,,,,
2026-09-03,2026-09-03,CM,NSE,STK,760673,INF666M01NP5,GROWWCHEM,EQ,,,,,GROWWAMC - GROWWCHEM,30.17,30.55,30.01,30.19,30.45,30.01,,30.19,,,4385145,133749159.71,566,F1,1,,,,,
2026-09-03,2026-09-03,CM,NSE,STK,25758,INF666M01IO8,GROWWDEFNC,EQ,,,,,GROWWAMC - GROWWDEFNC,95.89,97.2,95.68,96.61,96.59,95.89,,96.63,,,202390,19578548.68,2238,F1,1,,,,,
2026-09-03,2026-09-03,CM,NSE,STK,24798,INF666M01IH2,GROWWEV,EQ,,,,,GROWWAMC - GROWWEV,31.9,33.0,31.9,32.57,32.63,32.6,,32.57,,,353245,11495810.17,1698,F1,1,,,,,
2026-09-03,2026-09-03,CM,NSE,STK,25872,INF666M01OE7,GROWWGOLD,EQ,,,,,GROWWAMC - GROWWGOLD,14.95,15.07,14.74,14.91,14.94,14.58,,14.91,,,1946252,29052979.99,3740,F1,1,,,,,
2026-09-03,2026-09-03,CM,NSE,STK,760874,INF666M01OD9,GROWWHOSPI,EQ,,,,,GROWWAMC - GROWWHOSPI,51.86,52.8,51.76,52.06,52.5,51.85,,52.07,,,160096,8322486.41,729,F1,1,,,,,
2026-09-03,2026-09-03,CM,NSE,STK,25447,INF666M01IP5,GROWWLIQID,EQ,,,,,GROWWAMC - GROWWLIQID,110.61,110.61,110.6,110.6,110.61,110.59,,110.6,,,155595,17209969.15,173,F1,1,,,,,
2026-09-03,2026-09-03,CM,NSE,STK,758300,INF666M01LB9,GROWWLOVOL,EQ,,,,,GROWWAMC - GROWWLOVOL,10.3,10.48,10.3,10.34,10.37,10.3,,10.34,,,3567,36899.48,72,F1,1,,,,,
2026-09-03,2026-09-03,CM,NSE,STK,759719,INF666M01MV5,GROWWMC150,EQ,,,,,GROWWAMC - GROWWMC150,232.09,234.28,231.59,233.72,234.09,232.09,,233.72,,,955,221710.06,33,F1,1,,,,,
2026-09-03,2026-09-03,CM,NSE,STK,760438,INF666M01NI0,GROWWMETAL,EQ,,,,,GROWWAMC - GROWWMETAL,12.5,12.7,12.36,12.48,12.43,12.48,,12.48,,,421367,5283130.72,1145,F1,1,,,,,
2026-09-03,2026-09-03,CM,NSE,STK,756086,INF666M01KJ4,GROWWMOM50,EQ,,,,,GROWWAMC - GROWWMOM50,11.18,11.18,10.97,11.02,11.03,11.01,,11.02,,,261550,2880993.0,423,F1,1,,,,,
2026-09-03,2026-09-03,CM,NSE,STK,29872,INF666M01JV1,GROWWN200,EQ,,,,,GROWWAMC - GROWWN200,11.49,11.49,11.22,11.33,11.34,11.31,,11.33,,,27490,311491.35,219,F1,1,,,,,
2026-09-03,2026-09-03,CM,NSE,STK,757814,INF666M01LI4,GROWWNET,EQ,,,,,GROWWAMC - GROWWNET,10.94,10.94,10.7,10.79,10.81,10.73,,10.79,,,1203003,12964301.61,492,F1,1,,,,,
2026-09-03,2026-09-03,CM,NSE,STK,758697,INF666M01LL8,GROWWNIFTY,EQ,,,,,GROWWAMC - GROWWNIFTY,9.67,9.77,9.65,9.66,9.65,9.67,,9.66,,,518106,5025388.2,3543,F1,1,,,,,
2026-09-03,2026-09-03,CM,NSE,STK,759458,INF666M01LZ8,GROWWNXT50,EQ,,,,,GROWWAMC - GROWWNXT50,73.23,73.69,73.03,73.45,73.56,73.23,,73.45,,,14628,1075736.87,69,F1,1,,,,,
2026-09-03,2026-09-03,CM,NSE,STK,758165,INF666M01LM6,GROWWPOWER,EQ,,,,,GROWWAMC - GROWWPOWER,11.3,11.38,11.24,11.32,11.31,11.18,,11.32,,,1801267,20428739.72,1879,F1,1,,,,,
2026-09-03,2026-09-03,CM,NSE,STK,760976,INF666M01NQ3,GROWWPSE,EQ,,,,,GROWWAMC - GROWWPSE,99.28,99.28,97.4,97.89,97.98,97.74,,97.89,,,5696,557917.2,122,F1,1,,,,,
2026-09-03,2026-09-03,CM,NSE,STK,761514,INF666M01OG2,GROWWPSUBK,EQ,,,,,GROWWAMC - GROWWPSUBK,84.94,86.72,84.94,85.33,85.04,85.36,,85.33,,,3723,320799.9,130,F1,1,,,,,
2026-09-03,2026-09-03,CM,NSE,STK,29527,INF666M01JJ6,GROWWRAIL,EQ,,,,,GROWWAMC - GROWWRAIL,28.05,28.2,26.52,28.05,28.12,27.9,,28.05,,,290207,8139950.84,1958,F1,1,,,,,
2026-09-03,2026-09-03,CM,NSE,STK,759428,INF666M01MN2,GROWWRLTY,EQ,,,,,GROWWAMC - GROWWRLTY,9.91,10.32,9.83,10.2,10.24,9.92,,10.2,,,470254,4810703.04,645,F1,1,,,,,
2026-09-03,2026-09-03,CM,NSE,STK,759522,INF666M01MO0,GROWWSC250,EQ,,,,,GROWWAMC - GROWWSC250,10.58,10.69,10.58,10.66,10.66,10.58,,10.66,,,43722,464918.86,401,F1,1,,,,,
2026-09-03,2026-09-03,CM,NSE,STK,756827,INF666M01OF4,GROWWSLVR,EQ,,,,,GROWWAMC - GROWWSLVR,22.64,23.22,22.42,22.55,22.52,22.08,,22.55,,,3530966,80162529.09,2693,F1,1,,,,,
2026-09-03,2026-09-03,CM,NSE,STK,763572,INF666M01OT5,PVTBKGROWW,EQ,,,,,GROWWAMC - PVTBKGROWW,27.76,28.09,27.56,27.74,28.0,27.76,,27.74,,,21298,594001.6,150,F1,1,,,,,
2026-09-03,2026-09-03,CM,NSE,STK,751745,INF666M01PG9,SMALLGROWW,EQ,,,,,GROWWAMC - SMALLGROWW,49.14,49.34,48.86,48.96,48.95,48.58,,48.96,,,14417,710412.5,76,F1,1,,,,,
2026-09-03,2026-09-03,CM,NSE,STK,6543,INE137I01015,GRPLTD,EQ,,,,,GRP LIMITED,2023.2,2023.5,1950.1,1979.7,2012.0,2008.9,,1968.35,,,1360,2689486.3,168,F1,1,,,,,
2026-09-03,2026-09-03,CM,NSE,STK,23888,INE0SQY01018,GSMFOILS,SM,,,,,GSM FOILS LIMITED,117.0,117.0,117.0,117.0,117.0,123.15,,117.0,,,18500,2164500.0,26,F1,500,,,,,
2026-09-03,2026-09-03,CM,NSE,STK,762239,INE713R01022,GSPCROP,EQ,,,,,GSP CROP SCIENCE LIMITED,629.95,636.45,623.0,625.9,623.35,625.95,,625.92,,,152659,96258165.0,3298,F1,1,,,,,
2026-09-03,2026-09-03,CM,NSE,STK,15347,INE871H01011,GSS,EQ,,,,,GSS INFOTECH LIMITED,12.29,12.44,10.76,11.16,11.23,11.83,,11.16,,,192431,2199803.31,597,F1,1,,,,,
2026-09-03,2026-09-03,CM,NSE,STK,13745,INE221H01019,GTLINFRA,EQ,,,,,GTL INFRA.LTD,1.16,1.18,1.16,1.16,1.17,1.16,,1.16,,,25562440,29860229.33,11587,F1,1,,,,,
2026-09-03,2026-09-03,CM,NSE,STK,1162,INE043A01012,GTL,EQ,,,,,GTL LTD,7.17,7.34,7.17,7.2,7.24,7.23,,7.2,,,108118,779636.95,376,F1,1,,,,,
2026-09-03,2026-09-03,CM,NSE,STK,21195,INE869I01013,GTPL,EQ,,,,,GTPL HATHWAY LIMITED,57.25,58.5,56.31,57.93,58.1,56.17,,57.93,,,85660,4955976.56,637,F1,1,,,,,
2026-09-03,2026-09-03,CM,NSE,STK,11606,INE742B01025,GUFICBIO,EQ,,,,,GUFIC BIOSCIENCES LTD.,443.0,447.9,436.15,439.35,438.45,438.8,,439.38,,,106657,47146991.35,5609,F1,1,,,,,
2026-09-03,2026-09-03,CM,NSE,STK,1145,INE162A01010,GIPCL,EQ,,,,,GUJ IND POW CO. LTD,207.9,211.71,205.3,208.04,207.51,205.94,,208.11,,,1048615,218481744.7,18885,F1,1,,,,,
2026-09-03,2026-09-03,CM,NSE,STK,1174,INE113A01013,GNFC,EQ,,,,,GUJ NAR VAL FER & CHEM L,582.95,597.0,582.55,587.35,586.45,576.95,,587.37,,,1022854,602585784.5,25461,F1,1,,,,,
2026-09-03,2026-09-03,CM,NSE,STK,1247,INE026A01025,GSFC,EQ,,,,,GUJ STATE FERT & CHEM LTD,161.2,163.12,160.11,161.86,161.5,159.95,,161.85,,,1747248,282895197.36,24192,F1,1,,,,,
2026-09-03,2026-09-03,CM,NSE,STK,14677,INE826C01016,GUJAPOLLO,EQ,,,,,GUJ. APOLLO IND. LTD.,338.45,350.0,337.7,347.95,348.0,337.7,,347.95,,,12024,4112098.7,322,F1,1,,,,,
2026-09-03,2026-09-03,CM,NSE,STK,1267,INE186A01019,GUJALKALI,EQ,,,,,GUJARAT ALKALIES & CHEM,728.0,760.0,719.0,722.85,724.0,714.8,,722.85,,,484763,358585113.7,24754,F1,1,,,,,
2026-09-03,2026-09-03,CM,NSE,STK,8828,INE036B01030,GAEL,EQ,,,,,GUJARAT AMBUJA EXPORTS LT,170.8,172.0,167.7,170.88,170.25,170.8,,170.88,,,830501,141210299.22,10840,F1,1,,,,,
2026-09-03,2026-09-03,CM,NSE,STK,10599,INE844O01030,GUJENERGY,EQ,,,,,GUJARAT ENERGY LIMITED,264.4,266.5,263.1,264.1,264.11,262.29,,264.1,,,1183237,313195475.59,31938,F1,1,,,,,
2026-09-03,2026-09-03,CM,NSE,STK,13750,INE09N301011,FLUOROCHEM,EQ,,,,,GUJARAT FLUOROCHEM LTD,4728.0,4829.0,4675.0,4694.6,4688.0,4727.7,,4694.48,,,101082,479215432.7,15271,F1,1,,,,,
2026-09-03,2026-09-03,CM,NSE,STK,761197,INE0V0W01025,GKSL,EQ,,,,,GUJARAT KIDNEY N SUP SP L,169.65,175.26,169.21,171.51,171.99,168.3,,171.53,,,904734,156717023.73,10316,F1,1,,,,,
2026-09-03,2026-09-03,CM,NSE,STK,1156,INE540A01017,GLFL,EQ,,,,,GUJARAT LEASE FINANCING L,5.85,5.85,5.53,5.66,5.58,5.8,,5.7,,,3188,17906.45,25,F1,1,,,,,
2026-09-03,2026-09-03,CM,NSE,STK,5204,INE131A01031,GMDCLTD,EQ,,,,,GUJARAT MINERAL DEV CORP,560.0,568.55,559.9,565.85,565.1,557.65,,565.84,,,594866,335916328.35,20522,F1,1,,,,,
2026-09-03,2026-09-03,CM,NSE,STK,762690,INE207H01018,GNRL,EQ,,,,,GUJARAT NATURAL RES L,95.1,99.0,95.0,96.72,98.97,94.84,,96.71,,,148024,14334337.5,5476,F1,1,,,,,
2026-09-03,2026-09-03,CM,NSE,STK,19731,INE517F01014,GPPL,EQ,,,,,GUJARAT PIPAVAV PORT LTD,164.15,168.39,164.15,165.43,165.4,164.44,,165.43,,,2505934,417657471.66,31040,F1,1,,,,,
2026-09-03,2026-09-03,CM,NSE,STK,4548,INE610B01024,GUJRAFFIA,EQ,,,,,GUJARAT RAFFIA INDUST LTD,40.01,41.5,39.95,41.3,41.4,40.0,,41.3,,,1211,49164.77,30,F1,1,,,,,
2026-09-03,2026-09-03,CM,NSE,STK,29731,INE942C01045,GUJTHEM,EQ,,,,,GUJARAT THEMIS BIOSYN LTD,420.0,435.0,412.85,425.1,425.0,413.05,,425.1,,,1355455,575719393.95,13686,F1,1,,,,,
2026-09-03,2026-09-03,CM,NSE,STK,4391,INE635Q01029,GULFOILLUB,EQ,,,,,GULF OIL LUB. IND. LTD.,1130.3,1136.9,1106.4,1112.5,1114.4,1125.0,,1112.58,,,113660,127283189.7,7281,F1,1,,,,,
2026-09-03,2026-09-03,CM,NSE,STK,6286,INE255D01024,GULPOLY,EQ,,,,,GULSHAN POLYOLS LIMITED,187.0,189.39,185.55,186.27,185.55,187.56,,186.26,,,136406,25517920.97,2194,F1,1,,,,,
2026-09-03,2026-09-03,CM,NSE,STK,759261,INE1CCX01012,GURUNANAK,SM,,,,,GURUNANAK AGRICULTUR IN L,35.5,35.5,35.15,35.15,35.15,36.9,,35.15,,,6400,225600.0,4,F1,1600,,,,,
2026-09-03,2026-09-03,CM,NSE,STK,13229,INE251H01024,GVKPIL,BE,,,,,GVK POW. & INFRA LTD.,2.06,2.1,2.04,2.05,2.07,2.06,,2.05,,,638042,1319432.9,830,F1,1,,,,,
2026-09-03,2026-09-03,CM,NSE,STK,10866,INE382T01030,GVPTECH,BE,,,,,GVP INFOTECH LIMITED,8.24,8.73,8.22,8.25,8.26,8.33,,8.25,,,93059,778338.46,238,F1,1,,,,,
2026-09-03,2026-09-03,CM,NSE,STK,764050,INE724A01017,GYFTR,EQ,,,,,GYFTR LIMITED,188.0,193.9,177.22,180.23,180.0,183.0,,180.22,,,54722,10160827.46,1456,F1,1,,,,,
2026-09-03,2026-09-03,CM,NSE,STK,762712,INE640B01021,HBESD,EQ,,,,,H B ESTATE DEVELOPERS L,75.0,75.1,75.0,75.0,75.0,75.0,,75.0,,,837,62777.5,15,F1,1,,,,,
2026-09-03,2026-09-03,CM,NSE,STK,1672,INE926X01010,HGINFRA,EQ,,,,,H.G.INFRA ENGINEERING LTD,473.0,481.95,473.0,479.9,479.1,471.8,,479.93,,,29404,14082017.8,2066,F1,1,,,,,
2026-09-03,2026-09-03,CM,NSE,STK,760715,INE115S01010,HALDER,EQ,,,,,HALDER VENTURE LIMITED,294.05,295.0,270.0,284.9,276.05,293.9,,285.06,,,23097,6778057.1,80,F1,1,,,,,
2026-09-03,2026-09-03,CM,NSE,STK,762708,INE506D01020,HALDYNGL,BE,,,,,HALDYN GLASS LTD.,143.95,146.0,139.02,144.65,144.13,142.55,,144.65,,,62519,9069479.07,428,F1,1,,,,,
2026-09-03,2026-09-03,CM,NSE,STK,21551,INE320X01016,HALEOSLABS,EQ,,,,,HALEOS LABS LIMITED,1512.9,1512.9,1475.0,1482.1,1475.0,1481.4,,1482.13,,,193,286763.6,35,F1,1,,,,,
2026-09-03,2026-09-03,CM,NSE,STK,765075,INE299D01022,HAMPTON,EQ,,,,,HAMPTON SKY REALTY LTD.,7.56,8.36,7.56,8.1,8.18,8.17,,8.05,,,8932,72338.15,83,F1,1,,,,,
2026-09-03,2026-09-03,CM,NSE,STK,13592,INE596H01014,HGM,EQ,,,,,HANDSON GBL MNGMNT LTD,48.0,53.4,46.01,51.54,50.3,48.34,,51.57,,,34950,1784834.5,266,F1,1,,,,,
2026-09-03,2026-09-03,CM,NSE,STK,48,INE419U01012,HAPPSTMNDS,EQ,,,,,HAPPIEST MINDS TECHNO LTD,356.0,359.4,351.7,353.95,353.25,354.85,,353.95,,,2072501,736031781.55,34483,F1,1,,,,,
2026-09-03,2026-09-03,CM,NSE,STK,20854,INE330T01021,HAPPYFORGE,EQ,,,,,HAPPY FORGINGS LIMITED,2345.0,2450.0,2271.3,2294.4,2295.2,2345.9,,2294.17,,,71280,166828452.6,13002,F1,1,,,,,
2026-09-03,2026-09-03,CM,NSE,STK,757665,INE0TLP01015,WHITEFORCE,SM,,,,,HAPPY SQUARE OUTSOURC S L,38.5,38.5,38.0,38.0,38.0,40.5,,38.0,,,3200,122400.0,2,F1,1600,,,,,
2026-09-03,2026-09-03,CM,NSE,STK,764131,INE1GFG01011,HAPPY,SM,,,,,HAPPY STEELS LIMITED,83.4,87.95,79.5,86.65,87.95,82.85,,86.65,,,68000,5608900.0,33,F1,2000,,,,,
2026-09-03,2026-09-03,CM,NSE,STK,8962,INE626Z01029,HARDWYN,EQ,,,,,HARDWYN INDIA LIMITED,9.1,9.16,9.05,9.11,9.13,9.12,,9.11,,,384105,3495007.91,814,F1,1,,,,,
2026-09-03,2026-09-03,CM,NSE,STK,8968,INE00EV01017,HARIOMPIPE,EQ,,,,,HARIOM PIPE INDUSTRIES L,349.9,357.0,345.3,355.45,356.0,348.6,,355.46,,,82527,29046977.25,2336,F1,1,,,,,
2026-09-03,2026-09-03,CM,NSE,STK,764703,INE400G01011,HRYNSHP,EQ,,,,,HARIYANA SHIP BREAKERS L,101.95,101.95,99.0,100.75,100.0,102.0,,100.7,,,788,78536.05,55,F1,1,,,,,
2026-09-03,2026-09-03,CM,NSE,STK,1313,INE544A01019,HARRMALAYA,EQ,,,,,HARRISON MALAYALAM LTD,190.08,194.2,187.59,191.2,191.0,188.98,,191.2,,,5889,1128696.09,335,F1,1,,,,,
2026-09-03,2026-09-03,CM,NSE,STK,11162,INE0JUS01029,HARSHA,EQ,,,,,HARSHA ENGINEERS INT LTD,451.8,453.9,445.0,451.05,451.35,450.75,,451.05,,,91361,41126767.7,4267,F1,1,,,,,
2026-09-03,2026-09-03,CM,NSE,STK,18154,INE982F01036,HATHWAY,EQ,,,,,HATHWAY CABLE & DATACOM,10.37,10.42,10.25,10.26,10.3,10.34,,10.26,,,1152121,11903675.41,1905,F1,1,,,,,
2026-09-03,2026-09-03,CM,NSE,STK,3892,INE473B01035,HATSUN,EQ,,,,,HATSUN AGRO PRODUCT LTD.,1198.5,1198.5,1149.0,1160.8,1156.5,1193.6,,1160.98,,,53500,62908017.4,4396,F1,1,,,,,
2026-09-03,2026-09-03,CM,NSE,STK,9819,INE176B01034,HAVELLS,EQ,,,,,HAVELLS INDIA LIMITED,1200.0,1205.3,1190.1,1200.0,1200.0,1193.0,,1200.0,,,424610,508085242.9,40609,F1,1,,,,,
2026-09-03,2026-09-03,CM,NSE,STK,4444,INE979B01015,HAWKINCOOK,EQ,,,,,HAWKINS COOKERS LTD,8180.5,8351.5,8151.5,8297.0,8349.0,8194.5,,8301.88,,,920,7573318.5,350,F1,1,,,,,
2026-09-03,2026-09-03,CM,NSE,STK,764693,INE550F01049,HAZOOR,EQ,,,,,HAZOOR MULTI PROJECTS LTD,19.13,19.7,19.0,19.28,19.45,18.95,,19.28,,,1662009,32043814.45,447,F1,1,,,,,
2026-09-03,2026-09-03,CM,NSE,STK,765080,INE638B01025,HBPOR,EQ,,,,,HB PORTFOLIO LTD.,60.0,60.0,59.25,59.66,59.25,59.99,,59.66,,,1673,100305.09,30,F1,1,,,,,
2026-09-03,2026-09-03,CM,NSE,STK,4116,INE550B01022,HBSL,EQ,,,,,HB STOCKHOLDINGS LIMITED,54.04,54.58,53.5,54.5,54.5,52.98,,54.5,,,3738,202707.43,48,F1,1,,,,,
2026-09-03,2026-09-03,CM,NSE,STK,13966,INE292B01021,HBLENGINE,EQ,,,,,HBL ENGINEERING LTD,664.05,670.6,660.0,665.55,667.0,660.2,,665.62,,,559405,372104031.05,19809,F1,1,,,,,
2026-09-03,2026-09-03,CM,NSE,STK,1327,INE236A01020,HCL-INSYS,EQ,,,,,HCL INFOSYSTEMS LTD,10.41,10.6,9.9,10.14,10.16,10.32,,10.16,,,355821,3627807.31,1145,F1,1,,,,,
2026-09-03,2026-09-03,CM,NSE,STK,7229,INE860A01027,HCLTECH,EQ,,,,,HCL TECHNOLOGIES LTD,1345.0,1345.0,1308.0,1319.0,1319.0,1331.5,,1318.33,,,1515496,1994913483.6,47197,F1,1,,,,,
2026-09-03,2026-09-03,CM,NSE,STK,757772,INE756I01012,HDBFS,EQ,,,,,HDB FINANCIAL SERVICES L,675.2,696.7,674.4,693.45,694.45,675.2,,693.44,,,728505,502221955.9,37992,F1,1,,,,,
2026-09-03,2026-09-03,CM,NSE,STK,4244,INE127D01025,HDFCAMC,EQ,,,,,HDFC AMC LIMITED,2530.0,2535.4,2486.0,2510.8,2510.8,2525.7,,2510.78,,,746134,1862596040.7,41014,F1,1,,,,,
2026-09-03,2026-09-03,CM,NSE,STK,1333,INE040A01034,HDFCBANK,EQ,,,,,HDFC BANK LTD,705.0,712.6,705.0,706.65,706.65,700.8,,705.98,,,27770641,19670639968.7,293146,F1,1,,,,,
2026-09-03,2026-09-03,CM,NSE,STK,19543,INF179KC1981,HDFCGOLD,EQ,,,,,HDFC GOLD ETF,130.99,131.0,129.93,130.37,130.39,127.8,,130.37,,,4948852,645438003.09,10396,F1,1,,,,,
2026-09-03,2026-09-03,CM,NSE,STK,467,INE795G01014,HDFCLIFE,EQ,,,,,HDFC LIFE INS CO LTD,536.15,539.7,530.55,533.5,533.5,533.0,,533.48,,,1356212,723763768.55,29300,F1,1,,,,,
2026-09-03,2026-09-03,CM,NSE,STK,14230,INF179KC1EZ4,HDFCBSE500,EQ,,,,,HDFCAMC - HDFCBSE500,37.56,38.2,37.45,37.73,37.6,37.55,,37.73,,,2346292,88117134.62,345,F1,1,,,,,
2026-09-03,2026-09-03,CM,NSE,STK,11241,INF179KC1DJ0,HDFCGROWTH,EQ,,,,,HDFCAMC - HDFCGROWTH,119.21,119.25,118.41,118.68,118.41,119.13,,118.68,,,47334,5620791.27,146,F1,1,,,,,
2026-09-03,2026-09-03,CM,NSE,STK,18279,INF179KC1JG3,HDFCLIQUID,EQ,,,,,HDFCAMC - HDFCLIQUID,1077.36,1078.95,1076.37,1076.39,1076.39,1076.27,,1076.39,,,7886,8488506.16,33,F1,1,,,,,
2026-09-03,2026-09-03,CM,NSE,STK,11547,INF179KC1HU8,HDFCLOWVOL,EQ,,,,,HDFCAMC - HDFCLOWVOL,20.57,20.62,20.49,20.55,20.49,20.57,,20.55,,,5165,106273.26,66,F1,1,,,,,
2026-09-03,2026-09-03,CM,NSE,STK,14236,INF179KC1HT0,HDFCMID150,EQ,,,,,HDFCAMC - HDFCMID150,23.42,23.63,23.31,23.53,23.6,23.4,,23.53,,,385053,9041625.31,1180,F1,1,,,,,
2026-09-03,2026-09-03,CM,NSE,STK,11538,INF179KC1HV6,HDFCMOMENT,EQ,,,,,HDFCAMC - HDFCMOMENT,31.21,31.23,30.96,31.07,31.19,30.9,,31.07,,,50653,1573773.79,486,F1,1,,,,,
2026-09-03,2026-09-03,CM,NSE,STK,10619,INF179KC1HS2,HDFCNEXT50,EQ,,,,,HDFCAMC - HDFCNEXT50,74.87,75.0,74.36,74.64,74.97,74.47,,74.64,,,137273,10261023.99,676,F1,1,,,,,
2026-09-03,2026-09-03,CM,NSE,STK,10633,INF179KC1HR4,HDFCNIF100,EQ,,,,,HDFCAMC - HDFCNIF100,26.03,26.07,25.86,25.94,26.05,25.9,,25.94,,,35883,933194.63,221,F1,1,,,,,
2026-09-03,2026-09-03,CM,NSE,STK,22433,INF179KC1HY0,HDFCNIFBAN,EQ,,,,,HDFCAMC - HDFCNIFBAN,59.02,59.5,59.02,59.18,59.15,58.88,,59.18,,,75739,4493676.44,428,F1,1,,,,,
2026-09-03,2026-09-03,CM,NSE,STK,12101,INF179KC1IA8,HDFCNIFIT,EQ,,,,,HDFCAMC - HDFCNIFIT,33.12,33.4,32.8,33.0,33.17,33.07,,33.0,,,140143,4622009.28,230,F1,1,,,,,
2026-09-03,2026-09-03,CM,NSE,STK,11591,INF179KC1965,HDFCNIFTY,EQ,,,,,HDFCAMC - HDFCNIFTY,270.04,271.65,269.14,269.79,269.78,269.77,,269.79,,,126774,34247056.8,1005,F1,1,,,,,
2026-09-03,2026-09-03,CM,NSE,STK,764336,INF179KC1KT4,HDFCNIMEG,EQ,,,,,HDFCAMC - HDFCNIMEG,132.4,133.23,130.71,131.49,130.71,131.19,,131.49,,,3029,400021.59,85,F1,1,,,,,
2026-09-03,2026-09-03,CM,NSE,STK,12108,INF179KC1HZ7,HDFCPVTBAN,EQ,,,,,HDFCAMC - HDFCPVTBAN,28.07,28.5,28.07,28.31,28.23,28.18,,28.31,,,161852,4599165.56,315,F1,1,,,,,
2026-09-03,2026-09-03,CM,NSE,STK,11255,INF179KC1DL6,HDFCQUAL,EQ,,,,,HDFCAMC - HDFCQUAL,58.85,58.85,58.5,58.52,58.62,58.82,,58.52,,,7207,422281.84,104,F1,1,,,,,
2026-09-03,2026-09-03,CM,NSE,STK,11593,INF179KC1HX2,HDFCSENSEX,EQ,,,,,HDFCAMC - HDFCSENSEX,86.92,87.55,86.51,86.75,86.52,86.79,,86.76,,,22075,1922962.39,583,F1,1,,,,,
2026-09-03,2026-09-03,CM,NSE,STK,10876,INF179KC1DI2,HDFCSILVER,EQ,,,,,HDFCAMC - HDFCSILVER,220.75,222.34,219.0,220.08,220.0,215.37,,220.08,,,2513811,554649826.2,9862,F1,1,,,,,
2026-09-03,2026-09-03,CM,NSE,STK,14233,INF179KC1FB2,HDFCSML250,EQ,,,,,HDFCAMC - HDFCSML250,185.48,186.39,184.08,186.26,185.98,184.13,,186.26,,,1329516,247261667.29,38224,F1,1,,,,,
2026-09-03,2026-09-03,CM,NSE,STK,11260,INF179KC1DK8,HDFCVALUE,EQ,,,,,HDFCAMC - HDFCVALUE,125.89,126.08,125.2,125.5,125.5,125.43,,125.5,,,9332,1172382.61,54,F1,1,,,,,
2026-09-03,2026-09-03,CM,NSE,STK,22595,INF179KC1HW4,HDFCPSUBK,EQ,,,,,HDFCAMC HDFCPSUBK,86.78,87.49,86.14,86.33,86.14,85.92,,86.33,,,52840,4587019.63,256,F1,1,,,,,
2026-09-03,2026-09-03,CM,NSE,STK,19205,INE759V01019,HEADSUP,EQ,,,,,HEADS UP VENTURES LIMITED,6.83,7.0,6.68,6.69,6.82,6.83,,6.69,,,1737,11691.18,39,F1,1,,,,,
2026-09-03,2026-09-03,CM,NSE,STK,20063,INE019J01013,HEALTHX,EQ,,,,,HEALTH X PLATFORM LIMITED,303.1,303.1,289.0,292.05,290.4,294.3,,292.01,,,2711,794377.6,103,F1,1,,,,,
2026-09-03,2026-09-03,CM,NSE,STK,15555,INE075I01017,HCG,EQ,,,,,HEALTHCARE GLOB. ENT. LTD,699.55,708.5,697.55,703.45,703.05,699.3,,703.41,,,258920,181205501.45,6434,F1,1,,,,,
2026-09-03,2026-09-03,CM,NSE,STK,7425,INE558R01013,HECPROJECT,EQ,,,,,HEC INFRA PROJECTS LTD,119.99,123.0,115.7,121.34,123.0,116.09,,121.34,,,7140,858474.42,113,F1,1,,,,,
2026-09-03,2026-09-03,CM,NSE,STK,1336,INE545A01024,HEG,EQ,,,,,HEG LTD,709.9,725.45,699.9,707.45,708.0,706.4,,707.46,,,1656554,1179304226.3,32859,F1,1,,,,,
2026-09-03,2026-09-03,CM,NSE,STK,2316,INE578A01017,HEIDELBERG,EQ,,,,,HEIDELBERGCEMENT (I) LTD,158.99,159.98,158.0,158.19,158.02,157.87,,158.19,,,225564,35759802.36,5577,F1,1,,,,,
2026-09-03,2026-09-03,CM,NSE,STK,701,INE0AJG01018,HEMIPROP,EQ,,,,,HEMISPHERE PROP IND LTD,127.0,128.31,124.9,125.93,125.82,126.61,,125.93,,,240725,30410391.98,2957,F1,1,,,,,
2026-09-03,2026-09-03,CM,NSE,STK,2614,INE694N01015,HERANBA,EQ,,,,,HERANBA INDUSTRIES LTD,174.64,179.78,174.64,175.93,175.3,175.23,,175.93,,,34394,6093980.37,1228,F1,1,,,,,
2026-09-03,2026-09-03,CM,NSE,STK,4598,INE978A01027,HERITGFOOD,EQ,,,,,HERITAGE FOODS LTD,377.0,378.3,368.75,371.55,368.75,378.75,,371.56,,,835388,311363937.9,13465,F1,1,,,,,
2026-09-03,2026-09-03,CM,NSE,STK,1348,INE158A01026,HEROMOTOCO,EQ,,,,,HERO MOTOCORP LIMITED,5315.0,5315.0,5271.0,5308.5,5308.5,5300.0,,5308.41,,,524520,2776592495.5,34420,F1,1,,,,,
2026-09-03,2026-09-03,CM,NSE,STK,7048,INE782E01017,HESTERBIO,EQ,,,,,HESTER BIOSCIENCES LTD,2176.5,2225.0,2176.5,2201.7,2183.6,2176.5,,2201.45,,,1969,4325483.3,309,F1,1,,,,,
2026-09-03,2026-09-03,CM,NSE,STK,27008,INE750M01017,HEXATRADEX,EQ,,,,,HEXA TRADEX LIMITED,157.5,160.99,157.0,158.0,158.0,157.91,,158.0,,,713,112794.54,33,F1,1,,,,,
2026-09-03,2026-09-03,CM,NSE,STK,750116,INE0JUI01012,HEXAGON,BE,,,,,HEXAGON NUTRITION LIMITED,67.4,67.7,64.0,66.42,66.8,66.14,,66.23,,,286912,19141392.06,712,F1,1,,,,,
2026-09-03,2026-09-03,CM,NSE,STK,29666,INE093A01041,HEXT,EQ,,,,,HEXAWARE TECHNOLOGIES LTD,538.0,538.0,519.2,529.1,532.0,543.6,,529.0,,,2916864,1541697304.25,52455,F1,1,,,,,
2026-09-03,2026-09-03,CM,NSE,STK,21954,INE548A01028,HFCL,BE,,,,,HFCL LIMITED,229.99,231.5,217.65,220.42,220.1,226.27,,220.42,,,6710150,1495934762.87,34228,F1,1,,,,,
2026-09-03,2026-09-03,CM,NSE,STK,18794,INE0PIC01017,HIGREEN,SM,,,,,HI GREEN CARBON LIMITED,126.95,126.95,122.0,122.55,122.0,124.8,,122.55,,,12000,1487840.0,15,F1,800,,,,,
2026-09-03,2026-09-03,CM,NSE,STK,2868,INE106T01025,HITECH,EQ,,,,,HI-TECH PIPES LIMITED,77.14,77.2,74.8,75.15,75.13,76.54,,75.14,,,3272267,246858406.18,15727,F1,1,,,,,
2026-09-03,2026-09-03,CM,NSE,STK,759103,INE00RL01028,HILINFRA,EQ,,,,,HIGHWAY INFRASTRUCTURE L,44.64,45.6,44.01,44.68,44.99,43.56,,44.67,,,49597,2225955.83,593,F1,1,,,,,
2026-09-03,2026-09-03,CM,NSE,STK,9668,INE475B01022,HIKAL,EQ,,,,,HIKAL LIMITED,201.15,240.72,201.15,240.36,240.72,200.6,,240.69,,,20195810,4663182417.32,198491,F1,1,,,,,
2026-09-03,2026-09-03,CM,NSE,STK,14627,INE788H01017,HILTON,EQ,,,,,HILTON METAL FORGING LTD,19.45,19.45,18.54,18.71,18.75,18.79,,18.71,,,108785,2048445.96,293,F1,1,,,,,
2026-09-03,2026-09-03,CM,NSE,STK,14334,INE019C01026,HSCL,EQ,,,,,HIMADRI SPECIALITY CHEM L,662.15,665.9,658.45,662.0,660.0,659.6,,661.99,,,2750945,1819341412.3,35977,F1,1,,,,,
2026-09-03,2026-09-03,CM,NSE,STK,1360,INE049A01027,HIMATSEIDE,EQ,,,,,HIMATSINGKA SEIDE LTD,69.43,70.69,69.43,70.32,70.22,69.66,,70.32,,,255420,17919370.83,2325,F1,1,,,,,
2026-09-03,2026-09-03,CM,NSE,STK,765085,INE227B01019,HINDALUMI,EQ,,,,,HIND ALUMINIUM INDS. LTD.,97.32,99.79,97.32,97.5,97.35,97.32,,98.42,,,953,93440.24,47,F1,1,,,,,
2026-09-03,2026-09-03,CM,NSE,STK,1363,INE038A01020,HINDALCO,EQ,,,,,HINDALCO  INDUSTRIES  LTD,1014.5,1022.5,1002.1,1010.0,1010.0,1009.7,,1010.03,,,1459349,1473041647.8,47403,F1,1,,,,,
2026-09-03,2026-09-03,CM,NSE,STK,4920,INE642Y01029,HINDCON,EQ,,,,,HINDCON CHEMICALS LIMITED,22.76,24.75,22.76,24.28,24.29,23.16,,24.28,,,65009,1557881.38,538,F1,1,,,,,
2026-09-03,2026-09-03,CM,NSE,STK,11796,INE05X901010,HPIL,EQ,,,,,HINDPRAKASH INDUSTRY LTD,123.0,123.0,122.01,122.01,122.01,122.01,,122.05,,,260,31731.62,16,F1,1,,,,,
2026-09-03,2026-09-03,CM,NSE,STK,14712,INE170I01016,HGS,EQ,,,,,HINDUJA GLOBAL SOLS. LTD.,393.95,404.0,390.15,393.0,394.5,393.1,,393.0,,,63039,24818136.0,833,F1,1,,,,,
2026-09-03,2026-09-03,CM,NSE,STK,764698,INE074C01013,HINDADH,EQ,,,,,HINDUSTAN ADHESIVES LTD.,365.0,374.0,359.5,370.85,371.95,359.5,,373.03,,,2354,865124.95,117,F1,1,,,,,
2026-09-03,2026-09-03,CM,NSE,STK,2303,INE066F01020,HAL,EQ,,,,,HINDUSTAN AERONAUTICS LTD,4793.0,4810.0,4750.0,4765.6,4765.6,4780.0,,4765.66,,,401080,1915591378.9,28333,F1,1,,,,,
2026-09-03,2026-09-03,CM,NSE,STK,1372,INE310C01029,HINDCOMPOS,EQ,,,,,HINDUSTAN COMPOSITES LTD.,403.9,405.5,388.9,393.1,394.0,399.6,,393.1,,,4938,1955494.7,281,F1,1,,,,,
2026-09-03,2026-09-03,CM,NSE,STK,1375,INE549A01026,HCC,EQ,,,,,HINDUSTAN CONSTRUCTION CO,23.2,23.68,22.81,23.13,23.11,23.08,,23.13,,,22777015,527820277.64,23627,F1,1,,,,,
2026-09-03,2026-09-03,CM,NSE,STK,17939,INE531E01026,HINDCOPPER,EQ,,,,,HINDUSTAN COPPER LTD,526.0,528.8,517.0,518.5,517.8,520.95,,518.47,,,5410660,2822603132.9,68098,F1,1,,,,,
2026-09-03,2026-09-03,CM,NSE,STK,12173,INE254N01026,HNDFDS,EQ,,,,,HINDUSTAN FOODS LIMITED,625.0,634.0,618.1,626.9,626.0,622.8,,626.9,,,46887,29397002.65,3569,F1,1,,,,,
2026-09-03,2026-09-03,CM,NSE,STK,19215,INE871K01015,HMVL,BE,,,,,HINDUSTAN MEDIA VENT LTD,86.5,88.5,86.11,86.49,86.21,87.33,,86.49,,,7154,622205.05,46,F1,1,,,,,
2026-09-03,2026-09-03,CM,NSE,STK,1403,INE345A01011,HINDOILEXP,EQ,,,,,HINDUSTAN OIL EXPLORATION,167.5,191.0,166.8,184.38,182.8,166.18,,184.38,,,35250701,6524800206.09,203744,F1,1,,,,,
2026-09-03,2026-09-03,CM,NSE,STK,1406,INE094A01015,HINDPETRO,EQ,,,,,HINDUSTAN PETROLEUM CORP,358.0,361.6,357.35,361.35,361.35,359.0,,361.34,,,2429261,872319793.4,22488,F1,1,,,,,
2026-09-03,2026-09-03,CM,NSE,STK,1394,INE030A01027,HINDUNILVR,EQ,,,,,HINDUSTAN UNILEVER LTD.,1978.9,1978.9,1959.9,1962.0,1962.0,1975.0,,1961.57,,,1638341,3218773345.7,63224,F1,1,,,,,
2026-09-03,2026-09-03,CM,NSE,STK,1424,INE267A01025,HINDZINC,EQ,,,,,HINDUSTAN ZINC LIMITED,593.0,599.0,584.5,587.95,587.95,588.4,,587.95,,,3896295,2297612836.05,44812,F1,1,,,,,
2026-09-03,2026-09-03,CM,NSE,STK,15883,INE05AN01011,HINDWAREAP,EQ,,,,,HINDWARE HME INOVATON LTD,182.08,187.0,182.0,185.82,186.99,182.08,,185.79,,,62127,11487805.8,2303,F1,1,,,,,
2026-09-03,2026-09-03,CM,NSE,STK,13890,INE835D01023,HIRECT,EQ,,,,,HIRECT LIMITED,1223.8,1247.0,1212.0,1235.8,1240.0,1218.5,,1235.99,,,31919,39265732.9,2779,F1,1,,,,,
2026-09-03,2026-09-03,CM,NSE,STK,19322,INE598C01011,HISARMETAL,EQ,,,,,HISAR METAL IND. LIMITED,161.2,164.75,159.02,162.81,163.89,159.8,,162.81,,,4035,656703.56,119,F1,1,,,,,
2026-09-03,2026-09-03,CM,NSE,STK,18457,INE07Y701011,POWERINDIA,EQ,,,,,HITACHI ENERGY INDIA LTD,32390.0,32635.0,31910.0,32000.0,32000.0,32200.0,,32000.27,,,63981,2058378380.0,22254,F1,1,,,,,
2026-09-03,2026-09-03,CM,NSE,STK,15165,INE120D01012,HITECHCORP,BE,,,,,HITECH CORPORATION LTD,334.5,338.0,332.5,337.0,337.0,336.55,,337.59,,,3078,1034943.5,43,F1,1,,,,,
2026-09-03,2026-09-03,CM,NSE,STK,2289,INE461D01028,HLEGLAS,EQ,,,,,HLE GLASCOAT LIMITED,315.0,328.0,314.05,320.05,318.55,314.1,,320.04,,,184860,59530156.3,3782,F1,1,,,,,
2026-09-03,2026-09-03,CM,NSE,STK,1448,INE102A01024,HLVLTD,EQ,,,,,HLV LIMITED,6.47,6.64,6.3,6.41,6.43,6.3,,6.41,,,210227,1365522.14,757,F1,1,,,,,
2026-09-03,2026-09-03,CM,NSE,STK,17053,INE0ECP01024,HMAAGRO,EQ,,,,,HMA AGRO INDUSTRIES LTD,21.09,21.29,20.63,20.93,20.9,20.89,,20.93,,,934486,19524669.04,2044,F1,1,,,,,
2026-09-03,2026-09-03,CM,NSE,STK,761841,INE2T2Q07121,87HMDA34,N0,,,,,HMDA 8.7% 2034 STRPP E,103487.81,103487.81,103487.81,103487.81,103487.81,105166.49,,103487.81,,,15,1552317.15,1,F1,1,,,,,
2026-09-03,2026-09-03,CM,NSE,STK,19698,INE262A01018,HMT,BZ,,,,,HMT LTD -,68.83,70.45,67.48,69.07,69.6,67.48,,69.1,,,27753,1922057.61,332,F1,1,,,,,
2026-09-03,2026-09-03,CM,NSE,STK,23826,INE0S6S01017,HOACFOODS,ST,,,,,HOAC FOODS INDIA LIMITED,877.6,965.0,877.55,965.0,965.0,923.7,,965.0,,,5250,4823587.5,14,F1,375,,,,,
2026-09-03,2026-09-03,CM,NSE,STK,18649,INE0LXA01019,HOLMARC,SM,,,,,HOLMARC OPTO MECHATRO L,104.4,105.0,102.55,104.95,105.0,107.0,,104.95,,,6000,625350.0,7,F1,750,,,,,
2026-09-03,2026-09-03,CM,NSE,STK,2056,INE481N01025,HOMEFIRST,EQ,,,,,HOME FIRST FIN CO IND LTD,1197.1,1218.0,1187.9,1201.4,1208.8,1196.7,,1201.39,,,114599,138066252.5,12856,F1,1,,,,,
2026-09-03,2026-09-03,CM,NSE,STK,19813,INE0J5401028,HONASA,EQ,,,,,HONASA CONSUMER LIMITED,471.7,480.25,468.35,477.05,476.85,469.95,,477.06,,,649479,309206680.9,21478,F1,1,,,,,
2026-09-03,2026-09-03,CM,NSE,STK,3138,INE634A01018,HONDAPOWER,EQ,,,,,HONDA I POWER PRODUCT LTD,1980.0,1999.0,1966.4,1986.4,1990.0,1976.1,,1986.81,,,2223,4412455.4,435,F1,1,,,,,
2026-09-03,2026-09-03,CM,NSE,STK,3417,INE671A01010,HONAUT,EQ,,,,,HONEYWELL AUTOMATION IND,35040.0,35515.0,34800.0,35265.0,35310.0,35170.0,,35262.4,,,3070,107615670.0,1325,F1,1,,,,,
2026-09-03,2026-09-03,CM,NSE,STK,765356,INE685T01010,HORIZONIND,EQ,,,,,HORIZON INDUSTRIAL PRKS L,56.71,57.19,55.01,55.69,55.12,56.57,,55.71,,,6343272,353855349.68,28939,F1,1,,,,,
2026-09-03,2026-09-03,CM,NSE,STK,17920,INE191I01012,HDIL,BZ,,,,,HOUSING DEV & INFRA LTD,1.54,1.54,1.5,1.51,1.5,1.52,,1.51,,,207719,317348.29,136,F1,1,,,,,
2026-09-03,2026-09-03,CM,NSE,STK,7376,INE0GSL01024,HPAL,EQ,,,,,HP ADHESIVES LIMITED,34.3,36.1,34.3,35.4,35.79,35.01,,35.4,,,55030,1937816.14,983,F1,1,,,,,
2026-09-03,2026-09-03,CM,NSE,STK,29875,INE0VA601019,HPTL,SM,,,,,HP TELECOM INDIA LIMITED,347.25,347.25,315.95,329.75,333.25,330.75,,329.75,,,79200,25236600.0,51,F1,600,,,,,
2026-09-03,2026-09-03,CM,NSE,STK,18679,INE495S01016,HPL,EQ,,,,,HPL ELECTRIC & POWER LTD,300.0,304.1,299.8,303.25,303.0,297.35,,303.24,,,73447,22189800.5,2568,F1,1,,,,,
2026-09-03,2026-09-03,CM,NSE,STK,21107,INE0R3501012,HRHNEXT,SM,,,,,HRH NEXT SERVICES LIMITED,23.55,24.8,23.45,24.8,24.8,24.65,,24.8,,,22500,551325.0,6,F1,1500,,,,,
2026-09-03,2026-09-03,CM,NSE,STK,761506,INF336L01RX2,HSBCGOLD,EQ,,,,,HSBCAMC - HSBCGOLD,137.0,137.9,131.12,132.53,132.38,130.24,,132.53,,,16687,2223169.29,77,F1,1,,,,,
2026-09-03,2026-09-03,CM,NSE,STK,20825,INE031A01017,HUDCO,EQ,,,,,HSG & URBAN DEV CORPN LTD,181.82,184.69,179.15,181.07,181.0,178.35,,181.06,,,5301907,967949518.45,48067,F1,1,,,,,
2026-09-03,2026-09-03,CM,NSE,STK,11979,INE501G01024,HTMEDIA,EQ,,,,,HT MEDIA LIMITED,26.57,26.78,25.67,26.56,26.11,26.19,,26.56,,,137891,3653405.24,279,F1,1,,,,,
2026-09-03,2026-09-03,CM,NSE,STK,14203,INE703H01016,HUBTOWN,EQ,,,,,HUBTOWN LIMITED,181.0,196.29,180.71,192.2,192.65,180.6,,192.2,,,1634944,311614371.13,18932,F1,1,,,,,
2026-09-03,2026-09-03,CM,NSE,STK,2562,INE275B01026,HUHTAMAKI,EQ,,,,,HUHTAMAKI INDIA LIMITED,261.45,263.0,255.2,258.2,258.15,261.35,,258.2,,,114978,29703102.55,2639,F1,1,,,,,
2026-09-03,2026-09-03,CM,NSE,STK,25708,INE0TO501019,HVAX,SM,,,,,HVAX TECHNOLOGIES LIMITED,670.0,670.0,640.0,669.95,669.95,660.0,,669.95,,,1050,698992.5,7,F1,150,,,,,
2026-09-03,2026-09-03,CM,NSE,STK,765468,INE0LEG01024,HTEL,BE,,,,,HY-TECH ENGINEERS LIMITED,77.0,77.9,74.63,74.73,75.0,78.55,,74.77,,,2290257,173001060.98,11873,F1,1,,,,,
2026-09-03,2026-09-03,CM,NSE,STK,12814,INE965B01022,HYBRIDFIN,BE,,,,,HYBRID FINANCIAL SERVICE,16.52,16.8,16.31,16.6,16.6,16.6,,16.68,,,2519,41909.38,34,F1,1,,,,,
2026-09-03,2026-09-03,CM,NSE,STK,25844,INE0V6F01027,HYUNDAI,EQ,,,,,HYUNDAI MOTOR INDIA LTD,2172.0,2184.8,2147.6,2152.0,2152.0,2154.4,,2152.0,,,784430,1696055882.0,40500,F1,1,,,,,
2026-09-03,2026-09-03,CM,NSE,STK,14086,INE204A01010,IGPL,EQ,,,,,I G PETROCHEMICALS LTD,546.4,551.8,540.1,548.85,549.95,546.4,,548.81,,,66953,36607383.25,1816,F1,1,,,,,
2026-09-03,2026-09-03,CM,NSE,STK,764718,INE684B01029,ISTLTD,EQ,,,,,I S T LTD.,637.0,660.0,636.0,659.55,659.8,636.1,,658.58,,,713,461902.65,69,F1,1,,,,,
2026-09-03,2026-09-03,CM,NSE,STK,21348,INE0O7401018,IBLFL,SM,,,,,IBL FINANCE LIMITED,55.15,60.9,55.15,60.9,60.9,58.0,,60.9,,,32000,1810800.0,4,F1,2000,,,,,
2026-09-03,2026-09-03,CM,NSE,STK,764064,INE0XE501015,ICELCO,SM,,,,,IC ELECTRICALS COMPANY L,117.45,126.95,112.6,119.25,120.0,114.9,,119.25,,,94800,11378760.0,66,F1,1200,,,,,
2026-09-03,2026-09-03,CM,NSE,STK,6977,INE613B01010,ICDSLTD,EQ,,,,,ICDS LTD,63.4,64.96,62.6,64.96,64.96,59.06,,64.96,,,109707,7069914.57,1426,F1,1,,,,,
2026-09-03,2026-09-03,CM,NSE,STK,489,INE520Y01019,ICEMAKE,EQ,,,,,ICE MAKE REFRIGERAT LTD,737.85,744.95,725.05,739.25,739.85,739.7,,739.25,,,18455,13526639.95,1152,F1,1,,,,,
2026-09-03,2026-09-03,CM,NSE,STK,4963,INE090A01021,ICICIBANK,EQ,,,,,ICICI BANK LTD.,1438.3,1452.0,1430.0,1430.0,1430.0,1426.5,,1428.63,,,10503351,15126298838.4,167924,F1,1,,,,,
2026-09-03,2026-09-03,CM,NSE,STK,21770,INE765G01017,ICICIGI,EQ,,,,,ICICI LOMBARD GIC LIMITED,1541.4,1541.4,1510.1,1521.7,1521.7,1537.0,,1521.69,,,541112,822338957.6,24281,F1,1,,,,,
2026-09-03,2026-09-03,CM,NSE,STK,21254,INF109KC19U5,LOWVOLIETF,EQ,,,,,ICICI PR NIF LW VL 30 ETF,22.48,22.48,21.94,21.98,22.04,22.04,,21.98,,,4331145,95383212.49,1179,F1,1,,,,,
2026-09-03,2026-09-03,CM,NSE,STK,18652,INE726G01019,ICICIPRULI,EQ,,,,,ICICI PRU LIFE INS CO LTD,504.5,504.5,492.5,495.05,495.05,499.5,,495.05,,,501149,249202924.3,28936,F1,1,,,,,
2026-09-03,2026-09-03,CM,NSE,STK,17702,INF109KC10W0,MIDSELIETF,EQ,,,,,ICICI PRUD MIDCAP SEL ETF,19.9,20.08,19.83,19.92,19.97,19.88,,19.92,,,215124,4293303.72,601,F1,1,,,,,
2026-09-03,2026-09-03,CM,NSE,STK,30392,INF109KC16V9,NIF100IETF,EQ,,,,,ICICI PRUD NIFTY 100 ETF,27.98,28.11,27.89,27.93,27.9,27.96,,27.93,,,75038,2101287.11,1033,F1,1,,,,,
2026-09-03,2026-09-03,CM,NSE,STK,29553,INF109K012R6,NIFTYIETF,EQ,,,,,ICICI PRUD NIFTY ETF,273.1,273.1,270.6,270.98,270.99,271.22,,270.99,,,680558,184871619.63,9572,F1,1,,,,,
2026-09-03,2026-09-03,CM,NSE,STK,4378,INF346A01034,SENSEXIETF,EQ,,,,,ICICI PRUD SENSEX ETF,885.45,886.84,880.51,881.95,880.51,881.04,,881.96,,,3088,2727645.96,267,F1,1,,,,,
2026-09-03,2026-09-03,CM,NSE,STK,760407,INE346A01027,ICICIAMC,EQ,,,,,ICICI PRUDENTIAL AMC LTD,2998.9,3011.0,2951.1,2980.0,2976.0,2973.3,,2980.0,,,507302,1513856983.6,37908,F1,1,,,,,
2026-09-03,2026-09-03,CM,NSE,STK,19679,INF109KC1NT3,GOLDIETF,EQ,,,,,ICICI PRUDENTIAL GOLD ETF,130.34,133.0,130.01,130.75,130.66,127.84,,130.75,,,7801338,1020938469.77,28714,F1,1,,,,,
2026-09-03,2026-09-03,CM,NSE,STK,17475,INF109KC11V0,NV20IETF,EQ,,,,,ICICI PRUDENTIAL NV20 ETF,13.55,13.7,13.53,13.55,13.58,13.55,,13.55,,,227799,3095701.58,1526,F1,1,,,,,
2026-09-03,2026-09-03,CM,NSE,STK,522,INF109KB15Y7,ICICIB22,EQ,,,,,ICICIPRAMC - BHARATIWIN,116.09,116.09,113.75,114.03,114.17,113.81,,114.01,,,96486,11035610.9,2358,F1,1,,,,,
2026-09-03,2026-09-03,CM,NSE,STK,30139,INF109K1A021,CASHIETF,EQ,,,,,ICICIPRAMC - CASHIETF,1078.95,1078.95,1077.98,1077.99,1078.0,1077.86,,1077.99,,,1134897,1223416987.85,217,F1,1,,,,,
2026-09-03,2026-09-03,CM,NSE,STK,755881,INF109K1A153,EVIETF,EQ,,,,,ICICIPRAMC - EVIETF,32.91,32.91,32.5,32.56,32.5,32.53,,32.56,,,330379,10787490.45,813,F1,1,,,,,
2026-09-03,2026-09-03,CM,NSE,STK,13143,INF109KC18O0,GSEC10IETF,EQ,,,,,ICICIPRAMC - ICICI10GS,264.24,264.24,261.88,262.5,262.5,263.42,,262.5,,,2404,631024.74,7,F1,1,,,,,
2026-09-03,2026-09-03,CM,NSE,STK,3001,INF109KC1V59,BSE500IETF,EQ,,,,,ICICIPRAMC - ICICI500,39.26,39.58,39.26,39.41,39.36,39.26,,39.41,,,112026,4416338.58,753,F1,1,,,,,
2026-09-03,2026-09-03,CM,NSE,STK,8342,INF109KC14A8,GSEC5IETF,EQ,,,,,ICICIPRAMC - ICICI5GSEC,66.57,66.57,66.06,66.51,66.52,66.25,,66.51,,,807,53683.74,27,F1,1,,,,,
2026-09-03,2026-09-03,CM,NSE,STK,22344,INF109KC17V7,ALPL30IETF,EQ,,,,,ICICIPRAMC - ICICIALPLV,27.62,28.0,27.6,27.76,27.8,27.62,,27.76,,,310325,8594820.68,1205,F1,1,,,,,
2026-09-03,2026-09-03,CM,NSE,STK,7844,INF109KC10V2,AUTOIETF,EQ,,,,,ICICIPRAMC - ICICIAUTO,29.24,29.24,28.66,28.91,29.02,28.96,,28.91,,,698330,20219983.76,2223,F1,1,,,,,
2026-09-03,2026-09-03,CM,NSE,STK,11386,INF109KC18U7,PVTBANIETF,EQ,,,,,ICICIPRAMC - ICICIBANKP,28.38,28.38,27.85,28.15,28.25,27.84,,28.15,,,3533824,99639489.6,1239,F1,1,,,,,
2026-09-03,2026-09-03,CM,NSE,STK,13198,INF109KC19O8,COMMOIETF,EQ,,,,,ICICIPRAMC - ICICICOMMO,99.46,100.3,99.07,99.41,99.07,99.26,,99.4,,,38979,3879864.52,709,F1,1,,,,,
2026-09-03,2026-09-03,CM,NSE,STK,6446,INF109KC1V42,CONSUMIETF,EQ,,,,,ICICIPRAMC - ICICICONSU,121.11,121.53,120.8,121.06,121.25,121.08,,120.91,,,2648,320624.92,131,F1,1,,,,,
2026-09-03,2026-09-03,CM,NSE,STK,5306,INF109KC19V3,FMCGIETF,EQ,,,,,ICICIPRAMC - ICICIFMCG,49.9,50.04,49.31,49.46,49.59,49.74,,49.46,,,1316157,65184834.34,5868,F1,1,,,,,
2026-09-03,2026-09-03,CM,NSE,STK,10723,INF109KC16E5,INFRAIETF,EQ,,,,,ICICIPRAMC - ICICIINFRA,95.9,95.9,94.46,94.72,94.95,94.55,,94.73,,,68245,6473468.07,1855,F1,1,,,,,
2026-09-03,2026-09-03,CM,NSE,STK,4838,INF109KC1KT9,LIQUIDIETF,EQ,,,,,ICICIPRAMC - ICICILIQ,999.99,1000.01,999.99,999.99,1000.0,999.99,,999.99,,,335869,335868764.38,180,F1,1,,,,,
2026-09-03,2026-09-03,CM,NSE,STK,17152,INF109KC11W8,MIDCAPIETF,EQ,,,,,ICICIPRAMC - ICICIM150,24.43,24.43,23.7,24.06,24.15,23.84,,24.06,,,2381083,57270171.0,2063,F1,1,,,,,
2026-09-03,2026-09-03,CM,NSE,STK,10585,INF109KC17C7,MOM30IETF,EQ,,,,,ICICIPRAMC - ICICIMOM30,31.32,31.49,31.22,31.27,31.4,31.15,,31.28,,,456481,14284712.39,1374,F1,1,,,,,
2026-09-03,2026-09-03,CM,NSE,STK,4529,INF109KC1NS5,NEXT50IETF,EQ,,,,,ICICIPRAMC - ICICINXT50,78.88,78.88,77.0,77.06,77.1,76.96,,77.06,,,314238,24268106.22,3779,F1,1,,,,,
2026-09-03,2026-09-03,CM,NSE,STK,3626,INF109KC1Q72,HEALTHIETF,EQ,,,,,ICICIPRAMC - ICICIPHARM,172.36,172.36,169.8,170.09,170.1,170.65,,170.09,,,137280,23360446.46,1235,F1,1,,,,,
2026-09-03,2026-09-03,CM,NSE,STK,17808,INF109KC18V5,QUAL30IETF,EQ,,,,,ICICIPRAMC - ICICIQTY30,21.34,21.34,21.03,21.07,21.03,21.1,,21.07,,,67696,1430544.6,194,F1,1,,,,,
2026-09-03,2026-09-03,CM,NSE,STK,7942,INF109KC1Y56,SILVERIETF,EQ,,,,,ICICIPRAMC - ICICISILVE,231.29,232.4,229.2,229.94,229.55,225.65,,229.94,,,3361232,773792755.17,15962,F1,1,,,,,
2026-09-03,2026-09-03,CM,NSE,STK,22365,INF109KC16I6,ITIETF,EQ,,,,,ICICIPRAMC - ICICITECH,34.67,34.67,34.07,34.24,34.22,34.38,,34.24,,,319486,10947783.05,1190,F1,1,,,,,
2026-09-03,2026-09-03,CM,NSE,STK,764364,INF109K1A567,INSUREIETF,EQ,,,,,ICICIPRAMC - INSUREIETF,15.12,15.2,15.0,15.04,15.12,15.1,,15.04,,,402930,6070755.24,165,F1,1,,,,,
2026-09-03,2026-09-03,CM,NSE,STK,11037,INF109KC15I8,BANKIETF,EQ,,,,,ICICIPRAMC - IPRU5008,59.5,59.5,58.9,59.14,59.1,58.77,,59.14,,,1641019,97205035.18,1875,F1,1,,,,,
2026-09-03,2026-09-03,CM,NSE,STK,24861,INF109KC19W1,METALIETF,EQ,,,,,ICICIPRAMC - METALIETF,13.39,13.41,13.05,13.2,13.19,13.19,,13.2,,,18275824,241693748.73,8226,F1,1,,,,,
2026-09-03,2026-09-03,CM,NSE,STK,24533,INF109KC18W3,OILIETF,EQ,,,,,ICICIPRAMC - OILIETF,11.31,11.38,11.3,11.33,11.32,11.3,,11.33,,,1893627,21456643.92,1463,F1,1,,,,,
2026-09-03,2026-09-03,CM,NSE,STK,14584,INF109KC10S8,PSUBNKIETF,EQ,,,,,ICICIPRAMC - PSUBANKICI,86.5,87.87,86.37,86.56,86.85,86.04,,86.56,,,195452,17010600.12,988,F1,1,,,,,
2026-09-03,2026-09-03,CM,NSE,STK,754612,INF109K1A476,SMALLIETF,EQ,,,,,ICICIPRAMC - SMALLIETF,18.51,18.56,18.39,18.54,18.56,18.33,,18.53,,,19171,354336.31,93,F1,1,,,,,
2026-09-03,2026-09-03,CM,NSE,STK,757781,INF109K1A344,TOP15IETF,EQ,,,,,ICICIPRAMC - TOP15IETF,9.8,9.96,9.79,9.82,9.85,9.8,,9.82,,,122479,1203862.87,316,F1,1,,,,,
2026-09-03,2026-09-03,CM,NSE,STK,25851,INF109KC16X5,VAL30IETF,EQ,,,,,ICICIPRAMC - VAL30IETF,15.24,15.24,15.09,15.14,15.2,15.08,,15.14,,,160271,2431592.59,688,F1,1,,,,,
2026-09-03,2026-09-03,CM,NSE,STK,12578,INF109KC17L8,FINIETF,EQ,,,,,ICICIPRAMC-ICICIFIN,32.77,32.82,32.55,32.65,32.69,32.43,,32.65,,,180178,5885851.92,1876,F1,1,,,,,
2026-09-03,2026-09-03,CM,NSE,STK,14523,INE725G01011,ICRA,EQ,,,,,ICRA LIMITED,4949.0,4952.1,4841.1,4889.3,4875.0,4891.3,,4888.94,,,23447,114529105.3,3387,F1,1,,,,,
2026-09-03,2026-09-03,CM,NSE,STK,1476,INE008A01015,IDBI,EQ,,,,,IDBI BANK LIMITED,92.25,93.45,91.6,91.97,91.85,91.55,,91.97,,,5622919,520132956.34,27491,F1,1,,,,,
2026-09-03,2026-09-03,CM,NSE,STK,17140,INE349Y01013,IDEAFORGE,EQ,,,,,IDEAFORGE TECHNO LTD,770.95,791.1,770.95,776.55,777.85,769.75,,776.56,,,164699,128417614.25,11243,F1,1,,,,,
2026-09-03,2026-09-03,CM,NSE,STK,28574,INE0TD101011,IDENTICAL,SM,,,,,IDENTICAL BRAINS STUDIO L,18.45,19.3,17.5,19.1,19.3,17.0,,19.1,,,22000,410500.0,11,F1,2000,,,,,
2026-09-03,2026-09-03,CM,NSE,STK,11184,INE092T01019,IDFCFIRSTB,EQ,,,,,IDFC FIRST BANK LIMITED,85.09,88.1,85.04,87.5,87.5,85.09,,87.5,,,48178595,4195501536.43,90121,F1,1,,,,,
2026-09-03,2026-09-03,CM,NSE,STK,1482,INE076C01018,IFBAGRO,EQ,,,,,IFB AGRO INDUSTRIES LTD,917.0,917.0,886.0,889.05,886.2,897.65,,889.15,,,3609,3217729.3,251,F1,1,,,,,
2026-09-03,2026-09-03,CM,NSE,STK,1485,INE559A01017,IFBIND,EQ,,,,,IFB INDUSTRIES LTD,1300.0,1322.1,1285.3,1311.8,1310.0,1296.0,,1311.86,,,32742,42715064.5,5039,F1,1,,,,,
2026-09-03,2026-09-03,CM,NSE,STK,1491,INE039A01010,IFCI,EQ,,,,,IFCI LTD,98.21,101.66,94.5,95.91,95.7,98.32,,95.91,,,166355112,16368863498.86,418481,F1,1,,,,,
2026-09-03,2026-09-03,CM,NSE,STK,436,INE133Y01011,IFGLEXPOR,EQ,,,,,IFGL REFRACTORIES LIMITED,208.47,211.82,203.99,207.44,208.93,207.95,,207.44,,,23913,4951729.99,861,F1,1,,,,,
2026-09-03,2026-09-03,CM,NSE,STK,759897,INE01XO07017,1225IFL27,N0,,,,,IFL 12.25% 2027,6259.95,6259.95,6150.0,6150.0,6150.0,6259.95,,6150.0,,,6,37119.9,2,F1,1,,,,,
2026-09-03,2026-09-03,CM,NSE,STK,634,INE188B01013,IGARASHI,EQ,,,,,IGARASHI MOTORS INDIA LTD,418.0,423.85,414.2,416.25,416.9,415.0,,416.27,,,33667,14119917.75,1380,F1,1,,,,,
2026-09-03,2026-09-03,CM,NSE,STK,761117,INE530B07591,852IIFL29,Y5,,,,,IIFL 8.52% TR I SR II,991.0,992.0,991.0,992.0,992.0,994.0,,992.0,,,400,396768.0,3,F1,1,,,,,
2026-09-03,2026-09-03,CM,NSE,STK,761118,INE530B07633,865IIFL31,Y6,,,,,IIFL 8.65% TR I SR III,980.0,990.0,980.0,987.0,987.0,987.0,,987.0,,,931,916412.04,18,F1,1,,,,,
2026-09-03,2026-09-03,CM,NSE,STK,761119,INE530B07617,870IIFL28,Y7,,,,,IIFL 8.70% TR I SR IV,1020.2,1020.2,1020.2,1020.2,1020.2,1035.0,,1020.2,,,10,10202.0,1,F1,1,,,,,
2026-09-03,2026-09-03,CM,NSE,STK,13072,INE489L01022,IIFLCAPS,EQ,,,,,IIFL CAPITAL SERVICES LTD,338.35,341.5,337.55,338.05,338.0,338.3,,338.05,,,111508,37778493.45,3673,F1,1,,,,,
2026-09-03,2026-09-03,CM,NSE,STK,11809,INE530B01024,IIFL,EQ,,,,,IIFL FINANCE LIMITED,638.3,655.95,637.7,643.4,640.0,633.25,,643.44,,,5167110,3348057082.95,73964,F1,1,,,,,
2026-09-03,2026-09-03,CM,NSE,STK,16822,INE0LOJ01019,IKIO,EQ,,,,,IKIO TECHNOLOGIES LIMITED,206.0,209.9,206.0,208.31,208.0,206.14,,208.29,,,140015,29148017.94,2995,F1,1,,,,,
2026-09-03,2026-09-03,CM,NSE,STK,9380,INE369I01014,IL&FSENGG,BZ,,,,,IL&FS ENG AND CONS CO LTD,34.55,35.49,34.55,35.0,35.0,34.1,,35.04,,,43003,1505478.33,43,F1,1,,,,,
2026-09-03,2026-09-03,CM,NSE,STK,6711,INE050B01023,IVC,EQ,,,,,IL&FS INVESTMENT MANAGERS,10.99,10.99,9.8,10.09,10.09,9.59,,10.09,,,2107399,21530240.64,2876,F1,1,,,,,
2026-09-03,2026-09-03,CM,NSE,STK,9381,INE975G01012,IL&FSTRANS,BZ,,,,,IL&FS TRANS NET LTD,2.26,2.26,2.09,2.11,2.15,2.19,,2.11,,,62744,133643.8,83,F1,1,,,,,
2026-09-03,2026-09-03,CM,NSE,STK,7672,INE172N01012,IMAGICAA,EQ,,,,,IMAGICAAWORLD ENT LTD,55.49,56.23,54.11,54.55,54.11,54.61,,54.55,,,646922,35725146.54,2667,F1,1,,,,,
2026-09-03,2026-09-03,CM,NSE,STK,25881,INE691G01015,IMPEXFERRO,BZ,,,,,IMPEX FERRO TECH LIMITED,4.63,4.63,4.63,4.63,4.63,4.54,,4.77,,,34985,161980.55,18,F1,1,,,,,
2026-09-03,2026-09-03,CM,NSE,STK,17507,INE452L01012,INCREDIBLE,EQ,,,,,INCREDIBLE INDUSTRIES LTD,32.78,32.78,31.4,32.13,32.1,32.08,,32.13,,,5335,171248.71,79,F1,1,,,,,
2026-09-03,2026-09-03,CM,NSE,STK,12009,INE547E01014,IMPAL,EQ,,,,,IND MOTOR PART & ACC LTD,1102.1,1120.1,1083.1,1087.8,1092.9,1102.1,,1087.8,,,813,891684.9,86,F1,1,,,,,
2026-09-03,2026-09-03,CM,NSE,STK,4870,INE915B01019,INDSWFTLAB,EQ,,,,,IND SWIFT LABORATORIES LT,366.85,376.0,363.0,372.7,372.0,366.85,,372.68,,,536113,198673373.55,8965,F1,1,,,,,
2026-09-03,2026-09-03,CM,NSE,STK,21957,INE611L01021,INDTERRAIN,EQ,,,,,IND TERRAIN FASHIONS LTD,31.4,31.4,30.16,30.22,30.49,30.16,,30.22,,,9794,298852.82,55,F1,1,,,,,
2026-09-03,2026-09-03,CM,NSE,STK,16933,INE841B01017,INDBANK,EQ,,,,,INDBANK MERCH BANK,30.8,31.1,28.1,28.71,28.77,31.1,,28.71,,,719248,20744139.12,3352,F1,1,,,,,
2026-09-03,2026-09-03,CM,NSE,STK,29678,INE0O9T01021,BAJAJINDEF,EQ,,,,,INDEF MANUFACTURING LTD,221.34,226.0,220.0,220.84,221.79,221.34,,220.66,,,10047,2225333.0,374,F1,1,,,,,
2026-09-03,2026-09-03,CM,NSE,STK,23693,INE065X01017,INDGN,EQ,,,,,INDEGENE LIMITED,603.55,605.0,597.05,600.15,600.0,600.15,,600.15,,,376522,226270069.45,13547,F1,1,,,,,
2026-09-03,2026-09-03,CM,NSE,STK,7128,INE560A01023,INDIAGLYCO,BE,,,,,INDIA GLYCOLS LTD,248.0,248.0,248.0,248.0,248.0,236.2,,248.0,,,6436,1596128.0,137,F1,1,,,,,
2026-09-03,2026-09-03,CM,NSE,STK,4747,INE092B01025,INDNIPPON,EQ,,,,,INDIA NIPPON ELECT  LTD,1078.4,1123.8,1059.1,1109.4,1115.1,1064.3,,1109.4,,,31339,34290192.5,2126,F1,1,,,,,
2026-09-03,2026-09-03,CM,NSE,STK,4934,INE0D6701023,IPL,EQ,,,,,INDIA PESTICIDES LIMITED,136.55,138.85,136.52,137.5,137.79,136.45,,137.5,,,83682,11499807.83,1274,F1,1,,,,,
2026-09-03,2026-09-03,CM,NSE,STK,20556,INE922K01024,INDIASHLTR,EQ,,,,,INDIA SHELTER FIN CORP L,659.95,678.4,654.0,673.1,671.0,651.2,,673.05,,,85059,56775176.0,5921,F1,1,,,,,
2026-09-03,2026-09-03,CM,NSE,STK,19299,INE353K01014,ITDC,EQ,,,,,INDIA TOUR. DEV. CO. LTD.,637.5,652.3,637.5,643.35,645.5,637.15,,643.33,,,44458,28662953.85,3346,F1,1,,,,,
2026-09-03,2026-09-03,CM,NSE,STK,24999,INE126M01010,IBULLSLTD,EQ,,,,,INDIABULLS LIMITED,26.15,26.48,25.57,25.84,25.85,25.96,,25.84,,,4200832,108613723.6,10834,F1,1,,,,,
2026-09-03,2026-09-03,CM,NSE,STK,10726,INE933S01016,INDIAMART,EQ,,,,,INDIAMART INTERMESH LTD,1749.9,1758.6,1726.1,1729.5,1728.0,1740.8,,1729.5,,,39380,68321243.7,5261,F1,1,,,,,
2026-09-03,2026-09-03,CM,NSE,STK,14309,INE562A01011,INDIANB,EQ,,,,,INDIAN BANK,882.5,906.7,882.45,888.75,888.75,878.8,,888.75,,,1755640,1571419927.1,45096,F1,1,,,,,
2026-09-03,2026-09-03,CM,NSE,STK,4422,INE061A01014,INDIANCARD,EQ,,,,,INDIAN CARD CLOTHING CO.,209.92,214.89,209.92,214.82,214.85,209.92,,214.82,,,1016,215471.18,24,F1,1,,,,,
2026-09-03,2026-09-03,CM,NSE,STK,23792,INE0RRU01016,IEML,ST,,,,,INDIAN EMULSIFIERS LTD,41.15,41.15,39.5,40.3,40.15,41.3,,40.3,,,46500,1864700.0,75,F1,500,,,,,
2026-09-03,2026-09-03,CM,NSE,STK,220,INE022Q01020,IEX,EQ,,,,,INDIAN ENERGY EXC LTD,119.3,120.2,118.92,119.15,119.15,118.86,,119.13,,,1683930,201136048.1,19722,F1,1,,,,,
2026-09-03,2026-09-03,CM,NSE,STK,1530,INE323C01030,INDIANHUME,EQ,,,,,INDIAN HUME PIPE CO. LTD.,400.55,405.0,385.5,390.7,387.0,388.7,,390.73,,,97316,38404486.0,3207,F1,1,,,,,
2026-09-03,2026-09-03,CM,NSE,STK,19235,INE919H01018,IMFA,EQ,,,,,INDIAN METALS & FERRO,1295.0,1312.0,1273.1,1281.7,1284.8,1289.1,,1281.67,,,98826,127122433.6,8455,F1,1,,,,,
2026-09-03,2026-09-03,CM,NSE,STK,1624,INE242A01010,IOC,EQ,,,,,INDIAN OIL CORP LTD,136.3,137.8,136.25,137.8,137.8,137.0,,137.78,,,4941277,676473414.18,33882,F1,1,,,,,
2026-09-03,2026-09-03,CM,NSE,STK,9348,INE565A01014,IOB,EQ,,,,,INDIAN OVERSEAS BANK,32.75,33.4,32.68,33.23,33.31,32.68,,33.23,,,4746900,157193034.68,17708,F1,1,,,,,
2026-09-03,2026-09-03,CM,NSE,STK,25033,INE0DHF01018,IPHL,SM,,,,,INDIAN PHOSPHATE LIMITED,72.0,75.0,72.0,72.75,72.8,69.8,,72.75,,,25200,1847280.0,16,F1,1200,,,,,
2026-09-03,2026-09-03,CM,NSE,STK,13611,INE335Y01020,IRCTC,EQ,,,,,INDIAN RAIL TOUR CORP LTD,474.95,477.8,473.6,474.6,475.6,472.6,,474.57,,,401286,190929678.05,15168,F1,1,,,,,
2026-09-03,2026-09-03,CM,NSE,STK,2029,INE053F01010,IRFC,EQ,,,,,INDIAN RAILWAY FIN CORP L,82.84,83.7,82.05,82.65,82.65,82.48,,82.65,,,5718670,474560160.67,35122,F1,1,,,,,
2026-09-03,2026-09-03,CM,NSE,STK,20261,INE202E01016,IREDA,EQ,,,,,INDIAN RENEWABLE ENERGY,113.3,114.55,112.91,113.0,113.0,112.55,,113.03,,,3368996,382403509.66,23525,F1,1,,,,,
2026-09-03,2026-09-03,CM,NSE,STK,762727,INE586E01020,IWP,EQ,,,,,INDIAN WOOD PRODUCTS CO L,36.0,36.0,34.0,34.08,34.0,34.96,,34.08,,,20184,693405.71,83,F1,1,,,,,
2026-09-03,2026-09-03,CM,NSE,STK,2048,INE09VQ01012,INDIGOPNTS,EQ,,,,,INDIGO PAINTS LIMITED,1162.0,1189.0,1162.0,1183.1,1184.0,1171.0,,1183.11,,,58264,68616289.0,9437,F1,1,,,,,
2026-09-03,2026-09-03,CM,NSE,STK,20988,INE219X23014,INDIGRID,IV,,,,,INDIGRID INFRASTRUCT TRST,175.6,175.6,174.9,175.07,174.91,175.22,,175.08,,,382915,67069476.76,12590,F1,1,,,,,
2026-09-03,2026-09-03,CM,NSE,STK,757845,INE06ST01018,INDIQUBE,EQ,,,,,INDIQUBE SPACES LIMITED,195.0,200.08,191.62,193.09,193.01,193.17,,192.87,,,48384,9453486.48,1359,F1,1,,,,,
2026-09-03,2026-09-03,CM,NSE,STK,9120,INE760F01028,INDOAMIN,BE,,,,,INDO AMINES LIMITED,122.9,125.9,121.05,124.28,124.7,122.38,,125.49,,,54693,6789258.97,326,F1,1,,,,,
2026-09-03,2026-09-03,CM,NSE,STK,8614,INE803D01021,INDOBORAX,EQ,,,,,INDO BORAX & CHEMICAL LTD,506.15,529.0,504.7,512.8,515.0,506.15,,512.8,,,218538,113105443.05,9149,F1,1,,,,,
2026-09-03,2026-09-03,CM,NSE,STK,11987,INE483B01026,ICIL,EQ,,,,,INDO COUNT INDUSTRIES LTD,448.0,448.05,435.0,437.35,436.5,447.15,,437.36,,,313057,138339733.9,12396,F1,1,,,,,
2026-09-03,2026-09-03,CM,NSE,STK,29025,INE622H01018,INDOFARM,EQ,,,,,INDO FARM EQUIPMENT LTD,136.0,139.0,133.5,134.54,134.9,134.97,,134.54,,,76779,10396163.7,1672,F1,1,,,,,
2026-09-03,2026-09-03,CM,NSE,STK,10993,INE156A01020,INDORAMA,EQ,,,,,INDO RAMA SYNTHETICS LTD,67.6,72.44,67.57,68.87,69.3,66.77,,68.88,,,873235,61207071.4,9577,F1,1,,,,,
2026-09-03,2026-09-03,CM,NSE,STK,13275,INE332H01014,INDOTECH,EQ,,,,,INDO TECH TRANSFORM LTD.,3615.0,3689.8,3588.3,3610.7,3624.0,3577.2,,3610.95,,,9485,34354668.2,1746,F1,1,,,,,
2026-09-03,2026-09-03,CM,NSE,STK,25608,INE337M01021,INDOTHAI,EQ,,,,,INDO THAI SEC LTD,37.63,37.63,37.63,37.63,37.63,39.61,,37.63,,,306871,11547555.73,991,F1,1,,,,,
2026-09-03,2026-09-03,CM,NSE,STK,25503,INE250Z01010,INDOUS,EQ,,,,,INDO US BIOTECH LTD,78.15,81.99,78.15,78.82,78.8,78.15,,78.82,,,3576,282348.7,44,F1,1,,,,,
2026-09-03,2026-09-03,CM,NSE,STK,764301,INE084101034,INDOMIM,EQ,,,,,INDO-MIM LIMITED,899.9,933.0,888.2,922.4,923.95,888.0,,922.41,,,2885760,2651839430.3,74105,F1,1,,,,,
2026-09-03,2026-09-03,CM,NSE,STK,6782,INE567A01028,NIPPOBATRY,EQ,,,,,INDO-NATIONAL LIMITED,321.2,330.0,321.2,324.0,323.6,323.1,,324.0,,,705,229244.2,67,F1,1,,,,,
2026-09-03,2026-09-03,CM,NSE,STK,11677,INE873D01024,INDOCO,EQ,,,,,INDOCO REMEDIES LTD.,273.36,283.5,266.38,272.56,272.0,273.77,,272.6,,,1489787,410890159.08,25399,F1,1,,,,,
2026-09-03,2026-09-03,CM,NSE,STK,757801,INE05J901018,IGCL,EQ,,,,,INDOGULF CROPSCIENCES LTD,74.09,74.79,72.1,73.27,72.5,73.27,,73.26,,,91466,6720160.42,2643,F1,1,,,,,
2026-09-03,2026-09-03,CM,NSE,STK,764708,INE716F01012,INDOKEM,EQ,,,,,INDOKEM LTD.,587.05,657.0,587.05,628.7,630.0,597.55,,628.73,,,13764,8763010.65,531,F1,1,,,,,
2026-09-03,2026-09-03,CM,NSE,STK,19955,INE866K01023,WAAREEINDO,EQ,,,,,INDOSOLAR LIMITED,265.75,278.15,265.75,274.85,275.5,264.95,,274.97,,,177423,48810569.65,2506,F1,1,,,,,
2026-09-03,2026-09-03,CM,NSE,STK,3088,INE896L01010,INDOSTAR,EQ,,,,,INDOSTAR CAPITAL FIN LTD,260.0,261.13,254.2,255.88,255.0,261.07,,255.88,,,36649,9403511.89,647,F1,1,,,,,
2026-09-03,2026-09-03,CM,NSE,STK,14952,INE227G01018,INDOWIND,EQ,,,,,INDOWIND ENERGY LTD,9.15,9.15,8.98,9.05,9.09,8.98,,9.01,,,51978,469956.85,275,F1,1,,,,,
2026-09-03,2026-09-03,CM,NSE,STK,11262,INE203G01027,IGL,EQ,,,,,INDRAPRASTHA GAS LTD,148.15,150.06,148.15,149.42,149.21,147.94,,149.42,,,680077,101589197.84,16324,F1,1,,,,,
2026-09-03,2026-09-03,CM,NSE,STK,4751,INE681B01017,INDRAMEDCO,EQ,,,,,INDRAPRASTHA MEDICAL CORP,355.6,360.0,352.35,356.35,358.1,352.35,,356.33,,,148838,52935242.95,3751,F1,1,,,,,
2026-09-03,2026-09-03,CM,NSE,STK,23036,INE0NHL23019,INDUSINVIT,IV,,,,,INDUS INFRA TRUST,134.64,134.64,133.61,134.01,134.3,133.43,,134.0,,,76902,10304123.11,8870,F1,1,,,,,
2026-09-03,2026-09-03,CM,NSE,STK,29135,INE121J01017,INDUSTOWER,EQ,,,,,INDUS TOWERS LIMITED,380.5,381.3,373.35,374.95,374.95,379.0,,374.95,,,4386555,1654508599.65,39226,F1,1,,,,,
2026-09-03,2026-09-03,CM,NSE,STK,5258,INE095A01012,INDUSINDBK,EQ,,,,,INDUSIND BANK LIMITED,980.0,1004.8,977.6,1004.8,1004.8,978.0,,1004.78,,,1959777,1951986789.3,34190,F1,1,,,,,
2026-09-03,2026-09-03,CM,NSE,STK,762717,INE620D01011,INDPRUD,EQ,,,,,INDUSTRIAL & PRU INV CO L,6392.0,6392.0,6225.0,6325.0,6325.0,6275.0,,6325.0,,,71,444579.0,16,F1,1,,,,,
2026-09-03,2026-09-03,CM,NSE,STK,19525,INE886A01014,IITL,EQ,,,,,INDUSTRIAL INV TRUST LTD,152.01,155.8,148.75,151.92,149.1,150.05,,151.92,,,88604,13553576.76,772,F1,1,,,,,
2026-09-03,2026-09-03,CM,NSE,STK,15036,INE0MRE01011,INFINIUM,SM,,,,,INFINIUM PHARMACHEM LTD,253.5,255.0,245.5,250.0,250.0,259.95,,250.0,,,6000,1509950.0,12,F1,500,,,,,
2026-09-03,2026-09-03,CM,NSE,STK,757602,INE0MYZ01012,INFLUX,SM,,,,,INFLUX HEALTHTECH LIMITED,283.6,298.4,283.0,290.4,294.85,283.85,,290.4,,,16200,4692150.0,26,F1,600,,,,,
2026-09-03,2026-09-03,CM,NSE,STK,13751,INE663F01032,NAUKRI,EQ,,,,,INFO EDGE (I) LTD,1343.7,1348.9,1320.2,1330.0,1330.0,1343.7,,1330.0,,,450580,600594798.4,23303,F1,1,,,,,
2026-09-03,2026-09-03,CM,NSE,STK,11027,INE344S01016,INFOBEAN,EQ,,,,,INFOBEANS TECHNO. LTD.,157.6,160.1,156.11,157.68,157.52,157.22,,157.68,,,131868,20734903.33,2321,F1,1,,,,,
2026-09-03,2026-09-03,CM,NSE,STK,16588,INE0NNZ01013,INFOLLION,SM,,,,,INFOLLION RESEARCH SER L,157.75,159.85,155.0,158.4,159.85,156.25,,158.4,,,6800,1071560.0,13,F1,400,,,,,
2026-09-03,2026-09-03,CM,NSE,STK,13693,INE669A01022,INFOMEDIA,EQ,,,,,INFOMEDIA PRESS LIMITED,5.29,5.29,5.1,5.18,5.15,5.15,,5.18,,,2481,12869.92,25,F1,1,,,,,
2026-09-03,2026-09-03,CM,NSE,STK,1594,INE009A01021,INFY,EQ,,,,,INFOSYS LIMITED,1144.0,1144.0,1122.5,1130.3,1130.3,1140.0,,1130.08,,,5786250,6541960761.6,172536,F1,1,,,,,
2026-09-03,2026-09-03,CM,NSE,STK,1597,INE177A01018,INGERRAND,EQ,,,,,INGERSOLL-RAND INDIA LTD,4889.5,4923.2,4808.0,4846.4,4840.0,4883.5,,4846.15,,,30432,147407351.9,6085,F1,1,,,,,
2026-09-03,2026-09-03,CM,NSE,STK,25323,INE0S1D01010,INNOMET,ST,,,,,INNOMET ADVANCED MATERI L,276.95,276.95,276.95,276.95,276.95,271.55,,276.95,,,195600,54171420.0,107,F1,600,,,,,
2026-09-03,2026-09-03,CM,NSE,STK,21062,INE0DUT01020,INNOVACAP,EQ,,,,,INNOVA CAPTAB LIMITED,1134.0,1155.8,1101.9,1125.4,1134.0,1108.6,,1125.32,,,168214,189498286.3,19196,F1,1,,,,,
2026-09-03,2026-09-03,CM,NSE,STK,27754,INE403Y01018,INNOVANA,EQ,,,,,INNOVANA THINKLABS LTD,313.0,322.8,299.05,308.5,305.1,298.05,,309.99,,,2656,829689.85,172,F1,1,,,,,
2026-09-03,2026-09-03,CM,NSE,STK,761528,INE0ADB01012,INNOVISION,EQ,,,,,INNOVISION LIMITED,256.1,260.0,254.1,255.65,255.0,258.75,,255.62,,,10702,2740682.55,827,F1,1,,,,,
2026-09-03,2026-09-03,CM,NSE,STK,12188,INE510W01014,INOXGREEN,EQ,,,,,INOX GREEN ENERGY SER LTD,165.6,173.44,161.66,171.01,172.05,164.25,,170.99,,,1645262,275985046.25,12986,F1,1,,,,,
2026-09-03,2026-09-03,CM,NSE,STK,20607,INE616N01034,INOXINDIA,EQ,,,,,INOX INDIA LIMITED,2119.0,2195.0,2087.9,2176.2,2180.0,2099.4,,2176.54,,,224172,481866062.2,23902,F1,1,,,,,
2026-09-03,2026-09-03,CM,NSE,STK,7852,INE066P01011,INOXWIND,EQ,,,,,INOX WIND LIMITED,71.9,74.56,70.54,74.0,74.0,70.59,,74.0,,,39746918,2876607313.92,92953,F1,1,,,,,
2026-09-03,2026-09-03,CM,NSE,STK,14657,INE070I01018,INSECTICID,EQ,,,,,INSECTICIDES (I) LTD,612.6,645.0,606.25,614.15,615.0,612.6,,614.18,,,69910,43599458.45,2889,F1,1,,,,,
2026-09-03,2026-09-03,CM,NSE,STK,761099,INE0LGX01024,INA,EQ,,,,,INSOLATION ENERGY LIMITED,89.11,91.78,88.5,89.03,89.6,89.37,,89.03,,,396368,35594179.5,3771,F1,1,,,,,
2026-09-03,2026-09-03,CM,NSE,STK,19154,INE0NDX01019,INSPIRE,SM,,,,,INSPIRE FILMS LIMITED,8.15,8.15,8.05,8.05,8.05,8.05,,8.05,,,4000,32400.0,2,F1,2000,,,,,
2026-09-03,2026-09-03,CM,NSE,STK,13730,INE020G01017,INSPIRISYS,EQ,,,,,INSPIRISYS SOLUTIONS LTD,93.0,93.8,89.0,93.03,93.61,89.7,,93.03,,,5997,555754.54,80,F1,1,,,,,
2026-09-03,2026-09-03,CM,NSE,STK,30323,INE418N01035,ESSENTIA,EQ,,,,,INTEGRA ESSENTIA LIMITED,1.04,1.08,1.04,1.05,1.06,1.04,,1.05,,,3372468,3557672.19,620,F1,1,,,,,
2026-09-03,2026-09-03,CM,NSE,STK,757905,INE0YSH01017,INTEGRITY,ST,,,,,INTEGRITY INFRABUILD DE L,171.05,171.05,171.05,171.05,171.05,174.0,,171.05,,,1200,205260.0,1,F1,1200,,,,,
2026-09-03,2026-09-03,CM,NSE,STK,5926,INE306R01017,INTELLECT,EQ,,,,,INTELLECT DESIGN ARENA,679.75,684.7,675.8,678.3,678.35,679.25,,678.34,,,187026,127192772.6,12794,F1,1,,,,,
2026-09-03,2026-09-03,CM,NSE,STK,20071,INE781A01025,INTENTECH,EQ,,,,,INTENSE TECHNOLOGIES LTD,82.68,82.68,79.0,79.54,79.01,80.09,,79.53,,,9488,759238.7,158,F1,1,,,,,
2026-09-03,2026-09-03,CM,NSE,STK,24909,INE00M901018,INTERARCH,EQ,,,,,INTERARCH BLDNG SOLTN LTD,1688.1,1712.8,1688.1,1701.2,1700.0,1687.5,,1701.15,,,30376,51594769.7,4168,F1,1,,,,,
2026-09-03,2026-09-03,CM,NSE,STK,11195,INE646L01027,INDIGO,EQ,,,,,INTERGLOBE AVIATION LTD,5035.0,5047.0,4925.0,4980.0,4980.0,5020.0,,4977.85,,,801486,3984797870.0,48703,F1,1,,,,,
2026-09-03,2026-09-03,CM,NSE,STK,22770,INE0OPC01015,INM,SM,,,,,INTERIORS & MORE LIMITED,147.05,150.0,147.0,148.0,150.0,156.0,,148.0,,,3000,444060.0,5,F1,600,,,,,
2026-09-03,2026-09-03,CM,NSE,STK,5606,INE575C01027,INTLCONV,EQ,,,,,INTL CONVEYORS LIMITED,81.0,81.0,78.61,79.44,78.71,79.65,,79.45,,,42465,3407423.24,1461,F1,1,,,,,
2026-09-03,2026-09-03,CM,NSE,STK,28378,INE0Q9301021,IGIL,EQ,,,,,INTL GEMOLOGICAL INST LTD,329.4,330.0,321.2,325.95,327.0,327.2,,325.93,,,497239,161814849.65,24062,F1,1,,,,,
2026-09-03,2026-09-03,CM,NSE,STK,18479,INE566K01011,ISFT,EQ,,,,,INTRASOFT TECH. LTD,86.8,88.9,84.01,84.79,84.2,87.81,,84.79,,,117655,10292267.11,937,F1,1,,,,,
2026-09-03,2026-09-03,CM,NSE,STK,24870,INE878H01024,INVENTURE,EQ,,,,,INVENTURE GRO & SEC LTD,0.93,0.94,0.92,0.92,0.93,0.92,,0.92,,,455822,421806.83,308,F1,1,,,,,
2026-09-03,2026-09-03,CM,NSE,STK,28125,INE115Q01022,IKS,EQ,,,,,INVENTURUS KNOWLEDGE SO L,1740.9,1763.8,1717.9,1732.4,1738.0,1744.1,,1732.5,,,61480,106435553.2,7773,F1,1,,,,,
2026-09-03,2026-09-03,CM,NSE,STK,18292,INF205KA1BP1,IVZINGOLD,EQ,,,,,INVESCO INDIA GOLD ETF,130.65,134.25,130.65,133.3,133.4,129.65,,133.48,,,36383,4844254.9,243,F1,1,,,,,
2026-09-03,2026-09-03,CM,NSE,STK,24217,INF205KA1CC7,IVZINNIFTY,EQ,,,,,INVESCO INDIA NIFTY ETF,281.16,281.16,274.31,274.66,274.81,274.31,,274.66,,,1514,416570.95,33,F1,1,,,,,
2026-09-03,2026-09-03,CM,NSE,STK,762725,INE155E01016,INVPRECQ,BE,,,,,INVESTMENT & PREC CAST L,1293.0,1293.0,1275.0,1280.0,1280.0,1275.0,,1290.0,,,737,942334.0,26,F1,1,,,,,
2026-09-03,2026-09-03,CM,NSE,STK,760139,INE0XJ501010,INVICTA,SM,,,,,INVICTA DIAGNOSTIC LTD,69.6,69.9,68.3,68.3,68.3,69.9,,68.3,,,6400,443840.0,4,F1,1600,,,,,
2026-09-03,2026-09-03,CM,NSE,STK,20413,INE485C01029,IOLCP,EQ,,,,,IOL CHEM AND PHARMA LTD,189.8,202.99,189.7,196.43,196.2,188.38,,196.41,,,8448743,1679032465.42,82302,F1,1,,,,,
2026-09-03,2026-09-03,CM,NSE,STK,1630,INE570A01022,IONEXCHANG,EQ,,,,,ION EXCHANGE (INDIA) LTD,384.0,392.8,380.15,382.2,384.6,382.1,,382.21,,,434947,168699932.55,15230,F1,1,,,,,
2026-09-03,2026-09-03,CM,NSE,STK,764713,INE558A01019,IPRINGLTD,EQ,,,,,IP RINGS LTD.,174.0,174.0,160.15,162.07,160.2,167.78,,162.06,,,2066,340976.05,134,F1,1,,,,,
2026-09-03,2026-09-03,CM,NSE,STK,1633,INE571A01038,IPCALAB,EQ,,,,,IPCA LABORATORIES LTD,1959.5,1978.2,1907.9,1956.1,1954.0,1956.5,,1956.07,,,301813,584999742.8,25153,F1,1,,,,,
2026-09-03,2026-09-03,CM,NSE,STK,15313,INE821I01022,IRB,EQ,,,,,IRB INFRA DEV LTD.,19.21,20.04,19.21,19.67,19.73,19.18,,19.67,,,40287061,796998710.73,39572,F1,1,,,,,
2026-09-03,2026-09-03,CM,NSE,STK,20817,INE183W23014,IRBINVIT,IV,,,,,IRB INVIT FUND,64.89,64.89,64.31,64.5,64.58,64.3,,64.51,,,397154,25686433.85,3630,F1,1,,,,,
2026-09-03,2026-09-03,CM,NSE,STK,4986,INE962Y01021,IRCON,EQ,,,,,IRCON INTERNATIONAL LTD,118.8,120.71,118.4,118.69,118.6,118.25,,118.69,,,1024866,122460730.12,14986,F1,1,,,,,
2026-09-03,2026-09-03,CM,NSE,STK,1391,INE202E07138,880IREDA29,N5,,,,,IREDA 8.80NCDTR I SR II B,1130.0,1130.0,1130.0,1130.0,1130.0,1130.0,,1125.04,,,17,19210.0,1,F1,1,,,,,
2026-09-03,2026-09-03,CM,NSE,STK,2275,INE01GN01025,IRISDOREME,EQ,,,,,IRIS CLOTHINGS LIMITED,58.75,61.6,57.99,59.98,60.24,58.39,,59.98,,,1387961,82503361.88,6524,F1,1,,,,,
2026-09-03,2026-09-03,CM,NSE,STK,6489,INE864K01010,IRIS,EQ,,,,,IRIS REGTECH SOLUTION LTD,244.88,260.0,244.88,253.93,256.0,245.8,,253.93,,,49032,12464782.1,1528,F1,1,,,,,
2026-09-03,2026-09-03,CM,NSE,STK,19597,INE07U701015,IRMENERGY,EQ,,,,,IRM ENERGY LIMITED,283.25,287.9,281.9,283.85,282.2,283.25,,283.89,,,44116,12546484.4,1941,F1,1,,,,,
2026-09-03,2026-09-03,CM,NSE,STK,761208,INE413U07442,925ISF28,N0,,,,,ISF 9.25% 2028,9785.0,9785.0,9785.0,9785.0,9785.0,9605.55,,9785.0,,,5,48925.0,1,F1,1,,,,,
2026-09-03,2026-09-03,CM,NSE,STK,760991,INE413U07467,925ISF29,N0,,,,,ISF 9.25% 2029 SR B,9790.0,9790.0,9790.0,9790.0,9790.0,9824.99,,9790.0,,,20,195800.0,1,F1,1,,,,,
2026-09-03,2026-09-03,CM,NSE,STK,757708,INE413U07426,950ISF27C,N0,,,,,ISF 9.50% 2027,9866.42,9900.0,9866.42,9900.0,9900.0,9916.0,,9900.0,,,19,187764.2,2,F1,1,,,,,
2026-09-03,2026-09-03,CM,NSE,STK,759100,INE413U07434,965ISF28,N0,,,,,ISF 9.65% 2028,99000.0,99000.0,99000.0,99000.0,99000.0,99000.0,,99000.0,,,1,99000.0,1,F1,1,,,,,
2026-09-03,2026-09-03,CM,NSE,STK,3329,INE858B01029,ISGEC,EQ,,,,,ISGEC HEAVY ENG LTD,780.0,783.8,765.5,771.1,775.5,777.55,,770.95,,,26623,20532452.5,2884,F1,1,,,,,
2026-09-03,2026-09-03,CM,NSE,STK,30249,INE561M01018,ISHANCH,EQ,,,,,ISHAN DYES N CHEMICALS L,44.45,50.48,44.45,45.4,45.1,43.77,,45.4,,,281237,13455569.37,2649,F1,1,,,,,
2026-09-03,2026-09-03,CM,NSE,STK,29251,INE379A01028,ITCHOTELS,EQ,,,,,ITC HOTELS LIMITED,159.42,160.89,159.25,160.25,160.7,158.63,,160.24,,,796973,127377668.49,14687,F1,1,,,,,
2026-09-03,2026-09-03,CM,NSE,STK,1660,INE154A01025,ITC,EQ,,,,,ITC LTD,266.5,267.6,262.35,263.0,263.0,266.3,,262.79,,,17813663,4711597457.3,179304,F1,1,,,,,
2026-09-03,2026-09-03,CM,NSE,STK,1675,INE248A01017,ITI,EQ,,,,,ITI LTD,268.5,271.45,268.0,268.45,269.0,267.7,,268.44,,,109100,29401732.35,3633,F1,1,,,,,
2026-09-03,2026-09-03,CM,NSE,STK,764723,INE478D01014,ITL,EQ,,,,,ITL INDUSTRIES LTD.,363.2,368.85,360.5,362.4,366.65,363.2,,362.71,,,460,166626.55,22,F1,1,,,,,
2026-09-03,2026-09-03,CM,NSE,STK,759041,INE056801025,IVALUE,EQ,,,,,IVALUE INFOSOLUTIONS LTD,241.0,244.0,235.05,236.18,235.76,238.38,,236.18,,,135726,32467681.15,5237,F1,1,,,,,
2026-09-03,2026-09-03,CM,NSE,STK,8857,INE043C01018,IVP,BE,,,,,IVP LIMITED,210.9,214.0,204.0,206.25,206.6,209.8,,206.25,,,18881,3961764.5,164,F1,1,,,,,
2026-09-03,2026-09-03,CM,NSE,STK,757644,INE1AII01014,IWARE,ST,,,,,IWARE SUPPLYCHAIN SER LTD,447.95,462.25,447.95,462.25,462.25,440.25,,462.25,,,11400,5224680.0,17,F1,600,,,,,
2026-09-03,2026-09-03,CM,NSE,STK,14174,INE848A01014,IZMO,EQ,,,,,IZMO LIMITED,945.85,961.0,915.0,921.95,922.0,938.8,,921.92,,,145199,135473721.35,10148,F1,1,,,,,
2026-09-03,2026-09-03,CM,NSE,STK,5633,INE168A01041,J&KBANK,EQ,,,,,J & K BANK LTD.,146.1,151.98,146.0,149.86,149.35,144.44,,149.84,,,3645652,546876911.83,47186,F1,1,,,,,
2026-09-03,2026-09-03,CM,NSE,STK,23056,INE0MB501011,JGCHEM,EQ,,,,,J.G.CHEMICALS LIMITED,601.05,622.9,601.05,612.2,611.0,600.85,,611.98,,,261636,160236522.15,10234,F1,1,,,,,
2026-09-03,2026-09-03,CM,NSE,STK,13211,INE199G01027,JAGRAN,EQ,,,,,JAGRAN PRAKASHAN LIMITED,61.44,61.49,61.02,61.23,61.37,61.03,,61.23,,,131117,8029984.82,1331,F1,1,,,,,
2026-09-03,2026-09-03,CM,NSE,STK,4410,INE048B01035,JAGSNPHARM,EQ,,,,,JAGSONPAL PHARMACEUTICALS,237.4,249.57,237.01,243.02,244.0,237.03,,242.96,,,300344,73315110.0,6470,F1,1,,,,,
2026-09-03,2026-09-03,CM,NSE,STK,11256,INE091G01026,JAIBALAJI,EQ,,,,,JAI BALAJI INDUSTRIES LTD,71.04,71.6,70.6,70.85,70.97,70.6,,70.85,,,282615,20118163.54,2002,F1,1,,,,,
2026-09-03,2026-09-03,CM,NSE,STK,5143,INE070D01027,JAICORPLTD,EQ,,,,,JAI CORP LIMITED,98.61,100.45,98.35,99.15,99.56,98.01,,99.14,,,296560,29476424.23,3522,F1,1,,,,,
2026-09-03,2026-09-03,CM,NSE,STK,25684,IN9175A01010,JISLDVREQS,EQ,,,,,JAIN DVR EQUITY SHARES,20.8,21.66,20.6,21.03,21.2,20.97,,21.04,,,211500,4467788.0,435,F1,1,,,,,
2026-09-03,2026-09-03,CM,NSE,STK,10397,INE175A01038,JISLJALEQS,EQ,,,,,JAIN IRRIGATION SYSTEMS,28.32,28.9,28.05,28.16,28.15,28.24,,28.16,,,1113582,31675707.91,3192,F1,1,,,,,
2026-09-03,2026-09-03,CM,NSE,STK,759244,INE0YD401026,JAINREC,EQ,,,,,JAIN RESOURCE RECYCLING L,284.0,289.6,278.55,279.8,281.85,282.15,,279.82,,,927545,262602449.0,19444,F1,1,,,,,
2026-09-03,2026-09-03,CM,NSE,STK,6012,INE02KC01010,JAINAM,SM,,,,,JAINAM FER ALLOYS (I) LTD,214.0,214.0,214.0,214.0,214.0,224.9,,214.0,,,5500,1177000.0,10,F1,500,,,,,
2026-09-03,2026-09-03,CM,NSE,STK,758303,INE0XIL01012,JAINIK,SM,,,,,JAINIK POWER CABLES LTD,199.3,204.5,199.3,204.5,204.5,208.0,,204.5,,,2400,484560.0,2,F1,1200,,,,,
2026-09-03,2026-09-03,CM,NSE,STK,11763,INE351F01018,JPPOWER,EQ,,,,,JAIPRAKASH POWER VEN. LTD,16.46,16.6,16.09,16.14,16.18,16.37,,16.14,,,28174660,459457821.75,27215,F1,1,,,,,
2026-09-03,2026-09-03,CM,NSE,STK,20930,INE349X01015,JALAN,ST,,,,,JALAN TRANSOLU. INDIA LTD,1.85,1.85,1.85,1.85,1.85,1.85,,1.85,,,3000,5550.0,1,F1,3000,,,,,
2026-09-03,2026-09-03,CM,NSE,STK,20778,INE039C01032,JAMNAAUTO,EQ,,,,,JAMNA AUTO IND LTD,121.1,122.85,120.89,122.04,121.8,120.29,,122.04,,,999415,121803857.33,10138,F1,1,,,,,
2026-09-03,2026-09-03,CM,NSE,STK,22663,INE953L01027,JSFB,EQ,,,,,JANA SMALL FIN BANK LTD,526.6,545.95,526.6,534.2,532.0,523.4,,534.21,,,679587,365617330.9,15398,F1,1,,,,,
2026-09-03,2026-09-03,CM,NSE,STK,759951,INE00YJ01010,JARO,EQ,,,,,JARO INS OF TEC MG N RE L,460.0,466.55,452.4,454.4,454.0,455.25,,454.38,,,89014,40856100.4,2306,F1,1,,,,,
2026-09-03,2026-09-03,CM,NSE,STK,13982,INE039O01029,JASH,EQ,,,,,JASH ENGINEERING LIMITED,474.9,475.0,462.0,464.15,462.0,470.35,,464.19,,,69457,32400729.65,4213,F1,1,,,,,
2026-09-03,2026-09-03,CM,NSE,STK,25037,INE0SMY01017,JAYBEE,SM,,,,,JAY BEE LAMINATIONS LTD,86.3,88.3,84.3,84.95,85.9,86.3,,84.95,,,23000,1993800.0,35,F1,500,,,,,
2026-09-03,2026-09-03,CM,NSE,STK,1708,INE571B01036,JAYBARMARU,EQ,,,,,JAY BHARAT MARUTI LTD,125.0,125.0,121.5,121.81,121.55,122.44,,121.83,,,111594,13689626.17,1607,F1,1,,,,,
2026-09-03,2026-09-03,CM,NSE,STK,10889,INE0J6801010,KORE,SM,,,,,JAY JALARAM TECHNO LTD,116.0,125.45,108.0,112.55,113.0,114.05,,112.55,,,109250,12815675.0,194,F1,250,,,,,
2026-09-03,2026-09-03,CM,NSE,STK,4041,INE785A01026,JAYAGROGN,EQ,,,,,JAYANT AGRO ORGANICS LTD,231.3,241.0,227.0,230.83,234.8,229.57,,230.88,,,24956,5878060.96,796,F1,1,,,,,
2026-09-03,2026-09-03,CM,NSE,STK,2331,INE854B01010,JAYNECOIND,EQ,,,,,JAYASWAL NECO INDUSTR LTD,99.35,101.87,98.22,98.68,99.31,98.19,,98.68,,,4240845,423755860.27,26780,F1,1,,,,,
2026-09-03,2026-09-03,CM,NSE,STK,760073,INE903A01025,JAYKAY,EQ,,,,,JAYKAY ENTERPRISES LTD,168.8,171.29,165.0,166.46,165.1,169.4,,166.46,,,204585,34330417.59,3517,F1,1,,,,,
2026-09-03,2026-09-03,CM,NSE,STK,1720,INE364A01020,JAYSREETEA,EQ,,,,,JAYSHREE TEA & INDUSTRIES,100.0,102.59,97.15,99.31,99.78,99.79,,99.31,,,76843,7679369.4,1068,F1,1,,,,,
2026-09-03,2026-09-03,CM,NSE,STK,11655,INE927D01051,JBMA,EQ,,,,,JBM AUTO LIMITED,623.95,643.8,620.55,629.1,626.5,621.5,,629.08,,,622084,393717605.4,25046,F1,1,,,,,
2026-09-03,2026-09-03,CM,NSE,STK,758115,INE0J5801029,JSLL,EQ,,,,,JEENA SIKHO LIFECARE LTD,502.0,509.8,500.0,501.45,501.0,513.65,,501.46,,,606645,306009682.9,18432,F1,1,,,,,
2026-09-03,2026-09-03,CM,NSE,STK,764728,INE354A01013,JENBURPH,EQ,,,,,JENBURKT PHARMACEUTICAL L,1040.0,1049.7,1027.3,1031.5,1030.1,1043.9,,1031.61,,,2668,2755190.1,36,F1,1,,,,,
2026-09-03,2026-09-03,CM,NSE,STK,7211,INE982V01025,JETFREIGHT,EQ,,,,,JET FREIGHT LOGISTICS LTD,21.7,21.7,20.8,20.91,20.86,21.17,,20.91,,,174209,3684599.23,1338,F1,1,,,,,
2026-09-03,2026-09-03,CM,NSE,STK,25150,INE0RXB01022,JEYYAM,ST,,,,,JEYYAM GLOBAL FOODS LTD,22.1,23.25,22.1,22.4,22.4,22.3,,22.4,,,146000,3305200.0,36,F1,2000,,,,,
2026-09-03,2026-09-03,CM,NSE,STK,10885,INE0LA901015,JFLLIFE,SM,,,,,JFL LIFE SCIENCES LIMITED,9.85,9.85,9.8,9.8,9.8,10.15,,9.8,,,66000,647400.0,5,F1,6000,,,,,
2026-09-03,2026-09-03,CM,NSE,STK,13720,INE544H01014,JHS,EQ,,,,,JHS SVEND. LAB. LTD,7.81,8.04,7.81,7.86,7.9,7.81,,7.86,,,37425,295163.5,142,F1,1,,,,,
2026-09-03,2026-09-03,CM,NSE,STK,24145,INE03DD01011,RETAIL,EQ,,,,,JHS SVENDGAARD RETAIL V L,17.21,17.95,16.82,17.45,17.48,17.29,,17.45,,,1383,24062.24,35,F1,1,,,,,
2026-09-03,2026-09-03,CM,NSE,STK,31507,INE147P01019,JPOLYINVST,EQ,,,,,JIND POL INV & FIN CO LTD,1010.0,1024.0,996.1,1006.5,998.2,1011.9,,1006.52,,,6033,6068339.5,758,F1,1,,,,,
2026-09-03,2026-09-03,CM,NSE,STK,13875,INE742C01031,JINDRILL,EQ,,,,,JINDAL DRILLING IND. LTD,644.95,664.2,634.5,649.9,651.0,642.1,,649.9,,,765112,500009631.25,25376,F1,1,,,,,
2026-09-03,2026-09-03,CM,NSE,STK,11743,INE796G01012,JINDALPHOT,EQ,,,,,JINDAL PHOTO LIMITED,1040.0,1040.0,1020.0,1026.2,1021.0,1027.6,,1026.2,,,1150,1184464.8,161,F1,1,,,,,
2026-09-03,2026-09-03,CM,NSE,STK,1756,INE197D01010,JINDALPOLY,EQ,,,,,JINDAL POLY FILMS LIMITED,680.2,691.4,674.05,683.7,676.7,686.25,,683.7,,,14854,10139480.3,1273,F1,1,,,,,
2026-09-03,2026-09-03,CM,NSE,STK,3024,INE324A01032,JINDALSAW,EQ,,,,,JINDAL SAW LIMITED,314.5,315.3,306.9,310.85,310.4,309.15,,310.84,,,1986928,619226872.55,34771,F1,1,,,,,
2026-09-03,2026-09-03,CM,NSE,STK,11236,INE220G01021,JSL,EQ,,,,,JINDAL STAINLESS LIMITED,734.9,741.0,726.0,738.4,740.5,734.9,,738.4,,,1145373,842341935.65,35469,F1,1,,,,,
2026-09-03,2026-09-03,CM,NSE,STK,6733,INE749A01030,JINDALSTEL,EQ,,,,,JINDAL STEEL LIMITED,1165.0,1169.0,1134.7,1145.0,1145.0,1159.4,,1144.97,,,950251,1088112244.6,30302,F1,1,,,,,
2026-09-03,2026-09-03,CM,NSE,STK,20642,INE247D01039,JINDWORLD,EQ,,,,,JINDAL WORLDWIDE LTD,40.52,48.22,40.52,48.15,48.22,40.19,,48.15,,,110819795,5093916738.13,193423,F1,1,,,,,
2026-09-03,2026-09-03,CM,NSE,STK,759205,INE1FF001016,JKIPL,EQ,,,,,JINKUSHAL INDUSTRIES LTD,107.15,108.37,105.2,105.66,105.21,107.56,,105.69,,,7273,776409.93,224,F1,1,,,,,
2026-09-03,2026-09-03,CM,NSE,STK,18143,INE758E01017,JIOFIN,EQ,,,,,JIO FIN SERVICES LTD,236.9,240.48,236.4,237.45,237.45,236.9,,237.46,,,9293803,2210963294.17,47533,F1,1,,,,,
2026-09-03,2026-09-03,CM,NSE,STK,765307,INF22M001184,NIFTYJBLK,EQ,,,,,JIOBLACKROCKAMC-NIFTYJBLK,12.59,12.59,12.22,12.29,12.3,12.29,,12.3,,,335371,4124313.12,620,F1,1,,,,,
2026-09-03,2026-09-03,CM,NSE,STK,19691,INE863T01013,JITFINFRA,EQ,,,,,JITF INFRALOGISTICS LTD,304.95,317.4,304.95,310.65,310.9,304.25,,310.65,,,10978,3403694.75,456,F1,1,,,,,
2026-09-03,2026-09-03,CM,NSE,STK,13270,INE823G01014,JKCEMENT,EQ,,,,,JK CEMENT LIMITED,4979.5,5123.5,4951.0,5039.5,5057.0,4979.5,,5039.46,,,53939,269129603.5,6489,F1,1,,,,,
2026-09-03,2026-09-03,CM,NSE,STK,13491,INE786A01032,JKLAKSHMI,EQ,,,,,JK LAKSHMI CEMENT LTD,516.9,519.65,512.0,514.4,514.3,514.3,,514.4,,,116502,59942880.9,9974,F1,1,,,,,
2026-09-03,2026-09-03,CM,NSE,STK,11860,INE789E01012,JKPAPER,EQ,,,,,JK PAPER LIMITED,397.95,414.8,396.85,410.15,411.15,395.2,,410.17,,,1519421,620518221.55,44914,F1,1,,,,,
2026-09-03,2026-09-03,CM,NSE,STK,14435,INE573A01042,JKTYRE,EQ,,,,,JK TYRE & INDUSTRIES LTD,371.5,373.0,367.35,369.45,369.0,370.15,,369.46,,,265679,98515019.0,9665,F1,1,,,,,
2026-09-03,2026-09-03,CM,NSE,STK,15266,INE576I01022,JKIL,EQ,,,,,JKUMAR INFR.LTD.,485.95,490.0,484.85,487.7,486.55,483.5,,487.72,,,25718,12537165.4,1198,F1,1,,,,,
2026-09-03,2026-09-03,CM,NSE,STK,13637,INE780C01023,JMFINANCIL,EQ,,,,,JM FINANCIAL LIMITED,130.0,135.5,129.53,134.53,134.8,129.39,,134.53,,,5030649,670941610.57,34833,F1,1,,,,,
2026-09-03,2026-09-03,CM,NSE,STK,23621,INE0OAF01028,JNKINDIA,EQ,,,,,JNK INDIA LIMITED,419.15,433.6,419.15,431.45,430.75,420.9,,431.43,,,64722,27707074.3,2245,F1,1,,,,,
2026-09-03,2026-09-03,CM,NSE,STK,16931,INE839G01010,JOCIL,BE,,,,,JOCIL LIMITED,152.8,153.0,147.55,152.89,152.9,150.79,,152.89,,,3839,584054.8,49,F1,1,,,,,
2026-09-03,2026-09-03,CM,NSE,STK,762623,INE515A01019,COCKERILL,EQ,,,,,JOHN COCKERILL INDIA LTD.,8070.5,8117.0,7950.0,8080.0,8050.0,8005.0,,8080.28,,,3086,24875257.0,955,F1,1,,,,,
2026-09-03,2026-09-03,CM,NSE,STK,758460,INE718I01012,JSWCEMENT,EQ,,,,,JSW CEMENT LIMITED,123.96,124.39,122.35,123.37,123.17,123.6,,123.37,,,1584887,195158116.78,18725,F1,1,,,,,
2026-09-03,2026-09-03,CM,NSE,STK,1467,INE133A01011,JSWDULUX,EQ,,,,,JSW DULUX LIMITED,3180.0,3186.8,3140.1,3167.6,3175.0,3163.3,,3167.37,,,17816,56381874.0,4010,F1,1,,,,,
2026-09-03,2026-09-03,CM,NSE,STK,17869,INE121E01018,JSWENERGY,EQ,,,,,JSW ENERGY LIMITED,542.05,545.8,534.3,539.5,539.5,539.8,,539.45,,,1829239,988956760.5,39854,F1,1,,,,,
2026-09-03,2026-09-03,CM,NSE,STK,11880,INE824G01012,JSWHL,EQ,,,,,JSW HOLDINGS LIMITED,11541.0,12000.0,11415.0,11590.0,12000.0,11441.0,,11585.36,,,34428,394893068.0,1160,F1,1,,,,,
2026-09-03,2026-09-03,CM,NSE,STK,19020,INE880J01026,JSWINFRA,EQ,,,,,JSW INFRASTRUCTURE LTD,332.15,337.35,331.2,334.1,335.7,332.1,,334.03,,,2588755,864317626.4,45795,F1,1,,,,,
2026-09-03,2026-09-03,CM,NSE,STK,11723,INE019A01038,JSWSTEEL,EQ,,,,,JSW STEEL LIMITED,1315.0,1325.0,1295.0,1308.0,1308.0,1306.0,,1308.01,,,1291167,1690182904.3,39187,F1,1,,,,,
2026-09-03,2026-09-03,CM,NSE,STK,3237,INE643A01035,JTEKTINDIA,EQ,,,,,JTEKT INDIA LIMITED,121.5,123.99,121.38,121.82,121.5,121.38,,121.82,,,87989,10746729.24,1097,F1,1,,,,,
2026-09-03,2026-09-03,CM,NSE,STK,7287,INE391J01032,JTLIND,EQ,,,,,JTL INDUSTRIES LIMITED,92.5,93.35,89.0,89.67,89.9,92.4,,89.67,,,3040625,276907448.16,18781,F1,1,,,,,
2026-09-03,2026-09-03,CM,NSE,STK,29590,INE03CC01015,JUBLCPL,EQ,,,,,JUBILANT AGRI N CON PRO L,2231.0,2344.8,2217.1,2304.8,2304.0,2217.9,,2304.81,,,10182,23295355.2,1051,F1,1,,,,,
2026-09-03,2026-09-03,CM,NSE,STK,18096,INE797F01020,JUBLFOOD,EQ,,,,,JUBILANT FOODWORKS LTD,486.5,488.45,480.5,482.9,482.9,486.5,,482.9,,,391251,188844774.55,11574,F1,1,,,,,
2026-09-03,2026-09-03,CM,NSE,STK,2783,INE0BY001018,JUBLINGREA,EQ,,,,,JUBILANT INGREVIA LIMITED,687.0,701.05,686.9,690.55,690.5,683.6,,690.51,,,156564,108792740.75,10192,F1,1,,,,,
2026-09-03,2026-09-03,CM,NSE,STK,3637,INE700A01033,JUBLPHARMA,EQ,,,,,JUBILANT PHARMOVA LTD,905.0,910.8,891.2,907.9,909.9,900.3,,907.83,,,125766,113646952.5,16408,F1,1,,,,,
2026-09-03,2026-09-03,CM,NSE,STK,7109,INE412C01023,JMA,EQ,,,,,JULLUNDUR MOT AGENCY LTD,89.7,93.33,89.7,92.24,93.0,90.56,,92.24,,,8126,744306.95,143,F1,1,,,,,
2026-09-03,2026-09-03,CM,NSE,STK,764408,INE05C901015,JNPR,EQ,,,,,JUNIPER GREEN ENERGY LTD,261.0,261.0,256.1,259.2,259.9,260.25,,259.21,,,1056229,273158734.25,46905,F1,1,,,,,
2026-09-03,2026-09-03,CM,NSE,STK,22824,INE696F01016,JUNIPER,EQ,,,,,JUNIPER HOTELS LIMITED,220.0,224.49,217.0,217.69,218.0,218.5,,217.64,,,205874,45449492.38,4027,F1,1,,,,,
2026-09-03,2026-09-03,CM,NSE,STK,18553,INE682M01020,JLHL,EQ,,,,,JUPITER LIFE LINE HOSP L,287.6,295.0,287.35,290.3,288.6,287.65,,290.27,,,38871,11307405.3,3750,F1,1,,,,,
2026-09-03,2026-09-03,CM,NSE,STK,20224,INE209L01016,JWL,EQ,,,,,JUPITER WAGONS LIMITED,241.0,244.02,240.5,241.09,240.98,239.37,,241.08,,,388324,93947834.02,10414,F1,1,,,,,
2026-09-03,2026-09-03,CM,NSE,STK,29962,INE599M01018,JUSTDIAL,EQ,,,,,JUSTDIAL LTD.,704.0,708.95,692.1,697.35,693.0,697.85,,697.34,,,181134,126609990.75,5743,F1,1,,,,,
2026-09-03,2026-09-03,CM,NSE,STK,15146,INE668F01031,JYOTHYLAB,EQ,,,,,JYOTHY LABS LIMITED,202.99,203.8,198.65,200.5,201.0,202.09,,200.51,,,3571515,716684279.25,21944,F1,1,,,,,
2026-09-03,2026-09-03,CM,NSE,STK,21334,INE980O01024,JYOTICNC,EQ,,,,,JYOTI CNC AUTOMATION LTD,964.7,1039.0,964.2,1026.85,1030.1,955.65,,1026.83,,,3413377,3470437628.8,128496,F1,1,,,,,
2026-09-03,2026-09-03,CM,NSE,STK,758221,INE1M3T01017,JYOTIGLOBL,SM,,,,,JYOTI GLOBAL PLAST LTD,39.0,39.0,38.5,38.5,38.5,37.3,,38.5,,,4000,155000.0,2,F1,2000,,,,,
2026-09-03,2026-09-03,CM,NSE,STK,764733,INE577D01013,JYOTIRES,EQ,,,,,JYOTI RESINS & ADHESIVE L,872.8,872.8,855.0,866.35,868.0,857.6,,868.18,,,4557,3938654.45,478,F1,1,,,,,
2026-09-03,2026-09-03,CM,NSE,STK,1802,INE197A01024,JYOTISTRUC,EQ,,,,,JYOTI STRUCTURES LTD,9.81,9.97,9.66,9.8,9.89,9.79,,9.8,,,4704461,45988801.48,4133,F1,1,,,,,
2026-09-03,2026-09-03,CM,NSE,STK,764743,INE533C01018,KJMCFIN,EQ,,,,,K J M C FINANCIAL SERV L,63.1,67.38,62.1,66.46,66.93,64.37,,66.46,,,562,35390.96,14,F1,1,,,,,
2026-09-03,2026-09-03,CM,NSE,STK,764748,INE879K01018,KMCSHIL,EQ,,,,,K M C SPECIALITY HOSP I L,134.79,139.0,133.35,138.0,137.68,133.19,,137.95,,,75512,10346658.52,1437,F1,1,,,,,
2026-09-03,2026-09-03,CM,NSE,STK,14667,INE157H01023,KMSUGAR,EQ,,,,,K M SUGAR MILLS LTD,31.69,32.5,31.5,32.0,31.55,31.26,,32.0,,,202541,6476732.26,1292,F1,1,,,,,
2026-09-03,2026-09-03,CM,NSE,STK,27079,INE127T01021,KPEL,EQ,,,,,K.P. ENERGY LIMITED,243.9,247.95,237.0,240.89,242.0,241.14,,240.92,,,263957,63479670.83,4638,F1,1,,,,,
2026-09-03,2026-09-03,CM,NSE,STK,23462,INE0DEZ01013,K2INFRA,ST,,,,,K2 INFRAGEN LIMITED,50.0,50.0,48.6,48.95,48.7,50.0,,48.95,,,8400,414120.0,14,F1,600,,,,,
2026-09-03,2026-09-03,CM,NSE,STK,1805,INE900B01029,KABRAEXTRU,EQ,,,,,KABRA EXTRUSION TECHNIK L,570.0,591.75,561.0,564.8,564.95,559.95,,564.94,,,185596,106916167.1,7198,F1,1,,,,,
2026-09-03,2026-09-03,CM,NSE,STK,29192,INE0XOW01017,KKJEWELS,SM,,,,,KABRA JEWELS LIMITED,98.0,99.5,98.0,99.5,99.5,97.1,,99.5,,,2000,197500.0,2,F1,1000,,,,,
2026-09-03,2026-09-03,CM,NSE,STK,1808,INE217B01036,KAJARIACER,EQ,,,,,KAJARIA CERAMICS LTD,1261.9,1274.5,1250.6,1260.6,1255.0,1261.1,,1260.61,,,153508,193309761.5,12698,F1,1,,,,,
2026-09-03,2026-09-03,CM,NSE,STK,1811,INE437B01014,KAKATCEM,EQ,,,,,KAKATIYA CEM SUGAR &IND L,110.1,112.4,110.1,110.67,110.61,110.5,,110.7,,,678,75343.85,23,F1,1,,,,,
2026-09-03,2026-09-03,CM,NSE,STK,25443,INE0T0L01014,KALANA,SM,,,,,KALANA ISPAT LIMITED,19.45,20.0,19.25,19.3,19.3,20.25,,19.3,,,26000,505600.0,10,F1,2000,,,,,
2026-09-03,2026-09-03,CM,NSE,STK,758558,INE227J01012,KALPATARU,EQ,,,,,KALPATARU LIMITED,274.9,279.0,272.0,276.55,277.4,274.9,,276.62,,,27610,7592319.25,890,F1,1,,,,,
2026-09-03,2026-09-03,CM,NSE,STK,1814,INE220B01022,KPIL,EQ,,,,,KALPATARU PROJECT INT LTD,1425.9,1452.7,1412.3,1417.7,1418.0,1410.5,,1417.69,,,230059,329052437.6,26696,F1,1,,,,,
2026-09-03,2026-09-03,CM,NSE,STK,2955,INE303R01014,KALYANKJIL,EQ,,,,,KALYAN JEWELLERS IND LTD,592.95,597.5,583.35,585.3,585.3,590.0,,585.31,,,7595621,4478544938.9,74092,F1,1,,,,,
2026-09-03,2026-09-03,CM,NSE,STK,15160,INE314G01014,KALYANIFRG,BE,,,,,KALYANI FORGE LIMITED,1166.5,1169.3,1115.1,1125.25,1119.9,1113.65,,1125.52,,,7968,9113212.65,532,F1,1,,,,,
2026-09-03,2026-09-03,CM,NSE,STK,21119,INE029L01018,KICL,EQ,,,,,KALYANI INVEST CO LTD,5194.0,5339.0,5145.5,5212.5,5240.0,5215.0,,5212.5,,,2056,10724875.5,319,F1,1,,,,,
2026-09-03,2026-09-03,CM,NSE,STK,18889,INE907A01026,KSL,EQ,,,,,KALYANI STEELS LIMITED,906.6,953.0,906.6,950.2,949.0,904.3,,950.2,,,226200,213428023.7,12385,F1,1,,,,,
2026-09-03,2026-09-03,CM,NSE,STK,762732,INE411F01010,KAMAHOLD,EQ,,,,,KAMA HOLDINGS LTD.,2349.3,2405.1,2327.2,2341.1,2341.0,2344.9,,2341.73,,,10909,25855258.1,2482,F1,1,,,,,
2026-09-03,2026-09-03,CM,NSE,STK,764738,INE344D01018,KAMANWALA,EQ,,,,,KAMANWALA HOUSING CONST L,16.5,16.5,15.6,15.9,15.9,16.0,,15.9,,,11984,196461.21,23,F1,1,,,,,
2026-09-03,2026-09-03,CM,NSE,STK,1826,INE967C01018,KAMATHOTEL,EQ,,,,,KAMAT HOTELS (I) LTD,232.79,234.61,215.92,217.66,217.99,232.74,,217.67,,,186186,41069692.85,4460,F1,1,,,,,
2026-09-03,2026-09-03,CM,NSE,STK,13461,INE390H01020,KAMDHENU,BE,,,,,KAMDHENU LIMITED,37.5,39.15,36.6,38.77,39.0,37.45,,38.78,,,1196583,46276899.87,3536,F1,1,,,,,
2026-09-03,2026-09-03,CM,NSE,STK,13814,INE0BTI01037,KAMOPAINTS,EQ,,,,,KAMDHENU VENTURES LIMITED,4.45,4.57,4.39,4.53,4.55,4.46,,4.53,,,222619,1003759.67,476,F1,1,,,,,
2026-09-03,2026-09-03,CM,NSE,STK,25786,INE879E01037,KANANIIND,EQ,,,,,KANANI INDUSTRIES LTD,1.58,1.58,1.48,1.51,1.53,1.53,,1.51,,,134063,204744.76,304,F1,1,,,,,
2026-09-03,2026-09-03,CM,NSE,STK,762737,INE081G01019,KANCHI,EQ,,,,,KANCHI KARPOORAM LTD.,410.95,415.55,398.0,398.55,401.0,410.95,,398.55,,,5328,2149138.35,418,F1,1,,,,,
2026-09-03,2026-09-03,CM,NSE,STK,765090,INE398L01017,KANCOTEA,EQ,,,,,KANCO TEA & INDS. LTD.,57.0,57.0,54.2,56.79,56.79,54.67,,56.79,,,444,24286.37,8,F1,1,,,,,
2026-09-03,2026-09-03,CM,NSE,STK,11208,INE0MOT01016,KANDARP,SM,,,,,KANDARP DG SMART BPO LTD,92.0,93.85,92.0,92.9,93.85,97.95,,92.9,,,2000,185850.0,2,F1,1000,,,,,
2026-09-03,2026-09-03,CM,NSE,STK,9805,INE138C01024,KANORICHEM,BE,,,,,KANORIACHEMICALS-,157.8,157.8,152.9,155.68,156.0,154.75,,155.68,,,72495,11295949.49,158,F1,1,,,,,
2026-09-03,2026-09-03,CM,NSE,STK,1782,INE694E01014,KANPRPLA,EQ,,,,,KANPUR PLASTIPACK LIMITED,253.4,263.95,253.35,256.4,253.55,253.35,,256.39,,,17504,4504984.8,876,F1,1,,,,,
2026-09-03,2026-09-03,CM,NSE,STK,1196,INE531A01024,KANSAINER,EQ,,,,,KANSAI NEROLAC PAINTS LTD,195.09,196.91,194.4,195.11,194.8,194.82,,195.09,,,72153,14086597.45,3897,F1,1,,,,,
2026-09-03,2026-09-03,CM,NSE,STK,18967,INE542Z01028,KAPSTON,EQ,,,,,KAPSTON SERVICES LIMITED,579.0,589.0,568.3,581.35,583.0,573.75,,581.35,,,66846,38895151.85,2265,F1,1,,,,,
2026-09-03,2026-09-03,CM,NSE,STK,24385,INE725L01011,KARMAENG,EQ,,,,,KARMA ENERGY LIMITED,38.5,38.5,37.39,37.7,37.7,37.0,,37.7,,,722,27074.12,30,F1,1,,,,,
2026-09-03,2026-09-03,CM,NSE,STK,8054,INE614B01018,KTKBANK,EQ,,,,,KARNATAKA BANK LIMITED,331.1,341.6,331.1,339.75,341.25,330.35,,339.75,,,3036829,1028663481.85,30919,F1,1,,,,,
2026-09-03,2026-09-03,CM,NSE,STK,19465,INE0MGA01012,KARNIKA,SM,,,,,KARNIKA INDUSTRIES LTD,116.95,117.5,115.0,115.55,115.0,114.6,,115.55,,,39000,4556100.0,17,F1,1000,,,,,
2026-09-03,2026-09-03,CM,NSE,STK,1838,INE036D01028,KARURVYSYA,EQ,,,,,KARUR VYSYA BANK LTD,348.8,358.0,347.65,350.0,351.6,346.6,,350.0,,,2690048,948914556.2,50011,F1,1,,,,,
2026-09-03,2026-09-03,CM,NSE,STK,24528,INE0SVY01018,KATARIA,SM,,,,,KATARIA INDUSTRIES LTD,106.25,106.25,100.3,103.85,103.85,108.35,,103.85,,,33000,3427260.0,35,F1,600,,,,,
2026-09-03,2026-09-03,CM,NSE,STK,15140,INE234I01028,KAUSHALYA,BE,,,,,KAUSHALYA INFRA DEV LTD.,872.75,889.0,860.0,864.0,864.0,872.75,,864.0,,,175,152247.5,19,F1,1,,,,,
2026-09-03,2026-09-03,CM,NSE,STK,21186,INE0Q2V01012,KLL,SM,,,,,KAUSHALYA LOGISTICS LTD,24.75,25.5,24.65,24.65,24.65,24.75,,24.65,,,21600,538960.0,21,F1,800,,,,,
2026-09-03,2026-09-03,CM,NSE,STK,14972,INE455I01029,KSCL,EQ,,,,,KAVERI SEED CO. LTD.,745.0,748.95,738.75,744.8,747.5,738.75,,744.85,,,45816,34109119.4,2697,F1,1,,,,,
2026-09-03,2026-09-03,CM,NSE,STK,15244,INE641C01019,KAVDEFENCE,EQ,,,,,KAVVERI DFS & WIR TEC LTD,56.7,56.7,54.7,56.15,56.34,55.31,,56.16,,,94750,5277462.99,1332,F1,1,,,,,
2026-09-03,2026-09-03,CM,NSE,STK,21173,INE0RCG01017,KCEIL,SM,,,,,KAY CEE ENERGY & INFRA L,80.2,80.2,77.5,79.1,79.0,80.55,,79.1,,,21000,1650775.0,31,F1,500,,,,,
2026-09-03,2026-09-03,CM,NSE,STK,10282,INE587G01015,KAYA,BE,,,,,KAYA LIMITED,337.95,338.0,324.2,328.7,330.0,335.2,,328.68,,,3413,1125874.45,94,F1,1,,,,,
2026-09-03,2026-09-03,CM,NSE,STK,12092,INE918Z01012,KAYNES,EQ,,,,,KAYNES TECHNOLOGY IND LTD,3591.0,3623.9,3469.5,3485.0,3485.0,3583.0,,3485.17,,,1053968,3712596285.9,68795,F1,1,,,,,
2026-09-03,2026-09-03,CM,NSE,STK,758868,INE13ZD01013,KAYTEX,SM,,,,,KAYTEX FABRICS LIMITED,55.35,55.35,55.35,55.35,55.35,56.0,,55.35,,,800,44280.0,1,F1,800,,,,,
2026-09-03,2026-09-03,CM,NSE,STK,10296,INE0J1E01027,KCK,ST,,,,,KCK INDUSTRIES LTD,14.95,15.0,14.25,14.9,14.9,14.8,,14.9,,,82500,1218375.0,16,F1,2500,,,,,
2026-09-03,2026-09-03,CM,NSE,STK,1841,INE805C01028,KCP,EQ,,,,,KCP LTD,166.99,169.8,165.0,168.17,167.7,165.81,,168.17,,,121670,20332226.87,1820,F1,1,,,,,
2026-09-03,2026-09-03,CM,NSE,STK,8849,INE790B01024,KCPSUGIND,BE,,,,,KCPSUGARINDUS,31.65,32.55,31.11,32.28,32.15,32.0,,32.27,,,73001,2332817.17,216,F1,1,,,,,
2026-09-03,2026-09-03,CM,NSE,STK,765105,INE348N01042,KDGREEN,EQ,,,,,KD GREEN INDUSTRIES LTD,52.51,53.4,50.0,51.81,52.5,51.06,,51.82,,,16001,820342.0,211,F1,1,,,,,
2026-09-03,2026-09-03,CM,NSE,STK,14908,INE291D01011,KDDL,EQ,,,,,KDDL LIMITED,3852.3,3950.0,3836.0,3855.3,3859.6,3852.9,,3855.22,,,17047,66458787.3,3276,F1,1,,,,,
2026-09-03,2026-09-03,CM,NSE,STK,13260,INE389H01022,KEC,EQ,,,,,KEC INTL. LIMITED,410.0,411.95,399.55,406.15,406.0,407.8,,406.15,,,1132222,459249179.1,28289,F1,1,,,,,
2026-09-03,2026-09-03,CM,NSE,STK,13310,INE878B01027,KEI,EQ,,,,,KEI INDUSTRIES LTD.,5209.0,5380.0,5171.5,5327.0,5327.0,5170.0,,5326.86,,,536022,2839687120.5,43663,F1,1,,,,,
2026-09-03,2026-09-03,CM,NSE,STK,13430,INE164B01030,KELLTONTEC,EQ,,,,,KELLTON TECH SOL LTD,14.19,14.29,13.92,13.99,13.96,14.01,,13.99,,,1017982,14320959.22,2463,F1,1,,,,,
2026-09-03,2026-09-03,CM,NSE,STK,29547,INE15DO01012,KEN,SM,,,,,KEN ENTERPRISES LIMITED,42.5,42.5,38.55,40.0,40.0,42.15,,40.0,,,19200,767100.0,16,F1,1200,,,,,
2026-09-03,2026-09-03,CM,NSE,STK,11841,INE717A01029,KENNAMET,EQ,,,,,KENNAMETAL INDIA LIMITED,4611.2,4711.0,4510.0,4532.2,4545.0,4643.1,,4532.46,,,26620,122378364.1,5915,F1,1,,,,,
2026-09-03,2026-09-03,CM,NSE,STK,13121,INE202H01019,KERNEX,EQ,,,,,KERNEX MICROSYS(I) LTD,1752.0,1752.0,1672.1,1709.6,1702.5,1736.4,,1709.97,,,188059,319549803.8,13669,F1,1,,,,,
2026-09-03,2026-09-03,CM,NSE,STK,4981,INE087A01019,KESORAMIND,BE,,,,,KESORAM INDUSTRIES LTD,11.15,11.15,11.05,11.05,11.05,11.27,,11.05,,,161187,1790532.25,199,F1,1,,,,,
2026-09-03,2026-09-03,CM,NSE,STK,13381,INE401H01017,KKCL,EQ,,,,,KEWAL KIRAN CLOTHING LTD,499.65,509.0,497.05,503.8,500.0,499.65,,503.71,,,24896,12512607.3,1877,F1,1,,,,,
2026-09-03,2026-09-03,CM,NSE,STK,4157,INE681C01015,KEYFINSERV,EQ,,,,,KEYNOTE FIN SERV LTD.,251.85,256.7,248.0,248.7,248.25,255.25,,248.7,,,1864,466425.3,52,F1,1,,,,,
2026-09-03,2026-09-03,CM,NSE,STK,12219,INE263M01029,RUSTOMJEE,EQ,,,,,KEYSTONE REALTORS LIMITED,379.15,384.0,374.8,381.75,376.15,379.15,,381.75,,,50262,19074087.6,1872,F1,1,,,,,
2026-09-03,2026-09-03,CM,NSE,STK,13359,INE138Y01010,KFINTECH,EQ,,,,,KFIN TECHNOLOGIES LIMITED,934.05,942.5,923.85,927.7,927.7,929.0,,927.73,,,475352,442552440.25,45072,F1,1,,,,,
2026-09-03,2026-09-03,CM,NSE,STK,433,INE834I01025,KHADIM,BE,,,,,KHADIM INDIA LIMITED,115.0,115.0,114.0,115.0,115.0,116.11,,114.2,,,13483,1542825.25,71,F1,1,,,,,
2026-09-03,2026-09-03,CM,NSE,STK,3912,INE731C01018,KHAITANLTD,EQ,,,,,KHAITAN (INDIA)LTD.,174.0,178.0,158.6,162.41,165.0,160.8,,162.41,,,34654,5703996.7,923,F1,1,,,,,
2026-09-03,2026-09-03,CM,NSE,STK,896,INE745B01028,KHAICHEM,EQ,,,,,KHAITAN CHEM & FERT LTD,54.6,55.5,54.0,54.83,55.0,54.0,,54.83,,,167687,9216940.7,1147,F1,1,,,,,
2026-09-03,2026-09-03,CM,NSE,STK,9641,INE060B01014,KHANDSE,EQ,,,,,KHANDWALA SECURITIES LTD,17.56,18.4,17.55,18.11,18.24,17.56,,18.17,,,6396,114599.39,17,F1,1,,,,,
2026-09-03,2026-09-03,CM,NSE,STK,9570,INE00UG01014,KHFM,SM,,,,,KHFM HOS FAC MANA SER LTD,42.05,43.95,42.05,43.95,43.95,44.25,,43.95,,,6200,266367.5,4,F1,1550,,,,,
2026-09-03,2026-09-03,CM,NSE,STK,762747,INE338F01015,KLBRENG-B,EQ,,,,,KILBURN ENGINEERING LTD.,450.0,464.0,450.0,453.25,451.0,443.25,,453.26,,,386969,176866336.35,8920,F1,1,,,,,
2026-09-03,2026-09-03,CM,NSE,STK,19941,INE729D01010,KILITCH,BE,,,,,KILITCH DRUGS INDIA LTD,167.0,173.71,167.0,172.52,173.4,171.37,,172.39,,,8770,1500588.18,157,F1,1,,,,,
2026-09-03,2026-09-03,CM,NSE,STK,18944,INE473D01015,KINGFA,EQ,,,,,KINGFA SCI & TEC IND LTD.,5958.0,6017.5,5860.5,5888.0,5900.0,5932.0,,5887.77,,,5834,34632743.5,2102,F1,1,,,,,
2026-09-03,2026-09-03,CM,NSE,STK,19126,INE880L01014,KIOCL,EQ,,,,,KIOCL LIMITED,383.1,389.75,380.0,380.55,380.0,380.55,,380.51,,,59141,22718374.85,1778,F1,1,,,,,
2026-09-03,2026-09-03,CM,NSE,STK,762742,INE555P01013,KIRANVYPAR,EQ,,,,,KIRAN VYAPAR LTD.,204.0,210.0,198.0,207.98,207.5,200.0,,207.83,,,18827,3885691.24,275,F1,1,,,,,
2026-09-03,2026-09-03,CM,NSE,STK,16639,INE415I01015,KIRIINDUS,EQ,,,,,KIRI INDUSTRIES LIMITED,527.0,591.2,527.0,578.95,577.5,523.65,,578.95,,,7182969,4129150526.55,143207,F1,1,,,,,
2026-09-03,2026-09-03,CM,NSE,STK,18581,INE732A01036,KIRLOSBROS,EQ,,,,,KIRLOSKAR BROTHERS LTD,1865.0,1887.5,1853.0,1881.3,1880.1,1847.7,,1881.29,,,19234,36005531.2,3709,F1,1,,,,,
2026-09-03,2026-09-03,CM,NSE,STK,18220,INE134B01017,KECL,EQ,,,,,KIRLOSKAR ELECTRIC CO LTD,126.9,128.03,124.22,125.2,126.38,127.24,,125.18,,,72900,9203029.05,1121,F1,1,,,,,
2026-09-03,2026-09-03,CM,NSE,STK,14466,INE884B01025,KIRLFER,EQ,,,,,KIRLOSKAR FERROUS IND LTD,459.75,461.9,445.9,454.55,455.0,460.0,,454.51,,,117686,53495966.25,5748,F1,1,,,,,
2026-09-03,2026-09-03,CM,NSE,STK,19025,INE250A01039,KIRLOSIND,EQ,,,,,KIRLOSKAR INDUSTRIES LTD,3712.9,3764.2,3688.1,3724.7,3701.0,3699.0,,3724.77,,,3239,12067452.4,641,F1,1,,,,,
2026-09-03,2026-09-03,CM,NSE,STK,20936,INE146L01010,KIRLOSENG,EQ,,,,,KIRLOSKAR OIL ENG LTD,2190.5,2289.0,2115.1,2267.6,2260.4,2160.9,,2267.59,,,1330225,2951238016.7,91037,F1,1,,,,,
2026-09-03,2026-09-03,CM,NSE,STK,15180,INE811A01038,KIRLPNU,EQ,,,,,KIRLOSKAR PNEUMATIC COM L,746.0,766.2,743.9,759.8,760.0,745.45,,759.75,,,129681,98245466.05,11061,F1,1,,,,,
2026-09-03,2026-09-03,CM,NSE,STK,28899,INE602G01020,KITEX,EQ,,,,,KITEX GARMENTS LTD,126.0,126.68,123.1,123.64,123.35,124.77,,123.63,,,427520,53189656.08,3653,F1,1,,,,,
2026-09-03,2026-09-03,CM,NSE,STK,760923,INE0KNW01016,KNAGRI,EQ,,,,,KN AGRI RESOURCES LIMITED,210.95,210.95,204.54,206.23,207.0,209.46,,206.23,,,12560,2594494.61,269,F1,1,,,,,
2026-09-03,2026-09-03,CM,NSE,STK,763839,INE17QZ01016,KNACK,EQ,,,,,KNACK PACKAGING LIMITED,188.45,192.75,187.95,188.37,188.76,187.43,,188.39,,,667569,126694561.61,5799,F1,1,,,,,
2026-09-03,2026-09-03,CM,NSE,STK,27084,INE0CJD01029,KMEW,EQ,,,,,KNOWLEDGE MARINE & EN W L,2985.0,3175.0,2970.5,3150.4,3164.0,2951.6,,3150.55,,,131807,409084645.1,20652,F1,1,,,,,
2026-09-03,2026-09-03,CM,NSE,STK,758434,INE1JAR25012,KRT,BL,,,,,KNOWLEDGE REALTY TRUST,109.5,109.5,109.5,109.5,109.5,100.0,,109.5,,,2831050,309999975.0,1,F1,999999999,,,,,
2026-09-03,2026-09-03,CM,NSE,STK,758431,INE1JAR25012,KRT,RR,,,,,KNOWLEDGE REALTY TRUST,110.3,115.0,109.74,113.51,112.8,110.03,,113.5,,,63078724,7142704781.76,17746,F1,1,,,,,
2026-09-03,2026-09-03,CM,NSE,STK,15283,INE634I01029,KNRCON,EQ,,,,,KNR CONSTRU LTD.,117.15,119.85,116.9,119.27,119.4,117.07,,119.27,,,939009,111031340.76,9443,F1,1,,,,,
2026-09-03,2026-09-03,CM,NSE,STK,18754,INE0Q7P01013,KODYTECH,ST,,,,,KODY TECHNOLAB LIMITED,1544.0,1590.0,1542.65,1567.0,1570.0,1542.65,,1567.0,,,9000,14138530.0,77,F1,100,,,,,
2026-09-03,2026-09-03,CM,NSE,STK,3009,INE080B01012,KOHINOOR,EQ,,,,,KOHINOOR FOODS LIMITED,33.62,33.69,32.91,33.52,33.25,33.41,,33.52,,,84055,2802739.76,1759,F1,1,,,,,
2026-09-03,2026-09-03,CM,NSE,STK,16827,INE760A01029,KOKUYOCMLN,EQ,,,,,KOKUYO CAMLIN LIMITED,77.7,79.9,77.7,78.44,78.7,77.84,,78.44,,,14637,1153164.65,412,F1,1,,,,,
2026-09-03,2026-09-03,CM,NSE,STK,15124,INE094I01018,KOLTEPATIL,EQ,,,,,KOLTE PATIL DEV. LTD.,441.25,453.6,441.25,449.55,450.0,440.8,,449.53,,,86270,38742124.25,3739,F1,1,,,,,
2026-09-03,2026-09-03,CM,NSE,STK,22475,INE0QEI01011,KONSTELEC,ST,,,,,KONSTELEC ENGINEERS LTD,65.0,65.25,62.0,62.05,62.0,62.35,,62.05,,,65000,4166250.0,44,F1,1000,,,,,
2026-09-03,2026-09-03,CM,NSE,STK,19287,INE0KZ301010,KONTOR,SM,,,,,KONTOR SPACE LIMITED,54.9,54.9,52.0,53.5,53.5,55.95,,53.5,,,12000,637650.0,19,F1,600,,,,,
2026-09-03,2026-09-03,CM,NSE,STK,1919,INE082A01010,KOPRAN,EQ,,,,,KOPRAN LTD,220.89,239.6,218.84,232.24,231.01,218.81,,232.23,,,1456374,339220308.11,17808,F1,1,,,,,
2026-09-03,2026-09-03,CM,NSE,STK,16758,INE0O4R01018,KDL,SM,,,,,KORE DIGITAL LIMITED,89.15,92.95,89.0,90.5,90.0,89.0,,90.5,,,19650,1781580.0,65,F1,150,,,,,
2026-09-03,2026-09-03,CM,NSE,STK,14858,INF174KA1HJ8,GOLD1,EQ,,,,,KOTAK GOLD ETF,127.88,128.94,126.74,127.48,127.45,124.77,,127.48,,,2195932,280124391.11,6644,F1,1,,,,,
2026-09-03,2026-09-03,CM,NSE,STK,1922,INE237A01036,KOTAKBANK,EQ,,,,,KOTAK MAHINDRA BANK LTD,425.0,426.9,421.15,421.15,421.15,423.5,,420.96,,,5991118,2537895241.3,99402,F1,1,,,,,
2026-09-03,2026-09-03,CM,NSE,STK,18102,INF174K014P6,NIFTY1,EQ,,,,,KOTAK NIFTY ETF,266.0,268.24,264.87,265.42,265.9,265.54,,265.44,,,45063,11989457.09,1058,F1,1,,,,,
2026-09-03,2026-09-03,CM,NSE,STK,15061,INF174KA1A86,PSUBANK,EQ,,,,,KOTAK PSU BANK,85.25,86.69,83.97,85.36,85.23,85.25,,85.36,,,116246,10006454.94,550,F1,1,,,,,
2026-09-03,2026-09-03,CM,NSE,STK,759885,INF174KA1XV0,CHEMICAL,EQ,,,,,KOTAKMAMC - CHEMICAL,30.23,30.57,30.22,30.29,30.31,30.07,,30.29,,,160050,4862251.93,698,F1,1,,,,,
2026-09-03,2026-09-03,CM,NSE,STK,7412,INF174KA1IA5,ALPHA,EQ,,,,,KOTAKMAMC - KOTAKALPHA,53.94,54.49,53.94,54.27,54.3,53.94,,54.27,,,690509,37466379.06,1828,F1,1,,,,,
2026-09-03,2026-09-03,CM,NSE,STK,10512,INF174KA1ZF8,CONS,EQ,,,,,KOTAKMAMC - KOTAKCONS,12.1,12.1,12.01,12.01,12.02,12.06,,12.01,,,7022,84526.67,134,F1,1,,,,,
2026-09-03,2026-09-03,CM,NSE,STK,2627,INF174KA1GC5,IT,EQ,,,,,KOTAKMAMC - KOTAKIT,34.76,34.76,34.1,34.19,34.28,34.36,,34.19,,,140683,4815761.11,699,F1,1,,,,,
2026-09-03,2026-09-03,CM,NSE,STK,13950,INF174KA1LV5,LIQUID1,EQ,,,,,KOTAKMAMC - KOTAKLIQ,1120.9,1122.0,1120.75,1121.04,1121.04,1120.9,,1121.04,,,1508631,1691247161.81,557,F1,1,,,,,
2026-09-03,2026-09-03,CM,NSE,STK,8632,INF174KA1IY5,LOWVOL1,EQ,,,,,KOTAKMAMC - KOTAKLOVOL,21.1,21.43,20.95,21.1,20.95,21.13,,21.1,,,133286,2799992.14,164,F1,1,,,,,
2026-09-03,2026-09-03,CM,NSE,STK,8077,INF174KA1ZC5,MIDCAP,EQ,,,,,KOTAKMAMC - KOTAKMID50,18.47,18.69,17.01,18.52,18.58,18.47,,18.52,,,374095,6921368.08,858,F1,1,,,,,
2026-09-03,2026-09-03,CM,NSE,STK,10676,INF174KA1JF2,MNC,EQ,,,,,KOTAKMAMC - KOTAKMNC,33.22,33.41,33.12,33.27,33.16,33.18,,33.27,,,209803,6986129.5,344,F1,1,,,,,
2026-09-03,2026-09-03,CM,NSE,STK,13082,INF174KA1ZD3,SILVER1,EQ,,,,,KOTAKMAMC - KOTAKSILVE,22.33,22.51,21.87,22.28,22.26,21.87,,22.28,,,78929377,1761904466.24,5908,F1,1,,,,,
2026-09-03,2026-09-03,CM,NSE,STK,11457,INF174KA1ZE1,NV20,EQ,,,,,KOTAKMAMC - KTKNV20ETF,13.91,14.02,13.89,13.94,13.91,13.91,,13.94,,,79070,1101316.78,191,F1,1,,,,,
2026-09-03,2026-09-03,CM,NSE,STK,30469,INF174KA1VW2,MID150,EQ,,,,,KOTAKMAMC - MID150,24.0,24.0,23.51,23.63,23.6,23.56,,23.63,,,191398,4520361.17,178,F1,1,,,,,
2026-09-03,2026-09-03,CM,NSE,STK,759488,INF174KA1XS6,MOMENTUM30,EQ,,,,,KOTAKMAMC - MOMENTUM30,30.98,30.98,30.65,30.65,30.76,30.63,,30.65,,,2605,80077.58,37,F1,1,,,,,
2026-09-03,2026-09-03,CM,NSE,STK,29758,INF174KA1VD2,MSCIINDIA,EQ,,,,,KOTAKMAMC - MSCIINDIA,29.86,29.89,29.59,29.71,29.59,29.74,,29.71,,,3431,102226.39,81,F1,1,,,,,
2026-09-03,2026-09-03,CM,NSE,STK,760709,INF174KA1YO3,NEXT50ETF,EQ,,,,,KOTAKMAMC - NEXT50ETF,73.92,73.92,73.4,73.64,73.58,73.37,,73.64,,,10559,778375.86,73,F1,1,,,,,
2026-09-03,2026-09-03,CM,NSE,STK,29944,INF174KA1UW4,NIFTY100EW,EQ,,,,,KOTAKMAMC - NIFTY100EW,35.49,35.49,34.91,35.0,35.09,34.95,,35.0,,,82606,2893330.44,172,F1,1,,,,,
2026-09-03,2026-09-03,CM,NSE,STK,764195,INF174KA1A94,PVTBANK,EQ,,,,,KOTAKMAMC - PVTBANK,27.99,28.01,27.84,27.85,28.0,27.6,,27.85,,,31153,868902.9,14,F1,1,,,,,
2026-09-03,2026-09-03,CM,NSE,STK,757946,INF174KA1WT6,QUALITY30,EQ,,,,,KOTAKMAMC - QUALITY30,20.74,20.81,20.69,20.75,20.75,20.74,,20.75,,,13336,276512.02,32,F1,1,,,,,
2026-09-03,2026-09-03,CM,NSE,STK,5851,INF174KA1ZB7,BANKNIFTY1,EQ,,,,,KOTAKMAMC-KOTAKBKETF,60.49,60.49,59.6,59.75,59.6,59.3,,59.75,,,117333,7019929.58,679,F1,1,,,,,
2026-09-03,2026-09-03,CM,NSE,STK,762752,INE972A01020,KOTIC,EQ,,,,,KOTHARI INDUSTRIAL CORP L,137.21,142.7,133.51,134.79,134.0,136.47,,135.0,,,25043,3416188.69,510,F1,1,,,,,
2026-09-03,2026-09-03,CM,NSE,STK,4594,INE720A01015,KOTHARIPET,EQ,,,,,KOTHARI PETROCHEM LTD,131.0,133.85,128.5,129.02,128.74,129.17,,129.02,,,52559,6884663.7,1191,F1,1,,,,,
2026-09-03,2026-09-03,CM,NSE,STK,5528,INE823A01017,KOTHARIPRO,EQ,,,,,KOTHARI PRODUCTS LTD,68.19,68.99,67.44,67.58,68.0,68.19,,67.61,,,2021,137275.66,89,F1,1,,,,,
2026-09-03,2026-09-03,CM,NSE,STK,11648,INE419A01022,KOTARISUG,BE,,,,,KOTHARI SUG & CHEM LTD.,30.11,30.87,29.11,30.53,30.5,30.11,,30.53,,,59257,1805221.92,277,F1,1,,,,,
2026-09-03,2026-09-03,CM,NSE,STK,761337,INE0J0B01017,KOTYARK,BE,,,,,KOTYARK INDUSTRIES LTD,30.79,32.16,30.05,32.16,32.16,30.63,,32.16,,,132993,4218840.2,317,F1,1,,,,,
2026-09-03,2026-09-03,CM,NSE,STK,5192,INE177F01017,KOVAI,EQ,,,,,KOVAI MEDICAL CENTER & HO,6032.0,6100.0,5990.5,6091.5,6080.5,6017.5,,6091.56,,,2136,12954016.5,592,F1,1,,,,,
2026-09-03,2026-09-03,CM,NSE,STK,5108,INE542W01025,KPIGREEN,EQ,,,,,KPI GREEN ENERGY LIMITED,305.0,309.75,302.15,303.25,303.7,304.6,,303.26,,,1051546,319201953.9,12982,F1,1,,,,,
2026-09-03,2026-09-03,CM,NSE,STK,9683,INE04I401011,KPITTECH,EQ,,,,,KPIT TECHNOLOGIES LIMITED,591.05,592.4,580.55,583.5,583.5,588.0,,583.5,,,975708,569395449.55,22282,F1,1,,,,,
2026-09-03,2026-09-03,CM,NSE,STK,14912,INE930H01031,KPRMILL,EQ,,,,,KPR MILL LTD.,1172.0,1196.4,1157.3,1175.4,1173.0,1167.4,,1175.46,,,302751,355995424.3,20862,F1,1,,,,,
2026-09-03,2026-09-03,CM,NSE,STK,10577,INE001B01026,KRBL,EQ,,,,,KRBL LIMITED,427.45,429.7,421.9,424.9,424.95,424.4,,424.88,,,256226,108879509.45,7554,F1,1,,,,,
2026-09-03,2026-09-03,CM,NSE,STK,1937,INE268B01013,KREBSBIO,EQ,,,,,KREBS BIOCHEMICALS & IND,53.65,56.4,53.65,54.5,54.5,54.91,,54.5,,,7124,390268.65,42,F1,1,,,,,
2026-09-03,2026-09-03,CM,NSE,STK,11488,INE524L01026,KRIDHANINF,BE,,,,,KRIDHAN INFRA LIMITED,2.1,2.16,2.0,2.01,2.01,2.06,,2.01,,,126279,258665.54,96,F1,1,,,,,
2026-09-03,2026-09-03,CM,NSE,STK,12847,INE506W01020,KRISHANA,EQ,,,,,KRISHANA PHOSCHEM LIMITED,188.13,190.0,184.5,186.37,186.0,188.06,,186.37,,,378050,70499166.67,7958,F1,1,,,,,
2026-09-03,2026-09-03,CM,NSE,STK,16133,INE0NR701018,KRISHCA,SM,,,,,KRISHCA STRAPPING SLTN L,164.7,164.7,161.75,161.95,161.75,164.7,,161.95,,,12000,1946050.0,21,F1,500,,,,,
2026-09-03,2026-09-03,CM,NSE,STK,756782,INE0GGO01015,KRISHIVAL,EQ,,,,,KRISHIVAL FOODS LIMITED,411.95,414.2,407.95,413.5,414.0,410.35,,413.5,,,13359,5490697.6,366,F1,1,,,,,
2026-09-03,2026-09-03,CM,NSE,STK,761192,INE0J5601015,KRISHNADEF,EQ,,,,,KRISHNA DEF AND ALD IND L,1012.0,1021.1,991.1,1008.7,1012.6,1007.4,,1008.7,,,59717,60128291.3,5012,F1,1,,,,,
2026-09-03,2026-09-03,CM,NSE,STK,4847,INE967H01025,KIMS,EQ,,,,,KRISHNA INST OF MED SCI L,755.2,775.3,755.2,767.85,768.9,753.65,,767.84,,,377258,289147591.65,16159,F1,1,,,,,
2026-09-03,2026-09-03,CM,NSE,STK,6417,INE479D01038,KRITI,EQ,,,,,KRITI INDUSTRIES IND LTD,61.8,61.84,60.06,60.94,60.94,60.9,,60.14,,,2728,166977.37,112,F1,1,,,,,
2026-09-03,2026-09-03,CM,NSE,STK,11432,INE798K01010,KRITINUT,EQ,,,,,KRITI NUTRIENTS LIMITED,85.9,86.87,82.5,83.36,84.0,84.3,,82.87,,,8912,752111.02,161,F1,1,,,,,
2026-09-03,2026-09-03,CM,NSE,STK,9288,INE00Z501029,KRITIKA,EQ,,,,,KRITIKA WIRES LIMITED,5.35,5.48,5.32,5.39,5.38,5.39,,5.39,,,73068,394023.83,302,F1,1,,,,,
2026-09-03,2026-09-03,CM,NSE,STK,760624,INE1MTV01019,KRMAYURVED,SM,,,,,KRM AYURVEDA LIMITED,291.05,293.9,279.1,282.9,284.4,291.15,,282.9,,,142000,40333900.0,100,F1,1000,,,,,
2026-09-03,2026-09-03,CM,NSE,STK,25643,INE0Q3J01015,KRN,EQ,,,,,KRN HEAT EXCHANGE N REF L,1559.0,1566.6,1483.5,1505.9,1508.5,1534.8,,1505.88,,,200958,303374454.7,17862,F1,1,,,,,
2026-09-03,2026-09-03,CM,NSE,STK,24026,INE0ATZ01017,KRONOX,BE,,,,,KRONOX LAB SCIENCES LTD,185.0,191.8,182.0,183.37,184.01,189.68,,183.37,,,78880,14576466.93,730,F1,1,,,,,
2026-09-03,2026-09-03,CM,NSE,STK,25252,INE0O6601022,KROSS,EQ,,,,,KROSS LIMITED,209.4,213.6,207.02,211.34,211.88,207.52,,211.36,,,208019,43841103.18,4827,F1,1,,,,,
2026-09-03,2026-09-03,CM,NSE,STK,5359,INE08LI01020,KRSNAA,EQ,,,,,KRSNAA DIAGNOSTICS LTD,553.1,558.15,545.0,550.95,550.7,553.1,,550.78,,,23065,12703621.6,1420,F1,1,,,,,
2026-09-03,2026-09-03,CM,NSE,STK,23175,INE0QN801017,KRYSTAL,EQ,,,,,KRYSTAL INTEGRATED SER L,666.9,669.0,655.9,661.95,663.0,667.0,,661.94,,,8765,5813233.45,586,F1,1,,,,,
2026-09-03,2026-09-03,CM,NSE,STK,1949,INE999A01023,KSB,EQ,,,,,KSB LIMITED,806.55,818.3,802.1,810.6,810.2,805.8,,810.52,,,115080,93260621.05,7337,F1,1,,,,,
2026-09-03,2026-09-03,CM,NSE,STK,764753,INE953E01022,KSE,EQ,,,,,KSE LTD.,179.15,182.0,178.2,180.29,180.0,177.04,,180.34,,,6586,1180449.95,236,F1,1,,,,,
2026-09-03,2026-09-03,CM,NSE,STK,760433,INE987S01020,KSHINTL,EQ,,,,,KSH INTERNATIONAL LIMITED,958.35,1028.05,951.9,1022.7,1026.0,945.7,,1022.85,,,536933,537410002.15,24735,F1,1,,,,,
2026-09-03,2026-09-03,CM,NSE,STK,10407,INE013801027,KSHITIJPOL,EQ,,,,,KSHITIJ POLYLINE LIMITED,3.15,3.15,3.15,3.15,3.15,3.0,,3.15,,,2105614,6632684.1,671,F1,1,,,,,
2026-09-03,2026-09-03,CM,NSE,STK,765409,INE013820027,KSHITIJ-RE,BE,,,,,KSHITIJ POLYLINE LTD,0.07,0.07,0.07,0.07,0.07,0.06,,0.07,,,2308478,161593.46,754,F1,1,,,,,
2026-09-03,2026-09-03,CM,NSE,STK,11060,INE0D6I01023,KSOLVES,EQ,,,,,KSOLVES INDIA LIMITED,279.1,279.1,270.55,271.5,271.2,273.2,,271.5,,,17121,4661819.1,801,F1,1,,,,,
2026-09-03,2026-09-03,CM,NSE,STK,759987,INE1SPP01016,KSR,EQ,,,,,KSR FOOTWEAR LIMITED,29.78,31.75,28.25,31.54,31.69,29.49,,31.54,,,403387,12654191.68,344,F1,1,,,,,
2026-09-03,2026-09-03,CM,NSE,STK,13870,INE529I01021,KUANTUM,EQ,,,,,KUANTUM PAPERS LIMITED,71.31,76.25,71.3,75.16,75.0,71.23,,75.19,,,222562,16611123.92,2250,F1,1,,,,,
2026-09-03,2026-09-03,CM,NSE,STK,764116,INE0ISX01025,KUSUMGAR,EQ,,,,,KUSUMGAR LIMITED,572.0,590.45,571.0,581.65,580.0,571.15,,581.63,,,231009,134434691.35,7467,F1,1,,,,,
2026-09-03,2026-09-03,CM,NSE,STK,762757,INE552U01010,KPL,EQ,,,,,KWALITY PHARMACEUTICALS L,3428.0,3445.0,3290.2,3351.7,3327.5,3390.1,,3350.01,,,21875,73249342.8,2945,F1,1,,,,,
2026-09-03,2026-09-03,CM,NSE,STK,760946,INE2KCE01013,KWIL,EQ,,,,,KWALITY WALL'S (INDIA) L,43.74,44.5,42.1,42.31,42.38,43.38,,42.31,,,12570077,543513557.48,43394,F1,1,,,,,
2026-09-03,2026-09-03,CM,NSE,STK,765100,INE341H01023,LKPSEC,EQ,,,,,L K P SECURITIES LTD.,15.76,15.76,14.51,15.02,15.0,15.19,,15.03,,,8972,134467.79,91,F1,1,,,,,
2026-09-03,2026-09-03,CM,NSE,STK,24948,INE498L01015,LTF,EQ,,,,,L&T FINANCE LIMITED,313.8,317.7,311.4,316.9,316.9,312.8,,316.9,,,3194737,1006093461.15,31136,F1,1,,,,,
2026-09-03,2026-09-03,CM,NSE,STK,18564,INE010V01017,LTTS,EQ,,,,,L&T TECHNOLOGY SER. LTD.,3540.9,3540.9,3467.0,3501.2,3509.9,3505.0,,3501.05,,,44558,155837185.0,8821,F1,1,,,,,
2026-09-03,2026-09-03,CM,NSE,STK,14423,INE059D01020,LAOPALA,EQ,,,,,LA OPALA RG LIMITED,171.87,172.6,169.6,171.55,172.0,171.87,,171.55,,,72820,12459241.73,1916,F1,1,,,,,
2026-09-03,2026-09-03,CM,NSE,STK,764758,INE519D01015,LADDERUP,EQ,,,,,LADDERUP FINANCE LTD.,54.0,54.0,47.05,51.7,52.9,50.06,,51.7,,,232,12418.55,12,F1,1,,,,,
2026-09-03,2026-09-03,CM,NSE,STK,5865,INE548Z01017,LAGNAM,EQ,,,,,LAGNAM SPINTEX LIMITED,74.0,76.98,74.0,74.4,74.5,74.92,,74.4,,,2879,214779.35,60,F1,1,,,,,
2026-09-03,2026-09-03,CM,NSE,STK,762762,INE515C01023,LAHOTIOV,EQ,,,,,LAHOTI OVERSEAS LTD.,41.01,46.95,41.01,45.08,44.5,41.98,,45.07,,,128066,5758764.94,891,F1,1,,,,,
2026-09-03,2026-09-03,CM,NSE,STK,7902,INE850E01012,LFIC,EQ,,,,,LAKSHMI FIN IND CORP LTD,138.3,138.3,134.6,135.28,135.8,135.91,,135.28,,,233,31660.82,20,F1,1,,,,,
2026-09-03,2026-09-03,CM,NSE,STK,764763,INE938C01019,LAKSHMIMIL,EQ,,,,,LAKSHMI MILLS CO. LTD.,7980.0,8000.0,7700.0,7800.0,7800.0,7927.0,,7792.22,,,42,328170.0,19,F1,1,,,,,
2026-09-03,2026-09-03,CM,NSE,STK,4774,INE651C01018,LAKPRE,BZ,,,,,LAKSHMI PRE SCRE LTD,4.68,5.16,4.68,4.78,4.75,4.92,,4.78,,,3998,19520.15,58,F1,1,,,,,
2026-09-03,2026-09-03,CM,NSE,STK,25860,INE0VZS01015,LAKSHYA,SM,,,,,LAKSHYA POWERTECH LIMITED,84.5,84.5,83.65,83.65,83.65,83.55,,83.65,,,3200,268400.0,4,F1,800,,,,,
2026-09-03,2026-09-03,CM,NSE,STK,765361,INE0K9O01026,LALITHAA,EQ,,,,,LALITHAA JEWELLERY MART L,267.05,283.0,262.2,280.3,281.9,264.35,,280.32,,,14643073,4037525685.8,123702,F1,1,,,,,
2026-09-03,2026-09-03,CM,NSE,STK,6407,INE112F01022,LAMBODHARA,EQ,,,,,LAMBODHARA TEXTILES LTD.,135.6,139.92,134.02,137.47,139.8,133.45,,137.47,,,9197,1258003.38,402,F1,1,,,,,
2026-09-03,2026-09-03,CM,NSE,STK,27225,INE0R0201012,LAMOSAIC,ST,,,,,LAMOSAIC INDIA LIMITED,60.1,61.4,58.2,61.4,61.4,60.9,,61.4,,,195000,11869590.0,90,F1,600,,,,,
2026-09-03,2026-09-03,CM,NSE,STK,9392,INE359U01028,LANCER,EQ,,,,,LANCER CONTAINER LINES L,13.0,13.44,12.96,13.19,13.2,12.91,,13.18,,,704727,9340132.48,1818,F1,1,,,,,
2026-09-03,2026-09-03,CM,NSE,STK,23027,INE572G01025,LANCORHOL,EQ,,,,,LANCOR HOLDINGS LIMITED,33.06,35.25,32.87,34.75,34.5,33.15,,34.75,,,625911,21601146.08,3331,F1,1,,,,,
2026-09-03,2026-09-03,CM,NSE,STK,13276,INE559R01029,LANDMARK,EQ,,,,,LANDMARK CARS LIMITED,497.0,511.55,490.6,498.0,500.0,494.9,,498.1,,,50914,25278089.05,2925,F1,1,,,,,
2026-09-03,2026-09-03,CM,NSE,STK,16863,INE197J01017,LPDC,EQ,,,,,LANDMARK PR.DEV.CO.LTD,7.05,7.05,6.22,6.69,6.7,6.68,,6.69,,,65721,433863.49,206,F1,1,,,,,
2026-09-03,2026-09-03,CM,NSE,STK,17376,INE688J01023,LANDSMILL,EQ,,,,,LANDSMILL GREEN LIMITED,0.68,0.69,0.67,0.67,0.68,0.68,,0.67,,,1513906,1029703.65,775,F1,1,,,,,
2026-09-03,2026-09-03,CM,NSE,STK,11483,INE018A01030,LT,EQ,,,,,LARSEN & TOUBRO LTD.,3999.8,4027.7,3975.0,3975.0,3975.0,3981.0,,3972.96,,,940768,3761839968.0,55179,F1,1,,,,,
2026-09-03,2026-09-03,CM,NSE,STK,21713,INE670X01014,LASA,EQ,,,,,LASA SUPERGENERICS LTD,6.9,6.98,6.81,6.82,6.82,6.78,,6.82,,,25647,177199.93,107,F1,1,,,,,
2026-09-03,2026-09-03,CM,NSE,STK,764126,INE17IR01028,LASERPOWER,EQ,,,,,LASER POWER & INFRA LTD,305.9,308.9,298.8,301.05,300.2,303.55,,301.04,,,532586,161600011.6,9392,F1,1,,,,,
2026-09-03,2026-09-03,CM,NSE,STK,6818,INE0I7C01011,LATENTVIEW,EQ,,,,,LATENT VIEW ANALYTICS LTD,273.45,273.45,265.25,266.0,265.8,271.0,,266.0,,,449716,120494754.8,11957,F1,1,,,,,
2026-09-03,2026-09-03,CM,NSE,STK,15840,INE262Z01023,LATTEYS,EQ,,,,,LATTEYS INDUSTRIES LTD,21.16,21.67,20.63,20.98,20.8,21.26,,20.98,,,38038,806167.65,221,F1,1,,,,,
2026-09-03,2026-09-03,CM,NSE,STK,19234,INE947Q01028,LAURUSLABS,EQ,,,,,LAURUS LABS LIMITED,1864.9,1876.6,1852.6,1868.5,1868.5,1864.0,,1868.5,,,1506361,2806741593.7,31169,F1,1,,,,,
2026-09-03,2026-09-03,CM,NSE,STK,6568,INE801V01019,LAXMICOT,EQ,,,,,LAXMI COTSPIN LIMITED,12.98,12.98,12.64,12.71,12.69,12.72,,12.71,,,16923,215164.43,57,F1,1,,,,,
2026-09-03,2026-09-03,CM,NSE,STK,29171,INE0WO601020,LAXMIDENTL,EQ,,,,,LAXMI DENTAL LIMITED,196.0,200.98,194.05,199.2,198.0,194.58,,199.17,,,72745,14347314.44,2420,F1,1,,,,,
2026-09-03,2026-09-03,CM,NSE,STK,19876,INE258Y01016,LGHL,EQ,,,,,LAXMI GOLDORNA HOUSE LTD,180.0,181.97,174.18,178.95,179.49,175.77,,178.95,,,9600,1713216.68,283,F1,1,,,,,
2026-09-03,2026-09-03,CM,NSE,STK,758863,INE06WU01026,LAXMIINDIA,EQ,,,,,LAXMI INDIA FINANCE LTD,126.07,137.4,126.07,128.13,128.99,125.93,,128.13,,,842455,111916862.34,14467,F1,1,,,,,
2026-09-03,2026-09-03,CM,NSE,STK,2841,INE576O01020,LXCHEM,EQ,,,,,LAXMI ORGANIC INDUS LTD,170.31,177.7,170.23,175.58,174.95,169.55,,175.58,,,1600299,280652688.46,20803,F1,1,,,,,
2026-09-03,2026-09-03,CM,NSE,STK,7529,INE938A01021,LCCINFOTEC,EQ,,,,,LCC INFOTECH LTD,3.89,4.0,3.7,3.85,3.89,3.64,,3.86,,,408915,1593683.57,547,F1,1,,,,,
2026-09-03,2026-09-03,CM,NSE,STK,760300,INE0G1L01025,LEMERITE,EQ,,,,,LE MERITE EXPORTS LIMITED,20.77,21.18,20.16,21.11,21.0,20.38,,21.11,,,159140,3290648.79,255,F1,1,,,,,
2026-09-03,2026-09-03,CM,NSE,STK,24067,INE0HV901016,IXIGO,EQ,,,,,LE TRAVENUES TECHNOLOGY L,158.93,164.19,157.79,162.15,163.6,156.42,,162.15,,,2022149,326474912.37,34948,F1,1,,,,,
2026-09-03,2026-09-03,CM,NSE,STK,14204,INE0H4B01011,LRRPL,SM,,,,,LEAD REC AND RUB PROD LTD,87.0,87.0,86.0,86.9,86.9,86.35,,86.9,,,16500,1427700.0,8,F1,1500,,,,,
2026-09-03,2026-09-03,CM,NSE,STK,764523,INE00GO01025,LEAPIND,EQ,,,,,LEAP INDIA LIMITED,158.9,160.3,151.7,152.41,152.4,157.68,,152.4,,,4076195,629988066.87,44883,F1,1,,,,,
2026-09-03,2026-09-03,CM,NSE,STK,765098,INE791B01014,LEENEE,BE,,,,,LEE & NEE SOFTWARES (E) L,8.89,9.0,8.45,8.49,8.8,8.89,,8.49,,,36925,318657.4,71,F1,1,,,,,
2026-09-03,2026-09-03,CM,NSE,STK,757014,INE0AQ201015,THELEELA,EQ,,,,,LEELA PALACES HOTEL LTD,569.9,575.3,556.6,566.05,563.0,569.9,,566.05,,,520191,293970010.25,18265,F1,1,,,,,
2026-09-03,2026-09-03,CM,NSE,STK,2606,INE970X01018,LEMONTREE,EQ,,,,,LEMON TREE HOTELS LTD,106.41,107.1,104.7,104.89,105.0,106.18,,104.9,,,2699116,284677405.49,21794,F1,1,,,,,
2026-09-03,2026-09-03,CM,NSE,STK,759605,INE956O01016,LENSKART,EQ,,,,,LENSKART SOLUTIONS LTD,672.95,681.65,663.5,672.45,671.9,668.9,,672.44,,,5393527,3629166192.4,81322,F1,1,,,,,
2026-09-03,2026-09-03,CM,NSE,STK,14459,INE500X01013,LEXUS,EQ,,,,,LEXUS GRANITO (INDIA) LTD,13.96,14.34,13.39,13.54,13.5,13.96,,13.54,,,24077,331986.26,181,F1,1,,,,,
2026-09-03,2026-09-03,CM,NSE,STK,18321,INE337A01034,LGBBROSLTD,EQ,,,,,LG BALAKRISHNAN & BROS,1699.9,1750.0,1698.0,1716.2,1700.0,1699.9,,1716.24,,,28032,48127559.1,4267,F1,1,,,,,
2026-09-03,2026-09-03,CM,NSE,STK,760213,INE324D01010,LGEINDIA,EQ,,,,,LG ELECTRONICS INDIA LTD,1655.0,1672.5,1641.0,1662.3,1659.0,1653.2,,1662.37,,,230470,381825620.7,23463,F1,1,,,,,
2026-09-03,2026-09-03,CM,NSE,STK,11082,INE908V01012,LIBAS,EQ,,,,,LIBAS CONSU PRODUCTS LTD,10.75,10.75,10.26,10.48,10.49,10.49,,10.48,,,8408,88023.87,92,F1,1,,,,,
2026-09-03,2026-09-03,CM,NSE,STK,1994,INE557B01019,LIBERTSHOE,EQ,,,,,LIBERTY SHOES LTD,236.0,239.73,233.0,234.3,235.5,234.79,,234.31,,,30014,7047627.51,449,F1,1,,,,,
2026-09-03,2026-09-03,CM,NSE,STK,1997,INE115A01026,LICHSGFIN,EQ,,,,,LIC HOUSING FINANCE LTD,542.0,555.95,536.6,554.0,554.0,541.25,,553.99,,,5798155,3183039947.5,51416,F1,1,,,,,
2026-09-03,2026-09-03,CM,NSE,STK,25640,INF767K01SM1,LICMFGOLD,EQ,,,,,LIC MF - LIC GOLD ETF,137.55,138.15,137.05,137.5,137.3,135.25,,137.52,,,49111,6764012.45,567,F1,1,,,,,
2026-09-03,2026-09-03,CM,NSE,STK,11319,INF767K01OS7,LICNETFN50,EQ,,,,,LICNAMC - LICNFENGP,270.0,270.9,267.49,267.67,267.49,267.6,,267.67,,,64,17246.07,21,F1,1,,,,,
2026-09-03,2026-09-03,CM,NSE,STK,11441,INF767K01OT5,LICNETFSEN,EQ,,,,,LICNAMC - LICNFESGP,867.0,867.0,863.46,863.46,863.46,861.96,,863.46,,,13,11234.12,3,F1,1,,,,,
2026-09-03,2026-09-03,CM,NSE,STK,15229,INF767K01PC8,LICNFNHGP,EQ,,,,,LICNAMC - LICNFNHGP,276.33,276.92,273.98,276.04,276.08,274.97,,275.77,,,292,80254.32,15,F1,1,,,,,
2026-09-03,2026-09-03,CM,NSE,STK,6062,INF767K01MV5,LICNETFGSC,EQ,,,,,LICNAMC - LICNMFET,29.52,29.53,29.2,29.21,29.2,29.33,,29.21,,,20923,616100.08,80,F1,1,,,,,
2026-09-03,2026-09-03,CM,NSE,STK,22722,INF767K01RN1,LICNMID100,EQ,,,,,LICNAMC - LICNMID100,62.88,64.23,62.88,63.42,63.42,63.19,,63.42,,,11453,729685.29,95,F1,1,,,,,
2026-09-03,2026-09-03,CM,NSE,STK,9480,INE0J1Y01017,LICI,EQ,,,,,LIFE INSURA CORP OF INDIA,411.8,417.0,411.0,416.9,416.9,408.25,,417.83,,,5101486,2118071528.7,49290,F1,1,,,,,
2026-09-03,2026-09-03,CM,NSE,STK,578,INE060901027,LIKHITHA,EQ,,,,,LIKHITHA INFRASTRUC LTD,213.99,213.99,201.41,202.9,203.0,202.76,,202.9,,,39449,8031676.08,657,F1,1,,,,,
2026-09-03,2026-09-03,CM,NSE,STK,6951,INE802B01027,LINC,EQ,,,,,LINC LIMITED,96.33,96.33,94.0,94.69,95.44,95.86,,94.67,,,11563,1095250.18,295,F1,1,,,,,
2026-09-03,2026-09-03,CM,NSE,STK,11596,INE405C01035,LINCOLN,EQ,,,,,LINCOLN PHARMA LTD,627.35,627.35,619.0,622.65,624.5,618.35,,622.67,,,22964,14294240.1,1177,F1,1,,,,,
2026-09-03,2026-09-03,CM,NSE,STK,1627,INE473A01011,LINDEINDIA,EQ,,,,,LINDE INDIA LIMITED,6357.0,6418.0,6316.0,6373.0,6389.0,6352.5,,6372.71,,,16313,103968852.5,5177,F1,1,,,,,
2026-09-03,2026-09-03,CM,NSE,STK,17801,INE093R01011,LLOYDSENGG,EQ,,,,,LLOYDS ENGG WORK LIMITED,83.2,85.9,83.2,84.95,85.22,82.77,,84.94,,,3707337,315339697.14,18665,F1,1,,,,,
2026-09-03,2026-09-03,CM,NSE,STK,25807,INE080I01025,LLOYDSENT,EQ,,,,,LLOYDS ENTERPRISES LTD,71.24,72.9,71.24,71.97,71.75,70.96,,71.97,,,1988111,143255302.41,8737,F1,1,,,,,
2026-09-03,2026-09-03,CM,NSE,STK,11472,INE0DTQ01028,LLOYDS,SM,,,,,LLOYDS LUXURIES LIMITED,57.0,57.5,57.0,57.5,57.5,57.0,,57.5,,,3000,172000.0,3,F1,1000,,,,,
2026-09-03,2026-09-03,CM,NSE,STK,17313,INE281B01032,LLOYDSME,EQ,,,,,LLOYDS METALS N ENERGY L,1818.0,1859.4,1818.0,1848.7,1845.0,1813.0,,1848.72,,,320770,591074641.9,37225,F1,1,,,,,
2026-09-03,2026-09-03,CM,NSE,STK,1979,INE269B01029,LMW,EQ,,,,,LMW LIMITED,18801.0,19250.0,18500.0,18993.0,19010.0,18783.0,,18991.79,,,5846,110937863.0,2299,F1,1,,,,,
2026-09-03,2026-09-03,CM,NSE,STK,3220,INE670K01029,LODHA,EQ,,,,,LODHA DEVELOPERS LIMITED,1209.8,1244.4,1205.3,1234.0,1234.0,1208.3,,1233.94,,,1694352,2078311107.5,55402,F1,1,,,,,
2026-09-03,2026-09-03,CM,NSE,STK,764296,INE0QJW01029,LCL,EQ,,,,,LOHIA CORP LIMITED,543.8,560.0,531.4,553.45,555.5,540.85,,553.45,,,932165,505058230.5,39400,F1,1,,,,,
2026-09-03,2026-09-03,CM,NSE,STK,13436,INE397H01017,LOKESHMACH,EQ,,,,,LOKESH MACHINES LTD,341.0,385.8,341.0,360.3,361.5,339.9,,360.3,,,212043,77917947.45,5047,F1,1,,,,,
2026-09-03,2026-09-03,CM,NSE,STK,18232,INE846D01012,LORDSCHLO,EQ,,,,,LORDS CHLORO ALKALI LTD,139.9,142.74,139.0,141.55,141.9,138.28,,141.56,,,33665,4751811.55,611,F1,1,,,,,
2026-09-03,2026-09-03,CM,NSE,STK,14924,INE740X01023,LAL,EQ,,,,,LORENZINI APPARELS LTD,8.71,9.28,8.71,9.0,8.92,8.88,,9.0,,,31906,288402.09,111,F1,1,,,,,
2026-09-03,2026-09-03,CM,NSE,STK,764768,INE026D01011,LOTUSCHO,EQ,,,,,LOTUS CHOCOLATE CO. LTD.,640.1,671.0,617.0,650.95,650.5,640.05,,650.73,,,11659,7586688.9,826,F1,1,,,,,
2026-09-03,2026-09-03,CM,NSE,STK,16807,INE947I01017,LOTUSEYE,EQ,,,,,LOTUS EYE HOSP & INST L,106.11,110.0,106.11,109.28,109.25,107.98,,109.28,,,2415,263025.05,150,F1,1,,,,,
2026-09-03,2026-09-03,CM,NSE,STK,22415,INE597L01014,LOVABLE,EQ,,,,,LOVABLE LINGERIE LTD,72.5,72.8,71.24,72.21,72.39,70.84,,72.06,,,7609,548988.03,198,F1,1,,,,,
2026-09-03,2026-09-03,CM,NSE,STK,10590,INE970D01010,LOYALTEX,EQ,,,,,LOYAL TEXTILE MILLS LTD,205.0,218.79,200.0,211.82,214.99,209.0,,211.62,,,47,9840.68,13,F1,1,,,,,
2026-09-03,2026-09-03,CM,NSE,STK,13816,INE818H01020,LTFOODS,EQ,,,,,LT FOODS LIMITED,445.8,445.8,434.9,442.55,442.85,442.45,,442.55,,,442684,195369354.85,17364,F1,1,,,,,
2026-09-03,2026-09-03,CM,NSE,STK,17818,INE214T01019,LTM,EQ,,,,,LTM LIMITED,4581.0,4581.0,4506.0,4560.0,4560.0,4588.0,,4559.7,,,206556,936729915.6,18519,F1,1,,,,,
2026-09-03,2026-09-03,CM,NSE,STK,14014,INE872H01027,LUMAXTECH,EQ,,,,,LUMAX AUTO TECH LTD,1997.0,2021.0,1951.6,1985.4,1994.9,1986.5,,1985.32,,,116862,232437131.0,13892,F1,1,,,,,
2026-09-03,2026-09-03,CM,NSE,STK,2018,INE162B01018,LUMAXIND,EQ,,,,,LUMAX INDUSTRIES LTD,6410.0,6487.0,6290.0,6380.5,6374.5,6347.0,,6380.55,,,11901,76186533.5,3673,F1,1,,,,,
2026-09-03,2026-09-03,CM,NSE,STK,765524,INE185Q01025,LUMINO,EQ,,,,,LUMINO INDUSTRIES LIMITED,110.0,118.99,106.54,110.32,111.2,82.0,,110.32,,,178315729,20193188472.99,733594,F1,1,,,,,
2026-09-03,2026-09-03,CM,NSE,STK,10440,INE326A01037,LUPIN,EQ,,,,,LUPIN LIMITED,2148.0,2159.9,2132.0,2132.0,2132.0,2155.2,,2132.0,,,474600,1016662056.8,34308,F1,1,,,,,
2026-09-03,2026-09-03,CM,NSE,STK,11301,INE150G01020,LUXIND,EQ,,,,,LUX INDUSTRIES LIMITED,1167.0,1189.8,1163.5,1171.7,1171.0,1164.9,,1171.75,,,13633,15998019.1,1230,F1,1,,,,,
2026-09-03,2026-09-03,CM,NSE,STK,7248,INE933A01014,LYKALABS,BE,,,,,LYKA LABS LTD.,75.0,76.83,73.9,76.83,76.83,75.33,,77.52,,,23070,1755418.12,83,F1,1,,,,,
2026-09-03,2026-09-03,CM,NSE,STK,758150,INE08N601015,MBEL,EQ,,,,,M AND B ENGINEERING LTD,269.9,280.55,263.5,275.45,274.9,266.1,,275.43,,,215533,58571451.1,4029,F1,1,,,,,
2026-09-03,2026-09-03,CM,NSE,STK,765120,INE227F01010,MKEXIM,EQ,,,,,M K EXIM (INDIA) LTD.,62.0,62.89,58.8,60.18,60.99,61.42,,60.39,,,10578,640005.28,155,F1,1,,,,,
2026-09-03,2026-09-03,CM,NSE,STK,16736,INE964W01021,MKPL,EQ,,,,,M K PROTEINS LIMITED,4.02,4.07,4.0,4.06,4.07,4.0,,4.06,,,41793,169179.21,332,F1,1,,,,,
2026-09-03,2026-09-03,CM,NSE,STK,22360,INE813V01022,MCL,EQ,,,,,M TEK COPPER LIMITED,56.01,59.38,56.01,58.5,58.68,56.17,,58.5,,,51926,3007641.14,1624,F1,1,,,,,
2026-09-03,2026-09-03,CM,NSE,STK,13285,INE774D01024,M&MFIN,EQ,,,,,M&M FIN. SERVICES LTD,369.25,378.85,367.1,376.05,374.95,368.85,,376.05,,,1943334,726117717.55,46483,F1,1,,,,,
2026-09-03,2026-09-03,CM,NSE,STK,22976,INE0SGC01015,MVKAGRO,SM,,,,,M.V.K. AGRO FOOD PROD LTD,225.1,225.1,225.1,225.1,225.1,214.4,,225.1,,,3900,877890.0,10,F1,300,,,,,
2026-09-03,2026-09-03,CM,NSE,STK,15017,INE215I01027,MAANALU,EQ,,,,,MAAN ALUMINIUM LIMITED,119.0,121.55,118.21,120.77,119.5,118.15,,120.78,,,47758,5748067.93,565,F1,1,,,,,
2026-09-03,2026-09-03,CM,NSE,STK,762782,INE435D01014,MCCHRLS-B,EQ,,,,,MAC CHARLES (INDIA) LTD.,693.0,693.0,670.0,679.95,679.95,675.6,,677.43,,,185,124589.25,13,F1,1,,,,,
2026-09-03,2026-09-03,CM,NSE,STK,22347,INE155Z01011,MACPOWER,EQ,,,,,MACPOWER CNC MACHINES LTD,1885.5,1949.9,1875.2,1944.1,1944.8,1883.6,,1944.1,,,23269,44736884.2,3823,F1,1,,,,,
2026-09-03,2026-09-03,CM,NSE,STK,762767,INE631R01026,MADHAVIPL,EQ,,,,,MADHAV INFRA PROJECTS L,7.72,8.21,7.72,7.92,7.9,7.97,,7.92,,,87850,706505.7,315,F1,1,,,,,
2026-09-03,2026-09-03,CM,NSE,STK,15151,INE925C01016,MADHAV,EQ,,,,,MADHAV MARBLE & GRANITE,35.49,35.5,34.8,34.84,35.2,35.25,,34.77,,,1391,49185.94,19,F1,1,,,,,
2026-09-03,2026-09-03,CM,NSE,STK,13668,INE378D01032,MADHUCON,BE,,,,,MADHUCON PROJECTS LTD.,5.01,5.11,4.76,4.81,4.82,5.01,,4.81,,,98743,476299.69,130,F1,1,,,,,
2026-09-03,2026-09-03,CM,NSE,STK,765479,INE1P5601010,MADHURKNIT,ST,,,,,MADHUR KNIT CRAFTS LTD,85.75,85.75,85.75,85.75,85.75,90.25,,85.75,,,2400,205800.0,2,F1,1200,,,,,
2026-09-03,2026-09-03,CM,NSE,STK,18738,INE0P6701019,MADHUSUDAN,ST,,,,,MADHUSUDAN MASALA LIMITED,231.0,233.0,226.15,232.0,231.0,231.0,,232.0,,,22000,5092900.0,20,F1,1000,,,,,
2026-09-03,2026-09-03,CM,NSE,STK,12686,INE900L01028,MBAPL,EQ,,,,,MADHYA BHARAT AGRO P. LTD,162.0,162.99,155.53,162.08,161.51,159.07,,162.08,,,1525913,242490663.7,12186,F1,1,,,,,
2026-09-03,2026-09-03,CM,NSE,STK,4911,INE414A01015,MADRASFERT,EQ,,,,,MADRAS FERTILISERS LTD,64.5,65.5,64.5,65.13,65.0,64.26,,65.13,,,34508,2249273.69,507,F1,1,,,,,
2026-09-03,2026-09-03,CM,NSE,STK,762772,INE270B01035,MAFATIND,EQ,,,,,MAFATLAL INDUSTRIES LTD.,121.39,125.0,121.01,123.24,123.0,122.57,,123.17,,,30086,3684951.42,809,F1,1,,,,,
2026-09-03,2026-09-03,CM,NSE,STK,21392,INE347W01011,MAGADSUGAR,EQ,,,,,MAGADH SUGAR & ENERGY LTD,564.5,579.5,561.5,566.7,569.95,559.15,,566.71,,,28860,16441917.85,2007,F1,1,,,,,
2026-09-03,2026-09-03,CM,NSE,STK,29482,INE613C01026,MCLOUD,EQ,,,,,MAGELLANIC CLOUD LIMITED,26.51,26.97,26.3,26.46,26.51,26.28,,26.46,,,1640775,43592739.58,4470,F1,1,,,,,
2026-09-03,2026-09-03,CM,NSE,STK,14957,INE387I01016,MAGNUM,EQ,,,,,MAGNUM VENTURES LTD.,19.0,19.44,19.0,19.0,19.09,19.18,,19.0,,,12157,230991.54,39,F1,1,,,,,
2026-09-03,2026-09-03,CM,NSE,STK,17088,INE0O1S01012,MAGSON,SM,,,,,MAGSON RETAIL AND DIST L,183.0,184.0,171.95,184.0,184.0,181.05,,184.0,,,27000,4862100.0,15,F1,1000,,,,,
2026-09-03,2026-09-03,CM,NSE,STK,5239,INE843B01013,MAHAPEXLTD,EQ,,,,,MAHA RASHTRA APEX COPR. L,55.48,57.0,53.77,54.72,54.24,54.94,,54.72,,,5308,290700.34,105,F1,1,,,,,
2026-09-03,2026-09-03,CM,NSE,STK,24937,INE0US801024,MFML,EQ,,,,,MAHALAXMI FABRIC MILLS LT,18.26,19.25,18.26,18.36,18.26,18.57,,18.27,,,1991,37620.43,56,F1,1,,,,,
2026-09-03,2026-09-03,CM,NSE,STK,7889,INE112D01035,MHLXMIRU,BE,,,,,MAHALAXMI RUBTECH LIMITED,176.0,177.0,172.02,174.89,174.9,176.82,,172.13,,,1536,268314.23,54,F1,1,,,,,
2026-09-03,2026-09-03,CM,NSE,STK,17531,INE451L01014,MAHASTEEL,BE,,,,,MAHAMAYA STEEL INDS LTD,1262.0,1278.0,1258.2,1258.2,1258.2,1324.4,,1258.59,,,649,817497.6,73,F1,1,,,,,
2026-09-03,2026-09-03,CM,NSE,STK,17534,INE002S01010,MGL,EQ,,,,,MAHANAGAR GAS LTD.,1065.2,1078.9,1065.1,1066.4,1065.5,1065.2,,1066.39,,,84444,90348098.7,9316,F1,1,,,,,
2026-09-03,2026-09-03,CM,NSE,STK,2294,INE153A01019,MTNL,EQ,,,,,MAHANAGAR TELEPHONE NIGAM,26.6,26.83,26.35,26.42,26.5,26.43,,26.42,,,324235,8603288.44,1699,F1,1,,,,,
2026-09-03,2026-09-03,CM,NSE,STK,2085,INE288A01013,MAHSCOOTER,EQ,,,,,MAHARASHTRA SCOOTERS LTD,13578.0,13729.0,13577.0,13639.0,13683.0,13560.0,,13639.2,,,991,13519002.0,480,F1,1,,,,,
2026-09-03,2026-09-03,CM,NSE,STK,2088,INE271B01025,MAHSEAMLES,EQ,,,,,MAHARASHTRA SEAMLESS LTD,666.95,682.5,649.75,653.5,650.15,665.05,,653.62,,,497338,330664757.3,26453,F1,1,,,,,
2026-09-03,2026-09-03,CM,NSE,STK,9577,INE263W01010,MAHESHWARI,BE,,,,,MAHESHWARI LOGISTICS LTD.,70.71,72.88,70.71,72.88,72.88,71.88,,72.88,,,6139,439102.34,24,F1,1,,,,,
2026-09-03,2026-09-03,CM,NSE,STK,2839,INE961Y01015,MAHICKRA,SM,,,,,MAHICKRA CHEMICAL LIMITED,294.0,295.0,283.0,295.0,295.0,291.5,,295.0,,,8250,2385487.5,9,F1,750,,,,,
2026-09-03,2026-09-03,CM,NSE,STK,2031,INE101A01026,M&M,EQ,,,,,MAHINDRA & MAHINDRA LTD,3200.0,3210.0,3150.0,3150.0,3150.0,3190.0,,3148.86,,,1826312,5794891283.9,78647,F1,1,,,,,
2026-09-03,2026-09-03,CM,NSE,STK,17603,INE215D01010,MAHEPC,EQ,,,,,MAHINDRA EPC IRRIG LTD,103.8,105.0,102.02,103.25,103.58,101.95,,103.22,,,14309,1479123.43,330,F1,1,,,,,
2026-09-03,2026-09-03,CM,NSE,STK,17333,INE998I01010,MHRIL,EQ,,,,,MAHINDRA HOLIDAYS LTD,208.99,208.99,206.61,207.91,207.3,206.59,,207.91,,,78196,16254020.66,1884,F1,1,,,,,
2026-09-03,2026-09-03,CM,NSE,STK,8050,INE813A01018,MAHLIFE,EQ,,,,,MAHINDRA LIFESPACE DEVLTD,357.4,363.6,355.5,363.1,363.0,359.0,,363.11,,,69350,25005592.5,3579,F1,1,,,,,
2026-09-03,2026-09-03,CM,NSE,STK,385,INE766P01016,MAHLOG,EQ,,,,,MAHINDRA LOGISTIC LIMITED,395.95,403.75,392.05,400.3,401.0,392.45,,400.28,,,105313,41836532.85,8157,F1,1,,,,,
2026-09-03,2026-09-03,CM,NSE,STK,24538,INE683C01011,MAITHANALL,EQ,,,,,MAITHAN ALLOYS LTD,1038.0,1046.6,1020.2,1038.5,1036.3,1019.35,,1038.49,,,95607,98855169.2,5552,F1,1,,,,,
2026-09-03,2026-09-03,CM,NSE,STK,762780,INE201B01022,MAJESAUT,BE,,,,,MAJESTIC AUTO LTD.,354.0,356.7,351.1,352.7,356.25,353.65,,352.67,,,2358,833286.9,96,F1,1,,,,,
2026-09-03,2026-09-03,CM,NSE,STK,764773,INE987A01010,MAKERSL,EQ,,,,,MAKERS LABORATORIES LTD.,188.0,200.97,182.06,200.77,200.97,182.7,,200.28,,,9968,1955582.82,443,F1,1,,,,,
2026-09-03,2026-09-03,CM,NSE,STK,11218,INE0CDK01019,MAKS,SM,,,,,MAKS ENERGY SOL INDIA LTD,14.4,14.4,14.4,14.4,14.4,13.75,,14.4,,,3000,43200.0,1,F1,1500,,,,,
2026-09-03,2026-09-03,CM,NSE,STK,7965,INE389C01015,MALLCOM,EQ,,,,,MALLCOM (INDIA) LIMITED,1025.0,1025.0,995.0,998.8,997.0,1021.15,,998.98,,,4823,4853916.5,222,F1,1,,,,,
2026-09-03,2026-09-03,CM,NSE,STK,13352,INE383H01017,MALUPAPER,EQ,,,,,MALU PAPER MILLS LIMITED,30.9,33.85,30.8,32.44,32.69,31.05,,32.44,,,73407,2383910.16,484,F1,1,,,,,
2026-09-03,2026-09-03,CM,NSE,STK,28687,INE0TO701015,MAMATA,EQ,,,,,MAMATA MACHINERY LIMITED,404.0,407.0,401.6,404.55,403.2,401.15,,404.55,,,28652,11592090.4,1140,F1,1,,,,,
2026-09-03,2026-09-03,CM,NSE,STK,7413,INE830Q01018,MANAKCOAT,EQ,,,,,MAN COAT METAL & IND LTD,122.0,123.49,120.12,120.65,120.5,121.56,,120.64,,,72641,8818602.56,1167,F1,1,,,,,
2026-09-03,2026-09-03,CM,NSE,STK,11884,INE993A01026,MANINDS,EQ,,,,,MAN INDUSTRIES (I) LTD.,751.25,799.0,748.1,793.4,789.2,744.85,,793.38,,,1373550,1077644608.45,48503,F1,1,,,,,
2026-09-03,2026-09-03,CM,NSE,STK,18226,INE949H01023,MANINFRA,EQ,,,,,MAN INFRA LTD,122.88,125.55,120.6,124.59,124.6,123.27,,124.59,,,2550009,315984622.89,13539,F1,1,,,,,
2026-09-03,2026-09-03,CM,NSE,STK,7420,INE859Q01017,MANAKALUCO,EQ,,,,,MANAK ALUMINIUM CO. LTD.,37.6,38.14,36.91,37.68,37.91,37.12,,37.63,,,54631,2057956.61,667,F1,1,,,,,
2026-09-03,2026-09-03,CM,NSE,STK,15199,INE015D01022,MANAKSIA,EQ,,,,,MANAKSIA LTD.,58.1,59.55,58.1,59.12,59.48,58.14,,59.12,,,44734,2638555.33,418,F1,1,,,,,
2026-09-03,2026-09-03,CM,NSE,STK,7463,INE824Q01011,MANAKSTEEL,EQ,,,,,MANAKSIA STEELS LTD,112.0,114.76,106.1,111.91,110.0,109.3,,111.9,,,656021,73974519.11,4374,F1,1,,,,,
2026-09-03,2026-09-03,CM,NSE,STK,13796,INE201A01024,MANALIPETC,EQ,,,,,MANALI PETROCHEMICALS LT,83.0,90.89,82.0,89.73,89.0,82.76,,89.72,,,39146179,3474678690.7,123878,F1,1,,,,,
2026-09-03,2026-09-03,CM,NSE,STK,19061,INE522D01027,MANAPPURAM,EQ,,,,,MANAPPURAM FINANCE LTD,343.05,346.45,338.45,341.0,341.0,340.9,,340.0,,,3304569,1125272166.95,39486,F1,1,,,,,
2026-09-03,2026-09-03,CM,NSE,STK,759354,INE0U4H01011,MPEL,ST,,,,,MANAS POLYMER N ENERGIE L,25.85,26.05,25.85,26.05,26.05,24.85,,26.05,,,6400,166000.0,4,F1,1600,,,,,
2026-09-03,2026-09-03,CM,NSE,STK,21697,INE104Y01012,MANAV,SM,,,,,MANAV INFRA PROJECTS LTD,37.9,39.5,37.9,38.7,39.5,37.9,,38.7,,,8000,309600.0,2,F1,4000,,,,,
2026-09-03,2026-09-03,CM,NSE,STK,25597,INE939X01013,MANBA,EQ,,,,,MANBA FINANCE LIMITED,128.99,131.0,128.28,129.45,130.9,128.31,,129.45,,,32969,4263978.53,664,F1,1,,,,,
2026-09-03,2026-09-03,CM,NSE,STK,23779,INE0R3T01013,MANDEEP,SM,,,,,MANDEEP AUTO INDUSTRIES L,18.0,18.0,18.0,18.0,18.0,18.2,,18.0,,,2000,36000.0,1,F1,2000,,,,,
2026-09-03,2026-09-03,CM,NSE,STK,24823,INE545L01039,MANCREDIT,EQ,,,,,MANGAL CREDIT N FINCORP L,237.0,237.0,226.21,231.4,236.7,227.79,,231.38,,,39072,9029212.88,945,F1,1,,,,,
2026-09-03,2026-09-03,CM,NSE,STK,758748,INE0PKD01011,MEIL,EQ,,,,,MANGAL ELECTRICAL IND L,279.0,285.3,279.0,283.75,281.95,278.9,,283.75,,,27751,7844499.5,696,F1,1,,,,,
2026-09-03,2026-09-03,CM,NSE,STK,19134,INE00C401011,MAL,SM,,,,,MANGALAM ALLOYS LIMITED,32.9,34.75,32.75,34.75,34.75,31.6,,34.75,,,104000,3530800.0,45,F1,1600,,,,,
2026-09-03,2026-09-03,CM,NSE,STK,2106,INE347A01017,MANGLMCEM,EQ,,,,,MANGALAM CEMENT LTD,1090.1,1120.0,1090.0,1098.2,1101.0,1092.9,,1098.18,,,214044,236963004.5,7938,F1,1,,,,,
2026-09-03,2026-09-03,CM,NSE,STK,11817,INE584F01014,MANGALAM,EQ,,,,,MANGALAM DRUG & CHEM LTD,31.4,31.4,29.73,30.3,30.6,30.33,,30.31,,,25497,772019.56,220,F1,1,,,,,
2026-09-03,2026-09-03,CM,NSE,STK,1598,INE0APB01032,MGEL,BE,,,,,MANGALAM GLOBAL ENT LTD,14.2,14.69,13.9,14.4,14.31,14.44,,14.4,,,60727,867465.29,168,F1,1,,,,,
2026-09-03,2026-09-03,CM,NSE,STK,6422,INE370D01013,MANORG,EQ,,,,,MANGALAM ORGANICS LIMITED,478.0,502.55,474.95,490.25,487.55,478.65,,490.25,,,30981,15233605.6,1491,F1,1,,,,,
2026-09-03,2026-09-03,CM,NSE,STK,764783,INE829S01016,MSL,EQ,,,,,MANGALAM SEEDS LTD.,143.0,143.0,137.53,137.53,137.53,137.53,,136.77,,,10,1380.77,3,F1,1,,,,,
2026-09-03,2026-09-03,CM,NSE,STK,759169,INE0JYY01029,MWL,EQ,,,,,MANGALAM WORLDWIDE LTD,39.6,39.9,38.81,39.08,39.25,39.2,,39.08,,,531033,20912270.68,1766,F1,1,,,,,
2026-09-03,2026-09-03,CM,NSE,STK,24629,INE0R3101011,MIEL,SM,,,,,MANGLAM INFRA & ENG LTD,12.4,12.4,12.3,12.3,12.3,12.4,,12.3,,,4000,49400.0,2,F1,2000,,,,,
2026-09-03,2026-09-03,CM,NSE,STK,764357,INE459N01021,MANIPALHOS,EQ,,,,,MANIPAL HEALTH ENTERPRI L,715.0,733.0,708.2,726.0,726.0,709.9,,726.01,,,4121899,2974246158.7,61044,F1,1,,,,,
2026-09-03,2026-09-03,CM,NSE,STK,15380,INE634S01028,MANKIND,EQ,,,,,MANKIND PHARMA LIMITED,2390.0,2390.0,2355.4,2368.8,2368.8,2391.5,,2368.13,,,98805,233820855.1,10116,F1,1,,,,,
2026-09-03,2026-09-03,CM,NSE,STK,19015,INE0KNT01012,MVGJL,EQ,,,,,MANOJ VAIBHAV GEM N JEW L,161.76,177.73,160.81,171.97,173.66,161.76,,171.78,,,753678,129751515.58,15887,F1,1,,,,,
2026-09-03,2026-09-03,CM,NSE,STK,13753,INE784W01015,MANOMAY,EQ,,,,,MANOMAY TEX INDIA LTD,230.0,230.0,223.81,226.83,226.47,224.52,,226.84,,,348547,78619443.38,2742,F1,1,,,,,
2026-09-03,2026-09-03,CM,NSE,STK,10227,INE00VM01036,MANORAMA,EQ,,,,,MANORAMA INDUSTRIES LTD,1869.8,1999.0,1840.8,1966.3,1970.0,1813.1,,1966.25,,,880433,1693495299.1,55990,F1,1,,,,,
2026-09-03,2026-09-03,CM,NSE,STK,13575,INE867A01022,MANUGRAPH,BE,,,,,MANUGRAPH INDIA LIMITED,13.82,14.75,13.82,14.6,14.6,14.38,,14.6,,,6502,91769.63,22,F1,1,,,,,
2026-09-03,2026-09-03,CM,NSE,STK,2112,INE882A01013,MARALOVER,EQ,,,,,MARAL OVERSEAS LTD,54.25,55.69,54.01,55.26,55.69,54.13,,55.26,,,7212,397641.14,61,F1,1,,,,,
2026-09-03,2026-09-03,CM,NSE,STK,18659,INE182D01020,MARATHON,EQ,,,,,MARATHON NXTGEN REALT LTD,435.95,448.1,428.0,434.95,432.5,433.8,,436.15,,,534426,232697484.25,4105,F1,1,,,,,
2026-09-03,2026-09-03,CM,NSE,STK,18773,INE0QP001012,MARCO,SM,,,,,MARCO CABLE & CONDUCTOR L,33.55,33.55,30.3,32.2,31.25,33.7,,32.2,,,18000,576375.0,11,F1,1500,,,,,
2026-09-03,2026-09-03,CM,NSE,STK,4067,INE196A01026,MARICO,EQ,,,,,MARICO LIMITED,829.35,832.85,817.8,827.4,827.4,829.35,,827.4,,,1702965,1401031791.65,48537,F1,1,,,,,
2026-09-03,2026-09-03,CM,NSE,STK,1328,INE01JE01028,MARINE,EQ,,,,,MARINE ELECTRICAL (I) LTD,436.0,450.0,425.1,430.4,429.5,431.5,,430.4,,,956446,418127940.4,24373,F1,1,,,,,
2026-09-03,2026-09-03,CM,NSE,STK,760204,INE0FW001016,MARKOLINES,EQ,,,,,MARKOLINES PAVEMENT TEC L,172.3,175.1,170.4,171.34,170.6,172.66,,171.36,,,261653,45137365.39,1402,F1,1,,,,,
2026-09-03,2026-09-03,CM,NSE,STK,10579,INE750C01026,MARKSANS,EQ,,,,,MARKSANS PHARMA LIMITED,334.3,341.0,331.0,332.2,332.55,332.5,,332.17,,,2726464,914787987.15,47572,F1,1,,,,,
2026-09-03,2026-09-03,CM,NSE,STK,761386,INE415B01044,MARSONS,EQ,,,,,MARSONS LIMITED,123.24,127.5,120.24,125.53,125.6,122.84,,125.63,,,3153131,388566625.45,19280,F1,1,,,,,
2026-09-03,2026-09-03,CM,NSE,STK,761042,INE0X7G01013,MARUSHIKA,SM,,,,,MARUSHIKA TECHNOLOGY LTD,110.0,110.0,110.0,110.0,110.0,110.0,,110.0,,,1200,132000.0,1,F1,1200,,,,,
2026-09-03,2026-09-03,CM,NSE,STK,10999,INE585B01010,MARUTI,EQ,,,,,MARUTI SUZUKI INDIA LTD.,12853.0,12927.0,12780.0,12857.0,12857.0,12849.0,,12836.67,,,362982,4670406214.0,50136,F1,1,,,,,
2026-09-03,2026-09-03,CM,NSE,STK,2133,INE575Z01010,MDL,ST,,,,,MARVEL DECOR LIMITED,62.0,62.0,62.0,62.0,62.0,61.95,,62.0,,,12000,744000.0,4,F1,1000,,,,,
2026-09-03,2026-09-03,CM,NSE,STK,199,INE348L01012,MASFIN,EQ,,,,,MAS FINANCIAL SERV LTD,297.0,297.0,291.1,292.7,293.0,294.45,,292.68,,,511563,150029021.95,11724,F1,1,,,,,
2026-09-03,2026-09-03,CM,NSE,STK,18727,INE885F01015,MASKINVEST,EQ,,,,,MASK INVESTMENTS LIMITED,146.0,146.0,142.4,143.55,143.55,146.0,,143.55,,,31,4469.55,4,F1,1,,,,,
2026-09-03,2026-09-03,CM,NSE,STK,24278,INE0SH001010,MASON,SM,,,,,MASON INFRATECH LIMITED,116.1,117.9,115.2,117.2,116.55,116.9,,117.2,,,15500,1808075.0,29,F1,500,,,,,
2026-09-03,2026-09-03,CM,NSE,STK,2124,INE759A01021,MASTEK,EQ,,,,,MASTEK LTD,1780.0,1806.0,1757.0,1792.6,1794.0,1763.0,,1792.52,,,111140,198105904.4,11549,F1,1,,,,,
2026-09-03,2026-09-03,CM,NSE,STK,19011,INE0OJM01017,MASTER,SM,,,,,MASTER COMPONENTS LIMITED,416.25,431.95,416.25,426.0,426.0,430.65,,426.0,,,3000,1278050.0,4,F1,500,,,,,
2026-09-03,2026-09-03,CM,NSE,STK,27047,INE677D01037,MASTERTR,EQ,,,,,MASTER TRUST LIMITED,81.81,82.77,80.51,81.03,80.6,80.85,,80.99,,,196242,15959182.37,841,F1,1,,,,,
2026-09-03,2026-09-03,CM,NSE,STK,21726,INE866R01028,MATRIMONY,EQ,,,,,MATRIMONY.COM LIMITED,517.25,532.0,514.4,529.6,530.5,514.35,,529.6,,,10374,5452127.7,736,F1,1,,,,,
2026-09-03,2026-09-03,CM,NSE,STK,759945,INE132901013,MGSL,SM,,,,,MATRIX GEO SOLUTIONS LTD,78.0,82.95,71.5,74.55,75.05,77.55,,74.55,,,30000,2257800.0,23,F1,1200,,,,,
2026-09-03,2026-09-03,CM,NSE,STK,17022,INE636A01039,MAWANASUG,EQ,,,,,MAWANA SUGARS LIMITED,149.0,154.7,145.14,146.27,146.5,147.87,,146.27,,,552646,82087403.74,8596,F1,1,,,,,
2026-09-03,2026-09-03,CM,NSE,STK,19646,INE03EI01018,MAXESTATES,EQ,,,,,MAX ESTATES LIMITED,523.15,536.0,510.2,530.7,532.0,520.65,,530.69,,,150726,79383131.2,5900,F1,1,,,,,
2026-09-03,2026-09-03,CM,NSE,STK,2142,INE180A01020,MFSL,EQ,,,,,MAX FINANCIAL SERV LTD,1510.0,1540.0,1510.0,1537.0,1537.0,1505.0,,1536.99,,,266041,408179722.0,19947,F1,1,,,,,
2026-09-03,2026-09-03,CM,NSE,STK,22377,INE027H01010,MAXHEALTH,EQ,,,,,MAX HEALTHCARE INS LTD,997.0,1000.6,985.5,994.9,994.9,994.0,,994.89,,,674912,668904384.8,28722,F1,1,,,,,
2026-09-03,2026-09-03,CM,NSE,STK,22428,INE0CG601016,MAXIND,EQ,,,,,MAX INDIA LIMITED,149.0,154.78,146.81,152.89,152.1,147.9,,152.84,,,65958,10017163.63,1557,F1,1,,,,,
2026-09-03,2026-09-03,CM,NSE,STK,29645,INE10A501018,MAXVOLT,SM,,,,,MAXVOLT ENERGY INDUS L,331.0,336.4,328.2,328.4,328.4,333.25,,328.4,,,14800,4891620.0,36,F1,400,,,,,
2026-09-03,2026-09-03,CM,NSE,STK,28906,INE040D01038,MAYURUNIQ,EQ,,,,,MAYUR UNIQUOTERS LTD,734.6,737.85,726.05,728.8,727.2,728.75,,728.78,,,33473,24462987.35,2145,F1,1,,,,,
2026-09-03,2026-09-03,CM,NSE,STK,509,INE249Z01020,MAZDOCK,EQ,,,,,MAZAGON DOCK SHIPBUIL LTD,2459.0,2497.8,2459.0,2474.0,2474.0,2459.0,,2473.99,,,324406,803710579.7,17354,F1,1,,,,,
2026-09-03,2026-09-03,CM,NSE,STK,18870,INE885E01042,MAZDA,BE,,,,,MAZDA LIMITED,260.0,274.35,256.3,272.85,273.8,261.3,,273.74,,,52375,14096657.3,694,F1,1,,,,,
2026-09-03,2026-09-03,CM,NSE,STK,18029,INE912H01013,MBLINFRA,EQ,,,,,MBL INFRASTRUCTURE LTD,23.34,24.5,22.8,24.44,24.5,23.34,,24.44,,,66505,1596875.24,210,F1,1,,,,,
2026-09-03,2026-09-03,CM,NSE,STK,11943,INE942G01012,MCLEODRUSS,EQ,,,,,MCLEOD RUSSEL INDIA LTD.,47.79,47.89,46.4,46.61,46.51,47.04,,46.61,,,144985,6822820.75,990,F1,1,,,,,
2026-09-03,2026-09-03,CM,NSE,STK,13687,INE748A01024,MBECL,BE,,,,,MCNALLY BHARAT ENGIN CO L,246.57,246.57,246.57,246.57,246.57,234.83,,246.57,,,5914,1458214.98,125,F1,1,,,,,
2026-09-03,2026-09-03,CM,NSE,STK,21705,INE456Z01021,MEDIASSIST,EQ,,,,,MEDI ASSIST HEALTH SER L,342.0,347.45,337.05,343.95,345.5,338.75,,343.94,,,263298,90698816.1,6447,F1,1,,,,,
2026-09-03,2026-09-03,CM,NSE,STK,765110,INE442D01010,MEDICAPQ,EQ,,,,,MEDI CAPS LTD.,26.43,27.0,24.0,25.08,24.65,26.7,,25.07,,,2755,71486.74,31,F1,1,,,,,
2026-09-03,2026-09-03,CM,NSE,STK,762802,INE200D01020,MMWL,EQ,,,,,MEDIA MATRIX WORLDWIDE L,13.78,14.83,13.78,14.07,13.85,14.13,,14.19,,,37516,532642.13,198,F1,1,,,,,
2026-09-03,2026-09-03,CM,NSE,STK,6278,INE646B01010,MEDICAMEQ,EQ,,,,,MEDICAMEN BIOTECH LIMITED,273.0,273.0,258.0,259.4,258.0,265.25,,259.48,,,33679,8838539.55,914,F1,1,,,,,
2026-09-03,2026-09-03,CM,NSE,STK,9667,INE630Y01024,MEDICO,EQ,,,,,MEDICO REMEDIES LIMITED,39.23,40.3,39.11,39.5,39.61,39.33,,39.51,,,60839,2398191.71,1042,F1,1,,,,,
2026-09-03,2026-09-03,CM,NSE,STK,758423,INE0UOY01019,MEDISTEP,SM,,,,,MEDISTEP HEALTHCARE LTD,22.45,22.85,22.45,22.8,22.85,21.95,,22.8,,,15000,339450.0,5,F1,3000,,,,,
2026-09-03,2026-09-03,CM,NSE,STK,7254,INE804L01022,MEDPLUS,EQ,,,,,MEDPLUS HEALTH SERV LTD,667.8,670.05,648.0,660.65,664.7,659.95,,660.8,,,189923,124823228.15,8940,F1,1,,,,,
2026-09-03,2026-09-03,CM,NSE,STK,760232,INE0VDM01015,MEESHO,BL,,,,,MEESHO LIMITED,206.3,206.3,206.3,206.3,206.3,200.01,,206.3,,,80000000,16504000000.0,24,F1,999999999,,,,,
2026-09-03,2026-09-03,CM,NSE,STK,760229,INE0VDM01015,MEESHO,EQ,,,,,MEESHO LIMITED,213.4,215.4,207.1,209.74,209.7,211.6,,209.74,,,17240943,3629750023.57,111622,F1,1,,,,,
2026-09-03,2026-09-03,CM,NSE,STK,8153,INE00EM01016,MEGASTAR,EQ,,,,,MEGASTAR FOODS LIMITED,303.8,310.1,301.9,304.1,304.0,305.45,,304.1,,,1074,326405.65,61,F1,1,,,,,
2026-09-03,2026-09-03,CM,NSE,STK,22560,INE531R01010,MEGATHERM,SM,,,,,MEGATHERM INDUCTION LTD,210.0,213.0,204.0,205.1,205.8,209.55,,205.1,,,19200,4007480.0,43,F1,400,,,,,
2026-09-03,2026-09-03,CM,NSE,STK,5394,INE0CT101020,MOL,EQ,,,,,MEGHMANI ORGANICS LIMITED,66.25,68.8,65.97,67.52,67.46,65.75,,67.51,,,3523765,237879450.14,17430,F1,1,,,,,
2026-09-03,2026-09-03,CM,NSE,STK,764778,INE898Q01015,MIIL,EQ,,,,,MEGHNA INFRACON INFRA L,728.05,733.45,711.1,718.4,722.5,722.55,,718.5,,,75209,54359946.2,1486,F1,1,,,,,
2026-09-03,2026-09-03,CM,NSE,STK,6971,INE071D01033,MENONBE,BE,,,,,MENON BEARINGS LIMITED,297.0,308.55,289.0,308.55,308.55,293.9,,309.12,,,118744,35754287.6,924,F1,1,,,,,
2026-09-03,2026-09-03,CM,NSE,STK,762787,INE650G01029,MENNPIS,EQ,,,,,MENON PISTONS LTD.,73.61,76.0,73.02,74.82,74.35,74.2,,74.81,,,59859,4456953.7,1054,F1,1,,,,,
2026-09-03,2026-09-03,CM,NSE,STK,25882,INE776I01010,MEP,BZ,,,,,MEP INFRA. DEVELOPERS LTD,0.73,0.74,0.72,0.72,0.72,0.73,,0.73,,,743857,539544.53,131,F1,1,,,,,
2026-09-03,2026-09-03,CM,NSE,STK,762792,INE689O01013,MERCANTILE,EQ,,,,,MERCANTILE VENTURES LTD.,25.05,29.37,24.25,25.55,25.06,25.59,,25.56,,,538929,14057193.02,1501,F1,1,,,,,
2026-09-03,2026-09-03,CM,NSE,STK,763663,INE763M01028,MERCURYEV,EQ,,,,,MERCURY EV-TECH LIMITED,38.87,38.87,36.0,36.67,37.3,36.66,,36.83,,,66676,2469106.01,836,F1,1,,,,,
2026-09-03,2026-09-03,CM,NSE,STK,764278,INE1II801013,METALIC,ST,,,,,METALIC TECHNOFORGE LTD,134.0,138.9,127.25,137.0,135.1,132.3,,137.0,,,104000,13894720.0,60,F1,1600,,,,,
2026-09-03,2026-09-03,CM,NSE,STK,7242,INE317I01021,METROBRAND,EQ,,,,,METRO BRANDS LIMITED,901.25,919.0,901.25,915.65,909.0,900.65,,915.67,,,11005,10055531.2,2475,F1,1,,,,,
2026-09-03,2026-09-03,CM,NSE,STK,762797,INE085D01033,METROGLOBL,EQ,,,,,METROGLOBAL LTD.,137.0,137.0,133.3,137.0,137.0,132.95,,137.0,,,789,106912.35,18,F1,1,,,,,
2026-09-03,2026-09-03,CM,NSE,STK,9581,INE112L01020,METROPOLIS,EQ,,,,,METROPOLIS HEALTHCARE LTD,586.0,593.0,581.0,591.9,591.25,582.2,,591.9,,,123255,72395716.75,5768,F1,1,,,,,
2026-09-03,2026-09-03,CM,NSE,STK,7165,INE287C01037,MICEL,BE,,,,,MIC ELECTRONICS LTD,37.48,37.48,37.48,37.48,37.48,38.24,,37.32,,,76614,2871492.72,418,F1,1,,,,,
2026-09-03,2026-09-03,CM,NSE,STK,19887,INE0PZK01014,MICROPRO,SM,,,,,MICROPRO SOFTWARE SOL L,19.85,19.85,19.85,19.85,19.85,18.55,,19.85,,,1600,31760.0,1,F1,1600,,,,,
2026-09-03,2026-09-03,CM,NSE,STK,759517,INE0XAD01024,MIDWESTLTD,EQ,,,,,MIDWEST LIMITED,1038.1,1060.0,1026.0,1054.3,1050.0,1036.9,,1054.39,,,33073,34451205.8,2923,F1,1,,,,,
2026-09-03,2026-09-03,CM,NSE,STK,765125,INE588G01021,MLKFOOD,EQ,,,,,MILKFOOD LTD.,82.91,85.0,82.15,82.62,82.5,83.15,,82.62,,,2031,168683.35,71,F1,1,,,,,
2026-09-03,2026-09-03,CM,NSE,STK,765272,INE00IT01020,MILKYMIST,EQ,,,,,MILKY MIST DAIRY FOOD L,250.62,268.69,246.35,252.89,252.55,252.04,,252.91,,,44203953,11368216855.44,376426,F1,1,,,,,
2026-09-03,2026-09-03,CM,NSE,STK,765118,INE097E01028,MINALIND,BE,,,,,MINAL INDUSTRIES LTD.,5.1,5.1,5.0,5.1,5.1,4.86,,5.1,,,270637,1379527.01,186,F1,1,,,,,
2026-09-03,2026-09-03,CM,NSE,STK,25897,INE842C01021,MINDACORP,EQ,,,,,MINDA CORPORATION LTD,710.05,713.0,698.65,706.5,705.35,707.85,,706.47,,,168823,119111609.45,9414,F1,1,,,,,
2026-09-03,2026-09-03,CM,NSE,STK,22308,INE0CCU25019,MINDSPACE,RR,,,,,MINDSPACE BUSINESS P REIT,503.24,508.7,496.22,499.92,500.0,500.74,,499.91,,,221116,110335943.5,6723,F1,1,,,,,
2026-09-03,2026-09-03,CM,NSE,STK,18049,INE110B01017,MINDTECK,EQ,,,,,MINDTECK (INDIA) LIMITED,171.0,173.46,165.85,168.22,168.0,170.32,,168.25,,,29644,5014305.37,579,F1,1,,,,,
2026-09-03,2026-09-03,CM,NSE,STK,19640,INF769K01KU7,ALPHAETF,EQ,,,,,MIRAEAMC - ALPHAETF,26.75,26.76,26.5,26.52,26.56,26.45,,26.52,,,234356,6228599.89,631,F1,1,,,,,
2026-09-03,2026-09-03,CM,NSE,STK,17419,INF769K01KR3,BANKETF,EQ,,,,,MIRAEAMC - BANKETF,586.42,588.5,584.68,586.0,586.32,583.37,,586.0,,,16567,9729842.3,251,F1,1,,,,,
2026-09-03,2026-09-03,CM,NSE,STK,25725,INF769K01LZ4,BANKPSU,EQ,,,,,MIRAEAMC - BANKPSU,86.46,87.25,86.3,86.33,86.38,85.6,,86.33,,,17899,1552131.16,62,F1,1,,,,,
2026-09-03,2026-09-03,CM,NSE,STK,28969,INF769K01NS5,CONSUMER,EQ,,,,,MIRAEAMC - CONSUMER,12.45,12.47,12.01,12.02,12.03,12.01,,12.02,,,147858,1780737.74,259,F1,1,,,,,
2026-09-03,2026-09-03,CM,NSE,STK,761046,INF769K01QC2,DEFENCE,EQ,,,,,MIRAEAMC - DEFENCE,82.64,82.64,81.08,81.45,81.49,80.63,,81.45,,,219461,17877761.05,527,F1,1,,,,,
2026-09-03,2026-09-03,CM,NSE,STK,760412,INF769K01PY8,DIVIDEND,EQ,,,,,MIRAEAMC - DIVIDEND,35.73,35.73,35.5,35.55,35.55,35.51,,35.55,,,1577,56180.51,52,F1,1,,,,,
2026-09-03,2026-09-03,CM,NSE,STK,759780,INF769K01PR2,ENERGY,EQ,,,,,MIRAEAMC - ENERGY,38.46,39.0,38.12,38.41,38.34,38.22,,38.41,,,690388,26573382.72,1125,F1,1,,,,,
2026-09-03,2026-09-03,CM,NSE,STK,30121,INF769K01OA1,EQUAL200,EQ,,,,,MIRAEAMC - EQUAL200,13.84,13.87,13.8,13.83,13.83,13.79,,13.83,,,6066,83939.75,46,F1,1,,,,,
2026-09-03,2026-09-03,CM,NSE,STK,757142,INF769K01OO2,EQUAL50,EQ,,,,,MIRAEAMC - EQUAL50,330.61,330.83,328.86,329.56,329.74,329.92,,329.56,,,3224,1062748.88,18,F1,1,,,,,
2026-09-03,2026-09-03,CM,NSE,STK,24461,INF769K01LQ3,EVINDIA,EQ,,,,,MIRAEAMC - EVINDIA,32.61,33.18,32.04,32.67,32.74,32.61,,32.67,,,164631,5381935.02,1421,F1,1,,,,,
2026-09-03,2026-09-03,CM,NSE,STK,760986,INF769K01QA6,HEALTHCARE,EQ,,,,,MIRAEAMC - HEALTHCARE,21.28,22.1,21.28,21.63,21.68,21.71,,21.62,,,24239,525175.65,174,F1,1,,,,,
2026-09-03,2026-09-03,CM,NSE,STK,764333,INF769K01RJ5,HYBRIDETF,EQ,,,,,MIRAEAMC - HYBRIDETF,10.07,10.07,10.06,10.07,10.07,10.03,,10.07,,,5867,59074.28,20,F1,1,,,,,
2026-09-03,2026-09-03,CM,NSE,STK,761030,INF769K01QB4,INFRA,EQ,,,,,MIRAEAMC - INFRA,12.0,12.05,11.98,12.03,12.03,11.9,,12.04,,,9374,112685.78,107,F1,1,,,,,
2026-09-03,2026-09-03,CM,NSE,STK,758595,INF769K01PB6,INTERNET,EQ,,,,,MIRAEAMC - INTERNET,14.56,14.61,14.48,14.52,14.58,14.65,,14.52,,,99929,1454970.89,288,F1,1,,,,,
2026-09-03,2026-09-03,CM,NSE,STK,19633,INF769K01KV5,ITETF,EQ,,,,,MIRAEAMC - ITETF,32.85,33.11,32.51,32.69,32.69,32.85,,32.7,,,332470,10896750.17,549,F1,1,,,,,
2026-09-03,2026-09-03,CM,NSE,STK,765313,INF769K01RK3,LARGEMID50,EQ,,,,,MIRAEAMC - LARGEMID50,36.45,36.45,36.27,36.36,36.27,36.34,,36.36,,,2661,96940.96,15,F1,1,,,,,
2026-09-03,2026-09-03,CM,NSE,STK,17572,INF769K01KS1,LIQUID,EQ,,,,,MIRAEAMC - LIQUID,999.99,1000.0,999.99,999.99,1000.0,999.99,,999.99,,,413120,413118850.39,265,F1,1,,,,,
2026-09-03,2026-09-03,CM,NSE,STK,27075,INF769K01MY5,LIQUIDPLUS,EQ,,,,,MIRAEAMC - LIQUIDPLUS,1101.62,1101.64,1101.62,1101.63,1101.62,1101.5,,1101.63,,,388017,427451906.48,272,F1,1,,,,,
2026-09-03,2026-09-03,CM,NSE,STK,1200,INF769K01GS9,ESG,EQ,,,,,MIRAEAMC - MAESGETF,41.14,41.24,41.02,41.07,41.11,40.87,,41.07,,,2443,100402.04,42,F1,1,,,,,
2026-09-03,2026-09-03,CM,NSE,STK,3507,INF769K01HF4,MAFANG,EQ,,,,,MIRAEAMC - MAFANG,207.08,207.08,207.08,207.08,207.08,209.39,,207.08,,,91287,18903711.96,368,F1,1,,,,,
2026-09-03,2026-09-03,CM,NSE,STK,5220,INF769K01HI8,BFSI,EQ,,,,,MIRAEAMC - MAFSETF,27.38,27.38,26.9,27.02,27.0,26.84,,27.02,,,178176,4833017.04,582,F1,1,,,,,
2026-09-03,2026-09-03,CM,NSE,STK,14286,INF769K01JP9,GOLDETF,EQ,,,,,MIRAEAMC - MAGOLDETF,147.11,149.94,142.08,148.23,148.1,145.52,,148.23,,,4711818,698181886.96,10512,F1,1,,,,,
2026-09-03,2026-09-03,CM,NSE,STK,14938,INF769K01KF8,GSEC10YEAR,EQ,,,,,MIRAEAMC - MAGS813ETF,30.5,30.5,30.5,30.5,30.5,30.55,,30.5,,,171,5215.5,12,F1,1,,,,,
2026-09-03,2026-09-03,CM,NSE,STK,7074,INF769K01HS7,MAHKTECH,EQ,,,,,MIRAEAMC - MAHKTECH,22.26,22.26,22.26,22.26,22.26,22.5,,22.26,,,246332,5483350.32,2795,F1,1,,,,,
2026-09-03,2026-09-03,CM,NSE,STK,8413,INF769K01IC9,MIDCAPETF,EQ,,,,,MIRAEAMC - MAM150ETF,23.8,23.88,23.0,23.75,23.77,23.63,,23.75,,,2213465,52541347.92,4348,F1,1,,,,,
2026-09-03,2026-09-03,CM,NSE,STK,7979,INF769K01IB1,MAKEINDIA,EQ,,,,,MIRAEAMC - MAMFGETF,167.0,167.0,165.24,165.47,165.88,164.96,,165.45,,,22062,3654650.39,372,F1,1,,,,,
2026-09-03,2026-09-03,CM,NSE,STK,6353,INF769K01EG9,NIFTYETF,EQ,,,,,MIRAEAMC - MAN50ETF,261.36,261.8,259.7,260.05,259.7,260.05,,260.05,,,68810,17931983.41,744,F1,1,,,,,
2026-09-03,2026-09-03,CM,NSE,STK,14786,INF769K01JU9,LOWVOL,EQ,,,,,MIRAEAMC - MANV30F,206.04,206.13,205.43,205.78,205.78,206.2,,205.78,,,330,67921.72,11,F1,1,,,,,
2026-09-03,2026-09-03,CM,NSE,STK,17181,INF769K01FN2,NEXT50,EQ,,,,,MIRAEAMC - MANXT50,771.14,771.14,753.28,755.13,756.12,752.34,,755.1,,,19426,14673403.35,1090,F1,1,,,,,
2026-09-03,2026-09-03,CM,NSE,STK,16777,INF769K01KG6,SILVERAG,EQ,,,,,MIRAEAMC - MASILVER,221.5,237.48,221.5,224.43,224.0,219.49,,224.43,,,923743,208796813.28,5418,F1,1,,,,,
2026-09-03,2026-09-03,CM,NSE,STK,5782,INF769K01HP3,MASPTOP50,EQ,,,,,MIRAEAMC - MASPTOP50,79.26,79.26,79.26,79.26,79.26,80.22,,79.26,,,88420,7008169.2,128,F1,1,,,,,
2026-09-03,2026-09-03,CM,NSE,STK,25744,INF769K01LY7,METAL,EQ,,,,,MIRAEAMC - METAL,13.59,13.59,13.2,13.29,13.3,13.26,,13.29,,,1416357,18874301.81,3763,F1,1,,,,,
2026-09-03,2026-09-03,CM,NSE,STK,23855,INF769K01LJ8,MIDSMALL,EQ,,,,,MIRAEAMC - MIDSMALL,51.78,52.13,51.77,52.03,52.07,51.63,,52.03,,,253256,13171892.57,636,F1,1,,,,,
2026-09-03,2026-09-03,CM,NSE,STK,764198,INF769K01RC0,MOMMIDCAP,EQ,,,,,MIRAEAMC - MOMMIDCAP,12.62,13.19,10.8,13.02,13.05,12.98,,13.02,,,2515473,32723975.13,485,F1,1,,,,,
2026-09-03,2026-09-03,CM,NSE,STK,25080,INF769K01LX9,MULTICAP,EQ,,,,,MIRAEAMC - MULTICAP,16.78,16.8,16.73,16.75,16.74,16.68,,16.75,,,116889,1959144.78,397,F1,1,,,,,
2026-09-03,2026-09-03,CM,NSE,STK,30109,INF769K01ON4,SELECTIPO,EQ,,,,,MIRAEAMC - SELECTIPO,48.51,48.78,48.4,48.72,48.78,48.42,,48.72,,,90986,4431214.43,91,F1,1,,,,,
2026-09-03,2026-09-03,CM,NSE,STK,19224,INF769K01KT9,SENSEXETF,EQ,,,,,MIRAEAMC - SENSEXETF,79.3,79.43,79.02,79.12,79.06,78.96,,79.11,,,30438,2411665.6,186,F1,1,,,,,
2026-09-03,2026-09-03,CM,NSE,STK,759814,INF769K01PQ4,SMALL250,EQ,,,,,MIRAEAMC - SMALL250,18.25,18.59,18.25,18.51,18.53,18.34,,18.51,,,171197,3166804.74,523,F1,1,,,,,
2026-09-03,2026-09-03,CM,NSE,STK,22832,INF769K01LC3,SMALLCAP,EQ,,,,,MIRAEAMC - SMALLCAP,48.47,49.15,48.46,49.06,49.15,48.47,,49.06,,,970576,47545468.75,2380,F1,1,,,,,
2026-09-03,2026-09-03,CM,NSE,STK,760415,INF769K01PZ5,TOP20,EQ,,,,,MIRAEAMC - TOP20,8.91,8.93,8.88,8.88,8.88,8.9,,8.89,,,23295,207326.93,264,F1,1,,,,,
2026-09-03,2026-09-03,CM,NSE,STK,761511,INF769K01QV2,VALUE,EQ,,,,,MIRAEAMC - VALUE,16.14,16.21,16.07,16.09,16.08,16.04,,16.09,,,8793,141946.49,104,F1,1,,,,,
2026-09-03,2026-09-03,CM,NSE,STK,4394,INE771A01026,MIRZAINT,EQ,,,,,MIRZA INTERNATIONAL LIMIT,30.86,31.76,30.76,30.99,30.9,30.84,,30.99,,,57756,1792529.34,1080,F1,1,,,,,
2026-09-03,2026-09-03,CM,NSE,STK,2463,INE099Z01011,MIDHANI,EQ,,,,,MISHRA DHATU NIGAM LTD,418.0,424.9,415.5,416.9,417.0,414.4,,416.86,,,349584,146813854.35,11155,F1,1,,,,,
2026-09-03,2026-09-03,CM,NSE,STK,8475,INE828O01033,MITCON,BE,,,,,MITCON CON & ENG SER LTD,78.86,78.86,76.01,78.0,78.0,78.76,,78.0,,,2206,171094.96,28,F1,1,,,,,
2026-09-03,2026-09-03,CM,NSE,STK,18562,INE997Y01027,MITTAL,EQ,,,,,MITTAL LIFE STYLE LIMITED,0.81,0.82,0.77,0.78,0.79,0.81,,0.78,,,697470,555024.34,473,F1,1,,,,,
2026-09-03,2026-09-03,CM,NSE,STK,13844,INE227C01017,MMFL,EQ,,,,,MM FORGINGS LTD,652.9,660.95,637.2,641.8,645.4,648.05,,641.83,,,90623,58683127.4,4457,F1,1,,,,,
2026-09-03,2026-09-03,CM,NSE,STK,16395,INE511Y01018,MMP,EQ,,,,,MMP INDUSTRIES LIMITED,390.8,399.35,382.6,395.95,399.0,384.1,,395.95,,,39929,15664435.4,1438,F1,1,,,,,
2026-09-03,2026-09-03,CM,NSE,STK,17957,INE123F01029,MMTC,EQ,,,,,MMTC LIMITED,62.89,63.59,62.13,62.32,62.3,62.1,,62.32,,,1036048,65093898.87,7189,F1,1,,,,,
2026-09-03,2026-09-03,CM,NSE,STK,760196,INE1YNB01019,MOBILISE,SM,,,,,MOBILISE APP LAB LIMITED,113.75,113.75,113.75,113.75,113.75,119.7,,113.75,,,1600,182000.0,1,F1,1600,,,,,
2026-09-03,2026-09-03,CM,NSE,STK,2241,INE794W01014,MODTHREAD,EQ,,,,,MODERN THREADS INDIA LTD,52.9,57.9,52.0,53.39,53.39,52.61,,53.39,,,12521,685829.44,178,F1,1,,,,,
2026-09-03,2026-09-03,CM,NSE,STK,760277,INE537F01012,MODINATUR,EQ,,,,,MODI NATURALS LIMITED,341.0,349.5,331.05,334.3,344.95,340.8,,334.52,,,6487,2220084.7,128,F1,1,,,,,
2026-09-03,2026-09-03,CM,NSE,STK,2229,INE832A01018,MODIRUBBER,EQ,,,,,MODI RUBBER LTD,128.0,135.01,124.02,131.83,133.31,123.8,,131.83,,,8142,1063752.31,224,F1,1,,,,,
2026-09-03,2026-09-03,CM,NSE,STK,759752,INE0L0L01012,MODIS,EQ,,,,,MODIS NAVNIRMAN LTD,380.85,389.5,374.25,379.1,377.5,379.1,,379.08,,,122198,46714598.85,3778,F1,1,,,,,
2026-09-03,2026-09-03,CM,NSE,STK,3316,INE737D01021,MODISONLTD,EQ,,,,,MODISON LIMITED,520.65,544.9,494.65,494.65,494.65,520.65,,494.44,,,583790,300020159.95,13478,F1,1,,,,,
2026-09-03,2026-09-03,CM,NSE,STK,29423,INE954E01012,MOHITIND,EQ,,,,,MOHIT INDUSTRIES LTD,23.8,24.46,23.32,23.72,24.39,23.72,,23.72,,,18575,439291.0,109,F1,1,,,,,
2026-09-03,2026-09-03,CM,NSE,STK,765130,INE154B01023,MOHITE,EQ,,,,,MOHITE INDUSTRIES LTD.,2.96,2.96,2.79,2.8,2.8,2.96,,2.81,,,97222,278470.77,173,F1,1,,,,,
2026-09-03,2026-09-03,CM,NSE,STK,20830,INE490G01020,MOIL,EQ,,,,,MOIL LIMITED,251.15,254.69,249.62,250.68,250.8,250.72,,250.68,,,528154,132946665.28,10687,F1,1,,,,,
2026-09-03,2026-09-03,CM,NSE,STK,3586,INE514Y01020,MOKSH,EQ,,,,,MOKSH ORNAMENTS LIMITED,10.28,10.49,9.96,9.98,9.96,10.15,,9.98,,,255005,2584831.63,455,F1,1,,,,,
2026-09-03,2026-09-03,CM,NSE,STK,764548,INE869T01028,MOLBIO,EQ,,,,,MOLBIO DIAGNOSTICS LTD,1120.0,1141.8,1103.0,1135.2,1133.3,1107.8,,1135.14,,,465643,524710137.4,18982,F1,1,,,,,
2026-09-03,2026-09-03,CM,NSE,STK,6713,INE893J01029,MOLDTKPAC,EQ,,,,,MOLD-TEK PACKAGING LTD,698.0,704.95,696.05,699.6,697.6,694.55,,699.61,,,24366,17077337.55,1525,F1,1,,,,,
2026-09-03,2026-09-03,CM,NSE,STK,17629,INE835B01035,MOLDTECH,BE,,,,,MOLD-TEK TECHNOLOGIES LTD,205.0,212.1,205.0,207.31,210.0,202.38,,207.71,,,101481,21278458.85,1097,F1,1,,,,,
2026-09-03,2026-09-03,CM,NSE,STK,7679,INE903D01011,MONARCH,EQ,,,,,MONARCH NETWORTH CAP LTD,386.9,398.9,375.8,381.3,379.5,372.4,,381.3,,,272328,104782779.75,5885,F1,1,,,,,
2026-09-03,2026-09-03,CM,NSE,STK,759381,INE296Q01012,MONEYBOXX,EQ,,,,,MONEYBOXX FINANCE LIMITED,56.05,58.5,51.0,57.22,58.5,56.0,,57.22,,,29252,1639994.52,199,F1,1,,,,,
2026-09-03,2026-09-03,CM,NSE,STK,756958,INE1DV401010,MONOLITH,SM,,,,,MONOLITHISCH INDIA LTD,1264.95,1298.0,1234.0,1286.1,1289.0,1256.7,,1286.1,,,33000,41712162.5,128,F1,250,,,,,
2026-09-03,2026-09-03,CM,NSE,STK,5938,INE950M01013,MONTECARLO,EQ,,,,,MONTE CARLO FASHIONS LTD.,549.8,575.1,546.05,564.45,563.5,544.2,,564.45,,,152765,86019703.1,4664,F1,1,,,,,
2026-09-03,2026-09-03,CM,NSE,STK,2259,INE083A01026,MOREPENLAB,EQ,,,,,MOREPEN LAB. LTD,112.5,118.55,109.6,117.45,117.4,111.97,,117.45,,,33823982,3929352158.18,130716,F1,1,,,,,
2026-09-03,2026-09-03,CM,NSE,STK,15057,INE0N7S01028,MOS,ST,,,,,MOS UTILITY LIMITED,7.9,7.9,7.9,7.9,7.9,8.3,,7.9,,,248000,1959200.0,52,F1,4000,,,,,
2026-09-03,2026-09-03,CM,NSE,STK,29459,INE935B01025,MOSCHIP,EQ,,,,,MOSCHIP TECHNOLOGIES LTD,216.5,218.0,212.88,213.57,213.9,215.84,,213.56,,,1081135,232733478.24,13572,F1,1,,,,,
2026-09-03,2026-09-03,CM,NSE,STK,8596,INE0FS801015,MSUMI,EQ,,,,,MOTHERSON SUMI WRNG IND L,36.71,37.2,36.5,37.03,37.0,36.6,,37.03,,,6249596,229809908.33,24167,F1,1,,,,,
2026-09-03,2026-09-03,CM,NSE,STK,21423,INF247L01023,MOM100,EQ,,,,,MOTILAL OS MIDCAP100 ETF,68.3,68.67,67.93,68.18,68.0,67.97,,68.18,,,200487,13670974.24,2129,F1,1,,,,,
2026-09-03,2026-09-03,CM,NSE,STK,22739,INF247L01AP3,MON100,EQ,,,,,MOTILAL OS NASDAQ100 ETF,323.86,323.86,323.86,323.86,323.86,328.83,,323.86,,,418043,135387405.98,1874,F1,1,,,,,
2026-09-03,2026-09-03,CM,NSE,STK,14947,INE338I01027,MOTILALOFS,EQ,,,,,MOTILAL OSWAL FIN LTD,1020.0,1033.2,1006.8,1012.8,1012.8,1017.6,,1012.87,,,456816,465280985.8,16569,F1,1,,,,,
2026-09-03,2026-09-03,CM,NSE,STK,19289,INF247L01536,MOM50,EQ,,,,,MOTILAL OSWAL M50 ETF,249.46,252.12,249.27,250.41,249.27,250.39,,250.41,,,5668,1421417.56,93,F1,1,,,,,
2026-09-03,2026-09-03,CM,NSE,STK,1507,INF247L01AK4,MOGSEC,EQ,,,,,MOTILALAMC - G5,65.39,65.4,65.05,65.4,65.4,65.39,,65.4,,,72565,4742381.78,36,F1,1,,,,,
2026-09-03,2026-09-03,CM,NSE,STK,757669,INF247L01FR8,MOALPHA50,EQ,,,,,MOTILALAMC - MOALPHA50,56.71,57.0,56.06,56.62,56.55,56.15,,56.62,,,5892,332219.93,60,F1,1,,,,,
2026-09-03,2026-09-03,CM,NSE,STK,761693,INF247L01GV8,MOBANK10,EQ,,,,,MOTILALAMC - MOBANK10,16.79,17.0,16.79,16.9,16.95,16.79,,16.9,,,2455,41542.9,41,F1,1,,,,,
2026-09-03,2026-09-03,CM,NSE,STK,30065,INF247L01EV3,MOCAPITAL,EQ,,,,,MOTILALAMC - MOCAPITAL,53.75,54.3,53.5,53.8,53.75,53.55,,53.8,,,515456,27725863.58,1998,F1,1,,,,,
2026-09-03,2026-09-03,CM,NSE,STK,24944,INF247L01DJ0,MODEFENCE,EQ,,,,,MOTILALAMC - MODEFENCE,104.09,106.85,104.05,106.05,106.09,105.14,,106.05,,,649836,69097340.06,5901,F1,1,,,,,
2026-09-03,2026-09-03,CM,NSE,STK,759374,INF247L01GH7,MOENERGY,EQ,,,,,MOTILALAMC - MOENERGY,37.43,38.72,37.43,38.31,38.5,38.19,,38.31,,,372208,14297009.41,570,F1,1,,,,,
2026-09-03,2026-09-03,CM,NSE,STK,757791,INF247L01FY4,MOGOLD,EQ,,,,,MOTILALAMC - MOGOLD,150.65,151.55,150.15,150.65,150.5,148.1,,150.57,,,53546,8076973.3,389,F1,1,,,,,
2026-09-03,2026-09-03,CM,NSE,STK,10508,INF247L01BB1,MOHEALTH,EQ,,,,,MOTILALAMC - MOHEALTH,52.5,52.68,51.96,52.17,52.25,52.02,,52.17,,,84837,4423963.48,462,F1,1,,,,,
2026-09-03,2026-09-03,CM,NSE,STK,757031,INF247L01FL1,MOINFRA,EQ,,,,,MOTILALAMC - MOINFRA,58.58,58.92,58.44,58.66,58.67,58.23,,58.66,,,8477,497341.42,59,F1,1,,,,,
2026-09-03,2026-09-03,CM,NSE,STK,759891,INF247L01GI5,MOIPO,EQ,,,,,MOTILALAMC - MOIPO,48.56,48.83,48.41,48.74,48.68,48.32,,48.74,,,15416,750538.08,27,F1,1,,,,,
2026-09-03,2026-09-03,CM,NSE,STK,8654,INF247L01BL0,MOLOWVOL,EQ,,,,,MOTILALAMC - MOLOWVOL,36.15,36.88,35.92,36.35,36.2,35.98,,36.34,,,18033,648860.03,86,F1,1,,,,,
2026-09-03,2026-09-03,CM,NSE,STK,25606,INF247L01DK8,MOMENTUM50,EQ,,,,,MOTILALAMC - MOMENTUM50,54.49,54.63,54.08,54.25,54.08,54.08,,54.25,,,736535,40004031.25,1496,F1,1,,,,,
2026-09-03,2026-09-03,CM,NSE,STK,764402,INF247L01HG7,MOMETAL,EQ,,,,,MOTILALAMC - MOMETAL,13.41,13.41,13.09,13.16,13.16,13.15,,13.16,,,13095,173466.4,30,F1,1,,,,,
2026-09-03,2026-09-03,CM,NSE,STK,757099,INF247L01FK3,MOMGF,EQ,,,,,MOTILALAMC - MOMGF,163.14,163.3,162.6,162.74,162.74,161.8,,162.74,,,501,81748.52,20,F1,1,,,,,
2026-09-03,2026-09-03,CM,NSE,STK,757817,INF247L01FQ0,MOMIDMTM,EQ,,,,,MOTILALAMC - MOMIDMTM,65.44,65.44,63.75,64.7,64.71,64.09,,64.7,,,606954,39136862.14,432,F1,1,,,,,
2026-09-03,2026-09-03,CM,NSE,STK,760054,INF247L01GK1,MOMNC,EQ,,,,,MOTILALAMC - MOMNC,32.21,32.31,32.11,32.29,32.29,32.29,,32.29,,,5917,190810.88,34,F1,1,,,,,
2026-09-03,2026-09-03,CM,NSE,STK,8182,INF247L01BK2,MOMOMENTUM,EQ,,,,,MOTILALAMC - MOMOMENTUM,62.48,62.56,61.92,62.18,61.92,61.83,,62.18,,,31547,1960481.38,351,F1,1,,,,,
2026-09-03,2026-09-03,CM,NSE,STK,756900,INF247L01FC0,MON50EQUAL,EQ,,,,,MOTILALAMC - MON50EQUAL,33.21,33.27,32.99,33.16,33.19,33.13,,33.16,,,2795,92759.85,53,F1,1,,,,,
2026-09-03,2026-09-03,CM,NSE,STK,757167,INF247L01FD8,MONEXT50,EQ,,,,,MOTILALAMC - MONEXT50,73.24,73.27,72.75,73.05,73.05,73.04,,73.05,,,20622,1501069.18,56,F1,1,,,,,
2026-09-03,2026-09-03,CM,NSE,STK,759371,INF247L01GG9,MONIFTY100,EQ,,,,,MOTILALAMC - MONIFTY100,25.33,25.37,25.16,25.17,25.33,25.21,,25.17,,,8457,213426.81,56,F1,1,,,,,
2026-09-03,2026-09-03,CM,NSE,STK,19237,INF247L01BU1,MONIFTY500,EQ,,,,,MOTILALAMC - MONIFTY500,23.93,23.94,23.77,23.8,23.82,23.73,,23.8,,,443431,10565513.42,1170,F1,1,,,,,
2026-09-03,2026-09-03,CM,NSE,STK,7422,INF247L01AU3,MONQ50,EQ,,,,,MOTILALAMC - MONQ50,141.73,141.73,141.73,141.73,141.73,144.06,,141.73,,,11318,1604100.14,108,F1,1,,,,,
2026-09-03,2026-09-03,CM,NSE,STK,764405,INF247L01HH5,MOOILGAS,EQ,,,,,MOTILALAMC - MOOILGAS,11.25,11.25,11.14,11.21,11.24,11.18,,11.21,,,2492,27949.08,32,F1,1,,,,,
2026-09-03,2026-09-03,CM,NSE,STK,757431,INF247L01FO5,MOPSE,EQ,,,,,MOTILALAMC - MOPSE,100.49,100.49,98.95,99.4,99.37,98.52,,99.4,,,637,63097.52,13,F1,1,,,,,
2026-09-03,2026-09-03,CM,NSE,STK,10822,INF247L01BH8,MOQUALITY,EQ,,,,,MOTILALAMC - MOQUALITY,199.11,199.53,199.0,199.01,199.53,199.66,,199.04,,,119,23686.61,16,F1,1,,,,,
2026-09-03,2026-09-03,CM,NSE,STK,23184,INF247L01CI4,MOREALTY,EQ,,,,,MOTILALAMC - MOREALTY,87.64,92.27,87.0,91.75,91.89,88.68,,91.75,,,2487562,227843624.63,3167,F1,1,,,,,
2026-09-03,2026-09-03,CM,NSE,STK,760001,INF247L01GJ3,MOSERVICE,EQ,,,,,MOTILALAMC - MOSERVICE,30.9,30.98,30.64,30.64,30.64,30.61,,30.64,,,2603,79837.03,21,F1,1,,,,,
2026-09-03,2026-09-03,CM,NSE,STK,758457,INF247L01FZ1,MOSILVER,EQ,,,,,MOTILALAMC - MOSILVER,225.01,228.84,225.01,227.19,227.39,222.79,,227.19,,,91619,20907724.24,994,F1,1,,,,,
2026-09-03,2026-09-03,CM,NSE,STK,23181,INF247L01CH6,MOSMALL250,EQ,,,,,MOTILALAMC - MOSMALL250,18.77,18.77,17.5,18.55,18.54,18.3,,18.55,,,1932277,35734706.86,1755,F1,1,,,,,
2026-09-03,2026-09-03,CM,NSE,STK,757443,INF247L01FP2,MOTOUR,EQ,,,,,MOTILALAMC - MOTOUR,77.0,77.98,77.0,77.89,77.6,77.0,,77.89,,,35014,2712353.96,137,F1,1,,,,,
2026-09-03,2026-09-03,CM,NSE,STK,10825,INF247L01BE5,MOVALUE,EQ,,,,,MOTILALAMC - MOVALUE,113.5,113.87,111.77,112.8,112.47,112.33,,112.79,,,76298,8626640.96,653,F1,1,,,,,
2026-09-03,2026-09-03,CM,NSE,STK,20788,INE0FRK01020,MOTISONS,EQ,,,,,MOTISONS JEWELLERS LTD,15.54,15.82,15.24,15.37,15.35,15.43,,15.37,,,22301002,344300954.5,14942,F1,1,,,,,
2026-09-03,2026-09-03,CM,NSE,STK,8793,INE861B01023,MOTOGENFIN,BE,,,,,MOTOR & GENERAL FINANCE L,27.64,27.99,27.5,27.97,27.97,27.51,,27.97,,,10082,279838.61,46,F1,1,,,,,
2026-09-03,2026-09-03,CM,NSE,STK,757810,INE0XM301010,MMEL,SM,,,,,MOVING MEDIA ENTER LTD,23.7,24.5,23.7,24.5,24.5,23.1,,24.5,,,4000,96400.0,2,F1,2000,,,,,
2026-09-03,2026-09-03,CM,NSE,STK,13502,INE0N6D01014,MOXSH,SM,,,,,MOXSH OVERSEAS EDUCON LTD,99.0,99.0,99.0,99.0,99.0,103.6,,99.0,,,3200,316800.0,2,F1,1600,,,,,
2026-09-03,2026-09-03,CM,NSE,STK,765138,INE493H01014,MPDL,BE,,,,,MPDL LTD.,33.22,33.23,33.07,33.23,33.23,31.65,,34.37,,,2759,91565.31,19,F1,1,,,,,
2026-09-03,2026-09-03,CM,NSE,STK,4503,INE356A01018,MPHASIS,EQ,,,,,MPHASIS LIMITED,2481.2,2489.3,2432.0,2471.0,2471.0,2480.0,,2470.98,,,408569,1001383286.6,25544,F1,1,,,,,
2026-09-03,2026-09-03,CM,NSE,STK,10578,INE943D01017,MPSLTD,EQ,,,,,MPS LIMITED,2609.0,2643.8,2556.1,2620.6,2640.0,2594.6,,2620.93,,,13725,35822619.1,2331,F1,1,,,,,
2026-09-03,2026-09-03,CM,NSE,STK,2277,INE883A01011,MRF,EQ,,,,,MRF LTD,132800.0,132800.0,130100.0,130510.0,131160.0,131880.0,,130510.2,,,6240,815721830.0,4815,F1,1,,,,,
2026-09-03,2026-09-03,CM,NSE,STK,2283,INE103A01014,MRPL,EQ,,,,,MRPL,175.21,179.99,174.5,175.99,176.4,175.22,,175.99,,,9658885,1719100787.41,55005,F1,1,,,,,
2026-09-03,2026-09-03,CM,NSE,STK,1628,INE495P01020,BECTORFOOD,EQ,,,,,MRS BECTORS FOOD SPE LTD,231.44,231.79,223.19,229.41,231.42,228.31,,229.41,,,1222039,279185066.51,17370,F1,1,,,,,
2026-09-03,2026-09-03,CM,NSE,STK,11919,INE752G01015,MSPL,EQ,,,,,MSP STEEL & POWER LTD.,36.48,37.48,35.05,35.34,35.5,36.14,,35.34,,,1094788,39725897.43,3565,F1,1,,,,,
2026-09-03,2026-09-03,CM,NSE,STK,9356,INE255X01014,MSTCLTD,EQ,,,,,MSTC LIMITED,714.0,748.35,714.0,744.25,746.0,711.75,,744.25,,,332350,245158208.6,13517,F1,1,,,,,
2026-09-03,2026-09-03,CM,NSE,STK,31413,INE472M01018,MTEDUCARE,BE,,,,,MT EDUCARE LTD,1.76,1.8,1.67,1.69,1.69,1.75,,1.69,,,19275,32744.31,44,F1,1,,,,,
2026-09-03,2026-09-03,CM,NSE,STK,2715,INE864I01014,MTARTECH,BE,,,,,MTAR TECHNOLOGIES LIMITED,6869.5,6945.0,6775.0,6820.0,6800.0,6872.0,,6819.62,,,44753,305386894.0,7799,F1,1,,,,,
2026-09-03,2026-09-03,CM,NSE,STK,19783,INE08KJ01020,MUFIN,EQ,,,,,MUFIN GREEN FINANCE LTD,135.4,138.48,135.2,136.92,137.0,134.65,,136.92,,,553156,75796120.06,2850,F1,1,,,,,
2026-09-03,2026-09-03,CM,NSE,STK,11325,INE304A01026,MUKANDLTD,EQ,,,,,MUKAND LTD.,134.19,135.89,132.22,132.97,132.22,134.18,,132.9,,,48639,6509753.84,732,F1,1,,,,,
2026-09-03,2026-09-03,CM,NSE,STK,764788,INE596B01017,MUKESHB,EQ,,,,,MUKESH BABU FINANC SER L,133.76,135.0,133.0,134.0,134.0,133.76,,134.0,,,2606,349195.0,13,F1,1,,,,,
2026-09-03,2026-09-03,CM,NSE,STK,22980,INE0CG401037,MUKKA,EQ,,,,,MUKKA PROTEINS LIMITED,26.99,28.92,26.9,28.72,28.84,26.85,,28.71,,,3369622,95399868.67,11206,F1,1,,,,,
2026-09-03,2026-09-03,CM,NSE,STK,8691,INE374B01019,MUKTAARTS,BE,,,,,MUKTA ARTS LIMITED,58.94,58.94,56.1,56.1,56.1,57.5,,56.33,,,929,52960.74,16,F1,1,,,,,
2026-09-03,2026-09-03,CM,NSE,STK,31181,INE745G01043,MCX,EQ,,,,,MULTI COMMODITY EXCHANGE,3317.0,3333.0,3170.2,3170.2,3170.2,3286.0,,3170.32,,,2412959,7742435759.9,132351,F1,1,,,,,
2026-09-03,2026-09-03,CM,NSE,STK,759416,INE1K8Y01018,MUNISH,SM,,,,,MUNISH FORGE LIMITED,85.9,86.2,82.55,82.55,82.55,83.15,,82.55,,,69600,5890320.0,29,F1,1200,,,,,
2026-09-03,2026-09-03,CM,NSE,STK,13511,INE672B01032,MUNJALAU,EQ,,,,,MUNJAL AUTO IND. LTD.,113.61,116.03,112.33,112.92,113.0,113.44,,112.92,,,334364,37969134.6,3896,F1,1,,,,,
2026-09-03,2026-09-03,CM,NSE,STK,2307,INE577A01027,MUNJALSHOW,EQ,,,,,MUNJAL SHOWA LTD,129.6,130.8,127.78,129.27,129.0,129.2,,129.28,,,28163,3634691.57,391,F1,1,,,,,
2026-09-03,2026-09-03,CM,NSE,STK,2313,INE692B01014,MURUDCERA,EQ,,,,,MURUDESHWAR CERAMICS LTD,30.35,30.6,29.6,29.97,29.81,29.88,,30.02,,,6050,180939.16,97,F1,1,,,,,
2026-09-03,2026-09-03,CM,NSE,STK,19877,INE919I01024,RADIOCITY,EQ,,,,,MUSIC BROADCAST LIMITED,6.49,6.49,6.22,6.24,6.22,6.32,,6.26,,,42043,265159.24,140,F1,1,,,,,
2026-09-03,2026-09-03,CM,NSE,STK,10415,INE296G01013,MUTHOOTCAP,EQ,,,,,MUTHOOT CAP SERV LTD,241.22,252.0,241.22,243.75,244.86,241.22,,243.76,,,14423,3559254.72,515,F1,1,,,,,
2026-09-03,2026-09-03,CM,NSE,STK,23650,INE414G01012,MUTHOOTFIN,EQ,,,,,MUTHOOT FINANCE LIMITED,2975.0,2985.9,2926.5,2926.5,2926.5,2937.7,,2926.56,,,566996,1675412575.7,29166,F1,1,,,,,
2026-09-03,2026-09-03,CM,NSE,STK,20831,INE046W01019,MUTHOOTMF,EQ,,,,,MUTHOOT MICROFIN LIMITED,205.87,208.0,203.51,206.89,206.95,203.2,,206.89,,,242554,49854370.36,3038,F1,1,,,,,
2026-09-03,2026-09-03,CM,NSE,STK,764397,INE0OWZ01020,MVELECTRO,EQ,,,,,MV ELECTROSYSTEMS LIMITED,685.0,744.8,661.65,730.65,729.0,686.05,,730.67,,,8739539,6308768746.75,160034,F1,1,,,,,
2026-09-03,2026-09-03,CM,NSE,STK,25208,INE0RVQ01016,MYMUDRA,SM,,,,,MY MUDRA FINCORP LIMITED,68.3,71.0,68.3,70.0,70.0,71.0,,70.0,,,3600,251160.0,3,F1,1200,,,,,
2026-09-03,2026-09-03,CM,NSE,STK,8220,INE741A01011,MYSORPETRO,BE,,,,,MYSORE PETRO CHEMICALS L,120.0,126.05,118.1,124.89,126.05,120.05,,124.72,,,10283,1254494.9,139,F1,1,,,,,
2026-09-03,2026-09-03,CM,NSE,STK,20314,INE740D01017,NRAIL,EQ,,,,,N R AGARWAL INDS LTD,502.85,505.0,489.0,496.05,498.0,498.5,,496.07,,,6835,3385909.8,225,F1,1,,,,,
2026-09-03,2026-09-03,CM,NSE,STK,757489,INE104101014,NRVANDANA,SM,,,,,N R VANDANA TEX IND LTD,70.0,70.0,68.1,68.1,68.1,70.0,,68.1,,,27000,1865550.0,7,F1,3000,,,,,
2026-09-03,2026-09-03,CM,NSE,STK,764798,INE920C01017,NTCIND,EQ,,,,,N T C INDUSTRIES LTD.,134.7,134.7,131.88,132.95,134.35,134.95,,133.51,,,907,120017.32,45,F1,1,,,,,
2026-09-03,2026-09-03,CM,NSE,STK,19111,INE365I01020,NBIFIN,EQ,,,,,N.B.I. IND. FIN. CO. LTD,2000.0,2055.1,1965.0,1983.4,1965.0,1986.2,,1983.4,,,341,683089.9,40,F1,1,,,,,
2026-09-03,2026-09-03,CM,NSE,STK,20425,INE295D01020,NACLIND,EQ,,,,,NACL INDUSTRIES LIMITED,170.1,171.87,165.44,166.45,167.69,167.4,,166.46,,,341726,57166644.02,5531,F1,1,,,,,
2026-09-03,2026-09-03,CM,NSE,STK,18371,INE756C01015,NDGL,EQ,,,,,NAGA DHUNSERI GROUP LTD,2795.0,2798.0,2755.0,2757.6,2757.6,2743.9,,2757.6,,,56,155275.5,22,F1,1,,,,,
2026-09-03,2026-09-03,CM,NSE,STK,14942,INE245I01016,NAGREEKCAP,EQ,,,,,NAGREEKA CAP & INFR.LTD,23.8,23.89,22.61,22.87,23.13,23.24,,22.7,,,4720,110080.93,92,F1,1,,,,,
2026-09-03,2026-09-03,CM,NSE,STK,14702,INE123B01028,NAGREEKEXP,EQ,,,,,NAGREEKA EXPORTS LTD.,21.7,21.88,20.8,21.3,21.35,21.35,,21.39,,,16505,351950.74,226,F1,1,,,,,
2026-09-03,2026-09-03,CM,NSE,STK,15360,INE049I01012,NAHARCAP,EQ,,,,,NAHAR CAP & FIN.,263.0,263.0,256.3,259.5,260.0,258.8,,259.5,,,1304,336915.7,61,F1,1,,,,,
2026-09-03,2026-09-03,CM,NSE,STK,13106,INE289A01011,NAHARINDUS,EQ,,,,,NAHAR INDS ENT LTD,133.86,140.64,133.05,137.96,138.5,133.86,,137.89,,,41039,5663190.62,735,F1,1,,,,,
2026-09-03,2026-09-03,CM,NSE,STK,14445,INE308A01027,NAHARPOLY,EQ,,,,,NAHAR POLY FILMS LIMITED,252.01,253.6,244.03,248.39,244.15,250.37,,248.38,,,10170,2530681.88,238,F1,1,,,,,
2026-09-03,2026-09-03,CM,NSE,STK,14440,INE290A01027,NAHARSPING,EQ,,,,,NAHAR SPINNING MILLS LTD.,294.5,298.45,291.05,293.0,293.25,294.95,,293.07,,,19923,5874183.35,611,F1,1,,,,,
2026-09-03,2026-09-03,CM,NSE,STK,5401,INE236Y01012,NGIL,EQ,,,,,NAKODA GROUP OF IND. LTD,40.0,41.4,39.28,40.24,40.85,39.41,,40.24,,,13022,531536.37,64,F1,1,,,,,
2026-09-03,2026-09-03,CM,NSE,STK,11239,INE023A01030,NSIL,EQ,,,,,NALWA SONS INVESTMENT LTD,5700.0,5724.0,5635.0,5683.0,5696.0,5647.5,,5683.48,,,995,5654499.5,262,F1,1,,,,,
2026-09-03,2026-09-03,CM,NSE,STK,25170,INE08NZ01012,NAMOEWASTE,ST,,,,,NAMO EWASTE MANAGEMENT L,262.0,265.5,258.0,262.2,262.25,264.0,,262.2,,,12800,3355600.0,16,F1,800,,,,,
2026-09-03,2026-09-03,CM,NSE,STK,31258,INE875G01048,NDL,EQ,,,,,NANDAN DENIM LIMITED,2.86,2.89,2.82,2.83,2.84,2.85,,2.83,,,786673,2248006.91,1120,F1,1,,,,,
2026-09-03,2026-09-03,CM,NSE,STK,5516,INE696V01013,JAIPURKURT,EQ,,,,,NANDANI CREATION LIMITED,26.55,26.55,25.14,25.82,25.6,26.3,,25.82,,,20260,516777.36,159,F1,1,,,,,
2026-09-03,2026-09-03,CM,NSE,STK,11840,INE410P01011,NH,EQ,,,,,NARAYANA HRUDAYALAYA LTD.,1928.2,1929.4,1877.0,1882.2,1885.5,1922.7,,1882.07,,,120292,228016573.2,18961,F1,1,,,,,
2026-09-03,2026-09-03,CM,NSE,STK,11627,INE117Z01029,NARMADA,EQ,,,,,NARMADA AGROBASE LIMITED,13.63,15.0,13.4,13.62,13.53,13.63,,13.62,,,420123,5761966.02,985,F1,1,,,,,
2026-09-03,2026-09-03,CM,NSE,STK,3918,INE987B01026,NATCOPHARM,EQ,,,,,NATCO PHARMA LTD.,843.3,849.95,835.8,838.3,838.3,843.25,,838.29,,,217962,182833752.8,23242,F1,1,,,,,
2026-09-03,2026-09-03,CM,NSE,STK,11065,INE448G01010,NATHBIOGEN,EQ,,,,,NATH BIO-GENES (I) LTD,152.54,155.3,152.54,153.07,153.06,152.55,,153.07,,,6355,976643.53,159,F1,1,,,,,
2026-09-03,2026-09-03,CM,NSE,STK,6364,INE139A01034,NATIONALUM,EQ,,,,,NATIONAL ALUMINIUM CO LTD,374.0,378.5,370.55,374.0,374.0,370.0,,374.0,,,3760490,1405896899.45,68506,F1,1,,,,,
2026-09-03,2026-09-03,CM,NSE,STK,13925,INE870D01012,NFL,EQ,,,,,NATIONAL FERT. LTD,70.3,70.94,70.11,70.33,70.28,69.98,,70.3,,,404241,28492015.35,2572,F1,1,,,,,
2026-09-03,2026-09-03,CM,NSE,STK,6531,INE0H7R23014,NHIT,IV,,,,,NATIONAL HIGHW INFRA TRUS,171.0,171.0,171.0,171.0,171.0,171.0,,171.0,,,25000,4275000.0,1,F1,25000,,,,,
2026-09-03,2026-09-03,CM,NSE,STK,762807,INE166R01015,NATIONSTD,EQ,,,,,NATIONAL STAND (INDIA) L,104.5,107.0,99.32,104.75,104.2,103.94,,104.54,,,39226,4068803.06,921,F1,1,,,,,
2026-09-03,2026-09-03,CM,NSE,STK,29588,INE936B01015,NATCAPSUQ,BE,,,,,NATURAL CAPSULES LIMITED,218.5,226.98,218.5,226.98,226.98,216.18,,226.98,,,18619,4209596.31,309,F1,1,,,,,
2026-09-03,2026-09-03,CM,NSE,STK,4014,INE725A01030,NAVA,EQ,,,,,NAVA LIMITED,564.2,569.2,554.3,557.2,557.0,560.75,,557.2,,,224924,126260215.35,9452,F1,1,,,,,
2026-09-03,2026-09-03,CM,NSE,STK,14672,INE048G01026,NAVINFLUOR,EQ,,,,,NAVIN FLUORINE INT. LTD,8552.5,8718.0,8500.0,8697.0,8700.0,8542.5,,8697.01,,,142402,1226905661.5,40923,F1,1,,,,,
2026-09-03,2026-09-03,CM,NSE,STK,10557,INE278M01019,NAVKARCORP,EQ,,,,,NAVKAR CORPORATION LTD.,95.7,98.4,95.12,97.44,97.05,95.47,,97.43,,,217243,21009290.68,1697,F1,1,,,,,
2026-09-03,2026-09-03,CM,NSE,STK,29149,INE268H01044,NAVKARURB,BE,,,,,NAVKAR URBANSTRUCTURE LTD,0.89,0.9,0.87,0.89,0.9,0.89,,0.89,,,318951,284195.0,253,F1,1,,,,,
2026-09-03,2026-09-03,CM,NSE,STK,2385,INE060A01024,NAVNETEDUL,EQ,,,,,NAVNEET EDUCATION LTD,133.9,134.0,131.5,132.08,132.5,133.91,,132.08,,,58172,7715163.31,1398,F1,1,,,,,
2026-09-03,2026-09-03,CM,NSE,STK,2987,INE418L01047,NAZARA,EQ,,,,,NAZARA TECHNOLOGIES LTD,366.5,368.9,361.35,365.8,367.4,366.0,,365.81,,,661018,241283604.55,9947,F1,1,,,,,
2026-09-03,2026-09-03,CM,NSE,STK,31415,INE095N01031,NBCC,EQ,,,,,NBCC (INDIA) LIMITED,85.15,86.9,85.15,86.5,86.5,85.0,,86.51,,,3561028,306866018.63,19617,F1,1,,,,,
2026-09-03,2026-09-03,CM,NSE,STK,2319,INE868B01028,NCC,EQ,,,,,NCC LIMITED,143.5,147.5,143.5,147.24,147.0,142.53,,147.26,,,1686749,245927502.14,16825,F1,1,,,,,
2026-09-03,2026-09-03,CM,NSE,STK,14490,INE732C01016,NCLIND,EQ,,,,,NCL INDUSTRIES LIMITED,174.95,178.5,174.81,177.36,176.75,174.94,,177.36,,,29657,5244404.94,2844,F1,1,,,,,
2026-09-03,2026-09-03,CM,NSE,STK,14547,INE353A01023,NDLVENTURE,EQ,,,,,NDL VENTURES LIMITED,124.88,124.88,120.13,123.01,123.0,120.91,,123.01,,,13539,1664744.7,83,F1,1,,,,,
2026-09-03,2026-09-03,CM,NSE,STK,22255,INE07OG01012,NDRAUTO,EQ,,,,,NDR AUTO COMPONENTS LTD,720.95,727.95,718.7,724.2,724.0,719.15,,724.29,,,8085,5838342.15,780,F1,1,,,,,
2026-09-03,2026-09-03,CM,NSE,STK,22680,INE0Q7Q23015,NDRINVIT,IV,,,,,NDR INVIT TRUST,145.0,145.0,145.0,145.0,145.0,143.0,,145.0,,,25000,3625000.0,1,F1,25000,,,,,
2026-09-03,2026-09-03,CM,NSE,STK,11427,INE155G01029,NDTV,EQ,,,,,NDTV LTD,71.75,72.78,70.55,70.66,70.72,70.84,,70.66,,,46817,3328229.58,626,F1,1,,,,,
2026-09-03,2026-09-03,CM,NSE,STK,11927,INE023H01027,NECLIFE,EQ,,,,,NECTAR LIFESCIENCES LTD.,12.15,12.65,12.1,12.17,12.22,12.31,,12.17,,,274924,3373276.68,416,F1,1,,,,,
2026-09-03,2026-09-03,CM,NSE,STK,762812,INE605D01012,NEAGI,EQ,,,,,NEELAMALAI AGRO INDS. L,3370.1,3370.1,3370.1,3370.1,3370.1,3370.1,,3370.0,,,1,3370.1,1,F1,1,,,,,
2026-09-03,2026-09-03,CM,NSE,STK,14761,INE189I01024,NELCAST,EQ,,,,,NELCAST LIMITED,117.96,120.45,117.3,118.76,118.35,117.58,,118.76,,,337600,40042791.46,3341,F1,1,,,,,
2026-09-03,2026-09-03,CM,NSE,STK,2388,INE045B01015,NELCO,EQ,,,,,NELCO LTD,936.6,963.0,930.5,933.75,931.2,929.65,,933.74,,,218453,206730475.25,8897,F1,1,,,,,
2026-09-03,2026-09-03,CM,NSE,STK,760928,INE21UM01018,NEOCHEM,SM,,,,,NEOCHEM BIO SOLUTIONS LTD,93.2,98.0,93.2,96.1,96.1,98.5,,96.1,,,13200,1275840.0,10,F1,1200,,,,,
2026-09-03,2026-09-03,CM,NSE,STK,9917,INE136S01016,NEOGEN,EQ,,,,,NEOGEN CHEMICALS LIMITED,2136.4,2170.0,2114.0,2137.1,2145.0,2136.4,,2137.29,,,69594,148736558.7,14002,F1,1,,,,,
2026-09-03,2026-09-03,CM,NSE,STK,24350,INE0SUN01013,NEPHROCARE,SM,,,,,NEPHRO CARE INDIA LIMITED,98.5,101.35,98.0,98.0,98.0,97.0,,98.0,,,3200,316700.0,8,F1,400,,,,,
2026-09-03,2026-09-03,CM,NSE,STK,760346,INE428V01029,NEPHROPLUS,EQ,,,,,NEPHROCARE HEALTH SERV L,693.3,712.3,686.1,706.75,707.0,692.7,,706.75,,,198406,139462950.75,8857,F1,1,,,,,
2026-09-03,2026-09-03,CM,NSE,STK,757493,INE156901014,NEPTUNE,SM,,,,,NEPTUNE PETROCHEMICALS L,178.6,178.6,174.0,174.0,174.0,178.5,,174.0,,,5000,881825.0,8,F1,500,,,,,
2026-09-03,2026-09-03,CM,NSE,STK,15409,INE317F01035,NESCO,EQ,,,,,NESCO LTD.,1038.4,1050.0,1033.2,1044.8,1043.5,1038.4,,1044.82,,,47302,49355558.9,5660,F1,1,,,,,
2026-09-03,2026-09-03,CM,NSE,STK,17963,INE239A01024,NESTLEIND,EQ,,,,,NESTLE INDIA LIMITED,1424.1,1424.1,1407.0,1416.0,1416.0,1425.0,,1416.03,,,660284,933360587.7,34526,F1,1,,,,,
2026-09-03,2026-09-03,CM,NSE,STK,20409,INE518X01015,CBAZAAR,ST,,,,,NET AVENUE TECHNOLOGIES L,4.5,4.5,4.5,4.5,4.5,4.5,,4.5,,,8000,36000.0,1,F1,8000,,,,,
2026-09-03,2026-09-03,CM,NSE,STK,17433,INE0NT901020,NETWEB,EQ,,,,,NETWEB TECH INDIA LTD,5165.0,5375.0,5114.0,5270.0,5279.0,5110.0,,5270.41,,,2365927,12484112328.0,181434,F1,1,,,,,
2026-09-03,2026-09-03,CM,NSE,STK,756324,INE0FFK01017,NPST,EQ,,,,,NETWORK PEOPLE SRV TECH L,1700.0,1730.0,1666.5,1718.4,1724.1,1690.0,,1718.42,,,80429,137108976.9,5909,F1,1,,,,,
2026-09-03,2026-09-03,CM,NSE,STK,14111,INE870H01013,NETWORK18,EQ,,,,,NETWORK18 MEDIA & INV LTD,27.5,27.82,27.33,27.55,27.69,27.24,,27.55,,,3195984,88048632.1,6381,F1,1,,,,,
2026-09-03,2026-09-03,CM,NSE,STK,30554,INE333I01044,NEUEON,BE,,,,,NEUEON CORPORATION LTD,10.91,11.88,10.88,10.94,10.88,11.45,,10.94,,,157819,1737651.76,179,F1,1,,,,,
2026-09-03,2026-09-03,CM,NSE,STK,2406,INE794A01010,NEULANDLAB,EQ,,,,,NEULAND LAB LTD.,23075.0,23295.0,22810.0,22890.0,22900.0,22960.0,,22890.65,,,32650,750095555.0,13760,F1,1,,,,,
2026-09-03,2026-09-03,CM,NSE,STK,1164,INE619B01017,NEWGEN,EQ,,,,,NEWGEN SOFTWARE TECH LTD,525.0,527.5,514.5,517.65,519.2,519.3,,517.65,,,624729,323700399.2,15527,F1,1,,,,,
2026-09-03,2026-09-03,CM,NSE,STK,19161,INE0PW501021,NEWJAISA,ST,,,,,NEWJAISA TECHNOLOGIES LTD,17.75,17.75,17.75,17.75,17.75,18.05,,17.75,,,1500,26625.0,1,F1,1500,,,,,
2026-09-03,2026-09-03,CM,NSE,STK,28801,INE0TP801012,NMSTEEL,SM,,,,,NEWMALAYALAM STEEL LTD,23.95,23.95,23.9,23.9,23.9,22.9,,23.9,,,4800,114880.0,3,F1,1600,,,,,
2026-09-03,2026-09-03,CM,NSE,STK,9867,INE747B01016,NEXTMEDIA,EQ,,,,,NEXT MEDIAWORKS LIMITED,4.19,4.19,4.0,4.0,4.0,4.21,,4.0,,,55549,225042.05,149,F1,1,,,,,
2026-09-03,2026-09-03,CM,NSE,STK,15815,INE0NDH25011,NXST,RR,,,,,NEXUS SELECT TRUST,167.99,168.19,166.6,167.8,167.9,167.35,,167.8,,,171991,28805901.4,4803,F1,1,,,,,
2026-09-03,2026-09-03,CM,NSE,STK,763536,INE0T1501010,NFPSAMPOOR,SM,,,,,NFP SAMPOORNA FOODS LTD,21.45,21.45,20.5,20.5,20.5,21.45,,20.5,,,6000,124900.0,3,F1,2000,,,,,
2026-09-03,2026-09-03,CM,NSE,STK,10277,INE887E01022,NGLFINE,EQ,,,,,NGL FINE CHEM LIMITED,2719.9,2999.8,2676.0,2940.8,2911.0,2688.7,,2940.71,,,69056,197733456.9,10142,F1,1,,,,,
2026-09-03,2026-09-03,CM,NSE,STK,17400,INE848E01016,NHPC,EQ,,,,,NHPC LTD,76.11,77.21,75.87,76.45,76.45,75.65,,76.45,,,14041987,1075038556.86,28829,F1,1,,,,,
2026-09-03,2026-09-03,CM,NSE,STK,29487,INE149O01018,NIBE,EQ,,,,,NIBE LIMITED,1373.9,1418.9,1310.0,1322.0,1310.0,1342.9,,1322.0,,,61410,81913482.4,4975,F1,1,,,,,
2026-09-03,2026-09-03,CM,NSE,STK,764793,INE653C01022,NICCOPAR,EQ,,,,,NICCO PARKS & RESORTS LTD,79.04,79.04,78.0,78.2,78.0,79.04,,78.14,,,452,35536.28,14,F1,1,,,,,
2026-09-03,2026-09-03,CM,NSE,STK,6592,INE0J6L01013,NIDAN,SM,,,,,NIDAN LABS AND HEALTH LTD,12.9,15.0,12.9,14.85,14.7,12.75,,14.85,,,81000,1161800.0,64,F1,1000,,,,,
2026-09-03,2026-09-03,CM,NSE,STK,17747,INE342G01023,NIITMTS,EQ,,,,,NIIT LEARNING SYSTEMS LTD,223.5,225.23,222.0,222.91,222.1,223.47,,222.91,,,88845,19841126.91,2858,F1,1,,,,,
2026-09-03,2026-09-03,CM,NSE,STK,11522,INE161A01038,NIITLTD,EQ,,,,,NIIT LIMITED,97.99,98.88,97.0,97.57,97.12,97.33,,97.56,,,169439,16582475.33,2134,F1,1,,,,,
2026-09-03,2026-09-03,CM,NSE,STK,758178,INE0FLF01015,NIKITA,SM,,,,,NIKITA GRENTEC RECYCL LTD,73.0,73.0,70.1,71.55,70.1,75.05,,71.55,,,8400,604440.0,6,F1,1200,,,,,
2026-09-03,2026-09-03,CM,NSE,STK,9253,INE937C01029,NILAINFRA,EQ,,,,,NILA INFRASTRUCTURES LTD,6.66,6.77,6.66,6.7,6.71,6.71,,6.71,,,140905,943497.95,543,F1,1,,,,,
2026-09-03,2026-09-03,CM,NSE,STK,7411,INE00S901012,NILASPACES,EQ,,,,,NILA SPACES LIMITED,12.76,12.85,12.21,12.28,12.35,12.51,,12.28,,,1904437,23613368.13,2675,F1,1,,,,,
2026-09-03,2026-09-03,CM,NSE,STK,762817,INE445D01013,NILE,EQ,,,,,NILE LTD.,1478.9,1485.0,1461.1,1470.5,1476.9,1471.5,,1468.03,,,1689,2484182.0,291,F1,1,,,,,
2026-09-03,2026-09-03,CM,NSE,STK,2421,INE310A01015,NILKAMAL,EQ,,,,,NILKAMAL LIMITED,2072.8,2149.5,2035.7,2111.1,2128.0,2063.1,,2111.41,,,52362,110364322.3,6463,F1,1,,,,,
2026-09-03,2026-09-03,CM,NSE,STK,761720,INE875B01015,NIMBSPROJ,EQ,,,,,NIMBUS PROJECTS LIMITED,163.07,163.07,151.93,151.93,151.93,159.92,,151.93,,,2823,435497.27,184,F1,1,,,,,
2026-09-03,2026-09-03,CM,NSE,STK,14194,INE395U01014,NINSYS,EQ,,,,,NINTEC SYSTEMS LIMITED,725.0,737.0,704.0,709.25,712.25,710.95,,710.69,,,5444,3897558.6,841,F1,1,,,,,
2026-09-03,2026-09-03,CM,NSE,STK,11439,INF204KB15I9,BANKBEES,EQ,,,,,NIP IND ETF BANK BEES,594.06,598.3,594.06,596.02,596.49,592.76,,595.99,,,612190,365493874.6,5392,F1,1,,,,,
2026-09-03,2026-09-03,CM,NSE,STK,2435,INF204KA1LD7,CONSUMBEES,EQ,,,,,NIP IND ETF CONSUMPTION,130.0,131.21,129.91,130.02,130.28,130.51,,130.02,,,78215,10188242.84,1040,F1,1,,,,,
2026-09-03,2026-09-03,CM,NSE,STK,2636,INF204KA1MS3,DIVOPPBEES,EQ,,,,,NIP IND ETF DIV OPP,78.24,78.24,76.58,76.68,76.6,76.71,,76.68,,,49896,3833256.1,776,F1,1,,,,,
2026-09-03,2026-09-03,CM,NSE,STK,9847,INF204KB18I3,NV20BEES,EQ,,,,,NIP IND ETF ETF NV20,140.63,140.63,138.58,139.13,138.58,139.66,,139.13,,,12226,1702485.39,195,F1,1,,,,,
2026-09-03,2026-09-03,CM,NSE,STK,14428,INF204KB17I5,GOLDBEES,EQ,,,,,NIP IND ETF GOLD BEES,126.08,126.68,125.8,126.23,126.15,123.52,,126.23,,,29706695,3751437071.14,80365,F1,1,,,,,
2026-09-03,2026-09-03,CM,NSE,STK,18284,INF204KB19I1,HNGSNGBEES,EQ,,,,,NIP IND ETF HANGSENG BEES,471.0,471.8,468.0,468.46,468.84,468.63,,468.47,,,69325,32541343.62,3482,F1,1,,,,,
2026-09-03,2026-09-03,CM,NSE,STK,20072,INF732E01268,INFRABEES,EQ,,,,,NIP IND ETF INFRA BEES,958.3,958.3,951.5,954.28,951.5,953.53,,954.29,,,3722,3552422.88,375,F1,1,,,,,
2026-09-03,2026-09-03,CM,NSE,STK,19084,INF204KB15V2,ITBEES,EQ,,,,,NIP IND ETF IT,34.93,34.93,34.05,34.29,34.3,34.39,,34.29,,,3867525,132503442.55,12066,F1,1,,,,,
2026-09-03,2026-09-03,CM,NSE,STK,10939,INF732E01045,JUNIORBEES,EQ,,,,,NIP IND ETF JUNIOR BEES,793.5,793.58,787.0,788.74,789.95,788.4,,788.74,,,438702,346907792.67,9146,F1,1,,,,,
2026-09-03,2026-09-03,CM,NSE,STK,11006,INF732E01037,LIQUIDBEES,EQ,,,,,NIP IND ETF LIQUID BEES,1000.0,1000.01,999.62,1000.0,1000.01,1000.0,,1000.0,,,2625971,2625981014.05,4383,F1,1,,,,,
2026-09-03,2026-09-03,CM,NSE,STK,17700,INF204KB1882,LTGILTBEES,EQ,,,,,NIP IND ETF LONGTERM GILT,29.87,29.9,29.84,29.86,29.84,29.82,,29.84,,,638244,19067250.69,569,F1,1,,,,,
2026-09-03,2026-09-03,CM,NSE,STK,8506,INF204KB1V68,MID150BEES,EQ,,,,,NIP IND ETF MIDCAP 150,242.99,242.99,238.98,240.14,240.5,239.07,,240.15,,,325057,78058197.93,5219,F1,1,,,,,
2026-09-03,2026-09-03,CM,NSE,STK,29577,INF204K014N5,NIF100BEES,EQ,,,,,NIP IND ETF NIFTY 100,265.78,267.23,264.8,265.6,266.0,264.89,,265.6,,,59036,15709287.97,688,F1,1,,,,,
2026-09-03,2026-09-03,CM,NSE,STK,10576,INF204KB14I2,NIFTYBEES,EQ,,,,,NIP IND ETF NIFTY BEES,276.5,276.5,270.0,272.63,272.55,272.56,,272.61,,,4418043,1207006403.2,42140,F1,1,,,,,
2026-09-03,2026-09-03,CM,NSE,STK,15032,INF204KB16I7,PSUBNKBEES,EQ,,,,,NIP IND ETF PSU BANK BEES,94.7,96.62,94.7,95.68,95.78,94.77,,95.67,,,2544032,244598047.39,4289,F1,1,,,,,
2026-09-03,2026-09-03,CM,NSE,STK,17044,INF732E01128,SHARIABEES,EQ,,,,,NIP IND ETF SHARIAH BEES,456.97,461.86,453.0,453.44,461.85,456.97,,453.44,,,13628,6190581.91,570,F1,1,,,,,
2026-09-03,2026-09-03,CM,NSE,STK,357,INE298J01013,NAM-INDIA,EQ,,,,,NIPPON L I A M LTD,1171.2,1180.2,1150.4,1164.9,1164.9,1171.5,,1164.9,,,1722843,2000276666.7,38749,F1,1,,,,,
2026-09-03,2026-09-03,CM,NSE,STK,757725,INF204KC1FU1,LIQGRWBEES,EQ,,,,,NIPPONAMC - LIQGRWBEES,1054.15,1054.15,1054.13,1054.14,1054.15,1054.02,,1054.14,,,248754,262223432.34,177,F1,1,,,,,
2026-09-03,2026-09-03,CM,NSE,STK,758667,INF204KC1GH6,MANUFGBEES,EQ,,,,,NIPPONAMC - MANUFGBEES,164.09,164.34,163.01,163.81,164.34,163.07,,163.82,,,2207,361207.95,81,F1,1,,,,,
2026-09-03,2026-09-03,CM,NSE,STK,7880,INF204KC1337,AUTOBEES,EQ,,,,,NIPPONAMC - NETFAUTO,288.88,290.9,288.0,288.19,288.3,288.88,,288.19,,,147286,42544839.83,2716,F1,1,,,,,
2026-09-03,2026-09-03,CM,NSE,STK,4973,INF204KC1089,PHARMABEES,EQ,,,,,NIPPONAMC - NETFPHARMA,28.0,28.0,27.34,27.37,27.45,27.56,,27.37,,,4645980,127493194.51,12069,F1,1,,,,,
2026-09-03,2026-09-03,CM,NSE,STK,8080,INF204KC1402,SILVERBEES,EQ,,,,,NIPPONAMC - NETFSILVER,220.05,221.99,219.41,219.88,219.69,215.45,,219.88,,,16902866,3726750855.3,61439,F1,1,,,,,
2026-09-03,2026-09-03,CM,NSE,STK,757455,INF204KC1EZ3,SNXT30BEES,EQ,,,,,NIPPONAMC - SNXT30BEES,42.55,42.6,42.33,42.43,42.43,42.6,,42.43,,,4937,209725.23,68,F1,1,,,,,
2026-09-03,2026-09-03,CM,NSE,STK,255,INE368I01016,NIRAJ,EQ,,,,,NIRAJ CEMENT STRUC LTD,28.71,29.6,28.41,29.13,29.23,29.0,,29.12,,,40900,1184035.39,145,F1,1,,,,,
2026-09-03,2026-09-03,CM,NSE,STK,18844,INE326T01011,NIRAJISPAT,BE,,,,,NIRAJ ISPAT IND LTD,410.0,410.0,408.2,408.2,408.2,429.65,,408.2,,,524,214472.8,31,F1,1,,,,,
2026-09-03,2026-09-03,CM,NSE,STK,2433,INE910A01012,NIRLON,EQ,,,,,NIRLON LTD,639.8,639.8,620.0,621.6,624.8,649.8,,621.59,,,14704,9173991.05,1100,F1,1,,,,,
2026-09-03,2026-09-03,CM,NSE,STK,14722,INE0OK701014,NIRMAN,SM,,,,,NIRMAN AGRI GENTICS LTD,28.3,29.0,28.0,28.35,28.35,28.6,,28.35,,,7800,220995.0,25,F1,300,,,,,
2026-09-03,2026-09-03,CM,NSE,STK,13300,INE858F01012,NITCO,EQ,,,,,NITCO LIMITED,94.01,97.1,92.75,96.28,96.01,94.3,,96.28,,,375686,35656811.25,3406,F1,1,,,,,
2026-09-03,2026-09-03,CM,NSE,STK,13175,INE229H01012,NITINSPIN,EQ,,,,,NITIN SPINNERS LIMITED,624.1,649.55,623.05,640.25,638.0,623.85,,640.23,,,160161,102598222.3,6098,F1,1,,,,,
2026-09-03,2026-09-03,CM,NSE,STK,3247,INE439T01012,NITIRAJ,EQ,,,,,NITIRAJ ENGINEERS LTD,209.94,209.94,198.25,205.13,209.0,206.0,,205.13,,,1391,285881.51,92,F1,1,,,,,
2026-09-03,2026-09-03,CM,NSE,STK,762824,INE265B01019,NITTAGELA,EQ,,,,,NITTA GELATIN INDIA LTD.,1624.5,1650.0,1603.0,1639.1,1610.3,1618.2,,1631.58,,,1826,2951798.3,406,F1,1,,,,,
2026-09-03,2026-09-03,CM,NSE,STK,27097,INE995S01015,NIVABUPA,EQ,,,,,NIVA BUPA HEALTH INS CO L,80.73,81.69,80.21,80.73,80.89,80.73,,80.73,,,531089,42909822.51,5923,F1,1,,,,,
2026-09-03,2026-09-03,CM,NSE,STK,2439,INE542C01019,NKIND,EQ,,,,,NK INDUSTRIES LTD,57.0,59.5,56.11,56.32,56.25,57.0,,56.36,,,419,23627.44,15,F1,1,,,,,
2026-09-03,2026-09-03,CM,NSE,STK,8585,INE589A01014,NLCINDIA,EQ,,,,,NLC INDIA LIMITED,276.9,281.35,273.6,274.9,275.5,275.5,,274.88,,,1025588,283373701.3,40846,F1,1,,,,,
2026-09-03,2026-09-03,CM,NSE,STK,15332,INE584A01023,NMDC,EQ,,,,,NMDC LTD.,85.76,86.87,84.19,84.19,84.19,85.75,,84.19,,,13174732,1121149123.79,40278,F1,1,,,,,
2026-09-03,2026-09-03,CM,NSE,STK,14180,INE0NNS01018,NSLNISP,EQ,,,,,NMDC STEEL LIMITED,46.1,46.6,45.12,45.4,45.47,45.69,,45.4,,,4161680,190177646.85,19347,F1,1,,,,,
2026-09-03,2026-09-03,CM,NSE,STK,2442,INE163A01018,NOCIL,EQ,,,,,NOCIL LIMITED,171.5,175.1,170.21,171.8,172.25,169.95,,171.79,,,590378,101936061.2,6890,F1,1,,,,,
2026-09-03,2026-09-03,CM,NSE,STK,10786,INE781B01015,NOIDATOLL,EQ,,,,,NOIDA TOLL BRIDGE CO LTD,4.5,4.5,4.18,4.27,4.28,4.11,,4.27,,,97360,420514.06,329,F1,1,,,,,
2026-09-03,2026-09-03,CM,NSE,STK,4160,INE369C01017,NORBTEAEXP,EQ,,,,,NORBEN TEA & EXPORTS LTD,67.49,68.55,67.49,68.55,68.55,65.29,,70.28,,,862,58565.09,17,F1,1,,,,,
2026-09-03,2026-09-03,CM,NSE,STK,13533,INE553C01016,NECCLTD,BE,,,,,NORTH EAST CARRY CORP LTD,16.8,17.68,16.8,17.63,17.65,16.9,,17.63,,,203067,3556382.79,256,F1,1,,,,,
2026-09-03,2026-09-03,CM,NSE,STK,25426,INE850M01015,NORTHARC,EQ,,,,,NORTHERN ARC CAPITAL LTD,302.7,308.5,299.8,304.6,304.65,299.7,,304.6,,,1694057,515845903.9,18202,F1,1,,,,,
2026-09-03,2026-09-03,CM,NSE,STK,22478,INE02H701025,NOVAAGRI,BE,,,,,NOVA AGRITECH LIMITED,23.86,24.0,23.39,23.55,23.6,23.51,,23.55,,,44710,1057218.74,211,F1,1,,,,,
2026-09-03,2026-09-03,CM,NSE,STK,9007,INE234A01025,NOVARTIND,EQ,,,,,NOVARTIS INDIA LIMITED,1610.0,1620.8,1585.6,1614.1,1608.0,1601.5,,1614.13,,,16580,26663627.3,1580,F1,1,,,,,
2026-09-03,2026-09-03,CM,NSE,STK,7553,INE349A01021,NRBBEARING,EQ,,,,,NRB BEARING LIMITED,452.0,459.55,441.2,451.05,453.5,453.55,,451.05,,,187065,84404097.4,5471,F1,1,,,,,
2026-09-03,2026-09-03,CM,NSE,STK,29733,INE047O01014,NIBL,EQ,,,,,NRB INDUS. BEARINGS LTD.,31.65,32.0,30.65,30.76,30.76,31.08,,30.76,,,1464,45854.24,39,F1,1,,,,,
2026-09-03,2026-09-03,CM,NSE,STK,27176,INE0ONG01011,NTPCGREEN,EQ,,,,,NTPC GREEN ENERGY LIMITED,88.25,89.59,87.9,88.73,88.82,88.12,,88.73,,,3480259,308448914.51,38348,F1,1,,,,,
2026-09-03,2026-09-03,CM,NSE,STK,11630,INE733E01010,NTPC,EQ,,,,,NTPC LTD,330.45,332.7,329.1,330.9,330.9,330.0,,330.77,,,8100926,2679622985.0,123522,F1,1,,,,,
2026-09-03,2026-09-03,CM,NSE,STK,10791,INE096B01018,NUCLEUS,EQ,,,,,NUCLEUS SOFTWARE EXPORTS,738.75,744.9,735.0,740.0,740.0,740.65,,740.0,,,8528,6307386.15,623,F1,1,,,,,
2026-09-03,2026-09-03,CM,NSE,STK,13680,INE0JM501013,NRL,BE,,,,,NUPUR RECYCLERS LIMITED,124.44,124.44,124.44,124.44,124.44,122.0,,124.44,,,129262,16085363.28,190,F1,1,,,,,
2026-09-03,2026-09-03,CM,NSE,STK,2353,INE0DSF01015,NURECA,BE,,,,,NURECA LIMITED,333.0,345.55,321.25,332.6,333.15,336.75,,332.6,,,4468,1482791.05,170,F1,1,,,,,
2026-09-03,2026-09-03,CM,NSE,STK,18721,INE531F01023,NUVAMA,EQ,,,,,NUVAMA WEALTH MANAGE LTD,1870.0,1870.0,1800.2,1839.2,1837.5,1841.0,,1839.18,,,299410,548722633.5,24716,F1,1,,,,,
2026-09-03,2026-09-03,CM,NSE,STK,5426,INE118D01016,NUVOCO,EQ,,,,,NUVOCO VISTAS CORP LTD,333.0,339.5,328.25,338.1,337.5,328.15,,338.09,,,705546,236253009.3,22691,F1,1,,,,,
2026-09-03,2026-09-03,CM,NSE,STK,24298,INE0SF023016,NXT-INFRA,IV,,,,,NXT-INFRA TRUST,97.0,97.0,96.99,97.0,97.0,97.0,,97.0,,,450000,43649750.0,10,F1,25000,,,,,
2026-09-03,2026-09-03,CM,NSE,STK,8797,INE426Z01016,OBCL,EQ,,,,,OBCL LIMITED,55.98,55.98,54.8,54.99,54.99,54.77,,54.99,,,5857,322179.65,52,F1,1,,,,,
2026-09-03,2026-09-03,CM,NSE,STK,20242,INE093I01010,OBEROIRLTY,EQ,,,,,OBEROI REALTY LIMITED,1866.1,1912.7,1866.1,1902.0,1902.0,1866.0,,1902.01,,,1127326,2138618577.6,58356,F1,1,,,,,
2026-09-03,2026-09-03,CM,NSE,STK,25923,INE0YHV01011,OBSCP,SM,,,,,OBSC PERFECTION LIMITED,848.1,860.0,841.05,841.9,842.1,848.05,,841.9,,,15200,12891200.0,38,F1,400,,,,,
2026-09-03,2026-09-03,CM,NSE,STK,25920,INE0PK601023,OCCLLTD,BE,,,,,OCCL LIMITED,164.7,168.9,163.01,164.32,164.99,163.35,,164.28,,,76796,12755407.53,412,F1,1,,,,,
2026-09-03,2026-09-03,CM,NSE,STK,27571,INE054301028,ODIGMA,EQ,,,,,ODIGMA CONSULTANCY SOL L,23.25,23.84,21.95,23.47,23.4,23.09,,23.5,,,21840,506330.16,549,F1,1,,,,,
2026-09-03,2026-09-03,CM,NSE,STK,764803,INE839E01023,ODYCORP,EQ,,,,,ODYSSEY CORPORATION LTD.,7.48,7.67,6.25,6.93,6.96,7.42,,6.88,,,186245,1304614.3,731,F1,1,,,,,
2026-09-03,2026-09-03,CM,NSE,STK,2475,INE213A01029,ONGC,EQ,,,,,OIL AND NATURAL GAS CORP.,237.5,237.8,235.0,236.0,236.0,237.5,,236.01,,,5175513,1221314782.98,48220,F1,1,,,,,
2026-09-03,2026-09-03,CM,NSE,STK,8109,INE591A01010,OILCOUNTUB,BE,,,,,OIL COUNTRY TUBULAR LTD.,66.32,66.32,66.32,66.32,66.32,67.67,,66.34,,,13880,920521.6,38,F1,1,,,,,
2026-09-03,2026-09-03,CM,NSE,STK,17438,INE274J01014,OIL,EQ,,,,,OIL INDIA LTD,498.15,499.65,487.35,490.0,490.0,498.15,,489.95,,,1471365,724104935.35,29344,F1,1,,,,,
2026-09-03,2026-09-03,CM,NSE,STK,24777,INE0LXG01040,OLAELEC,EQ,,,,,OLA ELECTRIC MOBILITY LTD,39.35,39.7,37.11,37.47,37.45,38.98,,37.47,,,66732839,2550156612.28,133011,F1,1,,,,,
2026-09-03,2026-09-03,CM,NSE,STK,10637,INE260D01016,OLECTRA,EQ,,,,,OLECTRA GREENTECH LIMITED,1247.0,1289.7,1240.0,1244.8,1245.0,1238.9,,1244.78,,,710407,894953011.8,44797,F1,1,,,,,
2026-09-03,2026-09-03,CM,NSE,STK,759412,INE1BZC01019,OMFREIGHT,BE,,,,,OM FREIGHT FORWARDERS LTD,88.08,90.0,87.5,89.0,89.0,88.08,,89.0,,,2396,213099.91,77,F1,1,,,,,
2026-09-03,2026-09-03,CM,NSE,STK,24231,INE239D01028,OMINFRAL,EQ,,,,,OM INFRA LIMITED,81.9,83.85,81.9,82.68,82.98,81.84,,82.7,,,21253,1756209.68,494,F1,1,,,,,
2026-09-03,2026-09-03,CM,NSE,STK,762432,INE25E901019,OMPOWER,EQ,,,,,OM POWER TRANSMISSION LTD,171.86,173.8,170.15,171.09,170.77,171.86,,171.09,,,32744,5611415.29,507,F1,1,,,,,
2026-09-03,2026-09-03,CM,NSE,STK,10922,INE090B01011,OMAXAUTO,EQ,,,,,OMAX AUTOS LTD,188.49,189.47,181.35,183.59,183.5,187.09,,183.6,,,41424,7659867.38,1185,F1,1,,,,,
2026-09-03,2026-09-03,CM,NSE,STK,14853,INE800H01010,OMAXE,EQ,,,,,OMAXE LIMITED,133.58,135.8,125.51,127.29,126.5,132.67,,127.3,,,5734642,743718655.9,27222,F1,1,,,,,
2026-09-03,2026-09-03,CM,NSE,STK,117,INE338Y01016,OMFURN,SM,,,,,OMFURN INDIA LIMITED,56.5,56.5,56.5,56.5,56.5,56.5,,56.5,,,1200,67800.0,1,F1,1200,,,,,
2026-09-03,2026-09-03,CM,NSE,STK,760865,INE0UH301010,OMNI,EQ,,,,,OMNITECH ENGINEERING LTD,546.7,546.7,514.1,519.25,517.85,543.15,,519.2,,,648674,340774821.4,20714,F1,1,,,,,
2026-09-03,2026-09-03,CM,NSE,STK,19692,INE00ER01015,ONDOOR,SM,,,,,ON DOOR CONCEPTS LIMITED,286.05,294.0,280.0,291.55,294.0,286.05,,291.55,,,7500,2159625.0,21,F1,300,,,,,
2026-09-03,2026-09-03,CM,NSE,STK,6705,INE982J01020,PAYTM,EQ,,,,,ONE 97 COMMUNICATIONS LTD,1622.9,1638.8,1608.4,1637.0,1637.0,1619.0,,1636.93,,,1767936,2874341568.7,52530,F1,1,,,,,
2026-09-03,2026-09-03,CM,NSE,STK,765242,INE670O01013,ONEGLOBAL,EQ,,,,,ONE GLOBAL SERVICE PROV L,494.0,527.15,494.0,527.15,527.15,502.05,,527.15,,,132633,69209171.95,642,F1,1,,,,,
2026-09-03,2026-09-03,CM,NSE,STK,28046,INE0HLU01028,MOBIKWIK,EQ,,,,,ONE MOBIKWIK SYSTEMS LTD,186.39,191.59,184.7,190.61,190.6,185.32,,190.6,,,809692,152365205.68,11000,F1,1,,,,,
2026-09-03,2026-09-03,CM,NSE,STK,9939,INE840Y01029,ONEPOINT,EQ,,,,,ONE POINT ONE SOL LTD,54.61,55.98,53.55,54.62,54.37,54.61,,54.62,,,604182,32886157.42,2261,F1,1,,,,,
2026-09-03,2026-09-03,CM,NSE,STK,19386,INE0OPS01011,OLIL,SM,,,,,ONECLICK LOGISTICS IND L,421.9,421.9,405.0,408.65,405.0,411.8,,408.65,,,23200,9491860.0,29,F1,400,,,,,
2026-09-03,2026-09-03,CM,NSE,STK,25496,INE912L01015,ONELIFECAP,BE,,,,,ONELIFE CAP ADVISORS LTD,32.03,32.91,31.56,31.98,32.13,31.93,,31.98,,,4286,137457.57,36,F1,1,,,,,
2026-09-03,2026-09-03,CM,NSE,STK,763294,INE12F801023,KISSHT,EQ,,,,,ONEMI TECHNOLOGY SOL LTD,302.0,314.0,298.85,305.3,308.0,300.9,,305.31,,,1786210,551115802.9,58170,F1,1,,,,,
2026-09-03,2026-09-03,CM,NSE,STK,29224,INE013P01021,ONESOURCE,EQ,,,,,ONESOURCE SPECL PHARMA L,1559.0,1596.6,1546.0,1575.7,1583.0,1544.4,,1575.61,,,118656,187577654.9,12762,F1,1,,,,,
2026-09-03,2026-09-03,CM,NSE,STK,2202,INE831A01028,ONIDA,EQ,,,,,ONIDA ELECTRONICS LIMITED,36.12,36.12,34.07,34.35,34.26,35.57,,34.36,,,406531,14179360.36,1260,F1,1,,,,,
2026-09-03,2026-09-03,CM,NSE,STK,764808,INE173M01012,ONIXSOLAR,EQ,,,,,ONIX SOLAR ENERGY LTD.,374.9,384.0,373.0,384.0,384.0,365.75,,384.0,,,404235,154440326.4,1288,F1,1,,,,,
2026-09-03,2026-09-03,CM,NSE,STK,15282,INE809I01019,ONMOBILE,BE,,,,,ONMOBILE GLOBAL LTD.,48.0,48.0,47.54,47.54,47.54,48.51,,47.62,,,148588,7103603.1,513,F1,1,,,,,
2026-09-03,2026-09-03,CM,NSE,STK,2481,INE229A01017,ONWARDTEC,EQ,,,,,ONWARD TECHNOLOGIES LTD,284.55,286.95,281.15,283.3,281.65,284.55,,283.31,,,24237,6903258.25,542,F1,1,,,,,
2026-09-03,2026-09-03,CM,NSE,STK,27143,INE0WVU01018,ONYX,ST,,,,,ONYX BIOTEC LIMITED,38.0,39.25,37.95,39.25,39.25,39.9,,39.25,,,50000,1903300.0,15,F1,2000,,,,,
2026-09-03,2026-09-03,CM,NSE,STK,21469,INE350C01017,OPTIEMUS,EQ,,,,,OPTIEMUS INFRACOM LTD,573.0,584.8,556.5,564.85,567.25,571.0,,564.9,,,174663,98625977.05,7931,F1,1,,,,,
2026-09-03,2026-09-03,CM,NSE,STK,764813,INE031G01022,OPTIFIN,EQ,,,,,OPTIMUS FINANCE LTD.,13.47,15.79,12.85,14.98,14.91,13.16,,14.99,,,353825,5288092.1,522,F1,1,,,,,
2026-09-03,2026-09-03,CM,NSE,STK,764528,INE1JZB01022,OPTIMYSTIX,SM,,,,,OPTIMYSTIX ENT INDIA LTD,144.1,148.7,140.35,144.6,146.0,147.9,,144.6,,,144800,20656680.0,104,F1,800,,,,,
2026-09-03,2026-09-03,CM,NSE,STK,758903,INE15B101011,OPTIVALUE,ST,,,,,OPTIVALUE TEK CONSULT LTD,167.0,167.5,164.9,165.8,166.0,168.0,,165.8,,,22400,3711440.0,12,F1,1600,,,,,
2026-09-03,2026-09-03,CM,NSE,STK,10738,INE881D01027,OFSS,EQ,,,,,ORACLE FIN SERV SOFT LTD.,12190.0,12227.0,12013.0,12149.0,12149.0,12158.0,,12148.89,,,217661,2636104385.0,35271,F1,1,,,,,
2026-09-03,2026-09-03,CM,NSE,STK,31479,INE231G01010,ORBTEXP,BE,,,,,ORBIT EXPORTS LIMITED,241.4,243.82,235.23,238.0,238.0,240.76,,238.0,,,824,197253.94,25,F1,1,,,,,
2026-09-03,2026-09-03,CM,NSE,STK,29492,INE215B01022,ORCHASP,EQ,,,,,ORCHASP LIMITED,1.45,1.45,1.38,1.41,1.42,1.4,,1.41,,,195516,277496.84,132,F1,1,,,,,
2026-09-03,2026-09-03,CM,NSE,STK,926,INE191A01027,ORCHPHARMA,EQ,,,,,ORCHID PHARMA LIMITED,936.0,954.75,931.1,934.65,942.0,938.05,,934.65,,,33332,31301747.2,2260,F1,1,,,,,
2026-09-03,2026-09-03,CM,NSE,STK,17882,INE0OUT01019,ORIANA,SM,,,,,ORIANA POWER LIMITED,1235.0,1253.5,1225.1,1239.7,1240.0,1221.9,,1239.7,,,31125,38633055.0,328,F1,75,,,,,
2026-09-03,2026-09-03,CM,NSE,STK,10159,INE730A01022,ORICONENT,EQ,,,,,ORICON ENTERPRISES LTD,54.2,54.7,52.5,52.99,53.14,54.2,,52.98,,,39578,2132379.25,650,F1,1,,,,,
2026-09-03,2026-09-03,CM,NSE,STK,14278,INE607D01018,ORIENTBELL,EQ,,,,,ORIENT BELL LIMITED,407.0,417.0,404.1,412.65,414.8,400.65,,412.63,,,68349,28160524.75,2820,F1,1,,,,,
2026-09-03,2026-09-03,CM,NSE,STK,30089,INE876N01018,ORIENTCEM,EQ,,,,,ORIENT CEMENT LTD.,128.0,129.49,127.75,128.48,128.25,127.7,,128.48,,,74110,9518457.61,1100,F1,1,,,,,
2026-09-03,2026-09-03,CM,NSE,STK,13111,INE569C01020,ORIENTCER,EQ,,,,,ORIENT CERATECH LIMITED,43.91,44.8,43.22,43.94,44.0,43.78,,43.94,,,100667,4434888.92,1551,F1,1,,,,,
2026-09-03,2026-09-03,CM,NSE,STK,2972,INE142Z01019,ORIENTELEC,EQ,,,,,ORIENT ELECTRIC LIMITED,179.55,180.5,177.1,178.15,178.24,179.35,,178.2,,,63982,11429976.89,1795,F1,1,,,,,
2026-09-03,2026-09-03,CM,NSE,STK,20110,INE999K01014,GREENPOWER,EQ,,,,,ORIENT GREEN POWER CO LTD,9.22,9.3,9.13,9.19,9.17,9.16,,9.19,,,1056207,9718650.17,3463,F1,1,,,,,
2026-09-03,2026-09-03,CM,NSE,STK,2493,INE750A01020,ORIENTHOT,EQ,,,,,ORIENT HOTELS LTD,140.6,142.35,140.11,141.96,141.9,141.32,,141.96,,,597733,84483996.13,2505,F1,1,,,,,
2026-09-03,2026-09-03,CM,NSE,STK,2496,INE592A01026,ORIENTPPR,EQ,,,,,ORIENT PAPER AND INDS LTD,16.8,17.45,16.65,17.13,17.13,16.65,,17.13,,,343727,5833526.22,1085,F1,1,,,,,
2026-09-03,2026-09-03,CM,NSE,STK,18211,INE609C01024,ORIENTLTD,BE,,,,,ORIENT PRESS LIMITED,80.1,83.78,80.07,83.77,83.72,82.5,,83.77,,,633,51012.42,20,F1,1,,,,,
2026-09-03,2026-09-03,CM,NSE,STK,24961,INE0PPK01015,ORIENTTECH,EQ,,,,,ORIENT TECHNOLOGIES LTD,237.1,242.0,237.1,238.75,239.9,236.36,,238.75,,,76716,18360171.08,2190,F1,1,,,,,
2026-09-03,2026-09-03,CM,NSE,STK,10768,INE959C01023,OAL,EQ,,,,,ORIENTAL AROMATICS LTD,463.9,503.7,460.0,502.3,503.7,457.95,,502.17,,,162215,79822000.45,4817,F1,1,,,,,
2026-09-03,2026-09-03,CM,NSE,STK,764818,INE457G01029,ORIRAIL,EQ,,,,,ORIENTAL RAIL INFRA L,126.4,127.7,123.0,125.72,125.9,125.37,,125.78,,,66688,8384643.23,891,F1,1,,,,,
2026-09-03,2026-09-03,CM,NSE,STK,14346,INE998H01012,ORIENTALTL,EQ,,,,,ORIENTAL TRIMEX LTD,4.98,5.11,4.94,5.02,4.99,4.98,,5.02,,,64115,321131.6,222,F1,1,,,,,
2026-09-03,2026-09-03,CM,NSE,STK,19931,INE725E01024,ORISSAMINE,EQ,,,,,ORISSA MIN DEV CO LTD,4305.0,4389.0,4263.0,4290.3,4272.0,4308.6,,4289.92,,,3888,16718843.7,1259,F1,1,,,,,
2026-09-03,2026-09-03,CM,NSE,STK,759569,INE16NZ01023,ORKLAINDIA,EQ,,,,,ORKLA INDIA LIMITED,587.55,596.45,583.8,588.5,592.0,590.9,,588.45,,,55776,33014450.55,4048,F1,1,,,,,
2026-09-03,2026-09-03,CM,NSE,STK,2979,INE749B01020,ORTINGLOBE,EQ,,,,,ORTIN GLOBAL LIMITED,15.05,15.77,15.0,15.02,15.02,15.43,,15.03,,,2598,39203.45,20,F1,1,,,,,
2026-09-03,2026-09-03,CM,NSE,STK,25386,INE0RMF01018,OSELDEVICE,SM,,,,,OSEL DEVICES LIMITED,375.0,397.0,364.2,383.9,383.5,363.55,,383.9,,,28800,11043220.0,121,F1,200,,,,,
2026-09-03,2026-09-03,CM,NSE,STK,12643,INE06IR01021,OSIAHYPER,BE,,,,,OSIA HYPER RETAIL LIMITED,2.46,2.5,2.41,2.48,2.48,2.46,,2.48,,,256528,630485.13,290,F1,1,,,,,
2026-09-03,2026-09-03,CM,NSE,STK,2514,INE142A01012,OSWALAGRO,EQ,,,,,OSWAL AGRO MILLS LTD,37.2,37.39,36.12,36.88,37.0,36.89,,36.88,,,19364,715248.42,141,F1,1,,,,,
2026-09-03,2026-09-03,CM,NSE,STK,471,INE143A01010,OSWALGREEN,EQ,,,,,OSWAL GREENTECH LIMITED,20.5,20.67,19.55,19.86,20.0,20.46,,19.87,,,165052,3301968.8,853,F1,1,,,,,
2026-09-03,2026-09-03,CM,NSE,STK,756802,INE0BYP01024,OSWALPUMPS,EQ,,,,,OSWAL PUMPS LIMITED,278.9,283.7,276.6,279.55,280.0,278.3,,279.55,,,587134,163962064.7,9612,F1,1,,,,,
2026-09-03,2026-09-03,CM,NSE,STK,22914,INE0R8M01017,OWAIS,ST,,,,,OWAIS METAL & MINERAL,84.0,84.0,80.8,80.8,80.8,82.4,,80.8,,,15200,1248680.0,75,F1,100,,,,,
2026-09-03,2026-09-03,CM,NSE,STK,765145,INE501F01018,PBMPOLY,EQ,,,,,P B M POLYTEX LTD.,59.26,60.2,58.21,58.67,59.3,59.26,,59.28,,,366,21588.59,23,F1,1,,,,,
2026-09-03,2026-09-03,CM,NSE,STK,25312,INE953R01016,PNGJL,EQ,,,,,P N GADGIL JEWELLERS LTD,602.0,602.5,588.0,591.25,590.0,592.1,,591.27,,,384815,227733771.2,17786,F1,1,,,,,
2026-09-03,2026-09-03,CM,NSE,STK,764845,INE035S01028,POEL,EQ,,,,,P O C L ENTERPRISES LTD.,147.56,149.68,143.26,144.2,143.53,144.62,,144.42,,,43386,6277607.94,495,F1,1,,,,,
2026-09-03,2026-09-03,CM,NSE,STK,29665,INE0XUS01020,PSRAJ,ST,,,,,P S RAJ STEELS LIMITED,78.0,80.0,78.0,80.0,80.0,76.35,,80.0,,,57500,4561625.0,23,F1,2500,,,,,
2026-09-03,2026-09-03,CM,NSE,STK,2535,INE179A01014,PGHH,EQ,,,,,P&G HYGIENE & HEALTH CARE,7762.5,7809.0,7700.0,7725.0,7730.0,7762.5,,7722.83,,,11212,86964002.5,3228,F1,1,,,,,
2026-09-03,2026-09-03,CM,NSE,STK,8735,INE0KN801013,PROPEQUITY,SM,,,,,P. E. ANALYTICS LIMITED,210.0,210.0,210.0,210.0,210.0,210.0,,210.0,,,1200,252000.0,2,F1,600,,,,,
2026-09-03,2026-09-03,CM,NSE,STK,759342,INE0S3G01027,PACEDIGITK,EQ,,,,,PACE DIGITEK LIMITED,165.15,168.89,165.15,166.23,166.3,164.88,,166.2,,,423368,70664026.31,6026,F1,1,,,,,
2026-09-03,2026-09-03,CM,NSE,STK,764823,INE883C01025,PACIFICI,EQ,,,,,PACIFIC INDUSTRIES LTD.,137.05,145.01,137.05,145.0,145.0,137.05,,144.89,,,503,70582.76,39,F1,1,,,,,
2026-09-03,2026-09-03,CM,NSE,STK,14413,INE761H01022,PAGEIND,EQ,,,,,PAGE INDUSTRIES LTD,36045.0,36320.0,35600.0,35865.0,35865.0,36200.0,,35865.0,,,37917,1366654975.0,14546,F1,1,,,,,
2026-09-03,2026-09-03,CM,NSE,STK,25468,INE420C01059,PAISALO,EQ,,,,,PAISALO DIGITAL LIMITED,67.11,70.9,66.45,70.28,70.8,66.52,,70.28,,,26082945,1815871719.2,47563,F1,1,,,,,
2026-09-03,2026-09-03,CM,NSE,STK,17197,INE551D01018,PAKKA,EQ,,,,,PAKKA LIMITED,76.5,78.63,72.73,73.64,73.75,75.8,,73.64,,,246145,18474641.21,4865,F1,1,,,,,
2026-09-03,2026-09-03,CM,NSE,STK,21383,INE471W01019,PALASHSECU,EQ,,,,,PALASH SECURITIES LTD,91.8,91.8,88.4,88.43,88.43,88.98,,88.96,,,285,25705.1,14,F1,1,,,,,
2026-09-03,2026-09-03,CM,NSE,STK,17059,INE218G01033,PALREDTEC,BE,,,,,PALRED TECHNOLOGIES LTD,52.8,55.0,50.66,53.2,53.2,52.8,,53.2,,,2033,108929.75,26,F1,1,,,,,
2026-09-03,2026-09-03,CM,NSE,STK,4055,INE922B01023,PANACEABIO,EQ,,,,,PANACEA BIOTEC LTD,383.8,394.0,383.45,389.05,390.05,382.35,,389.05,,,97503,38004337.75,3129,F1,1,,,,,
2026-09-03,2026-09-03,CM,NSE,STK,16355,INE895W01019,PANACHE,BE,,,,,PANACHE DIGILIFE LIMITED,525.0,525.0,514.55,525.0,525.0,525.05,,525.0,,,3633,1900480.25,52,F1,1,,,,,
2026-09-03,2026-09-03,CM,NSE,STK,25392,INE305C01029,PANAMAPET,EQ,,,,,PANAMA PETROCHEM LTD,491.05,492.8,481.05,484.55,485.0,489.75,,484.55,,,185627,90195974.45,5057,F1,1,,,,,
2026-09-03,2026-09-03,CM,NSE,STK,765140,INE258R01028,PANORAMA,EQ,,,,,PANORAMA STUDIOS INTL. L,41.11,47.5,41.1,45.83,45.3,41.59,,45.83,,,1367199,62045796.08,5246,F1,1,,,,,
2026-09-03,2026-09-03,CM,NSE,STK,6141,INE697V01011,PANSARI,EQ,,,,,PANSARI DEVELOPERS LTD,300.0,305.5,300.0,300.0,300.0,296.1,,300.0,,,69,20706.0,7,F1,1,,,,,
2026-09-03,2026-09-03,CM,NSE,STK,5631,INE04LG01015,PAR,EQ,,,,,PAR DRUGS AND CHEM LTD,175.0,180.0,155.1,164.95,163.3,168.25,,164.95,,,726345,121307983.4,14194,F1,1,,,,,
2026-09-03,2026-09-03,CM,NSE,STK,9741,INE088F01024,PARADEEP,EQ,,,,,PARADEEP PHOSPHATES LTD,157.4,158.49,152.31,153.53,153.65,156.19,,153.53,,,3920239,606133490.48,30848,F1,1,,,,,
2026-09-03,2026-09-03,CM,NSE,STK,17130,INE883N01014,PARAGMILK,EQ,,,,,PARAG MILK FOODS LTD.,256.0,259.5,252.0,254.2,254.0,254.9,,254.2,,,663361,169320349.45,9771,F1,1,,,,,
2026-09-03,2026-09-03,CM,NSE,STK,13951,INE074B01023,PARACABLES,EQ,,,,,PARAMOUNT COMM LTD,64.29,65.8,64.0,64.3,64.47,64.16,,64.3,,,961457,62307776.19,6205,F1,1,,,,,
2026-09-03,2026-09-03,CM,NSE,STK,25716,INE0TG801013,PARAMOUNT,SM,,,,,PARAMOUNT DYE TEC LIMITED,35.0,35.1,35.0,35.1,35.1,33.45,,35.1,,,8400,294720.0,7,F1,1200,,,,,
2026-09-03,2026-09-03,CM,NSE,STK,25431,INE0Q6001012,PSFL,SM,,,,,PARAMOUNT SPECIALI FORG L,33.0,33.0,32.0,33.0,33.0,32.0,,33.0,,,8000,262000.0,4,F1,2000,,,,,
2026-09-03,2026-09-03,CM,NSE,STK,5911,INE045601023,PARAS,EQ,,,,,PARAS DEF AND SPCE TECH L,1414.9,1451.8,1405.0,1411.5,1411.0,1413.1,,1411.52,,,770921,1103740990.9,34335,F1,1,,,,,
2026-09-03,2026-09-03,CM,NSE,STK,3972,INE162C01024,PARASPETRO,EQ,,,,,PARAS PETROFILS LTD.,2.15,2.21,2.04,2.13,2.13,2.11,,2.13,,,87917,187877.13,180,F1,1,,,,,
2026-09-03,2026-09-03,CM,NSE,STK,5460,INE00U801010,PARIN,SM,,,,,PARIN ENTERPRISES LIMITED,700.0,740.0,680.0,713.85,701.0,712.5,,713.85,,,38750,27419912.5,106,F1,250,,,,,
2026-09-03,2026-09-03,CM,NSE,STK,760351,INE119201023,PARKHOSPS,EQ,,,,,PARK MEDI WORLD LIMITED,278.95,293.05,277.3,286.7,285.55,276.75,,286.7,,,1466598,423455388.1,20153,F1,1,,,,,
2026-09-03,2026-09-03,CM,NSE,STK,22649,INE988S01028,PARKHOTELS,EQ,,,,,PARKHOTELS,114.4,114.4,112.05,113.14,113.25,114.05,,113.12,,,142078,16048300.63,1136,F1,1,,,,,
2026-09-03,2026-09-03,CM,NSE,STK,764833,INE383L01019,PARNAXLAB,EQ,,,,,PARNAX LAB LTD.,144.95,144.95,134.8,135.54,135.0,137.23,,135.15,,,7999,1099516.13,75,F1,1,,,,,
2026-09-03,2026-09-03,CM,NSE,STK,13795,INE561H01026,PARSVNATH,BE,,,,,PARSVNATH DEVELOPER LTD,1.54,1.54,1.54,1.54,1.54,1.51,,1.54,,,418224,644064.96,72,F1,1,,,,,
2026-09-03,2026-09-03,CM,NSE,STK,758217,INE1H7V01011,PARTH,SM,,,,,PARTH ELEC & ENG LTD,528.0,546.0,528.0,537.0,537.0,542.05,,537.0,,,15200,8177500.0,35,F1,400,,,,,
2026-09-03,2026-09-03,CM,NSE,STK,2599,INE06ZX01015,PARTYCRUS,SM,,,,,PARTY CRUISERS LIMITED,77.1,84.0,77.1,79.7,79.7,85.0,,79.7,,,5000,402600.0,5,F1,1000,,,,,
2026-09-03,2026-09-03,CM,NSE,STK,757955,INE124Y01028,PASHUPATI,EQ,,,,,PASHUPATI COTSPIN LIMITED,84.22,84.22,82.6,83.1,83.1,83.06,,83.1,,,9919,826429.46,658,F1,1,,,,,
2026-09-03,2026-09-03,CM,NSE,STK,6048,INE818B01023,PASUPTAC,BE,,,,,PASUPATI ACRYLON LIMITED,65.66,67.0,64.1,66.79,66.8,64.64,,66.8,,,173715,11408633.57,809,F1,1,,,,,
2026-09-03,2026-09-03,CM,NSE,STK,17029,INE619A01035,PATANJALI,EQ,,,,,PATANJALI FOODS LIMITED,347.0,347.15,340.3,342.9,342.9,345.0,,342.9,,,2236883,766772462.9,12819,F1,1,,,,,
2026-09-03,2026-09-03,CM,NSE,STK,11699,INE244B01030,PATELENG,EQ,,,,,PATEL ENGINEERING LTD.,26.9,27.48,26.9,27.11,27.1,26.86,,27.11,,,2145797,58421245.0,5904,F1,1,,,,,
2026-09-03,2026-09-03,CM,NSE,STK,15223,INE529D01014,PATINTLOG,BE,,,,,PATEL INT. LOG. LTD,12.87,13.75,12.87,13.41,13.54,13.3,,13.41,,,25622,344563.76,127,F1,1,,,,,
2026-09-03,2026-09-03,CM,NSE,STK,759439,INE0R8B01010,PATELRMART,EQ,,,,,PATEL RETAIL LIMITED,216.42,225.5,216.42,220.58,220.5,216.42,,220.34,,,49408,10924028.91,952,F1,1,,,,,
2026-09-03,2026-09-03,CM,NSE,STK,756963,INE17GV01016,PATILAUTOM,SM,,,,,PATIL AUTOMATION LIMITED,278.0,284.9,260.0,264.45,262.7,275.05,,264.45,,,49800,13510080.0,80,F1,600,,,,,
2026-09-03,2026-09-03,CM,NSE,STK,762834,INE291E01019,PML,EQ,,,,,PAUL MERCHANTS LTD.,481.0,504.0,475.0,493.95,500.8,483.85,,493.95,,,180,86418.3,37,F1,1,,,,,
2026-09-03,2026-09-03,CM,NSE,STK,759969,INE111F01024,PAUSHAKLTD,EQ,,,,,PAUSHAK LIMITED,800.0,826.75,788.3,806.15,813.0,785.7,,805.93,,,64991,52665112.65,4814,F1,1,,,,,
2026-09-03,2026-09-03,CM,NSE,STK,16192,INE07S101038,PAVNAIND,EQ,,,,,PAVNA INDUSTRIES LIMITED,17.5,17.9,16.67,16.87,17.0,17.23,,16.87,,,32064,548388.91,289,F1,1,,,,,
2026-09-03,2026-09-03,CM,NSE,STK,6656,INE417T01026,POLICYBZR,EQ,,,,,PB FINTECH LIMITED,1853.9,1870.0,1834.4,1870.0,1870.0,1851.9,,1869.79,,,826275,1527338561.8,33095,F1,1,,,,,
2026-09-03,2026-09-03,CM,NSE,STK,29124,INE785M01021,PCJEWELLER,EQ,,,,,PC JEWELLER LTD,10.23,10.79,10.17,10.52,10.45,10.18,,10.52,,,440757053,4644068584.3,107538,F1,1,,,,,
2026-09-03,2026-09-03,CM,NSE,STK,2649,INE602A01031,PCBL,EQ,,,,,PCBL CHEMICAL LIMITED,317.0,322.15,313.1,314.25,315.0,315.3,,314.25,,,585739,185819787.7,11591,F1,1,,,,,
2026-09-03,2026-09-03,CM,NSE,STK,761819,INE389Z07104,9PCPL28A,N0,,,,,PCPL 9% 2028,9713.0,9840.0,9713.0,9840.0,9840.0,9713.0,,9840.0,,,12,117278.0,6,F1,1,,,,,
2026-09-03,2026-09-03,CM,NSE,STK,5264,INE111Q01021,PDSL,EQ,,,,,PDS LIMITED,351.8,356.95,349.5,353.9,354.0,351.85,,353.9,,,364473,128394068.45,4685,F1,1,,,,,
2026-09-03,2026-09-03,CM,NSE,STK,14260,INE940H01022,PGIL,EQ,,,,,PEARL GLOBAL IND LIMITED,2357.3,2365.0,2281.0,2329.0,2327.0,2361.6,,2328.99,,,61694,142748320.9,9371,F1,1,,,,,
2026-09-03,2026-09-03,CM,NSE,STK,2610,INE844A01013,PEARLPOLY,EQ,,,,,PEARL POLYMERS LTD,15.5,15.69,15.06,15.29,15.48,15.25,,15.29,,,2625,40239.29,49,F1,1,,,,,
2026-09-03,2026-09-03,CM,NSE,STK,25408,INE0VG601013,PELATRO,SM,,,,,PELATRO LIMITED,355.0,371.0,355.0,364.0,364.0,354.5,,364.0,,,7500,2743335.0,18,F1,300,,,,,
2026-09-03,2026-09-03,CM,NSE,STK,5358,INE138A01028,PENINLAND,BE,,,,,PENINSULA LAND LIMITED,15.59,16.26,15.49,16.06,16.24,15.49,,16.06,,,183633,2944816.61,277,F1,1,,,,,
2026-09-03,2026-09-03,CM,NSE,STK,20621,INE932A01024,PENIND,EQ,,,,,PENNAR INDUSTRIES LTD,167.45,168.99,166.25,166.88,167.25,165.9,,166.88,,,242938,40646678.59,3201,F1,1,,,,,
2026-09-03,2026-09-03,CM,NSE,STK,17132,INE0ORS01017,PENTAGON,SM,,,,,PENTAGON RUBBER LIMITED,74.85,74.85,72.95,74.85,74.85,62.4,,74.85,,,32000,2389250.0,29,F1,1000,,,,,
2026-09-03,2026-09-03,CM,NSE,STK,764838,INE418E01018,PERMAGN,EQ,,,,,PERMANENT MAGNETS LTD.,870.1,897.9,870.1,876.6,875.05,871.55,,878.61,,,3619,3203749.5,240,F1,1,,,,,
2026-09-03,2026-09-03,CM,NSE,STK,18365,INE262H01021,PERSISTENT,EQ,,,,,PERSISTENT SYSTEMS LTD,5632.0,5668.0,5501.0,5657.0,5657.0,5690.0,,5656.72,,,501616,2812844824.0,41534,F1,1,,,,,
2026-09-03,2026-09-03,CM,NSE,STK,24290,INE998U01015,PCCL,SM,,,,,PETRO CARBON AND CHEMI L,425.0,444.0,414.0,440.55,443.0,416.85,,440.55,,,69600,29798020.0,126,F1,400,,,,,
2026-09-03,2026-09-03,CM,NSE,STK,11351,INE347G01014,PETRONET,EQ,,,,,PETRONET LNG LIMITED,289.2,293.2,289.2,289.5,289.5,289.2,,289.5,,,1768347,515642632.65,34040,F1,1,,,,,
2026-09-03,2026-09-03,CM,NSE,STK,760801,INE134E07DP0,7PFCL31,N3,,,,,PFCL 7.00% 2031 SR I,1000.0,1000.0,1000.0,1000.0,1000.0,1002.0,,1000.0,,,10,10000.0,1,F1,1,,,,,
2026-09-03,2026-09-03,CM,NSE,STK,2643,INE182A01018,PFIZER,EQ,,,,,PFIZER LTD,4680.0,4695.0,4601.0,4643.7,4640.0,4627.6,,4643.71,,,10609,49116297.4,2920,F1,1,,,,,
2026-09-03,2026-09-03,CM,NSE,STK,759564,INE140A07773,935PFL33,N3,,,,,PFL 9.35% SR IV 20233,1115.0,1115.0,1115.0,1115.0,1115.0,1095.03,,1115.0,,,9,10035.0,1,F1,1,,,,,
2026-09-03,2026-09-03,CM,NSE,STK,25358,INE457L01029,PGEL,EQ,,,,,PG ELECTROPLAST LTD,567.0,572.15,551.85,553.9,553.9,566.0,,553.95,,,1028501,574899482.75,24554,F1,1,,,,,
2026-09-03,2026-09-03,CM,NSE,STK,11612,INE0MLZ01019,PHANTOMFX,SM,,,,,PHANTOM DIGITAL EFF LTD,117.55,117.55,112.7,112.95,113.0,116.05,,112.95,,,39000,4447665.0,101,F1,300,,,,,
2026-09-03,2026-09-03,CM,NSE,STK,2658,INE245B01011,PHOENXINTL,EQ,,,,,PHOENIX INTERNATIONAL LTD,28.6,32.5,28.6,29.48,29.0,31.39,,29.48,,,3977,118011.87,56,F1,1,,,,,
2026-09-03,2026-09-03,CM,NSE,STK,25513,INE0FPO01018,PHOGLOBAL,SM,,,,,PHOENIX OVERSEAS LIMITED,15.55,15.55,14.25,14.25,14.25,14.2,,14.25,,,10000,147000.0,5,F1,2000,,,,,
2026-09-03,2026-09-03,CM,NSE,STK,759723,INE0LP301011,PWL,EQ,,,,,PHYSICSWALLAH LIMITED,116.99,121.25,115.51,120.6,121.0,115.47,,120.6,,,13968782,1667607077.7,51148,F1,1,,,,,
2026-09-03,2026-09-03,CM,NSE,STK,24184,INE603J01030,PIIND,EQ,,,,,PI INDUSTRIES LTD,2394.0,2430.4,2381.6,2419.9,2419.9,2393.0,,2419.7,,,143355,344701411.3,17827,F1,1,,,,,
2026-09-03,2026-09-03,CM,NSE,STK,757754,INE546C01010,PICCADIL,EQ,,,,,PICCADILY AGRO INDUSTRI L,627.7,631.4,609.4,620.5,620.2,622.25,,620.45,,,209272,129812918.95,9118,F1,1,,,,,
2026-09-03,2026-09-03,CM,NSE,STK,24785,INE0YAL01017,PPSL,SM,,,,,PICTUREPOST STUDIOS LTD,2.8,2.85,2.75,2.85,2.85,2.85,,2.85,,,186000,518100.0,44,F1,3000,,,,,
2026-09-03,2026-09-03,CM,NSE,STK,2664,INE318A01026,PIDILITIND,EQ,,,,,PIDILITE INDUSTRIES LTD,1633.0,1638.3,1621.2,1638.3,1638.3,1637.0,,1638.3,,,578059,942484638.3,20618,F1,1,,,,,
2026-09-03,2026-09-03,CM,NSE,STK,30835,INE600A01035,PILITA,EQ,,,,,PIL ITALICA LIFESTYLE LTD,8.14,8.14,7.7,7.95,7.96,7.95,,7.95,,,224313,1784241.31,127,F1,1,,,,,
2026-09-03,2026-09-03,CM,NSE,STK,11445,INE417C01014,PILANIINVS,EQ,,,,,PILANI INV & IND COR LTD,4340.0,4389.0,4302.8,4354.5,4302.8,4325.0,,4354.38,,,743,3236828.1,159,F1,1,,,,,
2026-09-03,2026-09-03,CM,NSE,STK,759820,INE15B701018,PINELABS,EQ,,,,,PINE LABS LIMITED,164.2,165.2,155.1,156.5,156.25,162.32,,156.5,,,17143077,2732149524.7,80531,F1,1,,,,,
2026-09-03,2026-09-03,CM,NSE,STK,13463,INE156C01018,PIONEEREMB,EQ,,,,,PIONEER EMBROIDERIES LTD,22.0,22.0,21.25,21.65,21.44,21.4,,21.64,,,18142,393561.51,99,F1,1,,,,,
2026-09-03,2026-09-03,CM,NSE,STK,762832,INE746D01014,PIONRINV,BE,,,,,PIONEER INVESTCORP LTD.,79.99,80.0,75.55,80.0,80.0,76.43,,82.0,,,1635,129266.22,24,F1,1,,,,,
2026-09-03,2026-09-03,CM,NSE,STK,759551,INE202B01038,PIRAMALFIN,EQ,,,,,PIRAMAL FINANCE LIMITED,2186.5,2262.0,2186.5,2232.9,2220.0,2186.5,,2232.92,,,342240,767537275.3,46842,F1,1,,,,,
2026-09-03,2026-09-03,CM,NSE,STK,11571,INE0DK501011,PPLPHARMA,EQ,,,,,PIRAMAL PHARMA LIMITED,214.93,216.9,211.81,214.49,214.26,213.78,,214.49,,,2539339,543738212.21,32487,F1,1,,,,,
2026-09-03,2026-09-03,CM,NSE,STK,14134,INE450D01021,PITTIENG,EQ,,,,,PITTI ENGINEERING LIMITED,1099.8,1117.6,1096.1,1105.1,1100.0,1093.0,,1105.1,,,71944,79761612.2,5673,F1,1,,,,,
2026-09-03,2026-09-03,CM,NSE,STK,9087,INE751B01018,PIXTRANS,EQ,,,,,PIX TRANSMISSIONS LIMITED,1767.1,1815.0,1767.1,1799.4,1789.0,1766.9,,1799.33,,,12213,21867111.0,1431,F1,1,,,,,
2026-09-03,2026-09-03,CM,NSE,STK,13920,INE083C01022,PLASTIBLEN,EQ,,,,,PLASTIBLENDS INDIA LTD,184.4,195.0,184.4,188.33,187.36,183.39,,188.39,,,53281,10155373.65,1250,F1,1,,,,,
2026-09-03,2026-09-03,CM,NSE,STK,22930,INE0PT501018,PLATIND,EQ,,,,,PLATINUM INDUSTRIES LTD,229.92,236.3,227.11,234.45,235.0,229.69,,234.46,,,80134,18576970.86,1708,F1,1,,,,,
2026-09-03,2026-09-03,CM,NSE,STK,19458,INE0INJ01017,PLAZACABLE,EQ,,,,,PLAZA WIRES LIMITED,61.74,64.5,60.0,62.62,62.0,61.8,,62.6,,,281811,17530336.38,2813,F1,1,,,,,
2026-09-03,2026-09-03,CM,NSE,STK,8736,INE859A01011,PNBGILTS,EQ,,,,,PNB GILTS LIMITED,78.99,79.99,77.96,78.63,79.43,78.19,,78.63,,,236635,18678314.73,1662,F1,1,,,,,
2026-09-03,2026-09-03,CM,NSE,STK,18908,INE572E01012,PNBHOUSING,EQ,,,,,PNB HOUSING FIN LTD.,1146.0,1157.9,1142.2,1145.5,1145.5,1141.0,,1145.5,,,405993,467283468.4,19878,F1,1,,,,,
2026-09-03,2026-09-03,CM,NSE,STK,9385,INE195J01029,PNCINFRA,EQ,,,,,PNC INFRATECH LTD.,180.88,185.59,180.8,182.97,182.95,180.89,,182.97,,,579884,106278512.17,11711,F1,1,,,,,
2026-09-03,2026-09-03,CM,NSE,STK,760242,INE1RDG01013,PNGSREVA,EQ,,,,,PNGS REVA DIAMOND JEWEL L,527.7,527.7,514.0,516.3,519.95,521.7,,516.27,,,54540,28286515.95,2025,F1,1,,,,,
2026-09-03,2026-09-03,CM,NSE,STK,19036,INE371C01013,PODDARMENT,EQ,,,,,PODDAR PIGMENTS LIMITED,250.1,257.4,250.1,255.6,253.7,253.9,,254.9,,,2257,572482.05,82,F1,1,,,,,
2026-09-03,2026-09-03,CM,NSE,STK,17651,INE637C01025,POKARNA,EQ,,,,,POKARNA LIMITED,841.45,846.9,825.5,831.4,829.0,839.35,,831.41,,,31919,26659608.95,1970,F1,1,,,,,
2026-09-03,2026-09-03,CM,NSE,STK,25718,INE205C01021,POLYMED,EQ,,,,,POLY MEDICURE LIMITED,1808.8,1808.8,1748.1,1768.7,1768.9,1783.8,,1768.71,,,142292,251991820.7,17935,F1,1,,,,,
2026-09-03,2026-09-03,CM,NSE,STK,9590,INE455K01017,POLYCAB,EQ,,,,,POLYCAB INDIA LIMITED,8879.5,8930.0,8787.0,8807.5,8807.5,8804.0,,8807.57,,,202650,1794081382.5,27588,F1,1,,,,,
2026-09-03,2026-09-03,CM,NSE,STK,2687,INE633B01018,POLYPLEX,EQ,,,,,POLYPLEX CORPORATION LTD,1195.0,1207.9,1190.4,1202.7,1203.0,1190.4,,1202.8,,,44615,53549866.9,3139,F1,1,,,,,
2026-09-03,2026-09-03,CM,NSE,STK,22711,INE517M01028,POLYSIL,SM,,,,,POLYSIL IRRIGATION SYST L,67.0,67.05,67.0,67.05,67.05,63.9,,67.05,,,81000,5431025.0,50,F1,500,,,,,
2026-09-03,2026-09-03,CM,NSE,STK,765150,INE914G01029,POLYSPIN,EQ,,,,,POLYSPIN EXPORTS LTD.,29.99,29.99,28.1,28.35,28.35,28.77,,29.14,,,1502,42393.86,9,F1,1,,,,,
2026-09-03,2026-09-03,CM,NSE,STK,14385,INE063E01061,POCL,EQ,,,,,PONDY OXIDES & CHEM LTD,480.0,485.2,472.9,476.1,475.9,479.2,,476.12,,,372437,177770466.4,7239,F1,1,,,,,
2026-09-03,2026-09-03,CM,NSE,STK,10661,INE838E01017,PONNIERODE,EQ,,,,,PONNIE SUGARS (ERODE) LTD,400.8,407.0,396.0,398.65,397.0,399.05,,398.61,,,24795,9961916.45,1640,F1,1,,,,,
2026-09-03,2026-09-03,CM,NSE,STK,11403,INE511C01022,POONAWALLA,EQ,,,,,POONAWALLA FINCORP LTD,462.5,467.35,458.35,465.1,467.05,459.65,,465.15,,,474848,219886512.3,13918,F1,1,,,,,
2026-09-03,2026-09-03,CM,NSE,STK,23142,INE772T01024,PVSL,EQ,,,,,POPULAR VEHICLES N SER L,101.11,105.25,99.0,103.54,104.8,102.39,,103.49,,,36902,3793300.43,1124,F1,1,,,,,
2026-09-03,2026-09-03,CM,NSE,STK,24864,INE0S3H01017,POSITRON,SM,,,,,POSITRON ENERGY LIMITED,165.65,171.8,165.65,171.0,171.8,170.05,,171.0,,,11700,1986000.0,24,F1,300,,,,,
2026-09-03,2026-09-03,CM,NSE,STK,14299,INE134E01011,PFC,EQ,,,,,POWER FIN CORP LTD.,349.2,351.75,343.3,345.5,345.5,346.5,,345.5,,,8643025,2996950658.75,63558,F1,1,,,,,
2026-09-03,2026-09-03,CM,NSE,STK,14977,INE752E01010,POWERGRID,EQ,,,,,POWER GRID CORP. LTD.,269.9,270.75,265.6,265.6,265.6,266.8,,265.54,,,9826724,2634031363.45,89161,F1,1,,,,,
2026-09-03,2026-09-03,CM,NSE,STK,15716,INE557Z01018,PIGL,EQ,,,,,POWER INSTRUMENT (G) LTD,98.61,104.0,98.61,99.83,101.0,99.28,,99.82,,,31832,3198019.0,596,F1,1,,,,,
2026-09-03,2026-09-03,CM,NSE,STK,10473,INE211R01019,POWERMECH,EQ,,,,,POWER MECH PROJECTS LTD.,2454.0,2481.8,2388.5,2399.8,2404.3,2440.0,,2400.15,,,51674,125302449.2,7868,F1,1,,,,,
2026-09-03,2026-09-03,CM,NSE,STK,3494,INE0GGX23010,PGINVIT,IV,,,,,POWERGRID INFRA. INVITS,100.26,100.6,100.0,100.5,100.6,100.07,,100.49,,,779136,78172788.93,4291,F1,1,,,,,
2026-09-03,2026-09-03,CM,NSE,STK,761680,INE921L01032,POWERICA,EQ,,,,,POWERICA LIMITED,501.8,518.4,495.0,512.95,513.0,494.55,,512.9,,,130051,66390644.55,4183,F1,1,,,,,
2026-09-03,2026-09-03,CM,NSE,STK,15213,INE095I01015,PPAP,BE,,,,,PPAP AUTOMOTIVE LIMITED,260.65,265.95,255.0,256.7,259.0,261.05,,257.35,,,11049,2853515.95,239,F1,1,,,,,
2026-09-03,2026-09-03,CM,NSE,STK,30134,INE0I0M01023,PRABHA,EQ,,,,,PRABHA ENERGY LIMITED,216.27,234.8,216.27,220.97,220.5,216.27,,221.02,,,664638,150630218.16,12013,F1,1,,,,,
2026-09-03,2026-09-03,CM,NSE,STK,762842,INE770A01010,PRADPME,BE,,,,,PRADEEP METALS LTD.,502.85,502.85,481.3,497.45,497.45,497.9,,496.95,,,6445,3177125.55,64,F1,1,,,,,
2026-09-03,2026-09-03,CM,NSE,STK,2705,INE074A01025,PRAJIND,EQ,,,,,PRAJ INDUSTRIES LTD,334.1,343.1,334.1,341.6,342.0,334.5,,341.64,,,444586,151272802.2,11500,F1,1,,,,,
2026-09-03,2026-09-03,CM,NSE,STK,13941,INE505C01016,PRAENG,EQ,,,,,PRAJAY ENG. SYN. LTD.,25.77,26.68,25.01,25.75,25.84,24.86,,25.75,,,460839,12003171.46,1118,F1,1,,,,,
2026-09-03,2026-09-03,CM,NSE,STK,2708,INE603A01013,PRAKASH,EQ,,,,,PRAKASH INDUSTRIES LTD,125.0,127.0,122.1,123.66,123.75,124.34,,123.65,,,394140,49027724.26,3480,F1,1,,,,,
2026-09-03,2026-09-03,CM,NSE,STK,10299,INE050001010,PPL,BE,,,,,PRAKASH PIPES LIMITED,256.0,260.3,255.0,257.4,258.25,257.1,,257.39,,,15676,4026960.25,230,F1,1,,,,,
2026-09-03,2026-09-03,CM,NSE,STK,19599,INE696K01024,PRAKASHSTL,EQ,,,,,PRAKASH STEELAGE LTD,3.87,3.88,3.63,3.65,3.65,3.8,,3.65,,,351711,1296323.65,660,F1,1,,,,,
2026-09-03,2026-09-03,CM,NSE,STK,18514,INE0O7A01017,PRAMARA,SM,,,,,PRAMARA PROMOTIONS LTD,103.45,111.0,101.25,103.25,102.0,105.45,,103.25,,,42500,4458425.0,65,F1,500,,,,,
2026-09-03,2026-09-03,CM,NSE,STK,765287,INE2JG601017,PRAMODINI,SM,,,,,PRAMODINI MEDICARE LTD,118.9,119.8,114.6,115.25,115.5,117.1,,115.25,,,45600,5282700.0,37,F1,1200,,,,,
2026-09-03,2026-09-03,CM,NSE,STK,21840,INE393P01035,DIAMONDYD,EQ,,,,,PRATAAP SNACKS LIMITED,1158.5,1163.8,1144.0,1159.8,1158.0,1155.2,,1159.79,,,22884,26463938.7,893,F1,1,,,,,
2026-09-03,2026-09-03,CM,NSE,STK,23113,INE0QA601016,PRATHAM,SM,,,,,PRATHAM EPC PROJECTS LTD,122.0,122.0,118.5,120.0,120.0,122.0,,120.0,,,3200,382400.0,5,F1,400,,,,,
2026-09-03,2026-09-03,CM,NSE,STK,762844,INE722B01019,PRAVEG,EQ,,,,,PRAVEG LTD.,263.4,264.15,259.0,260.4,264.0,260.85,,260.61,,,24422,6368217.7,951,F1,1,,,,,
2026-09-03,2026-09-03,CM,NSE,STK,1204,INE546Y01022,PRAXIS,EQ,,,,,PRAXIS HOME RETAIL LTD,4.45,4.52,4.32,4.43,4.43,4.46,,4.44,,,34644,152536.48,174,F1,1,,,,,
2026-09-03,2026-09-03,CM,NSE,STK,12603,INE484I01029,PRECAM,EQ,,,,,PRECISION CAMSHAFTS LTD.,123.33,126.0,121.5,122.1,122.01,122.87,,122.11,,,166301,20455036.03,2831,F1,1,,,,,
2026-09-03,2026-09-03,CM,NSE,STK,7963,INE0HKW01018,PRECISION,ST,,,,,PRECISION METALIKS LTD,6.5,6.5,6.45,6.45,6.45,6.75,,6.45,,,8000,51800.0,3,F1,2000,,,,,
2026-09-03,2026-09-03,CM,NSE,STK,2717,INE372C01037,PRECWIRE,EQ,,,,,PRECISION WIRES INDIA LTD,485.55,492.2,471.65,487.85,487.95,483.1,,487.87,,,632850,306504467.45,26241,F1,1,,,,,
2026-09-03,2026-09-03,CM,NSE,STK,2711,INE283A01014,PRECOT,EQ,,,,,PRECOT LIMITED,692.2,709.3,689.35,699.9,699.0,692.2,,699.9,,,4113,2875101.75,182,F1,1,,,,,
2026-09-03,2026-09-03,CM,NSE,STK,762849,INE001E01012,PREMCO,EQ,,,,,PREMCO GLOBAL LTD.,388.0,391.0,385.0,385.55,385.45,383.75,,385.68,,,528,205119.2,38,F1,1,,,,,
2026-09-03,2026-09-03,CM,NSE,STK,25049,INE0BS701011,PREMIERENE,EQ,,,,,PREMIER ENERGIES LIMITED,1004.8,1013.2,995.1,1008.0,1008.0,1000.0,,1007.95,,,543617,547160490.8,18604,F1,1,,,,,
2026-09-03,2026-09-03,CM,NSE,STK,17397,INE863B01029,PREMEXPLN,EQ,,,,,PREMIER EXPLOSIVES LTD,669.95,673.95,666.1,666.35,666.1,668.8,,666.35,,,124897,83459433.0,1721,F1,1,,,,,
2026-09-03,2026-09-03,CM,NSE,STK,6248,INE342A01018,PREMIER,BE,,,,,PREMIER LIMITED,2.82,2.89,2.63,2.64,2.63,2.76,,2.64,,,34991,94977.17,46,F1,1,,,,,
2026-09-03,2026-09-03,CM,NSE,STK,3908,INE309M01020,PREMIERPOL,EQ,,,,,PREMIER POLYFILM LTD,90.07,94.0,89.6,92.35,92.64,89.79,,92.35,,,242095,22181698.26,3468,F1,1,,,,,
2026-09-03,2026-09-03,CM,NSE,STK,23764,INE0CFG01012,PRLIND,SM,,,,,PREMIER ROADLINES LIMITED,42.0,43.0,38.5,38.85,38.5,41.5,,38.85,,,145000,5761050.0,104,F1,1000,,,,,
2026-09-03,2026-09-03,CM,NSE,STK,25898,INE0M1F01011,PREMIUM,SM,,,,,PREMIUM PLAST LIMITED,40.95,41.2,40.95,41.2,41.2,40.0,,41.2,,,9000,369450.0,3,F1,3000,,,,,
2026-09-03,2026-09-03,CM,NSE,STK,20498,INE0R1601012,PRESSTONIC,SM,,,,,PRESSTONIC ENGINEERING L,34.0,35.0,33.5,34.3,34.3,33.8,,34.3,,,10400,356080.0,12,F1,800,,,,,
2026-09-03,2026-09-03,CM,NSE,STK,20302,INE811K01011,PRESTIGE,EQ,,,,,PRESTIGE ESTATE LTD,1589.0,1641.4,1585.9,1615.2,1615.2,1582.0,,1615.21,,,918809,1493217848.0,23598,F1,1,,,,,
2026-09-03,2026-09-03,CM,NSE,STK,19631,INE726V01018,PRICOLLTD,EQ,,,,,PRICOL LIMITED,775.0,782.2,763.15,768.4,766.55,767.75,,768.36,,,188075,144962535.1,11504,F1,1,,,,,
2026-09-03,2026-09-03,CM,NSE,STK,759075,INE0CQA01020,PRIMECAB,ST,,,,,PRIME CABLE INDUSTRIES L,199.25,200.0,192.85,200.0,200.0,203.0,,200.0,,,33600,6605840.0,21,F1,1600,,,,,
2026-09-03,2026-09-03,CM,NSE,STK,13496,INE367G01038,PFOCUS,EQ,,,,,PRIME FOCUS LIMITED,286.9,294.0,280.35,291.65,290.95,280.35,,291.66,,,735719,213253813.3,17159,F1,1,,,,,
2026-09-03,2026-09-03,CM,NSE,STK,11864,INE032B01021,PRIMESECU,EQ,,,,,PRIME SECURITIES LIMITED,288.9,293.0,283.0,290.2,291.9,287.3,,290.22,,,94334,27292939.2,490,F1,1,,,,,
2026-09-03,2026-09-03,CM,NSE,STK,756925,INE607A01022,PRIMO,EQ,,,,,PRIMO CHEMICALS LIMITED,20.91,21.33,20.5,20.68,20.94,20.8,,20.75,,,118899,2482726.61,1177,F1,1,,,,,
2026-09-03,2026-09-03,CM,NSE,STK,16045,INE689W01016,PRINCEPIPE,EQ,,,,,PRINCE PIPES FITTINGS LTD,287.0,290.3,284.5,289.5,290.0,285.0,,289.5,,,108741,31242774.95,2168,F1,1,,,,,
2026-09-03,2026-09-03,CM,NSE,STK,2739,INE010A01011,PRSMJOHNSN,EQ,,,,,PRISM JOHNSON LIMITED,112.0,112.8,111.11,111.31,111.21,111.64,,111.33,,,332067,37074111.76,4003,F1,1,,,,,
2026-09-03,2026-09-03,CM,NSE,STK,765155,INE286N01028,PRISMX,EQ,,,,,PRISMX GLOBAL VENTURES L,0.52,0.56,0.51,0.52,0.53,0.51,,0.52,,,233973,123431.04,119,F1,1,,,,,
2026-09-03,2026-09-03,CM,NSE,STK,8310,INE974Z01015,PRITI,BE,,,,,PRITI INTERNATIONAL LTD,33.25,34.0,33.25,33.35,33.5,33.25,,33.35,,,2413,80604.98,48,F1,1,,,,,
2026-09-03,2026-09-03,CM,NSE,STK,5296,INE583R01029,PRITIKAUTO,BE,,,,,PRITIKA AUTO INDUS LTD,16.4,16.84,15.85,16.28,16.43,16.32,,16.31,,,193350,3118735.33,505,F1,1,,,,,
2026-09-03,2026-09-03,CM,NSE,STK,9342,INE392B01011,PNC,EQ,,,,,PRITISH NANDY COMMUNICATI,16.45,17.3,16.2,16.62,16.65,16.37,,16.62,,,9145,150993.35,164,F1,1,,,,,
2026-09-03,2026-09-03,CM,NSE,STK,8825,INE959A01019,PRIVISCL,EQ,,,,,PRIVI SPECIALITY CHE LTD,3334.7,3409.0,3312.6,3373.5,3366.5,3335.3,,3373.56,,,49616,167411160.9,9403,F1,1,,,,,
2026-09-03,2026-09-03,CM,NSE,STK,24511,INE0V9N01017,PRIZOR,ST,,,,,PRIZOR VIZTECH LIMITED,1172.0,1176.9,1153.85,1176.9,1176.9,1153.85,,1176.9,,,7600,8874660.0,19,F1,400,,,,,
2026-09-03,2026-09-03,CM,NSE,STK,757806,INE0VJT01017,PROFX,SM,,,,,PRO FX TECH LIMITED,76.1,76.1,76.1,76.1,76.1,76.8,,76.1,,,3200,243520.0,2,F1,1600,,,,,
2026-09-03,2026-09-03,CM,NSE,STK,940,INE199A01012,PGHL,EQ,,,,,PROCTER & GAMBLE HEALTH L,5680.0,5773.0,5646.0,5757.5,5761.0,5669.5,,5757.61,,,7533,43118018.0,2124,F1,1,,,,,
2026-09-03,2026-09-03,CM,NSE,STK,19352,INE994V01012,PROLIFE,SM,,,,,PROLIFE INDUSTRIES LTD,79.0,79.0,79.0,79.0,79.0,76.0,,79.0,,,1500,118500.0,3,F1,500,,,,,
2026-09-03,2026-09-03,CM,NSE,STK,764345,INE1FFX01018,PROPSHOP,SM,,,,,PROPSHOP EVENTS AND EXH L,69.5,70.0,68.0,69.6,68.0,68.45,,69.6,,,40000,2784500.0,13,F1,2000,,,,,
2026-09-03,2026-09-03,CM,NSE,STK,758173,INE0BX301013,PROSTARM,EQ,,,,,PROSTARM INFO SYSTEMS LTD,133.39,133.39,129.1,129.73,130.45,131.56,,129.76,,,113834,14913626.75,1755,F1,1,,,,,
2026-09-03,2026-09-03,CM,NSE,STK,29472,INE004A01022,PROTEAN,EQ,,,,,PROTEAN EGOV TECHNO LTD,500.0,504.75,493.0,494.8,494.6,497.65,,494.82,,,291982,145152076.15,7754,F1,1,,,,,
2026-09-03,2026-09-03,CM,NSE,STK,28859,INE195N01013,PROZONER,EQ,,,,,PROZONE REALTY LIMITED,46.0,47.99,45.41,46.42,46.89,46.49,,46.41,,,351890,16276065.12,1051,F1,1,,,,,
2026-09-03,2026-09-03,CM,NSE,STK,9553,INE00F201020,PRUDENT,EQ,,,,,PRUDENT CORP ADV SER LTD,3258.4,3365.0,3229.2,3328.5,3315.5,3237.4,,3328.96,,,18196,60385422.0,4307,F1,1,,,,,
2026-09-03,2026-09-03,CM,NSE,STK,20528,INE024D01016,PRUDMOULI,BE,,,,,PRUDENTIAL SUGAR CORPORAT,16.13,16.6,15.85,16.49,16.49,15.81,,16.27,,,4603,74821.14,36,F1,1,,,,,
2026-09-03,2026-09-03,CM,NSE,STK,20877,INE488V01015,PSPPROJECT,EQ,,,,,PSP PROJECTS LIMITED,865.0,877.75,856.0,861.95,862.0,858.0,,861.95,,,27031,23359104.7,1756,F1,1,,,,,
2026-09-03,2026-09-03,CM,NSE,STK,22602,INE560K01014,PFS,EQ,,,,,PTC INDIA FIN SERV LTD,27.05,27.4,27.05,27.11,27.1,27.12,,27.11,,,223924,6075346.32,1229,F1,1,,,,,
2026-09-03,2026-09-03,CM,NSE,STK,11355,INE877F01012,PTC,EQ,,,,,PTC INDIA LIMITED,156.0,157.0,154.6,155.25,155.25,155.44,,155.25,,,794952,123881719.66,10292,F1,1,,,,,
2026-09-03,2026-09-03,CM,NSE,STK,16682,INE596F01018,PTCIL,EQ,,,,,PTC INDUSTRIES LIMITED,22715.0,24000.0,22550.0,23820.0,23635.0,22715.0,,23821.56,,,80704,1893383490.0,26727,F1,1,,,,,
2026-09-03,2026-09-03,CM,NSE,STK,14101,INE034D01049,PTL,EQ,,,,,PTL ENTERPRISES LTD,38.96,38.99,38.0,38.22,38.29,38.45,,38.08,,,35615,1366096.16,828,F1,1,,,,,
2026-09-03,2026-09-03,CM,NSE,STK,15377,INE865T01018,PDMJEPAPER,EQ,,,,,PUDUMJEE PAPER PRO. LTD,91.17,96.18,90.06,94.57,95.5,90.92,,94.58,,,371788,34940394.9,3859,F1,1,,,,,
2026-09-03,2026-09-03,CM,NSE,STK,21001,INE608A01012,PSB,EQ,,,,,PUNJAB & SIND BANK,22.69,23.36,22.68,23.05,23.12,22.58,,23.05,,,3074473,71216734.61,7550,F1,1,,,,,
2026-09-03,2026-09-03,CM,NSE,STK,4344,INE277B01014,PUNJABCHEM,EQ,,,,,PUNJAB CHEM & CROP PROT L,1097.5,1127.0,1092.0,1097.0,1100.9,1093.4,,1096.42,,,4770,5261692.1,540,F1,1,,,,,
2026-09-03,2026-09-03,CM,NSE,STK,10666,INE160A01022,PNB,EQ,,,,,PUNJAB NATIONAL BANK,117.95,118.25,116.32,116.32,116.32,117.0,,116.32,,,11831844,1389026456.99,39016,F1,1,,,,,
2026-09-03,2026-09-03,CM,NSE,STK,14922,INE323I01011,PURVA,EQ,,,,,PURAVANKARA LIMITED,212.0,213.76,210.08,211.09,210.41,209.79,,211.09,,,101627,21493939.75,1698,F1,1,,,,,
2026-09-03,2026-09-03,CM,NSE,STK,28044,INE0P5R01014,PURPLEUTED,ST,,,,,PURPLE UNITED SALES LTD,400.0,407.0,390.0,396.65,393.0,405.7,,396.65,,,14500,5798375.0,51,F1,250,,,,,
2026-09-03,2026-09-03,CM,NSE,STK,22938,INE0R6C01012,PURVFLEXI,SM,,,,,PURV FLEXIPACK LIMITED,47.1,49.0,46.0,48.2,46.0,48.4,,48.2,,,26400,1268360.0,14,F1,800,,,,,
2026-09-03,2026-09-03,CM,NSE,STK,757683,INE154801018,PUSHPA,SM,,,,,PUSHPA JEWELLERS LIMITED,113.9,113.9,106.55,110.0,110.0,114.2,,110.0,,,31000,3427400.0,17,F1,1000,,,,,
2026-09-03,2026-09-03,CM,NSE,STK,4010,INE362A01016,PVP,EQ,,,,,PVP VENTURES LIMITED,59.61,64.9,59.44,64.9,64.9,61.81,,64.89,,,3406240,214835857.52,7071,F1,1,,,,,
2026-09-03,2026-09-03,CM,NSE,STK,13147,INE191H01014,PVRINOX,EQ,,,,,PVR INOX LIMITED,1220.0,1254.0,1209.6,1247.5,1244.0,1210.0,,1247.37,,,552239,681499499.7,33281,F1,1,,,,,
2026-09-03,2026-09-03,CM,NSE,STK,18250,INE0MIS01010,PYRAMID,EQ,,,,,PYRAMID TECHNOPLAST LTD,158.29,158.37,152.5,154.87,154.0,155.64,,154.81,,,205856,31746180.53,1815,F1,1,,,,,
2026-09-03,2026-09-03,CM,NSE,STK,763594,INE1G2W01011,QLINE,SM,,,,,Q-LINE BIOTECH LIMITED,626.0,659.75,622.0,637.6,641.0,619.55,,637.6,,,330000,211489520.0,638,F1,400,,,,,
2026-09-03,2026-09-03,CM,NSE,STK,751653,INE0FMW01018,QMSMEDI,BE,,,,,QMS MEDICAL ALLIED S LTD,163.98,163.98,158.5,159.07,159.0,158.33,,159.07,,,14022,2257241.79,113,F1,1,,,,,
2026-09-03,2026-09-03,CM,NSE,STK,29087,INE0LRY01011,QUADFUTURE,EQ,,,,,QUADRANT FUTURE TEK LTD,419.85,441.0,416.7,425.6,427.0,415.0,,425.65,,,715490,308081108.75,19986,F1,1,,,,,
2026-09-03,2026-09-03,CM,NSE,STK,14613,INE0O1M01015,QFIL,SM,,,,,QUALITY FOILS (INDIA) LTD,63.0,63.0,63.0,63.0,63.0,60.0,,63.0,,,2000,126000.0,2,F1,1000,,,,,
2026-09-03,2026-09-03,CM,NSE,STK,29711,INE0SII01026,QPOWER,EQ,,,,,QUALITY POWER ELEC EQUP L,1480.0,1494.5,1391.7,1424.1,1419.9,1455.6,,1424.09,,,345370,490624201.7,17323,F1,1,,,,,
2026-09-03,2026-09-03,CM,NSE,STK,15330,INF082J01408,QGOLDHALF,EQ,,,,,QUANTUM GOLD ETF,126.36,128.63,126.04,126.98,126.5,123.84,,126.88,,,94245,11942139.97,1198,F1,1,,,,,
2026-09-03,2026-09-03,CM,NSE,STK,16819,INF082J01499,QNIFTY,EQ,,,,,QUANTUM NIFTY 50 ETF,268.0,268.0,263.4,263.65,263.9,263.41,,263.67,,,1075,284027.45,105,F1,1,,,,,
2026-09-03,2026-09-03,CM,NSE,STK,765392,INF966L01EI5,SILVER001,EQ,,,,,QUANT_AMC - SILVER001,22.82,23.48,22.0,23.25,23.23,22.79,,23.25,,,32911,756113.03,93,F1,1,,,,,
2026-09-03,2026-09-03,CM,NSE,STK,17704,INE615P01015,QUESS,EQ,,,,,QUESS CORP LIMITED,380.0,383.8,362.1,366.55,368.0,379.25,,366.55,,,435377,160271835.85,15787,F1,1,,,,,
2026-09-03,2026-09-03,CM,NSE,STK,23793,INE0TNW01017,QUESTLAB,SM,,,,,QUEST LABORATORIES LTD,86.0,86.0,84.75,84.8,84.8,84.0,,84.8,,,3600,306660.0,3,F1,1200,,,,,
2026-09-03,2026-09-03,CM,NSE,STK,13131,INE306L01010,QUICKHEAL,BE,,,,,QUICK HEAL TECH LTD,136.25,140.2,135.0,137.14,137.49,137.96,,137.15,,,38972,5385683.48,535,F1,1,,,,,
2026-09-03,2026-09-03,CM,NSE,STK,15285,INE0K4D01020,QUICKTOUCH,SM,,,,,QUICKTOUCH TECHNOLOGIES L,15.5,15.5,15.25,15.25,15.25,15.5,,15.25,,,1500,23000.0,3,F1,500,,,,,
2026-09-03,2026-09-03,CM,NSE,STK,762854,INE641R01017,QUINT,EQ,,,,,QUINT DIGITAL LTD.,39.1,40.62,39.1,39.91,39.92,39.44,,39.91,,,1242,49329.56,52,F1,1,,,,,
2026-09-03,2026-09-03,CM,NSE,STK,24957,INE0KZF01015,QVCEL,SM,,,,,QVC EXPORTS LIMITED,24.75,24.75,24.75,24.75,24.75,23.75,,24.75,,,3200,79200.0,2,F1,1600,,,,,
2026-09-03,2026-09-03,CM,NSE,STK,23043,INE0NQ801033,RKSWAMY,EQ,,,,,R K SWAMY LIMITED,92.14,94.5,91.16,92.0,91.21,92.14,,92.08,,,9985,922596.34,421,F1,1,,,,,
2026-09-03,2026-09-03,CM,NSE,STK,757836,INE219Y01026,RMDRIP,BE,,,,,R M DRIP & SPRINK SYS LTD,21.0,21.74,21.0,21.0,21.0,21.06,,20.98,,,160333,3371803.69,463,F1,1,,,,,
2026-09-03,2026-09-03,CM,NSE,STK,762864,INE951M01037,RRIL,EQ,,,,,R R I L LTD.,16.56,17.0,16.5,16.71,16.75,16.64,,16.63,,,13765,230289.74,84,F1,1,,,,,
2026-09-03,2026-09-03,CM,NSE,STK,18566,INE777K01022,RRKABEL,EQ,,,,,R R KABEL LIMITED,2650.0,2685.9,2594.0,2617.7,2639.0,2630.4,,2617.74,,,686037,1800750859.3,54045,F1,1,,,,,
2026-09-03,2026-09-03,CM,NSE,STK,762872,INE616F01022,RSDFIN,BE,,,,,R S D FINANCE LTD.,95.5,100.13,91.82,100.11,100.13,95.37,,100.11,,,902,87680.02,21,F1,1,,,,,
2026-09-03,2026-09-03,CM,NSE,STK,13414,INE411H01032,RSYSTEMS,EQ,,,,,R SYS INTERNATIONAL LTD,254.0,257.0,251.16,252.64,253.33,253.96,,252.64,,,126707,32153468.23,2808,F1,1,,,,,
2026-09-03,2026-09-03,CM,NSE,STK,764855,INE005C01017,RTSPOWR,EQ,,,,,R T S POWER CORPN. LTD.,88.66,93.0,88.66,90.4,91.0,88.66,,90.55,,,934,83737.94,35,F1,1,,,,,
2026-09-03,2026-09-03,CM,NSE,STK,758981,INE012Q01039,RNBDENIMS,EQ,,,,,R&B DENIMS LIMITED,11.93,11.93,10.81,10.81,10.81,11.37,,10.81,,,3089346,35378841.44,2344,F1,1,,,,,
2026-09-03,2026-09-03,CM,NSE,STK,6429,INE165B01029,RSSOFTWARE,EQ,,,,,R. S. SOFTWARE (INDIA) LI,28.65,29.96,28.02,29.91,29.96,28.54,,29.87,,,39888,1174386.9,336,F1,1,,,,,
2026-09-03,2026-09-03,CM,NSE,STK,20760,INE324L01013,RPPINFRA,EQ,,,,,R.P.P INFRA PROJECTS LTD,55.43,56.78,54.95,55.04,54.95,55.57,,55.04,,,52388,2909914.81,662,F1,1,,,,,
2026-09-03,2026-09-03,CM,NSE,STK,762244,INE2PB023011,RIIT,IV,,,,,RAAJMARG INFRA INVEST T,122.0,122.0,120.81,121.4,121.49,121.48,,121.37,,,780815,94725649.02,7076,F1,1,,,,,
2026-09-03,2026-09-03,CM,NSE,STK,15391,INE084Q01012,RACE,EQ,,,,,RACE ECO CHAIN LIMITED,101.0,101.99,99.0,100.94,100.94,100.36,,100.94,,,53881,5386030.72,61,F1,1,,,,,
2026-09-03,2026-09-03,CM,NSE,STK,9854,INE02OY01016,RILINFRA,SM,,,,,RACHANA INFRA LTD,35.5,36.15,34.8,35.1,35.0,35.55,,35.1,,,7200,254815.0,39,F1,100,,,,,
2026-09-03,2026-09-03,CM,NSE,STK,27171,INE704B01017,RACLGEAR,EQ,,,,,RACL GEARTECH LIMITED,1517.0,1582.8,1517.0,1558.8,1562.0,1516.6,,1558.77,,,29137,45300092.0,3261,F1,1,,,,,
2026-09-03,2026-09-03,CM,NSE,STK,10932,INE874F01027,RADAAN,EQ,,,,,RADAAN MEDIAWORKS (I) LTD,2.88,3.0,2.87,2.89,2.87,2.88,,2.89,,,14626,42437.65,69,F1,1,,,,,
2026-09-03,2026-09-03,CM,NSE,STK,10343,INE583V01021,RADHIKAJWE,EQ,,,,,RADHIKA JEWELTECH LIMITED,70.5,73.89,70.1,71.32,71.8,71.6,,71.32,,,1363874,98621268.36,10172,F1,1,,,,,
2026-09-03,2026-09-03,CM,NSE,STK,13580,INE855R01021,RADIANTCMS,EQ,,,,,RADIANT CASH MGMT SER LTD,39.24,41.07,39.24,39.87,39.9,39.18,,39.87,,,472240,18959309.53,3558,F1,1,,,,,
2026-09-03,2026-09-03,CM,NSE,STK,10990,INE944F01028,RADICO,EQ,,,,,RADICO KHAITAN LTD,4489.0,4559.0,4442.5,4559.0,4559.0,4476.2,,4558.99,,,225508,1020426101.4,29173,F1,1,,,,,
2026-09-03,2026-09-03,CM,NSE,STK,23445,INE430U01019,RADIOWALLA,ST,,,,,RADIOWALLA NETWORK LTD,30.2,30.2,30.2,30.2,30.2,31.75,,30.2,,,6400,193280.0,4,F1,1600,,,,,
2026-09-03,2026-09-03,CM,NSE,STK,24735,INE912T01018,RPEL,EQ,,,,,RAGHAV PRODUCTIVITY ENH L,1791.9,1900.0,1779.0,1885.2,1889.7,1774.6,,1885.03,,,181647,338710483.9,16727,F1,1,,,,,
2026-09-03,2026-09-03,CM,NSE,STK,9552,INE415G01027,RVNL,EQ,,,,,RAIL VIKAS NIGAM LIMITED,207.2,211.52,207.2,209.3,209.3,206.0,,209.31,,,4061743,851300508.64,34827,F1,1,,,,,
2026-09-03,2026-09-03,CM,NSE,STK,2431,INE0DD101019,RAILTEL,EQ,,,,,RAILTEL CORP OF IND LTD,272.9,274.0,270.2,270.9,270.9,271.55,,270.9,,,342611,93180723.5,8670,F1,1,,,,,
2026-09-03,2026-09-03,CM,NSE,STK,15337,INE855B01025,RAIN,EQ,,,,,RAIN INDUSTRIES LIMITED,206.29,214.8,205.24,211.71,210.8,205.66,,211.72,,,5023422,1060923477.76,33247,F1,1,,,,,
2026-09-03,2026-09-03,CM,NSE,STK,9408,INE961O01016,RAINBOW,EQ,,,,,RAINBOW CHILDRENS MED LTD,1440.0,1454.9,1430.5,1440.8,1453.0,1433.0,,1440.81,,,105674,152326005.1,12426,F1,1,,,,,
2026-09-03,2026-09-03,CM,NSE,STK,359,INE294G01026,ROML,EQ,,,,,RAJ OIL MILLS LIMITED,42.23,43.24,42.13,42.35,43.23,42.13,,42.35,,,2992,126673.13,41,F1,1,,,,,
2026-09-03,2026-09-03,CM,NSE,STK,8428,INE533D01032,RAJRILTD,BE,,,,,RAJ RAYON INDUSTRIES LTD,22.79,22.79,21.99,22.32,22.34,22.43,,22.3,,,7620,169051.91,138,F1,1,,,,,
2026-09-03,2026-09-03,CM,NSE,STK,14403,INE952H01027,RAJTV,EQ,,,,,RAJ TV NETWORK LTD,8.49,9.25,8.49,8.49,8.49,8.93,,8.49,,,96443,818890.63,203,F1,1,,,,,
2026-09-03,2026-09-03,CM,NSE,STK,762859,INE296E01026,RAJPALAYAM,EQ,,,,,RAJAPALAYAM MILLS LTD.,805.0,810.0,795.0,799.7,796.1,794.1,,799.7,,,2451,1962764.3,48,F1,1,,,,,
2026-09-03,2026-09-03,CM,NSE,STK,181,INE610C01014,ARENTERP,EQ,,,,,RAJDARSHAN INDUSTRIES LTD,34.9,35.1,34.5,35.06,35.1,34.7,,35.06,,,635,22089.5,18,F1,1,,,,,
2026-09-03,2026-09-03,CM,NSE,STK,760461,INE343B01030,RAJESHEXPO,BZ,,,,,RAJESH EXPORTS LTD,80.5,83.46,80.0,83.46,83.46,79.49,,83.43,,,215145,17836911.57,1599,F1,1,,,,,
2026-09-03,2026-09-03,CM,NSE,STK,765445,INE0BZQ20011,RCDL-RE,ST,,,,,RAJGOR CAST DERIVATI LTD,1.8,2.1,1.8,2.1,2.1,1.75,,2.1,,,402000,840750.0,67,F1,3000,,,,,
2026-09-03,2026-09-03,CM,NSE,STK,19681,INE0BZQ01011,RCDL,SM,,,,,RAJGOR CASTOR DERIVATI L,15.0,16.0,14.55,15.65,15.6,14.55,,15.65,,,87000,1364700.0,26,F1,3000,,,,,
2026-09-03,2026-09-03,CM,NSE,STK,2168,INE00KV01022,RAJMET,EQ,,,,,RAJNANDINI METAL LIMITED,3.07,3.13,3.07,3.11,3.12,3.1,,3.11,,,209644,650932.99,567,F1,1,,,,,
2026-09-03,2026-09-03,CM,NSE,STK,757052,INE535F01024,RAJOOENG,BE,,,,,RAJOO ENGINEERS LIMITED,49.0,49.5,47.65,49.14,49.25,48.67,,49.12,,,164514,8056445.66,528,F1,1,,,,,
2026-09-03,2026-09-03,CM,NSE,STK,27269,INE0VHU01019,RAJPUTANA,SM,,,,,RAJPUTANA BIODIESEL LTD,233.05,234.0,214.05,216.55,220.0,238.5,,216.55,,,47500,10552500.0,75,F1,500,,,,,
2026-09-03,2026-09-03,CM,NSE,STK,24707,INE0PCU01012,RAJINDLTD,SM,,,,,RAJPUTANA INDUSTRIES LTD,65.0,65.4,63.55,63.55,63.55,63.0,,63.55,,,7500,481575.0,5,F1,1500,,,,,
2026-09-03,2026-09-03,CM,NSE,STK,761439,INE313L01016,RSL,EQ,,,,,RAJPUTANA STAINLESS LTD,180.0,182.14,179.49,181.56,181.9,178.98,,181.56,,,366889,66274923.22,3454,F1,1,,,,,
2026-09-03,2026-09-03,CM,NSE,STK,18962,INE451D01029,RAJRATAN,EQ,,,,,RAJRATAN GLOBAL WIRE LTD,495.0,508.0,491.0,495.1,494.35,490.45,,495.15,,,100819,50390706.5,5537,F1,1,,,,,
2026-09-03,2026-09-03,CM,NSE,STK,6915,INE760W01023,RPPL,BE,,,,,RAJSHREE POLYPACK LTD,23.1,23.3,22.4,22.57,22.5,22.89,,22.57,,,33159,749796.84,97,F1,1,,,,,
2026-09-03,2026-09-03,CM,NSE,STK,2809,INE562B01019,RAJSREESUG,EQ,,,,,RAJSHREE SUGAR & CHEMICAL,35.55,36.85,35.55,36.43,36.22,35.55,,36.43,,,32654,1191034.4,356,F1,1,,,,,
2026-09-03,2026-09-03,CM,NSE,STK,2816,INE613A01020,RALLIS,EQ,,,,,RALLIS INDIA LTD,210.1,213.0,207.3,209.83,209.7,209.5,,209.83,,,501264,105136731.3,11029,F1,1,,,,,
2026-09-03,2026-09-03,CM,NSE,STK,10485,INE207E01023,RAMRAT,EQ,,,,,RAM RATNA WIRES LIMITED,545.0,566.75,537.85,560.8,560.0,535.1,,560.85,,,554324,307787506.15,23164,F1,1,,,,,
2026-09-03,2026-09-03,CM,NSE,STK,10568,INE809A01032,RAMAPHO,EQ,,,,,RAMA PHOSPHATES LIMITED,124.86,126.88,122.81,124.01,125.0,122.93,,124.01,,,22471,2806219.61,410,F1,1,,,,,
2026-09-03,2026-09-03,CM,NSE,STK,10304,INE230R01035,RAMASTEEL,BE,,,,,RAMA STEEL TUBES LIMITED,4.1,4.1,4.09,4.09,4.09,4.17,,4.08,,,1822095,7464097.13,2336,F1,1,,,,,
2026-09-03,2026-09-03,CM,NSE,STK,4587,INE614A01028,RAMCOIND,EQ,,,,,RAMCO INDUSTRIES LIMITED,319.1,324.9,319.05,324.0,322.5,319.5,,323.99,,,111578,35961861.75,2477,F1,1,,,,,
2026-09-03,2026-09-03,CM,NSE,STK,7851,INE246B01019,RAMCOSYS,EQ,,,,,RAMCO SYSTEMS LTD.,583.1,592.0,580.05,586.55,587.0,579.0,,586.54,,,65997,38722100.15,2618,F1,1,,,,,
2026-09-03,2026-09-03,CM,NSE,STK,23565,INE0RJH01010,RBS,SM,,,,,RAMDEVBABA SOLVENT LTD,88.5,88.5,88.5,88.5,88.5,88.5,,88.5,,,1600,141600.0,2,F1,800,,,,,
2026-09-03,2026-09-03,CM,NSE,STK,11411,INE399G01023,RKFORGE,EQ,,,,,RAMKRISHNA FORGINGS LTD,731.2,742.5,722.65,726.85,726.9,726.1,,726.85,,,443737,324533963.8,15395,F1,1,,,,,
2026-09-03,2026-09-03,CM,NSE,STK,20134,INE874I01013,RAMKY,EQ,,,,,RAMKY INFRA LTD,343.0,358.0,339.55,351.35,349.3,340.85,,351.39,,,70323,24547647.95,3421,F1,1,,,,,
2026-09-03,2026-09-03,CM,NSE,STK,2837,INE625B01014,RANASUG,EQ,,,,,RANA SUGARS LTD.,15.08,15.75,14.91,15.15,14.91,14.9,,15.15,,,467741,7132909.44,1710,F1,1,,,,,
2026-09-03,2026-09-03,CM,NSE,STK,11975,INE050H01012,RML,EQ,,,,,RANE (MADRAS) LIMITED,1106.5,1131.9,1106.5,1127.4,1130.0,1103.7,,1127.41,,,11830,13260651.7,1281,F1,1,,,,,
2026-09-03,2026-09-03,CM,NSE,STK,2844,INE384A01010,RANEHOLDIN,EQ,,,,,RANE HOLDINGS LIMITED,1606.0,1666.3,1606.0,1635.3,1632.0,1605.2,,1635.21,,,13595,22399805.9,2364,F1,1,,,,,
2026-09-03,2026-09-03,CM,NSE,STK,30460,INE0QX901013,RAPIDFLEET,SM,,,,,RAPID FLEET MGT SERVICE L,232.1,234.55,232.0,232.0,232.0,230.0,,232.0,,,12600,2935590.0,18,F1,600,,,,,
2026-09-03,2026-09-03,CM,NSE,STK,25610,INE0MVO01012,RAPPID,SM,,,,,RAPPID VALVES (INDIA) LTD,305.0,314.0,305.0,309.5,314.0,304.7,,309.5,,,1200,371400.0,2,F1,600,,,,,
2026-09-03,2026-09-03,CM,NSE,STK,22670,INE0J1F01024,RPTECH,EQ,,,,,RASHI PERIPHERALS LIMITED,809.0,819.8,805.05,815.65,812.0,806.1,,815.62,,,130126,105732385.0,7105,F1,1,,,,,
2026-09-03,2026-09-03,CM,NSE,STK,2866,INE027A01015,RCF,EQ,,,,,RASHTRIYA CHEMICALS & FER,114.27,116.34,114.21,114.52,114.51,113.94,,114.52,,,1100137,126621327.39,10523,F1,1,,,,,
2026-09-03,2026-09-03,CM,NSE,STK,7177,INE0CLI01024,RATEGAIN,EQ,,,,,RATEGAIN TRAVEL TECHN LTD,883.85,889.0,854.55,869.75,874.8,875.35,,869.76,,,544026,472347544.95,24722,F1,1,,,,,
2026-09-03,2026-09-03,CM,NSE,STK,13451,INE703B01027,RATNAMANI,EQ,,,,,RATNAMANI MET & TUB LTD.,2621.3,2719.0,2591.6,2669.7,2674.2,2634.3,,2669.58,,,51290,136538991.9,10759,F1,1,,,,,
2026-09-03,2026-09-03,CM,NSE,STK,18423,INE05CZ01011,RATNAVEER,EQ,,,,,RATNAVEER PRECISION ENG L,288.0,296.0,280.15,286.1,288.0,286.15,,286.12,,,3090058,888506286.05,16532,F1,1,,,,,
2026-09-03,2026-09-03,CM,NSE,STK,765490,INE05CZ20011,RATNA-RE,BE,,,,,RATNAVEER PRECISION LTD,9.9,9.9,9.9,9.9,9.9,16.45,,9.9,,,213636,2114996.4,1453,F1,1,,,,,
2026-09-03,2026-09-03,CM,NSE,STK,27297,INE834M01019,RTNINDIA,EQ,,,,,RATTANINDIA ENT LIMITED,29.66,29.9,27.21,27.43,27.65,29.59,,27.43,,,7638164,213184194.65,22414,F1,1,,,,,
2026-09-03,2026-09-03,CM,NSE,STK,17520,INE399K01017,RTNPOWER,EQ,,,,,RATTANINDIA POWER LIMITED,7.45,7.54,7.2,7.24,7.27,7.39,,7.24,,,29370107,214338518.37,22962,F1,1,,,,,
2026-09-03,2026-09-03,CM,NSE,STK,20950,INE722J01012,RKDL,EQ,,,,,RAVI KUMAR DIST. LTD.,18.74,18.74,18.04,18.32,18.39,18.25,,18.32,,,5837,106413.33,73,F1,1,,,,,
2026-09-03,2026-09-03,CM,NSE,STK,1565,INE09E501017,RVHL,EQ,,,,,RAVINDER HEIGHTS LIMITED,40.8,41.24,38.56,39.09,39.0,39.28,,39.09,,,9326,375546.17,104,F1,1,,,,,
2026-09-03,2026-09-03,CM,NSE,STK,24596,INE206N01018,RELTD,EQ,,,,,RAVINDRA ENERGY LIMITED,152.13,161.81,152.13,159.15,159.0,152.13,,159.07,,,253721,40464083.46,5322,F1,1,,,,,
2026-09-03,2026-09-03,CM,NSE,STK,25073,INE02ID01020,RAYMONDLSL,EQ,,,,,RAYMOND LIFESTYLE LIMITED,656.45,666.4,644.45,647.85,647.35,650.3,,647.92,,,342390,223446483.45,21132,F1,1,,,,,
2026-09-03,2026-09-03,CM,NSE,STK,2859,INE301A01014,RAYMOND,EQ,,,,,RAYMOND LTD,672.2,765.0,672.2,757.9,753.8,667.25,,757.89,,,16593917,12440497527.75,299719,F1,1,,,,,
2026-09-03,2026-09-03,CM,NSE,STK,758551,INE1SY401010,RAYMONDREL,EQ,,,,,RAYMOND REALTY LIMITED,511.4,538.95,511.4,536.75,538.5,506.05,,536.74,,,844427,446735891.1,19153,F1,1,,,,,
2026-09-03,2026-09-03,CM,NSE,STK,18391,INE976G01028,RBLBANK,EQ,,,,,RBL BANK LIMITED,397.05,410.7,395.65,408.1,408.1,389.4,,408.1,,,19862463,8055548336.05,197770,F1,1,,,,,
2026-09-03,2026-09-03,CM,NSE,STK,13570,INE0NA301016,RBMINFRA,SM,,,,,RBM INFRACON LIMITED,243.0,250.0,243.0,244.4,244.0,242.75,,244.4,,,12000,2950690.0,52,F1,200,,,,,
2026-09-03,2026-09-03,CM,NSE,STK,20874,INE0PEQ01016,RBZJEWEL,EQ,,,,,RBZ JEWELLERS LIMITED,165.0,193.76,160.0,191.68,193.76,161.47,,191.72,,,11694931,2128875379.61,93743,F1,1,,,,,
2026-09-03,2026-09-03,CM,NSE,STK,764850,INE0AK901016,RRECL,EQ,,,,,RDB REAL ESTATE CONS L,138.5,145.6,130.0,138.37,138.0,138.85,,137.03,,,3378,452432.27,54,F1,1,,,,,
2026-09-03,2026-09-03,CM,NSE,STK,29561,INE10QL01011,READYMIX,SM,,,,,READYMIX CONSTRU MACHI L,78.65,82.0,76.3,78.2,76.3,78.65,,78.2,,,23000,1818000.0,23,F1,1000,,,,,
2026-09-03,2026-09-03,CM,NSE,STK,15355,INE020B01018,RECLTD,EQ,,,,,REC LIMITED,318.0,320.7,312.2,313.6,313.6,316.45,,313.6,,,4295735,1357565124.65,28110,F1,1,,,,,
2026-09-03,2026-09-03,CM,NSE,STK,14255,INE891D01026,REDINGTON,EQ,,,,,REDINGTON LIMITED,368.9,376.65,364.6,372.45,373.55,363.2,,372.45,,,9042679,3349579998.25,129578,F1,1,,,,,
2026-09-03,2026-09-03,CM,NSE,STK,17859,INE0LXT01019,REDTAPE,EQ,,,,,REDTAPE LIMITED,119.3,120.0,117.2,117.48,117.7,118.99,,117.48,,,403601,47618312.07,6272,F1,1,,,,,
2026-09-03,2026-09-03,CM,NSE,STK,17764,INE056I01025,REFEX,EQ,,,,,REFEX INDUSTRIES LIMITED,278.0,284.0,276.2,279.25,279.2,277.45,,279.24,,,138840,38730481.4,3318,F1,1,,,,,
2026-09-03,2026-09-03,CM,NSE,STK,23718,INE0TNX01015,REFRACTORY,SM,,,,,REFRACTORY SHAPES LIMITED,25.5,25.5,25.5,25.5,25.5,26.5,,25.5,,,1000,25500.0,1,F1,1000,,,,,
2026-09-03,2026-09-03,CM,NSE,STK,758680,INE0MHO01029,REGAAL,EQ,,,,,REGAAL RESOURCES LIMITED,91.7,91.7,88.5,89.17,89.0,90.78,,89.17,,,111350,9997155.02,1014,F1,1,,,,,
2026-09-03,2026-09-03,CM,NSE,STK,4130,INE277C01012,REGENCERAM,EQ,,,,,REGENCY CERAMICS LTD.,36.8,36.8,35.0,36.47,36.5,35.24,,36.47,,,6503,236855.3,48,F1,1,,,,,
2026-09-03,2026-09-03,CM,NSE,STK,24225,INE131B01039,RELAXO,EQ,,,,,RELAXO FOOT LTD.,346.4,350.25,342.15,343.95,345.95,346.4,,343.95,,,85583,29565009.45,4663,F1,1,,,,,
2026-09-03,2026-09-03,CM,NSE,STK,3172,INF204KC1030,GILT5YBEES,EQ,,,,,RELCAPAMC - NETFGILT5Y,66.24,66.33,66.1,66.23,66.27,66.09,,66.23,,,161269,10684518.43,433,F1,1,,,,,
2026-09-03,2026-09-03,CM,NSE,STK,24378,INE375Y01018,RELIABLE,EQ,,,,,RELIABLE DATA SERVICE LTD,140.0,142.0,137.97,141.26,139.65,138.74,,141.38,,,29075,4093833.86,1611,F1,1,,,,,
2026-09-03,2026-09-03,CM,NSE,STK,9652,INE750D01016,RELCHEMQ,EQ,,,,,RELIANCE CHEMOTEX IND LTD,114.89,117.4,111.99,116.77,117.0,111.7,,116.16,,,2007,230223.3,106,F1,1,,,,,
2026-09-03,2026-09-03,CM,NSE,STK,13188,INE330H01018,RCOM,BE,,,,,RELIANCE COMMUNICATIONS L,0.8,0.8,0.79,0.79,0.8,0.79,,0.79,,,1413315,1123646.21,1457,F1,1,,,,,
2026-09-03,2026-09-03,CM,NSE,STK,759204,INE217K01011,RHFL,BZ,,,,,RELIANCE HOME FINANCE LTD,1.75,1.8,1.72,1.79,1.8,1.75,,1.79,,,416348,739242.57,754,F1,1,,,,,
2026-09-03,2026-09-03,CM,NSE,STK,2912,INE046A01015,RIIL,EQ,,,,,RELIANCE INDUSTRIAL INFRA,749.95,765.0,747.0,752.95,753.5,743.75,,752.95,,,43791,32992431.95,2130,F1,1,,,,,
2026-09-03,2026-09-03,CM,NSE,STK,2885,INE002A01018,RELIANCE,EQ,,,,,RELIANCE INDUSTRIES LTD,1313.1,1316.8,1302.5,1302.5,1302.5,1313.1,,1302.27,,,9721454,12722456176.5,158231,F1,1,,,,,
2026-09-03,2026-09-03,CM,NSE,STK,4791,INE036A01016,RELINFRA,BE,,,,,RELIANCE INFRASTRUCTU LTD,55.91,56.47,55.91,55.91,55.91,57.05,,55.91,,,381075,21340213.38,1863,F1,1,,,,,
2026-09-03,2026-09-03,CM,NSE,STK,15259,INE614G01033,RPOWER,EQ,,,,,RELIANCE POWER LTD.,22.16,22.51,21.97,22.03,22.1,22.05,,22.03,,,10995033,243732281.02,24107,F1,1,,,,,
2026-09-03,2026-09-03,CM,NSE,STK,765330,INF205KA1CB9,IVZBANKNF,EQ,,,,,RELIGARAMC - IVZBANKNF,57.68,57.68,57.34,57.42,57.42,57.0,,57.42,,,388,22270.52,6,F1,1,,,,,
2026-09-03,2026-09-03,CM,NSE,STK,765327,INF205KA1CA1,IVZSENSEX,EQ,,,,,RELIGARAMC - IVZSENSEX,78.16,78.16,76.54,76.63,76.63,76.57,,77.09,,,243,18638.67,10,F1,1,,,,,
2026-09-03,2026-09-03,CM,NSE,STK,15068,INE621H01010,RELIGARE,EQ,,,,,RELIGARE ENTER. LTD.,248.99,255.46,247.61,251.89,250.25,248.06,,251.89,,,849016,214213548.49,22774,F1,1,,,,,
2026-09-03,2026-09-03,CM,NSE,STK,3965,INE474C01023,REMSONSIND,EQ,,,,,REMSONS INDUSTRIES LTD,95.99,96.36,90.2,95.05,94.1,94.88,,95.05,,,114091,10691940.42,3249,F1,1,,,,,
2026-09-03,2026-09-03,CM,NSE,STK,16154,INE0O5T01011,REMUS,SM,,,,,REMUS PHARMACEUTICALS L,903.0,921.95,891.0,894.1,891.0,885.3,,894.1,,,8600,7792770.0,63,F1,100,,,,,
2026-09-03,2026-09-03,CM,NSE,STK,15129,INE722H01024,RGL,EQ,,,,,RENAISSANCE GLOBAL LTD,138.0,139.93,136.41,137.12,137.45,137.79,,137.12,,,293143,40499301.29,3213,F1,1,,,,,
2026-09-03,2026-09-03,CM,NSE,STK,758157,INE0VZX01015,RNPL,SM,,,,,RENOL POLYCHEM LIMITED,80.0,82.0,80.0,81.5,81.5,79.9,,81.5,,,8400,682800.0,6,F1,1200,,,,,
2026-09-03,2026-09-03,CM,NSE,STK,29598,INE612J01015,REPCOHOME,EQ,,,,,REPCO HOME FINANCE LTD,361.0,368.0,354.0,355.75,354.95,359.6,,355.74,,,119019,42856053.6,1771,F1,1,,,,,
2026-09-03,2026-09-03,CM,NSE,STK,13126,INE461B01014,REPRO,EQ,,,,,REPRO INDIA LIMITED,316.4,329.45,316.4,323.15,322.25,318.4,,323.15,,,8276,2682476.7,449,F1,1,,,,,
2026-09-03,2026-09-03,CM,NSE,STK,20323,INE688D01026,RESPONIND,EQ,,,,,RESPONSIVE INDUSTRIES LTD,150.09,154.54,150.09,151.87,151.46,150.47,,151.87,,,66556,10132181.88,1636,F1,1,,,,,
2026-09-03,2026-09-03,CM,NSE,STK,1494,INE07T201019,RBA,EQ,,,,,RESTAURANT BRAND ASIA LTD,98.32,99.56,97.5,97.89,98.2,97.75,,97.89,,,1587659,156056416.89,7452,F1,1,,,,,
2026-09-03,2026-09-03,CM,NSE,STK,25157,INE0DAB01012,RVTH,EQ,,,,,REVATHI EQUIPMENT INDIA L,720.15,739.1,715.15,729.05,729.05,723.85,,729.05,,,207,149708.55,33,F1,1,,,,,
2026-09-03,2026-09-03,CM,NSE,STK,29270,INE113601012,REXPRO,SM,,,,,REXPRO ENTERPRISES LTD,39.4,39.4,39.4,39.4,39.4,37.55,,39.4,,,1000,39400.0,1,F1,1000,,,,,
2026-09-03,2026-09-03,CM,NSE,STK,763468,INE0V2V01015,RFBL,ST,,,,,RFBL FLEXI PACK LIMITED,84.0,85.35,84.0,84.65,85.35,86.2,,84.65,,,6000,508050.0,2,F1,3000,,,,,
2026-09-03,2026-09-03,CM,NSE,STK,759062,INE0KKN01029,RHETAN,EQ,,,,,RHETAN TMT LIMITED,23.12,23.12,23.11,23.11,23.12,21.02,,23.11,,,10526861,243359876.37,4782,F1,1,,,,,
2026-09-03,2026-09-03,CM,NSE,STK,31163,INE743M01012,RHIM,EQ,,,,,RHI MAGNESITA INDIA LTD,371.0,374.0,368.15,369.75,370.0,370.5,,369.75,,,141692,52602739.75,5458,F1,1,,,,,
2026-09-03,2026-09-03,CM,NSE,STK,8212,INE0J1P01015,RICHA,ST,,,,,RICHA INFO SYSTEMS LTD,81.95,81.95,81.0,81.0,81.0,80.2,,81.0,,,2000,162950.0,2,F1,1000,,,,,
2026-09-03,2026-09-03,CM,NSE,STK,2909,INE209B01025,RICOAUTO,EQ,,,,,RICO AUTO INDUSTRIES LTD,126.45,127.92,125.27,126.49,127.0,125.7,,126.47,,,588850,74485693.6,4810,F1,1,,,,,
2026-09-03,2026-09-03,CM,NSE,STK,764121,INE302D01024,RIR,EQ,,,,,RIR POWER ELECTRONICS L,160.0,162.77,154.0,157.58,158.0,157.69,,157.57,,,505055,79748688.37,1759,F1,1,,,,,
2026-09-03,2026-09-03,CM,NSE,STK,18417,INE0N2P01017,RISHABH,EQ,,,,,RISHABH INSTRUMENTS LTD,750.0,750.0,731.5,734.95,735.3,746.0,,734.93,,,157075,116374264.2,6921,F1,1,,,,,
2026-09-03,2026-09-03,CM,NSE,STK,8944,INE01EG01016,RITCO,EQ,,,,,RITCO LOGISTICS LIMITED,306.85,308.95,298.55,301.0,300.55,303.8,,301.0,,,33916,10274174.05,830,F1,1,,,,,
2026-09-03,2026-09-03,CM,NSE,STK,11910,INE0MRA01019,RITEZONE,SM,,,,,RITE ZONE CHEMCON IND LTD,19.65,19.65,19.65,19.65,19.65,18.75,,19.65,,,1600,31440.0,1,F1,1600,,,,,
2026-09-03,2026-09-03,CM,NSE,STK,3761,INE320J01015,RITES,EQ,,,,,RITES LIMITED,212.95,215.78,212.94,213.78,214.9,212.6,,213.77,,,278105,59497608.4,6273,F1,1,,,,,
2026-09-03,2026-09-03,CM,NSE,STK,1547,INE786W01010,RKEC,EQ,,,,,RKEC PROJECTS LIMITED,21.56,23.07,21.35,21.64,21.6,21.56,,21.64,,,23320,509916.54,270,F1,1,,,,,
2026-09-03,2026-09-03,CM,NSE,STK,762346,INE655V01019,RMC,EQ,,,,,RMC SWITCHGEARS LIMITED,225.0,237.33,220.11,225.97,226.0,221.42,,225.94,,,85081,19361571.48,3467,F1,1,,,,,
2026-09-03,2026-09-03,CM,NSE,STK,24589,INE0SA001017,RNFI,SM,,,,,RNFI SERVICES LIMITED,300.0,304.9,297.0,299.75,298.0,296.05,,299.75,,,48000,14422230.0,74,F1,600,,,,,
2026-09-03,2026-09-03,CM,NSE,STK,15157,INE508K01013,RHL,EQ,,,,,ROBUST HOTELS LIMITED,168.39,172.0,166.1,167.6,167.15,172.71,,167.6,,,2006,338580.26,46,F1,1,,,,,
2026-09-03,2026-09-03,CM,NSE,STK,760033,IN90PTR01010,ROCKPP,E1,,,,,ROCKINGDCE RS.5 PPD UP,72.0,72.0,66.0,70.0,66.0,71.5,,70.0,,,3000,210000.0,3,F1,1000,,,,,
2026-09-03,2026-09-03,CM,NSE,STK,20289,INE0PTR01012,ROCKINGDCE,SM,,,,,ROCKINGDEALS CIRCU ECO L,228.5,229.0,227.15,227.15,227.15,237.85,,227.15,,,2250,513712.5,9,F1,250,,,,,
2026-09-03,2026-09-03,CM,NSE,STK,5279,INE645S01024,ROLEXRINGS,EQ,,,,,ROLEX RINGS LIMITED,174.1,179.0,173.5,174.83,175.0,173.01,,174.83,,,1379507,242457917.35,12940,F1,1,,,,,
2026-09-03,2026-09-03,CM,NSE,STK,19108,INE927A01040,ROLLT,BE,,,,,ROLLATAINERS LIMITED,3.95,4.17,3.89,4.17,4.17,3.98,,4.17,,,497612,2039103.44,351,F1,1,,,,,
2026-09-03,2026-09-03,CM,NSE,STK,19410,INE02A801020,ROSSARI,EQ,,,,,ROSSARI BIOTECH LIMITED,479.5,482.35,451.4,457.0,459.45,476.2,,457.0,,,342764,158841923.8,15928,F1,1,,,,,
2026-09-03,2026-09-03,CM,NSE,STK,28913,INE847C01020,ROSSELLIND,EQ,,,,,ROSSELL INDIA LIMITED,59.1,59.1,57.5,57.67,57.65,58.58,,57.67,,,30862,1787743.29,551,F1,1,,,,,
2026-09-03,2026-09-03,CM,NSE,STK,27353,INE0OJW01016,ROSSTECH,EQ,,,,,ROSSELL TECHSYS LIMITED,1140.0,1144.7,1109.5,1116.3,1120.0,1134.0,,1116.25,,,121642,137158459.9,6029,F1,1,,,,,
2026-09-03,2026-09-03,CM,NSE,STK,9049,INE535D01037,ROTO,EQ,,,,,ROTO PUMPS LIMITED,64.6,65.49,63.2,63.76,63.7,64.8,,63.76,,,208053,13337704.39,2201,F1,1,,,,,
2026-09-03,2026-09-03,CM,NSE,STK,128,INE450U01017,ROUTE,EQ,,,,,ROUTE MOBILE LIMITED,501.3,515.0,501.3,503.65,503.0,499.7,,503.65,,,115028,58121473.45,4188,F1,1,,,,,
2026-09-03,2026-09-03,CM,NSE,STK,20167,INE0PDJ01013,ROXHITECH,SM,,,,,ROX HI TECH LIMITED,47.5,48.0,47.0,47.5,47.5,47.4,,47.5,,,35200,1667680.0,16,F1,1600,,,,,
2026-09-03,2026-09-03,CM,NSE,STK,13182,INE283H01019,ROHLTD,EQ,,,,,ROYAL ORCHID HOTELS LTD,299.2,301.05,296.3,298.5,298.1,296.8,,298.5,,,6138,1828522.2,273,F1,1,,,,,
2026-09-03,2026-09-03,CM,NSE,STK,16725,INE105J01010,RPGLIFE,EQ,,,,,RPG LIFE SCIENCES LTD,2596.9,2698.9,2583.1,2652.4,2659.0,2564.9,,2652.64,,,25736,68323426.3,3208,F1,1,,,,,
2026-09-03,2026-09-03,CM,NSE,STK,8119,INE425Y01011,RPSGVENT,EQ,,,,,RPSG VENTURES LIMITED,841.75,850.0,831.1,833.3,836.0,839.7,,833.33,,,48590,40792510.8,1417,F1,1,,,,,
2026-09-03,2026-09-03,CM,NSE,STK,7292,INE611A01016,RSWM,BE,,,,,RSWM LIMITED,210.6,217.28,210.6,217.28,217.28,206.94,,221.82,,,137349,29793747.64,939,F1,1,,,,,
2026-09-03,2026-09-03,CM,NSE,STK,24730,INE642C01025,RUBFILA,EQ,,,,,RUBFILA INTERNATIONAL LTD,66.24,67.5,65.0,66.42,66.6,66.21,,66.45,,,25569,1699364.45,489,F1,1,,,,,
2026-09-03,2026-09-03,CM,NSE,STK,759316,INE506V01022,RUBICON,EQ,,,,,RUBICON RESEARCH LIMITED,1829.1,1839.7,1765.0,1775.7,1773.0,1828.8,,1775.66,,,233210,417354482.4,21950,F1,1,,,,,
2026-09-03,2026-09-03,CM,NSE,STK,4566,INE413B01023,RUCHINFRA,EQ,,,,,RUCHI INFRASTRUCTURE LTD,5.57,6.63,5.57,6.04,6.08,5.53,,6.02,,,680209,4188498.77,1228,F1,1,,,,,
2026-09-03,2026-09-03,CM,NSE,STK,13821,INE803H01014,RUCHIRA,EQ,,,,,RUCHIRA PAPERS LIMITED,102.67,107.0,101.15,105.12,105.4,102.67,,105.12,,,89470,9340578.99,1781,F1,1,,,,,
2026-09-03,2026-09-03,CM,NSE,STK,760392,INE027T01023,RUDRA,EQ,,,,,RUDRA GLOBAL INFRA PROD L,20.51,20.9,20.27,20.38,20.3,20.72,,20.38,,,62063,1271487.19,178,F1,1,,,,,
2026-09-03,2026-09-03,CM,NSE,STK,1486,INE364Z01019,REPL,BE,,,,,RUDRABHISHEK ENTERP LTD,67.49,67.49,64.01,65.96,66.0,64.3,,65.96,,,1603,105072.1,54,F1,1,,,,,
2026-09-03,2026-09-03,CM,NSE,STK,23830,INE0R7301013,RULKA,SM,,,,,RULKA ELECTRICALS LIMITED,107.25,110.45,107.25,109.6,110.4,106.1,,109.6,,,1200,130830.0,4,F1,300,,,,,
2026-09-03,2026-09-03,CM,NSE,STK,25724,INE895B01021,RUPA,EQ,,,,,RUPA & COMPANY LTD,144.1,146.0,143.23,144.43,144.79,143.15,,144.43,,,83254,12027494.98,2991,F1,1,,,,,
2026-09-03,2026-09-03,CM,NSE,STK,24595,INE573K01025,RUSHIL,EQ,,,,,RUSHIL DECOR LIMITED,16.09,16.54,16.06,16.18,16.17,16.09,,16.18,,,234777,3800160.72,763,F1,1,,,,,
2026-09-03,2026-09-03,CM,NSE,STK,24674,INE0BSN01013,SATECH,SM,,,,,S A TECH SOFTWARE INDIA L,35.65,39.8,35.65,38.4,38.8,37.05,,38.4,,,15000,568150.0,15,F1,1000,,,,,
2026-09-03,2026-09-03,CM,NSE,STK,20698,INE807K01035,SCHAND,EQ,,,,,S CHAND AND COMPANY LTD,135.49,138.9,134.11,136.73,136.0,134.2,,136.73,,,15989,2182981.1,416,F1,1,,,,,
2026-09-03,2026-09-03,CM,NSE,STK,25528,INE0X6F01017,SDREAMS,SM,,,,,S D RETAIL LIMITED,85.0,85.5,84.0,85.15,85.5,85.0,,85.15,,,8000,677650.0,6,F1,1000,,,,,
2026-09-03,2026-09-03,CM,NSE,STK,11212,INE500L01026,SHK,EQ,,,,,S H KELKAR AND CO. LTD.,148.37,151.89,146.11,150.14,149.89,148.37,,150.14,,,363657,53986224.72,4648,F1,1,,,,,
2026-09-03,2026-09-03,CM,NSE,STK,20542,INE0F3301020,SJLOGISTIC,SM,,,,,S J LOGISTICS (INDIA) LTD,321.45,321.45,314.5,315.2,315.15,315.0,,315.2,,,14750,4672425.0,55,F1,250,,,,,
2026-09-03,2026-09-03,CM,NSE,STK,764940,INE159L01013,SVGLOBAL,EQ,,,,,S V GLOBAL MILL LTD.,130.0,144.01,124.99,144.01,144.01,120.01,,144.95,,,16618,2373014.22,218,F1,1,,,,,
2026-09-03,2026-09-03,CM,NSE,STK,2951,INE902B01017,S&SPOWER,EQ,,,,,S&S POWER SWITCHGEARS LTD,322.45,337.5,305.9,319.85,320.0,322.0,,319.78,,,3765,1213341.4,163,F1,1,,,,,
2026-09-03,2026-09-03,CM,NSE,STK,18252,INE212I01016,SPAL,EQ,,,,,S. P. APPARELS LIMITED,1075.0,1090.0,1055.0,1062.8,1064.7,1072.4,,1062.78,,,47095,50521563.1,5195,F1,1,,,,,
2026-09-03,2026-09-03,CM,NSE,STK,11634,INE658G01014,SALSTEEL,EQ,,,,,S.A.L. STEEL LTD.,80.5,83.8,78.25,82.04,83.7,82.04,,82.03,,,677428,54525431.86,4124,F1,1,,,,,
2026-09-03,2026-09-03,CM,NSE,STK,19112,INE0PSK01027,SAAKSHI,ST,,,,,SAAKSHI MEDTEC N PANELS L,317.7,317.7,306.0,312.0,312.0,310.9,,312.0,,,13200,4107450.0,16,F1,600,,,,,
2026-09-03,2026-09-03,CM,NSE,STK,759057,INE13B501022,SAATVIKGL,EQ,,,,,SAATVIK GREEN ENERGY LTD,417.0,435.0,415.1,421.65,421.0,417.25,,421.63,,,143686,61220420.9,3529,F1,1,,,,,
2026-09-03,2026-09-03,CM,NSE,STK,10985,INE0DZ101013,SABAR,ST,,,,,SABAR FLEX INDIA LIMITED,9.05,9.05,9.05,9.05,9.05,8.65,,9.05,,,65000,588250.0,12,F1,5000,,,,,
2026-09-03,2026-09-03,CM,NSE,STK,757409,INE1ARD01016,SACHEEROME,SM,,,,,SACHEEROME LIMITED,420.2,459.95,420.2,455.45,456.0,420.1,,455.45,,,28800,12847050.0,91,F1,300,,,,,
2026-09-03,2026-09-03,CM,NSE,STK,13236,INE226H01026,SADBHAV,EQ,,,,,SADBHAV ENGINEERING LTD,8.09,8.22,7.83,8.03,8.02,8.07,,8.03,,,130563,1046718.11,286,F1,1,,,,,
2026-09-03,2026-09-03,CM,NSE,STK,10622,INE764L01010,SADBHIN,BE,,,,,SADBHAV INFRA PROJ LTD.,2.62,2.62,2.46,2.53,2.58,2.58,,2.54,,,274344,690934.39,209,F1,1,,,,,
2026-09-03,2026-09-03,CM,NSE,STK,15349,INE888C01040,SADHNANIQ,BE,,,,,SADHANA NITROCHEM LIMITED,2.7,2.7,2.67,2.67,2.67,2.71,,2.65,,,1893197,5065834.08,457,F1,1,,,,,
2026-09-03,2026-09-03,CM,NSE,STK,22897,INE0K5H01010,SADHAV,SM,,,,,SADHAV SHIPPING LIMITED,108.4,112.45,108.4,111.95,111.95,111.25,,111.95,,,9000,998520.0,15,F1,600,,,,,
2026-09-03,2026-09-03,CM,NSE,STK,13035,INE429E01023,SAFARI,EQ,,,,,SAFARI IND (INDIA) LTD,1491.0,1524.8,1491.0,1509.5,1507.0,1497.2,,1509.49,,,22390,33720849.3,2227,F1,1,,,,,
2026-09-03,2026-09-03,CM,NSE,STK,757583,INE17D601016,SAFEENTP,SM,,,,,SAFE ENTER RETAIL FIX LTD,265.3,280.0,265.3,277.2,272.0,265.3,,277.2,,,110500,30407600.0,155,F1,500,,,,,
2026-09-03,2026-09-03,CM,NSE,STK,14068,INE229C01021,SAGCEM,EQ,,,,,SAGAR CEMENTS LIMITED,157.84,160.59,152.41,154.38,155.98,155.63,,154.39,,,74452,11611658.27,1266,F1,1,,,,,
2026-09-03,2026-09-03,CM,NSE,STK,8175,INE976T01013,SAGARDEEP,EQ,,,,,SAGARDEEP ALLOYS LIMITED,23.6,24.0,22.85,23.76,23.79,23.66,,23.76,,,7514,176654.65,50,F1,1,,,,,
2026-09-03,2026-09-03,CM,NSE,STK,27052,INE0W2G01015,SAGILITY,EQ,,,,,SAGILITY LIMITED,46.95,47.3,46.67,46.8,46.8,46.7,,46.8,,,12927418,607568944.05,27903,F1,1,,,,,
2026-09-03,2026-09-03,CM,NSE,STK,24478,INE0P4701011,SAHAJSOLAR,SM,,,,,SAHAJ SOLAR LIMITED,101.0,102.0,99.0,99.4,99.5,100.25,,99.4,,,9200,925600.0,21,F1,400,,,,,
2026-09-03,2026-09-03,CM,NSE,STK,16711,INE0LEX01011,SAHANA,SM,,,,,SAHANA SYSTEM LIMITED,915.15,936.0,907.0,927.9,928.0,916.9,,927.9,,,14550,13422172.5,92,F1,150,,,,,
2026-09-03,2026-09-03,CM,NSE,STK,25671,INE0RBQ01018,SAHASRA,ST,,,,,SAHASRA ELECTRONIC SOLU L,308.1,312.85,305.0,306.25,306.3,308.0,,306.25,,,22400,6916080.0,48,F1,400,,,,,
2026-09-03,2026-09-03,CM,NSE,STK,14900,INE280H01015,SAHYADRI,EQ,,,,,SAHYADRI INDUSTRIES LTD,357.95,360.0,352.25,359.4,360.0,356.2,,359.34,,,6781,2423121.2,271,F1,1,,,,,
2026-09-03,2026-09-03,CM,NSE,STK,764865,INE531X01018,SAICAPI,EQ,,,,,SAI CAPITAL LTD.,147.9,168.0,146.0,157.05,159.1,140.0,,157.07,,,2613,412073.42,79,F1,1,,,,,
2026-09-03,2026-09-03,CM,NSE,STK,27839,INE570L01029,SAILIFE,EQ,,,,,SAI LIFE SCIENCES LIMITED,1588.0,1630.0,1559.9,1574.8,1579.0,1587.0,,1574.79,,,1633705,2615810601.8,102144,F1,1,,,,,
2026-09-03,2026-09-03,CM,NSE,STK,761675,INE0H9F01037,SAIPARENT,EQ,,,,,SAI PARENTERALS LIMITED,520.0,522.8,515.55,518.15,519.0,515.55,,518.14,,,35674,18532041.85,1296,F1,1,,,,,
2026-09-03,2026-09-03,CM,NSE,STK,18755,INE438K01021,KALAMANDIR,EQ,,,,,SAI SILKS (KALAMANDIR) L,85.65,86.94,85.51,85.87,86.4,85.65,,85.88,,,239873,20681372.58,2149,F1,1,,,,,
2026-09-03,2026-09-03,CM,NSE,STK,764880,INE068B01017,SEKURITIND,EQ,,,,,SAINT GOBAIN SEKUR IND L,117.6,117.6,113.98,114.67,114.51,113.7,,114.73,,,50859,5837574.82,505,F1,1,,,,,
2026-09-03,2026-09-03,CM,NSE,STK,9539,INE732S01012,SAKAR,EQ,,,,,SAKAR HEALTHCARE LIMITED,1000.0,1017.0,960.05,1006.95,1012.0,985.8,,1006.95,,,168154,167451724.75,10172,F1,1,,,,,
2026-09-03,2026-09-03,CM,NSE,STK,11794,INE667G01023,SAKSOFT,EQ,,,,,SAKSOFT LIMITED,152.0,154.83,150.05,153.69,153.11,150.38,,153.69,,,259461,39731079.58,4059,F1,1,,,,,
2026-09-03,2026-09-03,CM,NSE,STK,2969,INE623A01011,SAKHTISUG,EQ,,,,,SAKTHI SUGARS LTD,20.37,20.9,20.26,20.35,20.42,20.37,,20.35,,,242541,5002188.6,1047,F1,1,,,,,
2026-09-03,2026-09-03,CM,NSE,STK,13251,INE190H01024,SAKUMA,EQ,,,,,SAKUMA EXPORTS LIMITED,1.61,1.64,1.44,1.58,1.6,1.6,,1.58,,,1056846,1664605.33,1175,F1,1,,,,,
2026-09-03,2026-09-03,CM,NSE,STK,21362,INE170V01027,SALASAR,EQ,,,,,SALASAR TECHNO ENGG. LTD.,5.64,5.69,4.73,5.08,5.25,5.65,,5.08,,,40156990,204881719.4,27109,F1,1,,,,,
2026-09-03,2026-09-03,CM,NSE,STK,17351,INE498E01010,SALONA,EQ,,,,,SALONA COTSPIN LTD.,263.0,271.85,259.05,262.9,259.5,262.45,,263.34,,,63,16507.1,16,F1,1,,,,,
2026-09-03,2026-09-03,CM,NSE,STK,11399,INE457F01013,SALZERELEC,EQ,,,,,SALZER ELECTRONICS LTD,538.55,544.9,531.9,537.3,537.1,535.85,,537.3,,,29792,16061484.45,1675,F1,1,,,,,
2026-09-03,2026-09-03,CM,NSE,STK,764870,INE304D01012,SAMBANDAM,EQ,,,,,SAMBANDAM SPINNING MILL L,120.0,120.17,119.99,120.0,120.0,114.45,,119.65,,,427,51241.18,12,F1,1,,,,,
2026-09-03,2026-09-03,CM,NSE,STK,4127,INE699B01027,SAMBHAAV,EQ,,,,,SAMBHAAV MEDIA LTD,6.0,6.14,5.71,6.0,6.0,6.0,,6.0,,,4877,29455.59,65,F1,1,,,,,
2026-09-03,2026-09-03,CM,NSE,STK,757767,INE12NJ01018,SAMBHV,EQ,,,,,SAMBHV STEEL TUBES LTD,127.18,130.0,126.4,129.64,129.0,126.18,,129.64,,,824230,106160559.94,8017,F1,1,,,,,
2026-09-03,2026-09-03,CM,NSE,STK,21096,INE0PZA01015,SAIFL,SM,,,,,SAMEERA AGRO AND INFRA L,4.85,4.95,4.8,4.95,4.9,4.85,,4.95,,,300000,1457400.0,42,F1,4000,,,,,
2026-09-03,2026-09-03,CM,NSE,STK,18614,INE08U801020,SAMHI,EQ,,,,,SAMHI HOTELS LIMITED,151.45,153.5,150.43,152.59,153.15,151.45,,152.6,,,800313,121297362.15,22892,F1,1,,,,,
2026-09-03,2026-09-03,CM,NSE,STK,30125,INE148I01020,SAMMAANCAP,EQ,,,,,SAMMAAN CAPITAL LIMITED,153.4,154.98,151.55,153.7,153.48,152.31,,153.71,,,6224479,955785672.96,35060,F1,1,,,,,
2026-09-03,2026-09-03,CM,NSE,STK,27303,INE735M01018,SAMPANN,EQ,,,,,SAMPANN UTPADAN INDIA LTD,24.82,25.19,24.14,24.61,24.9,24.33,,24.61,,,14901,368799.97,149,F1,1,,,,,
2026-09-03,2026-09-03,CM,NSE,STK,4204,INE775A01035,MOTHERSON,EQ,,,,,SAMVRDHNA MTHRSN INTL LTD,164.0,164.34,161.35,162.0,162.0,163.3,,162.0,,,8794139,1427684999.53,56628,F1,1,,,,,
2026-09-03,2026-09-03,CM,NSE,STK,28805,INE0JPD01013,SANATHAN,EQ,,,,,SANATHAN TEXTILES LIMITED,438.7,439.3,430.0,433.05,435.0,434.0,,433.05,,,38259,16575483.75,1302,F1,1,,,,,
2026-09-03,2026-09-03,CM,NSE,STK,2988,INE583B01015,SANDESH,EQ,,,,,SANDESH LTD,1050.3,1059.0,1041.1,1050.9,1050.0,1050.0,,1050.87,,,224,235399.4,59,F1,1,,,,,
2026-09-03,2026-09-03,CM,NSE,STK,2397,INE278H01035,SANDHAR,EQ,,,,,SANDHAR TECHNOLOGIES LTD,635.75,642.95,625.1,627.85,626.7,633.75,,627.86,,,85928,54329324.65,3913,F1,1,,,,,
2026-09-03,2026-09-03,CM,NSE,STK,18359,INE149K01016,SANDUMA,EQ,,,,,SANDUR MANG & IRON ORES L,198.0,202.41,196.88,197.89,198.0,197.0,,197.89,,,407132,80871743.15,8481,F1,1,,,,,
2026-09-03,2026-09-03,CM,NSE,STK,4184,INE495C01010,SANGAMIND,EQ,,,,,SANGAM (INDIA) LTD,571.2,579.45,568.5,571.85,570.0,569.8,,571.92,,,23015,13168253.1,2058,F1,1,,,,,
2026-09-03,2026-09-03,CM,NSE,STK,18035,INE0OVI01010,SANGANI,SM,,,,,SANGANI HOSPITALS LIMITED,55.0,55.0,52.0,52.0,52.0,54.6,,52.0,,,15000,789525.0,5,F1,1500,,,,,
2026-09-03,2026-09-03,CM,NSE,STK,14058,INE989A01032,SANGHVIMOV,EQ,,,,,SANGHVI MOVERS LTD,455.15,462.3,448.55,453.0,455.0,452.3,,453.0,,,115506,52466489.75,5126,F1,1,,,,,
2026-09-03,2026-09-03,CM,NSE,STK,11033,INE753W01010,SANGINITA,BE,,,,,SANGINITA CHEMICALS LTD,56.06,58.34,56.06,58.34,58.34,57.2,,58.34,,,558179,32268077.5,251,F1,1,,,,,
2026-09-03,2026-09-03,CM,NSE,STK,25222,INE0UOS01011,SANOFICONR,EQ,,,,,SANOFI CONS HEALTHC IND L,4181.0,4287.9,4145.0,4205.4,4185.0,4182.4,,4205.5,,,7444,31248619.4,1625,F1,1,,,,,
2026-09-03,2026-09-03,CM,NSE,STK,1442,INE058A01010,SANOFI,EQ,,,,,SANOFI INDIA LIMITED,3185.0,3220.0,3160.0,3190.8,3207.8,3157.4,,3191.39,,,14906,47615706.5,3245,F1,1,,,,,
2026-09-03,2026-09-03,CM,NSE,STK,5751,INE953O01021,SANSERA,EQ,,,,,SANSERA ENGINEERING LTD,3850.8,3892.2,3775.0,3789.6,3779.1,3810.6,,3789.36,,,88647,338499235.8,14550,F1,1,,,,,
2026-09-03,2026-09-03,CM,NSE,STK,24582,INE08NE01025,SANSTAR,EQ,,,,,SANSTAR LIMITED,110.5,112.2,107.15,108.0,108.44,109.91,,108.0,,,174823,19200823.49,2105,F1,1,,,,,
2026-09-03,2026-09-03,CM,NSE,STK,46,INE890C01046,SANWARIA,BZ,,,,,SANWARIA CONSUMER LIMITED,0.2,0.2,0.19,0.19,0.2,0.19,,0.19,,,689299,134161.31,134,F1,1,,,,,
2026-09-03,2026-09-03,CM,NSE,STK,6718,INE806T01020,SAPPHIRE,EQ,,,,,SAPPHIRE FOODS INDIA LTD,227.45,231.4,224.03,228.76,228.5,228.21,,228.76,,,367836,83865825.16,9742,F1,1,,,,,
2026-09-03,2026-09-03,CM,NSE,STK,19863,INE0PUC01020,SARTELE,SM,,,,,SAR TELEVENTURE LIMITED,88.45,92.85,88.4,91.35,91.4,89.85,,91.35,,,81500,7442175.0,80,F1,500,,,,,
2026-09-03,2026-09-03,CM,NSE,STK,762985,INE967G01019,ZSARACOM,EQ,,,,,SARASWATI COMM (INDIA) L,10634.0,10634.0,10000.0,10227.0,10170.0,10437.0,,10125.63,,,323,3293009.0,97,F1,1,,,,,
2026-09-03,2026-09-03,CM,NSE,STK,24856,INE0PQ101010,SSDL,EQ,,,,,SARASWATI SAREE DEPOT LTD,56.03,56.79,55.0,55.92,55.85,56.03,,55.92,,,6565,366377.34,211,F1,1,,,,,
2026-09-03,2026-09-03,CM,NSE,STK,17758,INE385C01021,SARDAEN,EQ,,,,,SARDA ENERGY & MIN LTD,494.9,509.0,492.05,506.55,504.85,491.05,,506.56,,,382427,192437638.9,13303,F1,1,,,,,
2026-09-03,2026-09-03,CM,NSE,STK,4892,INE979A01025,SAREGAMA,EQ,,,,,SAREGAMA INDIA LIMITED,481.1,501.0,478.4,493.65,494.5,477.3,,493.65,,,405441,197418322.75,20098,F1,1,,,,,
2026-09-03,2026-09-03,CM,NSE,STK,14043,INE453D01025,SARLAPOLY,EQ,,,,,SARLA PERF. FIBERS LTD,102.46,103.2,99.15,102.15,103.15,102.46,,102.15,,,33737,3427184.65,1156,F1,1,,,,,
2026-09-03,2026-09-03,CM,NSE,STK,6843,INE017W01010,SMLT,EQ,,,,,SARTHAK METALS LIMITED,65.87,65.87,63.5,64.59,64.9,64.61,,64.59,,,15205,978313.67,184,F1,1,,,,,
2026-09-03,2026-09-03,CM,NSE,STK,12913,INE324X01026,SARVESHWAR,EQ,,,,,SARVESHWAR FOODS LIMITED,3.4,3.4,3.34,3.35,3.36,3.34,,3.35,,,742565,2492872.83,1129,F1,1,,,,,
2026-09-03,2026-09-03,CM,NSE,STK,11983,INE231F01020,SASKEN,EQ,,,,,SASKEN TECHNOLOGIES LTD,1890.0,1945.0,1850.6,1902.4,1895.5,1885.5,,1902.44,,,12388,23577297.2,1658,F1,1,,,,,
2026-09-03,2026-09-03,CM,NSE,STK,29151,INE0NB801022,SATKARTAR,SM,,,,,SAT KARTAR LIFE LIMITED,121.95,126.0,117.55,118.2,118.0,121.7,,118.2,,,38400,4650720.0,40,F1,800,,,,,
2026-09-03,2026-09-03,CM,NSE,STK,24697,INE0RFP01011,SSEGL,SM,,,,,SATHLOKHAR SYN E&C GLOB L,407.0,410.6,400.45,402.25,403.9,406.35,,402.25,,,23800,9657030.0,88,F1,200,,,,,
2026-09-03,2026-09-03,CM,NSE,STK,11045,INE170E01023,SATIA,EQ,,,,,SATIA INDUSTRIES LIMITED,57.15,62.0,57.01,60.37,59.9,57.12,,60.38,,,657812,39681705.87,3382,F1,1,,,,,
2026-09-03,2026-09-03,CM,NSE,STK,10453,INE836B01017,SATIN,EQ,,,,,SATIN CREDIT NET LTD,222.88,228.9,218.1,219.37,218.6,218.52,,219.38,,,388149,86388673.24,8844,F1,1,,,,,
2026-09-03,2026-09-03,CM,NSE,STK,758960,INE14DW01018,SATTVAENGG,SM,,,,,SATTVA ENGINEERING CSTN L,62.0,62.0,62.0,62.0,62.0,62.0,,62.0,,,4800,297600.0,2,F1,1600,,,,,
2026-09-03,2026-09-03,CM,NSE,STK,3018,INE626A01014,SAURASHCEM,EQ,,,,,SAURASHTRA CEMENT LIMITED,55.25,57.2,55.2,56.81,57.0,55.22,,56.8,,,84733,4768235.51,1130,F1,1,,,,,
2026-09-03,2026-09-03,CM,NSE,STK,3021,INE035D01020,SOTL,EQ,,,,,SAVITA OIL TECHNOLO. LTD,743.05,759.25,732.8,737.35,737.2,752.6,,737.36,,,514868,381946824.0,18289,F1,1,,,,,
2026-09-03,2026-09-03,CM,NSE,STK,757704,INE0UCN01017,SAVY,SM,,,,,SAVY INFRA AND LOGI LTD,133.2,137.0,133.0,135.1,135.1,135.0,,135.1,,,12000,1614480.0,10,F1,1200,,,,,
2026-09-03,2026-09-03,CM,NSE,STK,758444,INE10VS01016,SAWALIYA,SM,,,,,SAWALIYA FOOD PRODUCTS L,146.0,150.5,145.0,150.15,148.0,143.25,,150.15,,,21600,3215250.0,15,F1,600,,,,,
2026-09-03,2026-09-03,CM,NSE,STK,762879,INE318C01014,SAYAJIHOTL,EQ,,,,,SAYAJI HOTELS LTD.,318.95,318.95,300.0,303.8,300.0,303.0,,304.89,,,32,9721.95,8,F1,1,,,,,
2026-09-03,2026-09-03,CM,NSE,STK,764875,INE327G01032,SAYAJIIND,EQ,,,,,SAYAJI INDUSTRIES LTD.,119.89,120.0,119.89,119.89,119.89,117.48,,115.35,,,111,13313.07,7,F1,1,,,,,
2026-09-03,2026-09-03,CM,NSE,STK,6792,INE04AK01028,SBC,EQ,,,,,SBC EXPORTS LIMITED,42.98,43.75,42.78,43.25,43.14,42.81,,43.25,,,8714926,377225392.27,8972,F1,1,,,,,
2026-09-03,2026-09-03,CM,NSE,STK,18026,INE423Y01016,SBFC,EQ,,,,,SBFC FINANCE LIMITED,100.0,104.39,99.24,99.9,99.99,99.23,,99.9,,,3008192,304493675.99,24969,F1,1,,,,,
2026-09-03,2026-09-03,CM,NSE,STK,17971,INE018E01016,SBICARD,EQ,,,,,SBI CARDS & PAY SER LTD,641.0,667.4,641.0,661.0,661.0,635.15,,660.95,,,3785886,2500332434.65,48867,F1,1,,,,,
2026-09-03,2026-09-03,CM,NSE,STK,764173,INE640G01020,SBIFUNDS,EQ,,,,,SBI FUNDS MANAGEMENT LTD,565.9,566.9,558.1,564.0,563.0,564.7,,563.98,,,984775,553994829.25,25267,F1,1,,,,,
2026-09-03,2026-09-03,CM,NSE,STK,21808,INE123W01016,SBILIFE,EQ,,,,,SBI LIFE INSURANCE CO LTD,1724.9,1741.9,1708.9,1715.0,1715.0,1719.9,,1715.06,,,648581,1116799782.9,34833,F1,1,,,,,
2026-09-03,2026-09-03,CM,NSE,STK,17272,INF200KA16D8,SETFGOLD,EQ,,,,,SBI-ETF GOLD,130.62,130.68,129.61,130.22,130.23,127.44,,130.22,,,6068954,790339164.15,10254,F1,1,,,,,
2026-09-03,2026-09-03,CM,NSE,STK,10176,INF200KA1FS1,SETFNIF50,EQ,,,,,SBI-ETF NIFTY 50,264.09,264.09,257.1,257.33,257.5,257.65,,257.33,,,1944285,500981674.37,5645,F1,1,,,,,
2026-09-03,2026-09-03,CM,NSE,STK,7361,INF200KA1580,SETFNIFBK,EQ,,,,,SBI-ETF NIFTY BANK,588.97,593.73,588.96,591.31,591.77,587.97,,591.39,,,39093,23161825.2,472,F1,1,,,,,
2026-09-03,2026-09-03,CM,NSE,STK,7353,INF200KA1598,SETFNN50,EQ,,,,,SBI-ETF NIFTY NEXT 50,784.74,787.8,781.25,783.6,784.4,779.13,,783.6,,,12368,9701941.37,887,F1,1,,,,,
2026-09-03,2026-09-03,CM,NSE,STK,19705,INF200KA13Z8,LIQUIDSBI,EQ,,,,,SBIAMC - LIQUIDSBI,999.99,1000.01,999.99,1000.01,1000.01,1000.0,,1000.01,,,31769,31769305.88,18,F1,1,,,,,
2026-09-03,2026-09-03,CM,NSE,STK,30290,INF200KB1712,SBIBPB,EQ,,,,,SBIAMC - SBIBPB,49.78,50.26,49.22,49.48,49.46,49.25,,49.48,,,92284,4612151.84,390,F1,1,,,,,
2026-09-03,2026-09-03,CM,NSE,STK,5168,INF200KA1X17,SBIETFCON,EQ,,,,,SBIAMC - SBIETFCON,122.48,122.48,120.08,120.31,121.08,121.2,,120.31,,,2746,331344.03,100,F1,1,,,,,
2026-09-03,2026-09-03,CM,NSE,STK,740,INF200KA1S14,SBIETFIT,EQ,,,,,SBIAMC - SBIETFIT,343.34,343.34,340.4,342.1,342.32,343.34,,342.1,,,2610,893646.08,137,F1,1,,,,,
2026-09-03,2026-09-03,CM,NSE,STK,722,INF200KA1S22,SBIETFPB,EQ,,,,,SBIAMC - SBIETFPB,285.69,288.25,282.98,285.51,285.87,282.98,,285.51,,,20614,5883069.86,574,F1,1,,,,,
2026-09-03,2026-09-03,CM,NSE,STK,7218,INF200KA1WX6,SBIETFQLTY,EQ,,,,,SBIAMC - SBIETFQLTY,222.2,223.52,222.15,223.32,223.52,222.4,,223.32,,,2010,447820.62,36,F1,1,,,,,
2026-09-03,2026-09-03,CM,NSE,STK,758496,INF200KB1969,SBILIQETF,EQ,,,,,SBIAMC - SBILIQETF,1054.43,1054.45,1054.43,1054.43,1054.43,1054.3,,1054.43,,,13808,14559703.37,44,F1,1,,,,,
2026-09-03,2026-09-03,CM,NSE,STK,761095,INF200KB1AJ0,SBIMIDMOM,EQ,,,,,SBIAMC - SBIMIDMOM,64.23,64.23,63.66,63.87,63.92,63.59,,63.87,,,91467,5842487.42,178,F1,1,,,,,
2026-09-03,2026-09-03,CM,NSE,STK,24524,INF200KB1282,SBINEQWETF,EQ,,,,,SBIAMC - SBINEQWETF,33.17,33.32,33.09,33.13,33.26,33.13,,33.13,,,45746,1517891.86,203,F1,1,,,,,
2026-09-03,2026-09-03,CM,NSE,STK,761741,INF200KB1AK8,SBINMID150,EQ,,,,,SBIAMC - SBINMID150,23.49,23.49,23.18,23.32,23.33,23.12,,23.31,,,42448,988914.18,102,F1,1,,,,,
2026-09-03,2026-09-03,CM,NSE,STK,24366,INF200KB1217,SBISILVER,EQ,,,,,SBIAMC - SBISILVER,220.81,227.92,215.28,225.5,225.49,220.81,,225.5,,,1120159,253223403.65,5643,F1,1,,,,,
2026-09-03,2026-09-03,CM,NSE,STK,763543,INF200KB1AY9,SBISMLETF,EQ,,,,,SBIAMC - SBISMLETF,18.42,18.57,18.34,18.47,18.53,18.24,,18.47,,,62218,1146358.09,155,F1,1,,,,,
2026-09-03,2026-09-03,CM,NSE,STK,763546,INF200KB1AX1,SBIVALETF,EQ,,,,,SBIAMC - SBIVALETF,14.73,14.9,14.63,14.65,14.72,14.65,,14.67,,,232054,3415568.25,68,F1,1,,,,,
2026-09-03,2026-09-03,CM,NSE,STK,17395,INF200KA1JT1,SETF10GILT,EQ,,,,,SBIAMC - SETF10GILT,264.67,264.99,263.01,263.85,263.85,263.88,,263.85,,,13931,3672610.96,56,F1,1,,,,,
2026-09-03,2026-09-03,CM,NSE,STK,762887,INE099G01011,SCANSTL,BE,,,,,SCAN STEELS LTD.,59.23,59.99,58.0,58.82,59.3,58.02,,58.93,,,26772,1577777.46,88,F1,1,,,,,
2026-09-03,2026-09-03,CM,NSE,STK,1011,INE513A01022,SCHAEFFLER,EQ,,,,,SCHAEFFLER INDIA LIMITED,3971.3,3994.6,3947.7,3950.6,3952.9,3967.1,,3950.55,,,50015,197641860.4,7187,F1,1,,,,,
2026-09-03,2026-09-03,CM,NSE,STK,31234,INE839M01018,SCHNEIDER,EQ,,,,,SCHNEIDER ELECTRIC INFRA,1169.5,1202.2,1158.0,1191.0,1193.1,1169.5,,1190.96,,,351366,415523370.3,21026,F1,1,,,,,
2026-09-03,2026-09-03,CM,NSE,STK,757462,INE148I07XX3,SCL01825,N6,,,,,SCL 0% 2027 SR III,1065.3,1065.3,1065.3,1065.3,1065.3,1078.0,,1065.3,,,1,1065.3,1,F1,1,,,,,
2026-09-03,2026-09-03,CM,NSE,STK,757460,INE148I07XG8,865SCL27,N4,,,,,SCL 8.65% 2027 SR II,1001.0,1001.0,1001.0,1001.0,1001.0,1000.0,,1001.0,,,13,13013.0,1,F1,1,,,,,
2026-09-03,2026-09-03,CM,NSE,STK,30238,INE148I07WU1,902SCL28,N1,,,,,SCL 9.02% SR V,998.0,998.0,998.0,998.0,998.0,999.0,,998.0,,,75,74850.0,2,F1,1,,,,,
2026-09-03,2026-09-03,CM,NSE,STK,757477,INE148I07XD5,945SCL32,NL,,,,,SCL 9.45% 2032 SR XI,990.0,990.0,990.0,990.0,990.0,990.0,,990.0,,,32,31680.0,1,F1,1,,,,,
2026-09-03,2026-09-03,CM,NSE,STK,30240,INE148I07WV9,948SCL28,N1,,,,,SCL 9.48% SR V,998.0,1000.0,998.0,1000.0,1000.0,998.0,,1000.0,,,2500,2499000.0,3,F1,1,,,,,
2026-09-03,2026-09-03,CM,NSE,STK,30230,INE148I07WP1,971SCL30,N1,,,,,SCL 9.71% SR VIII,1029.0,1029.0,1029.0,1029.0,1029.0,1029.84,,1029.0,,,16,16464.0,2,F1,1,,,,,
2026-09-03,2026-09-03,CM,NSE,STK,757478,INE090501011,SCODATUBES,EQ,,,,,SCODA TUBES LIMITED,128.64,138.07,128.64,134.95,134.99,128.61,,134.95,,,395401,53215882.98,4211,F1,1,,,,,
2026-09-03,2026-09-03,CM,NSE,STK,761658,IN1020260023,807AP51,SG,,,,,SDL AP 8.07% 2051,100.0,100.0,100.0,100.0,100.0,100.0,,100.0,,,100,10000.0,1,F1,100,,,,,
2026-09-03,2026-09-03,CM,NSE,STK,764146,IN1520260119,738GJ35A,SG,,,,,SDL GJ 7.38% 2035,99.95,99.95,99.95,99.95,99.95,100.0,,99.95,,,100,9995.0,1,F1,100,,,,,
2026-09-03,2026-09-03,CM,NSE,STK,755742,IN1720260034,777HP49,SG,,,,,SDL HP 7.77% 2049,99.0,99.0,95.0,95.0,95.0,97.0,,95.0,,,1600,155610.0,9,F1,100,,,,,
2026-09-03,2026-09-03,CM,NSE,STK,20945,IN1920230159,768KA37,SG,,,,,SDL KA 7.68% 2037,99.03,99.03,99.03,99.03,99.03,96.0,,99.03,,,100,9903.0,1,F1,100,,,,,
2026-09-03,2026-09-03,CM,NSE,STK,763065,IN2220260045,755MH34,SG,,,,,SDL MH 7.55% 2034,95.36,95.36,95.36,95.36,95.36,95.36,,95.36,,,200,19072.0,1,F1,100,,,,,
2026-09-03,2026-09-03,CM,NSE,STK,20172,IN2220230154,77MH33A,SG,,,,,SDL MH 7.7% 2033,99.0,99.0,99.0,99.0,99.0,97.5,,99.0,,,500,49500.0,3,F1,100,,,,,
2026-09-03,2026-09-03,CM,NSE,STK,761647,IN2220260029,791MH39,SG,,,,,SDL MH 7.91% 2039,101.0,101.0,101.0,101.0,101.0,101.0,,101.0,,,100,10100.0,1,F1,100,,,,,
2026-09-03,2026-09-03,CM,NSE,STK,1940,IN2420200106,663ML31,SG,,,,,SDL ML 6.63% 2031,95.0,95.0,91.0,91.0,91.0,95.0,,91.0,,,300,27898.0,3,F1,100,,,,,
2026-09-03,2026-09-03,CM,NSE,STK,3304,IN2320210015,678MN31,SG,,,,,SDL MN 6.78% 2031,98.14,98.14,98.14,98.14,98.14,95.0,,98.14,,,100,9814.0,1,F1,100,,,,,
2026-09-03,2026-09-03,CM,NSE,STK,22741,IN3820230024,735PY27,SG,,,,,SDL PY 7.35% 2027,99.97,99.97,99.97,99.97,99.97,101.8,,99.97,,,100,9997.0,1,F1,100,,,,,
2026-09-03,2026-09-03,CM,NSE,STK,760846,IN3320250183,757UP36,SG,,,,,SDL UP 7.57% 2036,99.0,99.0,99.0,99.0,99.0,100.0,,99.0,,,100,9900.0,1,F1,100,,,,,
2026-09-03,2026-09-03,CM,NSE,STK,760516,IN3420250208,762WB41,SG,,,,,SDL WB 7.62% 2041,86.0,86.0,86.0,86.0,86.0,90.25,,86.0,,,900,77400.0,1,F1,100,,,,,
2026-09-03,2026-09-03,CM,NSE,STK,2616,INE497B01018,SEAMECLTD,EQ,,,,,SEAMEC LIMITED,1750.0,1794.9,1720.8,1786.6,1786.0,1735.7,,1786.59,,,189284,334246115.3,15508,F1,1,,,,,
2026-09-03,2026-09-03,CM,NSE,STK,20771,INE413U07277,10ISFL26,N3,,,,,SEC RE NCD 10% SR 4,1066.8,1066.8,1066.8,1066.8,1066.8,1062.0,,1066.8,,,180,192024.0,6,F1,1,,,,,
2026-09-03,2026-09-03,CM,NSE,STK,20779,INE413U07269,1003ISFL28,N4,,,,,SEC RE NCD 10.03% SR 5,1019.44,1019.44,1019.44,1019.44,1019.44,1014.0,,1022.41,,,10,10194.4,1,F1,1,,,,,
2026-09-03,2026-09-03,CM,NSE,STK,24141,INE413U07301,1003IIFL29,NC,,,,,SEC RE NCD 10.03% SR V,1024.0,1024.0,1000.0,1001.75,1000.0,1024.0,,1001.75,,,40,40515.0,3,F1,1,,,,,
2026-09-03,2026-09-03,CM,NSE,STK,23974,INE148I07TN2,1025SCL34A,ZT,,,,,SEC RE NCD 10.25% SR XII,1010.0,1010.0,1010.0,1010.0,1010.0,1000.0,,1010.0,,,4,4040.0,1,F1,1,,,,,
2026-09-03,2026-09-03,CM,NSE,STK,21056,INE148I07RZ0,835SCL23B,YM,,,,,SEC RE NCD 10.25% SR XII,1000.0,1020.0,1000.0,1020.0,1020.0,1035.0,,1020.0,,,30,30300.0,2,F1,1,,,,,
2026-09-03,2026-09-03,CM,NSE,STK,18906,INE148I07PV3,888SCL25E,N4,,,,,SEC RE NCD 10.25% SR XII,900.0,948.0,900.0,939.0,939.0,939.0,,939.0,,,34,31245.0,5,F1,1,,,,,
2026-09-03,2026-09-03,CM,NSE,STK,20784,INE413U07251,1050ISFL28,N5,,,,,SEC RE NCD 10.50% SR 6,1061.2,1061.2,1061.2,1061.2,1061.2,1067.0,,1061.2,,,5,5306.0,1,F1,1,,,,,
2026-09-03,2026-09-03,CM,NSE,STK,23123,INE342T07460,1065NFL27,NC,,,,,SEC RE NCD 10.65% SR.IV,1011.0,1011.0,1010.99,1010.99,1011.0,1011.0,,1010.99,,,250,252749.51,8,F1,1,,,,,
2026-09-03,2026-09-03,CM,NSE,STK,23125,INE342T07445,1119NFL27,ND,,,,,SEC RE NCD 11.19% SR.V,1054.8,1054.8,1054.8,1054.8,1054.8,1050.0,,1054.8,,,9,9493.2,1,F1,1,,,,,
2026-09-03,2026-09-03,CM,NSE,STK,11658,INE0H7R07017,79NHIT35,N1,,,,,SEC RE NCD 7.90% STRPP A,310.96,312.48,310.96,311.01,311.01,310.96,,311.01,,,55,17108.01,5,F1,1,,,,,
2026-09-03,2026-09-03,CM,NSE,STK,11665,INE0H7R07025,79NHIT40,N2,,,,,SEC RE NCD 7.90% STRPP B,313.0,313.0,312.0,312.0,312.0,311.53,,314.0,,,110,34331.0,3,F1,1,,,,,
2026-09-03,2026-09-03,CM,NSE,STK,7648,INE477L07AN9,820IIFL27,N9,,,,,SEC RE NCD 8.20% SR.III,990.12,990.12,990.0,990.0,990.0,998.99,,990.0,,,1400,1386001.2,7,F1,1,,,,,
2026-09-03,2026-09-03,CM,NSE,STK,3464,INE219X07264,82IGT31,NJ,,,,,SEC RE NCD 8.20% SR.V,1035.0,1035.25,1032.5,1032.5,1032.5,1032.0,,1032.5,,,561,579635.0,7,F1,1,,,,,
2026-09-03,2026-09-03,CM,NSE,STK,7668,INE477L07AQ2,843IHFL29,NC,,,,,SEC RE NCD 8.43% SR.VI,982.0,982.0,982.0,982.0,982.0,985.0,,981.01,,,1,982.0,1,F1,1,,,,,
2026-09-03,2026-09-03,CM,NSE,STK,13852,INE530B07310,865IIFL28,NS,,,,,SEC RE NCD 8.65% SR.V,992.0,994.0,992.0,993.76,993.5,995.25,,993.76,,,351,348760.0,27,F1,1,,,,,
2026-09-03,2026-09-03,CM,NSE,STK,5160,INE516Y07428,9PFL31A,,,,,,SEC RE NCD 9% SR.V,1038.0,1038.0,1038.0,1038.0,1038.0,1038.0,,1038.0,,,100,103800.0,2,F1,1,,,,,
2026-09-03,2026-09-03,CM,NSE,STK,23702,INE338I07149,91MOFSL27,N2,,,,,SEC RE NCD 9.10% SR III,1025.0,1025.0,1015.0,1017.21,1015.0,1025.0,,1018.49,,,300,305163.15,13,F1,1,,,,,
2026-09-03,2026-09-03,CM,NSE,STK,23710,INE338I07115,93MOFSL34,N6,,,,,SEC RE NCD 9.30% SR VII,1065.0,1065.0,1060.0,1060.0,1060.0,1072.0,,1063.0,,,26,27565.0,4,F1,1,,,,,
2026-09-03,2026-09-03,CM,NSE,STK,23948,INE148I07TL6,948SCL27A,ZJ,,,,,SEC RE NCD 9.48% SR V,1000.0,1000.0,1000.0,1000.0,1000.0,1000.0,,1000.0,,,41,41000.0,4,F1,1,,,,,
2026-09-03,2026-09-03,CM,NSE,STK,25552,INE148I07UC3,948SCL27D,N1,,,,,SEC RE NCD 9.48% SR V,981.0,981.0,981.0,981.0,981.0,1060.0,,981.0,,,1,981.0,1,F1,1,,,,,
2026-09-03,2026-09-03,CM,NSE,STK,24137,INE413U07327,957IIFLS27,,,,,,SEC RE NCD 9.57% SR III,972.52,972.52,972.02,972.02,972.02,970.02,,972.02,,,10,9721.7,2,F1,1,,,,,
2026-09-03,2026-09-03,CM,NSE,STK,25287,INE423A07328,965AEL27,N4,,,,,SEC RE NCD 9.65% SR IV,1011.5,1011.5,1011.0,1011.5,1011.5,1011.5,,1011.5,,,666,673634.0,11,F1,1,,,,,
2026-09-03,2026-09-03,CM,NSE,STK,18487,INE741K07579,970CAGL28,ND,,,,,SEC RE NCD 9.70% SR VII,1020.99,1021.0,1020.99,1021.0,1021.0,1020.99,,1020.5,,,53,54112.85,3,F1,1,,,,,
2026-09-03,2026-09-03,CM,NSE,STK,23712,INE338I07123,97MOFSL34,N7,,,,,SEC RE NCD 9.70% SR VIII,1108.0,1110.0,1108.0,1110.0,1110.0,1109.0,,1110.0,,,81,89810.0,3,F1,1,,,,,
2026-09-03,2026-09-03,CM,NSE,STK,14038,INE244L07416,985SFIL28,NO,,,,,SEC RE NCD 9.85% SR.VIII,375.25,375.25,375.25,375.25,375.25,395.01,,375.25,,,36,13509.0,2,F1,1,,,,,
2026-09-03,2026-09-03,CM,NSE,STK,20995,INE148I07RN6,990SCL26B,Y7,,,,,SEC RE NCD 9.9% SR IV,1072.0,1072.0,1072.0,1072.0,1072.0,1052.2,,1072.0,,,50,53600.0,1,F1,1,,,,,
2026-09-03,2026-09-03,CM,NSE,STK,25296,INE423A07344,99AEL29,N7,,,,,SEC RE NCD 9.90% SR VII,1055.0,1055.0,1051.0,1051.0,1051.0,1059.75,,1044.82,,,55,57925.0,3,F1,1,,,,,
2026-09-03,2026-09-03,CM,NSE,STK,25292,INE423A07377,AEL120924A,N5,,,,,SEC RE NCD SR V,1200.0,1200.0,1185.0,1185.0,1185.0,1200.0,,1185.0,,,210,250350.0,4,F1,1,,,,,
2026-09-03,2026-09-03,CM,NSE,STK,12471,INE741K07504,CAGL27A,N6,,,,,SEC RE NCD SR. VI,1491.91,1491.91,1491.91,1491.91,1491.91,1402.0,,1491.91,,,5,7459.55,1,F1,1,,,,,
2026-09-03,2026-09-03,CM,NSE,STK,14224,INE00QS24027,IMC1,N2,,,,,SEC RE NCGB 8.25% STRPP C,254.5,254.5,254.5,254.5,254.5,251.0,,254.5,,,1,254.5,1,F1,1,,,,,
2026-09-03,2026-09-03,CM,NSE,STK,14228,INE00QS24035,IMC1,N3,,,,,SEC RE NCGB 8.25% STRPP D,256.49,256.5,256.49,256.5,256.5,251.0,,256.5,,,2,512.99,2,F1,1,,,,,
2026-09-03,2026-09-03,CM,NSE,STK,7975,INE804IA7014,1015ECL29,NR,,,,,SEC RED NCD 10.15% SR. VI,1019.0,1019.0,1019.0,1019.0,1019.0,1018.25,,1019.0,,,682,694958.0,8,F1,1,,,,,
2026-09-03,2026-09-03,CM,NSE,STK,18624,INE148I07GJ7,865SCL26,N8,,,,,SEC RED NCD 8.65% SR. V,1001.0,1001.0,1001.0,1001.0,1001.0,1001.0,,1001.0,,,123,123123.0,7,F1,1,,,,,
2026-09-03,2026-09-03,CM,NSE,STK,18626,INE148I07GK5,885SCL26,N9,,,,,SEC RED NCD 8.85% SR. VI,1077.02,1077.02,1077.02,1077.02,1077.02,1075.0,,1077.02,,,10,10770.2,3,F1,1,,,,,
2026-09-03,2026-09-03,CM,NSE,STK,18628,INE148I07GL3,9SCL26BA,,,,,,SEC RED NCD 9.0% SR. VI,1081.0,1081.0,1081.0,1081.0,1081.0,1080.0,,1081.0,,,5,5405.0,1,F1,1,,,,,
2026-09-03,2026-09-03,CM,NSE,STK,498,INE721A07NU1,903SFL28,YI,,,,,SEC RED NCD 9.03% SR. II,1034.0,1034.0,1030.0,1030.0,1030.0,1034.0,,1030.0,,,9,9278.0,2,F1,1,,,,,
2026-09-03,2026-09-03,CM,NSE,STK,6149,INE721A07OC7,930SFL28,YP,,,,,SEC RED NCD 9.30% SR. II,1050.0,1050.0,1050.0,1050.0,1050.0,1048.0,,1050.0,,,10,10500.0,1,F1,1,,,,,
2026-09-03,2026-09-03,CM,NSE,STK,1001,INE721A07NX5,94SFL28,YL,,,,,SEC RED NCD 9.40% SR. V,1048.0,1048.0,1048.0,1048.0,1048.0,1039.95,,1048.95,,,200,209600.0,2,F1,1,,,,,
2026-09-03,2026-09-03,CM,NSE,STK,4288,INE804I078Y8,943ECL28,NJ,,,,,SEC RED NCD 9.43% SR. VI,1007.0,1009.9,1007.0,1009.9,1009.9,1004.33,,1009.9,,,390,393426.0,3,F1,1,,,,,
2026-09-03,2026-09-03,CM,NSE,STK,4292,INE804I079Y6,985ECL28,NK,,,,,SEC RED NCD 9.85% SR. VII,1003.1,1005.5,1000.0,1002.52,1003.0,1002.0,,1002.52,,,510,511117.0,14,F1,1,,,,,
2026-09-03,2026-09-03,CM,NSE,STK,19496,INE0BTM01013,SECMARK,EQ,,,,,SECMARK CONSULTANCY LTD,144.0,150.0,140.4,148.46,149.0,142.78,,148.47,,,1968,289323.43,74,F1,1,,,,,
2026-09-03,2026-09-03,CM,NSE,STK,11058,INE650K01021,SECURKLOUD,EQ,,,,,SECUREKLOUD TECH LIMITED,17.3,18.1,17.0,17.41,17.69,17.35,,17.41,,,17190,298198.65,135,F1,1,,,,,
2026-09-03,2026-09-03,CM,NSE,STK,761153,INE00XB01019,SEDEMAC,EQ,,,,,SEDEMAC MECHATRONICS LTD,2886.6,2945.0,2858.1,2905.9,2906.1,2866.5,,2905.86,,,78970,229240101.0,10442,F1,1,,,,,
2026-09-03,2026-09-03,CM,NSE,STK,7091,INE955I01044,SEJALLTD,EQ,,,,,SEJAL GLASS LIMITED,671.0,683.7,663.0,672.45,670.2,672.85,,672.45,,,5132,3439704.25,330,F1,1,,,,,
2026-09-03,2026-09-03,CM,NSE,STK,6262,INE105I01020,SELMC,EQ,,,,,SEL MANUFACTURING CO LTD,27.7,27.98,27.01,27.17,27.11,27.43,,27.36,,,2630,71759.73,57,F1,1,,,,,
2026-09-03,2026-09-03,CM,NSE,STK,11961,INE617A01013,SEMAC,EQ,,,,,SEMAC CONSTRUCTION LTD,290.55,290.55,290.55,290.55,290.55,292.0,,290.55,,,1,290.55,1,F1,1,,,,,
2026-09-03,2026-09-03,CM,NSE,STK,17271,INE602W01027,SENCO,EQ,,,,,SENCO GOLD LIMITED,353.0,354.9,347.25,349.05,349.5,348.6,,349.03,,,580287,203821394.55,13498,F1,1,,,,,
2026-09-03,2026-09-03,CM,NSE,STK,28888,INE0RB801010,SENORES,EQ,,,,,SENORES PHARMACEUTICALS L,1450.0,1462.4,1424.0,1430.4,1430.0,1449.5,,1430.44,,,111671,160483982.2,10573,F1,1,,,,,
2026-09-03,2026-09-03,CM,NSE,STK,15308,INE964H01014,SEPC,EQ,,,,,SEPC LIMITED,5.5,5.51,5.36,5.37,5.37,5.43,,5.37,,,7960833,43088819.25,4304,F1,1,,,,,
2026-09-03,2026-09-03,CM,NSE,STK,21197,INE306N07LM5,865TCAPS27,N8,,,,,SERENCD8.65%SR.IIICIII&IV,1035.76,1035.76,1011.0,1011.0,1011.0,1010.5,,1011.0,,,85,86114.8,3,F1,1,,,,,
2026-09-03,2026-09-03,CM,NSE,STK,17399,INE0P1Q01015,SERVICE,SM,,,,,SERVICE CARE LIMITED,71.25,71.3,67.15,69.4,70.9,70.3,,69.4,,,34000,2353800.0,14,F1,2000,,,,,
2026-09-03,2026-09-03,CM,NSE,STK,5507,INE782X01033,SERVOTECH,EQ,,,,,SERVOTECH REN POW SYS LTD,79.65,81.29,79.5,80.25,80.27,79.47,,80.25,,,295395,23741440.53,3323,F1,1,,,,,
2026-09-03,2026-09-03,CM,NSE,STK,759934,INE04VU01023,STYL,EQ,,,,,SESHAASAI TECHNOLOGIES L,386.1,394.45,384.65,387.05,387.6,386.0,,387.05,,,37954,14693942.6,2310,F1,1,,,,,
2026-09-03,2026-09-03,CM,NSE,STK,3066,INE630A01024,SESHAPAPER,EQ,,,,,SESHASAYEE PAPER & BOARDS,229.67,237.82,229.67,234.51,234.35,229.67,,234.51,,,67311,15765543.53,1015,F1,1,,,,,
2026-09-03,2026-09-03,CM,NSE,STK,17518,INE878E01021,SETCO,BE,,,,,SETCO AUTOMOTIVE LTD,18.35,18.35,17.15,17.36,17.5,17.51,,17.36,,,35578,625151.75,158,F1,1,,,,,
2026-09-03,2026-09-03,CM,NSE,STK,18024,INE023M01027,SETUINFRA,BZ,,,,,SETUBANDHAN INFRA LTD,0.55,0.55,0.55,0.55,0.55,0.53,,0.55,,,20621,11341.55,22,F1,1,,,,,
2026-09-03,2026-09-03,CM,NSE,STK,10836,INE573R01012,SEYAIND,BE,,,,,SEYA INDUSTRIES LIMITED,12.37,12.37,12.02,12.06,12.06,12.25,,12.04,,,5823,70661.75,26,F1,1,,,,,
2026-09-03,2026-09-03,CM,NSE,STK,758853,INE618R01015,SGFIN,EQ,,,,,SG FINSERVE LIMITED,678.9,689.5,672.0,676.8,676.4,674.6,,676.81,,,82919,56453375.2,3745,F1,1,,,,,
2026-09-03,2026-09-03,CM,NSE,STK,758889,INE385F01024,SGMART,EQ,,,,,SG MART LIMITED,840.0,840.0,812.6,815.85,814.2,827.2,,815.79,,,102121,83812126.9,6924,F1,1,,,,,
2026-09-03,2026-09-03,CM,NSE,STK,765247,INE967B01028,SGLRES,EQ,,,,,SGL RESOURCES LIMITED,2.33,2.44,2.27,2.39,2.41,2.33,,2.39,,,55677,131097.64,140,F1,1,,,,,
2026-09-03,2026-09-03,CM,NSE,STK,761469,INE12UN01015,SHADOWFAX,EQ,,,,,SHADOWFAX TECHNOLOGIES L,254.75,260.9,253.2,259.9,259.3,253.55,,259.9,,,2043099,527216832.7,29250,F1,1,,,,,
2026-09-03,2026-09-03,CM,NSE,STK,11859,INE640C01011,SHAHALLOYS,BE,,,,,SHAH ALLOYS LIMITED,110.3,112.0,106.84,106.84,106.84,112.46,,106.86,,,89140,9571416.33,265,F1,1,,,,,
2026-09-03,2026-09-03,CM,NSE,STK,20296,INE482J01021,SHAH,EQ,,,,,SHAH METACORP LIMITED,3.64,3.64,3.48,3.49,3.48,3.57,,3.49,,,1834414,6484113.34,1062,F1,1,,,,,
2026-09-03,2026-09-03,CM,NSE,STK,8727,INE151G01028,SHAILY,EQ,,,,,SHAILY ENG PLASTICS LTD,3199.0,3278.6,3162.8,3267.1,3265.0,3172.5,,3267.73,,,114452,371513960.2,14709,F1,1,,,,,
2026-09-03,2026-09-03,CM,NSE,STK,25574,INE908D01010,SHAKTIPUMP,EQ,,,,,SHAKTI PUMPS (I) LTD,473.45,478.8,470.1,472.2,473.0,472.35,,472.2,,,291210,137642692.55,13375,F1,1,,,,,
2026-09-03,2026-09-03,CM,NSE,STK,714,INE597J01018,SHALBY,EQ,,,,,SHALBY LIMITED,152.0,154.0,151.93,152.64,151.93,151.33,,152.64,,,41367,6315266.92,994,F1,1,,,,,
2026-09-03,2026-09-03,CM,NSE,STK,761688,INE861D01011,SAHLIBHFI,EQ,,,,,SHALIBHADRA FINANCE LTD,88.1,91.95,84.01,89.12,90.99,86.36,,89.1,,,170131,15168448.12,2414,F1,1,,,,,
2026-09-03,2026-09-03,CM,NSE,STK,15346,INE849C01026,SHALPAINTS,BE,,,,,SHALIM PAINTS LTD,79.4,81.55,79.4,81.55,81.55,77.67,,81.62,,,91270,7437739.15,154,F1,1,,,,,
2026-09-03,2026-09-03,CM,NSE,STK,25737,INE01NE01012,SRD,EQ,,,,,SHANKAR LAL RAMPAL LTD,39.4,39.8,38.11,39.66,39.59,38.63,,39.62,,,10803,425128.88,133,F1,1,,,,,
2026-09-03,2026-09-03,CM,NSE,STK,20321,INE274V01019,SHANKARA,EQ,,,,,SHANKARA BLDG PRODUCT LTD,147.33,148.4,146.77,147.09,147.05,147.33,,147.09,,,135168,19874871.5,320,F1,1,,,,,
2026-09-03,2026-09-03,CM,NSE,STK,760594,INE24OJ01011,BUILDPRO,EQ,,,,,SHANKARA BUILDPRO LIMITED,1270.0,1297.0,1261.3,1288.8,1296.4,1261.8,,1288.34,,,22417,28724006.1,1635,F1,1,,,,,
2026-09-03,2026-09-03,CM,NSE,STK,765382,INE1WFC01025,SHANKESH,EQ,,,,,SHANKESH JEWELLERS LTD,98.0,99.36,95.7,97.4,97.6,97.95,,97.43,,,4660673,456086932.21,23975,F1,1,,,,,
2026-09-03,2026-09-03,CM,NSE,STK,3078,INE631A01022,SHANTIGEAR,EQ,,,,,SHANTHI GEARS LTD,529.85,582.8,529.85,582.8,582.8,529.85,,583.01,,,617083,354927395.7,9907,F1,1,,,,,
2026-09-03,2026-09-03,CM,NSE,STK,762889,INE440T01028,SEIL,EQ,,,,,SHANTI EDU INITIATIVES L,203.81,209.03,201.0,202.34,202.2,201.56,,202.25,,,161132,32882873.24,1719,F1,1,,,,,
2026-09-03,2026-09-03,CM,NSE,STK,758002,INE06ZD01017,SHANTIGOLD,EQ,,,,,SHANTI GOLD INTERNATION L,246.9,252.5,242.73,245.05,245.7,243.3,,245.05,,,1137453,281561264.83,15274,F1,1,,,,,
2026-09-03,2026-09-03,CM,NSE,STK,5650,INE933X01016,SHANTI,EQ,,,,,SHANTI OVERSEAS INDIA LTD,6.75,6.75,6.3,6.31,6.3,6.29,,6.31,,,5523,35287.92,57,F1,1,,,,,
2026-09-03,2026-09-03,CM,NSE,STK,762904,INE220Z01013,SHINDL,EQ,,,,,SHARAT INDUSTRIES LTD.,161.07,162.37,158.2,159.35,159.0,160.68,,159.37,,,314669,50243657.02,845,F1,1,,,,,
2026-09-03,2026-09-03,CM,NSE,STK,4992,INE221J01015,SHARDACROP,EQ,,,,,SHARDA CROPCHEM LTD.,784.9,784.9,771.1,772.75,774.95,778.3,,772.75,,,62688,48628942.6,4746,F1,1,,,,,
2026-09-03,2026-09-03,CM,NSE,STK,10530,INE597I01028,SHARDAMOTR,EQ,,,,,SHARDA MOTOR INDS LTD,877.9,889.95,875.2,877.9,878.15,875.7,,877.88,,,24681,21780271.55,5438,F1,1,,,,,
2026-09-03,2026-09-03,CM,NSE,STK,762897,INE037B01020,SHARDUL,BE,,,,,SHARDUL SECURITIES LTD.,54.9,54.95,53.0,53.77,53.78,53.03,,53.76,,,21223,1141060.35,64,F1,1,,,,,
2026-09-03,2026-09-03,CM,NSE,STK,104,INE932X01026,SHAREINDIA,EQ,,,,,SHARE IND. SECURITIES LTD,169.98,170.33,169.01,169.27,169.5,168.48,,169.27,,,60403,10230636.67,833,F1,1,,,,,
2026-09-03,2026-09-03,CM,NSE,STK,19469,INE460Q01014,SCML,SM,,,,,SHARP CHUCKS N MACHINES L,82.75,85.0,82.75,83.2,82.75,83.95,,83.2,,,46000,3854250.0,39,F1,1000,,,,,
2026-09-03,2026-09-03,CM,NSE,STK,759410,INE0YJV01017,SHEEL,ST,,,,,SHEEL BIOTECH LIMITED,64.0,64.5,64.0,64.5,64.5,61.65,,64.5,,,12000,770800.0,6,F1,2000,,,,,
2026-09-03,2026-09-03,CM,NSE,STK,19184,INE916U01025,SFL,EQ,,,,,SHEELA FOAM LIMITED,646.85,652.85,641.45,644.9,643.9,646.85,,644.79,,,60462,39156800.95,6219,F1,1,,,,,
2026-09-03,2026-09-03,CM,NSE,STK,12081,INE501Y01019,SCPL,BE,,,,,SHEETAL COOL PRODUCTS LTD,637.0,668.75,608.3,641.9,647.0,637.2,,641.9,,,15984,10243366.8,644,F1,1,,,,,
2026-09-03,2026-09-03,CM,NSE,STK,20415,INE04VX01019,SHEETAL,SM,,,,,SHEETAL UNIVERSAL LIMITED,340.95,352.0,340.95,348.0,348.0,333.75,,348.0,,,7000,2416475.0,14,F1,500,,,,,
2026-09-03,2026-09-03,CM,NSE,STK,21099,INE268L01046,SHEKHAWATI,BE,,,,,SHEKHAWATI INDUSTRIES LTD,15.8,15.8,14.61,15.25,15.25,15.3,,15.25,,,24808,375585.39,103,F1,1,,,,,
2026-09-03,2026-09-03,CM,NSE,STK,5072,INE363M01019,SHEMAROO,BE,,,,,SHEMAROO ENTER. LTD.,125.51,128.3,123.54,125.74,127.0,126.78,,125.58,,,17118,2177583.05,48,F1,1,,,,,
2026-09-03,2026-09-03,CM,NSE,STK,14172,INE0MM001019,SHERA,SM,,,,,SHERA ENERGY LIMITED,173.55,193.35,173.55,182.4,182.0,176.3,,182.4,,,129000,23919250.0,118,F1,1000,,,,,
2026-09-03,2026-09-03,CM,NSE,STK,764890,INE011D01013,SHERVANI,EQ,,,,,SHERVANI INDUSTRIAL SYN L,342.75,342.75,310.0,315.05,316.0,342.75,,315.18,,,282,89628.95,43,F1,1,,,,,
2026-09-03,2026-09-03,CM,NSE,STK,8394,INE03KJ01013,SHIGAN,SM,,,,,SHIGAN QUANTUM TECH LTD,74.0,74.5,71.2,73.95,74.0,71.1,,73.95,,,55500,4050525.0,12,F1,1500,,,,,
2026-09-03,2026-09-03,CM,NSE,STK,759847,INE024F01011,SHILCTECH,EQ,,,,,SHILCHAR TECHNOLOGIES LTD,3995.4,4097.7,3974.0,4041.6,4040.0,3995.4,,4042.25,,,13639,54764155.0,3080,F1,1,,,,,
2026-09-03,2026-09-03,CM,NSE,STK,764895,INE960A01017,SHILGRAVQ,EQ,,,,,SHILP GRAVURES LTD.,155.1,155.1,148.1,150.42,149.99,155.12,,149.8,,,7871,1186880.93,150,F1,1,,,,,
2026-09-03,2026-09-03,CM,NSE,STK,17752,INE790G01031,SHILPAMED,EQ,,,,,SHILPA MEDICARE LTD,935.0,966.45,923.6,956.15,960.0,928.55,,956.14,,,1865429,1776181431.45,72290,F1,1,,,,,
2026-09-03,2026-09-03,CM,NSE,STK,23127,INE0PB301013,SCILAL,EQ,,,,,SHIPPING CORP OF ILA LTD,39.88,40.24,39.77,40.02,40.08,39.47,,40.01,,,224963,8994078.22,1009,F1,1,,,,,
2026-09-03,2026-09-03,CM,NSE,STK,3048,INE109A01011,SCI,EQ,,,,,SHIPPING CORP OF INDIA LT,289.95,297.65,289.95,294.95,296.1,288.2,,294.97,,,2179977,642972530.9,34788,F1,1,,,,,
2026-09-03,2026-09-03,CM,NSE,STK,765282,INE0FOO01011,SHIPROCKET,EQ,,,,,SHIPROCKET LIMITED,134.51,139.5,132.6,135.89,136.0,133.82,,135.89,,,11756152,1601435170.86,72437,F1,1,,,,,
2026-09-03,2026-09-03,CM,NSE,STK,759747,INE719F01016,SHIVAUM,EQ,,,,,SHIV AUM STEELS LIMITED,450.0,460.0,448.0,450.0,450.0,448.2,,450.0,,,21740,9786350.6,68,F1,1,,,,,
2026-09-03,2026-09-03,CM,NSE,STK,765160,INE555C01029,SHIVACEM,EQ,,,,,SHIVA CEMENT LTD.,15.99,16.4,15.7,15.7,15.95,15.99,,15.8,,,55110,883508.7,304,F1,1,,,,,
2026-09-03,2026-09-03,CM,NSE,STK,764900,INE960E01019,SHIVAAGRO,EQ,,,,,SHIVA GLOBAL AGRO INDS. L,40.98,42.94,40.0,42.9,42.9,40.8,,41.0,,,559,22926.46,13,F1,1,,,,,
2026-09-03,2026-09-03,CM,NSE,STK,1497,INE644Y01017,SHIVAMILLS,EQ,,,,,SHIVA MILLS LIMITED,62.49,62.49,60.22,61.58,61.69,61.15,,61.58,,,483,29166.58,16,F1,1,,,,,
2026-09-03,2026-09-03,CM,NSE,STK,804,INE705C01020,SHIVATEX,EQ,,,,,SHIVA TEXYARN LIMITED,179.61,186.0,179.61,182.22,182.0,180.51,,182.22,,,18630,3415266.26,292,F1,1,,,,,
2026-09-03,2026-09-03,CM,NSE,STK,24249,INE0T7B01010,SPCL,SM,,,,,SHIVALIC POWER CONTROL L,61.1,62.45,61.05,61.2,61.3,60.7,,61.2,,,6600,404910.0,11,F1,600,,,,,
2026-09-03,2026-09-03,CM,NSE,STK,4656,INE386D01027,SBCL,EQ,,,,,SHIVALIK BIMETAL CON. LTD,1062.9,1155.9,1052.0,1155.9,1155.9,1050.9,,1155.89,,,675189,746934682.0,25564,F1,1,,,,,
2026-09-03,2026-09-03,CM,NSE,STK,7026,INE788J01021,SHIVALIK,BE,,,,,SHIVALIK RASAYAN LIMITED,320.8,324.0,311.0,313.4,311.0,325.85,,313.41,,,31028,9805753.35,502,F1,1,,,,,
2026-09-03,2026-09-03,CM,NSE,STK,13756,INE637H01024,SHIVAMAUTO,EQ,,,,,SHIVAM AUTO.LTD,17.45,18.19,17.45,17.8,17.94,17.85,,17.8,,,42692,757019.83,101,F1,1,,,,,
2026-09-03,2026-09-03,CM,NSE,STK,11813,INE498B01024,SHOPERSTOP,EQ,,,,,SHOPPERS STOP LIMITED,387.85,394.5,378.15,391.45,390.5,381.25,,391.4,,,24851,9600594.0,1678,F1,1,,,,,
2026-09-03,2026-09-03,CM,NSE,STK,764905,INE311M01018,SHRADDHA,EQ,,,,,SHRADDHA PRIME PROJECTS L,162.98,164.0,150.02,152.78,154.98,157.89,,152.81,,,8688,1349260.03,274,F1,1,,,,,
2026-09-03,2026-09-03,CM,NSE,STK,708,INE715Y01031,SHRADHA,EQ,,,,,SHRADHA REALTY LIMITED,31.75,36.0,31.5,31.9,31.65,31.63,,31.9,,,36952,1186356.03,103,F1,1,,,,,
2026-09-03,2026-09-03,CM,NSE,STK,10588,INE712K01011,SHREEPUSHK,EQ,,,,,SHRE PUSH CHEM & FERT LTD,469.05,489.0,464.1,477.45,479.0,468.05,,477.37,,,121293,58205886.5,5078,F1,1,,,,,
2026-09-03,2026-09-03,CM,NSE,STK,762874,INE185C01017,SAPPL,EQ,,,,,SHREE AJIT PULP & PAPER L,288.95,303.3,276.0,280.6,286.0,280.0,,280.78,,,596,169917.0,41,F1,1,,,,,
2026-09-03,2026-09-03,CM,NSE,STK,3103,INE070A01015,SHREECEM,EQ,,,,,SHREE CEMENT LIMITED,23680.0,24050.0,23575.0,23910.0,23910.0,23680.0,,23910.48,,,20001,477156615.0,9110,F1,1,,,,,
2026-09-03,2026-09-03,CM,NSE,STK,3099,INE232A01011,SHREDIGCEM,EQ,,,,,SHREE DIGVIJAY CEM CO LTD,73.0,75.69,71.57,74.28,73.65,70.95,,74.32,,,276831,20335842.78,2111,F1,1,,,,,
2026-09-03,2026-09-03,CM,NSE,STK,764885,INE414Y01015,SGRL,EQ,,,,,SHREE GANESH REMEDIES LTD,678.0,699.95,678.0,684.1,687.0,685.65,,684.35,,,21215,14662882.75,702,F1,1,,,,,
2026-09-03,2026-09-03,CM,NSE,STK,23074,INE0S4Y01010,SHREEKARNI,SM,,,,,SHREE KARNI FABCOM LTD,408.0,408.0,382.0,386.65,382.0,395.0,,386.65,,,4200,1670452.5,20,F1,150,,,,,
2026-09-03,2026-09-03,CM,NSE,STK,20603,INE02S501018,SHREEOSFM,SM,,,,,SHREE OSFM E-MOBILITY LTD,59.0,59.0,54.2,55.95,55.5,59.0,,55.95,,,14000,779250.0,14,F1,1000,,,,,
2026-09-03,2026-09-03,CM,NSE,STK,760188,INE19GK01015,SRTL,EQ,,,,,SHREE RAM TWISTEX LIMITED,36.61,38.25,35.87,36.72,36.6,36.99,,36.61,,,109628,4026347.02,1114,F1,1,,,,,
2026-09-03,2026-09-03,CM,NSE,STK,7627,INE879A01019,SHREERAMA,EQ,,,,,SHREE RAMA MULTI TECH LTD,41.97,47.44,41.36,44.52,44.12,41.13,,44.51,,,371628,16657627.57,2534,F1,1,,,,,
2026-09-03,2026-09-03,CM,NSE,STK,13565,INE278B01020,RAMANEWS,EQ,,,,,SHREE RAMA NEWSPRINT LTD,31.89,32.8,30.5,32.35,32.35,31.2,,32.35,,,39050,1233271.89,215,F1,1,,,,,
2026-09-03,2026-09-03,CM,NSE,STK,12026,INE087H01022,RENUKA,EQ,,,,,SHREE RENUKA SUGARS LTD,24.15,24.85,24.0,24.27,24.19,23.94,,24.27,,,17941170,439324088.21,26008,F1,1,,,,,
2026-09-03,2026-09-03,CM,NSE,STK,21868,INE238Y01018,TIRUPATI,SM,,,,,SHREE TIRUPATI BALAJEE,295.0,324.0,295.0,324.0,324.0,310.0,,324.0,,,625,188000.0,5,F1,125,,,,,
2026-09-03,2026-09-03,CM,NSE,STK,25203,INE0S2G01011,BALAJEE,EQ,,,,,SHREE TIRUPATI BALAJEE L,26.98,26.98,26.0,26.15,26.22,26.25,,26.17,,,28150,735345.47,201,F1,1,,,,,
2026-09-03,2026-09-03,CM,NSE,STK,15126,INE00CE01017,SVLL,BE,,,,,SHREE VASU LOGISTICS LTD,819.9,819.9,806.0,806.0,806.0,807.0,,806.0,,,1033,841504.9,21,F1,1,,,,,
2026-09-03,2026-09-03,CM,NSE,STK,762159,INE0K3301012,SHREEDHAR,ST,,,,,SHREEDHAR SPINNERS LTD,109.8,116.75,109.05,112.55,109.05,111.2,,112.55,,,56000,6293000.0,26,F1,2000,,,,,
2026-09-03,2026-09-03,CM,NSE,STK,759802,INE1FL101016,SHETHJI,SM,,,,,SHREEJI GLOBAL FMCG LTD,187.0,193.0,187.0,190.25,192.95,186.55,,190.25,,,98000,18629500.0,47,F1,1000,,,,,
2026-09-03,2026-09-03,CM,NSE,STK,759448,INE1B6101010,SHREEJISPG,EQ,,,,,SHREEJI SHIPPING GLOBAL L,648.9,671.0,637.05,664.25,662.0,643.4,,664.26,,,2427502,1578000318.75,24663,F1,1,,,,,
2026-09-03,2026-09-03,CM,NSE,STK,14305,INE00IK01029,OSWALSEEDS,EQ,,,,,SHREEOSWAL S AND CHE LTD,11.99,12.1,11.51,11.92,11.86,11.8,,11.92,,,56914,676557.72,265,F1,1,,,,,
2026-09-03,2026-09-03,CM,NSE,STK,5718,INE0GTI23014,SHREMINVIT,IV,,,,,SHREM INVIT,101.0,101.0,100.5,100.5,100.5,101.0,,100.5,,,825000,82925000.0,3,F1,25000,,,,,
2026-09-03,2026-09-03,CM,NSE,STK,760252,INE632X01030,SHRENIK,BZ,,,,,SHRENIK LIMITED,0.29,0.29,0.28,0.29,0.29,0.28,,0.29,,,447908,128284.17,189,F1,1,,,,,
2026-09-03,2026-09-03,CM,NSE,STK,3126,INE231C01019,SHREYANIND,EQ,,,,,SHREYANS INDUSTRIES LTD,125.01,134.0,123.1,129.3,129.05,125.71,,129.3,,,6985,889298.68,176,F1,1,,,,,
2026-09-03,2026-09-03,CM,NSE,STK,756409,INE0DM401012,SHRIAHIMSA,ST,,,,,SHRI AHIMSA NATURALS LTD,486.0,486.0,473.0,473.1,473.1,485.6,,473.1,,,6600,3157380.0,11,F1,600,,,,,
2026-09-03,2026-09-03,CM,NSE,STK,762899,INE402H01015,SHBAJRG,EQ,,,,,SHRI BAJRANG ALLIANCE L,156.99,160.89,156.9,160.83,160.88,155.07,,160.65,,,1515,240030.17,56,F1,1,,,,,
2026-09-03,2026-09-03,CM,NSE,STK,758568,INE0NON01025,SHKSIL,SM,,,,,SHRI HARE-KRI SPO IRON L,33.7,36.5,33.7,34.25,34.0,33.8,,34.25,,,28000,995300.0,9,F1,2000,,,,,
2026-09-03,2026-09-03,CM,NSE,STK,764910,INE564J01026,SHRJAGP,EQ,,,,,SHRI JAGDAMBA POLYMERS L,630.45,639.25,618.0,621.3,620.5,615.55,,621.13,,,241,150632.7,26,F1,1,,,,,
2026-09-03,2026-09-03,CM,NSE,STK,760202,INE1V4601019,SHRIKANHA,SM,,,,,SHRI KANHA STAINLESS LTD,22.25,22.25,21.2,21.7,22.25,22.25,,21.7,,,8000,173440.0,5,F1,1600,,,,,
2026-09-03,2026-09-03,CM,NSE,STK,762909,INE997I01012,SHRIKRISH,EQ,,,,,SHRI KRISHNA DEVCON LTD.,40.0,40.0,37.5,38.85,38.85,39.81,,39.87,,,830,31802.42,31,F1,1,,,,,
2026-09-03,2026-09-03,CM,NSE,STK,765210,INE574G01013,VASUPRADA,EQ,,,,,SHRI VASUPRADA PLANTATI L,102.0,102.0,102.0,102.0,102.0,97.2,,102.0,,,105,10710.0,3,F1,1,,,,,
2026-09-03,2026-09-03,CM,NSE,STK,759093,INE1B3L01017,SHRINGARMS,EQ,,,,,SHRINGAR HOU OF MANGALS L,217.01,219.8,217.0,217.28,219.0,216.23,,217.28,,,290555,63378598.78,1489,F1,1,,,,,
2026-09-03,2026-09-03,CM,NSE,STK,24374,INF680P01422,LIQUIDSHRI,EQ,,,,,SHRIRAM - LIQUIDSHRI,1119.97,1119.97,1119.95,1119.96,1119.97,1119.83,,1119.96,,,31694,35496320.42,26,F1,1,,,,,
2026-09-03,2026-09-03,CM,NSE,STK,4306,INE721A01047,SHRIRAMFIN,EQ,,,,,SHRIRAM FINANCE LIMITED,1056.0,1068.9,1038.6,1044.2,1044.2,1047.0,,1044.23,,,6236042,6523265449.7,104364,F1,1,,,,,
2026-09-03,2026-09-03,CM,NSE,STK,7200,INE217L01019,SHRIRAMPPS,EQ,,,,,SHRIRAM PROPERTIES LTD,75.62,77.1,75.0,75.68,76.27,75.68,,75.68,,,1351752,102367045.18,3275,F1,1,,,,,
2026-09-03,2026-09-03,CM,NSE,STK,25240,INE0UL701015,SHUBHSHREE,SM,,,,,SHUBHSHREE BIOFUELS ENE L,352.5,352.5,352.0,352.0,352.0,347.5,,352.0,,,600,211350.0,2,F1,300,,,,,
2026-09-03,2026-09-03,CM,NSE,STK,764537,INE551C01044,SHUKRAPHAR,EQ,,,,,SHUKRA PHARMACEUTICALS L,47.37,54.9,47.1,51.93,52.0,46.79,,51.94,,,8949935,460773294.48,29534,F1,1,,,,,
2026-09-03,2026-09-03,CM,NSE,STK,10192,INE979R01011,SHYAMCENT,BE,,,,,SHYAM CENTURY FERROUS LTD,4.85,5.05,4.85,4.96,5.0,5.02,,5.0,,,47873,237935.82,124,F1,1,,,,,
2026-09-03,2026-09-03,CM,NSE,STK,761213,INE1CRP01016,SHYAMDHANI,ST,,,,,SHYAM DHANI INDUSTRIES L,52.95,54.0,52.95,54.0,54.0,52.95,,54.0,,,8000,428700.0,4,F1,2000,,,,,
2026-09-03,2026-09-03,CM,NSE,STK,4693,INE810G01011,SHYAMMETL,EQ,,,,,SHYAM METALICS AND ENGY L,1077.6,1101.9,1069.8,1076.4,1081.0,1072.6,,1076.43,,,661154,715788174.2,14328,F1,1,,,,,
2026-09-03,2026-09-03,CM,NSE,STK,13740,INE635A01023,SHYAMTEL,EQ,,,,,SHYAM TELECOM LIMITED,11.35,11.5,11.05,11.42,11.35,11.12,,11.42,,,6276,71543.72,59,F1,1,,,,,
2026-09-03,2026-09-03,CM,NSE,STK,16875,INE176J01011,SICAGEN,EQ,,,,,SICAGEN INDIA LIMITED,57.93,59.5,57.93,58.65,58.45,57.93,,58.63,,,32048,1880585.24,371,F1,1,,,,,
2026-09-03,2026-09-03,CM,NSE,STK,19440,INE075B01020,SICALLOG,BE,,,,,SICAL LOGISTICS LIMITED,108.88,108.88,108.88,108.88,108.88,103.7,,108.88,,,24495,2667015.6,64,F1,1,,,,,
2026-09-03,2026-09-03,CM,NSE,STK,759053,INE0SVO01019,SIDDHICOTS,SM,,,,,SIDDHI COTSPIN LIMITED,26.65,27.4,26.6,26.6,26.6,26.75,,26.6,,,13200,355920.0,10,F1,1200,,,,,
2026-09-03,2026-09-03,CM,NSE,STK,3148,INE0A1E01018,SIDDHIKA,SM,,,,,SIDDHIKA COATINGS LIMITED,215.0,223.0,215.0,223.0,223.0,215.4,,223.0,,,1500,326525.0,3,F1,500,,,,,
2026-09-03,2026-09-03,CM,NSE,STK,756871,INE1NPP01017,ENRIN,EQ,,,,,SIEMENS ENERGY INDIA LTD,3148.0,3215.0,3118.0,3155.2,3148.0,3119.3,,3155.09,,,548283,1739035071.6,55241,F1,1,,,,,
2026-09-03,2026-09-03,CM,NSE,STK,3150,INE003A01024,SIEMENS,EQ,,,,,SIEMENS LTD,4018.9,4111.9,4008.1,4030.0,4030.0,4018.9,,4030.0,,,388897,1577082048.1,38977,F1,1,,,,,
2026-09-03,2026-09-03,CM,NSE,STK,6663,INE0D0K01022,SIGACHI,EQ,,,,,SIGACHI INDUSTRIES LTD,32.69,33.55,32.3,32.55,32.48,32.53,,32.55,,,2066857,67864206.03,6644,F1,1,,,,,
2026-09-03,2026-09-03,CM,NSE,STK,14797,INE933B01012,SIGMAADV,BE,,,,,SIGMA ADVANCED SYSTEM LTD,774.95,775.0,750.0,754.8,753.85,772.95,,754.49,,,116874,88483223.8,2396,F1,1,,,,,
2026-09-03,2026-09-03,CM,NSE,STK,16658,INE0A0S01028,SIGMA,EQ,,,,,SIGMA SOLVE LIMITED,48.49,48.49,47.0,47.42,47.1,46.85,,47.41,,,69898,3322350.81,826,F1,1,,,,,
2026-09-03,2026-09-03,CM,NSE,STK,18743,INE903U01023,SIGNATURE,EQ,,,,,SIGNATUREGLOBAL INDIA LTD,765.8,806.65,765.8,794.2,796.0,765.3,,794.18,,,320785,253627860.35,14215,F1,1,,,,,
2026-09-03,2026-09-03,CM,NSE,STK,4517,INE529F01035,SIGIND,BE,,,,,SIGNET INDUSTRIES LIMITED,71.99,72.49,69.05,71.14,71.2,71.58,,71.14,,,15643,1104768.64,169,F1,1,,,,,
2026-09-03,2026-09-03,CM,NSE,STK,23150,INE0RDE01010,SIGNORIA,ST,,,,,SIGNORIA CREATION LIMITED,159.0,159.0,159.0,159.0,159.0,162.0,,159.0,,,2000,318000.0,1,F1,1000,,,,,
2026-09-03,2026-09-03,CM,NSE,STK,22656,INE0KGZ01021,SIGNPOST,EQ,,,,,SIGNPOST INDIA LIMITED,244.0,247.95,240.15,245.45,246.5,242.7,,245.45,,,54175,13203273.65,1970,F1,1,,,,,
2026-09-03,2026-09-03,CM,NSE,STK,762914,INE438E01032,SIKA,EQ,,,,,SIKA INTERPLANT SYSTEMS L,992.3,998.85,962.5,974.75,979.0,987.4,,975.08,,,27776,27171966.7,2280,F1,1,,,,,
2026-09-03,2026-09-03,CM,NSE,STK,6226,INE112X01025,SIKKO,BE,,,,,SIKKO INDUSTRIES LIMITED,5.27,5.35,5.17,5.33,5.34,5.19,,5.33,,,215293,1133232.08,395,F1,1,,,,,
2026-09-03,2026-09-03,CM,NSE,STK,4105,INE923A01015,SILINV,EQ,,,,,SIL INVESTMENTS LIMITED,488.95,489.9,473.0,487.5,485.05,477.65,,487.5,,,1040,502707.45,79,F1,1,,,,,
2026-09-03,2026-09-03,CM,NSE,STK,2492,INE01II01013,SILGO,EQ,,,,,SILGO RETAIL LIMITED,72.86,72.86,70.11,71.16,71.1,71.89,,71.16,,,108662,7695361.75,669,F1,1,,,,,
2026-09-03,2026-09-03,CM,NSE,STK,23736,INE0STN01015,SILKFLEX,SM,,,,,SILKFLEX POLYMERS INDIA L,274.6,274.6,273.0,274.6,274.6,261.55,,274.6,,,80000,21965100.0,59,F1,1000,,,,,
2026-09-03,2026-09-03,CM,NSE,STK,757679,INE0SN801015,SILKY,SM,,,,,SILKY OVERSEAS LIMITED,71.15,71.15,65.85,69.95,69.95,69.4,,69.95,,,3200,218240.0,3,F1,800,,,,,
2026-09-03,2026-09-03,CM,NSE,STK,19097,INE203Y01012,SILLYMONKS,EQ,,,,,SILLY MONKS ENTERTAIN LTD,16.39,16.39,15.99,16.24,16.25,15.99,,16.24,,,11213,181757.95,32,F1,1,,,,,
2026-09-03,2026-09-03,CM,NSE,STK,9422,INE625X01026,SILVERTUC,EQ,,,,,SILVER TOUCH TECHNO LTD,177.0,181.0,165.1,169.72,168.0,173.81,,169.72,,,654744,111456688.23,9984,F1,1,,,,,
2026-09-03,2026-09-03,CM,NSE,STK,758836,INE748T01016,SIMBHALS,BZ,,,,,SIMBHAOLI SUGARS LTD.,7.96,7.96,7.95,7.95,7.95,8.11,,8.33,,,2215,17609.3,16,F1,1,,,,,
2026-09-03,2026-09-03,CM,NSE,STK,763378,INE1K4J01018,SIMCA,ST,,,,,SIMCA ADVERTISING LIMITED,257.0,258.0,257.0,257.65,257.3,258.0,,257.65,,,4200,1080510.0,5,F1,600,,,,,
2026-09-03,2026-09-03,CM,NSE,STK,3162,INE059B01024,SIMPLEXINF,EQ,,,,,SIMPLEX INFRASTRUCTURES L,266.0,270.2,265.75,266.95,267.8,265.2,,266.95,,,61855,16550308.6,1242,F1,1,,,,,
2026-09-03,2026-09-03,CM,NSE,STK,764915,INE167H01014,SIMPLXREA,EQ,,,,,SIMPLEX REALTY LTD.,139.5,139.5,139.5,139.5,139.5,136.68,,140.13,,,1,139.5,1,F1,1,,,,,
2026-09-03,2026-09-03,CM,NSE,STK,23480,INE985A01022,SINCLAIR,EQ,,,,,SINCLAIRS HOTELS LIMITED,82.1,85.29,82.1,83.85,84.19,82.67,,83.84,,,88131,7351949.09,764,F1,1,,,,,
2026-09-03,2026-09-03,CM,NSE,STK,16859,INE325D01025,SINDHUTRAD,EQ,,,,,SINDHU TRADE LINKS LTD,23.9,24.19,23.8,23.95,23.9,23.86,,23.95,,,3060248,73348814.04,609,F1,1,,,,,
2026-09-03,2026-09-03,CM,NSE,STK,761420,INE638A01035,SINGERIND,EQ,,,,,SINGER INDIA LIMITED,74.64,76.9,73.26,75.88,76.5,74.64,,76.02,,,127313,9529130.33,1050,F1,1,,,,,
2026-09-03,2026-09-03,CM,NSE,STK,381,INE129Z01016,SINTERCOM,EQ,,,,,SINTERCOM INDIA LIMITED,77.1,80.0,76.57,79.61,80.0,76.54,,79.61,,,8096,627892.53,84,F1,1,,,,,
2026-09-03,2026-09-03,CM,NSE,STK,11050,INE792Z01011,SIRCA,EQ,,,,,SIRCA PAINT INDIA LIMITED,433.95,448.45,431.75,440.4,439.0,431.25,,440.4,,,366522,161976038.85,5832,F1,1,,,,,
2026-09-03,2026-09-03,CM,NSE,STK,21501,INE285J01028,SIS,EQ,,,,,SIS LIMITED,433.7,441.0,430.0,435.85,433.6,430.0,,435.85,,,773082,336696863.85,16271,F1,1,,,,,
2026-09-03,2026-09-03,CM,NSE,STK,29210,INE965H01011,SITINET,BZ,,,,,SITI NETWORKS LIMITED,0.3,0.3,0.29,0.29,0.3,0.29,,0.29,,,607471,178769.85,240,F1,1,,,,,
2026-09-03,2026-09-03,CM,NSE,STK,14096,INE076B01028,SIYSIL,EQ,,,,,SIYARAM SILK MILLS LTD,550.25,561.8,550.25,558.65,555.0,550.35,,558.67,,,24396,13567504.05,1711,F1,1,,,,,
2026-09-03,2026-09-03,CM,NSE,STK,6643,INE284S01014,SJS,EQ,,,,,SJS ENTERPRISES LIMITED,2415.8,2432.7,2397.0,2411.1,2410.0,2403.8,,2411.1,,,91032,219644565.9,9165,F1,1,,,,,
2026-09-03,2026-09-03,CM,NSE,STK,18883,INE002L01015,SJVN,EQ,,,,,SJVN LTD,64.52,66.05,64.26,64.98,65.15,63.92,,64.98,,,2436292,158929531.87,18471,F1,1,,,,,
2026-09-03,2026-09-03,CM,NSE,STK,760101,INE2J8701016,SKFINDUS,EQ,,,,,SKF IND (INDUSTRIAL) LTD,3064.0,3131.0,3030.0,3062.8,3055.0,3039.2,,3062.57,,,63290,194906530.1,18924,F1,1,,,,,
2026-09-03,2026-09-03,CM,NSE,STK,3186,INE640A01023,SKFINDIA,EQ,,,,,SKF INDIA LTD,1539.7,1550.0,1532.1,1540.6,1540.0,1532.1,,1540.6,,,18372,28280557.6,3151,F1,1,,,,,
2026-09-03,2026-09-03,CM,NSE,STK,9428,INE439E01022,SKIPPER,EQ,,,,,SKIPPER LIMITED,541.2,553.95,539.0,546.9,547.9,537.15,,546.9,,,413217,225633569.25,12864,F1,1,,,,,
2026-09-03,2026-09-03,CM,NSE,STK,4732,INE411D01023,SKMEGGPROD,EQ,,,,,SKM EGG PROD EXPORT(I) LT,261.95,269.8,259.75,262.4,259.75,261.75,,262.41,,,213171,56587194.4,4250,F1,1,,,,,
2026-09-03,2026-09-03,CM,NSE,STK,10325,INE0KZA01016,SKP,SM,,,,,SKP BEARING INDUSTRI. LTD,148.25,149.0,146.05,146.6,146.95,148.1,,146.6,,,69500,10220650.0,70,F1,500,,,,,
2026-09-03,2026-09-03,CM,NSE,STK,13631,INE01IU01018,SKYGOLD,EQ,,,,,SKY GOLD AND DIAMONDS LTD,756.5,767.7,738.05,742.0,740.0,753.1,,742.05,,,970851,728128038.5,34078,F1,1,,,,,
2026-09-03,2026-09-03,CM,NSE,STK,765336,INE0VFE01017,SKYTECH,ST,,,,,SKYTECH INFINITE PLATFM L,44.5,44.5,44.5,44.5,44.5,46.8,,44.5,,,3200,142400.0,2,F1,1600,,,,,
2026-09-03,2026-09-03,CM,NSE,STK,765480,INE0PX301025,SKYWAYS,EQ,,,,,SKYWAYS AIR SERVICES LTD,130.88,135.6,130.0,130.06,130.1,129.31,,130.06,,,10064287,1326318908.47,65466,F1,1,,,,,
2026-09-03,2026-09-03,CM,NSE,STK,23692,INE0SMA01017,SLONE,ST,,,,,SLONE INFOSYSTEMS LIMITED,180.8,180.9,174.3,179.85,180.9,174.2,,179.85,,,8800,1580200.0,16,F1,400,,,,,
2026-09-03,2026-09-03,CM,NSE,STK,757622,INE14GK01016,SMARTEN,ST,,,,,SMARTEN POWER SYSTEMS LTD,55.5,57.3,54.85,54.85,54.85,54.75,,54.85,,,4800,267780.0,4,F1,1200,,,,,
2026-09-03,2026-09-03,CM,NSE,STK,9893,INE178C01020,SMARTLINK,BE,,,,,SMARTLINK HOLDINGS LTD,207.05,214.94,206.0,212.72,212.46,209.37,,212.72,,,3135,649829.46,65,F1,1,,,,,
2026-09-03,2026-09-03,CM,NSE,STK,757965,INE0NAZ01010,SMARTWORKS,EQ,,,,,SMARTWORKS COWORKING SP L,531.0,535.45,529.45,531.4,530.05,525.45,,531.4,,,23582,12546811.7,1182,F1,1,,,,,
2026-09-03,2026-09-03,CM,NSE,STK,2320,INE103C01036,SMCGLOBAL,EQ,,,,,SMC GLOBAL SECURITIES LTD,79.37,80.4,79.02,79.42,79.49,79.37,,79.42,,,416635,33095464.0,448,F1,1,,,,,
2026-09-03,2026-09-03,CM,NSE,STK,3387,INE294B01019,SMLMAH,EQ,,,,,SML MAHINDRA LIMITED,5370.0,5790.0,5291.0,5726.0,5725.0,5318.5,,5726.53,,,246795,1389084462.0,39384,F1,1,,,,,
2026-09-03,2026-09-03,CM,NSE,STK,14329,INE812G01025,SMSPHARMA,EQ,,,,,SMS PHARMACEUTICALS LTD.,373.05,376.4,368.55,374.15,374.1,373.05,,374.15,,,57594,21466009.7,1774,F1,1,,,,,
2026-09-03,2026-09-03,CM,NSE,STK,758946,INE1OIC01018,SNEHAA,SM,,,,,SNEHAA ORGANICS LIMITED,46.0,47.7,44.5,46.0,46.0,46.0,,46.0,,,5000,228750.0,5,F1,1000,,,,,
2026-09-03,2026-09-03,CM,NSE,STK,4843,INE734N01019,SNOWMAN,EQ,,,,,SNOWMAN LOGISTICS LTD.,35.94,37.0,35.94,36.41,36.58,36.07,,36.38,,,74329,2718092.45,1129,F1,1,,,,,
2026-09-03,2026-09-03,CM,NSE,STK,13826,INE671H01015,SOBHA,EQ,,,,,SOBHA LIMITED,1245.8,1272.6,1240.0,1259.1,1266.4,1230.1,,1258.77,,,153978,193935329.3,10599,F1,1,,,,,
2026-09-03,2026-09-03,CM,NSE,STK,8266,INE728Z01015,SOFTTECH,EQ,,,,,SOFTTECH ENGINEERS LTD,429.4,429.4,417.0,421.8,421.95,412.9,,421.8,,,1906,806007.7,28,F1,1,,,,,
2026-09-03,2026-09-03,CM,NSE,STK,13332,INE343H01029,SOLARINDS,EQ,,,,,SOLAR INDUSTRIES (I) LTD,20635.0,21645.0,20630.0,21500.0,21500.0,20600.0,,21497.12,,,481869,10322114155.0,82659,F1,1,,,,,
2026-09-03,2026-09-03,CM,NSE,STK,3672,INE624Z01016,SOLARA,EQ,,,,,SOLARA ACTIVE PHA SCI LTD,643.55,647.6,625.1,629.85,629.6,640.35,,629.86,,,226118,143735298.25,8522,F1,1,,,,,
2026-09-03,2026-09-03,CM,NSE,STK,759929,INE0TY101024,SOLARWORLD,EQ,,,,,SOLARWORLD ENERGY SOL LTD,143.93,150.4,143.74,149.76,149.5,142.83,,149.8,,,736863,109804610.63,5095,F1,1,,,,,
2026-09-03,2026-09-03,CM,NSE,STK,759397,INE880Y01017,SOLEX,EQ,,,,,SOLEX ENERGY LIMITED,718.5,749.4,712.6,728.95,728.0,712.95,,728.81,,,57607,42141156.15,5142,F1,1,,,,,
2026-09-03,2026-09-03,CM,NSE,STK,1338,INE480C01038,SDBL,EQ,,,,,SOM DIST & BREW LTD,72.59,73.93,72.15,72.62,72.18,72.58,,72.62,,,820282,59770942.25,2765,F1,1,,,,,
2026-09-03,2026-09-03,CM,NSE,STK,4201,INE314C01013,SOMATEX,EQ,,,,,SOMA TEXTILES & INDUST LT,92.75,92.75,88.87,92.75,92.75,88.34,,92.82,,,35251,3232623.78,210,F1,1,,,,,
2026-09-03,2026-09-03,CM,NSE,STK,3880,INE355A01028,SOMANYCERA,EQ,,,,,SOMANY CERAMICS LIMITED,570.1,574.05,556.6,569.5,570.4,570.1,,569.49,,,63243,35825790.95,2813,F1,1,,,,,
2026-09-03,2026-09-03,CM,NSE,STK,17794,INE323J01019,SOMICONVEY,EQ,,,,,SOMI CONVEYOR BELT. LTD.,95.99,95.99,90.65,92.21,93.4,90.45,,92.25,,,11640,1085793.19,433,F1,1,,,,,
2026-09-03,2026-09-03,CM,NSE,STK,4684,INE073K01018,SONACOMS,EQ,,,,,SONA BLW PRECISION FRGS L,785.5,804.9,785.05,800.0,800.0,782.65,,800.0,,,1508741,1201959624.6,40328,F1,1,,,,,
2026-09-03,2026-09-03,CM,NSE,STK,23052,INE0Q6H01012,SONAMAC,SM,,,,,SONA MACHINERY LIMITED,33.95,34.1,33.95,34.1,34.1,32.5,,34.1,,,12000,408500.0,12,F1,1000,,,,,
2026-09-03,2026-09-03,CM,NSE,STK,8817,INE00LM01029,SONAMLTD,BE,,,,,SONAM LIMITED,73.0,73.0,67.87,67.87,67.87,71.44,,67.87,,,96510,6586913.52,454,F1,1,,,,,
2026-09-03,2026-09-03,CM,NSE,STK,6596,INE269A01021,SONATSOFTW,EQ,,,,,SONATA SOFTWARE LTD,290.0,293.35,283.5,284.0,284.6,289.3,,284.0,,,812250,233264957.2,20021,F1,1,,,,,
2026-09-03,2026-09-03,CM,NSE,STK,9463,INE0JZA01018,SONUINFRA,ST,,,,,SONU INFRATECH LIMITED,42.3,42.35,42.15,42.35,42.35,40.35,,42.35,,,31500,1333650.0,21,F1,1500,,,,,
2026-09-03,2026-09-03,CM,NSE,STK,9678,INE980Y01015,SOUTHWEST,EQ,,,,,SOUTH WEST PINNACLE LTD,206.9,218.0,206.02,213.12,214.39,206.38,,212.93,,,287767,61430478.8,4942,F1,1,,,,,
2026-09-03,2026-09-03,CM,NSE,STK,19372,INE970N01027,SPCENET,EQ,,,,,SPACENET ENTERS IND LTD,3.11,3.27,3.11,3.24,3.27,3.1,,3.24,,,989233,3137641.85,642,F1,1,,,,,
2026-09-03,2026-09-03,CM,NSE,STK,11435,INE572J01011,SPANDANA,EQ,,,,,SPANDANA SPHOORTY FIN LTD,236.9,239.84,235.05,236.52,238.0,235.98,,236.56,,,89455,21198574.83,2207,F1,1,,,,,
2026-09-03,2026-09-03,CM,NSE,STK,760135,INE1CW901027,SPEB,SM,,,,,SPEB ADHESIVES LIMITED,94.85,94.85,94.5,94.5,94.5,92.0,,94.5,,,4000,378700.0,2,F1,2000,,,,,
2026-09-03,2026-09-03,CM,NSE,STK,27111,INE247M01014,SPECIALITY,BE,,,,,SPECIALITY REST LTD,139.0,140.0,135.0,135.67,137.99,138.09,,135.67,,,10619,1452317.74,93,F1,1,,,,,
2026-09-03,2026-09-03,CM,NSE,STK,30457,INE01EO01010,SPECTRUM,BE,,,,,SPECTRUM ELECTRIC IND LTD,2140.0,2255.7,2105.0,2255.7,2255.7,2148.3,,2255.43,,,10571,23682126.2,407,F1,1,,,,,
2026-09-03,2026-09-03,CM,NSE,STK,16876,INE0OL001018,SPECTSTM,SM,,,,,SPECTRUM TALENT MGMT LTD,57.95,57.95,56.0,56.0,56.0,58.45,,56.0,,,4800,274720.0,6,F1,800,,,,,
2026-09-03,2026-09-03,CM,NSE,STK,764920,INE252A01019,SPELS,EQ,,,,,SPEL SEMICONDUCTOR LTD,148.68,152.5,147.0,148.61,149.37,148.68,,148.4,,,30031,4474493.82,918,F1,1,,,,,
2026-09-03,2026-09-03,CM,NSE,STK,8163,INE020801028,SPENCERS,EQ,,,,,SPENCER S RETAIL LIMITED,28.41,29.9,28.0,28.57,28.6,28.51,,28.57,,,60781,1754108.49,440,F1,1,,,,,
2026-09-03,2026-09-03,CM,NSE,STK,3252,INE147A01011,SPIC,EQ,,,,,SPIC LTD,69.26,71.9,69.01,71.13,70.85,69.09,,71.13,,,1238148,87801015.21,6693,F1,1,,,,,
2026-09-03,2026-09-03,CM,NSE,STK,11935,INE978G01016,SPLIL,EQ,,,,,SPL INDUSTRIES LIMITED,31.02,31.5,29.52,30.97,31.4,31.45,,30.97,,,18016,557341.05,133,F1,1,,,,,
2026-09-03,2026-09-03,CM,NSE,STK,3321,INE937A01023,SPMLINFRA,EQ,,,,,SPML INFRA LIMITED,174.24,178.0,172.14,173.31,173.78,174.24,,173.31,,,214542,37311756.86,2282,F1,1,,,,,
2026-09-03,2026-09-03,CM,NSE,STK,10733,INE885H01029,SPORTKING,EQ,,,,,SPORTKING INDIA LIMITED,227.55,233.0,225.75,230.6,231.0,225.74,,230.64,,,377373,86851510.54,7589,F1,1,,,,,
2026-09-03,2026-09-03,CM,NSE,STK,17186,INE526E01018,SHRIPISTON,EQ,,,,,SPR AUTO TECHNOLOGIES LTD,4603.5,4603.5,4518.1,4551.3,4554.9,4600.4,,4550.83,,,34532,157460290.5,8820,F1,1,,,,,
2026-09-03,2026-09-03,CM,NSE,STK,757865,INE19QH01010,SPUNWEB,SM,,,,,SPUNWEB NONWOVEN LIMITED,101.1,101.1,101.1,101.1,101.1,101.05,,101.1,,,1200,121320.0,1,F1,1200,,,,,
2026-09-03,2026-09-03,CM,NSE,STK,14582,INE917H01012,SRHHYPOLTD,EQ,,,,,SREE RAYALSEEMA HHP LTD.,501.2,513.0,496.1,508.9,511.7,498.2,,509.06,,,22896,11583096.15,975,F1,1,,,,,
2026-09-03,2026-09-03,CM,NSE,STK,31837,INE099F01013,SREEL,EQ,,,,,SREELEATHERS LIMITED,254.96,262.3,252.0,258.96,262.3,253.7,,258.94,,,14362,3697587.38,381,F1,1,,,,,
2026-09-03,2026-09-03,CM,NSE,STK,3273,INE647A01010,SRF,EQ,,,,,SRF LTD,2602.0,2648.0,2597.2,2617.0,2617.0,2598.4,,2616.94,,,228501,599810445.4,18407,F1,1,,,,,
2026-09-03,2026-09-03,CM,NSE,STK,18119,INE559N01010,SRGHFL,EQ,,,,,SRG HOUSING FINANCE L,247.05,250.0,243.85,249.7,250.0,246.85,,249.7,,,2157,531383.55,85,F1,1,,,,,
2026-09-03,2026-09-03,CM,NSE,STK,7457,INE293B01029,HAVISHA,EQ,,,,,SRI HAVISHA HOSP & INFR L,1.31,1.53,1.3,1.4,1.4,1.28,,1.39,,,63829,87753.77,164,F1,1,,,,,
2026-09-03,2026-09-03,CM,NSE,STK,765165,INE009C01019,SRIKPRIND,EQ,,,,,SRI KPR INDUSTRIES LTD.,32.0,33.46,32.0,33.46,33.46,30.42,,32.23,,,29069,958086.59,153,F1,1,,,,,
2026-09-03,2026-09-03,CM,NSE,STK,758147,INE0V9Q01010,LOTUSDEV,BE,,,,,SRI LOTUS DEVLPRS N RTY L,174.25,184.74,174.25,184.64,184.74,175.95,,184.63,,,469800,85827920.77,2236,F1,1,,,,,
2026-09-03,2026-09-03,CM,NSE,STK,18059,INE0ON201012,SSFL,ST,,,,,SRIVARI SPICES N FOODS L,253.0,265.65,253.0,265.65,265.65,253.0,,265.65,,,10000,2631175.0,19,F1,500,,,,,
2026-09-03,2026-09-03,CM,NSE,STK,14416,INE0NPI01014,SRIVASAVI,ST,,,,,SRIVASAVI ADHESIVE TAPE L,75.8,76.8,75.8,76.65,76.8,73.8,,76.65,,,5000,380700.0,3,F1,1000,,,,,
2026-09-03,2026-09-03,CM,NSE,STK,23402,INE0R6Z01013,SRM,EQ,,,,,SRM CONTRACTORS LIMITED,465.15,473.3,458.95,470.3,471.85,458.3,,470.29,,,120862,56487664.65,4376,F1,1,,,,,
2026-09-03,2026-09-03,CM,NSE,STK,29205,INE0RYC01010,STALLION,BE,,,,,STALLION IND FLUOROCHEM L,214.0,215.97,207.0,207.61,207.05,212.45,,207.61,,,275755,58042668.46,3752,F1,1,,,,,
2026-09-03,2026-09-03,CM,NSE,STK,29075,INE0M4D01010,SETL,EQ,,,,,STANDARD ENGNG TCNLGY LTD,377.15,393.65,369.05,391.15,387.15,374.95,,391.36,,,1063766,408980789.35,14645,F1,1,,,,,
2026-09-03,2026-09-03,CM,NSE,STK,11297,INE173A01025,SIL,EQ,,,,,STANDARD INDUSTRIES LTD.,19.76,19.94,19.21,19.52,19.63,19.67,,19.52,,,31449,614164.33,254,F1,1,,,,,
2026-09-03,2026-09-03,CM,NSE,STK,24226,INE01A001028,STANLEY,EQ,,,,,STANLEY LIFESTYLES LTD,136.9,138.1,135.51,137.46,137.95,135.41,,137.46,,,48137,6585142.94,1205,F1,1,,,,,
2026-09-03,2026-09-03,CM,NSE,STK,21091,INE460H01021,STARCEMENT,EQ,,,,,STAR CEMENT LIMITED,182.0,186.0,182.0,184.47,184.25,184.1,,184.46,,,115959,21390335.41,3038,F1,1,,,,,
2026-09-03,2026-09-03,CM,NSE,STK,7083,INE575P01011,STARHEALTH,EQ,,,,,STAR HEALTH & AL INS CO L,562.95,569.5,557.2,559.35,566.0,562.95,,559.35,,,169205,95018181.55,13156,F1,1,,,,,
2026-09-03,2026-09-03,CM,NSE,STK,3291,INE733A01018,STARPAPER,EQ,,,,,STAR PAPER MILLS LTD,148.3,155.5,148.3,154.47,154.0,147.16,,154.34,,,21188,3267404.25,436,F1,1,,,,,
2026-09-03,2026-09-03,CM,NSE,STK,9305,INE992I01013,STARTECK,EQ,,,,,STARTECK FINANCE LIMITED,290.0,290.0,240.1,245.55,245.6,247.9,,245.64,,,1646,416646.05,173,F1,1,,,,,
2026-09-03,2026-09-03,CM,NSE,STK,3045,INE062A01020,SBIN,EQ,,,,,STATE BANK OF INDIA,1028.9,1036.0,1021.1,1023.4,1023.4,1020.9,,1022.21,,,7371804,7583591860.8,174387,F1,1,,,,,
2026-09-03,2026-09-03,CM,NSE,STK,2963,INE114A01011,SAIL,EQ,,,,,STEEL AUTHORITY OF INDIA,196.5,200.04,194.26,197.0,197.0,196.5,,197.0,,,17723024,3500770223.84,69541,F1,1,,,,,
2026-09-03,2026-09-03,CM,NSE,STK,10406,INE395H01011,STEELCITY,EQ,,,,,STEEL CITY SECURITIES LTD,82.31,86.69,82.31,86.47,86.5,82.31,,86.47,,,23264,1988718.22,192,F1,1,,,,,
2026-09-03,2026-09-03,CM,NSE,STK,21339,INE503B01021,STEELXIND,EQ,,,,,STEEL EXCHANGE INDIA LTD,10.69,11.52,10.52,11.31,11.35,10.61,,11.31,,,9236654,103742717.62,8745,F1,1,,,,,
2026-09-03,2026-09-03,CM,NSE,STK,765170,INE205F01016,STLSTRINF,EQ,,,,,STEEL STRIPS INFRA L,20.75,20.75,19.0,19.49,19.5,19.57,,19.49,,,2313,45533.72,40,F1,1,,,,,
2026-09-03,2026-09-03,CM,NSE,STK,11829,INE802C01033,SSWL,EQ,,,,,STEEL STRIPS WHEELS LTD.,353.4,366.6,351.3,360.8,358.05,349.7,,360.8,,,2110565,757441425.1,35618,F1,1,,,,,
2026-09-03,2026-09-03,CM,NSE,STK,6803,INE124E01038,STEELCAS,EQ,,,,,STEELCAST LIMITED,329.65,334.05,313.65,317.85,315.0,330.75,,317.86,,,234990,75017171.35,5833,F1,1,,,,,
2026-09-03,2026-09-03,CM,NSE,STK,21484,INE577L01016,STEL,EQ,,,,,STEL HOLDINGS LIMITED,629.9,629.9,602.3,606.95,612.9,601.45,,606.85,,,1610,986831.75,311,F1,1,,,,,
2026-09-03,2026-09-03,CM,NSE,STK,6188,INE334A01023,STERTOOLS,BE,,,,,STERLING TOOLS LIMITED,220.06,226.99,218.4,220.78,224.39,220.06,,220.91,,,22864,5115416.95,477,F1,1,,,,,
2026-09-03,2026-09-03,CM,NSE,STK,9313,INE089C01029,STLTECH,BE,,,,,STERLITE TECHNOLOGIES LTD,714.8,729.0,700.0,713.25,714.0,714.35,,713.36,,,1043904,747773436.0,50323,F1,1,,,,,
2026-09-03,2026-09-03,CM,NSE,STK,13367,INE353H01010,SGL,EQ,,,,,STL GLOBAL LIMITED,10.95,10.95,10.12,10.26,10.31,10.21,,10.26,,,4756,48508.86,53,F1,1,,,,,
2026-09-03,2026-09-03,CM,NSE,STK,758958,INE1VXE01018,STLNETWORK,EQ,,,,,STL NETWORKS LIMITED,27.75,28.25,27.12,27.5,27.38,28.01,,27.5,,,980994,27151241.92,2968,F1,1,,,,,
2026-09-03,2026-09-03,CM,NSE,STK,2107,INE00IN01015,STOVEKRAFT,EQ,,,,,STOVE KRAFT LIMITED,847.0,877.0,828.75,839.75,845.6,844.4,,839.76,,,405321,345879699.8,19781,F1,1,,,,,
2026-09-03,2026-09-03,CM,NSE,STK,761091,INE1XWN01017,STRIDERS,SM,,,,,STRIDERS IMPEX LIMITED,64.5,66.0,64.5,66.0,66.0,62.0,,66.0,,,9600,629920.0,3,F1,1600,,,,,
2026-09-03,2026-09-03,CM,NSE,STK,7374,INE939A01011,STAR,EQ,,,,,STRIDES PHARMA SCI LTD,1053.9,1073.0,1043.1,1053.6,1055.9,1047.8,,1053.59,,,189318,200528131.4,10623,F1,1,,,,,
2026-09-03,2026-09-03,CM,NSE,STK,12489,INE00M201021,SWSOLAR,EQ,,,,,STRLNG & WIL REN ENE LTD,187.27,191.6,187.02,187.79,188.2,187.16,,187.79,,,616398,116152477.39,8860,F1,1,,,,,
2026-09-03,2026-09-03,CM,NSE,STK,759587,INE00Q601028,STUDDS,EQ,,,,,STUDDS ACCESSORIES LTD,433.0,435.25,425.65,426.95,426.0,433.4,,427.05,,,18826,8081875.95,1342,F1,1,,,,,
2026-09-03,2026-09-03,CM,NSE,STK,758527,INE17VO01028,STUDIOLSD,SM,,,,,STUDIO LSD LIMITED,9.4,9.5,9.05,9.5,9.5,9.25,,9.5,,,56000,515500.0,20,F1,2000,,,,,
2026-09-03,2026-09-03,CM,NSE,STK,5186,INE239C01020,STYLAMIND,EQ,,,,,STYLAM INDUSTRIES LIMITED,3264.7,3302.4,3220.0,3240.9,3258.9,3264.8,,3240.85,,,22174,72361693.4,5319,F1,1,,,,,
2026-09-03,2026-09-03,CM,NSE,STK,19,INE189B01011,STYRENIX,EQ,,,,,STYRENIX PERFORMANCE LTD,1995.0,2042.0,1994.5,2007.0,2016.0,1990.8,,2007.04,,,42598,85696121.8,5629,F1,1,,,,,
2026-09-03,2026-09-03,CM,NSE,STK,760112,INE0RYR01018,SUBAHOTELS,SM,,,,,SUBA HOTELS LIMITED,101.0,103.0,98.5,100.0,100.0,102.35,,100.0,,,27600,2752740.0,23,F1,1200,,,,,
2026-09-03,2026-09-03,CM,NSE,STK,967,INE754A01055,SUBEXLTD,EQ,,,,,SUBEX LTD,17.69,17.97,17.4,17.69,17.68,17.57,,17.69,,,2201144,38884454.77,3842,F1,1,,,,,
2026-09-03,2026-09-03,CM,NSE,STK,3324,INE287B01021,SUBROS,EQ,,,,,SUBROS LIMITED,708.0,714.8,702.7,705.85,709.5,706.8,,705.85,,,26791,18904717.75,2109,F1,1,,,,,
2026-09-03,2026-09-03,CM,NSE,STK,3327,INE659A01023,SUDARSCHEM,EQ,,,,,SUDARSHAN CHEMICAL INDS L,1249.9,1269.9,1240.3,1249.3,1249.0,1245.8,,1249.29,,,165084,207264093.9,9626,F1,1,,,,,
2026-09-03,2026-09-03,CM,NSE,STK,715,INE492A01029,SUDARCOLOR,EQ,,,,,SUDARSHAN COLORNT IND LTD,393.95,400.0,387.05,388.0,388.0,388.75,,388.0,,,8348,3265411.7,261,F1,1,,,,,
2026-09-03,2026-09-03,CM,NSE,STK,760039,INE0QPI01025,SUDEEPPHRM,EQ,,,,,SUDEEP PHARMA LIMITED,1241.0,1295.7,1238.0,1292.8,1292.0,1234.0,,1292.96,,,369818,470152048.2,21848,F1,1,,,,,
2026-09-03,2026-09-03,CM,NSE,STK,11804,INE450E01029,SUKHJITS,EQ,,,,,SUKHJIT STARCH & CHEM LTD,158.0,160.84,156.15,157.71,157.61,157.74,,157.71,,,5084,803111.04,98,F1,1,,,,,
2026-09-03,2026-09-03,CM,NSE,STK,13218,INE142Q01026,SULA,EQ,,,,,SULA VINEYARDS LIMITED,149.5,149.5,147.0,147.56,148.0,148.36,,147.56,,,134101,19825798.75,2850,F1,1,,,,,
2026-09-03,2026-09-03,CM,NSE,STK,765510,INE11Z001019,SUMAX,ST,,,,,SUMAX ENGINEERING LIMITED,108.25,112.0,104.95,110.65,111.0,110.45,,110.65,,,655200,70764120.0,316,F1,1200,,,,,
2026-09-03,2026-09-03,CM,NSE,STK,765175,INE886B01012,SUMEDHA,EQ,,,,,SUMEDHA FISCAL SERVICES L,39.07,39.07,38.51,38.51,38.51,39.07,,38.76,,,1789,69109.99,5,F1,1,,,,,
2026-09-03,2026-09-03,CM,NSE,STK,20790,INE235C01036,SUMEETINDS,EQ,,,,,SUMEET IND LIMITED,11.44,11.89,11.35,11.44,11.45,11.34,,11.44,,,2381584,27632733.57,2316,F1,1,,,,,
2026-09-03,2026-09-03,CM,NSE,STK,11140,INE748Z01013,SUMIT,EQ,,,,,SUMIT WOODS LIMITED,51.5,53.35,50.05,51.57,51.83,50.68,,51.57,,,16207,829818.36,699,F1,1,,,,,
2026-09-03,2026-09-03,CM,NSE,STK,17105,INE258G01013,SUMICHEM,EQ,,,,,SUMITOMO CHEM INDIA LTD,511.6,515.25,495.4,498.35,497.75,505.15,,498.36,,,255711,128694322.05,12784,F1,1,,,,,
2026-09-03,2026-09-03,CM,NSE,STK,21275,INE519C01017,SUMMITSEC,EQ,,,,,SUMMIT SECURITIES LTD,1416.0,1460.2,1405.0,1442.3,1453.0,1413.3,,1442.24,,,6550,9346125.6,482,F1,1,,,,,
2026-09-03,2026-09-03,CM,NSE,STK,14788,INE232I01014,SPARC,EQ,,,,,SUN PHARMA ADV.RES.CO.LTD,199.58,205.9,198.5,202.54,201.9,199.58,,202.54,,,1047061,212000124.34,15164,F1,1,,,,,
2026-09-03,2026-09-03,CM,NSE,STK,3351,INE044A01036,SUNPHARMA,EQ,,,,,SUN PHARMACEUTICAL IND L,1932.0,1936.8,1913.0,1916.0,1916.0,1931.7,,1914.51,,,1205188,2313911182.2,69430,F1,1,,,,,
2026-09-03,2026-09-03,CM,NSE,STK,13404,INE424H01027,SUNTV,EQ,,,,,SUN TV NETWORK LIMITED,462.0,466.9,460.1,465.9,465.95,460.6,,465.89,,,179475,83180211.15,10999,F1,1,,,,,
2026-09-03,2026-09-03,CM,NSE,STK,20956,INE0Q3R01026,SUNCLAY,EQ,,,,,SUNDARAM CLAYTON LIMITED,1273.1,1299.9,1265.0,1291.3,1299.9,1272.6,,1291.62,,,3817,4893399.3,469,F1,1,,,,,
2026-09-03,2026-09-03,CM,NSE,STK,3339,INE660A01013,SUNDARMFIN,EQ,,,,,SUNDARAM FINANCE LTD,4551.0,4622.4,4533.1,4578.0,4597.0,4557.2,,4577.98,,,35937,164457050.6,10016,F1,1,,,,,
2026-09-03,2026-09-03,CM,NSE,STK,18931,INE108E01023,SUNDARAM,EQ,,,,,SUNDARAM MULTI PAP LTD,1.26,1.26,1.23,1.23,1.23,1.23,,1.23,,,277541,344716.86,267,F1,1,,,,,
2026-09-03,2026-09-03,CM,NSE,STK,9848,INE073D01013,SUNDRMBRAK,BE,,,,,SUNDARAMBRAKE LININGS LTD,748.05,769.95,723.4,751.0,751.0,748.0,,750.86,,,989,737121.7,48,F1,1,,,,,
2026-09-03,2026-09-03,CM,NSE,STK,3345,INE387A01021,SUNDRMFAST,EQ,,,,,SUNDRAM FASTENERS LTD,1201.0,1217.5,1192.4,1199.1,1201.9,1200.7,,1199.14,,,80543,97041657.9,10720,F1,1,,,,,
2026-09-03,2026-09-03,CM,NSE,STK,761202,INE0CTB01014,SOCL,SM,,,,,SUNDREX OIL COMPANY LTD,29.0,29.0,29.0,29.0,29.0,29.0,,29.0,,,1600,46400.0,1,F1,1600,,,,,
2026-09-03,2026-09-03,CM,NSE,STK,1663,INE209A01019,SUNDROP,EQ,,,,,SUNDROP BRANDS LIMITED,653.8,662.0,648.5,656.4,654.1,653.8,,657.12,,,6830,4476845.6,606,F1,1,,,,,
2026-09-03,2026-09-03,CM,NSE,STK,3348,INE947A01014,SUNFLAG,EQ,,,,,SUNFLAG IRON AND STEEL CO,352.0,356.5,345.25,346.5,347.05,347.3,,346.49,,,154701,54130890.75,3739,F1,1,,,,,
2026-09-03,2026-09-03,CM,NSE,STK,18264,INE0O3O01017,SEL,SM,,,,,SUNGARNER ENERGIES LTD,310.0,313.95,303.05,305.0,305.0,299.9,,305.0,,,1200,369250.0,6,F1,200,,,,,
2026-09-03,2026-09-03,CM,NSE,STK,765180,INE671C01016,SUNLOC,EQ,,,,,SUNIL HEALTHCARE LTD.,79.58,80.0,79.58,79.99,80.0,79.58,,79.99,,,544,43439.59,13,F1,1,,,,,
2026-09-03,2026-09-03,CM,NSE,STK,24868,INE0U2N01013,SUNLITE,SM,,,,,SUNLITE RECYCLING IND LTD,541.55,547.0,538.0,540.35,539.05,550.0,,540.35,,,9000,4865100.0,29,F1,300,,,,,
2026-09-03,2026-09-03,CM,NSE,STK,764925,INE671K01027,SUNRAKSHAK,EQ,,,,,SUNRAKSHAKK INDUS IND L,369.85,378.0,366.0,373.8,374.95,371.55,,373.39,,,7380,2752404.85,248,F1,1,,,,,
2026-09-03,2026-09-03,CM,NSE,STK,20213,INE0PLZ01012,SUNREST,SM,,,,,SUNREST LIFESCIENCE LTD,35.0,38.75,35.0,38.75,38.75,35.0,,38.75,,,9600,347600.0,6,F1,1600,,,,,
2026-09-03,2026-09-03,CM,NSE,STK,764930,INE199E01014,SUNSHIEL,EQ,,,,,SUNSHIELD CHEMICALS LTD.,1170.0,1170.0,1133.0,1145.1,1149.0,1150.0,,1145.1,,,2400,2745595.0,99,F1,1,,,,,
2026-09-03,2026-09-03,CM,NSE,STK,765387,INE1B3O01011,SUNSHINE,EQ,,,,,SUNSHINE PICTURES LIMITED,450.5,457.65,435.0,438.8,438.55,445.8,,438.8,,,1680558,748066980.35,19016,F1,1,,,,,
2026-09-03,2026-09-03,CM,NSE,STK,757763,INE0SGZ01016,SUNTECH,SM,,,,,SUNTECH INFRA SOLUTIONS L,42.4,42.4,41.05,41.05,41.05,43.85,,41.05,,,25600,1059600.0,10,F1,1600,,,,,
2026-09-03,2026-09-03,CM,NSE,STK,17641,INE805D01034,SUNTECK,EQ,,,,,SUNTECK REALTY LIMITED,295.9,300.65,295.9,297.75,297.1,295.5,,297.72,,,94850,28303551.2,2705,F1,1,,,,,
2026-09-03,2026-09-03,CM,NSE,STK,8931,INE662A01027,SUPERSPIN,BE,,,,,SUPER SPINNING MILLS LTD,6.54,6.83,6.54,6.83,6.83,6.51,,6.83,,,46779,314926.22,99,F1,1,,,,,
2026-09-03,2026-09-03,CM,NSE,STK,764938,INE460D01038,SUPTANERY,BE,,,,,SUPER TANNERY LTD.,13.94,13.94,13.94,13.94,13.94,14.67,,13.94,,,57815,805941.1,493,F1,1,,,,,
2026-09-03,2026-09-03,CM,NSE,STK,20616,INE712B01010,SUPERHOUSE,EQ,,,,,SUPERHOUSE LIMITED,168.54,170.78,165.15,168.74,169.98,168.37,,168.6,,,4295,723558.14,131,F1,1,,,,,
2026-09-03,2026-09-03,CM,NSE,STK,3147,INE843L01012,SIEL,EQ,,,,,SUPERIOR INDUSTRIAL ENT L,30.88,32.98,30.88,30.89,30.88,32.5,,30.89,,,3436,107422.32,30,F1,1,,,,,
2026-09-03,2026-09-03,CM,NSE,STK,11689,INE399C01030,SUPRAJIT,EQ,,,,,SUPRAJIT ENGINEERING LTD,504.25,505.65,486.0,489.7,488.6,501.3,,489.65,,,72817,35826200.55,5022,F1,1,,,,,
2026-09-03,2026-09-03,CM,NSE,STK,758997,INE319Z01021,SUPREMEENG,BZ,,,,,SUPREME ENGINEERING LTD,2.98,2.98,2.98,2.98,2.98,2.93,,2.98,,,138558,412902.84,87,F1,1,,,,,
2026-09-03,2026-09-03,CM,NSE,STK,28069,INE0U6N01014,SFML,SM,,,,,SUPREME FACILITY MGMT LTD,21.6,22.0,21.6,22.0,22.0,21.65,,22.0,,,3200,69760.0,2,F1,1600,,,,,
2026-09-03,2026-09-03,CM,NSE,STK,29439,INE822E01011,SUPREME,EQ,,,,,SUPREME HOLDIN N HOSP I L,36.96,37.1,36.1,36.21,36.49,36.96,,36.21,,,14721,537013.33,173,F1,1,,,,,
2026-09-03,2026-09-03,CM,NSE,STK,3363,INE195A01028,SUPREMEIND,EQ,,,,,SUPREME INDUSTRIES LTD,3530.7,3558.4,3472.6,3508.1,3508.1,3530.6,,3508.11,,,243267,851311381.0,18752,F1,1,,,,,
2026-09-03,2026-09-03,CM,NSE,STK,15002,INE550H01011,SUPREMEINF,EQ,,,,,SUPREME INFRA. LTD.,85.74,85.98,83.25,83.49,83.25,84.62,,83.5,,,28151,2381660.29,1134,F1,1,,,,,
2026-09-03,2026-09-03,CM,NSE,STK,9617,INE663A01033,SPLPETRO,EQ,,,,,SUPREME PETROCHEM LIMITED,721.1,727.5,717.55,725.8,726.0,721.85,,725.8,,,33727,24408365.55,3073,F1,1,,,,,
2026-09-03,2026-09-03,CM,NSE,STK,21067,INE0QHG01026,SUPREMEPWR,SM,,,,,SUPREME POWER EQUIPMENT L,215.55,222.2,215.0,219.1,221.05,214.75,,219.1,,,51000,11203650.0,88,F1,500,,,,,
2026-09-03,2026-09-03,CM,NSE,STK,7390,INE07RO01027,SUPRIYA,EQ,,,,,SUPRIYA LIFESCIENCE LTD,850.0,852.9,834.0,842.7,843.15,841.2,,842.69,,,195699,164823876.35,11974,F1,1,,,,,
2026-09-03,2026-09-03,CM,NSE,STK,20822,INE843S01025,SURAJEST,EQ,,,,,SURAJ ESTATE DEVELOPERS L,187.44,187.44,175.21,177.8,178.0,189.94,,177.86,,,336506,60920148.85,5695,F1,1,,,,,
2026-09-03,2026-09-03,CM,NSE,STK,24966,INE713C01016,SURAJLTD,EQ,,,,,SURAJ LIMITED,205.0,206.97,198.5,203.17,203.98,204.15,,203.09,,,4063,825582.18,117,F1,1,,,,,
2026-09-03,2026-09-03,CM,NSE,STK,27334,INE877V01027,SURAKSHA,EQ,,,,,SURAKSHA DIAGNOSTIC LTD,340.15,343.75,337.0,339.6,340.4,340.35,,339.59,,,67378,22884943.1,1771,F1,1,,,,,
2026-09-03,2026-09-03,CM,NSE,STK,21077,INE272L01022,SURANASOL,EQ,,,,,SURANA SOLAR LIMITED,26.07,26.25,25.85,25.94,25.99,26.07,,25.97,,,20061,521404.76,329,F1,1,,,,,
2026-09-03,2026-09-03,CM,NSE,STK,10700,INE130B01031,SURANAT&P,EQ,,,,,SURANA TELECOM AND POW LT,16.03,16.6,16.03,16.21,16.19,16.03,,16.21,,,24782,404460.91,207,F1,1,,,,,
2026-09-03,2026-09-03,CM,NSE,STK,8513,INE01ZJ01015,SURANI,SM,,,,,SURANI STEEL TUBES LTD.,100.0,100.0,98.0,100.0,100.0,103.1,,100.0,,,14000,1398450.0,15,F1,200,,,,,
2026-09-03,2026-09-03,CM,NSE,STK,14139,INE05ST01028,SBGLP,EQ,,,,,SURATWWALA BUS GROUP LTD,23.29,24.92,23.25,24.68,24.84,23.29,,24.69,,,36830,888055.49,231,F1,1,,,,,
2026-09-03,2026-09-03,CM,NSE,STK,3375,INE335A01020,SURYAROSNI,EQ,,,,,SURYA ROSHNI LTD,216.6,220.0,215.4,216.66,216.7,216.3,,216.66,,,267243,58078172.12,6210,F1,1,,,,,
2026-09-03,2026-09-03,CM,NSE,STK,11852,INE713B01026,SURYALAXMI,EQ,,,,,SURYALAKSHMI COT MIL LTD,60.6,60.6,59.12,60.03,60.0,60.6,,60.08,,,2478,148054.6,40,F1,1,,,,,
2026-09-03,2026-09-03,CM,NSE,STK,762924,INE132C01027,SURYALA,EQ,,,,,SURYALATA SPINNING MILL L,419.0,423.9,403.6,407.7,410.0,414.95,,407.98,,,1898,789954.2,66,F1,1,,,,,
2026-09-03,2026-09-03,CM,NSE,STK,2970,INE428Q01011,SURYODAY,EQ,,,,,SURYODAY SMALL FIN BK LTD,151.81,154.68,151.81,153.57,152.45,151.81,,153.56,,,201297,30930137.0,2442,F1,1,,,,,
2026-09-03,2026-09-03,CM,NSE,STK,21321,INE0R8O23017,SEITINVIT,IV,,,,,SUSTAINABLE ENERGY INFRA,122.0,122.0,122.0,122.0,122.0,122.0,,122.0,,,50000,6100000.0,2,F1,25000,,,,,
2026-09-03,2026-09-03,CM,NSE,STK,13804,INE645H01027,SUTLEJTEX,BE,,,,,SUTLEJ TEXT & INDUS LTD,38.89,40.7,38.51,38.96,39.05,38.77,,39.22,,,15721,621560.46,112,F1,1,,,,,
2026-09-03,2026-09-03,CM,NSE,STK,11233,INE495B01038,SUVEN,EQ,,,,,SUVEN LIFE SCIENCES LTD,374.0,391.0,367.75,378.35,382.0,372.85,,378.3,,,1692997,638601645.75,52574,F1,1,,,,,
2026-09-03,2026-09-03,CM,NSE,STK,2998,INE018401013,SUVIDHAA,EQ,,,,,SUVIDHAA INFOSERVE LTD,2.11,2.14,1.91,2.06,2.04,2.11,,2.06,,,104777,215839.67,273,F1,1,,,,,
2026-09-03,2026-09-03,CM,NSE,STK,24851,INE442P01014,SUYOG,EQ,,,,,SUYOG TELEMATICS LIMITED,738.5,747.8,730.3,737.3,732.0,731.35,,737.31,,,19414,14314101.95,1053,F1,1,,,,,
2026-09-03,2026-09-03,CM,NSE,STK,12018,INE040H01021,SUZLON,EQ,,,,,SUZLON ENERGY LIMITED,45.7,46.38,45.55,46.03,46.03,45.46,,46.03,,,32563002,1500202757.07,54038,F1,1,,,,,
2026-09-03,2026-09-03,CM,NSE,STK,5020,INE308E01029,SVPGLOB,EQ,,,,,SVP GLOBAL TEXTILES LTD,3.67,3.69,3.5,3.59,3.59,3.62,,3.59,,,90056,318936.87,68,F1,1,,,,,
2026-09-03,2026-09-03,CM,NSE,STK,27095,INE665A01038,SWANCORP,EQ,,,,,SWAN CORP LIMITED,287.75,290.0,282.75,284.1,283.2,285.4,,284.23,,,839586,240757226.55,11807,F1,1,,,,,
2026-09-03,2026-09-03,CM,NSE,STK,29164,INE542F01020,SWANDEF,BE,,,,,SWAN DEFENCE N HEVY IND L,2566.9,2566.9,2322.5,2490.0,2566.9,2444.7,,2491.04,,,143233,340272237.6,1615,F1,1,,,,,
2026-09-03,2026-09-03,CM,NSE,STK,3384,INE277A01016,SWARAJENG,EQ,,,,,SWARAJ ENGINES LTD,3560.0,3594.9,3541.0,3554.7,3550.0,3540.9,,3554.73,,,2871,10218294.8,720,F1,1,,,,,
2026-09-03,2026-09-03,CM,NSE,STK,764496,INE0GMR01016,SWARAJ,BE,,,,,SWARAJ SUITING LIMITED,370.0,370.0,353.5,354.5,358.4,357.4,,354.5,,,81722,29085788.45,488,F1,1,,,,,
2026-09-03,2026-09-03,CM,NSE,STK,765185,INE967A01012,SWARNSAR,EQ,,,,,SWARNSARITA JEWELS IND L,35.75,35.75,34.11,35.48,35.49,34.11,,35.48,,,2449,83630.97,26,F1,1,,,,,
2026-09-03,2026-09-03,CM,NSE,STK,11497,INE0DGC01025,SWASTIK,ST,,,,,SWASTIK PIPE LIMITED,20.0,20.0,20.0,20.0,20.0,20.0,,20.0,,,7200,144000.0,5,F1,1200,,,,,
2026-09-03,2026-09-03,CM,NSE,STK,11909,INE409B01013,SWELECTES,EQ,,,,,SWELECT ENERGY SYS LTD,585.8,590.2,574.9,576.9,575.0,584.35,,576.95,,,34091,19753537.15,1210,F1,1,,,,,
2026-09-03,2026-09-03,CM,NSE,STK,27066,INE00H001014,SWIGGY,EQ,,,,,SWIGGY LIMITED,265.35,275.25,261.35,269.3,269.3,267.7,,269.3,,,56303392,15157029668.15,202964,F1,1,,,,,
2026-09-03,2026-09-03,CM,NSE,STK,765193,INE010C01025,SWISSMLTRY,BE,,,,,SWISS MILITARY CON GOOD L,15.8,16.0,15.1,15.4,15.4,15.89,,15.45,,,75051,1149476.01,257,F1,1,,,,,
2026-09-03,2026-09-03,CM,NSE,STK,765485,INE899I01028,SYMBIOTEC,EQ,,,,,SYMBIOTEC PHARMALAB LTD,1115.05,1126.75,1068.55,1076.85,1078.95,1092.8,,1076.85,,,1921139,2095706520.4,80404,F1,1,,,,,
2026-09-03,2026-09-03,CM,NSE,STK,24190,INE225D01027,SYMPHONY,EQ,,,,,SYMPHONY LIMITED,572.0,573.9,567.3,572.8,573.8,567.75,,572.77,,,28239,16125237.85,1750,F1,1,,,,,
2026-09-03,2026-09-03,CM,NSE,STK,11992,INE312C01025,SYNCOMF,EQ,,,,,SYNCOM FORMU (I) LTD,21.43,22.59,20.66,21.36,21.29,21.39,,21.35,,,24871510,545853676.67,45658,F1,1,,,,,
2026-09-03,2026-09-03,CM,NSE,STK,5114,INE00QT01015,SGIL,EQ,,,,,SYNERGY GREEN IND. LTD,598.8,611.05,588.95,603.8,605.95,590.65,,605.57,,,15558,9327247.65,394,F1,1,,,,,
2026-09-03,2026-09-03,CM,NSE,STK,10243,INE398R01022,SYNGENE,EQ,,,,,SYNGENE INTERNATIONAL LTD,398.8,403.0,397.0,400.8,400.35,398.6,,400.8,,,375233,149921132.5,18396,F1,1,,,,,
2026-09-03,2026-09-03,CM,NSE,STK,17206,INE0BTR01012,SYNOPTICS,ST,,,,,SYNOPTICS TECHNOLOGIES L,49.45,49.45,47.0,47.0,47.0,49.45,,47.0,,,6600,311730.0,11,F1,600,,,,,
2026-09-03,2026-09-03,CM,NSE,STK,10793,INE0DYJ01015,SYRMA,EQ,,,,,SYRMA SGS TECHNOLOGY LTD,1447.3,1460.0,1405.5,1452.8,1455.2,1434.0,,1452.75,,,566330,814767120.8,31067,F1,1,,,,,
2026-09-03,2026-09-03,CM,NSE,STK,14506,INE0O7R01011,SYSTANGO,SM,,,,,SYSTANGO TECHNOLOGIES LTD,234.5,239.95,229.05,230.1,229.3,232.25,,230.1,,,24800,5847500.0,57,F1,400,,,,,
2026-09-03,2026-09-03,CM,NSE,STK,759358,INE356B01024,SYSTMTXC,BE,,,,,SYSTEMATIX CORP SERVICE L,59.5,59.5,56.0,57.37,58.0,56.82,,57.44,,,6188,356957.53,64,F1,1,,,,,
2026-09-03,2026-09-03,CM,NSE,STK,764955,INE284B01028,TGVSL,EQ,,,,,T G V SRAAC LTD.,105.0,109.64,103.5,108.57,108.99,103.35,,108.64,,,458900,49284780.36,3044,F1,1,,,,,
2026-09-03,2026-09-03,CM,NSE,STK,14314,INE592B01024,TTL,EQ,,,,,T T LIMITED,6.79,6.95,6.58,6.86,6.94,6.75,,6.86,,,250415,1692202.81,449,F1,1,,,,,
2026-09-03,2026-09-03,CM,NSE,STK,762929,INE524T01011,TAALTECH,EQ,,,,,TAAL TECH LTD.,4500.0,4625.0,4432.0,4496.0,4517.0,4399.6,,4495.81,,,6900,31292945.7,1254,F1,1,,,,,
2026-09-03,2026-09-03,CM,NSE,STK,23441,INE0SOY01013,TAC,ST,,,,,TAC INFOSEC LIMITED,430.0,446.0,430.0,437.25,435.0,427.0,,437.25,,,41200,18050390.0,173,F1,200,,,,,
2026-09-03,2026-09-03,CM,NSE,STK,3396,INE123C01018,TAINWALCHM,EQ,,,,,TAINWALA CHEMICAL AND PLA,208.0,210.0,207.25,207.63,207.5,207.48,,207.64,,,653,135869.59,45,F1,1,,,,,
2026-09-03,2026-09-03,CM,NSE,STK,9354,INE586B01026,TAJGVK,EQ,,,,,TAJ GVK HOTELS & RESORTS,342.35,342.35,332.85,333.8,336.05,343.45,,333.83,,,58168,19558280.05,2181,F1,1,,,,,
2026-09-03,2026-09-03,CM,NSE,STK,14917,INE142I01023,TAKE,EQ,,,,,TAKE LIMITED,13.17,13.17,13.17,13.17,13.17,13.86,,13.17,,,183088,2411268.96,381,F1,1,,,,,
2026-09-03,2026-09-03,CM,NSE,STK,13648,INE187D01029,TALBROAUTO,EQ,,,,,TALBROS AUTO. COMP. LTD,409.95,417.0,409.4,412.15,413.15,407.4,,412.17,,,75093,31089372.25,2885,F1,1,,,,,
2026-09-03,2026-09-03,CM,NSE,STK,762937,INE864J01012,TAMBOLIIN,BE,,,,,TAMBOLI INDUSTRIES LTD.,253.5,260.0,245.2,250.0,250.0,253.0,,250.0,,,990,254075.35,24,F1,1,,,,,
2026-09-03,2026-09-03,CM,NSE,STK,10945,INE668A01016,TMB,EQ,,,,,TAMILNAD MERCA BANK LTD,911.95,947.5,911.95,942.45,935.0,906.6,,942.55,,,296216,278163973.0,16990,F1,1,,,,,
2026-09-03,2026-09-03,CM,NSE,STK,3980,INE107A01015,TNPL,EQ,,,,,TAMILNADU NEWSPRT & PAPER,145.8,159.55,144.99,154.36,155.0,145.69,,154.36,,,1697890,261938127.58,22074,F1,1,,,,,
2026-09-03,2026-09-03,CM,NSE,STK,3509,INE148A01019,TNPETRO,EQ,,,,,TAMILNADU PETROPRODUCTS L,135.74,141.0,133.41,137.81,136.5,133.73,,137.81,,,3080772,422815255.69,24522,F1,1,,,,,
2026-09-03,2026-09-03,CM,NSE,STK,3512,INE141D01018,TNTELE,EQ,,,,,TAMILNADU TELECOMMUNICATI,9.0,9.0,8.83,8.86,8.84,9.0,,8.86,,,22844,203110.35,112,F1,1,,,,,
2026-09-03,2026-09-03,CM,NSE,STK,764945,INE692C01020,TANAA,EQ,,,,,TANEJA AEROSPACE & AVIA L,297.0,297.0,279.0,282.35,281.0,281.5,,282.32,,,16663,4741513.75,617,F1,1,,,,,
2026-09-03,2026-09-03,CM,NSE,STK,756338,INE0Z7N01017,TANKUP,ST,,,,,TANKUP ENGINEERS LIMITED,1608.35,1608.35,1608.35,1608.35,1608.35,1576.85,,1608.35,,,2250,3618787.5,8,F1,250,,,,,
2026-09-03,2026-09-03,CM,NSE,STK,13976,INE483C01032,TANLA,EQ,,,,,TANLA PLATFORMS LIMITED,529.95,536.55,509.8,514.8,515.8,527.85,,514.81,,,920859,477541799.6,32289,F1,1,,,,,
2026-09-03,2026-09-03,CM,NSE,STK,23512,INE555Z01020,TARACHAND,EQ,,,,,TARA CHAND INFRA SOLN LTD,47.11,48.99,47.11,48.33,48.99,47.63,,48.33,,,70834,3401978.16,1229,F1,1,,,,,
2026-09-03,2026-09-03,CM,NSE,STK,18827,INE747K01017,TARAPUR,EQ,,,,,TARAPUR TRANSFORMERS LTD,13.5,13.57,13.04,13.33,13.06,13.04,,13.2,,,14785,196054.96,160,F1,1,,,,,
2026-09-03,2026-09-03,CM,NSE,STK,1581,INE0EK901012,TARC,EQ,,,,,TARC LIMITED,121.1,127.85,121.1,124.19,124.2,121.29,,124.19,,,1519411,189923598.21,12885,F1,1,,,,,
2026-09-03,2026-09-03,CM,NSE,STK,14771,INE924H01018,TARMAT,EQ,,,,,TARMAT LIMITED,65.29,67.0,63.56,64.49,64.0,62.78,,64.48,,,453190,29651867.07,2213,F1,1,,,,,
2026-09-03,2026-09-03,CM,NSE,STK,6943,INE144Z01023,TARSONS,EQ,,,,,TARSONS PRODUCTS LIMITED,346.0,349.4,333.1,336.5,336.45,345.35,,336.54,,,197734,67869349.9,4331,F1,1,,,,,
2026-09-03,2026-09-03,CM,NSE,STK,20092,INE488B01017,TASTYBITE,EQ,,,,,TASTY BITE EATABLES LTD,10008.0,10420.0,9862.0,10052.0,10075.0,10008.0,,10052.77,,,4833,49458768.0,1439,F1,1,,,,,
2026-09-03,2026-09-03,CM,NSE,STK,759265,INE976I01016,TATACAP,EQ,,,,,TATA CAPITAL LIMITED,364.85,372.8,364.75,371.85,372.2,364.75,,371.84,,,768452,284484323.4,23907,F1,1,,,,,
2026-09-03,2026-09-03,CM,NSE,STK,3405,INE092A01019,TATACHEM,EQ,,,,,TATA CHEMICALS LTD,637.15,646.0,630.0,641.35,643.0,633.95,,641.37,,,356223,227221843.4,11193,F1,1,,,,,
2026-09-03,2026-09-03,CM,NSE,STK,3721,INE151A01013,TATACOMM,EQ,,,,,TATA COMMUNICATIONS LTD,1707.0,1722.5,1685.0,1696.4,1700.3,1710.0,,1696.38,,,228034,386471744.4,17397,F1,1,,,,,
2026-09-03,2026-09-03,CM,NSE,STK,11536,INE467B01029,TCS,EQ,,,,,TATA CONSULTANCY SERV LT,2353.6,2353.6,2316.1,2320.1,2320.1,2348.0,,2319.13,,,1892786,4414710140.1,90065,F1,1,,,,,
2026-09-03,2026-09-03,CM,NSE,STK,3432,INE192A01025,TATACONSUM,EQ,,,,,TATA CONSUMER PRODUCT LTD,1012.5,1023.0,1008.0,1019.2,1019.2,1012.0,,1019.22,,,935640,952457078.1,48691,F1,1,,,,,
2026-09-03,2026-09-03,CM,NSE,STK,3411,INE670A01012,TATAELXSI,EQ,,,,,TATA ELXSI LIMITED,3630.0,3637.1,3580.0,3580.0,3580.0,3609.0,,3580.45,,,83588,300998619.3,11981,F1,1,,,,,
2026-09-03,2026-09-03,CM,NSE,STK,1621,INE672A01026,TATAINVEST,EQ,,,,,TATA INVESTMENT CORP LTD,628.2,640.9,628.2,637.95,639.65,628.1,,637.96,,,165245,105009150.9,7498,F1,1,,,,,
2026-09-03,2026-09-03,CM,NSE,STK,759782,INE1TAE01010,TMCV,EQ,,,,,TATA MOTORS LIMITED,450.0,462.5,447.65,460.35,460.55,447.45,,460.37,,,7518097,3433867280.3,70035,F1,1,,,,,
2026-09-03,2026-09-03,CM,NSE,STK,3456,INE155A01022,TMPV,EQ,,,,,TATA MOTORS PASS VEH LTD,314.0,314.25,309.6,312.0,312.0,312.75,,311.98,,,5195643,1619550121.05,60643,F1,1,,,,,
2026-09-03,2026-09-03,CM,NSE,STK,3426,INE245A01021,TATAPOWER,EQ,,,,,TATA POWER CO LTD,366.55,370.75,362.75,365.7,365.7,364.0,,365.69,,,5763428,2117369349.45,59583,F1,1,,,,,
2026-09-03,2026-09-03,CM,NSE,STK,3499,INE081A01020,TATASTEEL,EQ,,,,,TATA STEEL LIMITED,184.11,187.65,182.0,184.2,184.2,183.85,,184.15,,,21964971,4042819276.96,129694,F1,1,,,,,
2026-09-03,2026-09-03,CM,NSE,STK,20293,INE142M01025,TATATECH,EQ,,,,,TATA TECHNOLOGIES LIMITED,810.05,824.0,802.85,805.1,804.0,813.25,,805.08,,,794230,643216473.3,27544,F1,1,,,,,
2026-09-03,2026-09-03,CM,NSE,STK,8954,INE517B01013,TTML,EQ,,,,,TATA TELESERV(MAHARASTRA),38.25,38.25,37.82,38.01,38.03,38.0,,38.01,,,978489,37175152.67,5919,F1,1,,,,,
2026-09-03,2026-09-03,CM,NSE,STK,7838,INF277K015R5,NETF,EQ,,,,,TATAAML - NETF,261.3,263.99,260.4,260.55,260.41,261.3,,261.13,,,1922,502123.46,156,F1,1,,,,,
2026-09-03,2026-09-03,CM,NSE,STK,12978,INF277K010X4,NPBET,EQ,,,,,TATAAML - NPBET,287.67,306.0,287.67,292.64,306.0,285.57,,292.64,,,41555,12049615.41,1199,F1,1,,,,,
2026-09-03,2026-09-03,CM,NSE,STK,8882,INF277KA1364,TNIDETF,EQ,,,,,TATAAML - TNIDETF,91.05,92.39,90.49,91.01,91.26,91.29,,91.01,,,907895,82682418.73,558,F1,1,,,,,
2026-09-03,2026-09-03,CM,NSE,STK,21401,INF277KA1976,TATAGOLD,EQ,,,,,TATAAML-TATAGOLD,14.82,14.9,14.53,14.82,14.82,14.53,,14.82,,,45769466,678892099.39,67807,F1,1,,,,,
2026-09-03,2026-09-03,CM,NSE,STK,21428,INF277KA1984,TATSILV,EQ,,,,,TATAAML-TATSILV,22.42,22.59,21.88,22.34,22.34,21.88,,22.34,,,33644060,754194558.35,39340,F1,1,,,,,
2026-09-03,2026-09-03,CM,NSE,STK,5162,INE0GK401011,TATVA,EQ,,,,,TATVA CHIN PHARM CHEM LTD,1611.0,1639.5,1590.0,1596.2,1598.1,1616.9,,1596.32,,,21700,34950708.6,2991,F1,1,,,,,
2026-09-03,2026-09-03,CM,NSE,STK,759759,INE0XWS01018,TAURIAN,ST,,,,,TAURIAN MPS LIMITED,500.0,514.8,500.0,506.0,506.0,509.6,,506.0,,,12000,6073880.0,12,F1,800,,,,,
2026-09-03,2026-09-03,CM,NSE,STK,11730,INE053F07801,728IRFC30,NG,,,,,TAX FREE  7.28% SR. 103,1081.2,1081.2,1081.2,1081.2,1081.2,1325.99,,1081.2,,,2998,3241437.6,1,F1,1,,,,,
2026-09-03,2026-09-03,CM,NSE,STK,11754,INE053F07835,753IRFC30,NJ,,,,,TAX FREE  7.53% SR. 103 A,1138.89,1138.89,1138.89,1138.89,1138.89,1138.0,,1138.89,,,1,1138.89,1,F1,1,,,,,
2026-09-03,2026-09-03,CM,NSE,STK,15168,INE053F07900,764IRFC31,NO,,,,,TAX FREE  7.64% SR. 108A,1145.0,1145.0,1143.55,1143.55,1143.55,1146.0,,1143.55,,,1010,1156435.5,2,F1,1,,,,,
2026-09-03,2026-09-03,CM,NSE,STK,14529,INE906B07EP5,769NHAI31,NE,,,,,TAX FREE 7.69% SR. IIB,1151.4,1152.5,1151.4,1152.25,1152.5,1150.15,,1152.25,,,1348,1552369.2,8,F1,1,,,,,
2026-09-03,2026-09-03,CM,NSE,STK,11954,INE906B07EI0,735NHAI31,N9,,,,,TAX FREE7.35% SR.IIA,1104.25,1114.99,1100.0,1114.99,1114.99,1107.3,,1114.99,,,3899,4297568.94,6,F1,1,,,,,
2026-09-03,2026-09-03,CM,NSE,STK,12003,INE906B07EJ8,76NHAI31,,,,,,TAX FREE7.60% SR.IIB,1113.1,1113.1,1109.6,1109.6,1109.6,1112.27,,1109.6,,,948,1052216.21,31,F1,1,,,,,
2026-09-03,2026-09-03,CM,NSE,STK,29111,INE020B07GX4,738REC27TF,N2,,,,,TAXFREE SEC NCD TR1 S2,1075.0,1075.0,1075.0,1075.0,1075.0,1070.82,,1075.0,,,35,37625.0,1,F1,1,,,,,
2026-09-03,2026-09-03,CM,NSE,STK,24019,INE0N2D01013,TBI,SM,,,,,TBI CORN LIMITED,71.85,74.0,71.05,72.7,73.0,71.15,,72.7,,,70800,5145240.0,93,F1,600,,,,,
2026-09-03,2026-09-03,CM,NSE,STK,23740,INE673O01025,TBOTEK,EQ,,,,,TBO TEK LIMITED,1691.3,1743.9,1691.3,1733.7,1726.0,1700.0,,1733.61,,,112394,193590576.2,14675,F1,1,,,,,
2026-09-03,2026-09-03,CM,NSE,STK,761814,INE887D01016,TCC,EQ,,,,,TCC CONCEPT LIMITED,234.47,236.0,230.0,233.13,235.0,233.31,,233.14,,,156017,36423891.73,3541,F1,1,,,,,
2026-09-03,2026-09-03,CM,NSE,STK,19223,INE586V01016,TCIEXP,EQ,,,,,TCI EXPRESS LIMITED,544.0,549.6,539.5,541.3,541.0,544.35,,541.32,,,48096,26099502.95,804,F1,1,,,,,
2026-09-03,2026-09-03,CM,NSE,STK,8722,INE911B01018,TCIFINANCE,BE,,,,,TCIFINANCELTD-ROLL SETT,15.5,15.5,15.0,15.08,15.3,15.2,,15.08,,,8467,128256.57,41,F1,1,,,,,
2026-09-03,2026-09-03,CM,NSE,STK,184,INE822C01015,TCPLPACK,EQ,,,,,TCPL PACKAGING LIMITED,4010.3,4040.0,3921.0,3956.6,4000.0,4000.3,,3956.12,,,3872,15358484.9,1070,F1,1,,,,,
2026-09-03,2026-09-03,CM,NSE,STK,25178,INE419M01035,TDPOWERSYS,EQ,,,,,TD POWER SYSTEMS LTD.,739.7,760.95,717.2,722.55,720.0,735.05,,722.59,,,1644894,1208966541.75,65679,F1,1,,,,,
2026-09-03,2026-09-03,CM,NSE,STK,10717,INE289C01025,TEAMGTY,EQ,,,,,TEAM INDIA GUARANTY LTD,249.5,249.5,238.01,243.68,243.68,244.44,,243.68,,,87,21130.8,10,F1,1,,,,,
2026-09-03,2026-09-03,CM,NSE,STK,12716,INE985S01024,TEAMLEASE,EQ,,,,,TEAMLEASE SERVICES LTD.,1250.7,1264.2,1236.8,1250.0,1245.0,1252.7,,1249.93,,,46412,57902292.6,3148,F1,1,,,,,
2026-09-03,2026-09-03,CM,NSE,STK,17000,INE065J01024,TPHQ,BE,,,,,TEAMO PRODUCTIONS HQ LTD,0.57,0.58,0.55,0.55,0.56,0.57,,0.55,,,1120838,620751.75,504,F1,1,,,,,
2026-09-03,2026-09-03,CM,NSE,STK,763571,INE2OL601013,TEAMTECH,ST,,,,,TEAMTECH FORMWORK SOL LTD,140.0,141.0,136.0,138.0,136.0,141.0,,138.0,,,18000,2508000.0,8,F1,2000,,,,,
2026-09-03,2026-09-03,CM,NSE,STK,13538,INE669C01036,TECHM,EQ,,,,,TECH MAHINDRA LIMITED,1623.0,1625.6,1592.0,1598.0,1598.0,1623.0,,1597.87,,,1647483,2636309499.2,57407,F1,1,,,,,
2026-09-03,2026-09-03,CM,NSE,STK,759138,INE0Y5H01014,TECHD,SM,,,,,TECHD CYBERSECURITY LTD,535.0,550.0,525.1,531.0,531.05,535.7,,531.0,,,27300,14632860.0,84,F1,300,,,,,
2026-09-03,2026-09-03,CM,NSE,STK,25652,INE0JQS01019,TECHERA,SM,,,,,TECHERA ENGINEER (IND) L,167.1,167.1,158.65,158.8,158.65,166.95,,158.8,,,86400,13953000.0,99,F1,800,,,,,
2026-09-03,2026-09-03,CM,NSE,STK,6445,INE285K01026,TECHNOE,EQ,,,,,TECHNO ELEC & ENG CO. LTD,969.95,985.0,964.15,973.65,981.7,969.95,,973.93,,,121380,118156159.55,9650,F1,1,,,,,
2026-09-03,2026-09-03,CM,NSE,STK,14223,INE545H01011,TIIL,EQ,,,,,TECHNOCRAFT IND LTD,3292.9,3379.0,3251.1,3267.4,3260.0,3262.0,,3267.53,,,34940,115379012.9,7699,F1,1,,,,,
2026-09-03,2026-09-03,CM,NSE,STK,764532,INE1D0W01018,TECHNOCRAF,EQ,,,,,TECHNOCRAFT VENTURES LTD,382.5,383.85,368.35,373.2,372.1,376.1,,373.2,,,1013523,380465197.7,15086,F1,1,,,,,
2026-09-03,2026-09-03,CM,NSE,STK,762939,INE314H01012,TECHNVISN,EQ,,,,,TECHNVISION VENTURES LTD.,5097.5,5197.5,5025.0,5136.5,5100.0,5112.0,,5136.5,,,93,476320.0,51,F1,1,,,,,
2026-09-03,2026-09-03,CM,NSE,STK,3453,INE014B01011,TECILCHEM,EQ,,,,,TECIL CHEMICALS,10.01,10.25,9.7,9.98,9.98,9.89,,9.98,,,26942,271401.39,101,F1,1,,,,,
2026-09-03,2026-09-03,CM,NSE,STK,23530,INE0K6601012,TGL,ST,,,,,TEERTH GOPICON LIMITED,18.75,18.75,18.4,18.4,18.4,18.75,,18.4,,,14600,270110.0,41,F1,200,,,,,
2026-09-03,2026-09-03,CM,NSE,STK,7105,INE011K01018,TEGA,EQ,,,,,TEGA INDUSTRIES LIMITED,1552.0,1561.9,1539.0,1552.8,1548.5,1539.7,,1552.79,,,41708,64650421.6,3693,F1,1,,,,,
2026-09-03,2026-09-03,CM,NSE,STK,763825,INE0R1301019,TEJA,SM,,,,,TEJA ENGINEERING IND L,232.0,247.5,232.0,240.3,240.5,238.05,,240.3,,,69000,16568550.0,24,F1,600,,,,,
2026-09-03,2026-09-03,CM,NSE,STK,21131,INE010J01012,TEJASNET,EQ,,,,,TEJAS NETWORKS LIMITED,552.0,579.9,551.3,567.45,568.0,548.85,,567.46,,,6100353,3477805015.9,108752,F1,1,,,,,
2026-09-03,2026-09-03,CM,NSE,STK,3275,INE869Y01028,TEMBO,EQ,,,,,TEMBO GLOBAL IND LTD,56.8,57.24,55.85,55.94,56.0,56.67,,55.94,,,902512,50755989.51,3071,F1,1,,,,,
2026-09-03,2026-09-03,CM,NSE,STK,765426,INE1KZI01025,TEMPSENS,EQ,,,,,TEMPSENS INST (INDIA) LTD,577.5,584.95,556.05,568.55,567.0,566.3,,568.52,,,5154377,2945589873.25,74533,F1,1,,,,,
2026-09-03,2026-09-03,CM,NSE,STK,759880,INE19RI01016,TENNIND,EQ,,,,,TENNECO CLEAN AIR INDIA L,524.4,526.05,514.3,515.7,516.75,519.8,,515.71,,,642129,333777758.95,35616,F1,1,,,,,
2026-09-03,2026-09-03,CM,NSE,STK,19292,INE482B01010,TERASOFT,EQ,,,,,TERA SOFTWARE LIMITED,295.3,295.3,279.95,281.3,283.0,290.55,,281.61,,,11763,3364169.8,601,F1,1,,,,,
2026-09-03,2026-09-03,CM,NSE,STK,764950,INE390D01011,TERAI,EQ,,,,,TERAI TEA CO. LTD.,130.3,133.0,124.0,124.3,124.3,133.98,,129.15,,,155,19350.85,11,F1,1,,,,,
2026-09-03,2026-09-03,CM,NSE,STK,11549,INE435C01024,TEXINFRA,EQ,,,,,TEXMACO INFRA & HOLDG LTD,115.34,118.74,113.99,116.7,115.37,113.96,,116.77,,,629538,73037065.85,2985,F1,1,,,,,
2026-09-03,2026-09-03,CM,NSE,STK,21828,INE621L01012,TEXRAIL,EQ,,,,,TEXMACO RAIL & ENG. LTD.,114.55,115.49,113.02,113.63,113.99,113.65,,113.64,,,1428530,163270385.87,12519,F1,1,,,,,
2026-09-03,2026-09-03,CM,NSE,STK,18214,INE141K01013,TEXMOPIPES,EQ,,,,,TEXMO PIPE & PRODUCTS LTD,45.41,46.35,45.25,45.49,45.5,45.67,,45.49,,,14788,675560.65,187,F1,1,,,,,
2026-09-03,2026-09-03,CM,NSE,STK,10751,INE733E07JW2,762NTPC35F,ND,,,,,TFB 7.62% 2035 SR. 3B,1218.0,1224.9,1218.0,1221.06,1224.9,1218.1,,1221.06,,,355,432996.7,4,F1,1,,,,,
2026-09-03,2026-09-03,CM,NSE,STK,14607,INE797H01018,TGBHOTELS,EQ,,,,,TGB BANQUETS&HOTELS LTD,9.85,9.85,9.32,9.69,9.72,9.67,,9.69,,,2536,24535.77,56,F1,1,,,,,
2026-09-03,2026-09-03,CM,NSE,STK,22777,INE0QJL01014,TCL,SM,,,,,THAAI CASTING LIMITED,126.65,126.65,123.2,123.6,123.2,125.7,,123.6,,,8000,1003640.0,10,F1,800,,,,,
2026-09-03,2026-09-03,CM,NSE,STK,762947,INE077P01034,THACKER,BE,,,,,THACKER & CO. LTD.,1049.95,1049.95,950.0,1002.0,1024.0,1000.0,,1002.0,,,25,24264.9,11,F1,1,,,,,
2026-09-03,2026-09-03,CM,NSE,STK,762949,INE403F01017,THAKDEV,EQ,,,,,THAKKERS DEVELOPERS LTD.,139.0,147.0,138.15,147.0,147.0,138.09,,147.0,,,102,14168.5,4,F1,1,,,,,
2026-09-03,2026-09-03,CM,NSE,STK,18118,INE085J01014,THANGAMAYL,EQ,,,,,THANGAMAYIL JEWELLERY LTD,5251.0,5341.5,5239.0,5295.0,5262.0,5238.0,,5294.9,,,61058,322958381.0,14915,F1,1,,,,,
2026-09-03,2026-09-03,CM,NSE,STK,9014,INE294Z01018,ANUP,EQ,,,,,THE ANUP ENGINEERING LTD,1801.4,1820.0,1780.0,1808.0,1818.0,1799.8,,1807.77,,,16507,29636010.8,1987,F1,1,,,,,
2026-09-03,2026-09-03,CM,NSE,STK,7930,INE319B01014,BYKE,BE,,,,,THE BYKE HOSPITALITY LTD,31.73,32.0,31.0,31.9,31.9,31.72,,31.95,,,35594,1122770.45,91,F1,1,,,,,
2026-09-03,2026-09-03,CM,NSE,STK,13776,INE017A01032,GESHIP,EQ,,,,,THE GE SHPG.LTD,1313.6,1360.0,1313.1,1353.6,1355.0,1305.6,,1353.62,,,1290655,1733680969.2,69601,F1,1,,,,,
2026-09-03,2026-09-03,CM,NSE,STK,17770,INE646C01018,GROBTEA,EQ,,,,,THE GROB TEA COMPANY LTD,968.05,980.0,966.0,980.0,980.0,965.5,,980.0,,,130,126181.55,29,F1,1,,,,,
2026-09-03,2026-09-03,CM,NSE,STK,8568,INE127B01011,HITECHGEAR,BE,,,,,THE HI-TECH GEARS LIMITED,570.25,590.0,551.3,575.55,571.0,569.2,,575.55,,,6391,3639311.3,78,F1,1,,,,,
2026-09-03,2026-09-03,CM,NSE,STK,1515,INE383A01012,INDIACEM,EQ,,,,,THE INDIA CEMENTS LIMITED,358.3,362.95,356.1,358.8,359.55,358.3,,358.8,,,57565,20679677.65,4034,F1,1,,,,,
2026-09-03,2026-09-03,CM,NSE,STK,1512,INE053A01029,INDHOTEL,EQ,,,,,THE INDIAN HOTELS CO. LTD,727.0,733.85,720.0,732.0,732.0,727.7,,732.0,,,2138130,1556073068.85,26750,F1,1,,,,,
2026-09-03,2026-09-03,CM,NSE,STK,21427,INE924D01017,THEINVEST,EQ,,,,,THE INVEST TRUST OF IND L,96.89,99.48,93.3,98.1,98.0,94.6,,98.1,,,9308,903947.49,244,F1,1,,,,,
2026-09-03,2026-09-03,CM,NSE,STK,399,INE470Y01017,NIACL,EQ,,,,,THE NEW INDIA ASSU CO LTD,198.7,203.82,192.87,195.33,195.05,199.11,,195.34,,,6906382,1376648324.82,59041,F1,1,,,,,
2026-09-03,2026-09-03,CM,NSE,STK,10321,INE431F01018,PKTEA,EQ,,,,,THE P K TEA PROD CO LTD,735.55,770.0,735.0,751.75,770.0,728.65,,751.75,,,477,355935.6,48,F1,1,,,,,
2026-09-03,2026-09-03,CM,NSE,STK,14552,INE211B01039,PHOENIXLTD,EQ,,,,,THE PHOENIX MILLS LTD,1923.0,1971.0,1920.6,1960.0,1960.0,1920.1,,1960.0,,,540712,1056548754.5,29477,F1,1,,,,,
2026-09-03,2026-09-03,CM,NSE,STK,2043,INE331A01037,RAMCOCEM,EQ,,,,,THE RAMCO CEMENTS LIMITED,860.55,882.7,860.55,879.15,880.0,864.35,,879.16,,,74858,65314489.3,5245,F1,1,,,,,
2026-09-03,2026-09-03,CM,NSE,STK,10123,INE301D01026,RUBYMILLS,BE,,,,,THE RUBY MILLS LTD,406.25,415.0,395.1,409.05,410.0,396.8,,409.46,,,17521,7194056.25,332,F1,1,,,,,
2026-09-03,2026-09-03,CM,NSE,STK,5948,INE683A01023,SOUTHBANK,EQ,,,,,THE SOUTH INDIAN BANK LTD,45.88,48.3,45.83,47.7,47.74,45.74,,47.7,,,29134346,1386280195.53,69939,F1,1,,,,,
2026-09-03,2026-09-03,CM,NSE,STK,10948,INE655A01013,STCINDIA,EQ,,,,,THE STATE TRADING CORPN,114.0,115.49,113.6,114.65,114.1,112.97,,114.65,,,16144,1852908.97,449,F1,1,,,,,
2026-09-03,2026-09-03,CM,NSE,STK,19578,INE071E01023,UGARSUGAR,EQ,,,,,THE UGAR SUGAR WORKS LTD,55.3,59.31,55.01,58.56,59.1,55.01,,58.55,,,1345825,78101488.14,9336,F1,1,,,,,
2026-09-03,2026-09-03,CM,NSE,STK,20481,INE215F01023,WIPL,EQ,,,,,THE WESTERN INDIA PLY LTD,162.99,167.0,161.55,165.61,167.0,162.99,,165.61,,,833,136658.11,25,F1,1,,,,,
2026-09-03,2026-09-03,CM,NSE,STK,19279,INE121N01019,THEJO,EQ,,,,,THEJO ENGINEERING LIMITED,2099.9,2109.8,2080.0,2091.0,2081.0,2098.7,,2091.0,,,1522,3178711.8,237,F1,1,,,,,
2026-09-03,2026-09-03,CM,NSE,STK,14485,INE083B01024,THEMISMED,EQ,,,,,THEMIS MEDICARE LTD.,124.77,126.9,123.72,124.87,124.04,124.15,,124.87,,,81469,10214262.3,1609,F1,1,,,,,
2026-09-03,2026-09-03,CM,NSE,STK,3475,INE152A01029,THERMAX,EQ,,,,,THERMAX LTD,3780.3,3821.9,3710.0,3733.9,3717.0,3752.5,,3733.44,,,130678,492402341.2,24208,F1,1,,,,,
2026-09-03,2026-09-03,CM,NSE,STK,25651,INE0SHE01019,THESL,ST,,,,,THINKING HATS ENTER SOL L,16.15,16.15,16.15,16.15,16.15,17.0,,16.15,,,3000,48450.0,1,F1,3000,,,,,
2026-09-03,2026-09-03,CM,NSE,STK,3496,INE338A01024,TIRUMALCHM,EQ,,,,,THIRUMALAI CHEMICALS LTD,158.0,162.5,157.15,157.86,158.4,159.82,,157.86,,,360451,57634331.14,5794,F1,1,,,,,
2026-09-03,2026-09-03,CM,NSE,STK,3481,INE332A01027,THOMASCOOK,EQ,,,,,THOMAS COOK (INDIA) LTD,106.8,107.68,105.45,106.31,106.51,106.09,,106.3,,,674590,71693731.33,5276,F1,1,,,,,
2026-09-03,2026-09-03,CM,NSE,STK,31017,INE480M01011,THOMASCOTT,EQ,,,,,THOMAS SCOTT (INDIA) LTD,267.05,267.95,259.85,260.95,260.0,267.05,,260.96,,,32954,8648179.95,822,F1,1,,,,,
2026-09-03,2026-09-03,CM,NSE,STK,17032,INE594H01019,THYROCARE,EQ,,,,,THYROCARE TECH LTD,579.65,582.0,572.35,578.65,578.0,576.75,,578.59,,,189696,109630044.55,23636,F1,1,,,,,
2026-09-03,2026-09-03,CM,NSE,STK,759176,INE906O01029,TIGERLOGS,EQ,,,,,TIGER LOGISTICS (INDIA) L,28.66,30.19,28.25,29.22,29.4,28.25,,29.24,,,113888,3350225.07,757,F1,1,,,,,
2026-09-03,2026-09-03,CM,NSE,STK,25482,INE440L01017,TIJARIA,EQ,,,,,TIJARIA POLYPIPES LTD,7.79,9.09,7.78,9.09,9.09,7.58,,9.09,,,671916,5933940.74,1127,F1,1,,,,,
2026-09-03,2026-09-03,CM,NSE,STK,9802,INE806C01018,TIL,BE,,,,,TIL LTD,235.15,245.0,235.15,245.0,245.0,233.34,,245.15,,,157841,38534734.62,401,F1,1,,,,,
2026-09-03,2026-09-03,CM,NSE,STK,19196,INE133E01013,TI,EQ,,,,,TILAKNAGAR INDUSTRIES LTD,556.2,556.65,540.9,544.25,541.9,552.35,,544.23,,,287376,157616779.25,8777,F1,1,,,,,
2026-09-03,2026-09-03,CM,NSE,STK,14707,INE508G01029,TIMETECHNO,EQ,,,,,TIME TECHNOPLAST LTD.,189.0,191.51,187.59,189.36,190.0,188.02,,189.36,,,1971691,373372644.0,17758,F1,1,,,,,
2026-09-03,2026-09-03,CM,NSE,STK,762954,INE064A01026,TIMEX,EQ,,,,,TIMEX GROUP INDIA LTD.,649.0,654.9,641.55,649.55,651.75,643.15,,649.58,,,120673,78303554.35,11656,F1,1,,,,,
2026-09-03,2026-09-03,CM,NSE,STK,14198,INE325A01013,TIMKEN,EQ,,,,,TIMKEN INDIA LTD.,3142.6,3148.0,3112.0,3124.8,3129.0,3134.5,,3124.53,,,14717,45965326.1,3478,F1,1,,,,,
2026-09-03,2026-09-03,CM,NSE,STK,756020,INE015C01016,TINNARUBR,EQ,,,,,TINNA RUBBER AND INFR LTD,1030.0,1056.0,1020.05,1036.8,1039.95,1020.05,,1036.89,,,54325,56589653.0,4105,F1,1,,,,,
2026-09-03,2026-09-03,CM,NSE,STK,11374,INE0LQS01015,TIPSFILMS,EQ,,,,,TIPS FILMS LIMITED,330.25,339.95,326.3,331.35,328.35,330.45,,331.06,,,1781,595111.4,163,F1,1,,,,,
2026-09-03,2026-09-03,CM,NSE,STK,9117,INE716B01029,TIPSMUSIC,EQ,,,,,TIPS MUSIC LIMITED,632.0,662.4,630.3,652.05,647.5,631.45,,652.06,,,304455,198704133.35,20552,F1,1,,,,,
2026-09-03,2026-09-03,CM,NSE,STK,22284,INE319Y01024,TIRUPATIFL,BE,,,,,TIRUPATI FORGE LIMITED,66.55,69.15,66.0,68.42,68.9,66.33,,68.42,,,201524,13817448.93,734,F1,1,,,,,
2026-09-03,2026-09-03,CM,NSE,STK,15414,INE615H01020,TITAGARH,EQ,,,,,TITAGARH RAIL SYSTEMS LTD,828.0,851.0,824.4,844.2,845.0,824.95,,844.37,,,365854,306518097.7,18389,F1,1,,,,,
2026-09-03,2026-09-03,CM,NSE,STK,3506,INE280A01028,TITAN,EQ,,,,,TITAN COMPANY LIMITED,5057.5,5072.5,4952.0,5027.0,5027.0,5074.0,,5020.35,,,571600,2859434965.5,62879,F1,1,,,,,
2026-09-03,2026-09-03,CM,NSE,STK,3837,INE932C01012,TOKYOPLAST,EQ,,,,,TOKYO PLAST INTL LTD,77.0,77.95,75.12,77.79,77.79,77.0,,75.0,,,387,29403.43,11,F1,1,,,,,
2026-09-03,2026-09-03,CM,NSE,STK,25262,INE0RWQ01014,TOLINS,EQ,,,,,TOLINS TYRES LIMITED,92.0,93.73,91.3,91.94,92.0,91.91,,91.93,,,35175,3239130.79,667,F1,1,,,,,
2026-09-03,2026-09-03,CM,NSE,STK,3518,INE685A01028,TORNTPHARM,EQ,,,,,TORRENT PHARMACEUTICALS L,5025.0,5025.0,4886.5,4905.5,4905.5,5012.0,,4905.56,,,328567,1618646447.5,27026,F1,1,,,,,
2026-09-03,2026-09-03,CM,NSE,STK,13786,INE813H01021,TORNTPOWER,EQ,,,,,TORRENT POWER LTD,1283.5,1327.4,1279.2,1289.3,1287.0,1248.9,,1289.33,,,2762103,3613386934.9,108254,F1,1,,,,,
2026-09-03,2026-09-03,CM,NSE,STK,22423,INE336X01012,TOTAL,EQ,,,,,TOTAL TRANSPORT SYS LTD,71.65,71.65,70.0,70.31,70.99,69.06,,70.31,,,2917,205797.25,80,F1,1,,,,,
2026-09-03,2026-09-03,CM,NSE,STK,16908,INE486Y01013,TOUCHWOOD,EQ,,,,,TOUCHWOOD ENTERTAIN LTD.,58.2,59.2,58.2,59.2,59.2,58.13,,59.2,,,704,41630.08,12,F1,1,,,,,
2026-09-03,2026-09-03,CM,NSE,STK,3466,INE305A01023,TFCILTD,EQ,,,,,TOURISM FINANCE CORP. OF,146.35,147.3,142.9,146.71,146.75,146.14,,146.71,,,12510406,1827951407.68,23951,F1,1,,,,,
2026-09-03,2026-09-03,CM,NSE,STK,765195,INE457P01020,TOYAMSL,EQ,,,,,TOYAM SPORTS LTD.,0.64,0.64,0.61,0.61,0.62,0.63,,0.61,,,278952,174676.48,165,F1,1,,,,,
2026-09-03,2026-09-03,CM,NSE,STK,9219,INE413G01022,TPLPLASTEH,EQ,,,,,TPL PLASTECH LIMITED,71.85,74.9,71.5,72.53,72.2,71.04,,72.53,,,118232,8568524.9,1276,F1,1,,,,,
2026-09-03,2026-09-03,CM,NSE,STK,11582,INE0HMF01019,TRACXN,EQ,,,,,TRACXN TECHNOLOGIES LTD,30.05,30.15,29.7,29.94,29.8,30.02,,29.94,,,157689,4726820.07,642,F1,1,,,,,
2026-09-03,2026-09-03,CM,NSE,STK,15174,INE763I01026,TARIL,EQ,,,,,TRANS & RECTI. LTD,304.8,305.8,300.0,300.6,300.7,302.0,,300.62,,,757858,229302260.65,13433,F1,1,,,,,
2026-09-03,2026-09-03,CM,NSE,STK,765200,INE330E01023,TRANSCOR,EQ,,,,,TRANSCORP INTERNATIONAL L,24.92,25.7,24.92,24.97,25.0,24.92,,24.98,,,2972,74996.01,68,F1,1,,,,,
2026-09-03,2026-09-03,CM,NSE,STK,17795,INE0O3901029,TREL,EQ,,,,,TRANSINDIA REAL ESTATE L,27.22,27.99,26.85,26.94,27.0,26.96,,26.94,,,96090,2604088.18,3474,F1,1,,,,,
2026-09-03,2026-09-03,CM,NSE,STK,7669,INE687A01016,TRANSPEK,BE,,,,,TRANSPEK INDUSTRIES LTD,1435.0,1435.0,1365.0,1390.0,1390.0,1384.9,,1387.8,,,1170,1637378.8,99,F1,1,,,,,
2026-09-03,2026-09-03,CM,NSE,STK,10580,INE688A01022,TCI,EQ,,,,,TRANSPORT CORPN OF INDIA,876.05,896.0,865.15,870.9,868.5,869.1,,870.95,,,15809,13775023.0,2888,F1,1,,,,,
2026-09-03,2026-09-03,CM,NSE,STK,28714,INE454P01035,TRANSRAILL,EQ,,,,,TRANSRAIL LIGHTING LTD,431.0,435.55,425.8,427.45,427.0,427.15,,427.44,,,279513,120212325.7,10220,F1,1,,,,,
2026-09-03,2026-09-03,CM,NSE,STK,19801,INE0NVI01020,TRANSTEEL,SM,,,,,TRANSTEEL SEATING TECH L,75.15,77.25,74.0,76.7,76.7,75.2,,76.7,,,113000,8651500.0,89,F1,1000,,,,,
2026-09-03,2026-09-03,CM,NSE,STK,14319,INE804H01012,TFL,EQ,,,,,TRANSWARRANTY FIN. LTD.,12.46,12.78,12.24,12.56,12.78,12.44,,12.56,,,5851,73365.28,37,F1,1,,,,,
2026-09-03,2026-09-03,CM,NSE,STK,8619,INE757B01015,TRANSWORLD,BE,,,,,TRANSWORLD SHIP LINES LTD,163.6,169.67,163.25,169.0,169.0,166.35,,169.0,,,4939,834378.46,39,F1,1,,,,,
2026-09-03,2026-09-03,CM,NSE,STK,757545,INE103V01028,TRAVELFOOD,EQ,,,,,TRAVEL FOOD SERVICES LTD,1279.9,1300.0,1265.0,1278.4,1280.9,1273.5,,1278.42,,,30371,38724034.2,3949,F1,1,,,,,
2026-09-03,2026-09-03,CM,NSE,STK,25082,INE040M01013,TREEHOUSE,EQ,,,,,TREE HOUSE EDU LTD,6.31,6.31,5.81,6.22,6.25,6.12,,6.23,,,30378,186965.4,128,F1,1,,,,,
2026-09-03,2026-09-03,CM,NSE,STK,7518,INE00CA01015,TREJHARA,EQ,,,,,TREJHARA SOLUTIONS LTD,144.8,150.0,143.0,145.99,145.21,144.78,,145.97,,,34833,5153491.61,686,F1,1,,,,,
2026-09-03,2026-09-03,CM,NSE,STK,1964,INE849A01020,TRENT,EQ,,,,,TRENT LTD,2860.0,2879.8,2815.6,2815.6,2815.6,2852.3,,2814.56,,,520969,1482027252.4,28523,F1,1,,,,,
2026-09-03,2026-09-03,CM,NSE,STK,17987,INE391D01019,TRF,EQ,,,,,TRF LIMITED,225.9,231.98,223.01,230.03,230.75,223.64,,229.96,,,11947,2706273.35,460,F1,1,,,,,
2026-09-03,2026-09-03,CM,NSE,STK,27037,INE760L01018,TBZ,EQ,,,,,TRIB BHIMJI ZAVERI LTD,414.0,457.15,402.3,437.15,443.95,418.25,,435.51,,,6949776,2946090233.6,85143,F1,1,,,,,
2026-09-03,2026-09-03,CM,NSE,STK,9685,INE064C01022,TRIDENT,EQ,,,,,TRIDENT LIMITED,24.06,24.24,23.9,23.99,23.97,24.06,,23.99,,,1720094,41332262.76,8782,F1,1,,,,,
2026-09-03,2026-09-03,CM,NSE,STK,21078,INE0QD201012,TECHLABS,SM,,,,,TRIDENT TECHLABS LIMITED,118.0,119.0,115.05,118.3,118.7,117.65,,118.3,,,5000,586406.25,36,F1,125,,,,,
2026-09-03,2026-09-03,CM,NSE,STK,17215,INE0LWY01029,TRIDHYA,ST,,,,,TRIDHYA TECH LIMITED,7.25,7.25,7.2,7.2,7.2,7.55,,7.2,,,9000,64950.0,3,F1,3000,,,,,
2026-09-03,2026-09-03,CM,NSE,STK,5428,INE948A01012,TRIGYN,EQ,,,,,TRIGYN TECHNOLOGIES LTD,59.55,60.24,56.54,59.6,59.2,59.36,,59.58,,,79037,4630018.81,991,F1,1,,,,,
2026-09-03,2026-09-03,CM,NSE,STK,764960,INE440G01017,TRITONV,EQ,,,,,TRITON VALVES LTD.,1140.0,1148.8,1101.1,1115.5,1114.0,1124.4,,1116.48,,,2475,2793166.8,250,F1,1,,,,,
2026-09-03,2026-09-03,CM,NSE,STK,13081,INE256C01024,TRIVENI,EQ,,,,,TRIVENI ENGG. & INDS. LTD,284.8,287.0,278.65,280.5,282.4,282.6,,280.51,,,655024,184952615.65,10356,F1,1,,,,,
2026-09-03,2026-09-03,CM,NSE,STK,25584,INE152M01016,TRITURBINE,EQ,,,,,TRIVENI TURBINE LIMITED,565.2,573.9,562.85,571.7,571.55,565.2,,571.71,,,281796,160280825.65,30445,F1,1,,,,,
2026-09-03,2026-09-03,CM,NSE,STK,24642,INE0SYV01018,TROM,SM,,,,,TROM INDUSTRIES LIMITED,59.5,61.0,59.5,60.35,60.55,58.0,,60.35,,,6600,397560.0,10,F1,600,,,,,
2026-09-03,2026-09-03,CM,NSE,STK,759210,INE0MWH01014,TRUALT,EQ,,,,,TRUALT BIOENERGY LIMITED,432.0,433.05,424.25,426.4,427.5,428.85,,426.4,,,165202,70762411.7,5205,F1,1,,,,,
2026-09-03,2026-09-03,CM,NSE,STK,9378,INE615R01029,TRU,EQ,,,,,TRUCAP FINANCE LIMITED,4.1,4.16,3.93,4.08,4.05,4.07,,4.08,,,64659,262205.58,232,F1,1,,,,,
2026-09-03,2026-09-03,CM,NSE,STK,23417,INE0SWN01019,TRUST,SM,,,,,TRUST FINTECH LIMITED,33.0,34.0,31.35,31.4,31.4,32.85,,31.4,,,17400,557280.0,24,F1,600,,,,,
2026-09-03,2026-09-03,CM,NSE,STK,757861,INE16VK01010,TSC,ST,,,,,TSC INDIA LIMITED,41.05,41.85,41.0,41.0,41.0,41.05,,41.0,,,8000,329800.0,4,F1,2000,,,,,
2026-09-03,2026-09-03,CM,NSE,STK,2183,INE202Z01029,TSFINV,EQ,,,,,TSF INVESTMENTS LIMITED,405.15,408.8,402.6,406.05,407.0,403.15,,406.05,,,21820,8837450.4,1163,F1,1,,,,,
2026-09-03,2026-09-03,CM,NSE,STK,27421,INE1C3207081,935TSIIC28,N0,,,,,TSIIC 9.35% 2028 SR I- B,103900.0,103900.0,103900.0,103900.0,103900.0,103799.97,,103900.0,,,1,103900.0,1,F1,1,,,,,
2026-09-03,2026-09-03,CM,NSE,STK,11369,INE910C01018,TTKHLTCARE,EQ,,,,,TTK HEALTHCARE LIMITED,1135.0,1145.9,1097.0,1103.2,1097.0,1131.5,,1103.25,,,26667,29748519.2,3102,F1,1,,,,,
2026-09-03,2026-09-03,CM,NSE,STK,3546,INE690A01028,TTKPRESTIG,EQ,,,,,TTK PRESTIGE LTD,593.0,593.0,579.7,583.95,583.15,586.25,,583.9,,,39625,23106013.25,3415,F1,1,,,,,
2026-09-03,2026-09-03,CM,NSE,STK,312,INE974X01010,TIINDIA,EQ,,,,,TUBE INVEST OF INDIA LTD,2720.0,2735.4,2685.4,2735.4,2735.4,2720.0,,2735.39,,,210450,569246498.0,20277,F1,1,,,,,
2026-09-03,2026-09-03,CM,NSE,STK,24520,INE0OXV01027,TUNWAL,SM,,,,,TUNWAL E-MOTORS LIMITED,25.15,26.85,25.15,25.25,25.35,25.1,,25.25,,,118000,3018900.0,50,F1,2000,,,,,
2026-09-03,2026-09-03,CM,NSE,STK,756090,INE0OC301013,TURTLEMINT,EQ,,,,,TURTLEMINT FINTECH SOLS L,145.0,148.19,143.1,144.29,144.0,144.08,,144.29,,,596945,86875855.31,12938,F1,1,,,,,
2026-09-03,2026-09-03,CM,NSE,STK,765205,INE400A01014,TUTIALKA,EQ,,,,,TUTICORIN ALKAL CH & FE L,60.32,61.8,59.9,61.0,61.0,61.55,,61.0,,,2495,151543.26,62,F1,1,,,,,
2026-09-03,2026-09-03,CM,NSE,STK,11275,INE038F01029,TVTODAY,EQ,,,,,TV TODAY NETWORK LTD,110.06,114.17,110.06,111.14,111.0,112.12,,111.14,,,17942,1999914.67,288,F1,1,,,,,
2026-09-03,2026-09-03,CM,NSE,STK,18508,INE871L01013,TVVISION,BE,,,,,TV VISION LIMITED,3.47,3.47,3.31,3.4,3.4,3.31,,3.4,,,35494,119493.86,52,F1,1,,,,,
2026-09-03,2026-09-03,CM,NSE,STK,11265,INE236G01019,TVSELECT,EQ,,,,,TVS ELECTRONICS LTD,418.0,431.4,415.35,421.3,423.0,420.75,,421.29,,,34274,14434268.85,1438,F1,1,,,,,
2026-09-03,2026-09-03,CM,NSE,STK,29008,INE105A01035,TVSHLTD,EQ,,,,,TVS HOLDINGS LIMITED,13150.0,13200.0,13052.0,13156.0,13142.0,13045.0,,13155.83,,,2091,27472874.0,820,F1,1,,,,,
2026-09-03,2026-09-03,CM,NSE,STK,8479,INE494B01023,TVSMOTOR,EQ,,,,,TVS MOTOR COMPANY  LTD,4204.9,4221.6,4151.0,4200.0,4200.0,4200.0,,4200.0,,,727008,3040522810.5,42778,F1,1,,,,,
2026-09-03,2026-09-03,CM,NSE,STK,14245,INE421C01016,TVSSRICHAK,EQ,,,,,TVS SRICHAKRA LIMITED,5426.0,5475.0,5211.0,5249.0,5290.0,5426.0,,5248.99,,,16332,86336015.5,3627,F1,1,,,,,
2026-09-03,2026-09-03,CM,NSE,STK,18151,INE395N01027,TVSSCS,EQ,,,,,TVS SUPPLY CHAIN SOL L,124.99,130.7,124.99,129.53,129.49,124.39,,129.54,,,1073908,137566858.62,15150,F1,1,,,,,
2026-09-03,2026-09-03,CM,NSE,STK,19503,INE388G01026,TICL,BE,,,,,TWAMEV CONS AND INFRA LTD,8.29,8.29,8.0,8.08,8.09,8.23,,8.11,,,59154,479626.7,162,F1,1,,,,,
2026-09-03,2026-09-03,CM,NSE,STK,764970,INE726E01014,UPHOT,EQ,,,,,U P HOTELS LTD.,1500.0,1500.0,1386.1,1387.0,1387.0,1459.0,,1402.71,,,393,550445.1,22,F1,1,,,,,
2026-09-03,2026-09-03,CM,NSE,STK,25629,INE152C01025,UYFINCORP,BE,,,,,U. Y. FINCORP LIMITED,19.5,20.0,19.5,19.93,20.0,19.3,,19.93,,,134148,2653779.54,267,F1,1,,,,,
2026-09-03,2026-09-03,CM,NSE,STK,7739,INE139B01016,UCAL,BE,,,,,UCAL LIMITED,149.1,150.0,145.75,148.08,147.95,148.11,,148.08,,,7103,1053826.13,106,F1,1,,,,,
2026-09-03,2026-09-03,CM,NSE,STK,756000,INE583D07604,1015UCL27,NF,,,,,UCL 10.15% SR III,1000.01,1000.01,994.5,997.42,994.5,1010.0,,997.42,,,200,199484.35,5,F1,1,,,,,
2026-09-03,2026-09-03,CM,NSE,STK,756004,INE583D07596,1050UCL28,NH,,,,,UCL 10.50% SR V,1010.05,1010.05,1010.05,1010.05,1010.05,1010.05,,1012.53,,,1353,1366597.65,2,F1,1,,,,,
2026-09-03,2026-09-03,CM,NSE,STK,11223,INE691A01018,UCOBANK,EQ,,,,,UCO BANK,24.53,25.09,24.53,24.64,24.75,24.39,,24.64,,,6948260,172400911.48,18167,F1,1,,,,,
2026-09-03,2026-09-03,CM,NSE,STK,764965,INE551B01012,UDAYJEW,EQ,,,,,UDAY JEWELLERY INDS. LTD.,138.0,145.0,135.6,138.14,140.0,133.31,,138.57,,,1667,232792.5,55,F1,1,,,,,
2026-09-03,2026-09-03,CM,NSE,STK,14871,INE0N0Y01013,USK,EQ,,,,,UDAYSHIVAKUMAR INFRA LTD,21.9,21.9,20.3,20.61,20.56,20.6,,20.63,,,18299,376582.89,235,F1,1,,,,,
2026-09-03,2026-09-03,CM,NSE,STK,1053,INE516A01017,UFLEX,EQ,,,,,UFLEX LIMITED,702.5,708.25,671.05,686.7,683.9,701.8,,686.65,,,534244,367474342.05,27770,F1,1,,,,,
2026-09-03,2026-09-03,CM,NSE,STK,9039,INE527H01019,UFO,EQ,,,,,UFO MOVIEZ INDIA LTD.,66.75,66.75,65.05,65.44,65.48,65.38,,65.41,,,9838,646363.89,230,F1,1,,,,,
2026-09-03,2026-09-03,CM,NSE,STK,5313,INE583D01011,UGROCAP,EQ,,,,,UGRO CAPITAL LIMITED,85.1,85.99,84.5,84.89,84.75,85.1,,84.9,,,113260,9632274.7,1653,F1,1,,,,,
2026-09-03,2026-09-03,CM,NSE,STK,23507,INE899L01030,UEL,EQ,,,,,UJAAS ENERGY LIMITED,227.9,230.1,223.53,230.1,230.1,219.15,,235.55,,,13528,3094328.98,231,F1,1,,,,,
2026-09-03,2026-09-03,CM,NSE,STK,15228,INE551W01018,UJJIVANSFB,EQ,,,,,UJJIVAN SMALL FINANC BANK,64.25,65.22,62.6,62.99,62.9,63.64,,62.99,,,21859923,1386598878.96,92838,F1,1,,,,,
2026-09-03,2026-09-03,CM,NSE,STK,5945,INE00F301010,UWCSL,SM,,,,,ULTRA WIRING CONN SYS LTD,110.25,110.25,110.25,110.25,110.25,105.0,,110.25,,,1000,110250.0,1,F1,1000,,,,,
2026-09-03,2026-09-03,CM,NSE,STK,762961,INE405A01021,ULTRAMAR,EQ,,,,,ULTRAMARINE & PIGMENTS L,443.9,443.9,428.25,435.15,436.2,441.35,,435.12,,,92645,40406311.65,4019,F1,1,,,,,
2026-09-03,2026-09-03,CM,NSE,STK,11532,INE481G01011,ULTRACEMCO,EQ,,,,,ULTRATECH CEMENT LIMITED,11450.0,11450.0,11275.0,11275.0,11275.0,11393.0,,11268.35,,,247711,2808216011.0,35274,F1,1,,,,,
2026-09-03,2026-09-03,CM,NSE,STK,8845,INE0GIU01018,UMAEXPORTS,BE,,,,,UMA EXPORTS LIMITED,24.45,24.45,24.45,24.45,24.45,24.94,,24.69,,,1177,28777.65,22,F1,1,,,,,
2026-09-03,2026-09-03,CM,NSE,STK,8998,INE398B01018,UMIYA-MRO,EQ,,,,,UMIYA BUILDCON LIMITED,98.0,99.39,96.0,96.84,96.0,97.39,,96.85,,,26345,2572928.49,332,F1,1,,,,,
2026-09-03,2026-09-03,CM,NSE,STK,3579,INE351A01035,UNICHEMLAB,EQ,,,,,UNICHEM LABORATORIES LTD,562.0,569.25,542.85,547.95,549.0,559.65,,547.92,,,73499,40647977.95,3277,F1,1,,,,,
2026-09-03,2026-09-03,CM,NSE,STK,24809,INE00U401027,UNIECOM,EQ,,,,,UNICOMMERCE ESOLUTIONS L,85.95,87.38,85.7,85.93,85.89,85.83,,85.92,,,118111,10166617.49,1220,F1,1,,,,,
2026-09-03,2026-09-03,CM,NSE,STK,18582,INE0PRF01011,UNIHEALTH,SM,,,,,UNIHEALTH HOSPITALS LTD,725.0,729.0,709.0,719.95,719.95,717.6,,719.95,,,3500,2516500.0,7,F1,500,,,,,
2026-09-03,2026-09-03,CM,NSE,STK,7791,INE481Z01011,UNIINFO,EQ,,,,,UNIINFO TELECOM SERVI LTD,11.45,11.54,10.89,11.26,11.46,11.45,,11.26,,,1968,22155.72,28,F1,1,,,,,
2026-09-03,2026-09-03,CM,NSE,STK,25633,INE0B2801011,UNILEX,SM,,,,,UNILEX COLOURS AND CHEM L,27.45,27.45,27.45,27.45,27.45,26.5,,27.45,,,4800,131760.0,2,F1,1600,,,,,
2026-09-03,2026-09-03,CM,NSE,STK,28960,INE0U3I01011,UNIMECH,EQ,,,,,UNIMECH AEROSPACE N MFG L,1455.1,1497.8,1450.5,1465.3,1475.0,1451.9,,1465.28,,,136446,200816187.3,8159,F1,1,,,,,
2026-09-03,2026-09-03,CM,NSE,STK,10753,INE692A01016,UNIONBANK,EQ,,,,,UNION BANK OF INDIA,187.5,190.75,186.75,189.0,189.0,186.86,,189.0,,,13672026,2585723191.91,59542,F1,1,,,,,
2026-09-03,2026-09-03,CM,NSE,STK,29687,INF582M01KS4,UNIONGOLD,EQ,,,,,UNIONAMC - UNIONGOLD,150.0,150.35,149.1,149.6,149.65,145.95,,149.65,,,969,145365.45,97,F1,1,,,,,
2026-09-03,2026-09-03,CM,NSE,STK,13057,INE244O01017,UNIPARTS,EQ,,,,,UNIPARTS INDIA LIMITED,888.15,909.45,888.15,899.9,895.0,886.35,,900.02,,,128342,115535395.95,8323,F1,1,,,,,
2026-09-03,2026-09-03,CM,NSE,STK,11293,INE037A01022,UNIENTER,EQ,,,,,UNIPHOS ENTERPRISES LTD,96.68,96.68,93.25,94.06,93.81,93.74,,94.06,,,1277,120796.53,53,F1,1,,,,,
2026-09-03,2026-09-03,CM,NSE,STK,3594,INE694A01020,UNITECH,EQ,,,,,UNITECH LTD,3.77,3.78,3.67,3.71,3.72,3.74,,3.71,,,4719384,17478638.85,2107,F1,1,,,,,
2026-09-03,2026-09-03,CM,NSE,STK,16713,INE686F01025,UBL,EQ,,,,,UNITED BREWERIES LTD,1289.0,1325.4,1279.7,1284.2,1284.0,1282.6,,1284.2,,,161022,208340229.8,14044,F1,1,,,,,
2026-09-03,2026-09-03,CM,NSE,STK,204,INE961D01019,UNIDT,BE,,,,,UNITED DRILLING TOOLS LTD,226.0,226.0,214.0,221.96,223.0,221.27,,222.19,,,9220,2043635.94,159,F1,1,,,,,
2026-09-03,2026-09-03,CM,NSE,STK,3133,INE382M01027,UFBL,BE,,,,,UNITED FOODBRANDS LIMITED,727.0,734.75,702.7,719.2,720.5,727.25,,719.13,,,42814,30835020.9,955,F1,1,,,,,
2026-09-03,2026-09-03,CM,NSE,STK,25938,INE0SMR01011,UHTL,ST,,,,,UNITED HEAT TRANSFER LTD,155.3,155.3,155.3,155.3,155.3,152.3,,155.3,,,38000,5901400.0,7,F1,2000,,,,,
2026-09-03,2026-09-03,CM,NSE,STK,17999,INE458F01011,UNITEDTEA,EQ,,,,,UNITED NILGIRI TEA LTD,444.0,449.65,442.2,447.05,447.0,442.95,,447.05,,,535,239100.3,56,F1,1,,,,,
2026-09-03,2026-09-03,CM,NSE,STK,7560,INE368U01029,UNITEDPOLY,EQ,,,,,UNITED POLYFAB GUJ. LTD.,38.02,41.5,37.32,40.41,41.45,38.04,,40.42,,,288213,11364362.11,587,F1,1,,,,,
2026-09-03,2026-09-03,CM,NSE,STK,10447,INE854D01024,UNITDSPR,EQ,,,,,UNITED SPIRITS LIMITED,1474.2,1488.9,1448.0,1488.9,1488.9,1469.5,,1488.9,,,695331,1027077904.7,18463,F1,1,,,,,
2026-09-03,2026-09-03,CM,NSE,STK,18979,INE562X01013,UNIVASTU,BE,,,,,UNIVASTU INDIA LIMITED,163.85,168.73,157.09,168.4,165.31,160.7,,168.4,,,131098,21697026.68,750,F1,1,,,,,
2026-09-03,2026-09-03,CM,NSE,STK,3607,INE279A01012,UNIVCABLES,EQ,,,,,UNIVERSAL CABLES LTD,1645.0,1655.2,1608.3,1626.8,1630.9,1628.0,,1626.8,,,74008,120535641.4,9353,F1,1,,,,,
2026-09-03,2026-09-03,CM,NSE,STK,17661,INE03V001013,UNIVPHOTO,BE,,,,,UNIVERSUS IMAGINGS LTD,464.0,467.25,455.05,467.25,467.25,445.0,,469.91,,,1124,522225.95,37,F1,1,,,,,
2026-09-03,2026-09-03,CM,NSE,STK,14154,INE405E01023,UNOMINDA,EQ,,,,,UNO MINDA LIMITED,1244.0,1269.0,1235.8,1269.0,1269.0,1236.0,,1268.73,,,638835,797102216.0,41964,F1,1,,,,,
2026-09-03,2026-09-03,CM,NSE,STK,18636,INE148I08256,915SCL26,NE,,,,,UNS RED NCD 9.15% SR.IX,1081.29,1084.0,1081.0,1083.99,1083.99,1081.0,,1084.0,,,590,638672.7,11,F1,1,,,,,
2026-09-03,2026-09-03,CM,NSE,STK,2883,INE530B08110,IIFLZC28,NG,,,,,UNSE RE NCD 0% SR.III,1668.95,1668.95,1668.95,1668.95,1668.95,1650.0,,1668.95,,,16,26703.2,2,F1,1,,,,,
2026-09-03,2026-09-03,CM,NSE,STK,2871,INE530B08094,10IIFL28A,NE,,,,,UNSE RE NCD 10% SR.I,1043.7,1043.8,1041.0,1042.46,1041.0,1041.0,,1041.3,,,462,482066.2,6,F1,1,,,,,
2026-09-03,2026-09-03,CM,NSE,STK,2877,INE530B08102,96IIFL28A,NF,,,,,UNSE RE NCD 9.6% SR.II,1003.02,1004.68,1003.0,1004.68,1004.68,1003.98,,1004.68,,,110,110389.95,7,F1,1,,,,,
2026-09-03,2026-09-03,CM,NSE,STK,5217,INE477L08162,IIFLZC28C,N6,,,,,UNSEC RE NCD 0% SR.III,1599.95,1599.95,1599.95,1599.95,1599.95,1586.3,,1599.95,,,15,23999.25,3,F1,1,,,,,
2026-09-03,2026-09-03,CM,NSE,STK,5212,INE477L08147,10IIFL28,N4,,,,,UNSEC RE NCD 10% SR.I,1000.0,1009.99,1000.0,1009.99,1009.99,1003.0,,1009.05,,,272,272715.28,6,F1,1,,,,,
2026-09-03,2026-09-03,CM,NSE,STK,5214,INE477L08154,96IIFL28,N5,,,,,UNSEC RE NCD 9.60% SR.II,1004.0,1004.0,1003.0,1004.0,1004.0,1002.1,,1004.0,,,104,104414.98,5,F1,1,,,,,
2026-09-03,2026-09-03,CM,NSE,STK,19045,INE866I08279,10IIFL29,N6,,,,,UNSEC RED NCD 10.0% SR. V,1020.0,1020.0,1020.0,1020.0,1020.0,1015.0,,1024.88,,,21,21420.0,2,F1,1,,,,,
2026-09-03,2026-09-03,CM,NSE,STK,21229,INE306N08342,885TCAPS29,NC,,,,,UNSERENCD8.85%SRIVCIII&IV,1040.0,1040.0,1040.0,1040.0,1040.0,1045.85,,1040.0,,,5,5200.0,1,F1,1,,,,,
2026-09-03,2026-09-03,CM,NSE,STK,19113,INE851I01011,UDS,EQ,,,,,UPDATER SERVICES LIMITED,234.7,238.71,230.42,236.61,238.71,231.44,,236.61,,,1784517,418844756.43,13648,F1,1,,,,,
2026-09-03,2026-09-03,CM,NSE,STK,11287,INE628A01036,UPL,EQ,,,,,UPL LIMITED,579.0,586.15,578.0,585.35,585.35,578.45,,585.35,,,1643846,959555189.35,24052,F1,1,,,,,
2026-09-03,2026-09-03,CM,NSE,STK,10610,INE0CBM01019,USASEEDS,SM,,,,,UPSURGE SEEDS OF AGRI LTD,89.0,89.0,88.8,88.8,88.8,93.45,,88.8,,,2568,228124.0,5,F1,428,,,,,
2026-09-03,2026-09-03,CM,NSE,STK,17081,INE568Z01015,URAVIDEF,BE,,,,,URAVI DEFENCE &TECH LTD,124.0,127.0,117.85,120.59,123.37,124.05,,121.79,,,9194,1127085.5,221,F1,1,,,,,
2026-09-03,2026-09-03,CM,NSE,STK,759084,INE0CAZ01013,URBANCO,EQ,,,,,URBAN COMPANY LIMITED,172.95,179.2,172.32,177.46,177.6,171.84,,177.47,,,17445212,3083086114.06,108136,F1,1,,,,,
2026-09-03,2026-09-03,CM,NSE,STK,16888,INE0O0201019,URBAN,SM,,,,,URBAN ENVIRO WASTE MGMT L,121.35,123.4,115.0,119.85,119.85,121.35,,119.85,,,25600,3065840.0,32,F1,800,,,,,
2026-09-03,2026-09-03,CM,NSE,STK,20203,INE550C01020,URJA,EQ,,,,,URJA GLOBAL LIMITED,9.08,9.19,9.08,9.15,9.16,9.03,,9.15,,,536229,4894838.86,1739,F1,1,,,,,
2026-09-03,2026-09-03,CM,NSE,STK,25952,INE0LS001014,USHAFIN,SM,,,,,USHA FINANCIAL SERVICES L,49.8,51.35,49.5,51.0,51.0,49.4,,51.0,,,62400,3153040.0,23,F1,1600,,,,,
2026-09-03,2026-09-03,CM,NSE,STK,19142,INE240C01028,UMESLTD,EQ,,,,,USHA MARTIN EDU & SOL LTD,4.9,5.12,4.9,5.0,5.0,4.88,,5.0,,,10967,54519.9,117,F1,1,,,,,
2026-09-03,2026-09-03,CM,NSE,STK,8840,INE228A01035,USHAMART,EQ,,,,,USHA MARTIN LTD.,505.0,517.5,504.05,515.65,517.0,501.6,,515.65,,,910413,466608757.3,28219,F1,1,,,,,
2026-09-03,2026-09-03,CM,NSE,STK,4214,INE00NI01015,UCL,ST,,,,,USHANTI COLOUR CHEM LTD,249.75,249.75,249.75,249.75,249.75,254.8,,249.75,,,88000,21978000.0,5,F1,2000,,,,,
2026-09-03,2026-09-03,CM,NSE,STK,527,INE094J01016,UTIAMC,EQ,,,,,UTI ASSET MNGMT CO LTD,875.0,885.0,875.0,880.4,882.0,877.0,,880.4,,,54346,47824536.0,5884,F1,1,,,,,
2026-09-03,2026-09-03,CM,NSE,STK,764180,INF789F1AG68,LIQUIDBETA,EQ,,,,,UTIAMC - LIQUIDBETA,1006.7,1006.7,1006.7,1006.7,1006.7,1006.57,,1006.7,,,60,60402.0,7,F1,1,,,,,
2026-09-03,2026-09-03,CM,NSE,STK,765431,INF789F1AG76,NIF500BETA,EQ,,,,,UTIAMC - NIF500BETA,38.06,38.3,37.45,37.45,37.45,37.31,,37.45,,,1986,74604.55,19,F1,1,,,,,
2026-09-03,2026-09-03,CM,NSE,STK,22440,INF789F1AUV1,BANKBETA,EQ,,,,,UTIAMC-BANKBETA,59.57,59.73,59.36,59.58,59.62,59.23,,59.58,,,111827,6666462.87,386,F1,1,,,,,
2026-09-03,2026-09-03,CM,NSE,STK,22524,INF789F1AZF3,GILT10BETA,EQ,,,,,UTIAMC-GILT10BETA,26.62,26.72,26.62,26.68,26.65,26.75,,26.68,,,127,3389.28,7,F1,1,,,,,
2026-09-03,2026-09-03,CM,NSE,STK,22521,INF789F1AZE6,GILT5BETA,EQ,,,,,UTIAMC-GILT5BETA,66.01,66.94,66.01,66.49,66.49,65.69,,66.49,,,10011,665632.37,5,F1,1,,,,,
2026-09-03,2026-09-03,CM,NSE,STK,22488,INF789F1AZD8,ITBETA,EQ,,,,,UTIAMC-ITBETA,325.32,325.32,323.6,324.46,324.46,325.32,,325.13,,,70,22712.97,14,F1,1,,,,,
2026-09-03,2026-09-03,CM,NSE,STK,18347,INF789F1AYX9,MIDCAPBETA,EQ,,,,,UTIAMC-MIDCAPBETA,234.05,235.0,233.52,234.77,234.75,234.0,,234.77,,,908,212630.61,27,F1,1,,,,,
2026-09-03,2026-09-03,CM,NSE,STK,21478,INF789F1AUW9,NEXT50BETA,EQ,,,,,UTIAMC-NEXT50BETA,79.59,79.59,78.5,78.93,79.34,79.27,,78.95,,,95865,7571115.62,558,F1,1,,,,,
2026-09-03,2026-09-03,CM,NSE,STK,10511,INF789F1AZC0,NIFTYBETA,EQ,,,,,UTIAMC-NIFTYBETA,265.49,267.61,264.75,264.92,267.61,265.48,,264.92,,,76337,20289957.37,455,F1,1,,,,,
2026-09-03,2026-09-03,CM,NSE,STK,10515,INF789FB1X58,SENSEXBETA,EQ,,,,,UTIAMC-SENSEXBETA,847.0,854.98,847.0,849.27,847.22,846.66,,849.67,,,1209,1027716.95,141,F1,1,,,,,
2026-09-03,2026-09-03,CM,NSE,STK,15085,INF789F1AYK6,SILVERBETA,EQ,,,,,UTIAMC-SILVERBETA,220.6,224.61,220.6,221.96,222.0,217.48,,221.96,,,824143,183690155.27,4219,F1,1,,,,,
2026-09-03,2026-09-03,CM,NSE,STK,9168,INF789F1AUU3,SNXT50BETA,EQ,,,,,UTIAMC-SNXT50BETA,95.9,96.14,93.5,95.56,95.09,94.97,,95.56,,,1593,150380.47,77,F1,1,,,,,
2026-09-03,2026-09-03,CM,NSE,STK,14535,INF789F1AUX7,GOLDBETA,EQ,,,,,UTIAMC-UTIGOLDBETA,129.2,130.85,128.0,128.5,128.45,126.0,,128.5,,,986899,126824212.7,3659,F1,1,,,,,
2026-09-03,2026-09-03,CM,NSE,STK,751580,INE1V1R01014,UTKAL,SM,,,,,UTKAL SPEC INDUS INDIA L,46.9,46.9,46.9,46.9,46.9,44.7,,46.9,,,20000,938000.0,8,F1,2000,,,,,
2026-09-03,2026-09-03,CM,NSE,STK,17358,INE735W01017,UTKARSHBNK,EQ,,,,,UTKARSH SMALL FIN BANK L,14.77,15.1,14.77,14.89,14.9,14.77,,14.89,,,5780675,86411163.13,4371,F1,1,,,,,
2026-09-03,2026-09-03,CM,NSE,STK,24729,INE06IJ01010,UTSSAV,ST,,,,,UTSSAV CZ GOLD JEWELS LTD,445.0,447.0,440.0,446.0,445.0,445.0,,446.0,,,8400,3722400.0,13,F1,600,,,,,
2026-09-03,2026-09-03,CM,NSE,STK,13376,INE786F01031,UTTAMSUGAR,EQ,,,,,UTTAM SUGAR MILLS LTD.,294.0,305.6,292.75,299.0,296.6,292.55,,299.01,,,298171,89641747.15,7781,F1,1,,,,,
2026-09-03,2026-09-03,CM,NSE,STK,3188,INE0GXK01018,VMARCIND,SM,,,,,V MARC INDIA LIMITED,327.35,351.3,317.05,348.7,346.7,321.05,,348.7,,,520500,174534525.0,321,F1,1500,,,,,
2026-09-03,2026-09-03,CM,NSE,STK,23018,INE0QQM01017,VR,SM,,,,,V R INFRASPACE LIMITED,99.0,102.0,99.0,102.0,102.0,104.0,,102.0,,,1600,162000.0,4,F1,400,,,,,
2026-09-03,2026-09-03,CM,NSE,STK,765220,INE222F01029,VTMLTD,EQ,,,,,V T M LTD.,59.5,59.5,56.48,56.57,56.5,57.73,,56.56,,,15018,856462.01,94,F1,1,,,,,
2026-09-03,2026-09-03,CM,NSE,STK,15362,INE951I01027,VGUARD,EQ,,,,,V-GUARD IND LTD.,344.05,345.0,336.25,339.25,339.0,341.2,,339.24,,,586732,199084982.05,15678,F1,1,,,,,
2026-09-03,2026-09-03,CM,NSE,STK,24606,INE0QXL01015,VLINFRA,SM,,,,,V.L.INFRAPROJECTS LIMITED,26.5,26.5,26.5,26.5,26.5,26.6,,26.5,,,1500,39750.0,1,F1,1500,,,,,
2026-09-03,2026-09-03,CM,NSE,STK,14766,INE945H01021,V2RETAIL,EQ,,,,,V2 RETAIL LIMITED,219.39,220.91,217.0,219.0,218.12,218.16,,218.99,,,382107,83515941.88,10107,F1,1,,,,,
2026-09-03,2026-09-03,CM,NSE,STK,20188,INE956G01038,WABAG,EQ,,,,,VA TECH WABAG LTD,2002.2,2034.8,1995.0,2011.1,2015.0,1987.8,,2011.13,,,641600,1293273471.4,24957,F1,1,,,,,
2026-09-03,2026-09-03,CM,NSE,STK,764975,INE693D01018,VADILENT,EQ,,,,,VADILAL ENTERPRISES LTD.,10010.0,10500.0,9801.0,10495.0,10495.0,10019.0,,10450.0,,,139,1412710.0,22,F1,1,,,,,
2026-09-03,2026-09-03,CM,NSE,STK,24196,INE694D01016,VADILALIND,EQ,,,,,VADILAL INDUSTRIES LTD,7558.0,7675.0,7507.5,7615.0,7575.0,7559.5,,7615.1,,,10157,77260478.0,2824,F1,1,,,,,
2026-09-03,2026-09-03,CM,NSE,STK,20973,INE551Q01028,VSCL,SM,,,,,VADIVARHE SPCLTY CHEM LTD,21.95,21.95,21.95,21.95,21.95,23.1,,21.95,,,3000,65850.0,1,F1,3000,,,,,
2026-09-03,2026-09-03,CM,NSE,STK,11364,INE884A01027,VAIBHAVGBL,EQ,,,,,VAIBHAV GLOBAL LIMITED,216.0,218.0,214.1,215.3,214.88,214.79,,215.24,,,145408,31452582.67,5521,F1,1,,,,,
2026-09-03,2026-09-03,CM,NSE,STK,8262,INE0JR301013,MADHAVBAUG,ST,,,,,VAIDYA SANE AYUR LAB LTD,160.4,160.4,160.3,160.3,160.3,160.8,,160.3,,,1600,256600.0,3,F1,400,,,,,
2026-09-03,2026-09-03,CM,NSE,STK,16589,INE972X01022,VAISHALI,EQ,,,,,VAISHALI PHARMA LIMITED,8.25,8.48,8.02,8.36,8.38,8.06,,8.36,,,92138,765109.39,278,F1,1,,,,,
2026-09-03,2026-09-03,CM,NSE,STK,13342,INE051B01021,VAKRANGEE,EQ,,,,,VAKRANGEE LIMITED,5.8,5.84,5.75,5.8,5.8,5.76,,5.8,,,606061,3513423.59,1242,F1,1,,,,,
2026-09-03,2026-09-03,CM,NSE,STK,19220,INE0JWS01017,VALIANTLAB,BE,,,,,VALIANT LABORATORIES LTD,99.5,100.93,99.0,100.93,100.93,96.13,,102.12,,,44968,4500339.75,215,F1,1,,,,,
2026-09-03,2026-09-03,CM,NSE,STK,334,INE565V01010,VALIANTORG,BE,,,,,VALIANT ORGANICS LIMITED,307.95,316.15,302.05,316.15,316.15,301.1,,316.22,,,84153,26262844.65,657,F1,1,,,,,
2026-09-03,2026-09-03,CM,NSE,STK,18124,INE879I01012,DBREALTY,EQ,,,,,VALOR ESTATE LIMITED,103.32,105.9,101.5,103.05,103.0,102.81,,103.05,,,759130,78584771.03,5374,F1,1,,,,,
2026-09-03,2026-09-03,CM,NSE,STK,13403,INE116G01013,VARDHACRLC,BE,,,,,VARDHAMAN ACRYLICS LTD,43.0,43.5,41.4,43.27,42.82,42.7,,43.27,,,51087,2166780.23,399,F1,1,,,,,
2026-09-03,2026-09-03,CM,NSE,STK,11892,INE701A01023,VHL,EQ,,,,,VARDHMAN HOLDINGS LIMITED,3570.4,3650.0,3531.2,3607.1,3606.9,3570.4,,3606.24,,,480,1733159.7,104,F1,1,,,,,
2026-09-03,2026-09-03,CM,NSE,STK,3646,INE835A01029,VARDMNPOLY,EQ,,,,,VARDHMAN POLYTEX LTD.,6.05,6.05,5.91,5.94,5.92,5.98,,5.94,,,70755,421440.84,195,F1,1,,,,,
2026-09-03,2026-09-03,CM,NSE,STK,27067,INE050M01012,VSSL,EQ,,,,,VARDHMAN SPC STEEL LTD,368.0,374.4,360.15,363.95,366.15,362.1,,363.94,,,176445,64800474.9,5846,F1,1,,,,,
2026-09-03,2026-09-03,CM,NSE,STK,2073,INE825A01020,VTL,EQ,,,,,VARDHMAN TEXTILES LIMITED,584.1,595.55,584.1,588.65,590.0,587.45,,588.64,,,334048,196985214.6,15846,F1,1,,,,,
2026-09-03,2026-09-03,CM,NSE,STK,3857,INE665L01035,VARROC,EQ,,,,,VARROC ENGINEERING LTD.,822.95,848.75,818.8,839.15,842.7,824.4,,839.15,,,265169,221583924.7,15344,F1,1,,,,,
2026-09-03,2026-09-03,CM,NSE,STK,18921,INE200M01039,VBL,EQ,,,,,VARUN BEVERAGES LIMITED,414.0,415.45,407.15,407.15,407.15,415.0,,407.16,,,4325249,1774820851.45,55619,F1,1,,,,,
2026-09-03,2026-09-03,CM,NSE,STK,13771,INE273D01027,VGL,EQ,,,,,VARVEE GLOBAL LIMITED,58.0,58.7,56.21,56.56,56.8,57.12,,56.49,,,15988,916356.12,201,F1,1,,,,,
2026-09-03,2026-09-03,CM,NSE,STK,16454,INE0N5801013,DENTALKART,SM,,,,,VASA DENTICITY LIMITED,401.15,401.15,400.0,400.0,400.0,399.05,,400.0,,,750,300562.5,3,F1,250,,,,,
2026-09-03,2026-09-03,CM,NSE,STK,18110,INE893I01013,VASCONEQ,EQ,,,,,VASCON ENGINEERS LTD,30.19,31.0,29.53,30.05,29.9,30.11,,30.05,,,307521,9291243.86,1368,F1,1,,,,,
2026-09-03,2026-09-03,CM,NSE,STK,25340,INE590L01019,VASWANI,EQ,,,,,VASWANI IND LTD,48.03,49.4,46.16,46.52,46.88,47.82,,46.57,,,55071,2587833.99,397,F1,1,,,,,
2026-09-03,2026-09-03,CM,NSE,STK,9027,INE098201036,VCL,BE,,,,,VAXTEX COTFAB LIMITED,1.66,1.66,1.66,1.66,1.66,1.74,,1.66,,,190237,315793.42,147,F1,1,,,,,
2026-09-03,2026-09-03,CM,NSE,STK,760049,INE04HY07377,115VCCL28,N0,,,,,VCCL 11.5% 2028 SR C,98100.0,98100.0,98100.0,98100.0,98100.0,98100.0,,98100.0,,,6,588600.0,4,F1,1,,,,,
2026-09-03,2026-09-03,CM,NSE,STK,756916,INE04HY07229,12VCCL29B,N0,,,,,VCCL 12% 2029,95910.0,95910.0,95910.0,95910.0,95910.0,99998.99,,95910.0,,,1,95910.0,1,F1,1,,,,,
2026-09-03,2026-09-03,CM,NSE,STK,760558,INE04HY08011,125VCCL31,N0,,,,,VCCL 12.5% 2031,96900.0,97499.0,96900.0,97499.0,97499.0,97511.0,,97499.0,,,10,970998.0,4,F1,1,,,,,
2026-09-03,2026-09-03,CM,NSE,STK,8167,INE825V01034,MANYAVAR,EQ,,,,,VEDANT FASHIONS LIMITED,547.0,582.5,543.7,568.2,565.0,544.1,,568.35,,,1082083,617948856.2,38804,F1,1,,,,,
2026-09-03,2026-09-03,CM,NSE,STK,750174,INE1CDF01017,VAML,EQ,,,,,VEDANTA ALUMINIUM METAL L,440.7,444.8,433.45,435.85,435.8,437.1,,435.84,,,4267390,1870407051.1,60281,F1,1,,,,,
2026-09-03,2026-09-03,CM,NSE,STK,750290,INE1CLE01013,VISL,EQ,,,,,VEDANTA IRON AND STEEL L,37.48,37.55,36.0,36.07,36.18,37.15,,36.07,,,15406099,561812178.66,38149,F1,1,,,,,
2026-09-03,2026-09-03,CM,NSE,STK,3063,INE205A01025,VEDL,EQ,,,,,VEDANTA LIMITED,272.0,274.75,268.0,270.5,270.5,270.7,,270.49,,,5945928,1608044581.65,48680,F1,1,,,,,
2026-09-03,2026-09-03,CM,NSE,STK,750368,INE704J01044,VOGL,EQ,,,,,VEDANTA OIL AND GAS LTD,38.84,38.84,37.4,37.54,37.58,38.57,,37.54,,,25866572,981084616.15,48054,F1,1,,,,,
2026-09-03,2026-09-03,CM,NSE,STK,750518,INE694L01019,VEDPOWER,EQ,,,,,VEDANTA POWER LIMITED,34.9,35.1,34.2,34.29,34.22,34.72,,34.29,,,11033569,380625091.26,34378,F1,1,,,,,
2026-09-03,2026-09-03,CM,NSE,STK,764980,INE359B01010,VEDAVAAG,EQ,,,,,VEDAVAAG SYSTEMS LTD.,18.28,18.5,18.0,18.14,18.3,18.28,,18.12,,,10855,198886.57,54,F1,1,,,,,
2026-09-03,2026-09-03,CM,NSE,STK,14019,INE484C01030,VEEDOL,EQ,,,,,VEEDOL CORPORATION LTD,1477.4,1490.9,1456.8,1462.8,1466.9,1473.7,,1462.74,,,8548,12552471.9,1228,F1,1,,,,,
2026-09-03,2026-09-03,CM,NSE,STK,10710,INE0KTW01013,VEEKAYEM,SM,,,,,VEEKAYEM FASH & APP LTD,107.0,114.5,107.0,114.35,114.5,110.35,,114.35,,,3500,387800.0,7,F1,500,,,,,
2026-09-03,2026-09-03,CM,NSE,STK,762969,INE232E01013,VELJAN,BE,,,,,VELJAN DENISON LTD.,1805.0,1860.0,1805.0,1848.4,1850.0,1803.1,,1848.4,,,758,1403538.9,56,F1,1,,,,,
2026-09-03,2026-09-03,CM,NSE,STK,3757,INE398A01010,VENKEYS,EQ,,,,,VENKY S (INDIA) LIMITED,1668.0,1713.0,1663.2,1677.1,1679.0,1659.0,,1677.08,,,86485,145958899.0,8090,F1,1,,,,,
2026-09-03,2026-09-03,CM,NSE,STK,28847,INE781S01027,VENTIVE,EQ,,,,,VENTIVE HOSPITALITY LTD,578.8,588.55,578.8,585.7,588.05,578.8,,585.85,,,81194,47115192.4,880,F1,1,,,,,
2026-09-03,2026-09-03,CM,NSE,STK,9592,INE0JA001018,VENUSPIPES,EQ,,,,,VENUS PIPES & TUBES LTD,1606.0,1651.2,1580.0,1594.8,1595.0,1605.0,,1595.01,,,75350,120924613.0,5207,F1,1,,,,,
2026-09-03,2026-09-03,CM,NSE,STK,13856,INE411B01019,VENUSREM,BE,,,,,VENUS REMEDIES LIMITED,1620.0,1701.9,1620.0,1701.9,1701.9,1620.9,,1707.31,,,28866,48821122.2,917,F1,1,,,,,
2026-09-03,2026-09-03,CM,NSE,STK,8890,INE0IQ001011,VERANDA,EQ,,,,,VERANDA LEARNING SOL LTD,248.99,250.0,241.5,242.27,242.45,243.92,,242.27,,,132412,32337685.75,2236,F1,1,,,,,
2026-09-03,2026-09-03,CM,NSE,STK,14491,INE0NLB01018,VERTEXPLUS,SM,,,,,VERTEXPLUS TECHNOLOGIES L,54.0,54.0,54.0,54.0,54.0,51.45,,54.0,,,600,32400.0,1,F1,600,,,,,
2026-09-03,2026-09-03,CM,NSE,STK,10757,INE0KXY23015,VERTIS,IV,,,,,VERTIS INFRASTRUCTURE TST,115.5,115.5,105.0,115.0,115.0,115.25,,115.0,,,275000,30565000.0,10,F1,25000,,,,,
2026-09-03,2026-09-03,CM,NSE,STK,18863,INE188Y01031,VERTOZ,EQ,,,,,VERTOZ LIMITED,39.0,39.49,38.5,38.63,38.88,38.59,,38.63,,,44809,1747660.45,286,F1,1,,,,,
2026-09-03,2026-09-03,CM,NSE,STK,3676,INE386A01023,VESUVIUS,EQ,,,,,VESUVIUS INDIA LTD,414.4,423.2,414.1,420.0,421.0,412.9,,419.98,,,39305,16483749.4,2446,F1,1,,,,,
2026-09-03,2026-09-03,CM,NSE,STK,8660,INE918N01018,VETO,BE,,,,,VETO SWITCHGEAR CABLE LTD,126.0,129.99,126.0,127.97,127.5,126.02,,127.99,,,15317,1960220.48,155,F1,1,,,,,
2026-09-03,2026-09-03,CM,NSE,STK,14316,INE0MO401019,VIAZ,SM,,,,,VIAZ TYRES LIMITED,73.0,73.0,67.5,67.5,67.5,70.1,,67.5,,,4000,281000.0,2,F1,2000,,,,,
2026-09-03,2026-09-03,CM,NSE,STK,22730,INE0QTF01015,VSTL,EQ,,,,,VIBHOR STEEL TUBES LTD,113.05,115.25,112.0,115.15,115.0,113.76,,115.07,,,26197,2992386.68,462,F1,1,,,,,
2026-09-03,2026-09-03,CM,NSE,STK,765252,INE761Q01015,VGCL,EQ,,,,,VIBRANT GLOBAL CAPITAL L,55.0,55.0,52.0,52.36,52.74,53.59,,52.92,,,904,48760.9,34,F1,1,,,,,
2026-09-03,2026-09-03,CM,NSE,STK,23386,INE048C01025,VHLTD,BE,,,,,VICEROY HOTELS LIMITED,116.94,120.45,116.0,116.39,116.4,115.25,,116.4,,,32929,3858308.94,225,F1,1,,,,,
2026-09-03,2026-09-03,CM,NSE,STK,765517,INE048C20025,VHLTD-RE1,BE,,,,,VICEROY HOTELS LTD,0.25,0.35,0.15,0.35,0.35,0.25,,1.25,,,13340,4226.82,46,F1,1,,,,,
2026-09-03,2026-09-03,CM,NSE,STK,760691,INE0F8901022,VICTORYEV,SM,,,,,VICTORY ELEC VEHICL INT L,15.2,15.2,15.2,15.2,15.2,15.15,,15.2,,,3000,45600.0,1,F1,3000,,,,,
2026-09-03,2026-09-03,CM,NSE,STK,13536,INE632C01026,VIDHIING,EQ,,,,,VIDHI SPCLTY F INGRDNTS L,341.15,346.9,339.0,342.8,344.95,342.9,,342.82,,,8722,2988369.95,458,F1,1,,,,,
2026-09-03,2026-09-03,CM,NSE,STK,760224,INE14UN01029,VIDYAWIRES,EQ,,,,,VIDYA WIRES LIMITED,88.7,91.0,88.7,89.45,89.45,88.51,,89.46,,,540972,48498365.89,4689,F1,1,,,,,
2026-09-03,2026-09-03,CM,NSE,STK,758908,INE1DM601016,VIGOR,ST,,,,,VIGOR PLAST INDIA LIMITED,99.85,101.3,96.0,101.3,101.3,96.5,,101.3,,,22400,2221920.0,14,F1,1600,,,,,
2026-09-03,2026-09-03,CM,NSE,STK,764985,INE362D01010,VIJSOLX,EQ,,,,,VIJAY SOLVEX LTD.,666.0,719.9,657.5,684.4,684.25,689.0,,684.0,,,523,366455.9,35,F1,1,,,,,
2026-09-03,2026-09-03,CM,NSE,STK,5585,INE043W01024,VIJAYA,EQ,,,,,VIJAYA DIAGNOSTIC CEN LTD,1478.3,1513.8,1478.3,1505.5,1496.0,1481.1,,1505.54,,,90795,135923503.9,13048,F1,1,,,,,
2026-09-03,2026-09-03,CM,NSE,STK,760121,INE0WL901019,VIJAYPD,SM,,,,,VIJAYPD CEUTICAL LIMITED,69.9,69.9,69.9,69.9,69.9,69.0,,69.9,,,2000,139800.0,1,F1,2000,,,,,
2026-09-03,2026-09-03,CM,NSE,STK,17695,INE159N01027,VIJIFIN,BE,,,,,VIJI FINANCE LIMITED,16.26,16.26,16.26,16.26,16.26,15.95,,16.38,,,138388,2250188.88,46,F1,1,,,,,
2026-09-03,2026-09-03,CM,NSE,STK,25756,INE806A01020,VIKASECO,EQ,,,,,VIKAS ECOTECH LIMITED,1.1,1.1,1.08,1.08,1.08,1.09,,1.08,,,1211470,1319281.89,913,F1,1,,,,,
2026-09-03,2026-09-03,CM,NSE,STK,9931,INE161L01027,VIKASLIFE,EQ,,,,,VIKAS LIFECARE LIMITED,1.25,1.31,1.25,1.3,1.31,1.26,,1.3,,,1612232,2075336.4,8672,F1,1,,,,,
2026-09-03,2026-09-03,CM,NSE,STK,759453,INE078V01014,VIKRAMSOLR,EQ,,,,,VIKRAM SOLAR LIMITED,169.26,172.4,166.2,171.65,171.9,169.15,,171.63,,,3622539,614106117.48,25751,F1,1,,,,,
2026-09-03,2026-09-03,CM,NSE,STK,758973,INE01R501028,VIKRAN,EQ,,,,,VIKRAN ENGINEERING LTD,57.9,58.5,57.5,57.68,57.77,57.68,,57.68,,,818426,47405850.41,3787,F1,1,,,,,
2026-09-03,2026-09-03,CM,NSE,STK,23909,INE0AZY01017,VILAS,SM,,,,,VILAS TRANSCORE LIMITED,361.95,369.0,354.25,356.1,354.6,349.0,,356.1,,,46750,17022550.0,165,F1,250,,,,,
2026-09-03,2026-09-03,CM,NSE,STK,16954,INE0L4V01013,VILINBIO,SM,,,,,VILIN BIO MED LIMITED,51.7,51.7,50.0,51.7,51.7,49.25,,51.7,,,100000,5144200.0,24,F1,4000,,,,,
2026-09-03,2026-09-03,CM,NSE,STK,13101,INE579C01029,VIMTALABS,EQ,,,,,VIMTA LABS LIMITED,664.0,672.0,650.0,652.25,653.0,655.35,,652.47,,,306724,202666332.35,10012,F1,1,,,,,
2026-09-03,2026-09-03,CM,NSE,STK,17364,INE410B01037,VINATIORGA,EQ,,,,,VINATI ORGANICS LTD,1313.0,1320.4,1303.2,1313.7,1310.0,1313.8,,1313.72,,,25579,33570476.0,2755,F1,1,,,,,
2026-09-03,2026-09-03,CM,NSE,STK,3694,INE707A01012,VINDHYATEL,EQ,,,,,VINDHYA TELELINKS LTD,2737.0,2810.0,2651.0,2736.2,2742.0,2737.1,,2735.76,,,130435,359402012.6,13545,F1,1,,,,,
2026-09-03,2026-09-03,CM,NSE,STK,3807,INE505Y01010,VINEETLAB,EQ,,,,,VINEET LABORATORIES LTD,37.89,38.69,37.1,37.5,37.78,37.57,,37.5,,,49880,1873632.82,295,F1,1,,,,,
2026-09-03,2026-09-03,CM,NSE,STK,763821,INE27V201011,VMOBILE,SM,,,,,VINIT MOBILE LIMITED,60.5,61.0,59.9,61.0,61.0,60.5,,61.0,,,3200,193920.0,4,F1,800,,,,,
2026-09-03,2026-09-03,CM,NSE,STK,12490,INE01KI01027,VINNY,EQ,,,,,VINNY OVERSEAS LIMITED,1.03,1.05,1.03,1.03,1.04,1.03,,1.03,,,127643,131732.7,147,F1,1,,,,,
2026-09-03,2026-09-03,CM,NSE,STK,17905,INE0OSJ01014,VINSYS,ST,,,,,VINSYS IT SERVICES IND LT,607.0,607.0,597.0,597.0,597.0,609.0,,597.0,,,3000,1804500.0,12,F1,250,,,,,
2026-09-03,2026-09-03,CM,NSE,STK,25835,INE498Q01014,VINCOFE,EQ,,,,,VINTAGE COFFEE N BVRGS L,177.0,182.45,175.4,176.48,177.39,175.56,,176.43,,,2671700,479095815.45,21818,F1,1,,,,,
2026-09-03,2026-09-03,CM,NSE,STK,19206,INE0OLS01010,VINYAS,SM,,,,,VINYAS INNOVATIVE TECH L,1560.0,1564.0,1510.0,1537.55,1550.0,1537.45,,1537.55,,,4600,7068905.0,38,F1,100,,,,,
2026-09-03,2026-09-03,CM,NSE,STK,16821,INE250B01029,VINYLINDIA,EQ,,,,,VINYL CHEMICALS (I) LTD.,225.18,232.44,222.7,227.94,226.1,225.18,,227.94,,,5387,1224007.09,216,F1,1,,,,,
2026-09-03,2026-09-03,CM,NSE,STK,14843,INE450G01024,VIPCLOTHNG,EQ,,,,,VIP CLOTHING LIMITED,20.2,20.45,19.86,20.17,20.2,20.23,,20.16,,,83694,1689680.32,180,F1,1,,,,,
2026-09-03,2026-09-03,CM,NSE,STK,3703,INE054A01027,VIPIND,EQ,,,,,VIP INDUSTRIES LTD,304.4,312.0,304.0,310.35,310.0,304.4,,310.38,,,236628,72892369.6,4227,F1,1,,,,,
2026-09-03,2026-09-03,CM,NSE,STK,8437,INE946H01037,VIPULLTD,BE,,,,,VIPUL LIMITED,14.26,14.26,14.26,14.26,14.26,14.55,,14.26,,,3245,46273.7,22,F1,1,,,,,
2026-09-03,2026-09-03,CM,NSE,STK,764990,INE467D01017,VIRAT,EQ,,,,,VIRAT INDUSTRIES LTD.,403.0,458.0,403.0,429.5,440.0,437.8,,429.28,,,1819,787891.1,88,F1,1,,,,,
2026-09-03,2026-09-03,CM,NSE,STK,15295,INE539B01017,VIRINCHI,EQ,,,,,VIRINCHI LIMITED,15.05,15.17,14.76,14.86,14.86,14.75,,14.87,,,50726,754680.86,145,F1,1,,,,,
2026-09-03,2026-09-03,CM,NSE,STK,757060,INE0VRH01015,VGINFOTECH,SM,,,,,VIRTUAL GALAXY INFOTECH L,143.55,147.0,142.0,143.75,143.8,144.65,,143.75,,,16000,2293250.0,16,F1,1000,,,,,
2026-09-03,2026-09-03,CM,NSE,STK,765218,INE247C01023,VIRTUALG,BE,,,,,VIRTUAL GLOBAL EDU LTD,0.48,0.48,0.46,0.48,0.48,0.46,,0.48,,,243550,116026.19,158,F1,1,,,,,
2026-09-03,2026-09-03,CM,NSE,STK,761916,INE0I0T01010,VOEPL,EQ,,,,,VIRTUOSO OPTOELECTRONIC L,556.65,561.1,537.55,545.9,546.0,548.55,,545.91,,,64859,35589552.4,2440,F1,1,,,,,
2026-09-03,2026-09-03,CM,NSE,STK,13295,INE286H01012,VISACHROME,EQ,,,,,VISA CHROME LIMITED,37.52,40.35,37.52,39.53,39.8,38.54,,39.53,,,19076,753745.52,138,F1,1,,,,,
2026-09-03,2026-09-03,CM,NSE,STK,29877,INE370E01029,VIVIDHA,EQ,,,,,VISAGAR POLYTEX LTD,0.51,0.52,0.49,0.5,0.5,0.5,,0.5,,,376620,190969.67,175,F1,1,,,,,
2026-09-03,2026-09-03,CM,NSE,STK,4221,INE392A01021,VISAKAIND,EQ,,,,,VISAKA INDUSTRIES LIMITED,88.65,92.0,88.51,90.5,89.8,87.84,,90.48,,,192317,17372546.01,2333,F1,1,,,,,
2026-09-03,2026-09-03,CM,NSE,STK,24274,INE0BHK01012,VISAMAN,SM,,,,,VISAMAN GLOBAL SALES LTD,64.6,64.6,64.6,64.6,64.6,67.95,,64.6,,,1000,64600.0,1,F1,1000,,,,,
2026-09-03,2026-09-03,CM,NSE,STK,18708,INE0OWX01025,VISDEM,SM,,,,,VISDEM TECHNOSYS LIMITED,94.7,94.7,94.7,94.7,94.7,94.7,,94.7,,,1200,113640.0,1,F1,1200,,,,,
2026-09-03,2026-09-03,CM,NSE,STK,11773,INE755Q01025,VISHAL,EQ,,,,,VISHAL FABRICS LTD.,18.96,19.3,18.3,18.47,18.65,18.96,,18.48,,,3006888,55764424.62,323,F1,1,,,,,
2026-09-03,2026-09-03,CM,NSE,STK,27969,INE01EA01019,VMM,EQ,,,,,VISHAL MEGA MART LIMITED,109.1,109.49,106.5,107.8,107.8,108.57,,107.79,,,5360663,575843358.74,23875,F1,1,,,,,
2026-09-03,2026-09-03,CM,NSE,STK,6908,INE270I01022,VISHNU,EQ,,,,,VISHNU CHEMICALS LIMITED,668.0,697.2,659.05,688.45,689.4,659.55,,688.53,,,294149,201196859.6,12156,F1,1,,,,,
2026-09-03,2026-09-03,CM,NSE,STK,18341,INE0AE001013,VPRPL,EQ,,,,,VISHNU PRAKASH R PUNGLI L,35.5,38.65,35.49,35.99,35.9,35.15,,36.0,,,1232938,45392803.78,7368,F1,1,,,,,
2026-09-03,2026-09-03,CM,NSE,STK,19300,INE0PQ001012,VISHNUINFR,SM,,,,,VISHNUSURYA PROJ N INFR L,159.1,162.1,159.0,160.55,159.0,160.7,,160.55,,,4000,643625.0,8,F1,500,,,,,
2026-09-03,2026-09-03,CM,NSE,STK,13702,INE430N01022,VISHWARAJ,EQ,,,,,VISHWARAJ SUGAR IND LTD,5.86,6.09,5.86,5.93,5.92,5.87,,5.93,,,495020,2963720.28,928,F1,1,,,,,
2026-09-03,2026-09-03,CM,NSE,STK,23373,INE0S2E01016,VISHWAS,ST,,,,,VISHWAS AGRI SEEDS LTD,42.1,44.2,42.1,44.2,44.2,42.1,,44.2,,,3200,138080.0,2,F1,1600,,,,,
2026-09-03,2026-09-03,CM,NSE,STK,25231,INE0TR001017,VIESL,SM,,,,,VISION INFRA EQUIP SOL L,379.05,417.5,379.05,396.35,392.5,378.45,,396.35,,,187200,75994400.0,163,F1,800,,,,,
2026-09-03,2026-09-03,CM,NSE,STK,761148,INE0L4K01016,VITAL,EQ,,,,,VITAL CHEMTECH LIMITED,55.95,55.95,51.78,54.49,54.49,54.5,,54.49,,,49646,2694181.87,40,F1,1,,,,,
2026-09-03,2026-09-03,CM,NSE,STK,763637,INE0MEG01014,VIVIANA,BE,,,,,VIVIANA POWER TECH LTD,750.4,774.0,747.7,766.4,772.9,750.4,,766.4,,,15025,11499987.25,465,F1,1,,,,,
2026-09-03,2026-09-03,CM,NSE,STK,761768,INE24H301028,VIVIDEL,SM,,,,,VIVID ELECTROMECH LIMITED,1599.0,1690.0,1595.0,1631.55,1625.5,1595.35,,1631.55,,,66000,107037288.0,226,F1,240,,,,,
2026-09-03,2026-09-03,CM,NSE,STK,11968,INE526G01021,VIVIMEDLAB,BE,,,,,VIVIMED LABS LIMITED,6.54,6.54,6.54,6.54,6.54,6.67,,6.54,,,86192,563695.68,49,F1,1,,,,,
2026-09-03,2026-09-03,CM,NSE,STK,764995,INE380K01017,VIVOBIOT,EQ,,,,,VIVO BIO TECH LTD.,18.16,18.79,17.8,18.7,18.7,18.21,,18.75,,,11543,214199.31,106,F1,1,,,,,
2026-09-03,2026-09-03,CM,NSE,STK,7620,INE0IA701014,VIVO,ST,,,,,VIVO COLLAB SOLUTIONS LTD,155.0,155.0,151.05,151.05,151.05,159.0,,151.05,,,3200,489680.0,2,F1,1600,,,,,
2026-09-03,2026-09-03,CM,NSE,STK,14296,INE807F01027,VIYASH,EQ,,,,,VIYASH SCIENTIFIC LIMITED,261.0,263.9,259.1,260.45,261.0,259.1,,260.45,,,2922487,766119427.55,19416,F1,1,,,,,
2026-09-03,2026-09-03,CM,NSE,STK,18021,INE03HW01020,VLEGOV,BE,,,,,VL E GOV AND IT SOL LTD,10.49,10.6,10.27,10.48,10.5,10.42,,10.52,,,40043,420190.94,165,F1,1,,,,,
2026-09-03,2026-09-03,CM,NSE,STK,3715,INE709A01018,VLSFINANCE,EQ,,,,,VLS FINANCE LTD,247.0,247.78,245.01,246.57,247.0,244.32,,246.83,,,13191,3249418.07,341,F1,1,,,,,
2026-09-03,2026-09-03,CM,NSE,STK,29284,INE665J01013,VMART,EQ,,,,,VMART RETAIL LTD,849.0,853.8,831.3,839.1,840.0,849.95,,839.11,,,60549,50981974.25,6289,F1,1,,,,,
2026-09-03,2026-09-03,CM,NSE,STK,759152,INE0SJA01013,VMSTMT,EQ,,,,,VMS TMT LIMITED,45.45,46.0,45.0,45.53,45.8,45.57,,45.52,,,21069,962739.26,353,F1,1,,,,,
2026-09-03,2026-09-03,CM,NSE,STK,14366,INE669E01016,IDEA,EQ,,,,,VODAFONE IDEA LIMITED,14.63,14.72,14.44,14.48,14.48,14.53,,14.48,,,261299227,3801746860.04,339546,F1,1,,,,,
2026-09-03,2026-09-03,CM,NSE,STK,765000,INE285C01015,VOITHPAPR,EQ,,,,,VOITH PAPER FABRICS IND L,1459.9,1486.9,1450.0,1480.2,1485.0,1466.0,,1480.34,,,356,524126.0,68,F1,1,,,,,
2026-09-03,2026-09-03,CM,NSE,STK,29658,INE241X01014,VOLERCAR,SM,,,,,VOLER CAR LIMITED,210.0,210.0,210.0,210.0,210.0,209.5,,210.0,,,800,168000.0,1,F1,800,,,,,
2026-09-03,2026-09-03,CM,NSE,STK,13577,INE540H01012,VOLTAMP,EQ,,,,,VOLTAMP TRANSFORMERS LTD,10682.0,11230.0,10614.0,11182.0,11210.0,10682.0,,11180.31,,,36916,408698729.0,13361,F1,1,,,,,
2026-09-03,2026-09-03,CM,NSE,STK,3718,INE226A01021,VOLTAS,EQ,,,,,VOLTAS LTD,1158.0,1183.0,1151.7,1178.0,1178.0,1152.1,,1178.0,,,832678,974163311.1,29927,F1,1,,,,,
2026-09-03,2026-09-03,CM,NSE,STK,24321,INE0S2V01010,VRAJ,EQ,,,,,VRAJ IRON AND STEEL LTD,122.42,123.69,122.4,122.71,122.75,122.41,,122.7,,,6175,759254.07,204,F1,1,,,,,
2026-09-03,2026-09-03,CM,NSE,STK,8696,INE366I01010,VRLLOG,EQ,,,,,VRL LOGISTICS LIMITED,302.45,302.65,295.65,297.85,297.15,299.85,,297.73,,,123681,36947050.95,4354,F1,1,,,,,
2026-09-03,2026-09-03,CM,NSE,STK,3724,INE710A01016,VSTIND,EQ,,,,,VST INDUSTRIES LTD,208.62,209.4,207.02,207.96,208.21,207.59,,207.96,,,94155,19617530.64,3180,F1,1,,,,,
2026-09-03,2026-09-03,CM,NSE,STK,24292,INE764D01017,VSTTILLERS,EQ,,,,,VST TILLERS TRACTORS LTD,4206.0,4235.0,4150.0,4175.3,4185.0,4164.6,,4175.26,,,7339,30721285.2,1512,F1,1,,,,,
2026-09-03,2026-09-03,CM,NSE,STK,765005,INE855A01019,WHBRADY,EQ,,,,,W H BRADY & CO. LTD.,488.85,497.85,488.85,497.85,497.85,497.0,,494.39,,,31,15269.5,10,F1,1,,,,,
2026-09-03,2026-09-03,CM,NSE,STK,762978,INE765D01022,WPIL,EQ,,,,,W P I L LTD.,442.3,448.8,436.6,445.5,447.1,440.05,,445.62,,,15497,6859596.8,1241,F1,1,,,,,
2026-09-03,2026-09-03,CM,NSE,STK,14828,INE100D01014,WSI,EQ,,,,,W.S.INDUSTRIES (I) LTD.,60.17,61.75,58.6,59.44,58.61,61.04,,59.44,,,40208,2408952.28,890,F1,1,,,,,
2026-09-03,2026-09-03,CM,NSE,STK,25907,INE377N01017,WAAREEENER,EQ,,,,,WAAREE ENERGIES LIMITED,2585.0,2601.3,2563.0,2579.9,2579.9,2581.1,,2579.9,,,439202,1130363366.2,31308,F1,1,,,,,
2026-09-03,2026-09-03,CM,NSE,STK,756038,INE299N01021,WAAREERTL,EQ,,,,,WAAREE RENEWABLE TECH LTD,854.0,857.6,844.5,847.9,849.6,853.25,,847.92,,,124210,105476034.1,8489,F1,1,,,,,
2026-09-03,2026-09-03,CM,NSE,STK,760259,INE0E7301029,WAKEFIT,EQ,,,,,WAKEFIT INNOVATIONS LTD,157.33,159.95,147.61,149.64,149.7,152.47,,149.63,,,4484239,690854460.47,44397,F1,1,,,,,
2026-09-03,2026-09-03,CM,NSE,STK,3736,INE711A01022,WALCHANNAG,EQ,,,,,WALCHANDNAGAR INDUSTRIES,206.61,213.0,205.0,206.13,206.9,206.09,,206.14,,,412945,85867462.76,6292,F1,1,,,,,
2026-09-03,2026-09-03,CM,NSE,STK,5013,INE0G2G01015,WALPAR,SM,,,,,WALPAR NUTRITIONS LIMITED,25.9,25.9,24.1,24.1,24.1,24.7,,24.1,,,4000,100000.0,2,F1,2000,,,,,
2026-09-03,2026-09-03,CM,NSE,STK,14063,INE107F01022,WANBURY,EQ,,,,,WANBURY LIMITED,248.4,249.5,241.0,243.35,245.0,245.0,,243.43,,,91204,22370907.65,1962,F1,1,,,,,
2026-09-03,2026-09-03,CM,NSE,STK,765225,INE945P01024,WARDINMOBI,EQ,,,,,WARDWIZARD INNO & MOB L,5.74,5.91,5.65,5.7,5.69,5.74,,5.7,,,268947,1545854.7,877,F1,1,,,,,
2026-09-03,2026-09-03,CM,NSE,STK,3745,INE054C01015,WATERBASE,EQ,,,,,WATERBASE LTD.,48.29,48.29,46.46,47.36,47.5,47.31,,47.42,,,14599,695262.54,237,F1,1,,,,,
2026-09-03,2026-09-03,CM,NSE,STK,762163,INE0LZF01039,CORDELIA,EQ,,,,,WATERWAYS LEISURE TOUR L,101.39,103.29,101.1,101.87,101.23,101.89,,101.87,,,635189,64945041.51,4146,F1,1,,,,,
2026-09-03,2026-09-03,CM,NSE,STK,759215,INE0A3007065,1075WCA28,N0,,,,,WCAPL 10.75% 2028,9633.0,9633.0,9633.0,9633.0,9633.0,9627.2,,9633.0,,,10,96330.0,3,F1,1,,,,,
2026-09-03,2026-09-03,CM,NSE,STK,9862,INE082W01014,WEWIN,EQ,,,,,WE WIN LIMITED,44.0,44.0,42.3,42.53,42.51,42.76,,42.76,,,1596,69122.77,53,F1,1,,,,,
2026-09-03,2026-09-03,CM,NSE,STK,760482,INF2F0001370,TWCGOLDETF,EQ,,,,,WEALTH - TWCGOLDETF,151.52,152.53,151.44,152.19,152.15,149.01,,152.19,,,2660,404802.46,99,F1,1,,,,,
2026-09-03,2026-09-03,CM,NSE,STK,1923,INE658T01017,WEALTH,EQ,,,,,WEALTH FRST PORT. MG. LTD,859.0,859.0,842.1,847.5,849.0,846.6,,847.5,,,712,603973.45,43,F1,1,,,,,
2026-09-03,2026-09-03,CM,NSE,STK,14602,INE855C01023,WEBELSOLAR,EQ,,,,,WEBSOL ENERGY SYSTEM LTD,74.06,77.55,74.05,77.33,77.31,73.86,,77.33,,,4052225,311151432.48,15977,F1,1,,,,,
2026-09-03,2026-09-03,CM,NSE,STK,3748,INE080A01014,WEIZMANIND,EQ,,,,,WEIZMANN LTD,74.7,74.99,71.2,74.21,73.0,74.78,,74.21,,,507,37161.51,54,F1,1,,,,,
2026-09-03,2026-09-03,CM,NSE,STK,11821,INE191B01025,WELCORP,EQ,,,,,WELSPUN CORP LIMITED,2554.7,2676.0,2553.6,2641.6,2631.1,2523.5,,2641.8,,,4190711,11039241836.5,196824,F1,1,,,,,
2026-09-03,2026-09-03,CM,NSE,STK,11626,INE625G01013,WELENT,EQ,,,,,WELSPUN ENTERPRISES LTD.,745.0,768.0,732.9,764.75,759.0,741.7,,764.78,,,779650,585854841.0,21201,F1,1,,,,,
2026-09-03,2026-09-03,CM,NSE,STK,19804,INE389K01018,WELINV,BE,,,,,WELSPUN INV & COMM LTD,2145.1,2187.9,2145.0,2187.0,2187.0,2145.1,,2166.0,,,182,391291.3,25,F1,1,,,,,
2026-09-03,2026-09-03,CM,NSE,STK,11253,INE192B01031,WELSPUNLIV,EQ,,,,,WELSPUN LIVING LIMITED,199.9,202.9,196.7,200.61,201.8,200.01,,200.61,,,2611307,522002381.89,52819,F1,1,,,,,
2026-09-03,2026-09-03,CM,NSE,STK,762971,INE731F01037,WELSPLSOL,EQ,,,,,WELSPUN SPECIALTY SOL L,53.25,57.4,53.16,56.02,55.9,53.22,,56.03,,,2473746,139143788.08,11797,F1,1,,,,,
2026-09-03,2026-09-03,CM,NSE,STK,4235,INE274C01019,WENDT,EQ,,,,,WENDT (INDIA) LIMITED,8020.0,8450.0,8020.0,8307.0,8270.0,7991.5,,8306.58,,,11767,98028673.5,3444,F1,1,,,,,
2026-09-03,2026-09-03,CM,NSE,STK,3799,INE976A01021,WSTCSTPAPR,EQ,,,,,WEST COAST PAPER MILLS LT,630.2,660.0,630.2,656.95,655.0,629.05,,656.95,,,458615,297930668.9,17079,F1,1,,,,,
2026-09-03,2026-09-03,CM,NSE,STK,25403,INE0CJF01024,WCIL,EQ,,,,,WESTERN CARRIERS (IND) L,84.15,85.36,83.05,83.96,83.5,84.28,,83.96,,,56194,4720680.02,1239,F1,1,,,,,
2026-09-03,2026-09-03,CM,NSE,STK,11580,INE274F01020,WESTLIFE,EQ,,,,,WESTLIFE FOODWORLD LTD,548.0,555.5,534.8,540.55,539.95,547.55,,540.59,,,35051,19047763.05,2353,F1,1,,,,,
2026-09-03,2026-09-03,CM,NSE,STK,759434,INE085001019,WEWORK,EQ,,,,,WEWORK INDIA MANAGEMENT L,662.6,685.9,646.6,654.7,658.0,661.1,,654.63,,,618239,407481584.55,28064,F1,1,,,,,
2026-09-03,2026-09-03,CM,NSE,STK,3766,INE715A01015,WHEELS,EQ,,,,,WHEELS INDIA LTD,1555.0,1676.7,1554.9,1654.4,1655.0,1544.3,,1654.71,,,331834,541742359.5,22785,F1,1,,,,,
2026-09-03,2026-09-03,CM,NSE,STK,18011,INE716A01013,WHIRLPOOL,EQ,,,,,WHIRLPOOL OF INDIA LTD,804.0,809.6,793.0,804.4,805.65,800.2,,804.42,,,118187,94751671.95,10162,F1,1,,,,,
2026-09-03,2026-09-03,CM,NSE,STK,3772,INE210A01017,WILLAMAGOR,EQ,,,,,WILLIAMSON MAGOR,25.44,25.44,24.2,24.58,24.31,24.69,,24.58,,,6044,152123.48,32,F1,1,,,,,
2026-09-03,2026-09-03,CM,NSE,STK,5366,INE0H5O01029,WINDLAS,EQ,,,,,WINDLAS BIOTECH LIMITED,1105.35,1148.0,1090.0,1127.1,1123.0,1096.6,,1127.18,,,418192,470024884.85,19943,F1,1,,,,,
2026-09-03,2026-09-03,CM,NSE,STK,24969,INE052A01021,WINDMACHIN,EQ,,,,,WINDSOR MACHINES LIMITED,304.25,315.0,300.0,312.1,311.0,305.05,,312.1,,,96840,29867606.8,1302,F1,1,,,,,
2026-09-03,2026-09-03,CM,NSE,STK,24173,INE0S9101013,WINNY,SM,,,,,WINNY IMMIGRA & EDU SER L,32.05,32.05,31.0,31.0,31.0,32.05,,31.0,,,1000,31525.0,2,F1,500,,,,,
2026-09-03,2026-09-03,CM,NSE,STK,23714,INE0S3D01016,WINSOL,SM,,,,,WINSOL ENGINEERS LIMITED,119.0,120.0,112.3,112.5,113.0,115.0,,112.5,,,8800,1024860.0,19,F1,400,,,,,
2026-09-03,2026-09-03,CM,NSE,STK,3787,INE075A01022,WIPRO,EQ,,,,,WIPRO LTD,177.5,178.04,175.72,175.72,175.72,177.09,,175.73,,,6496396,1149263457.98,52799,F1,1,,,,,
2026-09-03,2026-09-03,CM,NSE,STK,22725,INE623Y01011,WTICAB,SM,,,,,WISE TRAVEL INDIA LIMITED,106.5,108.0,103.5,107.0,106.5,107.0,,107.0,,,11000,1173825.0,17,F1,500,,,,,
2026-09-03,2026-09-03,CM,NSE,STK,7506,INE049B01025,WOCKPHARMA,EQ,,,,,WOCKHARDT LIMITED,1904.6,1982.0,1891.4,1950.6,1950.0,1904.3,,1950.63,,,1056401,2055644636.1,64727,F1,1,,,,,
2026-09-03,2026-09-03,CM,NSE,STK,25602,INE0OO201011,WOL3D,SM,,,,,WOL 3D INDIA LIMITED,130.0,130.0,130.0,130.0,130.0,130.0,,130.0,,,1000,130000.0,1,F1,1000,,,,,
2026-09-03,2026-09-03,CM,NSE,STK,19632,INE0Q9601016,WOMANCART,ST,,,,,WOMANCART LIMITED,108.5,113.0,106.0,108.3,110.95,108.5,,108.3,,,16400,1792240.0,36,F1,400,,,,,
2026-09-03,2026-09-03,CM,NSE,STK,7835,INE02WG01024,WEL,EQ,,,,,WONDER ELECTRICALS LTD,78.5,79.77,77.0,79.37,79.6,75.98,,79.38,,,3336040,263836641.37,11613,F1,1,,,,,
2026-09-03,2026-09-03,CM,NSE,STK,3002,INE066O01014,WONDERLA,EQ,,,,,WONDERLA HOLIDAYS LTD.,537.0,537.0,522.85,525.25,528.0,529.55,,525.27,,,36306,19153194.05,1750,F1,1,,,,,
2026-09-03,2026-09-03,CM,NSE,STK,22277,INE196Y01018,WORTHPERI,EQ,,,,,WORTH PERIPHERALS LIMITED,154.78,157.2,152.25,153.99,153.35,155.55,,154.03,,,5840,904447.82,210,F1,1,,,,,
2026-09-03,2026-09-03,CM,NSE,STK,11705,INE692G01013,XCHANGING,EQ,,,,,XCHANGING SOLUTIONS LTD,60.84,61.15,60.21,60.99,61.1,60.84,,60.98,,,43159,2621802.17,700,F1,1,,,,,
2026-09-03,2026-09-03,CM,NSE,STK,8477,INE01P501012,XELPMOC,EQ,,,,,XELPMOC DESIGN & TECH LTD,82.0,84.7,78.0,79.4,80.0,80.62,,79.4,,,15209,1218556.83,375,F1,1,,,,,
2026-09-03,2026-09-03,CM,NSE,STK,11407,INE445C01015,XPROINDIA,EQ,,,,,XPRO INDIA LIMITED,1278.0,1314.0,1265.0,1280.3,1279.9,1285.6,,1280.29,,,221656,286403034.7,11399,F1,1,,,,,
2026-09-03,2026-09-03,CM,NSE,STK,25235,INE547B01028,XTGLOBAL,EQ,,,,,XTGLOBAL INFOTECH LIMITED,30.3,35.0,29.73,31.58,31.25,29.73,,31.58,,,309851,9872027.55,2061,F1,1,,,,,
2026-09-03,2026-09-03,CM,NSE,STK,764312,INE0NG701011,XTRANET,EQ,,,,,XTRANET TECHNOLOGIES LTD,195.55,201.68,193.14,195.2,195.0,193.68,,195.16,,,560265,110252162.38,8486,F1,1,,,,,
2026-09-03,2026-09-03,CM,NSE,STK,760870,INE0U0J01015,YAAP,SM,,,,,YAAP DIGITAL LIMITED,127.95,135.0,123.5,132.0,132.0,124.0,,132.0,,,42000,5457300.0,42,F1,1000,,,,,
2026-09-03,2026-09-03,CM,NSE,STK,23451,INE0TO601017,YASHOPTICS,SM,,,,,YASH OPTICS & LENS LTD,121.1,121.1,121.0,121.0,121.0,121.1,,121.0,,,12800,1548920.0,16,F1,800,,,,,
2026-09-03,2026-09-03,CM,NSE,STK,18131,INE616Z01012,YASHO,EQ,,,,,YASHO INDUSTRIES LIMITED,4188.9,4200.0,3952.8,4051.2,4115.0,4129.5,,4050.21,,,37189,151790727.8,6016,F1,1,,,,,
2026-09-03,2026-09-03,CM,NSE,STK,17627,INE08S201019,YCCL,SM,,,,,YASONS CHEMEX CARE LTD,9.3,9.3,9.2,9.25,9.25,9.65,,9.25,,,9000,83250.0,3,F1,3000,,,,,
2026-09-03,2026-09-03,CM,NSE,STK,17738,INE0JO301016,YATHARTH,EQ,,,,,YATHARTH HOSP & TRA C S L,967.0,972.2,955.0,962.3,962.5,966.5,,962.31,,,139358,134186569.7,8279,F1,1,,,,,
2026-09-03,2026-09-03,CM,NSE,STK,18760,INE0JR601024,YATRA,EQ,,,,,YATRA ONLINE LIMITED,115.07,115.88,112.01,113.08,112.5,114.15,,113.11,,,977948,111500256.02,11371,F1,1,,,,,
2026-09-03,2026-09-03,CM,NSE,STK,11915,INE528G01035,YESBANK,EQ,,,,,YES BANK LIMITED,22.15,22.54,22.11,22.54,22.54,22.15,,22.53,,,57376675,1286262406.67,72674,F1,1,,,,,
2026-09-03,2026-09-03,CM,NSE,STK,765010,INE290E01011,YOGI,EQ,,,,,YOGI LTD.,162.8,162.8,161.9,161.9,161.9,155.05,,156.1,,,112,18222.8,4,F1,1,,,,,
2026-09-03,2026-09-03,CM,NSE,STK,18040,INE09FA01019,YUDIZ,SM,,,,,YUDIZ SOLUTIONS LIMITED,23.6,25.8,23.6,25.8,25.8,24.7,,25.8,,,12000,285440.0,5,F1,800,,,,,
2026-09-03,2026-09-03,CM,NSE,STK,5501,INE384C01016,YUKEN,EQ,,,,,YUKEN INDIA LIMITED,975.0,1028.5,971.5,1010.05,1005.0,967.25,,1010.08,,,30893,31080083.45,2054,F1,1,,,,,
2026-09-03,2026-09-03,CM,NSE,STK,4229,INE116C01012,ZFSTEERING,EQ,,,,,Z F STEERING GEAR (I) LTD,669.75,674.0,666.45,667.75,666.5,667.1,,667.75,,,2392,1601073.35,89,F1,1,,,,,
2026-09-03,2026-09-03,CM,NSE,STK,23976,INE0ISZ01012,ZTECH,SM,,,,,Z-TECH (INDIA) LIMITED,496.1,499.7,493.0,498.0,498.0,503.0,,498.0,,,3600,1785225.0,12,F1,300,,,,,
2026-09-03,2026-09-03,CM,NSE,STK,18608,INE07K301024,ZAGGLE,EQ,,,,,ZAGGLE PREPA OCEAN SER L,185.0,186.45,182.0,182.63,183.0,184.33,,182.64,,,627168,115454391.59,7213,F1,1,,,,,
2026-09-03,2026-09-03,CM,NSE,STK,17766,INE0PPS01018,ZEAL,SM,,,,,ZEAL GLOBAL SERVICES LTD,64.0,65.0,64.0,65.0,65.0,61.5,,65.0,,,13800,885000.0,4,F1,600,,,,,
2026-09-03,2026-09-03,CM,NSE,STK,3812,INE256A01028,ZEEL,EQ,,,,,ZEE ENTERTAINMENT ENT LTD,91.08,92.82,90.6,91.64,91.56,90.57,,91.64,,,13920936,1274153969.97,58408,F1,1,,,,,
2026-09-03,2026-09-03,CM,NSE,STK,20856,INE565L01011,ZEELEARN,BE,,,,,ZEE LEARN LIMITED,7.36,7.42,7.11,7.19,7.29,7.36,,7.21,,,266569,1933091.62,423,F1,1,,,,,
2026-09-03,2026-09-03,CM,NSE,STK,14003,INE966H01019,ZEEMEDIA,EQ,,,,,ZEE MEDIA CORPORATION LTD,8.27,8.36,8.0,8.11,8.13,8.23,,8.11,,,1145013,9382974.55,1651,F1,1,,,,,
2026-09-03,2026-09-03,CM,NSE,STK,7508,INE251B01027,ZENTEC,EQ,,,,,ZEN TECHNOLOGIES LIMITED,1861.0,1866.4,1795.0,1810.3,1813.3,1829.1,,1810.34,,,226133,414111650.7,17870,F1,1,,,,,
2026-09-03,2026-09-03,CM,NSE,STK,22803,INE0QWN01013,ZENITHDRUG,SM,,,,,ZENITH DRUGS LIMITED,40.05,41.4,39.8,39.85,39.8,40.0,,39.85,,,20800,840320.0,11,F1,800,,,,,
2026-09-03,2026-09-03,CM,NSE,STK,4176,INE058B01018,ZENITHEXPO,EQ,,,,,ZENITH EXPORTS LTD,206.11,206.11,204.07,204.1,204.1,204.07,,204.1,,,144,29438.87,9,F1,1,,,,,
2026-09-03,2026-09-03,CM,NSE,STK,14562,INE318D01020,ZENITHSTL,EQ,,,,,ZENITH STEEL PIP IND LTD,5.34,5.39,5.3,5.37,5.39,5.29,,5.38,,,30356,162405.47,141,F1,1,,,,,
2026-09-03,2026-09-03,CM,NSE,STK,1076,INE520A01027,ZENSARTECH,EQ,,,,,ZENSAR TECHNOLOGIES  LTD,463.9,468.0,455.6,465.45,467.0,460.55,,465.39,,,934781,431550992.8,29961,F1,1,,,,,
2026-09-03,2026-09-03,CM,NSE,STK,22901,INF0R8F01042,GOLDCASE,EQ,,,,,ZERODHAAMC - GOLDCASE,23.99,24.14,23.95,24.03,24.02,23.51,,24.03,,,8825091,212189554.15,10187,F1,1,,,,,
2026-09-03,2026-09-03,CM,NSE,STK,21750,INF0R8F01034,LIQUIDCASE,EQ,,,,,ZERODHAAMC - LIQUIDCASE,115.77,115.77,115.75,115.76,115.77,115.74,,115.76,,,17734685,2053042348.58,13077,F1,1,,,,,
2026-09-03,2026-09-03,CM,NSE,STK,758705,INF0R8F01133,LTGILTCASE,EQ,,,,,ZERODHAAMC - LTGILTCASE,30.6,30.6,30.36,30.42,30.45,30.36,,30.42,,,97881,2978085.01,864,F1,1,,,,,
2026-09-03,2026-09-03,CM,NSE,STK,24077,INF0R8F01059,MID150CASE,EQ,,,,,ZERODHAAMC - MID150CASE,11.7,11.74,11.55,11.68,11.74,11.63,,11.68,,,770174,8998600.19,3163,F1,1,,,,,
2026-09-03,2026-09-03,CM,NSE,STK,759302,INF0R8F01166,NIFTYCASE,EQ,,,,,ZERODHAAMC - NIFTYCASE,9.85,9.85,9.58,9.59,9.62,9.61,,9.59,,,400926,3859629.13,1596,F1,1,,,,,
2026-09-03,2026-09-03,CM,NSE,STK,30274,INF0R8F01091,SILVERCASE,EQ,,,,,ZERODHAAMC - SILVERCASE,23.4,23.62,23.27,23.3,23.29,22.83,,23.3,,,11485530,268463068.61,6953,F1,1,,,,,
2026-09-03,2026-09-03,CM,NSE,STK,758955,INF0R8F01141,SML100CASE,EQ,,,,,ZERODHAAMC - SML100CASE,11.46,11.46,11.3,11.41,11.46,11.24,,11.41,,,1138307,12955236.66,1178,F1,1,,,,,
2026-09-03,2026-09-03,CM,NSE,STK,24081,INF0R8F01067,TOP100CASE,EQ,,,,,ZERODHAAMC - TOP100CASE,10.59,10.59,10.45,10.52,10.56,10.51,,10.52,,,507193,5344120.0,1022,F1,1,,,,,
2026-09-03,2026-09-03,CM,NSE,STK,16915,INE342J01019,ZFCVINDIA,EQ,,,,,ZF COM VE CTR SYS IND LTD,2572.2,2583.7,2520.0,2524.8,2524.0,2572.2,,2524.82,,,32790,83537990.1,5334,F1,1,,,,,
2026-09-03,2026-09-03,CM,NSE,STK,12384,INE518E01015,ZIMLAB,EQ,,,,,ZIM LABORATORIES LIMITED,130.0,134.49,127.0,128.02,127.16,133.95,,128.01,,,139007,18253024.53,2507,F1,1,,,,,
2026-09-03,2026-09-03,CM,NSE,STK,3821,INE206B01013,ZODIACLOTH,EQ,,,,,ZODIAC CLOTHING CO. LTD.,73.2,74.17,72.62,72.85,72.72,72.49,,72.85,,,1762,128993.32,62,F1,1,,,,,
2026-09-03,2026-09-03,CM,NSE,STK,7129,INE761Y01019,ZODIAC,EQ,,,,,ZODIAC ENERGY LIMITED,241.5,244.79,236.1,240.22,241.9,240.3,,240.31,,,11639,2804022.24,518,F1,1,,,,,
2026-09-03,2026-09-03,CM,NSE,STK,11394,INE358U01012,ZOTA,EQ,,,,,ZOTA HEALTH CARE LIMITED,1090.0,1105.0,1071.9,1101.2,1104.0,1078.0,,1101.2,,,40807,44456413.3,3404,F1,1,,,,,
2026-09-03,2026-09-03,CM,NSE,STK,29050,INE840M01016,ZUARI,EQ,,,,,ZUARI AGRO CHEMICALS LTD,223.48,227.29,223.05,225.04,224.2,222.86,,225.0,,,86401,19435556.37,2081,F1,1,,,,,
2026-09-03,2026-09-03,CM,NSE,STK,3827,INE217A01012,ZUARIIND,EQ,,,,,ZUARI INDUSTRIES LIMITED,271.5,275.65,271.05,273.2,273.0,270.8,,273.21,,,28748,7853325.45,976,F1,1,,,,,
2026-09-03,2026-09-03,CM,NSE,STK,7929,INE010B01027,ZYDUSLIFE,EQ,,,,,ZYDUS LIFESCIENCES LTD,1154.2,1157.8,1130.5,1143.0,1143.0,1154.2,,1143.0,,,962099,1095460469.5,25580,F1,1,,,,,
2026-09-03,2026-09-03,CM,NSE,STK,17635,INE768C01028,ZYDUSWELL,EQ,,,,,ZYDUS WELLNESS LIMITED,538.0,541.4,531.1,538.2,536.95,534.6,,538.24,,,135712,72973365.15,15247,F1,1,,,,,
